<?xml version="1.0" encoding="UTF-8"?>
<gpx creator="StravaGPX" version="1.1" xmlns="http://www.topografix.com/GPX/1/1" xmlns:xsi="http://www.w3.org/2001/XMLSchema-instance" xsi:schemaLocation="http://www.topografix.com/GPX/1/1 http://www.topografix.com/GPX/1/1/gpx.xsd">
 <trk>
  <name>Søndag 💨</name>
  <type>cycling</type>
  <trkseg>
   <trkpt lat="56.1866320" lon="10.2169280">
    <ele>44.6</ele>
   </trkpt>
   <trkpt lat="56.1866320" lon="10.2169280">
    <ele>44.6</ele>
   </trkpt>
   <trkpt lat="56.1866470" lon="10.2168880">
    <ele>44.6</ele>
   </trkpt>
   <trkpt lat="56.1866600" lon="10.2168640">
    <ele>44.6</ele>
   </trkpt>
   <trkpt lat="56.1866710" lon="10.2168270">
    <ele>44.6</ele>
   </trkpt>
   <trkpt lat="56.1866840" lon="10.2167790">
    <ele>44.6</ele>
   </trkpt>
   <trkpt lat="56.1866950" lon="10.2167250">
    <ele>44.6</ele>
   </trkpt>
   <trkpt lat="56.1867040" lon="10.2166680">
    <ele>44.8</ele>
   </trkpt>
   <trkpt lat="56.1867170" lon="10.2166090">
    <ele>44.8</ele>
   </trkpt>
   <trkpt lat="56.1867310" lon="10.2165460">
    <ele>44.8</ele>
   </trkpt>
   <trkpt lat="56.1867470" lon="10.2164850">
    <ele>44.8</ele>
   </trkpt>
   <trkpt lat="56.1867650" lon="10.2164240">
    <ele>45.0</ele>
   </trkpt>
   <trkpt lat="56.1867800" lon="10.2163570">
    <ele>45.2</ele>
   </trkpt>
   <trkpt lat="56.1867920" lon="10.2162860">
    <ele>45.4</ele>
   </trkpt>
   <trkpt lat="56.1868040" lon="10.2162140">
    <ele>45.6</ele>
   </trkpt>
   <trkpt lat="56.1868180" lon="10.2161410">
    <ele>45.6</ele>
   </trkpt>
   <trkpt lat="56.1868320" lon="10.2160660">
    <ele>45.6</ele>
   </trkpt>
   <trkpt lat="56.1868430" lon="10.2159890">
    <ele>45.8</ele>
   </trkpt>
   <trkpt lat="56.1868530" lon="10.2159120">
    <ele>45.8</ele>
   </trkpt>
   <trkpt lat="56.1868620" lon="10.2158340">
    <ele>46.0</ele>
   </trkpt>
   <trkpt lat="56.1868720" lon="10.2157550">
    <ele>46.2</ele>
   </trkpt>
   <trkpt lat="56.1868850" lon="10.2156780">
    <ele>46.2</ele>
   </trkpt>
   <trkpt lat="56.1869030" lon="10.2156080">
    <ele>46.2</ele>
   </trkpt>
   <trkpt lat="56.1869310" lon="10.2155560">
    <ele>46.4</ele>
   </trkpt>
   <trkpt lat="56.1869730" lon="10.2155280">
    <ele>46.4</ele>
   </trkpt>
   <trkpt lat="56.1870200" lon="10.2155180">
    <ele>46.6</ele>
   </trkpt>
   <trkpt lat="56.1870700" lon="10.2155180">
    <ele>46.8</ele>
   </trkpt>
   <trkpt lat="56.1871210" lon="10.2155140">
    <ele>46.8</ele>
   </trkpt>
   <trkpt lat="56.1871630" lon="10.2155060">
    <ele>46.8</ele>
   </trkpt>
   <trkpt lat="56.1872280" lon="10.2154780">
    <ele>46.8</ele>
   </trkpt>
   <trkpt lat="56.1872710" lon="10.2154490">
    <ele>46.6</ele>
   </trkpt>
   <trkpt lat="56.1873350" lon="10.2154010">
    <ele>46.6</ele>
   </trkpt>
   <trkpt lat="56.1873770" lon="10.2153670">
    <ele>46.6</ele>
   </trkpt>
   <trkpt lat="56.1874380" lon="10.2153100">
    <ele>46.6</ele>
   </trkpt>
   <trkpt lat="56.1874860" lon="10.2152560">
    <ele>46.8</ele>
   </trkpt>
   <trkpt lat="56.1875240" lon="10.2152110">
    <ele>46.8</ele>
   </trkpt>
   <trkpt lat="56.1875720" lon="10.2151550">
    <ele>46.8</ele>
   </trkpt>
   <trkpt lat="56.1876180" lon="10.2151000">
    <ele>46.8</ele>
   </trkpt>
   <trkpt lat="56.1876670" lon="10.2150420">
    <ele>46.8</ele>
   </trkpt>
   <trkpt lat="56.1877070" lon="10.2150280">
    <ele>46.8</ele>
   </trkpt>
   <trkpt lat="56.1877420" lon="10.2150600">
    <ele>46.8</ele>
   </trkpt>
   <trkpt lat="56.1877660" lon="10.2151240">
    <ele>46.8</ele>
   </trkpt>
   <trkpt lat="56.1877880" lon="10.2152010">
    <ele>47.0</ele>
   </trkpt>
   <trkpt lat="56.1878110" lon="10.2152800">
    <ele>47.2</ele>
   </trkpt>
   <trkpt lat="56.1878410" lon="10.2153610">
    <ele>47.2</ele>
   </trkpt>
   <trkpt lat="56.1878740" lon="10.2154420">
    <ele>47.2</ele>
   </trkpt>
   <trkpt lat="56.1879070" lon="10.2155270">
    <ele>47.2</ele>
   </trkpt>
   <trkpt lat="56.1879410" lon="10.2156140">
    <ele>47.2</ele>
   </trkpt>
   <trkpt lat="56.1879780" lon="10.2157030">
    <ele>47.0</ele>
   </trkpt>
   <trkpt lat="56.1880140" lon="10.2157930">
    <ele>47.0</ele>
   </trkpt>
   <trkpt lat="56.1880460" lon="10.2158890">
    <ele>47.0</ele>
   </trkpt>
   <trkpt lat="56.1880770" lon="10.2159870">
    <ele>47.0</ele>
   </trkpt>
   <trkpt lat="56.1881100" lon="10.2160890">
    <ele>46.8</ele>
   </trkpt>
   <trkpt lat="56.1881430" lon="10.2161930">
    <ele>46.8</ele>
   </trkpt>
   <trkpt lat="56.1881750" lon="10.2162980">
    <ele>46.6</ele>
   </trkpt>
   <trkpt lat="56.1882080" lon="10.2164050">
    <ele>46.6</ele>
   </trkpt>
   <trkpt lat="56.1882450" lon="10.2165090">
    <ele>46.4</ele>
   </trkpt>
   <trkpt lat="56.1882740" lon="10.2165910">
    <ele>46.2</ele>
   </trkpt>
   <trkpt lat="56.1883150" lon="10.2167170">
    <ele>46.0</ele>
   </trkpt>
   <trkpt lat="56.1883510" lon="10.2168230">
    <ele>46.0</ele>
   </trkpt>
   <trkpt lat="56.1883850" lon="10.2169290">
    <ele>45.8</ele>
   </trkpt>
   <trkpt lat="56.1884180" lon="10.2170370">
    <ele>45.8</ele>
   </trkpt>
   <trkpt lat="56.1884530" lon="10.2171440">
    <ele>45.8</ele>
   </trkpt>
   <trkpt lat="56.1884890" lon="10.2172440">
    <ele>45.8</ele>
   </trkpt>
   <trkpt lat="56.1885260" lon="10.2173430">
    <ele>45.6</ele>
   </trkpt>
   <trkpt lat="56.1885580" lon="10.2174430">
    <ele>45.6</ele>
   </trkpt>
   <trkpt lat="56.1885830" lon="10.2175210">
    <ele>45.6</ele>
   </trkpt>
   <trkpt lat="56.1886200" lon="10.2176360">
    <ele>45.6</ele>
   </trkpt>
   <trkpt lat="56.1886480" lon="10.2177280">
    <ele>45.8</ele>
   </trkpt>
   <trkpt lat="56.1886730" lon="10.2178130">
    <ele>45.8</ele>
   </trkpt>
   <trkpt lat="56.1886970" lon="10.2178860">
    <ele>45.8</ele>
   </trkpt>
   <trkpt lat="56.1887160" lon="10.2179440">
    <ele>46.0</ele>
   </trkpt>
   <trkpt lat="56.1887300" lon="10.2179870">
    <ele>46.2</ele>
   </trkpt>
   <trkpt lat="56.1887400" lon="10.2180140">
    <ele>46.4</ele>
   </trkpt>
   <trkpt lat="56.1887450" lon="10.2180260">
    <ele>46.6</ele>
   </trkpt>
   <trkpt lat="56.1887450" lon="10.2180260">
    <ele>46.6</ele>
   </trkpt>
   <trkpt lat="56.1887450" lon="10.2180260">
    <ele>46.6</ele>
   </trkpt>
   <trkpt lat="56.1887660" lon="10.2181110">
    <ele>46.4</ele>
   </trkpt>
   <trkpt lat="56.1887790" lon="10.2181600">
    <ele>46.4</ele>
   </trkpt>
   <trkpt lat="56.1887950" lon="10.2182190">
    <ele>46.4</ele>
   </trkpt>
   <trkpt lat="56.1888150" lon="10.2182820">
    <ele>46.4</ele>
   </trkpt>
   <trkpt lat="56.1888350" lon="10.2183480">
    <ele>46.2</ele>
   </trkpt>
   <trkpt lat="56.1888530" lon="10.2184200">
    <ele>46.0</ele>
   </trkpt>
   <trkpt lat="56.1888700" lon="10.2184910">
    <ele>46.0</ele>
   </trkpt>
   <trkpt lat="56.1888880" lon="10.2185580">
    <ele>46.0</ele>
   </trkpt>
   <trkpt lat="56.1889040" lon="10.2186200">
    <ele>46.0</ele>
   </trkpt>
   <trkpt lat="56.1889160" lon="10.2186740">
    <ele>46.0</ele>
   </trkpt>
   <trkpt lat="56.1889230" lon="10.2187140">
    <ele>46.2</ele>
   </trkpt>
   <trkpt lat="56.1889330" lon="10.2187370">
    <ele>46.2</ele>
   </trkpt>
   <trkpt lat="56.1889380" lon="10.2187450">
    <ele>46.2</ele>
   </trkpt>
   <trkpt lat="56.1889380" lon="10.2187450">
    <ele>46.2</ele>
   </trkpt>
   <trkpt lat="56.1890000" lon="10.2187310">
    <ele>46.6</ele>
   </trkpt>
   <trkpt lat="56.1890340" lon="10.2187320">
    <ele>46.6</ele>
   </trkpt>
   <trkpt lat="56.1890740" lon="10.2187320">
    <ele>46.4</ele>
   </trkpt>
   <trkpt lat="56.1891190" lon="10.2187340">
    <ele>46.4</ele>
   </trkpt>
   <trkpt lat="56.1891670" lon="10.2187350">
    <ele>46.2</ele>
   </trkpt>
   <trkpt lat="56.1892180" lon="10.2187360">
    <ele>46.0</ele>
   </trkpt>
   <trkpt lat="56.1892720" lon="10.2187400">
    <ele>46.0</ele>
   </trkpt>
   <trkpt lat="56.1893260" lon="10.2187420">
    <ele>46.0</ele>
   </trkpt>
   <trkpt lat="56.1893830" lon="10.2187410">
    <ele>46.0</ele>
   </trkpt>
   <trkpt lat="56.1894400" lon="10.2187420">
    <ele>46.0</ele>
   </trkpt>
   <trkpt lat="56.1894990" lon="10.2187460">
    <ele>46.0</ele>
   </trkpt>
   <trkpt lat="56.1895570" lon="10.2187530">
    <ele>46.0</ele>
   </trkpt>
   <trkpt lat="56.1896170" lon="10.2187590">
    <ele>45.8</ele>
   </trkpt>
   <trkpt lat="56.1896780" lon="10.2187570">
    <ele>45.8</ele>
   </trkpt>
   <trkpt lat="56.1897400" lon="10.2187520">
    <ele>45.8</ele>
   </trkpt>
   <trkpt lat="56.1898020" lon="10.2187440">
    <ele>45.8</ele>
   </trkpt>
   <trkpt lat="56.1898650" lon="10.2187310">
    <ele>45.8</ele>
   </trkpt>
   <trkpt lat="56.1899300" lon="10.2187210">
    <ele>45.8</ele>
   </trkpt>
   <trkpt lat="56.1899930" lon="10.2187200">
    <ele>46.0</ele>
   </trkpt>
   <trkpt lat="56.1900560" lon="10.2187230">
    <ele>46.0</ele>
   </trkpt>
   <trkpt lat="56.1901220" lon="10.2187250">
    <ele>46.0</ele>
   </trkpt>
   <trkpt lat="56.1901860" lon="10.2187270">
    <ele>45.8</ele>
   </trkpt>
   <trkpt lat="56.1902520" lon="10.2187300">
    <ele>45.8</ele>
   </trkpt>
   <trkpt lat="56.1903180" lon="10.2187320">
    <ele>45.8</ele>
   </trkpt>
   <trkpt lat="56.1903860" lon="10.2187370">
    <ele>45.8</ele>
   </trkpt>
   <trkpt lat="56.1904520" lon="10.2187420">
    <ele>45.8</ele>
   </trkpt>
   <trkpt lat="56.1905210" lon="10.2187440">
    <ele>46.0</ele>
   </trkpt>
   <trkpt lat="56.1905900" lon="10.2187450">
    <ele>46.2</ele>
   </trkpt>
   <trkpt lat="56.1906590" lon="10.2187500">
    <ele>46.4</ele>
   </trkpt>
   <trkpt lat="56.1907290" lon="10.2187540">
    <ele>46.4</ele>
   </trkpt>
   <trkpt lat="56.1907990" lon="10.2187630">
    <ele>46.4</ele>
   </trkpt>
   <trkpt lat="56.1908690" lon="10.2187690">
    <ele>46.4</ele>
   </trkpt>
   <trkpt lat="56.1909380" lon="10.2187720">
    <ele>46.2</ele>
   </trkpt>
   <trkpt lat="56.1910060" lon="10.2187780">
    <ele>46.2</ele>
   </trkpt>
   <trkpt lat="56.1910740" lon="10.2187800">
    <ele>46.2</ele>
   </trkpt>
   <trkpt lat="56.1911440" lon="10.2187810">
    <ele>46.2</ele>
   </trkpt>
   <trkpt lat="56.1912150" lon="10.2187860">
    <ele>46.2</ele>
   </trkpt>
   <trkpt lat="56.1912870" lon="10.2187920">
    <ele>46.2</ele>
   </trkpt>
   <trkpt lat="56.1913590" lon="10.2187970">
    <ele>46.2</ele>
   </trkpt>
   <trkpt lat="56.1914290" lon="10.2188090">
    <ele>46.0</ele>
   </trkpt>
   <trkpt lat="56.1914990" lon="10.2188220">
    <ele>46.0</ele>
   </trkpt>
   <trkpt lat="56.1915710" lon="10.2188370">
    <ele>46.0</ele>
   </trkpt>
   <trkpt lat="56.1916430" lon="10.2188540">
    <ele>46.0</ele>
   </trkpt>
   <trkpt lat="56.1917140" lon="10.2188620">
    <ele>46.0</ele>
   </trkpt>
   <trkpt lat="56.1917840" lon="10.2188670">
    <ele>46.0</ele>
   </trkpt>
   <trkpt lat="56.1918520" lon="10.2188710">
    <ele>45.8</ele>
   </trkpt>
   <trkpt lat="56.1919180" lon="10.2188740">
    <ele>45.8</ele>
   </trkpt>
   <trkpt lat="56.1919830" lon="10.2188800">
    <ele>45.6</ele>
   </trkpt>
   <trkpt lat="56.1920420" lon="10.2188850">
    <ele>45.6</ele>
   </trkpt>
   <trkpt lat="56.1920920" lon="10.2188910">
    <ele>45.6</ele>
   </trkpt>
   <trkpt lat="56.1921330" lon="10.2188960">
    <ele>45.6</ele>
   </trkpt>
   <trkpt lat="56.1921650" lon="10.2189000">
    <ele>45.6</ele>
   </trkpt>
   <trkpt lat="56.1921900" lon="10.2189020">
    <ele>45.8</ele>
   </trkpt>
   <trkpt lat="56.1922160" lon="10.2189030">
    <ele>46.0</ele>
   </trkpt>
   <trkpt lat="56.1922480" lon="10.2189060">
    <ele>46.0</ele>
   </trkpt>
   <trkpt lat="56.1922860" lon="10.2189120">
    <ele>46.0</ele>
   </trkpt>
   <trkpt lat="56.1923270" lon="10.2189200">
    <ele>46.2</ele>
   </trkpt>
   <trkpt lat="56.1923750" lon="10.2189290">
    <ele>46.2</ele>
   </trkpt>
   <trkpt lat="56.1924280" lon="10.2189370">
    <ele>46.2</ele>
   </trkpt>
   <trkpt lat="56.1924830" lon="10.2189450">
    <ele>46.0</ele>
   </trkpt>
   <trkpt lat="56.1925390" lon="10.2189550">
    <ele>46.0</ele>
   </trkpt>
   <trkpt lat="56.1925950" lon="10.2189650">
    <ele>45.8</ele>
   </trkpt>
   <trkpt lat="56.1926520" lon="10.2189720">
    <ele>45.4</ele>
   </trkpt>
   <trkpt lat="56.1927100" lon="10.2189750">
    <ele>45.4</ele>
   </trkpt>
   <trkpt lat="56.1927710" lon="10.2189840">
    <ele>45.4</ele>
   </trkpt>
   <trkpt lat="56.1928320" lon="10.2189900">
    <ele>45.2</ele>
   </trkpt>
   <trkpt lat="56.1928960" lon="10.2189880">
    <ele>45.0</ele>
   </trkpt>
   <trkpt lat="56.1929600" lon="10.2189860">
    <ele>45.0</ele>
   </trkpt>
   <trkpt lat="56.1930240" lon="10.2189890">
    <ele>45.0</ele>
   </trkpt>
   <trkpt lat="56.1930900" lon="10.2189970">
    <ele>45.2</ele>
   </trkpt>
   <trkpt lat="56.1931560" lon="10.2190140">
    <ele>45.2</ele>
   </trkpt>
   <trkpt lat="56.1932220" lon="10.2190340">
    <ele>45.6</ele>
   </trkpt>
   <trkpt lat="56.1932910" lon="10.2190530">
    <ele>45.8</ele>
   </trkpt>
   <trkpt lat="56.1933610" lon="10.2190700">
    <ele>45.8</ele>
   </trkpt>
   <trkpt lat="56.1934320" lon="10.2190910">
    <ele>45.8</ele>
   </trkpt>
   <trkpt lat="56.1935030" lon="10.2191170">
    <ele>45.8</ele>
   </trkpt>
   <trkpt lat="56.1935730" lon="10.2191440">
    <ele>45.8</ele>
   </trkpt>
   <trkpt lat="56.1936440" lon="10.2191720">
    <ele>45.6</ele>
   </trkpt>
   <trkpt lat="56.1937140" lon="10.2191980">
    <ele>45.6</ele>
   </trkpt>
   <trkpt lat="56.1937870" lon="10.2192290">
    <ele>45.6</ele>
   </trkpt>
   <trkpt lat="56.1938590" lon="10.2192570">
    <ele>45.6</ele>
   </trkpt>
   <trkpt lat="56.1939310" lon="10.2192850">
    <ele>45.6</ele>
   </trkpt>
   <trkpt lat="56.1940020" lon="10.2193190">
    <ele>45.6</ele>
   </trkpt>
   <trkpt lat="56.1940730" lon="10.2193490">
    <ele>45.6</ele>
   </trkpt>
   <trkpt lat="56.1941420" lon="10.2193820">
    <ele>45.6</ele>
   </trkpt>
   <trkpt lat="56.1942110" lon="10.2194160">
    <ele>45.6</ele>
   </trkpt>
   <trkpt lat="56.1942810" lon="10.2194520">
    <ele>45.6</ele>
   </trkpt>
   <trkpt lat="56.1943500" lon="10.2194920">
    <ele>45.6</ele>
   </trkpt>
   <trkpt lat="56.1944190" lon="10.2195320">
    <ele>45.4</ele>
   </trkpt>
   <trkpt lat="56.1944880" lon="10.2195710">
    <ele>45.4</ele>
   </trkpt>
   <trkpt lat="56.1945570" lon="10.2196140">
    <ele>45.2</ele>
   </trkpt>
   <trkpt lat="56.1946250" lon="10.2196630">
    <ele>45.4</ele>
   </trkpt>
   <trkpt lat="56.1946890" lon="10.2197210">
    <ele>45.4</ele>
   </trkpt>
   <trkpt lat="56.1947540" lon="10.2197840">
    <ele>45.4</ele>
   </trkpt>
   <trkpt lat="56.1948190" lon="10.2198450">
    <ele>45.2</ele>
   </trkpt>
   <trkpt lat="56.1948860" lon="10.2199010">
    <ele>45.2</ele>
   </trkpt>
   <trkpt lat="56.1949520" lon="10.2199550">
    <ele>45.2</ele>
   </trkpt>
   <trkpt lat="56.1950180" lon="10.2200130">
    <ele>45.2</ele>
   </trkpt>
   <trkpt lat="56.1950830" lon="10.2200720">
    <ele>45.2</ele>
   </trkpt>
   <trkpt lat="56.1951490" lon="10.2201320">
    <ele>45.2</ele>
   </trkpt>
   <trkpt lat="56.1952150" lon="10.2201940">
    <ele>45.0</ele>
   </trkpt>
   <trkpt lat="56.1952790" lon="10.2202630">
    <ele>45.0</ele>
   </trkpt>
   <trkpt lat="56.1953410" lon="10.2203330">
    <ele>44.8</ele>
   </trkpt>
   <trkpt lat="56.1954030" lon="10.2204050">
    <ele>44.8</ele>
   </trkpt>
   <trkpt lat="56.1954650" lon="10.2204840">
    <ele>44.6</ele>
   </trkpt>
   <trkpt lat="56.1955280" lon="10.2205680">
    <ele>44.6</ele>
   </trkpt>
   <trkpt lat="56.1955920" lon="10.2206530">
    <ele>44.6</ele>
   </trkpt>
   <trkpt lat="56.1956570" lon="10.2207390">
    <ele>44.2</ele>
   </trkpt>
   <trkpt lat="56.1957160" lon="10.2208350">
    <ele>43.8</ele>
   </trkpt>
   <trkpt lat="56.1957730" lon="10.2209310">
    <ele>43.8</ele>
   </trkpt>
   <trkpt lat="56.1958310" lon="10.2210280">
    <ele>43.4</ele>
   </trkpt>
   <trkpt lat="56.1958920" lon="10.2211290">
    <ele>42.8</ele>
   </trkpt>
   <trkpt lat="56.1959570" lon="10.2212310">
    <ele>42.4</ele>
   </trkpt>
   <trkpt lat="56.1960230" lon="10.2213290">
    <ele>42.2</ele>
   </trkpt>
   <trkpt lat="56.1960880" lon="10.2214330">
    <ele>41.6</ele>
   </trkpt>
   <trkpt lat="56.1961500" lon="10.2215480">
    <ele>41.6</ele>
   </trkpt>
   <trkpt lat="56.1962100" lon="10.2216760">
    <ele>41.4</ele>
   </trkpt>
   <trkpt lat="56.1962720" lon="10.2218120">
    <ele>41.2</ele>
   </trkpt>
   <trkpt lat="56.1963340" lon="10.2219520">
    <ele>41.0</ele>
   </trkpt>
   <trkpt lat="56.1963920" lon="10.2220980">
    <ele>40.6</ele>
   </trkpt>
   <trkpt lat="56.1964490" lon="10.2222490">
    <ele>40.0</ele>
   </trkpt>
   <trkpt lat="56.1965050" lon="10.2224040">
    <ele>40.0</ele>
   </trkpt>
   <trkpt lat="56.1965580" lon="10.2225660">
    <ele>39.4</ele>
   </trkpt>
   <trkpt lat="56.1966090" lon="10.2227320">
    <ele>39.2</ele>
   </trkpt>
   <trkpt lat="56.1966590" lon="10.2229030">
    <ele>39.0</ele>
   </trkpt>
   <trkpt lat="56.1967080" lon="10.2230780">
    <ele>38.2</ele>
   </trkpt>
   <trkpt lat="56.1967560" lon="10.2232590">
    <ele>37.6</ele>
   </trkpt>
   <trkpt lat="56.1968010" lon="10.2234460">
    <ele>36.6</ele>
   </trkpt>
   <trkpt lat="56.1968440" lon="10.2236370">
    <ele>36.0</ele>
   </trkpt>
   <trkpt lat="56.1968800" lon="10.2238320">
    <ele>35.4</ele>
   </trkpt>
   <trkpt lat="56.1969160" lon="10.2240290">
    <ele>34.8</ele>
   </trkpt>
   <trkpt lat="56.1969490" lon="10.2242300">
    <ele>34.0</ele>
   </trkpt>
   <trkpt lat="56.1969810" lon="10.2244320">
    <ele>33.6</ele>
   </trkpt>
   <trkpt lat="56.1970120" lon="10.2246350">
    <ele>33.0</ele>
   </trkpt>
   <trkpt lat="56.1970420" lon="10.2248380">
    <ele>32.6</ele>
   </trkpt>
   <trkpt lat="56.1970730" lon="10.2250420">
    <ele>31.8</ele>
   </trkpt>
   <trkpt lat="56.1971040" lon="10.2252450">
    <ele>31.4</ele>
   </trkpt>
   <trkpt lat="56.1971380" lon="10.2254450">
    <ele>30.8</ele>
   </trkpt>
   <trkpt lat="56.1971700" lon="10.2256460">
    <ele>30.2</ele>
   </trkpt>
   <trkpt lat="56.1972020" lon="10.2258510">
    <ele>29.8</ele>
   </trkpt>
   <trkpt lat="56.1972320" lon="10.2260570">
    <ele>29.2</ele>
   </trkpt>
   <trkpt lat="56.1972580" lon="10.2262640">
    <ele>29.0</ele>
   </trkpt>
   <trkpt lat="56.1972810" lon="10.2264700">
    <ele>28.2</ele>
   </trkpt>
   <trkpt lat="56.1973080" lon="10.2266760">
    <ele>27.4</ele>
   </trkpt>
   <trkpt lat="56.1973380" lon="10.2268820">
    <ele>26.8</ele>
   </trkpt>
   <trkpt lat="56.1973680" lon="10.2270870">
    <ele>26.4</ele>
   </trkpt>
   <trkpt lat="56.1973960" lon="10.2272880">
    <ele>26.0</ele>
   </trkpt>
   <trkpt lat="56.1974240" lon="10.2274910">
    <ele>25.6</ele>
   </trkpt>
   <trkpt lat="56.1974540" lon="10.2276910">
    <ele>25.2</ele>
   </trkpt>
   <trkpt lat="56.1974820" lon="10.2278950">
    <ele>24.2</ele>
   </trkpt>
   <trkpt lat="56.1975110" lon="10.2281020">
    <ele>23.8</ele>
   </trkpt>
   <trkpt lat="56.1975400" lon="10.2283090">
    <ele>23.4</ele>
   </trkpt>
   <trkpt lat="56.1975730" lon="10.2285160">
    <ele>22.8</ele>
   </trkpt>
   <trkpt lat="56.1976060" lon="10.2287240">
    <ele>22.6</ele>
   </trkpt>
   <trkpt lat="56.1976350" lon="10.2289350">
    <ele>22.2</ele>
   </trkpt>
   <trkpt lat="56.1976630" lon="10.2291430">
    <ele>22.0</ele>
   </trkpt>
   <trkpt lat="56.1976920" lon="10.2293550">
    <ele>21.0</ele>
   </trkpt>
   <trkpt lat="56.1977230" lon="10.2295690">
    <ele>20.6</ele>
   </trkpt>
   <trkpt lat="56.1977540" lon="10.2297870">
    <ele>20.2</ele>
   </trkpt>
   <trkpt lat="56.1977850" lon="10.2300030">
    <ele>19.4</ele>
   </trkpt>
   <trkpt lat="56.1978100" lon="10.2302220">
    <ele>18.6</ele>
   </trkpt>
   <trkpt lat="56.1978330" lon="10.2304450">
    <ele>18.0</ele>
   </trkpt>
   <trkpt lat="56.1978580" lon="10.2306690">
    <ele>16.8</ele>
   </trkpt>
   <trkpt lat="56.1978890" lon="10.2308890">
    <ele>16.2</ele>
   </trkpt>
   <trkpt lat="56.1979260" lon="10.2311020">
    <ele>15.2</ele>
   </trkpt>
   <trkpt lat="56.1979700" lon="10.2313050">
    <ele>14.8</ele>
   </trkpt>
   <trkpt lat="56.1980110" lon="10.2315040">
    <ele>14.4</ele>
   </trkpt>
   <trkpt lat="56.1980510" lon="10.2317040">
    <ele>14.0</ele>
   </trkpt>
   <trkpt lat="56.1980870" lon="10.2319030">
    <ele>14.0</ele>
   </trkpt>
   <trkpt lat="56.1981220" lon="10.2321020">
    <ele>14.0</ele>
   </trkpt>
   <trkpt lat="56.1981620" lon="10.2323020">
    <ele>13.8</ele>
   </trkpt>
   <trkpt lat="56.1982020" lon="10.2324990">
    <ele>13.6</ele>
   </trkpt>
   <trkpt lat="56.1982410" lon="10.2326920">
    <ele>13.6</ele>
   </trkpt>
   <trkpt lat="56.1982790" lon="10.2328840">
    <ele>13.6</ele>
   </trkpt>
   <trkpt lat="56.1983190" lon="10.2330780">
    <ele>13.2</ele>
   </trkpt>
   <trkpt lat="56.1983550" lon="10.2332700">
    <ele>12.6</ele>
   </trkpt>
   <trkpt lat="56.1983890" lon="10.2334640">
    <ele>12.0</ele>
   </trkpt>
   <trkpt lat="56.1984220" lon="10.2336580">
    <ele>11.8</ele>
   </trkpt>
   <trkpt lat="56.1984600" lon="10.2338510">
    <ele>11.6</ele>
   </trkpt>
   <trkpt lat="56.1984970" lon="10.2340430">
    <ele>10.8</ele>
   </trkpt>
   <trkpt lat="56.1985370" lon="10.2342330">
    <ele>10.2</ele>
   </trkpt>
   <trkpt lat="56.1985750" lon="10.2344260">
    <ele>9.6</ele>
   </trkpt>
   <trkpt lat="56.1986130" lon="10.2346220">
    <ele>9.4</ele>
   </trkpt>
   <trkpt lat="56.1986550" lon="10.2348160">
    <ele>8.6</ele>
   </trkpt>
   <trkpt lat="56.1986990" lon="10.2350110">
    <ele>8.4</ele>
   </trkpt>
   <trkpt lat="56.1987450" lon="10.2352060">
    <ele>8.2</ele>
   </trkpt>
   <trkpt lat="56.1987870" lon="10.2354020">
    <ele>7.6</ele>
   </trkpt>
   <trkpt lat="56.1988270" lon="10.2356010">
    <ele>6.4</ele>
   </trkpt>
   <trkpt lat="56.1988670" lon="10.2358020">
    <ele>5.8</ele>
   </trkpt>
   <trkpt lat="56.1989090" lon="10.2360010">
    <ele>5.0</ele>
   </trkpt>
   <trkpt lat="56.1989440" lon="10.2362000">
    <ele>4.6</ele>
   </trkpt>
   <trkpt lat="56.1989790" lon="10.2363910">
    <ele>4.2</ele>
   </trkpt>
   <trkpt lat="56.1990150" lon="10.2365710">
    <ele>3.8</ele>
   </trkpt>
   <trkpt lat="56.1990510" lon="10.2367430">
    <ele>3.6</ele>
   </trkpt>
   <trkpt lat="56.1990890" lon="10.2369030">
    <ele>3.6</ele>
   </trkpt>
   <trkpt lat="56.1991260" lon="10.2370480">
    <ele>3.6</ele>
   </trkpt>
   <trkpt lat="56.1991590" lon="10.2371810">
    <ele>3.6</ele>
   </trkpt>
   <trkpt lat="56.1991880" lon="10.2372960">
    <ele>3.6</ele>
   </trkpt>
   <trkpt lat="56.1992150" lon="10.2374040">
    <ele>3.6</ele>
   </trkpt>
   <trkpt lat="56.1992430" lon="10.2375010">
    <ele>4.0</ele>
   </trkpt>
   <trkpt lat="56.1992690" lon="10.2375880">
    <ele>4.4</ele>
   </trkpt>
   <trkpt lat="56.1992880" lon="10.2376630">
    <ele>4.4</ele>
   </trkpt>
   <trkpt lat="56.1993020" lon="10.2377210">
    <ele>4.6</ele>
   </trkpt>
   <trkpt lat="56.1993120" lon="10.2377620">
    <ele>4.8</ele>
   </trkpt>
   <trkpt lat="56.1993190" lon="10.2377840">
    <ele>4.8</ele>
   </trkpt>
   <trkpt lat="56.1993230" lon="10.2377890">
    <ele>4.8</ele>
   </trkpt>
   <trkpt lat="56.1993230" lon="10.2377890">
    <ele>4.8</ele>
   </trkpt>
   <trkpt lat="56.1993760" lon="10.2377440">
    <ele>4.6</ele>
   </trkpt>
   <trkpt lat="56.1994010" lon="10.2377310">
    <ele>4.6</ele>
   </trkpt>
   <trkpt lat="56.1994290" lon="10.2377180">
    <ele>4.6</ele>
   </trkpt>
   <trkpt lat="56.1994610" lon="10.2377000">
    <ele>4.6</ele>
   </trkpt>
   <trkpt lat="56.1994990" lon="10.2376870">
    <ele>4.6</ele>
   </trkpt>
   <trkpt lat="56.1995420" lon="10.2376790">
    <ele>4.6</ele>
   </trkpt>
   <trkpt lat="56.1995880" lon="10.2376740">
    <ele>4.4</ele>
   </trkpt>
   <trkpt lat="56.1996360" lon="10.2376680">
    <ele>4.4</ele>
   </trkpt>
   <trkpt lat="56.1996860" lon="10.2376590">
    <ele>4.2</ele>
   </trkpt>
   <trkpt lat="56.1997400" lon="10.2376450">
    <ele>3.8</ele>
   </trkpt>
   <trkpt lat="56.1997960" lon="10.2376260">
    <ele>3.8</ele>
   </trkpt>
   <trkpt lat="56.1998550" lon="10.2376070">
    <ele>3.6</ele>
   </trkpt>
   <trkpt lat="56.1999150" lon="10.2375900">
    <ele>3.6</ele>
   </trkpt>
   <trkpt lat="56.1999770" lon="10.2375780">
    <ele>3.6</ele>
   </trkpt>
   <trkpt lat="56.2000410" lon="10.2375730">
    <ele>3.6</ele>
   </trkpt>
   <trkpt lat="56.2001080" lon="10.2375650">
    <ele>3.6</ele>
   </trkpt>
   <trkpt lat="56.2001740" lon="10.2375560">
    <ele>3.2</ele>
   </trkpt>
   <trkpt lat="56.2002390" lon="10.2375430">
    <ele>3.0</ele>
   </trkpt>
   <trkpt lat="56.2003050" lon="10.2375250">
    <ele>3.0</ele>
   </trkpt>
   <trkpt lat="56.2003720" lon="10.2375050">
    <ele>2.8</ele>
   </trkpt>
   <trkpt lat="56.2004380" lon="10.2374790">
    <ele>2.8</ele>
   </trkpt>
   <trkpt lat="56.2005030" lon="10.2374470">
    <ele>2.6</ele>
   </trkpt>
   <trkpt lat="56.2005700" lon="10.2374200">
    <ele>2.6</ele>
   </trkpt>
   <trkpt lat="56.2006390" lon="10.2374020">
    <ele>2.6</ele>
   </trkpt>
   <trkpt lat="56.2007070" lon="10.2373870">
    <ele>2.6</ele>
   </trkpt>
   <trkpt lat="56.2007770" lon="10.2373700">
    <ele>2.6</ele>
   </trkpt>
   <trkpt lat="56.2008480" lon="10.2373540">
    <ele>2.6</ele>
   </trkpt>
   <trkpt lat="56.2009180" lon="10.2373370">
    <ele>2.6</ele>
   </trkpt>
   <trkpt lat="56.2009870" lon="10.2373160">
    <ele>2.6</ele>
   </trkpt>
   <trkpt lat="56.2010560" lon="10.2372960">
    <ele>2.4</ele>
   </trkpt>
   <trkpt lat="56.2011260" lon="10.2372790">
    <ele>2.4</ele>
   </trkpt>
   <trkpt lat="56.2011960" lon="10.2372660">
    <ele>2.4</ele>
   </trkpt>
   <trkpt lat="56.2012650" lon="10.2372510">
    <ele>2.4</ele>
   </trkpt>
   <trkpt lat="56.2013340" lon="10.2372350">
    <ele>2.4</ele>
   </trkpt>
   <trkpt lat="56.2014040" lon="10.2372160">
    <ele>2.4</ele>
   </trkpt>
   <trkpt lat="56.2014750" lon="10.2371950">
    <ele>2.2</ele>
   </trkpt>
   <trkpt lat="56.2015460" lon="10.2371770">
    <ele>2.2</ele>
   </trkpt>
   <trkpt lat="56.2016180" lon="10.2371620">
    <ele>2.2</ele>
   </trkpt>
   <trkpt lat="56.2016890" lon="10.2371460">
    <ele>2.2</ele>
   </trkpt>
   <trkpt lat="56.2017590" lon="10.2371290">
    <ele>2.2</ele>
   </trkpt>
   <trkpt lat="56.2018290" lon="10.2371110">
    <ele>2.2</ele>
   </trkpt>
   <trkpt lat="56.2018990" lon="10.2370960">
    <ele>2.4</ele>
   </trkpt>
   <trkpt lat="56.2019700" lon="10.2370770">
    <ele>2.6</ele>
   </trkpt>
   <trkpt lat="56.2020410" lon="10.2370590">
    <ele>2.6</ele>
   </trkpt>
   <trkpt lat="56.2021120" lon="10.2370450">
    <ele>2.6</ele>
   </trkpt>
   <trkpt lat="56.2021830" lon="10.2370300">
    <ele>2.8</ele>
   </trkpt>
   <trkpt lat="56.2022540" lon="10.2370170">
    <ele>2.8</ele>
   </trkpt>
   <trkpt lat="56.2023240" lon="10.2370020">
    <ele>2.8</ele>
   </trkpt>
   <trkpt lat="56.2023940" lon="10.2369830">
    <ele>2.6</ele>
   </trkpt>
   <trkpt lat="56.2024650" lon="10.2369630">
    <ele>2.6</ele>
   </trkpt>
   <trkpt lat="56.2025360" lon="10.2369440">
    <ele>2.8</ele>
   </trkpt>
   <trkpt lat="56.2026080" lon="10.2369280">
    <ele>2.8</ele>
   </trkpt>
   <trkpt lat="56.2026790" lon="10.2369120">
    <ele>2.8</ele>
   </trkpt>
   <trkpt lat="56.2027520" lon="10.2368940">
    <ele>3.0</ele>
   </trkpt>
   <trkpt lat="56.2028240" lon="10.2368720">
    <ele>3.0</ele>
   </trkpt>
   <trkpt lat="56.2028960" lon="10.2368490">
    <ele>3.0</ele>
   </trkpt>
   <trkpt lat="56.2029680" lon="10.2368320">
    <ele>3.0</ele>
   </trkpt>
   <trkpt lat="56.2030410" lon="10.2368190">
    <ele>3.0</ele>
   </trkpt>
   <trkpt lat="56.2030980" lon="10.2368080">
    <ele>3.0</ele>
   </trkpt>
   <trkpt lat="56.2031840" lon="10.2367870">
    <ele>3.0</ele>
   </trkpt>
   <trkpt lat="56.2032570" lon="10.2367710">
    <ele>2.8</ele>
   </trkpt>
   <trkpt lat="56.2033280" lon="10.2367560">
    <ele>2.8</ele>
   </trkpt>
   <trkpt lat="56.2033990" lon="10.2367380">
    <ele>2.6</ele>
   </trkpt>
   <trkpt lat="56.2034680" lon="10.2367170">
    <ele>2.6</ele>
   </trkpt>
   <trkpt lat="56.2035370" lon="10.2366990">
    <ele>2.6</ele>
   </trkpt>
   <trkpt lat="56.2036060" lon="10.2366800">
    <ele>2.4</ele>
   </trkpt>
   <trkpt lat="56.2036750" lon="10.2366650">
    <ele>2.4</ele>
   </trkpt>
   <trkpt lat="56.2037430" lon="10.2366530">
    <ele>2.4</ele>
   </trkpt>
   <trkpt lat="56.2038100" lon="10.2366400">
    <ele>2.2</ele>
   </trkpt>
   <trkpt lat="56.2038790" lon="10.2366230">
    <ele>2.2</ele>
   </trkpt>
   <trkpt lat="56.2039490" lon="10.2366060">
    <ele>2.2</ele>
   </trkpt>
   <trkpt lat="56.2040160" lon="10.2365900">
    <ele>2.2</ele>
   </trkpt>
   <trkpt lat="56.2040820" lon="10.2365740">
    <ele>2.0</ele>
   </trkpt>
   <trkpt lat="56.2041470" lon="10.2365560">
    <ele>2.0</ele>
   </trkpt>
   <trkpt lat="56.2042130" lon="10.2365360">
    <ele>2.0</ele>
   </trkpt>
   <trkpt lat="56.2042790" lon="10.2365200">
    <ele>2.2</ele>
   </trkpt>
   <trkpt lat="56.2043450" lon="10.2365060">
    <ele>2.2</ele>
   </trkpt>
   <trkpt lat="56.2044110" lon="10.2364910">
    <ele>2.2</ele>
   </trkpt>
   <trkpt lat="56.2044770" lon="10.2364740">
    <ele>2.4</ele>
   </trkpt>
   <trkpt lat="56.2045450" lon="10.2364580">
    <ele>2.4</ele>
   </trkpt>
   <trkpt lat="56.2046140" lon="10.2364460">
    <ele>2.4</ele>
   </trkpt>
   <trkpt lat="56.2046810" lon="10.2364320">
    <ele>2.4</ele>
   </trkpt>
   <trkpt lat="56.2047490" lon="10.2364140">
    <ele>2.4</ele>
   </trkpt>
   <trkpt lat="56.2048170" lon="10.2363950">
    <ele>2.4</ele>
   </trkpt>
   <trkpt lat="56.2048830" lon="10.2363810">
    <ele>2.4</ele>
   </trkpt>
   <trkpt lat="56.2049500" lon="10.2363650">
    <ele>2.4</ele>
   </trkpt>
   <trkpt lat="56.2050170" lon="10.2363500">
    <ele>2.4</ele>
   </trkpt>
   <trkpt lat="56.2050850" lon="10.2363330">
    <ele>2.4</ele>
   </trkpt>
   <trkpt lat="56.2051530" lon="10.2363180">
    <ele>2.4</ele>
   </trkpt>
   <trkpt lat="56.2052200" lon="10.2363020">
    <ele>2.4</ele>
   </trkpt>
   <trkpt lat="56.2052880" lon="10.2362840">
    <ele>2.4</ele>
   </trkpt>
   <trkpt lat="56.2053550" lon="10.2362640">
    <ele>2.4</ele>
   </trkpt>
   <trkpt lat="56.2054220" lon="10.2362420">
    <ele>2.4</ele>
   </trkpt>
   <trkpt lat="56.2054900" lon="10.2362250">
    <ele>2.4</ele>
   </trkpt>
   <trkpt lat="56.2055590" lon="10.2362130">
    <ele>2.2</ele>
   </trkpt>
   <trkpt lat="56.2056290" lon="10.2361980">
    <ele>2.2</ele>
   </trkpt>
   <trkpt lat="56.2056970" lon="10.2361800">
    <ele>2.2</ele>
   </trkpt>
   <trkpt lat="56.2057630" lon="10.2361650">
    <ele>2.2</ele>
   </trkpt>
   <trkpt lat="56.2058310" lon="10.2361480">
    <ele>2.2</ele>
   </trkpt>
   <trkpt lat="56.2058990" lon="10.2361320">
    <ele>2.2</ele>
   </trkpt>
   <trkpt lat="56.2059670" lon="10.2361140">
    <ele>1.8</ele>
   </trkpt>
   <trkpt lat="56.2060350" lon="10.2360950">
    <ele>1.8</ele>
   </trkpt>
   <trkpt lat="56.2061020" lon="10.2360770">
    <ele>1.8</ele>
   </trkpt>
   <trkpt lat="56.2061680" lon="10.2360610">
    <ele>1.8</ele>
   </trkpt>
   <trkpt lat="56.2062360" lon="10.2360430">
    <ele>1.8</ele>
   </trkpt>
   <trkpt lat="56.2063010" lon="10.2360280">
    <ele>1.6</ele>
   </trkpt>
   <trkpt lat="56.2063660" lon="10.2360180">
    <ele>1.6</ele>
   </trkpt>
   <trkpt lat="56.2064310" lon="10.2360120">
    <ele>1.6</ele>
   </trkpt>
   <trkpt lat="56.2064960" lon="10.2360080">
    <ele>1.6</ele>
   </trkpt>
   <trkpt lat="56.2065620" lon="10.2359970">
    <ele>1.6</ele>
   </trkpt>
   <trkpt lat="56.2066290" lon="10.2359780">
    <ele>1.6</ele>
   </trkpt>
   <trkpt lat="56.2066950" lon="10.2359570">
    <ele>1.8</ele>
   </trkpt>
   <trkpt lat="56.2067620" lon="10.2359310">
    <ele>1.8</ele>
   </trkpt>
   <trkpt lat="56.2068280" lon="10.2359090">
    <ele>2.0</ele>
   </trkpt>
   <trkpt lat="56.2068970" lon="10.2358940">
    <ele>1.8</ele>
   </trkpt>
   <trkpt lat="56.2069670" lon="10.2358790">
    <ele>1.8</ele>
   </trkpt>
   <trkpt lat="56.2070360" lon="10.2358620">
    <ele>1.8</ele>
   </trkpt>
   <trkpt lat="56.2071030" lon="10.2358460">
    <ele>1.8</ele>
   </trkpt>
   <trkpt lat="56.2071710" lon="10.2358280">
    <ele>1.8</ele>
   </trkpt>
   <trkpt lat="56.2072390" lon="10.2358120">
    <ele>1.8</ele>
   </trkpt>
   <trkpt lat="56.2073080" lon="10.2357970">
    <ele>1.8</ele>
   </trkpt>
   <trkpt lat="56.2073780" lon="10.2357800">
    <ele>1.6</ele>
   </trkpt>
   <trkpt lat="56.2074460" lon="10.2357650">
    <ele>1.6</ele>
   </trkpt>
   <trkpt lat="56.2075150" lon="10.2357490">
    <ele>1.6</ele>
   </trkpt>
   <trkpt lat="56.2075850" lon="10.2357320">
    <ele>1.6</ele>
   </trkpt>
   <trkpt lat="56.2076550" lon="10.2357130">
    <ele>1.6</ele>
   </trkpt>
   <trkpt lat="56.2077260" lon="10.2356970">
    <ele>1.8</ele>
   </trkpt>
   <trkpt lat="56.2077970" lon="10.2356810">
    <ele>1.6</ele>
   </trkpt>
   <trkpt lat="56.2078660" lon="10.2356630">
    <ele>1.6</ele>
   </trkpt>
   <trkpt lat="56.2079350" lon="10.2356480">
    <ele>1.6</ele>
   </trkpt>
   <trkpt lat="56.2080040" lon="10.2356320">
    <ele>1.6</ele>
   </trkpt>
   <trkpt lat="56.2080730" lon="10.2356110">
    <ele>1.6</ele>
   </trkpt>
   <trkpt lat="56.2081400" lon="10.2355920">
    <ele>1.4</ele>
   </trkpt>
   <trkpt lat="56.2082090" lon="10.2355750">
    <ele>1.4</ele>
   </trkpt>
   <trkpt lat="56.2082790" lon="10.2355620">
    <ele>1.4</ele>
   </trkpt>
   <trkpt lat="56.2083510" lon="10.2355520">
    <ele>1.4</ele>
   </trkpt>
   <trkpt lat="56.2084230" lon="10.2355490">
    <ele>1.4</ele>
   </trkpt>
   <trkpt lat="56.2084930" lon="10.2355400">
    <ele>1.4</ele>
   </trkpt>
   <trkpt lat="56.2085640" lon="10.2355270">
    <ele>1.4</ele>
   </trkpt>
   <trkpt lat="56.2086340" lon="10.2355150">
    <ele>1.4</ele>
   </trkpt>
   <trkpt lat="56.2087030" lon="10.2355020">
    <ele>1.2</ele>
   </trkpt>
   <trkpt lat="56.2087730" lon="10.2354900">
    <ele>1.2</ele>
   </trkpt>
   <trkpt lat="56.2088430" lon="10.2354760">
    <ele>1.2</ele>
   </trkpt>
   <trkpt lat="56.2089130" lon="10.2354600">
    <ele>1.4</ele>
   </trkpt>
   <trkpt lat="56.2089840" lon="10.2354460">
    <ele>1.4</ele>
   </trkpt>
   <trkpt lat="56.2090540" lon="10.2354340">
    <ele>1.4</ele>
   </trkpt>
   <trkpt lat="56.2091240" lon="10.2354210">
    <ele>1.2</ele>
   </trkpt>
   <trkpt lat="56.2091950" lon="10.2354040">
    <ele>1.2</ele>
   </trkpt>
   <trkpt lat="56.2092660" lon="10.2353880">
    <ele>1.2</ele>
   </trkpt>
   <trkpt lat="56.2093360" lon="10.2353760">
    <ele>1.0</ele>
   </trkpt>
   <trkpt lat="56.2094060" lon="10.2353650">
    <ele>1.0</ele>
   </trkpt>
   <trkpt lat="56.2094750" lon="10.2353530">
    <ele>1.0</ele>
   </trkpt>
   <trkpt lat="56.2095450" lon="10.2353340">
    <ele>1.0</ele>
   </trkpt>
   <trkpt lat="56.2096160" lon="10.2353160">
    <ele>1.2</ele>
   </trkpt>
   <trkpt lat="56.2096880" lon="10.2353000">
    <ele>1.6</ele>
   </trkpt>
   <trkpt lat="56.2097600" lon="10.2352860">
    <ele>1.6</ele>
   </trkpt>
   <trkpt lat="56.2098300" lon="10.2352760">
    <ele>1.6</ele>
   </trkpt>
   <trkpt lat="56.2099000" lon="10.2352650">
    <ele>1.6</ele>
   </trkpt>
   <trkpt lat="56.2099700" lon="10.2352510">
    <ele>1.2</ele>
   </trkpt>
   <trkpt lat="56.2100410" lon="10.2352350">
    <ele>0.8</ele>
   </trkpt>
   <trkpt lat="56.2101070" lon="10.2352220">
    <ele>0.8</ele>
   </trkpt>
   <trkpt lat="56.2101760" lon="10.2352070">
    <ele>0.8</ele>
   </trkpt>
   <trkpt lat="56.2102440" lon="10.2351950">
    <ele>0.8</ele>
   </trkpt>
   <trkpt lat="56.2103090" lon="10.2351910">
    <ele>1.2</ele>
   </trkpt>
   <trkpt lat="56.2103710" lon="10.2351930">
    <ele>1.8</ele>
   </trkpt>
   <trkpt lat="56.2104340" lon="10.2352020">
    <ele>2.0</ele>
   </trkpt>
   <trkpt lat="56.2104930" lon="10.2352180">
    <ele>2.2</ele>
   </trkpt>
   <trkpt lat="56.2105400" lon="10.2352370">
    <ele>2.4</ele>
   </trkpt>
   <trkpt lat="56.2105740" lon="10.2352400">
    <ele>2.4</ele>
   </trkpt>
   <trkpt lat="56.2105930" lon="10.2352180">
    <ele>2.6</ele>
   </trkpt>
   <trkpt lat="56.2106000" lon="10.2351920">
    <ele>2.6</ele>
   </trkpt>
   <trkpt lat="56.2106000" lon="10.2351810">
    <ele>2.6</ele>
   </trkpt>
   <trkpt lat="56.2106000" lon="10.2351810">
    <ele>2.6</ele>
   </trkpt>
   <trkpt lat="56.2105990" lon="10.2351160">
    <ele>3.0</ele>
   </trkpt>
   <trkpt lat="56.2105930" lon="10.2350890">
    <ele>3.0</ele>
   </trkpt>
   <trkpt lat="56.2105870" lon="10.2350610">
    <ele>2.6</ele>
   </trkpt>
   <trkpt lat="56.2105830" lon="10.2350280">
    <ele>2.4</ele>
   </trkpt>
   <trkpt lat="56.2105790" lon="10.2349880">
    <ele>2.2</ele>
   </trkpt>
   <trkpt lat="56.2105760" lon="10.2349370">
    <ele>2.2</ele>
   </trkpt>
   <trkpt lat="56.2105790" lon="10.2348790">
    <ele>2.2</ele>
   </trkpt>
   <trkpt lat="56.2105970" lon="10.2348190">
    <ele>2.0</ele>
   </trkpt>
   <trkpt lat="56.2106320" lon="10.2347760">
    <ele>2.0</ele>
   </trkpt>
   <trkpt lat="56.2106730" lon="10.2347380">
    <ele>2.0</ele>
   </trkpt>
   <trkpt lat="56.2107090" lon="10.2346900">
    <ele>2.0</ele>
   </trkpt>
   <trkpt lat="56.2107360" lon="10.2346240">
    <ele>1.8</ele>
   </trkpt>
   <trkpt lat="56.2107530" lon="10.2345510">
    <ele>1.8</ele>
   </trkpt>
   <trkpt lat="56.2107600" lon="10.2344780">
    <ele>1.8</ele>
   </trkpt>
   <trkpt lat="56.2107700" lon="10.2344120">
    <ele>1.8</ele>
   </trkpt>
   <trkpt lat="56.2107890" lon="10.2343660">
    <ele>1.8</ele>
   </trkpt>
   <trkpt lat="56.2108160" lon="10.2343410">
    <ele>1.8</ele>
   </trkpt>
   <trkpt lat="56.2108500" lon="10.2343340">
    <ele>1.8</ele>
   </trkpt>
   <trkpt lat="56.2108840" lon="10.2343310">
    <ele>2.0</ele>
   </trkpt>
   <trkpt lat="56.2109170" lon="10.2343190">
    <ele>2.0</ele>
   </trkpt>
   <trkpt lat="56.2109490" lon="10.2342940">
    <ele>2.4</ele>
   </trkpt>
   <trkpt lat="56.2109820" lon="10.2342710">
    <ele>2.4</ele>
   </trkpt>
   <trkpt lat="56.2110190" lon="10.2342640">
    <ele>2.4</ele>
   </trkpt>
   <trkpt lat="56.2110580" lon="10.2342920">
    <ele>2.4</ele>
   </trkpt>
   <trkpt lat="56.2110900" lon="10.2343510">
    <ele>2.4</ele>
   </trkpt>
   <trkpt lat="56.2111200" lon="10.2344240">
    <ele>2.4</ele>
   </trkpt>
   <trkpt lat="56.2111610" lon="10.2344940">
    <ele>2.2</ele>
   </trkpt>
   <trkpt lat="56.2112120" lon="10.2345530">
    <ele>2.0</ele>
   </trkpt>
   <trkpt lat="56.2112690" lon="10.2345940">
    <ele>1.8</ele>
   </trkpt>
   <trkpt lat="56.2113280" lon="10.2346230">
    <ele>1.6</ele>
   </trkpt>
   <trkpt lat="56.2113910" lon="10.2346400">
    <ele>1.6</ele>
   </trkpt>
   <trkpt lat="56.2114560" lon="10.2346470">
    <ele>1.4</ele>
   </trkpt>
   <trkpt lat="56.2115240" lon="10.2346470">
    <ele>1.4</ele>
   </trkpt>
   <trkpt lat="56.2115920" lon="10.2346400">
    <ele>1.4</ele>
   </trkpt>
   <trkpt lat="56.2116570" lon="10.2346260">
    <ele>1.4</ele>
   </trkpt>
   <trkpt lat="56.2117230" lon="10.2346080">
    <ele>1.4</ele>
   </trkpt>
   <trkpt lat="56.2117950" lon="10.2345910">
    <ele>1.2</ele>
   </trkpt>
   <trkpt lat="56.2118700" lon="10.2345780">
    <ele>1.0</ele>
   </trkpt>
   <trkpt lat="56.2119460" lon="10.2345640">
    <ele>1.0</ele>
   </trkpt>
   <trkpt lat="56.2120240" lon="10.2345460">
    <ele>0.4</ele>
   </trkpt>
   <trkpt lat="56.2121000" lon="10.2345280">
    <ele>0.4</ele>
   </trkpt>
   <trkpt lat="56.2121750" lon="10.2345160">
    <ele>0.4</ele>
   </trkpt>
   <trkpt lat="56.2122510" lon="10.2344990">
    <ele>0.2</ele>
   </trkpt>
   <trkpt lat="56.2123250" lon="10.2344820">
    <ele>0.2</ele>
   </trkpt>
   <trkpt lat="56.2123990" lon="10.2344640">
    <ele>0.2</ele>
   </trkpt>
   <trkpt lat="56.2124730" lon="10.2344480">
    <ele>0.2</ele>
   </trkpt>
   <trkpt lat="56.2125460" lon="10.2344330">
    <ele>0.2</ele>
   </trkpt>
   <trkpt lat="56.2126190" lon="10.2344180">
    <ele>0.2</ele>
   </trkpt>
   <trkpt lat="56.2126940" lon="10.2344000">
    <ele>0.2</ele>
   </trkpt>
   <trkpt lat="56.2127690" lon="10.2343760">
    <ele>0.2</ele>
   </trkpt>
   <trkpt lat="56.2128440" lon="10.2343440">
    <ele>0.2</ele>
   </trkpt>
   <trkpt lat="56.2129180" lon="10.2343080">
    <ele>0.2</ele>
   </trkpt>
   <trkpt lat="56.2129920" lon="10.2342730">
    <ele>0.2</ele>
   </trkpt>
   <trkpt lat="56.2130650" lon="10.2342400">
    <ele>0.2</ele>
   </trkpt>
   <trkpt lat="56.2131380" lon="10.2342090">
    <ele>0.4</ele>
   </trkpt>
   <trkpt lat="56.2132100" lon="10.2341860">
    <ele>0.4</ele>
   </trkpt>
   <trkpt lat="56.2132820" lon="10.2341670">
    <ele>0.6</ele>
   </trkpt>
   <trkpt lat="56.2133540" lon="10.2341540">
    <ele>0.6</ele>
   </trkpt>
   <trkpt lat="56.2134250" lon="10.2341430">
    <ele>0.8</ele>
   </trkpt>
   <trkpt lat="56.2134920" lon="10.2341310">
    <ele>1.0</ele>
   </trkpt>
   <trkpt lat="56.2135530" lon="10.2341160">
    <ele>1.0</ele>
   </trkpt>
   <trkpt lat="56.2136120" lon="10.2341060">
    <ele>1.4</ele>
   </trkpt>
   <trkpt lat="56.2136750" lon="10.2341010">
    <ele>1.4</ele>
   </trkpt>
   <trkpt lat="56.2137420" lon="10.2340930">
    <ele>2.0</ele>
   </trkpt>
   <trkpt lat="56.2138150" lon="10.2340860">
    <ele>2.0</ele>
   </trkpt>
   <trkpt lat="56.2138890" lon="10.2340840">
    <ele>2.0</ele>
   </trkpt>
   <trkpt lat="56.2139630" lon="10.2340900">
    <ele>2.0</ele>
   </trkpt>
   <trkpt lat="56.2140410" lon="10.2340970">
    <ele>1.4</ele>
   </trkpt>
   <trkpt lat="56.2141170" lon="10.2341020">
    <ele>1.0</ele>
   </trkpt>
   <trkpt lat="56.2141920" lon="10.2341030">
    <ele>0.6</ele>
   </trkpt>
   <trkpt lat="56.2142670" lon="10.2340930">
    <ele>0.6</ele>
   </trkpt>
   <trkpt lat="56.2143430" lon="10.2340750">
    <ele>0.6</ele>
   </trkpt>
   <trkpt lat="56.2144200" lon="10.2340560">
    <ele>0.4</ele>
   </trkpt>
   <trkpt lat="56.2144960" lon="10.2340370">
    <ele>0.2</ele>
   </trkpt>
   <trkpt lat="56.2145700" lon="10.2340200">
    <ele>0.2</ele>
   </trkpt>
   <trkpt lat="56.2146420" lon="10.2340040">
    <ele>0.2</ele>
   </trkpt>
   <trkpt lat="56.2147160" lon="10.2339850">
    <ele>0.2</ele>
   </trkpt>
   <trkpt lat="56.2147910" lon="10.2339680">
    <ele>0.2</ele>
   </trkpt>
   <trkpt lat="56.2148670" lon="10.2339540">
    <ele>0.2</ele>
   </trkpt>
   <trkpt lat="56.2149400" lon="10.2339450">
    <ele>0.2</ele>
   </trkpt>
   <trkpt lat="56.2150140" lon="10.2339320">
    <ele>0.4</ele>
   </trkpt>
   <trkpt lat="56.2150900" lon="10.2339220">
    <ele>0.4</ele>
   </trkpt>
   <trkpt lat="56.2151640" lon="10.2339070">
    <ele>0.4</ele>
   </trkpt>
   <trkpt lat="56.2152360" lon="10.2338900">
    <ele>0.6</ele>
   </trkpt>
   <trkpt lat="56.2153090" lon="10.2338660">
    <ele>0.6</ele>
   </trkpt>
   <trkpt lat="56.2153820" lon="10.2338420">
    <ele>0.6</ele>
   </trkpt>
   <trkpt lat="56.2154560" lon="10.2338160">
    <ele>0.6</ele>
   </trkpt>
   <trkpt lat="56.2155310" lon="10.2337940">
    <ele>0.4</ele>
   </trkpt>
   <trkpt lat="56.2156080" lon="10.2337750">
    <ele>0.4</ele>
   </trkpt>
   <trkpt lat="56.2156850" lon="10.2337560">
    <ele>0.4</ele>
   </trkpt>
   <trkpt lat="56.2157620" lon="10.2337420">
    <ele>0.4</ele>
   </trkpt>
   <trkpt lat="56.2158360" lon="10.2337280">
    <ele>0.2</ele>
   </trkpt>
   <trkpt lat="56.2159100" lon="10.2337130">
    <ele>0.2</ele>
   </trkpt>
   <trkpt lat="56.2159850" lon="10.2336910">
    <ele>0.2</ele>
   </trkpt>
   <trkpt lat="56.2160640" lon="10.2336740">
    <ele>0.0</ele>
   </trkpt>
   <trkpt lat="56.2161380" lon="10.2336580">
    <ele>0.0</ele>
   </trkpt>
   <trkpt lat="56.2162150" lon="10.2336450">
    <ele>-0.2</ele>
   </trkpt>
   <trkpt lat="56.2162960" lon="10.2336330">
    <ele>-0.2</ele>
   </trkpt>
   <trkpt lat="56.2163740" lon="10.2336180">
    <ele>-0.2</ele>
   </trkpt>
   <trkpt lat="56.2164500" lon="10.2336020">
    <ele>-0.2</ele>
   </trkpt>
   <trkpt lat="56.2165250" lon="10.2335820">
    <ele>-0.2</ele>
   </trkpt>
   <trkpt lat="56.2166050" lon="10.2335600">
    <ele>0.0</ele>
   </trkpt>
   <trkpt lat="56.2166820" lon="10.2335400">
    <ele>0.0</ele>
   </trkpt>
   <trkpt lat="56.2167580" lon="10.2335290">
    <ele>0.0</ele>
   </trkpt>
   <trkpt lat="56.2168340" lon="10.2335150">
    <ele>0.0</ele>
   </trkpt>
   <trkpt lat="56.2169060" lon="10.2334950">
    <ele>0.0</ele>
   </trkpt>
   <trkpt lat="56.2169810" lon="10.2334770">
    <ele>0.0</ele>
   </trkpt>
   <trkpt lat="56.2170550" lon="10.2334650">
    <ele>0.0</ele>
   </trkpt>
   <trkpt lat="56.2171300" lon="10.2334520">
    <ele>0.0</ele>
   </trkpt>
   <trkpt lat="56.2172070" lon="10.2334350">
    <ele>0.0</ele>
   </trkpt>
   <trkpt lat="56.2172840" lon="10.2334230">
    <ele>0.0</ele>
   </trkpt>
   <trkpt lat="56.2173580" lon="10.2334240">
    <ele>0.0</ele>
   </trkpt>
   <trkpt lat="56.2174340" lon="10.2334240">
    <ele>0.2</ele>
   </trkpt>
   <trkpt lat="56.2175100" lon="10.2334150">
    <ele>0.2</ele>
   </trkpt>
   <trkpt lat="56.2175870" lon="10.2333980">
    <ele>0.0</ele>
   </trkpt>
   <trkpt lat="56.2176640" lon="10.2333810">
    <ele>0.0</ele>
   </trkpt>
   <trkpt lat="56.2177350" lon="10.2333640">
    <ele>0.0</ele>
   </trkpt>
   <trkpt lat="56.2178070" lon="10.2333550">
    <ele>0.0</ele>
   </trkpt>
   <trkpt lat="56.2178770" lon="10.2333450">
    <ele>0.0</ele>
   </trkpt>
   <trkpt lat="56.2179520" lon="10.2333220">
    <ele>0.0</ele>
   </trkpt>
   <trkpt lat="56.2180270" lon="10.2333030">
    <ele>-0.2</ele>
   </trkpt>
   <trkpt lat="56.2181030" lon="10.2332870">
    <ele>-0.2</ele>
   </trkpt>
   <trkpt lat="56.2181790" lon="10.2332670">
    <ele>-0.2</ele>
   </trkpt>
   <trkpt lat="56.2182540" lon="10.2332470">
    <ele>-0.2</ele>
   </trkpt>
   <trkpt lat="56.2183280" lon="10.2332310">
    <ele>-0.2</ele>
   </trkpt>
   <trkpt lat="56.2184040" lon="10.2332160">
    <ele>-0.2</ele>
   </trkpt>
   <trkpt lat="56.2184780" lon="10.2332050">
    <ele>-0.2</ele>
   </trkpt>
   <trkpt lat="56.2185520" lon="10.2331960">
    <ele>-0.2</ele>
   </trkpt>
   <trkpt lat="56.2186290" lon="10.2331860">
    <ele>-0.2</ele>
   </trkpt>
   <trkpt lat="56.2187060" lon="10.2331780">
    <ele>-0.2</ele>
   </trkpt>
   <trkpt lat="56.2187840" lon="10.2331620">
    <ele>-0.2</ele>
   </trkpt>
   <trkpt lat="56.2188610" lon="10.2331420">
    <ele>-0.4</ele>
   </trkpt>
   <trkpt lat="56.2189390" lon="10.2331230">
    <ele>-0.4</ele>
   </trkpt>
   <trkpt lat="56.2190120" lon="10.2331070">
    <ele>-0.4</ele>
   </trkpt>
   <trkpt lat="56.2190900" lon="10.2330980">
    <ele>-0.6</ele>
   </trkpt>
   <trkpt lat="56.2191690" lon="10.2330880">
    <ele>-0.6</ele>
   </trkpt>
   <trkpt lat="56.2192420" lon="10.2330770">
    <ele>-0.8</ele>
   </trkpt>
   <trkpt lat="56.2193140" lon="10.2330610">
    <ele>-0.8</ele>
   </trkpt>
   <trkpt lat="56.2193850" lon="10.2330420">
    <ele>-0.8</ele>
   </trkpt>
   <trkpt lat="56.2194550" lon="10.2330270">
    <ele>-0.6</ele>
   </trkpt>
   <trkpt lat="56.2195290" lon="10.2330150">
    <ele>-0.6</ele>
   </trkpt>
   <trkpt lat="56.2196040" lon="10.2330020">
    <ele>-0.6</ele>
   </trkpt>
   <trkpt lat="56.2196780" lon="10.2329800">
    <ele>-0.6</ele>
   </trkpt>
   <trkpt lat="56.2197530" lon="10.2329610">
    <ele>-0.6</ele>
   </trkpt>
   <trkpt lat="56.2198280" lon="10.2329480">
    <ele>-0.6</ele>
   </trkpt>
   <trkpt lat="56.2199000" lon="10.2329350">
    <ele>-0.6</ele>
   </trkpt>
   <trkpt lat="56.2199790" lon="10.2329190">
    <ele>-0.4</ele>
   </trkpt>
   <trkpt lat="56.2200510" lon="10.2329060">
    <ele>-0.4</ele>
   </trkpt>
   <trkpt lat="56.2201240" lon="10.2328940">
    <ele>-0.4</ele>
   </trkpt>
   <trkpt lat="56.2202010" lon="10.2328800">
    <ele>-0.4</ele>
   </trkpt>
   <trkpt lat="56.2202780" lon="10.2328660">
    <ele>-0.4</ele>
   </trkpt>
   <trkpt lat="56.2203540" lon="10.2328510">
    <ele>-0.4</ele>
   </trkpt>
   <trkpt lat="56.2204280" lon="10.2328350">
    <ele>-0.4</ele>
   </trkpt>
   <trkpt lat="56.2205000" lon="10.2328180">
    <ele>-0.4</ele>
   </trkpt>
   <trkpt lat="56.2205710" lon="10.2328030">
    <ele>-0.4</ele>
   </trkpt>
   <trkpt lat="56.2206420" lon="10.2327920">
    <ele>-0.4</ele>
   </trkpt>
   <trkpt lat="56.2207160" lon="10.2327830">
    <ele>-0.4</ele>
   </trkpt>
   <trkpt lat="56.2207900" lon="10.2327690">
    <ele>-0.2</ele>
   </trkpt>
   <trkpt lat="56.2208630" lon="10.2327550">
    <ele>-0.2</ele>
   </trkpt>
   <trkpt lat="56.2209350" lon="10.2327420">
    <ele>0.0</ele>
   </trkpt>
   <trkpt lat="56.2210060" lon="10.2327310">
    <ele>0.2</ele>
   </trkpt>
   <trkpt lat="56.2210780" lon="10.2327220">
    <ele>0.2</ele>
   </trkpt>
   <trkpt lat="56.2211490" lon="10.2327070">
    <ele>0.2</ele>
   </trkpt>
   <trkpt lat="56.2212190" lon="10.2326930">
    <ele>0.4</ele>
   </trkpt>
   <trkpt lat="56.2212860" lon="10.2326780">
    <ele>0.4</ele>
   </trkpt>
   <trkpt lat="56.2213580" lon="10.2326600">
    <ele>0.4</ele>
   </trkpt>
   <trkpt lat="56.2214280" lon="10.2326490">
    <ele>0.4</ele>
   </trkpt>
   <trkpt lat="56.2214980" lon="10.2326380">
    <ele>0.6</ele>
   </trkpt>
   <trkpt lat="56.2215700" lon="10.2326220">
    <ele>0.6</ele>
   </trkpt>
   <trkpt lat="56.2216410" lon="10.2326090">
    <ele>0.6</ele>
   </trkpt>
   <trkpt lat="56.2217120" lon="10.2325920">
    <ele>0.6</ele>
   </trkpt>
   <trkpt lat="56.2217830" lon="10.2325770">
    <ele>0.6</ele>
   </trkpt>
   <trkpt lat="56.2218560" lon="10.2325640">
    <ele>0.6</ele>
   </trkpt>
   <trkpt lat="56.2219290" lon="10.2325520">
    <ele>0.6</ele>
   </trkpt>
   <trkpt lat="56.2220000" lon="10.2325340">
    <ele>0.6</ele>
   </trkpt>
   <trkpt lat="56.2220700" lon="10.2325180">
    <ele>0.6</ele>
   </trkpt>
   <trkpt lat="56.2221390" lon="10.2325040">
    <ele>0.6</ele>
   </trkpt>
   <trkpt lat="56.2222070" lon="10.2324870">
    <ele>0.6</ele>
   </trkpt>
   <trkpt lat="56.2222710" lon="10.2324750">
    <ele>0.6</ele>
   </trkpt>
   <trkpt lat="56.2223280" lon="10.2324980">
    <ele>0.8</ele>
   </trkpt>
   <trkpt lat="56.2223650" lon="10.2325690">
    <ele>1.0</ele>
   </trkpt>
   <trkpt lat="56.2223770" lon="10.2326650">
    <ele>1.0</ele>
   </trkpt>
   <trkpt lat="56.2223770" lon="10.2327630">
    <ele>1.0</ele>
   </trkpt>
   <trkpt lat="56.2223730" lon="10.2328630">
    <ele>1.4</ele>
   </trkpt>
   <trkpt lat="56.2223720" lon="10.2329660">
    <ele>1.6</ele>
   </trkpt>
   <trkpt lat="56.2223730" lon="10.2330730">
    <ele>1.6</ele>
   </trkpt>
   <trkpt lat="56.2223770" lon="10.2331800">
    <ele>1.8</ele>
   </trkpt>
   <trkpt lat="56.2223800" lon="10.2332890">
    <ele>2.0</ele>
   </trkpt>
   <trkpt lat="56.2223840" lon="10.2333990">
    <ele>2.0</ele>
   </trkpt>
   <trkpt lat="56.2223850" lon="10.2335040">
    <ele>2.2</ele>
   </trkpt>
   <trkpt lat="56.2223860" lon="10.2336050">
    <ele>2.4</ele>
   </trkpt>
   <trkpt lat="56.2223850" lon="10.2337080">
    <ele>2.6</ele>
   </trkpt>
   <trkpt lat="56.2223850" lon="10.2338110">
    <ele>3.4</ele>
   </trkpt>
   <trkpt lat="56.2223900" lon="10.2339150">
    <ele>3.6</ele>
   </trkpt>
   <trkpt lat="56.2224020" lon="10.2340140">
    <ele>3.6</ele>
   </trkpt>
   <trkpt lat="56.2224210" lon="10.2341100">
    <ele>3.6</ele>
   </trkpt>
   <trkpt lat="56.2224450" lon="10.2342020">
    <ele>3.6</ele>
   </trkpt>
   <trkpt lat="56.2224740" lon="10.2342900">
    <ele>3.6</ele>
   </trkpt>
   <trkpt lat="56.2225080" lon="10.2343730">
    <ele>3.8</ele>
   </trkpt>
   <trkpt lat="56.2225470" lon="10.2344480">
    <ele>3.8</ele>
   </trkpt>
   <trkpt lat="56.2225910" lon="10.2345090">
    <ele>4.0</ele>
   </trkpt>
   <trkpt lat="56.2226390" lon="10.2345570">
    <ele>4.2</ele>
   </trkpt>
   <trkpt lat="56.2226880" lon="10.2345970">
    <ele>4.2</ele>
   </trkpt>
   <trkpt lat="56.2227370" lon="10.2346340">
    <ele>4.4</ele>
   </trkpt>
   <trkpt lat="56.2227870" lon="10.2346670">
    <ele>4.6</ele>
   </trkpt>
   <trkpt lat="56.2228360" lon="10.2346880">
    <ele>4.6</ele>
   </trkpt>
   <trkpt lat="56.2228820" lon="10.2347100">
    <ele>5.0</ele>
   </trkpt>
   <trkpt lat="56.2229290" lon="10.2347360">
    <ele>5.2</ele>
   </trkpt>
   <trkpt lat="56.2229780" lon="10.2347650">
    <ele>5.4</ele>
   </trkpt>
   <trkpt lat="56.2230270" lon="10.2347940">
    <ele>5.6</ele>
   </trkpt>
   <trkpt lat="56.2230760" lon="10.2348210">
    <ele>6.0</ele>
   </trkpt>
   <trkpt lat="56.2231250" lon="10.2348450">
    <ele>6.6</ele>
   </trkpt>
   <trkpt lat="56.2231730" lon="10.2348640">
    <ele>6.8</ele>
   </trkpt>
   <trkpt lat="56.2232200" lon="10.2348770">
    <ele>6.8</ele>
   </trkpt>
   <trkpt lat="56.2232680" lon="10.2348840">
    <ele>7.2</ele>
   </trkpt>
   <trkpt lat="56.2233160" lon="10.2348850">
    <ele>7.8</ele>
   </trkpt>
   <trkpt lat="56.2233660" lon="10.2348770">
    <ele>8.0</ele>
   </trkpt>
   <trkpt lat="56.2234160" lon="10.2348640">
    <ele>8.0</ele>
   </trkpt>
   <trkpt lat="56.2234680" lon="10.2348590">
    <ele>8.0</ele>
   </trkpt>
   <trkpt lat="56.2235200" lon="10.2348580">
    <ele>8.0</ele>
   </trkpt>
   <trkpt lat="56.2235750" lon="10.2348550">
    <ele>7.8</ele>
   </trkpt>
   <trkpt lat="56.2236210" lon="10.2348520">
    <ele>7.8</ele>
   </trkpt>
   <trkpt lat="56.2236940" lon="10.2348450">
    <ele>7.8</ele>
   </trkpt>
   <trkpt lat="56.2237590" lon="10.2348370">
    <ele>7.6</ele>
   </trkpt>
   <trkpt lat="56.2238250" lon="10.2348320">
    <ele>7.4</ele>
   </trkpt>
   <trkpt lat="56.2238940" lon="10.2348260">
    <ele>7.4</ele>
   </trkpt>
   <trkpt lat="56.2239640" lon="10.2348150">
    <ele>6.8</ele>
   </trkpt>
   <trkpt lat="56.2240380" lon="10.2348050">
    <ele>6.6</ele>
   </trkpt>
   <trkpt lat="56.2241120" lon="10.2348000">
    <ele>6.0</ele>
   </trkpt>
   <trkpt lat="56.2241870" lon="10.2347960">
    <ele>5.6</ele>
   </trkpt>
   <trkpt lat="56.2242720" lon="10.2348070">
    <ele>5.0</ele>
   </trkpt>
   <trkpt lat="56.2243480" lon="10.2348070">
    <ele>4.6</ele>
   </trkpt>
   <trkpt lat="56.2244220" lon="10.2348010">
    <ele>4.2</ele>
   </trkpt>
   <trkpt lat="56.2244900" lon="10.2348080">
    <ele>4.2</ele>
   </trkpt>
   <trkpt lat="56.2245540" lon="10.2348230">
    <ele>4.2</ele>
   </trkpt>
   <trkpt lat="56.2246150" lon="10.2348290">
    <ele>4.2</ele>
   </trkpt>
   <trkpt lat="56.2246680" lon="10.2347960">
    <ele>4.2</ele>
   </trkpt>
   <trkpt lat="56.2247010" lon="10.2347170">
    <ele>4.4</ele>
   </trkpt>
   <trkpt lat="56.2247230" lon="10.2346150">
    <ele>4.4</ele>
   </trkpt>
   <trkpt lat="56.2247390" lon="10.2345060">
    <ele>4.4</ele>
   </trkpt>
   <trkpt lat="56.2247570" lon="10.2343950">
    <ele>4.4</ele>
   </trkpt>
   <trkpt lat="56.2247750" lon="10.2342830">
    <ele>4.4</ele>
   </trkpt>
   <trkpt lat="56.2247930" lon="10.2341700">
    <ele>4.2</ele>
   </trkpt>
   <trkpt lat="56.2248090" lon="10.2340530">
    <ele>4.2</ele>
   </trkpt>
   <trkpt lat="56.2248210" lon="10.2339320">
    <ele>4.2</ele>
   </trkpt>
   <trkpt lat="56.2248320" lon="10.2338100">
    <ele>4.2</ele>
   </trkpt>
   <trkpt lat="56.2248370" lon="10.2336850">
    <ele>4.0</ele>
   </trkpt>
   <trkpt lat="56.2248410" lon="10.2335600">
    <ele>4.0</ele>
   </trkpt>
   <trkpt lat="56.2248410" lon="10.2334330">
    <ele>4.0</ele>
   </trkpt>
   <trkpt lat="56.2248380" lon="10.2333070">
    <ele>3.8</ele>
   </trkpt>
   <trkpt lat="56.2248330" lon="10.2331830">
    <ele>3.6</ele>
   </trkpt>
   <trkpt lat="56.2248270" lon="10.2330580">
    <ele>3.6</ele>
   </trkpt>
   <trkpt lat="56.2248210" lon="10.2329320">
    <ele>3.2</ele>
   </trkpt>
   <trkpt lat="56.2248140" lon="10.2328050">
    <ele>3.2</ele>
   </trkpt>
   <trkpt lat="56.2248070" lon="10.2326810">
    <ele>3.2</ele>
   </trkpt>
   <trkpt lat="56.2247980" lon="10.2325570">
    <ele>3.2</ele>
   </trkpt>
   <trkpt lat="56.2247890" lon="10.2324360">
    <ele>3.2</ele>
   </trkpt>
   <trkpt lat="56.2247830" lon="10.2323170">
    <ele>3.2</ele>
   </trkpt>
   <trkpt lat="56.2247940" lon="10.2322280">
    <ele>3.2</ele>
   </trkpt>
   <trkpt lat="56.2248160" lon="10.2321860">
    <ele>3.2</ele>
   </trkpt>
   <trkpt lat="56.2248490" lon="10.2321750">
    <ele>3.2</ele>
   </trkpt>
   <trkpt lat="56.2248940" lon="10.2321760">
    <ele>3.0</ele>
   </trkpt>
   <trkpt lat="56.2249420" lon="10.2321720">
    <ele>3.0</ele>
   </trkpt>
   <trkpt lat="56.2249950" lon="10.2321610">
    <ele>3.0</ele>
   </trkpt>
   <trkpt lat="56.2250400" lon="10.2321500">
    <ele>3.0</ele>
   </trkpt>
   <trkpt lat="56.2250970" lon="10.2321370">
    <ele>3.0</ele>
   </trkpt>
   <trkpt lat="56.2251680" lon="10.2321230">
    <ele>3.0</ele>
   </trkpt>
   <trkpt lat="56.2252270" lon="10.2321110">
    <ele>2.8</ele>
   </trkpt>
   <trkpt lat="56.2252860" lon="10.2321020">
    <ele>2.8</ele>
   </trkpt>
   <trkpt lat="56.2253460" lon="10.2320900">
    <ele>2.8</ele>
   </trkpt>
   <trkpt lat="56.2254050" lon="10.2320780">
    <ele>2.8</ele>
   </trkpt>
   <trkpt lat="56.2254630" lon="10.2320660">
    <ele>2.8</ele>
   </trkpt>
   <trkpt lat="56.2255200" lon="10.2320500">
    <ele>2.8</ele>
   </trkpt>
   <trkpt lat="56.2255770" lon="10.2320280">
    <ele>3.0</ele>
   </trkpt>
   <trkpt lat="56.2256340" lon="10.2320060">
    <ele>3.4</ele>
   </trkpt>
   <trkpt lat="56.2256900" lon="10.2319820">
    <ele>3.6</ele>
   </trkpt>
   <trkpt lat="56.2257420" lon="10.2319440">
    <ele>3.6</ele>
   </trkpt>
   <trkpt lat="56.2257850" lon="10.2318820">
    <ele>3.8</ele>
   </trkpt>
   <trkpt lat="56.2258120" lon="10.2317970">
    <ele>3.8</ele>
   </trkpt>
   <trkpt lat="56.2258220" lon="10.2316950">
    <ele>4.0</ele>
   </trkpt>
   <trkpt lat="56.2258200" lon="10.2315870">
    <ele>4.0</ele>
   </trkpt>
   <trkpt lat="56.2258100" lon="10.2314760">
    <ele>4.4</ele>
   </trkpt>
   <trkpt lat="56.2258060" lon="10.2313630">
    <ele>4.4</ele>
   </trkpt>
   <trkpt lat="56.2258180" lon="10.2312520">
    <ele>4.4</ele>
   </trkpt>
   <trkpt lat="56.2258370" lon="10.2311470">
    <ele>4.4</ele>
   </trkpt>
   <trkpt lat="56.2258730" lon="10.2310540">
    <ele>4.2</ele>
   </trkpt>
   <trkpt lat="56.2259190" lon="10.2309750">
    <ele>4.2</ele>
   </trkpt>
   <trkpt lat="56.2259710" lon="10.2309080">
    <ele>4.2</ele>
   </trkpt>
   <trkpt lat="56.2260230" lon="10.2308440">
    <ele>4.2</ele>
   </trkpt>
   <trkpt lat="56.2260730" lon="10.2307720">
    <ele>4.4</ele>
   </trkpt>
   <trkpt lat="56.2261210" lon="10.2306960">
    <ele>4.4</ele>
   </trkpt>
   <trkpt lat="56.2261700" lon="10.2306200">
    <ele>4.6</ele>
   </trkpt>
   <trkpt lat="56.2262190" lon="10.2305430">
    <ele>4.6</ele>
   </trkpt>
   <trkpt lat="56.2262690" lon="10.2304670">
    <ele>4.8</ele>
   </trkpt>
   <trkpt lat="56.2263160" lon="10.2303900">
    <ele>5.0</ele>
   </trkpt>
   <trkpt lat="56.2263620" lon="10.2303110">
    <ele>5.2</ele>
   </trkpt>
   <trkpt lat="56.2264080" lon="10.2302340">
    <ele>5.2</ele>
   </trkpt>
   <trkpt lat="56.2264560" lon="10.2301620">
    <ele>5.2</ele>
   </trkpt>
   <trkpt lat="56.2265030" lon="10.2300880">
    <ele>5.4</ele>
   </trkpt>
   <trkpt lat="56.2265470" lon="10.2300130">
    <ele>5.8</ele>
   </trkpt>
   <trkpt lat="56.2265910" lon="10.2299380">
    <ele>5.8</ele>
   </trkpt>
   <trkpt lat="56.2266320" lon="10.2298670">
    <ele>6.0</ele>
   </trkpt>
   <trkpt lat="56.2266690" lon="10.2297960">
    <ele>6.2</ele>
   </trkpt>
   <trkpt lat="56.2266960" lon="10.2297220">
    <ele>6.2</ele>
   </trkpt>
   <trkpt lat="56.2267140" lon="10.2296490">
    <ele>6.6</ele>
   </trkpt>
   <trkpt lat="56.2267260" lon="10.2295870">
    <ele>7.0</ele>
   </trkpt>
   <trkpt lat="56.2267330" lon="10.2295410">
    <ele>7.2</ele>
   </trkpt>
   <trkpt lat="56.2267360" lon="10.2294980">
    <ele>7.4</ele>
   </trkpt>
   <trkpt lat="56.2267410" lon="10.2294520">
    <ele>7.6</ele>
   </trkpt>
   <trkpt lat="56.2267430" lon="10.2293980">
    <ele>8.0</ele>
   </trkpt>
   <trkpt lat="56.2267360" lon="10.2293350">
    <ele>8.0</ele>
   </trkpt>
   <trkpt lat="56.2267250" lon="10.2292680">
    <ele>8.0</ele>
   </trkpt>
   <trkpt lat="56.2267080" lon="10.2291900">
    <ele>8.0</ele>
   </trkpt>
   <trkpt lat="56.2266890" lon="10.2291020">
    <ele>8.0</ele>
   </trkpt>
   <trkpt lat="56.2266700" lon="10.2290070">
    <ele>7.8</ele>
   </trkpt>
   <trkpt lat="56.2266470" lon="10.2289070">
    <ele>7.8</ele>
   </trkpt>
   <trkpt lat="56.2266290" lon="10.2288040">
    <ele>7.8</ele>
   </trkpt>
   <trkpt lat="56.2266090" lon="10.2286970">
    <ele>7.6</ele>
   </trkpt>
   <trkpt lat="56.2265900" lon="10.2285870">
    <ele>7.4</ele>
   </trkpt>
   <trkpt lat="56.2265680" lon="10.2284770">
    <ele>7.4</ele>
   </trkpt>
   <trkpt lat="56.2265370" lon="10.2283700">
    <ele>7.4</ele>
   </trkpt>
   <trkpt lat="56.2265030" lon="10.2282650">
    <ele>7.2</ele>
   </trkpt>
   <trkpt lat="56.2264700" lon="10.2281610">
    <ele>7.2</ele>
   </trkpt>
   <trkpt lat="56.2264420" lon="10.2280550">
    <ele>7.2</ele>
   </trkpt>
   <trkpt lat="56.2264150" lon="10.2279490">
    <ele>7.2</ele>
   </trkpt>
   <trkpt lat="56.2263870" lon="10.2278440">
    <ele>7.2</ele>
   </trkpt>
   <trkpt lat="56.2263540" lon="10.2277390">
    <ele>7.4</ele>
   </trkpt>
   <trkpt lat="56.2263220" lon="10.2276340">
    <ele>7.4</ele>
   </trkpt>
   <trkpt lat="56.2262910" lon="10.2275280">
    <ele>7.6</ele>
   </trkpt>
   <trkpt lat="56.2262610" lon="10.2274200">
    <ele>7.6</ele>
   </trkpt>
   <trkpt lat="56.2262320" lon="10.2273100">
    <ele>7.8</ele>
   </trkpt>
   <trkpt lat="56.2262070" lon="10.2272230">
    <ele>7.8</ele>
   </trkpt>
   <trkpt lat="56.2261720" lon="10.2270940">
    <ele>7.8</ele>
   </trkpt>
   <trkpt lat="56.2261450" lon="10.2269850">
    <ele>8.0</ele>
   </trkpt>
   <trkpt lat="56.2261190" lon="10.2268760">
    <ele>8.0</ele>
   </trkpt>
   <trkpt lat="56.2260940" lon="10.2267690">
    <ele>8.0</ele>
   </trkpt>
   <trkpt lat="56.2260710" lon="10.2266640">
    <ele>8.2</ele>
   </trkpt>
   <trkpt lat="56.2260460" lon="10.2265580">
    <ele>8.2</ele>
   </trkpt>
   <trkpt lat="56.2260200" lon="10.2264530">
    <ele>8.4</ele>
   </trkpt>
   <trkpt lat="56.2259930" lon="10.2263480">
    <ele>8.4</ele>
   </trkpt>
   <trkpt lat="56.2259670" lon="10.2262400">
    <ele>8.6</ele>
   </trkpt>
   <trkpt lat="56.2259440" lon="10.2261280">
    <ele>8.6</ele>
   </trkpt>
   <trkpt lat="56.2259240" lon="10.2260130">
    <ele>8.6</ele>
   </trkpt>
   <trkpt lat="56.2259100" lon="10.2258940">
    <ele>8.8</ele>
   </trkpt>
   <trkpt lat="56.2259000" lon="10.2257730">
    <ele>9.0</ele>
   </trkpt>
   <trkpt lat="56.2258970" lon="10.2256500">
    <ele>9.0</ele>
   </trkpt>
   <trkpt lat="56.2259000" lon="10.2255280">
    <ele>8.8</ele>
   </trkpt>
   <trkpt lat="56.2259100" lon="10.2254060">
    <ele>8.8</ele>
   </trkpt>
   <trkpt lat="56.2259230" lon="10.2252870">
    <ele>8.8</ele>
   </trkpt>
   <trkpt lat="56.2259350" lon="10.2251920">
    <ele>8.8</ele>
   </trkpt>
   <trkpt lat="56.2259510" lon="10.2250730">
    <ele>8.6</ele>
   </trkpt>
   <trkpt lat="56.2259750" lon="10.2249330">
    <ele>8.6</ele>
   </trkpt>
   <trkpt lat="56.2259950" lon="10.2248440">
    <ele>8.4</ele>
   </trkpt>
   <trkpt lat="56.2260250" lon="10.2247060">
    <ele>8.4</ele>
   </trkpt>
   <trkpt lat="56.2260500" lon="10.2245910">
    <ele>8.4</ele>
   </trkpt>
   <trkpt lat="56.2260680" lon="10.2244980">
    <ele>8.4</ele>
   </trkpt>
   <trkpt lat="56.2260970" lon="10.2243640">
    <ele>8.4</ele>
   </trkpt>
   <trkpt lat="56.2261210" lon="10.2242550">
    <ele>8.4</ele>
   </trkpt>
   <trkpt lat="56.2261450" lon="10.2241450">
    <ele>8.4</ele>
   </trkpt>
   <trkpt lat="56.2261650" lon="10.2240580">
    <ele>8.4</ele>
   </trkpt>
   <trkpt lat="56.2261950" lon="10.2239310">
    <ele>8.4</ele>
   </trkpt>
   <trkpt lat="56.2262190" lon="10.2238250">
    <ele>8.4</ele>
   </trkpt>
   <trkpt lat="56.2262400" lon="10.2237230">
    <ele>8.4</ele>
   </trkpt>
   <trkpt lat="56.2262550" lon="10.2236410">
    <ele>8.6</ele>
   </trkpt>
   <trkpt lat="56.2262800" lon="10.2235220">
    <ele>8.8</ele>
   </trkpt>
   <trkpt lat="56.2263010" lon="10.2234270">
    <ele>8.8</ele>
   </trkpt>
   <trkpt lat="56.2263160" lon="10.2233510">
    <ele>9.4</ele>
   </trkpt>
   <trkpt lat="56.2263380" lon="10.2232390">
    <ele>9.6</ele>
   </trkpt>
   <trkpt lat="56.2263520" lon="10.2231450">
    <ele>9.8</ele>
   </trkpt>
   <trkpt lat="56.2263670" lon="10.2230510">
    <ele>9.8</ele>
   </trkpt>
   <trkpt lat="56.2263830" lon="10.2229620">
    <ele>10.0</ele>
   </trkpt>
   <trkpt lat="56.2263970" lon="10.2228920">
    <ele>10.6</ele>
   </trkpt>
   <trkpt lat="56.2264160" lon="10.2227880">
    <ele>10.8</ele>
   </trkpt>
   <trkpt lat="56.2264320" lon="10.2227020">
    <ele>10.8</ele>
   </trkpt>
   <trkpt lat="56.2264460" lon="10.2226170">
    <ele>11.2</ele>
   </trkpt>
   <trkpt lat="56.2264580" lon="10.2225290">
    <ele>11.4</ele>
   </trkpt>
   <trkpt lat="56.2264660" lon="10.2224560">
    <ele>11.6</ele>
   </trkpt>
   <trkpt lat="56.2264790" lon="10.2223440">
    <ele>11.8</ele>
   </trkpt>
   <trkpt lat="56.2264910" lon="10.2222490">
    <ele>12.0</ele>
   </trkpt>
   <trkpt lat="56.2265010" lon="10.2221740">
    <ele>12.0</ele>
   </trkpt>
   <trkpt lat="56.2265130" lon="10.2220640">
    <ele>12.2</ele>
   </trkpt>
   <trkpt lat="56.2265220" lon="10.2219710">
    <ele>12.2</ele>
   </trkpt>
   <trkpt lat="56.2265290" lon="10.2218970">
    <ele>12.4</ele>
   </trkpt>
   <trkpt lat="56.2265390" lon="10.2217850">
    <ele>12.6</ele>
   </trkpt>
   <trkpt lat="56.2265420" lon="10.2216900">
    <ele>12.6</ele>
   </trkpt>
   <trkpt lat="56.2265420" lon="10.2216120">
    <ele>12.6</ele>
   </trkpt>
   <trkpt lat="56.2265380" lon="10.2214920">
    <ele>12.6</ele>
   </trkpt>
   <trkpt lat="56.2265320" lon="10.2213890">
    <ele>12.6</ele>
   </trkpt>
   <trkpt lat="56.2265220" lon="10.2213040">
    <ele>12.4</ele>
   </trkpt>
   <trkpt lat="56.2265030" lon="10.2211750">
    <ele>12.4</ele>
   </trkpt>
   <trkpt lat="56.2264880" lon="10.2210900">
    <ele>12.4</ele>
   </trkpt>
   <trkpt lat="56.2264670" lon="10.2209850">
    <ele>12.0</ele>
   </trkpt>
   <trkpt lat="56.2264450" lon="10.2208800">
    <ele>12.0</ele>
   </trkpt>
   <trkpt lat="56.2264240" lon="10.2207760">
    <ele>12.0</ele>
   </trkpt>
   <trkpt lat="56.2264040" lon="10.2206720">
    <ele>12.0</ele>
   </trkpt>
   <trkpt lat="56.2263820" lon="10.2205660">
    <ele>12.0</ele>
   </trkpt>
   <trkpt lat="56.2263620" lon="10.2204660">
    <ele>12.0</ele>
   </trkpt>
   <trkpt lat="56.2263420" lon="10.2203650">
    <ele>11.8</ele>
   </trkpt>
   <trkpt lat="56.2263200" lon="10.2202680">
    <ele>11.8</ele>
   </trkpt>
   <trkpt lat="56.2263010" lon="10.2201710">
    <ele>11.6</ele>
   </trkpt>
   <trkpt lat="56.2262950" lon="10.2200740">
    <ele>11.6</ele>
   </trkpt>
   <trkpt lat="56.2263080" lon="10.2199860">
    <ele>11.6</ele>
   </trkpt>
   <trkpt lat="56.2263550" lon="10.2199390">
    <ele>11.6</ele>
   </trkpt>
   <trkpt lat="56.2264130" lon="10.2199410">
    <ele>11.6</ele>
   </trkpt>
   <trkpt lat="56.2264710" lon="10.2199720">
    <ele>11.8</ele>
   </trkpt>
   <trkpt lat="56.2265290" lon="10.2200180">
    <ele>12.0</ele>
   </trkpt>
   <trkpt lat="56.2265880" lon="10.2200630">
    <ele>12.2</ele>
   </trkpt>
   <trkpt lat="56.2266470" lon="10.2200980">
    <ele>12.4</ele>
   </trkpt>
   <trkpt lat="56.2267080" lon="10.2201250">
    <ele>12.4</ele>
   </trkpt>
   <trkpt lat="56.2267680" lon="10.2201390">
    <ele>12.6</ele>
   </trkpt>
   <trkpt lat="56.2268270" lon="10.2201300">
    <ele>12.6</ele>
   </trkpt>
   <trkpt lat="56.2268830" lon="10.2200950">
    <ele>12.6</ele>
   </trkpt>
   <trkpt lat="56.2269340" lon="10.2200430">
    <ele>12.6</ele>
   </trkpt>
   <trkpt lat="56.2269820" lon="10.2199780">
    <ele>12.6</ele>
   </trkpt>
   <trkpt lat="56.2270250" lon="10.2199070">
    <ele>12.8</ele>
   </trkpt>
   <trkpt lat="56.2270660" lon="10.2198330">
    <ele>13.2</ele>
   </trkpt>
   <trkpt lat="56.2271050" lon="10.2197650">
    <ele>13.4</ele>
   </trkpt>
   <trkpt lat="56.2271470" lon="10.2196990">
    <ele>13.6</ele>
   </trkpt>
   <trkpt lat="56.2271860" lon="10.2196310">
    <ele>13.8</ele>
   </trkpt>
   <trkpt lat="56.2272230" lon="10.2195590">
    <ele>14.0</ele>
   </trkpt>
   <trkpt lat="56.2272600" lon="10.2194880">
    <ele>14.2</ele>
   </trkpt>
   <trkpt lat="56.2272980" lon="10.2194220">
    <ele>14.4</ele>
   </trkpt>
   <trkpt lat="56.2273360" lon="10.2193560">
    <ele>14.6</ele>
   </trkpt>
   <trkpt lat="56.2273750" lon="10.2192940">
    <ele>14.6</ele>
   </trkpt>
   <trkpt lat="56.2274130" lon="10.2192270">
    <ele>14.8</ele>
   </trkpt>
   <trkpt lat="56.2274520" lon="10.2191580">
    <ele>14.8</ele>
   </trkpt>
   <trkpt lat="56.2274900" lon="10.2190910">
    <ele>15.0</ele>
   </trkpt>
   <trkpt lat="56.2275270" lon="10.2190240">
    <ele>15.2</ele>
   </trkpt>
   <trkpt lat="56.2275630" lon="10.2189570">
    <ele>15.2</ele>
   </trkpt>
   <trkpt lat="56.2275950" lon="10.2188900">
    <ele>15.4</ele>
   </trkpt>
   <trkpt lat="56.2276250" lon="10.2188250">
    <ele>15.8</ele>
   </trkpt>
   <trkpt lat="56.2276600" lon="10.2187480">
    <ele>16.2</ele>
   </trkpt>
   <trkpt lat="56.2276770" lon="10.2186900">
    <ele>16.6</ele>
   </trkpt>
   <trkpt lat="56.2276960" lon="10.2186180">
    <ele>17.2</ele>
   </trkpt>
   <trkpt lat="56.2277150" lon="10.2185460">
    <ele>17.8</ele>
   </trkpt>
   <trkpt lat="56.2277350" lon="10.2184750">
    <ele>18.0</ele>
   </trkpt>
   <trkpt lat="56.2277540" lon="10.2184040">
    <ele>18.4</ele>
   </trkpt>
   <trkpt lat="56.2277730" lon="10.2183310">
    <ele>18.6</ele>
   </trkpt>
   <trkpt lat="56.2277850" lon="10.2182560">
    <ele>18.8</ele>
   </trkpt>
   <trkpt lat="56.2277970" lon="10.2181770">
    <ele>19.0</ele>
   </trkpt>
   <trkpt lat="56.2278060" lon="10.2180970">
    <ele>19.4</ele>
   </trkpt>
   <trkpt lat="56.2278130" lon="10.2180160">
    <ele>19.8</ele>
   </trkpt>
   <trkpt lat="56.2278190" lon="10.2179330">
    <ele>20.0</ele>
   </trkpt>
   <trkpt lat="56.2278270" lon="10.2178520">
    <ele>20.2</ele>
   </trkpt>
   <trkpt lat="56.2278350" lon="10.2177700">
    <ele>20.8</ele>
   </trkpt>
   <trkpt lat="56.2278420" lon="10.2176860">
    <ele>21.0</ele>
   </trkpt>
   <trkpt lat="56.2278490" lon="10.2175990">
    <ele>21.4</ele>
   </trkpt>
   <trkpt lat="56.2278520" lon="10.2175100">
    <ele>21.8</ele>
   </trkpt>
   <trkpt lat="56.2278470" lon="10.2174210">
    <ele>22.0</ele>
   </trkpt>
   <trkpt lat="56.2278380" lon="10.2173330">
    <ele>22.0</ele>
   </trkpt>
   <trkpt lat="56.2278290" lon="10.2172450">
    <ele>22.2</ele>
   </trkpt>
   <trkpt lat="56.2278230" lon="10.2171570">
    <ele>22.2</ele>
   </trkpt>
   <trkpt lat="56.2278190" lon="10.2170700">
    <ele>22.2</ele>
   </trkpt>
   <trkpt lat="56.2278140" lon="10.2169830">
    <ele>22.4</ele>
   </trkpt>
   <trkpt lat="56.2278100" lon="10.2168980">
    <ele>22.4</ele>
   </trkpt>
   <trkpt lat="56.2278040" lon="10.2168120">
    <ele>22.8</ele>
   </trkpt>
   <trkpt lat="56.2278010" lon="10.2167280">
    <ele>23.0</ele>
   </trkpt>
   <trkpt lat="56.2278000" lon="10.2166430">
    <ele>23.2</ele>
   </trkpt>
   <trkpt lat="56.2277990" lon="10.2165590">
    <ele>23.2</ele>
   </trkpt>
   <trkpt lat="56.2278000" lon="10.2164750">
    <ele>23.4</ele>
   </trkpt>
   <trkpt lat="56.2278010" lon="10.2163910">
    <ele>23.6</ele>
   </trkpt>
   <trkpt lat="56.2278060" lon="10.2163100">
    <ele>23.8</ele>
   </trkpt>
   <trkpt lat="56.2278130" lon="10.2162300">
    <ele>24.0</ele>
   </trkpt>
   <trkpt lat="56.2278220" lon="10.2161500">
    <ele>24.2</ele>
   </trkpt>
   <trkpt lat="56.2278320" lon="10.2160710">
    <ele>24.4</ele>
   </trkpt>
   <trkpt lat="56.2278430" lon="10.2159910">
    <ele>24.6</ele>
   </trkpt>
   <trkpt lat="56.2278550" lon="10.2159130">
    <ele>25.0</ele>
   </trkpt>
   <trkpt lat="56.2278730" lon="10.2158180">
    <ele>25.2</ele>
   </trkpt>
   <trkpt lat="56.2278890" lon="10.2157410">
    <ele>25.4</ele>
   </trkpt>
   <trkpt lat="56.2279040" lon="10.2156820">
    <ele>25.8</ele>
   </trkpt>
   <trkpt lat="56.2279270" lon="10.2155970">
    <ele>26.0</ele>
   </trkpt>
   <trkpt lat="56.2279450" lon="10.2155340">
    <ele>26.0</ele>
   </trkpt>
   <trkpt lat="56.2279600" lon="10.2154800">
    <ele>26.6</ele>
   </trkpt>
   <trkpt lat="56.2279740" lon="10.2154370">
    <ele>26.8</ele>
   </trkpt>
   <trkpt lat="56.2279850" lon="10.2154040">
    <ele>27.0</ele>
   </trkpt>
   <trkpt lat="56.2279930" lon="10.2153790">
    <ele>27.4</ele>
   </trkpt>
   <trkpt lat="56.2280050" lon="10.2153500">
    <ele>27.6</ele>
   </trkpt>
   <trkpt lat="56.2280160" lon="10.2153240">
    <ele>27.8</ele>
   </trkpt>
   <trkpt lat="56.2280230" lon="10.2152970">
    <ele>28.0</ele>
   </trkpt>
   <trkpt lat="56.2280210" lon="10.2152670">
    <ele>28.0</ele>
   </trkpt>
   <trkpt lat="56.2280050" lon="10.2152530">
    <ele>28.0</ele>
   </trkpt>
   <trkpt lat="56.2279890" lon="10.2152760">
    <ele>28.2</ele>
   </trkpt>
   <trkpt lat="56.2279650" lon="10.2153250">
    <ele>28.4</ele>
   </trkpt>
   <trkpt lat="56.2279450" lon="10.2153770">
    <ele>28.4</ele>
   </trkpt>
   <trkpt lat="56.2279280" lon="10.2154230">
    <ele>28.4</ele>
   </trkpt>
   <trkpt lat="56.2279000" lon="10.2154980">
    <ele>28.4</ele>
   </trkpt>
   <trkpt lat="56.2278780" lon="10.2155730">
    <ele>28.4</ele>
   </trkpt>
   <trkpt lat="56.2278600" lon="10.2156380">
    <ele>28.2</ele>
   </trkpt>
   <trkpt lat="56.2278330" lon="10.2157450">
    <ele>28.0</ele>
   </trkpt>
   <trkpt lat="56.2278100" lon="10.2158440">
    <ele>27.8</ele>
   </trkpt>
   <trkpt lat="56.2277930" lon="10.2159300">
    <ele>27.4</ele>
   </trkpt>
   <trkpt lat="56.2277690" lon="10.2160680">
    <ele>27.0</ele>
   </trkpt>
   <trkpt lat="56.2277530" lon="10.2161920">
    <ele>26.8</ele>
   </trkpt>
   <trkpt lat="56.2277430" lon="10.2162990">
    <ele>26.4</ele>
   </trkpt>
   <trkpt lat="56.2277320" lon="10.2164650">
    <ele>26.0</ele>
   </trkpt>
   <trkpt lat="56.2277300" lon="10.2165830">
    <ele>25.4</ele>
   </trkpt>
   <trkpt lat="56.2277310" lon="10.2167340">
    <ele>25.2</ele>
   </trkpt>
   <trkpt lat="56.2277360" lon="10.2168900">
    <ele>25.0</ele>
   </trkpt>
   <trkpt lat="56.2277460" lon="10.2170780">
    <ele>24.4</ele>
   </trkpt>
   <trkpt lat="56.2277540" lon="10.2172060">
    <ele>23.4</ele>
   </trkpt>
   <trkpt lat="56.2277690" lon="10.2173960">
    <ele>22.6</ele>
   </trkpt>
   <trkpt lat="56.2277790" lon="10.2175490">
    <ele>22.0</ele>
   </trkpt>
   <trkpt lat="56.2277860" lon="10.2176590">
    <ele>21.6</ele>
   </trkpt>
   <trkpt lat="56.2278090" lon="10.2177980">
    <ele>21.2</ele>
   </trkpt>
   <trkpt lat="56.2278490" lon="10.2178770">
    <ele>21.2</ele>
   </trkpt>
   <trkpt lat="56.2278880" lon="10.2179100">
    <ele>21.2</ele>
   </trkpt>
   <trkpt lat="56.2279530" lon="10.2179130">
    <ele>21.2</ele>
   </trkpt>
   <trkpt lat="56.2280100" lon="10.2178850">
    <ele>21.2</ele>
   </trkpt>
   <trkpt lat="56.2280560" lon="10.2178620">
    <ele>21.6</ele>
   </trkpt>
   <trkpt lat="56.2281240" lon="10.2178260">
    <ele>22.0</ele>
   </trkpt>
   <trkpt lat="56.2281790" lon="10.2177870">
    <ele>22.2</ele>
   </trkpt>
   <trkpt lat="56.2282210" lon="10.2177480">
    <ele>22.2</ele>
   </trkpt>
   <trkpt lat="56.2282760" lon="10.2176880">
    <ele>22.2</ele>
   </trkpt>
   <trkpt lat="56.2283180" lon="10.2176280">
    <ele>22.2</ele>
   </trkpt>
   <trkpt lat="56.2283470" lon="10.2175790">
    <ele>22.4</ele>
   </trkpt>
   <trkpt lat="56.2283850" lon="10.2175180">
    <ele>22.6</ele>
   </trkpt>
   <trkpt lat="56.2284290" lon="10.2174430">
    <ele>23.0</ele>
   </trkpt>
   <trkpt lat="56.2284600" lon="10.2173940">
    <ele>23.4</ele>
   </trkpt>
   <trkpt lat="56.2285010" lon="10.2173340">
    <ele>23.6</ele>
   </trkpt>
   <trkpt lat="56.2285390" lon="10.2172690">
    <ele>23.8</ele>
   </trkpt>
   <trkpt lat="56.2285760" lon="10.2172040">
    <ele>24.2</ele>
   </trkpt>
   <trkpt lat="56.2286190" lon="10.2171210">
    <ele>25.0</ele>
   </trkpt>
   <trkpt lat="56.2286540" lon="10.2170520">
    <ele>25.6</ele>
   </trkpt>
   <trkpt lat="56.2286850" lon="10.2170000">
    <ele>26.2</ele>
   </trkpt>
   <trkpt lat="56.2287310" lon="10.2169230">
    <ele>26.2</ele>
   </trkpt>
   <trkpt lat="56.2287690" lon="10.2168580">
    <ele>26.4</ele>
   </trkpt>
   <trkpt lat="56.2287980" lon="10.2168060">
    <ele>26.4</ele>
   </trkpt>
   <trkpt lat="56.2288430" lon="10.2167250">
    <ele>26.6</ele>
   </trkpt>
   <trkpt lat="56.2288800" lon="10.2166570">
    <ele>26.6</ele>
   </trkpt>
   <trkpt lat="56.2289060" lon="10.2166000">
    <ele>26.8</ele>
   </trkpt>
   <trkpt lat="56.2289470" lon="10.2165180">
    <ele>27.2</ele>
   </trkpt>
   <trkpt lat="56.2289830" lon="10.2164570">
    <ele>27.2</ele>
   </trkpt>
   <trkpt lat="56.2290140" lon="10.2164100">
    <ele>27.8</ele>
   </trkpt>
   <trkpt lat="56.2290570" lon="10.2163390">
    <ele>28.0</ele>
   </trkpt>
   <trkpt lat="56.2290910" lon="10.2162790">
    <ele>28.4</ele>
   </trkpt>
   <trkpt lat="56.2291170" lon="10.2162320">
    <ele>28.6</ele>
   </trkpt>
   <trkpt lat="56.2291540" lon="10.2161610">
    <ele>28.8</ele>
   </trkpt>
   <trkpt lat="56.2291830" lon="10.2161020">
    <ele>29.2</ele>
   </trkpt>
   <trkpt lat="56.2292030" lon="10.2160570">
    <ele>29.2</ele>
   </trkpt>
   <trkpt lat="56.2292360" lon="10.2159900">
    <ele>29.4</ele>
   </trkpt>
   <trkpt lat="56.2292700" lon="10.2159370">
    <ele>30.2</ele>
   </trkpt>
   <trkpt lat="56.2293050" lon="10.2158800">
    <ele>30.4</ele>
   </trkpt>
   <trkpt lat="56.2293370" lon="10.2158220">
    <ele>30.6</ele>
   </trkpt>
   <trkpt lat="56.2293670" lon="10.2157640">
    <ele>31.0</ele>
   </trkpt>
   <trkpt lat="56.2293910" lon="10.2157170">
    <ele>31.2</ele>
   </trkpt>
   <trkpt lat="56.2294300" lon="10.2156480">
    <ele>31.4</ele>
   </trkpt>
   <trkpt lat="56.2294620" lon="10.2155880">
    <ele>31.6</ele>
   </trkpt>
   <trkpt lat="56.2294870" lon="10.2155410">
    <ele>32.0</ele>
   </trkpt>
   <trkpt lat="56.2295220" lon="10.2154740">
    <ele>32.2</ele>
   </trkpt>
   <trkpt lat="56.2295490" lon="10.2154140">
    <ele>32.2</ele>
   </trkpt>
   <trkpt lat="56.2295700" lon="10.2153640">
    <ele>32.2</ele>
   </trkpt>
   <trkpt lat="56.2296060" lon="10.2152910">
    <ele>32.6</ele>
   </trkpt>
   <trkpt lat="56.2296390" lon="10.2152320">
    <ele>32.8</ele>
   </trkpt>
   <trkpt lat="56.2296660" lon="10.2151840">
    <ele>32.8</ele>
   </trkpt>
   <trkpt lat="56.2297030" lon="10.2151150">
    <ele>33.0</ele>
   </trkpt>
   <trkpt lat="56.2297340" lon="10.2150530">
    <ele>33.2</ele>
   </trkpt>
   <trkpt lat="56.2297580" lon="10.2150050">
    <ele>33.4</ele>
   </trkpt>
   <trkpt lat="56.2297920" lon="10.2149320">
    <ele>33.4</ele>
   </trkpt>
   <trkpt lat="56.2298210" lon="10.2148710">
    <ele>33.6</ele>
   </trkpt>
   <trkpt lat="56.2298520" lon="10.2148100">
    <ele>34.0</ele>
   </trkpt>
   <trkpt lat="56.2298760" lon="10.2147620">
    <ele>34.2</ele>
   </trkpt>
   <trkpt lat="56.2299050" lon="10.2147010">
    <ele>34.6</ele>
   </trkpt>
   <trkpt lat="56.2299380" lon="10.2146270">
    <ele>34.8</ele>
   </trkpt>
   <trkpt lat="56.2299690" lon="10.2145650">
    <ele>35.0</ele>
   </trkpt>
   <trkpt lat="56.2299990" lon="10.2145020">
    <ele>35.0</ele>
   </trkpt>
   <trkpt lat="56.2300230" lon="10.2144530">
    <ele>35.0</ele>
   </trkpt>
   <trkpt lat="56.2300570" lon="10.2143810">
    <ele>35.0</ele>
   </trkpt>
   <trkpt lat="56.2300860" lon="10.2143190">
    <ele>35.0</ele>
   </trkpt>
   <trkpt lat="56.2301090" lon="10.2142700">
    <ele>35.2</ele>
   </trkpt>
   <trkpt lat="56.2301420" lon="10.2141960">
    <ele>35.6</ele>
   </trkpt>
   <trkpt lat="56.2301700" lon="10.2141350">
    <ele>35.8</ele>
   </trkpt>
   <trkpt lat="56.2301920" lon="10.2140860">
    <ele>35.8</ele>
   </trkpt>
   <trkpt lat="56.2302270" lon="10.2140170">
    <ele>35.8</ele>
   </trkpt>
   <trkpt lat="56.2302540" lon="10.2139590">
    <ele>35.8</ele>
   </trkpt>
   <trkpt lat="56.2302760" lon="10.2139130">
    <ele>36.0</ele>
   </trkpt>
   <trkpt lat="56.2303100" lon="10.2138450">
    <ele>36.2</ele>
   </trkpt>
   <trkpt lat="56.2303360" lon="10.2137900">
    <ele>36.6</ele>
   </trkpt>
   <trkpt lat="56.2303600" lon="10.2137370">
    <ele>37.0</ele>
   </trkpt>
   <trkpt lat="56.2303840" lon="10.2136900">
    <ele>37.6</ele>
   </trkpt>
   <trkpt lat="56.2304080" lon="10.2136480">
    <ele>38.2</ele>
   </trkpt>
   <trkpt lat="56.2304250" lon="10.2136110">
    <ele>38.6</ele>
   </trkpt>
   <trkpt lat="56.2304490" lon="10.2135570">
    <ele>39.2</ele>
   </trkpt>
   <trkpt lat="56.2304650" lon="10.2135210">
    <ele>39.4</ele>
   </trkpt>
   <trkpt lat="56.2304870" lon="10.2134820">
    <ele>39.8</ele>
   </trkpt>
   <trkpt lat="56.2305100" lon="10.2134340">
    <ele>40.2</ele>
   </trkpt>
   <trkpt lat="56.2305300" lon="10.2133910">
    <ele>40.2</ele>
   </trkpt>
   <trkpt lat="56.2305520" lon="10.2133450">
    <ele>40.2</ele>
   </trkpt>
   <trkpt lat="56.2305730" lon="10.2132980">
    <ele>40.4</ele>
   </trkpt>
   <trkpt lat="56.2305940" lon="10.2132490">
    <ele>40.8</ele>
   </trkpt>
   <trkpt lat="56.2306140" lon="10.2131980">
    <ele>41.2</ele>
   </trkpt>
   <trkpt lat="56.2306360" lon="10.2131470">
    <ele>41.2</ele>
   </trkpt>
   <trkpt lat="56.2306590" lon="10.2130960">
    <ele>41.6</ele>
   </trkpt>
   <trkpt lat="56.2306830" lon="10.2130460">
    <ele>41.8</ele>
   </trkpt>
   <trkpt lat="56.2307070" lon="10.2129950">
    <ele>42.0</ele>
   </trkpt>
   <trkpt lat="56.2307300" lon="10.2129400">
    <ele>42.4</ele>
   </trkpt>
   <trkpt lat="56.2307540" lon="10.2128860">
    <ele>42.6</ele>
   </trkpt>
   <trkpt lat="56.2307800" lon="10.2128350">
    <ele>42.8</ele>
   </trkpt>
   <trkpt lat="56.2308050" lon="10.2127850">
    <ele>43.0</ele>
   </trkpt>
   <trkpt lat="56.2308250" lon="10.2127460">
    <ele>43.2</ele>
   </trkpt>
   <trkpt lat="56.2308550" lon="10.2126860">
    <ele>43.2</ele>
   </trkpt>
   <trkpt lat="56.2308780" lon="10.2126370">
    <ele>43.4</ele>
   </trkpt>
   <trkpt lat="56.2308970" lon="10.2125970">
    <ele>43.8</ele>
   </trkpt>
   <trkpt lat="56.2309260" lon="10.2125340">
    <ele>44.0</ele>
   </trkpt>
   <trkpt lat="56.2309440" lon="10.2124890">
    <ele>44.4</ele>
   </trkpt>
   <trkpt lat="56.2309680" lon="10.2124330">
    <ele>45.0</ele>
   </trkpt>
   <trkpt lat="56.2309960" lon="10.2123670">
    <ele>45.2</ele>
   </trkpt>
   <trkpt lat="56.2310220" lon="10.2123130">
    <ele>45.4</ele>
   </trkpt>
   <trkpt lat="56.2310480" lon="10.2122610">
    <ele>45.6</ele>
   </trkpt>
   <trkpt lat="56.2310730" lon="10.2122090">
    <ele>45.6</ele>
   </trkpt>
   <trkpt lat="56.2311000" lon="10.2121570">
    <ele>45.6</ele>
   </trkpt>
   <trkpt lat="56.2311270" lon="10.2121060">
    <ele>45.6</ele>
   </trkpt>
   <trkpt lat="56.2311530" lon="10.2120490">
    <ele>45.6</ele>
   </trkpt>
   <trkpt lat="56.2311780" lon="10.2119920">
    <ele>45.6</ele>
   </trkpt>
   <trkpt lat="56.2312040" lon="10.2119410">
    <ele>45.6</ele>
   </trkpt>
   <trkpt lat="56.2312300" lon="10.2118910">
    <ele>46.0</ele>
   </trkpt>
   <trkpt lat="56.2312530" lon="10.2118350">
    <ele>46.2</ele>
   </trkpt>
   <trkpt lat="56.2312800" lon="10.2117810">
    <ele>46.4</ele>
   </trkpt>
   <trkpt lat="56.2313070" lon="10.2117260">
    <ele>46.6</ele>
   </trkpt>
   <trkpt lat="56.2313310" lon="10.2116720">
    <ele>46.8</ele>
   </trkpt>
   <trkpt lat="56.2313540" lon="10.2116160">
    <ele>47.0</ele>
   </trkpt>
   <trkpt lat="56.2313770" lon="10.2115590">
    <ele>47.0</ele>
   </trkpt>
   <trkpt lat="56.2314000" lon="10.2115000">
    <ele>47.2</ele>
   </trkpt>
   <trkpt lat="56.2314200" lon="10.2114540">
    <ele>47.4</ele>
   </trkpt>
   <trkpt lat="56.2314490" lon="10.2113910">
    <ele>47.6</ele>
   </trkpt>
   <trkpt lat="56.2314760" lon="10.2113380">
    <ele>47.8</ele>
   </trkpt>
   <trkpt lat="56.2314970" lon="10.2112950">
    <ele>48.0</ele>
   </trkpt>
   <trkpt lat="56.2315220" lon="10.2112410">
    <ele>48.2</ele>
   </trkpt>
   <trkpt lat="56.2315490" lon="10.2111800">
    <ele>48.4</ele>
   </trkpt>
   <trkpt lat="56.2315750" lon="10.2111300">
    <ele>48.4</ele>
   </trkpt>
   <trkpt lat="56.2316050" lon="10.2110810">
    <ele>48.8</ele>
   </trkpt>
   <trkpt lat="56.2316340" lon="10.2110340">
    <ele>48.8</ele>
   </trkpt>
   <trkpt lat="56.2316600" lon="10.2109900">
    <ele>49.0</ele>
   </trkpt>
   <trkpt lat="56.2316830" lon="10.2109450">
    <ele>49.2</ele>
   </trkpt>
   <trkpt lat="56.2317020" lon="10.2108960">
    <ele>49.2</ele>
   </trkpt>
   <trkpt lat="56.2317180" lon="10.2108590">
    <ele>49.6</ele>
   </trkpt>
   <trkpt lat="56.2317480" lon="10.2108080">
    <ele>49.8</ele>
   </trkpt>
   <trkpt lat="56.2317730" lon="10.2107640">
    <ele>50.0</ele>
   </trkpt>
   <trkpt lat="56.2317920" lon="10.2107300">
    <ele>50.4</ele>
   </trkpt>
   <trkpt lat="56.2318250" lon="10.2106790">
    <ele>50.6</ele>
   </trkpt>
   <trkpt lat="56.2318520" lon="10.2106350">
    <ele>50.8</ele>
   </trkpt>
   <trkpt lat="56.2318750" lon="10.2106000">
    <ele>51.0</ele>
   </trkpt>
   <trkpt lat="56.2319090" lon="10.2105480">
    <ele>51.0</ele>
   </trkpt>
   <trkpt lat="56.2319390" lon="10.2105060">
    <ele>51.0</ele>
   </trkpt>
   <trkpt lat="56.2319650" lon="10.2104750">
    <ele>51.0</ele>
   </trkpt>
   <trkpt lat="56.2320070" lon="10.2104250">
    <ele>51.0</ele>
   </trkpt>
   <trkpt lat="56.2320450" lon="10.2103800">
    <ele>51.0</ele>
   </trkpt>
   <trkpt lat="56.2320750" lon="10.2103420">
    <ele>51.0</ele>
   </trkpt>
   <trkpt lat="56.2321140" lon="10.2102930">
    <ele>50.8</ele>
   </trkpt>
   <trkpt lat="56.2321630" lon="10.2102340">
    <ele>50.4</ele>
   </trkpt>
   <trkpt lat="56.2322090" lon="10.2101840">
    <ele>50.4</ele>
   </trkpt>
   <trkpt lat="56.2322580" lon="10.2101340">
    <ele>50.2</ele>
   </trkpt>
   <trkpt lat="56.2323040" lon="10.2100760">
    <ele>50.0</ele>
   </trkpt>
   <trkpt lat="56.2323510" lon="10.2100120">
    <ele>49.4</ele>
   </trkpt>
   <trkpt lat="56.2323970" lon="10.2099440">
    <ele>49.0</ele>
   </trkpt>
   <trkpt lat="56.2324450" lon="10.2098750">
    <ele>48.8</ele>
   </trkpt>
   <trkpt lat="56.2324920" lon="10.2098020">
    <ele>48.8</ele>
   </trkpt>
   <trkpt lat="56.2325350" lon="10.2097240">
    <ele>48.6</ele>
   </trkpt>
   <trkpt lat="56.2325770" lon="10.2096440">
    <ele>48.2</ele>
   </trkpt>
   <trkpt lat="56.2326090" lon="10.2095810">
    <ele>48.2</ele>
   </trkpt>
   <trkpt lat="56.2326570" lon="10.2094920">
    <ele>48.2</ele>
   </trkpt>
   <trkpt lat="56.2326930" lon="10.2094290">
    <ele>48.2</ele>
   </trkpt>
   <trkpt lat="56.2327180" lon="10.2093830">
    <ele>48.2</ele>
   </trkpt>
   <trkpt lat="56.2327540" lon="10.2093150">
    <ele>48.4</ele>
   </trkpt>
   <trkpt lat="56.2327860" lon="10.2092560">
    <ele>48.6</ele>
   </trkpt>
   <trkpt lat="56.2328140" lon="10.2092110">
    <ele>48.6</ele>
   </trkpt>
   <trkpt lat="56.2328610" lon="10.2091470">
    <ele>48.8</ele>
   </trkpt>
   <trkpt lat="56.2329000" lon="10.2090950">
    <ele>49.2</ele>
   </trkpt>
   <trkpt lat="56.2329320" lon="10.2090510">
    <ele>49.2</ele>
   </trkpt>
   <trkpt lat="56.2329810" lon="10.2089880">
    <ele>49.4</ele>
   </trkpt>
   <trkpt lat="56.2330210" lon="10.2089410">
    <ele>49.4</ele>
   </trkpt>
   <trkpt lat="56.2330540" lon="10.2089040">
    <ele>49.4</ele>
   </trkpt>
   <trkpt lat="56.2331030" lon="10.2088490">
    <ele>49.8</ele>
   </trkpt>
   <trkpt lat="56.2331420" lon="10.2088040">
    <ele>50.0</ele>
   </trkpt>
   <trkpt lat="56.2331830" lon="10.2087580">
    <ele>50.2</ele>
   </trkpt>
   <trkpt lat="56.2332250" lon="10.2087100">
    <ele>50.6</ele>
   </trkpt>
   <trkpt lat="56.2332660" lon="10.2086640">
    <ele>50.8</ele>
   </trkpt>
   <trkpt lat="56.2332990" lon="10.2086260">
    <ele>51.2</ele>
   </trkpt>
   <trkpt lat="56.2333480" lon="10.2085700">
    <ele>51.4</ele>
   </trkpt>
   <trkpt lat="56.2333880" lon="10.2085260">
    <ele>51.6</ele>
   </trkpt>
   <trkpt lat="56.2334210" lon="10.2084930">
    <ele>52.0</ele>
   </trkpt>
   <trkpt lat="56.2334700" lon="10.2084400">
    <ele>52.0</ele>
   </trkpt>
   <trkpt lat="56.2335140" lon="10.2083940">
    <ele>52.0</ele>
   </trkpt>
   <trkpt lat="56.2335490" lon="10.2083540">
    <ele>52.0</ele>
   </trkpt>
   <trkpt lat="56.2336040" lon="10.2082920">
    <ele>52.0</ele>
   </trkpt>
   <trkpt lat="56.2336520" lon="10.2082390">
    <ele>52.0</ele>
   </trkpt>
   <trkpt lat="56.2336920" lon="10.2081980">
    <ele>51.6</ele>
   </trkpt>
   <trkpt lat="56.2337520" lon="10.2081290">
    <ele>51.2</ele>
   </trkpt>
   <trkpt lat="56.2338030" lon="10.2080720">
    <ele>50.8</ele>
   </trkpt>
   <trkpt lat="56.2338460" lon="10.2080280">
    <ele>50.6</ele>
   </trkpt>
   <trkpt lat="56.2338990" lon="10.2079730">
    <ele>50.6</ele>
   </trkpt>
   <trkpt lat="56.2339520" lon="10.2079160">
    <ele>50.6</ele>
   </trkpt>
   <trkpt lat="56.2340070" lon="10.2078580">
    <ele>50.6</ele>
   </trkpt>
   <trkpt lat="56.2340720" lon="10.2077840">
    <ele>50.4</ele>
   </trkpt>
   <trkpt lat="56.2341270" lon="10.2077230">
    <ele>50.4</ele>
   </trkpt>
   <trkpt lat="56.2341700" lon="10.2076740">
    <ele>50.4</ele>
   </trkpt>
   <trkpt lat="56.2342330" lon="10.2075990">
    <ele>50.2</ele>
   </trkpt>
   <trkpt lat="56.2342830" lon="10.2075370">
    <ele>50.2</ele>
   </trkpt>
   <trkpt lat="56.2343230" lon="10.2074900">
    <ele>50.0</ele>
   </trkpt>
   <trkpt lat="56.2343840" lon="10.2074240">
    <ele>50.0</ele>
   </trkpt>
   <trkpt lat="56.2344370" lon="10.2073700">
    <ele>50.0</ele>
   </trkpt>
   <trkpt lat="56.2344780" lon="10.2073270">
    <ele>50.0</ele>
   </trkpt>
   <trkpt lat="56.2345390" lon="10.2072600">
    <ele>50.0</ele>
   </trkpt>
   <trkpt lat="56.2345860" lon="10.2072020">
    <ele>50.2</ele>
   </trkpt>
   <trkpt lat="56.2346220" lon="10.2071570">
    <ele>50.4</ele>
   </trkpt>
   <trkpt lat="56.2346730" lon="10.2070980">
    <ele>50.4</ele>
   </trkpt>
   <trkpt lat="56.2347070" lon="10.2070850">
    <ele>50.6</ele>
   </trkpt>
   <trkpt lat="56.2347290" lon="10.2071030">
    <ele>50.6</ele>
   </trkpt>
   <trkpt lat="56.2347600" lon="10.2071220">
    <ele>50.6</ele>
   </trkpt>
   <trkpt lat="56.2347850" lon="10.2071080">
    <ele>51.0</ele>
   </trkpt>
   <trkpt lat="56.2348040" lon="10.2070780">
    <ele>51.0</ele>
   </trkpt>
   <trkpt lat="56.2348330" lon="10.2070360">
    <ele>51.2</ele>
   </trkpt>
   <trkpt lat="56.2348750" lon="10.2069900">
    <ele>51.2</ele>
   </trkpt>
   <trkpt lat="56.2349120" lon="10.2069570">
    <ele>51.2</ele>
   </trkpt>
   <trkpt lat="56.2349490" lon="10.2069200">
    <ele>51.2</ele>
   </trkpt>
   <trkpt lat="56.2349860" lon="10.2068760">
    <ele>51.4</ele>
   </trkpt>
   <trkpt lat="56.2350180" lon="10.2068410">
    <ele>51.6</ele>
   </trkpt>
   <trkpt lat="56.2350650" lon="10.2067920">
    <ele>52.0</ele>
   </trkpt>
   <trkpt lat="56.2351020" lon="10.2067510">
    <ele>52.4</ele>
   </trkpt>
   <trkpt lat="56.2351310" lon="10.2067180">
    <ele>53.0</ele>
   </trkpt>
   <trkpt lat="56.2351730" lon="10.2066680">
    <ele>53.2</ele>
   </trkpt>
   <trkpt lat="56.2352080" lon="10.2066290">
    <ele>53.2</ele>
   </trkpt>
   <trkpt lat="56.2352450" lon="10.2065890">
    <ele>53.4</ele>
   </trkpt>
   <trkpt lat="56.2352810" lon="10.2065480">
    <ele>53.6</ele>
   </trkpt>
   <trkpt lat="56.2353190" lon="10.2065080">
    <ele>54.0</ele>
   </trkpt>
   <trkpt lat="56.2353510" lon="10.2064790">
    <ele>54.0</ele>
   </trkpt>
   <trkpt lat="56.2353970" lon="10.2064280">
    <ele>54.2</ele>
   </trkpt>
   <trkpt lat="56.2354350" lon="10.2063810">
    <ele>54.6</ele>
   </trkpt>
   <trkpt lat="56.2354660" lon="10.2063460">
    <ele>54.8</ele>
   </trkpt>
   <trkpt lat="56.2355150" lon="10.2062960">
    <ele>55.0</ele>
   </trkpt>
   <trkpt lat="56.2355560" lon="10.2062520">
    <ele>55.0</ele>
   </trkpt>
   <trkpt lat="56.2355880" lon="10.2062150">
    <ele>55.0</ele>
   </trkpt>
   <trkpt lat="56.2356300" lon="10.2061670">
    <ele>55.2</ele>
   </trkpt>
   <trkpt lat="56.2356730" lon="10.2061220">
    <ele>55.4</ele>
   </trkpt>
   <trkpt lat="56.2357280" lon="10.2060720">
    <ele>55.4</ele>
   </trkpt>
   <trkpt lat="56.2357730" lon="10.2060240">
    <ele>55.4</ele>
   </trkpt>
   <trkpt lat="56.2358180" lon="10.2059710">
    <ele>55.4</ele>
   </trkpt>
   <trkpt lat="56.2358650" lon="10.2059180">
    <ele>55.4</ele>
   </trkpt>
   <trkpt lat="56.2359080" lon="10.2058660">
    <ele>55.4</ele>
   </trkpt>
   <trkpt lat="56.2359530" lon="10.2058150">
    <ele>55.4</ele>
   </trkpt>
   <trkpt lat="56.2359910" lon="10.2057720">
    <ele>55.4</ele>
   </trkpt>
   <trkpt lat="56.2360480" lon="10.2057060">
    <ele>55.2</ele>
   </trkpt>
   <trkpt lat="56.2360940" lon="10.2056570">
    <ele>55.0</ele>
   </trkpt>
   <trkpt lat="56.2361290" lon="10.2056170">
    <ele>54.8</ele>
   </trkpt>
   <trkpt lat="56.2361810" lon="10.2055610">
    <ele>54.8</ele>
   </trkpt>
   <trkpt lat="56.2362240" lon="10.2055130">
    <ele>54.8</ele>
   </trkpt>
   <trkpt lat="56.2362570" lon="10.2054760">
    <ele>54.8</ele>
   </trkpt>
   <trkpt lat="56.2363070" lon="10.2054210">
    <ele>54.8</ele>
   </trkpt>
   <trkpt lat="56.2363480" lon="10.2053760">
    <ele>54.8</ele>
   </trkpt>
   <trkpt lat="56.2363820" lon="10.2053390">
    <ele>54.8</ele>
   </trkpt>
   <trkpt lat="56.2364310" lon="10.2052830">
    <ele>54.8</ele>
   </trkpt>
   <trkpt lat="56.2364720" lon="10.2052350">
    <ele>55.0</ele>
   </trkpt>
   <trkpt lat="56.2365040" lon="10.2051990">
    <ele>55.2</ele>
   </trkpt>
   <trkpt lat="56.2365540" lon="10.2051410">
    <ele>55.8</ele>
   </trkpt>
   <trkpt lat="56.2365960" lon="10.2050920">
    <ele>56.0</ele>
   </trkpt>
   <trkpt lat="56.2366310" lon="10.2050530">
    <ele>56.0</ele>
   </trkpt>
   <trkpt lat="56.2366850" lon="10.2049940">
    <ele>56.0</ele>
   </trkpt>
   <trkpt lat="56.2367310" lon="10.2049480">
    <ele>56.0</ele>
   </trkpt>
   <trkpt lat="56.2367670" lon="10.2049100">
    <ele>55.8</ele>
   </trkpt>
   <trkpt lat="56.2368220" lon="10.2048490">
    <ele>55.6</ele>
   </trkpt>
   <trkpt lat="56.2368690" lon="10.2047980">
    <ele>55.6</ele>
   </trkpt>
   <trkpt lat="56.2369050" lon="10.2047550">
    <ele>55.6</ele>
   </trkpt>
   <trkpt lat="56.2369610" lon="10.2046930">
    <ele>55.6</ele>
   </trkpt>
   <trkpt lat="56.2370090" lon="10.2046430">
    <ele>55.8</ele>
   </trkpt>
   <trkpt lat="56.2370560" lon="10.2045920">
    <ele>55.8</ele>
   </trkpt>
   <trkpt lat="56.2371030" lon="10.2045350">
    <ele>55.8</ele>
   </trkpt>
   <trkpt lat="56.2371490" lon="10.2044820">
    <ele>55.8</ele>
   </trkpt>
   <trkpt lat="56.2371850" lon="10.2044430">
    <ele>55.8</ele>
   </trkpt>
   <trkpt lat="56.2372250" lon="10.2043850">
    <ele>55.8</ele>
   </trkpt>
   <trkpt lat="56.2372360" lon="10.2043390">
    <ele>55.8</ele>
   </trkpt>
   <trkpt lat="56.2372330" lon="10.2042980">
    <ele>55.8</ele>
   </trkpt>
   <trkpt lat="56.2372330" lon="10.2042600">
    <ele>56.2</ele>
   </trkpt>
   <trkpt lat="56.2372470" lon="10.2042270">
    <ele>56.6</ele>
   </trkpt>
   <trkpt lat="56.2372690" lon="10.2042000">
    <ele>57.0</ele>
   </trkpt>
   <trkpt lat="56.2372970" lon="10.2041700">
    <ele>57.0</ele>
   </trkpt>
   <trkpt lat="56.2373310" lon="10.2041400">
    <ele>57.0</ele>
   </trkpt>
   <trkpt lat="56.2373620" lon="10.2041130">
    <ele>57.0</ele>
   </trkpt>
   <trkpt lat="56.2374010" lon="10.2040720">
    <ele>57.0</ele>
   </trkpt>
   <trkpt lat="56.2374480" lon="10.2040140">
    <ele>56.8</ele>
   </trkpt>
   <trkpt lat="56.2374890" lon="10.2039640">
    <ele>56.8</ele>
   </trkpt>
   <trkpt lat="56.2375310" lon="10.2039180">
    <ele>56.8</ele>
   </trkpt>
   <trkpt lat="56.2375760" lon="10.2038720">
    <ele>56.6</ele>
   </trkpt>
   <trkpt lat="56.2376220" lon="10.2038240">
    <ele>56.6</ele>
   </trkpt>
   <trkpt lat="56.2376580" lon="10.2037850">
    <ele>56.6</ele>
   </trkpt>
   <trkpt lat="56.2377140" lon="10.2037240">
    <ele>56.4</ele>
   </trkpt>
   <trkpt lat="56.2377600" lon="10.2036730">
    <ele>56.4</ele>
   </trkpt>
   <trkpt lat="56.2378070" lon="10.2036240">
    <ele>56.4</ele>
   </trkpt>
   <trkpt lat="56.2378530" lon="10.2035760">
    <ele>56.6</ele>
   </trkpt>
   <trkpt lat="56.2379000" lon="10.2035250">
    <ele>56.4</ele>
   </trkpt>
   <trkpt lat="56.2379440" lon="10.2034750">
    <ele>56.6</ele>
   </trkpt>
   <trkpt lat="56.2379880" lon="10.2034250">
    <ele>56.6</ele>
   </trkpt>
   <trkpt lat="56.2380360" lon="10.2033790">
    <ele>56.6</ele>
   </trkpt>
   <trkpt lat="56.2380720" lon="10.2033390">
    <ele>56.6</ele>
   </trkpt>
   <trkpt lat="56.2381270" lon="10.2032750">
    <ele>56.8</ele>
   </trkpt>
   <trkpt lat="56.2381710" lon="10.2032230">
    <ele>56.8</ele>
   </trkpt>
   <trkpt lat="56.2382060" lon="10.2031820">
    <ele>56.8</ele>
   </trkpt>
   <trkpt lat="56.2382600" lon="10.2031240">
    <ele>57.0</ele>
   </trkpt>
   <trkpt lat="56.2382970" lon="10.2030860">
    <ele>57.0</ele>
   </trkpt>
   <trkpt lat="56.2383410" lon="10.2030370">
    <ele>57.0</ele>
   </trkpt>
   <trkpt lat="56.2383920" lon="10.2029750">
    <ele>57.0</ele>
   </trkpt>
   <trkpt lat="56.2384360" lon="10.2029270">
    <ele>57.2</ele>
   </trkpt>
   <trkpt lat="56.2384730" lon="10.2028920">
    <ele>57.2</ele>
   </trkpt>
   <trkpt lat="56.2385280" lon="10.2028380">
    <ele>57.2</ele>
   </trkpt>
   <trkpt lat="56.2385710" lon="10.2027910">
    <ele>57.4</ele>
   </trkpt>
   <trkpt lat="56.2386050" lon="10.2027490">
    <ele>57.8</ele>
   </trkpt>
   <trkpt lat="56.2386550" lon="10.2026890">
    <ele>58.0</ele>
   </trkpt>
   <trkpt lat="56.2386970" lon="10.2026430">
    <ele>58.2</ele>
   </trkpt>
   <trkpt lat="56.2387300" lon="10.2026080">
    <ele>58.4</ele>
   </trkpt>
   <trkpt lat="56.2387790" lon="10.2025530">
    <ele>58.6</ele>
   </trkpt>
   <trkpt lat="56.2388220" lon="10.2025050">
    <ele>58.8</ele>
   </trkpt>
   <trkpt lat="56.2388540" lon="10.2024670">
    <ele>59.0</ele>
   </trkpt>
   <trkpt lat="56.2389020" lon="10.2024120">
    <ele>59.2</ele>
   </trkpt>
   <trkpt lat="56.2389410" lon="10.2023680">
    <ele>59.6</ele>
   </trkpt>
   <trkpt lat="56.2389710" lon="10.2023320">
    <ele>60.0</ele>
   </trkpt>
   <trkpt lat="56.2390160" lon="10.2022800">
    <ele>60.0</ele>
   </trkpt>
   <trkpt lat="56.2390540" lon="10.2022390">
    <ele>60.4</ele>
   </trkpt>
   <trkpt lat="56.2390860" lon="10.2022050">
    <ele>60.6</ele>
   </trkpt>
   <trkpt lat="56.2391310" lon="10.2021580">
    <ele>61.0</ele>
   </trkpt>
   <trkpt lat="56.2391680" lon="10.2021190">
    <ele>61.2</ele>
   </trkpt>
   <trkpt lat="56.2391970" lon="10.2020840">
    <ele>61.6</ele>
   </trkpt>
   <trkpt lat="56.2392320" lon="10.2020430">
    <ele>61.8</ele>
   </trkpt>
   <trkpt lat="56.2392710" lon="10.2019920">
    <ele>62.0</ele>
   </trkpt>
   <trkpt lat="56.2392980" lon="10.2019570">
    <ele>62.4</ele>
   </trkpt>
   <trkpt lat="56.2393380" lon="10.2019080">
    <ele>62.6</ele>
   </trkpt>
   <trkpt lat="56.2393710" lon="10.2018720">
    <ele>63.0</ele>
   </trkpt>
   <trkpt lat="56.2393970" lon="10.2018390">
    <ele>63.2</ele>
   </trkpt>
   <trkpt lat="56.2394370" lon="10.2017880">
    <ele>63.6</ele>
   </trkpt>
   <trkpt lat="56.2394690" lon="10.2017470">
    <ele>63.8</ele>
   </trkpt>
   <trkpt lat="56.2394990" lon="10.2017020">
    <ele>64.0</ele>
   </trkpt>
   <trkpt lat="56.2395320" lon="10.2016610">
    <ele>64.2</ele>
   </trkpt>
   <trkpt lat="56.2395670" lon="10.2016300">
    <ele>64.2</ele>
   </trkpt>
   <trkpt lat="56.2396000" lon="10.2016040">
    <ele>64.6</ele>
   </trkpt>
   <trkpt lat="56.2396330" lon="10.2015810">
    <ele>64.8</ele>
   </trkpt>
   <trkpt lat="56.2396650" lon="10.2015550">
    <ele>65.2</ele>
   </trkpt>
   <trkpt lat="56.2396950" lon="10.2015240">
    <ele>65.2</ele>
   </trkpt>
   <trkpt lat="56.2397260" lon="10.2014890">
    <ele>65.6</ele>
   </trkpt>
   <trkpt lat="56.2397580" lon="10.2014530">
    <ele>66.0</ele>
   </trkpt>
   <trkpt lat="56.2397850" lon="10.2014250">
    <ele>66.4</ele>
   </trkpt>
   <trkpt lat="56.2398250" lon="10.2013830">
    <ele>66.6</ele>
   </trkpt>
   <trkpt lat="56.2398570" lon="10.2013450">
    <ele>67.0</ele>
   </trkpt>
   <trkpt lat="56.2398820" lon="10.2013150">
    <ele>67.4</ele>
   </trkpt>
   <trkpt lat="56.2399140" lon="10.2012790">
    <ele>67.4</ele>
   </trkpt>
   <trkpt lat="56.2399520" lon="10.2012380">
    <ele>67.6</ele>
   </trkpt>
   <trkpt lat="56.2399820" lon="10.2012020">
    <ele>67.6</ele>
   </trkpt>
   <trkpt lat="56.2400130" lon="10.2011660">
    <ele>67.6</ele>
   </trkpt>
   <trkpt lat="56.2400470" lon="10.2011320">
    <ele>67.6</ele>
   </trkpt>
   <trkpt lat="56.2400810" lon="10.2010960">
    <ele>67.8</ele>
   </trkpt>
   <trkpt lat="56.2401160" lon="10.2010610">
    <ele>67.8</ele>
   </trkpt>
   <trkpt lat="56.2401510" lon="10.2010240">
    <ele>68.0</ele>
   </trkpt>
   <trkpt lat="56.2401790" lon="10.2009940">
    <ele>68.0</ele>
   </trkpt>
   <trkpt lat="56.2402240" lon="10.2009460">
    <ele>68.2</ele>
   </trkpt>
   <trkpt lat="56.2402620" lon="10.2009020">
    <ele>68.2</ele>
   </trkpt>
   <trkpt lat="56.2403030" lon="10.2008560">
    <ele>68.2</ele>
   </trkpt>
   <trkpt lat="56.2403470" lon="10.2008100">
    <ele>68.2</ele>
   </trkpt>
   <trkpt lat="56.2403920" lon="10.2007610">
    <ele>68.2</ele>
   </trkpt>
   <trkpt lat="56.2404380" lon="10.2007120">
    <ele>68.0</ele>
   </trkpt>
   <trkpt lat="56.2404850" lon="10.2006590">
    <ele>68.0</ele>
   </trkpt>
   <trkpt lat="56.2405330" lon="10.2006050">
    <ele>67.6</ele>
   </trkpt>
   <trkpt lat="56.2405730" lon="10.2005650">
    <ele>67.4</ele>
   </trkpt>
   <trkpt lat="56.2406360" lon="10.2005060">
    <ele>67.2</ele>
   </trkpt>
   <trkpt lat="56.2406890" lon="10.2004510">
    <ele>67.0</ele>
   </trkpt>
   <trkpt lat="56.2407300" lon="10.2004010">
    <ele>67.0</ele>
   </trkpt>
   <trkpt lat="56.2407770" lon="10.2003360">
    <ele>67.0</ele>
   </trkpt>
   <trkpt lat="56.2408270" lon="10.2002770">
    <ele>67.0</ele>
   </trkpt>
   <trkpt lat="56.2408910" lon="10.2002270">
    <ele>67.0</ele>
   </trkpt>
   <trkpt lat="56.2409460" lon="10.2001910">
    <ele>66.8</ele>
   </trkpt>
   <trkpt lat="56.2409970" lon="10.2001460">
    <ele>66.8</ele>
   </trkpt>
   <trkpt lat="56.2410430" lon="10.2000930">
    <ele>66.8</ele>
   </trkpt>
   <trkpt lat="56.2410870" lon="10.2000390">
    <ele>66.8</ele>
   </trkpt>
   <trkpt lat="56.2411310" lon="10.1999890">
    <ele>66.8</ele>
   </trkpt>
   <trkpt lat="56.2411770" lon="10.1999430">
    <ele>66.8</ele>
   </trkpt>
   <trkpt lat="56.2412240" lon="10.1999040">
    <ele>66.8</ele>
   </trkpt>
   <trkpt lat="56.2412730" lon="10.1998710">
    <ele>67.2</ele>
   </trkpt>
   <trkpt lat="56.2413100" lon="10.1998400">
    <ele>67.2</ele>
   </trkpt>
   <trkpt lat="56.2413640" lon="10.1997910">
    <ele>67.6</ele>
   </trkpt>
   <trkpt lat="56.2414060" lon="10.1997460">
    <ele>67.6</ele>
   </trkpt>
   <trkpt lat="56.2414460" lon="10.1996960">
    <ele>67.8</ele>
   </trkpt>
   <trkpt lat="56.2414860" lon="10.1996420">
    <ele>67.8</ele>
   </trkpt>
   <trkpt lat="56.2415240" lon="10.1995850">
    <ele>68.0</ele>
   </trkpt>
   <trkpt lat="56.2415590" lon="10.1995240">
    <ele>68.2</ele>
   </trkpt>
   <trkpt lat="56.2415920" lon="10.1994600">
    <ele>68.2</ele>
   </trkpt>
   <trkpt lat="56.2416210" lon="10.1993930">
    <ele>68.2</ele>
   </trkpt>
   <trkpt lat="56.2416410" lon="10.1993360">
    <ele>68.2</ele>
   </trkpt>
   <trkpt lat="56.2416730" lon="10.1992550">
    <ele>68.4</ele>
   </trkpt>
   <trkpt lat="56.2417050" lon="10.1992000">
    <ele>68.6</ele>
   </trkpt>
   <trkpt lat="56.2417440" lon="10.1991610">
    <ele>68.8</ele>
   </trkpt>
   <trkpt lat="56.2417890" lon="10.1991500">
    <ele>69.0</ele>
   </trkpt>
   <trkpt lat="56.2418350" lon="10.1991610">
    <ele>69.6</ele>
   </trkpt>
   <trkpt lat="56.2418820" lon="10.1991850">
    <ele>69.8</ele>
   </trkpt>
   <trkpt lat="56.2419300" lon="10.1992090">
    <ele>70.0</ele>
   </trkpt>
   <trkpt lat="56.2419790" lon="10.1992330">
    <ele>70.6</ele>
   </trkpt>
   <trkpt lat="56.2420260" lon="10.1992570">
    <ele>71.0</ele>
   </trkpt>
   <trkpt lat="56.2420740" lon="10.1992820">
    <ele>71.0</ele>
   </trkpt>
   <trkpt lat="56.2421240" lon="10.1993050">
    <ele>71.0</ele>
   </trkpt>
   <trkpt lat="56.2421730" lon="10.1993270">
    <ele>71.2</ele>
   </trkpt>
   <trkpt lat="56.2422210" lon="10.1993510">
    <ele>71.2</ele>
   </trkpt>
   <trkpt lat="56.2422700" lon="10.1993710">
    <ele>71.2</ele>
   </trkpt>
   <trkpt lat="56.2423190" lon="10.1993960">
    <ele>71.2</ele>
   </trkpt>
   <trkpt lat="56.2423660" lon="10.1994240">
    <ele>71.4</ele>
   </trkpt>
   <trkpt lat="56.2424130" lon="10.1994480">
    <ele>71.6</ele>
   </trkpt>
   <trkpt lat="56.2424610" lon="10.1994730">
    <ele>71.8</ele>
   </trkpt>
   <trkpt lat="56.2425090" lon="10.1994970">
    <ele>72.0</ele>
   </trkpt>
   <trkpt lat="56.2425590" lon="10.1995190">
    <ele>72.0</ele>
   </trkpt>
   <trkpt lat="56.2426080" lon="10.1995430">
    <ele>72.0</ele>
   </trkpt>
   <trkpt lat="56.2426470" lon="10.1995660">
    <ele>72.0</ele>
   </trkpt>
   <trkpt lat="56.2426960" lon="10.1995930">
    <ele>72.2</ele>
   </trkpt>
   <trkpt lat="56.2427530" lon="10.1996320">
    <ele>72.4</ele>
   </trkpt>
   <trkpt lat="56.2428000" lon="10.1996660">
    <ele>72.6</ele>
   </trkpt>
   <trkpt lat="56.2428440" lon="10.1997040">
    <ele>72.8</ele>
   </trkpt>
   <trkpt lat="56.2428890" lon="10.1997490">
    <ele>72.8</ele>
   </trkpt>
   <trkpt lat="56.2429320" lon="10.1997990">
    <ele>73.0</ele>
   </trkpt>
   <trkpt lat="56.2429740" lon="10.1998550">
    <ele>73.0</ele>
   </trkpt>
   <trkpt lat="56.2430140" lon="10.1999160">
    <ele>73.2</ele>
   </trkpt>
   <trkpt lat="56.2430530" lon="10.1999800">
    <ele>73.2</ele>
   </trkpt>
   <trkpt lat="56.2430950" lon="10.2000410">
    <ele>73.2</ele>
   </trkpt>
   <trkpt lat="56.2431310" lon="10.2000870">
    <ele>73.2</ele>
   </trkpt>
   <trkpt lat="56.2431860" lon="10.2001540">
    <ele>73.2</ele>
   </trkpt>
   <trkpt lat="56.2432310" lon="10.2002090">
    <ele>73.2</ele>
   </trkpt>
   <trkpt lat="56.2432800" lon="10.2002550">
    <ele>73.2</ele>
   </trkpt>
   <trkpt lat="56.2433310" lon="10.2002950">
    <ele>73.2</ele>
   </trkpt>
   <trkpt lat="56.2433840" lon="10.2003320">
    <ele>73.4</ele>
   </trkpt>
   <trkpt lat="56.2434350" lon="10.2003730">
    <ele>73.4</ele>
   </trkpt>
   <trkpt lat="56.2434860" lon="10.2004170">
    <ele>73.4</ele>
   </trkpt>
   <trkpt lat="56.2435370" lon="10.2004600">
    <ele>73.4</ele>
   </trkpt>
   <trkpt lat="56.2435910" lon="10.2004940">
    <ele>73.4</ele>
   </trkpt>
   <trkpt lat="56.2436460" lon="10.2005270">
    <ele>73.6</ele>
   </trkpt>
   <trkpt lat="56.2437020" lon="10.2005640">
    <ele>73.4</ele>
   </trkpt>
   <trkpt lat="56.2437580" lon="10.2006020">
    <ele>73.4</ele>
   </trkpt>
   <trkpt lat="56.2438150" lon="10.2006380">
    <ele>73.4</ele>
   </trkpt>
   <trkpt lat="56.2438700" lon="10.2006720">
    <ele>73.4</ele>
   </trkpt>
   <trkpt lat="56.2439260" lon="10.2007020">
    <ele>73.4</ele>
   </trkpt>
   <trkpt lat="56.2439800" lon="10.2007300">
    <ele>73.4</ele>
   </trkpt>
   <trkpt lat="56.2440330" lon="10.2007570">
    <ele>73.4</ele>
   </trkpt>
   <trkpt lat="56.2440900" lon="10.2007810">
    <ele>73.4</ele>
   </trkpt>
   <trkpt lat="56.2441480" lon="10.2008040">
    <ele>73.4</ele>
   </trkpt>
   <trkpt lat="56.2442090" lon="10.2008250">
    <ele>73.4</ele>
   </trkpt>
   <trkpt lat="56.2442730" lon="10.2008500">
    <ele>73.4</ele>
   </trkpt>
   <trkpt lat="56.2443390" lon="10.2008760">
    <ele>73.0</ele>
   </trkpt>
   <trkpt lat="56.2444090" lon="10.2009010">
    <ele>72.6</ele>
   </trkpt>
   <trkpt lat="56.2444800" lon="10.2009340">
    <ele>72.0</ele>
   </trkpt>
   <trkpt lat="56.2445540" lon="10.2009770">
    <ele>71.4</ele>
   </trkpt>
   <trkpt lat="56.2446270" lon="10.2010200">
    <ele>71.0</ele>
   </trkpt>
   <trkpt lat="56.2447000" lon="10.2010640">
    <ele>70.0</ele>
   </trkpt>
   <trkpt lat="56.2447690" lon="10.2011170">
    <ele>69.8</ele>
   </trkpt>
   <trkpt lat="56.2448360" lon="10.2011750">
    <ele>69.8</ele>
   </trkpt>
   <trkpt lat="56.2449040" lon="10.2012330">
    <ele>69.6</ele>
   </trkpt>
   <trkpt lat="56.2449710" lon="10.2012930">
    <ele>69.6</ele>
   </trkpt>
   <trkpt lat="56.2450230" lon="10.2013400">
    <ele>69.6</ele>
   </trkpt>
   <trkpt lat="56.2450900" lon="10.2013960">
    <ele>69.6</ele>
   </trkpt>
   <trkpt lat="56.2451690" lon="10.2014660">
    <ele>69.6</ele>
   </trkpt>
   <trkpt lat="56.2452330" lon="10.2015220">
    <ele>69.8</ele>
   </trkpt>
   <trkpt lat="56.2452960" lon="10.2015760">
    <ele>69.8</ele>
   </trkpt>
   <trkpt lat="56.2453470" lon="10.2016190">
    <ele>70.0</ele>
   </trkpt>
   <trkpt lat="56.2454240" lon="10.2016830">
    <ele>70.0</ele>
   </trkpt>
   <trkpt lat="56.2454880" lon="10.2017360">
    <ele>70.4</ele>
   </trkpt>
   <trkpt lat="56.2455530" lon="10.2017900">
    <ele>70.8</ele>
   </trkpt>
   <trkpt lat="56.2456210" lon="10.2018420">
    <ele>70.8</ele>
   </trkpt>
   <trkpt lat="56.2456890" lon="10.2018960">
    <ele>70.8</ele>
   </trkpt>
   <trkpt lat="56.2457580" lon="10.2019510">
    <ele>70.8</ele>
   </trkpt>
   <trkpt lat="56.2458270" lon="10.2020060">
    <ele>70.6</ele>
   </trkpt>
   <trkpt lat="56.2458960" lon="10.2020610">
    <ele>70.4</ele>
   </trkpt>
   <trkpt lat="56.2459500" lon="10.2021040">
    <ele>70.2</ele>
   </trkpt>
   <trkpt lat="56.2460330" lon="10.2021690">
    <ele>70.2</ele>
   </trkpt>
   <trkpt lat="56.2461020" lon="10.2022240">
    <ele>70.0</ele>
   </trkpt>
   <trkpt lat="56.2461560" lon="10.2022660">
    <ele>69.8</ele>
   </trkpt>
   <trkpt lat="56.2462360" lon="10.2023300">
    <ele>69.8</ele>
   </trkpt>
   <trkpt lat="56.2463020" lon="10.2023840">
    <ele>69.8</ele>
   </trkpt>
   <trkpt lat="56.2463530" lon="10.2024260">
    <ele>69.8</ele>
   </trkpt>
   <trkpt lat="56.2464310" lon="10.2024910">
    <ele>69.8</ele>
   </trkpt>
   <trkpt lat="56.2464810" lon="10.2025370">
    <ele>69.8</ele>
   </trkpt>
   <trkpt lat="56.2465560" lon="10.2026100">
    <ele>70.0</ele>
   </trkpt>
   <trkpt lat="56.2466160" lon="10.2026790">
    <ele>70.0</ele>
   </trkpt>
   <trkpt lat="56.2466720" lon="10.2027590">
    <ele>70.2</ele>
   </trkpt>
   <trkpt lat="56.2467140" lon="10.2028320">
    <ele>70.2</ele>
   </trkpt>
   <trkpt lat="56.2467720" lon="10.2029480">
    <ele>70.2</ele>
   </trkpt>
   <trkpt lat="56.2468140" lon="10.2030530">
    <ele>70.2</ele>
   </trkpt>
   <trkpt lat="56.2468460" lon="10.2031400">
    <ele>70.2</ele>
   </trkpt>
   <trkpt lat="56.2468940" lon="10.2032740">
    <ele>70.2</ele>
   </trkpt>
   <trkpt lat="56.2469340" lon="10.2033880">
    <ele>70.2</ele>
   </trkpt>
   <trkpt lat="56.2469670" lon="10.2034790">
    <ele>70.2</ele>
   </trkpt>
   <trkpt lat="56.2470160" lon="10.2036170">
    <ele>70.2</ele>
   </trkpt>
   <trkpt lat="56.2470570" lon="10.2037360">
    <ele>70.0</ele>
   </trkpt>
   <trkpt lat="56.2470890" lon="10.2038310">
    <ele>69.8</ele>
   </trkpt>
   <trkpt lat="56.2471410" lon="10.2039750">
    <ele>69.4</ele>
   </trkpt>
   <trkpt lat="56.2471850" lon="10.2040950">
    <ele>69.4</ele>
   </trkpt>
   <trkpt lat="56.2472230" lon="10.2041910">
    <ele>69.2</ele>
   </trkpt>
   <trkpt lat="56.2472790" lon="10.2043340">
    <ele>69.2</ele>
   </trkpt>
   <trkpt lat="56.2473220" lon="10.2044600">
    <ele>69.2</ele>
   </trkpt>
   <trkpt lat="56.2473550" lon="10.2045590">
    <ele>68.8</ele>
   </trkpt>
   <trkpt lat="56.2474060" lon="10.2047020">
    <ele>68.8</ele>
   </trkpt>
   <trkpt lat="56.2474410" lon="10.2047960">
    <ele>68.8</ele>
   </trkpt>
   <trkpt lat="56.2474860" lon="10.2049130">
    <ele>68.6</ele>
   </trkpt>
   <trkpt lat="56.2475390" lon="10.2050530">
    <ele>68.4</ele>
   </trkpt>
   <trkpt lat="56.2475800" lon="10.2051700">
    <ele>68.4</ele>
   </trkpt>
   <trkpt lat="56.2476200" lon="10.2052860">
    <ele>68.4</ele>
   </trkpt>
   <trkpt lat="56.2476610" lon="10.2054020">
    <ele>68.2</ele>
   </trkpt>
   <trkpt lat="56.2477030" lon="10.2055170">
    <ele>68.2</ele>
   </trkpt>
   <trkpt lat="56.2477440" lon="10.2056300">
    <ele>68.2</ele>
   </trkpt>
   <trkpt lat="56.2477850" lon="10.2057450">
    <ele>68.2</ele>
   </trkpt>
   <trkpt lat="56.2478250" lon="10.2058600">
    <ele>68.2</ele>
   </trkpt>
   <trkpt lat="56.2478590" lon="10.2059500">
    <ele>68.0</ele>
   </trkpt>
   <trkpt lat="56.2479100" lon="10.2060840">
    <ele>68.0</ele>
   </trkpt>
   <trkpt lat="56.2479530" lon="10.2061980">
    <ele>68.0</ele>
   </trkpt>
   <trkpt lat="56.2479860" lon="10.2062880">
    <ele>68.0</ele>
   </trkpt>
   <trkpt lat="56.2480370" lon="10.2064200">
    <ele>68.0</ele>
   </trkpt>
   <trkpt lat="56.2480780" lon="10.2065290">
    <ele>68.0</ele>
   </trkpt>
   <trkpt lat="56.2481080" lon="10.2066160">
    <ele>68.2</ele>
   </trkpt>
   <trkpt lat="56.2481550" lon="10.2067430">
    <ele>68.2</ele>
   </trkpt>
   <trkpt lat="56.2481930" lon="10.2068480">
    <ele>68.2</ele>
   </trkpt>
   <trkpt lat="56.2482240" lon="10.2069300">
    <ele>68.2</ele>
   </trkpt>
   <trkpt lat="56.2482730" lon="10.2070460">
    <ele>68.2</ele>
   </trkpt>
   <trkpt lat="56.2483230" lon="10.2071310">
    <ele>68.2</ele>
   </trkpt>
   <trkpt lat="56.2483670" lon="10.2071810">
    <ele>68.2</ele>
   </trkpt>
   <trkpt lat="56.2484410" lon="10.2072270">
    <ele>68.2</ele>
   </trkpt>
   <trkpt lat="56.2485050" lon="10.2072390">
    <ele>68.2</ele>
   </trkpt>
   <trkpt lat="56.2485700" lon="10.2072360">
    <ele>68.2</ele>
   </trkpt>
   <trkpt lat="56.2486350" lon="10.2072210">
    <ele>68.4</ele>
   </trkpt>
   <trkpt lat="56.2486990" lon="10.2072020">
    <ele>68.4</ele>
   </trkpt>
   <trkpt lat="56.2487490" lon="10.2071860">
    <ele>69.0</ele>
   </trkpt>
   <trkpt lat="56.2488270" lon="10.2071660">
    <ele>69.0</ele>
   </trkpt>
   <trkpt lat="56.2488940" lon="10.2071480">
    <ele>69.2</ele>
   </trkpt>
   <trkpt lat="56.2489460" lon="10.2071300">
    <ele>69.4</ele>
   </trkpt>
   <trkpt lat="56.2490250" lon="10.2071060">
    <ele>69.6</ele>
   </trkpt>
   <trkpt lat="56.2490920" lon="10.2070910">
    <ele>69.6</ele>
   </trkpt>
   <trkpt lat="56.2491610" lon="10.2070760">
    <ele>69.6</ele>
   </trkpt>
   <trkpt lat="56.2492280" lon="10.2070570">
    <ele>69.8</ele>
   </trkpt>
   <trkpt lat="56.2492990" lon="10.2070350">
    <ele>69.8</ele>
   </trkpt>
   <trkpt lat="56.2493670" lon="10.2070170">
    <ele>69.6</ele>
   </trkpt>
   <trkpt lat="56.2494330" lon="10.2069950">
    <ele>69.6</ele>
   </trkpt>
   <trkpt lat="56.2494980" lon="10.2069720">
    <ele>69.8</ele>
   </trkpt>
   <trkpt lat="56.2495630" lon="10.2069530">
    <ele>69.8</ele>
   </trkpt>
   <trkpt lat="56.2496300" lon="10.2069340">
    <ele>70.0</ele>
   </trkpt>
   <trkpt lat="56.2496990" lon="10.2069150">
    <ele>70.0</ele>
   </trkpt>
   <trkpt lat="56.2497540" lon="10.2068970">
    <ele>70.2</ele>
   </trkpt>
   <trkpt lat="56.2498230" lon="10.2068760">
    <ele>70.4</ele>
   </trkpt>
   <trkpt lat="56.2499060" lon="10.2068540">
    <ele>70.4</ele>
   </trkpt>
   <trkpt lat="56.2499740" lon="10.2068360">
    <ele>70.4</ele>
   </trkpt>
   <trkpt lat="56.2500270" lon="10.2068210">
    <ele>70.4</ele>
   </trkpt>
   <trkpt lat="56.2501090" lon="10.2067960">
    <ele>70.4</ele>
   </trkpt>
   <trkpt lat="56.2501800" lon="10.2067750">
    <ele>70.4</ele>
   </trkpt>
   <trkpt lat="56.2502520" lon="10.2067580">
    <ele>70.4</ele>
   </trkpt>
   <trkpt lat="56.2503240" lon="10.2067450">
    <ele>70.6</ele>
   </trkpt>
   <trkpt lat="56.2503910" lon="10.2067300">
    <ele>70.6</ele>
   </trkpt>
   <trkpt lat="56.2504420" lon="10.2067140">
    <ele>70.6</ele>
   </trkpt>
   <trkpt lat="56.2505210" lon="10.2066890">
    <ele>70.6</ele>
   </trkpt>
   <trkpt lat="56.2505890" lon="10.2066590">
    <ele>70.8</ele>
   </trkpt>
   <trkpt lat="56.2506380" lon="10.2066360">
    <ele>70.8</ele>
   </trkpt>
   <trkpt lat="56.2507150" lon="10.2066030">
    <ele>71.0</ele>
   </trkpt>
   <trkpt lat="56.2507820" lon="10.2065700">
    <ele>71.0</ele>
   </trkpt>
   <trkpt lat="56.2508350" lon="10.2065360">
    <ele>71.0</ele>
   </trkpt>
   <trkpt lat="56.2509090" lon="10.2064790">
    <ele>71.0</ele>
   </trkpt>
   <trkpt lat="56.2509730" lon="10.2064230">
    <ele>71.0</ele>
   </trkpt>
   <trkpt lat="56.2510190" lon="10.2063780">
    <ele>71.0</ele>
   </trkpt>
   <trkpt lat="56.2510920" lon="10.2063160">
    <ele>71.0</ele>
   </trkpt>
   <trkpt lat="56.2511530" lon="10.2062690">
    <ele>71.0</ele>
   </trkpt>
   <trkpt lat="56.2512020" lon="10.2062260">
    <ele>71.2</ele>
   </trkpt>
   <trkpt lat="56.2512740" lon="10.2061590">
    <ele>71.2</ele>
   </trkpt>
   <trkpt lat="56.2513330" lon="10.2060950">
    <ele>71.2</ele>
   </trkpt>
   <trkpt lat="56.2513810" lon="10.2060510">
    <ele>71.2</ele>
   </trkpt>
   <trkpt lat="56.2514550" lon="10.2059870">
    <ele>71.2</ele>
   </trkpt>
   <trkpt lat="56.2515160" lon="10.2059280">
    <ele>71.2</ele>
   </trkpt>
   <trkpt lat="56.2515730" lon="10.2058700">
    <ele>71.2</ele>
   </trkpt>
   <trkpt lat="56.2516340" lon="10.2058160">
    <ele>71.2</ele>
   </trkpt>
   <trkpt lat="56.2516930" lon="10.2057570">
    <ele>71.2</ele>
   </trkpt>
   <trkpt lat="56.2517520" lon="10.2057010">
    <ele>71.0</ele>
   </trkpt>
   <trkpt lat="56.2518130" lon="10.2056460">
    <ele>71.2</ele>
   </trkpt>
   <trkpt lat="56.2518750" lon="10.2055940">
    <ele>71.2</ele>
   </trkpt>
   <trkpt lat="56.2519400" lon="10.2055480">
    <ele>71.2</ele>
   </trkpt>
   <trkpt lat="56.2520050" lon="10.2055070">
    <ele>71.2</ele>
   </trkpt>
   <trkpt lat="56.2520730" lon="10.2054780">
    <ele>71.2</ele>
   </trkpt>
   <trkpt lat="56.2521430" lon="10.2054560">
    <ele>71.2</ele>
   </trkpt>
   <trkpt lat="56.2522130" lon="10.2054430">
    <ele>71.0</ele>
   </trkpt>
   <trkpt lat="56.2522830" lon="10.2054440">
    <ele>71.0</ele>
   </trkpt>
   <trkpt lat="56.2523550" lon="10.2054510">
    <ele>71.0</ele>
   </trkpt>
   <trkpt lat="56.2524270" lon="10.2054650">
    <ele>71.0</ele>
   </trkpt>
   <trkpt lat="56.2524980" lon="10.2054820">
    <ele>71.0</ele>
   </trkpt>
   <trkpt lat="56.2525550" lon="10.2054980">
    <ele>70.8</ele>
   </trkpt>
   <trkpt lat="56.2526270" lon="10.2055170">
    <ele>70.8</ele>
   </trkpt>
   <trkpt lat="56.2527100" lon="10.2055370">
    <ele>70.6</ele>
   </trkpt>
   <trkpt lat="56.2527780" lon="10.2055520">
    <ele>70.2</ele>
   </trkpt>
   <trkpt lat="56.2528460" lon="10.2055680">
    <ele>70.2</ele>
   </trkpt>
   <trkpt lat="56.2529160" lon="10.2055830">
    <ele>70.2</ele>
   </trkpt>
   <trkpt lat="56.2529850" lon="10.2055980">
    <ele>70.2</ele>
   </trkpt>
   <trkpt lat="56.2530530" lon="10.2056120">
    <ele>70.2</ele>
   </trkpt>
   <trkpt lat="56.2531230" lon="10.2056280">
    <ele>70.2</ele>
   </trkpt>
   <trkpt lat="56.2531920" lon="10.2056420">
    <ele>70.2</ele>
   </trkpt>
   <trkpt lat="56.2532620" lon="10.2056550">
    <ele>70.2</ele>
   </trkpt>
   <trkpt lat="56.2533330" lon="10.2056710">
    <ele>70.0</ele>
   </trkpt>
   <trkpt lat="56.2534050" lon="10.2056870">
    <ele>70.0</ele>
   </trkpt>
   <trkpt lat="56.2534630" lon="10.2057000">
    <ele>70.0</ele>
   </trkpt>
   <trkpt lat="56.2535480" lon="10.2057170">
    <ele>69.8</ele>
   </trkpt>
   <trkpt lat="56.2536200" lon="10.2057320">
    <ele>69.6</ele>
   </trkpt>
   <trkpt lat="56.2536780" lon="10.2057450">
    <ele>69.4</ele>
   </trkpt>
   <trkpt lat="56.2537650" lon="10.2057650">
    <ele>69.4</ele>
   </trkpt>
   <trkpt lat="56.2538380" lon="10.2057810">
    <ele>69.2</ele>
   </trkpt>
   <trkpt lat="56.2538960" lon="10.2057940">
    <ele>69.0</ele>
   </trkpt>
   <trkpt lat="56.2539850" lon="10.2058100">
    <ele>68.8</ele>
   </trkpt>
   <trkpt lat="56.2540580" lon="10.2058230">
    <ele>68.4</ele>
   </trkpt>
   <trkpt lat="56.2541180" lon="10.2058340">
    <ele>68.0</ele>
   </trkpt>
   <trkpt lat="56.2541930" lon="10.2058450">
    <ele>68.0</ele>
   </trkpt>
   <trkpt lat="56.2542840" lon="10.2058530">
    <ele>67.8</ele>
   </trkpt>
   <trkpt lat="56.2543450" lon="10.2058560">
    <ele>67.8</ele>
   </trkpt>
   <trkpt lat="56.2544390" lon="10.2058500">
    <ele>67.4</ele>
   </trkpt>
   <trkpt lat="56.2545170" lon="10.2058330">
    <ele>67.2</ele>
   </trkpt>
   <trkpt lat="56.2545800" lon="10.2058160">
    <ele>66.6</ele>
   </trkpt>
   <trkpt lat="56.2546750" lon="10.2057850">
    <ele>66.2</ele>
   </trkpt>
   <trkpt lat="56.2547550" lon="10.2057570">
    <ele>65.6</ele>
   </trkpt>
   <trkpt lat="56.2548190" lon="10.2057360">
    <ele>65.2</ele>
   </trkpt>
   <trkpt lat="56.2549170" lon="10.2057050">
    <ele>65.2</ele>
   </trkpt>
   <trkpt lat="56.2550010" lon="10.2056780">
    <ele>65.0</ele>
   </trkpt>
   <trkpt lat="56.2550700" lon="10.2056550">
    <ele>64.6</ele>
   </trkpt>
   <trkpt lat="56.2551730" lon="10.2056190">
    <ele>64.2</ele>
   </trkpt>
   <trkpt lat="56.2552620" lon="10.2055910">
    <ele>63.8</ele>
   </trkpt>
   <trkpt lat="56.2553320" lon="10.2055670">
    <ele>63.4</ele>
   </trkpt>
   <trkpt lat="56.2554380" lon="10.2055340">
    <ele>63.0</ele>
   </trkpt>
   <trkpt lat="56.2555290" lon="10.2055090">
    <ele>62.4</ele>
   </trkpt>
   <trkpt lat="56.2556020" lon="10.2054880">
    <ele>62.2</ele>
   </trkpt>
   <trkpt lat="56.2557120" lon="10.2054540">
    <ele>62.0</ele>
   </trkpt>
   <trkpt lat="56.2558040" lon="10.2054220">
    <ele>61.6</ele>
   </trkpt>
   <trkpt lat="56.2558800" lon="10.2053990">
    <ele>61.2</ele>
   </trkpt>
   <trkpt lat="56.2559750" lon="10.2053730">
    <ele>60.6</ele>
   </trkpt>
   <trkpt lat="56.2560910" lon="10.2053400">
    <ele>60.2</ele>
   </trkpt>
   <trkpt lat="56.2561880" lon="10.2053070">
    <ele>59.8</ele>
   </trkpt>
   <trkpt lat="56.2562870" lon="10.2052710">
    <ele>59.2</ele>
   </trkpt>
   <trkpt lat="56.2563880" lon="10.2052430">
    <ele>58.8</ele>
   </trkpt>
   <trkpt lat="56.2564890" lon="10.2052210">
    <ele>58.0</ele>
   </trkpt>
   <trkpt lat="56.2565930" lon="10.2052100">
    <ele>57.4</ele>
   </trkpt>
   <trkpt lat="56.2566990" lon="10.2052090">
    <ele>57.0</ele>
   </trkpt>
   <trkpt lat="56.2568040" lon="10.2052150">
    <ele>56.6</ele>
   </trkpt>
   <trkpt lat="56.2569100" lon="10.2052310">
    <ele>55.8</ele>
   </trkpt>
   <trkpt lat="56.2570190" lon="10.2052470">
    <ele>54.6</ele>
   </trkpt>
   <trkpt lat="56.2571300" lon="10.2052630">
    <ele>54.0</ele>
   </trkpt>
   <trkpt lat="56.2572410" lon="10.2052760">
    <ele>53.2</ele>
   </trkpt>
   <trkpt lat="56.2573500" lon="10.2052900">
    <ele>52.8</ele>
   </trkpt>
   <trkpt lat="56.2574570" lon="10.2053020">
    <ele>52.2</ele>
   </trkpt>
   <trkpt lat="56.2575400" lon="10.2053140">
    <ele>51.8</ele>
   </trkpt>
   <trkpt lat="56.2576660" lon="10.2053270">
    <ele>51.4</ele>
   </trkpt>
   <trkpt lat="56.2577680" lon="10.2053390">
    <ele>51.4</ele>
   </trkpt>
   <trkpt lat="56.2578510" lon="10.2053480">
    <ele>51.4</ele>
   </trkpt>
   <trkpt lat="56.2579750" lon="10.2053600">
    <ele>51.2</ele>
   </trkpt>
   <trkpt lat="56.2580730" lon="10.2053680">
    <ele>51.2</ele>
   </trkpt>
   <trkpt lat="56.2581490" lon="10.2053790">
    <ele>51.2</ele>
   </trkpt>
   <trkpt lat="56.2582410" lon="10.2053830">
    <ele>51.2</ele>
   </trkpt>
   <trkpt lat="56.2583520" lon="10.2053830">
    <ele>51.2</ele>
   </trkpt>
   <trkpt lat="56.2584390" lon="10.2053940">
    <ele>51.2</ele>
   </trkpt>
   <trkpt lat="56.2585260" lon="10.2054060">
    <ele>51.4</ele>
   </trkpt>
   <trkpt lat="56.2586110" lon="10.2054140">
    <ele>51.6</ele>
   </trkpt>
   <trkpt lat="56.2586760" lon="10.2054170">
    <ele>52.0</ele>
   </trkpt>
   <trkpt lat="56.2587730" lon="10.2054190">
    <ele>52.0</ele>
   </trkpt>
   <trkpt lat="56.2588500" lon="10.2054230">
    <ele>52.2</ele>
   </trkpt>
   <trkpt lat="56.2589240" lon="10.2054310">
    <ele>52.6</ele>
   </trkpt>
   <trkpt lat="56.2589940" lon="10.2054410">
    <ele>53.0</ele>
   </trkpt>
   <trkpt lat="56.2590620" lon="10.2054510">
    <ele>53.2</ele>
   </trkpt>
   <trkpt lat="56.2591280" lon="10.2054580">
    <ele>53.6</ele>
   </trkpt>
   <trkpt lat="56.2591910" lon="10.2054640">
    <ele>53.8</ele>
   </trkpt>
   <trkpt lat="56.2592490" lon="10.2054690">
    <ele>54.6</ele>
   </trkpt>
   <trkpt lat="56.2593060" lon="10.2054750">
    <ele>54.8</ele>
   </trkpt>
   <trkpt lat="56.2593620" lon="10.2054840">
    <ele>55.0</ele>
   </trkpt>
   <trkpt lat="56.2594180" lon="10.2055000">
    <ele>55.4</ele>
   </trkpt>
   <trkpt lat="56.2594590" lon="10.2055160">
    <ele>55.8</ele>
   </trkpt>
   <trkpt lat="56.2595210" lon="10.2055370">
    <ele>56.2</ele>
   </trkpt>
   <trkpt lat="56.2595710" lon="10.2055570">
    <ele>56.8</ele>
   </trkpt>
   <trkpt lat="56.2596100" lon="10.2055740">
    <ele>57.0</ele>
   </trkpt>
   <trkpt lat="56.2596580" lon="10.2055960">
    <ele>57.4</ele>
   </trkpt>
   <trkpt lat="56.2597160" lon="10.2056220">
    <ele>58.2</ele>
   </trkpt>
   <trkpt lat="56.2597630" lon="10.2056470">
    <ele>58.2</ele>
   </trkpt>
   <trkpt lat="56.2598100" lon="10.2056750">
    <ele>58.6</ele>
   </trkpt>
   <trkpt lat="56.2598550" lon="10.2056990">
    <ele>58.8</ele>
   </trkpt>
   <trkpt lat="56.2598910" lon="10.2057210">
    <ele>59.0</ele>
   </trkpt>
   <trkpt lat="56.2599470" lon="10.2057580">
    <ele>59.0</ele>
   </trkpt>
   <trkpt lat="56.2599930" lon="10.2057890">
    <ele>59.4</ele>
   </trkpt>
   <trkpt lat="56.2600300" lon="10.2058120">
    <ele>60.0</ele>
   </trkpt>
   <trkpt lat="56.2600850" lon="10.2058470">
    <ele>60.4</ele>
   </trkpt>
   <trkpt lat="56.2601290" lon="10.2058800">
    <ele>60.4</ele>
   </trkpt>
   <trkpt lat="56.2601640" lon="10.2059050">
    <ele>60.6</ele>
   </trkpt>
   <trkpt lat="56.2602170" lon="10.2059430">
    <ele>60.8</ele>
   </trkpt>
   <trkpt lat="56.2602620" lon="10.2059760">
    <ele>61.2</ele>
   </trkpt>
   <trkpt lat="56.2603080" lon="10.2060070">
    <ele>61.4</ele>
   </trkpt>
   <trkpt lat="56.2603540" lon="10.2060360">
    <ele>61.6</ele>
   </trkpt>
   <trkpt lat="56.2603990" lon="10.2060660">
    <ele>62.2</ele>
   </trkpt>
   <trkpt lat="56.2604350" lon="10.2060920">
    <ele>62.2</ele>
   </trkpt>
   <trkpt lat="56.2604870" lon="10.2061290">
    <ele>62.6</ele>
   </trkpt>
   <trkpt lat="56.2605300" lon="10.2061590">
    <ele>63.0</ele>
   </trkpt>
   <trkpt lat="56.2605640" lon="10.2061810">
    <ele>63.0</ele>
   </trkpt>
   <trkpt lat="56.2606070" lon="10.2062100">
    <ele>63.2</ele>
   </trkpt>
   <trkpt lat="56.2606580" lon="10.2062430">
    <ele>63.4</ele>
   </trkpt>
   <trkpt lat="56.2606900" lon="10.2062670">
    <ele>63.6</ele>
   </trkpt>
   <trkpt lat="56.2607420" lon="10.2063020">
    <ele>63.8</ele>
   </trkpt>
   <trkpt lat="56.2607830" lon="10.2063300">
    <ele>64.0</ele>
   </trkpt>
   <trkpt lat="56.2608150" lon="10.2063520">
    <ele>64.4</ele>
   </trkpt>
   <trkpt lat="56.2608650" lon="10.2063830">
    <ele>64.4</ele>
   </trkpt>
   <trkpt lat="56.2609050" lon="10.2064070">
    <ele>64.6</ele>
   </trkpt>
   <trkpt lat="56.2609370" lon="10.2064260">
    <ele>64.6</ele>
   </trkpt>
   <trkpt lat="56.2609840" lon="10.2064600">
    <ele>64.8</ele>
   </trkpt>
   <trkpt lat="56.2610230" lon="10.2064880">
    <ele>65.0</ele>
   </trkpt>
   <trkpt lat="56.2610520" lon="10.2065110">
    <ele>65.4</ele>
   </trkpt>
   <trkpt lat="56.2610980" lon="10.2065440">
    <ele>65.4</ele>
   </trkpt>
   <trkpt lat="56.2611360" lon="10.2065670">
    <ele>65.4</ele>
   </trkpt>
   <trkpt lat="56.2611660" lon="10.2065860">
    <ele>65.6</ele>
   </trkpt>
   <trkpt lat="56.2612120" lon="10.2066150">
    <ele>65.6</ele>
   </trkpt>
   <trkpt lat="56.2612490" lon="10.2066430">
    <ele>65.8</ele>
   </trkpt>
   <trkpt lat="56.2612790" lon="10.2066630">
    <ele>66.2</ele>
   </trkpt>
   <trkpt lat="56.2613260" lon="10.2066920">
    <ele>66.2</ele>
   </trkpt>
   <trkpt lat="56.2613630" lon="10.2067160">
    <ele>66.8</ele>
   </trkpt>
   <trkpt lat="56.2613940" lon="10.2067360">
    <ele>67.0</ele>
   </trkpt>
   <trkpt lat="56.2614310" lon="10.2067630">
    <ele>67.4</ele>
   </trkpt>
   <trkpt lat="56.2614680" lon="10.2067910">
    <ele>67.6</ele>
   </trkpt>
   <trkpt lat="56.2615060" lon="10.2068190">
    <ele>67.8</ele>
   </trkpt>
   <trkpt lat="56.2615530" lon="10.2068540">
    <ele>68.0</ele>
   </trkpt>
   <trkpt lat="56.2615930" lon="10.2068790">
    <ele>68.2</ele>
   </trkpt>
   <trkpt lat="56.2616340" lon="10.2069020">
    <ele>68.4</ele>
   </trkpt>
   <trkpt lat="56.2616730" lon="10.2069290">
    <ele>68.6</ele>
   </trkpt>
   <trkpt lat="56.2617110" lon="10.2069530">
    <ele>68.6</ele>
   </trkpt>
   <trkpt lat="56.2617510" lon="10.2069760">
    <ele>68.6</ele>
   </trkpt>
   <trkpt lat="56.2617900" lon="10.2070020">
    <ele>68.6</ele>
   </trkpt>
   <trkpt lat="56.2618290" lon="10.2070310">
    <ele>68.8</ele>
   </trkpt>
   <trkpt lat="56.2618610" lon="10.2070520">
    <ele>68.8</ele>
   </trkpt>
   <trkpt lat="56.2619100" lon="10.2070820">
    <ele>68.8</ele>
   </trkpt>
   <trkpt lat="56.2619520" lon="10.2071080">
    <ele>69.2</ele>
   </trkpt>
   <trkpt lat="56.2619840" lon="10.2071320">
    <ele>69.4</ele>
   </trkpt>
   <trkpt lat="56.2620250" lon="10.2071600">
    <ele>69.4</ele>
   </trkpt>
   <trkpt lat="56.2620650" lon="10.2071860">
    <ele>69.6</ele>
   </trkpt>
   <trkpt lat="56.2621060" lon="10.2072140">
    <ele>69.6</ele>
   </trkpt>
   <trkpt lat="56.2621470" lon="10.2072460">
    <ele>69.8</ele>
   </trkpt>
   <trkpt lat="56.2621880" lon="10.2072760">
    <ele>69.8</ele>
   </trkpt>
   <trkpt lat="56.2622310" lon="10.2073010">
    <ele>69.8</ele>
   </trkpt>
   <trkpt lat="56.2622730" lon="10.2073250">
    <ele>70.0</ele>
   </trkpt>
   <trkpt lat="56.2623140" lon="10.2073510">
    <ele>70.0</ele>
   </trkpt>
   <trkpt lat="56.2623550" lon="10.2073810">
    <ele>70.0</ele>
   </trkpt>
   <trkpt lat="56.2623950" lon="10.2074100">
    <ele>70.2</ele>
   </trkpt>
   <trkpt lat="56.2624360" lon="10.2074360">
    <ele>70.4</ele>
   </trkpt>
   <trkpt lat="56.2624760" lon="10.2074610">
    <ele>70.8</ele>
   </trkpt>
   <trkpt lat="56.2625150" lon="10.2074870">
    <ele>71.2</ele>
   </trkpt>
   <trkpt lat="56.2625560" lon="10.2075110">
    <ele>71.2</ele>
   </trkpt>
   <trkpt lat="56.2625950" lon="10.2075280">
    <ele>71.2</ele>
   </trkpt>
   <trkpt lat="56.2626360" lon="10.2075390">
    <ele>71.4</ele>
   </trkpt>
   <trkpt lat="56.2626780" lon="10.2075480">
    <ele>71.4</ele>
   </trkpt>
   <trkpt lat="56.2627200" lon="10.2075550">
    <ele>71.4</ele>
   </trkpt>
   <trkpt lat="56.2627650" lon="10.2075620">
    <ele>71.8</ele>
   </trkpt>
   <trkpt lat="56.2628100" lon="10.2075680">
    <ele>72.2</ele>
   </trkpt>
   <trkpt lat="56.2628560" lon="10.2075690">
    <ele>72.2</ele>
   </trkpt>
   <trkpt lat="56.2629020" lon="10.2075670">
    <ele>72.6</ele>
   </trkpt>
   <trkpt lat="56.2629490" lon="10.2075700">
    <ele>72.8</ele>
   </trkpt>
   <trkpt lat="56.2629970" lon="10.2075700">
    <ele>72.8</ele>
   </trkpt>
   <trkpt lat="56.2630460" lon="10.2075690">
    <ele>72.8</ele>
   </trkpt>
   <trkpt lat="56.2630950" lon="10.2075700">
    <ele>72.8</ele>
   </trkpt>
   <trkpt lat="56.2631460" lon="10.2075700">
    <ele>72.8</ele>
   </trkpt>
   <trkpt lat="56.2631960" lon="10.2075720">
    <ele>73.0</ele>
   </trkpt>
   <trkpt lat="56.2632450" lon="10.2075710">
    <ele>73.4</ele>
   </trkpt>
   <trkpt lat="56.2633030" lon="10.2075610">
    <ele>73.4</ele>
   </trkpt>
   <trkpt lat="56.2633510" lon="10.2075590">
    <ele>73.4</ele>
   </trkpt>
   <trkpt lat="56.2633990" lon="10.2075670">
    <ele>73.4</ele>
   </trkpt>
   <trkpt lat="56.2634470" lon="10.2075790">
    <ele>73.4</ele>
   </trkpt>
   <trkpt lat="56.2634920" lon="10.2075870">
    <ele>73.6</ele>
   </trkpt>
   <trkpt lat="56.2635390" lon="10.2075950">
    <ele>73.6</ele>
   </trkpt>
   <trkpt lat="56.2635830" lon="10.2075960">
    <ele>73.8</ele>
   </trkpt>
   <trkpt lat="56.2636280" lon="10.2075930">
    <ele>73.8</ele>
   </trkpt>
   <trkpt lat="56.2636700" lon="10.2075950">
    <ele>74.2</ele>
   </trkpt>
   <trkpt lat="56.2637110" lon="10.2076010">
    <ele>74.4</ele>
   </trkpt>
   <trkpt lat="56.2637540" lon="10.2076050">
    <ele>74.6</ele>
   </trkpt>
   <trkpt lat="56.2637960" lon="10.2076050">
    <ele>74.8</ele>
   </trkpt>
   <trkpt lat="56.2638350" lon="10.2076030">
    <ele>75.2</ele>
   </trkpt>
   <trkpt lat="56.2638730" lon="10.2075990">
    <ele>75.2</ele>
   </trkpt>
   <trkpt lat="56.2639140" lon="10.2075960">
    <ele>75.4</ele>
   </trkpt>
   <trkpt lat="56.2639540" lon="10.2075960">
    <ele>75.8</ele>
   </trkpt>
   <trkpt lat="56.2639950" lon="10.2075940">
    <ele>76.0</ele>
   </trkpt>
   <trkpt lat="56.2640340" lon="10.2075950">
    <ele>76.2</ele>
   </trkpt>
   <trkpt lat="56.2640750" lon="10.2076000">
    <ele>76.4</ele>
   </trkpt>
   <trkpt lat="56.2641170" lon="10.2076000">
    <ele>76.4</ele>
   </trkpt>
   <trkpt lat="56.2641620" lon="10.2075930">
    <ele>77.0</ele>
   </trkpt>
   <trkpt lat="56.2642070" lon="10.2075870">
    <ele>77.0</ele>
   </trkpt>
   <trkpt lat="56.2642550" lon="10.2075820">
    <ele>77.2</ele>
   </trkpt>
   <trkpt lat="56.2643040" lon="10.2075770">
    <ele>77.4</ele>
   </trkpt>
   <trkpt lat="56.2643560" lon="10.2075710">
    <ele>77.4</ele>
   </trkpt>
   <trkpt lat="56.2644080" lon="10.2075640">
    <ele>77.4</ele>
   </trkpt>
   <trkpt lat="56.2644630" lon="10.2075550">
    <ele>77.4</ele>
   </trkpt>
   <trkpt lat="56.2645220" lon="10.2075460">
    <ele>77.2</ele>
   </trkpt>
   <trkpt lat="56.2645870" lon="10.2075350">
    <ele>77.0</ele>
   </trkpt>
   <trkpt lat="56.2646520" lon="10.2075290">
    <ele>76.8</ele>
   </trkpt>
   <trkpt lat="56.2647200" lon="10.2075230">
    <ele>76.4</ele>
   </trkpt>
   <trkpt lat="56.2647920" lon="10.2075200">
    <ele>76.0</ele>
   </trkpt>
   <trkpt lat="56.2648670" lon="10.2075130">
    <ele>75.6</ele>
   </trkpt>
   <trkpt lat="56.2649440" lon="10.2075020">
    <ele>75.2</ele>
   </trkpt>
   <trkpt lat="56.2650270" lon="10.2074880">
    <ele>74.6</ele>
   </trkpt>
   <trkpt lat="56.2651170" lon="10.2074720">
    <ele>73.6</ele>
   </trkpt>
   <trkpt lat="56.2652120" lon="10.2074540">
    <ele>73.2</ele>
   </trkpt>
   <trkpt lat="56.2653040" lon="10.2074340">
    <ele>71.8</ele>
   </trkpt>
   <trkpt lat="56.2653960" lon="10.2074090">
    <ele>71.2</ele>
   </trkpt>
   <trkpt lat="56.2654960" lon="10.2073720">
    <ele>70.4</ele>
   </trkpt>
   <trkpt lat="56.2656000" lon="10.2073230">
    <ele>69.6</ele>
   </trkpt>
   <trkpt lat="56.2657060" lon="10.2072700">
    <ele>68.8</ele>
   </trkpt>
   <trkpt lat="56.2658120" lon="10.2072090">
    <ele>67.4</ele>
   </trkpt>
   <trkpt lat="56.2659190" lon="10.2071410">
    <ele>66.4</ele>
   </trkpt>
   <trkpt lat="56.2660290" lon="10.2070710">
    <ele>65.2</ele>
   </trkpt>
   <trkpt lat="56.2661380" lon="10.2070000">
    <ele>64.0</ele>
   </trkpt>
   <trkpt lat="56.2662450" lon="10.2069260">
    <ele>63.0</ele>
   </trkpt>
   <trkpt lat="56.2663510" lon="10.2068540">
    <ele>61.4</ele>
   </trkpt>
   <trkpt lat="56.2664560" lon="10.2067870">
    <ele>60.2</ele>
   </trkpt>
   <trkpt lat="56.2665600" lon="10.2067240">
    <ele>59.0</ele>
   </trkpt>
   <trkpt lat="56.2666620" lon="10.2066670">
    <ele>58.0</ele>
   </trkpt>
   <trkpt lat="56.2667620" lon="10.2066200">
    <ele>58.0</ele>
   </trkpt>
   <trkpt lat="56.2668540" lon="10.2065820">
    <ele>58.0</ele>
   </trkpt>
   <trkpt lat="56.2669390" lon="10.2065560">
    <ele>58.0</ele>
   </trkpt>
   <trkpt lat="56.2670090" lon="10.2065320">
    <ele>58.4</ele>
   </trkpt>
   <trkpt lat="56.2670610" lon="10.2064820">
    <ele>58.8</ele>
   </trkpt>
   <trkpt lat="56.2670930" lon="10.2064000">
    <ele>59.2</ele>
   </trkpt>
   <trkpt lat="56.2671030" lon="10.2062970">
    <ele>59.2</ele>
   </trkpt>
   <trkpt lat="56.2671000" lon="10.2061910">
    <ele>59.4</ele>
   </trkpt>
   <trkpt lat="56.2670960" lon="10.2060770">
    <ele>59.4</ele>
   </trkpt>
   <trkpt lat="56.2670940" lon="10.2059630">
    <ele>59.4</ele>
   </trkpt>
   <trkpt lat="56.2670920" lon="10.2058460">
    <ele>59.4</ele>
   </trkpt>
   <trkpt lat="56.2670910" lon="10.2057250">
    <ele>59.4</ele>
   </trkpt>
   <trkpt lat="56.2670910" lon="10.2056080">
    <ele>59.2</ele>
   </trkpt>
   <trkpt lat="56.2670880" lon="10.2054910">
    <ele>59.0</ele>
   </trkpt>
   <trkpt lat="56.2670860" lon="10.2053740">
    <ele>59.0</ele>
   </trkpt>
   <trkpt lat="56.2670850" lon="10.2052590">
    <ele>59.0</ele>
   </trkpt>
   <trkpt lat="56.2670830" lon="10.2051430">
    <ele>59.0</ele>
   </trkpt>
   <trkpt lat="56.2670810" lon="10.2050240">
    <ele>59.4</ele>
   </trkpt>
   <trkpt lat="56.2670770" lon="10.2049010">
    <ele>59.8</ele>
   </trkpt>
   <trkpt lat="56.2670740" lon="10.2047760">
    <ele>59.8</ele>
   </trkpt>
   <trkpt lat="56.2670710" lon="10.2046490">
    <ele>59.8</ele>
   </trkpt>
   <trkpt lat="56.2670700" lon="10.2045190">
    <ele>59.8</ele>
   </trkpt>
   <trkpt lat="56.2670690" lon="10.2043890">
    <ele>59.4</ele>
   </trkpt>
   <trkpt lat="56.2670690" lon="10.2042600">
    <ele>59.0</ele>
   </trkpt>
   <trkpt lat="56.2670690" lon="10.2041340">
    <ele>59.0</ele>
   </trkpt>
   <trkpt lat="56.2670710" lon="10.2040040">
    <ele>58.6</ele>
   </trkpt>
   <trkpt lat="56.2670740" lon="10.2038730">
    <ele>58.6</ele>
   </trkpt>
   <trkpt lat="56.2670810" lon="10.2037430">
    <ele>58.4</ele>
   </trkpt>
   <trkpt lat="56.2670920" lon="10.2036140">
    <ele>58.2</ele>
   </trkpt>
   <trkpt lat="56.2671070" lon="10.2034900">
    <ele>58.0</ele>
   </trkpt>
   <trkpt lat="56.2671260" lon="10.2033670">
    <ele>57.8</ele>
   </trkpt>
   <trkpt lat="56.2671430" lon="10.2032710">
    <ele>57.6</ele>
   </trkpt>
   <trkpt lat="56.2671680" lon="10.2031270">
    <ele>57.6</ele>
   </trkpt>
   <trkpt lat="56.2671900" lon="10.2030060">
    <ele>57.4</ele>
   </trkpt>
   <trkpt lat="56.2672120" lon="10.2028870">
    <ele>57.4</ele>
   </trkpt>
   <trkpt lat="56.2672320" lon="10.2027640">
    <ele>57.4</ele>
   </trkpt>
   <trkpt lat="56.2672520" lon="10.2026380">
    <ele>57.4</ele>
   </trkpt>
   <trkpt lat="56.2672690" lon="10.2025120">
    <ele>57.2</ele>
   </trkpt>
   <trkpt lat="56.2672880" lon="10.2023830">
    <ele>57.2</ele>
   </trkpt>
   <trkpt lat="56.2673080" lon="10.2022560">
    <ele>57.2</ele>
   </trkpt>
   <trkpt lat="56.2673270" lon="10.2021290">
    <ele>57.2</ele>
   </trkpt>
   <trkpt lat="56.2673450" lon="10.2020040">
    <ele>57.2</ele>
   </trkpt>
   <trkpt lat="56.2673610" lon="10.2018810">
    <ele>57.2</ele>
   </trkpt>
   <trkpt lat="56.2673760" lon="10.2017620">
    <ele>57.6</ele>
   </trkpt>
   <trkpt lat="56.2673910" lon="10.2016450">
    <ele>57.8</ele>
   </trkpt>
   <trkpt lat="56.2674050" lon="10.2015320">
    <ele>57.8</ele>
   </trkpt>
   <trkpt lat="56.2674180" lon="10.2014240">
    <ele>57.8</ele>
   </trkpt>
   <trkpt lat="56.2674290" lon="10.2013210">
    <ele>58.0</ele>
   </trkpt>
   <trkpt lat="56.2674400" lon="10.2012210">
    <ele>58.2</ele>
   </trkpt>
   <trkpt lat="56.2674510" lon="10.2011230">
    <ele>58.4</ele>
   </trkpt>
   <trkpt lat="56.2674620" lon="10.2010270">
    <ele>58.4</ele>
   </trkpt>
   <trkpt lat="56.2674720" lon="10.2009300">
    <ele>58.8</ele>
   </trkpt>
   <trkpt lat="56.2674840" lon="10.2008300">
    <ele>59.4</ele>
   </trkpt>
   <trkpt lat="56.2674950" lon="10.2007250">
    <ele>59.8</ele>
   </trkpt>
   <trkpt lat="56.2675050" lon="10.2006140">
    <ele>60.0</ele>
   </trkpt>
   <trkpt lat="56.2675150" lon="10.2005010">
    <ele>60.0</ele>
   </trkpt>
   <trkpt lat="56.2675250" lon="10.2003870">
    <ele>60.0</ele>
   </trkpt>
   <trkpt lat="56.2675350" lon="10.2002750">
    <ele>60.0</ele>
   </trkpt>
   <trkpt lat="56.2675470" lon="10.2001600">
    <ele>59.8</ele>
   </trkpt>
   <trkpt lat="56.2675580" lon="10.2000450">
    <ele>59.8</ele>
   </trkpt>
   <trkpt lat="56.2675670" lon="10.1999310">
    <ele>59.8</ele>
   </trkpt>
   <trkpt lat="56.2675730" lon="10.1998150">
    <ele>59.8</ele>
   </trkpt>
   <trkpt lat="56.2675790" lon="10.1997010">
    <ele>59.8</ele>
   </trkpt>
   <trkpt lat="56.2675850" lon="10.1995880">
    <ele>59.8</ele>
   </trkpt>
   <trkpt lat="56.2675870" lon="10.1994750">
    <ele>60.0</ele>
   </trkpt>
   <trkpt lat="56.2675840" lon="10.1993620">
    <ele>60.0</ele>
   </trkpt>
   <trkpt lat="56.2675730" lon="10.1992470">
    <ele>60.0</ele>
   </trkpt>
   <trkpt lat="56.2675570" lon="10.1991320">
    <ele>60.0</ele>
   </trkpt>
   <trkpt lat="56.2675350" lon="10.1990160">
    <ele>60.0</ele>
   </trkpt>
   <trkpt lat="56.2675120" lon="10.1989010">
    <ele>60.0</ele>
   </trkpt>
   <trkpt lat="56.2674890" lon="10.1987860">
    <ele>59.6</ele>
   </trkpt>
   <trkpt lat="56.2674650" lon="10.1986690">
    <ele>59.2</ele>
   </trkpt>
   <trkpt lat="56.2674400" lon="10.1985510">
    <ele>59.2</ele>
   </trkpt>
   <trkpt lat="56.2674120" lon="10.1984330">
    <ele>59.2</ele>
   </trkpt>
   <trkpt lat="56.2673840" lon="10.1983170">
    <ele>59.0</ele>
   </trkpt>
   <trkpt lat="56.2673580" lon="10.1982020">
    <ele>59.0</ele>
   </trkpt>
   <trkpt lat="56.2673330" lon="10.1980880">
    <ele>58.8</ele>
   </trkpt>
   <trkpt lat="56.2673070" lon="10.1979740">
    <ele>58.8</ele>
   </trkpt>
   <trkpt lat="56.2672820" lon="10.1978610">
    <ele>58.8</ele>
   </trkpt>
   <trkpt lat="56.2672580" lon="10.1977480">
    <ele>58.8</ele>
   </trkpt>
   <trkpt lat="56.2672380" lon="10.1976350">
    <ele>58.8</ele>
   </trkpt>
   <trkpt lat="56.2672210" lon="10.1975220">
    <ele>59.0</ele>
   </trkpt>
   <trkpt lat="56.2672040" lon="10.1974090">
    <ele>59.2</ele>
   </trkpt>
   <trkpt lat="56.2671840" lon="10.1972990">
    <ele>59.2</ele>
   </trkpt>
   <trkpt lat="56.2671620" lon="10.1971900">
    <ele>59.2</ele>
   </trkpt>
   <trkpt lat="56.2671400" lon="10.1970830">
    <ele>59.2</ele>
   </trkpt>
   <trkpt lat="56.2671200" lon="10.1969740">
    <ele>59.2</ele>
   </trkpt>
   <trkpt lat="56.2670990" lon="10.1968670">
    <ele>59.4</ele>
   </trkpt>
   <trkpt lat="56.2670780" lon="10.1967580">
    <ele>59.4</ele>
   </trkpt>
   <trkpt lat="56.2670560" lon="10.1966470">
    <ele>59.4</ele>
   </trkpt>
   <trkpt lat="56.2670310" lon="10.1965350">
    <ele>59.4</ele>
   </trkpt>
   <trkpt lat="56.2670070" lon="10.1964200">
    <ele>59.4</ele>
   </trkpt>
   <trkpt lat="56.2669810" lon="10.1963030">
    <ele>59.2</ele>
   </trkpt>
   <trkpt lat="56.2669540" lon="10.1961840">
    <ele>59.0</ele>
   </trkpt>
   <trkpt lat="56.2669260" lon="10.1960640">
    <ele>58.8</ele>
   </trkpt>
   <trkpt lat="56.2668970" lon="10.1959380">
    <ele>58.4</ele>
   </trkpt>
   <trkpt lat="56.2668710" lon="10.1958090">
    <ele>58.0</ele>
   </trkpt>
   <trkpt lat="56.2668520" lon="10.1956780">
    <ele>57.6</ele>
   </trkpt>
   <trkpt lat="56.2668370" lon="10.1955480">
    <ele>57.0</ele>
   </trkpt>
   <trkpt lat="56.2668270" lon="10.1954200">
    <ele>57.0</ele>
   </trkpt>
   <trkpt lat="56.2668220" lon="10.1952950">
    <ele>57.0</ele>
   </trkpt>
   <trkpt lat="56.2668200" lon="10.1951700">
    <ele>57.0</ele>
   </trkpt>
   <trkpt lat="56.2668190" lon="10.1950490">
    <ele>57.0</ele>
   </trkpt>
   <trkpt lat="56.2668210" lon="10.1949280">
    <ele>57.0</ele>
   </trkpt>
   <trkpt lat="56.2668260" lon="10.1948070">
    <ele>57.4</ele>
   </trkpt>
   <trkpt lat="56.2668320" lon="10.1946830">
    <ele>57.4</ele>
   </trkpt>
   <trkpt lat="56.2668410" lon="10.1945610">
    <ele>57.2</ele>
   </trkpt>
   <trkpt lat="56.2668520" lon="10.1944380">
    <ele>57.2</ele>
   </trkpt>
   <trkpt lat="56.2668640" lon="10.1943170">
    <ele>57.2</ele>
   </trkpt>
   <trkpt lat="56.2668750" lon="10.1941950">
    <ele>57.2</ele>
   </trkpt>
   <trkpt lat="56.2668870" lon="10.1940730">
    <ele>57.2</ele>
   </trkpt>
   <trkpt lat="56.2669020" lon="10.1939560">
    <ele>57.2</ele>
   </trkpt>
   <trkpt lat="56.2669170" lon="10.1938410">
    <ele>57.2</ele>
   </trkpt>
   <trkpt lat="56.2669320" lon="10.1937290">
    <ele>57.4</ele>
   </trkpt>
   <trkpt lat="56.2669460" lon="10.1936210">
    <ele>57.4</ele>
   </trkpt>
   <trkpt lat="56.2669590" lon="10.1935190">
    <ele>57.8</ele>
   </trkpt>
   <trkpt lat="56.2669720" lon="10.1934190">
    <ele>57.8</ele>
   </trkpt>
   <trkpt lat="56.2669820" lon="10.1933210">
    <ele>58.2</ele>
   </trkpt>
   <trkpt lat="56.2669920" lon="10.1932210">
    <ele>58.2</ele>
   </trkpt>
   <trkpt lat="56.2670050" lon="10.1931180">
    <ele>58.2</ele>
   </trkpt>
   <trkpt lat="56.2670200" lon="10.1930090">
    <ele>58.2</ele>
   </trkpt>
   <trkpt lat="56.2670350" lon="10.1928970">
    <ele>58.2</ele>
   </trkpt>
   <trkpt lat="56.2670510" lon="10.1927790">
    <ele>57.8</ele>
   </trkpt>
   <trkpt lat="56.2670670" lon="10.1926590">
    <ele>57.4</ele>
   </trkpt>
   <trkpt lat="56.2670830" lon="10.1925390">
    <ele>56.8</ele>
   </trkpt>
   <trkpt lat="56.2671010" lon="10.1924170">
    <ele>56.4</ele>
   </trkpt>
   <trkpt lat="56.2671170" lon="10.1922960">
    <ele>56.4</ele>
   </trkpt>
   <trkpt lat="56.2671340" lon="10.1921740">
    <ele>56.2</ele>
   </trkpt>
   <trkpt lat="56.2671520" lon="10.1920520">
    <ele>56.2</ele>
   </trkpt>
   <trkpt lat="56.2671700" lon="10.1919280">
    <ele>56.2</ele>
   </trkpt>
   <trkpt lat="56.2671890" lon="10.1918050">
    <ele>56.2</ele>
   </trkpt>
   <trkpt lat="56.2672080" lon="10.1916820">
    <ele>55.8</ele>
   </trkpt>
   <trkpt lat="56.2672280" lon="10.1915600">
    <ele>55.6</ele>
   </trkpt>
   <trkpt lat="56.2672480" lon="10.1914380">
    <ele>55.4</ele>
   </trkpt>
   <trkpt lat="56.2672670" lon="10.1913160">
    <ele>55.4</ele>
   </trkpt>
   <trkpt lat="56.2672870" lon="10.1911970">
    <ele>55.2</ele>
   </trkpt>
   <trkpt lat="56.2673070" lon="10.1910780">
    <ele>55.2</ele>
   </trkpt>
   <trkpt lat="56.2673270" lon="10.1909590">
    <ele>55.2</ele>
   </trkpt>
   <trkpt lat="56.2673480" lon="10.1908430">
    <ele>55.2</ele>
   </trkpt>
   <trkpt lat="56.2673700" lon="10.1907280">
    <ele>55.2</ele>
   </trkpt>
   <trkpt lat="56.2673910" lon="10.1906140">
    <ele>55.2</ele>
   </trkpt>
   <trkpt lat="56.2674110" lon="10.1905020">
    <ele>55.4</ele>
   </trkpt>
   <trkpt lat="56.2674310" lon="10.1903910">
    <ele>55.4</ele>
   </trkpt>
   <trkpt lat="56.2674500" lon="10.1902820">
    <ele>55.4</ele>
   </trkpt>
   <trkpt lat="56.2674720" lon="10.1901740">
    <ele>55.4</ele>
   </trkpt>
   <trkpt lat="56.2674940" lon="10.1900640">
    <ele>55.6</ele>
   </trkpt>
   <trkpt lat="56.2675190" lon="10.1899540">
    <ele>55.6</ele>
   </trkpt>
   <trkpt lat="56.2675430" lon="10.1898440">
    <ele>55.8</ele>
   </trkpt>
   <trkpt lat="56.2675710" lon="10.1897340">
    <ele>55.8</ele>
   </trkpt>
   <trkpt lat="56.2676040" lon="10.1896290">
    <ele>55.8</ele>
   </trkpt>
   <trkpt lat="56.2676440" lon="10.1895310">
    <ele>55.8</ele>
   </trkpt>
   <trkpt lat="56.2676880" lon="10.1894360">
    <ele>55.8</ele>
   </trkpt>
   <trkpt lat="56.2677330" lon="10.1893440">
    <ele>55.6</ele>
   </trkpt>
   <trkpt lat="56.2677820" lon="10.1892580">
    <ele>54.8</ele>
   </trkpt>
   <trkpt lat="56.2678330" lon="10.1891750">
    <ele>54.6</ele>
   </trkpt>
   <trkpt lat="56.2678840" lon="10.1890930">
    <ele>54.6</ele>
   </trkpt>
   <trkpt lat="56.2679350" lon="10.1890090">
    <ele>54.6</ele>
   </trkpt>
   <trkpt lat="56.2679870" lon="10.1889270">
    <ele>54.6</ele>
   </trkpt>
   <trkpt lat="56.2680390" lon="10.1888470">
    <ele>54.4</ele>
   </trkpt>
   <trkpt lat="56.2680900" lon="10.1887640">
    <ele>54.0</ele>
   </trkpt>
   <trkpt lat="56.2681300" lon="10.1886990">
    <ele>54.0</ele>
   </trkpt>
   <trkpt lat="56.2681870" lon="10.1885950">
    <ele>54.0</ele>
   </trkpt>
   <trkpt lat="56.2682230" lon="10.1885210">
    <ele>54.0</ele>
   </trkpt>
   <trkpt lat="56.2682760" lon="10.1884090">
    <ele>54.2</ele>
   </trkpt>
   <trkpt lat="56.2683140" lon="10.1883050">
    <ele>54.2</ele>
   </trkpt>
   <trkpt lat="56.2683450" lon="10.1881930">
    <ele>54.2</ele>
   </trkpt>
   <trkpt lat="56.2683720" lon="10.1880770">
    <ele>54.2</ele>
   </trkpt>
   <trkpt lat="56.2683980" lon="10.1879610">
    <ele>54.0</ele>
   </trkpt>
   <trkpt lat="56.2684260" lon="10.1878490">
    <ele>54.0</ele>
   </trkpt>
   <trkpt lat="56.2684530" lon="10.1877400">
    <ele>54.0</ele>
   </trkpt>
   <trkpt lat="56.2684790" lon="10.1876350">
    <ele>54.0</ele>
   </trkpt>
   <trkpt lat="56.2685080" lon="10.1875360">
    <ele>54.6</ele>
   </trkpt>
   <trkpt lat="56.2685370" lon="10.1874390">
    <ele>54.6</ele>
   </trkpt>
   <trkpt lat="56.2685660" lon="10.1873430">
    <ele>55.0</ele>
   </trkpt>
   <trkpt lat="56.2685930" lon="10.1872460">
    <ele>55.2</ele>
   </trkpt>
   <trkpt lat="56.2686190" lon="10.1871470">
    <ele>55.4</ele>
   </trkpt>
   <trkpt lat="56.2686380" lon="10.1870670">
    <ele>55.6</ele>
   </trkpt>
   <trkpt lat="56.2686660" lon="10.1869430">
    <ele>55.8</ele>
   </trkpt>
   <trkpt lat="56.2686860" lon="10.1868360">
    <ele>55.8</ele>
   </trkpt>
   <trkpt lat="56.2687040" lon="10.1867280">
    <ele>55.8</ele>
   </trkpt>
   <trkpt lat="56.2687190" lon="10.1866190">
    <ele>56.0</ele>
   </trkpt>
   <trkpt lat="56.2687310" lon="10.1865110">
    <ele>56.0</ele>
   </trkpt>
   <trkpt lat="56.2687430" lon="10.1864010">
    <ele>56.0</ele>
   </trkpt>
   <trkpt lat="56.2687550" lon="10.1862880">
    <ele>55.8</ele>
   </trkpt>
   <trkpt lat="56.2687690" lon="10.1861800">
    <ele>55.8</ele>
   </trkpt>
   <trkpt lat="56.2687820" lon="10.1860740">
    <ele>56.0</ele>
   </trkpt>
   <trkpt lat="56.2687950" lon="10.1859700">
    <ele>56.0</ele>
   </trkpt>
   <trkpt lat="56.2688070" lon="10.1858660">
    <ele>56.0</ele>
   </trkpt>
   <trkpt lat="56.2688170" lon="10.1857630">
    <ele>56.2</ele>
   </trkpt>
   <trkpt lat="56.2688270" lon="10.1856580">
    <ele>56.4</ele>
   </trkpt>
   <trkpt lat="56.2688340" lon="10.1855480">
    <ele>56.8</ele>
   </trkpt>
   <trkpt lat="56.2688380" lon="10.1854370">
    <ele>56.8</ele>
   </trkpt>
   <trkpt lat="56.2688350" lon="10.1853230">
    <ele>56.8</ele>
   </trkpt>
   <trkpt lat="56.2688290" lon="10.1852080">
    <ele>56.8</ele>
   </trkpt>
   <trkpt lat="56.2688180" lon="10.1850960">
    <ele>56.8</ele>
   </trkpt>
   <trkpt lat="56.2688060" lon="10.1849820">
    <ele>56.8</ele>
   </trkpt>
   <trkpt lat="56.2687930" lon="10.1848690">
    <ele>57.0</ele>
   </trkpt>
   <trkpt lat="56.2687780" lon="10.1847570">
    <ele>57.0</ele>
   </trkpt>
   <trkpt lat="56.2687640" lon="10.1846430">
    <ele>57.0</ele>
   </trkpt>
   <trkpt lat="56.2687540" lon="10.1845220">
    <ele>56.8</ele>
   </trkpt>
   <trkpt lat="56.2687490" lon="10.1843960">
    <ele>56.8</ele>
   </trkpt>
   <trkpt lat="56.2687550" lon="10.1842700">
    <ele>56.6</ele>
   </trkpt>
   <trkpt lat="56.2687650" lon="10.1841470">
    <ele>56.2</ele>
   </trkpt>
   <trkpt lat="56.2687780" lon="10.1840220">
    <ele>56.2</ele>
   </trkpt>
   <trkpt lat="56.2687960" lon="10.1839000">
    <ele>56.0</ele>
   </trkpt>
   <trkpt lat="56.2688170" lon="10.1837810">
    <ele>55.8</ele>
   </trkpt>
   <trkpt lat="56.2688400" lon="10.1836620">
    <ele>55.8</ele>
   </trkpt>
   <trkpt lat="56.2688660" lon="10.1835480">
    <ele>55.8</ele>
   </trkpt>
   <trkpt lat="56.2688870" lon="10.1834320">
    <ele>55.6</ele>
   </trkpt>
   <trkpt lat="56.2689020" lon="10.1833170">
    <ele>55.8</ele>
   </trkpt>
   <trkpt lat="56.2689180" lon="10.1832060">
    <ele>55.8</ele>
   </trkpt>
   <trkpt lat="56.2689330" lon="10.1830950">
    <ele>55.8</ele>
   </trkpt>
   <trkpt lat="56.2689450" lon="10.1829880">
    <ele>55.8</ele>
   </trkpt>
   <trkpt lat="56.2689570" lon="10.1828820">
    <ele>56.0</ele>
   </trkpt>
   <trkpt lat="56.2689700" lon="10.1827750">
    <ele>56.0</ele>
   </trkpt>
   <trkpt lat="56.2689830" lon="10.1826690">
    <ele>56.4</ele>
   </trkpt>
   <trkpt lat="56.2689970" lon="10.1825620">
    <ele>56.6</ele>
   </trkpt>
   <trkpt lat="56.2690090" lon="10.1824590">
    <ele>57.0</ele>
   </trkpt>
   <trkpt lat="56.2690210" lon="10.1823550">
    <ele>57.4</ele>
   </trkpt>
   <trkpt lat="56.2690330" lon="10.1822530">
    <ele>57.6</ele>
   </trkpt>
   <trkpt lat="56.2690440" lon="10.1821510">
    <ele>57.6</ele>
   </trkpt>
   <trkpt lat="56.2690550" lon="10.1820510">
    <ele>57.8</ele>
   </trkpt>
   <trkpt lat="56.2690670" lon="10.1819510">
    <ele>58.0</ele>
   </trkpt>
   <trkpt lat="56.2690800" lon="10.1818480">
    <ele>58.2</ele>
   </trkpt>
   <trkpt lat="56.2690930" lon="10.1817430">
    <ele>58.6</ele>
   </trkpt>
   <trkpt lat="56.2691040" lon="10.1816350">
    <ele>58.8</ele>
   </trkpt>
   <trkpt lat="56.2691120" lon="10.1815280">
    <ele>58.8</ele>
   </trkpt>
   <trkpt lat="56.2691210" lon="10.1814190">
    <ele>58.8</ele>
   </trkpt>
   <trkpt lat="56.2691310" lon="10.1813090">
    <ele>58.8</ele>
   </trkpt>
   <trkpt lat="56.2691390" lon="10.1811970">
    <ele>58.8</ele>
   </trkpt>
   <trkpt lat="56.2691460" lon="10.1810860">
    <ele>58.8</ele>
   </trkpt>
   <trkpt lat="56.2691540" lon="10.1809750">
    <ele>58.6</ele>
   </trkpt>
   <trkpt lat="56.2691620" lon="10.1808670">
    <ele>58.6</ele>
   </trkpt>
   <trkpt lat="56.2691750" lon="10.1807620">
    <ele>58.6</ele>
   </trkpt>
   <trkpt lat="56.2691880" lon="10.1806600">
    <ele>58.6</ele>
   </trkpt>
   <trkpt lat="56.2691970" lon="10.1805550">
    <ele>58.6</ele>
   </trkpt>
   <trkpt lat="56.2692060" lon="10.1804490">
    <ele>59.4</ele>
   </trkpt>
   <trkpt lat="56.2692160" lon="10.1803440">
    <ele>59.8</ele>
   </trkpt>
   <trkpt lat="56.2692260" lon="10.1802380">
    <ele>60.0</ele>
   </trkpt>
   <trkpt lat="56.2692370" lon="10.1801290">
    <ele>60.0</ele>
   </trkpt>
   <trkpt lat="56.2692510" lon="10.1800210">
    <ele>60.0</ele>
   </trkpt>
   <trkpt lat="56.2692630" lon="10.1799100">
    <ele>60.0</ele>
   </trkpt>
   <trkpt lat="56.2692760" lon="10.1797990">
    <ele>60.0</ele>
   </trkpt>
   <trkpt lat="56.2692920" lon="10.1796880">
    <ele>60.0</ele>
   </trkpt>
   <trkpt lat="56.2693090" lon="10.1795740">
    <ele>60.0</ele>
   </trkpt>
   <trkpt lat="56.2693250" lon="10.1794580">
    <ele>59.4</ele>
   </trkpt>
   <trkpt lat="56.2693370" lon="10.1793440">
    <ele>59.4</ele>
   </trkpt>
   <trkpt lat="56.2693500" lon="10.1792240">
    <ele>59.4</ele>
   </trkpt>
   <trkpt lat="56.2693660" lon="10.1791060">
    <ele>59.2</ele>
   </trkpt>
   <trkpt lat="56.2693830" lon="10.1789900">
    <ele>59.2</ele>
   </trkpt>
   <trkpt lat="56.2693980" lon="10.1788720">
    <ele>59.2</ele>
   </trkpt>
   <trkpt lat="56.2694100" lon="10.1787520">
    <ele>59.2</ele>
   </trkpt>
   <trkpt lat="56.2694210" lon="10.1786330">
    <ele>59.2</ele>
   </trkpt>
   <trkpt lat="56.2694300" lon="10.1785130">
    <ele>59.0</ele>
   </trkpt>
   <trkpt lat="56.2694400" lon="10.1783950">
    <ele>59.0</ele>
   </trkpt>
   <trkpt lat="56.2694490" lon="10.1782760">
    <ele>59.0</ele>
   </trkpt>
   <trkpt lat="56.2694620" lon="10.1781600">
    <ele>59.0</ele>
   </trkpt>
   <trkpt lat="56.2694800" lon="10.1780460">
    <ele>58.8</ele>
   </trkpt>
   <trkpt lat="56.2694970" lon="10.1779330">
    <ele>58.8</ele>
   </trkpt>
   <trkpt lat="56.2695150" lon="10.1778190">
    <ele>58.8</ele>
   </trkpt>
   <trkpt lat="56.2695350" lon="10.1777070">
    <ele>58.4</ele>
   </trkpt>
   <trkpt lat="56.2695540" lon="10.1775970">
    <ele>58.4</ele>
   </trkpt>
   <trkpt lat="56.2695720" lon="10.1774850">
    <ele>58.4</ele>
   </trkpt>
   <trkpt lat="56.2695920" lon="10.1773750">
    <ele>58.2</ele>
   </trkpt>
   <trkpt lat="56.2696120" lon="10.1772640">
    <ele>58.2</ele>
   </trkpt>
   <trkpt lat="56.2696290" lon="10.1771520">
    <ele>58.2</ele>
   </trkpt>
   <trkpt lat="56.2696420" lon="10.1770380">
    <ele>58.2</ele>
   </trkpt>
   <trkpt lat="56.2696590" lon="10.1769260">
    <ele>58.2</ele>
   </trkpt>
   <trkpt lat="56.2696780" lon="10.1768120">
    <ele>58.2</ele>
   </trkpt>
   <trkpt lat="56.2696950" lon="10.1766980">
    <ele>58.2</ele>
   </trkpt>
   <trkpt lat="56.2697100" lon="10.1765840">
    <ele>58.2</ele>
   </trkpt>
   <trkpt lat="56.2697270" lon="10.1764680">
    <ele>58.4</ele>
   </trkpt>
   <trkpt lat="56.2697410" lon="10.1763770">
    <ele>58.4</ele>
   </trkpt>
   <trkpt lat="56.2697620" lon="10.1762390">
    <ele>58.4</ele>
   </trkpt>
   <trkpt lat="56.2697790" lon="10.1761220">
    <ele>58.4</ele>
   </trkpt>
   <trkpt lat="56.2697990" lon="10.1760070">
    <ele>58.4</ele>
   </trkpt>
   <trkpt lat="56.2698180" lon="10.1758930">
    <ele>58.4</ele>
   </trkpt>
   <trkpt lat="56.2698350" lon="10.1757790">
    <ele>58.6</ele>
   </trkpt>
   <trkpt lat="56.2698520" lon="10.1756650">
    <ele>58.6</ele>
   </trkpt>
   <trkpt lat="56.2698680" lon="10.1755530">
    <ele>58.4</ele>
   </trkpt>
   <trkpt lat="56.2698850" lon="10.1754420">
    <ele>58.6</ele>
   </trkpt>
   <trkpt lat="56.2699020" lon="10.1753320">
    <ele>58.6</ele>
   </trkpt>
   <trkpt lat="56.2699180" lon="10.1752220">
    <ele>58.6</ele>
   </trkpt>
   <trkpt lat="56.2699320" lon="10.1751140">
    <ele>58.6</ele>
   </trkpt>
   <trkpt lat="56.2699440" lon="10.1750030">
    <ele>58.8</ele>
   </trkpt>
   <trkpt lat="56.2699580" lon="10.1748880">
    <ele>58.8</ele>
   </trkpt>
   <trkpt lat="56.2699750" lon="10.1747740">
    <ele>58.8</ele>
   </trkpt>
   <trkpt lat="56.2699900" lon="10.1746580">
    <ele>58.8</ele>
   </trkpt>
   <trkpt lat="56.2700010" lon="10.1745400">
    <ele>58.8</ele>
   </trkpt>
   <trkpt lat="56.2700100" lon="10.1744230">
    <ele>58.4</ele>
   </trkpt>
   <trkpt lat="56.2700190" lon="10.1743170">
    <ele>58.4</ele>
   </trkpt>
   <trkpt lat="56.2700260" lon="10.1742120">
    <ele>58.2</ele>
   </trkpt>
   <trkpt lat="56.2700310" lon="10.1741000">
    <ele>58.0</ele>
   </trkpt>
   <trkpt lat="56.2700330" lon="10.1739840">
    <ele>57.8</ele>
   </trkpt>
   <trkpt lat="56.2700330" lon="10.1738690">
    <ele>57.8</ele>
   </trkpt>
   <trkpt lat="56.2700310" lon="10.1737450">
    <ele>57.8</ele>
   </trkpt>
   <trkpt lat="56.2700290" lon="10.1736170">
    <ele>57.6</ele>
   </trkpt>
   <trkpt lat="56.2700330" lon="10.1734860">
    <ele>57.4</ele>
   </trkpt>
   <trkpt lat="56.2700420" lon="10.1733460">
    <ele>56.4</ele>
   </trkpt>
   <trkpt lat="56.2700540" lon="10.1732000">
    <ele>55.8</ele>
   </trkpt>
   <trkpt lat="56.2700680" lon="10.1730490">
    <ele>55.6</ele>
   </trkpt>
   <trkpt lat="56.2700840" lon="10.1729010">
    <ele>55.4</ele>
   </trkpt>
   <trkpt lat="56.2700980" lon="10.1727520">
    <ele>55.4</ele>
   </trkpt>
   <trkpt lat="56.2701090" lon="10.1726040">
    <ele>55.2</ele>
   </trkpt>
   <trkpt lat="56.2701190" lon="10.1724580">
    <ele>54.4</ele>
   </trkpt>
   <trkpt lat="56.2701250" lon="10.1723160">
    <ele>54.4</ele>
   </trkpt>
   <trkpt lat="56.2701260" lon="10.1721750">
    <ele>54.4</ele>
   </trkpt>
   <trkpt lat="56.2701250" lon="10.1720370">
    <ele>54.4</ele>
   </trkpt>
   <trkpt lat="56.2701200" lon="10.1719020">
    <ele>54.4</ele>
   </trkpt>
   <trkpt lat="56.2701140" lon="10.1717760">
    <ele>54.6</ele>
   </trkpt>
   <trkpt lat="56.2701070" lon="10.1716550">
    <ele>54.6</ele>
   </trkpt>
   <trkpt lat="56.2701000" lon="10.1715380">
    <ele>54.8</ele>
   </trkpt>
   <trkpt lat="56.2700920" lon="10.1714240">
    <ele>55.0</ele>
   </trkpt>
   <trkpt lat="56.2700860" lon="10.1713110">
    <ele>55.2</ele>
   </trkpt>
   <trkpt lat="56.2700800" lon="10.1712020">
    <ele>55.6</ele>
   </trkpt>
   <trkpt lat="56.2700720" lon="10.1710950">
    <ele>55.8</ele>
   </trkpt>
   <trkpt lat="56.2700660" lon="10.1709870">
    <ele>55.8</ele>
   </trkpt>
   <trkpt lat="56.2700610" lon="10.1708790">
    <ele>56.4</ele>
   </trkpt>
   <trkpt lat="56.2700600" lon="10.1707700">
    <ele>56.8</ele>
   </trkpt>
   <trkpt lat="56.2700630" lon="10.1706620">
    <ele>56.8</ele>
   </trkpt>
   <trkpt lat="56.2700670" lon="10.1705510">
    <ele>56.8</ele>
   </trkpt>
   <trkpt lat="56.2700710" lon="10.1704380">
    <ele>56.8</ele>
   </trkpt>
   <trkpt lat="56.2700790" lon="10.1703280">
    <ele>57.0</ele>
   </trkpt>
   <trkpt lat="56.2700910" lon="10.1702210">
    <ele>57.0</ele>
   </trkpt>
   <trkpt lat="56.2701010" lon="10.1701140">
    <ele>57.0</ele>
   </trkpt>
   <trkpt lat="56.2701090" lon="10.1700070">
    <ele>57.0</ele>
   </trkpt>
   <trkpt lat="56.2701160" lon="10.1699000">
    <ele>57.2</ele>
   </trkpt>
   <trkpt lat="56.2701270" lon="10.1697930">
    <ele>57.2</ele>
   </trkpt>
   <trkpt lat="56.2701380" lon="10.1696860">
    <ele>57.4</ele>
   </trkpt>
   <trkpt lat="56.2701490" lon="10.1695780">
    <ele>57.4</ele>
   </trkpt>
   <trkpt lat="56.2701590" lon="10.1694690">
    <ele>57.4</ele>
   </trkpt>
   <trkpt lat="56.2701700" lon="10.1693620">
    <ele>57.4</ele>
   </trkpt>
   <trkpt lat="56.2701820" lon="10.1692560">
    <ele>57.6</ele>
   </trkpt>
   <trkpt lat="56.2701970" lon="10.1691510">
    <ele>57.4</ele>
   </trkpt>
   <trkpt lat="56.2702100" lon="10.1690430">
    <ele>57.4</ele>
   </trkpt>
   <trkpt lat="56.2702220" lon="10.1689320">
    <ele>57.6</ele>
   </trkpt>
   <trkpt lat="56.2702370" lon="10.1688190">
    <ele>57.6</ele>
   </trkpt>
   <trkpt lat="56.2702520" lon="10.1687060">
    <ele>57.8</ele>
   </trkpt>
   <trkpt lat="56.2702630" lon="10.1685900">
    <ele>57.8</ele>
   </trkpt>
   <trkpt lat="56.2702740" lon="10.1684710">
    <ele>57.8</ele>
   </trkpt>
   <trkpt lat="56.2702870" lon="10.1683490">
    <ele>57.8</ele>
   </trkpt>
   <trkpt lat="56.2703010" lon="10.1682260">
    <ele>57.6</ele>
   </trkpt>
   <trkpt lat="56.2703170" lon="10.1681040">
    <ele>57.4</ele>
   </trkpt>
   <trkpt lat="56.2703300" lon="10.1679800">
    <ele>57.0</ele>
   </trkpt>
   <trkpt lat="56.2703420" lon="10.1678520">
    <ele>56.6</ele>
   </trkpt>
   <trkpt lat="56.2703530" lon="10.1677190">
    <ele>56.4</ele>
   </trkpt>
   <trkpt lat="56.2703640" lon="10.1675860">
    <ele>56.0</ele>
   </trkpt>
   <trkpt lat="56.2703730" lon="10.1674520">
    <ele>55.6</ele>
   </trkpt>
   <trkpt lat="56.2703820" lon="10.1673230">
    <ele>55.4</ele>
   </trkpt>
   <trkpt lat="56.2703900" lon="10.1671950">
    <ele>55.4</ele>
   </trkpt>
   <trkpt lat="56.2704020" lon="10.1670670">
    <ele>55.4</ele>
   </trkpt>
   <trkpt lat="56.2704120" lon="10.1669350">
    <ele>55.2</ele>
   </trkpt>
   <trkpt lat="56.2704200" lon="10.1668040">
    <ele>55.2</ele>
   </trkpt>
   <trkpt lat="56.2704250" lon="10.1666720">
    <ele>55.2</ele>
   </trkpt>
   <trkpt lat="56.2704280" lon="10.1665450">
    <ele>55.2</ele>
   </trkpt>
   <trkpt lat="56.2704310" lon="10.1664200">
    <ele>55.2</ele>
   </trkpt>
   <trkpt lat="56.2704350" lon="10.1662940">
    <ele>55.2</ele>
   </trkpt>
   <trkpt lat="56.2704390" lon="10.1661690">
    <ele>55.2</ele>
   </trkpt>
   <trkpt lat="56.2704480" lon="10.1660500">
    <ele>55.0</ele>
   </trkpt>
   <trkpt lat="56.2704520" lon="10.1659290">
    <ele>55.0</ele>
   </trkpt>
   <trkpt lat="56.2704590" lon="10.1658130">
    <ele>55.0</ele>
   </trkpt>
   <trkpt lat="56.2704650" lon="10.1656930">
    <ele>55.0</ele>
   </trkpt>
   <trkpt lat="56.2704720" lon="10.1655670">
    <ele>54.8</ele>
   </trkpt>
   <trkpt lat="56.2704740" lon="10.1654410">
    <ele>54.8</ele>
   </trkpt>
   <trkpt lat="56.2704770" lon="10.1653160">
    <ele>54.8</ele>
   </trkpt>
   <trkpt lat="56.2704860" lon="10.1651990">
    <ele>54.8</ele>
   </trkpt>
   <trkpt lat="56.2704940" lon="10.1650770">
    <ele>55.0</ele>
   </trkpt>
   <trkpt lat="56.2705000" lon="10.1649520">
    <ele>55.2</ele>
   </trkpt>
   <trkpt lat="56.2705060" lon="10.1648270">
    <ele>55.2</ele>
   </trkpt>
   <trkpt lat="56.2705130" lon="10.1647020">
    <ele>55.2</ele>
   </trkpt>
   <trkpt lat="56.2705220" lon="10.1645810">
    <ele>55.2</ele>
   </trkpt>
   <trkpt lat="56.2705290" lon="10.1644610">
    <ele>55.2</ele>
   </trkpt>
   <trkpt lat="56.2705350" lon="10.1643420">
    <ele>55.2</ele>
   </trkpt>
   <trkpt lat="56.2705390" lon="10.1642230">
    <ele>55.0</ele>
   </trkpt>
   <trkpt lat="56.2705450" lon="10.1641050">
    <ele>54.8</ele>
   </trkpt>
   <trkpt lat="56.2705510" lon="10.1640120">
    <ele>54.8</ele>
   </trkpt>
   <trkpt lat="56.2705610" lon="10.1638740">
    <ele>54.8</ele>
   </trkpt>
   <trkpt lat="56.2705680" lon="10.1637570">
    <ele>54.8</ele>
   </trkpt>
   <trkpt lat="56.2705730" lon="10.1636390">
    <ele>54.8</ele>
   </trkpt>
   <trkpt lat="56.2705790" lon="10.1635180">
    <ele>54.6</ele>
   </trkpt>
   <trkpt lat="56.2705850" lon="10.1633960">
    <ele>54.6</ele>
   </trkpt>
   <trkpt lat="56.2705900" lon="10.1632740">
    <ele>54.4</ele>
   </trkpt>
   <trkpt lat="56.2705970" lon="10.1631520">
    <ele>54.4</ele>
   </trkpt>
   <trkpt lat="56.2706050" lon="10.1630300">
    <ele>54.2</ele>
   </trkpt>
   <trkpt lat="56.2706110" lon="10.1629070">
    <ele>54.0</ele>
   </trkpt>
   <trkpt lat="56.2706160" lon="10.1627840">
    <ele>54.0</ele>
   </trkpt>
   <trkpt lat="56.2706220" lon="10.1626620">
    <ele>53.8</ele>
   </trkpt>
   <trkpt lat="56.2706280" lon="10.1625420">
    <ele>53.6</ele>
   </trkpt>
   <trkpt lat="56.2706350" lon="10.1624220">
    <ele>53.6</ele>
   </trkpt>
   <trkpt lat="56.2706430" lon="10.1623020">
    <ele>53.6</ele>
   </trkpt>
   <trkpt lat="56.2706490" lon="10.1621830">
    <ele>53.6</ele>
   </trkpt>
   <trkpt lat="56.2706540" lon="10.1620630">
    <ele>53.6</ele>
   </trkpt>
   <trkpt lat="56.2706610" lon="10.1619450">
    <ele>53.6</ele>
   </trkpt>
   <trkpt lat="56.2706690" lon="10.1618270">
    <ele>53.6</ele>
   </trkpt>
   <trkpt lat="56.2706760" lon="10.1617080">
    <ele>53.6</ele>
   </trkpt>
   <trkpt lat="56.2706820" lon="10.1615880">
    <ele>53.6</ele>
   </trkpt>
   <trkpt lat="56.2706850" lon="10.1614670">
    <ele>53.4</ele>
   </trkpt>
   <trkpt lat="56.2706900" lon="10.1613490">
    <ele>53.4</ele>
   </trkpt>
   <trkpt lat="56.2707000" lon="10.1612320">
    <ele>53.4</ele>
   </trkpt>
   <trkpt lat="56.2707080" lon="10.1611170">
    <ele>53.4</ele>
   </trkpt>
   <trkpt lat="56.2707130" lon="10.1610050">
    <ele>53.4</ele>
   </trkpt>
   <trkpt lat="56.2707190" lon="10.1608950">
    <ele>53.6</ele>
   </trkpt>
   <trkpt lat="56.2707260" lon="10.1607850">
    <ele>53.6</ele>
   </trkpt>
   <trkpt lat="56.2707320" lon="10.1606780">
    <ele>53.8</ele>
   </trkpt>
   <trkpt lat="56.2707380" lon="10.1605710">
    <ele>53.6</ele>
   </trkpt>
   <trkpt lat="56.2707440" lon="10.1604670">
    <ele>53.6</ele>
   </trkpt>
   <trkpt lat="56.2707490" lon="10.1603650">
    <ele>53.4</ele>
   </trkpt>
   <trkpt lat="56.2707550" lon="10.1602640">
    <ele>53.4</ele>
   </trkpt>
   <trkpt lat="56.2707620" lon="10.1601610">
    <ele>53.2</ele>
   </trkpt>
   <trkpt lat="56.2707670" lon="10.1600550">
    <ele>53.2</ele>
   </trkpt>
   <trkpt lat="56.2707710" lon="10.1599490">
    <ele>53.2</ele>
   </trkpt>
   <trkpt lat="56.2707770" lon="10.1598430">
    <ele>53.2</ele>
   </trkpt>
   <trkpt lat="56.2707840" lon="10.1597350">
    <ele>53.2</ele>
   </trkpt>
   <trkpt lat="56.2707920" lon="10.1596250">
    <ele>53.2</ele>
   </trkpt>
   <trkpt lat="56.2708000" lon="10.1595140">
    <ele>53.2</ele>
   </trkpt>
   <trkpt lat="56.2708060" lon="10.1594010">
    <ele>53.4</ele>
   </trkpt>
   <trkpt lat="56.2708130" lon="10.1592890">
    <ele>53.4</ele>
   </trkpt>
   <trkpt lat="56.2708190" lon="10.1591770">
    <ele>53.6</ele>
   </trkpt>
   <trkpt lat="56.2708250" lon="10.1590650">
    <ele>53.8</ele>
   </trkpt>
   <trkpt lat="56.2708310" lon="10.1589520">
    <ele>53.8</ele>
   </trkpt>
   <trkpt lat="56.2708380" lon="10.1588400">
    <ele>53.8</ele>
   </trkpt>
   <trkpt lat="56.2708420" lon="10.1587290">
    <ele>53.8</ele>
   </trkpt>
   <trkpt lat="56.2708460" lon="10.1586150">
    <ele>54.0</ele>
   </trkpt>
   <trkpt lat="56.2708510" lon="10.1585030">
    <ele>54.0</ele>
   </trkpt>
   <trkpt lat="56.2708580" lon="10.1583890">
    <ele>53.8</ele>
   </trkpt>
   <trkpt lat="56.2708640" lon="10.1582770">
    <ele>53.8</ele>
   </trkpt>
   <trkpt lat="56.2708720" lon="10.1581650">
    <ele>53.8</ele>
   </trkpt>
   <trkpt lat="56.2708780" lon="10.1580510">
    <ele>53.8</ele>
   </trkpt>
   <trkpt lat="56.2708850" lon="10.1579380">
    <ele>53.6</ele>
   </trkpt>
   <trkpt lat="56.2708920" lon="10.1578250">
    <ele>53.6</ele>
   </trkpt>
   <trkpt lat="56.2708970" lon="10.1577100">
    <ele>53.6</ele>
   </trkpt>
   <trkpt lat="56.2709020" lon="10.1575950">
    <ele>53.4</ele>
   </trkpt>
   <trkpt lat="56.2709080" lon="10.1574780">
    <ele>53.4</ele>
   </trkpt>
   <trkpt lat="56.2709140" lon="10.1573610">
    <ele>53.0</ele>
   </trkpt>
   <trkpt lat="56.2709200" lon="10.1572420">
    <ele>52.8</ele>
   </trkpt>
   <trkpt lat="56.2709260" lon="10.1571200">
    <ele>52.8</ele>
   </trkpt>
   <trkpt lat="56.2709330" lon="10.1569970">
    <ele>52.6</ele>
   </trkpt>
   <trkpt lat="56.2709400" lon="10.1568720">
    <ele>52.6</ele>
   </trkpt>
   <trkpt lat="56.2709490" lon="10.1567460">
    <ele>52.6</ele>
   </trkpt>
   <trkpt lat="56.2709570" lon="10.1566170">
    <ele>52.6</ele>
   </trkpt>
   <trkpt lat="56.2709620" lon="10.1564880">
    <ele>52.6</ele>
   </trkpt>
   <trkpt lat="56.2709660" lon="10.1563590">
    <ele>52.2</ele>
   </trkpt>
   <trkpt lat="56.2709730" lon="10.1562330">
    <ele>52.0</ele>
   </trkpt>
   <trkpt lat="56.2709790" lon="10.1561050">
    <ele>51.8</ele>
   </trkpt>
   <trkpt lat="56.2709860" lon="10.1559790">
    <ele>51.4</ele>
   </trkpt>
   <trkpt lat="56.2709940" lon="10.1558550">
    <ele>51.4</ele>
   </trkpt>
   <trkpt lat="56.2710040" lon="10.1557310">
    <ele>51.4</ele>
   </trkpt>
   <trkpt lat="56.2710160" lon="10.1556080">
    <ele>51.4</ele>
   </trkpt>
   <trkpt lat="56.2710270" lon="10.1554840">
    <ele>51.4</ele>
   </trkpt>
   <trkpt lat="56.2710330" lon="10.1553580">
    <ele>51.4</ele>
   </trkpt>
   <trkpt lat="56.2710370" lon="10.1552350">
    <ele>51.4</ele>
   </trkpt>
   <trkpt lat="56.2710440" lon="10.1551160">
    <ele>51.6</ele>
   </trkpt>
   <trkpt lat="56.2710520" lon="10.1549940">
    <ele>51.6</ele>
   </trkpt>
   <trkpt lat="56.2710610" lon="10.1548730">
    <ele>51.6</ele>
   </trkpt>
   <trkpt lat="56.2710690" lon="10.1547530">
    <ele>51.8</ele>
   </trkpt>
   <trkpt lat="56.2710730" lon="10.1546310">
    <ele>51.8</ele>
   </trkpt>
   <trkpt lat="56.2710770" lon="10.1545090">
    <ele>51.8</ele>
   </trkpt>
   <trkpt lat="56.2710820" lon="10.1543890">
    <ele>51.8</ele>
   </trkpt>
   <trkpt lat="56.2710880" lon="10.1542720">
    <ele>51.8</ele>
   </trkpt>
   <trkpt lat="56.2710950" lon="10.1541540">
    <ele>51.8</ele>
   </trkpt>
   <trkpt lat="56.2711000" lon="10.1540350">
    <ele>52.0</ele>
   </trkpt>
   <trkpt lat="56.2711050" lon="10.1539190">
    <ele>52.0</ele>
   </trkpt>
   <trkpt lat="56.2711110" lon="10.1538060">
    <ele>52.0</ele>
   </trkpt>
   <trkpt lat="56.2711170" lon="10.1536960">
    <ele>51.8</ele>
   </trkpt>
   <trkpt lat="56.2711190" lon="10.1535890">
    <ele>51.8</ele>
   </trkpt>
   <trkpt lat="56.2711210" lon="10.1534880">
    <ele>51.4</ele>
   </trkpt>
   <trkpt lat="56.2711230" lon="10.1533930">
    <ele>51.4</ele>
   </trkpt>
   <trkpt lat="56.2711250" lon="10.1533010">
    <ele>51.4</ele>
   </trkpt>
   <trkpt lat="56.2711240" lon="10.1532140">
    <ele>51.4</ele>
   </trkpt>
   <trkpt lat="56.2711220" lon="10.1531260">
    <ele>51.6</ele>
   </trkpt>
   <trkpt lat="56.2711230" lon="10.1530410">
    <ele>51.8</ele>
   </trkpt>
   <trkpt lat="56.2711220" lon="10.1529560">
    <ele>52.0</ele>
   </trkpt>
   <trkpt lat="56.2711180" lon="10.1528720">
    <ele>52.2</ele>
   </trkpt>
   <trkpt lat="56.2711110" lon="10.1527930">
    <ele>52.4</ele>
   </trkpt>
   <trkpt lat="56.2711040" lon="10.1527140">
    <ele>52.6</ele>
   </trkpt>
   <trkpt lat="56.2711000" lon="10.1526320">
    <ele>52.8</ele>
   </trkpt>
   <trkpt lat="56.2710940" lon="10.1525510">
    <ele>53.2</ele>
   </trkpt>
   <trkpt lat="56.2710860" lon="10.1524670">
    <ele>53.4</ele>
   </trkpt>
   <trkpt lat="56.2710780" lon="10.1523870">
    <ele>53.6</ele>
   </trkpt>
   <trkpt lat="56.2710680" lon="10.1523090">
    <ele>53.6</ele>
   </trkpt>
   <trkpt lat="56.2710600" lon="10.1522350">
    <ele>53.8</ele>
   </trkpt>
   <trkpt lat="56.2710540" lon="10.1521640">
    <ele>54.0</ele>
   </trkpt>
   <trkpt lat="56.2710490" lon="10.1520960">
    <ele>54.4</ele>
   </trkpt>
   <trkpt lat="56.2710490" lon="10.1520320">
    <ele>54.6</ele>
   </trkpt>
   <trkpt lat="56.2710470" lon="10.1519750">
    <ele>54.8</ele>
   </trkpt>
   <trkpt lat="56.2710410" lon="10.1519180">
    <ele>54.8</ele>
   </trkpt>
   <trkpt lat="56.2710350" lon="10.1518570">
    <ele>54.8</ele>
   </trkpt>
   <trkpt lat="56.2710280" lon="10.1517890">
    <ele>55.0</ele>
   </trkpt>
   <trkpt lat="56.2710170" lon="10.1517150">
    <ele>55.0</ele>
   </trkpt>
   <trkpt lat="56.2709980" lon="10.1516360">
    <ele>55.0</ele>
   </trkpt>
   <trkpt lat="56.2709800" lon="10.1515540">
    <ele>55.0</ele>
   </trkpt>
   <trkpt lat="56.2709660" lon="10.1514700">
    <ele>54.8</ele>
   </trkpt>
   <trkpt lat="56.2709540" lon="10.1513850">
    <ele>54.8</ele>
   </trkpt>
   <trkpt lat="56.2709430" lon="10.1513010">
    <ele>54.6</ele>
   </trkpt>
   <trkpt lat="56.2709330" lon="10.1512160">
    <ele>54.6</ele>
   </trkpt>
   <trkpt lat="56.2709240" lon="10.1511310">
    <ele>54.4</ele>
   </trkpt>
   <trkpt lat="56.2709170" lon="10.1510450">
    <ele>54.4</ele>
   </trkpt>
   <trkpt lat="56.2709120" lon="10.1509600">
    <ele>54.4</ele>
   </trkpt>
   <trkpt lat="56.2709100" lon="10.1508730">
    <ele>54.4</ele>
   </trkpt>
   <trkpt lat="56.2709100" lon="10.1507870">
    <ele>54.4</ele>
   </trkpt>
   <trkpt lat="56.2709140" lon="10.1507020">
    <ele>54.4</ele>
   </trkpt>
   <trkpt lat="56.2709180" lon="10.1506200">
    <ele>54.4</ele>
   </trkpt>
   <trkpt lat="56.2709210" lon="10.1505390">
    <ele>54.6</ele>
   </trkpt>
   <trkpt lat="56.2709260" lon="10.1504580">
    <ele>54.6</ele>
   </trkpt>
   <trkpt lat="56.2709290" lon="10.1503770">
    <ele>54.8</ele>
   </trkpt>
   <trkpt lat="56.2709300" lon="10.1503140">
    <ele>55.0</ele>
   </trkpt>
   <trkpt lat="56.2709370" lon="10.1502220">
    <ele>55.2</ele>
   </trkpt>
   <trkpt lat="56.2709460" lon="10.1501470">
    <ele>55.4</ele>
   </trkpt>
   <trkpt lat="56.2709560" lon="10.1500720">
    <ele>55.4</ele>
   </trkpt>
   <trkpt lat="56.2709670" lon="10.1499990">
    <ele>55.8</ele>
   </trkpt>
   <trkpt lat="56.2709750" lon="10.1499260">
    <ele>55.8</ele>
   </trkpt>
   <trkpt lat="56.2709810" lon="10.1498550">
    <ele>56.0</ele>
   </trkpt>
   <trkpt lat="56.2709860" lon="10.1497830">
    <ele>56.4</ele>
   </trkpt>
   <trkpt lat="56.2709930" lon="10.1497100">
    <ele>56.4</ele>
   </trkpt>
   <trkpt lat="56.2710010" lon="10.1496370">
    <ele>56.8</ele>
   </trkpt>
   <trkpt lat="56.2710090" lon="10.1495630">
    <ele>57.2</ele>
   </trkpt>
   <trkpt lat="56.2710160" lon="10.1494900">
    <ele>57.2</ele>
   </trkpt>
   <trkpt lat="56.2710220" lon="10.1494160">
    <ele>57.2</ele>
   </trkpt>
   <trkpt lat="56.2710280" lon="10.1493390">
    <ele>57.4</ele>
   </trkpt>
   <trkpt lat="56.2710350" lon="10.1492620">
    <ele>57.6</ele>
   </trkpt>
   <trkpt lat="56.2710430" lon="10.1491850">
    <ele>57.6</ele>
   </trkpt>
   <trkpt lat="56.2710520" lon="10.1491090">
    <ele>57.8</ele>
   </trkpt>
   <trkpt lat="56.2710580" lon="10.1490330">
    <ele>57.8</ele>
   </trkpt>
   <trkpt lat="56.2710640" lon="10.1489570">
    <ele>58.0</ele>
   </trkpt>
   <trkpt lat="56.2710720" lon="10.1488850">
    <ele>58.2</ele>
   </trkpt>
   <trkpt lat="56.2710810" lon="10.1488160">
    <ele>58.4</ele>
   </trkpt>
   <trkpt lat="56.2710900" lon="10.1487500">
    <ele>58.4</ele>
   </trkpt>
   <trkpt lat="56.2710960" lon="10.1486840">
    <ele>58.4</ele>
   </trkpt>
   <trkpt lat="56.2711040" lon="10.1486210">
    <ele>58.6</ele>
   </trkpt>
   <trkpt lat="56.2711110" lon="10.1485590">
    <ele>59.0</ele>
   </trkpt>
   <trkpt lat="56.2711150" lon="10.1484940">
    <ele>59.2</ele>
   </trkpt>
   <trkpt lat="56.2711200" lon="10.1484320">
    <ele>59.6</ele>
   </trkpt>
   <trkpt lat="56.2711260" lon="10.1483700">
    <ele>59.8</ele>
   </trkpt>
   <trkpt lat="56.2711330" lon="10.1483070">
    <ele>60.0</ele>
   </trkpt>
   <trkpt lat="56.2711410" lon="10.1482410">
    <ele>60.0</ele>
   </trkpt>
   <trkpt lat="56.2711490" lon="10.1481750">
    <ele>60.4</ele>
   </trkpt>
   <trkpt lat="56.2711560" lon="10.1481120">
    <ele>60.8</ele>
   </trkpt>
   <trkpt lat="56.2711630" lon="10.1480480">
    <ele>61.0</ele>
   </trkpt>
   <trkpt lat="56.2711700" lon="10.1479810">
    <ele>61.4</ele>
   </trkpt>
   <trkpt lat="56.2711770" lon="10.1479100">
    <ele>61.6</ele>
   </trkpt>
   <trkpt lat="56.2711840" lon="10.1478380">
    <ele>61.8</ele>
   </trkpt>
   <trkpt lat="56.2711920" lon="10.1477680">
    <ele>61.8</ele>
   </trkpt>
   <trkpt lat="56.2711990" lon="10.1476980">
    <ele>61.8</ele>
   </trkpt>
   <trkpt lat="56.2712050" lon="10.1476270">
    <ele>62.0</ele>
   </trkpt>
   <trkpt lat="56.2712110" lon="10.1475560">
    <ele>62.0</ele>
   </trkpt>
   <trkpt lat="56.2712190" lon="10.1474850">
    <ele>62.0</ele>
   </trkpt>
   <trkpt lat="56.2712270" lon="10.1474150">
    <ele>62.2</ele>
   </trkpt>
   <trkpt lat="56.2712350" lon="10.1473440">
    <ele>62.4</ele>
   </trkpt>
   <trkpt lat="56.2712420" lon="10.1472710">
    <ele>62.6</ele>
   </trkpt>
   <trkpt lat="56.2712480" lon="10.1472000">
    <ele>62.8</ele>
   </trkpt>
   <trkpt lat="56.2712520" lon="10.1471300">
    <ele>63.0</ele>
   </trkpt>
   <trkpt lat="56.2712550" lon="10.1470600">
    <ele>63.4</ele>
   </trkpt>
   <trkpt lat="56.2712560" lon="10.1469900">
    <ele>63.4</ele>
   </trkpt>
   <trkpt lat="56.2712580" lon="10.1469170">
    <ele>63.6</ele>
   </trkpt>
   <trkpt lat="56.2712620" lon="10.1468450">
    <ele>64.0</ele>
   </trkpt>
   <trkpt lat="56.2712670" lon="10.1467750">
    <ele>64.0</ele>
   </trkpt>
   <trkpt lat="56.2712690" lon="10.1467040">
    <ele>64.0</ele>
   </trkpt>
   <trkpt lat="56.2712700" lon="10.1466310">
    <ele>64.2</ele>
   </trkpt>
   <trkpt lat="56.2712710" lon="10.1465570">
    <ele>64.2</ele>
   </trkpt>
   <trkpt lat="56.2712720" lon="10.1464840">
    <ele>64.6</ele>
   </trkpt>
   <trkpt lat="56.2712720" lon="10.1464110">
    <ele>64.6</ele>
   </trkpt>
   <trkpt lat="56.2712690" lon="10.1463400">
    <ele>64.8</ele>
   </trkpt>
   <trkpt lat="56.2712660" lon="10.1462680">
    <ele>65.0</ele>
   </trkpt>
   <trkpt lat="56.2712650" lon="10.1461950">
    <ele>65.2</ele>
   </trkpt>
   <trkpt lat="56.2712660" lon="10.1461210">
    <ele>65.4</ele>
   </trkpt>
   <trkpt lat="56.2712650" lon="10.1460480">
    <ele>65.6</ele>
   </trkpt>
   <trkpt lat="56.2712610" lon="10.1459760">
    <ele>65.8</ele>
   </trkpt>
   <trkpt lat="56.2712570" lon="10.1459040">
    <ele>65.8</ele>
   </trkpt>
   <trkpt lat="56.2712550" lon="10.1458290">
    <ele>65.8</ele>
   </trkpt>
   <trkpt lat="56.2712540" lon="10.1457690">
    <ele>65.8</ele>
   </trkpt>
   <trkpt lat="56.2712520" lon="10.1456760">
    <ele>65.8</ele>
   </trkpt>
   <trkpt lat="56.2712480" lon="10.1455980">
    <ele>66.0</ele>
   </trkpt>
   <trkpt lat="56.2712420" lon="10.1455200">
    <ele>66.0</ele>
   </trkpt>
   <trkpt lat="56.2712380" lon="10.1454420">
    <ele>66.0</ele>
   </trkpt>
   <trkpt lat="56.2712360" lon="10.1453630">
    <ele>66.0</ele>
   </trkpt>
   <trkpt lat="56.2712350" lon="10.1452810">
    <ele>66.0</ele>
   </trkpt>
   <trkpt lat="56.2712330" lon="10.1451990">
    <ele>66.0</ele>
   </trkpt>
   <trkpt lat="56.2712290" lon="10.1451150">
    <ele>66.0</ele>
   </trkpt>
   <trkpt lat="56.2712250" lon="10.1450300">
    <ele>66.0</ele>
   </trkpt>
   <trkpt lat="56.2712240" lon="10.1449440">
    <ele>66.0</ele>
   </trkpt>
   <trkpt lat="56.2712230" lon="10.1448570">
    <ele>66.0</ele>
   </trkpt>
   <trkpt lat="56.2712220" lon="10.1447710">
    <ele>66.0</ele>
   </trkpt>
   <trkpt lat="56.2712190" lon="10.1446830">
    <ele>66.0</ele>
   </trkpt>
   <trkpt lat="56.2712140" lon="10.1445970">
    <ele>65.8</ele>
   </trkpt>
   <trkpt lat="56.2712100" lon="10.1445110">
    <ele>65.8</ele>
   </trkpt>
   <trkpt lat="56.2712060" lon="10.1444260">
    <ele>65.8</ele>
   </trkpt>
   <trkpt lat="56.2712040" lon="10.1443400">
    <ele>65.8</ele>
   </trkpt>
   <trkpt lat="56.2712020" lon="10.1442530">
    <ele>65.8</ele>
   </trkpt>
   <trkpt lat="56.2712010" lon="10.1441690">
    <ele>65.8</ele>
   </trkpt>
   <trkpt lat="56.2711990" lon="10.1440820">
    <ele>65.8</ele>
   </trkpt>
   <trkpt lat="56.2711960" lon="10.1439920">
    <ele>65.8</ele>
   </trkpt>
   <trkpt lat="56.2711920" lon="10.1439030">
    <ele>65.8</ele>
   </trkpt>
   <trkpt lat="56.2711860" lon="10.1438150">
    <ele>65.8</ele>
   </trkpt>
   <trkpt lat="56.2711830" lon="10.1437270">
    <ele>65.8</ele>
   </trkpt>
   <trkpt lat="56.2711820" lon="10.1436360">
    <ele>65.8</ele>
   </trkpt>
   <trkpt lat="56.2711780" lon="10.1435440">
    <ele>65.8</ele>
   </trkpt>
   <trkpt lat="56.2711740" lon="10.1434480">
    <ele>65.8</ele>
   </trkpt>
   <trkpt lat="56.2711700" lon="10.1433530">
    <ele>65.8</ele>
   </trkpt>
   <trkpt lat="56.2711660" lon="10.1432580">
    <ele>65.8</ele>
   </trkpt>
   <trkpt lat="56.2711620" lon="10.1431620">
    <ele>65.8</ele>
   </trkpt>
   <trkpt lat="56.2711590" lon="10.1430640">
    <ele>65.6</ele>
   </trkpt>
   <trkpt lat="56.2711570" lon="10.1429670">
    <ele>65.6</ele>
   </trkpt>
   <trkpt lat="56.2711550" lon="10.1428680">
    <ele>65.2</ele>
   </trkpt>
   <trkpt lat="56.2711520" lon="10.1427700">
    <ele>65.0</ele>
   </trkpt>
   <trkpt lat="56.2711470" lon="10.1426710">
    <ele>64.8</ele>
   </trkpt>
   <trkpt lat="56.2711430" lon="10.1425710">
    <ele>64.8</ele>
   </trkpt>
   <trkpt lat="56.2711400" lon="10.1424690">
    <ele>64.8</ele>
   </trkpt>
   <trkpt lat="56.2711370" lon="10.1423660">
    <ele>64.8</ele>
   </trkpt>
   <trkpt lat="56.2711340" lon="10.1422620">
    <ele>64.6</ele>
   </trkpt>
   <trkpt lat="56.2711310" lon="10.1421530">
    <ele>64.6</ele>
   </trkpt>
   <trkpt lat="56.2711250" lon="10.1420440">
    <ele>64.4</ele>
   </trkpt>
   <trkpt lat="56.2711190" lon="10.1419340">
    <ele>64.0</ele>
   </trkpt>
   <trkpt lat="56.2711170" lon="10.1418210">
    <ele>64.0</ele>
   </trkpt>
   <trkpt lat="56.2711160" lon="10.1417060">
    <ele>64.0</ele>
   </trkpt>
   <trkpt lat="56.2711130" lon="10.1415910">
    <ele>63.8</ele>
   </trkpt>
   <trkpt lat="56.2711090" lon="10.1414760">
    <ele>63.6</ele>
   </trkpt>
   <trkpt lat="56.2711030" lon="10.1413600">
    <ele>63.4</ele>
   </trkpt>
   <trkpt lat="56.2710980" lon="10.1412420">
    <ele>63.4</ele>
   </trkpt>
   <trkpt lat="56.2710940" lon="10.1411170">
    <ele>63.2</ele>
   </trkpt>
   <trkpt lat="56.2710900" lon="10.1409860">
    <ele>63.2</ele>
   </trkpt>
   <trkpt lat="56.2710860" lon="10.1408510">
    <ele>63.0</ele>
   </trkpt>
   <trkpt lat="56.2710820" lon="10.1407110">
    <ele>62.8</ele>
   </trkpt>
   <trkpt lat="56.2710770" lon="10.1405670">
    <ele>62.4</ele>
   </trkpt>
   <trkpt lat="56.2710700" lon="10.1404210">
    <ele>62.0</ele>
   </trkpt>
   <trkpt lat="56.2710630" lon="10.1402740">
    <ele>61.2</ele>
   </trkpt>
   <trkpt lat="56.2710560" lon="10.1401310">
    <ele>60.2</ele>
   </trkpt>
   <trkpt lat="56.2710530" lon="10.1399890">
    <ele>59.6</ele>
   </trkpt>
   <trkpt lat="56.2710520" lon="10.1398510">
    <ele>59.6</ele>
   </trkpt>
   <trkpt lat="56.2710490" lon="10.1397140">
    <ele>59.6</ele>
   </trkpt>
   <trkpt lat="56.2710470" lon="10.1395810">
    <ele>59.4</ele>
   </trkpt>
   <trkpt lat="56.2710440" lon="10.1394440">
    <ele>59.4</ele>
   </trkpt>
   <trkpt lat="56.2710400" lon="10.1393060">
    <ele>59.2</ele>
   </trkpt>
   <trkpt lat="56.2710340" lon="10.1391660">
    <ele>59.2</ele>
   </trkpt>
   <trkpt lat="56.2710300" lon="10.1390260">
    <ele>59.2</ele>
   </trkpt>
   <trkpt lat="56.2710260" lon="10.1389130">
    <ele>59.0</ele>
   </trkpt>
   <trkpt lat="56.2710190" lon="10.1387460">
    <ele>58.6</ele>
   </trkpt>
   <trkpt lat="56.2710120" lon="10.1386050">
    <ele>58.0</ele>
   </trkpt>
   <trkpt lat="56.2710080" lon="10.1384640">
    <ele>58.0</ele>
   </trkpt>
   <trkpt lat="56.2710050" lon="10.1383230">
    <ele>58.0</ele>
   </trkpt>
   <trkpt lat="56.2710020" lon="10.1381820">
    <ele>58.0</ele>
   </trkpt>
   <trkpt lat="56.2709980" lon="10.1380430">
    <ele>58.0</ele>
   </trkpt>
   <trkpt lat="56.2709930" lon="10.1379040">
    <ele>58.0</ele>
   </trkpt>
   <trkpt lat="56.2709850" lon="10.1377640">
    <ele>58.0</ele>
   </trkpt>
   <trkpt lat="56.2709820" lon="10.1376250">
    <ele>58.0</ele>
   </trkpt>
   <trkpt lat="56.2709790" lon="10.1374870">
    <ele>57.8</ele>
   </trkpt>
   <trkpt lat="56.2709740" lon="10.1373530">
    <ele>57.6</ele>
   </trkpt>
   <trkpt lat="56.2709670" lon="10.1372190">
    <ele>57.6</ele>
   </trkpt>
   <trkpt lat="56.2709610" lon="10.1370830">
    <ele>57.4</ele>
   </trkpt>
   <trkpt lat="56.2709530" lon="10.1369450">
    <ele>57.2</ele>
   </trkpt>
   <trkpt lat="56.2709480" lon="10.1368090">
    <ele>57.2</ele>
   </trkpt>
   <trkpt lat="56.2709420" lon="10.1366720">
    <ele>57.2</ele>
   </trkpt>
   <trkpt lat="56.2709400" lon="10.1365360">
    <ele>57.2</ele>
   </trkpt>
   <trkpt lat="56.2709400" lon="10.1363980">
    <ele>57.2</ele>
   </trkpt>
   <trkpt lat="56.2709380" lon="10.1362620">
    <ele>57.0</ele>
   </trkpt>
   <trkpt lat="56.2709340" lon="10.1361280">
    <ele>57.0</ele>
   </trkpt>
   <trkpt lat="56.2709290" lon="10.1360220">
    <ele>57.0</ele>
   </trkpt>
   <trkpt lat="56.2709240" lon="10.1358690">
    <ele>57.0</ele>
   </trkpt>
   <trkpt lat="56.2709200" lon="10.1357390">
    <ele>57.0</ele>
   </trkpt>
   <trkpt lat="56.2709180" lon="10.1356080">
    <ele>57.0</ele>
   </trkpt>
   <trkpt lat="56.2709150" lon="10.1354780">
    <ele>57.0</ele>
   </trkpt>
   <trkpt lat="56.2709130" lon="10.1353470">
    <ele>57.0</ele>
   </trkpt>
   <trkpt lat="56.2709100" lon="10.1352180">
    <ele>57.0</ele>
   </trkpt>
   <trkpt lat="56.2709060" lon="10.1350890">
    <ele>57.2</ele>
   </trkpt>
   <trkpt lat="56.2709000" lon="10.1349610">
    <ele>57.2</ele>
   </trkpt>
   <trkpt lat="56.2708930" lon="10.1348320">
    <ele>57.4</ele>
   </trkpt>
   <trkpt lat="56.2708890" lon="10.1347040">
    <ele>57.4</ele>
   </trkpt>
   <trkpt lat="56.2708820" lon="10.1345770">
    <ele>57.4</ele>
   </trkpt>
   <trkpt lat="56.2708750" lon="10.1344490">
    <ele>57.4</ele>
   </trkpt>
   <trkpt lat="56.2708690" lon="10.1343210">
    <ele>57.4</ele>
   </trkpt>
   <trkpt lat="56.2708660" lon="10.1341930">
    <ele>57.2</ele>
   </trkpt>
   <trkpt lat="56.2708630" lon="10.1340670">
    <ele>57.2</ele>
   </trkpt>
   <trkpt lat="56.2708630" lon="10.1339410">
    <ele>57.0</ele>
   </trkpt>
   <trkpt lat="56.2708590" lon="10.1338140">
    <ele>57.0</ele>
   </trkpt>
   <trkpt lat="56.2708520" lon="10.1336860">
    <ele>57.0</ele>
   </trkpt>
   <trkpt lat="56.2708450" lon="10.1335610">
    <ele>57.0</ele>
   </trkpt>
   <trkpt lat="56.2708420" lon="10.1334340">
    <ele>57.0</ele>
   </trkpt>
   <trkpt lat="56.2708410" lon="10.1333050">
    <ele>57.0</ele>
   </trkpt>
   <trkpt lat="56.2708380" lon="10.1331730">
    <ele>56.8</ele>
   </trkpt>
   <trkpt lat="56.2708340" lon="10.1330440">
    <ele>56.8</ele>
   </trkpt>
   <trkpt lat="56.2708290" lon="10.1329130">
    <ele>56.8</ele>
   </trkpt>
   <trkpt lat="56.2708230" lon="10.1327830">
    <ele>56.6</ele>
   </trkpt>
   <trkpt lat="56.2708160" lon="10.1326530">
    <ele>56.6</ele>
   </trkpt>
   <trkpt lat="56.2708080" lon="10.1325230">
    <ele>56.6</ele>
   </trkpt>
   <trkpt lat="56.2708010" lon="10.1323930">
    <ele>56.2</ele>
   </trkpt>
   <trkpt lat="56.2707960" lon="10.1322650">
    <ele>56.0</ele>
   </trkpt>
   <trkpt lat="56.2707910" lon="10.1321360">
    <ele>55.8</ele>
   </trkpt>
   <trkpt lat="56.2707860" lon="10.1320090">
    <ele>55.4</ele>
   </trkpt>
   <trkpt lat="56.2707780" lon="10.1318790">
    <ele>55.4</ele>
   </trkpt>
   <trkpt lat="56.2707710" lon="10.1317480">
    <ele>55.4</ele>
   </trkpt>
   <trkpt lat="56.2707640" lon="10.1316210">
    <ele>55.2</ele>
   </trkpt>
   <trkpt lat="56.2707580" lon="10.1314950">
    <ele>55.0</ele>
   </trkpt>
   <trkpt lat="56.2707520" lon="10.1313680">
    <ele>55.0</ele>
   </trkpt>
   <trkpt lat="56.2707440" lon="10.1312430">
    <ele>55.0</ele>
   </trkpt>
   <trkpt lat="56.2707380" lon="10.1311160">
    <ele>54.8</ele>
   </trkpt>
   <trkpt lat="56.2707310" lon="10.1309880">
    <ele>55.0</ele>
   </trkpt>
   <trkpt lat="56.2707230" lon="10.1308640">
    <ele>55.0</ele>
   </trkpt>
   <trkpt lat="56.2707170" lon="10.1307370">
    <ele>55.0</ele>
   </trkpt>
   <trkpt lat="56.2707120" lon="10.1306120">
    <ele>55.0</ele>
   </trkpt>
   <trkpt lat="56.2707040" lon="10.1304860">
    <ele>54.8</ele>
   </trkpt>
   <trkpt lat="56.2706990" lon="10.1303640">
    <ele>54.8</ele>
   </trkpt>
   <trkpt lat="56.2707030" lon="10.1302470">
    <ele>54.8</ele>
   </trkpt>
   <trkpt lat="56.2706960" lon="10.1301090">
    <ele>54.8</ele>
   </trkpt>
   <trkpt lat="56.2706860" lon="10.1299960">
    <ele>54.8</ele>
   </trkpt>
   <trkpt lat="56.2706760" lon="10.1298750">
    <ele>54.8</ele>
   </trkpt>
   <trkpt lat="56.2706640" lon="10.1297470">
    <ele>54.8</ele>
   </trkpt>
   <trkpt lat="56.2706540" lon="10.1296270">
    <ele>55.2</ele>
   </trkpt>
   <trkpt lat="56.2706460" lon="10.1295070">
    <ele>55.4</ele>
   </trkpt>
   <trkpt lat="56.2706370" lon="10.1293940">
    <ele>55.6</ele>
   </trkpt>
   <trkpt lat="56.2706250" lon="10.1292860">
    <ele>55.6</ele>
   </trkpt>
   <trkpt lat="56.2706160" lon="10.1291820">
    <ele>55.6</ele>
   </trkpt>
   <trkpt lat="56.2706060" lon="10.1290720">
    <ele>55.6</ele>
   </trkpt>
   <trkpt lat="56.2705990" lon="10.1289630">
    <ele>55.6</ele>
   </trkpt>
   <trkpt lat="56.2705920" lon="10.1288550">
    <ele>55.8</ele>
   </trkpt>
   <trkpt lat="56.2705830" lon="10.1287490">
    <ele>55.8</ele>
   </trkpt>
   <trkpt lat="56.2705730" lon="10.1286410">
    <ele>55.8</ele>
   </trkpt>
   <trkpt lat="56.2705630" lon="10.1285340">
    <ele>55.8</ele>
   </trkpt>
   <trkpt lat="56.2705540" lon="10.1284290">
    <ele>55.8</ele>
   </trkpt>
   <trkpt lat="56.2705480" lon="10.1283220">
    <ele>55.8</ele>
   </trkpt>
   <trkpt lat="56.2705420" lon="10.1282150">
    <ele>55.8</ele>
   </trkpt>
   <trkpt lat="56.2705320" lon="10.1281090">
    <ele>55.8</ele>
   </trkpt>
   <trkpt lat="56.2705250" lon="10.1280040">
    <ele>56.0</ele>
   </trkpt>
   <trkpt lat="56.2705190" lon="10.1278970">
    <ele>56.2</ele>
   </trkpt>
   <trkpt lat="56.2705120" lon="10.1277920">
    <ele>56.2</ele>
   </trkpt>
   <trkpt lat="56.2705030" lon="10.1276860">
    <ele>56.2</ele>
   </trkpt>
   <trkpt lat="56.2704930" lon="10.1275810">
    <ele>56.4</ele>
   </trkpt>
   <trkpt lat="56.2704860" lon="10.1274760">
    <ele>56.6</ele>
   </trkpt>
   <trkpt lat="56.2704790" lon="10.1273740">
    <ele>56.6</ele>
   </trkpt>
   <trkpt lat="56.2704700" lon="10.1272700">
    <ele>56.8</ele>
   </trkpt>
   <trkpt lat="56.2704620" lon="10.1271670">
    <ele>57.2</ele>
   </trkpt>
   <trkpt lat="56.2704540" lon="10.1270630">
    <ele>57.4</ele>
   </trkpt>
   <trkpt lat="56.2704500" lon="10.1269800">
    <ele>57.4</ele>
   </trkpt>
   <trkpt lat="56.2704440" lon="10.1268600">
    <ele>57.4</ele>
   </trkpt>
   <trkpt lat="56.2704360" lon="10.1267590">
    <ele>57.6</ele>
   </trkpt>
   <trkpt lat="56.2704270" lon="10.1266610">
    <ele>57.6</ele>
   </trkpt>
   <trkpt lat="56.2704180" lon="10.1265620">
    <ele>57.6</ele>
   </trkpt>
   <trkpt lat="56.2704100" lon="10.1264620">
    <ele>58.0</ele>
   </trkpt>
   <trkpt lat="56.2704020" lon="10.1263620">
    <ele>58.0</ele>
   </trkpt>
   <trkpt lat="56.2703950" lon="10.1262610">
    <ele>58.2</ele>
   </trkpt>
   <trkpt lat="56.2703870" lon="10.1261610">
    <ele>58.6</ele>
   </trkpt>
   <trkpt lat="56.2703800" lon="10.1260580">
    <ele>58.8</ele>
   </trkpt>
   <trkpt lat="56.2703720" lon="10.1259560">
    <ele>59.0</ele>
   </trkpt>
   <trkpt lat="56.2703620" lon="10.1258540">
    <ele>59.0</ele>
   </trkpt>
   <trkpt lat="56.2703540" lon="10.1257490">
    <ele>59.2</ele>
   </trkpt>
   <trkpt lat="56.2703470" lon="10.1256420">
    <ele>59.2</ele>
   </trkpt>
   <trkpt lat="56.2703400" lon="10.1255360">
    <ele>59.2</ele>
   </trkpt>
   <trkpt lat="56.2703310" lon="10.1254290">
    <ele>59.2</ele>
   </trkpt>
   <trkpt lat="56.2703230" lon="10.1253250">
    <ele>59.2</ele>
   </trkpt>
   <trkpt lat="56.2703140" lon="10.1252200">
    <ele>59.2</ele>
   </trkpt>
   <trkpt lat="56.2703060" lon="10.1251130">
    <ele>59.2</ele>
   </trkpt>
   <trkpt lat="56.2702990" lon="10.1250070">
    <ele>59.2</ele>
   </trkpt>
   <trkpt lat="56.2702900" lon="10.1248990">
    <ele>59.2</ele>
   </trkpt>
   <trkpt lat="56.2702820" lon="10.1247880">
    <ele>59.2</ele>
   </trkpt>
   <trkpt lat="56.2702750" lon="10.1246770">
    <ele>59.2</ele>
   </trkpt>
   <trkpt lat="56.2702690" lon="10.1245650">
    <ele>59.2</ele>
   </trkpt>
   <trkpt lat="56.2702620" lon="10.1244540">
    <ele>59.0</ele>
   </trkpt>
   <trkpt lat="56.2702570" lon="10.1243440">
    <ele>59.0</ele>
   </trkpt>
   <trkpt lat="56.2702520" lon="10.1242340">
    <ele>59.0</ele>
   </trkpt>
   <trkpt lat="56.2702450" lon="10.1241200">
    <ele>58.8</ele>
   </trkpt>
   <trkpt lat="56.2702380" lon="10.1240070">
    <ele>58.8</ele>
   </trkpt>
   <trkpt lat="56.2702340" lon="10.1238930">
    <ele>58.8</ele>
   </trkpt>
   <trkpt lat="56.2702320" lon="10.1237790">
    <ele>58.8</ele>
   </trkpt>
   <trkpt lat="56.2702290" lon="10.1236640">
    <ele>58.8</ele>
   </trkpt>
   <trkpt lat="56.2702260" lon="10.1235490">
    <ele>58.8</ele>
   </trkpt>
   <trkpt lat="56.2702260" lon="10.1234330">
    <ele>58.8</ele>
   </trkpt>
   <trkpt lat="56.2702270" lon="10.1233180">
    <ele>58.8</ele>
   </trkpt>
   <trkpt lat="56.2702280" lon="10.1232020">
    <ele>58.8</ele>
   </trkpt>
   <trkpt lat="56.2702270" lon="10.1230890">
    <ele>58.8</ele>
   </trkpt>
   <trkpt lat="56.2702260" lon="10.1229770">
    <ele>58.8</ele>
   </trkpt>
   <trkpt lat="56.2702270" lon="10.1228660">
    <ele>58.8</ele>
   </trkpt>
   <trkpt lat="56.2702290" lon="10.1227550">
    <ele>58.8</ele>
   </trkpt>
   <trkpt lat="56.2702310" lon="10.1226420">
    <ele>58.8</ele>
   </trkpt>
   <trkpt lat="56.2702300" lon="10.1225290">
    <ele>58.8</ele>
   </trkpt>
   <trkpt lat="56.2702320" lon="10.1224170">
    <ele>58.8</ele>
   </trkpt>
   <trkpt lat="56.2702320" lon="10.1223060">
    <ele>58.8</ele>
   </trkpt>
   <trkpt lat="56.2702350" lon="10.1221960">
    <ele>58.6</ele>
   </trkpt>
   <trkpt lat="56.2702350" lon="10.1220860">
    <ele>58.6</ele>
   </trkpt>
   <trkpt lat="56.2702340" lon="10.1219750">
    <ele>58.6</ele>
   </trkpt>
   <trkpt lat="56.2702300" lon="10.1218640">
    <ele>58.8</ele>
   </trkpt>
   <trkpt lat="56.2702290" lon="10.1217520">
    <ele>58.8</ele>
   </trkpt>
   <trkpt lat="56.2702300" lon="10.1216410">
    <ele>58.8</ele>
   </trkpt>
   <trkpt lat="56.2702300" lon="10.1215300">
    <ele>58.8</ele>
   </trkpt>
   <trkpt lat="56.2702280" lon="10.1214170">
    <ele>59.0</ele>
   </trkpt>
   <trkpt lat="56.2702230" lon="10.1213050">
    <ele>59.2</ele>
   </trkpt>
   <trkpt lat="56.2702200" lon="10.1211930">
    <ele>59.2</ele>
   </trkpt>
   <trkpt lat="56.2702200" lon="10.1210850">
    <ele>59.2</ele>
   </trkpt>
   <trkpt lat="56.2702180" lon="10.1209730">
    <ele>59.4</ele>
   </trkpt>
   <trkpt lat="56.2702140" lon="10.1208580">
    <ele>59.4</ele>
   </trkpt>
   <trkpt lat="56.2702120" lon="10.1207420">
    <ele>59.4</ele>
   </trkpt>
   <trkpt lat="56.2702100" lon="10.1206260">
    <ele>59.4</ele>
   </trkpt>
   <trkpt lat="56.2702040" lon="10.1205110">
    <ele>59.4</ele>
   </trkpt>
   <trkpt lat="56.2702010" lon="10.1203940">
    <ele>59.4</ele>
   </trkpt>
   <trkpt lat="56.2702010" lon="10.1202780">
    <ele>59.2</ele>
   </trkpt>
   <trkpt lat="56.2702000" lon="10.1201630">
    <ele>59.2</ele>
   </trkpt>
   <trkpt lat="56.2701980" lon="10.1200470">
    <ele>59.2</ele>
   </trkpt>
   <trkpt lat="56.2701950" lon="10.1199330">
    <ele>59.0</ele>
   </trkpt>
   <trkpt lat="56.2701900" lon="10.1198180">
    <ele>59.0</ele>
   </trkpt>
   <trkpt lat="56.2701880" lon="10.1197010">
    <ele>59.0</ele>
   </trkpt>
   <trkpt lat="56.2701900" lon="10.1195860">
    <ele>59.0</ele>
   </trkpt>
   <trkpt lat="56.2701910" lon="10.1194690">
    <ele>58.8</ele>
   </trkpt>
   <trkpt lat="56.2701880" lon="10.1193520">
    <ele>58.8</ele>
   </trkpt>
   <trkpt lat="56.2701850" lon="10.1192370">
    <ele>58.8</ele>
   </trkpt>
   <trkpt lat="56.2701850" lon="10.1191220">
    <ele>58.8</ele>
   </trkpt>
   <trkpt lat="56.2701860" lon="10.1190070">
    <ele>58.8</ele>
   </trkpt>
   <trkpt lat="56.2701870" lon="10.1188910">
    <ele>58.8</ele>
   </trkpt>
   <trkpt lat="56.2701870" lon="10.1187760">
    <ele>58.8</ele>
   </trkpt>
   <trkpt lat="56.2701860" lon="10.1186600">
    <ele>58.8</ele>
   </trkpt>
   <trkpt lat="56.2701850" lon="10.1185440">
    <ele>58.8</ele>
   </trkpt>
   <trkpt lat="56.2701860" lon="10.1184250">
    <ele>59.0</ele>
   </trkpt>
   <trkpt lat="56.2701860" lon="10.1183080">
    <ele>59.0</ele>
   </trkpt>
   <trkpt lat="56.2701840" lon="10.1181900">
    <ele>59.0</ele>
   </trkpt>
   <trkpt lat="56.2701840" lon="10.1180720">
    <ele>59.0</ele>
   </trkpt>
   <trkpt lat="56.2701830" lon="10.1179530">
    <ele>59.0</ele>
   </trkpt>
   <trkpt lat="56.2701820" lon="10.1178380">
    <ele>59.0</ele>
   </trkpt>
   <trkpt lat="56.2701810" lon="10.1177210">
    <ele>59.0</ele>
   </trkpt>
   <trkpt lat="56.2701810" lon="10.1176040">
    <ele>59.0</ele>
   </trkpt>
   <trkpt lat="56.2701810" lon="10.1174880">
    <ele>59.0</ele>
   </trkpt>
   <trkpt lat="56.2701830" lon="10.1173710">
    <ele>59.0</ele>
   </trkpt>
   <trkpt lat="56.2701820" lon="10.1172550">
    <ele>59.2</ele>
   </trkpt>
   <trkpt lat="56.2701780" lon="10.1171400">
    <ele>59.2</ele>
   </trkpt>
   <trkpt lat="56.2701730" lon="10.1170240">
    <ele>59.2</ele>
   </trkpt>
   <trkpt lat="56.2701730" lon="10.1169100">
    <ele>59.2</ele>
   </trkpt>
   <trkpt lat="56.2701760" lon="10.1167950">
    <ele>59.4</ele>
   </trkpt>
   <trkpt lat="56.2701760" lon="10.1166800">
    <ele>59.4</ele>
   </trkpt>
   <trkpt lat="56.2701730" lon="10.1165660">
    <ele>59.2</ele>
   </trkpt>
   <trkpt lat="56.2701700" lon="10.1164500">
    <ele>59.2</ele>
   </trkpt>
   <trkpt lat="56.2701710" lon="10.1163330">
    <ele>59.2</ele>
   </trkpt>
   <trkpt lat="56.2701720" lon="10.1162160">
    <ele>59.2</ele>
   </trkpt>
   <trkpt lat="56.2701730" lon="10.1161000">
    <ele>59.0</ele>
   </trkpt>
   <trkpt lat="56.2701720" lon="10.1159820">
    <ele>59.0</ele>
   </trkpt>
   <trkpt lat="56.2701700" lon="10.1158660">
    <ele>59.0</ele>
   </trkpt>
   <trkpt lat="56.2701670" lon="10.1157490">
    <ele>59.0</ele>
   </trkpt>
   <trkpt lat="56.2701640" lon="10.1156310">
    <ele>59.0</ele>
   </trkpt>
   <trkpt lat="56.2701620" lon="10.1155110">
    <ele>58.8</ele>
   </trkpt>
   <trkpt lat="56.2701610" lon="10.1153910">
    <ele>58.8</ele>
   </trkpt>
   <trkpt lat="56.2701610" lon="10.1152710">
    <ele>58.8</ele>
   </trkpt>
   <trkpt lat="56.2701600" lon="10.1151520">
    <ele>58.8</ele>
   </trkpt>
   <trkpt lat="56.2701580" lon="10.1150350">
    <ele>58.8</ele>
   </trkpt>
   <trkpt lat="56.2701560" lon="10.1149200">
    <ele>58.8</ele>
   </trkpt>
   <trkpt lat="56.2701560" lon="10.1148060">
    <ele>58.8</ele>
   </trkpt>
   <trkpt lat="56.2701560" lon="10.1146930">
    <ele>58.8</ele>
   </trkpt>
   <trkpt lat="56.2701540" lon="10.1145780">
    <ele>58.8</ele>
   </trkpt>
   <trkpt lat="56.2701510" lon="10.1144630">
    <ele>58.8</ele>
   </trkpt>
   <trkpt lat="56.2701500" lon="10.1143510">
    <ele>58.8</ele>
   </trkpt>
   <trkpt lat="56.2701500" lon="10.1142410">
    <ele>58.8</ele>
   </trkpt>
   <trkpt lat="56.2701480" lon="10.1141290">
    <ele>59.0</ele>
   </trkpt>
   <trkpt lat="56.2701450" lon="10.1140170">
    <ele>59.2</ele>
   </trkpt>
   <trkpt lat="56.2701460" lon="10.1139080">
    <ele>59.2</ele>
   </trkpt>
   <trkpt lat="56.2701450" lon="10.1137980">
    <ele>59.2</ele>
   </trkpt>
   <trkpt lat="56.2701450" lon="10.1136900">
    <ele>59.2</ele>
   </trkpt>
   <trkpt lat="56.2701440" lon="10.1135820">
    <ele>59.2</ele>
   </trkpt>
   <trkpt lat="56.2701410" lon="10.1134730">
    <ele>59.2</ele>
   </trkpt>
   <trkpt lat="56.2701370" lon="10.1133650">
    <ele>59.2</ele>
   </trkpt>
   <trkpt lat="56.2701320" lon="10.1132590">
    <ele>59.2</ele>
   </trkpt>
   <trkpt lat="56.2701240" lon="10.1131530">
    <ele>59.2</ele>
   </trkpt>
   <trkpt lat="56.2701160" lon="10.1130460">
    <ele>59.4</ele>
   </trkpt>
   <trkpt lat="56.2701090" lon="10.1129390">
    <ele>59.4</ele>
   </trkpt>
   <trkpt lat="56.2701000" lon="10.1128320">
    <ele>59.4</ele>
   </trkpt>
   <trkpt lat="56.2700920" lon="10.1127260">
    <ele>59.4</ele>
   </trkpt>
   <trkpt lat="56.2700850" lon="10.1126170">
    <ele>59.4</ele>
   </trkpt>
   <trkpt lat="56.2700770" lon="10.1125100">
    <ele>59.6</ele>
   </trkpt>
   <trkpt lat="56.2700670" lon="10.1124030">
    <ele>59.6</ele>
   </trkpt>
   <trkpt lat="56.2700570" lon="10.1122960">
    <ele>59.6</ele>
   </trkpt>
   <trkpt lat="56.2700460" lon="10.1121900">
    <ele>59.8</ele>
   </trkpt>
   <trkpt lat="56.2700360" lon="10.1120850">
    <ele>59.8</ele>
   </trkpt>
   <trkpt lat="56.2700270" lon="10.1119790">
    <ele>59.8</ele>
   </trkpt>
   <trkpt lat="56.2700160" lon="10.1118750">
    <ele>59.8</ele>
   </trkpt>
   <trkpt lat="56.2700030" lon="10.1117730">
    <ele>59.8</ele>
   </trkpt>
   <trkpt lat="56.2699930" lon="10.1116680">
    <ele>59.8</ele>
   </trkpt>
   <trkpt lat="56.2699860" lon="10.1115630">
    <ele>60.2</ele>
   </trkpt>
   <trkpt lat="56.2699800" lon="10.1114590">
    <ele>60.2</ele>
   </trkpt>
   <trkpt lat="56.2699730" lon="10.1113540">
    <ele>60.4</ele>
   </trkpt>
   <trkpt lat="56.2699650" lon="10.1112460">
    <ele>60.4</ele>
   </trkpt>
   <trkpt lat="56.2699600" lon="10.1111370">
    <ele>60.4</ele>
   </trkpt>
   <trkpt lat="56.2699550" lon="10.1110290">
    <ele>60.4</ele>
   </trkpt>
   <trkpt lat="56.2699520" lon="10.1109210">
    <ele>60.4</ele>
   </trkpt>
   <trkpt lat="56.2699480" lon="10.1108110">
    <ele>60.2</ele>
   </trkpt>
   <trkpt lat="56.2699440" lon="10.1107030">
    <ele>60.2</ele>
   </trkpt>
   <trkpt lat="56.2699410" lon="10.1105950">
    <ele>60.2</ele>
   </trkpt>
   <trkpt lat="56.2699410" lon="10.1104870">
    <ele>60.0</ele>
   </trkpt>
   <trkpt lat="56.2699410" lon="10.1103790">
    <ele>59.8</ele>
   </trkpt>
   <trkpt lat="56.2699410" lon="10.1102720">
    <ele>59.8</ele>
   </trkpt>
   <trkpt lat="56.2699430" lon="10.1101660">
    <ele>59.8</ele>
   </trkpt>
   <trkpt lat="56.2699460" lon="10.1100600">
    <ele>59.8</ele>
   </trkpt>
   <trkpt lat="56.2699470" lon="10.1099550">
    <ele>59.8</ele>
   </trkpt>
   <trkpt lat="56.2699450" lon="10.1098490">
    <ele>59.8</ele>
   </trkpt>
   <trkpt lat="56.2699410" lon="10.1097420">
    <ele>59.8</ele>
   </trkpt>
   <trkpt lat="56.2699350" lon="10.1096340">
    <ele>60.4</ele>
   </trkpt>
   <trkpt lat="56.2699270" lon="10.1095290">
    <ele>60.4</ele>
   </trkpt>
   <trkpt lat="56.2699130" lon="10.1094250">
    <ele>60.4</ele>
   </trkpt>
   <trkpt lat="56.2698970" lon="10.1093220">
    <ele>60.4</ele>
   </trkpt>
   <trkpt lat="56.2698810" lon="10.1092220">
    <ele>60.6</ele>
   </trkpt>
   <trkpt lat="56.2698610" lon="10.1091250">
    <ele>61.0</ele>
   </trkpt>
   <trkpt lat="56.2698390" lon="10.1090290">
    <ele>61.0</ele>
   </trkpt>
   <trkpt lat="56.2698180" lon="10.1089290">
    <ele>61.2</ele>
   </trkpt>
   <trkpt lat="56.2697960" lon="10.1088330">
    <ele>61.2</ele>
   </trkpt>
   <trkpt lat="56.2697790" lon="10.1087550">
    <ele>61.2</ele>
   </trkpt>
   <trkpt lat="56.2697540" lon="10.1086350">
    <ele>61.2</ele>
   </trkpt>
   <trkpt lat="56.2697320" lon="10.1085360">
    <ele>61.2</ele>
   </trkpt>
   <trkpt lat="56.2697070" lon="10.1084400">
    <ele>61.2</ele>
   </trkpt>
   <trkpt lat="56.2696800" lon="10.1083430">
    <ele>61.2</ele>
   </trkpt>
   <trkpt lat="56.2696540" lon="10.1082430">
    <ele>61.4</ele>
   </trkpt>
   <trkpt lat="56.2696300" lon="10.1081400">
    <ele>61.4</ele>
   </trkpt>
   <trkpt lat="56.2696060" lon="10.1080390">
    <ele>61.4</ele>
   </trkpt>
   <trkpt lat="56.2695810" lon="10.1079400">
    <ele>61.4</ele>
   </trkpt>
   <trkpt lat="56.2695540" lon="10.1078400">
    <ele>61.6</ele>
   </trkpt>
   <trkpt lat="56.2695300" lon="10.1077380">
    <ele>61.6</ele>
   </trkpt>
   <trkpt lat="56.2695060" lon="10.1076350">
    <ele>61.6</ele>
   </trkpt>
   <trkpt lat="56.2694810" lon="10.1075300">
    <ele>61.6</ele>
   </trkpt>
   <trkpt lat="56.2694560" lon="10.1074290">
    <ele>61.6</ele>
   </trkpt>
   <trkpt lat="56.2694280" lon="10.1073300">
    <ele>61.6</ele>
   </trkpt>
   <trkpt lat="56.2694030" lon="10.1072310">
    <ele>61.4</ele>
   </trkpt>
   <trkpt lat="56.2693790" lon="10.1071290">
    <ele>61.4</ele>
   </trkpt>
   <trkpt lat="56.2693590" lon="10.1070260">
    <ele>61.4</ele>
   </trkpt>
   <trkpt lat="56.2693380" lon="10.1069220">
    <ele>61.4</ele>
   </trkpt>
   <trkpt lat="56.2693150" lon="10.1068210">
    <ele>61.4</ele>
   </trkpt>
   <trkpt lat="56.2692890" lon="10.1067210">
    <ele>61.4</ele>
   </trkpt>
   <trkpt lat="56.2692610" lon="10.1066210">
    <ele>61.4</ele>
   </trkpt>
   <trkpt lat="56.2692330" lon="10.1065200">
    <ele>61.2</ele>
   </trkpt>
   <trkpt lat="56.2692070" lon="10.1064190">
    <ele>61.2</ele>
   </trkpt>
   <trkpt lat="56.2691820" lon="10.1063160">
    <ele>61.2</ele>
   </trkpt>
   <trkpt lat="56.2691580" lon="10.1062130">
    <ele>61.2</ele>
   </trkpt>
   <trkpt lat="56.2691350" lon="10.1061110">
    <ele>61.2</ele>
   </trkpt>
   <trkpt lat="56.2691090" lon="10.1060070">
    <ele>61.4</ele>
   </trkpt>
   <trkpt lat="56.2690800" lon="10.1059070">
    <ele>62.0</ele>
   </trkpt>
   <trkpt lat="56.2690530" lon="10.1058080">
    <ele>62.0</ele>
   </trkpt>
   <trkpt lat="56.2690290" lon="10.1057060">
    <ele>62.0</ele>
   </trkpt>
   <trkpt lat="56.2690060" lon="10.1056060">
    <ele>62.0</ele>
   </trkpt>
   <trkpt lat="56.2689830" lon="10.1055090">
    <ele>62.0</ele>
   </trkpt>
   <trkpt lat="56.2689590" lon="10.1054120">
    <ele>62.0</ele>
   </trkpt>
   <trkpt lat="56.2689360" lon="10.1053200">
    <ele>62.0</ele>
   </trkpt>
   <trkpt lat="56.2689150" lon="10.1052300">
    <ele>62.2</ele>
   </trkpt>
   <trkpt lat="56.2688970" lon="10.1051400">
    <ele>62.4</ele>
   </trkpt>
   <trkpt lat="56.2688780" lon="10.1050510">
    <ele>62.6</ele>
   </trkpt>
   <trkpt lat="56.2688560" lon="10.1049640">
    <ele>62.8</ele>
   </trkpt>
   <trkpt lat="56.2688350" lon="10.1048760">
    <ele>63.0</ele>
   </trkpt>
   <trkpt lat="56.2688140" lon="10.1047870">
    <ele>63.2</ele>
   </trkpt>
   <trkpt lat="56.2687920" lon="10.1047010">
    <ele>63.4</ele>
   </trkpt>
   <trkpt lat="56.2687700" lon="10.1046150">
    <ele>63.6</ele>
   </trkpt>
   <trkpt lat="56.2687500" lon="10.1045270">
    <ele>63.8</ele>
   </trkpt>
   <trkpt lat="56.2687290" lon="10.1044380">
    <ele>64.0</ele>
   </trkpt>
   <trkpt lat="56.2687060" lon="10.1043500">
    <ele>64.0</ele>
   </trkpt>
   <trkpt lat="56.2686830" lon="10.1042630">
    <ele>64.2</ele>
   </trkpt>
   <trkpt lat="56.2686630" lon="10.1041730">
    <ele>64.4</ele>
   </trkpt>
   <trkpt lat="56.2686420" lon="10.1040800">
    <ele>64.6</ele>
   </trkpt>
   <trkpt lat="56.2686230" lon="10.1039890">
    <ele>64.6</ele>
   </trkpt>
   <trkpt lat="56.2686020" lon="10.1039070">
    <ele>64.6</ele>
   </trkpt>
   <trkpt lat="56.2685810" lon="10.1038280">
    <ele>64.6</ele>
   </trkpt>
   <trkpt lat="56.2685650" lon="10.1037520">
    <ele>64.8</ele>
   </trkpt>
   <trkpt lat="56.2685560" lon="10.1036750">
    <ele>64.8</ele>
   </trkpt>
   <trkpt lat="56.2685540" lon="10.1036030">
    <ele>64.8</ele>
   </trkpt>
   <trkpt lat="56.2685600" lon="10.1035350">
    <ele>65.0</ele>
   </trkpt>
   <trkpt lat="56.2685670" lon="10.1034640">
    <ele>65.0</ele>
   </trkpt>
   <trkpt lat="56.2685670" lon="10.1033880">
    <ele>65.0</ele>
   </trkpt>
   <trkpt lat="56.2685560" lon="10.1033070">
    <ele>65.0</ele>
   </trkpt>
   <trkpt lat="56.2685390" lon="10.1032220">
    <ele>65.0</ele>
   </trkpt>
   <trkpt lat="56.2685250" lon="10.1031290">
    <ele>64.8</ele>
   </trkpt>
   <trkpt lat="56.2685220" lon="10.1030270">
    <ele>64.8</ele>
   </trkpt>
   <trkpt lat="56.2685230" lon="10.1029210">
    <ele>64.6</ele>
   </trkpt>
   <trkpt lat="56.2685250" lon="10.1028160">
    <ele>64.6</ele>
   </trkpt>
   <trkpt lat="56.2685310" lon="10.1027100">
    <ele>64.2</ele>
   </trkpt>
   <trkpt lat="56.2685420" lon="10.1026020">
    <ele>63.8</ele>
   </trkpt>
   <trkpt lat="56.2685560" lon="10.1024910">
    <ele>63.4</ele>
   </trkpt>
   <trkpt lat="56.2685740" lon="10.1023800">
    <ele>63.2</ele>
   </trkpt>
   <trkpt lat="56.2685890" lon="10.1022690">
    <ele>63.0</ele>
   </trkpt>
   <trkpt lat="56.2686020" lon="10.1021580">
    <ele>62.6</ele>
   </trkpt>
   <trkpt lat="56.2686150" lon="10.1020480">
    <ele>62.4</ele>
   </trkpt>
   <trkpt lat="56.2686290" lon="10.1019410">
    <ele>61.8</ele>
   </trkpt>
   <trkpt lat="56.2686440" lon="10.1018370">
    <ele>61.6</ele>
   </trkpt>
   <trkpt lat="56.2686600" lon="10.1017370">
    <ele>61.4</ele>
   </trkpt>
   <trkpt lat="56.2686770" lon="10.1016390">
    <ele>61.4</ele>
   </trkpt>
   <trkpt lat="56.2686860" lon="10.1015400">
    <ele>61.4</ele>
   </trkpt>
   <trkpt lat="56.2686760" lon="10.1014450">
    <ele>61.2</ele>
   </trkpt>
   <trkpt lat="56.2686380" lon="10.1013780">
    <ele>61.2</ele>
   </trkpt>
   <trkpt lat="56.2685860" lon="10.1013510">
    <ele>61.2</ele>
   </trkpt>
   <trkpt lat="56.2685320" lon="10.1013450">
    <ele>61.2</ele>
   </trkpt>
   <trkpt lat="56.2684750" lon="10.1013490">
    <ele>61.4</ele>
   </trkpt>
   <trkpt lat="56.2684190" lon="10.1013530">
    <ele>61.4</ele>
   </trkpt>
   <trkpt lat="56.2683630" lon="10.1013580">
    <ele>61.4</ele>
   </trkpt>
   <trkpt lat="56.2683060" lon="10.1013640">
    <ele>61.8</ele>
   </trkpt>
   <trkpt lat="56.2682490" lon="10.1013660">
    <ele>62.0</ele>
   </trkpt>
   <trkpt lat="56.2681910" lon="10.1013630">
    <ele>62.2</ele>
   </trkpt>
   <trkpt lat="56.2681320" lon="10.1013560">
    <ele>62.4</ele>
   </trkpt>
   <trkpt lat="56.2680740" lon="10.1013460">
    <ele>62.4</ele>
   </trkpt>
   <trkpt lat="56.2680190" lon="10.1013310">
    <ele>62.4</ele>
   </trkpt>
   <trkpt lat="56.2679650" lon="10.1013130">
    <ele>62.8</ele>
   </trkpt>
   <trkpt lat="56.2679120" lon="10.1012930">
    <ele>63.2</ele>
   </trkpt>
   <trkpt lat="56.2678580" lon="10.1012750">
    <ele>63.4</ele>
   </trkpt>
   <trkpt lat="56.2678050" lon="10.1012680">
    <ele>64.0</ele>
   </trkpt>
   <trkpt lat="56.2677520" lon="10.1012720">
    <ele>64.2</ele>
   </trkpt>
   <trkpt lat="56.2677010" lon="10.1012900">
    <ele>64.4</ele>
   </trkpt>
   <trkpt lat="56.2676560" lon="10.1013310">
    <ele>64.8</ele>
   </trkpt>
   <trkpt lat="56.2676100" lon="10.1013870">
    <ele>65.2</ele>
   </trkpt>
   <trkpt lat="56.2675680" lon="10.1014520">
    <ele>65.4</ele>
   </trkpt>
   <trkpt lat="56.2675250" lon="10.1015150">
    <ele>65.6</ele>
   </trkpt>
   <trkpt lat="56.2674820" lon="10.1015760">
    <ele>65.8</ele>
   </trkpt>
   <trkpt lat="56.2674390" lon="10.1016420">
    <ele>66.0</ele>
   </trkpt>
   <trkpt lat="56.2673980" lon="10.1017130">
    <ele>66.2</ele>
   </trkpt>
   <trkpt lat="56.2673550" lon="10.1017850">
    <ele>66.4</ele>
   </trkpt>
   <trkpt lat="56.2673080" lon="10.1018590">
    <ele>66.6</ele>
   </trkpt>
   <trkpt lat="56.2672590" lon="10.1019330">
    <ele>66.8</ele>
   </trkpt>
   <trkpt lat="56.2672070" lon="10.1020010">
    <ele>66.8</ele>
   </trkpt>
   <trkpt lat="56.2671580" lon="10.1020720">
    <ele>66.8</ele>
   </trkpt>
   <trkpt lat="56.2671110" lon="10.1021480">
    <ele>67.0</ele>
   </trkpt>
   <trkpt lat="56.2670630" lon="10.1022260">
    <ele>67.0</ele>
   </trkpt>
   <trkpt lat="56.2670120" lon="10.1023030">
    <ele>67.0</ele>
   </trkpt>
   <trkpt lat="56.2669600" lon="10.1023730">
    <ele>67.0</ele>
   </trkpt>
   <trkpt lat="56.2669070" lon="10.1024430">
    <ele>66.8</ele>
   </trkpt>
   <trkpt lat="56.2668560" lon="10.1025150">
    <ele>66.8</ele>
   </trkpt>
   <trkpt lat="56.2668070" lon="10.1025870">
    <ele>66.6</ele>
   </trkpt>
   <trkpt lat="56.2667560" lon="10.1026590">
    <ele>66.6</ele>
   </trkpt>
   <trkpt lat="56.2667050" lon="10.1027270">
    <ele>66.6</ele>
   </trkpt>
   <trkpt lat="56.2666540" lon="10.1027940">
    <ele>66.6</ele>
   </trkpt>
   <trkpt lat="56.2666050" lon="10.1028650">
    <ele>66.6</ele>
   </trkpt>
   <trkpt lat="56.2665590" lon="10.1029410">
    <ele>66.6</ele>
   </trkpt>
   <trkpt lat="56.2665120" lon="10.1030150">
    <ele>66.6</ele>
   </trkpt>
   <trkpt lat="56.2664630" lon="10.1030840">
    <ele>66.8</ele>
   </trkpt>
   <trkpt lat="56.2664120" lon="10.1031560">
    <ele>66.8</ele>
   </trkpt>
   <trkpt lat="56.2663630" lon="10.1032300">
    <ele>67.0</ele>
   </trkpt>
   <trkpt lat="56.2663130" lon="10.1033040">
    <ele>67.2</ele>
   </trkpt>
   <trkpt lat="56.2662640" lon="10.1033780">
    <ele>67.2</ele>
   </trkpt>
   <trkpt lat="56.2662140" lon="10.1034500">
    <ele>67.2</ele>
   </trkpt>
   <trkpt lat="56.2661640" lon="10.1035210">
    <ele>67.4</ele>
   </trkpt>
   <trkpt lat="56.2661140" lon="10.1035930">
    <ele>67.4</ele>
   </trkpt>
   <trkpt lat="56.2660650" lon="10.1036660">
    <ele>67.4</ele>
   </trkpt>
   <trkpt lat="56.2660150" lon="10.1037370">
    <ele>67.4</ele>
   </trkpt>
   <trkpt lat="56.2659660" lon="10.1038080">
    <ele>67.6</ele>
   </trkpt>
   <trkpt lat="56.2659170" lon="10.1038790">
    <ele>67.8</ele>
   </trkpt>
   <trkpt lat="56.2658690" lon="10.1039520">
    <ele>68.0</ele>
   </trkpt>
   <trkpt lat="56.2658220" lon="10.1040250">
    <ele>68.4</ele>
   </trkpt>
   <trkpt lat="56.2657740" lon="10.1040950">
    <ele>68.4</ele>
   </trkpt>
   <trkpt lat="56.2657250" lon="10.1041650">
    <ele>68.6</ele>
   </trkpt>
   <trkpt lat="56.2656770" lon="10.1042330">
    <ele>68.6</ele>
   </trkpt>
   <trkpt lat="56.2656290" lon="10.1042980">
    <ele>68.8</ele>
   </trkpt>
   <trkpt lat="56.2655830" lon="10.1043670">
    <ele>69.0</ele>
   </trkpt>
   <trkpt lat="56.2655360" lon="10.1044370">
    <ele>69.0</ele>
   </trkpt>
   <trkpt lat="56.2654880" lon="10.1045050">
    <ele>69.2</ele>
   </trkpt>
   <trkpt lat="56.2654400" lon="10.1045700">
    <ele>69.2</ele>
   </trkpt>
   <trkpt lat="56.2653920" lon="10.1046350">
    <ele>69.2</ele>
   </trkpt>
   <trkpt lat="56.2653430" lon="10.1047010">
    <ele>69.2</ele>
   </trkpt>
   <trkpt lat="56.2652970" lon="10.1047750">
    <ele>69.2</ele>
   </trkpt>
   <trkpt lat="56.2652520" lon="10.1048520">
    <ele>69.2</ele>
   </trkpt>
   <trkpt lat="56.2652030" lon="10.1049230">
    <ele>69.4</ele>
   </trkpt>
   <trkpt lat="56.2651510" lon="10.1049910">
    <ele>69.4</ele>
   </trkpt>
   <trkpt lat="56.2651000" lon="10.1050630">
    <ele>69.4</ele>
   </trkpt>
   <trkpt lat="56.2650510" lon="10.1051400">
    <ele>69.4</ele>
   </trkpt>
   <trkpt lat="56.2650020" lon="10.1052150">
    <ele>69.2</ele>
   </trkpt>
   <trkpt lat="56.2649520" lon="10.1052860">
    <ele>69.2</ele>
   </trkpt>
   <trkpt lat="56.2649010" lon="10.1053590">
    <ele>69.0</ele>
   </trkpt>
   <trkpt lat="56.2648500" lon="10.1054310">
    <ele>69.0</ele>
   </trkpt>
   <trkpt lat="56.2648000" lon="10.1055040">
    <ele>69.0</ele>
   </trkpt>
   <trkpt lat="56.2647480" lon="10.1055780">
    <ele>69.0</ele>
   </trkpt>
   <trkpt lat="56.2646950" lon="10.1056510">
    <ele>69.0</ele>
   </trkpt>
   <trkpt lat="56.2646420" lon="10.1057250">
    <ele>69.0</ele>
   </trkpt>
   <trkpt lat="56.2645910" lon="10.1058030">
    <ele>69.0</ele>
   </trkpt>
   <trkpt lat="56.2645390" lon="10.1058790">
    <ele>69.0</ele>
   </trkpt>
   <trkpt lat="56.2644850" lon="10.1059560">
    <ele>69.0</ele>
   </trkpt>
   <trkpt lat="56.2644310" lon="10.1060340">
    <ele>69.0</ele>
   </trkpt>
   <trkpt lat="56.2643760" lon="10.1061120">
    <ele>69.0</ele>
   </trkpt>
   <trkpt lat="56.2643230" lon="10.1061940">
    <ele>69.0</ele>
   </trkpt>
   <trkpt lat="56.2642700" lon="10.1062760">
    <ele>69.0</ele>
   </trkpt>
   <trkpt lat="56.2642140" lon="10.1063540">
    <ele>69.0</ele>
   </trkpt>
   <trkpt lat="56.2641580" lon="10.1064300">
    <ele>69.0</ele>
   </trkpt>
   <trkpt lat="56.2641030" lon="10.1065120">
    <ele>69.2</ele>
   </trkpt>
   <trkpt lat="56.2640490" lon="10.1065960">
    <ele>69.2</ele>
   </trkpt>
   <trkpt lat="56.2639920" lon="10.1066780">
    <ele>69.2</ele>
   </trkpt>
   <trkpt lat="56.2639370" lon="10.1067610">
    <ele>69.2</ele>
   </trkpt>
   <trkpt lat="56.2638810" lon="10.1068450">
    <ele>69.2</ele>
   </trkpt>
   <trkpt lat="56.2638220" lon="10.1069280">
    <ele>69.2</ele>
   </trkpt>
   <trkpt lat="56.2637640" lon="10.1070110">
    <ele>69.2</ele>
   </trkpt>
   <trkpt lat="56.2637070" lon="10.1070970">
    <ele>69.2</ele>
   </trkpt>
   <trkpt lat="56.2636510" lon="10.1071850">
    <ele>69.2</ele>
   </trkpt>
   <trkpt lat="56.2635920" lon="10.1072700">
    <ele>69.2</ele>
   </trkpt>
   <trkpt lat="56.2635330" lon="10.1073500">
    <ele>69.2</ele>
   </trkpt>
   <trkpt lat="56.2634750" lon="10.1074320">
    <ele>69.0</ele>
   </trkpt>
   <trkpt lat="56.2634180" lon="10.1075170">
    <ele>69.0</ele>
   </trkpt>
   <trkpt lat="56.2633610" lon="10.1076000">
    <ele>68.8</ele>
   </trkpt>
   <trkpt lat="56.2633040" lon="10.1076830">
    <ele>68.8</ele>
   </trkpt>
   <trkpt lat="56.2632450" lon="10.1077670">
    <ele>68.8</ele>
   </trkpt>
   <trkpt lat="56.2631840" lon="10.1078530">
    <ele>68.6</ele>
   </trkpt>
   <trkpt lat="56.2631230" lon="10.1079360">
    <ele>68.4</ele>
   </trkpt>
   <trkpt lat="56.2630620" lon="10.1080210">
    <ele>68.4</ele>
   </trkpt>
   <trkpt lat="56.2630020" lon="10.1081110">
    <ele>68.2</ele>
   </trkpt>
   <trkpt lat="56.2629420" lon="10.1081980">
    <ele>68.2</ele>
   </trkpt>
   <trkpt lat="56.2628820" lon="10.1082860">
    <ele>68.2</ele>
   </trkpt>
   <trkpt lat="56.2628210" lon="10.1083730">
    <ele>68.0</ele>
   </trkpt>
   <trkpt lat="56.2627600" lon="10.1084610">
    <ele>68.0</ele>
   </trkpt>
   <trkpt lat="56.2627010" lon="10.1085520">
    <ele>68.0</ele>
   </trkpt>
   <trkpt lat="56.2626420" lon="10.1086430">
    <ele>68.0</ele>
   </trkpt>
   <trkpt lat="56.2625810" lon="10.1087320">
    <ele>68.0</ele>
   </trkpt>
   <trkpt lat="56.2625210" lon="10.1088210">
    <ele>67.8</ele>
   </trkpt>
   <trkpt lat="56.2624600" lon="10.1089090">
    <ele>67.6</ele>
   </trkpt>
   <trkpt lat="56.2623980" lon="10.1089960">
    <ele>67.4</ele>
   </trkpt>
   <trkpt lat="56.2623360" lon="10.1090880">
    <ele>67.2</ele>
   </trkpt>
   <trkpt lat="56.2622750" lon="10.1091810">
    <ele>67.2</ele>
   </trkpt>
   <trkpt lat="56.2622120" lon="10.1092740">
    <ele>67.2</ele>
   </trkpt>
   <trkpt lat="56.2621480" lon="10.1093650">
    <ele>67.2</ele>
   </trkpt>
   <trkpt lat="56.2620840" lon="10.1094580">
    <ele>67.2</ele>
   </trkpt>
   <trkpt lat="56.2620210" lon="10.1095510">
    <ele>67.2</ele>
   </trkpt>
   <trkpt lat="56.2619560" lon="10.1096450">
    <ele>66.8</ele>
   </trkpt>
   <trkpt lat="56.2618910" lon="10.1097420">
    <ele>66.8</ele>
   </trkpt>
   <trkpt lat="56.2618260" lon="10.1098360">
    <ele>66.4</ele>
   </trkpt>
   <trkpt lat="56.2617620" lon="10.1099300">
    <ele>66.2</ele>
   </trkpt>
   <trkpt lat="56.2616980" lon="10.1100200">
    <ele>66.2</ele>
   </trkpt>
   <trkpt lat="56.2616340" lon="10.1101070">
    <ele>66.0</ele>
   </trkpt>
   <trkpt lat="56.2615720" lon="10.1101950">
    <ele>66.0</ele>
   </trkpt>
   <trkpt lat="56.2615120" lon="10.1102850">
    <ele>66.0</ele>
   </trkpt>
   <trkpt lat="56.2614530" lon="10.1103780">
    <ele>66.2</ele>
   </trkpt>
   <trkpt lat="56.2613910" lon="10.1104690">
    <ele>66.0</ele>
   </trkpt>
   <trkpt lat="56.2613300" lon="10.1105550">
    <ele>66.2</ele>
   </trkpt>
   <trkpt lat="56.2612680" lon="10.1106430">
    <ele>66.2</ele>
   </trkpt>
   <trkpt lat="56.2612070" lon="10.1107320">
    <ele>66.2</ele>
   </trkpt>
   <trkpt lat="56.2611460" lon="10.1108220">
    <ele>66.2</ele>
   </trkpt>
   <trkpt lat="56.2610850" lon="10.1109080">
    <ele>66.2</ele>
   </trkpt>
   <trkpt lat="56.2610230" lon="10.1109930">
    <ele>66.2</ele>
   </trkpt>
   <trkpt lat="56.2609620" lon="10.1110800">
    <ele>66.2</ele>
   </trkpt>
   <trkpt lat="56.2609040" lon="10.1111690">
    <ele>66.2</ele>
   </trkpt>
   <trkpt lat="56.2608450" lon="10.1112570">
    <ele>66.2</ele>
   </trkpt>
   <trkpt lat="56.2607850" lon="10.1113430">
    <ele>66.2</ele>
   </trkpt>
   <trkpt lat="56.2607270" lon="10.1114280">
    <ele>66.4</ele>
   </trkpt>
   <trkpt lat="56.2606690" lon="10.1115130">
    <ele>66.4</ele>
   </trkpt>
   <trkpt lat="56.2606140" lon="10.1115980">
    <ele>66.6</ele>
   </trkpt>
   <trkpt lat="56.2605560" lon="10.1116810">
    <ele>66.8</ele>
   </trkpt>
   <trkpt lat="56.2604970" lon="10.1117610">
    <ele>67.4</ele>
   </trkpt>
   <trkpt lat="56.2604390" lon="10.1118450">
    <ele>67.6</ele>
   </trkpt>
   <trkpt lat="56.2603810" lon="10.1119320">
    <ele>67.6</ele>
   </trkpt>
   <trkpt lat="56.2603230" lon="10.1120230">
    <ele>67.6</ele>
   </trkpt>
   <trkpt lat="56.2602650" lon="10.1121100">
    <ele>67.6</ele>
   </trkpt>
   <trkpt lat="56.2602050" lon="10.1121970">
    <ele>67.6</ele>
   </trkpt>
   <trkpt lat="56.2601460" lon="10.1122820">
    <ele>67.6</ele>
   </trkpt>
   <trkpt lat="56.2600860" lon="10.1123680">
    <ele>67.6</ele>
   </trkpt>
   <trkpt lat="56.2600270" lon="10.1124550">
    <ele>67.6</ele>
   </trkpt>
   <trkpt lat="56.2599670" lon="10.1125430">
    <ele>67.6</ele>
   </trkpt>
   <trkpt lat="56.2599080" lon="10.1126310">
    <ele>67.6</ele>
   </trkpt>
   <trkpt lat="56.2598480" lon="10.1127190">
    <ele>67.4</ele>
   </trkpt>
   <trkpt lat="56.2597880" lon="10.1128040">
    <ele>67.6</ele>
   </trkpt>
   <trkpt lat="56.2597290" lon="10.1128920">
    <ele>67.6</ele>
   </trkpt>
   <trkpt lat="56.2596710" lon="10.1129780">
    <ele>67.6</ele>
   </trkpt>
   <trkpt lat="56.2596130" lon="10.1130630">
    <ele>67.8</ele>
   </trkpt>
   <trkpt lat="56.2595550" lon="10.1131460">
    <ele>67.8</ele>
   </trkpt>
   <trkpt lat="56.2594970" lon="10.1132290">
    <ele>67.8</ele>
   </trkpt>
   <trkpt lat="56.2594380" lon="10.1133130">
    <ele>67.8</ele>
   </trkpt>
   <trkpt lat="56.2593800" lon="10.1133980">
    <ele>67.8</ele>
   </trkpt>
   <trkpt lat="56.2593230" lon="10.1134860">
    <ele>68.0</ele>
   </trkpt>
   <trkpt lat="56.2592660" lon="10.1135750">
    <ele>68.0</ele>
   </trkpt>
   <trkpt lat="56.2592090" lon="10.1136580">
    <ele>68.0</ele>
   </trkpt>
   <trkpt lat="56.2591490" lon="10.1137390">
    <ele>68.0</ele>
   </trkpt>
   <trkpt lat="56.2590900" lon="10.1138230">
    <ele>68.2</ele>
   </trkpt>
   <trkpt lat="56.2590320" lon="10.1139080">
    <ele>68.2</ele>
   </trkpt>
   <trkpt lat="56.2589750" lon="10.1139930">
    <ele>68.2</ele>
   </trkpt>
   <trkpt lat="56.2589180" lon="10.1140800">
    <ele>68.2</ele>
   </trkpt>
   <trkpt lat="56.2588590" lon="10.1141660">
    <ele>68.2</ele>
   </trkpt>
   <trkpt lat="56.2588000" lon="10.1142510">
    <ele>68.4</ele>
   </trkpt>
   <trkpt lat="56.2587390" lon="10.1143280">
    <ele>68.4</ele>
   </trkpt>
   <trkpt lat="56.2586740" lon="10.1143950">
    <ele>68.4</ele>
   </trkpt>
   <trkpt lat="56.2586070" lon="10.1144490">
    <ele>68.4</ele>
   </trkpt>
   <trkpt lat="56.2585350" lon="10.1144840">
    <ele>68.6</ele>
   </trkpt>
   <trkpt lat="56.2584630" lon="10.1145020">
    <ele>68.6</ele>
   </trkpt>
   <trkpt lat="56.2583900" lon="10.1145080">
    <ele>68.8</ele>
   </trkpt>
   <trkpt lat="56.2583170" lon="10.1145070">
    <ele>69.0</ele>
   </trkpt>
   <trkpt lat="56.2582440" lon="10.1145020">
    <ele>69.0</ele>
   </trkpt>
   <trkpt lat="56.2581710" lon="10.1144960">
    <ele>69.2</ele>
   </trkpt>
   <trkpt lat="56.2580980" lon="10.1144890">
    <ele>69.2</ele>
   </trkpt>
   <trkpt lat="56.2580240" lon="10.1144840">
    <ele>69.2</ele>
   </trkpt>
   <trkpt lat="56.2579510" lon="10.1144780">
    <ele>69.2</ele>
   </trkpt>
   <trkpt lat="56.2578770" lon="10.1144710">
    <ele>69.2</ele>
   </trkpt>
   <trkpt lat="56.2578020" lon="10.1144630">
    <ele>69.2</ele>
   </trkpt>
   <trkpt lat="56.2577280" lon="10.1144560">
    <ele>69.2</ele>
   </trkpt>
   <trkpt lat="56.2576540" lon="10.1144490">
    <ele>69.2</ele>
   </trkpt>
   <trkpt lat="56.2575800" lon="10.1144420">
    <ele>69.2</ele>
   </trkpt>
   <trkpt lat="56.2575050" lon="10.1144370">
    <ele>69.2</ele>
   </trkpt>
   <trkpt lat="56.2574320" lon="10.1144340">
    <ele>69.2</ele>
   </trkpt>
   <trkpt lat="56.2573580" lon="10.1144290">
    <ele>69.2</ele>
   </trkpt>
   <trkpt lat="56.2572840" lon="10.1144230">
    <ele>69.2</ele>
   </trkpt>
   <trkpt lat="56.2572100" lon="10.1144160">
    <ele>69.2</ele>
   </trkpt>
   <trkpt lat="56.2571360" lon="10.1144130">
    <ele>69.0</ele>
   </trkpt>
   <trkpt lat="56.2570630" lon="10.1144070">
    <ele>69.0</ele>
   </trkpt>
   <trkpt lat="56.2569890" lon="10.1144010">
    <ele>69.2</ele>
   </trkpt>
   <trkpt lat="56.2569160" lon="10.1144020">
    <ele>69.0</ele>
   </trkpt>
   <trkpt lat="56.2568420" lon="10.1144060">
    <ele>69.0</ele>
   </trkpt>
   <trkpt lat="56.2567680" lon="10.1144090">
    <ele>69.0</ele>
   </trkpt>
   <trkpt lat="56.2566930" lon="10.1144120">
    <ele>68.8</ele>
   </trkpt>
   <trkpt lat="56.2566150" lon="10.1144230">
    <ele>68.4</ele>
   </trkpt>
   <trkpt lat="56.2565360" lon="10.1144370">
    <ele>68.2</ele>
   </trkpt>
   <trkpt lat="56.2564570" lon="10.1144560">
    <ele>68.0</ele>
   </trkpt>
   <trkpt lat="56.2563780" lon="10.1144740">
    <ele>67.4</ele>
   </trkpt>
   <trkpt lat="56.2562970" lon="10.1144900">
    <ele>67.0</ele>
   </trkpt>
   <trkpt lat="56.2562160" lon="10.1145070">
    <ele>66.6</ele>
   </trkpt>
   <trkpt lat="56.2561360" lon="10.1145270">
    <ele>66.2</ele>
   </trkpt>
   <trkpt lat="56.2560540" lon="10.1145470">
    <ele>66.2</ele>
   </trkpt>
   <trkpt lat="56.2559720" lon="10.1145700">
    <ele>66.0</ele>
   </trkpt>
   <trkpt lat="56.2558900" lon="10.1145950">
    <ele>65.8</ele>
   </trkpt>
   <trkpt lat="56.2558070" lon="10.1146200">
    <ele>65.6</ele>
   </trkpt>
   <trkpt lat="56.2557240" lon="10.1146480">
    <ele>65.2</ele>
   </trkpt>
   <trkpt lat="56.2556410" lon="10.1146820">
    <ele>64.8</ele>
   </trkpt>
   <trkpt lat="56.2555580" lon="10.1147250">
    <ele>64.6</ele>
   </trkpt>
   <trkpt lat="56.2554740" lon="10.1147800">
    <ele>64.4</ele>
   </trkpt>
   <trkpt lat="56.2553880" lon="10.1148450">
    <ele>64.2</ele>
   </trkpt>
   <trkpt lat="56.2552980" lon="10.1149180">
    <ele>63.8</ele>
   </trkpt>
   <trkpt lat="56.2552020" lon="10.1149950">
    <ele>63.2</ele>
   </trkpt>
   <trkpt lat="56.2551030" lon="10.1150750">
    <ele>61.8</ele>
   </trkpt>
   <trkpt lat="56.2550020" lon="10.1151560">
    <ele>60.6</ele>
   </trkpt>
   <trkpt lat="56.2549010" lon="10.1152350">
    <ele>59.0</ele>
   </trkpt>
   <trkpt lat="56.2548010" lon="10.1153090">
    <ele>58.0</ele>
   </trkpt>
   <trkpt lat="56.2547000" lon="10.1153740">
    <ele>57.4</ele>
   </trkpt>
   <trkpt lat="56.2546010" lon="10.1154320">
    <ele>57.4</ele>
   </trkpt>
   <trkpt lat="56.2545030" lon="10.1154790">
    <ele>57.2</ele>
   </trkpt>
   <trkpt lat="56.2544070" lon="10.1155210">
    <ele>57.2</ele>
   </trkpt>
   <trkpt lat="56.2543140" lon="10.1155550">
    <ele>57.2</ele>
   </trkpt>
   <trkpt lat="56.2542270" lon="10.1155850">
    <ele>57.4</ele>
   </trkpt>
   <trkpt lat="56.2541470" lon="10.1156150">
    <ele>58.0</ele>
   </trkpt>
   <trkpt lat="56.2540720" lon="10.1156400">
    <ele>58.2</ele>
   </trkpt>
   <trkpt lat="56.2540030" lon="10.1156580">
    <ele>59.0</ele>
   </trkpt>
   <trkpt lat="56.2539390" lon="10.1156780">
    <ele>59.8</ele>
   </trkpt>
   <trkpt lat="56.2538750" lon="10.1157030">
    <ele>60.8</ele>
   </trkpt>
   <trkpt lat="56.2538120" lon="10.1157180">
    <ele>61.4</ele>
   </trkpt>
   <trkpt lat="56.2537480" lon="10.1157280">
    <ele>62.2</ele>
   </trkpt>
   <trkpt lat="56.2536840" lon="10.1157400">
    <ele>62.4</ele>
   </trkpt>
   <trkpt lat="56.2536200" lon="10.1157540">
    <ele>62.6</ele>
   </trkpt>
   <trkpt lat="56.2535540" lon="10.1157650">
    <ele>62.8</ele>
   </trkpt>
   <trkpt lat="56.2534880" lon="10.1157670">
    <ele>63.0</ele>
   </trkpt>
   <trkpt lat="56.2534210" lon="10.1157630">
    <ele>63.0</ele>
   </trkpt>
   <trkpt lat="56.2533560" lon="10.1157540">
    <ele>63.0</ele>
   </trkpt>
   <trkpt lat="56.2532910" lon="10.1157440">
    <ele>63.0</ele>
   </trkpt>
   <trkpt lat="56.2532260" lon="10.1157300">
    <ele>63.0</ele>
   </trkpt>
   <trkpt lat="56.2531620" lon="10.1157060">
    <ele>63.0</ele>
   </trkpt>
   <trkpt lat="56.2530990" lon="10.1156670">
    <ele>63.2</ele>
   </trkpt>
   <trkpt lat="56.2530380" lon="10.1156170">
    <ele>63.4</ele>
   </trkpt>
   <trkpt lat="56.2529770" lon="10.1155620">
    <ele>63.6</ele>
   </trkpt>
   <trkpt lat="56.2529160" lon="10.1155020">
    <ele>63.6</ele>
   </trkpt>
   <trkpt lat="56.2528590" lon="10.1154380">
    <ele>63.6</ele>
   </trkpt>
   <trkpt lat="56.2528010" lon="10.1153740">
    <ele>63.6</ele>
   </trkpt>
   <trkpt lat="56.2527450" lon="10.1153100">
    <ele>63.6</ele>
   </trkpt>
   <trkpt lat="56.2526890" lon="10.1152450">
    <ele>63.6</ele>
   </trkpt>
   <trkpt lat="56.2526310" lon="10.1151810">
    <ele>63.6</ele>
   </trkpt>
   <trkpt lat="56.2525740" lon="10.1151170">
    <ele>63.6</ele>
   </trkpt>
   <trkpt lat="56.2525150" lon="10.1150540">
    <ele>64.0</ele>
   </trkpt>
   <trkpt lat="56.2524570" lon="10.1149940">
    <ele>64.0</ele>
   </trkpt>
   <trkpt lat="56.2523990" lon="10.1149310">
    <ele>64.0</ele>
   </trkpt>
   <trkpt lat="56.2523410" lon="10.1148670">
    <ele>64.0</ele>
   </trkpt>
   <trkpt lat="56.2522830" lon="10.1148040">
    <ele>64.0</ele>
   </trkpt>
   <trkpt lat="56.2522250" lon="10.1147410">
    <ele>64.0</ele>
   </trkpt>
   <trkpt lat="56.2521670" lon="10.1146800">
    <ele>64.0</ele>
   </trkpt>
   <trkpt lat="56.2521070" lon="10.1146200">
    <ele>64.0</ele>
   </trkpt>
   <trkpt lat="56.2520460" lon="10.1145570">
    <ele>63.8</ele>
   </trkpt>
   <trkpt lat="56.2519850" lon="10.1144880">
    <ele>63.8</ele>
   </trkpt>
   <trkpt lat="56.2519230" lon="10.1144220">
    <ele>63.8</ele>
   </trkpt>
   <trkpt lat="56.2518610" lon="10.1143610">
    <ele>64.0</ele>
   </trkpt>
   <trkpt lat="56.2517970" lon="10.1143110">
    <ele>63.8</ele>
   </trkpt>
   <trkpt lat="56.2517320" lon="10.1142580">
    <ele>63.6</ele>
   </trkpt>
   <trkpt lat="56.2516650" lon="10.1142100">
    <ele>63.6</ele>
   </trkpt>
   <trkpt lat="56.2515960" lon="10.1141660">
    <ele>63.4</ele>
   </trkpt>
   <trkpt lat="56.2515170" lon="10.1141210">
    <ele>63.4</ele>
   </trkpt>
   <trkpt lat="56.2514370" lon="10.1140770">
    <ele>63.4</ele>
   </trkpt>
   <trkpt lat="56.2513530" lon="10.1140320">
    <ele>62.8</ele>
   </trkpt>
   <trkpt lat="56.2512670" lon="10.1139830">
    <ele>62.0</ele>
   </trkpt>
   <trkpt lat="56.2511740" lon="10.1139360">
    <ele>61.0</ele>
   </trkpt>
   <trkpt lat="56.2510740" lon="10.1138880">
    <ele>60.2</ele>
   </trkpt>
   <trkpt lat="56.2509700" lon="10.1138420">
    <ele>58.6</ele>
   </trkpt>
   <trkpt lat="56.2508620" lon="10.1138050">
    <ele>57.8</ele>
   </trkpt>
   <trkpt lat="56.2507530" lon="10.1137820">
    <ele>56.2</ele>
   </trkpt>
   <trkpt lat="56.2506470" lon="10.1137710">
    <ele>56.0</ele>
   </trkpt>
   <trkpt lat="56.2505430" lon="10.1137720">
    <ele>55.0</ele>
   </trkpt>
   <trkpt lat="56.2504400" lon="10.1137860">
    <ele>54.6</ele>
   </trkpt>
   <trkpt lat="56.2503390" lon="10.1138120">
    <ele>54.2</ele>
   </trkpt>
   <trkpt lat="56.2502420" lon="10.1138490">
    <ele>54.2</ele>
   </trkpt>
   <trkpt lat="56.2501470" lon="10.1138950">
    <ele>53.8</ele>
   </trkpt>
   <trkpt lat="56.2500550" lon="10.1139410">
    <ele>53.8</ele>
   </trkpt>
   <trkpt lat="56.2499640" lon="10.1139830">
    <ele>53.8</ele>
   </trkpt>
   <trkpt lat="56.2498730" lon="10.1140210">
    <ele>53.8</ele>
   </trkpt>
   <trkpt lat="56.2497830" lon="10.1140540">
    <ele>53.8</ele>
   </trkpt>
   <trkpt lat="56.2496950" lon="10.1140810">
    <ele>53.8</ele>
   </trkpt>
   <trkpt lat="56.2496120" lon="10.1141090">
    <ele>53.6</ele>
   </trkpt>
   <trkpt lat="56.2495340" lon="10.1141400">
    <ele>53.8</ele>
   </trkpt>
   <trkpt lat="56.2494610" lon="10.1141760">
    <ele>53.8</ele>
   </trkpt>
   <trkpt lat="56.2493940" lon="10.1142310">
    <ele>53.8</ele>
   </trkpt>
   <trkpt lat="56.2493340" lon="10.1143030">
    <ele>54.0</ele>
   </trkpt>
   <trkpt lat="56.2492810" lon="10.1143860">
    <ele>54.4</ele>
   </trkpt>
   <trkpt lat="56.2492340" lon="10.1144740">
    <ele>55.0</ele>
   </trkpt>
   <trkpt lat="56.2491940" lon="10.1145680">
    <ele>55.4</ele>
   </trkpt>
   <trkpt lat="56.2491590" lon="10.1146680">
    <ele>56.0</ele>
   </trkpt>
   <trkpt lat="56.2491250" lon="10.1147730">
    <ele>56.4</ele>
   </trkpt>
   <trkpt lat="56.2490920" lon="10.1148820">
    <ele>56.4</ele>
   </trkpt>
   <trkpt lat="56.2490560" lon="10.1149890">
    <ele>56.4</ele>
   </trkpt>
   <trkpt lat="56.2490190" lon="10.1150970">
    <ele>56.6</ele>
   </trkpt>
   <trkpt lat="56.2489800" lon="10.1152000">
    <ele>56.6</ele>
   </trkpt>
   <trkpt lat="56.2489410" lon="10.1153060">
    <ele>56.8</ele>
   </trkpt>
   <trkpt lat="56.2488990" lon="10.1154080">
    <ele>56.8</ele>
   </trkpt>
   <trkpt lat="56.2488520" lon="10.1155040">
    <ele>56.8</ele>
   </trkpt>
   <trkpt lat="56.2488000" lon="10.1155920">
    <ele>56.8</ele>
   </trkpt>
   <trkpt lat="56.2487470" lon="10.1156790">
    <ele>56.8</ele>
   </trkpt>
   <trkpt lat="56.2486930" lon="10.1157650">
    <ele>56.8</ele>
   </trkpt>
   <trkpt lat="56.2486390" lon="10.1158490">
    <ele>56.8</ele>
   </trkpt>
   <trkpt lat="56.2485860" lon="10.1159330">
    <ele>56.8</ele>
   </trkpt>
   <trkpt lat="56.2485310" lon="10.1160140">
    <ele>56.8</ele>
   </trkpt>
   <trkpt lat="56.2484780" lon="10.1160980">
    <ele>56.8</ele>
   </trkpt>
   <trkpt lat="56.2484250" lon="10.1161800">
    <ele>56.8</ele>
   </trkpt>
   <trkpt lat="56.2483720" lon="10.1162570">
    <ele>56.8</ele>
   </trkpt>
   <trkpt lat="56.2483210" lon="10.1163350">
    <ele>57.0</ele>
   </trkpt>
   <trkpt lat="56.2482690" lon="10.1164160">
    <ele>57.2</ele>
   </trkpt>
   <trkpt lat="56.2482170" lon="10.1164940">
    <ele>57.2</ele>
   </trkpt>
   <trkpt lat="56.2481680" lon="10.1165700">
    <ele>57.2</ele>
   </trkpt>
   <trkpt lat="56.2481170" lon="10.1166460">
    <ele>57.6</ele>
   </trkpt>
   <trkpt lat="56.2480670" lon="10.1167210">
    <ele>58.0</ele>
   </trkpt>
   <trkpt lat="56.2480200" lon="10.1167960">
    <ele>58.2</ele>
   </trkpt>
   <trkpt lat="56.2479710" lon="10.1168670">
    <ele>58.6</ele>
   </trkpt>
   <trkpt lat="56.2479240" lon="10.1169330">
    <ele>58.6</ele>
   </trkpt>
   <trkpt lat="56.2478790" lon="10.1170030">
    <ele>58.6</ele>
   </trkpt>
   <trkpt lat="56.2478330" lon="10.1170780">
    <ele>59.0</ele>
   </trkpt>
   <trkpt lat="56.2477850" lon="10.1171530">
    <ele>59.0</ele>
   </trkpt>
   <trkpt lat="56.2477380" lon="10.1172270">
    <ele>59.4</ele>
   </trkpt>
   <trkpt lat="56.2476920" lon="10.1172990">
    <ele>59.6</ele>
   </trkpt>
   <trkpt lat="56.2476450" lon="10.1173710">
    <ele>59.6</ele>
   </trkpt>
   <trkpt lat="56.2475990" lon="10.1174440">
    <ele>59.8</ele>
   </trkpt>
   <trkpt lat="56.2475520" lon="10.1175130">
    <ele>59.8</ele>
   </trkpt>
   <trkpt lat="56.2475050" lon="10.1175800">
    <ele>60.0</ele>
   </trkpt>
   <trkpt lat="56.2474600" lon="10.1176520">
    <ele>60.4</ele>
   </trkpt>
   <trkpt lat="56.2474160" lon="10.1177280">
    <ele>60.4</ele>
   </trkpt>
   <trkpt lat="56.2473690" lon="10.1177990">
    <ele>60.4</ele>
   </trkpt>
   <trkpt lat="56.2473220" lon="10.1178680">
    <ele>61.0</ele>
   </trkpt>
   <trkpt lat="56.2472740" lon="10.1179360">
    <ele>61.0</ele>
   </trkpt>
   <trkpt lat="56.2472270" lon="10.1180070">
    <ele>61.4</ele>
   </trkpt>
   <trkpt lat="56.2471790" lon="10.1180790">
    <ele>61.4</ele>
   </trkpt>
   <trkpt lat="56.2471320" lon="10.1181490">
    <ele>61.6</ele>
   </trkpt>
   <trkpt lat="56.2470860" lon="10.1182170">
    <ele>61.6</ele>
   </trkpt>
   <trkpt lat="56.2470410" lon="10.1182880">
    <ele>61.8</ele>
   </trkpt>
   <trkpt lat="56.2469950" lon="10.1183580">
    <ele>61.8</ele>
   </trkpt>
   <trkpt lat="56.2469450" lon="10.1184250">
    <ele>61.8</ele>
   </trkpt>
   <trkpt lat="56.2468950" lon="10.1184910">
    <ele>61.8</ele>
   </trkpt>
   <trkpt lat="56.2468450" lon="10.1185570">
    <ele>62.0</ele>
   </trkpt>
   <trkpt lat="56.2467930" lon="10.1186180">
    <ele>62.0</ele>
   </trkpt>
   <trkpt lat="56.2467400" lon="10.1186760">
    <ele>62.0</ele>
   </trkpt>
   <trkpt lat="56.2466860" lon="10.1187290">
    <ele>62.2</ele>
   </trkpt>
   <trkpt lat="56.2466310" lon="10.1187730">
    <ele>62.2</ele>
   </trkpt>
   <trkpt lat="56.2465750" lon="10.1188110">
    <ele>62.4</ele>
   </trkpt>
   <trkpt lat="56.2465190" lon="10.1188490">
    <ele>62.4</ele>
   </trkpt>
   <trkpt lat="56.2464660" lon="10.1188870">
    <ele>62.4</ele>
   </trkpt>
   <trkpt lat="56.2464150" lon="10.1189250">
    <ele>62.6</ele>
   </trkpt>
   <trkpt lat="56.2463640" lon="10.1189600">
    <ele>62.8</ele>
   </trkpt>
   <trkpt lat="56.2463130" lon="10.1189950">
    <ele>63.2</ele>
   </trkpt>
   <trkpt lat="56.2462630" lon="10.1190290">
    <ele>63.4</ele>
   </trkpt>
   <trkpt lat="56.2462150" lon="10.1190660">
    <ele>63.8</ele>
   </trkpt>
   <trkpt lat="56.2461670" lon="10.1191010">
    <ele>64.0</ele>
   </trkpt>
   <trkpt lat="56.2461190" lon="10.1191340">
    <ele>64.0</ele>
   </trkpt>
   <trkpt lat="56.2460700" lon="10.1191650">
    <ele>64.2</ele>
   </trkpt>
   <trkpt lat="56.2460210" lon="10.1192000">
    <ele>64.4</ele>
   </trkpt>
   <trkpt lat="56.2459740" lon="10.1192320">
    <ele>64.6</ele>
   </trkpt>
   <trkpt lat="56.2459270" lon="10.1192570">
    <ele>64.6</ele>
   </trkpt>
   <trkpt lat="56.2458840" lon="10.1192800">
    <ele>65.0</ele>
   </trkpt>
   <trkpt lat="56.2458480" lon="10.1193060">
    <ele>65.0</ele>
   </trkpt>
   <trkpt lat="56.2458140" lon="10.1193490">
    <ele>65.0</ele>
   </trkpt>
   <trkpt lat="56.2457900" lon="10.1194150">
    <ele>65.0</ele>
   </trkpt>
   <trkpt lat="56.2457750" lon="10.1194990">
    <ele>65.0</ele>
   </trkpt>
   <trkpt lat="56.2457600" lon="10.1195920">
    <ele>65.0</ele>
   </trkpt>
   <trkpt lat="56.2457450" lon="10.1196960">
    <ele>65.0</ele>
   </trkpt>
   <trkpt lat="56.2457280" lon="10.1198070">
    <ele>64.8</ele>
   </trkpt>
   <trkpt lat="56.2457100" lon="10.1199200">
    <ele>64.4</ele>
   </trkpt>
   <trkpt lat="56.2456900" lon="10.1200370">
    <ele>64.2</ele>
   </trkpt>
   <trkpt lat="56.2456690" lon="10.1201570">
    <ele>63.8</ele>
   </trkpt>
   <trkpt lat="56.2456530" lon="10.1202790">
    <ele>63.6</ele>
   </trkpt>
   <trkpt lat="56.2456370" lon="10.1204030">
    <ele>63.4</ele>
   </trkpt>
   <trkpt lat="56.2456200" lon="10.1205260">
    <ele>63.2</ele>
   </trkpt>
   <trkpt lat="56.2456020" lon="10.1206500">
    <ele>63.0</ele>
   </trkpt>
   <trkpt lat="56.2455830" lon="10.1207730">
    <ele>62.8</ele>
   </trkpt>
   <trkpt lat="56.2455640" lon="10.1208970">
    <ele>62.4</ele>
   </trkpt>
   <trkpt lat="56.2455460" lon="10.1210190">
    <ele>62.2</ele>
   </trkpt>
   <trkpt lat="56.2455280" lon="10.1211420">
    <ele>62.2</ele>
   </trkpt>
   <trkpt lat="56.2455080" lon="10.1212670">
    <ele>62.2</ele>
   </trkpt>
   <trkpt lat="56.2454890" lon="10.1213930">
    <ele>62.2</ele>
   </trkpt>
   <trkpt lat="56.2454710" lon="10.1215170">
    <ele>62.2</ele>
   </trkpt>
   <trkpt lat="56.2454500" lon="10.1216410">
    <ele>62.2</ele>
   </trkpt>
   <trkpt lat="56.2454250" lon="10.1217670">
    <ele>62.2</ele>
   </trkpt>
   <trkpt lat="56.2453980" lon="10.1218940">
    <ele>62.2</ele>
   </trkpt>
   <trkpt lat="56.2453720" lon="10.1220180">
    <ele>62.2</ele>
   </trkpt>
   <trkpt lat="56.2453440" lon="10.1221420">
    <ele>62.0</ele>
   </trkpt>
   <trkpt lat="56.2453160" lon="10.1222680">
    <ele>62.0</ele>
   </trkpt>
   <trkpt lat="56.2452870" lon="10.1223930">
    <ele>61.8</ele>
   </trkpt>
   <trkpt lat="56.2452540" lon="10.1225190">
    <ele>61.6</ele>
   </trkpt>
   <trkpt lat="56.2452170" lon="10.1226450">
    <ele>61.4</ele>
   </trkpt>
   <trkpt lat="56.2451790" lon="10.1227710">
    <ele>61.4</ele>
   </trkpt>
   <trkpt lat="56.2451390" lon="10.1228960">
    <ele>61.2</ele>
   </trkpt>
   <trkpt lat="56.2450990" lon="10.1230250">
    <ele>60.8</ele>
   </trkpt>
   <trkpt lat="56.2450610" lon="10.1231530">
    <ele>60.6</ele>
   </trkpt>
   <trkpt lat="56.2450200" lon="10.1232870">
    <ele>59.8</ele>
   </trkpt>
   <trkpt lat="56.2449820" lon="10.1234230">
    <ele>59.4</ele>
   </trkpt>
   <trkpt lat="56.2449460" lon="10.1235620">
    <ele>59.0</ele>
   </trkpt>
   <trkpt lat="56.2449130" lon="10.1237090">
    <ele>58.8</ele>
   </trkpt>
   <trkpt lat="56.2448790" lon="10.1238600">
    <ele>58.2</ele>
   </trkpt>
   <trkpt lat="56.2448450" lon="10.1240110">
    <ele>58.0</ele>
   </trkpt>
   <trkpt lat="56.2448130" lon="10.1241670">
    <ele>57.2</ele>
   </trkpt>
   <trkpt lat="56.2447820" lon="10.1243320">
    <ele>56.8</ele>
   </trkpt>
   <trkpt lat="56.2447660" lon="10.1244910">
    <ele>56.8</ele>
   </trkpt>
   <trkpt lat="56.2447440" lon="10.1246410">
    <ele>56.8</ele>
   </trkpt>
   <trkpt lat="56.2447220" lon="10.1247930">
    <ele>56.8</ele>
   </trkpt>
   <trkpt lat="56.2447020" lon="10.1249450">
    <ele>56.8</ele>
   </trkpt>
   <trkpt lat="56.2446800" lon="10.1250950">
    <ele>56.8</ele>
   </trkpt>
   <trkpt lat="56.2446650" lon="10.1252460">
    <ele>57.0</ele>
   </trkpt>
   <trkpt lat="56.2446550" lon="10.1253940">
    <ele>57.0</ele>
   </trkpt>
   <trkpt lat="56.2446470" lon="10.1255390">
    <ele>57.2</ele>
   </trkpt>
   <trkpt lat="56.2446390" lon="10.1256780">
    <ele>57.4</ele>
   </trkpt>
   <trkpt lat="56.2446320" lon="10.1258130">
    <ele>57.4</ele>
   </trkpt>
   <trkpt lat="56.2446270" lon="10.1259470">
    <ele>58.0</ele>
   </trkpt>
   <trkpt lat="56.2446230" lon="10.1260820">
    <ele>58.4</ele>
   </trkpt>
   <trkpt lat="56.2446220" lon="10.1262190">
    <ele>58.6</ele>
   </trkpt>
   <trkpt lat="56.2446220" lon="10.1263510">
    <ele>59.0</ele>
   </trkpt>
   <trkpt lat="56.2446230" lon="10.1264850">
    <ele>59.6</ele>
   </trkpt>
   <trkpt lat="56.2446280" lon="10.1266160">
    <ele>59.8</ele>
   </trkpt>
   <trkpt lat="56.2446360" lon="10.1267460">
    <ele>60.0</ele>
   </trkpt>
   <trkpt lat="56.2446440" lon="10.1268710">
    <ele>60.4</ele>
   </trkpt>
   <trkpt lat="56.2446500" lon="10.1269950">
    <ele>60.4</ele>
   </trkpt>
   <trkpt lat="56.2446590" lon="10.1271180">
    <ele>60.8</ele>
   </trkpt>
   <trkpt lat="56.2446710" lon="10.1272410">
    <ele>61.0</ele>
   </trkpt>
   <trkpt lat="56.2446830" lon="10.1273650">
    <ele>61.2</ele>
   </trkpt>
   <trkpt lat="56.2446940" lon="10.1274870">
    <ele>61.4</ele>
   </trkpt>
   <trkpt lat="56.2447050" lon="10.1276100">
    <ele>61.6</ele>
   </trkpt>
   <trkpt lat="56.2447200" lon="10.1277300">
    <ele>61.6</ele>
   </trkpt>
   <trkpt lat="56.2447370" lon="10.1278520">
    <ele>61.8</ele>
   </trkpt>
   <trkpt lat="56.2447530" lon="10.1279740">
    <ele>61.8</ele>
   </trkpt>
   <trkpt lat="56.2447690" lon="10.1280970">
    <ele>62.0</ele>
   </trkpt>
   <trkpt lat="56.2447860" lon="10.1282190">
    <ele>62.0</ele>
   </trkpt>
   <trkpt lat="56.2448030" lon="10.1283420">
    <ele>62.0</ele>
   </trkpt>
   <trkpt lat="56.2448220" lon="10.1284640">
    <ele>62.0</ele>
   </trkpt>
   <trkpt lat="56.2448420" lon="10.1285840">
    <ele>62.0</ele>
   </trkpt>
   <trkpt lat="56.2448600" lon="10.1287060">
    <ele>62.0</ele>
   </trkpt>
   <trkpt lat="56.2448760" lon="10.1288290">
    <ele>62.0</ele>
   </trkpt>
   <trkpt lat="56.2448950" lon="10.1289500">
    <ele>62.0</ele>
   </trkpt>
   <trkpt lat="56.2449140" lon="10.1290700">
    <ele>61.8</ele>
   </trkpt>
   <trkpt lat="56.2449320" lon="10.1291910">
    <ele>61.8</ele>
   </trkpt>
   <trkpt lat="56.2449500" lon="10.1293100">
    <ele>61.8</ele>
   </trkpt>
   <trkpt lat="56.2449610" lon="10.1294280">
    <ele>61.6</ele>
   </trkpt>
   <trkpt lat="56.2449530" lon="10.1295430">
    <ele>61.6</ele>
   </trkpt>
   <trkpt lat="56.2449270" lon="10.1296400">
    <ele>61.4</ele>
   </trkpt>
   <trkpt lat="56.2448800" lon="10.1297000">
    <ele>61.4</ele>
   </trkpt>
   <trkpt lat="56.2448200" lon="10.1297240">
    <ele>61.4</ele>
   </trkpt>
   <trkpt lat="56.2447550" lon="10.1297310">
    <ele>61.4</ele>
   </trkpt>
   <trkpt lat="56.2446880" lon="10.1297320">
    <ele>61.4</ele>
   </trkpt>
   <trkpt lat="56.2446200" lon="10.1297290">
    <ele>61.4</ele>
   </trkpt>
   <trkpt lat="56.2445500" lon="10.1297300">
    <ele>61.4</ele>
   </trkpt>
   <trkpt lat="56.2444810" lon="10.1297300">
    <ele>61.4</ele>
   </trkpt>
   <trkpt lat="56.2444120" lon="10.1297310">
    <ele>61.4</ele>
   </trkpt>
   <trkpt lat="56.2443430" lon="10.1297320">
    <ele>61.4</ele>
   </trkpt>
   <trkpt lat="56.2442750" lon="10.1297300">
    <ele>61.4</ele>
   </trkpt>
   <trkpt lat="56.2442080" lon="10.1297280">
    <ele>61.6</ele>
   </trkpt>
   <trkpt lat="56.2441410" lon="10.1297260">
    <ele>61.8</ele>
   </trkpt>
   <trkpt lat="56.2440740" lon="10.1297260">
    <ele>62.0</ele>
   </trkpt>
   <trkpt lat="56.2440090" lon="10.1297290">
    <ele>62.0</ele>
   </trkpt>
   <trkpt lat="56.2439430" lon="10.1297290">
    <ele>62.2</ele>
   </trkpt>
   <trkpt lat="56.2438790" lon="10.1297280">
    <ele>62.4</ele>
   </trkpt>
   <trkpt lat="56.2438140" lon="10.1297270">
    <ele>62.6</ele>
   </trkpt>
   <trkpt lat="56.2437490" lon="10.1297280">
    <ele>62.8</ele>
   </trkpt>
   <trkpt lat="56.2436840" lon="10.1297250">
    <ele>63.0</ele>
   </trkpt>
   <trkpt lat="56.2436210" lon="10.1297230">
    <ele>63.2</ele>
   </trkpt>
   <trkpt lat="56.2435570" lon="10.1297240">
    <ele>63.6</ele>
   </trkpt>
   <trkpt lat="56.2434940" lon="10.1297270">
    <ele>63.8</ele>
   </trkpt>
   <trkpt lat="56.2434310" lon="10.1297300">
    <ele>64.0</ele>
   </trkpt>
   <trkpt lat="56.2433690" lon="10.1297350">
    <ele>64.2</ele>
   </trkpt>
   <trkpt lat="56.2433070" lon="10.1297340">
    <ele>64.4</ele>
   </trkpt>
   <trkpt lat="56.2432460" lon="10.1297320">
    <ele>64.6</ele>
   </trkpt>
   <trkpt lat="56.2431840" lon="10.1297340">
    <ele>64.6</ele>
   </trkpt>
   <trkpt lat="56.2431220" lon="10.1297400">
    <ele>64.8</ele>
   </trkpt>
   <trkpt lat="56.2430600" lon="10.1297430">
    <ele>65.0</ele>
   </trkpt>
   <trkpt lat="56.2429980" lon="10.1297420">
    <ele>65.2</ele>
   </trkpt>
   <trkpt lat="56.2429380" lon="10.1297430">
    <ele>65.2</ele>
   </trkpt>
   <trkpt lat="56.2428780" lon="10.1297430">
    <ele>65.6</ele>
   </trkpt>
   <trkpt lat="56.2428180" lon="10.1297430">
    <ele>65.6</ele>
   </trkpt>
   <trkpt lat="56.2427570" lon="10.1297390">
    <ele>65.8</ele>
   </trkpt>
   <trkpt lat="56.2426950" lon="10.1297360">
    <ele>66.0</ele>
   </trkpt>
   <trkpt lat="56.2426350" lon="10.1297390">
    <ele>66.2</ele>
   </trkpt>
   <trkpt lat="56.2425740" lon="10.1297390">
    <ele>66.2</ele>
   </trkpt>
   <trkpt lat="56.2425140" lon="10.1297360">
    <ele>66.2</ele>
   </trkpt>
   <trkpt lat="56.2424560" lon="10.1297350">
    <ele>66.2</ele>
   </trkpt>
   <trkpt lat="56.2424000" lon="10.1297370">
    <ele>66.4</ele>
   </trkpt>
   <trkpt lat="56.2423460" lon="10.1297380">
    <ele>66.4</ele>
   </trkpt>
   <trkpt lat="56.2422900" lon="10.1297390">
    <ele>66.6</ele>
   </trkpt>
   <trkpt lat="56.2422340" lon="10.1297410">
    <ele>67.0</ele>
   </trkpt>
   <trkpt lat="56.2421760" lon="10.1297450">
    <ele>67.2</ele>
   </trkpt>
   <trkpt lat="56.2421190" lon="10.1297480">
    <ele>67.4</ele>
   </trkpt>
   <trkpt lat="56.2420610" lon="10.1297480">
    <ele>67.6</ele>
   </trkpt>
   <trkpt lat="56.2420040" lon="10.1297480">
    <ele>67.8</ele>
   </trkpt>
   <trkpt lat="56.2419460" lon="10.1297470">
    <ele>67.8</ele>
   </trkpt>
   <trkpt lat="56.2418880" lon="10.1297450">
    <ele>68.0</ele>
   </trkpt>
   <trkpt lat="56.2418310" lon="10.1297430">
    <ele>68.2</ele>
   </trkpt>
   <trkpt lat="56.2417740" lon="10.1297410">
    <ele>68.2</ele>
   </trkpt>
   <trkpt lat="56.2417170" lon="10.1297390">
    <ele>68.4</ele>
   </trkpt>
   <trkpt lat="56.2416590" lon="10.1297370">
    <ele>68.6</ele>
   </trkpt>
   <trkpt lat="56.2416010" lon="10.1297300">
    <ele>68.6</ele>
   </trkpt>
   <trkpt lat="56.2415430" lon="10.1297220">
    <ele>68.8</ele>
   </trkpt>
   <trkpt lat="56.2414850" lon="10.1297080">
    <ele>68.8</ele>
   </trkpt>
   <trkpt lat="56.2414260" lon="10.1296890">
    <ele>69.0</ele>
   </trkpt>
   <trkpt lat="56.2413700" lon="10.1296610">
    <ele>69.0</ele>
   </trkpt>
   <trkpt lat="56.2413130" lon="10.1296340">
    <ele>69.2</ele>
   </trkpt>
   <trkpt lat="56.2412560" lon="10.1296080">
    <ele>69.4</ele>
   </trkpt>
   <trkpt lat="56.2412010" lon="10.1295790">
    <ele>69.4</ele>
   </trkpt>
   <trkpt lat="56.2411460" lon="10.1295420">
    <ele>69.4</ele>
   </trkpt>
   <trkpt lat="56.2410910" lon="10.1294980">
    <ele>69.4</ele>
   </trkpt>
   <trkpt lat="56.2410370" lon="10.1294510">
    <ele>69.4</ele>
   </trkpt>
   <trkpt lat="56.2409830" lon="10.1294040">
    <ele>69.4</ele>
   </trkpt>
   <trkpt lat="56.2409300" lon="10.1293550">
    <ele>69.2</ele>
   </trkpt>
   <trkpt lat="56.2408760" lon="10.1293020">
    <ele>69.2</ele>
   </trkpt>
   <trkpt lat="56.2408230" lon="10.1292510">
    <ele>69.2</ele>
   </trkpt>
   <trkpt lat="56.2407720" lon="10.1291930">
    <ele>69.2</ele>
   </trkpt>
   <trkpt lat="56.2407230" lon="10.1291280">
    <ele>69.2</ele>
   </trkpt>
   <trkpt lat="56.2406730" lon="10.1290620">
    <ele>69.2</ele>
   </trkpt>
   <trkpt lat="56.2406210" lon="10.1289990">
    <ele>69.0</ele>
   </trkpt>
   <trkpt lat="56.2405700" lon="10.1289410">
    <ele>69.2</ele>
   </trkpt>
   <trkpt lat="56.2405190" lon="10.1288800">
    <ele>69.0</ele>
   </trkpt>
   <trkpt lat="56.2404690" lon="10.1288180">
    <ele>69.0</ele>
   </trkpt>
   <trkpt lat="56.2404180" lon="10.1287580">
    <ele>69.0</ele>
   </trkpt>
   <trkpt lat="56.2403660" lon="10.1286990">
    <ele>69.0</ele>
   </trkpt>
   <trkpt lat="56.2403130" lon="10.1286440">
    <ele>69.0</ele>
   </trkpt>
   <trkpt lat="56.2402570" lon="10.1285930">
    <ele>69.2</ele>
   </trkpt>
   <trkpt lat="56.2401990" lon="10.1285510">
    <ele>69.2</ele>
   </trkpt>
   <trkpt lat="56.2401410" lon="10.1285170">
    <ele>69.2</ele>
   </trkpt>
   <trkpt lat="56.2400830" lon="10.1284900">
    <ele>69.4</ele>
   </trkpt>
   <trkpt lat="56.2400240" lon="10.1284700">
    <ele>69.6</ele>
   </trkpt>
   <trkpt lat="56.2399650" lon="10.1284610">
    <ele>69.6</ele>
   </trkpt>
   <trkpt lat="56.2399070" lon="10.1284590">
    <ele>69.6</ele>
   </trkpt>
   <trkpt lat="56.2398500" lon="10.1284650">
    <ele>70.0</ele>
   </trkpt>
   <trkpt lat="56.2397950" lon="10.1284730">
    <ele>70.2</ele>
   </trkpt>
   <trkpt lat="56.2397420" lon="10.1284860">
    <ele>70.4</ele>
   </trkpt>
   <trkpt lat="56.2396920" lon="10.1285060">
    <ele>70.4</ele>
   </trkpt>
   <trkpt lat="56.2396440" lon="10.1285340">
    <ele>70.6</ele>
   </trkpt>
   <trkpt lat="56.2395960" lon="10.1285630">
    <ele>70.6</ele>
   </trkpt>
   <trkpt lat="56.2395510" lon="10.1285930">
    <ele>71.0</ele>
   </trkpt>
   <trkpt lat="56.2395070" lon="10.1286260">
    <ele>71.4</ele>
   </trkpt>
   <trkpt lat="56.2394650" lon="10.1286630">
    <ele>71.8</ele>
   </trkpt>
   <trkpt lat="56.2394250" lon="10.1287040">
    <ele>72.2</ele>
   </trkpt>
   <trkpt lat="56.2393840" lon="10.1287410">
    <ele>72.4</ele>
   </trkpt>
   <trkpt lat="56.2393410" lon="10.1287760">
    <ele>72.6</ele>
   </trkpt>
   <trkpt lat="56.2392970" lon="10.1288110">
    <ele>73.0</ele>
   </trkpt>
   <trkpt lat="56.2392550" lon="10.1288480">
    <ele>73.6</ele>
   </trkpt>
   <trkpt lat="56.2392120" lon="10.1288830">
    <ele>73.6</ele>
   </trkpt>
   <trkpt lat="56.2391700" lon="10.1289200">
    <ele>74.0</ele>
   </trkpt>
   <trkpt lat="56.2391270" lon="10.1289560">
    <ele>74.2</ele>
   </trkpt>
   <trkpt lat="56.2390850" lon="10.1289920">
    <ele>74.4</ele>
   </trkpt>
   <trkpt lat="56.2390420" lon="10.1290290">
    <ele>74.8</ele>
   </trkpt>
   <trkpt lat="56.2389990" lon="10.1290640">
    <ele>75.0</ele>
   </trkpt>
   <trkpt lat="56.2389540" lon="10.1291000">
    <ele>75.2</ele>
   </trkpt>
   <trkpt lat="56.2389100" lon="10.1291390">
    <ele>75.4</ele>
   </trkpt>
   <trkpt lat="56.2388660" lon="10.1291810">
    <ele>75.6</ele>
   </trkpt>
   <trkpt lat="56.2388210" lon="10.1292200">
    <ele>75.8</ele>
   </trkpt>
   <trkpt lat="56.2387760" lon="10.1292580">
    <ele>75.8</ele>
   </trkpt>
   <trkpt lat="56.2387310" lon="10.1292980">
    <ele>76.0</ele>
   </trkpt>
   <trkpt lat="56.2386860" lon="10.1293360">
    <ele>76.0</ele>
   </trkpt>
   <trkpt lat="56.2386410" lon="10.1293720">
    <ele>76.2</ele>
   </trkpt>
   <trkpt lat="56.2385960" lon="10.1294100">
    <ele>76.2</ele>
   </trkpt>
   <trkpt lat="56.2385520" lon="10.1294510">
    <ele>76.2</ele>
   </trkpt>
   <trkpt lat="56.2385080" lon="10.1294910">
    <ele>76.4</ele>
   </trkpt>
   <trkpt lat="56.2384640" lon="10.1295280">
    <ele>76.4</ele>
   </trkpt>
   <trkpt lat="56.2384200" lon="10.1295610">
    <ele>76.4</ele>
   </trkpt>
   <trkpt lat="56.2383740" lon="10.1295910">
    <ele>76.6</ele>
   </trkpt>
   <trkpt lat="56.2383310" lon="10.1296250">
    <ele>76.8</ele>
   </trkpt>
   <trkpt lat="56.2382870" lon="10.1296640">
    <ele>76.8</ele>
   </trkpt>
   <trkpt lat="56.2382440" lon="10.1297020">
    <ele>77.2</ele>
   </trkpt>
   <trkpt lat="56.2381990" lon="10.1297380">
    <ele>77.4</ele>
   </trkpt>
   <trkpt lat="56.2381570" lon="10.1297780">
    <ele>77.6</ele>
   </trkpt>
   <trkpt lat="56.2381140" lon="10.1298130">
    <ele>77.8</ele>
   </trkpt>
   <trkpt lat="56.2380720" lon="10.1298450">
    <ele>78.0</ele>
   </trkpt>
   <trkpt lat="56.2380310" lon="10.1298770">
    <ele>78.2</ele>
   </trkpt>
   <trkpt lat="56.2379920" lon="10.1299130">
    <ele>78.4</ele>
   </trkpt>
   <trkpt lat="56.2379560" lon="10.1299510">
    <ele>78.6</ele>
   </trkpt>
   <trkpt lat="56.2379190" lon="10.1299860">
    <ele>78.8</ele>
   </trkpt>
   <trkpt lat="56.2378810" lon="10.1300160">
    <ele>79.2</ele>
   </trkpt>
   <trkpt lat="56.2378430" lon="10.1300440">
    <ele>79.6</ele>
   </trkpt>
   <trkpt lat="56.2378050" lon="10.1300760">
    <ele>79.8</ele>
   </trkpt>
   <trkpt lat="56.2377640" lon="10.1301100">
    <ele>80.0</ele>
   </trkpt>
   <trkpt lat="56.2377200" lon="10.1301410">
    <ele>80.2</ele>
   </trkpt>
   <trkpt lat="56.2376760" lon="10.1301780">
    <ele>80.2</ele>
   </trkpt>
   <trkpt lat="56.2376310" lon="10.1302160">
    <ele>80.4</ele>
   </trkpt>
   <trkpt lat="56.2375840" lon="10.1302570">
    <ele>80.4</ele>
   </trkpt>
   <trkpt lat="56.2375340" lon="10.1303000">
    <ele>80.4</ele>
   </trkpt>
   <trkpt lat="56.2374840" lon="10.1303440">
    <ele>80.4</ele>
   </trkpt>
   <trkpt lat="56.2374340" lon="10.1303900">
    <ele>80.2</ele>
   </trkpt>
   <trkpt lat="56.2373830" lon="10.1304390">
    <ele>80.0</ele>
   </trkpt>
   <trkpt lat="56.2373320" lon="10.1304890">
    <ele>79.8</ele>
   </trkpt>
   <trkpt lat="56.2372780" lon="10.1305340">
    <ele>79.8</ele>
   </trkpt>
   <trkpt lat="56.2372220" lon="10.1305750">
    <ele>79.6</ele>
   </trkpt>
   <trkpt lat="56.2371670" lon="10.1306130">
    <ele>79.6</ele>
   </trkpt>
   <trkpt lat="56.2371160" lon="10.1306560">
    <ele>79.6</ele>
   </trkpt>
   <trkpt lat="56.2370670" lon="10.1307000">
    <ele>79.6</ele>
   </trkpt>
   <trkpt lat="56.2370190" lon="10.1307400">
    <ele>79.8</ele>
   </trkpt>
   <trkpt lat="56.2369720" lon="10.1307770">
    <ele>80.0</ele>
   </trkpt>
   <trkpt lat="56.2369240" lon="10.1308100">
    <ele>80.2</ele>
   </trkpt>
   <trkpt lat="56.2368750" lon="10.1308470">
    <ele>80.4</ele>
   </trkpt>
   <trkpt lat="56.2368260" lon="10.1308890">
    <ele>80.8</ele>
   </trkpt>
   <trkpt lat="56.2367780" lon="10.1309340">
    <ele>80.8</ele>
   </trkpt>
   <trkpt lat="56.2367300" lon="10.1309840">
    <ele>80.8</ele>
   </trkpt>
   <trkpt lat="56.2366790" lon="10.1310320">
    <ele>80.8</ele>
   </trkpt>
   <trkpt lat="56.2366270" lon="10.1310820">
    <ele>80.8</ele>
   </trkpt>
   <trkpt lat="56.2365730" lon="10.1311350">
    <ele>80.8</ele>
   </trkpt>
   <trkpt lat="56.2365170" lon="10.1311910">
    <ele>80.8</ele>
   </trkpt>
   <trkpt lat="56.2364590" lon="10.1312480">
    <ele>80.8</ele>
   </trkpt>
   <trkpt lat="56.2364030" lon="10.1313130">
    <ele>80.8</ele>
   </trkpt>
   <trkpt lat="56.2363490" lon="10.1313910">
    <ele>80.2</ele>
   </trkpt>
   <trkpt lat="56.2362960" lon="10.1314810">
    <ele>79.8</ele>
   </trkpt>
   <trkpt lat="56.2362400" lon="10.1315740">
    <ele>79.6</ele>
   </trkpt>
   <trkpt lat="56.2361790" lon="10.1316680">
    <ele>79.2</ele>
   </trkpt>
   <trkpt lat="56.2361140" lon="10.1317610">
    <ele>78.6</ele>
   </trkpt>
   <trkpt lat="56.2360510" lon="10.1318590">
    <ele>78.0</ele>
   </trkpt>
   <trkpt lat="56.2359900" lon="10.1319620">
    <ele>77.6</ele>
   </trkpt>
   <trkpt lat="56.2359300" lon="10.1320670">
    <ele>76.4</ele>
   </trkpt>
   <trkpt lat="56.2358710" lon="10.1321660">
    <ele>76.4</ele>
   </trkpt>
   <trkpt lat="56.2358150" lon="10.1322610">
    <ele>76.4</ele>
   </trkpt>
   <trkpt lat="56.2357600" lon="10.1323500">
    <ele>76.4</ele>
   </trkpt>
   <trkpt lat="56.2357080" lon="10.1324370">
    <ele>76.0</ele>
   </trkpt>
   <trkpt lat="56.2356570" lon="10.1325200">
    <ele>76.0</ele>
   </trkpt>
   <trkpt lat="56.2356020" lon="10.1326010">
    <ele>76.0</ele>
   </trkpt>
   <trkpt lat="56.2355450" lon="10.1326900">
    <ele>75.8</ele>
   </trkpt>
   <trkpt lat="56.2354900" lon="10.1327930">
    <ele>75.6</ele>
   </trkpt>
   <trkpt lat="56.2354350" lon="10.1328990">
    <ele>75.6</ele>
   </trkpt>
   <trkpt lat="56.2353800" lon="10.1330040">
    <ele>75.4</ele>
   </trkpt>
   <trkpt lat="56.2353250" lon="10.1331140">
    <ele>75.4</ele>
   </trkpt>
   <trkpt lat="56.2352720" lon="10.1332330">
    <ele>75.2</ele>
   </trkpt>
   <trkpt lat="56.2352220" lon="10.1333590">
    <ele>75.2</ele>
   </trkpt>
   <trkpt lat="56.2351690" lon="10.1334850">
    <ele>74.6</ele>
   </trkpt>
   <trkpt lat="56.2351140" lon="10.1336160">
    <ele>74.0</ele>
   </trkpt>
   <trkpt lat="56.2350580" lon="10.1337530">
    <ele>73.6</ele>
   </trkpt>
   <trkpt lat="56.2350030" lon="10.1338950">
    <ele>73.2</ele>
   </trkpt>
   <trkpt lat="56.2349500" lon="10.1340410">
    <ele>72.8</ele>
   </trkpt>
   <trkpt lat="56.2348990" lon="10.1341860">
    <ele>72.2</ele>
   </trkpt>
   <trkpt lat="56.2348530" lon="10.1343340">
    <ele>71.6</ele>
   </trkpt>
   <trkpt lat="56.2348140" lon="10.1344830">
    <ele>71.4</ele>
   </trkpt>
   <trkpt lat="56.2347770" lon="10.1346360">
    <ele>71.2</ele>
   </trkpt>
   <trkpt lat="56.2347460" lon="10.1347940">
    <ele>71.2</ele>
   </trkpt>
   <trkpt lat="56.2347210" lon="10.1349520">
    <ele>71.2</ele>
   </trkpt>
   <trkpt lat="56.2346980" lon="10.1351120">
    <ele>71.2</ele>
   </trkpt>
   <trkpt lat="56.2346790" lon="10.1352750">
    <ele>71.2</ele>
   </trkpt>
   <trkpt lat="56.2346650" lon="10.1354380">
    <ele>71.0</ele>
   </trkpt>
   <trkpt lat="56.2346510" lon="10.1356020">
    <ele>71.0</ele>
   </trkpt>
   <trkpt lat="56.2346360" lon="10.1357660">
    <ele>70.8</ele>
   </trkpt>
   <trkpt lat="56.2346220" lon="10.1359310">
    <ele>70.6</ele>
   </trkpt>
   <trkpt lat="56.2346080" lon="10.1360980">
    <ele>70.4</ele>
   </trkpt>
   <trkpt lat="56.2345930" lon="10.1362680">
    <ele>69.8</ele>
   </trkpt>
   <trkpt lat="56.2345780" lon="10.1364400">
    <ele>69.8</ele>
   </trkpt>
   <trkpt lat="56.2345630" lon="10.1366150">
    <ele>69.8</ele>
   </trkpt>
   <trkpt lat="56.2345480" lon="10.1367930">
    <ele>69.6</ele>
   </trkpt>
   <trkpt lat="56.2345340" lon="10.1369740">
    <ele>69.2</ele>
   </trkpt>
   <trkpt lat="56.2345200" lon="10.1371550">
    <ele>69.0</ele>
   </trkpt>
   <trkpt lat="56.2345050" lon="10.1373370">
    <ele>68.6</ele>
   </trkpt>
   <trkpt lat="56.2344900" lon="10.1375180">
    <ele>68.0</ele>
   </trkpt>
   <trkpt lat="56.2344760" lon="10.1377000">
    <ele>67.4</ele>
   </trkpt>
   <trkpt lat="56.2344610" lon="10.1378820">
    <ele>67.0</ele>
   </trkpt>
   <trkpt lat="56.2344450" lon="10.1380600">
    <ele>66.6</ele>
   </trkpt>
   <trkpt lat="56.2344300" lon="10.1382390">
    <ele>66.4</ele>
   </trkpt>
   <trkpt lat="56.2344150" lon="10.1384170">
    <ele>66.2</ele>
   </trkpt>
   <trkpt lat="56.2343990" lon="10.1385910">
    <ele>66.0</ele>
   </trkpt>
   <trkpt lat="56.2343840" lon="10.1387640">
    <ele>66.0</ele>
   </trkpt>
   <trkpt lat="56.2343690" lon="10.1389350">
    <ele>65.4</ele>
   </trkpt>
   <trkpt lat="56.2343550" lon="10.1391040">
    <ele>65.4</ele>
   </trkpt>
   <trkpt lat="56.2343430" lon="10.1392710">
    <ele>65.2</ele>
   </trkpt>
   <trkpt lat="56.2343280" lon="10.1394340">
    <ele>65.2</ele>
   </trkpt>
   <trkpt lat="56.2343120" lon="10.1395930">
    <ele>65.2</ele>
   </trkpt>
   <trkpt lat="56.2342990" lon="10.1397500">
    <ele>65.2</ele>
   </trkpt>
   <trkpt lat="56.2342900" lon="10.1399030">
    <ele>65.2</ele>
   </trkpt>
   <trkpt lat="56.2342810" lon="10.1400530">
    <ele>65.2</ele>
   </trkpt>
   <trkpt lat="56.2342690" lon="10.1401960">
    <ele>65.4</ele>
   </trkpt>
   <trkpt lat="56.2342550" lon="10.1403340">
    <ele>65.4</ele>
   </trkpt>
   <trkpt lat="56.2342430" lon="10.1404680">
    <ele>65.8</ele>
   </trkpt>
   <trkpt lat="56.2342310" lon="10.1405960">
    <ele>66.0</ele>
   </trkpt>
   <trkpt lat="56.2342200" lon="10.1407170">
    <ele>66.8</ele>
   </trkpt>
   <trkpt lat="56.2342070" lon="10.1408320">
    <ele>66.8</ele>
   </trkpt>
   <trkpt lat="56.2341860" lon="10.1409360">
    <ele>66.8</ele>
   </trkpt>
   <trkpt lat="56.2341460" lon="10.1410160">
    <ele>67.2</ele>
   </trkpt>
   <trkpt lat="56.2340940" lon="10.1410530">
    <ele>67.4</ele>
   </trkpt>
   <trkpt lat="56.2340340" lon="10.1410450">
    <ele>67.4</ele>
   </trkpt>
   <trkpt lat="56.2339730" lon="10.1410080">
    <ele>67.4</ele>
   </trkpt>
   <trkpt lat="56.2339110" lon="10.1409540">
    <ele>67.4</ele>
   </trkpt>
   <trkpt lat="56.2338470" lon="10.1408960">
    <ele>66.4</ele>
   </trkpt>
   <trkpt lat="56.2337810" lon="10.1408320">
    <ele>66.2</ele>
   </trkpt>
   <trkpt lat="56.2337160" lon="10.1407530">
    <ele>65.8</ele>
   </trkpt>
   <trkpt lat="56.2336490" lon="10.1406690">
    <ele>65.6</ele>
   </trkpt>
   <trkpt lat="56.2335770" lon="10.1405940">
    <ele>65.2</ele>
   </trkpt>
   <trkpt lat="56.2335010" lon="10.1405300">
    <ele>64.6</ele>
   </trkpt>
   <trkpt lat="56.2334230" lon="10.1404700">
    <ele>64.4</ele>
   </trkpt>
   <trkpt lat="56.2333450" lon="10.1404090">
    <ele>64.0</ele>
   </trkpt>
   <trkpt lat="56.2332670" lon="10.1403450">
    <ele>63.6</ele>
   </trkpt>
   <trkpt lat="56.2331870" lon="10.1402860">
    <ele>63.6</ele>
   </trkpt>
   <trkpt lat="56.2331060" lon="10.1402320">
    <ele>63.4</ele>
   </trkpt>
   <trkpt lat="56.2330250" lon="10.1401800">
    <ele>63.0</ele>
   </trkpt>
   <trkpt lat="56.2329440" lon="10.1401340">
    <ele>63.0</ele>
   </trkpt>
   <trkpt lat="56.2328620" lon="10.1400950">
    <ele>62.8</ele>
   </trkpt>
   <trkpt lat="56.2327800" lon="10.1400690">
    <ele>62.6</ele>
   </trkpt>
   <trkpt lat="56.2326990" lon="10.1400530">
    <ele>62.4</ele>
   </trkpt>
   <trkpt lat="56.2326180" lon="10.1400410">
    <ele>62.4</ele>
   </trkpt>
   <trkpt lat="56.2325390" lon="10.1400260">
    <ele>62.4</ele>
   </trkpt>
   <trkpt lat="56.2324600" lon="10.1399970">
    <ele>62.4</ele>
   </trkpt>
   <trkpt lat="56.2323810" lon="10.1399580">
    <ele>62.4</ele>
   </trkpt>
   <trkpt lat="56.2323020" lon="10.1399280">
    <ele>62.4</ele>
   </trkpt>
   <trkpt lat="56.2322220" lon="10.1399030">
    <ele>62.4</ele>
   </trkpt>
   <trkpt lat="56.2321410" lon="10.1398830">
    <ele>62.4</ele>
   </trkpt>
   <trkpt lat="56.2320600" lon="10.1398640">
    <ele>62.4</ele>
   </trkpt>
   <trkpt lat="56.2319800" lon="10.1398350">
    <ele>62.2</ele>
   </trkpt>
   <trkpt lat="56.2319020" lon="10.1397920">
    <ele>62.2</ele>
   </trkpt>
   <trkpt lat="56.2318240" lon="10.1397500">
    <ele>62.0</ele>
   </trkpt>
   <trkpt lat="56.2317400" lon="10.1397220">
    <ele>61.8</ele>
   </trkpt>
   <trkpt lat="56.2316570" lon="10.1397040">
    <ele>61.4</ele>
   </trkpt>
   <trkpt lat="56.2315720" lon="10.1396870">
    <ele>61.2</ele>
   </trkpt>
   <trkpt lat="56.2314890" lon="10.1396660">
    <ele>61.0</ele>
   </trkpt>
   <trkpt lat="56.2314080" lon="10.1396390">
    <ele>60.8</ele>
   </trkpt>
   <trkpt lat="56.2313290" lon="10.1396110">
    <ele>60.8</ele>
   </trkpt>
   <trkpt lat="56.2312510" lon="10.1395900">
    <ele>60.6</ele>
   </trkpt>
   <trkpt lat="56.2311740" lon="10.1395720">
    <ele>60.6</ele>
   </trkpt>
   <trkpt lat="56.2310980" lon="10.1395600">
    <ele>60.6</ele>
   </trkpt>
   <trkpt lat="56.2310220" lon="10.1395510">
    <ele>60.6</ele>
   </trkpt>
   <trkpt lat="56.2309480" lon="10.1395400">
    <ele>60.8</ele>
   </trkpt>
   <trkpt lat="56.2308740" lon="10.1395180">
    <ele>60.8</ele>
   </trkpt>
   <trkpt lat="56.2308030" lon="10.1394830">
    <ele>60.8</ele>
   </trkpt>
   <trkpt lat="56.2307300" lon="10.1394540">
    <ele>60.8</ele>
   </trkpt>
   <trkpt lat="56.2306550" lon="10.1394400">
    <ele>60.8</ele>
   </trkpt>
   <trkpt lat="56.2305810" lon="10.1394270">
    <ele>60.6</ele>
   </trkpt>
   <trkpt lat="56.2305070" lon="10.1394120">
    <ele>60.4</ele>
   </trkpt>
   <trkpt lat="56.2304370" lon="10.1393970">
    <ele>60.0</ele>
   </trkpt>
   <trkpt lat="56.2303770" lon="10.1393930">
    <ele>59.8</ele>
   </trkpt>
   <trkpt lat="56.2303250" lon="10.1394130">
    <ele>59.8</ele>
   </trkpt>
   <trkpt lat="56.2302840" lon="10.1394640">
    <ele>59.6</ele>
   </trkpt>
   <trkpt lat="56.2302530" lon="10.1395420">
    <ele>59.6</ele>
   </trkpt>
   <trkpt lat="56.2302310" lon="10.1396390">
    <ele>59.4</ele>
   </trkpt>
   <trkpt lat="56.2302100" lon="10.1397480">
    <ele>59.4</ele>
   </trkpt>
   <trkpt lat="56.2301870" lon="10.1398620">
    <ele>59.2</ele>
   </trkpt>
   <trkpt lat="56.2301650" lon="10.1399820">
    <ele>59.0</ele>
   </trkpt>
   <trkpt lat="56.2301440" lon="10.1401060">
    <ele>59.0</ele>
   </trkpt>
   <trkpt lat="56.2301230" lon="10.1402350">
    <ele>58.6</ele>
   </trkpt>
   <trkpt lat="56.2301010" lon="10.1403680">
    <ele>58.4</ele>
   </trkpt>
   <trkpt lat="56.2300760" lon="10.1404990">
    <ele>58.2</ele>
   </trkpt>
   <trkpt lat="56.2300510" lon="10.1406310">
    <ele>58.0</ele>
   </trkpt>
   <trkpt lat="56.2300270" lon="10.1407620">
    <ele>58.0</ele>
   </trkpt>
   <trkpt lat="56.2300030" lon="10.1408940">
    <ele>57.8</ele>
   </trkpt>
   <trkpt lat="56.2299800" lon="10.1410260">
    <ele>57.8</ele>
   </trkpt>
   <trkpt lat="56.2299560" lon="10.1411570">
    <ele>57.8</ele>
   </trkpt>
   <trkpt lat="56.2299310" lon="10.1412860">
    <ele>57.8</ele>
   </trkpt>
   <trkpt lat="56.2299070" lon="10.1414140">
    <ele>57.8</ele>
   </trkpt>
   <trkpt lat="56.2298840" lon="10.1415420">
    <ele>58.0</ele>
   </trkpt>
   <trkpt lat="56.2298620" lon="10.1416700">
    <ele>58.4</ele>
   </trkpt>
   <trkpt lat="56.2298410" lon="10.1417970">
    <ele>58.8</ele>
   </trkpt>
   <trkpt lat="56.2298220" lon="10.1419220">
    <ele>59.0</ele>
   </trkpt>
   <trkpt lat="56.2298030" lon="10.1420480">
    <ele>59.0</ele>
   </trkpt>
   <trkpt lat="56.2297820" lon="10.1421780">
    <ele>59.0</ele>
   </trkpt>
   <trkpt lat="56.2297580" lon="10.1423120">
    <ele>59.0</ele>
   </trkpt>
   <trkpt lat="56.2297350" lon="10.1424480">
    <ele>59.0</ele>
   </trkpt>
   <trkpt lat="56.2297100" lon="10.1425860">
    <ele>58.6</ele>
   </trkpt>
   <trkpt lat="56.2296830" lon="10.1427240">
    <ele>58.2</ele>
   </trkpt>
   <trkpt lat="56.2296530" lon="10.1428610">
    <ele>57.6</ele>
   </trkpt>
   <trkpt lat="56.2296210" lon="10.1429980">
    <ele>57.4</ele>
   </trkpt>
   <trkpt lat="56.2295830" lon="10.1431330">
    <ele>57.0</ele>
   </trkpt>
   <trkpt lat="56.2295420" lon="10.1432680">
    <ele>57.0</ele>
   </trkpt>
   <trkpt lat="56.2295010" lon="10.1434030">
    <ele>57.0</ele>
   </trkpt>
   <trkpt lat="56.2294590" lon="10.1435360">
    <ele>57.0</ele>
   </trkpt>
   <trkpt lat="56.2294150" lon="10.1436680">
    <ele>57.0</ele>
   </trkpt>
   <trkpt lat="56.2293720" lon="10.1437990">
    <ele>57.0</ele>
   </trkpt>
   <trkpt lat="56.2293300" lon="10.1439280">
    <ele>57.0</ele>
   </trkpt>
   <trkpt lat="56.2292900" lon="10.1440580">
    <ele>57.0</ele>
   </trkpt>
   <trkpt lat="56.2292500" lon="10.1441880">
    <ele>57.0</ele>
   </trkpt>
   <trkpt lat="56.2292160" lon="10.1443180">
    <ele>57.0</ele>
   </trkpt>
   <trkpt lat="56.2291860" lon="10.1444470">
    <ele>57.0</ele>
   </trkpt>
   <trkpt lat="56.2291560" lon="10.1445760">
    <ele>57.0</ele>
   </trkpt>
   <trkpt lat="56.2291280" lon="10.1447030">
    <ele>57.0</ele>
   </trkpt>
   <trkpt lat="56.2290990" lon="10.1448300">
    <ele>57.2</ele>
   </trkpt>
   <trkpt lat="56.2290710" lon="10.1449580">
    <ele>57.4</ele>
   </trkpt>
   <trkpt lat="56.2290440" lon="10.1450850">
    <ele>58.0</ele>
   </trkpt>
   <trkpt lat="56.2290160" lon="10.1452080">
    <ele>58.2</ele>
   </trkpt>
   <trkpt lat="56.2289910" lon="10.1453310">
    <ele>58.2</ele>
   </trkpt>
   <trkpt lat="56.2289670" lon="10.1454520">
    <ele>58.2</ele>
   </trkpt>
   <trkpt lat="56.2289430" lon="10.1455700">
    <ele>58.2</ele>
   </trkpt>
   <trkpt lat="56.2289180" lon="10.1456820">
    <ele>58.2</ele>
   </trkpt>
   <trkpt lat="56.2288900" lon="10.1457860">
    <ele>58.6</ele>
   </trkpt>
   <trkpt lat="56.2288590" lon="10.1458850">
    <ele>59.0</ele>
   </trkpt>
   <trkpt lat="56.2288290" lon="10.1459820">
    <ele>59.2</ele>
   </trkpt>
   <trkpt lat="56.2288010" lon="10.1460830">
    <ele>59.4</ele>
   </trkpt>
   <trkpt lat="56.2287680" lon="10.1461900">
    <ele>60.0</ele>
   </trkpt>
   <trkpt lat="56.2287300" lon="10.1462980">
    <ele>60.0</ele>
   </trkpt>
   <trkpt lat="56.2286910" lon="10.1464030">
    <ele>60.0</ele>
   </trkpt>
   <trkpt lat="56.2286480" lon="10.1465060">
    <ele>60.0</ele>
   </trkpt>
   <trkpt lat="56.2286050" lon="10.1466090">
    <ele>60.0</ele>
   </trkpt>
   <trkpt lat="56.2285610" lon="10.1467090">
    <ele>60.0</ele>
   </trkpt>
   <trkpt lat="56.2285180" lon="10.1468140">
    <ele>60.0</ele>
   </trkpt>
   <trkpt lat="56.2284780" lon="10.1469240">
    <ele>59.8</ele>
   </trkpt>
   <trkpt lat="56.2284370" lon="10.1470360">
    <ele>59.8</ele>
   </trkpt>
   <trkpt lat="56.2283930" lon="10.1471430">
    <ele>59.6</ele>
   </trkpt>
   <trkpt lat="56.2283470" lon="10.1472450">
    <ele>59.6</ele>
   </trkpt>
   <trkpt lat="56.2282970" lon="10.1473490">
    <ele>59.6</ele>
   </trkpt>
   <trkpt lat="56.2282460" lon="10.1474490">
    <ele>59.4</ele>
   </trkpt>
   <trkpt lat="56.2281940" lon="10.1475460">
    <ele>59.0</ele>
   </trkpt>
   <trkpt lat="56.2281360" lon="10.1476390">
    <ele>58.8</ele>
   </trkpt>
   <trkpt lat="56.2280710" lon="10.1477170">
    <ele>58.6</ele>
   </trkpt>
   <trkpt lat="56.2280030" lon="10.1477770">
    <ele>58.6</ele>
   </trkpt>
   <trkpt lat="56.2279340" lon="10.1478240">
    <ele>58.6</ele>
   </trkpt>
   <trkpt lat="56.2278620" lon="10.1478570">
    <ele>58.6</ele>
   </trkpt>
   <trkpt lat="56.2277900" lon="10.1478740">
    <ele>58.6</ele>
   </trkpt>
   <trkpt lat="56.2277190" lon="10.1478860">
    <ele>58.8</ele>
   </trkpt>
   <trkpt lat="56.2276480" lon="10.1478990">
    <ele>58.8</ele>
   </trkpt>
   <trkpt lat="56.2275800" lon="10.1479170">
    <ele>59.0</ele>
   </trkpt>
   <trkpt lat="56.2275130" lon="10.1479420">
    <ele>59.4</ele>
   </trkpt>
   <trkpt lat="56.2274480" lon="10.1479720">
    <ele>59.6</ele>
   </trkpt>
   <trkpt lat="56.2273870" lon="10.1480160">
    <ele>59.8</ele>
   </trkpt>
   <trkpt lat="56.2273300" lon="10.1480760">
    <ele>60.0</ele>
   </trkpt>
   <trkpt lat="56.2272800" lon="10.1481440">
    <ele>60.4</ele>
   </trkpt>
   <trkpt lat="56.2272370" lon="10.1482190">
    <ele>60.4</ele>
   </trkpt>
   <trkpt lat="56.2271990" lon="10.1483040">
    <ele>60.6</ele>
   </trkpt>
   <trkpt lat="56.2271680" lon="10.1483940">
    <ele>61.0</ele>
   </trkpt>
   <trkpt lat="56.2271390" lon="10.1484870">
    <ele>61.2</ele>
   </trkpt>
   <trkpt lat="56.2271140" lon="10.1485840">
    <ele>61.2</ele>
   </trkpt>
   <trkpt lat="56.2270970" lon="10.1486830">
    <ele>61.4</ele>
   </trkpt>
   <trkpt lat="56.2270830" lon="10.1487790">
    <ele>61.6</ele>
   </trkpt>
   <trkpt lat="56.2270720" lon="10.1488710">
    <ele>61.6</ele>
   </trkpt>
   <trkpt lat="56.2270620" lon="10.1489610">
    <ele>61.8</ele>
   </trkpt>
   <trkpt lat="56.2270480" lon="10.1490450">
    <ele>62.0</ele>
   </trkpt>
   <trkpt lat="56.2270320" lon="10.1491230">
    <ele>62.0</ele>
   </trkpt>
   <trkpt lat="56.2270170" lon="10.1492100">
    <ele>62.2</ele>
   </trkpt>
   <trkpt lat="56.2270030" lon="10.1492990">
    <ele>62.4</ele>
   </trkpt>
   <trkpt lat="56.2269870" lon="10.1493910">
    <ele>62.6</ele>
   </trkpt>
   <trkpt lat="56.2269750" lon="10.1494890">
    <ele>62.8</ele>
   </trkpt>
   <trkpt lat="56.2269700" lon="10.1495910">
    <ele>62.8</ele>
   </trkpt>
   <trkpt lat="56.2269710" lon="10.1496950">
    <ele>63.0</ele>
   </trkpt>
   <trkpt lat="56.2269670" lon="10.1498010">
    <ele>63.2</ele>
   </trkpt>
   <trkpt lat="56.2269550" lon="10.1499100">
    <ele>63.2</ele>
   </trkpt>
   <trkpt lat="56.2269420" lon="10.1500180">
    <ele>63.2</ele>
   </trkpt>
   <trkpt lat="56.2269270" lon="10.1501260">
    <ele>63.4</ele>
   </trkpt>
   <trkpt lat="56.2269060" lon="10.1502300">
    <ele>63.4</ele>
   </trkpt>
   <trkpt lat="56.2268810" lon="10.1503340">
    <ele>63.4</ele>
   </trkpt>
   <trkpt lat="56.2268540" lon="10.1504380">
    <ele>63.4</ele>
   </trkpt>
   <trkpt lat="56.2268280" lon="10.1505420">
    <ele>63.6</ele>
   </trkpt>
   <trkpt lat="56.2268020" lon="10.1506460">
    <ele>63.6</ele>
   </trkpt>
   <trkpt lat="56.2267780" lon="10.1507490">
    <ele>63.8</ele>
   </trkpt>
   <trkpt lat="56.2267590" lon="10.1508520">
    <ele>63.8</ele>
   </trkpt>
   <trkpt lat="56.2267410" lon="10.1509550">
    <ele>63.8</ele>
   </trkpt>
   <trkpt lat="56.2267220" lon="10.1510600">
    <ele>63.8</ele>
   </trkpt>
   <trkpt lat="56.2267000" lon="10.1511610">
    <ele>64.2</ele>
   </trkpt>
   <trkpt lat="56.2266780" lon="10.1512600">
    <ele>64.4</ele>
   </trkpt>
   <trkpt lat="56.2266570" lon="10.1513570">
    <ele>64.4</ele>
   </trkpt>
   <trkpt lat="56.2266360" lon="10.1514510">
    <ele>64.8</ele>
   </trkpt>
   <trkpt lat="56.2266140" lon="10.1515420">
    <ele>65.2</ele>
   </trkpt>
   <trkpt lat="56.2265940" lon="10.1516330">
    <ele>65.8</ele>
   </trkpt>
   <trkpt lat="56.2265740" lon="10.1517220">
    <ele>66.2</ele>
   </trkpt>
   <trkpt lat="56.2265550" lon="10.1518130">
    <ele>66.4</ele>
   </trkpt>
   <trkpt lat="56.2265360" lon="10.1519020">
    <ele>66.8</ele>
   </trkpt>
   <trkpt lat="56.2265150" lon="10.1519920">
    <ele>67.2</ele>
   </trkpt>
   <trkpt lat="56.2264930" lon="10.1520810">
    <ele>67.6</ele>
   </trkpt>
   <trkpt lat="56.2264690" lon="10.1521710">
    <ele>67.8</ele>
   </trkpt>
   <trkpt lat="56.2264460" lon="10.1522620">
    <ele>68.0</ele>
   </trkpt>
   <trkpt lat="56.2264240" lon="10.1523530">
    <ele>68.4</ele>
   </trkpt>
   <trkpt lat="56.2264030" lon="10.1524450">
    <ele>68.6</ele>
   </trkpt>
   <trkpt lat="56.2263810" lon="10.1525340">
    <ele>68.6</ele>
   </trkpt>
   <trkpt lat="56.2263600" lon="10.1526200">
    <ele>68.8</ele>
   </trkpt>
   <trkpt lat="56.2263380" lon="10.1527040">
    <ele>69.0</ele>
   </trkpt>
   <trkpt lat="56.2263180" lon="10.1527900">
    <ele>69.2</ele>
   </trkpt>
   <trkpt lat="56.2262940" lon="10.1528760">
    <ele>69.6</ele>
   </trkpt>
   <trkpt lat="56.2262690" lon="10.1529630">
    <ele>69.8</ele>
   </trkpt>
   <trkpt lat="56.2262470" lon="10.1530530">
    <ele>70.2</ele>
   </trkpt>
   <trkpt lat="56.2262280" lon="10.1531440">
    <ele>70.4</ele>
   </trkpt>
   <trkpt lat="56.2262090" lon="10.1532320">
    <ele>70.6</ele>
   </trkpt>
   <trkpt lat="56.2261810" lon="10.1533160">
    <ele>70.6</ele>
   </trkpt>
   <trkpt lat="56.2261500" lon="10.1534070">
    <ele>70.6</ele>
   </trkpt>
   <trkpt lat="56.2261210" lon="10.1535060">
    <ele>70.6</ele>
   </trkpt>
   <trkpt lat="56.2260930" lon="10.1536110">
    <ele>70.6</ele>
   </trkpt>
   <trkpt lat="56.2260620" lon="10.1537210">
    <ele>70.4</ele>
   </trkpt>
   <trkpt lat="56.2260300" lon="10.1538270">
    <ele>70.2</ele>
   </trkpt>
   <trkpt lat="56.2259980" lon="10.1539380">
    <ele>69.8</ele>
   </trkpt>
   <trkpt lat="56.2259650" lon="10.1540510">
    <ele>69.6</ele>
   </trkpt>
   <trkpt lat="56.2259290" lon="10.1541630">
    <ele>69.4</ele>
   </trkpt>
   <trkpt lat="56.2258920" lon="10.1542700">
    <ele>69.2</ele>
   </trkpt>
   <trkpt lat="56.2258520" lon="10.1543720">
    <ele>69.0</ele>
   </trkpt>
   <trkpt lat="56.2258160" lon="10.1544760">
    <ele>68.8</ele>
   </trkpt>
   <trkpt lat="56.2257780" lon="10.1545810">
    <ele>68.8</ele>
   </trkpt>
   <trkpt lat="56.2257380" lon="10.1546810">
    <ele>68.8</ele>
   </trkpt>
   <trkpt lat="56.2256980" lon="10.1547830">
    <ele>68.8</ele>
   </trkpt>
   <trkpt lat="56.2256580" lon="10.1548820">
    <ele>68.8</ele>
   </trkpt>
   <trkpt lat="56.2256210" lon="10.1549750">
    <ele>69.0</ele>
   </trkpt>
   <trkpt lat="56.2255840" lon="10.1550660">
    <ele>69.0</ele>
   </trkpt>
   <trkpt lat="56.2255480" lon="10.1551630">
    <ele>69.2</ele>
   </trkpt>
   <trkpt lat="56.2255140" lon="10.1552620">
    <ele>69.6</ele>
   </trkpt>
   <trkpt lat="56.2254790" lon="10.1553590">
    <ele>69.6</ele>
   </trkpt>
   <trkpt lat="56.2254430" lon="10.1554530">
    <ele>69.8</ele>
   </trkpt>
   <trkpt lat="56.2254040" lon="10.1555460">
    <ele>69.8</ele>
   </trkpt>
   <trkpt lat="56.2253670" lon="10.1556380">
    <ele>70.0</ele>
   </trkpt>
   <trkpt lat="56.2253300" lon="10.1557330">
    <ele>70.2</ele>
   </trkpt>
   <trkpt lat="56.2252940" lon="10.1558270">
    <ele>70.4</ele>
   </trkpt>
   <trkpt lat="56.2252570" lon="10.1559230">
    <ele>70.4</ele>
   </trkpt>
   <trkpt lat="56.2252210" lon="10.1560220">
    <ele>70.4</ele>
   </trkpt>
   <trkpt lat="56.2251860" lon="10.1561220">
    <ele>70.6</ele>
   </trkpt>
   <trkpt lat="56.2251500" lon="10.1562200">
    <ele>70.6</ele>
   </trkpt>
   <trkpt lat="56.2251120" lon="10.1563160">
    <ele>70.6</ele>
   </trkpt>
   <trkpt lat="56.2250710" lon="10.1564100">
    <ele>70.6</ele>
   </trkpt>
   <trkpt lat="56.2250310" lon="10.1565070">
    <ele>70.8</ele>
   </trkpt>
   <trkpt lat="56.2249920" lon="10.1566040">
    <ele>70.8</ele>
   </trkpt>
   <trkpt lat="56.2249530" lon="10.1567050">
    <ele>70.8</ele>
   </trkpt>
   <trkpt lat="56.2249160" lon="10.1568090">
    <ele>70.8</ele>
   </trkpt>
   <trkpt lat="56.2248790" lon="10.1569120">
    <ele>70.6</ele>
   </trkpt>
   <trkpt lat="56.2248390" lon="10.1570140">
    <ele>70.6</ele>
   </trkpt>
   <trkpt lat="56.2247980" lon="10.1571160">
    <ele>70.6</ele>
   </trkpt>
   <trkpt lat="56.2247620" lon="10.1572250">
    <ele>70.6</ele>
   </trkpt>
   <trkpt lat="56.2247290" lon="10.1573360">
    <ele>70.6</ele>
   </trkpt>
   <trkpt lat="56.2246970" lon="10.1574470">
    <ele>70.6</ele>
   </trkpt>
   <trkpt lat="56.2246680" lon="10.1575590">
    <ele>70.4</ele>
   </trkpt>
   <trkpt lat="56.2246420" lon="10.1576740">
    <ele>70.4</ele>
   </trkpt>
   <trkpt lat="56.2246190" lon="10.1577880">
    <ele>70.4</ele>
   </trkpt>
   <trkpt lat="56.2245960" lon="10.1579030">
    <ele>70.4</ele>
   </trkpt>
   <trkpt lat="56.2245750" lon="10.1580090">
    <ele>70.4</ele>
   </trkpt>
   <trkpt lat="56.2245480" lon="10.1580870">
    <ele>70.4</ele>
   </trkpt>
   <trkpt lat="56.2245100" lon="10.1581380">
    <ele>70.4</ele>
   </trkpt>
   <trkpt lat="56.2244640" lon="10.1581670">
    <ele>70.4</ele>
   </trkpt>
   <trkpt lat="56.2244120" lon="10.1581730">
    <ele>70.4</ele>
   </trkpt>
   <trkpt lat="56.2243550" lon="10.1581620">
    <ele>70.6</ele>
   </trkpt>
   <trkpt lat="56.2242960" lon="10.1581520">
    <ele>70.6</ele>
   </trkpt>
   <trkpt lat="56.2242320" lon="10.1581580">
    <ele>70.6</ele>
   </trkpt>
   <trkpt lat="56.2241680" lon="10.1581800">
    <ele>70.6</ele>
   </trkpt>
   <trkpt lat="56.2241040" lon="10.1582120">
    <ele>70.2</ele>
   </trkpt>
   <trkpt lat="56.2240420" lon="10.1582540">
    <ele>70.0</ele>
   </trkpt>
   <trkpt lat="56.2239840" lon="10.1583110">
    <ele>70.0</ele>
   </trkpt>
   <trkpt lat="56.2239320" lon="10.1583780">
    <ele>69.8</ele>
   </trkpt>
   <trkpt lat="56.2238820" lon="10.1584430">
    <ele>69.6</ele>
   </trkpt>
   <trkpt lat="56.2238310" lon="10.1585050">
    <ele>69.4</ele>
   </trkpt>
   <trkpt lat="56.2237830" lon="10.1585610">
    <ele>69.4</ele>
   </trkpt>
   <trkpt lat="56.2237370" lon="10.1586160">
    <ele>69.4</ele>
   </trkpt>
   <trkpt lat="56.2236990" lon="10.1586630">
    <ele>69.4</ele>
   </trkpt>
   <trkpt lat="56.2236710" lon="10.1586980">
    <ele>69.0</ele>
   </trkpt>
   <trkpt lat="56.2236530" lon="10.1587290">
    <ele>69.0</ele>
   </trkpt>
   <trkpt lat="56.2236410" lon="10.1587590">
    <ele>69.0</ele>
   </trkpt>
   <trkpt lat="56.2236200" lon="10.1587920">
    <ele>69.0</ele>
   </trkpt>
   <trkpt lat="56.2235930" lon="10.1588340">
    <ele>69.0</ele>
   </trkpt>
   <trkpt lat="56.2235580" lon="10.1588800">
    <ele>69.0</ele>
   </trkpt>
   <trkpt lat="56.2235200" lon="10.1589320">
    <ele>69.0</ele>
   </trkpt>
   <trkpt lat="56.2234770" lon="10.1589880">
    <ele>68.8</ele>
   </trkpt>
   <trkpt lat="56.2234300" lon="10.1590490">
    <ele>68.6</ele>
   </trkpt>
   <trkpt lat="56.2233800" lon="10.1591150">
    <ele>68.4</ele>
   </trkpt>
   <trkpt lat="56.2233310" lon="10.1591780">
    <ele>68.2</ele>
   </trkpt>
   <trkpt lat="56.2232800" lon="10.1592380">
    <ele>68.2</ele>
   </trkpt>
   <trkpt lat="56.2232330" lon="10.1593030">
    <ele>68.0</ele>
   </trkpt>
   <trkpt lat="56.2231800" lon="10.1593660">
    <ele>67.6</ele>
   </trkpt>
   <trkpt lat="56.2231260" lon="10.1594280">
    <ele>67.4</ele>
   </trkpt>
   <trkpt lat="56.2230700" lon="10.1594820">
    <ele>67.4</ele>
   </trkpt>
   <trkpt lat="56.2230100" lon="10.1595250">
    <ele>67.4</ele>
   </trkpt>
   <trkpt lat="56.2229520" lon="10.1595560">
    <ele>67.4</ele>
   </trkpt>
   <trkpt lat="56.2228940" lon="10.1595870">
    <ele>67.4</ele>
   </trkpt>
   <trkpt lat="56.2228380" lon="10.1596150">
    <ele>67.4</ele>
   </trkpt>
   <trkpt lat="56.2227810" lon="10.1596470">
    <ele>67.4</ele>
   </trkpt>
   <trkpt lat="56.2227250" lon="10.1596930">
    <ele>67.4</ele>
   </trkpt>
   <trkpt lat="56.2226710" lon="10.1597500">
    <ele>67.4</ele>
   </trkpt>
   <trkpt lat="56.2226170" lon="10.1598050">
    <ele>67.4</ele>
   </trkpt>
   <trkpt lat="56.2225590" lon="10.1598430">
    <ele>67.2</ele>
   </trkpt>
   <trkpt lat="56.2224990" lon="10.1598670">
    <ele>67.2</ele>
   </trkpt>
   <trkpt lat="56.2224380" lon="10.1598820">
    <ele>67.2</ele>
   </trkpt>
   <trkpt lat="56.2223780" lon="10.1598960">
    <ele>67.0</ele>
   </trkpt>
   <trkpt lat="56.2223170" lon="10.1599090">
    <ele>67.0</ele>
   </trkpt>
   <trkpt lat="56.2222580" lon="10.1599180">
    <ele>66.8</ele>
   </trkpt>
   <trkpt lat="56.2222070" lon="10.1599250">
    <ele>66.4</ele>
   </trkpt>
   <trkpt lat="56.2221640" lon="10.1599320">
    <ele>66.4</ele>
   </trkpt>
   <trkpt lat="56.2221250" lon="10.1599410">
    <ele>66.4</ele>
   </trkpt>
   <trkpt lat="56.2220890" lon="10.1599500">
    <ele>66.4</ele>
   </trkpt>
   <trkpt lat="56.2220590" lon="10.1599550">
    <ele>66.6</ele>
   </trkpt>
   <trkpt lat="56.2220330" lon="10.1599540">
    <ele>66.8</ele>
   </trkpt>
   <trkpt lat="56.2220040" lon="10.1599510">
    <ele>66.8</ele>
   </trkpt>
   <trkpt lat="56.2219690" lon="10.1599520">
    <ele>66.8</ele>
   </trkpt>
   <trkpt lat="56.2219280" lon="10.1599480">
    <ele>66.8</ele>
   </trkpt>
   <trkpt lat="56.2218830" lon="10.1599310">
    <ele>66.8</ele>
   </trkpt>
   <trkpt lat="56.2218330" lon="10.1599110">
    <ele>66.6</ele>
   </trkpt>
   <trkpt lat="56.2217820" lon="10.1598970">
    <ele>66.6</ele>
   </trkpt>
   <trkpt lat="56.2217310" lon="10.1598910">
    <ele>66.6</ele>
   </trkpt>
   <trkpt lat="56.2216860" lon="10.1599040">
    <ele>66.4</ele>
   </trkpt>
   <trkpt lat="56.2216610" lon="10.1599500">
    <ele>66.4</ele>
   </trkpt>
   <trkpt lat="56.2216640" lon="10.1600020">
    <ele>66.4</ele>
   </trkpt>
   <trkpt lat="56.2216900" lon="10.1600220">
    <ele>66.4</ele>
   </trkpt>
   <trkpt lat="56.2217290" lon="10.1600320">
    <ele>66.4</ele>
   </trkpt>
   <trkpt lat="56.2217750" lon="10.1600430">
    <ele>66.2</ele>
   </trkpt>
   <trkpt lat="56.2218260" lon="10.1600560">
    <ele>66.2</ele>
   </trkpt>
   <trkpt lat="56.2218790" lon="10.1600710">
    <ele>66.2</ele>
   </trkpt>
   <trkpt lat="56.2219310" lon="10.1600880">
    <ele>66.2</ele>
   </trkpt>
   <trkpt lat="56.2219820" lon="10.1601030">
    <ele>66.2</ele>
   </trkpt>
   <trkpt lat="56.2220300" lon="10.1601140">
    <ele>66.2</ele>
   </trkpt>
   <trkpt lat="56.2220750" lon="10.1601280">
    <ele>66.2</ele>
   </trkpt>
   <trkpt lat="56.2221070" lon="10.1601660">
    <ele>66.2</ele>
   </trkpt>
   <trkpt lat="56.2221220" lon="10.1602310">
    <ele>66.2</ele>
   </trkpt>
   <trkpt lat="56.2221320" lon="10.1603150">
    <ele>66.2</ele>
   </trkpt>
   <trkpt lat="56.2221440" lon="10.1604060">
    <ele>66.2</ele>
   </trkpt>
   <trkpt lat="56.2221550" lon="10.1605060">
    <ele>66.4</ele>
   </trkpt>
   <trkpt lat="56.2221670" lon="10.1606100">
    <ele>66.4</ele>
   </trkpt>
   <trkpt lat="56.2221770" lon="10.1607180">
    <ele>66.4</ele>
   </trkpt>
   <trkpt lat="56.2221870" lon="10.1608300">
    <ele>66.4</ele>
   </trkpt>
   <trkpt lat="56.2221960" lon="10.1609410">
    <ele>66.6</ele>
   </trkpt>
   <trkpt lat="56.2222000" lon="10.1610500">
    <ele>66.6</ele>
   </trkpt>
   <trkpt lat="56.2222020" lon="10.1611580">
    <ele>66.8</ele>
   </trkpt>
   <trkpt lat="56.2222060" lon="10.1612660">
    <ele>66.8</ele>
   </trkpt>
   <trkpt lat="56.2222040" lon="10.1613750">
    <ele>67.0</ele>
   </trkpt>
   <trkpt lat="56.2221980" lon="10.1614860">
    <ele>67.2</ele>
   </trkpt>
   <trkpt lat="56.2221900" lon="10.1616000">
    <ele>67.2</ele>
   </trkpt>
   <trkpt lat="56.2221830" lon="10.1617120">
    <ele>67.2</ele>
   </trkpt>
   <trkpt lat="56.2221710" lon="10.1618250">
    <ele>67.2</ele>
   </trkpt>
   <trkpt lat="56.2221510" lon="10.1619340">
    <ele>67.2</ele>
   </trkpt>
   <trkpt lat="56.2221260" lon="10.1620430">
    <ele>67.2</ele>
   </trkpt>
   <trkpt lat="56.2221050" lon="10.1621550">
    <ele>67.2</ele>
   </trkpt>
   <trkpt lat="56.2220930" lon="10.1622750">
    <ele>67.2</ele>
   </trkpt>
   <trkpt lat="56.2220820" lon="10.1623960">
    <ele>66.8</ele>
   </trkpt>
   <trkpt lat="56.2220660" lon="10.1625170">
    <ele>66.8</ele>
   </trkpt>
   <trkpt lat="56.2220510" lon="10.1626380">
    <ele>66.4</ele>
   </trkpt>
   <trkpt lat="56.2220410" lon="10.1627600">
    <ele>66.4</ele>
   </trkpt>
   <trkpt lat="56.2220380" lon="10.1628840">
    <ele>66.4</ele>
   </trkpt>
   <trkpt lat="56.2220370" lon="10.1630080">
    <ele>66.4</ele>
   </trkpt>
   <trkpt lat="56.2220400" lon="10.1631320">
    <ele>66.2</ele>
   </trkpt>
   <trkpt lat="56.2220440" lon="10.1632530">
    <ele>66.2</ele>
   </trkpt>
   <trkpt lat="56.2220520" lon="10.1633690">
    <ele>66.2</ele>
   </trkpt>
   <trkpt lat="56.2220650" lon="10.1634830">
    <ele>66.2</ele>
   </trkpt>
   <trkpt lat="56.2220800" lon="10.1635940">
    <ele>66.0</ele>
   </trkpt>
   <trkpt lat="56.2220890" lon="10.1637030">
    <ele>66.0</ele>
   </trkpt>
   <trkpt lat="56.2220940" lon="10.1638100">
    <ele>66.0</ele>
   </trkpt>
   <trkpt lat="56.2220970" lon="10.1639110">
    <ele>66.2</ele>
   </trkpt>
   <trkpt lat="56.2220920" lon="10.1639980">
    <ele>66.2</ele>
   </trkpt>
   <trkpt lat="56.2220740" lon="10.1640570">
    <ele>66.2</ele>
   </trkpt>
   <trkpt lat="56.2220410" lon="10.1640960">
    <ele>66.4</ele>
   </trkpt>
   <trkpt lat="56.2219980" lon="10.1641240">
    <ele>66.4</ele>
   </trkpt>
   <trkpt lat="56.2219480" lon="10.1641550">
    <ele>66.6</ele>
   </trkpt>
   <trkpt lat="56.2218960" lon="10.1642050">
    <ele>66.6</ele>
   </trkpt>
   <trkpt lat="56.2218410" lon="10.1642620">
    <ele>66.4</ele>
   </trkpt>
   <trkpt lat="56.2217820" lon="10.1643140">
    <ele>66.4</ele>
   </trkpt>
   <trkpt lat="56.2217200" lon="10.1643630">
    <ele>66.2</ele>
   </trkpt>
   <trkpt lat="56.2216570" lon="10.1644120">
    <ele>65.8</ele>
   </trkpt>
   <trkpt lat="56.2215930" lon="10.1644640">
    <ele>65.6</ele>
   </trkpt>
   <trkpt lat="56.2215300" lon="10.1645180">
    <ele>65.4</ele>
   </trkpt>
   <trkpt lat="56.2214650" lon="10.1645670">
    <ele>65.0</ele>
   </trkpt>
   <trkpt lat="56.2213980" lon="10.1646160">
    <ele>64.8</ele>
   </trkpt>
   <trkpt lat="56.2213300" lon="10.1646710">
    <ele>64.6</ele>
   </trkpt>
   <trkpt lat="56.2212600" lon="10.1647320">
    <ele>64.0</ele>
   </trkpt>
   <trkpt lat="56.2211900" lon="10.1647860">
    <ele>63.6</ele>
   </trkpt>
   <trkpt lat="56.2211180" lon="10.1648400">
    <ele>63.4</ele>
   </trkpt>
   <trkpt lat="56.2210430" lon="10.1648930">
    <ele>63.4</ele>
   </trkpt>
   <trkpt lat="56.2209680" lon="10.1649520">
    <ele>63.4</ele>
   </trkpt>
   <trkpt lat="56.2208930" lon="10.1650150">
    <ele>62.8</ele>
   </trkpt>
   <trkpt lat="56.2208160" lon="10.1650790">
    <ele>62.2</ele>
   </trkpt>
   <trkpt lat="56.2207370" lon="10.1651410">
    <ele>62.0</ele>
   </trkpt>
   <trkpt lat="56.2206570" lon="10.1652040">
    <ele>61.8</ele>
   </trkpt>
   <trkpt lat="56.2205760" lon="10.1652670">
    <ele>61.2</ele>
   </trkpt>
   <trkpt lat="56.2204930" lon="10.1653340">
    <ele>60.4</ele>
   </trkpt>
   <trkpt lat="56.2204090" lon="10.1654030">
    <ele>60.0</ele>
   </trkpt>
   <trkpt lat="56.2203210" lon="10.1654720">
    <ele>59.8</ele>
   </trkpt>
   <trkpt lat="56.2202330" lon="10.1655440">
    <ele>59.6</ele>
   </trkpt>
   <trkpt lat="56.2201460" lon="10.1656140">
    <ele>58.8</ele>
   </trkpt>
   <trkpt lat="56.2200610" lon="10.1656800">
    <ele>58.0</ele>
   </trkpt>
   <trkpt lat="56.2199720" lon="10.1657490">
    <ele>57.4</ele>
   </trkpt>
   <trkpt lat="56.2198810" lon="10.1658220">
    <ele>57.0</ele>
   </trkpt>
   <trkpt lat="56.2197900" lon="10.1658940">
    <ele>56.2</ele>
   </trkpt>
   <trkpt lat="56.2197010" lon="10.1659650">
    <ele>55.6</ele>
   </trkpt>
   <trkpt lat="56.2196120" lon="10.1660350">
    <ele>55.0</ele>
   </trkpt>
   <trkpt lat="56.2195210" lon="10.1661060">
    <ele>54.0</ele>
   </trkpt>
   <trkpt lat="56.2194320" lon="10.1661740">
    <ele>53.2</ele>
   </trkpt>
   <trkpt lat="56.2193450" lon="10.1662420">
    <ele>53.2</ele>
   </trkpt>
   <trkpt lat="56.2192580" lon="10.1663140">
    <ele>52.4</ele>
   </trkpt>
   <trkpt lat="56.2191650" lon="10.1663860">
    <ele>51.8</ele>
   </trkpt>
   <trkpt lat="56.2190730" lon="10.1664550">
    <ele>51.6</ele>
   </trkpt>
   <trkpt lat="56.2189800" lon="10.1665250">
    <ele>50.8</ele>
   </trkpt>
   <trkpt lat="56.2188850" lon="10.1665960">
    <ele>50.4</ele>
   </trkpt>
   <trkpt lat="56.2187880" lon="10.1666660">
    <ele>49.4</ele>
   </trkpt>
   <trkpt lat="56.2186890" lon="10.1667280">
    <ele>48.4</ele>
   </trkpt>
   <trkpt lat="56.2185890" lon="10.1667840">
    <ele>47.6</ele>
   </trkpt>
   <trkpt lat="56.2184980" lon="10.1668370">
    <ele>46.8</ele>
   </trkpt>
   <trkpt lat="56.2184190" lon="10.1668870">
    <ele>46.0</ele>
   </trkpt>
   <trkpt lat="56.2183530" lon="10.1669310">
    <ele>44.8</ele>
   </trkpt>
   <trkpt lat="56.2183010" lon="10.1669630">
    <ele>44.8</ele>
   </trkpt>
   <trkpt lat="56.2182640" lon="10.1669890">
    <ele>44.8</ele>
   </trkpt>
   <trkpt lat="56.2182400" lon="10.1670110">
    <ele>44.8</ele>
   </trkpt>
   <trkpt lat="56.2182270" lon="10.1670260">
    <ele>44.8</ele>
   </trkpt>
   <trkpt lat="56.2182240" lon="10.1670330">
    <ele>44.8</ele>
   </trkpt>
   <trkpt lat="56.2182240" lon="10.1670330">
    <ele>44.8</ele>
   </trkpt>
   <trkpt lat="56.2181780" lon="10.1670610">
    <ele>45.0</ele>
   </trkpt>
   <trkpt lat="56.2181500" lon="10.1670750">
    <ele>45.0</ele>
   </trkpt>
   <trkpt lat="56.2181170" lon="10.1671060">
    <ele>45.0</ele>
   </trkpt>
   <trkpt lat="56.2180800" lon="10.1671410">
    <ele>45.0</ele>
   </trkpt>
   <trkpt lat="56.2180380" lon="10.1671730">
    <ele>45.0</ele>
   </trkpt>
   <trkpt lat="56.2179920" lon="10.1672040">
    <ele>45.0</ele>
   </trkpt>
   <trkpt lat="56.2179430" lon="10.1672400">
    <ele>45.0</ele>
   </trkpt>
   <trkpt lat="56.2178930" lon="10.1672880">
    <ele>44.8</ele>
   </trkpt>
   <trkpt lat="56.2178410" lon="10.1673430">
    <ele>44.8</ele>
   </trkpt>
   <trkpt lat="56.2177880" lon="10.1674020">
    <ele>44.6</ele>
   </trkpt>
   <trkpt lat="56.2177340" lon="10.1674640">
    <ele>44.4</ele>
   </trkpt>
   <trkpt lat="56.2176800" lon="10.1675240">
    <ele>44.4</ele>
   </trkpt>
   <trkpt lat="56.2176210" lon="10.1675820">
    <ele>44.4</ele>
   </trkpt>
   <trkpt lat="56.2175590" lon="10.1676400">
    <ele>43.8</ele>
   </trkpt>
   <trkpt lat="56.2174930" lon="10.1676970">
    <ele>43.8</ele>
   </trkpt>
   <trkpt lat="56.2174230" lon="10.1677540">
    <ele>43.6</ele>
   </trkpt>
   <trkpt lat="56.2173500" lon="10.1678110">
    <ele>43.4</ele>
   </trkpt>
   <trkpt lat="56.2172750" lon="10.1678700">
    <ele>43.0</ele>
   </trkpt>
   <trkpt lat="56.2171970" lon="10.1679330">
    <ele>42.8</ele>
   </trkpt>
   <trkpt lat="56.2171150" lon="10.1679980">
    <ele>42.4</ele>
   </trkpt>
   <trkpt lat="56.2170290" lon="10.1680630">
    <ele>41.6</ele>
   </trkpt>
   <trkpt lat="56.2169400" lon="10.1681330">
    <ele>41.2</ele>
   </trkpt>
   <trkpt lat="56.2168480" lon="10.1682090">
    <ele>40.2</ele>
   </trkpt>
   <trkpt lat="56.2167550" lon="10.1682850">
    <ele>39.6</ele>
   </trkpt>
   <trkpt lat="56.2166580" lon="10.1683580">
    <ele>38.6</ele>
   </trkpt>
   <trkpt lat="56.2165580" lon="10.1684310">
    <ele>37.2</ele>
   </trkpt>
   <trkpt lat="56.2164600" lon="10.1685090">
    <ele>36.4</ele>
   </trkpt>
   <trkpt lat="56.2163620" lon="10.1685870">
    <ele>35.8</ele>
   </trkpt>
   <trkpt lat="56.2162640" lon="10.1686640">
    <ele>34.6</ele>
   </trkpt>
   <trkpt lat="56.2161670" lon="10.1687420">
    <ele>33.8</ele>
   </trkpt>
   <trkpt lat="56.2160700" lon="10.1688220">
    <ele>32.8</ele>
   </trkpt>
   <trkpt lat="56.2159720" lon="10.1689000">
    <ele>32.6</ele>
   </trkpt>
   <trkpt lat="56.2158740" lon="10.1689770">
    <ele>32.2</ele>
   </trkpt>
   <trkpt lat="56.2157730" lon="10.1690560">
    <ele>32.0</ele>
   </trkpt>
   <trkpt lat="56.2156730" lon="10.1691340">
    <ele>32.0</ele>
   </trkpt>
   <trkpt lat="56.2155730" lon="10.1692140">
    <ele>31.4</ele>
   </trkpt>
   <trkpt lat="56.2154730" lon="10.1692930">
    <ele>30.6</ele>
   </trkpt>
   <trkpt lat="56.2153720" lon="10.1693720">
    <ele>29.8</ele>
   </trkpt>
   <trkpt lat="56.2152720" lon="10.1694500">
    <ele>29.6</ele>
   </trkpt>
   <trkpt lat="56.2151740" lon="10.1695280">
    <ele>29.0</ele>
   </trkpt>
   <trkpt lat="56.2150780" lon="10.1696040">
    <ele>28.4</ele>
   </trkpt>
   <trkpt lat="56.2149820" lon="10.1696700">
    <ele>28.2</ele>
   </trkpt>
   <trkpt lat="56.2148850" lon="10.1697230">
    <ele>28.0</ele>
   </trkpt>
   <trkpt lat="56.2147860" lon="10.1697680">
    <ele>27.6</ele>
   </trkpt>
   <trkpt lat="56.2146890" lon="10.1698210">
    <ele>27.2</ele>
   </trkpt>
   <trkpt lat="56.2145980" lon="10.1698800">
    <ele>26.6</ele>
   </trkpt>
   <trkpt lat="56.2145180" lon="10.1699360">
    <ele>26.2</ele>
   </trkpt>
   <trkpt lat="56.2144510" lon="10.1699880">
    <ele>26.0</ele>
   </trkpt>
   <trkpt lat="56.2143970" lon="10.1700330">
    <ele>26.0</ele>
   </trkpt>
   <trkpt lat="56.2143570" lon="10.1700660">
    <ele>25.8</ele>
   </trkpt>
   <trkpt lat="56.2143280" lon="10.1700850">
    <ele>25.6</ele>
   </trkpt>
   <trkpt lat="56.2143110" lon="10.1700960">
    <ele>25.6</ele>
   </trkpt>
   <trkpt lat="56.2143010" lon="10.1701040">
    <ele>25.6</ele>
   </trkpt>
   <trkpt lat="56.2142990" lon="10.1701080">
    <ele>25.6</ele>
   </trkpt>
   <trkpt lat="56.2142990" lon="10.1701080">
    <ele>25.6</ele>
   </trkpt>
   <trkpt lat="56.2142880" lon="10.1701780">
    <ele>25.4</ele>
   </trkpt>
   <trkpt lat="56.2142910" lon="10.1702140">
    <ele>25.4</ele>
   </trkpt>
   <trkpt lat="56.2143010" lon="10.1702510">
    <ele>25.4</ele>
   </trkpt>
   <trkpt lat="56.2143110" lon="10.1702960">
    <ele>25.2</ele>
   </trkpt>
   <trkpt lat="56.2143120" lon="10.1703510">
    <ele>25.2</ele>
   </trkpt>
   <trkpt lat="56.2143000" lon="10.1704030">
    <ele>25.2</ele>
   </trkpt>
   <trkpt lat="56.2142750" lon="10.1704490">
    <ele>25.0</ele>
   </trkpt>
   <trkpt lat="56.2142420" lon="10.1704920">
    <ele>25.0</ele>
   </trkpt>
   <trkpt lat="56.2142070" lon="10.1705450">
    <ele>24.8</ele>
   </trkpt>
   <trkpt lat="56.2141630" lon="10.1705980">
    <ele>24.6</ele>
   </trkpt>
   <trkpt lat="56.2141100" lon="10.1706450">
    <ele>24.6</ele>
   </trkpt>
   <trkpt lat="56.2140510" lon="10.1706890">
    <ele>24.6</ele>
   </trkpt>
   <trkpt lat="56.2139890" lon="10.1707350">
    <ele>24.4</ele>
   </trkpt>
   <trkpt lat="56.2139240" lon="10.1707840">
    <ele>24.2</ele>
   </trkpt>
   <trkpt lat="56.2138550" lon="10.1708360">
    <ele>23.6</ele>
   </trkpt>
   <trkpt lat="56.2137840" lon="10.1708930">
    <ele>23.4</ele>
   </trkpt>
   <trkpt lat="56.2137120" lon="10.1709510">
    <ele>23.0</ele>
   </trkpt>
   <trkpt lat="56.2136390" lon="10.1710110">
    <ele>22.8</ele>
   </trkpt>
   <trkpt lat="56.2135640" lon="10.1710710">
    <ele>22.4</ele>
   </trkpt>
   <trkpt lat="56.2134880" lon="10.1711330">
    <ele>22.0</ele>
   </trkpt>
   <trkpt lat="56.2134100" lon="10.1711980">
    <ele>21.8</ele>
   </trkpt>
   <trkpt lat="56.2133320" lon="10.1712680">
    <ele>21.4</ele>
   </trkpt>
   <trkpt lat="56.2132530" lon="10.1713430">
    <ele>21.0</ele>
   </trkpt>
   <trkpt lat="56.2131710" lon="10.1714180">
    <ele>20.6</ele>
   </trkpt>
   <trkpt lat="56.2130870" lon="10.1714840">
    <ele>19.8</ele>
   </trkpt>
   <trkpt lat="56.2130000" lon="10.1715410">
    <ele>19.4</ele>
   </trkpt>
   <trkpt lat="56.2129120" lon="10.1716010">
    <ele>19.0</ele>
   </trkpt>
   <trkpt lat="56.2128230" lon="10.1716670">
    <ele>18.6</ele>
   </trkpt>
   <trkpt lat="56.2127320" lon="10.1717360">
    <ele>18.4</ele>
   </trkpt>
   <trkpt lat="56.2126410" lon="10.1718080">
    <ele>18.2</ele>
   </trkpt>
   <trkpt lat="56.2125500" lon="10.1718780">
    <ele>18.2</ele>
   </trkpt>
   <trkpt lat="56.2124610" lon="10.1719500">
    <ele>17.4</ele>
   </trkpt>
   <trkpt lat="56.2123750" lon="10.1720180">
    <ele>17.4</ele>
   </trkpt>
   <trkpt lat="56.2122950" lon="10.1720810">
    <ele>16.2</ele>
   </trkpt>
   <trkpt lat="56.2122230" lon="10.1721330">
    <ele>15.2</ele>
   </trkpt>
   <trkpt lat="56.2121620" lon="10.1721840">
    <ele>15.2</ele>
   </trkpt>
   <trkpt lat="56.2121100" lon="10.1722480">
    <ele>15.2</ele>
   </trkpt>
   <trkpt lat="56.2120680" lon="10.1723350">
    <ele>15.0</ele>
   </trkpt>
   <trkpt lat="56.2120450" lon="10.1724450">
    <ele>14.4</ele>
   </trkpt>
   <trkpt lat="56.2120440" lon="10.1725660">
    <ele>14.4</ele>
   </trkpt>
   <trkpt lat="56.2120640" lon="10.1726780">
    <ele>14.0</ele>
   </trkpt>
   <trkpt lat="56.2121050" lon="10.1727680">
    <ele>14.0</ele>
   </trkpt>
   <trkpt lat="56.2121620" lon="10.1728350">
    <ele>13.8</ele>
   </trkpt>
   <trkpt lat="56.2122220" lon="10.1728940">
    <ele>13.2</ele>
   </trkpt>
   <trkpt lat="56.2122730" lon="10.1729690">
    <ele>13.0</ele>
   </trkpt>
   <trkpt lat="56.2123100" lon="10.1730660">
    <ele>12.4</ele>
   </trkpt>
   <trkpt lat="56.2123360" lon="10.1731780">
    <ele>12.2</ele>
   </trkpt>
   <trkpt lat="56.2123390" lon="10.1732970">
    <ele>12.0</ele>
   </trkpt>
   <trkpt lat="56.2123230" lon="10.1734080">
    <ele>11.8</ele>
   </trkpt>
   <trkpt lat="56.2122780" lon="10.1734970">
    <ele>11.4</ele>
   </trkpt>
   <trkpt lat="56.2122100" lon="10.1735630">
    <ele>11.0</ele>
   </trkpt>
   <trkpt lat="56.2121420" lon="10.1736220">
    <ele>10.4</ele>
   </trkpt>
   <trkpt lat="56.2120680" lon="10.1736730">
    <ele>9.8</ele>
   </trkpt>
   <trkpt lat="56.2119940" lon="10.1737180">
    <ele>9.2</ele>
   </trkpt>
   <trkpt lat="56.2119250" lon="10.1737410">
    <ele>9.0</ele>
   </trkpt>
   <trkpt lat="56.2118680" lon="10.1737410">
    <ele>9.0</ele>
   </trkpt>
   <trkpt lat="56.2118210" lon="10.1737270">
    <ele>9.0</ele>
   </trkpt>
   <trkpt lat="56.2117810" lon="10.1737060">
    <ele>9.0</ele>
   </trkpt>
   <trkpt lat="56.2117450" lon="10.1736780">
    <ele>9.2</ele>
   </trkpt>
   <trkpt lat="56.2117110" lon="10.1736490">
    <ele>9.8</ele>
   </trkpt>
   <trkpt lat="56.2116780" lon="10.1736190">
    <ele>10.0</ele>
   </trkpt>
   <trkpt lat="56.2116460" lon="10.1735860">
    <ele>10.0</ele>
   </trkpt>
   <trkpt lat="56.2116120" lon="10.1735540">
    <ele>10.0</ele>
   </trkpt>
   <trkpt lat="56.2115740" lon="10.1735310">
    <ele>10.0</ele>
   </trkpt>
   <trkpt lat="56.2115320" lon="10.1735150">
    <ele>10.0</ele>
   </trkpt>
   <trkpt lat="56.2114870" lon="10.1735030">
    <ele>10.0</ele>
   </trkpt>
   <trkpt lat="56.2114380" lon="10.1734910">
    <ele>9.8</ele>
   </trkpt>
   <trkpt lat="56.2113850" lon="10.1734800">
    <ele>9.8</ele>
   </trkpt>
   <trkpt lat="56.2113290" lon="10.1734770">
    <ele>9.8</ele>
   </trkpt>
   <trkpt lat="56.2112740" lon="10.1734910">
    <ele>9.6</ele>
   </trkpt>
   <trkpt lat="56.2112170" lon="10.1735180">
    <ele>9.6</ele>
   </trkpt>
   <trkpt lat="56.2111580" lon="10.1735460">
    <ele>9.6</ele>
   </trkpt>
   <trkpt lat="56.2110980" lon="10.1735760">
    <ele>9.4</ele>
   </trkpt>
   <trkpt lat="56.2110380" lon="10.1736150">
    <ele>9.4</ele>
   </trkpt>
   <trkpt lat="56.2109800" lon="10.1736620">
    <ele>9.4</ele>
   </trkpt>
   <trkpt lat="56.2109240" lon="10.1737140">
    <ele>9.4</ele>
   </trkpt>
   <trkpt lat="56.2108720" lon="10.1737740">
    <ele>9.4</ele>
   </trkpt>
   <trkpt lat="56.2108210" lon="10.1738380">
    <ele>9.0</ele>
   </trkpt>
   <trkpt lat="56.2107650" lon="10.1738940">
    <ele>9.0</ele>
   </trkpt>
   <trkpt lat="56.2107050" lon="10.1739470">
    <ele>9.0</ele>
   </trkpt>
   <trkpt lat="56.2106440" lon="10.1740030">
    <ele>9.0</ele>
   </trkpt>
   <trkpt lat="56.2105840" lon="10.1740660">
    <ele>8.6</ele>
   </trkpt>
   <trkpt lat="56.2105270" lon="10.1741360">
    <ele>8.6</ele>
   </trkpt>
   <trkpt lat="56.2104730" lon="10.1742120">
    <ele>8.4</ele>
   </trkpt>
   <trkpt lat="56.2104230" lon="10.1742920">
    <ele>8.2</ele>
   </trkpt>
   <trkpt lat="56.2103800" lon="10.1743670">
    <ele>8.2</ele>
   </trkpt>
   <trkpt lat="56.2103450" lon="10.1744350">
    <ele>8.2</ele>
   </trkpt>
   <trkpt lat="56.2103170" lon="10.1744910">
    <ele>8.2</ele>
   </trkpt>
   <trkpt lat="56.2103000" lon="10.1745380">
    <ele>8.4</ele>
   </trkpt>
   <trkpt lat="56.2102980" lon="10.1745790">
    <ele>8.4</ele>
   </trkpt>
   <trkpt lat="56.2103160" lon="10.1745930">
    <ele>8.6</ele>
   </trkpt>
   <trkpt lat="56.2103380" lon="10.1745670">
    <ele>8.6</ele>
   </trkpt>
   <trkpt lat="56.2103570" lon="10.1745160">
    <ele>8.6</ele>
   </trkpt>
   <trkpt lat="56.2103770" lon="10.1744580">
    <ele>8.6</ele>
   </trkpt>
   <trkpt lat="56.2104030" lon="10.1744040">
    <ele>8.4</ele>
   </trkpt>
   <trkpt lat="56.2104350" lon="10.1743530">
    <ele>8.2</ele>
   </trkpt>
   <trkpt lat="56.2104680" lon="10.1742960">
    <ele>7.8</ele>
   </trkpt>
   <trkpt lat="56.2105040" lon="10.1742390">
    <ele>7.8</ele>
   </trkpt>
   <trkpt lat="56.2105420" lon="10.1741830">
    <ele>7.8</ele>
   </trkpt>
   <trkpt lat="56.2105830" lon="10.1741300">
    <ele>7.8</ele>
   </trkpt>
   <trkpt lat="56.2106280" lon="10.1740850">
    <ele>8.0</ele>
   </trkpt>
   <trkpt lat="56.2106760" lon="10.1740420">
    <ele>8.0</ele>
   </trkpt>
   <trkpt lat="56.2107250" lon="10.1740040">
    <ele>8.0</ele>
   </trkpt>
   <trkpt lat="56.2107720" lon="10.1739680">
    <ele>8.2</ele>
   </trkpt>
   <trkpt lat="56.2108130" lon="10.1739260">
    <ele>8.4</ele>
   </trkpt>
   <trkpt lat="56.2108380" lon="10.1738730">
    <ele>8.4</ele>
   </trkpt>
   <trkpt lat="56.2108380" lon="10.1738200">
    <ele>8.4</ele>
   </trkpt>
   <trkpt lat="56.2108160" lon="10.1738000">
    <ele>8.4</ele>
   </trkpt>
   <trkpt lat="56.2107800" lon="10.1738120">
    <ele>8.6</ele>
   </trkpt>
   <trkpt lat="56.2107380" lon="10.1738410">
    <ele>9.0</ele>
   </trkpt>
   <trkpt lat="56.2106890" lon="10.1738680">
    <ele>9.0</ele>
   </trkpt>
   <trkpt lat="56.2106370" lon="10.1738930">
    <ele>9.0</ele>
   </trkpt>
   <trkpt lat="56.2105830" lon="10.1739110">
    <ele>9.0</ele>
   </trkpt>
   <trkpt lat="56.2105280" lon="10.1739260">
    <ele>9.0</ele>
   </trkpt>
   <trkpt lat="56.2104730" lon="10.1739380">
    <ele>9.0</ele>
   </trkpt>
   <trkpt lat="56.2104190" lon="10.1739460">
    <ele>9.0</ele>
   </trkpt>
   <trkpt lat="56.2103670" lon="10.1739460">
    <ele>9.2</ele>
   </trkpt>
   <trkpt lat="56.2103140" lon="10.1739400">
    <ele>9.2</ele>
   </trkpt>
   <trkpt lat="56.2102610" lon="10.1739460">
    <ele>9.4</ele>
   </trkpt>
   <trkpt lat="56.2102100" lon="10.1739560">
    <ele>10.0</ele>
   </trkpt>
   <trkpt lat="56.2101590" lon="10.1739620">
    <ele>10.2</ele>
   </trkpt>
   <trkpt lat="56.2101100" lon="10.1739690">
    <ele>10.4</ele>
   </trkpt>
   <trkpt lat="56.2100620" lon="10.1739830">
    <ele>10.4</ele>
   </trkpt>
   <trkpt lat="56.2100140" lon="10.1740000">
    <ele>10.6</ele>
   </trkpt>
   <trkpt lat="56.2099670" lon="10.1740200">
    <ele>10.8</ele>
   </trkpt>
   <trkpt lat="56.2099200" lon="10.1740400">
    <ele>11.2</ele>
   </trkpt>
   <trkpt lat="56.2098740" lon="10.1740630">
    <ele>11.4</ele>
   </trkpt>
   <trkpt lat="56.2098270" lon="10.1740870">
    <ele>11.6</ele>
   </trkpt>
   <trkpt lat="56.2097800" lon="10.1741110">
    <ele>11.8</ele>
   </trkpt>
   <trkpt lat="56.2097340" lon="10.1741360">
    <ele>12.0</ele>
   </trkpt>
   <trkpt lat="56.2096880" lon="10.1741670">
    <ele>12.2</ele>
   </trkpt>
   <trkpt lat="56.2096420" lon="10.1742000">
    <ele>12.4</ele>
   </trkpt>
   <trkpt lat="56.2095960" lon="10.1742330">
    <ele>12.6</ele>
   </trkpt>
   <trkpt lat="56.2095500" lon="10.1742650">
    <ele>12.8</ele>
   </trkpt>
   <trkpt lat="56.2095030" lon="10.1742970">
    <ele>13.0</ele>
   </trkpt>
   <trkpt lat="56.2094560" lon="10.1743310">
    <ele>13.2</ele>
   </trkpt>
   <trkpt lat="56.2094090" lon="10.1743660">
    <ele>13.2</ele>
   </trkpt>
   <trkpt lat="56.2093630" lon="10.1744020">
    <ele>13.4</ele>
   </trkpt>
   <trkpt lat="56.2093150" lon="10.1744370">
    <ele>13.6</ele>
   </trkpt>
   <trkpt lat="56.2092680" lon="10.1744710">
    <ele>13.6</ele>
   </trkpt>
   <trkpt lat="56.2092190" lon="10.1745030">
    <ele>13.8</ele>
   </trkpt>
   <trkpt lat="56.2091700" lon="10.1745390">
    <ele>14.0</ele>
   </trkpt>
   <trkpt lat="56.2091230" lon="10.1745730">
    <ele>14.2</ele>
   </trkpt>
   <trkpt lat="56.2090750" lon="10.1746060">
    <ele>14.6</ele>
   </trkpt>
   <trkpt lat="56.2090270" lon="10.1746400">
    <ele>14.6</ele>
   </trkpt>
   <trkpt lat="56.2089800" lon="10.1746760">
    <ele>14.6</ele>
   </trkpt>
   <trkpt lat="56.2089330" lon="10.1747130">
    <ele>14.6</ele>
   </trkpt>
   <trkpt lat="56.2088860" lon="10.1747470">
    <ele>14.8</ele>
   </trkpt>
   <trkpt lat="56.2088380" lon="10.1747780">
    <ele>14.8</ele>
   </trkpt>
   <trkpt lat="56.2087910" lon="10.1748080">
    <ele>15.0</ele>
   </trkpt>
   <trkpt lat="56.2087430" lon="10.1748430">
    <ele>15.2</ele>
   </trkpt>
   <trkpt lat="56.2086970" lon="10.1748790">
    <ele>15.6</ele>
   </trkpt>
   <trkpt lat="56.2086500" lon="10.1749170">
    <ele>15.8</ele>
   </trkpt>
   <trkpt lat="56.2086040" lon="10.1749530">
    <ele>16.0</ele>
   </trkpt>
   <trkpt lat="56.2085590" lon="10.1749930">
    <ele>16.0</ele>
   </trkpt>
   <trkpt lat="56.2085140" lon="10.1750310">
    <ele>16.2</ele>
   </trkpt>
   <trkpt lat="56.2084700" lon="10.1750660">
    <ele>16.2</ele>
   </trkpt>
   <trkpt lat="56.2084240" lon="10.1751020">
    <ele>16.4</ele>
   </trkpt>
   <trkpt lat="56.2083780" lon="10.1751390">
    <ele>16.4</ele>
   </trkpt>
   <trkpt lat="56.2083310" lon="10.1751760">
    <ele>16.8</ele>
   </trkpt>
   <trkpt lat="56.2082860" lon="10.1752130">
    <ele>16.8</ele>
   </trkpt>
   <trkpt lat="56.2082390" lon="10.1752470">
    <ele>16.8</ele>
   </trkpt>
   <trkpt lat="56.2081930" lon="10.1752820">
    <ele>17.0</ele>
   </trkpt>
   <trkpt lat="56.2081460" lon="10.1753160">
    <ele>17.2</ele>
   </trkpt>
   <trkpt lat="56.2080990" lon="10.1753500">
    <ele>17.4</ele>
   </trkpt>
   <trkpt lat="56.2080520" lon="10.1753860">
    <ele>17.6</ele>
   </trkpt>
   <trkpt lat="56.2080070" lon="10.1754270">
    <ele>18.0</ele>
   </trkpt>
   <trkpt lat="56.2079620" lon="10.1754670">
    <ele>18.2</ele>
   </trkpt>
   <trkpt lat="56.2079170" lon="10.1755020">
    <ele>18.2</ele>
   </trkpt>
   <trkpt lat="56.2078700" lon="10.1755360">
    <ele>18.4</ele>
   </trkpt>
   <trkpt lat="56.2078250" lon="10.1755720">
    <ele>18.6</ele>
   </trkpt>
   <trkpt lat="56.2077810" lon="10.1756100">
    <ele>18.6</ele>
   </trkpt>
   <trkpt lat="56.2077370" lon="10.1756500">
    <ele>18.8</ele>
   </trkpt>
   <trkpt lat="56.2076910" lon="10.1756830">
    <ele>19.0</ele>
   </trkpt>
   <trkpt lat="56.2076440" lon="10.1757140">
    <ele>19.2</ele>
   </trkpt>
   <trkpt lat="56.2075990" lon="10.1757490">
    <ele>19.6</ele>
   </trkpt>
   <trkpt lat="56.2075540" lon="10.1757870">
    <ele>19.8</ele>
   </trkpt>
   <trkpt lat="56.2075090" lon="10.1758220">
    <ele>19.8</ele>
   </trkpt>
   <trkpt lat="56.2074630" lon="10.1758550">
    <ele>20.0</ele>
   </trkpt>
   <trkpt lat="56.2074170" lon="10.1758860">
    <ele>20.0</ele>
   </trkpt>
   <trkpt lat="56.2073720" lon="10.1759160">
    <ele>20.2</ele>
   </trkpt>
   <trkpt lat="56.2073280" lon="10.1759510">
    <ele>20.4</ele>
   </trkpt>
   <trkpt lat="56.2072850" lon="10.1759860">
    <ele>20.8</ele>
   </trkpt>
   <trkpt lat="56.2072420" lon="10.1760250">
    <ele>20.8</ele>
   </trkpt>
   <trkpt lat="56.2071990" lon="10.1760640">
    <ele>20.8</ele>
   </trkpt>
   <trkpt lat="56.2071560" lon="10.1760990">
    <ele>21.0</ele>
   </trkpt>
   <trkpt lat="56.2071130" lon="10.1761330">
    <ele>21.0</ele>
   </trkpt>
   <trkpt lat="56.2070710" lon="10.1761690">
    <ele>21.4</ele>
   </trkpt>
   <trkpt lat="56.2070270" lon="10.1762040">
    <ele>21.6</ele>
   </trkpt>
   <trkpt lat="56.2069830" lon="10.1762370">
    <ele>21.6</ele>
   </trkpt>
   <trkpt lat="56.2069380" lon="10.1762680">
    <ele>21.6</ele>
   </trkpt>
   <trkpt lat="56.2068960" lon="10.1763030">
    <ele>21.6</ele>
   </trkpt>
   <trkpt lat="56.2068540" lon="10.1763420">
    <ele>22.0</ele>
   </trkpt>
   <trkpt lat="56.2068120" lon="10.1763800">
    <ele>22.0</ele>
   </trkpt>
   <trkpt lat="56.2067680" lon="10.1764120">
    <ele>22.2</ele>
   </trkpt>
   <trkpt lat="56.2067240" lon="10.1764420">
    <ele>22.4</ele>
   </trkpt>
   <trkpt lat="56.2066800" lon="10.1764750">
    <ele>22.6</ele>
   </trkpt>
   <trkpt lat="56.2066350" lon="10.1765080">
    <ele>22.6</ele>
   </trkpt>
   <trkpt lat="56.2065910" lon="10.1765430">
    <ele>22.8</ele>
   </trkpt>
   <trkpt lat="56.2065480" lon="10.1765790">
    <ele>23.2</ele>
   </trkpt>
   <trkpt lat="56.2065050" lon="10.1766190">
    <ele>23.2</ele>
   </trkpt>
   <trkpt lat="56.2064610" lon="10.1766560">
    <ele>23.4</ele>
   </trkpt>
   <trkpt lat="56.2064160" lon="10.1766860">
    <ele>23.6</ele>
   </trkpt>
   <trkpt lat="56.2063720" lon="10.1767190">
    <ele>23.6</ele>
   </trkpt>
   <trkpt lat="56.2063280" lon="10.1767560">
    <ele>23.6</ele>
   </trkpt>
   <trkpt lat="56.2062850" lon="10.1767930">
    <ele>23.8</ele>
   </trkpt>
   <trkpt lat="56.2062420" lon="10.1768280">
    <ele>24.2</ele>
   </trkpt>
   <trkpt lat="56.2062000" lon="10.1768640">
    <ele>24.6</ele>
   </trkpt>
   <trkpt lat="56.2061560" lon="10.1768970">
    <ele>24.8</ele>
   </trkpt>
   <trkpt lat="56.2061110" lon="10.1769260">
    <ele>25.0</ele>
   </trkpt>
   <trkpt lat="56.2060670" lon="10.1769550">
    <ele>25.4</ele>
   </trkpt>
   <trkpt lat="56.2060230" lon="10.1769850">
    <ele>25.6</ele>
   </trkpt>
   <trkpt lat="56.2059760" lon="10.1770110">
    <ele>25.8</ele>
   </trkpt>
   <trkpt lat="56.2059290" lon="10.1770310">
    <ele>26.0</ele>
   </trkpt>
   <trkpt lat="56.2058820" lon="10.1770460">
    <ele>26.2</ele>
   </trkpt>
   <trkpt lat="56.2058340" lon="10.1770560">
    <ele>26.2</ele>
   </trkpt>
   <trkpt lat="56.2057850" lon="10.1770640">
    <ele>26.4</ele>
   </trkpt>
   <trkpt lat="56.2057340" lon="10.1770740">
    <ele>26.4</ele>
   </trkpt>
   <trkpt lat="56.2056830" lon="10.1770840">
    <ele>26.6</ele>
   </trkpt>
   <trkpt lat="56.2056320" lon="10.1770930">
    <ele>26.6</ele>
   </trkpt>
   <trkpt lat="56.2055800" lon="10.1771020">
    <ele>26.6</ele>
   </trkpt>
   <trkpt lat="56.2055290" lon="10.1771090">
    <ele>26.6</ele>
   </trkpt>
   <trkpt lat="56.2054770" lon="10.1771210">
    <ele>26.6</ele>
   </trkpt>
   <trkpt lat="56.2054260" lon="10.1771320">
    <ele>26.6</ele>
   </trkpt>
   <trkpt lat="56.2053740" lon="10.1771470">
    <ele>26.6</ele>
   </trkpt>
   <trkpt lat="56.2053200" lon="10.1771550">
    <ele>26.6</ele>
   </trkpt>
   <trkpt lat="56.2052660" lon="10.1771620">
    <ele>26.8</ele>
   </trkpt>
   <trkpt lat="56.2052120" lon="10.1771740">
    <ele>26.8</ele>
   </trkpt>
   <trkpt lat="56.2051600" lon="10.1771910">
    <ele>26.8</ele>
   </trkpt>
   <trkpt lat="56.2051100" lon="10.1772140">
    <ele>26.8</ele>
   </trkpt>
   <trkpt lat="56.2050600" lon="10.1772350">
    <ele>26.8</ele>
   </trkpt>
   <trkpt lat="56.2050100" lon="10.1772530">
    <ele>27.0</ele>
   </trkpt>
   <trkpt lat="56.2049580" lon="10.1772720">
    <ele>27.0</ele>
   </trkpt>
   <trkpt lat="56.2049070" lon="10.1772920">
    <ele>27.2</ele>
   </trkpt>
   <trkpt lat="56.2048550" lon="10.1773170">
    <ele>27.4</ele>
   </trkpt>
   <trkpt lat="56.2048040" lon="10.1773460">
    <ele>27.4</ele>
   </trkpt>
   <trkpt lat="56.2047550" lon="10.1773790">
    <ele>27.6</ele>
   </trkpt>
   <trkpt lat="56.2047040" lon="10.1774130">
    <ele>27.6</ele>
   </trkpt>
   <trkpt lat="56.2046570" lon="10.1774510">
    <ele>27.6</ele>
   </trkpt>
   <trkpt lat="56.2046120" lon="10.1774990">
    <ele>27.8</ele>
   </trkpt>
   <trkpt lat="56.2045700" lon="10.1775300">
    <ele>27.8</ele>
   </trkpt>
   <trkpt lat="56.2045290" lon="10.1775600">
    <ele>28.0</ele>
   </trkpt>
   <trkpt lat="56.2044830" lon="10.1775860">
    <ele>28.0</ele>
   </trkpt>
   <trkpt lat="56.2044390" lon="10.1776100">
    <ele>28.2</ele>
   </trkpt>
   <trkpt lat="56.2043960" lon="10.1776370">
    <ele>28.8</ele>
   </trkpt>
   <trkpt lat="56.2043540" lon="10.1776630">
    <ele>29.0</ele>
   </trkpt>
   <trkpt lat="56.2043120" lon="10.1776820">
    <ele>29.4</ele>
   </trkpt>
   <trkpt lat="56.2042710" lon="10.1776960">
    <ele>29.6</ele>
   </trkpt>
   <trkpt lat="56.2042320" lon="10.1777110">
    <ele>30.0</ele>
   </trkpt>
   <trkpt lat="56.2041960" lon="10.1777300">
    <ele>30.4</ele>
   </trkpt>
   <trkpt lat="56.2041610" lon="10.1777540">
    <ele>30.8</ele>
   </trkpt>
   <trkpt lat="56.2041270" lon="10.1777770">
    <ele>31.0</ele>
   </trkpt>
   <trkpt lat="56.2040930" lon="10.1777970">
    <ele>31.6</ele>
   </trkpt>
   <trkpt lat="56.2040590" lon="10.1778170">
    <ele>31.8</ele>
   </trkpt>
   <trkpt lat="56.2040250" lon="10.1778400">
    <ele>32.0</ele>
   </trkpt>
   <trkpt lat="56.2039910" lon="10.1778610">
    <ele>32.2</ele>
   </trkpt>
   <trkpt lat="56.2039570" lon="10.1778810">
    <ele>32.4</ele>
   </trkpt>
   <trkpt lat="56.2039240" lon="10.1779090">
    <ele>32.8</ele>
   </trkpt>
   <trkpt lat="56.2038920" lon="10.1779400">
    <ele>33.0</ele>
   </trkpt>
   <trkpt lat="56.2038600" lon="10.1779750">
    <ele>33.4</ele>
   </trkpt>
   <trkpt lat="56.2038290" lon="10.1780120">
    <ele>33.6</ele>
   </trkpt>
   <trkpt lat="56.2037970" lon="10.1780460">
    <ele>33.8</ele>
   </trkpt>
   <trkpt lat="56.2037650" lon="10.1780770">
    <ele>34.0</ele>
   </trkpt>
   <trkpt lat="56.2037330" lon="10.1781080">
    <ele>34.4</ele>
   </trkpt>
   <trkpt lat="56.2037040" lon="10.1781420">
    <ele>34.6</ele>
   </trkpt>
   <trkpt lat="56.2036770" lon="10.1781820">
    <ele>34.8</ele>
   </trkpt>
   <trkpt lat="56.2036520" lon="10.1782260">
    <ele>35.0</ele>
   </trkpt>
   <trkpt lat="56.2036260" lon="10.1782670">
    <ele>35.4</ele>
   </trkpt>
   <trkpt lat="56.2036000" lon="10.1783050">
    <ele>35.6</ele>
   </trkpt>
   <trkpt lat="56.2035720" lon="10.1783440">
    <ele>35.8</ele>
   </trkpt>
   <trkpt lat="56.2035450" lon="10.1783830">
    <ele>36.2</ele>
   </trkpt>
   <trkpt lat="56.2035170" lon="10.1784220">
    <ele>36.4</ele>
   </trkpt>
   <trkpt lat="56.2034890" lon="10.1784590">
    <ele>36.8</ele>
   </trkpt>
   <trkpt lat="56.2034610" lon="10.1784960">
    <ele>37.0</ele>
   </trkpt>
   <trkpt lat="56.2034330" lon="10.1785310">
    <ele>37.2</ele>
   </trkpt>
   <trkpt lat="56.2034070" lon="10.1785720">
    <ele>37.4</ele>
   </trkpt>
   <trkpt lat="56.2033810" lon="10.1786150">
    <ele>37.6</ele>
   </trkpt>
   <trkpt lat="56.2033530" lon="10.1786570">
    <ele>37.8</ele>
   </trkpt>
   <trkpt lat="56.2033260" lon="10.1787000">
    <ele>38.0</ele>
   </trkpt>
   <trkpt lat="56.2032980" lon="10.1787400">
    <ele>38.0</ele>
   </trkpt>
   <trkpt lat="56.2032690" lon="10.1787790">
    <ele>38.4</ele>
   </trkpt>
   <trkpt lat="56.2032400" lon="10.1788190">
    <ele>38.6</ele>
   </trkpt>
   <trkpt lat="56.2032110" lon="10.1788590">
    <ele>38.8</ele>
   </trkpt>
   <trkpt lat="56.2031820" lon="10.1788980">
    <ele>39.0</ele>
   </trkpt>
   <trkpt lat="56.2031540" lon="10.1789370">
    <ele>39.2</ele>
   </trkpt>
   <trkpt lat="56.2031250" lon="10.1789770">
    <ele>39.6</ele>
   </trkpt>
   <trkpt lat="56.2030950" lon="10.1790160">
    <ele>39.6</ele>
   </trkpt>
   <trkpt lat="56.2030650" lon="10.1790570">
    <ele>39.8</ele>
   </trkpt>
   <trkpt lat="56.2030400" lon="10.1790880">
    <ele>40.0</ele>
   </trkpt>
   <trkpt lat="56.2030040" lon="10.1791330">
    <ele>40.2</ele>
   </trkpt>
   <trkpt lat="56.2029750" lon="10.1791720">
    <ele>40.4</ele>
   </trkpt>
   <trkpt lat="56.2029510" lon="10.1792040">
    <ele>40.6</ele>
   </trkpt>
   <trkpt lat="56.2029220" lon="10.1792440">
    <ele>40.8</ele>
   </trkpt>
   <trkpt lat="56.2028870" lon="10.1792870">
    <ele>41.0</ele>
   </trkpt>
   <trkpt lat="56.2028580" lon="10.1793250">
    <ele>41.2</ele>
   </trkpt>
   <trkpt lat="56.2028290" lon="10.1793660">
    <ele>41.4</ele>
   </trkpt>
   <trkpt lat="56.2028020" lon="10.1794090">
    <ele>41.6</ele>
   </trkpt>
   <trkpt lat="56.2027740" lon="10.1794510">
    <ele>41.8</ele>
   </trkpt>
   <trkpt lat="56.2027450" lon="10.1794880">
    <ele>42.2</ele>
   </trkpt>
   <trkpt lat="56.2027160" lon="10.1795260">
    <ele>42.4</ele>
   </trkpt>
   <trkpt lat="56.2026870" lon="10.1795600">
    <ele>42.6</ele>
   </trkpt>
   <trkpt lat="56.2026580" lon="10.1795920">
    <ele>42.8</ele>
   </trkpt>
   <trkpt lat="56.2026280" lon="10.1796240">
    <ele>43.0</ele>
   </trkpt>
   <trkpt lat="56.2026030" lon="10.1796500">
    <ele>43.4</ele>
   </trkpt>
   <trkpt lat="56.2025660" lon="10.1796860">
    <ele>43.6</ele>
   </trkpt>
   <trkpt lat="56.2025350" lon="10.1797200">
    <ele>43.8</ele>
   </trkpt>
   <trkpt lat="56.2025060" lon="10.1797570">
    <ele>44.0</ele>
   </trkpt>
   <trkpt lat="56.2024800" lon="10.1797990">
    <ele>44.2</ele>
   </trkpt>
   <trkpt lat="56.2024520" lon="10.1798360">
    <ele>44.2</ele>
   </trkpt>
   <trkpt lat="56.2024270" lon="10.1798590">
    <ele>44.6</ele>
   </trkpt>
   <trkpt lat="56.2023960" lon="10.1798880">
    <ele>44.8</ele>
   </trkpt>
   <trkpt lat="56.2023650" lon="10.1799190">
    <ele>45.0</ele>
   </trkpt>
   <trkpt lat="56.2023340" lon="10.1799510">
    <ele>45.2</ele>
   </trkpt>
   <trkpt lat="56.2023020" lon="10.1799840">
    <ele>45.4</ele>
   </trkpt>
   <trkpt lat="56.2022710" lon="10.1800170">
    <ele>45.6</ele>
   </trkpt>
   <trkpt lat="56.2022410" lon="10.1800520">
    <ele>45.8</ele>
   </trkpt>
   <trkpt lat="56.2022090" lon="10.1800870">
    <ele>46.2</ele>
   </trkpt>
   <trkpt lat="56.2021700" lon="10.1801270">
    <ele>46.4</ele>
   </trkpt>
   <trkpt lat="56.2021370" lon="10.1801600">
    <ele>46.8</ele>
   </trkpt>
   <trkpt lat="56.2021030" lon="10.1801930">
    <ele>47.0</ele>
   </trkpt>
   <trkpt lat="56.2020690" lon="10.1802290">
    <ele>47.2</ele>
   </trkpt>
   <trkpt lat="56.2020430" lon="10.1802570">
    <ele>47.4</ele>
   </trkpt>
   <trkpt lat="56.2020100" lon="10.1802910">
    <ele>47.8</ele>
   </trkpt>
   <trkpt lat="56.2019710" lon="10.1803330">
    <ele>48.0</ele>
   </trkpt>
   <trkpt lat="56.2019390" lon="10.1803700">
    <ele>48.2</ele>
   </trkpt>
   <trkpt lat="56.2019050" lon="10.1804050">
    <ele>48.4</ele>
   </trkpt>
   <trkpt lat="56.2018760" lon="10.1804300">
    <ele>48.6</ele>
   </trkpt>
   <trkpt lat="56.2018420" lon="10.1804590">
    <ele>48.8</ele>
   </trkpt>
   <trkpt lat="56.2018000" lon="10.1804930">
    <ele>49.0</ele>
   </trkpt>
   <trkpt lat="56.2017710" lon="10.1805160">
    <ele>49.0</ele>
   </trkpt>
   <trkpt lat="56.2017280" lon="10.1805510">
    <ele>49.2</ele>
   </trkpt>
   <trkpt lat="56.2017010" lon="10.1805740">
    <ele>49.4</ele>
   </trkpt>
   <trkpt lat="56.2016700" lon="10.1806060">
    <ele>49.6</ele>
   </trkpt>
   <trkpt lat="56.2016400" lon="10.1806440">
    <ele>50.0</ele>
   </trkpt>
   <trkpt lat="56.2016020" lon="10.1806850">
    <ele>50.4</ele>
   </trkpt>
   <trkpt lat="56.2015750" lon="10.1807070">
    <ele>50.4</ele>
   </trkpt>
   <trkpt lat="56.2015350" lon="10.1807410">
    <ele>50.6</ele>
   </trkpt>
   <trkpt lat="56.2015090" lon="10.1807630">
    <ele>50.8</ele>
   </trkpt>
   <trkpt lat="56.2014710" lon="10.1808000">
    <ele>51.0</ele>
   </trkpt>
   <trkpt lat="56.2014450" lon="10.1808250">
    <ele>51.2</ele>
   </trkpt>
   <trkpt lat="56.2014070" lon="10.1808590">
    <ele>51.2</ele>
   </trkpt>
   <trkpt lat="56.2013750" lon="10.1808850">
    <ele>51.6</ele>
   </trkpt>
   <trkpt lat="56.2013410" lon="10.1809110">
    <ele>51.8</ele>
   </trkpt>
   <trkpt lat="56.2013080" lon="10.1809390">
    <ele>51.8</ele>
   </trkpt>
   <trkpt lat="56.2012750" lon="10.1809670">
    <ele>52.0</ele>
   </trkpt>
   <trkpt lat="56.2012490" lon="10.1809920">
    <ele>52.2</ele>
   </trkpt>
   <trkpt lat="56.2012080" lon="10.1810280">
    <ele>52.4</ele>
   </trkpt>
   <trkpt lat="56.2011800" lon="10.1810540">
    <ele>52.8</ele>
   </trkpt>
   <trkpt lat="56.2011380" lon="10.1810910">
    <ele>52.8</ele>
   </trkpt>
   <trkpt lat="56.2011100" lon="10.1811160">
    <ele>53.0</ele>
   </trkpt>
   <trkpt lat="56.2010750" lon="10.1811490">
    <ele>53.2</ele>
   </trkpt>
   <trkpt lat="56.2010400" lon="10.1811840">
    <ele>53.4</ele>
   </trkpt>
   <trkpt lat="56.2009980" lon="10.1812210">
    <ele>53.6</ele>
   </trkpt>
   <trkpt lat="56.2009690" lon="10.1812450">
    <ele>53.8</ele>
   </trkpt>
   <trkpt lat="56.2009340" lon="10.1812740">
    <ele>53.8</ele>
   </trkpt>
   <trkpt lat="56.2008980" lon="10.1813040">
    <ele>54.0</ele>
   </trkpt>
   <trkpt lat="56.2008540" lon="10.1813450">
    <ele>54.2</ele>
   </trkpt>
   <trkpt lat="56.2008260" lon="10.1813750">
    <ele>54.6</ele>
   </trkpt>
   <trkpt lat="56.2007830" lon="10.1814200">
    <ele>54.8</ele>
   </trkpt>
   <trkpt lat="56.2007530" lon="10.1814470">
    <ele>55.0</ele>
   </trkpt>
   <trkpt lat="56.2007070" lon="10.1814850">
    <ele>55.0</ele>
   </trkpt>
   <trkpt lat="56.2006760" lon="10.1815110">
    <ele>55.2</ele>
   </trkpt>
   <trkpt lat="56.2006380" lon="10.1815470">
    <ele>55.2</ele>
   </trkpt>
   <trkpt lat="56.2006030" lon="10.1815820">
    <ele>55.4</ele>
   </trkpt>
   <trkpt lat="56.2005680" lon="10.1816170">
    <ele>55.8</ele>
   </trkpt>
   <trkpt lat="56.2005310" lon="10.1816490">
    <ele>55.8</ele>
   </trkpt>
   <trkpt lat="56.2004840" lon="10.1816840">
    <ele>56.0</ele>
   </trkpt>
   <trkpt lat="56.2004540" lon="10.1817090">
    <ele>56.2</ele>
   </trkpt>
   <trkpt lat="56.2004180" lon="10.1817370">
    <ele>56.2</ele>
   </trkpt>
   <trkpt lat="56.2003820" lon="10.1817640">
    <ele>56.2</ele>
   </trkpt>
   <trkpt lat="56.2003380" lon="10.1817920">
    <ele>56.4</ele>
   </trkpt>
   <trkpt lat="56.2003090" lon="10.1818100">
    <ele>56.8</ele>
   </trkpt>
   <trkpt lat="56.2002800" lon="10.1818440">
    <ele>57.0</ele>
   </trkpt>
   <trkpt lat="56.2002580" lon="10.1819010">
    <ele>57.0</ele>
   </trkpt>
   <trkpt lat="56.2002520" lon="10.1819380">
    <ele>57.4</ele>
   </trkpt>
   <trkpt lat="56.2002490" lon="10.1819740">
    <ele>57.6</ele>
   </trkpt>
   <trkpt lat="56.2002440" lon="10.1820010">
    <ele>57.8</ele>
   </trkpt>
   <trkpt lat="56.2002410" lon="10.1820120">
    <ele>58.0</ele>
   </trkpt>
   <trkpt lat="56.2002410" lon="10.1820120">
    <ele>58.0</ele>
   </trkpt>
   <trkpt lat="56.2002410" lon="10.1820120">
    <ele>58.0</ele>
   </trkpt>
   <trkpt lat="56.2002280" lon="10.1820770">
    <ele>58.0</ele>
   </trkpt>
   <trkpt lat="56.2002280" lon="10.1821340">
    <ele>58.0</ele>
   </trkpt>
   <trkpt lat="56.2002290" lon="10.1821830">
    <ele>58.0</ele>
   </trkpt>
   <trkpt lat="56.2002310" lon="10.1822570">
    <ele>58.0</ele>
   </trkpt>
   <trkpt lat="56.2002270" lon="10.1823100">
    <ele>58.0</ele>
   </trkpt>
   <trkpt lat="56.2002160" lon="10.1823980">
    <ele>58.0</ele>
   </trkpt>
   <trkpt lat="56.2002050" lon="10.1824650">
    <ele>58.0</ele>
   </trkpt>
   <trkpt lat="56.2001990" lon="10.1825520">
    <ele>58.0</ele>
   </trkpt>
   <trkpt lat="56.2002020" lon="10.1826390">
    <ele>57.6</ele>
   </trkpt>
   <trkpt lat="56.2002130" lon="10.1827400">
    <ele>57.4</ele>
   </trkpt>
   <trkpt lat="56.2002190" lon="10.1828080">
    <ele>57.4</ele>
   </trkpt>
   <trkpt lat="56.2002270" lon="10.1829130">
    <ele>57.4</ele>
   </trkpt>
   <trkpt lat="56.2002270" lon="10.1829880">
    <ele>57.4</ele>
   </trkpt>
   <trkpt lat="56.2002280" lon="10.1830820">
    <ele>57.4</ele>
   </trkpt>
   <trkpt lat="56.2002320" lon="10.1831770">
    <ele>57.2</ele>
   </trkpt>
   <trkpt lat="56.2002320" lon="10.1832920">
    <ele>57.4</ele>
   </trkpt>
   <trkpt lat="56.2002300" lon="10.1833730">
    <ele>57.4</ele>
   </trkpt>
   <trkpt lat="56.2002290" lon="10.1834920">
    <ele>57.4</ele>
   </trkpt>
   <trkpt lat="56.2002270" lon="10.1835700">
    <ele>57.4</ele>
   </trkpt>
   <trkpt lat="56.2002240" lon="10.1836890">
    <ele>57.4</ele>
   </trkpt>
   <trkpt lat="56.2002260" lon="10.1837890">
    <ele>57.4</ele>
   </trkpt>
   <trkpt lat="56.2002300" lon="10.1838900">
    <ele>57.6</ele>
   </trkpt>
   <trkpt lat="56.2002330" lon="10.1839940">
    <ele>57.6</ele>
   </trkpt>
   <trkpt lat="56.2002360" lon="10.1840990">
    <ele>57.6</ele>
   </trkpt>
   <trkpt lat="56.2002400" lon="10.1842040">
    <ele>57.8</ele>
   </trkpt>
   <trkpt lat="56.2002460" lon="10.1843120">
    <ele>57.8</ele>
   </trkpt>
   <trkpt lat="56.2002530" lon="10.1844200">
    <ele>57.8</ele>
   </trkpt>
   <trkpt lat="56.2002610" lon="10.1845270">
    <ele>57.8</ele>
   </trkpt>
   <trkpt lat="56.2002710" lon="10.1846340">
    <ele>57.8</ele>
   </trkpt>
   <trkpt lat="56.2002820" lon="10.1847430">
    <ele>57.8</ele>
   </trkpt>
   <trkpt lat="56.2002880" lon="10.1848520">
    <ele>57.8</ele>
   </trkpt>
   <trkpt lat="56.2002930" lon="10.1849600">
    <ele>57.8</ele>
   </trkpt>
   <trkpt lat="56.2003030" lon="10.1850690">
    <ele>57.8</ele>
   </trkpt>
   <trkpt lat="56.2003120" lon="10.1851770">
    <ele>57.8</ele>
   </trkpt>
   <trkpt lat="56.2003180" lon="10.1852870">
    <ele>57.8</ele>
   </trkpt>
   <trkpt lat="56.2003260" lon="10.1853980">
    <ele>58.0</ele>
   </trkpt>
   <trkpt lat="56.2003400" lon="10.1855100">
    <ele>58.0</ele>
   </trkpt>
   <trkpt lat="56.2003500" lon="10.1856210">
    <ele>58.0</ele>
   </trkpt>
   <trkpt lat="56.2003580" lon="10.1857340">
    <ele>58.0</ele>
   </trkpt>
   <trkpt lat="56.2003660" lon="10.1858480">
    <ele>58.0</ele>
   </trkpt>
   <trkpt lat="56.2003730" lon="10.1859630">
    <ele>57.8</ele>
   </trkpt>
   <trkpt lat="56.2003750" lon="10.1860740">
    <ele>57.6</ele>
   </trkpt>
   <trkpt lat="56.2003740" lon="10.1861850">
    <ele>57.6</ele>
   </trkpt>
   <trkpt lat="56.2003700" lon="10.1863000">
    <ele>57.4</ele>
   </trkpt>
   <trkpt lat="56.2003740" lon="10.1864140">
    <ele>57.4</ele>
   </trkpt>
   <trkpt lat="56.2003780" lon="10.1865290">
    <ele>57.4</ele>
   </trkpt>
   <trkpt lat="56.2003800" lon="10.1866470">
    <ele>57.4</ele>
   </trkpt>
   <trkpt lat="56.2003870" lon="10.1867430">
    <ele>57.4</ele>
   </trkpt>
   <trkpt lat="56.2003950" lon="10.1868910">
    <ele>57.4</ele>
   </trkpt>
   <trkpt lat="56.2003990" lon="10.1870160">
    <ele>57.2</ele>
   </trkpt>
   <trkpt lat="56.2004060" lon="10.1871430">
    <ele>57.2</ele>
   </trkpt>
   <trkpt lat="56.2004160" lon="10.1872720">
    <ele>57.0</ele>
   </trkpt>
   <trkpt lat="56.2004240" lon="10.1874020">
    <ele>57.0</ele>
   </trkpt>
   <trkpt lat="56.2004310" lon="10.1875350">
    <ele>56.8</ele>
   </trkpt>
   <trkpt lat="56.2004370" lon="10.1876700">
    <ele>56.8</ele>
   </trkpt>
   <trkpt lat="56.2004440" lon="10.1878070">
    <ele>56.4</ele>
   </trkpt>
   <trkpt lat="56.2004530" lon="10.1879440">
    <ele>56.2</ele>
   </trkpt>
   <trkpt lat="56.2004610" lon="10.1880800">
    <ele>56.0</ele>
   </trkpt>
   <trkpt lat="56.2004690" lon="10.1882140">
    <ele>56.0</ele>
   </trkpt>
   <trkpt lat="56.2004770" lon="10.1883500">
    <ele>56.0</ele>
   </trkpt>
   <trkpt lat="56.2004820" lon="10.1884860">
    <ele>55.4</ele>
   </trkpt>
   <trkpt lat="56.2004880" lon="10.1886240">
    <ele>55.4</ele>
   </trkpt>
   <trkpt lat="56.2004940" lon="10.1887620">
    <ele>55.0</ele>
   </trkpt>
   <trkpt lat="56.2005020" lon="10.1888980">
    <ele>55.0</ele>
   </trkpt>
   <trkpt lat="56.2005130" lon="10.1890340">
    <ele>55.0</ele>
   </trkpt>
   <trkpt lat="56.2005240" lon="10.1891710">
    <ele>55.0</ele>
   </trkpt>
   <trkpt lat="56.2005380" lon="10.1893110">
    <ele>54.8</ele>
   </trkpt>
   <trkpt lat="56.2005550" lon="10.1894490">
    <ele>54.8</ele>
   </trkpt>
   <trkpt lat="56.2005720" lon="10.1895900">
    <ele>54.8</ele>
   </trkpt>
   <trkpt lat="56.2005860" lon="10.1897340">
    <ele>54.8</ele>
   </trkpt>
   <trkpt lat="56.2005960" lon="10.1898800">
    <ele>54.4</ele>
   </trkpt>
   <trkpt lat="56.2006010" lon="10.1900270">
    <ele>54.2</ele>
   </trkpt>
   <trkpt lat="56.2006100" lon="10.1901740">
    <ele>54.2</ele>
   </trkpt>
   <trkpt lat="56.2006190" lon="10.1903200">
    <ele>53.8</ele>
   </trkpt>
   <trkpt lat="56.2006270" lon="10.1904660">
    <ele>53.8</ele>
   </trkpt>
   <trkpt lat="56.2006370" lon="10.1906120">
    <ele>53.4</ele>
   </trkpt>
   <trkpt lat="56.2006430" lon="10.1907540">
    <ele>52.8</ele>
   </trkpt>
   <trkpt lat="56.2006500" lon="10.1908960">
    <ele>52.6</ele>
   </trkpt>
   <trkpt lat="56.2006600" lon="10.1910350">
    <ele>52.6</ele>
   </trkpt>
   <trkpt lat="56.2006690" lon="10.1911760">
    <ele>52.4</ele>
   </trkpt>
   <trkpt lat="56.2006760" lon="10.1913180">
    <ele>52.0</ele>
   </trkpt>
   <trkpt lat="56.2006820" lon="10.1914610">
    <ele>51.6</ele>
   </trkpt>
   <trkpt lat="56.2006870" lon="10.1916030">
    <ele>51.4</ele>
   </trkpt>
   <trkpt lat="56.2006970" lon="10.1917430">
    <ele>51.4</ele>
   </trkpt>
   <trkpt lat="56.2007050" lon="10.1918820">
    <ele>51.4</ele>
   </trkpt>
   <trkpt lat="56.2007120" lon="10.1920230">
    <ele>51.4</ele>
   </trkpt>
   <trkpt lat="56.2007170" lon="10.1921670">
    <ele>51.4</ele>
   </trkpt>
   <trkpt lat="56.2007210" lon="10.1923080">
    <ele>51.2</ele>
   </trkpt>
   <trkpt lat="56.2007240" lon="10.1924470">
    <ele>51.2</ele>
   </trkpt>
   <trkpt lat="56.2007280" lon="10.1925750">
    <ele>51.2</ele>
   </trkpt>
   <trkpt lat="56.2007360" lon="10.1926840">
    <ele>51.2</ele>
   </trkpt>
   <trkpt lat="56.2007370" lon="10.1927720">
    <ele>51.2</ele>
   </trkpt>
   <trkpt lat="56.2007270" lon="10.1928440">
    <ele>51.2</ele>
   </trkpt>
   <trkpt lat="56.2007220" lon="10.1929020">
    <ele>51.2</ele>
   </trkpt>
   <trkpt lat="56.2007350" lon="10.1929400">
    <ele>51.2</ele>
   </trkpt>
   <trkpt lat="56.2007620" lon="10.1929420">
    <ele>51.2</ele>
   </trkpt>
   <trkpt lat="56.2007810" lon="10.1929120">
    <ele>51.2</ele>
   </trkpt>
   <trkpt lat="56.2007770" lon="10.1928590">
    <ele>51.4</ele>
   </trkpt>
   <trkpt lat="56.2007620" lon="10.1927980">
    <ele>51.4</ele>
   </trkpt>
   <trkpt lat="56.2007480" lon="10.1927320">
    <ele>51.4</ele>
   </trkpt>
   <trkpt lat="56.2007360" lon="10.1926680">
    <ele>51.4</ele>
   </trkpt>
   <trkpt lat="56.2007120" lon="10.1926250">
    <ele>51.4</ele>
   </trkpt>
   <trkpt lat="56.2006750" lon="10.1926190">
    <ele>51.4</ele>
   </trkpt>
   <trkpt lat="56.2006360" lon="10.1926340">
    <ele>51.2</ele>
   </trkpt>
   <trkpt lat="56.2005960" lon="10.1926610">
    <ele>51.2</ele>
   </trkpt>
   <trkpt lat="56.2005490" lon="10.1926850">
    <ele>51.2</ele>
   </trkpt>
   <trkpt lat="56.2004980" lon="10.1927090">
    <ele>51.0</ele>
   </trkpt>
   <trkpt lat="56.2004490" lon="10.1927430">
    <ele>51.0</ele>
   </trkpt>
   <trkpt lat="56.2004010" lon="10.1927880">
    <ele>51.0</ele>
   </trkpt>
   <trkpt lat="56.2003540" lon="10.1928360">
    <ele>51.0</ele>
   </trkpt>
   <trkpt lat="56.2003070" lon="10.1928850">
    <ele>51.0</ele>
   </trkpt>
   <trkpt lat="56.2002600" lon="10.1929260">
    <ele>51.4</ele>
   </trkpt>
   <trkpt lat="56.2002110" lon="10.1929570">
    <ele>51.4</ele>
   </trkpt>
   <trkpt lat="56.2001620" lon="10.1929900">
    <ele>51.6</ele>
   </trkpt>
   <trkpt lat="56.2001150" lon="10.1930260">
    <ele>52.0</ele>
   </trkpt>
   <trkpt lat="56.2000730" lon="10.1930640">
    <ele>52.2</ele>
   </trkpt>
   <trkpt lat="56.2000300" lon="10.1931020">
    <ele>52.4</ele>
   </trkpt>
   <trkpt lat="56.1999870" lon="10.1931410">
    <ele>52.8</ele>
   </trkpt>
   <trkpt lat="56.1999450" lon="10.1931830">
    <ele>53.0</ele>
   </trkpt>
   <trkpt lat="56.1999010" lon="10.1932240">
    <ele>53.4</ele>
   </trkpt>
   <trkpt lat="56.1998560" lon="10.1932580">
    <ele>53.4</ele>
   </trkpt>
   <trkpt lat="56.1998100" lon="10.1932910">
    <ele>53.6</ele>
   </trkpt>
   <trkpt lat="56.1997650" lon="10.1933240">
    <ele>54.0</ele>
   </trkpt>
   <trkpt lat="56.1997200" lon="10.1933620">
    <ele>54.4</ele>
   </trkpt>
   <trkpt lat="56.1996710" lon="10.1934030">
    <ele>54.4</ele>
   </trkpt>
   <trkpt lat="56.1996220" lon="10.1934420">
    <ele>54.6</ele>
   </trkpt>
   <trkpt lat="56.1995740" lon="10.1934800">
    <ele>54.6</ele>
   </trkpt>
   <trkpt lat="56.1995260" lon="10.1935130">
    <ele>54.6</ele>
   </trkpt>
   <trkpt lat="56.1994780" lon="10.1935400">
    <ele>55.0</ele>
   </trkpt>
   <trkpt lat="56.1994310" lon="10.1935680">
    <ele>55.0</ele>
   </trkpt>
   <trkpt lat="56.1993850" lon="10.1936010">
    <ele>55.2</ele>
   </trkpt>
   <trkpt lat="56.1993380" lon="10.1936320">
    <ele>55.2</ele>
   </trkpt>
   <trkpt lat="56.1992910" lon="10.1936530">
    <ele>55.4</ele>
   </trkpt>
   <trkpt lat="56.1992450" lon="10.1936660">
    <ele>55.6</ele>
   </trkpt>
   <trkpt lat="56.1991980" lon="10.1936770">
    <ele>56.0</ele>
   </trkpt>
   <trkpt lat="56.1991510" lon="10.1936900">
    <ele>56.4</ele>
   </trkpt>
   <trkpt lat="56.1991050" lon="10.1937040">
    <ele>56.6</ele>
   </trkpt>
   <trkpt lat="56.1990600" lon="10.1937210">
    <ele>57.0</ele>
   </trkpt>
   <trkpt lat="56.1990150" lon="10.1937390">
    <ele>57.0</ele>
   </trkpt>
   <trkpt lat="56.1989700" lon="10.1937550">
    <ele>57.2</ele>
   </trkpt>
   <trkpt lat="56.1989260" lon="10.1937700">
    <ele>57.6</ele>
   </trkpt>
   <trkpt lat="56.1988820" lon="10.1937850">
    <ele>58.0</ele>
   </trkpt>
   <trkpt lat="56.1988390" lon="10.1937990">
    <ele>58.2</ele>
   </trkpt>
   <trkpt lat="56.1987990" lon="10.1938120">
    <ele>58.4</ele>
   </trkpt>
   <trkpt lat="56.1987580" lon="10.1938240">
    <ele>58.8</ele>
   </trkpt>
   <trkpt lat="56.1987170" lon="10.1938350">
    <ele>59.0</ele>
   </trkpt>
   <trkpt lat="56.1986770" lon="10.1938420">
    <ele>59.2</ele>
   </trkpt>
   <trkpt lat="56.1986370" lon="10.1938480">
    <ele>59.4</ele>
   </trkpt>
   <trkpt lat="56.1986000" lon="10.1938570">
    <ele>59.6</ele>
   </trkpt>
   <trkpt lat="56.1985640" lon="10.1938700">
    <ele>59.8</ele>
   </trkpt>
   <trkpt lat="56.1985260" lon="10.1938830">
    <ele>60.2</ele>
   </trkpt>
   <trkpt lat="56.1984880" lon="10.1938930">
    <ele>60.4</ele>
   </trkpt>
   <trkpt lat="56.1984510" lon="10.1939020">
    <ele>60.8</ele>
   </trkpt>
   <trkpt lat="56.1984160" lon="10.1939080">
    <ele>61.0</ele>
   </trkpt>
   <trkpt lat="56.1983800" lon="10.1939150">
    <ele>61.2</ele>
   </trkpt>
   <trkpt lat="56.1983460" lon="10.1939240">
    <ele>61.4</ele>
   </trkpt>
   <trkpt lat="56.1983110" lon="10.1939350">
    <ele>61.8</ele>
   </trkpt>
   <trkpt lat="56.1982770" lon="10.1939490">
    <ele>62.2</ele>
   </trkpt>
   <trkpt lat="56.1982430" lon="10.1939620">
    <ele>62.4</ele>
   </trkpt>
   <trkpt lat="56.1982080" lon="10.1939740">
    <ele>62.8</ele>
   </trkpt>
   <trkpt lat="56.1981740" lon="10.1939830">
    <ele>63.0</ele>
   </trkpt>
   <trkpt lat="56.1981380" lon="10.1939900">
    <ele>63.4</ele>
   </trkpt>
   <trkpt lat="56.1981040" lon="10.1939930">
    <ele>63.6</ele>
   </trkpt>
   <trkpt lat="56.1980680" lon="10.1940030">
    <ele>63.8</ele>
   </trkpt>
   <trkpt lat="56.1980310" lon="10.1940130">
    <ele>63.8</ele>
   </trkpt>
   <trkpt lat="56.1979920" lon="10.1940230">
    <ele>64.0</ele>
   </trkpt>
   <trkpt lat="56.1979520" lon="10.1940350">
    <ele>64.2</ele>
   </trkpt>
   <trkpt lat="56.1979100" lon="10.1940460">
    <ele>64.2</ele>
   </trkpt>
   <trkpt lat="56.1978690" lon="10.1940580">
    <ele>64.4</ele>
   </trkpt>
   <trkpt lat="56.1978280" lon="10.1940730">
    <ele>64.4</ele>
   </trkpt>
   <trkpt lat="56.1977840" lon="10.1940870">
    <ele>64.4</ele>
   </trkpt>
   <trkpt lat="56.1977380" lon="10.1941000">
    <ele>64.6</ele>
   </trkpt>
   <trkpt lat="56.1976910" lon="10.1941150">
    <ele>64.6</ele>
   </trkpt>
   <trkpt lat="56.1976420" lon="10.1941310">
    <ele>64.6</ele>
   </trkpt>
   <trkpt lat="56.1975930" lon="10.1941450">
    <ele>64.6</ele>
   </trkpt>
   <trkpt lat="56.1975450" lon="10.1941570">
    <ele>64.6</ele>
   </trkpt>
   <trkpt lat="56.1974970" lon="10.1941710">
    <ele>64.6</ele>
   </trkpt>
   <trkpt lat="56.1974480" lon="10.1941890">
    <ele>64.6</ele>
   </trkpt>
   <trkpt lat="56.1974010" lon="10.1942090">
    <ele>64.6</ele>
   </trkpt>
   <trkpt lat="56.1973550" lon="10.1942310">
    <ele>64.6</ele>
   </trkpt>
   <trkpt lat="56.1973070" lon="10.1942500">
    <ele>64.8</ele>
   </trkpt>
   <trkpt lat="56.1972580" lon="10.1942640">
    <ele>64.8</ele>
   </trkpt>
   <trkpt lat="56.1972110" lon="10.1942750">
    <ele>65.0</ele>
   </trkpt>
   <trkpt lat="56.1971630" lon="10.1942840">
    <ele>65.0</ele>
   </trkpt>
   <trkpt lat="56.1971160" lon="10.1943000">
    <ele>65.4</ele>
   </trkpt>
   <trkpt lat="56.1970690" lon="10.1943190">
    <ele>65.4</ele>
   </trkpt>
   <trkpt lat="56.1970240" lon="10.1943390">
    <ele>65.4</ele>
   </trkpt>
   <trkpt lat="56.1969790" lon="10.1943590">
    <ele>65.6</ele>
   </trkpt>
   <trkpt lat="56.1969340" lon="10.1943750">
    <ele>65.6</ele>
   </trkpt>
   <trkpt lat="56.1968870" lon="10.1943890">
    <ele>65.8</ele>
   </trkpt>
   <trkpt lat="56.1968400" lon="10.1944030">
    <ele>66.0</ele>
   </trkpt>
   <trkpt lat="56.1967920" lon="10.1944210">
    <ele>66.2</ele>
   </trkpt>
   <trkpt lat="56.1967450" lon="10.1944450">
    <ele>66.2</ele>
   </trkpt>
   <trkpt lat="56.1966990" lon="10.1944680">
    <ele>66.2</ele>
   </trkpt>
   <trkpt lat="56.1966520" lon="10.1944890">
    <ele>66.2</ele>
   </trkpt>
   <trkpt lat="56.1966040" lon="10.1945060">
    <ele>66.4</ele>
   </trkpt>
   <trkpt lat="56.1965560" lon="10.1945230">
    <ele>66.8</ele>
   </trkpt>
   <trkpt lat="56.1965070" lon="10.1945460">
    <ele>67.2</ele>
   </trkpt>
   <trkpt lat="56.1964590" lon="10.1945680">
    <ele>67.4</ele>
   </trkpt>
   <trkpt lat="56.1964110" lon="10.1945890">
    <ele>67.6</ele>
   </trkpt>
   <trkpt lat="56.1963620" lon="10.1946100">
    <ele>67.8</ele>
   </trkpt>
   <trkpt lat="56.1963130" lon="10.1946330">
    <ele>67.8</ele>
   </trkpt>
   <trkpt lat="56.1962620" lon="10.1946530">
    <ele>67.8</ele>
   </trkpt>
   <trkpt lat="56.1962120" lon="10.1946720">
    <ele>67.8</ele>
   </trkpt>
   <trkpt lat="56.1961600" lon="10.1946950">
    <ele>67.8</ele>
   </trkpt>
   <trkpt lat="56.1961100" lon="10.1947160">
    <ele>67.8</ele>
   </trkpt>
   <trkpt lat="56.1960590" lon="10.1947400">
    <ele>68.0</ele>
   </trkpt>
   <trkpt lat="56.1960090" lon="10.1947660">
    <ele>68.0</ele>
   </trkpt>
   <trkpt lat="56.1959580" lon="10.1947900">
    <ele>68.0</ele>
   </trkpt>
   <trkpt lat="56.1959060" lon="10.1948130">
    <ele>68.0</ele>
   </trkpt>
   <trkpt lat="56.1958550" lon="10.1948300">
    <ele>68.2</ele>
   </trkpt>
   <trkpt lat="56.1958040" lon="10.1948440">
    <ele>68.2</ele>
   </trkpt>
   <trkpt lat="56.1957530" lon="10.1948650">
    <ele>68.2</ele>
   </trkpt>
   <trkpt lat="56.1957030" lon="10.1948930">
    <ele>68.2</ele>
   </trkpt>
   <trkpt lat="56.1956510" lon="10.1949180">
    <ele>68.2</ele>
   </trkpt>
   <trkpt lat="56.1956000" lon="10.1949370">
    <ele>68.4</ele>
   </trkpt>
   <trkpt lat="56.1955470" lon="10.1949590">
    <ele>68.6</ele>
   </trkpt>
   <trkpt lat="56.1954940" lon="10.1949850">
    <ele>68.6</ele>
   </trkpt>
   <trkpt lat="56.1954410" lon="10.1950090">
    <ele>68.6</ele>
   </trkpt>
   <trkpt lat="56.1953830" lon="10.1950350">
    <ele>68.8</ele>
   </trkpt>
   <trkpt lat="56.1953230" lon="10.1950660">
    <ele>68.8</ele>
   </trkpt>
   <trkpt lat="56.1952610" lon="10.1950990">
    <ele>68.8</ele>
   </trkpt>
   <trkpt lat="56.1951970" lon="10.1951330">
    <ele>68.6</ele>
   </trkpt>
   <trkpt lat="56.1951350" lon="10.1951660">
    <ele>68.4</ele>
   </trkpt>
   <trkpt lat="56.1950680" lon="10.1951970">
    <ele>67.8</ele>
   </trkpt>
   <trkpt lat="56.1950070" lon="10.1952310">
    <ele>67.8</ele>
   </trkpt>
   <trkpt lat="56.1949530" lon="10.1952650">
    <ele>67.4</ele>
   </trkpt>
   <trkpt lat="56.1948980" lon="10.1952940">
    <ele>67.4</ele>
   </trkpt>
   <trkpt lat="56.1948380" lon="10.1953310">
    <ele>67.4</ele>
   </trkpt>
   <trkpt lat="56.1947820" lon="10.1953720">
    <ele>67.4</ele>
   </trkpt>
   <trkpt lat="56.1947270" lon="10.1954120">
    <ele>67.4</ele>
   </trkpt>
   <trkpt lat="56.1946730" lon="10.1954500">
    <ele>67.6</ele>
   </trkpt>
   <trkpt lat="56.1946190" lon="10.1954880">
    <ele>68.0</ele>
   </trkpt>
   <trkpt lat="56.1945670" lon="10.1955330">
    <ele>68.2</ele>
   </trkpt>
   <trkpt lat="56.1945180" lon="10.1955880">
    <ele>68.4</ele>
   </trkpt>
   <trkpt lat="56.1944680" lon="10.1956430">
    <ele>68.8</ele>
   </trkpt>
   <trkpt lat="56.1944170" lon="10.1956950">
    <ele>69.0</ele>
   </trkpt>
   <trkpt lat="56.1943670" lon="10.1957390">
    <ele>69.2</ele>
   </trkpt>
   <trkpt lat="56.1943150" lon="10.1957780">
    <ele>69.2</ele>
   </trkpt>
   <trkpt lat="56.1942620" lon="10.1958110">
    <ele>69.4</ele>
   </trkpt>
   <trkpt lat="56.1942090" lon="10.1958370">
    <ele>69.6</ele>
   </trkpt>
   <trkpt lat="56.1941540" lon="10.1958660">
    <ele>70.0</ele>
   </trkpt>
   <trkpt lat="56.1941020" lon="10.1958950">
    <ele>70.2</ele>
   </trkpt>
   <trkpt lat="56.1940490" lon="10.1959240">
    <ele>70.4</ele>
   </trkpt>
   <trkpt lat="56.1939940" lon="10.1959510">
    <ele>70.6</ele>
   </trkpt>
   <trkpt lat="56.1939390" lon="10.1959790">
    <ele>70.6</ele>
   </trkpt>
   <trkpt lat="56.1938840" lon="10.1960080">
    <ele>70.8</ele>
   </trkpt>
   <trkpt lat="56.1938280" lon="10.1960390">
    <ele>70.8</ele>
   </trkpt>
   <trkpt lat="56.1937700" lon="10.1960680">
    <ele>70.8</ele>
   </trkpt>
   <trkpt lat="56.1937110" lon="10.1960940">
    <ele>70.8</ele>
   </trkpt>
   <trkpt lat="56.1936510" lon="10.1961200">
    <ele>71.0</ele>
   </trkpt>
   <trkpt lat="56.1935910" lon="10.1961430">
    <ele>71.0</ele>
   </trkpt>
   <trkpt lat="56.1935330" lon="10.1961660">
    <ele>71.0</ele>
   </trkpt>
   <trkpt lat="56.1934760" lon="10.1961830">
    <ele>71.0</ele>
   </trkpt>
   <trkpt lat="56.1934160" lon="10.1962000">
    <ele>71.0</ele>
   </trkpt>
   <trkpt lat="56.1933570" lon="10.1962140">
    <ele>71.0</ele>
   </trkpt>
   <trkpt lat="56.1932980" lon="10.1962270">
    <ele>71.2</ele>
   </trkpt>
   <trkpt lat="56.1932410" lon="10.1962390">
    <ele>71.2</ele>
   </trkpt>
   <trkpt lat="56.1931850" lon="10.1962460">
    <ele>71.2</ele>
   </trkpt>
   <trkpt lat="56.1931260" lon="10.1962610">
    <ele>71.4</ele>
   </trkpt>
   <trkpt lat="56.1930690" lon="10.1962770">
    <ele>71.4</ele>
   </trkpt>
   <trkpt lat="56.1930110" lon="10.1962840">
    <ele>71.4</ele>
   </trkpt>
   <trkpt lat="56.1929510" lon="10.1962890">
    <ele>71.4</ele>
   </trkpt>
   <trkpt lat="56.1928870" lon="10.1962950">
    <ele>71.4</ele>
   </trkpt>
   <trkpt lat="56.1928280" lon="10.1963010">
    <ele>71.4</ele>
   </trkpt>
   <trkpt lat="56.1927720" lon="10.1962990">
    <ele>71.4</ele>
   </trkpt>
   <trkpt lat="56.1927120" lon="10.1962970">
    <ele>71.6</ele>
   </trkpt>
   <trkpt lat="56.1926490" lon="10.1962970">
    <ele>71.6</ele>
   </trkpt>
   <trkpt lat="56.1925860" lon="10.1962920">
    <ele>71.6</ele>
   </trkpt>
   <trkpt lat="56.1925240" lon="10.1962940">
    <ele>71.6</ele>
   </trkpt>
   <trkpt lat="56.1924600" lon="10.1963070">
    <ele>71.6</ele>
   </trkpt>
   <trkpt lat="56.1923960" lon="10.1963330">
    <ele>71.6</ele>
   </trkpt>
   <trkpt lat="56.1923340" lon="10.1963670">
    <ele>71.6</ele>
   </trkpt>
   <trkpt lat="56.1922740" lon="10.1964070">
    <ele>71.4</ele>
   </trkpt>
   <trkpt lat="56.1922160" lon="10.1964530">
    <ele>71.4</ele>
   </trkpt>
   <trkpt lat="56.1921590" lon="10.1965080">
    <ele>71.4</ele>
   </trkpt>
   <trkpt lat="56.1921050" lon="10.1965690">
    <ele>71.4</ele>
   </trkpt>
   <trkpt lat="56.1920530" lon="10.1966380">
    <ele>71.6</ele>
   </trkpt>
   <trkpt lat="56.1920010" lon="10.1967120">
    <ele>71.4</ele>
   </trkpt>
   <trkpt lat="56.1919510" lon="10.1967930">
    <ele>71.4</ele>
   </trkpt>
   <trkpt lat="56.1919050" lon="10.1968790">
    <ele>71.4</ele>
   </trkpt>
   <trkpt lat="56.1918630" lon="10.1969730">
    <ele>71.4</ele>
   </trkpt>
   <trkpt lat="56.1918250" lon="10.1970730">
    <ele>71.2</ele>
   </trkpt>
   <trkpt lat="56.1917930" lon="10.1971740">
    <ele>71.2</ele>
   </trkpt>
   <trkpt lat="56.1917640" lon="10.1972840">
    <ele>71.0</ele>
   </trkpt>
   <trkpt lat="56.1917370" lon="10.1973980">
    <ele>70.8</ele>
   </trkpt>
   <trkpt lat="56.1917080" lon="10.1975130">
    <ele>70.6</ele>
   </trkpt>
   <trkpt lat="56.1916770" lon="10.1976250">
    <ele>70.6</ele>
   </trkpt>
   <trkpt lat="56.1916410" lon="10.1977310">
    <ele>70.6</ele>
   </trkpt>
   <trkpt lat="56.1915970" lon="10.1978260">
    <ele>70.2</ele>
   </trkpt>
   <trkpt lat="56.1915450" lon="10.1979080">
    <ele>70.0</ele>
   </trkpt>
   <trkpt lat="56.1914920" lon="10.1979810">
    <ele>70.0</ele>
   </trkpt>
   <trkpt lat="56.1914360" lon="10.1980520">
    <ele>70.0</ele>
   </trkpt>
   <trkpt lat="56.1913780" lon="10.1981150">
    <ele>70.0</ele>
   </trkpt>
   <trkpt lat="56.1913180" lon="10.1981720">
    <ele>70.0</ele>
   </trkpt>
   <trkpt lat="56.1912580" lon="10.1982180">
    <ele>70.0</ele>
   </trkpt>
   <trkpt lat="56.1911950" lon="10.1982510">
    <ele>70.0</ele>
   </trkpt>
   <trkpt lat="56.1911300" lon="10.1982740">
    <ele>70.0</ele>
   </trkpt>
   <trkpt lat="56.1910680" lon="10.1982930">
    <ele>69.8</ele>
   </trkpt>
   <trkpt lat="56.1910060" lon="10.1983140">
    <ele>70.0</ele>
   </trkpt>
   <trkpt lat="56.1909440" lon="10.1983360">
    <ele>70.0</ele>
   </trkpt>
   <trkpt lat="56.1908830" lon="10.1983590">
    <ele>70.0</ele>
   </trkpt>
   <trkpt lat="56.1908230" lon="10.1983780">
    <ele>70.0</ele>
   </trkpt>
   <trkpt lat="56.1907630" lon="10.1983940">
    <ele>70.0</ele>
   </trkpt>
   <trkpt lat="56.1907050" lon="10.1984100">
    <ele>70.0</ele>
   </trkpt>
   <trkpt lat="56.1906480" lon="10.1984280">
    <ele>70.6</ele>
   </trkpt>
   <trkpt lat="56.1905900" lon="10.1984500">
    <ele>70.6</ele>
   </trkpt>
   <trkpt lat="56.1905330" lon="10.1984730">
    <ele>70.8</ele>
   </trkpt>
   <trkpt lat="56.1904770" lon="10.1984970">
    <ele>71.0</ele>
   </trkpt>
   <trkpt lat="56.1904190" lon="10.1985190">
    <ele>71.2</ele>
   </trkpt>
   <trkpt lat="56.1903650" lon="10.1985450">
    <ele>71.4</ele>
   </trkpt>
   <trkpt lat="56.1903100" lon="10.1985690">
    <ele>71.6</ele>
   </trkpt>
   <trkpt lat="56.1902540" lon="10.1985890">
    <ele>71.6</ele>
   </trkpt>
   <trkpt lat="56.1901970" lon="10.1986090">
    <ele>71.8</ele>
   </trkpt>
   <trkpt lat="56.1901420" lon="10.1986290">
    <ele>72.0</ele>
   </trkpt>
   <trkpt lat="56.1900860" lon="10.1986520">
    <ele>72.4</ele>
   </trkpt>
   <trkpt lat="56.1900290" lon="10.1986760">
    <ele>72.4</ele>
   </trkpt>
   <trkpt lat="56.1899720" lon="10.1987010">
    <ele>72.6</ele>
   </trkpt>
   <trkpt lat="56.1899130" lon="10.1987210">
    <ele>72.8</ele>
   </trkpt>
   <trkpt lat="56.1898580" lon="10.1987350">
    <ele>72.8</ele>
   </trkpt>
   <trkpt lat="56.1898030" lon="10.1987460">
    <ele>73.0</ele>
   </trkpt>
   <trkpt lat="56.1897470" lon="10.1987580">
    <ele>73.0</ele>
   </trkpt>
   <trkpt lat="56.1896900" lon="10.1987770">
    <ele>73.4</ele>
   </trkpt>
   <trkpt lat="56.1896340" lon="10.1988020">
    <ele>73.4</ele>
   </trkpt>
   <trkpt lat="56.1895780" lon="10.1988220">
    <ele>73.6</ele>
   </trkpt>
   <trkpt lat="56.1895200" lon="10.1988410">
    <ele>73.6</ele>
   </trkpt>
   <trkpt lat="56.1894640" lon="10.1988620">
    <ele>73.6</ele>
   </trkpt>
   <trkpt lat="56.1894070" lon="10.1988860">
    <ele>73.6</ele>
   </trkpt>
   <trkpt lat="56.1893510" lon="10.1989080">
    <ele>73.8</ele>
   </trkpt>
   <trkpt lat="56.1892950" lon="10.1989320">
    <ele>73.8</ele>
   </trkpt>
   <trkpt lat="56.1892360" lon="10.1989640">
    <ele>73.6</ele>
   </trkpt>
   <trkpt lat="56.1891770" lon="10.1990010">
    <ele>73.6</ele>
   </trkpt>
   <trkpt lat="56.1891150" lon="10.1990420">
    <ele>73.4</ele>
   </trkpt>
   <trkpt lat="56.1890530" lon="10.1990910">
    <ele>73.4</ele>
   </trkpt>
   <trkpt lat="56.1889930" lon="10.1991490">
    <ele>73.4</ele>
   </trkpt>
   <trkpt lat="56.1889360" lon="10.1992160">
    <ele>73.2</ele>
   </trkpt>
   <trkpt lat="56.1888810" lon="10.1992930">
    <ele>72.8</ele>
   </trkpt>
   <trkpt lat="56.1888320" lon="10.1993760">
    <ele>72.4</ele>
   </trkpt>
   <trkpt lat="56.1887800" lon="10.1994530">
    <ele>72.2</ele>
   </trkpt>
   <trkpt lat="56.1887250" lon="10.1995430">
    <ele>72.2</ele>
   </trkpt>
   <trkpt lat="56.1886760" lon="10.1996420">
    <ele>72.0</ele>
   </trkpt>
   <trkpt lat="56.1886290" lon="10.1997280">
    <ele>72.0</ele>
   </trkpt>
   <trkpt lat="56.1885830" lon="10.1998210">
    <ele>72.0</ele>
   </trkpt>
   <trkpt lat="56.1885400" lon="10.1999090">
    <ele>72.0</ele>
   </trkpt>
   <trkpt lat="56.1885050" lon="10.1999910">
    <ele>72.0</ele>
   </trkpt>
   <trkpt lat="56.1884780" lon="10.2000630">
    <ele>72.2</ele>
   </trkpt>
   <trkpt lat="56.1884480" lon="10.2001300">
    <ele>72.4</ele>
   </trkpt>
   <trkpt lat="56.1884120" lon="10.2001950">
    <ele>72.6</ele>
   </trkpt>
   <trkpt lat="56.1883710" lon="10.2002690">
    <ele>73.0</ele>
   </trkpt>
   <trkpt lat="56.1883280" lon="10.2003510">
    <ele>73.2</ele>
   </trkpt>
   <trkpt lat="56.1882890" lon="10.2004360">
    <ele>73.2</ele>
   </trkpt>
   <trkpt lat="56.1882540" lon="10.2005280">
    <ele>73.2</ele>
   </trkpt>
   <trkpt lat="56.1882230" lon="10.2006210">
    <ele>73.2</ele>
   </trkpt>
   <trkpt lat="56.1881930" lon="10.2007050">
    <ele>73.2</ele>
   </trkpt>
   <trkpt lat="56.1881620" lon="10.2007940">
    <ele>73.0</ele>
   </trkpt>
   <trkpt lat="56.1881320" lon="10.2009010">
    <ele>73.0</ele>
   </trkpt>
   <trkpt lat="56.1881030" lon="10.2010120">
    <ele>72.8</ele>
   </trkpt>
   <trkpt lat="56.1880760" lon="10.2011050">
    <ele>72.6</ele>
   </trkpt>
   <trkpt lat="56.1880490" lon="10.2011730">
    <ele>72.4</ele>
   </trkpt>
   <trkpt lat="56.1880230" lon="10.2012440">
    <ele>72.0</ele>
   </trkpt>
   <trkpt lat="56.1880000" lon="10.2013270">
    <ele>72.0</ele>
   </trkpt>
   <trkpt lat="56.1879710" lon="10.2014240">
    <ele>71.6</ele>
   </trkpt>
   <trkpt lat="56.1879380" lon="10.2015370">
    <ele>71.6</ele>
   </trkpt>
   <trkpt lat="56.1879090" lon="10.2016430">
    <ele>71.4</ele>
   </trkpt>
   <trkpt lat="56.1878800" lon="10.2017460">
    <ele>70.8</ele>
   </trkpt>
   <trkpt lat="56.1878490" lon="10.2018490">
    <ele>70.6</ele>
   </trkpt>
   <trkpt lat="56.1878120" lon="10.2019660">
    <ele>70.4</ele>
   </trkpt>
   <trkpt lat="56.1877750" lon="10.2020940">
    <ele>70.2</ele>
   </trkpt>
   <trkpt lat="56.1877400" lon="10.2022290">
    <ele>69.8</ele>
   </trkpt>
   <trkpt lat="56.1877020" lon="10.2023670">
    <ele>69.4</ele>
   </trkpt>
   <trkpt lat="56.1876590" lon="10.2025100">
    <ele>68.8</ele>
   </trkpt>
   <trkpt lat="56.1876150" lon="10.2026550">
    <ele>68.2</ele>
   </trkpt>
   <trkpt lat="56.1875720" lon="10.2028040">
    <ele>67.6</ele>
   </trkpt>
   <trkpt lat="56.1875330" lon="10.2029500">
    <ele>67.0</ele>
   </trkpt>
   <trkpt lat="56.1874890" lon="10.2030970">
    <ele>66.6</ele>
   </trkpt>
   <trkpt lat="56.1874370" lon="10.2032470">
    <ele>66.2</ele>
   </trkpt>
   <trkpt lat="56.1873970" lon="10.2033980">
    <ele>65.8</ele>
   </trkpt>
   <trkpt lat="56.1873570" lon="10.2035530">
    <ele>65.0</ele>
   </trkpt>
   <trkpt lat="56.1873080" lon="10.2037050">
    <ele>64.4</ele>
   </trkpt>
   <trkpt lat="56.1872660" lon="10.2038620">
    <ele>64.2</ele>
   </trkpt>
   <trkpt lat="56.1872240" lon="10.2040110">
    <ele>63.8</ele>
   </trkpt>
   <trkpt lat="56.1871800" lon="10.2041580">
    <ele>63.2</ele>
   </trkpt>
   <trkpt lat="56.1871350" lon="10.2042990">
    <ele>63.0</ele>
   </trkpt>
   <trkpt lat="56.1870910" lon="10.2044390">
    <ele>62.8</ele>
   </trkpt>
   <trkpt lat="56.1870510" lon="10.2045790">
    <ele>62.8</ele>
   </trkpt>
   <trkpt lat="56.1870140" lon="10.2047180">
    <ele>62.6</ele>
   </trkpt>
   <trkpt lat="56.1869780" lon="10.2048570">
    <ele>62.6</ele>
   </trkpt>
   <trkpt lat="56.1869420" lon="10.2049980">
    <ele>62.4</ele>
   </trkpt>
   <trkpt lat="56.1869070" lon="10.2051430">
    <ele>62.4</ele>
   </trkpt>
   <trkpt lat="56.1868720" lon="10.2052900">
    <ele>62.4</ele>
   </trkpt>
   <trkpt lat="56.1868340" lon="10.2054350">
    <ele>62.2</ele>
   </trkpt>
   <trkpt lat="56.1867930" lon="10.2055770">
    <ele>62.2</ele>
   </trkpt>
   <trkpt lat="56.1867510" lon="10.2057220">
    <ele>61.6</ele>
   </trkpt>
   <trkpt lat="56.1867120" lon="10.2058740">
    <ele>61.2</ele>
   </trkpt>
   <trkpt lat="56.1866730" lon="10.2060310">
    <ele>60.8</ele>
   </trkpt>
   <trkpt lat="56.1866330" lon="10.2061870">
    <ele>60.2</ele>
   </trkpt>
   <trkpt lat="56.1865920" lon="10.2063420">
    <ele>59.6</ele>
   </trkpt>
   <trkpt lat="56.1865490" lon="10.2064980">
    <ele>59.0</ele>
   </trkpt>
   <trkpt lat="56.1865060" lon="10.2066560">
    <ele>58.6</ele>
   </trkpt>
   <trkpt lat="56.1864610" lon="10.2068110">
    <ele>58.0</ele>
   </trkpt>
   <trkpt lat="56.1864120" lon="10.2069540">
    <ele>58.0</ele>
   </trkpt>
   <trkpt lat="56.1863580" lon="10.2070920">
    <ele>57.2</ele>
   </trkpt>
   <trkpt lat="56.1863080" lon="10.2072330">
    <ele>57.0</ele>
   </trkpt>
   <trkpt lat="56.1862680" lon="10.2073800">
    <ele>57.0</ele>
   </trkpt>
   <trkpt lat="56.1862340" lon="10.2075330">
    <ele>56.8</ele>
   </trkpt>
   <trkpt lat="56.1861970" lon="10.2076850">
    <ele>56.8</ele>
   </trkpt>
   <trkpt lat="56.1861560" lon="10.2078320">
    <ele>56.6</ele>
   </trkpt>
   <trkpt lat="56.1861080" lon="10.2079700">
    <ele>56.2</ele>
   </trkpt>
   <trkpt lat="56.1860590" lon="10.2080930">
    <ele>55.8</ele>
   </trkpt>
   <trkpt lat="56.1860130" lon="10.2081970">
    <ele>55.8</ele>
   </trkpt>
   <trkpt lat="56.1859760" lon="10.2082740">
    <ele>55.8</ele>
   </trkpt>
   <trkpt lat="56.1859450" lon="10.2083320">
    <ele>55.8</ele>
   </trkpt>
   <trkpt lat="56.1859260" lon="10.2083680">
    <ele>55.8</ele>
   </trkpt>
   <trkpt lat="56.1859180" lon="10.2083830">
    <ele>56.2</ele>
   </trkpt>
   <trkpt lat="56.1859180" lon="10.2083830">
    <ele>56.4</ele>
   </trkpt>
   <trkpt lat="56.1859180" lon="10.2083830">
    <ele>56.8</ele>
   </trkpt>
   <trkpt lat="56.1859000" lon="10.2084400">
    <ele>57.2</ele>
   </trkpt>
   <trkpt lat="56.1858850" lon="10.2084660">
    <ele>57.2</ele>
   </trkpt>
   <trkpt lat="56.1858650" lon="10.2084920">
    <ele>57.2</ele>
   </trkpt>
   <trkpt lat="56.1858430" lon="10.2085190">
    <ele>57.0</ele>
   </trkpt>
   <trkpt lat="56.1858190" lon="10.2085580">
    <ele>57.0</ele>
   </trkpt>
   <trkpt lat="56.1857950" lon="10.2085990">
    <ele>57.0</ele>
   </trkpt>
   <trkpt lat="56.1857690" lon="10.2086430">
    <ele>57.0</ele>
   </trkpt>
   <trkpt lat="56.1857420" lon="10.2086930">
    <ele>57.0</ele>
   </trkpt>
   <trkpt lat="56.1857150" lon="10.2087500">
    <ele>57.0</ele>
   </trkpt>
   <trkpt lat="56.1856880" lon="10.2088160">
    <ele>57.0</ele>
   </trkpt>
   <trkpt lat="56.1856620" lon="10.2088880">
    <ele>56.8</ele>
   </trkpt>
   <trkpt lat="56.1856350" lon="10.2089620">
    <ele>56.8</ele>
   </trkpt>
   <trkpt lat="56.1856060" lon="10.2090340">
    <ele>56.8</ele>
   </trkpt>
   <trkpt lat="56.1855750" lon="10.2091020">
    <ele>56.8</ele>
   </trkpt>
   <trkpt lat="56.1855460" lon="10.2091680">
    <ele>56.8</ele>
   </trkpt>
   <trkpt lat="56.1855190" lon="10.2092340">
    <ele>56.8</ele>
   </trkpt>
   <trkpt lat="56.1854930" lon="10.2092960">
    <ele>56.8</ele>
   </trkpt>
   <trkpt lat="56.1854650" lon="10.2093550">
    <ele>56.8</ele>
   </trkpt>
   <trkpt lat="56.1854370" lon="10.2094110">
    <ele>56.8</ele>
   </trkpt>
   <trkpt lat="56.1854100" lon="10.2094690">
    <ele>56.8</ele>
   </trkpt>
   <trkpt lat="56.1853850" lon="10.2095320">
    <ele>57.0</ele>
   </trkpt>
   <trkpt lat="56.1853650" lon="10.2096010">
    <ele>57.0</ele>
   </trkpt>
   <trkpt lat="56.1853490" lon="10.2096690">
    <ele>57.0</ele>
   </trkpt>
   <trkpt lat="56.1853310" lon="10.2097380">
    <ele>57.0</ele>
   </trkpt>
   <trkpt lat="56.1853150" lon="10.2098020">
    <ele>57.0</ele>
   </trkpt>
   <trkpt lat="56.1853030" lon="10.2098560">
    <ele>56.8</ele>
   </trkpt>
   <trkpt lat="56.1852970" lon="10.2098980">
    <ele>56.8</ele>
   </trkpt>
   <trkpt lat="56.1852970" lon="10.2099320">
    <ele>56.8</ele>
   </trkpt>
   <trkpt lat="56.1853040" lon="10.2099610">
    <ele>56.8</ele>
   </trkpt>
   <trkpt lat="56.1853200" lon="10.2099710">
    <ele>56.8</ele>
   </trkpt>
   <trkpt lat="56.1853330" lon="10.2099570">
    <ele>56.8</ele>
   </trkpt>
   <trkpt lat="56.1853390" lon="10.2099200">
    <ele>56.8</ele>
   </trkpt>
   <trkpt lat="56.1853380" lon="10.2098750">
    <ele>56.8</ele>
   </trkpt>
   <trkpt lat="56.1853390" lon="10.2098220">
    <ele>56.6</ele>
   </trkpt>
   <trkpt lat="56.1853480" lon="10.2097630">
    <ele>56.4</ele>
   </trkpt>
   <trkpt lat="56.1853600" lon="10.2097000">
    <ele>56.4</ele>
   </trkpt>
   <trkpt lat="56.1853780" lon="10.2096350">
    <ele>56.4</ele>
   </trkpt>
   <trkpt lat="56.1853980" lon="10.2095710">
    <ele>56.2</ele>
   </trkpt>
   <trkpt lat="56.1854210" lon="10.2095060">
    <ele>56.2</ele>
   </trkpt>
   <trkpt lat="56.1854480" lon="10.2094400">
    <ele>56.2</ele>
   </trkpt>
   <trkpt lat="56.1854800" lon="10.2093780">
    <ele>56.2</ele>
   </trkpt>
   <trkpt lat="56.1855140" lon="10.2093170">
    <ele>56.4</ele>
   </trkpt>
   <trkpt lat="56.1855480" lon="10.2092580">
    <ele>56.4</ele>
   </trkpt>
   <trkpt lat="56.1855810" lon="10.2092060">
    <ele>56.4</ele>
   </trkpt>
   <trkpt lat="56.1856140" lon="10.2091560">
    <ele>56.4</ele>
   </trkpt>
   <trkpt lat="56.1856510" lon="10.2091120">
    <ele>55.8</ele>
   </trkpt>
   <trkpt lat="56.1856960" lon="10.2090900">
    <ele>55.8</ele>
   </trkpt>
   <trkpt lat="56.1857430" lon="10.2091030">
    <ele>55.6</ele>
   </trkpt>
   <trkpt lat="56.1857840" lon="10.2091580">
    <ele>55.6</ele>
   </trkpt>
   <trkpt lat="56.1858160" lon="10.2092390">
    <ele>55.6</ele>
   </trkpt>
   <trkpt lat="56.1858440" lon="10.2093340">
    <ele>55.6</ele>
   </trkpt>
   <trkpt lat="56.1858730" lon="10.2094350">
    <ele>55.6</ele>
   </trkpt>
   <trkpt lat="56.1859050" lon="10.2095370">
    <ele>55.6</ele>
   </trkpt>
   <trkpt lat="56.1859440" lon="10.2096360">
    <ele>55.6</ele>
   </trkpt>
   <trkpt lat="56.1859890" lon="10.2097310">
    <ele>55.6</ele>
   </trkpt>
   <trkpt lat="56.1860330" lon="10.2098300">
    <ele>55.4</ele>
   </trkpt>
   <trkpt lat="56.1860720" lon="10.2099400">
    <ele>55.2</ele>
   </trkpt>
   <trkpt lat="56.1861090" lon="10.2100500">
    <ele>55.2</ele>
   </trkpt>
   <trkpt lat="56.1861470" lon="10.2101610">
    <ele>54.4</ele>
   </trkpt>
   <trkpt lat="56.1861850" lon="10.2102750">
    <ele>54.4</ele>
   </trkpt>
   <trkpt lat="56.1862230" lon="10.2103880">
    <ele>53.8</ele>
   </trkpt>
   <trkpt lat="56.1862640" lon="10.2105040">
    <ele>53.8</ele>
   </trkpt>
   <trkpt lat="56.1863070" lon="10.2106230">
    <ele>53.2</ele>
   </trkpt>
   <trkpt lat="56.1863480" lon="10.2107420">
    <ele>52.6</ele>
   </trkpt>
   <trkpt lat="56.1863870" lon="10.2108640">
    <ele>52.4</ele>
   </trkpt>
   <trkpt lat="56.1864220" lon="10.2109870">
    <ele>52.4</ele>
   </trkpt>
   <trkpt lat="56.1864620" lon="10.2111100">
    <ele>52.2</ele>
   </trkpt>
   <trkpt lat="56.1865060" lon="10.2112330">
    <ele>52.2</ele>
   </trkpt>
   <trkpt lat="56.1865510" lon="10.2113570">
    <ele>52.2</ele>
   </trkpt>
   <trkpt lat="56.1865930" lon="10.2114830">
    <ele>52.0</ele>
   </trkpt>
   <trkpt lat="56.1866360" lon="10.2116090">
    <ele>52.0</ele>
   </trkpt>
   <trkpt lat="56.1866840" lon="10.2117350">
    <ele>52.0</ele>
   </trkpt>
   <trkpt lat="56.1867330" lon="10.2118630">
    <ele>52.0</ele>
   </trkpt>
   <trkpt lat="56.1867750" lon="10.2119950">
    <ele>51.8</ele>
   </trkpt>
   <trkpt lat="56.1868150" lon="10.2121280">
    <ele>51.2</ele>
   </trkpt>
   <trkpt lat="56.1868590" lon="10.2122570">
    <ele>50.8</ele>
   </trkpt>
   <trkpt lat="56.1869040" lon="10.2123870">
    <ele>50.6</ele>
   </trkpt>
   <trkpt lat="56.1869480" lon="10.2125160">
    <ele>50.4</ele>
   </trkpt>
   <trkpt lat="56.1869930" lon="10.2126460">
    <ele>50.0</ele>
   </trkpt>
   <trkpt lat="56.1870380" lon="10.2127770">
    <ele>49.8</ele>
   </trkpt>
   <trkpt lat="56.1870830" lon="10.2129110">
    <ele>49.6</ele>
   </trkpt>
   <trkpt lat="56.1871280" lon="10.2130450">
    <ele>49.6</ele>
   </trkpt>
   <trkpt lat="56.1871710" lon="10.2131810">
    <ele>49.6</ele>
   </trkpt>
   <trkpt lat="56.1872150" lon="10.2133170">
    <ele>49.4</ele>
   </trkpt>
   <trkpt lat="56.1872550" lon="10.2134560">
    <ele>49.4</ele>
   </trkpt>
   <trkpt lat="56.1872920" lon="10.2136000">
    <ele>49.2</ele>
   </trkpt>
   <trkpt lat="56.1873310" lon="10.2137440">
    <ele>48.8</ele>
   </trkpt>
   <trkpt lat="56.1873760" lon="10.2138820">
    <ele>48.6</ele>
   </trkpt>
   <trkpt lat="56.1874220" lon="10.2140190">
    <ele>48.4</ele>
   </trkpt>
   <trkpt lat="56.1874680" lon="10.2141550">
    <ele>48.2</ele>
   </trkpt>
   <trkpt lat="56.1875120" lon="10.2142860">
    <ele>48.2</ele>
   </trkpt>
   <trkpt lat="56.1875550" lon="10.2144050">
    <ele>47.8</ele>
   </trkpt>
   <trkpt lat="56.1875900" lon="10.2145060">
    <ele>47.8</ele>
   </trkpt>
   <trkpt lat="56.1876160" lon="10.2145960">
    <ele>47.6</ele>
   </trkpt>
   <trkpt lat="56.1876340" lon="10.2146810">
    <ele>47.6</ele>
   </trkpt>
   <trkpt lat="56.1876420" lon="10.2147690">
    <ele>47.6</ele>
   </trkpt>
   <trkpt lat="56.1876260" lon="10.2148560">
    <ele>47.6</ele>
   </trkpt>
   <trkpt lat="56.1875940" lon="10.2149320">
    <ele>47.6</ele>
   </trkpt>
   <trkpt lat="56.1875550" lon="10.2149950">
    <ele>47.6</ele>
   </trkpt>
   <trkpt lat="56.1875100" lon="10.2150510">
    <ele>47.6</ele>
   </trkpt>
   <trkpt lat="56.1874630" lon="10.2151050">
    <ele>47.2</ele>
   </trkpt>
   <trkpt lat="56.1874170" lon="10.2151600">
    <ele>47.2</ele>
   </trkpt>
   <trkpt lat="56.1873680" lon="10.2152110">
    <ele>46.6</ele>
   </trkpt>
   <trkpt lat="56.1873150" lon="10.2152580">
    <ele>46.4</ele>
   </trkpt>
   <trkpt lat="56.1872610" lon="10.2153010">
    <ele>46.4</ele>
   </trkpt>
   <trkpt lat="56.1872060" lon="10.2153440">
    <ele>46.2</ele>
   </trkpt>
   <trkpt lat="56.1871510" lon="10.2153790">
    <ele>46.2</ele>
   </trkpt>
   <trkpt lat="56.1870990" lon="10.2154050">
    <ele>46.2</ele>
   </trkpt>
   <trkpt lat="56.1870480" lon="10.2154300">
    <ele>46.2</ele>
   </trkpt>
   <trkpt lat="56.1869990" lon="10.2154610">
    <ele>46.4</ele>
   </trkpt>
   <trkpt lat="56.1869500" lon="10.2154970">
    <ele>46.4</ele>
   </trkpt>
   <trkpt lat="56.1869050" lon="10.2155500">
    <ele>46.6</ele>
   </trkpt>
   <trkpt lat="56.1868720" lon="10.2156260">
    <ele>46.6</ele>
   </trkpt>
   <trkpt lat="56.1868500" lon="10.2157170">
    <ele>46.6</ele>
   </trkpt>
  </trkseg>
 </trk>
</gpx>
