<?xml version="1.0" encoding="UTF-8"?>
<gpx creator="StravaGPX" version="1.1" xmlns="http://www.topografix.com/GPX/1/1" xmlns:xsi="http://www.w3.org/2001/XMLSchema-instance" xsi:schemaLocation="http://www.topografix.com/GPX/1/1 http://www.topografix.com/GPX/1/1/gpx.xsd">
 <trk>
  <name>Namiddagrit</name>
  <type>cycling</type>
  <trkseg>
   <trkpt lat="56.1680440" lon="9.3516340">
    <ele>86.4</ele>
   </trkpt>
   <trkpt lat="56.1680440" lon="9.3516340">
    <ele>86.4</ele>
   </trkpt>
   <trkpt lat="56.1680710" lon="9.3515890">
    <ele>86.4</ele>
   </trkpt>
   <trkpt lat="56.1680740" lon="9.3515750">
    <ele>86.6</ele>
   </trkpt>
   <trkpt lat="56.1680810" lon="9.3515580">
    <ele>86.6</ele>
   </trkpt>
   <trkpt lat="56.1680840" lon="9.3515370">
    <ele>86.4</ele>
   </trkpt>
   <trkpt lat="56.1680810" lon="9.3515120">
    <ele>86.2</ele>
   </trkpt>
   <trkpt lat="56.1680730" lon="9.3514810">
    <ele>86.0</ele>
   </trkpt>
   <trkpt lat="56.1680610" lon="9.3514460">
    <ele>85.8</ele>
   </trkpt>
   <trkpt lat="56.1680440" lon="9.3514070">
    <ele>85.6</ele>
   </trkpt>
   <trkpt lat="56.1680270" lon="9.3513600">
    <ele>85.4</ele>
   </trkpt>
   <trkpt lat="56.1680130" lon="9.3513030">
    <ele>85.4</ele>
   </trkpt>
   <trkpt lat="56.1680000" lon="9.3512430">
    <ele>85.4</ele>
   </trkpt>
   <trkpt lat="56.1679840" lon="9.3511830">
    <ele>85.2</ele>
   </trkpt>
   <trkpt lat="56.1679620" lon="9.3511130">
    <ele>85.0</ele>
   </trkpt>
   <trkpt lat="56.1679430" lon="9.3510590">
    <ele>85.0</ele>
   </trkpt>
   <trkpt lat="56.1679280" lon="9.3510120">
    <ele>84.8</ele>
   </trkpt>
   <trkpt lat="56.1679150" lon="9.3509510">
    <ele>84.8</ele>
   </trkpt>
   <trkpt lat="56.1679160" lon="9.3508900">
    <ele>85.0</ele>
   </trkpt>
   <trkpt lat="56.1679310" lon="9.3508300">
    <ele>85.0</ele>
   </trkpt>
   <trkpt lat="56.1679530" lon="9.3507760">
    <ele>85.0</ele>
   </trkpt>
   <trkpt lat="56.1679800" lon="9.3507220">
    <ele>85.0</ele>
   </trkpt>
   <trkpt lat="56.1680060" lon="9.3506670">
    <ele>85.0</ele>
   </trkpt>
   <trkpt lat="56.1680320" lon="9.3506050">
    <ele>85.0</ele>
   </trkpt>
   <trkpt lat="56.1680590" lon="9.3505410">
    <ele>84.8</ele>
   </trkpt>
   <trkpt lat="56.1680870" lon="9.3504750">
    <ele>84.8</ele>
   </trkpt>
   <trkpt lat="56.1681160" lon="9.3504090">
    <ele>84.8</ele>
   </trkpt>
   <trkpt lat="56.1681490" lon="9.3503430">
    <ele>85.0</ele>
   </trkpt>
   <trkpt lat="56.1681840" lon="9.3502810">
    <ele>85.0</ele>
   </trkpt>
   <trkpt lat="56.1682240" lon="9.3502220">
    <ele>85.4</ele>
   </trkpt>
   <trkpt lat="56.1682630" lon="9.3501600">
    <ele>85.6</ele>
   </trkpt>
   <trkpt lat="56.1683000" lon="9.3500940">
    <ele>85.8</ele>
   </trkpt>
   <trkpt lat="56.1683330" lon="9.3500220">
    <ele>85.8</ele>
   </trkpt>
   <trkpt lat="56.1683670" lon="9.3499490">
    <ele>85.8</ele>
   </trkpt>
   <trkpt lat="56.1683990" lon="9.3498780">
    <ele>85.8</ele>
   </trkpt>
   <trkpt lat="56.1684310" lon="9.3498110">
    <ele>85.8</ele>
   </trkpt>
   <trkpt lat="56.1684640" lon="9.3497470">
    <ele>85.8</ele>
   </trkpt>
   <trkpt lat="56.1684980" lon="9.3496850">
    <ele>85.8</ele>
   </trkpt>
   <trkpt lat="56.1685310" lon="9.3496220">
    <ele>85.8</ele>
   </trkpt>
   <trkpt lat="56.1685640" lon="9.3495550">
    <ele>85.8</ele>
   </trkpt>
   <trkpt lat="56.1685960" lon="9.3494850">
    <ele>85.6</ele>
   </trkpt>
   <trkpt lat="56.1686290" lon="9.3494160">
    <ele>85.4</ele>
   </trkpt>
   <trkpt lat="56.1686630" lon="9.3493490">
    <ele>85.2</ele>
   </trkpt>
   <trkpt lat="56.1686990" lon="9.3492850">
    <ele>85.0</ele>
   </trkpt>
   <trkpt lat="56.1687340" lon="9.3492220">
    <ele>85.0</ele>
   </trkpt>
   <trkpt lat="56.1687700" lon="9.3491610">
    <ele>85.0</ele>
   </trkpt>
   <trkpt lat="56.1688040" lon="9.3490930">
    <ele>85.0</ele>
   </trkpt>
   <trkpt lat="56.1688360" lon="9.3490230">
    <ele>85.0</ele>
   </trkpt>
   <trkpt lat="56.1688710" lon="9.3489550">
    <ele>85.2</ele>
   </trkpt>
   <trkpt lat="56.1689060" lon="9.3488880">
    <ele>85.2</ele>
   </trkpt>
   <trkpt lat="56.1689400" lon="9.3488190">
    <ele>85.0</ele>
   </trkpt>
   <trkpt lat="56.1689730" lon="9.3487480">
    <ele>84.8</ele>
   </trkpt>
   <trkpt lat="56.1690040" lon="9.3486770">
    <ele>84.8</ele>
   </trkpt>
   <trkpt lat="56.1690360" lon="9.3486070">
    <ele>84.8</ele>
   </trkpt>
   <trkpt lat="56.1690680" lon="9.3485390">
    <ele>84.8</ele>
   </trkpt>
   <trkpt lat="56.1691010" lon="9.3484750">
    <ele>84.8</ele>
   </trkpt>
   <trkpt lat="56.1691330" lon="9.3484140">
    <ele>84.8</ele>
   </trkpt>
   <trkpt lat="56.1691640" lon="9.3483560">
    <ele>84.8</ele>
   </trkpt>
   <trkpt lat="56.1691930" lon="9.3483010">
    <ele>85.0</ele>
   </trkpt>
   <trkpt lat="56.1692220" lon="9.3482490">
    <ele>85.2</ele>
   </trkpt>
   <trkpt lat="56.1692500" lon="9.3481950">
    <ele>85.4</ele>
   </trkpt>
   <trkpt lat="56.1692750" lon="9.3481400">
    <ele>85.6</ele>
   </trkpt>
   <trkpt lat="56.1692980" lon="9.3480870">
    <ele>85.8</ele>
   </trkpt>
   <trkpt lat="56.1693210" lon="9.3480360">
    <ele>85.8</ele>
   </trkpt>
   <trkpt lat="56.1693440" lon="9.3479890">
    <ele>85.8</ele>
   </trkpt>
   <trkpt lat="56.1693670" lon="9.3479430">
    <ele>85.8</ele>
   </trkpt>
   <trkpt lat="56.1693890" lon="9.3478970">
    <ele>85.8</ele>
   </trkpt>
   <trkpt lat="56.1694100" lon="9.3478530">
    <ele>86.0</ele>
   </trkpt>
   <trkpt lat="56.1694280" lon="9.3478080">
    <ele>86.2</ele>
   </trkpt>
   <trkpt lat="56.1694480" lon="9.3477620">
    <ele>86.2</ele>
   </trkpt>
   <trkpt lat="56.1694690" lon="9.3477110">
    <ele>86.4</ele>
   </trkpt>
   <trkpt lat="56.1694870" lon="9.3476500">
    <ele>86.6</ele>
   </trkpt>
   <trkpt lat="56.1695050" lon="9.3475860">
    <ele>86.4</ele>
   </trkpt>
   <trkpt lat="56.1695210" lon="9.3475170">
    <ele>86.4</ele>
   </trkpt>
   <trkpt lat="56.1695380" lon="9.3474320">
    <ele>86.4</ele>
   </trkpt>
   <trkpt lat="56.1695540" lon="9.3473620">
    <ele>86.2</ele>
   </trkpt>
   <trkpt lat="56.1695680" lon="9.3472880">
    <ele>86.0</ele>
   </trkpt>
   <trkpt lat="56.1695800" lon="9.3472110">
    <ele>85.8</ele>
   </trkpt>
   <trkpt lat="56.1695890" lon="9.3471490">
    <ele>85.8</ele>
   </trkpt>
   <trkpt lat="56.1695990" lon="9.3470690">
    <ele>85.6</ele>
   </trkpt>
   <trkpt lat="56.1696110" lon="9.3469900">
    <ele>85.4</ele>
   </trkpt>
   <trkpt lat="56.1696210" lon="9.3469070">
    <ele>85.2</ele>
   </trkpt>
   <trkpt lat="56.1696290" lon="9.3468230">
    <ele>85.0</ele>
   </trkpt>
   <trkpt lat="56.1696330" lon="9.3467390">
    <ele>84.8</ele>
   </trkpt>
   <trkpt lat="56.1696330" lon="9.3466530">
    <ele>84.8</ele>
   </trkpt>
   <trkpt lat="56.1696290" lon="9.3465680">
    <ele>84.8</ele>
   </trkpt>
   <trkpt lat="56.1696210" lon="9.3464820">
    <ele>85.0</ele>
   </trkpt>
   <trkpt lat="56.1696080" lon="9.3463970">
    <ele>85.0</ele>
   </trkpt>
   <trkpt lat="56.1695880" lon="9.3463160">
    <ele>85.0</ele>
   </trkpt>
   <trkpt lat="56.1695630" lon="9.3462370">
    <ele>85.0</ele>
   </trkpt>
   <trkpt lat="56.1695380" lon="9.3461570">
    <ele>85.0</ele>
   </trkpt>
   <trkpt lat="56.1695120" lon="9.3460780">
    <ele>84.8</ele>
   </trkpt>
   <trkpt lat="56.1694840" lon="9.3460040">
    <ele>84.8</ele>
   </trkpt>
   <trkpt lat="56.1694580" lon="9.3459390">
    <ele>85.0</ele>
   </trkpt>
   <trkpt lat="56.1694370" lon="9.3458760">
    <ele>85.4</ele>
   </trkpt>
   <trkpt lat="56.1694290" lon="9.3458170">
    <ele>85.6</ele>
   </trkpt>
   <trkpt lat="56.1694370" lon="9.3457660">
    <ele>86.0</ele>
   </trkpt>
   <trkpt lat="56.1694570" lon="9.3457230">
    <ele>86.4</ele>
   </trkpt>
   <trkpt lat="56.1694880" lon="9.3456930">
    <ele>86.6</ele>
   </trkpt>
   <trkpt lat="56.1695240" lon="9.3456640">
    <ele>86.4</ele>
   </trkpt>
   <trkpt lat="56.1695600" lon="9.3456270">
    <ele>86.2</ele>
   </trkpt>
   <trkpt lat="56.1695960" lon="9.3455850">
    <ele>86.2</ele>
   </trkpt>
   <trkpt lat="56.1696330" lon="9.3455410">
    <ele>86.2</ele>
   </trkpt>
   <trkpt lat="56.1696720" lon="9.3454990">
    <ele>86.0</ele>
   </trkpt>
   <trkpt lat="56.1697100" lon="9.3454540">
    <ele>86.0</ele>
   </trkpt>
   <trkpt lat="56.1697460" lon="9.3454090">
    <ele>86.2</ele>
   </trkpt>
   <trkpt lat="56.1697800" lon="9.3453670">
    <ele>86.0</ele>
   </trkpt>
   <trkpt lat="56.1698120" lon="9.3453310">
    <ele>86.0</ele>
   </trkpt>
   <trkpt lat="56.1698460" lon="9.3452980">
    <ele>85.8</ele>
   </trkpt>
   <trkpt lat="56.1698800" lon="9.3452580">
    <ele>85.6</ele>
   </trkpt>
   <trkpt lat="56.1699150" lon="9.3452160">
    <ele>85.8</ele>
   </trkpt>
   <trkpt lat="56.1699510" lon="9.3451710">
    <ele>85.6</ele>
   </trkpt>
   <trkpt lat="56.1699880" lon="9.3451220">
    <ele>85.6</ele>
   </trkpt>
   <trkpt lat="56.1700270" lon="9.3450740">
    <ele>85.6</ele>
   </trkpt>
   <trkpt lat="56.1700650" lon="9.3450300">
    <ele>85.6</ele>
   </trkpt>
   <trkpt lat="56.1701040" lon="9.3449840">
    <ele>85.4</ele>
   </trkpt>
   <trkpt lat="56.1701440" lon="9.3449370">
    <ele>85.4</ele>
   </trkpt>
   <trkpt lat="56.1701840" lon="9.3448900">
    <ele>85.4</ele>
   </trkpt>
   <trkpt lat="56.1702240" lon="9.3448410">
    <ele>85.4</ele>
   </trkpt>
   <trkpt lat="56.1702640" lon="9.3447930">
    <ele>85.4</ele>
   </trkpt>
   <trkpt lat="56.1703070" lon="9.3447450">
    <ele>85.6</ele>
   </trkpt>
   <trkpt lat="56.1703500" lon="9.3446970">
    <ele>85.6</ele>
   </trkpt>
   <trkpt lat="56.1703940" lon="9.3446440">
    <ele>85.8</ele>
   </trkpt>
   <trkpt lat="56.1704370" lon="9.3445900">
    <ele>85.6</ele>
   </trkpt>
   <trkpt lat="56.1704800" lon="9.3445370">
    <ele>85.4</ele>
   </trkpt>
   <trkpt lat="56.1705250" lon="9.3444850">
    <ele>85.4</ele>
   </trkpt>
   <trkpt lat="56.1705790" lon="9.3444200">
    <ele>85.2</ele>
   </trkpt>
   <trkpt lat="56.1706240" lon="9.3443690">
    <ele>85.2</ele>
   </trkpt>
   <trkpt lat="56.1706690" lon="9.3443170">
    <ele>85.4</ele>
   </trkpt>
   <trkpt lat="56.1707050" lon="9.3442750">
    <ele>85.4</ele>
   </trkpt>
   <trkpt lat="56.1707500" lon="9.3442210">
    <ele>85.4</ele>
   </trkpt>
   <trkpt lat="56.1707970" lon="9.3441670">
    <ele>85.4</ele>
   </trkpt>
   <trkpt lat="56.1708460" lon="9.3441140">
    <ele>85.4</ele>
   </trkpt>
   <trkpt lat="56.1708950" lon="9.3440630">
    <ele>85.4</ele>
   </trkpt>
   <trkpt lat="56.1709440" lon="9.3440080">
    <ele>85.6</ele>
   </trkpt>
   <trkpt lat="56.1709920" lon="9.3439500">
    <ele>85.4</ele>
   </trkpt>
   <trkpt lat="56.1710420" lon="9.3439010">
    <ele>85.6</ele>
   </trkpt>
   <trkpt lat="56.1710950" lon="9.3438670">
    <ele>85.6</ele>
   </trkpt>
   <trkpt lat="56.1711430" lon="9.3438300">
    <ele>85.6</ele>
   </trkpt>
   <trkpt lat="56.1711870" lon="9.3437810">
    <ele>85.6</ele>
   </trkpt>
   <trkpt lat="56.1712310" lon="9.3437260">
    <ele>85.6</ele>
   </trkpt>
   <trkpt lat="56.1712740" lon="9.3436690">
    <ele>85.6</ele>
   </trkpt>
   <trkpt lat="56.1713180" lon="9.3436140">
    <ele>85.6</ele>
   </trkpt>
   <trkpt lat="56.1713640" lon="9.3435590">
    <ele>85.4</ele>
   </trkpt>
   <trkpt lat="56.1714090" lon="9.3435040">
    <ele>85.4</ele>
   </trkpt>
   <trkpt lat="56.1714560" lon="9.3434480">
    <ele>85.4</ele>
   </trkpt>
   <trkpt lat="56.1715010" lon="9.3433900">
    <ele>85.2</ele>
   </trkpt>
   <trkpt lat="56.1715480" lon="9.3433320">
    <ele>85.2</ele>
   </trkpt>
   <trkpt lat="56.1715960" lon="9.3432760">
    <ele>85.2</ele>
   </trkpt>
   <trkpt lat="56.1716450" lon="9.3432190">
    <ele>85.2</ele>
   </trkpt>
   <trkpt lat="56.1716930" lon="9.3431620">
    <ele>85.2</ele>
   </trkpt>
   <trkpt lat="56.1717430" lon="9.3431030">
    <ele>85.4</ele>
   </trkpt>
   <trkpt lat="56.1717920" lon="9.3430430">
    <ele>85.4</ele>
   </trkpt>
   <trkpt lat="56.1718430" lon="9.3429840">
    <ele>85.4</ele>
   </trkpt>
   <trkpt lat="56.1718920" lon="9.3429270">
    <ele>85.6</ele>
   </trkpt>
   <trkpt lat="56.1719420" lon="9.3428690">
    <ele>85.6</ele>
   </trkpt>
   <trkpt lat="56.1719920" lon="9.3428110">
    <ele>85.4</ele>
   </trkpt>
   <trkpt lat="56.1720420" lon="9.3427510">
    <ele>85.2</ele>
   </trkpt>
   <trkpt lat="56.1720920" lon="9.3426870">
    <ele>85.0</ele>
   </trkpt>
   <trkpt lat="56.1721410" lon="9.3426270">
    <ele>84.6</ele>
   </trkpt>
   <trkpt lat="56.1721900" lon="9.3425670">
    <ele>84.2</ele>
   </trkpt>
   <trkpt lat="56.1722390" lon="9.3425100">
    <ele>84.0</ele>
   </trkpt>
   <trkpt lat="56.1722880" lon="9.3424520">
    <ele>83.8</ele>
   </trkpt>
   <trkpt lat="56.1723370" lon="9.3423920">
    <ele>83.8</ele>
   </trkpt>
   <trkpt lat="56.1723860" lon="9.3423320">
    <ele>83.8</ele>
   </trkpt>
   <trkpt lat="56.1724350" lon="9.3422740">
    <ele>84.0</ele>
   </trkpt>
   <trkpt lat="56.1724850" lon="9.3422170">
    <ele>84.2</ele>
   </trkpt>
   <trkpt lat="56.1725330" lon="9.3421590">
    <ele>84.4</ele>
   </trkpt>
   <trkpt lat="56.1725830" lon="9.3421020">
    <ele>84.4</ele>
   </trkpt>
   <trkpt lat="56.1726340" lon="9.3420450">
    <ele>84.4</ele>
   </trkpt>
   <trkpt lat="56.1726830" lon="9.3419880">
    <ele>84.4</ele>
   </trkpt>
   <trkpt lat="56.1727320" lon="9.3419320">
    <ele>84.4</ele>
   </trkpt>
   <trkpt lat="56.1727780" lon="9.3418770">
    <ele>84.4</ele>
   </trkpt>
   <trkpt lat="56.1728210" lon="9.3418150">
    <ele>84.4</ele>
   </trkpt>
   <trkpt lat="56.1728660" lon="9.3417540">
    <ele>84.4</ele>
   </trkpt>
   <trkpt lat="56.1729120" lon="9.3416970">
    <ele>84.2</ele>
   </trkpt>
   <trkpt lat="56.1729580" lon="9.3416480">
    <ele>84.0</ele>
   </trkpt>
   <trkpt lat="56.1730040" lon="9.3415980">
    <ele>83.8</ele>
   </trkpt>
   <trkpt lat="56.1730510" lon="9.3415480">
    <ele>83.6</ele>
   </trkpt>
   <trkpt lat="56.1730950" lon="9.3414960">
    <ele>83.6</ele>
   </trkpt>
   <trkpt lat="56.1731400" lon="9.3414400">
    <ele>83.6</ele>
   </trkpt>
   <trkpt lat="56.1731850" lon="9.3413860">
    <ele>83.8</ele>
   </trkpt>
   <trkpt lat="56.1732300" lon="9.3413310">
    <ele>83.8</ele>
   </trkpt>
   <trkpt lat="56.1732750" lon="9.3412720">
    <ele>83.8</ele>
   </trkpt>
   <trkpt lat="56.1733180" lon="9.3412090">
    <ele>84.0</ele>
   </trkpt>
   <trkpt lat="56.1733630" lon="9.3411460">
    <ele>84.0</ele>
   </trkpt>
   <trkpt lat="56.1734090" lon="9.3410830">
    <ele>84.0</ele>
   </trkpt>
   <trkpt lat="56.1734550" lon="9.3410230">
    <ele>84.0</ele>
   </trkpt>
   <trkpt lat="56.1735010" lon="9.3409640">
    <ele>84.0</ele>
   </trkpt>
   <trkpt lat="56.1735450" lon="9.3409030">
    <ele>83.8</ele>
   </trkpt>
   <trkpt lat="56.1735880" lon="9.3408410">
    <ele>83.8</ele>
   </trkpt>
   <trkpt lat="56.1736340" lon="9.3407800">
    <ele>83.6</ele>
   </trkpt>
   <trkpt lat="56.1736780" lon="9.3407180">
    <ele>83.8</ele>
   </trkpt>
   <trkpt lat="56.1737210" lon="9.3406560">
    <ele>83.6</ele>
   </trkpt>
   <trkpt lat="56.1737650" lon="9.3405910">
    <ele>83.6</ele>
   </trkpt>
   <trkpt lat="56.1738070" lon="9.3405260">
    <ele>83.6</ele>
   </trkpt>
   <trkpt lat="56.1738500" lon="9.3404600">
    <ele>83.6</ele>
   </trkpt>
   <trkpt lat="56.1738930" lon="9.3403950">
    <ele>83.4</ele>
   </trkpt>
   <trkpt lat="56.1739350" lon="9.3403300">
    <ele>83.0</ele>
   </trkpt>
   <trkpt lat="56.1739750" lon="9.3402620">
    <ele>82.8</ele>
   </trkpt>
   <trkpt lat="56.1740140" lon="9.3401940">
    <ele>82.4</ele>
   </trkpt>
   <trkpt lat="56.1740540" lon="9.3401300">
    <ele>82.0</ele>
   </trkpt>
   <trkpt lat="56.1740950" lon="9.3400690">
    <ele>82.0</ele>
   </trkpt>
   <trkpt lat="56.1741340" lon="9.3400070">
    <ele>82.0</ele>
   </trkpt>
   <trkpt lat="56.1741730" lon="9.3399430">
    <ele>82.0</ele>
   </trkpt>
   <trkpt lat="56.1742130" lon="9.3398790">
    <ele>82.2</ele>
   </trkpt>
   <trkpt lat="56.1742520" lon="9.3398130">
    <ele>82.4</ele>
   </trkpt>
   <trkpt lat="56.1742910" lon="9.3397450">
    <ele>82.6</ele>
   </trkpt>
   <trkpt lat="56.1743300" lon="9.3396740">
    <ele>82.8</ele>
   </trkpt>
   <trkpt lat="56.1743690" lon="9.3396050">
    <ele>83.0</ele>
   </trkpt>
   <trkpt lat="56.1744090" lon="9.3395350">
    <ele>83.0</ele>
   </trkpt>
   <trkpt lat="56.1744470" lon="9.3394660">
    <ele>83.0</ele>
   </trkpt>
   <trkpt lat="56.1744860" lon="9.3393960">
    <ele>83.0</ele>
   </trkpt>
   <trkpt lat="56.1745230" lon="9.3393260">
    <ele>82.8</ele>
   </trkpt>
   <trkpt lat="56.1745670" lon="9.3392380">
    <ele>82.8</ele>
   </trkpt>
   <trkpt lat="56.1746050" lon="9.3391680">
    <ele>82.8</ele>
   </trkpt>
   <trkpt lat="56.1746350" lon="9.3391090">
    <ele>82.8</ele>
   </trkpt>
   <trkpt lat="56.1746730" lon="9.3390370">
    <ele>83.0</ele>
   </trkpt>
   <trkpt lat="56.1747110" lon="9.3389640">
    <ele>83.0</ele>
   </trkpt>
   <trkpt lat="56.1747480" lon="9.3388930">
    <ele>82.8</ele>
   </trkpt>
   <trkpt lat="56.1747820" lon="9.3388230">
    <ele>82.4</ele>
   </trkpt>
   <trkpt lat="56.1748140" lon="9.3387550">
    <ele>82.0</ele>
   </trkpt>
   <trkpt lat="56.1748450" lon="9.3386880">
    <ele>81.8</ele>
   </trkpt>
   <trkpt lat="56.1748740" lon="9.3386210">
    <ele>81.6</ele>
   </trkpt>
   <trkpt lat="56.1749030" lon="9.3385550">
    <ele>81.8</ele>
   </trkpt>
   <trkpt lat="56.1749340" lon="9.3384900">
    <ele>82.0</ele>
   </trkpt>
   <trkpt lat="56.1749650" lon="9.3384240">
    <ele>82.4</ele>
   </trkpt>
   <trkpt lat="56.1750000" lon="9.3383400">
    <ele>82.4</ele>
   </trkpt>
   <trkpt lat="56.1750250" lon="9.3382850">
    <ele>82.4</ele>
   </trkpt>
   <trkpt lat="56.1750550" lon="9.3382180">
    <ele>82.4</ele>
   </trkpt>
   <trkpt lat="56.1750840" lon="9.3381480">
    <ele>82.2</ele>
   </trkpt>
   <trkpt lat="56.1751120" lon="9.3380800">
    <ele>82.0</ele>
   </trkpt>
   <trkpt lat="56.1751400" lon="9.3380100">
    <ele>81.8</ele>
   </trkpt>
   <trkpt lat="56.1751660" lon="9.3379370">
    <ele>81.6</ele>
   </trkpt>
   <trkpt lat="56.1751920" lon="9.3378620">
    <ele>81.6</ele>
   </trkpt>
   <trkpt lat="56.1752160" lon="9.3377900">
    <ele>81.8</ele>
   </trkpt>
   <trkpt lat="56.1752420" lon="9.3377200">
    <ele>82.0</ele>
   </trkpt>
   <trkpt lat="56.1752700" lon="9.3376520">
    <ele>82.2</ele>
   </trkpt>
   <trkpt lat="56.1752980" lon="9.3375820">
    <ele>82.6</ele>
   </trkpt>
   <trkpt lat="56.1753280" lon="9.3375080">
    <ele>83.2</ele>
   </trkpt>
   <trkpt lat="56.1753580" lon="9.3374330">
    <ele>83.6</ele>
   </trkpt>
   <trkpt lat="56.1753870" lon="9.3373580">
    <ele>83.8</ele>
   </trkpt>
   <trkpt lat="56.1754160" lon="9.3372820">
    <ele>83.8</ele>
   </trkpt>
   <trkpt lat="56.1754440" lon="9.3372040">
    <ele>83.8</ele>
   </trkpt>
   <trkpt lat="56.1754710" lon="9.3371270">
    <ele>83.8</ele>
   </trkpt>
   <trkpt lat="56.1755000" lon="9.3370500">
    <ele>83.6</ele>
   </trkpt>
   <trkpt lat="56.1755290" lon="9.3369720">
    <ele>83.2</ele>
   </trkpt>
   <trkpt lat="56.1755580" lon="9.3368940">
    <ele>83.2</ele>
   </trkpt>
   <trkpt lat="56.1755860" lon="9.3368150">
    <ele>83.0</ele>
   </trkpt>
   <trkpt lat="56.1756140" lon="9.3367340">
    <ele>83.0</ele>
   </trkpt>
   <trkpt lat="56.1756420" lon="9.3366550">
    <ele>82.8</ele>
   </trkpt>
   <trkpt lat="56.1756760" lon="9.3365600">
    <ele>83.0</ele>
   </trkpt>
   <trkpt lat="56.1756980" lon="9.3364960">
    <ele>83.0</ele>
   </trkpt>
   <trkpt lat="56.1757250" lon="9.3364150">
    <ele>82.8</ele>
   </trkpt>
   <trkpt lat="56.1757530" lon="9.3363350">
    <ele>82.8</ele>
   </trkpt>
   <trkpt lat="56.1757800" lon="9.3362540">
    <ele>82.8</ele>
   </trkpt>
   <trkpt lat="56.1758070" lon="9.3361750">
    <ele>82.8</ele>
   </trkpt>
   <trkpt lat="56.1758360" lon="9.3360980">
    <ele>82.8</ele>
   </trkpt>
   <trkpt lat="56.1758640" lon="9.3360180">
    <ele>83.0</ele>
   </trkpt>
   <trkpt lat="56.1758890" lon="9.3359360">
    <ele>82.8</ele>
   </trkpt>
   <trkpt lat="56.1759150" lon="9.3358570">
    <ele>82.6</ele>
   </trkpt>
   <trkpt lat="56.1759420" lon="9.3357790">
    <ele>82.4</ele>
   </trkpt>
   <trkpt lat="56.1759690" lon="9.3357020">
    <ele>82.2</ele>
   </trkpt>
   <trkpt lat="56.1759960" lon="9.3356260">
    <ele>82.2</ele>
   </trkpt>
   <trkpt lat="56.1760280" lon="9.3355350">
    <ele>82.2</ele>
   </trkpt>
   <trkpt lat="56.1760530" lon="9.3354570">
    <ele>82.2</ele>
   </trkpt>
   <trkpt lat="56.1760770" lon="9.3353800">
    <ele>82.2</ele>
   </trkpt>
   <trkpt lat="56.1760960" lon="9.3352980">
    <ele>82.4</ele>
   </trkpt>
   <trkpt lat="56.1761050" lon="9.3352100">
    <ele>82.6</ele>
   </trkpt>
   <trkpt lat="56.1761030" lon="9.3351220">
    <ele>82.8</ele>
   </trkpt>
   <trkpt lat="56.1760890" lon="9.3350370">
    <ele>82.8</ele>
   </trkpt>
   <trkpt lat="56.1760640" lon="9.3349590">
    <ele>83.0</ele>
   </trkpt>
   <trkpt lat="56.1760280" lon="9.3348930">
    <ele>83.2</ele>
   </trkpt>
   <trkpt lat="56.1759870" lon="9.3348340">
    <ele>83.4</ele>
   </trkpt>
   <trkpt lat="56.1759460" lon="9.3347740">
    <ele>83.6</ele>
   </trkpt>
   <trkpt lat="56.1759070" lon="9.3347110">
    <ele>83.6</ele>
   </trkpt>
   <trkpt lat="56.1758680" lon="9.3346470">
    <ele>83.6</ele>
   </trkpt>
   <trkpt lat="56.1758310" lon="9.3345850">
    <ele>83.4</ele>
   </trkpt>
   <trkpt lat="56.1757950" lon="9.3345230">
    <ele>83.4</ele>
   </trkpt>
   <trkpt lat="56.1757620" lon="9.3344630">
    <ele>83.2</ele>
   </trkpt>
   <trkpt lat="56.1757320" lon="9.3343990">
    <ele>83.0</ele>
   </trkpt>
   <trkpt lat="56.1757050" lon="9.3343320">
    <ele>82.8</ele>
   </trkpt>
   <trkpt lat="56.1756750" lon="9.3342620">
    <ele>82.8</ele>
   </trkpt>
   <trkpt lat="56.1756440" lon="9.3341920">
    <ele>82.8</ele>
   </trkpt>
   <trkpt lat="56.1756130" lon="9.3341190">
    <ele>82.8</ele>
   </trkpt>
   <trkpt lat="56.1755800" lon="9.3340460">
    <ele>83.0</ele>
   </trkpt>
   <trkpt lat="56.1755480" lon="9.3339700">
    <ele>83.0</ele>
   </trkpt>
   <trkpt lat="56.1755130" lon="9.3338940">
    <ele>83.0</ele>
   </trkpt>
   <trkpt lat="56.1754800" lon="9.3338140">
    <ele>82.6</ele>
   </trkpt>
   <trkpt lat="56.1754450" lon="9.3337350">
    <ele>82.4</ele>
   </trkpt>
   <trkpt lat="56.1754110" lon="9.3336550">
    <ele>82.2</ele>
   </trkpt>
   <trkpt lat="56.1753750" lon="9.3335710">
    <ele>82.2</ele>
   </trkpt>
   <trkpt lat="56.1753370" lon="9.3334820">
    <ele>82.0</ele>
   </trkpt>
   <trkpt lat="56.1752960" lon="9.3333930">
    <ele>82.0</ele>
   </trkpt>
   <trkpt lat="56.1752560" lon="9.3333020">
    <ele>81.8</ele>
   </trkpt>
   <trkpt lat="56.1752130" lon="9.3332060">
    <ele>81.4</ele>
   </trkpt>
   <trkpt lat="56.1751690" lon="9.3331040">
    <ele>81.2</ele>
   </trkpt>
   <trkpt lat="56.1751260" lon="9.3329960">
    <ele>80.8</ele>
   </trkpt>
   <trkpt lat="56.1750790" lon="9.3328840">
    <ele>80.6</ele>
   </trkpt>
   <trkpt lat="56.1750290" lon="9.3327650">
    <ele>80.4</ele>
   </trkpt>
   <trkpt lat="56.1749790" lon="9.3326430">
    <ele>80.0</ele>
   </trkpt>
   <trkpt lat="56.1749350" lon="9.3325190">
    <ele>79.6</ele>
   </trkpt>
   <trkpt lat="56.1748950" lon="9.3323850">
    <ele>79.2</ele>
   </trkpt>
   <trkpt lat="56.1748560" lon="9.3322440">
    <ele>78.8</ele>
   </trkpt>
   <trkpt lat="56.1748200" lon="9.3321020">
    <ele>78.2</ele>
   </trkpt>
   <trkpt lat="56.1747920" lon="9.3319680">
    <ele>77.8</ele>
   </trkpt>
   <trkpt lat="56.1747760" lon="9.3318470">
    <ele>77.4</ele>
   </trkpt>
   <trkpt lat="56.1747610" lon="9.3317260">
    <ele>77.2</ele>
   </trkpt>
   <trkpt lat="56.1747490" lon="9.3316090">
    <ele>77.2</ele>
   </trkpt>
   <trkpt lat="56.1747440" lon="9.3315000">
    <ele>77.4</ele>
   </trkpt>
   <trkpt lat="56.1747400" lon="9.3313820">
    <ele>77.8</ele>
   </trkpt>
   <trkpt lat="56.1747350" lon="9.3312600">
    <ele>78.2</ele>
   </trkpt>
   <trkpt lat="56.1747310" lon="9.3311550">
    <ele>78.6</ele>
   </trkpt>
   <trkpt lat="56.1747320" lon="9.3310470">
    <ele>79.0</ele>
   </trkpt>
   <trkpt lat="56.1747390" lon="9.3309440">
    <ele>79.4</ele>
   </trkpt>
   <trkpt lat="56.1747540" lon="9.3308470">
    <ele>79.8</ele>
   </trkpt>
   <trkpt lat="56.1747700" lon="9.3307490">
    <ele>80.0</ele>
   </trkpt>
   <trkpt lat="56.1747850" lon="9.3306540">
    <ele>80.4</ele>
   </trkpt>
   <trkpt lat="56.1748050" lon="9.3305630">
    <ele>80.6</ele>
   </trkpt>
   <trkpt lat="56.1748270" lon="9.3304740">
    <ele>80.8</ele>
   </trkpt>
   <trkpt lat="56.1748500" lon="9.3303880">
    <ele>81.0</ele>
   </trkpt>
   <trkpt lat="56.1748760" lon="9.3303030">
    <ele>81.0</ele>
   </trkpt>
   <trkpt lat="56.1749040" lon="9.3302190">
    <ele>81.0</ele>
   </trkpt>
   <trkpt lat="56.1749310" lon="9.3301340">
    <ele>81.0</ele>
   </trkpt>
   <trkpt lat="56.1749600" lon="9.3300460">
    <ele>81.0</ele>
   </trkpt>
   <trkpt lat="56.1749890" lon="9.3299610">
    <ele>80.8</ele>
   </trkpt>
   <trkpt lat="56.1750180" lon="9.3298750">
    <ele>80.6</ele>
   </trkpt>
   <trkpt lat="56.1750470" lon="9.3297910">
    <ele>80.6</ele>
   </trkpt>
   <trkpt lat="56.1750760" lon="9.3297070">
    <ele>80.4</ele>
   </trkpt>
   <trkpt lat="56.1751040" lon="9.3296220">
    <ele>80.2</ele>
   </trkpt>
   <trkpt lat="56.1751330" lon="9.3295360">
    <ele>80.2</ele>
   </trkpt>
   <trkpt lat="56.1751630" lon="9.3294490">
    <ele>80.4</ele>
   </trkpt>
   <trkpt lat="56.1751930" lon="9.3293610">
    <ele>80.4</ele>
   </trkpt>
   <trkpt lat="56.1752240" lon="9.3292700">
    <ele>80.4</ele>
   </trkpt>
   <trkpt lat="56.1752570" lon="9.3291770">
    <ele>80.4</ele>
   </trkpt>
   <trkpt lat="56.1752890" lon="9.3290820">
    <ele>80.4</ele>
   </trkpt>
   <trkpt lat="56.1753220" lon="9.3289840">
    <ele>80.4</ele>
   </trkpt>
   <trkpt lat="56.1753550" lon="9.3288850">
    <ele>80.2</ele>
   </trkpt>
   <trkpt lat="56.1753890" lon="9.3287840">
    <ele>80.0</ele>
   </trkpt>
   <trkpt lat="56.1754240" lon="9.3286870">
    <ele>79.8</ele>
   </trkpt>
   <trkpt lat="56.1754590" lon="9.3285870">
    <ele>79.8</ele>
   </trkpt>
   <trkpt lat="56.1754940" lon="9.3284870">
    <ele>79.6</ele>
   </trkpt>
   <trkpt lat="56.1755280" lon="9.3283840">
    <ele>79.8</ele>
   </trkpt>
   <trkpt lat="56.1755620" lon="9.3282800">
    <ele>79.8</ele>
   </trkpt>
   <trkpt lat="56.1755970" lon="9.3281770">
    <ele>79.8</ele>
   </trkpt>
   <trkpt lat="56.1756330" lon="9.3280770">
    <ele>79.8</ele>
   </trkpt>
   <trkpt lat="56.1756680" lon="9.3279760">
    <ele>79.8</ele>
   </trkpt>
   <trkpt lat="56.1757020" lon="9.3278760">
    <ele>79.8</ele>
   </trkpt>
   <trkpt lat="56.1757370" lon="9.3277770">
    <ele>79.8</ele>
   </trkpt>
   <trkpt lat="56.1757700" lon="9.3276800">
    <ele>79.6</ele>
   </trkpt>
   <trkpt lat="56.1758010" lon="9.3275830">
    <ele>79.6</ele>
   </trkpt>
   <trkpt lat="56.1758310" lon="9.3274880">
    <ele>79.4</ele>
   </trkpt>
   <trkpt lat="56.1758610" lon="9.3273960">
    <ele>79.6</ele>
   </trkpt>
   <trkpt lat="56.1758890" lon="9.3273070">
    <ele>79.8</ele>
   </trkpt>
   <trkpt lat="56.1759180" lon="9.3272220">
    <ele>80.0</ele>
   </trkpt>
   <trkpt lat="56.1759490" lon="9.3271390">
    <ele>80.0</ele>
   </trkpt>
   <trkpt lat="56.1759790" lon="9.3270540">
    <ele>80.0</ele>
   </trkpt>
   <trkpt lat="56.1760080" lon="9.3269650">
    <ele>80.0</ele>
   </trkpt>
   <trkpt lat="56.1760360" lon="9.3268740">
    <ele>80.0</ele>
   </trkpt>
   <trkpt lat="56.1760650" lon="9.3267840">
    <ele>80.2</ele>
   </trkpt>
   <trkpt lat="56.1760940" lon="9.3266930">
    <ele>80.2</ele>
   </trkpt>
   <trkpt lat="56.1761250" lon="9.3266020">
    <ele>80.4</ele>
   </trkpt>
   <trkpt lat="56.1761580" lon="9.3265120">
    <ele>80.6</ele>
   </trkpt>
   <trkpt lat="56.1761910" lon="9.3264200">
    <ele>80.6</ele>
   </trkpt>
   <trkpt lat="56.1762230" lon="9.3263260">
    <ele>80.6</ele>
   </trkpt>
   <trkpt lat="56.1762530" lon="9.3262300">
    <ele>80.4</ele>
   </trkpt>
   <trkpt lat="56.1762830" lon="9.3261310">
    <ele>80.4</ele>
   </trkpt>
   <trkpt lat="56.1763130" lon="9.3260330">
    <ele>80.4</ele>
   </trkpt>
   <trkpt lat="56.1763450" lon="9.3259370">
    <ele>80.2</ele>
   </trkpt>
   <trkpt lat="56.1763760" lon="9.3258370">
    <ele>80.2</ele>
   </trkpt>
   <trkpt lat="56.1764060" lon="9.3257360">
    <ele>80.2</ele>
   </trkpt>
   <trkpt lat="56.1764350" lon="9.3256350">
    <ele>80.2</ele>
   </trkpt>
   <trkpt lat="56.1764630" lon="9.3255320">
    <ele>80.0</ele>
   </trkpt>
   <trkpt lat="56.1764910" lon="9.3254290">
    <ele>80.0</ele>
   </trkpt>
   <trkpt lat="56.1765210" lon="9.3253270">
    <ele>79.8</ele>
   </trkpt>
   <trkpt lat="56.1765500" lon="9.3252240">
    <ele>79.8</ele>
   </trkpt>
   <trkpt lat="56.1765780" lon="9.3251210">
    <ele>79.8</ele>
   </trkpt>
   <trkpt lat="56.1766050" lon="9.3250180">
    <ele>79.6</ele>
   </trkpt>
   <trkpt lat="56.1766330" lon="9.3249170">
    <ele>79.6</ele>
   </trkpt>
   <trkpt lat="56.1766590" lon="9.3248160">
    <ele>79.4</ele>
   </trkpt>
   <trkpt lat="56.1766850" lon="9.3247170">
    <ele>79.0</ele>
   </trkpt>
   <trkpt lat="56.1767110" lon="9.3246200">
    <ele>78.6</ele>
   </trkpt>
   <trkpt lat="56.1767380" lon="9.3245220">
    <ele>78.4</ele>
   </trkpt>
   <trkpt lat="56.1767650" lon="9.3244260">
    <ele>78.2</ele>
   </trkpt>
   <trkpt lat="56.1767910" lon="9.3243320">
    <ele>78.2</ele>
   </trkpt>
   <trkpt lat="56.1768180" lon="9.3242380">
    <ele>78.4</ele>
   </trkpt>
   <trkpt lat="56.1768440" lon="9.3241500">
    <ele>78.4</ele>
   </trkpt>
   <trkpt lat="56.1768680" lon="9.3240590">
    <ele>78.4</ele>
   </trkpt>
   <trkpt lat="56.1768920" lon="9.3239680">
    <ele>78.6</ele>
   </trkpt>
   <trkpt lat="56.1769170" lon="9.3238780">
    <ele>78.8</ele>
   </trkpt>
   <trkpt lat="56.1769430" lon="9.3237920">
    <ele>78.8</ele>
   </trkpt>
   <trkpt lat="56.1769680" lon="9.3237070">
    <ele>79.0</ele>
   </trkpt>
   <trkpt lat="56.1769930" lon="9.3236220">
    <ele>79.4</ele>
   </trkpt>
   <trkpt lat="56.1770160" lon="9.3235360">
    <ele>79.4</ele>
   </trkpt>
   <trkpt lat="56.1770380" lon="9.3234520">
    <ele>79.6</ele>
   </trkpt>
   <trkpt lat="56.1770630" lon="9.3233660">
    <ele>79.8</ele>
   </trkpt>
   <trkpt lat="56.1770880" lon="9.3232790">
    <ele>79.8</ele>
   </trkpt>
   <trkpt lat="56.1771120" lon="9.3231880">
    <ele>79.8</ele>
   </trkpt>
   <trkpt lat="56.1771360" lon="9.3230970">
    <ele>79.6</ele>
   </trkpt>
   <trkpt lat="56.1771620" lon="9.3230080">
    <ele>79.4</ele>
   </trkpt>
   <trkpt lat="56.1771890" lon="9.3229190">
    <ele>79.2</ele>
   </trkpt>
   <trkpt lat="56.1772150" lon="9.3228270">
    <ele>79.2</ele>
   </trkpt>
   <trkpt lat="56.1772400" lon="9.3227330">
    <ele>79.2</ele>
   </trkpt>
   <trkpt lat="56.1772670" lon="9.3226410">
    <ele>79.0</ele>
   </trkpt>
   <trkpt lat="56.1772950" lon="9.3225490">
    <ele>79.0</ele>
   </trkpt>
   <trkpt lat="56.1773220" lon="9.3224570">
    <ele>79.2</ele>
   </trkpt>
   <trkpt lat="56.1773470" lon="9.3223630">
    <ele>79.2</ele>
   </trkpt>
   <trkpt lat="56.1773720" lon="9.3222670">
    <ele>79.2</ele>
   </trkpt>
   <trkpt lat="56.1773990" lon="9.3221700">
    <ele>79.2</ele>
   </trkpt>
   <trkpt lat="56.1774240" lon="9.3220750">
    <ele>79.4</ele>
   </trkpt>
   <trkpt lat="56.1774490" lon="9.3219790">
    <ele>79.8</ele>
   </trkpt>
   <trkpt lat="56.1774730" lon="9.3218820">
    <ele>80.0</ele>
   </trkpt>
   <trkpt lat="56.1774960" lon="9.3217830">
    <ele>80.4</ele>
   </trkpt>
   <trkpt lat="56.1775180" lon="9.3216840">
    <ele>80.6</ele>
   </trkpt>
   <trkpt lat="56.1775390" lon="9.3215830">
    <ele>80.6</ele>
   </trkpt>
   <trkpt lat="56.1775580" lon="9.3214810">
    <ele>80.4</ele>
   </trkpt>
   <trkpt lat="56.1775740" lon="9.3213770">
    <ele>80.2</ele>
   </trkpt>
   <trkpt lat="56.1775910" lon="9.3212730">
    <ele>79.6</ele>
   </trkpt>
   <trkpt lat="56.1776060" lon="9.3211700">
    <ele>79.0</ele>
   </trkpt>
   <trkpt lat="56.1776190" lon="9.3210660">
    <ele>78.6</ele>
   </trkpt>
   <trkpt lat="56.1776320" lon="9.3209620">
    <ele>78.2</ele>
   </trkpt>
   <trkpt lat="56.1776440" lon="9.3208570">
    <ele>78.0</ele>
   </trkpt>
   <trkpt lat="56.1776540" lon="9.3207510">
    <ele>78.0</ele>
   </trkpt>
   <trkpt lat="56.1776600" lon="9.3206430">
    <ele>78.0</ele>
   </trkpt>
   <trkpt lat="56.1776660" lon="9.3205360">
    <ele>78.2</ele>
   </trkpt>
   <trkpt lat="56.1776700" lon="9.3204300">
    <ele>78.4</ele>
   </trkpt>
   <trkpt lat="56.1776750" lon="9.3203250">
    <ele>78.4</ele>
   </trkpt>
   <trkpt lat="56.1776810" lon="9.3202190">
    <ele>78.6</ele>
   </trkpt>
   <trkpt lat="56.1776880" lon="9.3201130">
    <ele>78.6</ele>
   </trkpt>
   <trkpt lat="56.1776910" lon="9.3200080">
    <ele>78.6</ele>
   </trkpt>
   <trkpt lat="56.1776940" lon="9.3199050">
    <ele>78.8</ele>
   </trkpt>
   <trkpt lat="56.1776950" lon="9.3198020">
    <ele>79.0</ele>
   </trkpt>
   <trkpt lat="56.1776960" lon="9.3196990">
    <ele>79.0</ele>
   </trkpt>
   <trkpt lat="56.1776950" lon="9.3195980">
    <ele>79.0</ele>
   </trkpt>
   <trkpt lat="56.1776920" lon="9.3194950">
    <ele>79.0</ele>
   </trkpt>
   <trkpt lat="56.1776900" lon="9.3193910">
    <ele>79.2</ele>
   </trkpt>
   <trkpt lat="56.1776850" lon="9.3192850">
    <ele>79.2</ele>
   </trkpt>
   <trkpt lat="56.1776820" lon="9.3191790">
    <ele>79.4</ele>
   </trkpt>
   <trkpt lat="56.1776800" lon="9.3190720">
    <ele>79.6</ele>
   </trkpt>
   <trkpt lat="56.1776780" lon="9.3189630">
    <ele>79.8</ele>
   </trkpt>
   <trkpt lat="56.1776750" lon="9.3188540">
    <ele>80.0</ele>
   </trkpt>
   <trkpt lat="56.1776720" lon="9.3187430">
    <ele>80.0</ele>
   </trkpt>
   <trkpt lat="56.1776700" lon="9.3186320">
    <ele>80.0</ele>
   </trkpt>
   <trkpt lat="56.1776670" lon="9.3185220">
    <ele>80.0</ele>
   </trkpt>
   <trkpt lat="56.1776640" lon="9.3184110">
    <ele>80.0</ele>
   </trkpt>
   <trkpt lat="56.1776610" lon="9.3183010">
    <ele>79.8</ele>
   </trkpt>
   <trkpt lat="56.1776590" lon="9.3181910">
    <ele>79.8</ele>
   </trkpt>
   <trkpt lat="56.1776550" lon="9.3180800">
    <ele>79.8</ele>
   </trkpt>
   <trkpt lat="56.1776520" lon="9.3179720">
    <ele>79.8</ele>
   </trkpt>
   <trkpt lat="56.1776470" lon="9.3178680">
    <ele>79.8</ele>
   </trkpt>
   <trkpt lat="56.1776440" lon="9.3177670">
    <ele>79.6</ele>
   </trkpt>
   <trkpt lat="56.1776400" lon="9.3176650">
    <ele>79.6</ele>
   </trkpt>
   <trkpt lat="56.1776330" lon="9.3175630">
    <ele>79.6</ele>
   </trkpt>
   <trkpt lat="56.1776290" lon="9.3174610">
    <ele>79.6</ele>
   </trkpt>
   <trkpt lat="56.1776270" lon="9.3173570">
    <ele>79.6</ele>
   </trkpt>
   <trkpt lat="56.1776240" lon="9.3172550">
    <ele>79.6</ele>
   </trkpt>
   <trkpt lat="56.1776220" lon="9.3171530">
    <ele>79.8</ele>
   </trkpt>
   <trkpt lat="56.1776200" lon="9.3170500">
    <ele>79.8</ele>
   </trkpt>
   <trkpt lat="56.1776200" lon="9.3169470">
    <ele>79.8</ele>
   </trkpt>
   <trkpt lat="56.1776200" lon="9.3168470">
    <ele>79.8</ele>
   </trkpt>
   <trkpt lat="56.1776180" lon="9.3167450">
    <ele>79.8</ele>
   </trkpt>
   <trkpt lat="56.1776160" lon="9.3166390">
    <ele>79.8</ele>
   </trkpt>
   <trkpt lat="56.1776150" lon="9.3165300">
    <ele>79.8</ele>
   </trkpt>
   <trkpt lat="56.1776140" lon="9.3164230">
    <ele>79.6</ele>
   </trkpt>
   <trkpt lat="56.1776120" lon="9.3163150">
    <ele>79.6</ele>
   </trkpt>
   <trkpt lat="56.1776090" lon="9.3162080">
    <ele>79.2</ele>
   </trkpt>
   <trkpt lat="56.1776080" lon="9.3161040">
    <ele>79.0</ele>
   </trkpt>
   <trkpt lat="56.1776050" lon="9.3159980">
    <ele>78.8</ele>
   </trkpt>
   <trkpt lat="56.1776020" lon="9.3158930">
    <ele>78.6</ele>
   </trkpt>
   <trkpt lat="56.1776000" lon="9.3157920">
    <ele>78.4</ele>
   </trkpt>
   <trkpt lat="56.1775940" lon="9.3156900">
    <ele>78.6</ele>
   </trkpt>
   <trkpt lat="56.1775870" lon="9.3155850">
    <ele>78.6</ele>
   </trkpt>
   <trkpt lat="56.1775800" lon="9.3154800">
    <ele>78.6</ele>
   </trkpt>
   <trkpt lat="56.1775710" lon="9.3153780">
    <ele>78.6</ele>
   </trkpt>
   <trkpt lat="56.1775600" lon="9.3152750">
    <ele>78.6</ele>
   </trkpt>
   <trkpt lat="56.1775490" lon="9.3151730">
    <ele>78.4</ele>
   </trkpt>
   <trkpt lat="56.1775380" lon="9.3150740">
    <ele>78.0</ele>
   </trkpt>
   <trkpt lat="56.1775240" lon="9.3149780">
    <ele>77.8</ele>
   </trkpt>
   <trkpt lat="56.1775090" lon="9.3148830">
    <ele>77.6</ele>
   </trkpt>
   <trkpt lat="56.1774940" lon="9.3147890">
    <ele>77.4</ele>
   </trkpt>
   <trkpt lat="56.1774800" lon="9.3146970">
    <ele>77.4</ele>
   </trkpt>
   <trkpt lat="56.1774650" lon="9.3146040">
    <ele>77.8</ele>
   </trkpt>
   <trkpt lat="56.1774510" lon="9.3145100">
    <ele>77.8</ele>
   </trkpt>
   <trkpt lat="56.1774380" lon="9.3144150">
    <ele>77.8</ele>
   </trkpt>
   <trkpt lat="56.1774230" lon="9.3143230">
    <ele>77.8</ele>
   </trkpt>
   <trkpt lat="56.1774090" lon="9.3142310">
    <ele>77.8</ele>
   </trkpt>
   <trkpt lat="56.1773940" lon="9.3141380">
    <ele>77.6</ele>
   </trkpt>
   <trkpt lat="56.1773790" lon="9.3140470">
    <ele>77.6</ele>
   </trkpt>
   <trkpt lat="56.1773650" lon="9.3139560">
    <ele>77.8</ele>
   </trkpt>
   <trkpt lat="56.1773490" lon="9.3138640">
    <ele>77.8</ele>
   </trkpt>
   <trkpt lat="56.1773340" lon="9.3137750">
    <ele>78.0</ele>
   </trkpt>
   <trkpt lat="56.1773190" lon="9.3136840">
    <ele>78.4</ele>
   </trkpt>
   <trkpt lat="56.1773040" lon="9.3135910">
    <ele>78.6</ele>
   </trkpt>
   <trkpt lat="56.1772900" lon="9.3135000">
    <ele>78.8</ele>
   </trkpt>
   <trkpt lat="56.1772750" lon="9.3134060">
    <ele>79.0</ele>
   </trkpt>
   <trkpt lat="56.1772630" lon="9.3133280">
    <ele>79.2</ele>
   </trkpt>
   <trkpt lat="56.1772480" lon="9.3132310">
    <ele>79.2</ele>
   </trkpt>
   <trkpt lat="56.1772310" lon="9.3131320">
    <ele>79.2</ele>
   </trkpt>
   <trkpt lat="56.1772160" lon="9.3130320">
    <ele>79.4</ele>
   </trkpt>
   <trkpt lat="56.1772000" lon="9.3129330">
    <ele>79.6</ele>
   </trkpt>
   <trkpt lat="56.1771830" lon="9.3128320">
    <ele>79.6</ele>
   </trkpt>
   <trkpt lat="56.1771660" lon="9.3127300">
    <ele>79.8</ele>
   </trkpt>
   <trkpt lat="56.1771490" lon="9.3126250">
    <ele>80.0</ele>
   </trkpt>
   <trkpt lat="56.1771330" lon="9.3125170">
    <ele>80.0</ele>
   </trkpt>
   <trkpt lat="56.1771200" lon="9.3124090">
    <ele>80.0</ele>
   </trkpt>
   <trkpt lat="56.1771100" lon="9.3123010">
    <ele>80.0</ele>
   </trkpt>
   <trkpt lat="56.1771020" lon="9.3121680">
    <ele>79.8</ele>
   </trkpt>
   <trkpt lat="56.1770970" lon="9.3120530">
    <ele>79.6</ele>
   </trkpt>
   <trkpt lat="56.1770960" lon="9.3119380">
    <ele>79.4</ele>
   </trkpt>
   <trkpt lat="56.1770980" lon="9.3118240">
    <ele>79.2</ele>
   </trkpt>
   <trkpt lat="56.1771020" lon="9.3117110">
    <ele>79.0</ele>
   </trkpt>
   <trkpt lat="56.1771090" lon="9.3116000">
    <ele>78.8</ele>
   </trkpt>
   <trkpt lat="56.1771190" lon="9.3114920">
    <ele>78.6</ele>
   </trkpt>
   <trkpt lat="56.1771310" lon="9.3113900">
    <ele>78.4</ele>
   </trkpt>
   <trkpt lat="56.1771430" lon="9.3112940">
    <ele>77.8</ele>
   </trkpt>
   <trkpt lat="56.1771580" lon="9.3112020">
    <ele>77.4</ele>
   </trkpt>
   <trkpt lat="56.1771760" lon="9.3111140">
    <ele>77.0</ele>
   </trkpt>
   <trkpt lat="56.1771960" lon="9.3110270">
    <ele>76.8</ele>
   </trkpt>
   <trkpt lat="56.1772170" lon="9.3109410">
    <ele>76.8</ele>
   </trkpt>
   <trkpt lat="56.1772410" lon="9.3108530">
    <ele>77.0</ele>
   </trkpt>
   <trkpt lat="56.1772670" lon="9.3107670">
    <ele>77.4</ele>
   </trkpt>
   <trkpt lat="56.1772960" lon="9.3106830">
    <ele>77.8</ele>
   </trkpt>
   <trkpt lat="56.1773280" lon="9.3105980">
    <ele>77.8</ele>
   </trkpt>
   <trkpt lat="56.1773610" lon="9.3105160">
    <ele>77.6</ele>
   </trkpt>
   <trkpt lat="56.1773950" lon="9.3104330">
    <ele>77.4</ele>
   </trkpt>
   <trkpt lat="56.1774320" lon="9.3103560">
    <ele>76.8</ele>
   </trkpt>
   <trkpt lat="56.1774700" lon="9.3102820">
    <ele>76.4</ele>
   </trkpt>
   <trkpt lat="56.1775070" lon="9.3102080">
    <ele>76.2</ele>
   </trkpt>
   <trkpt lat="56.1775450" lon="9.3101340">
    <ele>76.2</ele>
   </trkpt>
   <trkpt lat="56.1775820" lon="9.3100570">
    <ele>76.4</ele>
   </trkpt>
   <trkpt lat="56.1776220" lon="9.3099840">
    <ele>76.6</ele>
   </trkpt>
   <trkpt lat="56.1776620" lon="9.3099130">
    <ele>76.8</ele>
   </trkpt>
   <trkpt lat="56.1777020" lon="9.3098430">
    <ele>76.8</ele>
   </trkpt>
   <trkpt lat="56.1777410" lon="9.3097700">
    <ele>76.8</ele>
   </trkpt>
   <trkpt lat="56.1777790" lon="9.3096990">
    <ele>76.6</ele>
   </trkpt>
   <trkpt lat="56.1778180" lon="9.3096270">
    <ele>76.6</ele>
   </trkpt>
   <trkpt lat="56.1778570" lon="9.3095550">
    <ele>77.0</ele>
   </trkpt>
   <trkpt lat="56.1778980" lon="9.3094840">
    <ele>77.4</ele>
   </trkpt>
   <trkpt lat="56.1779400" lon="9.3094160">
    <ele>77.6</ele>
   </trkpt>
   <trkpt lat="56.1779820" lon="9.3093430">
    <ele>77.6</ele>
   </trkpt>
   <trkpt lat="56.1780240" lon="9.3092690">
    <ele>77.6</ele>
   </trkpt>
   <trkpt lat="56.1780640" lon="9.3091940">
    <ele>77.4</ele>
   </trkpt>
   <trkpt lat="56.1781040" lon="9.3091170">
    <ele>77.4</ele>
   </trkpt>
   <trkpt lat="56.1781430" lon="9.3090410">
    <ele>77.4</ele>
   </trkpt>
   <trkpt lat="56.1781850" lon="9.3089670">
    <ele>77.6</ele>
   </trkpt>
   <trkpt lat="56.1782280" lon="9.3088930">
    <ele>77.6</ele>
   </trkpt>
   <trkpt lat="56.1782710" lon="9.3088200">
    <ele>77.8</ele>
   </trkpt>
   <trkpt lat="56.1783140" lon="9.3087440">
    <ele>77.8</ele>
   </trkpt>
   <trkpt lat="56.1783560" lon="9.3086650">
    <ele>77.8</ele>
   </trkpt>
   <trkpt lat="56.1783980" lon="9.3085860">
    <ele>77.8</ele>
   </trkpt>
   <trkpt lat="56.1784410" lon="9.3085070">
    <ele>77.6</ele>
   </trkpt>
   <trkpt lat="56.1784840" lon="9.3084280">
    <ele>77.8</ele>
   </trkpt>
   <trkpt lat="56.1785280" lon="9.3083460">
    <ele>78.0</ele>
   </trkpt>
   <trkpt lat="56.1785720" lon="9.3082650">
    <ele>78.2</ele>
   </trkpt>
   <trkpt lat="56.1786170" lon="9.3081850">
    <ele>78.4</ele>
   </trkpt>
   <trkpt lat="56.1786630" lon="9.3081010">
    <ele>78.6</ele>
   </trkpt>
   <trkpt lat="56.1787080" lon="9.3080200">
    <ele>78.6</ele>
   </trkpt>
   <trkpt lat="56.1787540" lon="9.3079410">
    <ele>78.4</ele>
   </trkpt>
   <trkpt lat="56.1787970" lon="9.3078590">
    <ele>78.2</ele>
   </trkpt>
   <trkpt lat="56.1788400" lon="9.3077780">
    <ele>77.8</ele>
   </trkpt>
   <trkpt lat="56.1788820" lon="9.3077000">
    <ele>77.4</ele>
   </trkpt>
   <trkpt lat="56.1789240" lon="9.3076280">
    <ele>77.0</ele>
   </trkpt>
   <trkpt lat="56.1789660" lon="9.3075540">
    <ele>77.0</ele>
   </trkpt>
   <trkpt lat="56.1790050" lon="9.3074750">
    <ele>77.0</ele>
   </trkpt>
   <trkpt lat="56.1790450" lon="9.3073960">
    <ele>77.0</ele>
   </trkpt>
   <trkpt lat="56.1790840" lon="9.3073210">
    <ele>77.2</ele>
   </trkpt>
   <trkpt lat="56.1791260" lon="9.3072430">
    <ele>77.2</ele>
   </trkpt>
   <trkpt lat="56.1791660" lon="9.3071680">
    <ele>77.2</ele>
   </trkpt>
   <trkpt lat="56.1792070" lon="9.3070920">
    <ele>77.2</ele>
   </trkpt>
   <trkpt lat="56.1792480" lon="9.3070140">
    <ele>77.2</ele>
   </trkpt>
   <trkpt lat="56.1792870" lon="9.3069360">
    <ele>77.2</ele>
   </trkpt>
   <trkpt lat="56.1793280" lon="9.3068570">
    <ele>77.2</ele>
   </trkpt>
   <trkpt lat="56.1793700" lon="9.3067830">
    <ele>77.2</ele>
   </trkpt>
   <trkpt lat="56.1794120" lon="9.3067080">
    <ele>77.0</ele>
   </trkpt>
   <trkpt lat="56.1794540" lon="9.3066340">
    <ele>76.8</ele>
   </trkpt>
   <trkpt lat="56.1794970" lon="9.3065590">
    <ele>76.6</ele>
   </trkpt>
   <trkpt lat="56.1795380" lon="9.3064820">
    <ele>76.6</ele>
   </trkpt>
   <trkpt lat="56.1795770" lon="9.3064060">
    <ele>76.4</ele>
   </trkpt>
   <trkpt lat="56.1796160" lon="9.3063300">
    <ele>76.4</ele>
   </trkpt>
   <trkpt lat="56.1796560" lon="9.3062540">
    <ele>76.2</ele>
   </trkpt>
   <trkpt lat="56.1796960" lon="9.3061740">
    <ele>76.2</ele>
   </trkpt>
   <trkpt lat="56.1797350" lon="9.3060950">
    <ele>76.0</ele>
   </trkpt>
   <trkpt lat="56.1797750" lon="9.3060170">
    <ele>76.0</ele>
   </trkpt>
   <trkpt lat="56.1798130" lon="9.3059380">
    <ele>76.0</ele>
   </trkpt>
   <trkpt lat="56.1798510" lon="9.3058540">
    <ele>76.2</ele>
   </trkpt>
   <trkpt lat="56.1798860" lon="9.3057670">
    <ele>76.4</ele>
   </trkpt>
   <trkpt lat="56.1799210" lon="9.3056780">
    <ele>76.6</ele>
   </trkpt>
   <trkpt lat="56.1799550" lon="9.3055880">
    <ele>76.8</ele>
   </trkpt>
   <trkpt lat="56.1799880" lon="9.3054930">
    <ele>76.8</ele>
   </trkpt>
   <trkpt lat="56.1800170" lon="9.3053970">
    <ele>76.6</ele>
   </trkpt>
   <trkpt lat="56.1800470" lon="9.3053000">
    <ele>76.6</ele>
   </trkpt>
   <trkpt lat="56.1800750" lon="9.3052020">
    <ele>76.4</ele>
   </trkpt>
   <trkpt lat="56.1801040" lon="9.3051070">
    <ele>76.2</ele>
   </trkpt>
   <trkpt lat="56.1801330" lon="9.3050100">
    <ele>76.0</ele>
   </trkpt>
   <trkpt lat="56.1801600" lon="9.3049140">
    <ele>75.8</ele>
   </trkpt>
   <trkpt lat="56.1801880" lon="9.3048180">
    <ele>75.8</ele>
   </trkpt>
   <trkpt lat="56.1802150" lon="9.3047210">
    <ele>76.0</ele>
   </trkpt>
   <trkpt lat="56.1802450" lon="9.3046230">
    <ele>76.2</ele>
   </trkpt>
   <trkpt lat="56.1802760" lon="9.3045210">
    <ele>76.4</ele>
   </trkpt>
   <trkpt lat="56.1803040" lon="9.3044190">
    <ele>76.6</ele>
   </trkpt>
   <trkpt lat="56.1803260" lon="9.3043400">
    <ele>76.8</ele>
   </trkpt>
   <trkpt lat="56.1803530" lon="9.3042400">
    <ele>76.8</ele>
   </trkpt>
   <trkpt lat="56.1803880" lon="9.3041190">
    <ele>77.0</ele>
   </trkpt>
   <trkpt lat="56.1804170" lon="9.3040170">
    <ele>77.2</ele>
   </trkpt>
   <trkpt lat="56.1804450" lon="9.3039130">
    <ele>77.6</ele>
   </trkpt>
   <trkpt lat="56.1804740" lon="9.3038070">
    <ele>77.6</ele>
   </trkpt>
   <trkpt lat="56.1805040" lon="9.3037020">
    <ele>77.6</ele>
   </trkpt>
   <trkpt lat="56.1805340" lon="9.3035970">
    <ele>77.6</ele>
   </trkpt>
   <trkpt lat="56.1805620" lon="9.3034900">
    <ele>77.4</ele>
   </trkpt>
   <trkpt lat="56.1805900" lon="9.3033860">
    <ele>77.0</ele>
   </trkpt>
   <trkpt lat="56.1806170" lon="9.3032840">
    <ele>76.8</ele>
   </trkpt>
   <trkpt lat="56.1806450" lon="9.3031820">
    <ele>76.6</ele>
   </trkpt>
   <trkpt lat="56.1806730" lon="9.3030790">
    <ele>76.4</ele>
   </trkpt>
   <trkpt lat="56.1807020" lon="9.3029760">
    <ele>76.2</ele>
   </trkpt>
   <trkpt lat="56.1807310" lon="9.3028730">
    <ele>76.2</ele>
   </trkpt>
   <trkpt lat="56.1807620" lon="9.3027680">
    <ele>76.2</ele>
   </trkpt>
   <trkpt lat="56.1807940" lon="9.3026660">
    <ele>76.2</ele>
   </trkpt>
   <trkpt lat="56.1808230" lon="9.3025640">
    <ele>76.0</ele>
   </trkpt>
   <trkpt lat="56.1808510" lon="9.3024640">
    <ele>76.0</ele>
   </trkpt>
   <trkpt lat="56.1808790" lon="9.3023640">
    <ele>76.0</ele>
   </trkpt>
   <trkpt lat="56.1809060" lon="9.3022620">
    <ele>76.0</ele>
   </trkpt>
   <trkpt lat="56.1809340" lon="9.3021610">
    <ele>76.0</ele>
   </trkpt>
   <trkpt lat="56.1809620" lon="9.3020590">
    <ele>76.2</ele>
   </trkpt>
   <trkpt lat="56.1809910" lon="9.3019590">
    <ele>76.0</ele>
   </trkpt>
   <trkpt lat="56.1810150" lon="9.3018800">
    <ele>76.0</ele>
   </trkpt>
   <trkpt lat="56.1810440" lon="9.3017800">
    <ele>76.0</ele>
   </trkpt>
   <trkpt lat="56.1810710" lon="9.3016780">
    <ele>76.0</ele>
   </trkpt>
   <trkpt lat="56.1810980" lon="9.3015750">
    <ele>76.0</ele>
   </trkpt>
   <trkpt lat="56.1811260" lon="9.3014710">
    <ele>76.2</ele>
   </trkpt>
   <trkpt lat="56.1811570" lon="9.3013690">
    <ele>76.4</ele>
   </trkpt>
   <trkpt lat="56.1811870" lon="9.3012640">
    <ele>76.6</ele>
   </trkpt>
   <trkpt lat="56.1812170" lon="9.3011590">
    <ele>76.8</ele>
   </trkpt>
   <trkpt lat="56.1812480" lon="9.3010540">
    <ele>76.8</ele>
   </trkpt>
   <trkpt lat="56.1812780" lon="9.3009450">
    <ele>76.6</ele>
   </trkpt>
   <trkpt lat="56.1813080" lon="9.3008380">
    <ele>76.4</ele>
   </trkpt>
   <trkpt lat="56.1813380" lon="9.3007330">
    <ele>76.2</ele>
   </trkpt>
   <trkpt lat="56.1813720" lon="9.3006040">
    <ele>76.0</ele>
   </trkpt>
   <trkpt lat="56.1814000" lon="9.3004970">
    <ele>75.8</ele>
   </trkpt>
   <trkpt lat="56.1814290" lon="9.3003920">
    <ele>75.6</ele>
   </trkpt>
   <trkpt lat="56.1814520" lon="9.3003080">
    <ele>75.6</ele>
   </trkpt>
   <trkpt lat="56.1814810" lon="9.3002040">
    <ele>75.6</ele>
   </trkpt>
   <trkpt lat="56.1815100" lon="9.3000990">
    <ele>75.6</ele>
   </trkpt>
   <trkpt lat="56.1815400" lon="9.2999940">
    <ele>75.6</ele>
   </trkpt>
   <trkpt lat="56.1815720" lon="9.2998910">
    <ele>75.4</ele>
   </trkpt>
   <trkpt lat="56.1816050" lon="9.2997870">
    <ele>75.2</ele>
   </trkpt>
   <trkpt lat="56.1816410" lon="9.2996810">
    <ele>75.0</ele>
   </trkpt>
   <trkpt lat="56.1816770" lon="9.2995740">
    <ele>74.8</ele>
   </trkpt>
   <trkpt lat="56.1817140" lon="9.2994660">
    <ele>74.4</ele>
   </trkpt>
   <trkpt lat="56.1817550" lon="9.2993580">
    <ele>74.2</ele>
   </trkpt>
   <trkpt lat="56.1818000" lon="9.2992520">
    <ele>73.8</ele>
   </trkpt>
   <trkpt lat="56.1818440" lon="9.2991450">
    <ele>73.4</ele>
   </trkpt>
   <trkpt lat="56.1818880" lon="9.2990360">
    <ele>73.2</ele>
   </trkpt>
   <trkpt lat="56.1819460" lon="9.2989040">
    <ele>72.8</ele>
   </trkpt>
   <trkpt lat="56.1820000" lon="9.2988000">
    <ele>72.4</ele>
   </trkpt>
   <trkpt lat="56.1820530" lon="9.2986960">
    <ele>72.0</ele>
   </trkpt>
   <trkpt lat="56.1821080" lon="9.2985970">
    <ele>71.6</ele>
   </trkpt>
   <trkpt lat="56.1821640" lon="9.2985000">
    <ele>71.0</ele>
   </trkpt>
   <trkpt lat="56.1822220" lon="9.2984050">
    <ele>70.6</ele>
   </trkpt>
   <trkpt lat="56.1822830" lon="9.2983100">
    <ele>70.2</ele>
   </trkpt>
   <trkpt lat="56.1823460" lon="9.2982160">
    <ele>69.8</ele>
   </trkpt>
   <trkpt lat="56.1824130" lon="9.2981240">
    <ele>69.4</ele>
   </trkpt>
   <trkpt lat="56.1824830" lon="9.2980350">
    <ele>69.4</ele>
   </trkpt>
   <trkpt lat="56.1825560" lon="9.2979450">
    <ele>69.2</ele>
   </trkpt>
   <trkpt lat="56.1826300" lon="9.2978590">
    <ele>69.0</ele>
   </trkpt>
   <trkpt lat="56.1827050" lon="9.2977710">
    <ele>68.8</ele>
   </trkpt>
   <trkpt lat="56.1827810" lon="9.2976850">
    <ele>68.6</ele>
   </trkpt>
   <trkpt lat="56.1828550" lon="9.2976010">
    <ele>68.2</ele>
   </trkpt>
   <trkpt lat="56.1829310" lon="9.2975220">
    <ele>68.0</ele>
   </trkpt>
   <trkpt lat="56.1830050" lon="9.2974460">
    <ele>67.6</ele>
   </trkpt>
   <trkpt lat="56.1830770" lon="9.2973710">
    <ele>67.4</ele>
   </trkpt>
   <trkpt lat="56.1831480" lon="9.2972920">
    <ele>67.2</ele>
   </trkpt>
   <trkpt lat="56.1832180" lon="9.2972140">
    <ele>67.0</ele>
   </trkpt>
   <trkpt lat="56.1832860" lon="9.2971360">
    <ele>66.6</ele>
   </trkpt>
   <trkpt lat="56.1833550" lon="9.2970570">
    <ele>66.4</ele>
   </trkpt>
   <trkpt lat="56.1834230" lon="9.2969810">
    <ele>66.2</ele>
   </trkpt>
   <trkpt lat="56.1834910" lon="9.2969070">
    <ele>66.0</ele>
   </trkpt>
   <trkpt lat="56.1835580" lon="9.2968330">
    <ele>65.8</ele>
   </trkpt>
   <trkpt lat="56.1836230" lon="9.2967600">
    <ele>65.8</ele>
   </trkpt>
   <trkpt lat="56.1836890" lon="9.2966940">
    <ele>65.6</ele>
   </trkpt>
   <trkpt lat="56.1837540" lon="9.2966260">
    <ele>65.6</ele>
   </trkpt>
   <trkpt lat="56.1838180" lon="9.2965540">
    <ele>65.6</ele>
   </trkpt>
   <trkpt lat="56.1838810" lon="9.2964780">
    <ele>65.6</ele>
   </trkpt>
   <trkpt lat="56.1839460" lon="9.2964040">
    <ele>65.8</ele>
   </trkpt>
   <trkpt lat="56.1840100" lon="9.2963280">
    <ele>66.0</ele>
   </trkpt>
   <trkpt lat="56.1840720" lon="9.2962460">
    <ele>66.0</ele>
   </trkpt>
   <trkpt lat="56.1841320" lon="9.2961620">
    <ele>66.0</ele>
   </trkpt>
   <trkpt lat="56.1841890" lon="9.2960730">
    <ele>66.2</ele>
   </trkpt>
   <trkpt lat="56.1842450" lon="9.2959870">
    <ele>66.4</ele>
   </trkpt>
   <trkpt lat="56.1842980" lon="9.2959010">
    <ele>66.2</ele>
   </trkpt>
   <trkpt lat="56.1843470" lon="9.2958110">
    <ele>66.0</ele>
   </trkpt>
   <trkpt lat="56.1843950" lon="9.2957200">
    <ele>66.0</ele>
   </trkpt>
   <trkpt lat="56.1844410" lon="9.2956240">
    <ele>66.2</ele>
   </trkpt>
   <trkpt lat="56.1844850" lon="9.2955270">
    <ele>66.0</ele>
   </trkpt>
   <trkpt lat="56.1845290" lon="9.2954290">
    <ele>66.2</ele>
   </trkpt>
   <trkpt lat="56.1845730" lon="9.2953310">
    <ele>66.4</ele>
   </trkpt>
   <trkpt lat="56.1846150" lon="9.2952330">
    <ele>66.4</ele>
   </trkpt>
   <trkpt lat="56.1846550" lon="9.2951320">
    <ele>66.6</ele>
   </trkpt>
   <trkpt lat="56.1846930" lon="9.2950310">
    <ele>66.8</ele>
   </trkpt>
   <trkpt lat="56.1847260" lon="9.2949260">
    <ele>67.0</ele>
   </trkpt>
   <trkpt lat="56.1847590" lon="9.2948220">
    <ele>67.0</ele>
   </trkpt>
   <trkpt lat="56.1847910" lon="9.2947180">
    <ele>67.0</ele>
   </trkpt>
   <trkpt lat="56.1848240" lon="9.2946130">
    <ele>67.0</ele>
   </trkpt>
   <trkpt lat="56.1848570" lon="9.2945100">
    <ele>67.0</ele>
   </trkpt>
   <trkpt lat="56.1848870" lon="9.2944040">
    <ele>67.0</ele>
   </trkpt>
   <trkpt lat="56.1849170" lon="9.2942980">
    <ele>67.0</ele>
   </trkpt>
   <trkpt lat="56.1849470" lon="9.2941930">
    <ele>67.0</ele>
   </trkpt>
   <trkpt lat="56.1849690" lon="9.2941080">
    <ele>67.2</ele>
   </trkpt>
   <trkpt lat="56.1850030" lon="9.2939820">
    <ele>67.2</ele>
   </trkpt>
   <trkpt lat="56.1850320" lon="9.2938810">
    <ele>67.2</ele>
   </trkpt>
   <trkpt lat="56.1850610" lon="9.2937780">
    <ele>67.0</ele>
   </trkpt>
   <trkpt lat="56.1850910" lon="9.2936730">
    <ele>67.0</ele>
   </trkpt>
   <trkpt lat="56.1851200" lon="9.2935680">
    <ele>67.2</ele>
   </trkpt>
   <trkpt lat="56.1851500" lon="9.2934610">
    <ele>67.2</ele>
   </trkpt>
   <trkpt lat="56.1851780" lon="9.2933540">
    <ele>67.2</ele>
   </trkpt>
   <trkpt lat="56.1852080" lon="9.2932480">
    <ele>67.2</ele>
   </trkpt>
   <trkpt lat="56.1852370" lon="9.2931410">
    <ele>67.2</ele>
   </trkpt>
   <trkpt lat="56.1852660" lon="9.2930320">
    <ele>67.0</ele>
   </trkpt>
   <trkpt lat="56.1852950" lon="9.2929230">
    <ele>66.8</ele>
   </trkpt>
   <trkpt lat="56.1853240" lon="9.2928130">
    <ele>66.8</ele>
   </trkpt>
   <trkpt lat="56.1853540" lon="9.2927060">
    <ele>66.6</ele>
   </trkpt>
   <trkpt lat="56.1853850" lon="9.2926010">
    <ele>66.6</ele>
   </trkpt>
   <trkpt lat="56.1854150" lon="9.2924920">
    <ele>66.6</ele>
   </trkpt>
   <trkpt lat="56.1854430" lon="9.2923820">
    <ele>66.6</ele>
   </trkpt>
   <trkpt lat="56.1854730" lon="9.2922730">
    <ele>66.6</ele>
   </trkpt>
   <trkpt lat="56.1855030" lon="9.2921670">
    <ele>66.8</ele>
   </trkpt>
   <trkpt lat="56.1855340" lon="9.2920590">
    <ele>67.0</ele>
   </trkpt>
   <trkpt lat="56.1855630" lon="9.2919510">
    <ele>67.0</ele>
   </trkpt>
   <trkpt lat="56.1855930" lon="9.2918400">
    <ele>67.0</ele>
   </trkpt>
   <trkpt lat="56.1856170" lon="9.2917500">
    <ele>66.8</ele>
   </trkpt>
   <trkpt lat="56.1856550" lon="9.2916180">
    <ele>66.6</ele>
   </trkpt>
   <trkpt lat="56.1856850" lon="9.2915070">
    <ele>66.4</ele>
   </trkpt>
   <trkpt lat="56.1857150" lon="9.2913980">
    <ele>66.4</ele>
   </trkpt>
   <trkpt lat="56.1857460" lon="9.2912880">
    <ele>66.2</ele>
   </trkpt>
   <trkpt lat="56.1857750" lon="9.2911780">
    <ele>66.0</ele>
   </trkpt>
   <trkpt lat="56.1858060" lon="9.2910670">
    <ele>65.8</ele>
   </trkpt>
   <trkpt lat="56.1858370" lon="9.2909550">
    <ele>65.6</ele>
   </trkpt>
   <trkpt lat="56.1858640" lon="9.2908400">
    <ele>65.2</ele>
   </trkpt>
   <trkpt lat="56.1858900" lon="9.2907240">
    <ele>65.2</ele>
   </trkpt>
   <trkpt lat="56.1859160" lon="9.2906100">
    <ele>65.2</ele>
   </trkpt>
   <trkpt lat="56.1859400" lon="9.2904930">
    <ele>65.4</ele>
   </trkpt>
   <trkpt lat="56.1859640" lon="9.2903750">
    <ele>65.2</ele>
   </trkpt>
   <trkpt lat="56.1859850" lon="9.2902560">
    <ele>65.2</ele>
   </trkpt>
   <trkpt lat="56.1860050" lon="9.2901370">
    <ele>65.2</ele>
   </trkpt>
   <trkpt lat="56.1860270" lon="9.2900220">
    <ele>65.2</ele>
   </trkpt>
   <trkpt lat="56.1860510" lon="9.2899050">
    <ele>65.2</ele>
   </trkpt>
   <trkpt lat="56.1860760" lon="9.2897900">
    <ele>65.2</ele>
   </trkpt>
   <trkpt lat="56.1861000" lon="9.2896750">
    <ele>65.2</ele>
   </trkpt>
   <trkpt lat="56.1861220" lon="9.2895610">
    <ele>65.0</ele>
   </trkpt>
   <trkpt lat="56.1861430" lon="9.2894530">
    <ele>65.0</ele>
   </trkpt>
   <trkpt lat="56.1861640" lon="9.2893450">
    <ele>64.8</ele>
   </trkpt>
   <trkpt lat="56.1861870" lon="9.2892360">
    <ele>64.8</ele>
   </trkpt>
   <trkpt lat="56.1862100" lon="9.2891250">
    <ele>65.0</ele>
   </trkpt>
   <trkpt lat="56.1862310" lon="9.2890160">
    <ele>65.2</ele>
   </trkpt>
   <trkpt lat="56.1862530" lon="9.2889070">
    <ele>65.2</ele>
   </trkpt>
   <trkpt lat="56.1862730" lon="9.2887950">
    <ele>65.2</ele>
   </trkpt>
   <trkpt lat="56.1862940" lon="9.2886820">
    <ele>65.0</ele>
   </trkpt>
   <trkpt lat="56.1863160" lon="9.2885700">
    <ele>65.0</ele>
   </trkpt>
   <trkpt lat="56.1863400" lon="9.2884570">
    <ele>65.0</ele>
   </trkpt>
   <trkpt lat="56.1863620" lon="9.2883440">
    <ele>65.0</ele>
   </trkpt>
   <trkpt lat="56.1863830" lon="9.2882350">
    <ele>64.8</ele>
   </trkpt>
   <trkpt lat="56.1864050" lon="9.2881240">
    <ele>64.8</ele>
   </trkpt>
   <trkpt lat="56.1864290" lon="9.2880110">
    <ele>64.8</ele>
   </trkpt>
   <trkpt lat="56.1864540" lon="9.2879000">
    <ele>64.8</ele>
   </trkpt>
   <trkpt lat="56.1864770" lon="9.2877940">
    <ele>64.8</ele>
   </trkpt>
   <trkpt lat="56.1865010" lon="9.2876890">
    <ele>65.0</ele>
   </trkpt>
   <trkpt lat="56.1865210" lon="9.2875860">
    <ele>65.0</ele>
   </trkpt>
   <trkpt lat="56.1865410" lon="9.2874900">
    <ele>65.0</ele>
   </trkpt>
   <trkpt lat="56.1865610" lon="9.2873940">
    <ele>64.8</ele>
   </trkpt>
   <trkpt lat="56.1865810" lon="9.2873020">
    <ele>64.8</ele>
   </trkpt>
   <trkpt lat="56.1865990" lon="9.2872110">
    <ele>64.8</ele>
   </trkpt>
   <trkpt lat="56.1866160" lon="9.2871190">
    <ele>64.8</ele>
   </trkpt>
   <trkpt lat="56.1866350" lon="9.2870300">
    <ele>64.8</ele>
   </trkpt>
   <trkpt lat="56.1866530" lon="9.2869400">
    <ele>64.8</ele>
   </trkpt>
   <trkpt lat="56.1866750" lon="9.2868510">
    <ele>64.8</ele>
   </trkpt>
   <trkpt lat="56.1866980" lon="9.2867610">
    <ele>65.0</ele>
   </trkpt>
   <trkpt lat="56.1867220" lon="9.2866730">
    <ele>65.0</ele>
   </trkpt>
   <trkpt lat="56.1867470" lon="9.2865860">
    <ele>65.0</ele>
   </trkpt>
   <trkpt lat="56.1867710" lon="9.2864940">
    <ele>64.8</ele>
   </trkpt>
   <trkpt lat="56.1867960" lon="9.2864080">
    <ele>64.6</ele>
   </trkpt>
   <trkpt lat="56.1868210" lon="9.2863230">
    <ele>64.6</ele>
   </trkpt>
   <trkpt lat="56.1868480" lon="9.2862400">
    <ele>64.6</ele>
   </trkpt>
   <trkpt lat="56.1868750" lon="9.2861580">
    <ele>64.6</ele>
   </trkpt>
   <trkpt lat="56.1869030" lon="9.2860810">
    <ele>64.6</ele>
   </trkpt>
   <trkpt lat="56.1869310" lon="9.2860050">
    <ele>64.6</ele>
   </trkpt>
   <trkpt lat="56.1869590" lon="9.2859340">
    <ele>64.8</ele>
   </trkpt>
   <trkpt lat="56.1869840" lon="9.2858690">
    <ele>64.8</ele>
   </trkpt>
   <trkpt lat="56.1870100" lon="9.2858070">
    <ele>64.8</ele>
   </trkpt>
   <trkpt lat="56.1870350" lon="9.2857460">
    <ele>64.8</ele>
   </trkpt>
   <trkpt lat="56.1870600" lon="9.2856830">
    <ele>64.8</ele>
   </trkpt>
   <trkpt lat="56.1870860" lon="9.2856240">
    <ele>64.8</ele>
   </trkpt>
   <trkpt lat="56.1871140" lon="9.2855630">
    <ele>64.8</ele>
   </trkpt>
   <trkpt lat="56.1871460" lon="9.2855020">
    <ele>64.8</ele>
   </trkpt>
   <trkpt lat="56.1871790" lon="9.2854360">
    <ele>64.8</ele>
   </trkpt>
   <trkpt lat="56.1872160" lon="9.2853650">
    <ele>64.6</ele>
   </trkpt>
   <trkpt lat="56.1872580" lon="9.2852960">
    <ele>64.6</ele>
   </trkpt>
   <trkpt lat="56.1873040" lon="9.2852280">
    <ele>64.2</ele>
   </trkpt>
   <trkpt lat="56.1873450" lon="9.2851540">
    <ele>64.2</ele>
   </trkpt>
   <trkpt lat="56.1873890" lon="9.2850860">
    <ele>64.2</ele>
   </trkpt>
   <trkpt lat="56.1874330" lon="9.2850110">
    <ele>64.4</ele>
   </trkpt>
   <trkpt lat="56.1874790" lon="9.2849370">
    <ele>64.6</ele>
   </trkpt>
   <trkpt lat="56.1875240" lon="9.2848640">
    <ele>64.8</ele>
   </trkpt>
   <trkpt lat="56.1875690" lon="9.2847910">
    <ele>64.8</ele>
   </trkpt>
   <trkpt lat="56.1876160" lon="9.2847180">
    <ele>64.8</ele>
   </trkpt>
   <trkpt lat="56.1876630" lon="9.2846400">
    <ele>64.6</ele>
   </trkpt>
   <trkpt lat="56.1877090" lon="9.2845630">
    <ele>64.4</ele>
   </trkpt>
   <trkpt lat="56.1877540" lon="9.2844890">
    <ele>64.4</ele>
   </trkpt>
   <trkpt lat="56.1878010" lon="9.2844210">
    <ele>64.4</ele>
   </trkpt>
   <trkpt lat="56.1878490" lon="9.2843580">
    <ele>64.4</ele>
   </trkpt>
   <trkpt lat="56.1879000" lon="9.2842880">
    <ele>64.4</ele>
   </trkpt>
   <trkpt lat="56.1879500" lon="9.2842120">
    <ele>64.4</ele>
   </trkpt>
   <trkpt lat="56.1879990" lon="9.2841360">
    <ele>64.4</ele>
   </trkpt>
   <trkpt lat="56.1880520" lon="9.2840680">
    <ele>64.4</ele>
   </trkpt>
   <trkpt lat="56.1881000" lon="9.2840050">
    <ele>64.4</ele>
   </trkpt>
   <trkpt lat="56.1881490" lon="9.2839340">
    <ele>64.6</ele>
   </trkpt>
   <trkpt lat="56.1881980" lon="9.2838600">
    <ele>64.6</ele>
   </trkpt>
   <trkpt lat="56.1882440" lon="9.2837820">
    <ele>64.4</ele>
   </trkpt>
   <trkpt lat="56.1882890" lon="9.2837010">
    <ele>64.2</ele>
   </trkpt>
   <trkpt lat="56.1883340" lon="9.2836200">
    <ele>64.0</ele>
   </trkpt>
   <trkpt lat="56.1883770" lon="9.2835440">
    <ele>63.8</ele>
   </trkpt>
   <trkpt lat="56.1884230" lon="9.2834750">
    <ele>63.8</ele>
   </trkpt>
   <trkpt lat="56.1884700" lon="9.2834000">
    <ele>63.6</ele>
   </trkpt>
   <trkpt lat="56.1885200" lon="9.2833200">
    <ele>63.6</ele>
   </trkpt>
   <trkpt lat="56.1885710" lon="9.2832410">
    <ele>63.6</ele>
   </trkpt>
   <trkpt lat="56.1886190" lon="9.2831600">
    <ele>63.6</ele>
   </trkpt>
   <trkpt lat="56.1886670" lon="9.2830790">
    <ele>63.6</ele>
   </trkpt>
   <trkpt lat="56.1887150" lon="9.2829970">
    <ele>63.6</ele>
   </trkpt>
   <trkpt lat="56.1887630" lon="9.2829140">
    <ele>63.6</ele>
   </trkpt>
   <trkpt lat="56.1888080" lon="9.2828360">
    <ele>63.4</ele>
   </trkpt>
   <trkpt lat="56.1888590" lon="9.2827580">
    <ele>63.4</ele>
   </trkpt>
   <trkpt lat="56.1889150" lon="9.2826790">
    <ele>63.4</ele>
   </trkpt>
   <trkpt lat="56.1889650" lon="9.2825980">
    <ele>63.2</ele>
   </trkpt>
   <trkpt lat="56.1890130" lon="9.2825170">
    <ele>63.2</ele>
   </trkpt>
   <trkpt lat="56.1890610" lon="9.2824380">
    <ele>63.2</ele>
   </trkpt>
   <trkpt lat="56.1891090" lon="9.2823590">
    <ele>63.0</ele>
   </trkpt>
   <trkpt lat="56.1891560" lon="9.2822760">
    <ele>63.0</ele>
   </trkpt>
   <trkpt lat="56.1892050" lon="9.2821950">
    <ele>63.0</ele>
   </trkpt>
   <trkpt lat="56.1892510" lon="9.2821150">
    <ele>62.8</ele>
   </trkpt>
   <trkpt lat="56.1892990" lon="9.2820410">
    <ele>62.8</ele>
   </trkpt>
   <trkpt lat="56.1893450" lon="9.2819660">
    <ele>62.6</ele>
   </trkpt>
   <trkpt lat="56.1893900" lon="9.2818930">
    <ele>62.6</ele>
   </trkpt>
   <trkpt lat="56.1894350" lon="9.2818180">
    <ele>62.4</ele>
   </trkpt>
   <trkpt lat="56.1894790" lon="9.2817440">
    <ele>62.2</ele>
   </trkpt>
   <trkpt lat="56.1895240" lon="9.2816690">
    <ele>62.2</ele>
   </trkpt>
   <trkpt lat="56.1895690" lon="9.2815960">
    <ele>62.2</ele>
   </trkpt>
   <trkpt lat="56.1896140" lon="9.2815250">
    <ele>62.0</ele>
   </trkpt>
   <trkpt lat="56.1896580" lon="9.2814530">
    <ele>61.8</ele>
   </trkpt>
   <trkpt lat="56.1897010" lon="9.2813830">
    <ele>61.6</ele>
   </trkpt>
   <trkpt lat="56.1897440" lon="9.2813140">
    <ele>61.4</ele>
   </trkpt>
   <trkpt lat="56.1897880" lon="9.2812420">
    <ele>61.4</ele>
   </trkpt>
   <trkpt lat="56.1898300" lon="9.2811690">
    <ele>61.4</ele>
   </trkpt>
   <trkpt lat="56.1898730" lon="9.2810940">
    <ele>61.4</ele>
   </trkpt>
   <trkpt lat="56.1899180" lon="9.2810260">
    <ele>61.8</ele>
   </trkpt>
   <trkpt lat="56.1899640" lon="9.2809530">
    <ele>62.0</ele>
   </trkpt>
   <trkpt lat="56.1900070" lon="9.2808770">
    <ele>62.2</ele>
   </trkpt>
   <trkpt lat="56.1900520" lon="9.2808030">
    <ele>62.2</ele>
   </trkpt>
   <trkpt lat="56.1900980" lon="9.2807280">
    <ele>62.4</ele>
   </trkpt>
   <trkpt lat="56.1901460" lon="9.2806480">
    <ele>62.4</ele>
   </trkpt>
   <trkpt lat="56.1901940" lon="9.2805680">
    <ele>62.4</ele>
   </trkpt>
   <trkpt lat="56.1902420" lon="9.2804920">
    <ele>62.4</ele>
   </trkpt>
   <trkpt lat="56.1902900" lon="9.2804150">
    <ele>62.2</ele>
   </trkpt>
   <trkpt lat="56.1903360" lon="9.2803360">
    <ele>62.2</ele>
   </trkpt>
   <trkpt lat="56.1903850" lon="9.2802600">
    <ele>62.2</ele>
   </trkpt>
   <trkpt lat="56.1904340" lon="9.2801880">
    <ele>62.2</ele>
   </trkpt>
   <trkpt lat="56.1904840" lon="9.2801130">
    <ele>62.4</ele>
   </trkpt>
   <trkpt lat="56.1905340" lon="9.2800380">
    <ele>62.6</ele>
   </trkpt>
   <trkpt lat="56.1905830" lon="9.2799620">
    <ele>62.6</ele>
   </trkpt>
   <trkpt lat="56.1906320" lon="9.2798830">
    <ele>62.4</ele>
   </trkpt>
   <trkpt lat="56.1906800" lon="9.2798040">
    <ele>62.4</ele>
   </trkpt>
   <trkpt lat="56.1907270" lon="9.2797260">
    <ele>62.2</ele>
   </trkpt>
   <trkpt lat="56.1907750" lon="9.2796500">
    <ele>62.0</ele>
   </trkpt>
   <trkpt lat="56.1908240" lon="9.2795730">
    <ele>61.8</ele>
   </trkpt>
   <trkpt lat="56.1908690" lon="9.2794940">
    <ele>61.8</ele>
   </trkpt>
   <trkpt lat="56.1909160" lon="9.2794140">
    <ele>61.8</ele>
   </trkpt>
   <trkpt lat="56.1909620" lon="9.2793340">
    <ele>62.0</ele>
   </trkpt>
   <trkpt lat="56.1910100" lon="9.2792570">
    <ele>62.0</ele>
   </trkpt>
   <trkpt lat="56.1910560" lon="9.2791780">
    <ele>61.8</ele>
   </trkpt>
   <trkpt lat="56.1911020" lon="9.2790960">
    <ele>61.8</ele>
   </trkpt>
   <trkpt lat="56.1911500" lon="9.2790210">
    <ele>61.6</ele>
   </trkpt>
   <trkpt lat="56.1911970" lon="9.2789460">
    <ele>61.4</ele>
   </trkpt>
   <trkpt lat="56.1912430" lon="9.2788680">
    <ele>61.2</ele>
   </trkpt>
   <trkpt lat="56.1912800" lon="9.2788030">
    <ele>61.2</ele>
   </trkpt>
   <trkpt lat="56.1913360" lon="9.2787110">
    <ele>61.0</ele>
   </trkpt>
   <trkpt lat="56.1913820" lon="9.2786340">
    <ele>61.2</ele>
   </trkpt>
   <trkpt lat="56.1914280" lon="9.2785540">
    <ele>61.2</ele>
   </trkpt>
   <trkpt lat="56.1914760" lon="9.2784760">
    <ele>61.4</ele>
   </trkpt>
   <trkpt lat="56.1915250" lon="9.2783960">
    <ele>61.4</ele>
   </trkpt>
   <trkpt lat="56.1915720" lon="9.2783140">
    <ele>61.4</ele>
   </trkpt>
   <trkpt lat="56.1916200" lon="9.2782320">
    <ele>61.4</ele>
   </trkpt>
   <trkpt lat="56.1916690" lon="9.2781520">
    <ele>61.2</ele>
   </trkpt>
   <trkpt lat="56.1917180" lon="9.2780710">
    <ele>61.0</ele>
   </trkpt>
   <trkpt lat="56.1917670" lon="9.2779910">
    <ele>61.0</ele>
   </trkpt>
   <trkpt lat="56.1918140" lon="9.2779120">
    <ele>61.0</ele>
   </trkpt>
   <trkpt lat="56.1918610" lon="9.2778340">
    <ele>61.0</ele>
   </trkpt>
   <trkpt lat="56.1919070" lon="9.2777560">
    <ele>61.0</ele>
   </trkpt>
   <trkpt lat="56.1919540" lon="9.2776810">
    <ele>61.2</ele>
   </trkpt>
   <trkpt lat="56.1920020" lon="9.2776050">
    <ele>61.0</ele>
   </trkpt>
   <trkpt lat="56.1920490" lon="9.2775280">
    <ele>61.2</ele>
   </trkpt>
   <trkpt lat="56.1920960" lon="9.2774520">
    <ele>61.2</ele>
   </trkpt>
   <trkpt lat="56.1921400" lon="9.2773760">
    <ele>61.0</ele>
   </trkpt>
   <trkpt lat="56.1921840" lon="9.2773020">
    <ele>61.2</ele>
   </trkpt>
   <trkpt lat="56.1922290" lon="9.2772310">
    <ele>61.2</ele>
   </trkpt>
   <trkpt lat="56.1922740" lon="9.2771590">
    <ele>61.2</ele>
   </trkpt>
   <trkpt lat="56.1923180" lon="9.2770860">
    <ele>61.0</ele>
   </trkpt>
   <trkpt lat="56.1923600" lon="9.2770160">
    <ele>61.2</ele>
   </trkpt>
   <trkpt lat="56.1924020" lon="9.2769470">
    <ele>61.2</ele>
   </trkpt>
   <trkpt lat="56.1924430" lon="9.2768810">
    <ele>61.2</ele>
   </trkpt>
   <trkpt lat="56.1924810" lon="9.2768190">
    <ele>61.4</ele>
   </trkpt>
   <trkpt lat="56.1925170" lon="9.2767590">
    <ele>61.6</ele>
   </trkpt>
   <trkpt lat="56.1925520" lon="9.2767030">
    <ele>61.6</ele>
   </trkpt>
   <trkpt lat="56.1925880" lon="9.2766500">
    <ele>62.0</ele>
   </trkpt>
   <trkpt lat="56.1926250" lon="9.2765970">
    <ele>62.2</ele>
   </trkpt>
   <trkpt lat="56.1926600" lon="9.2765430">
    <ele>62.6</ele>
   </trkpt>
   <trkpt lat="56.1926980" lon="9.2764910">
    <ele>62.8</ele>
   </trkpt>
   <trkpt lat="56.1927360" lon="9.2764410">
    <ele>63.2</ele>
   </trkpt>
   <trkpt lat="56.1927720" lon="9.2763880">
    <ele>63.4</ele>
   </trkpt>
   <trkpt lat="56.1928050" lon="9.2763380">
    <ele>63.6</ele>
   </trkpt>
   <trkpt lat="56.1928370" lon="9.2762880">
    <ele>64.0</ele>
   </trkpt>
   <trkpt lat="56.1928690" lon="9.2762400">
    <ele>64.2</ele>
   </trkpt>
   <trkpt lat="56.1929000" lon="9.2761910">
    <ele>64.4</ele>
   </trkpt>
   <trkpt lat="56.1929300" lon="9.2761450">
    <ele>64.6</ele>
   </trkpt>
   <trkpt lat="56.1929600" lon="9.2761030">
    <ele>64.6</ele>
   </trkpt>
   <trkpt lat="56.1929900" lon="9.2760630">
    <ele>64.6</ele>
   </trkpt>
   <trkpt lat="56.1930200" lon="9.2760260">
    <ele>64.6</ele>
   </trkpt>
   <trkpt lat="56.1930490" lon="9.2759860">
    <ele>64.4</ele>
   </trkpt>
   <trkpt lat="56.1930790" lon="9.2759420">
    <ele>64.4</ele>
   </trkpt>
   <trkpt lat="56.1931080" lon="9.2758970">
    <ele>64.4</ele>
   </trkpt>
   <trkpt lat="56.1931390" lon="9.2758510">
    <ele>64.4</ele>
   </trkpt>
   <trkpt lat="56.1931710" lon="9.2758020">
    <ele>64.4</ele>
   </trkpt>
   <trkpt lat="56.1932030" lon="9.2757530">
    <ele>64.4</ele>
   </trkpt>
   <trkpt lat="56.1932380" lon="9.2757020">
    <ele>64.4</ele>
   </trkpt>
   <trkpt lat="56.1932720" lon="9.2756510">
    <ele>64.4</ele>
   </trkpt>
   <trkpt lat="56.1933070" lon="9.2756000">
    <ele>64.6</ele>
   </trkpt>
   <trkpt lat="56.1933430" lon="9.2755480">
    <ele>64.6</ele>
   </trkpt>
   <trkpt lat="56.1933790" lon="9.2754960">
    <ele>64.6</ele>
   </trkpt>
   <trkpt lat="56.1934140" lon="9.2754410">
    <ele>64.4</ele>
   </trkpt>
   <trkpt lat="56.1934500" lon="9.2753860">
    <ele>64.4</ele>
   </trkpt>
   <trkpt lat="56.1934860" lon="9.2753320">
    <ele>64.2</ele>
   </trkpt>
   <trkpt lat="56.1935210" lon="9.2752810">
    <ele>64.2</ele>
   </trkpt>
   <trkpt lat="56.1935540" lon="9.2752300">
    <ele>64.2</ele>
   </trkpt>
   <trkpt lat="56.1935860" lon="9.2751760">
    <ele>64.2</ele>
   </trkpt>
   <trkpt lat="56.1936230" lon="9.2751230">
    <ele>64.2</ele>
   </trkpt>
   <trkpt lat="56.1936610" lon="9.2750680">
    <ele>64.4</ele>
   </trkpt>
   <trkpt lat="56.1936990" lon="9.2750130">
    <ele>64.4</ele>
   </trkpt>
   <trkpt lat="56.1937370" lon="9.2749610">
    <ele>64.4</ele>
   </trkpt>
   <trkpt lat="56.1937740" lon="9.2749070">
    <ele>64.4</ele>
   </trkpt>
   <trkpt lat="56.1938110" lon="9.2748510">
    <ele>64.4</ele>
   </trkpt>
   <trkpt lat="56.1938510" lon="9.2747950">
    <ele>64.4</ele>
   </trkpt>
   <trkpt lat="56.1938930" lon="9.2747390">
    <ele>64.4</ele>
   </trkpt>
   <trkpt lat="56.1939340" lon="9.2746840">
    <ele>64.4</ele>
   </trkpt>
   <trkpt lat="56.1939760" lon="9.2746300">
    <ele>64.2</ele>
   </trkpt>
   <trkpt lat="56.1940170" lon="9.2745740">
    <ele>64.2</ele>
   </trkpt>
   <trkpt lat="56.1940580" lon="9.2745140">
    <ele>64.2</ele>
   </trkpt>
   <trkpt lat="56.1940990" lon="9.2744550">
    <ele>64.2</ele>
   </trkpt>
   <trkpt lat="56.1941400" lon="9.2743940">
    <ele>64.2</ele>
   </trkpt>
   <trkpt lat="56.1941810" lon="9.2743340">
    <ele>64.4</ele>
   </trkpt>
   <trkpt lat="56.1942230" lon="9.2742780">
    <ele>64.4</ele>
   </trkpt>
   <trkpt lat="56.1942650" lon="9.2742180">
    <ele>64.4</ele>
   </trkpt>
   <trkpt lat="56.1943060" lon="9.2741590">
    <ele>64.6</ele>
   </trkpt>
   <trkpt lat="56.1943480" lon="9.2740990">
    <ele>64.6</ele>
   </trkpt>
   <trkpt lat="56.1943900" lon="9.2740380">
    <ele>64.6</ele>
   </trkpt>
   <trkpt lat="56.1944330" lon="9.2739760">
    <ele>64.6</ele>
   </trkpt>
   <trkpt lat="56.1944770" lon="9.2739150">
    <ele>64.8</ele>
   </trkpt>
   <trkpt lat="56.1945210" lon="9.2738520">
    <ele>64.8</ele>
   </trkpt>
   <trkpt lat="56.1945660" lon="9.2737910">
    <ele>65.0</ele>
   </trkpt>
   <trkpt lat="56.1946110" lon="9.2737280">
    <ele>65.0</ele>
   </trkpt>
   <trkpt lat="56.1946550" lon="9.2736640">
    <ele>65.0</ele>
   </trkpt>
   <trkpt lat="56.1946990" lon="9.2736000">
    <ele>65.0</ele>
   </trkpt>
   <trkpt lat="56.1947440" lon="9.2735370">
    <ele>65.0</ele>
   </trkpt>
   <trkpt lat="56.1947890" lon="9.2734730">
    <ele>64.8</ele>
   </trkpt>
   <trkpt lat="56.1948330" lon="9.2734070">
    <ele>64.8</ele>
   </trkpt>
   <trkpt lat="56.1948770" lon="9.2733410">
    <ele>64.8</ele>
   </trkpt>
   <trkpt lat="56.1949220" lon="9.2732750">
    <ele>64.6</ele>
   </trkpt>
   <trkpt lat="56.1949670" lon="9.2732100">
    <ele>64.6</ele>
   </trkpt>
   <trkpt lat="56.1950120" lon="9.2731480">
    <ele>64.6</ele>
   </trkpt>
   <trkpt lat="56.1950580" lon="9.2730860">
    <ele>64.6</ele>
   </trkpt>
   <trkpt lat="56.1951040" lon="9.2730230">
    <ele>64.4</ele>
   </trkpt>
   <trkpt lat="56.1951510" lon="9.2729580">
    <ele>64.4</ele>
   </trkpt>
   <trkpt lat="56.1951960" lon="9.2728910">
    <ele>64.4</ele>
   </trkpt>
   <trkpt lat="56.1952390" lon="9.2728250">
    <ele>64.4</ele>
   </trkpt>
   <trkpt lat="56.1952840" lon="9.2727600">
    <ele>64.4</ele>
   </trkpt>
   <trkpt lat="56.1953280" lon="9.2726930">
    <ele>64.4</ele>
   </trkpt>
   <trkpt lat="56.1953710" lon="9.2726280">
    <ele>64.4</ele>
   </trkpt>
   <trkpt lat="56.1954140" lon="9.2725630">
    <ele>64.4</ele>
   </trkpt>
   <trkpt lat="56.1954570" lon="9.2724990">
    <ele>64.4</ele>
   </trkpt>
   <trkpt lat="56.1955000" lon="9.2724350">
    <ele>64.4</ele>
   </trkpt>
   <trkpt lat="56.1955450" lon="9.2723770">
    <ele>64.4</ele>
   </trkpt>
   <trkpt lat="56.1955900" lon="9.2723130">
    <ele>64.4</ele>
   </trkpt>
   <trkpt lat="56.1956330" lon="9.2722480">
    <ele>64.4</ele>
   </trkpt>
   <trkpt lat="56.1956760" lon="9.2721850">
    <ele>64.4</ele>
   </trkpt>
   <trkpt lat="56.1957200" lon="9.2721310">
    <ele>64.4</ele>
   </trkpt>
   <trkpt lat="56.1957650" lon="9.2720780">
    <ele>64.6</ele>
   </trkpt>
   <trkpt lat="56.1958070" lon="9.2720160">
    <ele>64.6</ele>
   </trkpt>
   <trkpt lat="56.1958490" lon="9.2719520">
    <ele>64.6</ele>
   </trkpt>
   <trkpt lat="56.1958930" lon="9.2718870">
    <ele>64.6</ele>
   </trkpt>
   <trkpt lat="56.1959380" lon="9.2718270">
    <ele>64.8</ele>
   </trkpt>
   <trkpt lat="56.1959850" lon="9.2717740">
    <ele>65.0</ele>
   </trkpt>
   <trkpt lat="56.1960310" lon="9.2717170">
    <ele>65.2</ele>
   </trkpt>
   <trkpt lat="56.1960770" lon="9.2716560">
    <ele>65.4</ele>
   </trkpt>
   <trkpt lat="56.1961240" lon="9.2715970">
    <ele>65.6</ele>
   </trkpt>
   <trkpt lat="56.1961720" lon="9.2715330">
    <ele>65.6</ele>
   </trkpt>
   <trkpt lat="56.1962190" lon="9.2714660">
    <ele>65.6</ele>
   </trkpt>
   <trkpt lat="56.1962630" lon="9.2713950">
    <ele>65.4</ele>
   </trkpt>
   <trkpt lat="56.1963080" lon="9.2713260">
    <ele>65.4</ele>
   </trkpt>
   <trkpt lat="56.1963540" lon="9.2712670">
    <ele>65.2</ele>
   </trkpt>
   <trkpt lat="56.1964010" lon="9.2712150">
    <ele>65.4</ele>
   </trkpt>
   <trkpt lat="56.1964490" lon="9.2711670">
    <ele>65.4</ele>
   </trkpt>
   <trkpt lat="56.1964950" lon="9.2711130">
    <ele>65.6</ele>
   </trkpt>
   <trkpt lat="56.1965430" lon="9.2710610">
    <ele>65.6</ele>
   </trkpt>
   <trkpt lat="56.1965940" lon="9.2710150">
    <ele>65.6</ele>
   </trkpt>
   <trkpt lat="56.1966450" lon="9.2709650">
    <ele>65.8</ele>
   </trkpt>
   <trkpt lat="56.1966940" lon="9.2709100">
    <ele>65.8</ele>
   </trkpt>
   <trkpt lat="56.1967410" lon="9.2708560">
    <ele>65.8</ele>
   </trkpt>
   <trkpt lat="56.1967880" lon="9.2708000">
    <ele>65.8</ele>
   </trkpt>
   <trkpt lat="56.1968350" lon="9.2707450">
    <ele>65.8</ele>
   </trkpt>
   <trkpt lat="56.1968850" lon="9.2706910">
    <ele>65.6</ele>
   </trkpt>
   <trkpt lat="56.1969350" lon="9.2706370">
    <ele>65.6</ele>
   </trkpt>
   <trkpt lat="56.1969840" lon="9.2705880">
    <ele>65.6</ele>
   </trkpt>
   <trkpt lat="56.1970320" lon="9.2705440">
    <ele>65.8</ele>
   </trkpt>
   <trkpt lat="56.1970760" lon="9.2704990">
    <ele>66.0</ele>
   </trkpt>
   <trkpt lat="56.1971200" lon="9.2704620">
    <ele>66.4</ele>
   </trkpt>
   <trkpt lat="56.1971610" lon="9.2704270">
    <ele>66.8</ele>
   </trkpt>
   <trkpt lat="56.1971910" lon="9.2704000">
    <ele>67.0</ele>
   </trkpt>
   <trkpt lat="56.1972130" lon="9.2703770">
    <ele>67.4</ele>
   </trkpt>
   <trkpt lat="56.1972290" lon="9.2703540">
    <ele>67.6</ele>
   </trkpt>
   <trkpt lat="56.1972460" lon="9.2703270">
    <ele>67.6</ele>
   </trkpt>
   <trkpt lat="56.1972660" lon="9.2702990">
    <ele>67.6</ele>
   </trkpt>
   <trkpt lat="56.1972910" lon="9.2702650">
    <ele>67.6</ele>
   </trkpt>
   <trkpt lat="56.1973190" lon="9.2702220">
    <ele>67.4</ele>
   </trkpt>
   <trkpt lat="56.1973520" lon="9.2701730">
    <ele>67.4</ele>
   </trkpt>
   <trkpt lat="56.1973880" lon="9.2701140">
    <ele>67.2</ele>
   </trkpt>
   <trkpt lat="56.1974250" lon="9.2700510">
    <ele>67.0</ele>
   </trkpt>
   <trkpt lat="56.1974600" lon="9.2699880">
    <ele>66.8</ele>
   </trkpt>
   <trkpt lat="56.1974990" lon="9.2699230">
    <ele>66.6</ele>
   </trkpt>
   <trkpt lat="56.1975420" lon="9.2698550">
    <ele>66.4</ele>
   </trkpt>
   <trkpt lat="56.1975840" lon="9.2697880">
    <ele>66.2</ele>
   </trkpt>
   <trkpt lat="56.1976240" lon="9.2697190">
    <ele>66.2</ele>
   </trkpt>
   <trkpt lat="56.1976610" lon="9.2696530">
    <ele>66.0</ele>
   </trkpt>
   <trkpt lat="56.1976950" lon="9.2695810">
    <ele>65.8</ele>
   </trkpt>
   <trkpt lat="56.1977320" lon="9.2695050">
    <ele>65.6</ele>
   </trkpt>
   <trkpt lat="56.1977700" lon="9.2694340">
    <ele>65.6</ele>
   </trkpt>
   <trkpt lat="56.1978060" lon="9.2693580">
    <ele>65.4</ele>
   </trkpt>
   <trkpt lat="56.1978420" lon="9.2692830">
    <ele>65.2</ele>
   </trkpt>
   <trkpt lat="56.1978780" lon="9.2692070">
    <ele>65.0</ele>
   </trkpt>
   <trkpt lat="56.1979130" lon="9.2691290">
    <ele>64.8</ele>
   </trkpt>
   <trkpt lat="56.1979490" lon="9.2690520">
    <ele>64.8</ele>
   </trkpt>
   <trkpt lat="56.1979860" lon="9.2689780">
    <ele>64.6</ele>
   </trkpt>
   <trkpt lat="56.1980220" lon="9.2689020">
    <ele>64.4</ele>
   </trkpt>
   <trkpt lat="56.1980590" lon="9.2688260">
    <ele>64.4</ele>
   </trkpt>
   <trkpt lat="56.1980950" lon="9.2687520">
    <ele>64.2</ele>
   </trkpt>
   <trkpt lat="56.1981300" lon="9.2686710">
    <ele>64.2</ele>
   </trkpt>
   <trkpt lat="56.1981640" lon="9.2685850">
    <ele>64.2</ele>
   </trkpt>
   <trkpt lat="56.1982000" lon="9.2685100">
    <ele>64.2</ele>
   </trkpt>
   <trkpt lat="56.1982360" lon="9.2684380">
    <ele>64.2</ele>
   </trkpt>
   <trkpt lat="56.1982700" lon="9.2683700">
    <ele>64.4</ele>
   </trkpt>
   <trkpt lat="56.1983030" lon="9.2682950">
    <ele>64.4</ele>
   </trkpt>
   <trkpt lat="56.1983360" lon="9.2682190">
    <ele>64.4</ele>
   </trkpt>
   <trkpt lat="56.1983730" lon="9.2681480">
    <ele>64.6</ele>
   </trkpt>
   <trkpt lat="56.1984060" lon="9.2680680">
    <ele>64.6</ele>
   </trkpt>
   <trkpt lat="56.1984370" lon="9.2679870">
    <ele>64.6</ele>
   </trkpt>
   <trkpt lat="56.1984720" lon="9.2679120">
    <ele>64.6</ele>
   </trkpt>
   <trkpt lat="56.1985090" lon="9.2678390">
    <ele>64.4</ele>
   </trkpt>
   <trkpt lat="56.1985430" lon="9.2677670">
    <ele>64.4</ele>
   </trkpt>
   <trkpt lat="56.1985780" lon="9.2676980">
    <ele>64.2</ele>
   </trkpt>
   <trkpt lat="56.1986110" lon="9.2676290">
    <ele>64.2</ele>
   </trkpt>
   <trkpt lat="56.1986420" lon="9.2675550">
    <ele>64.2</ele>
   </trkpt>
   <trkpt lat="56.1986710" lon="9.2674810">
    <ele>64.0</ele>
   </trkpt>
   <trkpt lat="56.1987010" lon="9.2674070">
    <ele>64.0</ele>
   </trkpt>
   <trkpt lat="56.1987310" lon="9.2673360">
    <ele>64.0</ele>
   </trkpt>
   <trkpt lat="56.1987590" lon="9.2672630">
    <ele>64.0</ele>
   </trkpt>
   <trkpt lat="56.1987890" lon="9.2671930">
    <ele>64.0</ele>
   </trkpt>
   <trkpt lat="56.1988180" lon="9.2671220">
    <ele>64.0</ele>
   </trkpt>
   <trkpt lat="56.1988450" lon="9.2670500">
    <ele>64.0</ele>
   </trkpt>
   <trkpt lat="56.1988700" lon="9.2669760">
    <ele>64.2</ele>
   </trkpt>
   <trkpt lat="56.1988940" lon="9.2669030">
    <ele>64.2</ele>
   </trkpt>
   <trkpt lat="56.1989190" lon="9.2668320">
    <ele>64.2</ele>
   </trkpt>
   <trkpt lat="56.1989460" lon="9.2667640">
    <ele>64.4</ele>
   </trkpt>
   <trkpt lat="56.1989720" lon="9.2666950">
    <ele>64.4</ele>
   </trkpt>
   <trkpt lat="56.1989980" lon="9.2666240">
    <ele>64.6</ele>
   </trkpt>
   <trkpt lat="56.1990250" lon="9.2665510">
    <ele>64.6</ele>
   </trkpt>
   <trkpt lat="56.1990520" lon="9.2664750">
    <ele>64.6</ele>
   </trkpt>
   <trkpt lat="56.1990780" lon="9.2663970">
    <ele>64.8</ele>
   </trkpt>
   <trkpt lat="56.1991040" lon="9.2663210">
    <ele>64.8</ele>
   </trkpt>
   <trkpt lat="56.1991310" lon="9.2662460">
    <ele>64.8</ele>
   </trkpt>
   <trkpt lat="56.1991580" lon="9.2661750">
    <ele>64.6</ele>
   </trkpt>
   <trkpt lat="56.1991850" lon="9.2661070">
    <ele>64.6</ele>
   </trkpt>
   <trkpt lat="56.1992080" lon="9.2660390">
    <ele>64.6</ele>
   </trkpt>
   <trkpt lat="56.1992300" lon="9.2659680">
    <ele>64.6</ele>
   </trkpt>
   <trkpt lat="56.1992540" lon="9.2658980">
    <ele>64.6</ele>
   </trkpt>
   <trkpt lat="56.1992800" lon="9.2658280">
    <ele>64.6</ele>
   </trkpt>
   <trkpt lat="56.1993050" lon="9.2657570">
    <ele>64.6</ele>
   </trkpt>
   <trkpt lat="56.1993320" lon="9.2656860">
    <ele>64.4</ele>
   </trkpt>
   <trkpt lat="56.1993570" lon="9.2656140">
    <ele>64.2</ele>
   </trkpt>
   <trkpt lat="56.1993810" lon="9.2655470">
    <ele>64.0</ele>
   </trkpt>
   <trkpt lat="56.1994050" lon="9.2654880">
    <ele>63.6</ele>
   </trkpt>
   <trkpt lat="56.1994260" lon="9.2654290">
    <ele>63.4</ele>
   </trkpt>
   <trkpt lat="56.1994480" lon="9.2653720">
    <ele>63.4</ele>
   </trkpt>
   <trkpt lat="56.1994690" lon="9.2653170">
    <ele>63.4</ele>
   </trkpt>
   <trkpt lat="56.1994850" lon="9.2652730">
    <ele>63.6</ele>
   </trkpt>
   <trkpt lat="56.1995110" lon="9.2652030">
    <ele>63.6</ele>
   </trkpt>
   <trkpt lat="56.1995320" lon="9.2651440">
    <ele>63.6</ele>
   </trkpt>
   <trkpt lat="56.1995530" lon="9.2650830">
    <ele>63.4</ele>
   </trkpt>
   <trkpt lat="56.1995760" lon="9.2650230">
    <ele>63.4</ele>
   </trkpt>
   <trkpt lat="56.1995980" lon="9.2649590">
    <ele>63.4</ele>
   </trkpt>
   <trkpt lat="56.1996180" lon="9.2648900">
    <ele>63.4</ele>
   </trkpt>
   <trkpt lat="56.1996400" lon="9.2648200">
    <ele>63.6</ele>
   </trkpt>
   <trkpt lat="56.1996630" lon="9.2647530">
    <ele>63.6</ele>
   </trkpt>
   <trkpt lat="56.1996880" lon="9.2646860">
    <ele>63.6</ele>
   </trkpt>
   <trkpt lat="56.1997130" lon="9.2646200">
    <ele>63.8</ele>
   </trkpt>
   <trkpt lat="56.1997370" lon="9.2645510">
    <ele>64.0</ele>
   </trkpt>
   <trkpt lat="56.1997620" lon="9.2644800">
    <ele>64.2</ele>
   </trkpt>
   <trkpt lat="56.1997880" lon="9.2644100">
    <ele>64.2</ele>
   </trkpt>
   <trkpt lat="56.1998120" lon="9.2643370">
    <ele>64.2</ele>
   </trkpt>
   <trkpt lat="56.1998370" lon="9.2642630">
    <ele>64.2</ele>
   </trkpt>
   <trkpt lat="56.1998620" lon="9.2641890">
    <ele>64.0</ele>
   </trkpt>
   <trkpt lat="56.1998880" lon="9.2641200">
    <ele>63.6</ele>
   </trkpt>
   <trkpt lat="56.1999140" lon="9.2640510">
    <ele>63.6</ele>
   </trkpt>
   <trkpt lat="56.1999380" lon="9.2639790">
    <ele>63.4</ele>
   </trkpt>
   <trkpt lat="56.1999620" lon="9.2639080">
    <ele>63.4</ele>
   </trkpt>
   <trkpt lat="56.1999890" lon="9.2638390">
    <ele>63.4</ele>
   </trkpt>
   <trkpt lat="56.2000180" lon="9.2637730">
    <ele>63.6</ele>
   </trkpt>
   <trkpt lat="56.2000470" lon="9.2637050">
    <ele>63.6</ele>
   </trkpt>
   <trkpt lat="56.2000740" lon="9.2636310">
    <ele>63.6</ele>
   </trkpt>
   <trkpt lat="56.2001010" lon="9.2635550">
    <ele>63.6</ele>
   </trkpt>
   <trkpt lat="56.2001280" lon="9.2634780">
    <ele>63.6</ele>
   </trkpt>
   <trkpt lat="56.2001530" lon="9.2634000">
    <ele>63.6</ele>
   </trkpt>
   <trkpt lat="56.2001800" lon="9.2633250">
    <ele>63.6</ele>
   </trkpt>
   <trkpt lat="56.2002080" lon="9.2632550">
    <ele>63.4</ele>
   </trkpt>
   <trkpt lat="56.2002340" lon="9.2631850">
    <ele>63.4</ele>
   </trkpt>
   <trkpt lat="56.2002570" lon="9.2631140">
    <ele>63.4</ele>
   </trkpt>
   <trkpt lat="56.2002790" lon="9.2630440">
    <ele>63.2</ele>
   </trkpt>
   <trkpt lat="56.2003000" lon="9.2629760">
    <ele>63.2</ele>
   </trkpt>
   <trkpt lat="56.2003230" lon="9.2629100">
    <ele>63.0</ele>
   </trkpt>
   <trkpt lat="56.2003470" lon="9.2628440">
    <ele>63.0</ele>
   </trkpt>
   <trkpt lat="56.2003720" lon="9.2627750">
    <ele>63.2</ele>
   </trkpt>
   <trkpt lat="56.2003960" lon="9.2627040">
    <ele>63.2</ele>
   </trkpt>
   <trkpt lat="56.2004220" lon="9.2626330">
    <ele>63.2</ele>
   </trkpt>
   <trkpt lat="56.2004460" lon="9.2625600">
    <ele>63.2</ele>
   </trkpt>
   <trkpt lat="56.2004690" lon="9.2624870">
    <ele>63.0</ele>
   </trkpt>
   <trkpt lat="56.2004920" lon="9.2624160">
    <ele>63.0</ele>
   </trkpt>
   <trkpt lat="56.2005170" lon="9.2623500">
    <ele>62.8</ele>
   </trkpt>
   <trkpt lat="56.2005410" lon="9.2622840">
    <ele>62.8</ele>
   </trkpt>
   <trkpt lat="56.2005630" lon="9.2622190">
    <ele>62.8</ele>
   </trkpt>
   <trkpt lat="56.2005850" lon="9.2621520">
    <ele>62.6</ele>
   </trkpt>
   <trkpt lat="56.2006090" lon="9.2620900">
    <ele>62.6</ele>
   </trkpt>
   <trkpt lat="56.2006340" lon="9.2620280">
    <ele>62.6</ele>
   </trkpt>
   <trkpt lat="56.2006560" lon="9.2619670">
    <ele>62.4</ele>
   </trkpt>
   <trkpt lat="56.2006780" lon="9.2619080">
    <ele>62.4</ele>
   </trkpt>
   <trkpt lat="56.2007000" lon="9.2618540">
    <ele>62.4</ele>
   </trkpt>
   <trkpt lat="56.2007210" lon="9.2617980">
    <ele>62.4</ele>
   </trkpt>
   <trkpt lat="56.2007400" lon="9.2617430">
    <ele>62.6</ele>
   </trkpt>
   <trkpt lat="56.2007570" lon="9.2616850">
    <ele>62.6</ele>
   </trkpt>
   <trkpt lat="56.2007730" lon="9.2616320">
    <ele>62.8</ele>
   </trkpt>
   <trkpt lat="56.2007920" lon="9.2615860">
    <ele>62.8</ele>
   </trkpt>
   <trkpt lat="56.2008110" lon="9.2615440">
    <ele>62.8</ele>
   </trkpt>
   <trkpt lat="56.2008270" lon="9.2614990">
    <ele>62.8</ele>
   </trkpt>
   <trkpt lat="56.2008390" lon="9.2614480">
    <ele>62.8</ele>
   </trkpt>
   <trkpt lat="56.2008520" lon="9.2614030">
    <ele>62.8</ele>
   </trkpt>
   <trkpt lat="56.2008670" lon="9.2613620">
    <ele>62.8</ele>
   </trkpt>
   <trkpt lat="56.2008810" lon="9.2613200">
    <ele>63.0</ele>
   </trkpt>
   <trkpt lat="56.2008950" lon="9.2612800">
    <ele>63.0</ele>
   </trkpt>
   <trkpt lat="56.2009100" lon="9.2612430">
    <ele>63.2</ele>
   </trkpt>
   <trkpt lat="56.2009270" lon="9.2612010">
    <ele>63.2</ele>
   </trkpt>
   <trkpt lat="56.2009450" lon="9.2611560">
    <ele>63.2</ele>
   </trkpt>
   <trkpt lat="56.2009630" lon="9.2610990">
    <ele>63.2</ele>
   </trkpt>
   <trkpt lat="56.2009830" lon="9.2610380">
    <ele>63.2</ele>
   </trkpt>
   <trkpt lat="56.2010040" lon="9.2609800">
    <ele>63.2</ele>
   </trkpt>
   <trkpt lat="56.2010250" lon="9.2609210">
    <ele>63.2</ele>
   </trkpt>
   <trkpt lat="56.2010480" lon="9.2608610">
    <ele>63.2</ele>
   </trkpt>
   <trkpt lat="56.2010720" lon="9.2608010">
    <ele>63.2</ele>
   </trkpt>
   <trkpt lat="56.2010940" lon="9.2607360">
    <ele>63.2</ele>
   </trkpt>
   <trkpt lat="56.2011180" lon="9.2606710">
    <ele>63.4</ele>
   </trkpt>
   <trkpt lat="56.2011420" lon="9.2606040">
    <ele>63.6</ele>
   </trkpt>
   <trkpt lat="56.2011650" lon="9.2605340">
    <ele>63.8</ele>
   </trkpt>
   <trkpt lat="56.2011880" lon="9.2604630">
    <ele>63.8</ele>
   </trkpt>
   <trkpt lat="56.2012130" lon="9.2603910">
    <ele>64.0</ele>
   </trkpt>
   <trkpt lat="56.2012390" lon="9.2603250">
    <ele>64.0</ele>
   </trkpt>
   <trkpt lat="56.2012690" lon="9.2602670">
    <ele>64.0</ele>
   </trkpt>
   <trkpt lat="56.2012970" lon="9.2602080">
    <ele>64.0</ele>
   </trkpt>
   <trkpt lat="56.2013200" lon="9.2601410">
    <ele>64.0</ele>
   </trkpt>
   <trkpt lat="56.2013410" lon="9.2600750">
    <ele>64.0</ele>
   </trkpt>
   <trkpt lat="56.2013620" lon="9.2600100">
    <ele>63.8</ele>
   </trkpt>
   <trkpt lat="56.2013870" lon="9.2599460">
    <ele>63.8</ele>
   </trkpt>
   <trkpt lat="56.2014130" lon="9.2598820">
    <ele>63.6</ele>
   </trkpt>
   <trkpt lat="56.2014380" lon="9.2598160">
    <ele>63.6</ele>
   </trkpt>
   <trkpt lat="56.2014600" lon="9.2597480">
    <ele>63.6</ele>
   </trkpt>
   <trkpt lat="56.2014820" lon="9.2596860">
    <ele>63.6</ele>
   </trkpt>
   <trkpt lat="56.2015060" lon="9.2596320">
    <ele>63.8</ele>
   </trkpt>
   <trkpt lat="56.2015270" lon="9.2595710">
    <ele>63.8</ele>
   </trkpt>
   <trkpt lat="56.2015450" lon="9.2595080">
    <ele>63.8</ele>
   </trkpt>
   <trkpt lat="56.2015640" lon="9.2594470">
    <ele>63.8</ele>
   </trkpt>
   <trkpt lat="56.2015850" lon="9.2593860">
    <ele>63.8</ele>
   </trkpt>
   <trkpt lat="56.2016080" lon="9.2593250">
    <ele>63.8</ele>
   </trkpt>
   <trkpt lat="56.2016330" lon="9.2592690">
    <ele>63.8</ele>
   </trkpt>
   <trkpt lat="56.2016610" lon="9.2592170">
    <ele>63.8</ele>
   </trkpt>
   <trkpt lat="56.2016880" lon="9.2591640">
    <ele>63.8</ele>
   </trkpt>
   <trkpt lat="56.2017150" lon="9.2591080">
    <ele>63.8</ele>
   </trkpt>
   <trkpt lat="56.2017410" lon="9.2590370">
    <ele>63.8</ele>
   </trkpt>
   <trkpt lat="56.2017640" lon="9.2589580">
    <ele>63.8</ele>
   </trkpt>
   <trkpt lat="56.2017920" lon="9.2588850">
    <ele>63.6</ele>
   </trkpt>
   <trkpt lat="56.2018220" lon="9.2588210">
    <ele>63.6</ele>
   </trkpt>
   <trkpt lat="56.2018520" lon="9.2587490">
    <ele>63.4</ele>
   </trkpt>
   <trkpt lat="56.2018760" lon="9.2586690">
    <ele>63.4</ele>
   </trkpt>
   <trkpt lat="56.2019050" lon="9.2586010">
    <ele>63.4</ele>
   </trkpt>
   <trkpt lat="56.2019370" lon="9.2585390">
    <ele>63.4</ele>
   </trkpt>
   <trkpt lat="56.2019670" lon="9.2584670">
    <ele>63.4</ele>
   </trkpt>
   <trkpt lat="56.2020010" lon="9.2583940">
    <ele>63.6</ele>
   </trkpt>
   <trkpt lat="56.2020310" lon="9.2583240">
    <ele>63.6</ele>
   </trkpt>
   <trkpt lat="56.2020580" lon="9.2582540">
    <ele>63.8</ele>
   </trkpt>
   <trkpt lat="56.2020900" lon="9.2581940">
    <ele>63.8</ele>
   </trkpt>
   <trkpt lat="56.2021210" lon="9.2581340">
    <ele>64.0</ele>
   </trkpt>
   <trkpt lat="56.2021560" lon="9.2580720">
    <ele>64.0</ele>
   </trkpt>
   <trkpt lat="56.2021910" lon="9.2580170">
    <ele>64.2</ele>
   </trkpt>
   <trkpt lat="56.2022310" lon="9.2579710">
    <ele>64.2</ele>
   </trkpt>
   <trkpt lat="56.2022670" lon="9.2579220">
    <ele>64.2</ele>
   </trkpt>
   <trkpt lat="56.2023060" lon="9.2578750">
    <ele>64.2</ele>
   </trkpt>
   <trkpt lat="56.2023440" lon="9.2578240">
    <ele>64.2</ele>
   </trkpt>
   <trkpt lat="56.2023770" lon="9.2577640">
    <ele>64.4</ele>
   </trkpt>
   <trkpt lat="56.2024090" lon="9.2577050">
    <ele>64.4</ele>
   </trkpt>
   <trkpt lat="56.2024480" lon="9.2576630">
    <ele>64.6</ele>
   </trkpt>
   <trkpt lat="56.2024840" lon="9.2576240">
    <ele>64.8</ele>
   </trkpt>
   <trkpt lat="56.2025210" lon="9.2575830">
    <ele>64.8</ele>
   </trkpt>
   <trkpt lat="56.2025570" lon="9.2575380">
    <ele>65.0</ele>
   </trkpt>
   <trkpt lat="56.2025920" lon="9.2574960">
    <ele>65.0</ele>
   </trkpt>
   <trkpt lat="56.2026230" lon="9.2574530">
    <ele>65.0</ele>
   </trkpt>
   <trkpt lat="56.2026590" lon="9.2574110">
    <ele>65.2</ele>
   </trkpt>
   <trkpt lat="56.2026990" lon="9.2573690">
    <ele>65.4</ele>
   </trkpt>
   <trkpt lat="56.2027390" lon="9.2573320">
    <ele>65.4</ele>
   </trkpt>
   <trkpt lat="56.2027780" lon="9.2573010">
    <ele>65.6</ele>
   </trkpt>
   <trkpt lat="56.2028150" lon="9.2572690">
    <ele>65.6</ele>
   </trkpt>
   <trkpt lat="56.2028500" lon="9.2572350">
    <ele>65.6</ele>
   </trkpt>
   <trkpt lat="56.2028860" lon="9.2572000">
    <ele>65.4</ele>
   </trkpt>
   <trkpt lat="56.2029240" lon="9.2571670">
    <ele>65.4</ele>
   </trkpt>
   <trkpt lat="56.2029630" lon="9.2571360">
    <ele>65.2</ele>
   </trkpt>
   <trkpt lat="56.2030000" lon="9.2571030">
    <ele>65.2</ele>
   </trkpt>
   <trkpt lat="56.2030370" lon="9.2570700">
    <ele>65.0</ele>
   </trkpt>
   <trkpt lat="56.2030740" lon="9.2570350">
    <ele>65.0</ele>
   </trkpt>
   <trkpt lat="56.2031110" lon="9.2570010">
    <ele>65.0</ele>
   </trkpt>
   <trkpt lat="56.2031490" lon="9.2569670">
    <ele>65.2</ele>
   </trkpt>
   <trkpt lat="56.2031840" lon="9.2569280">
    <ele>65.2</ele>
   </trkpt>
   <trkpt lat="56.2032240" lon="9.2568930">
    <ele>65.4</ele>
   </trkpt>
   <trkpt lat="56.2032630" lon="9.2568580">
    <ele>65.6</ele>
   </trkpt>
   <trkpt lat="56.2033020" lon="9.2568180">
    <ele>66.0</ele>
   </trkpt>
   <trkpt lat="56.2033400" lon="9.2567780">
    <ele>66.0</ele>
   </trkpt>
   <trkpt lat="56.2033770" lon="9.2567390">
    <ele>66.0</ele>
   </trkpt>
   <trkpt lat="56.2034150" lon="9.2567060">
    <ele>66.0</ele>
   </trkpt>
   <trkpt lat="56.2034520" lon="9.2566690">
    <ele>66.0</ele>
   </trkpt>
   <trkpt lat="56.2034870" lon="9.2566360">
    <ele>65.8</ele>
   </trkpt>
   <trkpt lat="56.2035220" lon="9.2565990">
    <ele>65.8</ele>
   </trkpt>
   <trkpt lat="56.2035550" lon="9.2565600">
    <ele>66.0</ele>
   </trkpt>
   <trkpt lat="56.2035910" lon="9.2565240">
    <ele>66.0</ele>
   </trkpt>
   <trkpt lat="56.2036290" lon="9.2564900">
    <ele>66.0</ele>
   </trkpt>
   <trkpt lat="56.2036660" lon="9.2564590">
    <ele>66.0</ele>
   </trkpt>
   <trkpt lat="56.2037020" lon="9.2564270">
    <ele>66.0</ele>
   </trkpt>
   <trkpt lat="56.2037390" lon="9.2563970">
    <ele>65.8</ele>
   </trkpt>
   <trkpt lat="56.2037760" lon="9.2563660">
    <ele>65.8</ele>
   </trkpt>
   <trkpt lat="56.2038130" lon="9.2563350">
    <ele>65.6</ele>
   </trkpt>
   <trkpt lat="56.2038500" lon="9.2563110">
    <ele>65.8</ele>
   </trkpt>
   <trkpt lat="56.2038870" lon="9.2562850">
    <ele>66.0</ele>
   </trkpt>
   <trkpt lat="56.2039250" lon="9.2562600">
    <ele>66.4</ele>
   </trkpt>
   <trkpt lat="56.2039620" lon="9.2562300">
    <ele>66.6</ele>
   </trkpt>
   <trkpt lat="56.2040000" lon="9.2562030">
    <ele>67.0</ele>
   </trkpt>
   <trkpt lat="56.2040370" lon="9.2561780">
    <ele>67.2</ele>
   </trkpt>
   <trkpt lat="56.2040750" lon="9.2561550">
    <ele>67.2</ele>
   </trkpt>
   <trkpt lat="56.2041130" lon="9.2561340">
    <ele>67.2</ele>
   </trkpt>
   <trkpt lat="56.2041510" lon="9.2561100">
    <ele>67.0</ele>
   </trkpt>
   <trkpt lat="56.2041870" lon="9.2560870">
    <ele>66.8</ele>
   </trkpt>
   <trkpt lat="56.2042210" lon="9.2560640">
    <ele>66.6</ele>
   </trkpt>
   <trkpt lat="56.2042550" lon="9.2560420">
    <ele>66.4</ele>
   </trkpt>
   <trkpt lat="56.2042910" lon="9.2560210">
    <ele>66.4</ele>
   </trkpt>
   <trkpt lat="56.2043250" lon="9.2559960">
    <ele>66.2</ele>
   </trkpt>
   <trkpt lat="56.2043610" lon="9.2559730">
    <ele>66.2</ele>
   </trkpt>
   <trkpt lat="56.2043870" lon="9.2559560">
    <ele>66.2</ele>
   </trkpt>
   <trkpt lat="56.2044210" lon="9.2559330">
    <ele>66.2</ele>
   </trkpt>
   <trkpt lat="56.2044490" lon="9.2559110">
    <ele>66.2</ele>
   </trkpt>
   <trkpt lat="56.2044780" lon="9.2558840">
    <ele>66.0</ele>
   </trkpt>
   <trkpt lat="56.2045070" lon="9.2558570">
    <ele>66.0</ele>
   </trkpt>
   <trkpt lat="56.2045340" lon="9.2558250">
    <ele>65.8</ele>
   </trkpt>
   <trkpt lat="56.2045620" lon="9.2557970">
    <ele>65.8</ele>
   </trkpt>
   <trkpt lat="56.2045910" lon="9.2557700">
    <ele>65.8</ele>
   </trkpt>
   <trkpt lat="56.2046210" lon="9.2557450">
    <ele>65.8</ele>
   </trkpt>
   <trkpt lat="56.2046550" lon="9.2557230">
    <ele>65.8</ele>
   </trkpt>
   <trkpt lat="56.2046920" lon="9.2557000">
    <ele>65.8</ele>
   </trkpt>
   <trkpt lat="56.2047300" lon="9.2556720">
    <ele>66.0</ele>
   </trkpt>
   <trkpt lat="56.2047650" lon="9.2556370">
    <ele>65.8</ele>
   </trkpt>
   <trkpt lat="56.2048040" lon="9.2556030">
    <ele>65.6</ele>
   </trkpt>
   <trkpt lat="56.2048530" lon="9.2555720">
    <ele>65.2</ele>
   </trkpt>
   <trkpt lat="56.2049040" lon="9.2555290">
    <ele>64.8</ele>
   </trkpt>
   <trkpt lat="56.2049510" lon="9.2554790">
    <ele>64.2</ele>
   </trkpt>
   <trkpt lat="56.2050000" lon="9.2554240">
    <ele>63.6</ele>
   </trkpt>
   <trkpt lat="56.2050430" lon="9.2553690">
    <ele>63.0</ele>
   </trkpt>
   <trkpt lat="56.2050830" lon="9.2553120">
    <ele>62.6</ele>
   </trkpt>
   <trkpt lat="56.2051250" lon="9.2552570">
    <ele>62.2</ele>
   </trkpt>
   <trkpt lat="56.2051730" lon="9.2552040">
    <ele>61.8</ele>
   </trkpt>
   <trkpt lat="56.2052190" lon="9.2551590">
    <ele>61.8</ele>
   </trkpt>
   <trkpt lat="56.2052890" lon="9.2550930">
    <ele>61.8</ele>
   </trkpt>
   <trkpt lat="56.2053470" lon="9.2550320">
    <ele>61.8</ele>
   </trkpt>
   <trkpt lat="56.2054040" lon="9.2549750">
    <ele>61.8</ele>
   </trkpt>
   <trkpt lat="56.2054570" lon="9.2549160">
    <ele>61.8</ele>
   </trkpt>
   <trkpt lat="56.2055060" lon="9.2548570">
    <ele>61.8</ele>
   </trkpt>
   <trkpt lat="56.2055590" lon="9.2547950">
    <ele>61.8</ele>
   </trkpt>
   <trkpt lat="56.2056110" lon="9.2547350">
    <ele>61.8</ele>
   </trkpt>
   <trkpt lat="56.2056610" lon="9.2546780">
    <ele>61.6</ele>
   </trkpt>
   <trkpt lat="56.2057100" lon="9.2546220">
    <ele>61.6</ele>
   </trkpt>
   <trkpt lat="56.2057570" lon="9.2545620">
    <ele>61.6</ele>
   </trkpt>
   <trkpt lat="56.2058050" lon="9.2544980">
    <ele>61.8</ele>
   </trkpt>
   <trkpt lat="56.2058560" lon="9.2544400">
    <ele>61.8</ele>
   </trkpt>
   <trkpt lat="56.2059000" lon="9.2543820">
    <ele>62.0</ele>
   </trkpt>
   <trkpt lat="56.2059440" lon="9.2543170">
    <ele>62.0</ele>
   </trkpt>
   <trkpt lat="56.2059870" lon="9.2542540">
    <ele>62.2</ele>
   </trkpt>
   <trkpt lat="56.2060320" lon="9.2542010">
    <ele>62.2</ele>
   </trkpt>
   <trkpt lat="56.2060730" lon="9.2541480">
    <ele>62.4</ele>
   </trkpt>
   <trkpt lat="56.2061130" lon="9.2540950">
    <ele>62.4</ele>
   </trkpt>
   <trkpt lat="56.2061470" lon="9.2540380">
    <ele>62.6</ele>
   </trkpt>
   <trkpt lat="56.2061890" lon="9.2539910">
    <ele>62.6</ele>
   </trkpt>
   <trkpt lat="56.2062340" lon="9.2539430">
    <ele>62.6</ele>
   </trkpt>
   <trkpt lat="56.2062810" lon="9.2539010">
    <ele>62.8</ele>
   </trkpt>
   <trkpt lat="56.2063200" lon="9.2538520">
    <ele>62.8</ele>
   </trkpt>
   <trkpt lat="56.2063570" lon="9.2537960">
    <ele>63.0</ele>
   </trkpt>
   <trkpt lat="56.2063890" lon="9.2537490">
    <ele>63.0</ele>
   </trkpt>
   <trkpt lat="56.2064220" lon="9.2537090">
    <ele>63.2</ele>
   </trkpt>
   <trkpt lat="56.2064590" lon="9.2536670">
    <ele>63.4</ele>
   </trkpt>
   <trkpt lat="56.2064930" lon="9.2536220">
    <ele>63.6</ele>
   </trkpt>
   <trkpt lat="56.2065300" lon="9.2535800">
    <ele>63.8</ele>
   </trkpt>
   <trkpt lat="56.2065670" lon="9.2535370">
    <ele>63.8</ele>
   </trkpt>
   <trkpt lat="56.2066030" lon="9.2534940">
    <ele>64.0</ele>
   </trkpt>
   <trkpt lat="56.2066380" lon="9.2534530">
    <ele>64.0</ele>
   </trkpt>
   <trkpt lat="56.2066740" lon="9.2534110">
    <ele>64.0</ele>
   </trkpt>
   <trkpt lat="56.2067090" lon="9.2533710">
    <ele>64.0</ele>
   </trkpt>
   <trkpt lat="56.2067430" lon="9.2533360">
    <ele>64.2</ele>
   </trkpt>
   <trkpt lat="56.2067770" lon="9.2533000">
    <ele>64.2</ele>
   </trkpt>
   <trkpt lat="56.2068110" lon="9.2532550">
    <ele>64.0</ele>
   </trkpt>
   <trkpt lat="56.2068410" lon="9.2532160">
    <ele>64.0</ele>
   </trkpt>
   <trkpt lat="56.2068700" lon="9.2531790">
    <ele>64.0</ele>
   </trkpt>
   <trkpt lat="56.2069010" lon="9.2531490">
    <ele>63.8</ele>
   </trkpt>
   <trkpt lat="56.2069340" lon="9.2531120">
    <ele>63.8</ele>
   </trkpt>
   <trkpt lat="56.2069700" lon="9.2530700">
    <ele>64.0</ele>
   </trkpt>
   <trkpt lat="56.2070070" lon="9.2530210">
    <ele>64.2</ele>
   </trkpt>
   <trkpt lat="56.2070420" lon="9.2529750">
    <ele>64.2</ele>
   </trkpt>
   <trkpt lat="56.2070750" lon="9.2529250">
    <ele>64.4</ele>
   </trkpt>
   <trkpt lat="56.2071080" lon="9.2528750">
    <ele>64.4</ele>
   </trkpt>
   <trkpt lat="56.2071430" lon="9.2528210">
    <ele>64.2</ele>
   </trkpt>
   <trkpt lat="56.2071790" lon="9.2527720">
    <ele>64.0</ele>
   </trkpt>
   <trkpt lat="56.2072180" lon="9.2527300">
    <ele>63.8</ele>
   </trkpt>
   <trkpt lat="56.2072520" lon="9.2526800">
    <ele>63.6</ele>
   </trkpt>
   <trkpt lat="56.2072880" lon="9.2526350">
    <ele>63.4</ele>
   </trkpt>
   <trkpt lat="56.2073230" lon="9.2525800">
    <ele>63.4</ele>
   </trkpt>
   <trkpt lat="56.2073570" lon="9.2525260">
    <ele>63.4</ele>
   </trkpt>
   <trkpt lat="56.2073920" lon="9.2524730">
    <ele>63.6</ele>
   </trkpt>
   <trkpt lat="56.2074290" lon="9.2524180">
    <ele>63.6</ele>
   </trkpt>
   <trkpt lat="56.2074660" lon="9.2523640">
    <ele>63.6</ele>
   </trkpt>
   <trkpt lat="56.2075040" lon="9.2523080">
    <ele>63.8</ele>
   </trkpt>
   <trkpt lat="56.2075420" lon="9.2522490">
    <ele>63.8</ele>
   </trkpt>
   <trkpt lat="56.2075810" lon="9.2521910">
    <ele>63.8</ele>
   </trkpt>
   <trkpt lat="56.2076170" lon="9.2521310">
    <ele>63.8</ele>
   </trkpt>
   <trkpt lat="56.2076500" lon="9.2520700">
    <ele>63.8</ele>
   </trkpt>
   <trkpt lat="56.2076850" lon="9.2520130">
    <ele>63.8</ele>
   </trkpt>
   <trkpt lat="56.2077210" lon="9.2519630">
    <ele>63.6</ele>
   </trkpt>
   <trkpt lat="56.2077560" lon="9.2519140">
    <ele>63.6</ele>
   </trkpt>
   <trkpt lat="56.2077800" lon="9.2518700">
    <ele>63.6</ele>
   </trkpt>
   <trkpt lat="56.2078210" lon="9.2518200">
    <ele>63.6</ele>
   </trkpt>
   <trkpt lat="56.2078530" lon="9.2517610">
    <ele>63.6</ele>
   </trkpt>
   <trkpt lat="56.2078850" lon="9.2517090">
    <ele>63.4</ele>
   </trkpt>
   <trkpt lat="56.2079110" lon="9.2516390">
    <ele>63.4</ele>
   </trkpt>
   <trkpt lat="56.2079330" lon="9.2515750">
    <ele>63.4</ele>
   </trkpt>
   <trkpt lat="56.2079560" lon="9.2515280">
    <ele>63.4</ele>
   </trkpt>
   <trkpt lat="56.2079950" lon="9.2514740">
    <ele>63.4</ele>
   </trkpt>
   <trkpt lat="56.2080310" lon="9.2514290">
    <ele>63.4</ele>
   </trkpt>
   <trkpt lat="56.2080660" lon="9.2513810">
    <ele>63.4</ele>
   </trkpt>
   <trkpt lat="56.2080980" lon="9.2513280">
    <ele>63.2</ele>
   </trkpt>
   <trkpt lat="56.2081270" lon="9.2512840">
    <ele>63.2</ele>
   </trkpt>
   <trkpt lat="56.2081510" lon="9.2512370">
    <ele>63.2</ele>
   </trkpt>
   <trkpt lat="56.2081830" lon="9.2512040">
    <ele>63.2</ele>
   </trkpt>
   <trkpt lat="56.2082110" lon="9.2511730">
    <ele>63.2</ele>
   </trkpt>
   <trkpt lat="56.2082410" lon="9.2511420">
    <ele>63.0</ele>
   </trkpt>
   <trkpt lat="56.2082680" lon="9.2511060">
    <ele>63.0</ele>
   </trkpt>
   <trkpt lat="56.2083020" lon="9.2510600">
    <ele>63.0</ele>
   </trkpt>
   <trkpt lat="56.2083330" lon="9.2510010">
    <ele>62.8</ele>
   </trkpt>
   <trkpt lat="56.2083630" lon="9.2509470">
    <ele>62.6</ele>
   </trkpt>
   <trkpt lat="56.2083980" lon="9.2509050">
    <ele>62.6</ele>
   </trkpt>
   <trkpt lat="56.2084250" lon="9.2508410">
    <ele>62.4</ele>
   </trkpt>
   <trkpt lat="56.2084570" lon="9.2507950">
    <ele>62.2</ele>
   </trkpt>
   <trkpt lat="56.2084900" lon="9.2507450">
    <ele>62.0</ele>
   </trkpt>
   <trkpt lat="56.2085210" lon="9.2506960">
    <ele>61.8</ele>
   </trkpt>
   <trkpt lat="56.2085560" lon="9.2506510">
    <ele>61.8</ele>
   </trkpt>
   <trkpt lat="56.2085880" lon="9.2505990">
    <ele>61.6</ele>
   </trkpt>
   <trkpt lat="56.2086170" lon="9.2505400">
    <ele>61.6</ele>
   </trkpt>
   <trkpt lat="56.2086490" lon="9.2504940">
    <ele>61.6</ele>
   </trkpt>
   <trkpt lat="56.2086810" lon="9.2504480">
    <ele>61.6</ele>
   </trkpt>
   <trkpt lat="56.2087110" lon="9.2504030">
    <ele>61.6</ele>
   </trkpt>
   <trkpt lat="56.2087430" lon="9.2503590">
    <ele>61.6</ele>
   </trkpt>
   <trkpt lat="56.2087700" lon="9.2503120">
    <ele>61.6</ele>
   </trkpt>
   <trkpt lat="56.2088000" lon="9.2502670">
    <ele>61.6</ele>
   </trkpt>
   <trkpt lat="56.2088300" lon="9.2502260">
    <ele>61.6</ele>
   </trkpt>
   <trkpt lat="56.2088590" lon="9.2501860">
    <ele>61.8</ele>
   </trkpt>
   <trkpt lat="56.2088860" lon="9.2501480">
    <ele>61.8</ele>
   </trkpt>
   <trkpt lat="56.2089110" lon="9.2501080">
    <ele>61.8</ele>
   </trkpt>
   <trkpt lat="56.2089350" lon="9.2500670">
    <ele>61.8</ele>
   </trkpt>
   <trkpt lat="56.2089600" lon="9.2500280">
    <ele>61.8</ele>
   </trkpt>
   <trkpt lat="56.2089860" lon="9.2499890">
    <ele>62.0</ele>
   </trkpt>
   <trkpt lat="56.2090130" lon="9.2499470">
    <ele>62.0</ele>
   </trkpt>
   <trkpt lat="56.2090400" lon="9.2499020">
    <ele>62.2</ele>
   </trkpt>
   <trkpt lat="56.2090700" lon="9.2498590">
    <ele>62.2</ele>
   </trkpt>
   <trkpt lat="56.2091010" lon="9.2498160">
    <ele>62.2</ele>
   </trkpt>
   <trkpt lat="56.2091310" lon="9.2497740">
    <ele>62.2</ele>
   </trkpt>
   <trkpt lat="56.2091590" lon="9.2497340">
    <ele>62.2</ele>
   </trkpt>
   <trkpt lat="56.2091870" lon="9.2496930">
    <ele>62.2</ele>
   </trkpt>
   <trkpt lat="56.2092140" lon="9.2496510">
    <ele>62.4</ele>
   </trkpt>
   <trkpt lat="56.2092420" lon="9.2496080">
    <ele>62.4</ele>
   </trkpt>
   <trkpt lat="56.2092700" lon="9.2495670">
    <ele>62.4</ele>
   </trkpt>
   <trkpt lat="56.2092980" lon="9.2495270">
    <ele>62.6</ele>
   </trkpt>
   <trkpt lat="56.2093230" lon="9.2494880">
    <ele>62.8</ele>
   </trkpt>
   <trkpt lat="56.2093470" lon="9.2494540">
    <ele>62.8</ele>
   </trkpt>
   <trkpt lat="56.2093690" lon="9.2494250">
    <ele>63.0</ele>
   </trkpt>
   <trkpt lat="56.2093900" lon="9.2494010">
    <ele>63.0</ele>
   </trkpt>
   <trkpt lat="56.2094080" lon="9.2493820">
    <ele>63.2</ele>
   </trkpt>
   <trkpt lat="56.2094230" lon="9.2493640">
    <ele>63.4</ele>
   </trkpt>
   <trkpt lat="56.2094380" lon="9.2493490">
    <ele>63.4</ele>
   </trkpt>
   <trkpt lat="56.2094510" lon="9.2493340">
    <ele>63.4</ele>
   </trkpt>
   <trkpt lat="56.2094610" lon="9.2493220">
    <ele>63.6</ele>
   </trkpt>
   <trkpt lat="56.2094690" lon="9.2493170">
    <ele>63.6</ele>
   </trkpt>
   <trkpt lat="56.2094720" lon="9.2493160">
    <ele>63.6</ele>
   </trkpt>
   <trkpt lat="56.2095420" lon="9.2492180">
    <ele>63.4</ele>
   </trkpt>
   <trkpt lat="56.2095630" lon="9.2491970">
    <ele>63.6</ele>
   </trkpt>
   <trkpt lat="56.2095840" lon="9.2491700">
    <ele>63.8</ele>
   </trkpt>
   <trkpt lat="56.2096030" lon="9.2491400">
    <ele>63.8</ele>
   </trkpt>
   <trkpt lat="56.2096220" lon="9.2491080">
    <ele>63.8</ele>
   </trkpt>
   <trkpt lat="56.2096400" lon="9.2490730">
    <ele>63.8</ele>
   </trkpt>
   <trkpt lat="56.2096610" lon="9.2490350">
    <ele>63.8</ele>
   </trkpt>
   <trkpt lat="56.2096880" lon="9.2489960">
    <ele>63.6</ele>
   </trkpt>
   <trkpt lat="56.2097160" lon="9.2489570">
    <ele>63.4</ele>
   </trkpt>
   <trkpt lat="56.2097480" lon="9.2489220">
    <ele>63.2</ele>
   </trkpt>
   <trkpt lat="56.2097820" lon="9.2488910">
    <ele>63.2</ele>
   </trkpt>
   <trkpt lat="56.2098150" lon="9.2488560">
    <ele>63.2</ele>
   </trkpt>
   <trkpt lat="56.2098450" lon="9.2488200">
    <ele>63.2</ele>
   </trkpt>
   <trkpt lat="56.2098760" lon="9.2487850">
    <ele>63.2</ele>
   </trkpt>
   <trkpt lat="56.2099080" lon="9.2487470">
    <ele>63.0</ele>
   </trkpt>
   <trkpt lat="56.2099420" lon="9.2487080">
    <ele>62.8</ele>
   </trkpt>
   <trkpt lat="56.2099760" lon="9.2486670">
    <ele>62.4</ele>
   </trkpt>
   <trkpt lat="56.2100070" lon="9.2486250">
    <ele>62.2</ele>
   </trkpt>
   <trkpt lat="56.2100390" lon="9.2485800">
    <ele>62.2</ele>
   </trkpt>
   <trkpt lat="56.2100750" lon="9.2485360">
    <ele>62.2</ele>
   </trkpt>
   <trkpt lat="56.2101150" lon="9.2484910">
    <ele>62.2</ele>
   </trkpt>
   <trkpt lat="56.2101540" lon="9.2484440">
    <ele>62.0</ele>
   </trkpt>
   <trkpt lat="56.2101930" lon="9.2483930">
    <ele>61.8</ele>
   </trkpt>
   <trkpt lat="56.2102350" lon="9.2483410">
    <ele>61.4</ele>
   </trkpt>
   <trkpt lat="56.2102760" lon="9.2482900">
    <ele>61.0</ele>
   </trkpt>
   <trkpt lat="56.2103170" lon="9.2482380">
    <ele>60.8</ele>
   </trkpt>
   <trkpt lat="56.2103570" lon="9.2481860">
    <ele>60.6</ele>
   </trkpt>
   <trkpt lat="56.2103960" lon="9.2481350">
    <ele>60.2</ele>
   </trkpt>
   <trkpt lat="56.2104370" lon="9.2480840">
    <ele>60.2</ele>
   </trkpt>
   <trkpt lat="56.2104800" lon="9.2480320">
    <ele>60.0</ele>
   </trkpt>
   <trkpt lat="56.2105220" lon="9.2479820">
    <ele>59.8</ele>
   </trkpt>
   <trkpt lat="56.2105620" lon="9.2479310">
    <ele>59.6</ele>
   </trkpt>
   <trkpt lat="56.2106010" lon="9.2478800">
    <ele>59.4</ele>
   </trkpt>
   <trkpt lat="56.2106390" lon="9.2478300">
    <ele>59.4</ele>
   </trkpt>
   <trkpt lat="56.2106780" lon="9.2477790">
    <ele>59.4</ele>
   </trkpt>
   <trkpt lat="56.2107170" lon="9.2477290">
    <ele>59.6</ele>
   </trkpt>
   <trkpt lat="56.2107550" lon="9.2476780">
    <ele>59.8</ele>
   </trkpt>
   <trkpt lat="56.2107940" lon="9.2476260">
    <ele>60.0</ele>
   </trkpt>
   <trkpt lat="56.2108320" lon="9.2475730">
    <ele>60.0</ele>
   </trkpt>
   <trkpt lat="56.2108720" lon="9.2475190">
    <ele>60.0</ele>
   </trkpt>
   <trkpt lat="56.2109110" lon="9.2474640">
    <ele>60.0</ele>
   </trkpt>
   <trkpt lat="56.2109520" lon="9.2474120">
    <ele>59.8</ele>
   </trkpt>
   <trkpt lat="56.2109940" lon="9.2473620">
    <ele>59.8</ele>
   </trkpt>
   <trkpt lat="56.2110360" lon="9.2473140">
    <ele>59.6</ele>
   </trkpt>
   <trkpt lat="56.2110780" lon="9.2472680">
    <ele>59.6</ele>
   </trkpt>
   <trkpt lat="56.2111170" lon="9.2472210">
    <ele>59.4</ele>
   </trkpt>
   <trkpt lat="56.2111560" lon="9.2471740">
    <ele>59.4</ele>
   </trkpt>
   <trkpt lat="56.2111940" lon="9.2471320">
    <ele>59.4</ele>
   </trkpt>
   <trkpt lat="56.2112300" lon="9.2470890">
    <ele>59.4</ele>
   </trkpt>
   <trkpt lat="56.2112650" lon="9.2470460">
    <ele>59.6</ele>
   </trkpt>
   <trkpt lat="56.2112980" lon="9.2470010">
    <ele>59.8</ele>
   </trkpt>
   <trkpt lat="56.2113330" lon="9.2469540">
    <ele>60.0</ele>
   </trkpt>
   <trkpt lat="56.2113690" lon="9.2469080">
    <ele>60.2</ele>
   </trkpt>
   <trkpt lat="56.2114080" lon="9.2468600">
    <ele>60.4</ele>
   </trkpt>
   <trkpt lat="56.2114460" lon="9.2468120">
    <ele>60.6</ele>
   </trkpt>
   <trkpt lat="56.2114840" lon="9.2467640">
    <ele>60.6</ele>
   </trkpt>
   <trkpt lat="56.2115230" lon="9.2467150">
    <ele>60.6</ele>
   </trkpt>
   <trkpt lat="56.2115640" lon="9.2466670">
    <ele>60.6</ele>
   </trkpt>
   <trkpt lat="56.2116050" lon="9.2466150">
    <ele>60.4</ele>
   </trkpt>
   <trkpt lat="56.2116470" lon="9.2465610">
    <ele>60.4</ele>
   </trkpt>
   <trkpt lat="56.2116890" lon="9.2465060">
    <ele>60.4</ele>
   </trkpt>
   <trkpt lat="56.2117310" lon="9.2464500">
    <ele>60.2</ele>
   </trkpt>
   <trkpt lat="56.2117760" lon="9.2463960">
    <ele>60.0</ele>
   </trkpt>
   <trkpt lat="56.2118110" lon="9.2463540">
    <ele>60.0</ele>
   </trkpt>
   <trkpt lat="56.2118630" lon="9.2462880">
    <ele>60.0</ele>
   </trkpt>
   <trkpt lat="56.2119070" lon="9.2462330">
    <ele>60.0</ele>
   </trkpt>
   <trkpt lat="56.2119510" lon="9.2461800">
    <ele>60.0</ele>
   </trkpt>
   <trkpt lat="56.2119940" lon="9.2461260">
    <ele>59.8</ele>
   </trkpt>
   <trkpt lat="56.2120370" lon="9.2460720">
    <ele>59.8</ele>
   </trkpt>
   <trkpt lat="56.2120820" lon="9.2460170">
    <ele>59.8</ele>
   </trkpt>
   <trkpt lat="56.2121270" lon="9.2459630">
    <ele>59.6</ele>
   </trkpt>
   <trkpt lat="56.2121720" lon="9.2459090">
    <ele>59.6</ele>
   </trkpt>
   <trkpt lat="56.2122160" lon="9.2458560">
    <ele>59.6</ele>
   </trkpt>
   <trkpt lat="56.2122570" lon="9.2458030">
    <ele>59.4</ele>
   </trkpt>
   <trkpt lat="56.2122980" lon="9.2457500">
    <ele>59.4</ele>
   </trkpt>
   <trkpt lat="56.2123380" lon="9.2457000">
    <ele>59.2</ele>
   </trkpt>
   <trkpt lat="56.2123760" lon="9.2456490">
    <ele>59.2</ele>
   </trkpt>
   <trkpt lat="56.2124140" lon="9.2456010">
    <ele>59.0</ele>
   </trkpt>
   <trkpt lat="56.2124520" lon="9.2455520">
    <ele>59.0</ele>
   </trkpt>
   <trkpt lat="56.2124920" lon="9.2455020">
    <ele>59.0</ele>
   </trkpt>
   <trkpt lat="56.2125310" lon="9.2454490">
    <ele>59.0</ele>
   </trkpt>
   <trkpt lat="56.2125700" lon="9.2453930">
    <ele>59.0</ele>
   </trkpt>
   <trkpt lat="56.2126070" lon="9.2453370">
    <ele>59.2</ele>
   </trkpt>
   <trkpt lat="56.2126450" lon="9.2452800">
    <ele>59.2</ele>
   </trkpt>
   <trkpt lat="56.2126830" lon="9.2452200">
    <ele>59.0</ele>
   </trkpt>
   <trkpt lat="56.2127170" lon="9.2451570">
    <ele>59.0</ele>
   </trkpt>
   <trkpt lat="56.2127520" lon="9.2450970">
    <ele>59.0</ele>
   </trkpt>
   <trkpt lat="56.2127860" lon="9.2450380">
    <ele>59.0</ele>
   </trkpt>
   <trkpt lat="56.2128180" lon="9.2449780">
    <ele>59.0</ele>
   </trkpt>
   <trkpt lat="56.2128500" lon="9.2449180">
    <ele>59.2</ele>
   </trkpt>
   <trkpt lat="56.2128820" lon="9.2448570">
    <ele>59.4</ele>
   </trkpt>
   <trkpt lat="56.2129140" lon="9.2447960">
    <ele>59.6</ele>
   </trkpt>
   <trkpt lat="56.2129470" lon="9.2447320">
    <ele>59.8</ele>
   </trkpt>
   <trkpt lat="56.2129790" lon="9.2446660">
    <ele>60.0</ele>
   </trkpt>
   <trkpt lat="56.2130110" lon="9.2445990">
    <ele>60.0</ele>
   </trkpt>
   <trkpt lat="56.2130450" lon="9.2445330">
    <ele>60.2</ele>
   </trkpt>
   <trkpt lat="56.2130790" lon="9.2444690">
    <ele>60.2</ele>
   </trkpt>
   <trkpt lat="56.2131120" lon="9.2444010">
    <ele>60.0</ele>
   </trkpt>
   <trkpt lat="56.2131450" lon="9.2443360">
    <ele>60.0</ele>
   </trkpt>
   <trkpt lat="56.2131800" lon="9.2442710">
    <ele>59.8</ele>
   </trkpt>
   <trkpt lat="56.2132150" lon="9.2442040">
    <ele>59.6</ele>
   </trkpt>
   <trkpt lat="56.2132490" lon="9.2441370">
    <ele>59.4</ele>
   </trkpt>
   <trkpt lat="56.2132810" lon="9.2440720">
    <ele>59.2</ele>
   </trkpt>
   <trkpt lat="56.2133150" lon="9.2440050">
    <ele>59.2</ele>
   </trkpt>
   <trkpt lat="56.2133490" lon="9.2439360">
    <ele>59.2</ele>
   </trkpt>
   <trkpt lat="56.2133830" lon="9.2438650">
    <ele>59.0</ele>
   </trkpt>
   <trkpt lat="56.2134200" lon="9.2437970">
    <ele>59.0</ele>
   </trkpt>
   <trkpt lat="56.2134560" lon="9.2437300">
    <ele>59.0</ele>
   </trkpt>
   <trkpt lat="56.2134910" lon="9.2436620">
    <ele>59.0</ele>
   </trkpt>
   <trkpt lat="56.2135250" lon="9.2435960">
    <ele>59.0</ele>
   </trkpt>
   <trkpt lat="56.2135600" lon="9.2435290">
    <ele>59.2</ele>
   </trkpt>
   <trkpt lat="56.2135930" lon="9.2434640">
    <ele>59.2</ele>
   </trkpt>
   <trkpt lat="56.2136270" lon="9.2434000">
    <ele>59.2</ele>
   </trkpt>
   <trkpt lat="56.2136620" lon="9.2433350">
    <ele>59.2</ele>
   </trkpt>
   <trkpt lat="56.2136970" lon="9.2432710">
    <ele>59.0</ele>
   </trkpt>
   <trkpt lat="56.2137350" lon="9.2432100">
    <ele>59.0</ele>
   </trkpt>
   <trkpt lat="56.2137750" lon="9.2431500">
    <ele>59.0</ele>
   </trkpt>
   <trkpt lat="56.2138180" lon="9.2430910">
    <ele>59.0</ele>
   </trkpt>
   <trkpt lat="56.2138640" lon="9.2430370">
    <ele>59.2</ele>
   </trkpt>
   <trkpt lat="56.2139130" lon="9.2429870">
    <ele>59.2</ele>
   </trkpt>
   <trkpt lat="56.2139640" lon="9.2429450">
    <ele>59.2</ele>
   </trkpt>
   <trkpt lat="56.2140140" lon="9.2429050">
    <ele>59.0</ele>
   </trkpt>
   <trkpt lat="56.2140640" lon="9.2428740">
    <ele>58.8</ele>
   </trkpt>
   <trkpt lat="56.2141160" lon="9.2428510">
    <ele>58.6</ele>
   </trkpt>
   <trkpt lat="56.2141680" lon="9.2428330">
    <ele>58.4</ele>
   </trkpt>
   <trkpt lat="56.2142200" lon="9.2428170">
    <ele>58.4</ele>
   </trkpt>
   <trkpt lat="56.2142770" lon="9.2427990">
    <ele>58.2</ele>
   </trkpt>
   <trkpt lat="56.2143330" lon="9.2427790">
    <ele>58.0</ele>
   </trkpt>
   <trkpt lat="56.2143740" lon="9.2427700">
    <ele>58.0</ele>
   </trkpt>
   <trkpt lat="56.2144330" lon="9.2427600">
    <ele>57.8</ele>
   </trkpt>
   <trkpt lat="56.2144820" lon="9.2427540">
    <ele>57.8</ele>
   </trkpt>
   <trkpt lat="56.2145310" lon="9.2427480">
    <ele>57.8</ele>
   </trkpt>
   <trkpt lat="56.2145810" lon="9.2427380">
    <ele>57.8</ele>
   </trkpt>
   <trkpt lat="56.2146300" lon="9.2427270">
    <ele>58.0</ele>
   </trkpt>
   <trkpt lat="56.2146790" lon="9.2427170">
    <ele>58.2</ele>
   </trkpt>
   <trkpt lat="56.2147260" lon="9.2427120">
    <ele>58.4</ele>
   </trkpt>
   <trkpt lat="56.2147720" lon="9.2427070">
    <ele>58.6</ele>
   </trkpt>
   <trkpt lat="56.2148190" lon="9.2427020">
    <ele>58.8</ele>
   </trkpt>
   <trkpt lat="56.2148680" lon="9.2426970">
    <ele>58.8</ele>
   </trkpt>
   <trkpt lat="56.2149170" lon="9.2426890">
    <ele>58.8</ele>
   </trkpt>
   <trkpt lat="56.2149660" lon="9.2426750">
    <ele>59.0</ele>
   </trkpt>
   <trkpt lat="56.2150150" lon="9.2426640">
    <ele>59.0</ele>
   </trkpt>
   <trkpt lat="56.2150640" lon="9.2426550">
    <ele>59.2</ele>
   </trkpt>
   <trkpt lat="56.2151140" lon="9.2426460">
    <ele>59.2</ele>
   </trkpt>
   <trkpt lat="56.2151610" lon="9.2426380">
    <ele>59.2</ele>
   </trkpt>
   <trkpt lat="56.2152090" lon="9.2426310">
    <ele>59.2</ele>
   </trkpt>
   <trkpt lat="56.2152570" lon="9.2426210">
    <ele>59.4</ele>
   </trkpt>
   <trkpt lat="56.2153050" lon="9.2426100">
    <ele>59.2</ele>
   </trkpt>
   <trkpt lat="56.2153550" lon="9.2426010">
    <ele>59.2</ele>
   </trkpt>
   <trkpt lat="56.2154040" lon="9.2425920">
    <ele>59.2</ele>
   </trkpt>
   <trkpt lat="56.2154540" lon="9.2425840">
    <ele>59.2</ele>
   </trkpt>
   <trkpt lat="56.2155040" lon="9.2425750">
    <ele>59.0</ele>
   </trkpt>
   <trkpt lat="56.2155560" lon="9.2425690">
    <ele>59.0</ele>
   </trkpt>
   <trkpt lat="56.2156070" lon="9.2425600">
    <ele>59.0</ele>
   </trkpt>
   <trkpt lat="56.2156570" lon="9.2425480">
    <ele>59.0</ele>
   </trkpt>
   <trkpt lat="56.2157040" lon="9.2425370">
    <ele>59.0</ele>
   </trkpt>
   <trkpt lat="56.2157520" lon="9.2425300">
    <ele>59.0</ele>
   </trkpt>
   <trkpt lat="56.2158020" lon="9.2425250">
    <ele>59.0</ele>
   </trkpt>
   <trkpt lat="56.2158530" lon="9.2425160">
    <ele>59.0</ele>
   </trkpt>
   <trkpt lat="56.2159040" lon="9.2425070">
    <ele>59.0</ele>
   </trkpt>
   <trkpt lat="56.2159530" lon="9.2424980">
    <ele>59.2</ele>
   </trkpt>
   <trkpt lat="56.2160000" lon="9.2424880">
    <ele>59.4</ele>
   </trkpt>
   <trkpt lat="56.2160470" lon="9.2424800">
    <ele>59.6</ele>
   </trkpt>
   <trkpt lat="56.2160940" lon="9.2424680">
    <ele>59.8</ele>
   </trkpt>
   <trkpt lat="56.2161410" lon="9.2424540">
    <ele>59.8</ele>
   </trkpt>
   <trkpt lat="56.2161870" lon="9.2424450">
    <ele>60.0</ele>
   </trkpt>
   <trkpt lat="56.2162320" lon="9.2424360">
    <ele>60.0</ele>
   </trkpt>
   <trkpt lat="56.2162780" lon="9.2424260">
    <ele>60.2</ele>
   </trkpt>
   <trkpt lat="56.2163230" lon="9.2424190">
    <ele>60.4</ele>
   </trkpt>
   <trkpt lat="56.2163690" lon="9.2424120">
    <ele>60.4</ele>
   </trkpt>
   <trkpt lat="56.2164120" lon="9.2424020">
    <ele>60.6</ele>
   </trkpt>
   <trkpt lat="56.2164520" lon="9.2423900">
    <ele>60.6</ele>
   </trkpt>
   <trkpt lat="56.2164910" lon="9.2423780">
    <ele>60.6</ele>
   </trkpt>
   <trkpt lat="56.2165290" lon="9.2423680">
    <ele>60.6</ele>
   </trkpt>
   <trkpt lat="56.2165680" lon="9.2423610">
    <ele>60.8</ele>
   </trkpt>
   <trkpt lat="56.2166070" lon="9.2423540">
    <ele>61.2</ele>
   </trkpt>
   <trkpt lat="56.2166470" lon="9.2423460">
    <ele>61.4</ele>
   </trkpt>
   <trkpt lat="56.2166870" lon="9.2423390">
    <ele>61.6</ele>
   </trkpt>
   <trkpt lat="56.2167260" lon="9.2423300">
    <ele>61.8</ele>
   </trkpt>
   <trkpt lat="56.2167670" lon="9.2423210">
    <ele>61.8</ele>
   </trkpt>
   <trkpt lat="56.2168090" lon="9.2423150">
    <ele>61.8</ele>
   </trkpt>
   <trkpt lat="56.2168520" lon="9.2423080">
    <ele>61.8</ele>
   </trkpt>
   <trkpt lat="56.2168960" lon="9.2423010">
    <ele>61.8</ele>
   </trkpt>
   <trkpt lat="56.2169400" lon="9.2422910">
    <ele>61.8</ele>
   </trkpt>
   <trkpt lat="56.2169850" lon="9.2422780">
    <ele>62.0</ele>
   </trkpt>
   <trkpt lat="56.2170290" lon="9.2422670">
    <ele>62.2</ele>
   </trkpt>
   <trkpt lat="56.2170730" lon="9.2422570">
    <ele>62.4</ele>
   </trkpt>
   <trkpt lat="56.2171170" lon="9.2422480">
    <ele>62.6</ele>
   </trkpt>
   <trkpt lat="56.2171620" lon="9.2422380">
    <ele>62.8</ele>
   </trkpt>
   <trkpt lat="56.2172060" lon="9.2422290">
    <ele>63.0</ele>
   </trkpt>
   <trkpt lat="56.2172500" lon="9.2422200">
    <ele>63.4</ele>
   </trkpt>
   <trkpt lat="56.2172950" lon="9.2422100">
    <ele>63.4</ele>
   </trkpt>
   <trkpt lat="56.2173400" lon="9.2421980">
    <ele>63.4</ele>
   </trkpt>
   <trkpt lat="56.2173870" lon="9.2421850">
    <ele>63.4</ele>
   </trkpt>
   <trkpt lat="56.2174340" lon="9.2421760">
    <ele>63.2</ele>
   </trkpt>
   <trkpt lat="56.2174840" lon="9.2421700">
    <ele>63.0</ele>
   </trkpt>
   <trkpt lat="56.2175320" lon="9.2421580">
    <ele>62.8</ele>
   </trkpt>
   <trkpt lat="56.2175810" lon="9.2421480">
    <ele>62.8</ele>
   </trkpt>
   <trkpt lat="56.2176320" lon="9.2421360">
    <ele>62.6</ele>
   </trkpt>
   <trkpt lat="56.2176840" lon="9.2421250">
    <ele>62.8</ele>
   </trkpt>
   <trkpt lat="56.2177380" lon="9.2421150">
    <ele>62.8</ele>
   </trkpt>
   <trkpt lat="56.2177900" lon="9.2421020">
    <ele>63.0</ele>
   </trkpt>
   <trkpt lat="56.2178410" lon="9.2420900">
    <ele>63.2</ele>
   </trkpt>
   <trkpt lat="56.2178940" lon="9.2420790">
    <ele>63.4</ele>
   </trkpt>
   <trkpt lat="56.2179480" lon="9.2420670">
    <ele>63.4</ele>
   </trkpt>
   <trkpt lat="56.2180000" lon="9.2420550">
    <ele>63.4</ele>
   </trkpt>
   <trkpt lat="56.2180510" lon="9.2420430">
    <ele>63.6</ele>
   </trkpt>
   <trkpt lat="56.2181040" lon="9.2420290">
    <ele>63.8</ele>
   </trkpt>
   <trkpt lat="56.2181560" lon="9.2420210">
    <ele>64.0</ele>
   </trkpt>
   <trkpt lat="56.2182100" lon="9.2420130">
    <ele>64.2</ele>
   </trkpt>
   <trkpt lat="56.2182640" lon="9.2420000">
    <ele>64.2</ele>
   </trkpt>
   <trkpt lat="56.2183150" lon="9.2419860">
    <ele>64.2</ele>
   </trkpt>
   <trkpt lat="56.2183660" lon="9.2419730">
    <ele>64.0</ele>
   </trkpt>
   <trkpt lat="56.2184190" lon="9.2419540">
    <ele>63.8</ele>
   </trkpt>
   <trkpt lat="56.2184710" lon="9.2419300">
    <ele>63.8</ele>
   </trkpt>
   <trkpt lat="56.2185120" lon="9.2419070">
    <ele>63.6</ele>
   </trkpt>
   <trkpt lat="56.2185750" lon="9.2418690">
    <ele>63.6</ele>
   </trkpt>
   <trkpt lat="56.2186280" lon="9.2418330">
    <ele>63.6</ele>
   </trkpt>
   <trkpt lat="56.2186770" lon="9.2417930">
    <ele>63.6</ele>
   </trkpt>
   <trkpt lat="56.2187260" lon="9.2417440">
    <ele>63.4</ele>
   </trkpt>
   <trkpt lat="56.2187750" lon="9.2416960">
    <ele>63.4</ele>
   </trkpt>
   <trkpt lat="56.2188220" lon="9.2416430">
    <ele>63.2</ele>
   </trkpt>
   <trkpt lat="56.2188670" lon="9.2415880">
    <ele>63.0</ele>
   </trkpt>
   <trkpt lat="56.2189120" lon="9.2415330">
    <ele>63.0</ele>
   </trkpt>
   <trkpt lat="56.2189540" lon="9.2414750">
    <ele>62.8</ele>
   </trkpt>
   <trkpt lat="56.2189920" lon="9.2414080">
    <ele>62.8</ele>
   </trkpt>
   <trkpt lat="56.2190300" lon="9.2413430">
    <ele>62.6</ele>
   </trkpt>
   <trkpt lat="56.2190660" lon="9.2412790">
    <ele>62.6</ele>
   </trkpt>
   <trkpt lat="56.2191040" lon="9.2412140">
    <ele>62.6</ele>
   </trkpt>
   <trkpt lat="56.2191430" lon="9.2411530">
    <ele>62.6</ele>
   </trkpt>
   <trkpt lat="56.2191800" lon="9.2410910">
    <ele>62.6</ele>
   </trkpt>
   <trkpt lat="56.2192180" lon="9.2410270">
    <ele>62.4</ele>
   </trkpt>
   <trkpt lat="56.2192590" lon="9.2409690">
    <ele>62.2</ele>
   </trkpt>
   <trkpt lat="56.2192970" lon="9.2409180">
    <ele>62.2</ele>
   </trkpt>
   <trkpt lat="56.2193340" lon="9.2408670">
    <ele>62.0</ele>
   </trkpt>
   <trkpt lat="56.2193710" lon="9.2408160">
    <ele>62.2</ele>
   </trkpt>
   <trkpt lat="56.2194090" lon="9.2407620">
    <ele>62.4</ele>
   </trkpt>
   <trkpt lat="56.2194460" lon="9.2407030">
    <ele>62.8</ele>
   </trkpt>
   <trkpt lat="56.2194830" lon="9.2406460">
    <ele>63.0</ele>
   </trkpt>
   <trkpt lat="56.2195180" lon="9.2405850">
    <ele>63.2</ele>
   </trkpt>
   <trkpt lat="56.2195520" lon="9.2405230">
    <ele>63.2</ele>
   </trkpt>
   <trkpt lat="56.2195840" lon="9.2404610">
    <ele>63.4</ele>
   </trkpt>
   <trkpt lat="56.2196180" lon="9.2403960">
    <ele>63.2</ele>
   </trkpt>
   <trkpt lat="56.2196530" lon="9.2403330">
    <ele>63.2</ele>
   </trkpt>
   <trkpt lat="56.2196850" lon="9.2402680">
    <ele>63.0</ele>
   </trkpt>
   <trkpt lat="56.2197130" lon="9.2402010">
    <ele>62.8</ele>
   </trkpt>
   <trkpt lat="56.2197420" lon="9.2401370">
    <ele>62.6</ele>
   </trkpt>
   <trkpt lat="56.2197720" lon="9.2400750">
    <ele>62.4</ele>
   </trkpt>
   <trkpt lat="56.2198010" lon="9.2400100">
    <ele>62.6</ele>
   </trkpt>
   <trkpt lat="56.2198290" lon="9.2399420">
    <ele>62.6</ele>
   </trkpt>
   <trkpt lat="56.2198570" lon="9.2398740">
    <ele>62.6</ele>
   </trkpt>
   <trkpt lat="56.2198830" lon="9.2398080">
    <ele>62.8</ele>
   </trkpt>
   <trkpt lat="56.2199090" lon="9.2397450">
    <ele>63.0</ele>
   </trkpt>
   <trkpt lat="56.2199330" lon="9.2396770">
    <ele>63.2</ele>
   </trkpt>
   <trkpt lat="56.2199590" lon="9.2396080">
    <ele>63.4</ele>
   </trkpt>
   <trkpt lat="56.2199850" lon="9.2395410">
    <ele>63.6</ele>
   </trkpt>
   <trkpt lat="56.2200110" lon="9.2394740">
    <ele>63.8</ele>
   </trkpt>
   <trkpt lat="56.2200370" lon="9.2394070">
    <ele>64.0</ele>
   </trkpt>
   <trkpt lat="56.2200610" lon="9.2393420">
    <ele>64.0</ele>
   </trkpt>
   <trkpt lat="56.2200840" lon="9.2392790">
    <ele>64.0</ele>
   </trkpt>
   <trkpt lat="56.2201060" lon="9.2392230">
    <ele>64.0</ele>
   </trkpt>
   <trkpt lat="56.2201210" lon="9.2391760">
    <ele>64.0</ele>
   </trkpt>
   <trkpt lat="56.2201320" lon="9.2391300">
    <ele>64.0</ele>
   </trkpt>
   <trkpt lat="56.2201420" lon="9.2390870">
    <ele>64.0</ele>
   </trkpt>
   <trkpt lat="56.2201480" lon="9.2390460">
    <ele>64.2</ele>
   </trkpt>
   <trkpt lat="56.2201440" lon="9.2390140">
    <ele>64.2</ele>
   </trkpt>
   <trkpt lat="56.2201390" lon="9.2389950">
    <ele>64.4</ele>
   </trkpt>
   <trkpt lat="56.2201370" lon="9.2389900">
    <ele>64.4</ele>
   </trkpt>
   <trkpt lat="56.2201370" lon="9.2389900">
    <ele>64.6</ele>
   </trkpt>
   <trkpt lat="56.2200970" lon="9.2391940">
    <ele>64.8</ele>
   </trkpt>
   <trkpt lat="56.2200810" lon="9.2392410">
    <ele>64.6</ele>
   </trkpt>
   <trkpt lat="56.2200620" lon="9.2392960">
    <ele>64.6</ele>
   </trkpt>
   <trkpt lat="56.2200380" lon="9.2393570">
    <ele>64.6</ele>
   </trkpt>
   <trkpt lat="56.2200120" lon="9.2394280">
    <ele>64.6</ele>
   </trkpt>
   <trkpt lat="56.2199850" lon="9.2395030">
    <ele>64.4</ele>
   </trkpt>
   <trkpt lat="56.2199540" lon="9.2395810">
    <ele>64.2</ele>
   </trkpt>
   <trkpt lat="56.2199200" lon="9.2396610">
    <ele>64.0</ele>
   </trkpt>
   <trkpt lat="56.2198850" lon="9.2397430">
    <ele>64.0</ele>
   </trkpt>
   <trkpt lat="56.2198530" lon="9.2398270">
    <ele>63.8</ele>
   </trkpt>
   <trkpt lat="56.2198210" lon="9.2399070">
    <ele>63.6</ele>
   </trkpt>
   <trkpt lat="56.2197880" lon="9.2399860">
    <ele>63.4</ele>
   </trkpt>
   <trkpt lat="56.2197550" lon="9.2400650">
    <ele>63.2</ele>
   </trkpt>
   <trkpt lat="56.2197210" lon="9.2401430">
    <ele>63.2</ele>
   </trkpt>
   <trkpt lat="56.2196880" lon="9.2402210">
    <ele>63.2</ele>
   </trkpt>
   <trkpt lat="56.2196540" lon="9.2402960">
    <ele>63.2</ele>
   </trkpt>
   <trkpt lat="56.2196190" lon="9.2403690">
    <ele>63.2</ele>
   </trkpt>
   <trkpt lat="56.2195850" lon="9.2404370">
    <ele>63.2</ele>
   </trkpt>
   <trkpt lat="56.2195530" lon="9.2404970">
    <ele>63.2</ele>
   </trkpt>
   <trkpt lat="56.2195190" lon="9.2405510">
    <ele>63.2</ele>
   </trkpt>
   <trkpt lat="56.2194860" lon="9.2406030">
    <ele>63.4</ele>
   </trkpt>
   <trkpt lat="56.2194550" lon="9.2406570">
    <ele>63.4</ele>
   </trkpt>
   <trkpt lat="56.2194240" lon="9.2407110">
    <ele>63.4</ele>
   </trkpt>
   <trkpt lat="56.2193930" lon="9.2407570">
    <ele>63.4</ele>
   </trkpt>
   <trkpt lat="56.2193630" lon="9.2407990">
    <ele>63.4</ele>
   </trkpt>
   <trkpt lat="56.2193310" lon="9.2408430">
    <ele>63.4</ele>
   </trkpt>
   <trkpt lat="56.2192990" lon="9.2408920">
    <ele>63.4</ele>
   </trkpt>
   <trkpt lat="56.2192680" lon="9.2409430">
    <ele>63.2</ele>
   </trkpt>
   <trkpt lat="56.2192350" lon="9.2409940">
    <ele>63.2</ele>
   </trkpt>
   <trkpt lat="56.2192020" lon="9.2410450">
    <ele>63.2</ele>
   </trkpt>
   <trkpt lat="56.2191710" lon="9.2410960">
    <ele>63.0</ele>
   </trkpt>
   <trkpt lat="56.2191400" lon="9.2411410">
    <ele>63.0</ele>
   </trkpt>
   <trkpt lat="56.2191100" lon="9.2411840">
    <ele>63.2</ele>
   </trkpt>
   <trkpt lat="56.2190770" lon="9.2412260">
    <ele>63.2</ele>
   </trkpt>
   <trkpt lat="56.2190420" lon="9.2412750">
    <ele>63.2</ele>
   </trkpt>
   <trkpt lat="56.2190080" lon="9.2413250">
    <ele>63.4</ele>
   </trkpt>
   <trkpt lat="56.2189750" lon="9.2413660">
    <ele>63.4</ele>
   </trkpt>
   <trkpt lat="56.2189410" lon="9.2414060">
    <ele>63.4</ele>
   </trkpt>
   <trkpt lat="56.2189060" lon="9.2414410">
    <ele>63.4</ele>
   </trkpt>
   <trkpt lat="56.2188700" lon="9.2414700">
    <ele>63.6</ele>
   </trkpt>
   <trkpt lat="56.2188310" lon="9.2415030">
    <ele>63.6</ele>
   </trkpt>
   <trkpt lat="56.2187860" lon="9.2415480">
    <ele>63.6</ele>
   </trkpt>
   <trkpt lat="56.2187440" lon="9.2415920">
    <ele>63.8</ele>
   </trkpt>
   <trkpt lat="56.2187010" lon="9.2416330">
    <ele>63.8</ele>
   </trkpt>
   <trkpt lat="56.2186530" lon="9.2416740">
    <ele>63.8</ele>
   </trkpt>
   <trkpt lat="56.2186060" lon="9.2417080">
    <ele>63.8</ele>
   </trkpt>
   <trkpt lat="56.2185560" lon="9.2417420">
    <ele>63.8</ele>
   </trkpt>
   <trkpt lat="56.2185070" lon="9.2417700">
    <ele>63.8</ele>
   </trkpt>
   <trkpt lat="56.2184560" lon="9.2418070">
    <ele>63.8</ele>
   </trkpt>
   <trkpt lat="56.2184120" lon="9.2418270">
    <ele>63.8</ele>
   </trkpt>
   <trkpt lat="56.2183800" lon="9.2418400">
    <ele>64.0</ele>
   </trkpt>
   <trkpt lat="56.2183290" lon="9.2418530">
    <ele>63.8</ele>
   </trkpt>
   <trkpt lat="56.2182780" lon="9.2418760">
    <ele>63.8</ele>
   </trkpt>
   <trkpt lat="56.2182250" lon="9.2418970">
    <ele>63.8</ele>
   </trkpt>
   <trkpt lat="56.2181690" lon="9.2419170">
    <ele>63.8</ele>
   </trkpt>
   <trkpt lat="56.2181080" lon="9.2419380">
    <ele>63.6</ele>
   </trkpt>
   <trkpt lat="56.2180530" lon="9.2419540">
    <ele>63.6</ele>
   </trkpt>
   <trkpt lat="56.2180050" lon="9.2419680">
    <ele>63.6</ele>
   </trkpt>
   <trkpt lat="56.2179580" lon="9.2419800">
    <ele>63.4</ele>
   </trkpt>
   <trkpt lat="56.2179020" lon="9.2419980">
    <ele>63.4</ele>
   </trkpt>
   <trkpt lat="56.2178460" lon="9.2420100">
    <ele>63.4</ele>
   </trkpt>
   <trkpt lat="56.2177960" lon="9.2420200">
    <ele>63.4</ele>
   </trkpt>
   <trkpt lat="56.2177490" lon="9.2420340">
    <ele>63.4</ele>
   </trkpt>
   <trkpt lat="56.2177010" lon="9.2420510">
    <ele>63.4</ele>
   </trkpt>
   <trkpt lat="56.2176570" lon="9.2420720">
    <ele>63.4</ele>
   </trkpt>
   <trkpt lat="56.2176140" lon="9.2420860">
    <ele>63.4</ele>
   </trkpt>
   <trkpt lat="56.2175740" lon="9.2420920">
    <ele>63.6</ele>
   </trkpt>
   <trkpt lat="56.2175370" lon="9.2421030">
    <ele>63.6</ele>
   </trkpt>
   <trkpt lat="56.2175050" lon="9.2421120">
    <ele>63.8</ele>
   </trkpt>
   <trkpt lat="56.2174730" lon="9.2421170">
    <ele>63.8</ele>
   </trkpt>
   <trkpt lat="56.2174460" lon="9.2421150">
    <ele>64.0</ele>
   </trkpt>
   <trkpt lat="56.2174230" lon="9.2421040">
    <ele>64.0</ele>
   </trkpt>
   <trkpt lat="56.2174060" lon="9.2420890">
    <ele>64.2</ele>
   </trkpt>
   <trkpt lat="56.2173950" lon="9.2420670">
    <ele>64.2</ele>
   </trkpt>
   <trkpt lat="56.2173840" lon="9.2420360">
    <ele>64.2</ele>
   </trkpt>
   <trkpt lat="56.2173750" lon="9.2419930">
    <ele>64.2</ele>
   </trkpt>
   <trkpt lat="56.2173710" lon="9.2419430">
    <ele>64.2</ele>
   </trkpt>
   <trkpt lat="56.2173700" lon="9.2418860">
    <ele>64.0</ele>
   </trkpt>
   <trkpt lat="56.2173670" lon="9.2418210">
    <ele>63.8</ele>
   </trkpt>
   <trkpt lat="56.2173630" lon="9.2417500">
    <ele>63.8</ele>
   </trkpt>
   <trkpt lat="56.2173580" lon="9.2416780">
    <ele>63.6</ele>
   </trkpt>
   <trkpt lat="56.2173540" lon="9.2416060">
    <ele>63.4</ele>
   </trkpt>
   <trkpt lat="56.2173480" lon="9.2415350">
    <ele>63.4</ele>
   </trkpt>
   <trkpt lat="56.2173440" lon="9.2414640">
    <ele>63.4</ele>
   </trkpt>
   <trkpt lat="56.2173400" lon="9.2413930">
    <ele>63.2</ele>
   </trkpt>
   <trkpt lat="56.2173340" lon="9.2413200">
    <ele>63.2</ele>
   </trkpt>
   <trkpt lat="56.2173290" lon="9.2412450">
    <ele>63.2</ele>
   </trkpt>
   <trkpt lat="56.2173220" lon="9.2411680">
    <ele>63.0</ele>
   </trkpt>
   <trkpt lat="56.2173140" lon="9.2410900">
    <ele>63.0</ele>
   </trkpt>
   <trkpt lat="56.2173060" lon="9.2410150">
    <ele>63.0</ele>
   </trkpt>
   <trkpt lat="56.2173000" lon="9.2409450">
    <ele>63.0</ele>
   </trkpt>
   <trkpt lat="56.2172980" lon="9.2408850">
    <ele>63.0</ele>
   </trkpt>
   <trkpt lat="56.2172990" lon="9.2408340">
    <ele>63.0</ele>
   </trkpt>
   <trkpt lat="56.2173010" lon="9.2407900">
    <ele>63.0</ele>
   </trkpt>
   <trkpt lat="56.2173070" lon="9.2407530">
    <ele>63.0</ele>
   </trkpt>
   <trkpt lat="56.2173190" lon="9.2407210">
    <ele>63.0</ele>
   </trkpt>
   <trkpt lat="56.2173360" lon="9.2406970">
    <ele>63.0</ele>
   </trkpt>
   <trkpt lat="56.2173590" lon="9.2406780">
    <ele>63.2</ele>
   </trkpt>
   <trkpt lat="56.2173850" lon="9.2406630">
    <ele>63.2</ele>
   </trkpt>
   <trkpt lat="56.2174130" lon="9.2406560">
    <ele>63.2</ele>
   </trkpt>
   <trkpt lat="56.2174420" lon="9.2406540">
    <ele>63.4</ele>
   </trkpt>
   <trkpt lat="56.2174750" lon="9.2406470">
    <ele>63.4</ele>
   </trkpt>
   <trkpt lat="56.2175090" lon="9.2406380">
    <ele>63.6</ele>
   </trkpt>
   <trkpt lat="56.2175440" lon="9.2406280">
    <ele>63.6</ele>
   </trkpt>
   <trkpt lat="56.2175810" lon="9.2406200">
    <ele>63.6</ele>
   </trkpt>
   <trkpt lat="56.2176150" lon="9.2406100">
    <ele>63.6</ele>
   </trkpt>
   <trkpt lat="56.2176470" lon="9.2406020">
    <ele>63.6</ele>
   </trkpt>
   <trkpt lat="56.2176790" lon="9.2406010">
    <ele>63.4</ele>
   </trkpt>
   <trkpt lat="56.2177110" lon="9.2405990">
    <ele>63.4</ele>
   </trkpt>
   <trkpt lat="56.2177460" lon="9.2405930">
    <ele>63.4</ele>
   </trkpt>
   <trkpt lat="56.2177850" lon="9.2405870">
    <ele>63.4</ele>
   </trkpt>
   <trkpt lat="56.2178270" lon="9.2405780">
    <ele>63.4</ele>
   </trkpt>
   <trkpt lat="56.2178690" lon="9.2405650">
    <ele>63.4</ele>
   </trkpt>
   <trkpt lat="56.2179090" lon="9.2405460">
    <ele>63.6</ele>
   </trkpt>
   <trkpt lat="56.2179450" lon="9.2405230">
    <ele>63.6</ele>
   </trkpt>
   <trkpt lat="56.2179780" lon="9.2404980">
    <ele>63.8</ele>
   </trkpt>
   <trkpt lat="56.2180120" lon="9.2404750">
    <ele>63.8</ele>
   </trkpt>
   <trkpt lat="56.2180460" lon="9.2404520">
    <ele>63.8</ele>
   </trkpt>
   <trkpt lat="56.2180810" lon="9.2404290">
    <ele>63.8</ele>
   </trkpt>
   <trkpt lat="56.2181160" lon="9.2404030">
    <ele>63.8</ele>
   </trkpt>
   <trkpt lat="56.2181500" lon="9.2403680">
    <ele>63.8</ele>
   </trkpt>
   <trkpt lat="56.2181840" lon="9.2403290">
    <ele>63.8</ele>
   </trkpt>
   <trkpt lat="56.2182170" lon="9.2402880">
    <ele>63.8</ele>
   </trkpt>
   <trkpt lat="56.2182490" lon="9.2402410">
    <ele>63.8</ele>
   </trkpt>
   <trkpt lat="56.2182800" lon="9.2401890">
    <ele>63.6</ele>
   </trkpt>
   <trkpt lat="56.2183090" lon="9.2401400">
    <ele>63.4</ele>
   </trkpt>
   <trkpt lat="56.2183370" lon="9.2400920">
    <ele>63.6</ele>
   </trkpt>
   <trkpt lat="56.2183650" lon="9.2400440">
    <ele>63.4</ele>
   </trkpt>
   <trkpt lat="56.2183920" lon="9.2399920">
    <ele>63.4</ele>
   </trkpt>
   <trkpt lat="56.2184190" lon="9.2399410">
    <ele>63.6</ele>
   </trkpt>
   <trkpt lat="56.2184420" lon="9.2398880">
    <ele>63.4</ele>
   </trkpt>
   <trkpt lat="56.2184670" lon="9.2398330">
    <ele>63.4</ele>
   </trkpt>
   <trkpt lat="56.2184930" lon="9.2397740">
    <ele>63.2</ele>
   </trkpt>
   <trkpt lat="56.2185160" lon="9.2397210">
    <ele>63.0</ele>
   </trkpt>
   <trkpt lat="56.2185380" lon="9.2396680">
    <ele>63.0</ele>
   </trkpt>
   <trkpt lat="56.2185600" lon="9.2396140">
    <ele>63.0</ele>
   </trkpt>
   <trkpt lat="56.2185830" lon="9.2395600">
    <ele>63.0</ele>
   </trkpt>
   <trkpt lat="56.2186040" lon="9.2395030">
    <ele>63.2</ele>
   </trkpt>
   <trkpt lat="56.2186220" lon="9.2394470">
    <ele>63.4</ele>
   </trkpt>
   <trkpt lat="56.2186400" lon="9.2393930">
    <ele>63.4</ele>
   </trkpt>
   <trkpt lat="56.2186560" lon="9.2393390">
    <ele>63.4</ele>
   </trkpt>
   <trkpt lat="56.2186690" lon="9.2392910">
    <ele>63.4</ele>
   </trkpt>
   <trkpt lat="56.2186820" lon="9.2392480">
    <ele>63.4</ele>
   </trkpt>
   <trkpt lat="56.2186960" lon="9.2392080">
    <ele>63.4</ele>
   </trkpt>
   <trkpt lat="56.2187100" lon="9.2391670">
    <ele>63.4</ele>
   </trkpt>
   <trkpt lat="56.2187250" lon="9.2391230">
    <ele>63.4</ele>
   </trkpt>
   <trkpt lat="56.2187440" lon="9.2390760">
    <ele>63.4</ele>
   </trkpt>
   <trkpt lat="56.2187630" lon="9.2390260">
    <ele>63.6</ele>
   </trkpt>
   <trkpt lat="56.2187860" lon="9.2389730">
    <ele>63.6</ele>
   </trkpt>
   <trkpt lat="56.2188100" lon="9.2389180">
    <ele>63.8</ele>
   </trkpt>
   <trkpt lat="56.2188320" lon="9.2388660">
    <ele>63.8</ele>
   </trkpt>
   <trkpt lat="56.2188500" lon="9.2388140">
    <ele>63.6</ele>
   </trkpt>
   <trkpt lat="56.2188670" lon="9.2387650">
    <ele>63.2</ele>
   </trkpt>
   <trkpt lat="56.2188850" lon="9.2387220">
    <ele>63.0</ele>
   </trkpt>
   <trkpt lat="56.2188990" lon="9.2386850">
    <ele>62.8</ele>
   </trkpt>
   <trkpt lat="56.2189100" lon="9.2386510">
    <ele>62.4</ele>
   </trkpt>
   <trkpt lat="56.2189150" lon="9.2386220">
    <ele>62.4</ele>
   </trkpt>
   <trkpt lat="56.2189130" lon="9.2385960">
    <ele>62.4</ele>
   </trkpt>
   <trkpt lat="56.2189030" lon="9.2385730">
    <ele>62.2</ele>
   </trkpt>
   <trkpt lat="56.2188860" lon="9.2385550">
    <ele>62.2</ele>
   </trkpt>
   <trkpt lat="56.2188640" lon="9.2385440">
    <ele>62.2</ele>
   </trkpt>
   <trkpt lat="56.2188410" lon="9.2385350">
    <ele>62.2</ele>
   </trkpt>
   <trkpt lat="56.2188140" lon="9.2385150">
    <ele>62.2</ele>
   </trkpt>
   <trkpt lat="56.2187860" lon="9.2384970">
    <ele>62.2</ele>
   </trkpt>
   <trkpt lat="56.2187590" lon="9.2384840">
    <ele>62.2</ele>
   </trkpt>
   <trkpt lat="56.2187300" lon="9.2384750">
    <ele>62.2</ele>
   </trkpt>
   <trkpt lat="56.2187030" lon="9.2384660">
    <ele>62.4</ele>
   </trkpt>
   <trkpt lat="56.2186750" lon="9.2384520">
    <ele>62.4</ele>
   </trkpt>
   <trkpt lat="56.2186480" lon="9.2384380">
    <ele>62.4</ele>
   </trkpt>
   <trkpt lat="56.2186180" lon="9.2384210">
    <ele>62.6</ele>
   </trkpt>
   <trkpt lat="56.2185880" lon="9.2383960">
    <ele>62.6</ele>
   </trkpt>
   <trkpt lat="56.2185610" lon="9.2383580">
    <ele>62.6</ele>
   </trkpt>
   <trkpt lat="56.2185370" lon="9.2383080">
    <ele>62.4</ele>
   </trkpt>
   <trkpt lat="56.2185170" lon="9.2382490">
    <ele>62.2</ele>
   </trkpt>
   <trkpt lat="56.2185050" lon="9.2381880">
    <ele>62.2</ele>
   </trkpt>
   <trkpt lat="56.2184980" lon="9.2381330">
    <ele>62.0</ele>
   </trkpt>
   <trkpt lat="56.2184930" lon="9.2380830">
    <ele>62.0</ele>
   </trkpt>
   <trkpt lat="56.2184900" lon="9.2380370">
    <ele>62.0</ele>
   </trkpt>
   <trkpt lat="56.2184850" lon="9.2379930">
    <ele>62.0</ele>
   </trkpt>
   <trkpt lat="56.2184820" lon="9.2379630">
    <ele>62.2</ele>
   </trkpt>
   <trkpt lat="56.2184820" lon="9.2379530">
    <ele>62.2</ele>
   </trkpt>
   <trkpt lat="56.2184820" lon="9.2379530">
    <ele>62.2</ele>
   </trkpt>
  </trkseg>
 </trk>
</gpx>
