<?xml version="1.0" encoding="UTF-8"?>
<gpx creator="StravaGPX" version="1.1" xmlns="http://www.topografix.com/GPX/1/1" xmlns:xsi="http://www.w3.org/2001/XMLSchema-instance" xsi:schemaLocation="http://www.topografix.com/GPX/1/1 http://www.topografix.com/GPX/1/1/gpx.xsd">
 <trk>
  <name>Efterårssommer</name>
  <type>cycling</type>
  <trkseg>
   <trkpt lat="56.1621790" lon="10.2091640">
    <ele>16.6</ele>
   </trkpt>
   <trkpt lat="56.1621920" lon="10.2091250">
    <ele>16.6</ele>
   </trkpt>
   <trkpt lat="56.1622090" lon="10.2090880">
    <ele>16.6</ele>
   </trkpt>
   <trkpt lat="56.1622230" lon="10.2090460">
    <ele>16.8</ele>
   </trkpt>
   <trkpt lat="56.1622340" lon="10.2089990">
    <ele>17.0</ele>
   </trkpt>
   <trkpt lat="56.1622510" lon="10.2089530">
    <ele>17.2</ele>
   </trkpt>
   <trkpt lat="56.1622710" lon="10.2089080">
    <ele>17.4</ele>
   </trkpt>
   <trkpt lat="56.1622910" lon="10.2088640">
    <ele>17.6</ele>
   </trkpt>
   <trkpt lat="56.1623100" lon="10.2088170">
    <ele>18.0</ele>
   </trkpt>
   <trkpt lat="56.1623260" lon="10.2087610">
    <ele>18.2</ele>
   </trkpt>
   <trkpt lat="56.1623320" lon="10.2086960">
    <ele>18.4</ele>
   </trkpt>
   <trkpt lat="56.1623260" lon="10.2086370">
    <ele>18.4</ele>
   </trkpt>
   <trkpt lat="56.1623080" lon="10.2085850">
    <ele>18.6</ele>
   </trkpt>
   <trkpt lat="56.1622920" lon="10.2085300">
    <ele>18.6</ele>
   </trkpt>
   <trkpt lat="56.1622740" lon="10.2084720">
    <ele>18.6</ele>
   </trkpt>
   <trkpt lat="56.1622590" lon="10.2084080">
    <ele>18.8</ele>
   </trkpt>
   <trkpt lat="56.1622460" lon="10.2083370">
    <ele>18.8</ele>
   </trkpt>
   <trkpt lat="56.1622340" lon="10.2082600">
    <ele>18.8</ele>
   </trkpt>
   <trkpt lat="56.1622250" lon="10.2081760">
    <ele>18.8</ele>
   </trkpt>
   <trkpt lat="56.1622160" lon="10.2080890">
    <ele>19.0</ele>
   </trkpt>
   <trkpt lat="56.1621990" lon="10.2080070">
    <ele>19.0</ele>
   </trkpt>
   <trkpt lat="56.1621670" lon="10.2079360">
    <ele>19.0</ele>
   </trkpt>
   <trkpt lat="56.1621270" lon="10.2078760">
    <ele>19.0</ele>
   </trkpt>
   <trkpt lat="56.1620860" lon="10.2078240">
    <ele>19.0</ele>
   </trkpt>
   <trkpt lat="56.1620490" lon="10.2077780">
    <ele>18.8</ele>
   </trkpt>
   <trkpt lat="56.1620150" lon="10.2077380">
    <ele>18.8</ele>
   </trkpt>
   <trkpt lat="56.1619810" lon="10.2077070">
    <ele>18.6</ele>
   </trkpt>
   <trkpt lat="56.1619470" lon="10.2076960">
    <ele>18.4</ele>
   </trkpt>
   <trkpt lat="56.1619200" lon="10.2077150">
    <ele>18.2</ele>
   </trkpt>
   <trkpt lat="56.1619000" lon="10.2077580">
    <ele>18.0</ele>
   </trkpt>
   <trkpt lat="56.1618800" lon="10.2078120">
    <ele>17.8</ele>
   </trkpt>
   <trkpt lat="56.1618560" lon="10.2078690">
    <ele>17.4</ele>
   </trkpt>
   <trkpt lat="56.1618270" lon="10.2079340">
    <ele>17.2</ele>
   </trkpt>
   <trkpt lat="56.1617930" lon="10.2080050">
    <ele>16.8</ele>
   </trkpt>
   <trkpt lat="56.1617600" lon="10.2080840">
    <ele>16.6</ele>
   </trkpt>
   <trkpt lat="56.1617230" lon="10.2081710">
    <ele>16.2</ele>
   </trkpt>
   <trkpt lat="56.1616840" lon="10.2082580">
    <ele>16.0</ele>
   </trkpt>
   <trkpt lat="56.1616470" lon="10.2083440">
    <ele>15.8</ele>
   </trkpt>
   <trkpt lat="56.1616100" lon="10.2084320">
    <ele>15.4</ele>
   </trkpt>
   <trkpt lat="56.1615690" lon="10.2085220">
    <ele>15.0</ele>
   </trkpt>
   <trkpt lat="56.1615270" lon="10.2086130">
    <ele>14.6</ele>
   </trkpt>
   <trkpt lat="56.1614830" lon="10.2087060">
    <ele>14.2</ele>
   </trkpt>
   <trkpt lat="56.1614350" lon="10.2088010">
    <ele>14.0</ele>
   </trkpt>
   <trkpt lat="56.1613920" lon="10.2088900">
    <ele>13.6</ele>
   </trkpt>
   <trkpt lat="56.1613560" lon="10.2089660">
    <ele>13.4</ele>
   </trkpt>
   <trkpt lat="56.1613240" lon="10.2090340">
    <ele>13.0</ele>
   </trkpt>
   <trkpt lat="56.1612930" lon="10.2091070">
    <ele>12.8</ele>
   </trkpt>
   <trkpt lat="56.1612630" lon="10.2091840">
    <ele>12.4</ele>
   </trkpt>
   <trkpt lat="56.1612350" lon="10.2092690">
    <ele>12.2</ele>
   </trkpt>
   <trkpt lat="56.1612000" lon="10.2093570">
    <ele>12.0</ele>
   </trkpt>
   <trkpt lat="56.1611650" lon="10.2094400">
    <ele>11.8</ele>
   </trkpt>
   <trkpt lat="56.1611310" lon="10.2095100">
    <ele>11.6</ele>
   </trkpt>
   <trkpt lat="56.1611040" lon="10.2095700">
    <ele>11.4</ele>
   </trkpt>
   <trkpt lat="56.1610840" lon="10.2096220">
    <ele>11.2</ele>
   </trkpt>
   <trkpt lat="56.1610680" lon="10.2096570">
    <ele>11.2</ele>
   </trkpt>
   <trkpt lat="56.1610510" lon="10.2096840">
    <ele>11.2</ele>
   </trkpt>
   <trkpt lat="56.1610400" lon="10.2097030">
    <ele>11.0</ele>
   </trkpt>
   <trkpt lat="56.1610370" lon="10.2097190">
    <ele>11.0</ele>
   </trkpt>
   <trkpt lat="56.1610340" lon="10.2097380">
    <ele>11.0</ele>
   </trkpt>
   <trkpt lat="56.1610010" lon="10.2097640">
    <ele>10.6</ele>
   </trkpt>
   <trkpt lat="56.1609880" lon="10.2097190">
    <ele>10.4</ele>
   </trkpt>
   <trkpt lat="56.1609620" lon="10.2096810">
    <ele>10.4</ele>
   </trkpt>
   <trkpt lat="56.1609350" lon="10.2096350">
    <ele>10.4</ele>
   </trkpt>
   <trkpt lat="56.1609070" lon="10.2095820">
    <ele>10.4</ele>
   </trkpt>
   <trkpt lat="56.1608760" lon="10.2095270">
    <ele>10.4</ele>
   </trkpt>
   <trkpt lat="56.1608420" lon="10.2094720">
    <ele>10.2</ele>
   </trkpt>
   <trkpt lat="56.1608060" lon="10.2094160">
    <ele>10.2</ele>
   </trkpt>
   <trkpt lat="56.1607690" lon="10.2093640">
    <ele>10.2</ele>
   </trkpt>
   <trkpt lat="56.1607340" lon="10.2093110">
    <ele>10.0</ele>
   </trkpt>
   <trkpt lat="56.1606990" lon="10.2092650">
    <ele>10.0</ele>
   </trkpt>
   <trkpt lat="56.1606650" lon="10.2092400">
    <ele>10.0</ele>
   </trkpt>
   <trkpt lat="56.1606400" lon="10.2092500">
    <ele>10.2</ele>
   </trkpt>
   <trkpt lat="56.1606280" lon="10.2092870">
    <ele>10.2</ele>
   </trkpt>
   <trkpt lat="56.1606360" lon="10.2093320">
    <ele>10.2</ele>
   </trkpt>
   <trkpt lat="56.1606550" lon="10.2093710">
    <ele>10.2</ele>
   </trkpt>
   <trkpt lat="56.1606810" lon="10.2094060">
    <ele>10.2</ele>
   </trkpt>
   <trkpt lat="56.1607090" lon="10.2094410">
    <ele>10.0</ele>
   </trkpt>
   <trkpt lat="56.1607370" lon="10.2094810">
    <ele>10.0</ele>
   </trkpt>
   <trkpt lat="56.1607630" lon="10.2095190">
    <ele>10.0</ele>
   </trkpt>
   <trkpt lat="56.1607880" lon="10.2095560">
    <ele>10.0</ele>
   </trkpt>
   <trkpt lat="56.1608110" lon="10.2095900">
    <ele>10.2</ele>
   </trkpt>
   <trkpt lat="56.1608370" lon="10.2096210">
    <ele>10.2</ele>
   </trkpt>
   <trkpt lat="56.1608590" lon="10.2096340">
    <ele>10.2</ele>
   </trkpt>
   <trkpt lat="56.1608740" lon="10.2096410">
    <ele>10.2</ele>
   </trkpt>
   <trkpt lat="56.1608690" lon="10.2096400">
    <ele>10.4</ele>
   </trkpt>
   <trkpt lat="56.1608470" lon="10.2096020">
    <ele>10.4</ele>
   </trkpt>
   <trkpt lat="56.1608180" lon="10.2095450">
    <ele>10.4</ele>
   </trkpt>
   <trkpt lat="56.1607800" lon="10.2094880">
    <ele>10.4</ele>
   </trkpt>
   <trkpt lat="56.1607400" lon="10.2094250">
    <ele>10.4</ele>
   </trkpt>
   <trkpt lat="56.1607000" lon="10.2093580">
    <ele>10.2</ele>
   </trkpt>
   <trkpt lat="56.1606590" lon="10.2092890">
    <ele>10.0</ele>
   </trkpt>
   <trkpt lat="56.1606140" lon="10.2092220">
    <ele>10.0</ele>
   </trkpt>
   <trkpt lat="56.1605690" lon="10.2091570">
    <ele>10.0</ele>
   </trkpt>
   <trkpt lat="56.1605280" lon="10.2090790">
    <ele>9.8</ele>
   </trkpt>
   <trkpt lat="56.1604920" lon="10.2089890">
    <ele>9.8</ele>
   </trkpt>
   <trkpt lat="56.1604620" lon="10.2088910">
    <ele>9.8</ele>
   </trkpt>
   <trkpt lat="56.1604440" lon="10.2087830">
    <ele>9.8</ele>
   </trkpt>
   <trkpt lat="56.1604310" lon="10.2086740">
    <ele>9.8</ele>
   </trkpt>
   <trkpt lat="56.1604200" lon="10.2085590">
    <ele>9.8</ele>
   </trkpt>
   <trkpt lat="56.1604150" lon="10.2084460">
    <ele>10.0</ele>
   </trkpt>
   <trkpt lat="56.1604100" lon="10.2083310">
    <ele>10.0</ele>
   </trkpt>
   <trkpt lat="56.1604000" lon="10.2082180">
    <ele>10.0</ele>
   </trkpt>
   <trkpt lat="56.1603870" lon="10.2081040">
    <ele>10.0</ele>
   </trkpt>
   <trkpt lat="56.1603760" lon="10.2079920">
    <ele>10.0</ele>
   </trkpt>
   <trkpt lat="56.1603600" lon="10.2078760">
    <ele>9.8</ele>
   </trkpt>
   <trkpt lat="56.1603450" lon="10.2077610">
    <ele>9.8</ele>
   </trkpt>
   <trkpt lat="56.1603350" lon="10.2076440">
    <ele>9.6</ele>
   </trkpt>
   <trkpt lat="56.1603230" lon="10.2075270">
    <ele>9.6</ele>
   </trkpt>
   <trkpt lat="56.1603110" lon="10.2074070">
    <ele>9.4</ele>
   </trkpt>
   <trkpt lat="56.1602990" lon="10.2072880">
    <ele>9.2</ele>
   </trkpt>
   <trkpt lat="56.1602870" lon="10.2071700">
    <ele>9.2</ele>
   </trkpt>
   <trkpt lat="56.1602710" lon="10.2070480">
    <ele>9.0</ele>
   </trkpt>
   <trkpt lat="56.1602550" lon="10.2069300">
    <ele>9.0</ele>
   </trkpt>
   <trkpt lat="56.1602400" lon="10.2068170">
    <ele>8.8</ele>
   </trkpt>
   <trkpt lat="56.1602250" lon="10.2067030">
    <ele>8.8</ele>
   </trkpt>
   <trkpt lat="56.1602110" lon="10.2065880">
    <ele>8.8</ele>
   </trkpt>
   <trkpt lat="56.1601970" lon="10.2064700">
    <ele>8.8</ele>
   </trkpt>
   <trkpt lat="56.1601830" lon="10.2063530">
    <ele>8.8</ele>
   </trkpt>
   <trkpt lat="56.1601710" lon="10.2062350">
    <ele>8.8</ele>
   </trkpt>
   <trkpt lat="56.1601570" lon="10.2061200">
    <ele>8.8</ele>
   </trkpt>
   <trkpt lat="56.1601420" lon="10.2060030">
    <ele>8.8</ele>
   </trkpt>
   <trkpt lat="56.1601250" lon="10.2058900">
    <ele>8.8</ele>
   </trkpt>
   <trkpt lat="56.1601120" lon="10.2057790">
    <ele>8.8</ele>
   </trkpt>
   <trkpt lat="56.1600980" lon="10.2056690">
    <ele>8.8</ele>
   </trkpt>
   <trkpt lat="56.1600800" lon="10.2055580">
    <ele>9.0</ele>
   </trkpt>
   <trkpt lat="56.1600640" lon="10.2054490">
    <ele>9.0</ele>
   </trkpt>
   <trkpt lat="56.1600480" lon="10.2053390">
    <ele>9.2</ele>
   </trkpt>
   <trkpt lat="56.1600360" lon="10.2052260">
    <ele>9.2</ele>
   </trkpt>
   <trkpt lat="56.1600230" lon="10.2051130">
    <ele>9.4</ele>
   </trkpt>
   <trkpt lat="56.1600100" lon="10.2049990">
    <ele>9.4</ele>
   </trkpt>
   <trkpt lat="56.1599980" lon="10.2048870">
    <ele>9.6</ele>
   </trkpt>
   <trkpt lat="56.1599860" lon="10.2047740">
    <ele>9.6</ele>
   </trkpt>
   <trkpt lat="56.1599740" lon="10.2046600">
    <ele>9.8</ele>
   </trkpt>
   <trkpt lat="56.1599610" lon="10.2045480">
    <ele>9.8</ele>
   </trkpt>
   <trkpt lat="56.1599450" lon="10.2044400">
    <ele>9.8</ele>
   </trkpt>
   <trkpt lat="56.1599300" lon="10.2043350">
    <ele>10.0</ele>
   </trkpt>
   <trkpt lat="56.1599160" lon="10.2042320">
    <ele>10.0</ele>
   </trkpt>
   <trkpt lat="56.1599070" lon="10.2041290">
    <ele>10.2</ele>
   </trkpt>
   <trkpt lat="56.1598950" lon="10.2040240">
    <ele>10.2</ele>
   </trkpt>
   <trkpt lat="56.1598820" lon="10.2039170">
    <ele>10.0</ele>
   </trkpt>
   <trkpt lat="56.1598660" lon="10.2038090">
    <ele>10.0</ele>
   </trkpt>
   <trkpt lat="56.1598490" lon="10.2037010">
    <ele>9.8</ele>
   </trkpt>
   <trkpt lat="56.1598280" lon="10.2035920">
    <ele>9.6</ele>
   </trkpt>
   <trkpt lat="56.1598060" lon="10.2034800">
    <ele>9.4</ele>
   </trkpt>
   <trkpt lat="56.1597810" lon="10.2033690">
    <ele>9.4</ele>
   </trkpt>
   <trkpt lat="56.1597510" lon="10.2032590">
    <ele>9.4</ele>
   </trkpt>
   <trkpt lat="56.1597250" lon="10.2031470">
    <ele>9.4</ele>
   </trkpt>
   <trkpt lat="56.1596970" lon="10.2030350">
    <ele>9.6</ele>
   </trkpt>
   <trkpt lat="56.1596680" lon="10.2029220">
    <ele>9.4</ele>
   </trkpt>
   <trkpt lat="56.1596380" lon="10.2028060">
    <ele>9.4</ele>
   </trkpt>
   <trkpt lat="56.1596130" lon="10.2026910">
    <ele>9.4</ele>
   </trkpt>
   <trkpt lat="56.1595870" lon="10.2025770">
    <ele>9.2</ele>
   </trkpt>
   <trkpt lat="56.1595590" lon="10.2024620">
    <ele>9.2</ele>
   </trkpt>
   <trkpt lat="56.1595350" lon="10.2023730">
    <ele>9.4</ele>
   </trkpt>
   <trkpt lat="56.1595030" lon="10.2022680">
    <ele>9.4</ele>
   </trkpt>
   <trkpt lat="56.1594720" lon="10.2021700">
    <ele>9.6</ele>
   </trkpt>
   <trkpt lat="56.1594400" lon="10.2020570">
    <ele>9.8</ele>
   </trkpt>
   <trkpt lat="56.1594160" lon="10.2019740">
    <ele>10.0</ele>
   </trkpt>
   <trkpt lat="56.1593950" lon="10.2019040">
    <ele>10.2</ele>
   </trkpt>
   <trkpt lat="56.1593780" lon="10.2018500">
    <ele>10.4</ele>
   </trkpt>
   <trkpt lat="56.1593650" lon="10.2018150">
    <ele>10.6</ele>
   </trkpt>
   <trkpt lat="56.1593620" lon="10.2018020">
    <ele>10.8</ele>
   </trkpt>
   <trkpt lat="56.1593620" lon="10.2018020">
    <ele>10.8</ele>
   </trkpt>
   <trkpt lat="56.1593580" lon="10.2017940">
    <ele>10.8</ele>
   </trkpt>
   <trkpt lat="56.1593390" lon="10.2017410">
    <ele>10.6</ele>
   </trkpt>
   <trkpt lat="56.1593250" lon="10.2017010">
    <ele>11.0</ele>
   </trkpt>
   <trkpt lat="56.1593050" lon="10.2016590">
    <ele>10.8</ele>
   </trkpt>
   <trkpt lat="56.1592810" lon="10.2016090">
    <ele>10.8</ele>
   </trkpt>
   <trkpt lat="56.1592580" lon="10.2015420">
    <ele>10.8</ele>
   </trkpt>
   <trkpt lat="56.1592310" lon="10.2014680">
    <ele>10.8</ele>
   </trkpt>
   <trkpt lat="56.1591970" lon="10.2013970">
    <ele>11.0</ele>
   </trkpt>
   <trkpt lat="56.1591570" lon="10.2013320">
    <ele>11.0</ele>
   </trkpt>
   <trkpt lat="56.1591120" lon="10.2012650">
    <ele>11.0</ele>
   </trkpt>
   <trkpt lat="56.1590660" lon="10.2011950">
    <ele>11.0</ele>
   </trkpt>
   <trkpt lat="56.1590180" lon="10.2011270">
    <ele>10.8</ele>
   </trkpt>
   <trkpt lat="56.1589710" lon="10.2010580">
    <ele>10.8</ele>
   </trkpt>
   <trkpt lat="56.1589270" lon="10.2009800">
    <ele>10.8</ele>
   </trkpt>
   <trkpt lat="56.1588850" lon="10.2008940">
    <ele>10.8</ele>
   </trkpt>
   <trkpt lat="56.1588430" lon="10.2008070">
    <ele>10.8</ele>
   </trkpt>
   <trkpt lat="56.1588000" lon="10.2007210">
    <ele>10.8</ele>
   </trkpt>
   <trkpt lat="56.1587550" lon="10.2006350">
    <ele>10.8</ele>
   </trkpt>
   <trkpt lat="56.1587090" lon="10.2005490">
    <ele>10.6</ele>
   </trkpt>
   <trkpt lat="56.1586590" lon="10.2004630">
    <ele>10.6</ele>
   </trkpt>
   <trkpt lat="56.1586200" lon="10.2003970">
    <ele>10.6</ele>
   </trkpt>
   <trkpt lat="56.1585660" lon="10.2003000">
    <ele>10.4</ele>
   </trkpt>
   <trkpt lat="56.1585230" lon="10.2002140">
    <ele>10.4</ele>
   </trkpt>
   <trkpt lat="56.1584860" lon="10.2001290">
    <ele>10.6</ele>
   </trkpt>
   <trkpt lat="56.1584500" lon="10.2000560">
    <ele>10.6</ele>
   </trkpt>
   <trkpt lat="56.1584130" lon="10.1999940">
    <ele>10.8</ele>
   </trkpt>
   <trkpt lat="56.1583830" lon="10.1999410">
    <ele>10.8</ele>
   </trkpt>
   <trkpt lat="56.1583570" lon="10.1998970">
    <ele>11.0</ele>
   </trkpt>
   <trkpt lat="56.1583380" lon="10.1998650">
    <ele>11.2</ele>
   </trkpt>
   <trkpt lat="56.1583210" lon="10.1998450">
    <ele>11.2</ele>
   </trkpt>
   <trkpt lat="56.1583180" lon="10.1998370">
    <ele>11.4</ele>
   </trkpt>
   <trkpt lat="56.1583180" lon="10.1998370">
    <ele>11.4</ele>
   </trkpt>
   <trkpt lat="56.1582960" lon="10.1997840">
    <ele>11.2</ele>
   </trkpt>
   <trkpt lat="56.1582800" lon="10.1997490">
    <ele>11.2</ele>
   </trkpt>
   <trkpt lat="56.1582620" lon="10.1997060">
    <ele>11.0</ele>
   </trkpt>
   <trkpt lat="56.1582420" lon="10.1996550">
    <ele>11.0</ele>
   </trkpt>
   <trkpt lat="56.1582180" lon="10.1995930">
    <ele>10.8</ele>
   </trkpt>
   <trkpt lat="56.1581910" lon="10.1995240">
    <ele>10.6</ele>
   </trkpt>
   <trkpt lat="56.1581640" lon="10.1994460">
    <ele>10.4</ele>
   </trkpt>
   <trkpt lat="56.1581380" lon="10.1993510">
    <ele>10.4</ele>
   </trkpt>
   <trkpt lat="56.1581120" lon="10.1992540">
    <ele>10.4</ele>
   </trkpt>
   <trkpt lat="56.1580890" lon="10.1991600">
    <ele>10.0</ele>
   </trkpt>
   <trkpt lat="56.1580690" lon="10.1990660">
    <ele>10.0</ele>
   </trkpt>
   <trkpt lat="56.1580440" lon="10.1989750">
    <ele>9.8</ele>
   </trkpt>
   <trkpt lat="56.1580190" lon="10.1988850">
    <ele>9.8</ele>
   </trkpt>
   <trkpt lat="56.1580010" lon="10.1987930">
    <ele>9.8</ele>
   </trkpt>
   <trkpt lat="56.1579860" lon="10.1987030">
    <ele>9.8</ele>
   </trkpt>
   <trkpt lat="56.1579660" lon="10.1986170">
    <ele>9.8</ele>
   </trkpt>
   <trkpt lat="56.1579410" lon="10.1985380">
    <ele>9.8</ele>
   </trkpt>
   <trkpt lat="56.1579190" lon="10.1984750">
    <ele>10.0</ele>
   </trkpt>
   <trkpt lat="56.1579330" lon="10.1984300">
    <ele>10.4</ele>
   </trkpt>
   <trkpt lat="56.1579570" lon="10.1984020">
    <ele>10.6</ele>
   </trkpt>
   <trkpt lat="56.1579880" lon="10.1983780">
    <ele>10.8</ele>
   </trkpt>
   <trkpt lat="56.1580200" lon="10.1983580">
    <ele>10.8</ele>
   </trkpt>
   <trkpt lat="56.1580500" lon="10.1983350">
    <ele>10.8</ele>
   </trkpt>
   <trkpt lat="56.1580780" lon="10.1983080">
    <ele>11.0</ele>
   </trkpt>
   <trkpt lat="56.1581060" lon="10.1982830">
    <ele>11.0</ele>
   </trkpt>
   <trkpt lat="56.1581330" lon="10.1982620">
    <ele>11.2</ele>
   </trkpt>
   <trkpt lat="56.1581580" lon="10.1982350">
    <ele>11.2</ele>
   </trkpt>
   <trkpt lat="56.1581780" lon="10.1981940">
    <ele>11.4</ele>
   </trkpt>
   <trkpt lat="56.1581890" lon="10.1981420">
    <ele>11.4</ele>
   </trkpt>
   <trkpt lat="56.1581870" lon="10.1980810">
    <ele>11.4</ele>
   </trkpt>
   <trkpt lat="56.1581770" lon="10.1980180">
    <ele>11.6</ele>
   </trkpt>
   <trkpt lat="56.1581610" lon="10.1979500">
    <ele>11.6</ele>
   </trkpt>
   <trkpt lat="56.1581430" lon="10.1978730">
    <ele>11.6</ele>
   </trkpt>
   <trkpt lat="56.1581240" lon="10.1977870">
    <ele>11.6</ele>
   </trkpt>
   <trkpt lat="56.1581070" lon="10.1976950">
    <ele>11.6</ele>
   </trkpt>
   <trkpt lat="56.1580900" lon="10.1976010">
    <ele>11.6</ele>
   </trkpt>
   <trkpt lat="56.1580730" lon="10.1975030">
    <ele>11.4</ele>
   </trkpt>
   <trkpt lat="56.1580540" lon="10.1974010">
    <ele>11.2</ele>
   </trkpt>
   <trkpt lat="56.1580330" lon="10.1972980">
    <ele>11.0</ele>
   </trkpt>
   <trkpt lat="56.1580140" lon="10.1971910">
    <ele>11.0</ele>
   </trkpt>
   <trkpt lat="56.1579950" lon="10.1970850">
    <ele>10.8</ele>
   </trkpt>
   <trkpt lat="56.1579820" lon="10.1969770">
    <ele>10.8</ele>
   </trkpt>
   <trkpt lat="56.1579630" lon="10.1968670">
    <ele>10.8</ele>
   </trkpt>
   <trkpt lat="56.1579390" lon="10.1967600">
    <ele>10.8</ele>
   </trkpt>
   <trkpt lat="56.1579150" lon="10.1966530">
    <ele>10.8</ele>
   </trkpt>
   <trkpt lat="56.1578910" lon="10.1965440">
    <ele>11.0</ele>
   </trkpt>
   <trkpt lat="56.1578720" lon="10.1964330">
    <ele>11.0</ele>
   </trkpt>
   <trkpt lat="56.1578480" lon="10.1963200">
    <ele>11.0</ele>
   </trkpt>
   <trkpt lat="56.1578270" lon="10.1962090">
    <ele>11.0</ele>
   </trkpt>
   <trkpt lat="56.1578030" lon="10.1960950">
    <ele>10.8</ele>
   </trkpt>
   <trkpt lat="56.1577800" lon="10.1959810">
    <ele>10.6</ele>
   </trkpt>
   <trkpt lat="56.1577590" lon="10.1958650">
    <ele>10.6</ele>
   </trkpt>
   <trkpt lat="56.1577390" lon="10.1957500">
    <ele>10.4</ele>
   </trkpt>
   <trkpt lat="56.1577180" lon="10.1956390">
    <ele>10.4</ele>
   </trkpt>
   <trkpt lat="56.1576970" lon="10.1955320">
    <ele>10.6</ele>
   </trkpt>
   <trkpt lat="56.1576770" lon="10.1954310">
    <ele>10.6</ele>
   </trkpt>
   <trkpt lat="56.1576590" lon="10.1953340">
    <ele>10.8</ele>
   </trkpt>
   <trkpt lat="56.1576450" lon="10.1952390">
    <ele>10.8</ele>
   </trkpt>
   <trkpt lat="56.1576360" lon="10.1951470">
    <ele>11.0</ele>
   </trkpt>
   <trkpt lat="56.1576340" lon="10.1950630">
    <ele>11.0</ele>
   </trkpt>
   <trkpt lat="56.1576400" lon="10.1949990">
    <ele>11.2</ele>
   </trkpt>
   <trkpt lat="56.1576470" lon="10.1949550">
    <ele>11.4</ele>
   </trkpt>
   <trkpt lat="56.1576470" lon="10.1949300">
    <ele>11.4</ele>
   </trkpt>
   <trkpt lat="56.1576400" lon="10.1949160">
    <ele>11.6</ele>
   </trkpt>
   <trkpt lat="56.1576360" lon="10.1948980">
    <ele>11.6</ele>
   </trkpt>
   <trkpt lat="56.1576340" lon="10.1948640">
    <ele>11.6</ele>
   </trkpt>
   <trkpt lat="56.1576340" lon="10.1948150">
    <ele>11.6</ele>
   </trkpt>
   <trkpt lat="56.1576350" lon="10.1947520">
    <ele>11.6</ele>
   </trkpt>
   <trkpt lat="56.1576340" lon="10.1946830">
    <ele>11.6</ele>
   </trkpt>
   <trkpt lat="56.1576340" lon="10.1946050">
    <ele>11.4</ele>
   </trkpt>
   <trkpt lat="56.1576360" lon="10.1945240">
    <ele>11.4</ele>
   </trkpt>
   <trkpt lat="56.1576360" lon="10.1944380">
    <ele>11.4</ele>
   </trkpt>
   <trkpt lat="56.1576310" lon="10.1943460">
    <ele>11.4</ele>
   </trkpt>
   <trkpt lat="56.1576260" lon="10.1942510">
    <ele>11.4</ele>
   </trkpt>
   <trkpt lat="56.1576220" lon="10.1941500">
    <ele>11.4</ele>
   </trkpt>
   <trkpt lat="56.1576220" lon="10.1940490">
    <ele>11.4</ele>
   </trkpt>
   <trkpt lat="56.1576260" lon="10.1939470">
    <ele>11.4</ele>
   </trkpt>
   <trkpt lat="56.1576330" lon="10.1938490">
    <ele>11.6</ele>
   </trkpt>
   <trkpt lat="56.1576410" lon="10.1937530">
    <ele>11.8</ele>
   </trkpt>
   <trkpt lat="56.1576520" lon="10.1936600">
    <ele>11.8</ele>
   </trkpt>
   <trkpt lat="56.1576650" lon="10.1935700">
    <ele>12.0</ele>
   </trkpt>
   <trkpt lat="56.1576810" lon="10.1934830">
    <ele>12.2</ele>
   </trkpt>
   <trkpt lat="56.1577010" lon="10.1934000">
    <ele>12.4</ele>
   </trkpt>
   <trkpt lat="56.1577260" lon="10.1933240">
    <ele>12.6</ele>
   </trkpt>
   <trkpt lat="56.1577440" lon="10.1932640">
    <ele>12.8</ele>
   </trkpt>
   <trkpt lat="56.1577740" lon="10.1931910">
    <ele>13.0</ele>
   </trkpt>
   <trkpt lat="56.1578090" lon="10.1931070">
    <ele>13.2</ele>
   </trkpt>
   <trkpt lat="56.1578340" lon="10.1930340">
    <ele>13.6</ele>
   </trkpt>
   <trkpt lat="56.1578580" lon="10.1929590">
    <ele>13.8</ele>
   </trkpt>
   <trkpt lat="56.1578790" lon="10.1928820">
    <ele>14.0</ele>
   </trkpt>
   <trkpt lat="56.1578970" lon="10.1928050">
    <ele>14.2</ele>
   </trkpt>
   <trkpt lat="56.1579130" lon="10.1927280">
    <ele>14.6</ele>
   </trkpt>
   <trkpt lat="56.1579340" lon="10.1926540">
    <ele>14.8</ele>
   </trkpt>
   <trkpt lat="56.1579550" lon="10.1925790">
    <ele>15.0</ele>
   </trkpt>
   <trkpt lat="56.1579790" lon="10.1925090">
    <ele>15.4</ele>
   </trkpt>
   <trkpt lat="56.1580030" lon="10.1924400">
    <ele>15.6</ele>
   </trkpt>
   <trkpt lat="56.1580270" lon="10.1923670">
    <ele>15.8</ele>
   </trkpt>
   <trkpt lat="56.1580500" lon="10.1922950">
    <ele>16.2</ele>
   </trkpt>
   <trkpt lat="56.1580740" lon="10.1922250">
    <ele>16.4</ele>
   </trkpt>
   <trkpt lat="56.1580980" lon="10.1921550">
    <ele>16.6</ele>
   </trkpt>
   <trkpt lat="56.1581220" lon="10.1920850">
    <ele>16.8</ele>
   </trkpt>
   <trkpt lat="56.1581480" lon="10.1920190">
    <ele>17.0</ele>
   </trkpt>
   <trkpt lat="56.1581720" lon="10.1919490">
    <ele>17.2</ele>
   </trkpt>
   <trkpt lat="56.1581960" lon="10.1918800">
    <ele>17.4</ele>
   </trkpt>
   <trkpt lat="56.1582200" lon="10.1918090">
    <ele>17.6</ele>
   </trkpt>
   <trkpt lat="56.1582440" lon="10.1917360">
    <ele>17.8</ele>
   </trkpt>
   <trkpt lat="56.1582690" lon="10.1916630">
    <ele>18.0</ele>
   </trkpt>
   <trkpt lat="56.1582930" lon="10.1915920">
    <ele>18.2</ele>
   </trkpt>
   <trkpt lat="56.1583160" lon="10.1915180">
    <ele>18.4</ele>
   </trkpt>
   <trkpt lat="56.1583390" lon="10.1914440">
    <ele>18.6</ele>
   </trkpt>
   <trkpt lat="56.1583620" lon="10.1913710">
    <ele>19.0</ele>
   </trkpt>
   <trkpt lat="56.1583850" lon="10.1912960">
    <ele>19.0</ele>
   </trkpt>
   <trkpt lat="56.1584080" lon="10.1912220">
    <ele>19.2</ele>
   </trkpt>
   <trkpt lat="56.1584300" lon="10.1911500">
    <ele>19.4</ele>
   </trkpt>
   <trkpt lat="56.1584520" lon="10.1910780">
    <ele>19.6</ele>
   </trkpt>
   <trkpt lat="56.1584750" lon="10.1910050">
    <ele>19.8</ele>
   </trkpt>
   <trkpt lat="56.1584960" lon="10.1909320">
    <ele>20.0</ele>
   </trkpt>
   <trkpt lat="56.1585200" lon="10.1908580">
    <ele>20.2</ele>
   </trkpt>
   <trkpt lat="56.1585440" lon="10.1907870">
    <ele>20.4</ele>
   </trkpt>
   <trkpt lat="56.1585650" lon="10.1907130">
    <ele>20.4</ele>
   </trkpt>
   <trkpt lat="56.1585870" lon="10.1906410">
    <ele>20.6</ele>
   </trkpt>
   <trkpt lat="56.1586090" lon="10.1905690">
    <ele>20.6</ele>
   </trkpt>
   <trkpt lat="56.1586300" lon="10.1904890">
    <ele>20.8</ele>
   </trkpt>
   <trkpt lat="56.1586480" lon="10.1904080">
    <ele>21.2</ele>
   </trkpt>
   <trkpt lat="56.1586680" lon="10.1903310">
    <ele>21.4</ele>
   </trkpt>
   <trkpt lat="56.1586890" lon="10.1902580">
    <ele>21.6</ele>
   </trkpt>
   <trkpt lat="56.1587130" lon="10.1901870">
    <ele>22.0</ele>
   </trkpt>
   <trkpt lat="56.1587390" lon="10.1901170">
    <ele>22.2</ele>
   </trkpt>
   <trkpt lat="56.1587630" lon="10.1900450">
    <ele>22.4</ele>
   </trkpt>
   <trkpt lat="56.1587880" lon="10.1899730">
    <ele>22.8</ele>
   </trkpt>
   <trkpt lat="56.1588170" lon="10.1899070">
    <ele>23.0</ele>
   </trkpt>
   <trkpt lat="56.1588450" lon="10.1898420">
    <ele>23.0</ele>
   </trkpt>
   <trkpt lat="56.1588740" lon="10.1897760">
    <ele>23.2</ele>
   </trkpt>
   <trkpt lat="56.1589010" lon="10.1897090">
    <ele>23.4</ele>
   </trkpt>
   <trkpt lat="56.1589280" lon="10.1896440">
    <ele>23.6</ele>
   </trkpt>
   <trkpt lat="56.1589540" lon="10.1895790">
    <ele>23.8</ele>
   </trkpt>
   <trkpt lat="56.1589770" lon="10.1895110">
    <ele>24.0</ele>
   </trkpt>
   <trkpt lat="56.1589970" lon="10.1894390">
    <ele>24.2</ele>
   </trkpt>
   <trkpt lat="56.1590200" lon="10.1893690">
    <ele>24.4</ele>
   </trkpt>
   <trkpt lat="56.1590450" lon="10.1893000">
    <ele>24.6</ele>
   </trkpt>
   <trkpt lat="56.1590670" lon="10.1892260">
    <ele>24.8</ele>
   </trkpt>
   <trkpt lat="56.1590860" lon="10.1891490">
    <ele>25.0</ele>
   </trkpt>
   <trkpt lat="56.1591040" lon="10.1890730">
    <ele>25.2</ele>
   </trkpt>
   <trkpt lat="56.1591180" lon="10.1889950">
    <ele>25.4</ele>
   </trkpt>
   <trkpt lat="56.1591290" lon="10.1889120">
    <ele>25.6</ele>
   </trkpt>
   <trkpt lat="56.1591480" lon="10.1888350">
    <ele>25.8</ele>
   </trkpt>
   <trkpt lat="56.1591710" lon="10.1887620">
    <ele>26.0</ele>
   </trkpt>
   <trkpt lat="56.1591950" lon="10.1886880">
    <ele>26.2</ele>
   </trkpt>
   <trkpt lat="56.1592170" lon="10.1886130">
    <ele>26.4</ele>
   </trkpt>
   <trkpt lat="56.1592400" lon="10.1885390">
    <ele>26.6</ele>
   </trkpt>
   <trkpt lat="56.1592640" lon="10.1884690">
    <ele>26.8</ele>
   </trkpt>
   <trkpt lat="56.1592880" lon="10.1884000">
    <ele>27.0</ele>
   </trkpt>
   <trkpt lat="56.1593090" lon="10.1883260">
    <ele>27.4</ele>
   </trkpt>
   <trkpt lat="56.1593320" lon="10.1882510">
    <ele>27.6</ele>
   </trkpt>
   <trkpt lat="56.1593560" lon="10.1881800">
    <ele>27.8</ele>
   </trkpt>
   <trkpt lat="56.1593800" lon="10.1881100">
    <ele>28.0</ele>
   </trkpt>
   <trkpt lat="56.1594030" lon="10.1880400">
    <ele>28.2</ele>
   </trkpt>
   <trkpt lat="56.1594250" lon="10.1879700">
    <ele>28.2</ele>
   </trkpt>
   <trkpt lat="56.1594460" lon="10.1878970">
    <ele>28.4</ele>
   </trkpt>
   <trkpt lat="56.1594690" lon="10.1878250">
    <ele>28.6</ele>
   </trkpt>
   <trkpt lat="56.1594930" lon="10.1877530">
    <ele>28.8</ele>
   </trkpt>
   <trkpt lat="56.1595180" lon="10.1876810">
    <ele>29.0</ele>
   </trkpt>
   <trkpt lat="56.1595390" lon="10.1876050">
    <ele>29.4</ele>
   </trkpt>
   <trkpt lat="56.1595620" lon="10.1875290">
    <ele>29.4</ele>
   </trkpt>
   <trkpt lat="56.1595860" lon="10.1874550">
    <ele>29.6</ele>
   </trkpt>
   <trkpt lat="56.1596080" lon="10.1873810">
    <ele>29.8</ele>
   </trkpt>
   <trkpt lat="56.1596310" lon="10.1873060">
    <ele>30.0</ele>
   </trkpt>
   <trkpt lat="56.1596540" lon="10.1872320">
    <ele>30.0</ele>
   </trkpt>
   <trkpt lat="56.1596780" lon="10.1871620">
    <ele>30.0</ele>
   </trkpt>
   <trkpt lat="56.1597030" lon="10.1870930">
    <ele>30.2</ele>
   </trkpt>
   <trkpt lat="56.1597260" lon="10.1870200">
    <ele>30.2</ele>
   </trkpt>
   <trkpt lat="56.1597510" lon="10.1869470">
    <ele>30.4</ele>
   </trkpt>
   <trkpt lat="56.1597760" lon="10.1868760">
    <ele>30.6</ele>
   </trkpt>
   <trkpt lat="56.1597990" lon="10.1868000">
    <ele>30.8</ele>
   </trkpt>
   <trkpt lat="56.1598220" lon="10.1867260">
    <ele>31.0</ele>
   </trkpt>
   <trkpt lat="56.1598450" lon="10.1866510">
    <ele>31.2</ele>
   </trkpt>
   <trkpt lat="56.1598680" lon="10.1865760">
    <ele>31.2</ele>
   </trkpt>
   <trkpt lat="56.1598900" lon="10.1864990">
    <ele>31.4</ele>
   </trkpt>
   <trkpt lat="56.1599130" lon="10.1864250">
    <ele>31.6</ele>
   </trkpt>
   <trkpt lat="56.1599370" lon="10.1863500">
    <ele>31.8</ele>
   </trkpt>
   <trkpt lat="56.1599600" lon="10.1862750">
    <ele>32.0</ele>
   </trkpt>
   <trkpt lat="56.1599830" lon="10.1862000">
    <ele>32.2</ele>
   </trkpt>
   <trkpt lat="56.1600060" lon="10.1861230">
    <ele>32.4</ele>
   </trkpt>
   <trkpt lat="56.1600290" lon="10.1860480">
    <ele>32.6</ele>
   </trkpt>
   <trkpt lat="56.1600550" lon="10.1859770">
    <ele>32.6</ele>
   </trkpt>
   <trkpt lat="56.1600800" lon="10.1859020">
    <ele>32.8</ele>
   </trkpt>
   <trkpt lat="56.1601030" lon="10.1858250">
    <ele>33.0</ele>
   </trkpt>
   <trkpt lat="56.1601260" lon="10.1857510">
    <ele>33.2</ele>
   </trkpt>
   <trkpt lat="56.1601500" lon="10.1856770">
    <ele>33.2</ele>
   </trkpt>
   <trkpt lat="56.1601750" lon="10.1856030">
    <ele>33.4</ele>
   </trkpt>
   <trkpt lat="56.1602010" lon="10.1855300">
    <ele>33.6</ele>
   </trkpt>
   <trkpt lat="56.1602280" lon="10.1854580">
    <ele>33.8</ele>
   </trkpt>
   <trkpt lat="56.1602540" lon="10.1853880">
    <ele>33.8</ele>
   </trkpt>
   <trkpt lat="56.1602780" lon="10.1853130">
    <ele>34.0</ele>
   </trkpt>
   <trkpt lat="56.1603000" lon="10.1852380">
    <ele>34.2</ele>
   </trkpt>
   <trkpt lat="56.1603210" lon="10.1851610">
    <ele>34.4</ele>
   </trkpt>
   <trkpt lat="56.1603440" lon="10.1850850">
    <ele>34.6</ele>
   </trkpt>
   <trkpt lat="56.1603680" lon="10.1850090">
    <ele>34.6</ele>
   </trkpt>
   <trkpt lat="56.1603920" lon="10.1849310">
    <ele>34.8</ele>
   </trkpt>
   <trkpt lat="56.1604180" lon="10.1848550">
    <ele>34.8</ele>
   </trkpt>
   <trkpt lat="56.1604480" lon="10.1847830">
    <ele>34.8</ele>
   </trkpt>
   <trkpt lat="56.1604790" lon="10.1847120">
    <ele>34.8</ele>
   </trkpt>
   <trkpt lat="56.1605090" lon="10.1846400">
    <ele>35.0</ele>
   </trkpt>
   <trkpt lat="56.1605380" lon="10.1845660">
    <ele>34.8</ele>
   </trkpt>
   <trkpt lat="56.1605690" lon="10.1844930">
    <ele>35.0</ele>
   </trkpt>
   <trkpt lat="56.1606000" lon="10.1844200">
    <ele>35.0</ele>
   </trkpt>
   <trkpt lat="56.1606320" lon="10.1843470">
    <ele>35.0</ele>
   </trkpt>
   <trkpt lat="56.1606600" lon="10.1842720">
    <ele>35.2</ele>
   </trkpt>
   <trkpt lat="56.1606890" lon="10.1841960">
    <ele>35.4</ele>
   </trkpt>
   <trkpt lat="56.1607160" lon="10.1841180">
    <ele>35.4</ele>
   </trkpt>
   <trkpt lat="56.1607420" lon="10.1840390">
    <ele>35.6</ele>
   </trkpt>
   <trkpt lat="56.1607730" lon="10.1839690">
    <ele>35.6</ele>
   </trkpt>
   <trkpt lat="56.1608030" lon="10.1838950">
    <ele>35.8</ele>
   </trkpt>
   <trkpt lat="56.1608290" lon="10.1838160">
    <ele>35.8</ele>
   </trkpt>
   <trkpt lat="56.1608570" lon="10.1837390">
    <ele>36.0</ele>
   </trkpt>
   <trkpt lat="56.1608850" lon="10.1836620">
    <ele>36.0</ele>
   </trkpt>
   <trkpt lat="56.1609130" lon="10.1835850">
    <ele>36.0</ele>
   </trkpt>
   <trkpt lat="56.1609410" lon="10.1835100">
    <ele>36.2</ele>
   </trkpt>
   <trkpt lat="56.1609700" lon="10.1834380">
    <ele>36.4</ele>
   </trkpt>
   <trkpt lat="56.1609970" lon="10.1833670">
    <ele>36.6</ele>
   </trkpt>
   <trkpt lat="56.1610230" lon="10.1832890">
    <ele>37.0</ele>
   </trkpt>
   <trkpt lat="56.1610460" lon="10.1832080">
    <ele>37.2</ele>
   </trkpt>
   <trkpt lat="56.1610670" lon="10.1831220">
    <ele>37.2</ele>
   </trkpt>
   <trkpt lat="56.1610880" lon="10.1830370">
    <ele>37.4</ele>
   </trkpt>
   <trkpt lat="56.1611080" lon="10.1829520">
    <ele>37.4</ele>
   </trkpt>
   <trkpt lat="56.1611310" lon="10.1828680">
    <ele>37.2</ele>
   </trkpt>
   <trkpt lat="56.1611540" lon="10.1827830">
    <ele>37.2</ele>
   </trkpt>
   <trkpt lat="56.1611770" lon="10.1826990">
    <ele>37.2</ele>
   </trkpt>
   <trkpt lat="56.1612000" lon="10.1826170">
    <ele>37.4</ele>
   </trkpt>
   <trkpt lat="56.1612240" lon="10.1825350">
    <ele>37.4</ele>
   </trkpt>
   <trkpt lat="56.1612490" lon="10.1824560">
    <ele>37.6</ele>
   </trkpt>
   <trkpt lat="56.1612760" lon="10.1823770">
    <ele>37.6</ele>
   </trkpt>
   <trkpt lat="56.1613020" lon="10.1822990">
    <ele>37.8</ele>
   </trkpt>
   <trkpt lat="56.1613290" lon="10.1822200">
    <ele>38.0</ele>
   </trkpt>
   <trkpt lat="56.1613560" lon="10.1821410">
    <ele>38.0</ele>
   </trkpt>
   <trkpt lat="56.1613810" lon="10.1820600">
    <ele>38.2</ele>
   </trkpt>
   <trkpt lat="56.1614080" lon="10.1819800">
    <ele>38.2</ele>
   </trkpt>
   <trkpt lat="56.1614350" lon="10.1819030">
    <ele>38.2</ele>
   </trkpt>
   <trkpt lat="56.1614570" lon="10.1818200">
    <ele>38.4</ele>
   </trkpt>
   <trkpt lat="56.1614810" lon="10.1817350">
    <ele>38.6</ele>
   </trkpt>
   <trkpt lat="56.1615060" lon="10.1816550">
    <ele>38.8</ele>
   </trkpt>
   <trkpt lat="56.1615330" lon="10.1815760">
    <ele>39.0</ele>
   </trkpt>
   <trkpt lat="56.1615590" lon="10.1814980">
    <ele>39.2</ele>
   </trkpt>
   <trkpt lat="56.1615820" lon="10.1814180">
    <ele>39.2</ele>
   </trkpt>
   <trkpt lat="56.1616070" lon="10.1813410">
    <ele>39.4</ele>
   </trkpt>
   <trkpt lat="56.1616330" lon="10.1812650">
    <ele>39.6</ele>
   </trkpt>
   <trkpt lat="56.1616600" lon="10.1811900">
    <ele>39.8</ele>
   </trkpt>
   <trkpt lat="56.1616830" lon="10.1811100">
    <ele>40.0</ele>
   </trkpt>
   <trkpt lat="56.1617080" lon="10.1810320">
    <ele>40.2</ele>
   </trkpt>
   <trkpt lat="56.1617320" lon="10.1809560">
    <ele>40.4</ele>
   </trkpt>
   <trkpt lat="56.1617570" lon="10.1808810">
    <ele>40.6</ele>
   </trkpt>
   <trkpt lat="56.1617800" lon="10.1808000">
    <ele>40.8</ele>
   </trkpt>
   <trkpt lat="56.1618010" lon="10.1807190">
    <ele>40.8</ele>
   </trkpt>
   <trkpt lat="56.1618160" lon="10.1806340">
    <ele>41.0</ele>
   </trkpt>
   <trkpt lat="56.1618300" lon="10.1805490">
    <ele>41.0</ele>
   </trkpt>
   <trkpt lat="56.1618480" lon="10.1804640">
    <ele>41.2</ele>
   </trkpt>
   <trkpt lat="56.1618700" lon="10.1803820">
    <ele>41.4</ele>
   </trkpt>
   <trkpt lat="56.1618960" lon="10.1803040">
    <ele>41.4</ele>
   </trkpt>
   <trkpt lat="56.1619220" lon="10.1802270">
    <ele>41.6</ele>
   </trkpt>
   <trkpt lat="56.1619470" lon="10.1801490">
    <ele>41.8</ele>
   </trkpt>
   <trkpt lat="56.1619690" lon="10.1800680">
    <ele>42.0</ele>
   </trkpt>
   <trkpt lat="56.1619900" lon="10.1799870">
    <ele>42.2</ele>
   </trkpt>
   <trkpt lat="56.1620120" lon="10.1799060">
    <ele>42.2</ele>
   </trkpt>
   <trkpt lat="56.1620360" lon="10.1798270">
    <ele>42.4</ele>
   </trkpt>
   <trkpt lat="56.1620610" lon="10.1797490">
    <ele>42.6</ele>
   </trkpt>
   <trkpt lat="56.1620860" lon="10.1796730">
    <ele>42.8</ele>
   </trkpt>
   <trkpt lat="56.1621120" lon="10.1795980">
    <ele>42.8</ele>
   </trkpt>
   <trkpt lat="56.1621360" lon="10.1795230">
    <ele>42.8</ele>
   </trkpt>
   <trkpt lat="56.1621590" lon="10.1794480">
    <ele>43.0</ele>
   </trkpt>
   <trkpt lat="56.1621830" lon="10.1793730">
    <ele>43.0</ele>
   </trkpt>
   <trkpt lat="56.1622060" lon="10.1793000">
    <ele>43.2</ele>
   </trkpt>
   <trkpt lat="56.1622300" lon="10.1792260">
    <ele>43.4</ele>
   </trkpt>
   <trkpt lat="56.1622530" lon="10.1791510">
    <ele>43.6</ele>
   </trkpt>
   <trkpt lat="56.1622760" lon="10.1790770">
    <ele>43.8</ele>
   </trkpt>
   <trkpt lat="56.1623000" lon="10.1790040">
    <ele>44.0</ele>
   </trkpt>
   <trkpt lat="56.1623230" lon="10.1789290">
    <ele>44.0</ele>
   </trkpt>
   <trkpt lat="56.1623450" lon="10.1788540">
    <ele>44.2</ele>
   </trkpt>
   <trkpt lat="56.1623660" lon="10.1787760">
    <ele>44.4</ele>
   </trkpt>
   <trkpt lat="56.1623890" lon="10.1786980">
    <ele>44.6</ele>
   </trkpt>
   <trkpt lat="56.1624100" lon="10.1786210">
    <ele>44.6</ele>
   </trkpt>
   <trkpt lat="56.1624320" lon="10.1785410">
    <ele>44.8</ele>
   </trkpt>
   <trkpt lat="56.1624560" lon="10.1784650">
    <ele>44.8</ele>
   </trkpt>
   <trkpt lat="56.1624790" lon="10.1783910">
    <ele>45.0</ele>
   </trkpt>
   <trkpt lat="56.1624990" lon="10.1783150">
    <ele>45.0</ele>
   </trkpt>
   <trkpt lat="56.1625200" lon="10.1782400">
    <ele>45.2</ele>
   </trkpt>
   <trkpt lat="56.1625410" lon="10.1781650">
    <ele>45.4</ele>
   </trkpt>
   <trkpt lat="56.1625620" lon="10.1780900">
    <ele>45.6</ele>
   </trkpt>
   <trkpt lat="56.1625850" lon="10.1780150">
    <ele>45.8</ele>
   </trkpt>
   <trkpt lat="56.1626080" lon="10.1779360">
    <ele>46.0</ele>
   </trkpt>
   <trkpt lat="56.1626280" lon="10.1778560">
    <ele>46.2</ele>
   </trkpt>
   <trkpt lat="56.1626460" lon="10.1777710">
    <ele>46.2</ele>
   </trkpt>
   <trkpt lat="56.1626650" lon="10.1776870">
    <ele>46.2</ele>
   </trkpt>
   <trkpt lat="56.1626870" lon="10.1776090">
    <ele>46.4</ele>
   </trkpt>
   <trkpt lat="56.1627080" lon="10.1775300">
    <ele>46.6</ele>
   </trkpt>
   <trkpt lat="56.1627290" lon="10.1774500">
    <ele>46.6</ele>
   </trkpt>
   <trkpt lat="56.1627500" lon="10.1773680">
    <ele>46.8</ele>
   </trkpt>
   <trkpt lat="56.1627730" lon="10.1772880">
    <ele>47.0</ele>
   </trkpt>
   <trkpt lat="56.1627950" lon="10.1772090">
    <ele>47.2</ele>
   </trkpt>
   <trkpt lat="56.1628160" lon="10.1771280">
    <ele>47.4</ele>
   </trkpt>
   <trkpt lat="56.1628370" lon="10.1770450">
    <ele>47.4</ele>
   </trkpt>
   <trkpt lat="56.1628590" lon="10.1769630">
    <ele>47.6</ele>
   </trkpt>
   <trkpt lat="56.1628810" lon="10.1768810">
    <ele>47.6</ele>
   </trkpt>
   <trkpt lat="56.1629020" lon="10.1767970">
    <ele>47.6</ele>
   </trkpt>
   <trkpt lat="56.1629220" lon="10.1767140">
    <ele>47.8</ele>
   </trkpt>
   <trkpt lat="56.1629420" lon="10.1766260">
    <ele>47.8</ele>
   </trkpt>
   <trkpt lat="56.1629610" lon="10.1765370">
    <ele>47.8</ele>
   </trkpt>
   <trkpt lat="56.1629840" lon="10.1764540">
    <ele>48.0</ele>
   </trkpt>
   <trkpt lat="56.1630100" lon="10.1763740">
    <ele>48.0</ele>
   </trkpt>
   <trkpt lat="56.1630400" lon="10.1762950">
    <ele>48.0</ele>
   </trkpt>
   <trkpt lat="56.1630700" lon="10.1762160">
    <ele>48.2</ele>
   </trkpt>
   <trkpt lat="56.1630970" lon="10.1761350">
    <ele>48.2</ele>
   </trkpt>
   <trkpt lat="56.1631190" lon="10.1760530">
    <ele>48.2</ele>
   </trkpt>
   <trkpt lat="56.1631390" lon="10.1759650">
    <ele>48.2</ele>
   </trkpt>
   <trkpt lat="56.1631590" lon="10.1758790">
    <ele>48.2</ele>
   </trkpt>
   <trkpt lat="56.1631810" lon="10.1757920">
    <ele>48.2</ele>
   </trkpt>
   <trkpt lat="56.1632050" lon="10.1757060">
    <ele>48.2</ele>
   </trkpt>
   <trkpt lat="56.1632280" lon="10.1756190">
    <ele>48.2</ele>
   </trkpt>
   <trkpt lat="56.1632510" lon="10.1755340">
    <ele>48.2</ele>
   </trkpt>
   <trkpt lat="56.1632730" lon="10.1754470">
    <ele>48.2</ele>
   </trkpt>
   <trkpt lat="56.1632950" lon="10.1753600">
    <ele>48.2</ele>
   </trkpt>
   <trkpt lat="56.1633180" lon="10.1752730">
    <ele>48.2</ele>
   </trkpt>
   <trkpt lat="56.1633430" lon="10.1751870">
    <ele>48.2</ele>
   </trkpt>
   <trkpt lat="56.1633660" lon="10.1750970">
    <ele>48.2</ele>
   </trkpt>
   <trkpt lat="56.1633890" lon="10.1750090">
    <ele>48.4</ele>
   </trkpt>
   <trkpt lat="56.1634110" lon="10.1749200">
    <ele>48.4</ele>
   </trkpt>
   <trkpt lat="56.1634350" lon="10.1748320">
    <ele>48.4</ele>
   </trkpt>
   <trkpt lat="56.1634590" lon="10.1747460">
    <ele>48.4</ele>
   </trkpt>
   <trkpt lat="56.1634810" lon="10.1746580">
    <ele>48.6</ele>
   </trkpt>
   <trkpt lat="56.1635010" lon="10.1745690">
    <ele>48.6</ele>
   </trkpt>
   <trkpt lat="56.1635180" lon="10.1744750">
    <ele>48.8</ele>
   </trkpt>
   <trkpt lat="56.1635340" lon="10.1743830">
    <ele>48.8</ele>
   </trkpt>
   <trkpt lat="56.1635510" lon="10.1742930">
    <ele>49.0</ele>
   </trkpt>
   <trkpt lat="56.1635690" lon="10.1742020">
    <ele>49.0</ele>
   </trkpt>
   <trkpt lat="56.1635910" lon="10.1741140">
    <ele>49.0</ele>
   </trkpt>
   <trkpt lat="56.1636110" lon="10.1740260">
    <ele>49.0</ele>
   </trkpt>
   <trkpt lat="56.1636320" lon="10.1739360">
    <ele>49.2</ele>
   </trkpt>
   <trkpt lat="56.1636530" lon="10.1738460">
    <ele>49.2</ele>
   </trkpt>
   <trkpt lat="56.1636740" lon="10.1737570">
    <ele>49.4</ele>
   </trkpt>
   <trkpt lat="56.1636940" lon="10.1736660">
    <ele>49.6</ele>
   </trkpt>
   <trkpt lat="56.1637110" lon="10.1735740">
    <ele>49.8</ele>
   </trkpt>
   <trkpt lat="56.1637320" lon="10.1734840">
    <ele>49.8</ele>
   </trkpt>
   <trkpt lat="56.1637540" lon="10.1733940">
    <ele>50.0</ele>
   </trkpt>
   <trkpt lat="56.1637750" lon="10.1733040">
    <ele>50.2</ele>
   </trkpt>
   <trkpt lat="56.1637980" lon="10.1732150">
    <ele>50.2</ele>
   </trkpt>
   <trkpt lat="56.1638230" lon="10.1731270">
    <ele>50.4</ele>
   </trkpt>
   <trkpt lat="56.1638470" lon="10.1730380">
    <ele>50.4</ele>
   </trkpt>
   <trkpt lat="56.1638710" lon="10.1729510">
    <ele>50.4</ele>
   </trkpt>
   <trkpt lat="56.1638920" lon="10.1728620">
    <ele>50.6</ele>
   </trkpt>
   <trkpt lat="56.1639140" lon="10.1727750">
    <ele>50.6</ele>
   </trkpt>
   <trkpt lat="56.1639390" lon="10.1726920">
    <ele>50.8</ele>
   </trkpt>
   <trkpt lat="56.1639630" lon="10.1726070">
    <ele>50.8</ele>
   </trkpt>
   <trkpt lat="56.1639840" lon="10.1725200">
    <ele>50.8</ele>
   </trkpt>
   <trkpt lat="56.1640050" lon="10.1724330">
    <ele>51.0</ele>
   </trkpt>
   <trkpt lat="56.1640270" lon="10.1723500">
    <ele>51.0</ele>
   </trkpt>
   <trkpt lat="56.1640510" lon="10.1722680">
    <ele>51.2</ele>
   </trkpt>
   <trkpt lat="56.1640750" lon="10.1721840">
    <ele>51.4</ele>
   </trkpt>
   <trkpt lat="56.1640960" lon="10.1720990">
    <ele>51.6</ele>
   </trkpt>
   <trkpt lat="56.1641160" lon="10.1720140">
    <ele>51.8</ele>
   </trkpt>
   <trkpt lat="56.1641380" lon="10.1719300">
    <ele>52.0</ele>
   </trkpt>
   <trkpt lat="56.1641630" lon="10.1718500">
    <ele>52.2</ele>
   </trkpt>
   <trkpt lat="56.1641870" lon="10.1717710">
    <ele>52.4</ele>
   </trkpt>
   <trkpt lat="56.1642090" lon="10.1716880">
    <ele>52.6</ele>
   </trkpt>
   <trkpt lat="56.1642300" lon="10.1716060">
    <ele>52.8</ele>
   </trkpt>
   <trkpt lat="56.1642540" lon="10.1715240">
    <ele>53.0</ele>
   </trkpt>
   <trkpt lat="56.1642800" lon="10.1714440">
    <ele>53.2</ele>
   </trkpt>
   <trkpt lat="56.1643060" lon="10.1713650">
    <ele>53.2</ele>
   </trkpt>
   <trkpt lat="56.1643290" lon="10.1712810">
    <ele>53.4</ele>
   </trkpt>
   <trkpt lat="56.1643510" lon="10.1711960">
    <ele>53.6</ele>
   </trkpt>
   <trkpt lat="56.1643740" lon="10.1711110">
    <ele>53.6</ele>
   </trkpt>
   <trkpt lat="56.1643990" lon="10.1710280">
    <ele>53.8</ele>
   </trkpt>
   <trkpt lat="56.1644260" lon="10.1709470">
    <ele>53.8</ele>
   </trkpt>
   <trkpt lat="56.1644500" lon="10.1708680">
    <ele>54.0</ele>
   </trkpt>
   <trkpt lat="56.1644740" lon="10.1707850">
    <ele>54.0</ele>
   </trkpt>
   <trkpt lat="56.1644980" lon="10.1707030">
    <ele>54.0</ele>
   </trkpt>
   <trkpt lat="56.1645260" lon="10.1706240">
    <ele>54.2</ele>
   </trkpt>
   <trkpt lat="56.1645540" lon="10.1705450">
    <ele>54.4</ele>
   </trkpt>
   <trkpt lat="56.1645790" lon="10.1704640">
    <ele>54.4</ele>
   </trkpt>
   <trkpt lat="56.1646050" lon="10.1703820">
    <ele>54.6</ele>
   </trkpt>
   <trkpt lat="56.1646330" lon="10.1703010">
    <ele>54.8</ele>
   </trkpt>
   <trkpt lat="56.1646620" lon="10.1702240">
    <ele>54.8</ele>
   </trkpt>
   <trkpt lat="56.1646920" lon="10.1701470">
    <ele>55.0</ele>
   </trkpt>
   <trkpt lat="56.1647230" lon="10.1700710">
    <ele>55.2</ele>
   </trkpt>
   <trkpt lat="56.1647530" lon="10.1699950">
    <ele>55.4</ele>
   </trkpt>
   <trkpt lat="56.1647850" lon="10.1699220">
    <ele>55.6</ele>
   </trkpt>
   <trkpt lat="56.1648170" lon="10.1698460">
    <ele>55.8</ele>
   </trkpt>
   <trkpt lat="56.1648470" lon="10.1697700">
    <ele>56.0</ele>
   </trkpt>
   <trkpt lat="56.1648790" lon="10.1696980">
    <ele>56.0</ele>
   </trkpt>
   <trkpt lat="56.1649120" lon="10.1696260">
    <ele>56.2</ele>
   </trkpt>
   <trkpt lat="56.1649430" lon="10.1695520">
    <ele>56.4</ele>
   </trkpt>
   <trkpt lat="56.1649710" lon="10.1694750">
    <ele>56.6</ele>
   </trkpt>
   <trkpt lat="56.1649990" lon="10.1694000">
    <ele>56.8</ele>
   </trkpt>
   <trkpt lat="56.1650270" lon="10.1693270">
    <ele>57.0</ele>
   </trkpt>
   <trkpt lat="56.1650510" lon="10.1692500">
    <ele>57.0</ele>
   </trkpt>
   <trkpt lat="56.1650740" lon="10.1691690">
    <ele>57.2</ele>
   </trkpt>
   <trkpt lat="56.1650990" lon="10.1690900">
    <ele>57.2</ele>
   </trkpt>
   <trkpt lat="56.1651270" lon="10.1690130">
    <ele>57.4</ele>
   </trkpt>
   <trkpt lat="56.1651560" lon="10.1689400">
    <ele>57.6</ele>
   </trkpt>
   <trkpt lat="56.1651830" lon="10.1688690">
    <ele>57.8</ele>
   </trkpt>
   <trkpt lat="56.1652100" lon="10.1688020">
    <ele>58.0</ele>
   </trkpt>
   <trkpt lat="56.1652360" lon="10.1687330">
    <ele>58.4</ele>
   </trkpt>
   <trkpt lat="56.1652610" lon="10.1686650">
    <ele>58.6</ele>
   </trkpt>
   <trkpt lat="56.1652890" lon="10.1686000">
    <ele>59.0</ele>
   </trkpt>
   <trkpt lat="56.1653160" lon="10.1685320">
    <ele>59.2</ele>
   </trkpt>
   <trkpt lat="56.1653410" lon="10.1684610">
    <ele>59.4</ele>
   </trkpt>
   <trkpt lat="56.1653630" lon="10.1683880">
    <ele>59.6</ele>
   </trkpt>
   <trkpt lat="56.1653840" lon="10.1683140">
    <ele>59.8</ele>
   </trkpt>
   <trkpt lat="56.1654050" lon="10.1682410">
    <ele>60.0</ele>
   </trkpt>
   <trkpt lat="56.1654270" lon="10.1681700">
    <ele>60.2</ele>
   </trkpt>
   <trkpt lat="56.1654510" lon="10.1681010">
    <ele>60.4</ele>
   </trkpt>
   <trkpt lat="56.1654780" lon="10.1680380">
    <ele>60.6</ele>
   </trkpt>
   <trkpt lat="56.1655050" lon="10.1679750">
    <ele>61.0</ele>
   </trkpt>
   <trkpt lat="56.1655310" lon="10.1679110">
    <ele>61.2</ele>
   </trkpt>
   <trkpt lat="56.1655570" lon="10.1678460">
    <ele>61.4</ele>
   </trkpt>
   <trkpt lat="56.1655830" lon="10.1677830">
    <ele>61.6</ele>
   </trkpt>
   <trkpt lat="56.1656080" lon="10.1677200">
    <ele>61.8</ele>
   </trkpt>
   <trkpt lat="56.1656340" lon="10.1676570">
    <ele>62.0</ele>
   </trkpt>
   <trkpt lat="56.1656580" lon="10.1675900">
    <ele>62.2</ele>
   </trkpt>
   <trkpt lat="56.1656820" lon="10.1675250">
    <ele>62.4</ele>
   </trkpt>
   <trkpt lat="56.1657080" lon="10.1674610">
    <ele>62.6</ele>
   </trkpt>
   <trkpt lat="56.1657320" lon="10.1673960">
    <ele>62.8</ele>
   </trkpt>
   <trkpt lat="56.1657580" lon="10.1673310">
    <ele>63.0</ele>
   </trkpt>
   <trkpt lat="56.1657840" lon="10.1672700">
    <ele>63.2</ele>
   </trkpt>
   <trkpt lat="56.1658110" lon="10.1672100">
    <ele>63.4</ele>
   </trkpt>
   <trkpt lat="56.1658330" lon="10.1671450">
    <ele>63.6</ele>
   </trkpt>
   <trkpt lat="56.1658580" lon="10.1670820">
    <ele>63.6</ele>
   </trkpt>
   <trkpt lat="56.1658830" lon="10.1670190">
    <ele>63.8</ele>
   </trkpt>
   <trkpt lat="56.1659090" lon="10.1669560">
    <ele>64.0</ele>
   </trkpt>
   <trkpt lat="56.1659320" lon="10.1668890">
    <ele>64.2</ele>
   </trkpt>
   <trkpt lat="56.1659570" lon="10.1668250">
    <ele>64.4</ele>
   </trkpt>
   <trkpt lat="56.1659810" lon="10.1667620">
    <ele>64.6</ele>
   </trkpt>
   <trkpt lat="56.1660050" lon="10.1666990">
    <ele>64.8</ele>
   </trkpt>
   <trkpt lat="56.1660300" lon="10.1666380">
    <ele>65.0</ele>
   </trkpt>
   <trkpt lat="56.1660540" lon="10.1665750">
    <ele>65.2</ele>
   </trkpt>
   <trkpt lat="56.1660770" lon="10.1665100">
    <ele>65.4</ele>
   </trkpt>
   <trkpt lat="56.1661020" lon="10.1664480">
    <ele>65.6</ele>
   </trkpt>
   <trkpt lat="56.1661270" lon="10.1663870">
    <ele>65.8</ele>
   </trkpt>
   <trkpt lat="56.1661490" lon="10.1663230">
    <ele>66.0</ele>
   </trkpt>
   <trkpt lat="56.1661730" lon="10.1662630">
    <ele>66.2</ele>
   </trkpt>
   <trkpt lat="56.1661960" lon="10.1662020">
    <ele>66.6</ele>
   </trkpt>
   <trkpt lat="56.1662200" lon="10.1661390">
    <ele>66.8</ele>
   </trkpt>
   <trkpt lat="56.1662450" lon="10.1660780">
    <ele>67.0</ele>
   </trkpt>
   <trkpt lat="56.1662700" lon="10.1660170">
    <ele>67.2</ele>
   </trkpt>
   <trkpt lat="56.1662930" lon="10.1659520">
    <ele>67.4</ele>
   </trkpt>
   <trkpt lat="56.1663160" lon="10.1658860">
    <ele>67.4</ele>
   </trkpt>
   <trkpt lat="56.1663410" lon="10.1658210">
    <ele>67.6</ele>
   </trkpt>
   <trkpt lat="56.1663670" lon="10.1657570">
    <ele>67.8</ele>
   </trkpt>
   <trkpt lat="56.1663930" lon="10.1656930">
    <ele>68.0</ele>
   </trkpt>
   <trkpt lat="56.1664190" lon="10.1656270">
    <ele>68.0</ele>
   </trkpt>
   <trkpt lat="56.1664450" lon="10.1655610">
    <ele>68.2</ele>
   </trkpt>
   <trkpt lat="56.1664710" lon="10.1654930">
    <ele>68.2</ele>
   </trkpt>
   <trkpt lat="56.1664960" lon="10.1654240">
    <ele>68.4</ele>
   </trkpt>
   <trkpt lat="56.1665210" lon="10.1653560">
    <ele>68.6</ele>
   </trkpt>
   <trkpt lat="56.1665460" lon="10.1652910">
    <ele>68.8</ele>
   </trkpt>
   <trkpt lat="56.1665710" lon="10.1652250">
    <ele>69.0</ele>
   </trkpt>
   <trkpt lat="56.1665960" lon="10.1651580">
    <ele>69.2</ele>
   </trkpt>
   <trkpt lat="56.1666220" lon="10.1650900">
    <ele>69.2</ele>
   </trkpt>
   <trkpt lat="56.1666470" lon="10.1650220">
    <ele>69.4</ele>
   </trkpt>
   <trkpt lat="56.1666730" lon="10.1649550">
    <ele>69.4</ele>
   </trkpt>
   <trkpt lat="56.1666990" lon="10.1648900">
    <ele>69.6</ele>
   </trkpt>
   <trkpt lat="56.1667240" lon="10.1648270">
    <ele>69.6</ele>
   </trkpt>
   <trkpt lat="56.1667490" lon="10.1647640">
    <ele>69.8</ele>
   </trkpt>
   <trkpt lat="56.1667710" lon="10.1646990">
    <ele>69.8</ele>
   </trkpt>
   <trkpt lat="56.1667970" lon="10.1646350">
    <ele>69.8</ele>
   </trkpt>
   <trkpt lat="56.1668270" lon="10.1645740">
    <ele>69.8</ele>
   </trkpt>
   <trkpt lat="56.1668570" lon="10.1645080">
    <ele>69.6</ele>
   </trkpt>
   <trkpt lat="56.1668890" lon="10.1644460">
    <ele>69.4</ele>
   </trkpt>
   <trkpt lat="56.1669200" lon="10.1643840">
    <ele>69.2</ele>
   </trkpt>
   <trkpt lat="56.1669520" lon="10.1643260">
    <ele>69.2</ele>
   </trkpt>
   <trkpt lat="56.1669860" lon="10.1642750">
    <ele>69.0</ele>
   </trkpt>
   <trkpt lat="56.1670230" lon="10.1642280">
    <ele>69.0</ele>
   </trkpt>
   <trkpt lat="56.1670570" lon="10.1641810">
    <ele>69.2</ele>
   </trkpt>
   <trkpt lat="56.1670880" lon="10.1641320">
    <ele>69.2</ele>
   </trkpt>
   <trkpt lat="56.1671150" lon="10.1640830">
    <ele>69.4</ele>
   </trkpt>
   <trkpt lat="56.1671420" lon="10.1640380">
    <ele>69.6</ele>
   </trkpt>
   <trkpt lat="56.1671680" lon="10.1639950">
    <ele>69.8</ele>
   </trkpt>
   <trkpt lat="56.1671910" lon="10.1639510">
    <ele>70.0</ele>
   </trkpt>
   <trkpt lat="56.1672140" lon="10.1639090">
    <ele>70.0</ele>
   </trkpt>
   <trkpt lat="56.1672370" lon="10.1638730">
    <ele>70.2</ele>
   </trkpt>
   <trkpt lat="56.1672560" lon="10.1638460">
    <ele>70.2</ele>
   </trkpt>
   <trkpt lat="56.1672670" lon="10.1638320">
    <ele>70.4</ele>
   </trkpt>
   <trkpt lat="56.1672700" lon="10.1638300">
    <ele>70.4</ele>
   </trkpt>
   <trkpt lat="56.1672700" lon="10.1638300">
    <ele>70.6</ele>
   </trkpt>
   <trkpt lat="56.1672970" lon="10.1637670">
    <ele>70.6</ele>
   </trkpt>
   <trkpt lat="56.1673180" lon="10.1637400">
    <ele>70.6</ele>
   </trkpt>
   <trkpt lat="56.1673440" lon="10.1637080">
    <ele>70.6</ele>
   </trkpt>
   <trkpt lat="56.1673730" lon="10.1636730">
    <ele>70.4</ele>
   </trkpt>
   <trkpt lat="56.1674020" lon="10.1636390">
    <ele>70.4</ele>
   </trkpt>
   <trkpt lat="56.1674280" lon="10.1636100">
    <ele>70.4</ele>
   </trkpt>
   <trkpt lat="56.1674490" lon="10.1635970">
    <ele>70.4</ele>
   </trkpt>
   <trkpt lat="56.1674480" lon="10.1635730">
    <ele>70.6</ele>
   </trkpt>
   <trkpt lat="56.1674380" lon="10.1635390">
    <ele>70.8</ele>
   </trkpt>
   <trkpt lat="56.1674270" lon="10.1635060">
    <ele>71.0</ele>
   </trkpt>
   <trkpt lat="56.1674170" lon="10.1634720">
    <ele>70.6</ele>
   </trkpt>
   <trkpt lat="56.1674060" lon="10.1634390">
    <ele>70.6</ele>
   </trkpt>
   <trkpt lat="56.1673760" lon="10.1633730">
    <ele>70.6</ele>
   </trkpt>
   <trkpt lat="56.1673420" lon="10.1633040">
    <ele>70.4</ele>
   </trkpt>
   <trkpt lat="56.1673040" lon="10.1632340">
    <ele>70.2</ele>
   </trkpt>
   <trkpt lat="56.1672620" lon="10.1631550">
    <ele>70.2</ele>
   </trkpt>
   <trkpt lat="56.1672230" lon="10.1630740">
    <ele>69.8</ele>
   </trkpt>
   <trkpt lat="56.1671860" lon="10.1629900">
    <ele>69.6</ele>
   </trkpt>
   <trkpt lat="56.1671480" lon="10.1629090">
    <ele>69.6</ele>
   </trkpt>
   <trkpt lat="56.1671100" lon="10.1628310">
    <ele>69.4</ele>
   </trkpt>
   <trkpt lat="56.1670740" lon="10.1627470">
    <ele>69.4</ele>
   </trkpt>
   <trkpt lat="56.1670410" lon="10.1626530">
    <ele>69.2</ele>
   </trkpt>
   <trkpt lat="56.1670120" lon="10.1625530">
    <ele>69.2</ele>
   </trkpt>
   <trkpt lat="56.1669880" lon="10.1624500">
    <ele>69.2</ele>
   </trkpt>
   <trkpt lat="56.1669670" lon="10.1623440">
    <ele>69.0</ele>
   </trkpt>
   <trkpt lat="56.1669430" lon="10.1622350">
    <ele>69.0</ele>
   </trkpt>
   <trkpt lat="56.1669210" lon="10.1621250">
    <ele>68.8</ele>
   </trkpt>
   <trkpt lat="56.1668990" lon="10.1620150">
    <ele>68.8</ele>
   </trkpt>
   <trkpt lat="56.1668800" lon="10.1619030">
    <ele>68.8</ele>
   </trkpt>
   <trkpt lat="56.1668630" lon="10.1617850">
    <ele>68.6</ele>
   </trkpt>
   <trkpt lat="56.1668460" lon="10.1616650">
    <ele>68.8</ele>
   </trkpt>
   <trkpt lat="56.1668260" lon="10.1615450">
    <ele>68.8</ele>
   </trkpt>
   <trkpt lat="56.1668060" lon="10.1614230">
    <ele>68.8</ele>
   </trkpt>
   <trkpt lat="56.1667870" lon="10.1613000">
    <ele>68.8</ele>
   </trkpt>
   <trkpt lat="56.1667680" lon="10.1611770">
    <ele>68.8</ele>
   </trkpt>
   <trkpt lat="56.1667480" lon="10.1610570">
    <ele>68.6</ele>
   </trkpt>
   <trkpt lat="56.1667260" lon="10.1609360">
    <ele>68.6</ele>
   </trkpt>
   <trkpt lat="56.1667080" lon="10.1608140">
    <ele>68.4</ele>
   </trkpt>
   <trkpt lat="56.1666950" lon="10.1606910">
    <ele>68.4</ele>
   </trkpt>
   <trkpt lat="56.1666800" lon="10.1605660">
    <ele>68.6</ele>
   </trkpt>
   <trkpt lat="56.1666630" lon="10.1604420">
    <ele>68.8</ele>
   </trkpt>
   <trkpt lat="56.1666430" lon="10.1603170">
    <ele>68.8</ele>
   </trkpt>
   <trkpt lat="56.1666220" lon="10.1601920">
    <ele>69.0</ele>
   </trkpt>
   <trkpt lat="56.1666030" lon="10.1600660">
    <ele>69.0</ele>
   </trkpt>
   <trkpt lat="56.1665820" lon="10.1599410">
    <ele>69.2</ele>
   </trkpt>
   <trkpt lat="56.1665590" lon="10.1598140">
    <ele>69.2</ele>
   </trkpt>
   <trkpt lat="56.1665340" lon="10.1596870">
    <ele>69.2</ele>
   </trkpt>
   <trkpt lat="56.1665130" lon="10.1595580">
    <ele>69.0</ele>
   </trkpt>
   <trkpt lat="56.1664920" lon="10.1594310">
    <ele>69.0</ele>
   </trkpt>
   <trkpt lat="56.1664710" lon="10.1593020">
    <ele>68.8</ele>
   </trkpt>
   <trkpt lat="56.1664480" lon="10.1591730">
    <ele>68.8</ele>
   </trkpt>
   <trkpt lat="56.1664230" lon="10.1590440">
    <ele>68.8</ele>
   </trkpt>
   <trkpt lat="56.1663960" lon="10.1589160">
    <ele>68.8</ele>
   </trkpt>
   <trkpt lat="56.1663690" lon="10.1587910">
    <ele>68.8</ele>
   </trkpt>
   <trkpt lat="56.1663420" lon="10.1586690">
    <ele>68.6</ele>
   </trkpt>
   <trkpt lat="56.1663170" lon="10.1585510">
    <ele>68.6</ele>
   </trkpt>
   <trkpt lat="56.1662950" lon="10.1584430">
    <ele>68.6</ele>
   </trkpt>
   <trkpt lat="56.1662730" lon="10.1583420">
    <ele>68.6</ele>
   </trkpt>
   <trkpt lat="56.1662530" lon="10.1582440">
    <ele>68.8</ele>
   </trkpt>
   <trkpt lat="56.1662450" lon="10.1581480">
    <ele>68.8</ele>
   </trkpt>
   <trkpt lat="56.1662580" lon="10.1580650">
    <ele>68.8</ele>
   </trkpt>
   <trkpt lat="56.1662900" lon="10.1579990">
    <ele>68.8</ele>
   </trkpt>
   <trkpt lat="56.1663330" lon="10.1579410">
    <ele>68.6</ele>
   </trkpt>
   <trkpt lat="56.1663810" lon="10.1578860">
    <ele>68.4</ele>
   </trkpt>
   <trkpt lat="56.1664320" lon="10.1578330">
    <ele>68.2</ele>
   </trkpt>
   <trkpt lat="56.1664850" lon="10.1577830">
    <ele>68.0</ele>
   </trkpt>
   <trkpt lat="56.1665370" lon="10.1577300">
    <ele>67.8</ele>
   </trkpt>
   <trkpt lat="56.1665890" lon="10.1576730">
    <ele>67.8</ele>
   </trkpt>
   <trkpt lat="56.1666390" lon="10.1576130">
    <ele>67.8</ele>
   </trkpt>
   <trkpt lat="56.1666910" lon="10.1575560">
    <ele>67.8</ele>
   </trkpt>
   <trkpt lat="56.1667430" lon="10.1575010">
    <ele>68.0</ele>
   </trkpt>
   <trkpt lat="56.1667940" lon="10.1574450">
    <ele>68.0</ele>
   </trkpt>
   <trkpt lat="56.1668440" lon="10.1573880">
    <ele>68.2</ele>
   </trkpt>
   <trkpt lat="56.1668960" lon="10.1573320">
    <ele>68.4</ele>
   </trkpt>
   <trkpt lat="56.1669510" lon="10.1572830">
    <ele>68.6</ele>
   </trkpt>
   <trkpt lat="56.1670090" lon="10.1572470">
    <ele>68.8</ele>
   </trkpt>
   <trkpt lat="56.1670690" lon="10.1572110">
    <ele>68.8</ele>
   </trkpt>
   <trkpt lat="56.1671250" lon="10.1571640">
    <ele>68.8</ele>
   </trkpt>
   <trkpt lat="56.1671760" lon="10.1571040">
    <ele>68.8</ele>
   </trkpt>
   <trkpt lat="56.1672280" lon="10.1570420">
    <ele>68.8</ele>
   </trkpt>
   <trkpt lat="56.1672810" lon="10.1569830">
    <ele>68.6</ele>
   </trkpt>
   <trkpt lat="56.1673350" lon="10.1569240">
    <ele>68.8</ele>
   </trkpt>
   <trkpt lat="56.1673880" lon="10.1568650">
    <ele>68.8</ele>
   </trkpt>
   <trkpt lat="56.1674400" lon="10.1568080">
    <ele>69.0</ele>
   </trkpt>
   <trkpt lat="56.1674920" lon="10.1567550">
    <ele>69.2</ele>
   </trkpt>
   <trkpt lat="56.1675410" lon="10.1566980">
    <ele>69.4</ele>
   </trkpt>
   <trkpt lat="56.1675920" lon="10.1566440">
    <ele>69.4</ele>
   </trkpt>
   <trkpt lat="56.1676380" lon="10.1565920">
    <ele>69.6</ele>
   </trkpt>
   <trkpt lat="56.1676790" lon="10.1565410">
    <ele>69.8</ele>
   </trkpt>
   <trkpt lat="56.1677080" lon="10.1564920">
    <ele>70.0</ele>
   </trkpt>
   <trkpt lat="56.1677240" lon="10.1564420">
    <ele>70.0</ele>
   </trkpt>
   <trkpt lat="56.1677250" lon="10.1563850">
    <ele>70.2</ele>
   </trkpt>
   <trkpt lat="56.1677100" lon="10.1563250">
    <ele>70.4</ele>
   </trkpt>
   <trkpt lat="56.1676810" lon="10.1562650">
    <ele>70.4</ele>
   </trkpt>
   <trkpt lat="56.1676480" lon="10.1561980">
    <ele>70.4</ele>
   </trkpt>
   <trkpt lat="56.1676150" lon="10.1561190">
    <ele>70.2</ele>
   </trkpt>
   <trkpt lat="56.1675820" lon="10.1560330">
    <ele>70.2</ele>
   </trkpt>
   <trkpt lat="56.1675480" lon="10.1559430">
    <ele>70.0</ele>
   </trkpt>
   <trkpt lat="56.1675160" lon="10.1558480">
    <ele>69.8</ele>
   </trkpt>
   <trkpt lat="56.1674830" lon="10.1557500">
    <ele>69.6</ele>
   </trkpt>
   <trkpt lat="56.1674490" lon="10.1556490">
    <ele>69.6</ele>
   </trkpt>
   <trkpt lat="56.1674150" lon="10.1555480">
    <ele>69.6</ele>
   </trkpt>
   <trkpt lat="56.1673810" lon="10.1554460">
    <ele>69.6</ele>
   </trkpt>
   <trkpt lat="56.1673440" lon="10.1553420">
    <ele>69.4</ele>
   </trkpt>
   <trkpt lat="56.1673070" lon="10.1552370">
    <ele>69.4</ele>
   </trkpt>
   <trkpt lat="56.1672700" lon="10.1551310">
    <ele>69.4</ele>
   </trkpt>
   <trkpt lat="56.1672350" lon="10.1550260">
    <ele>69.4</ele>
   </trkpt>
   <trkpt lat="56.1671990" lon="10.1549220">
    <ele>69.4</ele>
   </trkpt>
   <trkpt lat="56.1671600" lon="10.1548170">
    <ele>69.4</ele>
   </trkpt>
   <trkpt lat="56.1671220" lon="10.1547110">
    <ele>69.4</ele>
   </trkpt>
   <trkpt lat="56.1670840" lon="10.1546030">
    <ele>69.4</ele>
   </trkpt>
   <trkpt lat="56.1670480" lon="10.1544980">
    <ele>69.2</ele>
   </trkpt>
   <trkpt lat="56.1670090" lon="10.1543980">
    <ele>69.2</ele>
   </trkpt>
   <trkpt lat="56.1669660" lon="10.1543080">
    <ele>69.2</ele>
   </trkpt>
   <trkpt lat="56.1669250" lon="10.1542190">
    <ele>69.2</ele>
   </trkpt>
   <trkpt lat="56.1668930" lon="10.1541330">
    <ele>69.2</ele>
   </trkpt>
   <trkpt lat="56.1668730" lon="10.1540570">
    <ele>69.4</ele>
   </trkpt>
   <trkpt lat="56.1668720" lon="10.1539960">
    <ele>69.4</ele>
   </trkpt>
   <trkpt lat="56.1668870" lon="10.1539460">
    <ele>69.6</ele>
   </trkpt>
   <trkpt lat="56.1669100" lon="10.1539090">
    <ele>69.8</ele>
   </trkpt>
   <trkpt lat="56.1669340" lon="10.1538950">
    <ele>69.8</ele>
   </trkpt>
   <trkpt lat="56.1669580" lon="10.1538920">
    <ele>70.0</ele>
   </trkpt>
   <trkpt lat="56.1669840" lon="10.1538720">
    <ele>70.0</ele>
   </trkpt>
   <trkpt lat="56.1670120" lon="10.1538420">
    <ele>70.2</ele>
   </trkpt>
   <trkpt lat="56.1670400" lon="10.1537960">
    <ele>70.2</ele>
   </trkpt>
   <trkpt lat="56.1670680" lon="10.1537390">
    <ele>70.4</ele>
   </trkpt>
   <trkpt lat="56.1670970" lon="10.1536810">
    <ele>70.6</ele>
   </trkpt>
   <trkpt lat="56.1671300" lon="10.1536260">
    <ele>70.8</ele>
   </trkpt>
   <trkpt lat="56.1671640" lon="10.1535690">
    <ele>70.8</ele>
   </trkpt>
   <trkpt lat="56.1672000" lon="10.1535120">
    <ele>71.0</ele>
   </trkpt>
   <trkpt lat="56.1672380" lon="10.1534580">
    <ele>71.2</ele>
   </trkpt>
   <trkpt lat="56.1672780" lon="10.1534020">
    <ele>71.6</ele>
   </trkpt>
   <trkpt lat="56.1673170" lon="10.1533420">
    <ele>71.8</ele>
   </trkpt>
   <trkpt lat="56.1673590" lon="10.1532770">
    <ele>72.2</ele>
   </trkpt>
   <trkpt lat="56.1674050" lon="10.1532150">
    <ele>72.4</ele>
   </trkpt>
   <trkpt lat="56.1674510" lon="10.1531500">
    <ele>72.4</ele>
   </trkpt>
   <trkpt lat="56.1674960" lon="10.1530760">
    <ele>72.4</ele>
   </trkpt>
   <trkpt lat="56.1675390" lon="10.1529960">
    <ele>72.2</ele>
   </trkpt>
   <trkpt lat="56.1675820" lon="10.1529130">
    <ele>72.0</ele>
   </trkpt>
   <trkpt lat="56.1676240" lon="10.1528230">
    <ele>71.6</ele>
   </trkpt>
   <trkpt lat="56.1676680" lon="10.1527330">
    <ele>71.4</ele>
   </trkpt>
   <trkpt lat="56.1677140" lon="10.1526440">
    <ele>71.0</ele>
   </trkpt>
   <trkpt lat="56.1677590" lon="10.1525500">
    <ele>70.8</ele>
   </trkpt>
   <trkpt lat="56.1678040" lon="10.1524540">
    <ele>70.6</ele>
   </trkpt>
   <trkpt lat="56.1678510" lon="10.1523550">
    <ele>70.4</ele>
   </trkpt>
   <trkpt lat="56.1678950" lon="10.1522550">
    <ele>70.2</ele>
   </trkpt>
   <trkpt lat="56.1679380" lon="10.1521540">
    <ele>70.0</ele>
   </trkpt>
   <trkpt lat="56.1679830" lon="10.1520580">
    <ele>69.8</ele>
   </trkpt>
   <trkpt lat="56.1680310" lon="10.1519630">
    <ele>69.8</ele>
   </trkpt>
   <trkpt lat="56.1680770" lon="10.1518630">
    <ele>69.8</ele>
   </trkpt>
   <trkpt lat="56.1681190" lon="10.1517620">
    <ele>69.8</ele>
   </trkpt>
   <trkpt lat="56.1681550" lon="10.1516630">
    <ele>69.8</ele>
   </trkpt>
   <trkpt lat="56.1681910" lon="10.1515680">
    <ele>69.8</ele>
   </trkpt>
   <trkpt lat="56.1682270" lon="10.1514720">
    <ele>69.8</ele>
   </trkpt>
   <trkpt lat="56.1682530" lon="10.1513630">
    <ele>69.8</ele>
   </trkpt>
   <trkpt lat="56.1682810" lon="10.1512610">
    <ele>69.8</ele>
   </trkpt>
   <trkpt lat="56.1683060" lon="10.1511590">
    <ele>70.0</ele>
   </trkpt>
   <trkpt lat="56.1683260" lon="10.1510640">
    <ele>70.2</ele>
   </trkpt>
   <trkpt lat="56.1683400" lon="10.1509610">
    <ele>70.4</ele>
   </trkpt>
   <trkpt lat="56.1683480" lon="10.1508560">
    <ele>70.8</ele>
   </trkpt>
   <trkpt lat="56.1683480" lon="10.1507480">
    <ele>71.2</ele>
   </trkpt>
   <trkpt lat="56.1683450" lon="10.1506450">
    <ele>71.6</ele>
   </trkpt>
   <trkpt lat="56.1683380" lon="10.1505410">
    <ele>72.2</ele>
   </trkpt>
   <trkpt lat="56.1683280" lon="10.1504370">
    <ele>72.6</ele>
   </trkpt>
   <trkpt lat="56.1683170" lon="10.1503330">
    <ele>73.0</ele>
   </trkpt>
   <trkpt lat="56.1683050" lon="10.1502290">
    <ele>73.4</ele>
   </trkpt>
   <trkpt lat="56.1682960" lon="10.1501220">
    <ele>73.6</ele>
   </trkpt>
   <trkpt lat="56.1682900" lon="10.1500130">
    <ele>73.8</ele>
   </trkpt>
   <trkpt lat="56.1682890" lon="10.1499020">
    <ele>73.8</ele>
   </trkpt>
   <trkpt lat="56.1682980" lon="10.1497910">
    <ele>74.0</ele>
   </trkpt>
   <trkpt lat="56.1683120" lon="10.1496840">
    <ele>74.0</ele>
   </trkpt>
   <trkpt lat="56.1683310" lon="10.1495810">
    <ele>74.0</ele>
   </trkpt>
   <trkpt lat="56.1683500" lon="10.1494760">
    <ele>74.2</ele>
   </trkpt>
   <trkpt lat="56.1683700" lon="10.1493710">
    <ele>74.2</ele>
   </trkpt>
   <trkpt lat="56.1683900" lon="10.1492650">
    <ele>74.4</ele>
   </trkpt>
   <trkpt lat="56.1684100" lon="10.1491590">
    <ele>74.4</ele>
   </trkpt>
   <trkpt lat="56.1684300" lon="10.1490490">
    <ele>74.6</ele>
   </trkpt>
   <trkpt lat="56.1684500" lon="10.1489370">
    <ele>74.6</ele>
   </trkpt>
   <trkpt lat="56.1684720" lon="10.1488250">
    <ele>74.6</ele>
   </trkpt>
   <trkpt lat="56.1684930" lon="10.1487110">
    <ele>74.6</ele>
   </trkpt>
   <trkpt lat="56.1685100" lon="10.1485940">
    <ele>74.4</ele>
   </trkpt>
   <trkpt lat="56.1685310" lon="10.1484800">
    <ele>74.4</ele>
   </trkpt>
   <trkpt lat="56.1685520" lon="10.1483650">
    <ele>74.2</ele>
   </trkpt>
   <trkpt lat="56.1685730" lon="10.1482470">
    <ele>74.2</ele>
   </trkpt>
   <trkpt lat="56.1685950" lon="10.1481290">
    <ele>74.2</ele>
   </trkpt>
   <trkpt lat="56.1686160" lon="10.1480110">
    <ele>74.0</ele>
   </trkpt>
   <trkpt lat="56.1686360" lon="10.1478920">
    <ele>74.0</ele>
   </trkpt>
   <trkpt lat="56.1686580" lon="10.1477730">
    <ele>74.0</ele>
   </trkpt>
   <trkpt lat="56.1686790" lon="10.1476530">
    <ele>73.8</ele>
   </trkpt>
   <trkpt lat="56.1687010" lon="10.1475340">
    <ele>73.8</ele>
   </trkpt>
   <trkpt lat="56.1687220" lon="10.1474160">
    <ele>73.8</ele>
   </trkpt>
   <trkpt lat="56.1687450" lon="10.1473010">
    <ele>73.8</ele>
   </trkpt>
   <trkpt lat="56.1687680" lon="10.1471850">
    <ele>74.0</ele>
   </trkpt>
   <trkpt lat="56.1687890" lon="10.1470680">
    <ele>74.0</ele>
   </trkpt>
   <trkpt lat="56.1688090" lon="10.1469500">
    <ele>74.2</ele>
   </trkpt>
   <trkpt lat="56.1688300" lon="10.1468320">
    <ele>74.2</ele>
   </trkpt>
   <trkpt lat="56.1688510" lon="10.1467130">
    <ele>74.4</ele>
   </trkpt>
   <trkpt lat="56.1688740" lon="10.1465940">
    <ele>74.4</ele>
   </trkpt>
   <trkpt lat="56.1688960" lon="10.1464770">
    <ele>74.4</ele>
   </trkpt>
   <trkpt lat="56.1689170" lon="10.1463560">
    <ele>74.4</ele>
   </trkpt>
   <trkpt lat="56.1689380" lon="10.1462380">
    <ele>74.4</ele>
   </trkpt>
   <trkpt lat="56.1689580" lon="10.1461180">
    <ele>74.6</ele>
   </trkpt>
   <trkpt lat="56.1689770" lon="10.1460010">
    <ele>74.6</ele>
   </trkpt>
   <trkpt lat="56.1689970" lon="10.1458830">
    <ele>74.4</ele>
   </trkpt>
   <trkpt lat="56.1690190" lon="10.1457670">
    <ele>74.6</ele>
   </trkpt>
   <trkpt lat="56.1690400" lon="10.1456500">
    <ele>74.6</ele>
   </trkpt>
   <trkpt lat="56.1690610" lon="10.1455310">
    <ele>74.6</ele>
   </trkpt>
   <trkpt lat="56.1690830" lon="10.1454140">
    <ele>74.6</ele>
   </trkpt>
   <trkpt lat="56.1691060" lon="10.1452990">
    <ele>74.8</ele>
   </trkpt>
   <trkpt lat="56.1691260" lon="10.1451840">
    <ele>74.8</ele>
   </trkpt>
   <trkpt lat="56.1691460" lon="10.1450650">
    <ele>74.8</ele>
   </trkpt>
   <trkpt lat="56.1691680" lon="10.1449450">
    <ele>74.6</ele>
   </trkpt>
   <trkpt lat="56.1691900" lon="10.1448220">
    <ele>74.4</ele>
   </trkpt>
   <trkpt lat="56.1692130" lon="10.1446940">
    <ele>74.2</ele>
   </trkpt>
   <trkpt lat="56.1692360" lon="10.1445600">
    <ele>73.6</ele>
   </trkpt>
   <trkpt lat="56.1692620" lon="10.1444250">
    <ele>73.2</ele>
   </trkpt>
   <trkpt lat="56.1692890" lon="10.1442870">
    <ele>72.6</ele>
   </trkpt>
   <trkpt lat="56.1693130" lon="10.1441440">
    <ele>72.2</ele>
   </trkpt>
   <trkpt lat="56.1693350" lon="10.1440020">
    <ele>71.6</ele>
   </trkpt>
   <trkpt lat="56.1693530" lon="10.1438600">
    <ele>71.4</ele>
   </trkpt>
   <trkpt lat="56.1693620" lon="10.1437140">
    <ele>71.0</ele>
   </trkpt>
   <trkpt lat="56.1693620" lon="10.1435660">
    <ele>71.0</ele>
   </trkpt>
   <trkpt lat="56.1693550" lon="10.1434190">
    <ele>71.0</ele>
   </trkpt>
   <trkpt lat="56.1693450" lon="10.1432770">
    <ele>71.0</ele>
   </trkpt>
   <trkpt lat="56.1693280" lon="10.1431350">
    <ele>71.0</ele>
   </trkpt>
   <trkpt lat="56.1693090" lon="10.1429920">
    <ele>71.0</ele>
   </trkpt>
   <trkpt lat="56.1692900" lon="10.1428500">
    <ele>71.0</ele>
   </trkpt>
   <trkpt lat="56.1692700" lon="10.1427090">
    <ele>71.0</ele>
   </trkpt>
   <trkpt lat="56.1692510" lon="10.1425690">
    <ele>71.0</ele>
   </trkpt>
   <trkpt lat="56.1692320" lon="10.1424290">
    <ele>71.0</ele>
   </trkpt>
   <trkpt lat="56.1692120" lon="10.1422890">
    <ele>70.8</ele>
   </trkpt>
   <trkpt lat="56.1691910" lon="10.1421500">
    <ele>70.8</ele>
   </trkpt>
   <trkpt lat="56.1691700" lon="10.1420110">
    <ele>70.6</ele>
   </trkpt>
   <trkpt lat="56.1691470" lon="10.1418710">
    <ele>70.6</ele>
   </trkpt>
   <trkpt lat="56.1691260" lon="10.1417330">
    <ele>70.4</ele>
   </trkpt>
   <trkpt lat="56.1691090" lon="10.1415940">
    <ele>70.2</ele>
   </trkpt>
   <trkpt lat="56.1690910" lon="10.1414540">
    <ele>70.2</ele>
   </trkpt>
   <trkpt lat="56.1690730" lon="10.1413150">
    <ele>70.2</ele>
   </trkpt>
   <trkpt lat="56.1690550" lon="10.1411740">
    <ele>70.0</ele>
   </trkpt>
   <trkpt lat="56.1690390" lon="10.1410280">
    <ele>69.8</ele>
   </trkpt>
   <trkpt lat="56.1690270" lon="10.1408810">
    <ele>69.8</ele>
   </trkpt>
   <trkpt lat="56.1690210" lon="10.1407290">
    <ele>69.4</ele>
   </trkpt>
   <trkpt lat="56.1690210" lon="10.1405760">
    <ele>69.2</ele>
   </trkpt>
   <trkpt lat="56.1690290" lon="10.1404210">
    <ele>68.8</ele>
   </trkpt>
   <trkpt lat="56.1690420" lon="10.1402640">
    <ele>68.6</ele>
   </trkpt>
   <trkpt lat="56.1690610" lon="10.1401090">
    <ele>68.2</ele>
   </trkpt>
   <trkpt lat="56.1690840" lon="10.1399540">
    <ele>67.8</ele>
   </trkpt>
   <trkpt lat="56.1691130" lon="10.1398000">
    <ele>67.4</ele>
   </trkpt>
   <trkpt lat="56.1691500" lon="10.1396490">
    <ele>67.2</ele>
   </trkpt>
   <trkpt lat="56.1691890" lon="10.1395060">
    <ele>66.8</ele>
   </trkpt>
   <trkpt lat="56.1692310" lon="10.1393700">
    <ele>66.8</ele>
   </trkpt>
   <trkpt lat="56.1692780" lon="10.1392460">
    <ele>66.8</ele>
   </trkpt>
   <trkpt lat="56.1693280" lon="10.1391330">
    <ele>67.0</ele>
   </trkpt>
   <trkpt lat="56.1693790" lon="10.1390240">
    <ele>67.2</ele>
   </trkpt>
   <trkpt lat="56.1694330" lon="10.1389220">
    <ele>67.2</ele>
   </trkpt>
   <trkpt lat="56.1694890" lon="10.1388210">
    <ele>67.2</ele>
   </trkpt>
   <trkpt lat="56.1695410" lon="10.1387090">
    <ele>67.0</ele>
   </trkpt>
   <trkpt lat="56.1695870" lon="10.1385820">
    <ele>66.8</ele>
   </trkpt>
   <trkpt lat="56.1696270" lon="10.1384450">
    <ele>66.6</ele>
   </trkpt>
   <trkpt lat="56.1696620" lon="10.1383010">
    <ele>66.2</ele>
   </trkpt>
   <trkpt lat="56.1696880" lon="10.1381560">
    <ele>66.0</ele>
   </trkpt>
   <trkpt lat="56.1697090" lon="10.1380110">
    <ele>66.0</ele>
   </trkpt>
   <trkpt lat="56.1697260" lon="10.1378680">
    <ele>66.0</ele>
   </trkpt>
   <trkpt lat="56.1697410" lon="10.1377290">
    <ele>66.2</ele>
   </trkpt>
   <trkpt lat="56.1697570" lon="10.1375920">
    <ele>66.2</ele>
   </trkpt>
   <trkpt lat="56.1697710" lon="10.1374590">
    <ele>66.4</ele>
   </trkpt>
   <trkpt lat="56.1697840" lon="10.1373290">
    <ele>66.8</ele>
   </trkpt>
   <trkpt lat="56.1697980" lon="10.1372010">
    <ele>67.0</ele>
   </trkpt>
   <trkpt lat="56.1698140" lon="10.1370740">
    <ele>67.2</ele>
   </trkpt>
   <trkpt lat="56.1698320" lon="10.1369460">
    <ele>67.2</ele>
   </trkpt>
   <trkpt lat="56.1698510" lon="10.1368200">
    <ele>67.4</ele>
   </trkpt>
   <trkpt lat="56.1698720" lon="10.1366970">
    <ele>67.4</ele>
   </trkpt>
   <trkpt lat="56.1698970" lon="10.1365790">
    <ele>67.4</ele>
   </trkpt>
   <trkpt lat="56.1699210" lon="10.1364610">
    <ele>67.6</ele>
   </trkpt>
   <trkpt lat="56.1699430" lon="10.1363390">
    <ele>67.6</ele>
   </trkpt>
   <trkpt lat="56.1699670" lon="10.1362150">
    <ele>67.6</ele>
   </trkpt>
   <trkpt lat="56.1699930" lon="10.1360920">
    <ele>67.6</ele>
   </trkpt>
   <trkpt lat="56.1700190" lon="10.1359640">
    <ele>67.4</ele>
   </trkpt>
   <trkpt lat="56.1700450" lon="10.1358320">
    <ele>67.4</ele>
   </trkpt>
   <trkpt lat="56.1700720" lon="10.1356990">
    <ele>67.2</ele>
   </trkpt>
   <trkpt lat="56.1701000" lon="10.1355630">
    <ele>67.0</ele>
   </trkpt>
   <trkpt lat="56.1701290" lon="10.1354230">
    <ele>66.6</ele>
   </trkpt>
   <trkpt lat="56.1701570" lon="10.1352800">
    <ele>66.2</ele>
   </trkpt>
   <trkpt lat="56.1701850" lon="10.1351360">
    <ele>66.0</ele>
   </trkpt>
   <trkpt lat="56.1702100" lon="10.1349900">
    <ele>65.6</ele>
   </trkpt>
   <trkpt lat="56.1702340" lon="10.1348460">
    <ele>65.4</ele>
   </trkpt>
   <trkpt lat="56.1702540" lon="10.1347020">
    <ele>65.4</ele>
   </trkpt>
   <trkpt lat="56.1702680" lon="10.1345590">
    <ele>65.4</ele>
   </trkpt>
   <trkpt lat="56.1702780" lon="10.1344180">
    <ele>65.4</ele>
   </trkpt>
   <trkpt lat="56.1702850" lon="10.1342790">
    <ele>65.6</ele>
   </trkpt>
   <trkpt lat="56.1702880" lon="10.1341450">
    <ele>65.8</ele>
   </trkpt>
   <trkpt lat="56.1702860" lon="10.1340140">
    <ele>66.0</ele>
   </trkpt>
   <trkpt lat="56.1702820" lon="10.1338880">
    <ele>66.2</ele>
   </trkpt>
   <trkpt lat="56.1702740" lon="10.1337670">
    <ele>66.6</ele>
   </trkpt>
   <trkpt lat="56.1702650" lon="10.1336520">
    <ele>67.0</ele>
   </trkpt>
   <trkpt lat="56.1702540" lon="10.1335460">
    <ele>67.4</ele>
   </trkpt>
   <trkpt lat="56.1702410" lon="10.1334400">
    <ele>67.8</ele>
   </trkpt>
   <trkpt lat="56.1702300" lon="10.1333370">
    <ele>68.2</ele>
   </trkpt>
   <trkpt lat="56.1702190" lon="10.1332340">
    <ele>68.4</ele>
   </trkpt>
   <trkpt lat="56.1702080" lon="10.1331290">
    <ele>68.8</ele>
   </trkpt>
   <trkpt lat="56.1701990" lon="10.1330210">
    <ele>69.0</ele>
   </trkpt>
   <trkpt lat="56.1701930" lon="10.1329110">
    <ele>69.2</ele>
   </trkpt>
   <trkpt lat="56.1701880" lon="10.1327990">
    <ele>69.2</ele>
   </trkpt>
   <trkpt lat="56.1701890" lon="10.1326850">
    <ele>69.4</ele>
   </trkpt>
   <trkpt lat="56.1701930" lon="10.1325710">
    <ele>69.4</ele>
   </trkpt>
   <trkpt lat="56.1701970" lon="10.1324590">
    <ele>69.4</ele>
   </trkpt>
   <trkpt lat="56.1702010" lon="10.1323490">
    <ele>69.4</ele>
   </trkpt>
   <trkpt lat="56.1702100" lon="10.1322390">
    <ele>69.6</ele>
   </trkpt>
   <trkpt lat="56.1702170" lon="10.1321300">
    <ele>69.6</ele>
   </trkpt>
   <trkpt lat="56.1702210" lon="10.1320250">
    <ele>69.6</ele>
   </trkpt>
   <trkpt lat="56.1702260" lon="10.1319220">
    <ele>69.8</ele>
   </trkpt>
   <trkpt lat="56.1702390" lon="10.1318180">
    <ele>69.6</ele>
   </trkpt>
   <trkpt lat="56.1702540" lon="10.1317100">
    <ele>69.6</ele>
   </trkpt>
   <trkpt lat="56.1702630" lon="10.1315990">
    <ele>69.6</ele>
   </trkpt>
   <trkpt lat="56.1702640" lon="10.1314890">
    <ele>69.6</ele>
   </trkpt>
   <trkpt lat="56.1702590" lon="10.1313800">
    <ele>69.6</ele>
   </trkpt>
   <trkpt lat="56.1702480" lon="10.1312740">
    <ele>69.8</ele>
   </trkpt>
   <trkpt lat="56.1702310" lon="10.1311730">
    <ele>69.8</ele>
   </trkpt>
   <trkpt lat="56.1702080" lon="10.1310740">
    <ele>70.0</ele>
   </trkpt>
   <trkpt lat="56.1701830" lon="10.1309710">
    <ele>70.0</ele>
   </trkpt>
   <trkpt lat="56.1701580" lon="10.1308620">
    <ele>70.0</ele>
   </trkpt>
   <trkpt lat="56.1701330" lon="10.1307500">
    <ele>70.0</ele>
   </trkpt>
   <trkpt lat="56.1701150" lon="10.1306300">
    <ele>69.8</ele>
   </trkpt>
   <trkpt lat="56.1701010" lon="10.1304980">
    <ele>69.8</ele>
   </trkpt>
   <trkpt lat="56.1700940" lon="10.1303640">
    <ele>69.6</ele>
   </trkpt>
   <trkpt lat="56.1700960" lon="10.1302270">
    <ele>69.4</ele>
   </trkpt>
   <trkpt lat="56.1701040" lon="10.1300950">
    <ele>69.2</ele>
   </trkpt>
   <trkpt lat="56.1701150" lon="10.1299660">
    <ele>69.0</ele>
   </trkpt>
   <trkpt lat="56.1701250" lon="10.1298450">
    <ele>69.0</ele>
   </trkpt>
   <trkpt lat="56.1701360" lon="10.1297390">
    <ele>69.0</ele>
   </trkpt>
   <trkpt lat="56.1701450" lon="10.1296430">
    <ele>69.2</ele>
   </trkpt>
   <trkpt lat="56.1701550" lon="10.1295440">
    <ele>69.2</ele>
   </trkpt>
   <trkpt lat="56.1701720" lon="10.1294440">
    <ele>69.4</ele>
   </trkpt>
   <trkpt lat="56.1701850" lon="10.1293380">
    <ele>69.4</ele>
   </trkpt>
   <trkpt lat="56.1702000" lon="10.1292270">
    <ele>69.4</ele>
   </trkpt>
   <trkpt lat="56.1702230" lon="10.1291160">
    <ele>69.4</ele>
   </trkpt>
   <trkpt lat="56.1702520" lon="10.1290070">
    <ele>69.4</ele>
   </trkpt>
   <trkpt lat="56.1702880" lon="10.1289040">
    <ele>69.2</ele>
   </trkpt>
   <trkpt lat="56.1703320" lon="10.1288060">
    <ele>69.2</ele>
   </trkpt>
   <trkpt lat="56.1703810" lon="10.1287110">
    <ele>69.0</ele>
   </trkpt>
   <trkpt lat="56.1704380" lon="10.1286240">
    <ele>68.8</ele>
   </trkpt>
   <trkpt lat="56.1704990" lon="10.1285420">
    <ele>68.6</ele>
   </trkpt>
   <trkpt lat="56.1705610" lon="10.1284580">
    <ele>68.2</ele>
   </trkpt>
   <trkpt lat="56.1706230" lon="10.1283680">
    <ele>67.8</ele>
   </trkpt>
   <trkpt lat="56.1706860" lon="10.1282730">
    <ele>67.4</ele>
   </trkpt>
   <trkpt lat="56.1707470" lon="10.1281720">
    <ele>66.8</ele>
   </trkpt>
   <trkpt lat="56.1708070" lon="10.1280660">
    <ele>66.4</ele>
   </trkpt>
   <trkpt lat="56.1708650" lon="10.1279530">
    <ele>66.0</ele>
   </trkpt>
   <trkpt lat="56.1709190" lon="10.1278290">
    <ele>65.6</ele>
   </trkpt>
   <trkpt lat="56.1709670" lon="10.1276950">
    <ele>65.2</ele>
   </trkpt>
   <trkpt lat="56.1710120" lon="10.1275570">
    <ele>64.8</ele>
   </trkpt>
   <trkpt lat="56.1710550" lon="10.1274170">
    <ele>64.4</ele>
   </trkpt>
   <trkpt lat="56.1710960" lon="10.1272730">
    <ele>64.0</ele>
   </trkpt>
   <trkpt lat="56.1711330" lon="10.1271260">
    <ele>63.8</ele>
   </trkpt>
   <trkpt lat="56.1711690" lon="10.1269790">
    <ele>63.4</ele>
   </trkpt>
   <trkpt lat="56.1712040" lon="10.1268370">
    <ele>63.4</ele>
   </trkpt>
   <trkpt lat="56.1712380" lon="10.1266970">
    <ele>63.2</ele>
   </trkpt>
   <trkpt lat="56.1712690" lon="10.1265550">
    <ele>63.2</ele>
   </trkpt>
   <trkpt lat="56.1712980" lon="10.1264100">
    <ele>63.2</ele>
   </trkpt>
   <trkpt lat="56.1713250" lon="10.1262670">
    <ele>63.2</ele>
   </trkpt>
   <trkpt lat="56.1713490" lon="10.1261220">
    <ele>63.2</ele>
   </trkpt>
   <trkpt lat="56.1713740" lon="10.1259790">
    <ele>63.2</ele>
   </trkpt>
   <trkpt lat="56.1713990" lon="10.1258380">
    <ele>63.2</ele>
   </trkpt>
   <trkpt lat="56.1714220" lon="10.1256970">
    <ele>63.4</ele>
   </trkpt>
   <trkpt lat="56.1714450" lon="10.1255560">
    <ele>63.4</ele>
   </trkpt>
   <trkpt lat="56.1714650" lon="10.1254150">
    <ele>63.4</ele>
   </trkpt>
   <trkpt lat="56.1714850" lon="10.1252750">
    <ele>63.4</ele>
   </trkpt>
   <trkpt lat="56.1715050" lon="10.1251360">
    <ele>63.4</ele>
   </trkpt>
   <trkpt lat="56.1715250" lon="10.1249990">
    <ele>63.4</ele>
   </trkpt>
   <trkpt lat="56.1715450" lon="10.1248700">
    <ele>63.4</ele>
   </trkpt>
   <trkpt lat="56.1715650" lon="10.1247460">
    <ele>63.4</ele>
   </trkpt>
   <trkpt lat="56.1715810" lon="10.1246220">
    <ele>63.4</ele>
   </trkpt>
   <trkpt lat="56.1715900" lon="10.1244910">
    <ele>63.4</ele>
   </trkpt>
   <trkpt lat="56.1715950" lon="10.1243610">
    <ele>63.4</ele>
   </trkpt>
   <trkpt lat="56.1715950" lon="10.1242370">
    <ele>63.4</ele>
   </trkpt>
   <trkpt lat="56.1715870" lon="10.1241190">
    <ele>63.4</ele>
   </trkpt>
   <trkpt lat="56.1715820" lon="10.1240210">
    <ele>63.6</ele>
   </trkpt>
   <trkpt lat="56.1715890" lon="10.1239600">
    <ele>63.8</ele>
   </trkpt>
   <trkpt lat="56.1716160" lon="10.1239290">
    <ele>64.0</ele>
   </trkpt>
   <trkpt lat="56.1716520" lon="10.1239020">
    <ele>64.0</ele>
   </trkpt>
   <trkpt lat="56.1716940" lon="10.1238710">
    <ele>64.0</ele>
   </trkpt>
   <trkpt lat="56.1717380" lon="10.1238280">
    <ele>63.8</ele>
   </trkpt>
   <trkpt lat="56.1717850" lon="10.1237750">
    <ele>63.8</ele>
   </trkpt>
   <trkpt lat="56.1718320" lon="10.1237090">
    <ele>63.4</ele>
   </trkpt>
   <trkpt lat="56.1718740" lon="10.1236270">
    <ele>63.2</ele>
   </trkpt>
   <trkpt lat="56.1719120" lon="10.1235310">
    <ele>63.0</ele>
   </trkpt>
   <trkpt lat="56.1719430" lon="10.1234240">
    <ele>62.8</ele>
   </trkpt>
   <trkpt lat="56.1719720" lon="10.1233090">
    <ele>62.6</ele>
   </trkpt>
   <trkpt lat="56.1720040" lon="10.1231950">
    <ele>62.6</ele>
   </trkpt>
   <trkpt lat="56.1720360" lon="10.1230800">
    <ele>62.4</ele>
   </trkpt>
   <trkpt lat="56.1720680" lon="10.1229650">
    <ele>62.4</ele>
   </trkpt>
   <trkpt lat="56.1721000" lon="10.1228490">
    <ele>62.2</ele>
   </trkpt>
   <trkpt lat="56.1721350" lon="10.1227370">
    <ele>62.0</ele>
   </trkpt>
   <trkpt lat="56.1721790" lon="10.1226360">
    <ele>62.0</ele>
   </trkpt>
   <trkpt lat="56.1722310" lon="10.1225450">
    <ele>61.8</ele>
   </trkpt>
   <trkpt lat="56.1722890" lon="10.1224690">
    <ele>61.8</ele>
   </trkpt>
   <trkpt lat="56.1723530" lon="10.1224110">
    <ele>61.8</ele>
   </trkpt>
   <trkpt lat="56.1724220" lon="10.1223750">
    <ele>61.6</ele>
   </trkpt>
   <trkpt lat="56.1724940" lon="10.1223560">
    <ele>61.4</ele>
   </trkpt>
   <trkpt lat="56.1725660" lon="10.1223450">
    <ele>61.4</ele>
   </trkpt>
   <trkpt lat="56.1726390" lon="10.1223370">
    <ele>61.4</ele>
   </trkpt>
   <trkpt lat="56.1727130" lon="10.1223230">
    <ele>61.2</ele>
   </trkpt>
   <trkpt lat="56.1727870" lon="10.1223070">
    <ele>61.0</ele>
   </trkpt>
   <trkpt lat="56.1728620" lon="10.1222960">
    <ele>61.0</ele>
   </trkpt>
   <trkpt lat="56.1729380" lon="10.1222840">
    <ele>60.8</ele>
   </trkpt>
   <trkpt lat="56.1730130" lon="10.1222700">
    <ele>60.6</ele>
   </trkpt>
   <trkpt lat="56.1730900" lon="10.1222470">
    <ele>60.6</ele>
   </trkpt>
   <trkpt lat="56.1731680" lon="10.1222140">
    <ele>60.4</ele>
   </trkpt>
   <trkpt lat="56.1732450" lon="10.1221670">
    <ele>60.0</ele>
   </trkpt>
   <trkpt lat="56.1733200" lon="10.1221100">
    <ele>59.6</ele>
   </trkpt>
   <trkpt lat="56.1733930" lon="10.1220440">
    <ele>59.4</ele>
   </trkpt>
   <trkpt lat="56.1734640" lon="10.1219650">
    <ele>59.0</ele>
   </trkpt>
   <trkpt lat="56.1735320" lon="10.1218740">
    <ele>58.4</ele>
   </trkpt>
   <trkpt lat="56.1736000" lon="10.1217760">
    <ele>57.8</ele>
   </trkpt>
   <trkpt lat="56.1736700" lon="10.1216770">
    <ele>57.2</ele>
   </trkpt>
   <trkpt lat="56.1737440" lon="10.1215770">
    <ele>56.6</ele>
   </trkpt>
   <trkpt lat="56.1738210" lon="10.1214810">
    <ele>55.6</ele>
   </trkpt>
   <trkpt lat="56.1739000" lon="10.1213840">
    <ele>54.8</ele>
   </trkpt>
   <trkpt lat="56.1739780" lon="10.1212770">
    <ele>54.0</ele>
   </trkpt>
   <trkpt lat="56.1740560" lon="10.1211650">
    <ele>53.2</ele>
   </trkpt>
   <trkpt lat="56.1741360" lon="10.1210480">
    <ele>52.4</ele>
   </trkpt>
   <trkpt lat="56.1742200" lon="10.1209320">
    <ele>51.6</ele>
   </trkpt>
   <trkpt lat="56.1743060" lon="10.1208160">
    <ele>50.8</ele>
   </trkpt>
   <trkpt lat="56.1743900" lon="10.1207030">
    <ele>50.4</ele>
   </trkpt>
   <trkpt lat="56.1744690" lon="10.1205910">
    <ele>49.8</ele>
   </trkpt>
   <trkpt lat="56.1745460" lon="10.1204800">
    <ele>49.6</ele>
   </trkpt>
   <trkpt lat="56.1746210" lon="10.1203720">
    <ele>49.4</ele>
   </trkpt>
   <trkpt lat="56.1746930" lon="10.1202620">
    <ele>49.2</ele>
   </trkpt>
   <trkpt lat="56.1747560" lon="10.1201510">
    <ele>49.0</ele>
   </trkpt>
   <trkpt lat="56.1747990" lon="10.1200410">
    <ele>49.2</ele>
   </trkpt>
   <trkpt lat="56.1748330" lon="10.1199610">
    <ele>49.0</ele>
   </trkpt>
   <trkpt lat="56.1748730" lon="10.1199170">
    <ele>49.2</ele>
   </trkpt>
   <trkpt lat="56.1749210" lon="10.1198950">
    <ele>49.4</ele>
   </trkpt>
   <trkpt lat="56.1749760" lon="10.1198930">
    <ele>49.2</ele>
   </trkpt>
   <trkpt lat="56.1750340" lon="10.1199070">
    <ele>49.2</ele>
   </trkpt>
   <trkpt lat="56.1750960" lon="10.1199200">
    <ele>49.0</ele>
   </trkpt>
   <trkpt lat="56.1751610" lon="10.1199260">
    <ele>48.8</ele>
   </trkpt>
   <trkpt lat="56.1752230" lon="10.1199240">
    <ele>48.8</ele>
   </trkpt>
   <trkpt lat="56.1752810" lon="10.1199140">
    <ele>48.6</ele>
   </trkpt>
   <trkpt lat="56.1753370" lon="10.1199070">
    <ele>48.8</ele>
   </trkpt>
   <trkpt lat="56.1753860" lon="10.1199090">
    <ele>49.0</ele>
   </trkpt>
   <trkpt lat="56.1754240" lon="10.1199140">
    <ele>49.0</ele>
   </trkpt>
   <trkpt lat="56.1754570" lon="10.1199040">
    <ele>49.2</ele>
   </trkpt>
   <trkpt lat="56.1754860" lon="10.1198620">
    <ele>49.4</ele>
   </trkpt>
   <trkpt lat="56.1755000" lon="10.1198000">
    <ele>49.4</ele>
   </trkpt>
   <trkpt lat="56.1755030" lon="10.1197320">
    <ele>49.4</ele>
   </trkpt>
   <trkpt lat="56.1755030" lon="10.1196910">
    <ele>49.4</ele>
   </trkpt>
   <trkpt lat="56.1755020" lon="10.1196500">
    <ele>49.4</ele>
   </trkpt>
   <trkpt lat="56.1755020" lon="10.1196090">
    <ele>49.4</ele>
   </trkpt>
   <trkpt lat="56.1755010" lon="10.1195680">
    <ele>49.4</ele>
   </trkpt>
   <trkpt lat="56.1755010" lon="10.1195660">
    <ele>49.6</ele>
   </trkpt>
   <trkpt lat="56.1755030" lon="10.1195570">
    <ele>49.6</ele>
   </trkpt>
   <trkpt lat="56.1755060" lon="10.1195360">
    <ele>49.8</ele>
   </trkpt>
   <trkpt lat="56.1755100" lon="10.1194930">
    <ele>50.0</ele>
   </trkpt>
   <trkpt lat="56.1754770" lon="10.1192810">
    <ele>50.2</ele>
   </trkpt>
   <trkpt lat="56.1754500" lon="10.1191000">
    <ele>50.6</ele>
   </trkpt>
   <trkpt lat="56.1754360" lon="10.1189430">
    <ele>51.0</ele>
   </trkpt>
   <trkpt lat="56.1754250" lon="10.1187990">
    <ele>51.2</ele>
   </trkpt>
   <trkpt lat="56.1754170" lon="10.1186680">
    <ele>51.6</ele>
   </trkpt>
   <trkpt lat="56.1754060" lon="10.1185560">
    <ele>51.8</ele>
   </trkpt>
   <trkpt lat="56.1753970" lon="10.1184450">
    <ele>52.0</ele>
   </trkpt>
   <trkpt lat="56.1753900" lon="10.1183360">
    <ele>52.2</ele>
   </trkpt>
   <trkpt lat="56.1753800" lon="10.1182290">
    <ele>52.4</ele>
   </trkpt>
   <trkpt lat="56.1753660" lon="10.1181210">
    <ele>52.6</ele>
   </trkpt>
   <trkpt lat="56.1753520" lon="10.1180110">
    <ele>52.6</ele>
   </trkpt>
   <trkpt lat="56.1753450" lon="10.1179070">
    <ele>52.6</ele>
   </trkpt>
   <trkpt lat="56.1753430" lon="10.1178030">
    <ele>52.8</ele>
   </trkpt>
   <trkpt lat="56.1753330" lon="10.1176930">
    <ele>53.0</ele>
   </trkpt>
   <trkpt lat="56.1753220" lon="10.1175800">
    <ele>53.0</ele>
   </trkpt>
   <trkpt lat="56.1753110" lon="10.1174620">
    <ele>53.0</ele>
   </trkpt>
   <trkpt lat="56.1752990" lon="10.1173470">
    <ele>53.2</ele>
   </trkpt>
   <trkpt lat="56.1752840" lon="10.1172330">
    <ele>53.2</ele>
   </trkpt>
   <trkpt lat="56.1752740" lon="10.1171230">
    <ele>53.2</ele>
   </trkpt>
   <trkpt lat="56.1752630" lon="10.1170090">
    <ele>53.2</ele>
   </trkpt>
   <trkpt lat="56.1752520" lon="10.1168980">
    <ele>53.4</ele>
   </trkpt>
   <trkpt lat="56.1752400" lon="10.1167890">
    <ele>53.4</ele>
   </trkpt>
   <trkpt lat="56.1752290" lon="10.1166850">
    <ele>53.4</ele>
   </trkpt>
   <trkpt lat="56.1752190" lon="10.1165850">
    <ele>53.6</ele>
   </trkpt>
   <trkpt lat="56.1752110" lon="10.1164930">
    <ele>53.8</ele>
   </trkpt>
   <trkpt lat="56.1752030" lon="10.1164040">
    <ele>53.8</ele>
   </trkpt>
   <trkpt lat="56.1751930" lon="10.1163110">
    <ele>53.8</ele>
   </trkpt>
   <trkpt lat="56.1751770" lon="10.1162100">
    <ele>53.8</ele>
   </trkpt>
   <trkpt lat="56.1751600" lon="10.1161050">
    <ele>53.8</ele>
   </trkpt>
   <trkpt lat="56.1751440" lon="10.1159970">
    <ele>53.8</ele>
   </trkpt>
   <trkpt lat="56.1751270" lon="10.1158840">
    <ele>53.8</ele>
   </trkpt>
   <trkpt lat="56.1751160" lon="10.1157740">
    <ele>53.8</ele>
   </trkpt>
   <trkpt lat="56.1751080" lon="10.1156650">
    <ele>53.8</ele>
   </trkpt>
   <trkpt lat="56.1751000" lon="10.1155560">
    <ele>54.0</ele>
   </trkpt>
   <trkpt lat="56.1750960" lon="10.1154430">
    <ele>54.0</ele>
   </trkpt>
   <trkpt lat="56.1750940" lon="10.1153240">
    <ele>53.8</ele>
   </trkpt>
   <trkpt lat="56.1750920" lon="10.1152010">
    <ele>53.6</ele>
   </trkpt>
   <trkpt lat="56.1750890" lon="10.1150720">
    <ele>53.4</ele>
   </trkpt>
   <trkpt lat="56.1750840" lon="10.1149390">
    <ele>52.8</ele>
   </trkpt>
   <trkpt lat="56.1750810" lon="10.1148020">
    <ele>52.4</ele>
   </trkpt>
   <trkpt lat="56.1750830" lon="10.1146640">
    <ele>52.0</ele>
   </trkpt>
   <trkpt lat="56.1750890" lon="10.1145400">
    <ele>51.8</ele>
   </trkpt>
   <trkpt lat="56.1751000" lon="10.1144330">
    <ele>51.6</ele>
   </trkpt>
   <trkpt lat="56.1751080" lon="10.1143630">
    <ele>51.4</ele>
   </trkpt>
   <trkpt lat="56.1751100" lon="10.1142890">
    <ele>51.4</ele>
   </trkpt>
   <trkpt lat="56.1750940" lon="10.1141580">
    <ele>51.4</ele>
   </trkpt>
   <trkpt lat="56.1750800" lon="10.1139900">
    <ele>51.6</ele>
   </trkpt>
   <trkpt lat="56.1750610" lon="10.1138550">
    <ele>52.0</ele>
   </trkpt>
   <trkpt lat="56.1750380" lon="10.1137360">
    <ele>52.4</ele>
   </trkpt>
   <trkpt lat="56.1750160" lon="10.1136200">
    <ele>53.0</ele>
   </trkpt>
   <trkpt lat="56.1749970" lon="10.1135130">
    <ele>53.6</ele>
   </trkpt>
   <trkpt lat="56.1749800" lon="10.1134070">
    <ele>54.0</ele>
   </trkpt>
   <trkpt lat="56.1749650" lon="10.1133030">
    <ele>54.2</ele>
   </trkpt>
   <trkpt lat="56.1749540" lon="10.1132060">
    <ele>54.6</ele>
   </trkpt>
   <trkpt lat="56.1749400" lon="10.1131090">
    <ele>55.0</ele>
   </trkpt>
   <trkpt lat="56.1749250" lon="10.1130100">
    <ele>55.0</ele>
   </trkpt>
   <trkpt lat="56.1749120" lon="10.1129080">
    <ele>55.2</ele>
   </trkpt>
   <trkpt lat="56.1748980" lon="10.1128070">
    <ele>55.2</ele>
   </trkpt>
   <trkpt lat="56.1748840" lon="10.1127050">
    <ele>55.4</ele>
   </trkpt>
   <trkpt lat="56.1748720" lon="10.1126000">
    <ele>55.4</ele>
   </trkpt>
   <trkpt lat="56.1748640" lon="10.1124930">
    <ele>55.4</ele>
   </trkpt>
   <trkpt lat="56.1748560" lon="10.1123870">
    <ele>55.6</ele>
   </trkpt>
   <trkpt lat="56.1748480" lon="10.1122810">
    <ele>55.6</ele>
   </trkpt>
   <trkpt lat="56.1748390" lon="10.1121730">
    <ele>55.4</ele>
   </trkpt>
   <trkpt lat="56.1748330" lon="10.1120630">
    <ele>55.2</ele>
   </trkpt>
   <trkpt lat="56.1748280" lon="10.1119470">
    <ele>55.2</ele>
   </trkpt>
   <trkpt lat="56.1748220" lon="10.1118270">
    <ele>54.8</ele>
   </trkpt>
   <trkpt lat="56.1748150" lon="10.1117030">
    <ele>54.6</ele>
   </trkpt>
   <trkpt lat="56.1748080" lon="10.1115710">
    <ele>54.2</ele>
   </trkpt>
   <trkpt lat="56.1748000" lon="10.1114380">
    <ele>54.0</ele>
   </trkpt>
   <trkpt lat="56.1747870" lon="10.1113060">
    <ele>53.6</ele>
   </trkpt>
   <trkpt lat="56.1747740" lon="10.1111760">
    <ele>53.4</ele>
   </trkpt>
   <trkpt lat="56.1747640" lon="10.1110500">
    <ele>53.4</ele>
   </trkpt>
   <trkpt lat="56.1747500" lon="10.1109270">
    <ele>53.4</ele>
   </trkpt>
   <trkpt lat="56.1747330" lon="10.1108050">
    <ele>53.6</ele>
   </trkpt>
   <trkpt lat="56.1747150" lon="10.1106870">
    <ele>53.8</ele>
   </trkpt>
   <trkpt lat="56.1746980" lon="10.1105730">
    <ele>54.0</ele>
   </trkpt>
   <trkpt lat="56.1746800" lon="10.1104650">
    <ele>54.2</ele>
   </trkpt>
   <trkpt lat="56.1746610" lon="10.1103580">
    <ele>54.6</ele>
   </trkpt>
   <trkpt lat="56.1746410" lon="10.1102530">
    <ele>54.8</ele>
   </trkpt>
   <trkpt lat="56.1746220" lon="10.1101500">
    <ele>55.2</ele>
   </trkpt>
   <trkpt lat="56.1746020" lon="10.1100500">
    <ele>55.6</ele>
   </trkpt>
   <trkpt lat="56.1745800" lon="10.1099500">
    <ele>56.0</ele>
   </trkpt>
   <trkpt lat="56.1745590" lon="10.1098510">
    <ele>56.4</ele>
   </trkpt>
   <trkpt lat="56.1745380" lon="10.1097490">
    <ele>56.8</ele>
   </trkpt>
   <trkpt lat="56.1745180" lon="10.1096470">
    <ele>57.0</ele>
   </trkpt>
   <trkpt lat="56.1744980" lon="10.1095420">
    <ele>57.2</ele>
   </trkpt>
   <trkpt lat="56.1744790" lon="10.1094370">
    <ele>57.2</ele>
   </trkpt>
   <trkpt lat="56.1744610" lon="10.1093310">
    <ele>57.2</ele>
   </trkpt>
   <trkpt lat="56.1744460" lon="10.1092240">
    <ele>57.2</ele>
   </trkpt>
   <trkpt lat="56.1744330" lon="10.1091160">
    <ele>57.2</ele>
   </trkpt>
   <trkpt lat="56.1744220" lon="10.1090070">
    <ele>57.2</ele>
   </trkpt>
   <trkpt lat="56.1744110" lon="10.1088930">
    <ele>57.0</ele>
   </trkpt>
   <trkpt lat="56.1744030" lon="10.1087740">
    <ele>57.0</ele>
   </trkpt>
   <trkpt lat="56.1743960" lon="10.1086520">
    <ele>56.8</ele>
   </trkpt>
   <trkpt lat="56.1743940" lon="10.1085290">
    <ele>56.4</ele>
   </trkpt>
   <trkpt lat="56.1743920" lon="10.1084000">
    <ele>56.2</ele>
   </trkpt>
   <trkpt lat="56.1743880" lon="10.1082710">
    <ele>55.8</ele>
   </trkpt>
   <trkpt lat="56.1743850" lon="10.1081400">
    <ele>55.4</ele>
   </trkpt>
   <trkpt lat="56.1743790" lon="10.1080030">
    <ele>55.0</ele>
   </trkpt>
   <trkpt lat="56.1743720" lon="10.1078910">
    <ele>54.6</ele>
   </trkpt>
   <trkpt lat="56.1743580" lon="10.1077230">
    <ele>54.2</ele>
   </trkpt>
   <trkpt lat="56.1743430" lon="10.1075900">
    <ele>54.0</ele>
   </trkpt>
   <trkpt lat="56.1743310" lon="10.1074650">
    <ele>53.6</ele>
   </trkpt>
   <trkpt lat="56.1743180" lon="10.1073260">
    <ele>53.6</ele>
   </trkpt>
   <trkpt lat="56.1743010" lon="10.1071900">
    <ele>53.6</ele>
   </trkpt>
   <trkpt lat="56.1742830" lon="10.1070570">
    <ele>53.6</ele>
   </trkpt>
   <trkpt lat="56.1742640" lon="10.1069270">
    <ele>53.6</ele>
   </trkpt>
   <trkpt lat="56.1742440" lon="10.1068000">
    <ele>53.8</ele>
   </trkpt>
   <trkpt lat="56.1742250" lon="10.1066750">
    <ele>53.8</ele>
   </trkpt>
   <trkpt lat="56.1742050" lon="10.1065500">
    <ele>54.0</ele>
   </trkpt>
   <trkpt lat="56.1741860" lon="10.1064270">
    <ele>54.2</ele>
   </trkpt>
   <trkpt lat="56.1741660" lon="10.1063030">
    <ele>54.4</ele>
   </trkpt>
   <trkpt lat="56.1741450" lon="10.1061820">
    <ele>54.4</ele>
   </trkpt>
   <trkpt lat="56.1741240" lon="10.1060620">
    <ele>54.6</ele>
   </trkpt>
   <trkpt lat="56.1741040" lon="10.1059420">
    <ele>54.8</ele>
   </trkpt>
   <trkpt lat="56.1740850" lon="10.1058190">
    <ele>54.8</ele>
   </trkpt>
   <trkpt lat="56.1740650" lon="10.1056980">
    <ele>55.0</ele>
   </trkpt>
   <trkpt lat="56.1740440" lon="10.1055760">
    <ele>55.0</ele>
   </trkpt>
   <trkpt lat="56.1740250" lon="10.1054540">
    <ele>55.2</ele>
   </trkpt>
   <trkpt lat="56.1740050" lon="10.1053330">
    <ele>55.2</ele>
   </trkpt>
   <trkpt lat="56.1739840" lon="10.1052120">
    <ele>55.2</ele>
   </trkpt>
   <trkpt lat="56.1739640" lon="10.1050900">
    <ele>55.2</ele>
   </trkpt>
   <trkpt lat="56.1739420" lon="10.1049690">
    <ele>55.2</ele>
   </trkpt>
   <trkpt lat="56.1739220" lon="10.1048480">
    <ele>55.0</ele>
   </trkpt>
   <trkpt lat="56.1739020" lon="10.1047280">
    <ele>54.8</ele>
   </trkpt>
   <trkpt lat="56.1738810" lon="10.1046090">
    <ele>54.6</ele>
   </trkpt>
   <trkpt lat="56.1738590" lon="10.1044880">
    <ele>54.4</ele>
   </trkpt>
   <trkpt lat="56.1738400" lon="10.1043730">
    <ele>54.2</ele>
   </trkpt>
   <trkpt lat="56.1738240" lon="10.1042660">
    <ele>54.2</ele>
   </trkpt>
   <trkpt lat="56.1738230" lon="10.1041740">
    <ele>54.2</ele>
   </trkpt>
   <trkpt lat="56.1738430" lon="10.1041080">
    <ele>54.2</ele>
   </trkpt>
   <trkpt lat="56.1738760" lon="10.1040770">
    <ele>54.2</ele>
   </trkpt>
   <trkpt lat="56.1739120" lon="10.1040740">
    <ele>54.4</ele>
   </trkpt>
   <trkpt lat="56.1739480" lon="10.1040770">
    <ele>54.4</ele>
   </trkpt>
   <trkpt lat="56.1739840" lon="10.1040820">
    <ele>54.6</ele>
   </trkpt>
   <trkpt lat="56.1740220" lon="10.1040840">
    <ele>54.6</ele>
   </trkpt>
   <trkpt lat="56.1740640" lon="10.1040810">
    <ele>54.6</ele>
   </trkpt>
   <trkpt lat="56.1741110" lon="10.1040760">
    <ele>54.6</ele>
   </trkpt>
   <trkpt lat="56.1741620" lon="10.1040740">
    <ele>54.6</ele>
   </trkpt>
   <trkpt lat="56.1742150" lon="10.1040790">
    <ele>54.6</ele>
   </trkpt>
   <trkpt lat="56.1742670" lon="10.1040850">
    <ele>54.8</ele>
   </trkpt>
   <trkpt lat="56.1743200" lon="10.1040870">
    <ele>55.0</ele>
   </trkpt>
   <trkpt lat="56.1743730" lon="10.1040860">
    <ele>55.0</ele>
   </trkpt>
   <trkpt lat="56.1744270" lon="10.1040870">
    <ele>55.2</ele>
   </trkpt>
   <trkpt lat="56.1744790" lon="10.1040910">
    <ele>55.6</ele>
   </trkpt>
   <trkpt lat="56.1745320" lon="10.1040900">
    <ele>55.8</ele>
   </trkpt>
   <trkpt lat="56.1745840" lon="10.1040880">
    <ele>56.0</ele>
   </trkpt>
   <trkpt lat="56.1746350" lon="10.1040870">
    <ele>56.2</ele>
   </trkpt>
   <trkpt lat="56.1746840" lon="10.1040880">
    <ele>56.4</ele>
   </trkpt>
   <trkpt lat="56.1747270" lon="10.1040910">
    <ele>56.8</ele>
   </trkpt>
   <trkpt lat="56.1747670" lon="10.1040890">
    <ele>57.2</ele>
   </trkpt>
   <trkpt lat="56.1748090" lon="10.1040880">
    <ele>57.6</ele>
   </trkpt>
   <trkpt lat="56.1748500" lon="10.1040870">
    <ele>57.8</ele>
   </trkpt>
   <trkpt lat="56.1748900" lon="10.1040860">
    <ele>58.2</ele>
   </trkpt>
   <trkpt lat="56.1749260" lon="10.1040880">
    <ele>58.6</ele>
   </trkpt>
   <trkpt lat="56.1749560" lon="10.1040870">
    <ele>58.8</ele>
   </trkpt>
   <trkpt lat="56.1749800" lon="10.1040670">
    <ele>59.0</ele>
   </trkpt>
   <trkpt lat="56.1749910" lon="10.1040180">
    <ele>59.2</ele>
   </trkpt>
   <trkpt lat="56.1749940" lon="10.1039490">
    <ele>59.2</ele>
   </trkpt>
   <trkpt lat="56.1749930" lon="10.1038630">
    <ele>59.0</ele>
   </trkpt>
   <trkpt lat="56.1749880" lon="10.1037640">
    <ele>58.8</ele>
   </trkpt>
   <trkpt lat="56.1749850" lon="10.1036600">
    <ele>58.6</ele>
   </trkpt>
   <trkpt lat="56.1749840" lon="10.1035520">
    <ele>58.4</ele>
   </trkpt>
   <trkpt lat="56.1749840" lon="10.1034420">
    <ele>58.2</ele>
   </trkpt>
   <trkpt lat="56.1749840" lon="10.1033320">
    <ele>58.2</ele>
   </trkpt>
   <trkpt lat="56.1749830" lon="10.1032230">
    <ele>58.2</ele>
   </trkpt>
   <trkpt lat="56.1749820" lon="10.1031180">
    <ele>58.2</ele>
   </trkpt>
   <trkpt lat="56.1749810" lon="10.1030130">
    <ele>58.2</ele>
   </trkpt>
   <trkpt lat="56.1749800" lon="10.1029080">
    <ele>58.2</ele>
   </trkpt>
   <trkpt lat="56.1749790" lon="10.1028000">
    <ele>58.2</ele>
   </trkpt>
   <trkpt lat="56.1749780" lon="10.1026910">
    <ele>58.2</ele>
   </trkpt>
   <trkpt lat="56.1749770" lon="10.1025790">
    <ele>58.0</ele>
   </trkpt>
   <trkpt lat="56.1749760" lon="10.1024610">
    <ele>58.0</ele>
   </trkpt>
   <trkpt lat="56.1749730" lon="10.1023430">
    <ele>57.8</ele>
   </trkpt>
   <trkpt lat="56.1749710" lon="10.1022240">
    <ele>57.6</ele>
   </trkpt>
   <trkpt lat="56.1749690" lon="10.1021040">
    <ele>57.4</ele>
   </trkpt>
   <trkpt lat="56.1749690" lon="10.1019830">
    <ele>57.4</ele>
   </trkpt>
   <trkpt lat="56.1749710" lon="10.1018630">
    <ele>57.2</ele>
   </trkpt>
   <trkpt lat="56.1749730" lon="10.1017430">
    <ele>57.0</ele>
   </trkpt>
   <trkpt lat="56.1749720" lon="10.1016210">
    <ele>56.8</ele>
   </trkpt>
   <trkpt lat="56.1749710" lon="10.1014990">
    <ele>56.8</ele>
   </trkpt>
   <trkpt lat="56.1749680" lon="10.1013750">
    <ele>56.4</ele>
   </trkpt>
   <trkpt lat="56.1749660" lon="10.1012510">
    <ele>56.2</ele>
   </trkpt>
   <trkpt lat="56.1749640" lon="10.1011280">
    <ele>56.0</ele>
   </trkpt>
   <trkpt lat="56.1749630" lon="10.1010150">
    <ele>56.0</ele>
   </trkpt>
   <trkpt lat="56.1749620" lon="10.1009250">
    <ele>55.8</ele>
   </trkpt>
   <trkpt lat="56.1749630" lon="10.1008630">
    <ele>56.0</ele>
   </trkpt>
   <trkpt lat="56.1749690" lon="10.1008260">
    <ele>56.0</ele>
   </trkpt>
   <trkpt lat="56.1749710" lon="10.1007940">
    <ele>56.0</ele>
   </trkpt>
   <trkpt lat="56.1749670" lon="10.1007530">
    <ele>56.0</ele>
   </trkpt>
   <trkpt lat="56.1749620" lon="10.1007070">
    <ele>56.0</ele>
   </trkpt>
   <trkpt lat="56.1749630" lon="10.1006610">
    <ele>56.0</ele>
   </trkpt>
   <trkpt lat="56.1749660" lon="10.1006150">
    <ele>55.8</ele>
   </trkpt>
   <trkpt lat="56.1749680" lon="10.1005640">
    <ele>55.8</ele>
   </trkpt>
   <trkpt lat="56.1749660" lon="10.1005070">
    <ele>55.6</ele>
   </trkpt>
   <trkpt lat="56.1749660" lon="10.1004470">
    <ele>55.4</ele>
   </trkpt>
   <trkpt lat="56.1749620" lon="10.1004010">
    <ele>55.2</ele>
   </trkpt>
   <trkpt lat="56.1749530" lon="10.1003640">
    <ele>55.2</ele>
   </trkpt>
   <trkpt lat="56.1749520" lon="10.1003210">
    <ele>55.0</ele>
   </trkpt>
   <trkpt lat="56.1749550" lon="10.1002650">
    <ele>54.8</ele>
   </trkpt>
   <trkpt lat="56.1749590" lon="10.1001930">
    <ele>54.6</ele>
   </trkpt>
   <trkpt lat="56.1749600" lon="10.1001090">
    <ele>54.4</ele>
   </trkpt>
   <trkpt lat="56.1749580" lon="10.1000140">
    <ele>54.2</ele>
   </trkpt>
   <trkpt lat="56.1749590" lon="10.0999120">
    <ele>54.2</ele>
   </trkpt>
   <trkpt lat="56.1749610" lon="10.0998050">
    <ele>54.2</ele>
   </trkpt>
   <trkpt lat="56.1749610" lon="10.0996910">
    <ele>54.0</ele>
   </trkpt>
   <trkpt lat="56.1749610" lon="10.0995740">
    <ele>53.8</ele>
   </trkpt>
   <trkpt lat="56.1749600" lon="10.0994560">
    <ele>53.8</ele>
   </trkpt>
   <trkpt lat="56.1749600" lon="10.0993330">
    <ele>53.4</ele>
   </trkpt>
   <trkpt lat="56.1749620" lon="10.0992080">
    <ele>53.2</ele>
   </trkpt>
   <trkpt lat="56.1749620" lon="10.0990820">
    <ele>53.2</ele>
   </trkpt>
   <trkpt lat="56.1749630" lon="10.0989590">
    <ele>53.0</ele>
   </trkpt>
   <trkpt lat="56.1749620" lon="10.0988370">
    <ele>53.0</ele>
   </trkpt>
   <trkpt lat="56.1749600" lon="10.0987150">
    <ele>53.0</ele>
   </trkpt>
   <trkpt lat="56.1749620" lon="10.0985910">
    <ele>52.8</ele>
   </trkpt>
   <trkpt lat="56.1749640" lon="10.0984660">
    <ele>52.8</ele>
   </trkpt>
   <trkpt lat="56.1749640" lon="10.0983410">
    <ele>52.6</ele>
   </trkpt>
   <trkpt lat="56.1749630" lon="10.0982170">
    <ele>52.8</ele>
   </trkpt>
   <trkpt lat="56.1749630" lon="10.0980980">
    <ele>53.0</ele>
   </trkpt>
   <trkpt lat="56.1749630" lon="10.0979830">
    <ele>53.4</ele>
   </trkpt>
   <trkpt lat="56.1749620" lon="10.0978700">
    <ele>53.6</ele>
   </trkpt>
   <trkpt lat="56.1749600" lon="10.0977590">
    <ele>54.0</ele>
   </trkpt>
   <trkpt lat="56.1749590" lon="10.0976530">
    <ele>54.2</ele>
   </trkpt>
   <trkpt lat="56.1749590" lon="10.0975490">
    <ele>54.6</ele>
   </trkpt>
   <trkpt lat="56.1749590" lon="10.0974470">
    <ele>55.0</ele>
   </trkpt>
   <trkpt lat="56.1749590" lon="10.0973470">
    <ele>55.4</ele>
   </trkpt>
   <trkpt lat="56.1749590" lon="10.0972460">
    <ele>55.6</ele>
   </trkpt>
   <trkpt lat="56.1749590" lon="10.0971460">
    <ele>55.8</ele>
   </trkpt>
   <trkpt lat="56.1749590" lon="10.0970440">
    <ele>56.0</ele>
   </trkpt>
   <trkpt lat="56.1749580" lon="10.0969420">
    <ele>56.2</ele>
   </trkpt>
   <trkpt lat="56.1749570" lon="10.0968380">
    <ele>56.2</ele>
   </trkpt>
   <trkpt lat="56.1749560" lon="10.0967350">
    <ele>56.4</ele>
   </trkpt>
   <trkpt lat="56.1749560" lon="10.0966320">
    <ele>56.6</ele>
   </trkpt>
   <trkpt lat="56.1749560" lon="10.0965320">
    <ele>56.8</ele>
   </trkpt>
   <trkpt lat="56.1749550" lon="10.0964360">
    <ele>57.0</ele>
   </trkpt>
   <trkpt lat="56.1749520" lon="10.0963430">
    <ele>57.2</ele>
   </trkpt>
   <trkpt lat="56.1749520" lon="10.0962570">
    <ele>57.4</ele>
   </trkpt>
   <trkpt lat="56.1749510" lon="10.0961830">
    <ele>57.6</ele>
   </trkpt>
   <trkpt lat="56.1749530" lon="10.0961250">
    <ele>57.8</ele>
   </trkpt>
   <trkpt lat="56.1749630" lon="10.0960880">
    <ele>58.2</ele>
   </trkpt>
   <trkpt lat="56.1749820" lon="10.0960770">
    <ele>58.4</ele>
   </trkpt>
   <trkpt lat="56.1750050" lon="10.0960930">
    <ele>58.6</ele>
   </trkpt>
   <trkpt lat="56.1750330" lon="10.0961190">
    <ele>58.8</ele>
   </trkpt>
   <trkpt lat="56.1750660" lon="10.0961400">
    <ele>58.8</ele>
   </trkpt>
   <trkpt lat="56.1751030" lon="10.0961560">
    <ele>58.8</ele>
   </trkpt>
   <trkpt lat="56.1751400" lon="10.0961700">
    <ele>58.8</ele>
   </trkpt>
   <trkpt lat="56.1751770" lon="10.0961890">
    <ele>59.0</ele>
   </trkpt>
   <trkpt lat="56.1752160" lon="10.0962090">
    <ele>59.2</ele>
   </trkpt>
   <trkpt lat="56.1752550" lon="10.0962100">
    <ele>59.4</ele>
   </trkpt>
   <trkpt lat="56.1752900" lon="10.0961790">
    <ele>59.6</ele>
   </trkpt>
   <trkpt lat="56.1753100" lon="10.0961230">
    <ele>59.8</ele>
   </trkpt>
   <trkpt lat="56.1753210" lon="10.0960570">
    <ele>59.8</ele>
   </trkpt>
   <trkpt lat="56.1753340" lon="10.0959890">
    <ele>59.8</ele>
   </trkpt>
   <trkpt lat="56.1753440" lon="10.0959130">
    <ele>59.8</ele>
   </trkpt>
   <trkpt lat="56.1753550" lon="10.0958280">
    <ele>59.6</ele>
   </trkpt>
   <trkpt lat="56.1753670" lon="10.0957320">
    <ele>59.4</ele>
   </trkpt>
   <trkpt lat="56.1753810" lon="10.0956260">
    <ele>59.0</ele>
   </trkpt>
   <trkpt lat="56.1753980" lon="10.0955130">
    <ele>58.6</ele>
   </trkpt>
   <trkpt lat="56.1754120" lon="10.0954000">
    <ele>58.2</ele>
   </trkpt>
   <trkpt lat="56.1754180" lon="10.0952970">
    <ele>58.0</ele>
   </trkpt>
   <trkpt lat="56.1754270" lon="10.0951920">
    <ele>57.8</ele>
   </trkpt>
   <trkpt lat="56.1754390" lon="10.0950780">
    <ele>58.0</ele>
   </trkpt>
   <trkpt lat="56.1754440" lon="10.0949640">
    <ele>58.0</ele>
   </trkpt>
   <trkpt lat="56.1754510" lon="10.0948540">
    <ele>58.4</ele>
   </trkpt>
   <trkpt lat="56.1754520" lon="10.0947470">
    <ele>58.8</ele>
   </trkpt>
   <trkpt lat="56.1754500" lon="10.0946420">
    <ele>59.2</ele>
   </trkpt>
   <trkpt lat="56.1754450" lon="10.0945420">
    <ele>59.4</ele>
   </trkpt>
   <trkpt lat="56.1754430" lon="10.0944430">
    <ele>59.8</ele>
   </trkpt>
   <trkpt lat="56.1754440" lon="10.0943490">
    <ele>60.0</ele>
   </trkpt>
   <trkpt lat="56.1754440" lon="10.0942540">
    <ele>60.4</ele>
   </trkpt>
   <trkpt lat="56.1754440" lon="10.0941630">
    <ele>60.8</ele>
   </trkpt>
   <trkpt lat="56.1754430" lon="10.0940760">
    <ele>61.2</ele>
   </trkpt>
   <trkpt lat="56.1754420" lon="10.0939910">
    <ele>61.8</ele>
   </trkpt>
   <trkpt lat="56.1754380" lon="10.0939120">
    <ele>62.2</ele>
   </trkpt>
   <trkpt lat="56.1754360" lon="10.0938340">
    <ele>62.4</ele>
   </trkpt>
   <trkpt lat="56.1754380" lon="10.0937540">
    <ele>62.8</ele>
   </trkpt>
   <trkpt lat="56.1754400" lon="10.0936670">
    <ele>63.0</ele>
   </trkpt>
   <trkpt lat="56.1754400" lon="10.0935750">
    <ele>63.0</ele>
   </trkpt>
   <trkpt lat="56.1754410" lon="10.0934800">
    <ele>63.2</ele>
   </trkpt>
   <trkpt lat="56.1754410" lon="10.0933840">
    <ele>63.2</ele>
   </trkpt>
   <trkpt lat="56.1754390" lon="10.0932870">
    <ele>63.2</ele>
   </trkpt>
   <trkpt lat="56.1754370" lon="10.0931900">
    <ele>63.2</ele>
   </trkpt>
   <trkpt lat="56.1754340" lon="10.0930880">
    <ele>63.2</ele>
   </trkpt>
   <trkpt lat="56.1754290" lon="10.0929870">
    <ele>63.2</ele>
   </trkpt>
   <trkpt lat="56.1754260" lon="10.0928870">
    <ele>63.2</ele>
   </trkpt>
   <trkpt lat="56.1754250" lon="10.0927850">
    <ele>63.4</ele>
   </trkpt>
   <trkpt lat="56.1754250" lon="10.0926830">
    <ele>63.4</ele>
   </trkpt>
   <trkpt lat="56.1754250" lon="10.0925810">
    <ele>63.4</ele>
   </trkpt>
   <trkpt lat="56.1754300" lon="10.0924800">
    <ele>63.6</ele>
   </trkpt>
   <trkpt lat="56.1754390" lon="10.0923780">
    <ele>63.8</ele>
   </trkpt>
   <trkpt lat="56.1754560" lon="10.0922800">
    <ele>64.0</ele>
   </trkpt>
   <trkpt lat="56.1754720" lon="10.0921840">
    <ele>64.2</ele>
   </trkpt>
   <trkpt lat="56.1754860" lon="10.0920860">
    <ele>64.4</ele>
   </trkpt>
   <trkpt lat="56.1754980" lon="10.0919920">
    <ele>64.4</ele>
   </trkpt>
   <trkpt lat="56.1755070" lon="10.0919060">
    <ele>64.6</ele>
   </trkpt>
   <trkpt lat="56.1755140" lon="10.0918310">
    <ele>64.6</ele>
   </trkpt>
   <trkpt lat="56.1755190" lon="10.0917610">
    <ele>64.8</ele>
   </trkpt>
   <trkpt lat="56.1755220" lon="10.0916960">
    <ele>65.0</ele>
   </trkpt>
   <trkpt lat="56.1755260" lon="10.0916330">
    <ele>65.2</ele>
   </trkpt>
   <trkpt lat="56.1755340" lon="10.0915640">
    <ele>65.4</ele>
   </trkpt>
   <trkpt lat="56.1755440" lon="10.0914890">
    <ele>65.4</ele>
   </trkpt>
   <trkpt lat="56.1755540" lon="10.0914050">
    <ele>65.6</ele>
   </trkpt>
   <trkpt lat="56.1755610" lon="10.0913100">
    <ele>65.6</ele>
   </trkpt>
   <trkpt lat="56.1755680" lon="10.0912080">
    <ele>65.6</ele>
   </trkpt>
   <trkpt lat="56.1755740" lon="10.0911100">
    <ele>65.4</ele>
   </trkpt>
   <trkpt lat="56.1755810" lon="10.0910120">
    <ele>65.6</ele>
   </trkpt>
   <trkpt lat="56.1755900" lon="10.0909190">
    <ele>65.6</ele>
   </trkpt>
   <trkpt lat="56.1755970" lon="10.0908360">
    <ele>65.8</ele>
   </trkpt>
   <trkpt lat="56.1756070" lon="10.0907670">
    <ele>66.0</ele>
   </trkpt>
   <trkpt lat="56.1756280" lon="10.0907290">
    <ele>66.2</ele>
   </trkpt>
   <trkpt lat="56.1756590" lon="10.0907170">
    <ele>66.4</ele>
   </trkpt>
   <trkpt lat="56.1756970" lon="10.0907290">
    <ele>66.6</ele>
   </trkpt>
   <trkpt lat="56.1757390" lon="10.0907530">
    <ele>66.8</ele>
   </trkpt>
   <trkpt lat="56.1757860" lon="10.0907770">
    <ele>67.0</ele>
   </trkpt>
   <trkpt lat="56.1758350" lon="10.0907880">
    <ele>67.2</ele>
   </trkpt>
   <trkpt lat="56.1758820" lon="10.0907990">
    <ele>67.4</ele>
   </trkpt>
   <trkpt lat="56.1759280" lon="10.0908140">
    <ele>67.6</ele>
   </trkpt>
   <trkpt lat="56.1759760" lon="10.0908310">
    <ele>67.8</ele>
   </trkpt>
   <trkpt lat="56.1760180" lon="10.0908510">
    <ele>68.2</ele>
   </trkpt>
   <trkpt lat="56.1760590" lon="10.0908690">
    <ele>68.4</ele>
   </trkpt>
   <trkpt lat="56.1760980" lon="10.0908860">
    <ele>68.6</ele>
   </trkpt>
   <trkpt lat="56.1761340" lon="10.0908940">
    <ele>69.0</ele>
   </trkpt>
   <trkpt lat="56.1761670" lon="10.0908820">
    <ele>69.2</ele>
   </trkpt>
   <trkpt lat="56.1761900" lon="10.0908390">
    <ele>69.4</ele>
   </trkpt>
   <trkpt lat="56.1762030" lon="10.0907740">
    <ele>69.6</ele>
   </trkpt>
   <trkpt lat="56.1762080" lon="10.0906980">
    <ele>69.8</ele>
   </trkpt>
   <trkpt lat="56.1762040" lon="10.0906130">
    <ele>69.8</ele>
   </trkpt>
   <trkpt lat="56.1761990" lon="10.0905220">
    <ele>69.8</ele>
   </trkpt>
   <trkpt lat="56.1761950" lon="10.0904270">
    <ele>69.8</ele>
   </trkpt>
   <trkpt lat="56.1762040" lon="10.0903320">
    <ele>69.8</ele>
   </trkpt>
   <trkpt lat="56.1762160" lon="10.0902350">
    <ele>69.8</ele>
   </trkpt>
   <trkpt lat="56.1762290" lon="10.0901380">
    <ele>69.8</ele>
   </trkpt>
   <trkpt lat="56.1762420" lon="10.0900390">
    <ele>69.6</ele>
   </trkpt>
   <trkpt lat="56.1762570" lon="10.0899420">
    <ele>69.8</ele>
   </trkpt>
   <trkpt lat="56.1762720" lon="10.0898460">
    <ele>69.8</ele>
   </trkpt>
   <trkpt lat="56.1762840" lon="10.0897500">
    <ele>69.8</ele>
   </trkpt>
   <trkpt lat="56.1762940" lon="10.0896490">
    <ele>69.8</ele>
   </trkpt>
   <trkpt lat="56.1763030" lon="10.0895460">
    <ele>69.8</ele>
   </trkpt>
   <trkpt lat="56.1763120" lon="10.0894480">
    <ele>69.8</ele>
   </trkpt>
   <trkpt lat="56.1763250" lon="10.0893500">
    <ele>69.8</ele>
   </trkpt>
   <trkpt lat="56.1763410" lon="10.0892540">
    <ele>69.8</ele>
   </trkpt>
   <trkpt lat="56.1763620" lon="10.0891590">
    <ele>70.0</ele>
   </trkpt>
   <trkpt lat="56.1763800" lon="10.0890600">
    <ele>70.0</ele>
   </trkpt>
   <trkpt lat="56.1763980" lon="10.0889580">
    <ele>70.0</ele>
   </trkpt>
   <trkpt lat="56.1764210" lon="10.0888570">
    <ele>69.8</ele>
   </trkpt>
   <trkpt lat="56.1764530" lon="10.0887610">
    <ele>69.6</ele>
   </trkpt>
   <trkpt lat="56.1764900" lon="10.0886670">
    <ele>69.2</ele>
   </trkpt>
   <trkpt lat="56.1765270" lon="10.0885700">
    <ele>68.8</ele>
   </trkpt>
   <trkpt lat="56.1765630" lon="10.0884690">
    <ele>68.6</ele>
   </trkpt>
   <trkpt lat="56.1766010" lon="10.0883680">
    <ele>68.6</ele>
   </trkpt>
   <trkpt lat="56.1766420" lon="10.0882690">
    <ele>68.4</ele>
   </trkpt>
   <trkpt lat="56.1766890" lon="10.0881780">
    <ele>68.4</ele>
   </trkpt>
   <trkpt lat="56.1767420" lon="10.0881000">
    <ele>68.4</ele>
   </trkpt>
   <trkpt lat="56.1767980" lon="10.0880280">
    <ele>68.2</ele>
   </trkpt>
   <trkpt lat="56.1768580" lon="10.0879610">
    <ele>68.2</ele>
   </trkpt>
   <trkpt lat="56.1769190" lon="10.0878970">
    <ele>68.2</ele>
   </trkpt>
   <trkpt lat="56.1769790" lon="10.0878350">
    <ele>68.2</ele>
   </trkpt>
   <trkpt lat="56.1770390" lon="10.0877720">
    <ele>68.4</ele>
   </trkpt>
   <trkpt lat="56.1770990" lon="10.0877090">
    <ele>68.4</ele>
   </trkpt>
   <trkpt lat="56.1771610" lon="10.0876470">
    <ele>68.6</ele>
   </trkpt>
   <trkpt lat="56.1772210" lon="10.0875840">
    <ele>68.6</ele>
   </trkpt>
   <trkpt lat="56.1772820" lon="10.0875230">
    <ele>68.8</ele>
   </trkpt>
   <trkpt lat="56.1773430" lon="10.0874640">
    <ele>68.8</ele>
   </trkpt>
   <trkpt lat="56.1774040" lon="10.0874090">
    <ele>68.8</ele>
   </trkpt>
   <trkpt lat="56.1774660" lon="10.0873520">
    <ele>68.8</ele>
   </trkpt>
   <trkpt lat="56.1775280" lon="10.0872960">
    <ele>69.0</ele>
   </trkpt>
   <trkpt lat="56.1775900" lon="10.0872420">
    <ele>69.0</ele>
   </trkpt>
   <trkpt lat="56.1776520" lon="10.0871890">
    <ele>69.2</ele>
   </trkpt>
   <trkpt lat="56.1777160" lon="10.0871350">
    <ele>69.2</ele>
   </trkpt>
   <trkpt lat="56.1777780" lon="10.0870820">
    <ele>69.4</ele>
   </trkpt>
   <trkpt lat="56.1778400" lon="10.0870290">
    <ele>69.4</ele>
   </trkpt>
   <trkpt lat="56.1779010" lon="10.0869750">
    <ele>69.4</ele>
   </trkpt>
   <trkpt lat="56.1779610" lon="10.0869210">
    <ele>69.6</ele>
   </trkpt>
   <trkpt lat="56.1780190" lon="10.0868710">
    <ele>69.6</ele>
   </trkpt>
   <trkpt lat="56.1780750" lon="10.0868270">
    <ele>69.8</ele>
   </trkpt>
   <trkpt lat="56.1781270" lon="10.0867810">
    <ele>69.8</ele>
   </trkpt>
   <trkpt lat="56.1781720" lon="10.0867320">
    <ele>70.0</ele>
   </trkpt>
   <trkpt lat="56.1782100" lon="10.0866740">
    <ele>70.4</ele>
   </trkpt>
   <trkpt lat="56.1782410" lon="10.0866050">
    <ele>70.6</ele>
   </trkpt>
   <trkpt lat="56.1782700" lon="10.0865290">
    <ele>70.8</ele>
   </trkpt>
   <trkpt lat="56.1783010" lon="10.0864490">
    <ele>71.2</ele>
   </trkpt>
   <trkpt lat="56.1783390" lon="10.0863730">
    <ele>71.2</ele>
   </trkpt>
   <trkpt lat="56.1783810" lon="10.0862990">
    <ele>71.2</ele>
   </trkpt>
   <trkpt lat="56.1784260" lon="10.0862280">
    <ele>71.2</ele>
   </trkpt>
   <trkpt lat="56.1784700" lon="10.0861510">
    <ele>71.2</ele>
   </trkpt>
   <trkpt lat="56.1785130" lon="10.0860710">
    <ele>71.2</ele>
   </trkpt>
   <trkpt lat="56.1785560" lon="10.0859890">
    <ele>71.2</ele>
   </trkpt>
   <trkpt lat="56.1786000" lon="10.0859100">
    <ele>71.4</ele>
   </trkpt>
   <trkpt lat="56.1786450" lon="10.0858300">
    <ele>71.4</ele>
   </trkpt>
   <trkpt lat="56.1786880" lon="10.0857480">
    <ele>71.4</ele>
   </trkpt>
   <trkpt lat="56.1787310" lon="10.0856700">
    <ele>71.6</ele>
   </trkpt>
   <trkpt lat="56.1787730" lon="10.0855920">
    <ele>71.6</ele>
   </trkpt>
   <trkpt lat="56.1788150" lon="10.0855150">
    <ele>71.6</ele>
   </trkpt>
   <trkpt lat="56.1788580" lon="10.0854390">
    <ele>71.8</ele>
   </trkpt>
   <trkpt lat="56.1789010" lon="10.0853650">
    <ele>72.0</ele>
   </trkpt>
   <trkpt lat="56.1789440" lon="10.0852920">
    <ele>72.2</ele>
   </trkpt>
   <trkpt lat="56.1789850" lon="10.0852160">
    <ele>72.4</ele>
   </trkpt>
   <trkpt lat="56.1790260" lon="10.0851380">
    <ele>72.6</ele>
   </trkpt>
   <trkpt lat="56.1790670" lon="10.0850610">
    <ele>72.8</ele>
   </trkpt>
   <trkpt lat="56.1791080" lon="10.0849810">
    <ele>73.0</ele>
   </trkpt>
   <trkpt lat="56.1791510" lon="10.0849020">
    <ele>73.2</ele>
   </trkpt>
   <trkpt lat="56.1791930" lon="10.0848200">
    <ele>73.2</ele>
   </trkpt>
   <trkpt lat="56.1792340" lon="10.0847370">
    <ele>73.2</ele>
   </trkpt>
   <trkpt lat="56.1792720" lon="10.0846500">
    <ele>73.2</ele>
   </trkpt>
   <trkpt lat="56.1793100" lon="10.0845580">
    <ele>73.2</ele>
   </trkpt>
   <trkpt lat="56.1793480" lon="10.0844630">
    <ele>73.2</ele>
   </trkpt>
   <trkpt lat="56.1793860" lon="10.0843620">
    <ele>73.0</ele>
   </trkpt>
   <trkpt lat="56.1794230" lon="10.0842540">
    <ele>72.8</ele>
   </trkpt>
   <trkpt lat="56.1794610" lon="10.0841380">
    <ele>72.4</ele>
   </trkpt>
   <trkpt lat="56.1795010" lon="10.0840230">
    <ele>72.2</ele>
   </trkpt>
   <trkpt lat="56.1795420" lon="10.0839040">
    <ele>71.8</ele>
   </trkpt>
   <trkpt lat="56.1795830" lon="10.0837870">
    <ele>71.6</ele>
   </trkpt>
   <trkpt lat="56.1796250" lon="10.0836690">
    <ele>71.4</ele>
   </trkpt>
   <trkpt lat="56.1796650" lon="10.0835510">
    <ele>71.2</ele>
   </trkpt>
   <trkpt lat="56.1797080" lon="10.0834380">
    <ele>71.0</ele>
   </trkpt>
   <trkpt lat="56.1797530" lon="10.0833280">
    <ele>70.8</ele>
   </trkpt>
   <trkpt lat="56.1797970" lon="10.0832170">
    <ele>70.8</ele>
   </trkpt>
   <trkpt lat="56.1798400" lon="10.0831100">
    <ele>70.8</ele>
   </trkpt>
   <trkpt lat="56.1798880" lon="10.0830100">
    <ele>70.8</ele>
   </trkpt>
   <trkpt lat="56.1799380" lon="10.0829130">
    <ele>70.8</ele>
   </trkpt>
   <trkpt lat="56.1799900" lon="10.0828180">
    <ele>70.8</ele>
   </trkpt>
   <trkpt lat="56.1800440" lon="10.0827270">
    <ele>70.8</ele>
   </trkpt>
   <trkpt lat="56.1801000" lon="10.0826450">
    <ele>70.6</ele>
   </trkpt>
   <trkpt lat="56.1801580" lon="10.0825710">
    <ele>70.6</ele>
   </trkpt>
   <trkpt lat="56.1802160" lon="10.0825010">
    <ele>70.8</ele>
   </trkpt>
   <trkpt lat="56.1802760" lon="10.0824340">
    <ele>70.8</ele>
   </trkpt>
   <trkpt lat="56.1803340" lon="10.0823640">
    <ele>71.0</ele>
   </trkpt>
   <trkpt lat="56.1803930" lon="10.0822920">
    <ele>71.2</ele>
   </trkpt>
   <trkpt lat="56.1804510" lon="10.0822220">
    <ele>71.4</ele>
   </trkpt>
   <trkpt lat="56.1805110" lon="10.0821570">
    <ele>71.4</ele>
   </trkpt>
   <trkpt lat="56.1805730" lon="10.0820910">
    <ele>71.6</ele>
   </trkpt>
   <trkpt lat="56.1806340" lon="10.0820210">
    <ele>71.4</ele>
   </trkpt>
   <trkpt lat="56.1806940" lon="10.0819470">
    <ele>71.2</ele>
   </trkpt>
   <trkpt lat="56.1807540" lon="10.0818690">
    <ele>71.0</ele>
   </trkpt>
   <trkpt lat="56.1808130" lon="10.0817850">
    <ele>70.6</ele>
   </trkpt>
   <trkpt lat="56.1808700" lon="10.0816920">
    <ele>70.4</ele>
   </trkpt>
   <trkpt lat="56.1809210" lon="10.0815860">
    <ele>70.0</ele>
   </trkpt>
   <trkpt lat="56.1809660" lon="10.0814720">
    <ele>69.8</ele>
   </trkpt>
   <trkpt lat="56.1810010" lon="10.0813500">
    <ele>69.6</ele>
   </trkpt>
   <trkpt lat="56.1810290" lon="10.0812230">
    <ele>69.4</ele>
   </trkpt>
   <trkpt lat="56.1810510" lon="10.0810910">
    <ele>69.4</ele>
   </trkpt>
   <trkpt lat="56.1810710" lon="10.0809550">
    <ele>69.2</ele>
   </trkpt>
   <trkpt lat="56.1810910" lon="10.0808170">
    <ele>69.2</ele>
   </trkpt>
   <trkpt lat="56.1811090" lon="10.0806760">
    <ele>69.0</ele>
   </trkpt>
   <trkpt lat="56.1811280" lon="10.0805360">
    <ele>69.0</ele>
   </trkpt>
   <trkpt lat="56.1811470" lon="10.0803980">
    <ele>69.0</ele>
   </trkpt>
   <trkpt lat="56.1811660" lon="10.0802620">
    <ele>69.0</ele>
   </trkpt>
   <trkpt lat="56.1811860" lon="10.0801300">
    <ele>69.0</ele>
   </trkpt>
   <trkpt lat="56.1812060" lon="10.0800030">
    <ele>69.0</ele>
   </trkpt>
   <trkpt lat="56.1812250" lon="10.0798780">
    <ele>69.0</ele>
   </trkpt>
   <trkpt lat="56.1812410" lon="10.0797560">
    <ele>68.8</ele>
   </trkpt>
   <trkpt lat="56.1812540" lon="10.0796340">
    <ele>69.0</ele>
   </trkpt>
   <trkpt lat="56.1812690" lon="10.0795140">
    <ele>68.8</ele>
   </trkpt>
   <trkpt lat="56.1812880" lon="10.0793920">
    <ele>68.8</ele>
   </trkpt>
   <trkpt lat="56.1813070" lon="10.0792700">
    <ele>69.0</ele>
   </trkpt>
   <trkpt lat="56.1813260" lon="10.0791450">
    <ele>69.0</ele>
   </trkpt>
   <trkpt lat="56.1813450" lon="10.0790170">
    <ele>68.8</ele>
   </trkpt>
   <trkpt lat="56.1813630" lon="10.0788840">
    <ele>68.8</ele>
   </trkpt>
   <trkpt lat="56.1813820" lon="10.0787500">
    <ele>68.8</ele>
   </trkpt>
   <trkpt lat="56.1813990" lon="10.0786150">
    <ele>68.8</ele>
   </trkpt>
   <trkpt lat="56.1814180" lon="10.0784820">
    <ele>68.8</ele>
   </trkpt>
   <trkpt lat="56.1814370" lon="10.0783480">
    <ele>68.8</ele>
   </trkpt>
   <trkpt lat="56.1814540" lon="10.0782140">
    <ele>69.0</ele>
   </trkpt>
   <trkpt lat="56.1814710" lon="10.0780770">
    <ele>69.0</ele>
   </trkpt>
   <trkpt lat="56.1814890" lon="10.0779460">
    <ele>69.0</ele>
   </trkpt>
   <trkpt lat="56.1815090" lon="10.0778180">
    <ele>69.0</ele>
   </trkpt>
   <trkpt lat="56.1815270" lon="10.0776840">
    <ele>68.8</ele>
   </trkpt>
   <trkpt lat="56.1815400" lon="10.0775490">
    <ele>68.8</ele>
   </trkpt>
   <trkpt lat="56.1815520" lon="10.0774120">
    <ele>68.8</ele>
   </trkpt>
   <trkpt lat="56.1815630" lon="10.0772760">
    <ele>68.8</ele>
   </trkpt>
   <trkpt lat="56.1815730" lon="10.0771380">
    <ele>68.6</ele>
   </trkpt>
   <trkpt lat="56.1815820" lon="10.0770030">
    <ele>68.6</ele>
   </trkpt>
   <trkpt lat="56.1815880" lon="10.0768630">
    <ele>68.4</ele>
   </trkpt>
   <trkpt lat="56.1815960" lon="10.0767170">
    <ele>68.4</ele>
   </trkpt>
   <trkpt lat="56.1816050" lon="10.0765700">
    <ele>68.2</ele>
   </trkpt>
   <trkpt lat="56.1816100" lon="10.0764210">
    <ele>68.0</ele>
   </trkpt>
   <trkpt lat="56.1816150" lon="10.0762710">
    <ele>67.8</ele>
   </trkpt>
   <trkpt lat="56.1816210" lon="10.0761230">
    <ele>67.8</ele>
   </trkpt>
   <trkpt lat="56.1816260" lon="10.0759750">
    <ele>67.6</ele>
   </trkpt>
   <trkpt lat="56.1816300" lon="10.0758260">
    <ele>67.6</ele>
   </trkpt>
   <trkpt lat="56.1816310" lon="10.0756770">
    <ele>67.6</ele>
   </trkpt>
   <trkpt lat="56.1816370" lon="10.0755300">
    <ele>67.6</ele>
   </trkpt>
   <trkpt lat="56.1816420" lon="10.0753810">
    <ele>67.6</ele>
   </trkpt>
   <trkpt lat="56.1816460" lon="10.0752300">
    <ele>67.4</ele>
   </trkpt>
   <trkpt lat="56.1816490" lon="10.0750780">
    <ele>67.2</ele>
   </trkpt>
   <trkpt lat="56.1816540" lon="10.0749290">
    <ele>67.0</ele>
   </trkpt>
   <trkpt lat="56.1816580" lon="10.0747770">
    <ele>66.8</ele>
   </trkpt>
   <trkpt lat="56.1816610" lon="10.0746260">
    <ele>66.6</ele>
   </trkpt>
   <trkpt lat="56.1816620" lon="10.0744730">
    <ele>66.6</ele>
   </trkpt>
   <trkpt lat="56.1816710" lon="10.0743210">
    <ele>66.4</ele>
   </trkpt>
   <trkpt lat="56.1816800" lon="10.0741680">
    <ele>66.2</ele>
   </trkpt>
   <trkpt lat="56.1816900" lon="10.0740180">
    <ele>66.0</ele>
   </trkpt>
   <trkpt lat="56.1817030" lon="10.0738670">
    <ele>66.0</ele>
   </trkpt>
   <trkpt lat="56.1817170" lon="10.0737170">
    <ele>65.8</ele>
   </trkpt>
   <trkpt lat="56.1817320" lon="10.0735690">
    <ele>65.6</ele>
   </trkpt>
   <trkpt lat="56.1817460" lon="10.0734190">
    <ele>65.6</ele>
   </trkpt>
   <trkpt lat="56.1817570" lon="10.0732720">
    <ele>65.4</ele>
   </trkpt>
   <trkpt lat="56.1817700" lon="10.0731250">
    <ele>65.4</ele>
   </trkpt>
   <trkpt lat="56.1817830" lon="10.0729800">
    <ele>65.2</ele>
   </trkpt>
   <trkpt lat="56.1817960" lon="10.0728350">
    <ele>65.0</ele>
   </trkpt>
   <trkpt lat="56.1818090" lon="10.0726890">
    <ele>64.8</ele>
   </trkpt>
   <trkpt lat="56.1818240" lon="10.0725440">
    <ele>64.6</ele>
   </trkpt>
   <trkpt lat="56.1818400" lon="10.0723980">
    <ele>64.4</ele>
   </trkpt>
   <trkpt lat="56.1818560" lon="10.0722520">
    <ele>64.2</ele>
   </trkpt>
   <trkpt lat="56.1818720" lon="10.0721020">
    <ele>63.8</ele>
   </trkpt>
   <trkpt lat="56.1818890" lon="10.0719510">
    <ele>63.4</ele>
   </trkpt>
   <trkpt lat="56.1819070" lon="10.0717990">
    <ele>62.8</ele>
   </trkpt>
   <trkpt lat="56.1819220" lon="10.0716400">
    <ele>62.4</ele>
   </trkpt>
   <trkpt lat="56.1819380" lon="10.0714790">
    <ele>61.8</ele>
   </trkpt>
   <trkpt lat="56.1819540" lon="10.0713140">
    <ele>61.2</ele>
   </trkpt>
   <trkpt lat="56.1819690" lon="10.0711460">
    <ele>60.6</ele>
   </trkpt>
   <trkpt lat="56.1819850" lon="10.0709770">
    <ele>60.0</ele>
   </trkpt>
   <trkpt lat="56.1820010" lon="10.0708040">
    <ele>59.6</ele>
   </trkpt>
   <trkpt lat="56.1820170" lon="10.0706270">
    <ele>59.0</ele>
   </trkpt>
   <trkpt lat="56.1820340" lon="10.0704510">
    <ele>58.4</ele>
   </trkpt>
   <trkpt lat="56.1820520" lon="10.0702740">
    <ele>58.0</ele>
   </trkpt>
   <trkpt lat="56.1820670" lon="10.0700940">
    <ele>57.4</ele>
   </trkpt>
   <trkpt lat="56.1820830" lon="10.0699150">
    <ele>56.8</ele>
   </trkpt>
   <trkpt lat="56.1821010" lon="10.0697390">
    <ele>56.4</ele>
   </trkpt>
   <trkpt lat="56.1821190" lon="10.0695650">
    <ele>56.0</ele>
   </trkpt>
   <trkpt lat="56.1821360" lon="10.0693900">
    <ele>55.8</ele>
   </trkpt>
   <trkpt lat="56.1821540" lon="10.0692140">
    <ele>55.6</ele>
   </trkpt>
   <trkpt lat="56.1821700" lon="10.0690520">
    <ele>55.4</ele>
   </trkpt>
   <trkpt lat="56.1821880" lon="10.0688950">
    <ele>55.4</ele>
   </trkpt>
   <trkpt lat="56.1822040" lon="10.0687310">
    <ele>55.4</ele>
   </trkpt>
   <trkpt lat="56.1822200" lon="10.0685690">
    <ele>55.4</ele>
   </trkpt>
   <trkpt lat="56.1822330" lon="10.0684050">
    <ele>55.4</ele>
   </trkpt>
   <trkpt lat="56.1822470" lon="10.0682490">
    <ele>55.6</ele>
   </trkpt>
   <trkpt lat="56.1822610" lon="10.0680940">
    <ele>55.8</ele>
   </trkpt>
   <trkpt lat="56.1822770" lon="10.0679420">
    <ele>55.8</ele>
   </trkpt>
   <trkpt lat="56.1822920" lon="10.0677940">
    <ele>56.0</ele>
   </trkpt>
   <trkpt lat="56.1823060" lon="10.0676460">
    <ele>56.2</ele>
   </trkpt>
   <trkpt lat="56.1823200" lon="10.0675010">
    <ele>56.4</ele>
   </trkpt>
   <trkpt lat="56.1823340" lon="10.0673580">
    <ele>56.6</ele>
   </trkpt>
   <trkpt lat="56.1823490" lon="10.0672180">
    <ele>57.0</ele>
   </trkpt>
   <trkpt lat="56.1823640" lon="10.0670770">
    <ele>57.0</ele>
   </trkpt>
   <trkpt lat="56.1823780" lon="10.0669370">
    <ele>57.2</ele>
   </trkpt>
   <trkpt lat="56.1823930" lon="10.0667970">
    <ele>57.4</ele>
   </trkpt>
   <trkpt lat="56.1824070" lon="10.0666560">
    <ele>57.4</ele>
   </trkpt>
   <trkpt lat="56.1824210" lon="10.0665150">
    <ele>57.6</ele>
   </trkpt>
   <trkpt lat="56.1824360" lon="10.0663750">
    <ele>57.6</ele>
   </trkpt>
   <trkpt lat="56.1824500" lon="10.0662340">
    <ele>57.8</ele>
   </trkpt>
   <trkpt lat="56.1824640" lon="10.0660930">
    <ele>58.0</ele>
   </trkpt>
   <trkpt lat="56.1824780" lon="10.0659490">
    <ele>58.0</ele>
   </trkpt>
   <trkpt lat="56.1824920" lon="10.0658080">
    <ele>58.0</ele>
   </trkpt>
   <trkpt lat="56.1825060" lon="10.0656670">
    <ele>58.0</ele>
   </trkpt>
   <trkpt lat="56.1825200" lon="10.0655250">
    <ele>58.0</ele>
   </trkpt>
   <trkpt lat="56.1825330" lon="10.0653830">
    <ele>57.8</ele>
   </trkpt>
   <trkpt lat="56.1825480" lon="10.0652430">
    <ele>57.8</ele>
   </trkpt>
   <trkpt lat="56.1825620" lon="10.0651000">
    <ele>57.6</ele>
   </trkpt>
   <trkpt lat="56.1825770" lon="10.0649550">
    <ele>57.4</ele>
   </trkpt>
   <trkpt lat="56.1825920" lon="10.0648090">
    <ele>57.2</ele>
   </trkpt>
   <trkpt lat="56.1826080" lon="10.0646640">
    <ele>57.2</ele>
   </trkpt>
   <trkpt lat="56.1826220" lon="10.0645190">
    <ele>57.0</ele>
   </trkpt>
   <trkpt lat="56.1826360" lon="10.0643720">
    <ele>56.8</ele>
   </trkpt>
   <trkpt lat="56.1826500" lon="10.0642240">
    <ele>56.6</ele>
   </trkpt>
   <trkpt lat="56.1826650" lon="10.0640770">
    <ele>56.4</ele>
   </trkpt>
   <trkpt lat="56.1826800" lon="10.0639300">
    <ele>56.2</ele>
   </trkpt>
   <trkpt lat="56.1826930" lon="10.0637830">
    <ele>56.0</ele>
   </trkpt>
   <trkpt lat="56.1827040" lon="10.0636340">
    <ele>56.0</ele>
   </trkpt>
   <trkpt lat="56.1827170" lon="10.0634870">
    <ele>55.8</ele>
   </trkpt>
   <trkpt lat="56.1827320" lon="10.0633440">
    <ele>55.8</ele>
   </trkpt>
   <trkpt lat="56.1827460" lon="10.0632010">
    <ele>55.8</ele>
   </trkpt>
   <trkpt lat="56.1827580" lon="10.0630600">
    <ele>55.8</ele>
   </trkpt>
   <trkpt lat="56.1827710" lon="10.0629270">
    <ele>55.6</ele>
   </trkpt>
   <trkpt lat="56.1827910" lon="10.0628080">
    <ele>55.6</ele>
   </trkpt>
   <trkpt lat="56.1828110" lon="10.0626860">
    <ele>55.6</ele>
   </trkpt>
   <trkpt lat="56.1828250" lon="10.0625490">
    <ele>55.4</ele>
   </trkpt>
   <trkpt lat="56.1828390" lon="10.0624030">
    <ele>55.2</ele>
   </trkpt>
   <trkpt lat="56.1828510" lon="10.0622460">
    <ele>54.8</ele>
   </trkpt>
   <trkpt lat="56.1828620" lon="10.0620830">
    <ele>54.4</ele>
   </trkpt>
   <trkpt lat="56.1828780" lon="10.0619210">
    <ele>53.8</ele>
   </trkpt>
   <trkpt lat="56.1828960" lon="10.0617540">
    <ele>53.0</ele>
   </trkpt>
   <trkpt lat="56.1829090" lon="10.0615770">
    <ele>52.2</ele>
   </trkpt>
   <trkpt lat="56.1829200" lon="10.0613910">
    <ele>51.4</ele>
   </trkpt>
   <trkpt lat="56.1829310" lon="10.0612020">
    <ele>50.6</ele>
   </trkpt>
   <trkpt lat="56.1829380" lon="10.0610080">
    <ele>49.6</ele>
   </trkpt>
   <trkpt lat="56.1829420" lon="10.0608110">
    <ele>48.8</ele>
   </trkpt>
   <trkpt lat="56.1829460" lon="10.0606140">
    <ele>47.8</ele>
   </trkpt>
   <trkpt lat="56.1829450" lon="10.0604180">
    <ele>47.2</ele>
   </trkpt>
   <trkpt lat="56.1829400" lon="10.0602250">
    <ele>46.4</ele>
   </trkpt>
   <trkpt lat="56.1829230" lon="10.0600340">
    <ele>46.0</ele>
   </trkpt>
   <trkpt lat="56.1828980" lon="10.0598510">
    <ele>45.8</ele>
   </trkpt>
   <trkpt lat="56.1828680" lon="10.0596770">
    <ele>45.8</ele>
   </trkpt>
   <trkpt lat="56.1828300" lon="10.0595120">
    <ele>45.8</ele>
   </trkpt>
   <trkpt lat="56.1827850" lon="10.0593610">
    <ele>46.0</ele>
   </trkpt>
   <trkpt lat="56.1827340" lon="10.0592240">
    <ele>46.2</ele>
   </trkpt>
   <trkpt lat="56.1826730" lon="10.0591050">
    <ele>46.4</ele>
   </trkpt>
   <trkpt lat="56.1826060" lon="10.0590010">
    <ele>46.6</ele>
   </trkpt>
   <trkpt lat="56.1825330" lon="10.0589120">
    <ele>46.6</ele>
   </trkpt>
   <trkpt lat="56.1824550" lon="10.0588360">
    <ele>46.8</ele>
   </trkpt>
   <trkpt lat="56.1823750" lon="10.0587670">
    <ele>46.8</ele>
   </trkpt>
   <trkpt lat="56.1822940" lon="10.0587090">
    <ele>46.8</ele>
   </trkpt>
   <trkpt lat="56.1822120" lon="10.0586600">
    <ele>46.8</ele>
   </trkpt>
   <trkpt lat="56.1821300" lon="10.0586140">
    <ele>46.8</ele>
   </trkpt>
   <trkpt lat="56.1820490" lon="10.0585640">
    <ele>46.6</ele>
   </trkpt>
   <trkpt lat="56.1819690" lon="10.0585050">
    <ele>46.4</ele>
   </trkpt>
   <trkpt lat="56.1818940" lon="10.0584280">
    <ele>46.0</ele>
   </trkpt>
   <trkpt lat="56.1818300" lon="10.0583280">
    <ele>45.4</ele>
   </trkpt>
   <trkpt lat="56.1817790" lon="10.0582000">
    <ele>45.0</ele>
   </trkpt>
   <trkpt lat="56.1817510" lon="10.0580530">
    <ele>44.6</ele>
   </trkpt>
   <trkpt lat="56.1817540" lon="10.0579050">
    <ele>44.2</ele>
   </trkpt>
   <trkpt lat="56.1817700" lon="10.0577570">
    <ele>43.6</ele>
   </trkpt>
   <trkpt lat="56.1818190" lon="10.0576290">
    <ele>43.2</ele>
   </trkpt>
   <trkpt lat="56.1818850" lon="10.0575310">
    <ele>42.8</ele>
   </trkpt>
   <trkpt lat="56.1819530" lon="10.0574370">
    <ele>42.4</ele>
   </trkpt>
   <trkpt lat="56.1820200" lon="10.0573390">
    <ele>42.2</ele>
   </trkpt>
   <trkpt lat="56.1820790" lon="10.0572350">
    <ele>42.0</ele>
   </trkpt>
   <trkpt lat="56.1821400" lon="10.0571480">
    <ele>41.8</ele>
   </trkpt>
   <trkpt lat="56.1822010" lon="10.0570850">
    <ele>41.6</ele>
   </trkpt>
   <trkpt lat="56.1822580" lon="10.0570450">
    <ele>41.4</ele>
   </trkpt>
   <trkpt lat="56.1823060" lon="10.0570110">
    <ele>41.4</ele>
   </trkpt>
   <trkpt lat="56.1823380" lon="10.0569660">
    <ele>41.2</ele>
   </trkpt>
   <trkpt lat="56.1823460" lon="10.0569130">
    <ele>41.2</ele>
   </trkpt>
   <trkpt lat="56.1823340" lon="10.0568630">
    <ele>41.2</ele>
   </trkpt>
   <trkpt lat="56.1823180" lon="10.0568130">
    <ele>41.2</ele>
   </trkpt>
   <trkpt lat="56.1823020" lon="10.0567540">
    <ele>41.2</ele>
   </trkpt>
   <trkpt lat="56.1822870" lon="10.0566830">
    <ele>41.2</ele>
   </trkpt>
   <trkpt lat="56.1822720" lon="10.0566050">
    <ele>41.2</ele>
   </trkpt>
   <trkpt lat="56.1822550" lon="10.0565220">
    <ele>41.2</ele>
   </trkpt>
   <trkpt lat="56.1822360" lon="10.0564390">
    <ele>41.4</ele>
   </trkpt>
   <trkpt lat="56.1822160" lon="10.0563570">
    <ele>41.6</ele>
   </trkpt>
   <trkpt lat="56.1821980" lon="10.0562730">
    <ele>42.0</ele>
   </trkpt>
   <trkpt lat="56.1821820" lon="10.0561890">
    <ele>42.2</ele>
   </trkpt>
   <trkpt lat="56.1821670" lon="10.0561050">
    <ele>42.6</ele>
   </trkpt>
   <trkpt lat="56.1821490" lon="10.0560180">
    <ele>42.8</ele>
   </trkpt>
   <trkpt lat="56.1821290" lon="10.0559310">
    <ele>43.2</ele>
   </trkpt>
   <trkpt lat="56.1821060" lon="10.0558490">
    <ele>43.4</ele>
   </trkpt>
   <trkpt lat="56.1820830" lon="10.0557670">
    <ele>43.8</ele>
   </trkpt>
   <trkpt lat="56.1820580" lon="10.0556810">
    <ele>44.0</ele>
   </trkpt>
   <trkpt lat="56.1820300" lon="10.0555960">
    <ele>44.2</ele>
   </trkpt>
   <trkpt lat="56.1820010" lon="10.0555140">
    <ele>44.4</ele>
   </trkpt>
   <trkpt lat="56.1819710" lon="10.0554330">
    <ele>44.4</ele>
   </trkpt>
   <trkpt lat="56.1819380" lon="10.0553510">
    <ele>44.6</ele>
   </trkpt>
   <trkpt lat="56.1819070" lon="10.0552700">
    <ele>44.8</ele>
   </trkpt>
   <trkpt lat="56.1818740" lon="10.0551880">
    <ele>44.8</ele>
   </trkpt>
   <trkpt lat="56.1818420" lon="10.0551060">
    <ele>45.0</ele>
   </trkpt>
   <trkpt lat="56.1818090" lon="10.0550270">
    <ele>45.2</ele>
   </trkpt>
   <trkpt lat="56.1817750" lon="10.0549460">
    <ele>45.4</ele>
   </trkpt>
   <trkpt lat="56.1817440" lon="10.0548660">
    <ele>45.8</ele>
   </trkpt>
   <trkpt lat="56.1817130" lon="10.0547840">
    <ele>46.2</ele>
   </trkpt>
   <trkpt lat="56.1816820" lon="10.0547020">
    <ele>46.4</ele>
   </trkpt>
   <trkpt lat="56.1816500" lon="10.0546200">
    <ele>46.6</ele>
   </trkpt>
   <trkpt lat="56.1816160" lon="10.0545360">
    <ele>46.8</ele>
   </trkpt>
   <trkpt lat="56.1815780" lon="10.0544440">
    <ele>46.6</ele>
   </trkpt>
   <trkpt lat="56.1815370" lon="10.0543450">
    <ele>46.4</ele>
   </trkpt>
   <trkpt lat="56.1814940" lon="10.0542360">
    <ele>46.0</ele>
   </trkpt>
   <trkpt lat="56.1814480" lon="10.0541230">
    <ele>45.4</ele>
   </trkpt>
   <trkpt lat="56.1813990" lon="10.0540090">
    <ele>44.8</ele>
   </trkpt>
   <trkpt lat="56.1813510" lon="10.0538910">
    <ele>44.2</ele>
   </trkpt>
   <trkpt lat="56.1813030" lon="10.0537720">
    <ele>44.0</ele>
   </trkpt>
   <trkpt lat="56.1812580" lon="10.0536590">
    <ele>43.8</ele>
   </trkpt>
   <trkpt lat="56.1812120" lon="10.0535460">
    <ele>43.4</ele>
   </trkpt>
   <trkpt lat="56.1811670" lon="10.0534360">
    <ele>43.6</ele>
   </trkpt>
   <trkpt lat="56.1811200" lon="10.0533280">
    <ele>43.6</ele>
   </trkpt>
   <trkpt lat="56.1810730" lon="10.0532230">
    <ele>43.8</ele>
   </trkpt>
   <trkpt lat="56.1810250" lon="10.0531200">
    <ele>43.8</ele>
   </trkpt>
   <trkpt lat="56.1809760" lon="10.0530190">
    <ele>44.0</ele>
   </trkpt>
   <trkpt lat="56.1809270" lon="10.0529190">
    <ele>44.2</ele>
   </trkpt>
   <trkpt lat="56.1808780" lon="10.0528200">
    <ele>44.4</ele>
   </trkpt>
   <trkpt lat="56.1808290" lon="10.0527240">
    <ele>44.4</ele>
   </trkpt>
   <trkpt lat="56.1807810" lon="10.0526300">
    <ele>44.6</ele>
   </trkpt>
   <trkpt lat="56.1807330" lon="10.0525380">
    <ele>44.6</ele>
   </trkpt>
   <trkpt lat="56.1806870" lon="10.0524420">
    <ele>44.8</ele>
   </trkpt>
   <trkpt lat="56.1806420" lon="10.0523480">
    <ele>44.8</ele>
   </trkpt>
   <trkpt lat="56.1805970" lon="10.0522560">
    <ele>45.0</ele>
   </trkpt>
   <trkpt lat="56.1805520" lon="10.0521650">
    <ele>45.0</ele>
   </trkpt>
   <trkpt lat="56.1805060" lon="10.0520740">
    <ele>45.0</ele>
   </trkpt>
   <trkpt lat="56.1804570" lon="10.0519820">
    <ele>45.0</ele>
   </trkpt>
   <trkpt lat="56.1804050" lon="10.0518880">
    <ele>44.8</ele>
   </trkpt>
   <trkpt lat="56.1803480" lon="10.0517930">
    <ele>44.6</ele>
   </trkpt>
   <trkpt lat="56.1802880" lon="10.0516980">
    <ele>44.2</ele>
   </trkpt>
   <trkpt lat="56.1802240" lon="10.0516050">
    <ele>44.0</ele>
   </trkpt>
   <trkpt lat="56.1801570" lon="10.0515100">
    <ele>43.4</ele>
   </trkpt>
   <trkpt lat="56.1800870" lon="10.0514110">
    <ele>42.8</ele>
   </trkpt>
   <trkpt lat="56.1800130" lon="10.0513110">
    <ele>42.2</ele>
   </trkpt>
   <trkpt lat="56.1799380" lon="10.0512120">
    <ele>41.6</ele>
   </trkpt>
   <trkpt lat="56.1798620" lon="10.0511150">
    <ele>40.8</ele>
   </trkpt>
   <trkpt lat="56.1797850" lon="10.0510200">
    <ele>40.4</ele>
   </trkpt>
   <trkpt lat="56.1797100" lon="10.0509300">
    <ele>40.0</ele>
   </trkpt>
   <trkpt lat="56.1796420" lon="10.0508450">
    <ele>39.8</ele>
   </trkpt>
   <trkpt lat="56.1795770" lon="10.0507570">
    <ele>39.8</ele>
   </trkpt>
   <trkpt lat="56.1795120" lon="10.0506700">
    <ele>39.8</ele>
   </trkpt>
   <trkpt lat="56.1794480" lon="10.0505890">
    <ele>40.2</ele>
   </trkpt>
   <trkpt lat="56.1793840" lon="10.0505090">
    <ele>40.4</ele>
   </trkpt>
   <trkpt lat="56.1793190" lon="10.0504290">
    <ele>40.8</ele>
   </trkpt>
   <trkpt lat="56.1792540" lon="10.0503440">
    <ele>40.8</ele>
   </trkpt>
   <trkpt lat="56.1791870" lon="10.0502560">
    <ele>41.0</ele>
   </trkpt>
   <trkpt lat="56.1791190" lon="10.0501730">
    <ele>41.0</ele>
   </trkpt>
   <trkpt lat="56.1790520" lon="10.0500860">
    <ele>41.0</ele>
   </trkpt>
   <trkpt lat="56.1789860" lon="10.0500000">
    <ele>40.8</ele>
   </trkpt>
   <trkpt lat="56.1789190" lon="10.0499170">
    <ele>40.8</ele>
   </trkpt>
   <trkpt lat="56.1788510" lon="10.0498320">
    <ele>40.6</ele>
   </trkpt>
   <trkpt lat="56.1787830" lon="10.0497470">
    <ele>40.6</ele>
   </trkpt>
   <trkpt lat="56.1787140" lon="10.0496650">
    <ele>40.4</ele>
   </trkpt>
   <trkpt lat="56.1786440" lon="10.0495830">
    <ele>40.4</ele>
   </trkpt>
   <trkpt lat="56.1785740" lon="10.0495030">
    <ele>40.4</ele>
   </trkpt>
   <trkpt lat="56.1785050" lon="10.0494230">
    <ele>40.4</ele>
   </trkpt>
   <trkpt lat="56.1784360" lon="10.0493450">
    <ele>40.4</ele>
   </trkpt>
   <trkpt lat="56.1783690" lon="10.0492700">
    <ele>40.4</ele>
   </trkpt>
   <trkpt lat="56.1783020" lon="10.0491950">
    <ele>40.4</ele>
   </trkpt>
   <trkpt lat="56.1782360" lon="10.0491200">
    <ele>40.6</ele>
   </trkpt>
   <trkpt lat="56.1781690" lon="10.0490450">
    <ele>40.6</ele>
   </trkpt>
   <trkpt lat="56.1781020" lon="10.0489700">
    <ele>40.6</ele>
   </trkpt>
   <trkpt lat="56.1780460" lon="10.0489100">
    <ele>40.6</ele>
   </trkpt>
   <trkpt lat="56.1779640" lon="10.0488200">
    <ele>40.6</ele>
   </trkpt>
   <trkpt lat="56.1778970" lon="10.0487410">
    <ele>40.6</ele>
   </trkpt>
   <trkpt lat="56.1778320" lon="10.0486600">
    <ele>40.6</ele>
   </trkpt>
   <trkpt lat="56.1777710" lon="10.0485700">
    <ele>40.6</ele>
   </trkpt>
   <trkpt lat="56.1777150" lon="10.0484750">
    <ele>40.8</ele>
   </trkpt>
   <trkpt lat="56.1776620" lon="10.0483730">
    <ele>40.8</ele>
   </trkpt>
   <trkpt lat="56.1776090" lon="10.0482640">
    <ele>40.6</ele>
   </trkpt>
   <trkpt lat="56.1775560" lon="10.0481530">
    <ele>40.6</ele>
   </trkpt>
   <trkpt lat="56.1775050" lon="10.0480360">
    <ele>40.4</ele>
   </trkpt>
   <trkpt lat="56.1774540" lon="10.0479140">
    <ele>40.0</ele>
   </trkpt>
   <trkpt lat="56.1774030" lon="10.0477910">
    <ele>39.8</ele>
   </trkpt>
   <trkpt lat="56.1773520" lon="10.0476650">
    <ele>39.6</ele>
   </trkpt>
   <trkpt lat="56.1773010" lon="10.0475340">
    <ele>39.4</ele>
   </trkpt>
   <trkpt lat="56.1772480" lon="10.0474060">
    <ele>39.0</ele>
   </trkpt>
   <trkpt lat="56.1772010" lon="10.0472760">
    <ele>38.8</ele>
   </trkpt>
   <trkpt lat="56.1771550" lon="10.0471470">
    <ele>38.6</ele>
   </trkpt>
   <trkpt lat="56.1771070" lon="10.0470220">
    <ele>38.4</ele>
   </trkpt>
   <trkpt lat="56.1770580" lon="10.0469010">
    <ele>38.4</ele>
   </trkpt>
   <trkpt lat="56.1770110" lon="10.0467830">
    <ele>38.4</ele>
   </trkpt>
   <trkpt lat="56.1769660" lon="10.0466680">
    <ele>38.6</ele>
   </trkpt>
   <trkpt lat="56.1769230" lon="10.0465550">
    <ele>38.6</ele>
   </trkpt>
   <trkpt lat="56.1768830" lon="10.0464430">
    <ele>38.8</ele>
   </trkpt>
   <trkpt lat="56.1768390" lon="10.0463370">
    <ele>38.6</ele>
   </trkpt>
   <trkpt lat="56.1767890" lon="10.0462350">
    <ele>38.4</ele>
   </trkpt>
   <trkpt lat="56.1767340" lon="10.0461360">
    <ele>38.0</ele>
   </trkpt>
   <trkpt lat="56.1766720" lon="10.0460380">
    <ele>37.6</ele>
   </trkpt>
   <trkpt lat="56.1766030" lon="10.0459460">
    <ele>37.0</ele>
   </trkpt>
   <trkpt lat="56.1765300" lon="10.0458570">
    <ele>36.6</ele>
   </trkpt>
   <trkpt lat="56.1764520" lon="10.0457720">
    <ele>36.2</ele>
   </trkpt>
   <trkpt lat="56.1763740" lon="10.0456900">
    <ele>35.8</ele>
   </trkpt>
   <trkpt lat="56.1762950" lon="10.0456110">
    <ele>35.4</ele>
   </trkpt>
   <trkpt lat="56.1762170" lon="10.0455330">
    <ele>35.2</ele>
   </trkpt>
   <trkpt lat="56.1761410" lon="10.0454560">
    <ele>35.2</ele>
   </trkpt>
   <trkpt lat="56.1760660" lon="10.0453790">
    <ele>35.2</ele>
   </trkpt>
   <trkpt lat="56.1759930" lon="10.0453060">
    <ele>35.4</ele>
   </trkpt>
   <trkpt lat="56.1759210" lon="10.0452350">
    <ele>35.6</ele>
   </trkpt>
   <trkpt lat="56.1758500" lon="10.0451710">
    <ele>35.8</ele>
   </trkpt>
   <trkpt lat="56.1757770" lon="10.0451170">
    <ele>36.0</ele>
   </trkpt>
   <trkpt lat="56.1757020" lon="10.0450710">
    <ele>36.2</ele>
   </trkpt>
   <trkpt lat="56.1756270" lon="10.0450260">
    <ele>36.2</ele>
   </trkpt>
   <trkpt lat="56.1755510" lon="10.0449910">
    <ele>36.2</ele>
   </trkpt>
   <trkpt lat="56.1754730" lon="10.0449560">
    <ele>36.0</ele>
   </trkpt>
   <trkpt lat="56.1753960" lon="10.0449250">
    <ele>36.0</ele>
   </trkpt>
   <trkpt lat="56.1753180" lon="10.0448940">
    <ele>36.0</ele>
   </trkpt>
   <trkpt lat="56.1752440" lon="10.0448630">
    <ele>36.0</ele>
   </trkpt>
   <trkpt lat="56.1751760" lon="10.0448350">
    <ele>36.2</ele>
   </trkpt>
   <trkpt lat="56.1751160" lon="10.0448030">
    <ele>36.6</ele>
   </trkpt>
   <trkpt lat="56.1750700" lon="10.0447570">
    <ele>36.8</ele>
   </trkpt>
   <trkpt lat="56.1750440" lon="10.0446970">
    <ele>37.0</ele>
   </trkpt>
   <trkpt lat="56.1750450" lon="10.0446370">
    <ele>37.2</ele>
   </trkpt>
   <trkpt lat="56.1750690" lon="10.0445910">
    <ele>37.4</ele>
   </trkpt>
   <trkpt lat="56.1751100" lon="10.0445580">
    <ele>37.4</ele>
   </trkpt>
   <trkpt lat="56.1751580" lon="10.0445300">
    <ele>37.4</ele>
   </trkpt>
   <trkpt lat="56.1752110" lon="10.0445010">
    <ele>37.2</ele>
   </trkpt>
   <trkpt lat="56.1752660" lon="10.0444630">
    <ele>37.2</ele>
   </trkpt>
   <trkpt lat="56.1753240" lon="10.0444200">
    <ele>37.0</ele>
   </trkpt>
   <trkpt lat="56.1753850" lon="10.0443770">
    <ele>37.0</ele>
   </trkpt>
   <trkpt lat="56.1754460" lon="10.0443340">
    <ele>36.8</ele>
   </trkpt>
   <trkpt lat="56.1755090" lon="10.0442880">
    <ele>36.8</ele>
   </trkpt>
   <trkpt lat="56.1755750" lon="10.0442410">
    <ele>36.6</ele>
   </trkpt>
   <trkpt lat="56.1756450" lon="10.0441940">
    <ele>36.4</ele>
   </trkpt>
   <trkpt lat="56.1757190" lon="10.0441480">
    <ele>36.2</ele>
   </trkpt>
   <trkpt lat="56.1757960" lon="10.0441030">
    <ele>35.6</ele>
   </trkpt>
   <trkpt lat="56.1758790" lon="10.0440560">
    <ele>35.0</ele>
   </trkpt>
   <trkpt lat="56.1759670" lon="10.0440080">
    <ele>34.2</ele>
   </trkpt>
   <trkpt lat="56.1760600" lon="10.0439600">
    <ele>33.4</ele>
   </trkpt>
   <trkpt lat="56.1761550" lon="10.0439130">
    <ele>32.4</ele>
   </trkpt>
   <trkpt lat="56.1762490" lon="10.0438650">
    <ele>31.6</ele>
   </trkpt>
   <trkpt lat="56.1763430" lon="10.0438150">
    <ele>30.8</ele>
   </trkpt>
   <trkpt lat="56.1764360" lon="10.0437720">
    <ele>30.4</ele>
   </trkpt>
   <trkpt lat="56.1765250" lon="10.0437320">
    <ele>30.2</ele>
   </trkpt>
   <trkpt lat="56.1766130" lon="10.0436940">
    <ele>30.2</ele>
   </trkpt>
   <trkpt lat="56.1766980" lon="10.0436560">
    <ele>30.2</ele>
   </trkpt>
   <trkpt lat="56.1767800" lon="10.0436210">
    <ele>30.6</ele>
   </trkpt>
   <trkpt lat="56.1768590" lon="10.0435880">
    <ele>30.6</ele>
   </trkpt>
   <trkpt lat="56.1769350" lon="10.0435560">
    <ele>30.8</ele>
   </trkpt>
   <trkpt lat="56.1770110" lon="10.0435280">
    <ele>31.0</ele>
   </trkpt>
   <trkpt lat="56.1770890" lon="10.0435000">
    <ele>31.2</ele>
   </trkpt>
   <trkpt lat="56.1771670" lon="10.0434640">
    <ele>31.2</ele>
   </trkpt>
   <trkpt lat="56.1772460" lon="10.0434100">
    <ele>30.8</ele>
   </trkpt>
   <trkpt lat="56.1773220" lon="10.0433320">
    <ele>30.4</ele>
   </trkpt>
   <trkpt lat="56.1773920" lon="10.0432290">
    <ele>29.8</ele>
   </trkpt>
   <trkpt lat="56.1774530" lon="10.0431070">
    <ele>29.2</ele>
   </trkpt>
   <trkpt lat="56.1775050" lon="10.0429710">
    <ele>28.6</ele>
   </trkpt>
   <trkpt lat="56.1775500" lon="10.0428300">
    <ele>28.2</ele>
   </trkpt>
   <trkpt lat="56.1775940" lon="10.0426930">
    <ele>27.8</ele>
   </trkpt>
   <trkpt lat="56.1776460" lon="10.0425750">
    <ele>27.8</ele>
   </trkpt>
   <trkpt lat="56.1777100" lon="10.0424830">
    <ele>27.8</ele>
   </trkpt>
   <trkpt lat="56.1777800" lon="10.0424180">
    <ele>28.0</ele>
   </trkpt>
   <trkpt lat="56.1778540" lon="10.0423770">
    <ele>28.0</ele>
   </trkpt>
   <trkpt lat="56.1779290" lon="10.0423550">
    <ele>28.0</ele>
   </trkpt>
   <trkpt lat="56.1780080" lon="10.0423380">
    <ele>27.6</ele>
   </trkpt>
   <trkpt lat="56.1780940" lon="10.0423220">
    <ele>27.0</ele>
   </trkpt>
   <trkpt lat="56.1781870" lon="10.0423040">
    <ele>26.4</ele>
   </trkpt>
   <trkpt lat="56.1782820" lon="10.0422730">
    <ele>25.8</ele>
   </trkpt>
   <trkpt lat="56.1783740" lon="10.0422160">
    <ele>24.8</ele>
   </trkpt>
   <trkpt lat="56.1784560" lon="10.0421230">
    <ele>24.0</ele>
   </trkpt>
   <trkpt lat="56.1785250" lon="10.0420000">
    <ele>23.6</ele>
   </trkpt>
   <trkpt lat="56.1785790" lon="10.0418570">
    <ele>23.2</ele>
   </trkpt>
   <trkpt lat="56.1786140" lon="10.0416970">
    <ele>23.0</ele>
   </trkpt>
   <trkpt lat="56.1786420" lon="10.0415330">
    <ele>22.8</ele>
   </trkpt>
   <trkpt lat="56.1786680" lon="10.0413730">
    <ele>22.6</ele>
   </trkpt>
   <trkpt lat="56.1786980" lon="10.0412190">
    <ele>22.4</ele>
   </trkpt>
   <trkpt lat="56.1787330" lon="10.0410700">
    <ele>22.2</ele>
   </trkpt>
   <trkpt lat="56.1787760" lon="10.0409310">
    <ele>22.2</ele>
   </trkpt>
   <trkpt lat="56.1788230" lon="10.0407970">
    <ele>22.2</ele>
   </trkpt>
   <trkpt lat="56.1788740" lon="10.0406710">
    <ele>22.2</ele>
   </trkpt>
   <trkpt lat="56.1789330" lon="10.0405580">
    <ele>22.2</ele>
   </trkpt>
   <trkpt lat="56.1790010" lon="10.0404700">
    <ele>22.0</ele>
   </trkpt>
   <trkpt lat="56.1790760" lon="10.0404110">
    <ele>22.0</ele>
   </trkpt>
   <trkpt lat="56.1791560" lon="10.0403870">
    <ele>22.0</ele>
   </trkpt>
   <trkpt lat="56.1792400" lon="10.0403870">
    <ele>21.8</ele>
   </trkpt>
   <trkpt lat="56.1793230" lon="10.0404020">
    <ele>21.8</ele>
   </trkpt>
   <trkpt lat="56.1794060" lon="10.0404190">
    <ele>21.8</ele>
   </trkpt>
   <trkpt lat="56.1794860" lon="10.0404290">
    <ele>21.8</ele>
   </trkpt>
   <trkpt lat="56.1795670" lon="10.0404200">
    <ele>21.8</ele>
   </trkpt>
   <trkpt lat="56.1796440" lon="10.0403790">
    <ele>21.8</ele>
   </trkpt>
   <trkpt lat="56.1797110" lon="10.0403030">
    <ele>21.8</ele>
   </trkpt>
   <trkpt lat="56.1797620" lon="10.0401970">
    <ele>21.8</ele>
   </trkpt>
   <trkpt lat="56.1797920" lon="10.0400770">
    <ele>22.0</ele>
   </trkpt>
   <trkpt lat="56.1798090" lon="10.0399490">
    <ele>22.4</ele>
   </trkpt>
   <trkpt lat="56.1798170" lon="10.0398190">
    <ele>22.6</ele>
   </trkpt>
   <trkpt lat="56.1798230" lon="10.0396870">
    <ele>22.8</ele>
   </trkpt>
   <trkpt lat="56.1798280" lon="10.0395540">
    <ele>22.8</ele>
   </trkpt>
   <trkpt lat="56.1798370" lon="10.0394240">
    <ele>22.8</ele>
   </trkpt>
   <trkpt lat="56.1798520" lon="10.0392930">
    <ele>23.0</ele>
   </trkpt>
   <trkpt lat="56.1798690" lon="10.0391650">
    <ele>23.0</ele>
   </trkpt>
   <trkpt lat="56.1798870" lon="10.0390380">
    <ele>23.2</ele>
   </trkpt>
   <trkpt lat="56.1799030" lon="10.0389110">
    <ele>23.2</ele>
   </trkpt>
   <trkpt lat="56.1799170" lon="10.0387840">
    <ele>23.2</ele>
   </trkpt>
   <trkpt lat="56.1799320" lon="10.0386630">
    <ele>23.4</ele>
   </trkpt>
   <trkpt lat="56.1799470" lon="10.0385480">
    <ele>23.6</ele>
   </trkpt>
   <trkpt lat="56.1799610" lon="10.0384390">
    <ele>23.8</ele>
   </trkpt>
   <trkpt lat="56.1799770" lon="10.0383360">
    <ele>24.2</ele>
   </trkpt>
   <trkpt lat="56.1799920" lon="10.0382360">
    <ele>24.6</ele>
   </trkpt>
   <trkpt lat="56.1800060" lon="10.0381390">
    <ele>25.0</ele>
   </trkpt>
   <trkpt lat="56.1800190" lon="10.0380440">
    <ele>25.6</ele>
   </trkpt>
   <trkpt lat="56.1800300" lon="10.0379500">
    <ele>26.0</ele>
   </trkpt>
   <trkpt lat="56.1800390" lon="10.0378560">
    <ele>26.4</ele>
   </trkpt>
   <trkpt lat="56.1800450" lon="10.0377580">
    <ele>26.8</ele>
   </trkpt>
   <trkpt lat="56.1800490" lon="10.0376590">
    <ele>27.0</ele>
   </trkpt>
   <trkpt lat="56.1800500" lon="10.0375510">
    <ele>27.2</ele>
   </trkpt>
   <trkpt lat="56.1800480" lon="10.0374370">
    <ele>27.0</ele>
   </trkpt>
   <trkpt lat="56.1800420" lon="10.0373150">
    <ele>26.8</ele>
   </trkpt>
   <trkpt lat="56.1800310" lon="10.0371860">
    <ele>26.6</ele>
   </trkpt>
   <trkpt lat="56.1800200" lon="10.0370560">
    <ele>26.2</ele>
   </trkpt>
   <trkpt lat="56.1800110" lon="10.0369230">
    <ele>25.8</ele>
   </trkpt>
   <trkpt lat="56.1800030" lon="10.0367840">
    <ele>25.6</ele>
   </trkpt>
   <trkpt lat="56.1799990" lon="10.0366430">
    <ele>25.4</ele>
   </trkpt>
   <trkpt lat="56.1800030" lon="10.0365090">
    <ele>25.0</ele>
   </trkpt>
   <trkpt lat="56.1800130" lon="10.0363760">
    <ele>24.8</ele>
   </trkpt>
   <trkpt lat="56.1800220" lon="10.0362360">
    <ele>24.6</ele>
   </trkpt>
   <trkpt lat="56.1800350" lon="10.0360950">
    <ele>24.4</ele>
   </trkpt>
   <trkpt lat="56.1800490" lon="10.0359510">
    <ele>24.2</ele>
   </trkpt>
   <trkpt lat="56.1800630" lon="10.0358060">
    <ele>24.0</ele>
   </trkpt>
   <trkpt lat="56.1800770" lon="10.0356620">
    <ele>24.0</ele>
   </trkpt>
   <trkpt lat="56.1800900" lon="10.0355160">
    <ele>23.6</ele>
   </trkpt>
   <trkpt lat="56.1801050" lon="10.0353720">
    <ele>23.4</ele>
   </trkpt>
   <trkpt lat="56.1801230" lon="10.0352320">
    <ele>23.4</ele>
   </trkpt>
   <trkpt lat="56.1801410" lon="10.0350900">
    <ele>23.2</ele>
   </trkpt>
   <trkpt lat="56.1801570" lon="10.0349460">
    <ele>23.0</ele>
   </trkpt>
   <trkpt lat="56.1801700" lon="10.0347990">
    <ele>23.0</ele>
   </trkpt>
   <trkpt lat="56.1801840" lon="10.0346520">
    <ele>23.0</ele>
   </trkpt>
   <trkpt lat="56.1802000" lon="10.0345070">
    <ele>22.8</ele>
   </trkpt>
   <trkpt lat="56.1802180" lon="10.0343600">
    <ele>22.6</ele>
   </trkpt>
   <trkpt lat="56.1802390" lon="10.0342170">
    <ele>22.6</ele>
   </trkpt>
   <trkpt lat="56.1802600" lon="10.0340750">
    <ele>22.6</ele>
   </trkpt>
   <trkpt lat="56.1802820" lon="10.0339340">
    <ele>22.6</ele>
   </trkpt>
   <trkpt lat="56.1803080" lon="10.0337980">
    <ele>22.6</ele>
   </trkpt>
   <trkpt lat="56.1803340" lon="10.0336610">
    <ele>22.6</ele>
   </trkpt>
   <trkpt lat="56.1803600" lon="10.0335280">
    <ele>22.8</ele>
   </trkpt>
   <trkpt lat="56.1803900" lon="10.0333980">
    <ele>22.8</ele>
   </trkpt>
   <trkpt lat="56.1804220" lon="10.0332710">
    <ele>22.8</ele>
   </trkpt>
   <trkpt lat="56.1804550" lon="10.0331450">
    <ele>22.8</ele>
   </trkpt>
   <trkpt lat="56.1804900" lon="10.0330200">
    <ele>22.8</ele>
   </trkpt>
   <trkpt lat="56.1805300" lon="10.0328950">
    <ele>22.6</ele>
   </trkpt>
   <trkpt lat="56.1805710" lon="10.0327720">
    <ele>22.6</ele>
   </trkpt>
   <trkpt lat="56.1806130" lon="10.0326500">
    <ele>22.6</ele>
   </trkpt>
   <trkpt lat="56.1806570" lon="10.0325270">
    <ele>22.4</ele>
   </trkpt>
   <trkpt lat="56.1807050" lon="10.0324090">
    <ele>22.2</ele>
   </trkpt>
   <trkpt lat="56.1807520" lon="10.0322930">
    <ele>22.0</ele>
   </trkpt>
   <trkpt lat="56.1808010" lon="10.0321770">
    <ele>21.8</ele>
   </trkpt>
   <trkpt lat="56.1808490" lon="10.0320630">
    <ele>21.8</ele>
   </trkpt>
   <trkpt lat="56.1808950" lon="10.0319470">
    <ele>21.6</ele>
   </trkpt>
   <trkpt lat="56.1809410" lon="10.0318330">
    <ele>21.6</ele>
   </trkpt>
   <trkpt lat="56.1809880" lon="10.0317190">
    <ele>21.6</ele>
   </trkpt>
   <trkpt lat="56.1810330" lon="10.0315990">
    <ele>21.6</ele>
   </trkpt>
   <trkpt lat="56.1810740" lon="10.0314780">
    <ele>21.6</ele>
   </trkpt>
   <trkpt lat="56.1811140" lon="10.0313560">
    <ele>21.6</ele>
   </trkpt>
   <trkpt lat="56.1811530" lon="10.0312300">
    <ele>21.4</ele>
   </trkpt>
   <trkpt lat="56.1811880" lon="10.0310980">
    <ele>21.4</ele>
   </trkpt>
   <trkpt lat="56.1812200" lon="10.0309580">
    <ele>21.2</ele>
   </trkpt>
   <trkpt lat="56.1812520" lon="10.0308170">
    <ele>21.0</ele>
   </trkpt>
   <trkpt lat="56.1812830" lon="10.0306750">
    <ele>20.8</ele>
   </trkpt>
   <trkpt lat="56.1813120" lon="10.0305300">
    <ele>20.4</ele>
   </trkpt>
   <trkpt lat="56.1813390" lon="10.0303830">
    <ele>20.2</ele>
   </trkpt>
   <trkpt lat="56.1813630" lon="10.0302380">
    <ele>20.2</ele>
   </trkpt>
   <trkpt lat="56.1813860" lon="10.0300950">
    <ele>20.2</ele>
   </trkpt>
   <trkpt lat="56.1814060" lon="10.0299520">
    <ele>20.2</ele>
   </trkpt>
   <trkpt lat="56.1814260" lon="10.0298120">
    <ele>20.2</ele>
   </trkpt>
   <trkpt lat="56.1814430" lon="10.0296750">
    <ele>20.4</ele>
   </trkpt>
   <trkpt lat="56.1814590" lon="10.0295440">
    <ele>20.4</ele>
   </trkpt>
   <trkpt lat="56.1814740" lon="10.0294200">
    <ele>20.8</ele>
   </trkpt>
   <trkpt lat="56.1814890" lon="10.0292960">
    <ele>21.0</ele>
   </trkpt>
   <trkpt lat="56.1815030" lon="10.0291700">
    <ele>21.4</ele>
   </trkpt>
   <trkpt lat="56.1815150" lon="10.0290440">
    <ele>21.6</ele>
   </trkpt>
   <trkpt lat="56.1815250" lon="10.0289190">
    <ele>21.6</ele>
   </trkpt>
   <trkpt lat="56.1815330" lon="10.0287930">
    <ele>21.8</ele>
   </trkpt>
   <trkpt lat="56.1815380" lon="10.0286640">
    <ele>21.8</ele>
   </trkpt>
   <trkpt lat="56.1815450" lon="10.0285350">
    <ele>22.0</ele>
   </trkpt>
   <trkpt lat="56.1815530" lon="10.0284090">
    <ele>22.0</ele>
   </trkpt>
   <trkpt lat="56.1815570" lon="10.0282830">
    <ele>22.2</ele>
   </trkpt>
   <trkpt lat="56.1815600" lon="10.0281580">
    <ele>22.2</ele>
   </trkpt>
   <trkpt lat="56.1815630" lon="10.0280310">
    <ele>22.2</ele>
   </trkpt>
   <trkpt lat="56.1815660" lon="10.0279040">
    <ele>22.2</ele>
   </trkpt>
   <trkpt lat="56.1815680" lon="10.0277750">
    <ele>22.2</ele>
   </trkpt>
   <trkpt lat="56.1815690" lon="10.0276470">
    <ele>22.2</ele>
   </trkpt>
   <trkpt lat="56.1815670" lon="10.0275200">
    <ele>22.2</ele>
   </trkpt>
   <trkpt lat="56.1815660" lon="10.0273950">
    <ele>22.2</ele>
   </trkpt>
   <trkpt lat="56.1815680" lon="10.0272740">
    <ele>22.2</ele>
   </trkpt>
   <trkpt lat="56.1815760" lon="10.0271580">
    <ele>22.4</ele>
   </trkpt>
   <trkpt lat="56.1815850" lon="10.0270480">
    <ele>22.8</ele>
   </trkpt>
   <trkpt lat="56.1815930" lon="10.0269410">
    <ele>23.0</ele>
   </trkpt>
   <trkpt lat="56.1816000" lon="10.0268360">
    <ele>23.4</ele>
   </trkpt>
   <trkpt lat="56.1816070" lon="10.0267290">
    <ele>23.6</ele>
   </trkpt>
   <trkpt lat="56.1816140" lon="10.0266180">
    <ele>24.0</ele>
   </trkpt>
   <trkpt lat="56.1816210" lon="10.0265030">
    <ele>24.2</ele>
   </trkpt>
   <trkpt lat="56.1816300" lon="10.0263890">
    <ele>24.2</ele>
   </trkpt>
   <trkpt lat="56.1816370" lon="10.0262740">
    <ele>24.0</ele>
   </trkpt>
   <trkpt lat="56.1816460" lon="10.0261600">
    <ele>24.0</ele>
   </trkpt>
   <trkpt lat="56.1816580" lon="10.0260450">
    <ele>23.8</ele>
   </trkpt>
   <trkpt lat="56.1816710" lon="10.0259290">
    <ele>23.8</ele>
   </trkpt>
   <trkpt lat="56.1816870" lon="10.0258140">
    <ele>23.8</ele>
   </trkpt>
   <trkpt lat="56.1817060" lon="10.0257000">
    <ele>24.0</ele>
   </trkpt>
   <trkpt lat="56.1817280" lon="10.0255880">
    <ele>24.4</ele>
   </trkpt>
   <trkpt lat="56.1817520" lon="10.0254790">
    <ele>24.4</ele>
   </trkpt>
   <trkpt lat="56.1817750" lon="10.0253700">
    <ele>24.6</ele>
   </trkpt>
   <trkpt lat="56.1818000" lon="10.0252590">
    <ele>24.6</ele>
   </trkpt>
   <trkpt lat="56.1818240" lon="10.0251460">
    <ele>24.4</ele>
   </trkpt>
   <trkpt lat="56.1818450" lon="10.0250260">
    <ele>24.0</ele>
   </trkpt>
   <trkpt lat="56.1818600" lon="10.0248930">
    <ele>23.6</ele>
   </trkpt>
   <trkpt lat="56.1818660" lon="10.0247490">
    <ele>23.2</ele>
   </trkpt>
   <trkpt lat="56.1818610" lon="10.0245980">
    <ele>22.4</ele>
   </trkpt>
   <trkpt lat="56.1818450" lon="10.0244420">
    <ele>21.8</ele>
   </trkpt>
   <trkpt lat="56.1818230" lon="10.0242860">
    <ele>21.2</ele>
   </trkpt>
   <trkpt lat="56.1817970" lon="10.0241280">
    <ele>20.6</ele>
   </trkpt>
   <trkpt lat="56.1817740" lon="10.0239640">
    <ele>20.0</ele>
   </trkpt>
   <trkpt lat="56.1817610" lon="10.0237940">
    <ele>19.6</ele>
   </trkpt>
   <trkpt lat="56.1817700" lon="10.0236200">
    <ele>19.0</ele>
   </trkpt>
   <trkpt lat="56.1818060" lon="10.0234610">
    <ele>18.6</ele>
   </trkpt>
   <trkpt lat="56.1818580" lon="10.0233240">
    <ele>18.4</ele>
   </trkpt>
   <trkpt lat="56.1819160" lon="10.0232050">
    <ele>18.2</ele>
   </trkpt>
   <trkpt lat="56.1819690" lon="10.0230840">
    <ele>18.2</ele>
   </trkpt>
   <trkpt lat="56.1820120" lon="10.0229570">
    <ele>18.4</ele>
   </trkpt>
   <trkpt lat="56.1820460" lon="10.0228250">
    <ele>18.8</ele>
   </trkpt>
   <trkpt lat="56.1820710" lon="10.0226920">
    <ele>19.2</ele>
   </trkpt>
   <trkpt lat="56.1820930" lon="10.0225640">
    <ele>19.6</ele>
   </trkpt>
   <trkpt lat="56.1821130" lon="10.0224430">
    <ele>19.8</ele>
   </trkpt>
   <trkpt lat="56.1821330" lon="10.0223320">
    <ele>20.4</ele>
   </trkpt>
   <trkpt lat="56.1821480" lon="10.0222300">
    <ele>20.8</ele>
   </trkpt>
   <trkpt lat="56.1821600" lon="10.0221380">
    <ele>21.6</ele>
   </trkpt>
   <trkpt lat="56.1821700" lon="10.0220510">
    <ele>22.2</ele>
   </trkpt>
   <trkpt lat="56.1821810" lon="10.0219700">
    <ele>23.0</ele>
   </trkpt>
   <trkpt lat="56.1821920" lon="10.0218940">
    <ele>23.8</ele>
   </trkpt>
   <trkpt lat="56.1822060" lon="10.0218220">
    <ele>24.4</ele>
   </trkpt>
   <trkpt lat="56.1822190" lon="10.0217530">
    <ele>24.8</ele>
   </trkpt>
   <trkpt lat="56.1822330" lon="10.0216820">
    <ele>25.4</ele>
   </trkpt>
   <trkpt lat="56.1822490" lon="10.0216170">
    <ele>26.0</ele>
   </trkpt>
   <trkpt lat="56.1822660" lon="10.0215530">
    <ele>26.4</ele>
   </trkpt>
   <trkpt lat="56.1822810" lon="10.0214880">
    <ele>27.0</ele>
   </trkpt>
   <trkpt lat="56.1822930" lon="10.0214230">
    <ele>27.4</ele>
   </trkpt>
   <trkpt lat="56.1823080" lon="10.0213590">
    <ele>27.6</ele>
   </trkpt>
   <trkpt lat="56.1823250" lon="10.0212970">
    <ele>28.0</ele>
   </trkpt>
   <trkpt lat="56.1823410" lon="10.0212390">
    <ele>28.4</ele>
   </trkpt>
   <trkpt lat="56.1823570" lon="10.0211830">
    <ele>28.8</ele>
   </trkpt>
   <trkpt lat="56.1823730" lon="10.0211260">
    <ele>29.2</ele>
   </trkpt>
   <trkpt lat="56.1823890" lon="10.0210720">
    <ele>29.6</ele>
   </trkpt>
   <trkpt lat="56.1824070" lon="10.0210180">
    <ele>30.2</ele>
   </trkpt>
   <trkpt lat="56.1824250" lon="10.0209660">
    <ele>30.6</ele>
   </trkpt>
   <trkpt lat="56.1824430" lon="10.0209160">
    <ele>31.0</ele>
   </trkpt>
   <trkpt lat="56.1824610" lon="10.0208690">
    <ele>31.6</ele>
   </trkpt>
   <trkpt lat="56.1824810" lon="10.0208260">
    <ele>32.0</ele>
   </trkpt>
   <trkpt lat="56.1824990" lon="10.0207850">
    <ele>32.4</ele>
   </trkpt>
   <trkpt lat="56.1825140" lon="10.0207410">
    <ele>32.8</ele>
   </trkpt>
   <trkpt lat="56.1825300" lon="10.0206950">
    <ele>33.2</ele>
   </trkpt>
   <trkpt lat="56.1825480" lon="10.0206540">
    <ele>33.6</ele>
   </trkpt>
   <trkpt lat="56.1825680" lon="10.0206130">
    <ele>34.0</ele>
   </trkpt>
   <trkpt lat="56.1825860" lon="10.0205710">
    <ele>34.4</ele>
   </trkpt>
   <trkpt lat="56.1826050" lon="10.0205310">
    <ele>34.8</ele>
   </trkpt>
   <trkpt lat="56.1826250" lon="10.0204940">
    <ele>35.2</ele>
   </trkpt>
   <trkpt lat="56.1826430" lon="10.0204520">
    <ele>35.6</ele>
   </trkpt>
   <trkpt lat="56.1826570" lon="10.0204080">
    <ele>36.2</ele>
   </trkpt>
   <trkpt lat="56.1826730" lon="10.0203650">
    <ele>36.6</ele>
   </trkpt>
   <trkpt lat="56.1826930" lon="10.0203260">
    <ele>36.8</ele>
   </trkpt>
   <trkpt lat="56.1827120" lon="10.0202890">
    <ele>37.2</ele>
   </trkpt>
   <trkpt lat="56.1827280" lon="10.0202490">
    <ele>37.6</ele>
   </trkpt>
   <trkpt lat="56.1827440" lon="10.0202080">
    <ele>37.8</ele>
   </trkpt>
   <trkpt lat="56.1827620" lon="10.0201710">
    <ele>38.2</ele>
   </trkpt>
   <trkpt lat="56.1827790" lon="10.0201340">
    <ele>38.4</ele>
   </trkpt>
   <trkpt lat="56.1827960" lon="10.0200960">
    <ele>38.8</ele>
   </trkpt>
   <trkpt lat="56.1828110" lon="10.0200580">
    <ele>39.0</ele>
   </trkpt>
   <trkpt lat="56.1828240" lon="10.0200190">
    <ele>39.4</ele>
   </trkpt>
   <trkpt lat="56.1828360" lon="10.0199800">
    <ele>39.6</ele>
   </trkpt>
   <trkpt lat="56.1828490" lon="10.0199440">
    <ele>40.0</ele>
   </trkpt>
   <trkpt lat="56.1828640" lon="10.0199110">
    <ele>40.2</ele>
   </trkpt>
   <trkpt lat="56.1828830" lon="10.0198830">
    <ele>40.6</ele>
   </trkpt>
   <trkpt lat="56.1829040" lon="10.0198520">
    <ele>40.8</ele>
   </trkpt>
   <trkpt lat="56.1829240" lon="10.0198170">
    <ele>41.0</ele>
   </trkpt>
   <trkpt lat="56.1829430" lon="10.0197790">
    <ele>41.2</ele>
   </trkpt>
   <trkpt lat="56.1829640" lon="10.0197420">
    <ele>41.4</ele>
   </trkpt>
   <trkpt lat="56.1829840" lon="10.0197020">
    <ele>41.4</ele>
   </trkpt>
   <trkpt lat="56.1830030" lon="10.0196590">
    <ele>41.6</ele>
   </trkpt>
   <trkpt lat="56.1830230" lon="10.0196220">
    <ele>41.8</ele>
   </trkpt>
   <trkpt lat="56.1830460" lon="10.0195860">
    <ele>41.8</ele>
   </trkpt>
   <trkpt lat="56.1830710" lon="10.0195530">
    <ele>42.0</ele>
   </trkpt>
   <trkpt lat="56.1830970" lon="10.0195180">
    <ele>42.2</ele>
   </trkpt>
   <trkpt lat="56.1831230" lon="10.0194820">
    <ele>42.2</ele>
   </trkpt>
   <trkpt lat="56.1831500" lon="10.0194460">
    <ele>42.4</ele>
   </trkpt>
   <trkpt lat="56.1831780" lon="10.0194110">
    <ele>42.6</ele>
   </trkpt>
   <trkpt lat="56.1832070" lon="10.0193760">
    <ele>42.8</ele>
   </trkpt>
   <trkpt lat="56.1832340" lon="10.0193430">
    <ele>42.8</ele>
   </trkpt>
   <trkpt lat="56.1832620" lon="10.0193070">
    <ele>43.0</ele>
   </trkpt>
   <trkpt lat="56.1832890" lon="10.0192720">
    <ele>43.2</ele>
   </trkpt>
   <trkpt lat="56.1833180" lon="10.0192370">
    <ele>43.2</ele>
   </trkpt>
   <trkpt lat="56.1833460" lon="10.0192050">
    <ele>43.4</ele>
   </trkpt>
   <trkpt lat="56.1833740" lon="10.0191710">
    <ele>43.4</ele>
   </trkpt>
   <trkpt lat="56.1834020" lon="10.0191380">
    <ele>43.6</ele>
   </trkpt>
   <trkpt lat="56.1834290" lon="10.0191050">
    <ele>43.8</ele>
   </trkpt>
   <trkpt lat="56.1834560" lon="10.0190730">
    <ele>44.0</ele>
   </trkpt>
   <trkpt lat="56.1834830" lon="10.0190430">
    <ele>44.2</ele>
   </trkpt>
   <trkpt lat="56.1835110" lon="10.0190130">
    <ele>44.4</ele>
   </trkpt>
   <trkpt lat="56.1835390" lon="10.0189780">
    <ele>44.6</ele>
   </trkpt>
   <trkpt lat="56.1835650" lon="10.0189430">
    <ele>44.8</ele>
   </trkpt>
   <trkpt lat="56.1835920" lon="10.0189110">
    <ele>44.8</ele>
   </trkpt>
   <trkpt lat="56.1836180" lon="10.0188810">
    <ele>45.0</ele>
   </trkpt>
   <trkpt lat="56.1836460" lon="10.0188490">
    <ele>45.2</ele>
   </trkpt>
   <trkpt lat="56.1836730" lon="10.0188160">
    <ele>45.4</ele>
   </trkpt>
   <trkpt lat="56.1837020" lon="10.0187850">
    <ele>45.6</ele>
   </trkpt>
   <trkpt lat="56.1837300" lon="10.0187570">
    <ele>45.8</ele>
   </trkpt>
   <trkpt lat="56.1837590" lon="10.0187280">
    <ele>46.0</ele>
   </trkpt>
   <trkpt lat="56.1837880" lon="10.0187000">
    <ele>46.0</ele>
   </trkpt>
   <trkpt lat="56.1838150" lon="10.0186700">
    <ele>46.2</ele>
   </trkpt>
   <trkpt lat="56.1838430" lon="10.0186380">
    <ele>46.4</ele>
   </trkpt>
   <trkpt lat="56.1838700" lon="10.0186080">
    <ele>46.6</ele>
   </trkpt>
   <trkpt lat="56.1838980" lon="10.0185790">
    <ele>46.8</ele>
   </trkpt>
   <trkpt lat="56.1839260" lon="10.0185530">
    <ele>47.0</ele>
   </trkpt>
   <trkpt lat="56.1839540" lon="10.0185250">
    <ele>47.2</ele>
   </trkpt>
   <trkpt lat="56.1839800" lon="10.0184940">
    <ele>47.4</ele>
   </trkpt>
   <trkpt lat="56.1840060" lon="10.0184630">
    <ele>47.6</ele>
   </trkpt>
   <trkpt lat="56.1840320" lon="10.0184310">
    <ele>47.8</ele>
   </trkpt>
   <trkpt lat="56.1840590" lon="10.0183980">
    <ele>48.2</ele>
   </trkpt>
   <trkpt lat="56.1840870" lon="10.0183690">
    <ele>48.4</ele>
   </trkpt>
   <trkpt lat="56.1841160" lon="10.0183410">
    <ele>48.6</ele>
   </trkpt>
   <trkpt lat="56.1841420" lon="10.0183100">
    <ele>48.8</ele>
   </trkpt>
   <trkpt lat="56.1841680" lon="10.0182760">
    <ele>48.8</ele>
   </trkpt>
   <trkpt lat="56.1841940" lon="10.0182420">
    <ele>49.0</ele>
   </trkpt>
   <trkpt lat="56.1842200" lon="10.0182070">
    <ele>49.2</ele>
   </trkpt>
   <trkpt lat="56.1842480" lon="10.0181780">
    <ele>49.4</ele>
   </trkpt>
   <trkpt lat="56.1842780" lon="10.0181540">
    <ele>49.4</ele>
   </trkpt>
   <trkpt lat="56.1843050" lon="10.0181260">
    <ele>49.6</ele>
   </trkpt>
   <trkpt lat="56.1843320" lon="10.0180960">
    <ele>49.8</ele>
   </trkpt>
   <trkpt lat="56.1843590" lon="10.0180690">
    <ele>50.0</ele>
   </trkpt>
   <trkpt lat="56.1843870" lon="10.0180420">
    <ele>50.2</ele>
   </trkpt>
   <trkpt lat="56.1844160" lon="10.0180140">
    <ele>50.4</ele>
   </trkpt>
   <trkpt lat="56.1844440" lon="10.0179820">
    <ele>50.6</ele>
   </trkpt>
   <trkpt lat="56.1844730" lon="10.0179520">
    <ele>50.8</ele>
   </trkpt>
   <trkpt lat="56.1845030" lon="10.0179210">
    <ele>51.0</ele>
   </trkpt>
   <trkpt lat="56.1845320" lon="10.0178890">
    <ele>51.4</ele>
   </trkpt>
   <trkpt lat="56.1845610" lon="10.0178560">
    <ele>51.4</ele>
   </trkpt>
   <trkpt lat="56.1845910" lon="10.0178250">
    <ele>51.6</ele>
   </trkpt>
   <trkpt lat="56.1846230" lon="10.0177970">
    <ele>51.8</ele>
   </trkpt>
   <trkpt lat="56.1846550" lon="10.0177710">
    <ele>51.8</ele>
   </trkpt>
   <trkpt lat="56.1846870" lon="10.0177430">
    <ele>52.0</ele>
   </trkpt>
   <trkpt lat="56.1847190" lon="10.0177110">
    <ele>52.0</ele>
   </trkpt>
   <trkpt lat="56.1847510" lon="10.0176790">
    <ele>52.2</ele>
   </trkpt>
   <trkpt lat="56.1847830" lon="10.0176460">
    <ele>52.2</ele>
   </trkpt>
   <trkpt lat="56.1848150" lon="10.0176130">
    <ele>52.4</ele>
   </trkpt>
   <trkpt lat="56.1848480" lon="10.0175800">
    <ele>52.4</ele>
   </trkpt>
   <trkpt lat="56.1848830" lon="10.0175470">
    <ele>52.4</ele>
   </trkpt>
   <trkpt lat="56.1849170" lon="10.0175180">
    <ele>52.4</ele>
   </trkpt>
   <trkpt lat="56.1849520" lon="10.0174900">
    <ele>52.6</ele>
   </trkpt>
   <trkpt lat="56.1849880" lon="10.0174660">
    <ele>52.4</ele>
   </trkpt>
   <trkpt lat="56.1850240" lon="10.0174470">
    <ele>52.6</ele>
   </trkpt>
   <trkpt lat="56.1850620" lon="10.0174300">
    <ele>52.6</ele>
   </trkpt>
   <trkpt lat="56.1851000" lon="10.0174110">
    <ele>52.8</ele>
   </trkpt>
   <trkpt lat="56.1851370" lon="10.0173940">
    <ele>52.8</ele>
   </trkpt>
   <trkpt lat="56.1851760" lon="10.0173790">
    <ele>53.0</ele>
   </trkpt>
   <trkpt lat="56.1852150" lon="10.0173620">
    <ele>53.0</ele>
   </trkpt>
   <trkpt lat="56.1852560" lon="10.0173470">
    <ele>53.0</ele>
   </trkpt>
   <trkpt lat="56.1852980" lon="10.0173300">
    <ele>53.2</ele>
   </trkpt>
   <trkpt lat="56.1853410" lon="10.0173130">
    <ele>53.2</ele>
   </trkpt>
   <trkpt lat="56.1853830" lon="10.0172930">
    <ele>53.2</ele>
   </trkpt>
   <trkpt lat="56.1854240" lon="10.0172740">
    <ele>53.2</ele>
   </trkpt>
   <trkpt lat="56.1854670" lon="10.0172550">
    <ele>53.2</ele>
   </trkpt>
   <trkpt lat="56.1855100" lon="10.0172410">
    <ele>53.2</ele>
   </trkpt>
   <trkpt lat="56.1855510" lon="10.0172290">
    <ele>53.2</ele>
   </trkpt>
   <trkpt lat="56.1855890" lon="10.0172120">
    <ele>53.4</ele>
   </trkpt>
   <trkpt lat="56.1856250" lon="10.0171830">
    <ele>53.4</ele>
   </trkpt>
   <trkpt lat="56.1856580" lon="10.0171330">
    <ele>53.4</ele>
   </trkpt>
   <trkpt lat="56.1856820" lon="10.0170600">
    <ele>53.6</ele>
   </trkpt>
   <trkpt lat="56.1856900" lon="10.0169730">
    <ele>53.6</ele>
   </trkpt>
   <trkpt lat="56.1856860" lon="10.0168780">
    <ele>53.6</ele>
   </trkpt>
   <trkpt lat="56.1856780" lon="10.0167830">
    <ele>53.4</ele>
   </trkpt>
   <trkpt lat="56.1856660" lon="10.0166840">
    <ele>53.4</ele>
   </trkpt>
   <trkpt lat="56.1856520" lon="10.0165860">
    <ele>53.2</ele>
   </trkpt>
   <trkpt lat="56.1856350" lon="10.0164870">
    <ele>53.2</ele>
   </trkpt>
   <trkpt lat="56.1856170" lon="10.0163880">
    <ele>53.0</ele>
   </trkpt>
   <trkpt lat="56.1856010" lon="10.0162870">
    <ele>53.0</ele>
   </trkpt>
   <trkpt lat="56.1855870" lon="10.0161830">
    <ele>53.0</ele>
   </trkpt>
   <trkpt lat="56.1855740" lon="10.0160760">
    <ele>53.0</ele>
   </trkpt>
   <trkpt lat="56.1855620" lon="10.0159660">
    <ele>53.0</ele>
   </trkpt>
   <trkpt lat="56.1855480" lon="10.0158540">
    <ele>53.0</ele>
   </trkpt>
   <trkpt lat="56.1855350" lon="10.0157420">
    <ele>53.0</ele>
   </trkpt>
   <trkpt lat="56.1855240" lon="10.0156300">
    <ele>53.0</ele>
   </trkpt>
   <trkpt lat="56.1855120" lon="10.0155160">
    <ele>53.0</ele>
   </trkpt>
   <trkpt lat="56.1855020" lon="10.0154010">
    <ele>53.0</ele>
   </trkpt>
   <trkpt lat="56.1854900" lon="10.0152860">
    <ele>52.8</ele>
   </trkpt>
   <trkpt lat="56.1854790" lon="10.0151680">
    <ele>52.8</ele>
   </trkpt>
   <trkpt lat="56.1854690" lon="10.0150470">
    <ele>52.6</ele>
   </trkpt>
   <trkpt lat="56.1854590" lon="10.0149260">
    <ele>52.6</ele>
   </trkpt>
   <trkpt lat="56.1854490" lon="10.0148030">
    <ele>52.6</ele>
   </trkpt>
   <trkpt lat="56.1854410" lon="10.0146810">
    <ele>52.4</ele>
   </trkpt>
   <trkpt lat="56.1854320" lon="10.0145580">
    <ele>52.4</ele>
   </trkpt>
   <trkpt lat="56.1854220" lon="10.0144310">
    <ele>52.2</ele>
   </trkpt>
   <trkpt lat="56.1854130" lon="10.0143040">
    <ele>52.2</ele>
   </trkpt>
   <trkpt lat="56.1854040" lon="10.0141780">
    <ele>52.2</ele>
   </trkpt>
   <trkpt lat="56.1853940" lon="10.0140520">
    <ele>52.0</ele>
   </trkpt>
   <trkpt lat="56.1853860" lon="10.0139250">
    <ele>52.0</ele>
   </trkpt>
   <trkpt lat="56.1853780" lon="10.0137990">
    <ele>51.8</ele>
   </trkpt>
   <trkpt lat="56.1853720" lon="10.0136700">
    <ele>51.8</ele>
   </trkpt>
   <trkpt lat="56.1853660" lon="10.0135400">
    <ele>51.6</ele>
   </trkpt>
   <trkpt lat="56.1853600" lon="10.0134090">
    <ele>51.6</ele>
   </trkpt>
   <trkpt lat="56.1853530" lon="10.0132800">
    <ele>51.4</ele>
   </trkpt>
   <trkpt lat="56.1853470" lon="10.0131490">
    <ele>51.4</ele>
   </trkpt>
   <trkpt lat="56.1853430" lon="10.0130190">
    <ele>51.2</ele>
   </trkpt>
   <trkpt lat="56.1853380" lon="10.0128870">
    <ele>51.2</ele>
   </trkpt>
   <trkpt lat="56.1853330" lon="10.0127530">
    <ele>51.0</ele>
   </trkpt>
   <trkpt lat="56.1853310" lon="10.0126200">
    <ele>51.0</ele>
   </trkpt>
   <trkpt lat="56.1853280" lon="10.0124850">
    <ele>50.8</ele>
   </trkpt>
   <trkpt lat="56.1853240" lon="10.0123510">
    <ele>50.8</ele>
   </trkpt>
   <trkpt lat="56.1853200" lon="10.0122150">
    <ele>50.8</ele>
   </trkpt>
   <trkpt lat="56.1853170" lon="10.0120750">
    <ele>50.6</ele>
   </trkpt>
   <trkpt lat="56.1853140" lon="10.0119370">
    <ele>50.4</ele>
   </trkpt>
   <trkpt lat="56.1853130" lon="10.0117990">
    <ele>50.4</ele>
   </trkpt>
   <trkpt lat="56.1853120" lon="10.0116600">
    <ele>50.4</ele>
   </trkpt>
   <trkpt lat="56.1853100" lon="10.0115200">
    <ele>50.2</ele>
   </trkpt>
   <trkpt lat="56.1853100" lon="10.0113790">
    <ele>50.2</ele>
   </trkpt>
   <trkpt lat="56.1853090" lon="10.0112390">
    <ele>50.0</ele>
   </trkpt>
   <trkpt lat="56.1853080" lon="10.0110990">
    <ele>49.8</ele>
   </trkpt>
   <trkpt lat="56.1853100" lon="10.0109580">
    <ele>49.6</ele>
   </trkpt>
   <trkpt lat="56.1853100" lon="10.0108160">
    <ele>49.6</ele>
   </trkpt>
   <trkpt lat="56.1853090" lon="10.0106750">
    <ele>49.4</ele>
   </trkpt>
   <trkpt lat="56.1853090" lon="10.0105340">
    <ele>49.4</ele>
   </trkpt>
   <trkpt lat="56.1853130" lon="10.0103930">
    <ele>49.4</ele>
   </trkpt>
   <trkpt lat="56.1853160" lon="10.0102520">
    <ele>49.4</ele>
   </trkpt>
   <trkpt lat="56.1853150" lon="10.0101080">
    <ele>49.2</ele>
   </trkpt>
   <trkpt lat="56.1853170" lon="10.0099620">
    <ele>49.2</ele>
   </trkpt>
   <trkpt lat="56.1853190" lon="10.0098170">
    <ele>49.0</ele>
   </trkpt>
   <trkpt lat="56.1853240" lon="10.0096740">
    <ele>49.0</ele>
   </trkpt>
   <trkpt lat="56.1853330" lon="10.0095290">
    <ele>48.8</ele>
   </trkpt>
   <trkpt lat="56.1853410" lon="10.0093840">
    <ele>48.6</ele>
   </trkpt>
   <trkpt lat="56.1853480" lon="10.0092380">
    <ele>48.4</ele>
   </trkpt>
   <trkpt lat="56.1853540" lon="10.0090920">
    <ele>48.4</ele>
   </trkpt>
   <trkpt lat="56.1853620" lon="10.0089450">
    <ele>48.2</ele>
   </trkpt>
   <trkpt lat="56.1853690" lon="10.0087970">
    <ele>48.2</ele>
   </trkpt>
   <trkpt lat="56.1853780" lon="10.0086470">
    <ele>48.2</ele>
   </trkpt>
   <trkpt lat="56.1853880" lon="10.0084970">
    <ele>48.0</ele>
   </trkpt>
   <trkpt lat="56.1853980" lon="10.0083450">
    <ele>48.0</ele>
   </trkpt>
   <trkpt lat="56.1854090" lon="10.0081930">
    <ele>48.0</ele>
   </trkpt>
   <trkpt lat="56.1854220" lon="10.0080410">
    <ele>47.8</ele>
   </trkpt>
   <trkpt lat="56.1854370" lon="10.0078910">
    <ele>47.4</ele>
   </trkpt>
   <trkpt lat="56.1854500" lon="10.0077400">
    <ele>47.2</ele>
   </trkpt>
   <trkpt lat="56.1854640" lon="10.0075910">
    <ele>47.0</ele>
   </trkpt>
   <trkpt lat="56.1854790" lon="10.0074390">
    <ele>46.8</ele>
   </trkpt>
   <trkpt lat="56.1854940" lon="10.0072880">
    <ele>46.8</ele>
   </trkpt>
   <trkpt lat="56.1855080" lon="10.0071370">
    <ele>46.4</ele>
   </trkpt>
   <trkpt lat="56.1855210" lon="10.0069850">
    <ele>46.2</ele>
   </trkpt>
   <trkpt lat="56.1855330" lon="10.0068320">
    <ele>46.2</ele>
   </trkpt>
   <trkpt lat="56.1855460" lon="10.0066770">
    <ele>46.0</ele>
   </trkpt>
   <trkpt lat="56.1855610" lon="10.0065230">
    <ele>45.8</ele>
   </trkpt>
   <trkpt lat="56.1855790" lon="10.0063690">
    <ele>45.6</ele>
   </trkpt>
   <trkpt lat="56.1855960" lon="10.0062150">
    <ele>45.4</ele>
   </trkpt>
   <trkpt lat="56.1856080" lon="10.0060580">
    <ele>45.2</ele>
   </trkpt>
   <trkpt lat="56.1856190" lon="10.0059010">
    <ele>45.0</ele>
   </trkpt>
   <trkpt lat="56.1856310" lon="10.0057440">
    <ele>45.0</ele>
   </trkpt>
   <trkpt lat="56.1856480" lon="10.0055870">
    <ele>44.8</ele>
   </trkpt>
   <trkpt lat="56.1856660" lon="10.0054300">
    <ele>44.6</ele>
   </trkpt>
   <trkpt lat="56.1856840" lon="10.0052730">
    <ele>44.4</ele>
   </trkpt>
   <trkpt lat="56.1857010" lon="10.0051150">
    <ele>44.2</ele>
   </trkpt>
   <trkpt lat="56.1857170" lon="10.0049560">
    <ele>44.0</ele>
   </trkpt>
   <trkpt lat="56.1857340" lon="10.0047990">
    <ele>43.8</ele>
   </trkpt>
   <trkpt lat="56.1857520" lon="10.0046400">
    <ele>43.8</ele>
   </trkpt>
   <trkpt lat="56.1857720" lon="10.0044820">
    <ele>43.6</ele>
   </trkpt>
   <trkpt lat="56.1857900" lon="10.0043240">
    <ele>43.4</ele>
   </trkpt>
   <trkpt lat="56.1858080" lon="10.0041660">
    <ele>43.2</ele>
   </trkpt>
   <trkpt lat="56.1858250" lon="10.0040080">
    <ele>43.0</ele>
   </trkpt>
   <trkpt lat="56.1858440" lon="10.0038530">
    <ele>43.0</ele>
   </trkpt>
   <trkpt lat="56.1858610" lon="10.0036970">
    <ele>42.8</ele>
   </trkpt>
   <trkpt lat="56.1858780" lon="10.0035390">
    <ele>42.6</ele>
   </trkpt>
   <trkpt lat="56.1858960" lon="10.0033810">
    <ele>42.6</ele>
   </trkpt>
   <trkpt lat="56.1859160" lon="10.0032240">
    <ele>42.4</ele>
   </trkpt>
   <trkpt lat="56.1859330" lon="10.0030650">
    <ele>42.2</ele>
   </trkpt>
   <trkpt lat="56.1859510" lon="10.0029070">
    <ele>42.0</ele>
   </trkpt>
   <trkpt lat="56.1859680" lon="10.0027500">
    <ele>41.8</ele>
   </trkpt>
   <trkpt lat="56.1859850" lon="10.0025910">
    <ele>41.6</ele>
   </trkpt>
   <trkpt lat="56.1860040" lon="10.0024330">
    <ele>41.4</ele>
   </trkpt>
   <trkpt lat="56.1860230" lon="10.0022770">
    <ele>41.2</ele>
   </trkpt>
   <trkpt lat="56.1860420" lon="10.0021220">
    <ele>41.0</ele>
   </trkpt>
   <trkpt lat="56.1860600" lon="10.0019660">
    <ele>40.8</ele>
   </trkpt>
   <trkpt lat="56.1860770" lon="10.0018110">
    <ele>40.6</ele>
   </trkpt>
   <trkpt lat="56.1860930" lon="10.0016560">
    <ele>40.6</ele>
   </trkpt>
   <trkpt lat="56.1861100" lon="10.0015000">
    <ele>40.4</ele>
   </trkpt>
   <trkpt lat="56.1861290" lon="10.0013450">
    <ele>40.2</ele>
   </trkpt>
   <trkpt lat="56.1861460" lon="10.0011890">
    <ele>40.2</ele>
   </trkpt>
   <trkpt lat="56.1861610" lon="10.0010310">
    <ele>40.0</ele>
   </trkpt>
   <trkpt lat="56.1861780" lon="10.0008730">
    <ele>40.0</ele>
   </trkpt>
   <trkpt lat="56.1861960" lon="10.0007150">
    <ele>40.0</ele>
   </trkpt>
   <trkpt lat="56.1862160" lon="10.0005630">
    <ele>40.0</ele>
   </trkpt>
   <trkpt lat="56.1862340" lon="10.0004070">
    <ele>40.0</ele>
   </trkpt>
   <trkpt lat="56.1862510" lon="10.0002490">
    <ele>39.8</ele>
   </trkpt>
   <trkpt lat="56.1862690" lon="10.0000880">
    <ele>39.6</ele>
   </trkpt>
   <trkpt lat="56.1862830" lon="9.9999250">
    <ele>39.6</ele>
   </trkpt>
   <trkpt lat="56.1863010" lon="9.9997640">
    <ele>39.4</ele>
   </trkpt>
   <trkpt lat="56.1863200" lon="9.9996060">
    <ele>39.4</ele>
   </trkpt>
   <trkpt lat="56.1863380" lon="9.9994430">
    <ele>39.2</ele>
   </trkpt>
   <trkpt lat="56.1863550" lon="9.9992810">
    <ele>38.8</ele>
   </trkpt>
   <trkpt lat="56.1863720" lon="9.9991220">
    <ele>38.6</ele>
   </trkpt>
   <trkpt lat="56.1863900" lon="9.9989610">
    <ele>38.4</ele>
   </trkpt>
   <trkpt lat="56.1864090" lon="9.9988000">
    <ele>38.2</ele>
   </trkpt>
   <trkpt lat="56.1864250" lon="9.9986400">
    <ele>38.2</ele>
   </trkpt>
   <trkpt lat="56.1864420" lon="9.9984800">
    <ele>38.2</ele>
   </trkpt>
   <trkpt lat="56.1864610" lon="9.9983190">
    <ele>38.0</ele>
   </trkpt>
   <trkpt lat="56.1864790" lon="9.9981590">
    <ele>38.0</ele>
   </trkpt>
   <trkpt lat="56.1864940" lon="9.9979970">
    <ele>37.8</ele>
   </trkpt>
   <trkpt lat="56.1865100" lon="9.9978320">
    <ele>37.6</ele>
   </trkpt>
   <trkpt lat="56.1865270" lon="9.9976710">
    <ele>37.4</ele>
   </trkpt>
   <trkpt lat="56.1865440" lon="9.9975120">
    <ele>37.2</ele>
   </trkpt>
   <trkpt lat="56.1865600" lon="9.9973560">
    <ele>37.2</ele>
   </trkpt>
   <trkpt lat="56.1865760" lon="9.9971970">
    <ele>37.0</ele>
   </trkpt>
   <trkpt lat="56.1865880" lon="9.9970340">
    <ele>37.0</ele>
   </trkpt>
   <trkpt lat="56.1865990" lon="9.9968680">
    <ele>36.8</ele>
   </trkpt>
   <trkpt lat="56.1866100" lon="9.9967060">
    <ele>36.6</ele>
   </trkpt>
   <trkpt lat="56.1866220" lon="9.9965420">
    <ele>36.4</ele>
   </trkpt>
   <trkpt lat="56.1866300" lon="9.9963760">
    <ele>36.0</ele>
   </trkpt>
   <trkpt lat="56.1866400" lon="9.9962080">
    <ele>35.8</ele>
   </trkpt>
   <trkpt lat="56.1866540" lon="9.9960460">
    <ele>35.6</ele>
   </trkpt>
   <trkpt lat="56.1866660" lon="9.9958870">
    <ele>35.6</ele>
   </trkpt>
   <trkpt lat="56.1866770" lon="9.9957260">
    <ele>35.4</ele>
   </trkpt>
   <trkpt lat="56.1866880" lon="9.9955630">
    <ele>35.4</ele>
   </trkpt>
   <trkpt lat="56.1866970" lon="9.9954000">
    <ele>35.2</ele>
   </trkpt>
   <trkpt lat="56.1867030" lon="9.9952380">
    <ele>35.2</ele>
   </trkpt>
   <trkpt lat="56.1867100" lon="9.9950790">
    <ele>35.0</ele>
   </trkpt>
   <trkpt lat="56.1867180" lon="9.9949190">
    <ele>35.0</ele>
   </trkpt>
   <trkpt lat="56.1867270" lon="9.9947580">
    <ele>34.8</ele>
   </trkpt>
   <trkpt lat="56.1867330" lon="9.9945950">
    <ele>34.8</ele>
   </trkpt>
   <trkpt lat="56.1867400" lon="9.9944350">
    <ele>34.6</ele>
   </trkpt>
   <trkpt lat="56.1867440" lon="9.9942750">
    <ele>34.6</ele>
   </trkpt>
   <trkpt lat="56.1867500" lon="9.9941160">
    <ele>34.4</ele>
   </trkpt>
   <trkpt lat="56.1867550" lon="9.9939600">
    <ele>34.4</ele>
   </trkpt>
   <trkpt lat="56.1867600" lon="9.9938050">
    <ele>34.4</ele>
   </trkpt>
   <trkpt lat="56.1867660" lon="9.9936530">
    <ele>34.4</ele>
   </trkpt>
   <trkpt lat="56.1867690" lon="9.9935030">
    <ele>34.4</ele>
   </trkpt>
   <trkpt lat="56.1867720" lon="9.9933530">
    <ele>34.4</ele>
   </trkpt>
   <trkpt lat="56.1867740" lon="9.9932040">
    <ele>34.4</ele>
   </trkpt>
   <trkpt lat="56.1867770" lon="9.9930550">
    <ele>34.6</ele>
   </trkpt>
   <trkpt lat="56.1867790" lon="9.9929090">
    <ele>34.6</ele>
   </trkpt>
   <trkpt lat="56.1867780" lon="9.9927650">
    <ele>34.6</ele>
   </trkpt>
   <trkpt lat="56.1867770" lon="9.9926210">
    <ele>34.8</ele>
   </trkpt>
   <trkpt lat="56.1867780" lon="9.9924800">
    <ele>34.8</ele>
   </trkpt>
   <trkpt lat="56.1867780" lon="9.9923400">
    <ele>35.0</ele>
   </trkpt>
   <trkpt lat="56.1867760" lon="9.9922030">
    <ele>35.2</ele>
   </trkpt>
   <trkpt lat="56.1867730" lon="9.9920630">
    <ele>35.2</ele>
   </trkpt>
   <trkpt lat="56.1867710" lon="9.9919290">
    <ele>35.4</ele>
   </trkpt>
   <trkpt lat="56.1867690" lon="9.9917930">
    <ele>35.6</ele>
   </trkpt>
   <trkpt lat="56.1867670" lon="9.9916570">
    <ele>35.8</ele>
   </trkpt>
   <trkpt lat="56.1867650" lon="9.9915250">
    <ele>36.0</ele>
   </trkpt>
   <trkpt lat="56.1867610" lon="9.9913940">
    <ele>36.0</ele>
   </trkpt>
   <trkpt lat="56.1867540" lon="9.9912640">
    <ele>36.2</ele>
   </trkpt>
   <trkpt lat="56.1867500" lon="9.9911340">
    <ele>36.2</ele>
   </trkpt>
   <trkpt lat="56.1867520" lon="9.9910100">
    <ele>36.4</ele>
   </trkpt>
   <trkpt lat="56.1867530" lon="9.9908910">
    <ele>36.6</ele>
   </trkpt>
   <trkpt lat="56.1867490" lon="9.9907710">
    <ele>36.8</ele>
   </trkpt>
   <trkpt lat="56.1867450" lon="9.9906510">
    <ele>37.0</ele>
   </trkpt>
   <trkpt lat="56.1867430" lon="9.9905320">
    <ele>37.2</ele>
   </trkpt>
   <trkpt lat="56.1867390" lon="9.9904150">
    <ele>37.4</ele>
   </trkpt>
   <trkpt lat="56.1867370" lon="9.9903030">
    <ele>37.6</ele>
   </trkpt>
   <trkpt lat="56.1867340" lon="9.9901900">
    <ele>37.8</ele>
   </trkpt>
   <trkpt lat="56.1867290" lon="9.9900820">
    <ele>38.0</ele>
   </trkpt>
   <trkpt lat="56.1867260" lon="9.9899780">
    <ele>38.2</ele>
   </trkpt>
   <trkpt lat="56.1867230" lon="9.9898670">
    <ele>38.4</ele>
   </trkpt>
   <trkpt lat="56.1867220" lon="9.9897500">
    <ele>38.6</ele>
   </trkpt>
   <trkpt lat="56.1867210" lon="9.9896370">
    <ele>38.8</ele>
   </trkpt>
   <trkpt lat="56.1867180" lon="9.9895280">
    <ele>39.0</ele>
   </trkpt>
   <trkpt lat="56.1867120" lon="9.9894160">
    <ele>39.2</ele>
   </trkpt>
   <trkpt lat="56.1867090" lon="9.9893070">
    <ele>39.4</ele>
   </trkpt>
   <trkpt lat="56.1867040" lon="9.9892000">
    <ele>39.6</ele>
   </trkpt>
   <trkpt lat="56.1867000" lon="9.9890960">
    <ele>39.8</ele>
   </trkpt>
   <trkpt lat="56.1866940" lon="9.9889930">
    <ele>40.2</ele>
   </trkpt>
   <trkpt lat="56.1866880" lon="9.9888950">
    <ele>40.4</ele>
   </trkpt>
   <trkpt lat="56.1866800" lon="9.9887950">
    <ele>40.6</ele>
   </trkpt>
   <trkpt lat="56.1866730" lon="9.9886950">
    <ele>40.8</ele>
   </trkpt>
   <trkpt lat="56.1866670" lon="9.9885970">
    <ele>41.2</ele>
   </trkpt>
   <trkpt lat="56.1866610" lon="9.9885000">
    <ele>41.4</ele>
   </trkpt>
   <trkpt lat="56.1866550" lon="9.9884050">
    <ele>41.6</ele>
   </trkpt>
   <trkpt lat="56.1866540" lon="9.9883100">
    <ele>41.8</ele>
   </trkpt>
   <trkpt lat="56.1866540" lon="9.9882190">
    <ele>42.0</ele>
   </trkpt>
   <trkpt lat="56.1866490" lon="9.9881300">
    <ele>42.2</ele>
   </trkpt>
   <trkpt lat="56.1866410" lon="9.9880410">
    <ele>42.4</ele>
   </trkpt>
   <trkpt lat="56.1866380" lon="9.9879520">
    <ele>42.6</ele>
   </trkpt>
   <trkpt lat="56.1866360" lon="9.9878650">
    <ele>42.8</ele>
   </trkpt>
   <trkpt lat="56.1866260" lon="9.9877730">
    <ele>43.0</ele>
   </trkpt>
   <trkpt lat="56.1866200" lon="9.9876760">
    <ele>43.2</ele>
   </trkpt>
   <trkpt lat="56.1866130" lon="9.9875760">
    <ele>43.4</ele>
   </trkpt>
   <trkpt lat="56.1866060" lon="9.9874770">
    <ele>43.6</ele>
   </trkpt>
   <trkpt lat="56.1865960" lon="9.9873800">
    <ele>43.8</ele>
   </trkpt>
   <trkpt lat="56.1865870" lon="9.9872830">
    <ele>44.0</ele>
   </trkpt>
   <trkpt lat="56.1865740" lon="9.9871870">
    <ele>44.0</ele>
   </trkpt>
   <trkpt lat="56.1865650" lon="9.9870950">
    <ele>44.2</ele>
   </trkpt>
   <trkpt lat="56.1865580" lon="9.9870000">
    <ele>44.4</ele>
   </trkpt>
   <trkpt lat="56.1865520" lon="9.9869050">
    <ele>44.6</ele>
   </trkpt>
   <trkpt lat="56.1865430" lon="9.9868120">
    <ele>44.8</ele>
   </trkpt>
   <trkpt lat="56.1865320" lon="9.9867180">
    <ele>45.0</ele>
   </trkpt>
   <trkpt lat="56.1865220" lon="9.9866240">
    <ele>45.2</ele>
   </trkpt>
   <trkpt lat="56.1865130" lon="9.9865300">
    <ele>45.4</ele>
   </trkpt>
   <trkpt lat="56.1865030" lon="9.9864380">
    <ele>45.6</ele>
   </trkpt>
   <trkpt lat="56.1864950" lon="9.9863480">
    <ele>45.8</ele>
   </trkpt>
   <trkpt lat="56.1864850" lon="9.9862580">
    <ele>46.0</ele>
   </trkpt>
   <trkpt lat="56.1864750" lon="9.9861670">
    <ele>46.2</ele>
   </trkpt>
   <trkpt lat="56.1864640" lon="9.9860770">
    <ele>46.4</ele>
   </trkpt>
   <trkpt lat="56.1864530" lon="9.9859850">
    <ele>46.6</ele>
   </trkpt>
   <trkpt lat="56.1864440" lon="9.9858960">
    <ele>46.8</ele>
   </trkpt>
   <trkpt lat="56.1864330" lon="9.9858070">
    <ele>46.8</ele>
   </trkpt>
   <trkpt lat="56.1864240" lon="9.9857180">
    <ele>47.0</ele>
   </trkpt>
   <trkpt lat="56.1864150" lon="9.9856280">
    <ele>47.2</ele>
   </trkpt>
   <trkpt lat="56.1864070" lon="9.9855400">
    <ele>47.4</ele>
   </trkpt>
   <trkpt lat="56.1863960" lon="9.9854530">
    <ele>47.6</ele>
   </trkpt>
   <trkpt lat="56.1863860" lon="9.9853630">
    <ele>47.6</ele>
   </trkpt>
   <trkpt lat="56.1863740" lon="9.9852740">
    <ele>47.8</ele>
   </trkpt>
   <trkpt lat="56.1863630" lon="9.9851870">
    <ele>48.0</ele>
   </trkpt>
   <trkpt lat="56.1863530" lon="9.9851010">
    <ele>48.0</ele>
   </trkpt>
   <trkpt lat="56.1863420" lon="9.9850140">
    <ele>48.2</ele>
   </trkpt>
   <trkpt lat="56.1863320" lon="9.9849280">
    <ele>48.4</ele>
   </trkpt>
   <trkpt lat="56.1863200" lon="9.9848400">
    <ele>48.6</ele>
   </trkpt>
   <trkpt lat="56.1863100" lon="9.9847550">
    <ele>48.8</ele>
   </trkpt>
   <trkpt lat="56.1863000" lon="9.9846710">
    <ele>49.0</ele>
   </trkpt>
   <trkpt lat="56.1862890" lon="9.9845870">
    <ele>49.2</ele>
   </trkpt>
   <trkpt lat="56.1862800" lon="9.9845010">
    <ele>49.2</ele>
   </trkpt>
   <trkpt lat="56.1862680" lon="9.9844150">
    <ele>49.4</ele>
   </trkpt>
   <trkpt lat="56.1862570" lon="9.9843310">
    <ele>49.6</ele>
   </trkpt>
   <trkpt lat="56.1862450" lon="9.9842490">
    <ele>49.8</ele>
   </trkpt>
   <trkpt lat="56.1862330" lon="9.9841660">
    <ele>50.0</ele>
   </trkpt>
   <trkpt lat="56.1862210" lon="9.9840840">
    <ele>50.2</ele>
   </trkpt>
   <trkpt lat="56.1862080" lon="9.9840010">
    <ele>50.4</ele>
   </trkpt>
   <trkpt lat="56.1861950" lon="9.9839190">
    <ele>50.6</ele>
   </trkpt>
   <trkpt lat="56.1861810" lon="9.9838360">
    <ele>50.8</ele>
   </trkpt>
   <trkpt lat="56.1861680" lon="9.9837520">
    <ele>51.0</ele>
   </trkpt>
   <trkpt lat="56.1861550" lon="9.9836680">
    <ele>51.0</ele>
   </trkpt>
   <trkpt lat="56.1861430" lon="9.9835840">
    <ele>51.2</ele>
   </trkpt>
   <trkpt lat="56.1861300" lon="9.9835020">
    <ele>51.4</ele>
   </trkpt>
   <trkpt lat="56.1861170" lon="9.9834210">
    <ele>51.4</ele>
   </trkpt>
   <trkpt lat="56.1861030" lon="9.9833360">
    <ele>51.6</ele>
   </trkpt>
   <trkpt lat="56.1860900" lon="9.9832550">
    <ele>51.8</ele>
   </trkpt>
   <trkpt lat="56.1860770" lon="9.9831740">
    <ele>52.0</ele>
   </trkpt>
   <trkpt lat="56.1860630" lon="9.9830930">
    <ele>52.2</ele>
   </trkpt>
   <trkpt lat="56.1860500" lon="9.9830100">
    <ele>52.4</ele>
   </trkpt>
   <trkpt lat="56.1860350" lon="9.9829260">
    <ele>52.6</ele>
   </trkpt>
   <trkpt lat="56.1860200" lon="9.9828420">
    <ele>52.8</ele>
   </trkpt>
   <trkpt lat="56.1860060" lon="9.9827570">
    <ele>52.8</ele>
   </trkpt>
   <trkpt lat="56.1859910" lon="9.9826720">
    <ele>53.0</ele>
   </trkpt>
   <trkpt lat="56.1859760" lon="9.9825850">
    <ele>53.2</ele>
   </trkpt>
   <trkpt lat="56.1859610" lon="9.9824970">
    <ele>53.4</ele>
   </trkpt>
   <trkpt lat="56.1859460" lon="9.9824110">
    <ele>53.4</ele>
   </trkpt>
   <trkpt lat="56.1859320" lon="9.9823280">
    <ele>53.6</ele>
   </trkpt>
   <trkpt lat="56.1859170" lon="9.9822480">
    <ele>53.8</ele>
   </trkpt>
   <trkpt lat="56.1859020" lon="9.9821670">
    <ele>54.0</ele>
   </trkpt>
   <trkpt lat="56.1858860" lon="9.9820850">
    <ele>54.2</ele>
   </trkpt>
   <trkpt lat="56.1858700" lon="9.9820020">
    <ele>54.4</ele>
   </trkpt>
   <trkpt lat="56.1858550" lon="9.9819210">
    <ele>54.4</ele>
   </trkpt>
   <trkpt lat="56.1858410" lon="9.9818390">
    <ele>54.6</ele>
   </trkpt>
   <trkpt lat="56.1858270" lon="9.9817560">
    <ele>54.8</ele>
   </trkpt>
   <trkpt lat="56.1858130" lon="9.9816730">
    <ele>54.8</ele>
   </trkpt>
   <trkpt lat="56.1857980" lon="9.9815920">
    <ele>55.0</ele>
   </trkpt>
   <trkpt lat="56.1857810" lon="9.9815120">
    <ele>55.0</ele>
   </trkpt>
   <trkpt lat="56.1857660" lon="9.9814300">
    <ele>55.2</ele>
   </trkpt>
   <trkpt lat="56.1857500" lon="9.9813500">
    <ele>55.2</ele>
   </trkpt>
   <trkpt lat="56.1857340" lon="9.9812710">
    <ele>55.4</ele>
   </trkpt>
   <trkpt lat="56.1857190" lon="9.9811930">
    <ele>55.6</ele>
   </trkpt>
   <trkpt lat="56.1857040" lon="9.9811130">
    <ele>55.8</ele>
   </trkpt>
   <trkpt lat="56.1856890" lon="9.9810310">
    <ele>56.0</ele>
   </trkpt>
   <trkpt lat="56.1856750" lon="9.9809520">
    <ele>56.0</ele>
   </trkpt>
   <trkpt lat="56.1856590" lon="9.9808730">
    <ele>56.2</ele>
   </trkpt>
   <trkpt lat="56.1856440" lon="9.9807920">
    <ele>56.4</ele>
   </trkpt>
   <trkpt lat="56.1856290" lon="9.9807130">
    <ele>56.4</ele>
   </trkpt>
   <trkpt lat="56.1856130" lon="9.9806360">
    <ele>56.6</ele>
   </trkpt>
   <trkpt lat="56.1855960" lon="9.9805570">
    <ele>56.8</ele>
   </trkpt>
   <trkpt lat="56.1855800" lon="9.9804810">
    <ele>57.0</ele>
   </trkpt>
   <trkpt lat="56.1855630" lon="9.9804040">
    <ele>57.2</ele>
   </trkpt>
   <trkpt lat="56.1855480" lon="9.9803260">
    <ele>57.4</ele>
   </trkpt>
   <trkpt lat="56.1855330" lon="9.9802470">
    <ele>57.6</ele>
   </trkpt>
   <trkpt lat="56.1855180" lon="9.9801690">
    <ele>57.6</ele>
   </trkpt>
   <trkpt lat="56.1855030" lon="9.9800890">
    <ele>57.8</ele>
   </trkpt>
   <trkpt lat="56.1854880" lon="9.9800100">
    <ele>58.0</ele>
   </trkpt>
   <trkpt lat="56.1854720" lon="9.9799320">
    <ele>58.0</ele>
   </trkpt>
   <trkpt lat="56.1854570" lon="9.9798570">
    <ele>58.2</ele>
   </trkpt>
   <trkpt lat="56.1854420" lon="9.9797900">
    <ele>58.4</ele>
   </trkpt>
   <trkpt lat="56.1854260" lon="9.9797320">
    <ele>58.4</ele>
   </trkpt>
   <trkpt lat="56.1854040" lon="9.9796910">
    <ele>58.6</ele>
   </trkpt>
   <trkpt lat="56.1853780" lon="9.9796880">
    <ele>58.6</ele>
   </trkpt>
   <trkpt lat="56.1853580" lon="9.9797230">
    <ele>58.6</ele>
   </trkpt>
   <trkpt lat="56.1853370" lon="9.9797690">
    <ele>58.8</ele>
   </trkpt>
   <trkpt lat="56.1853100" lon="9.9798000">
    <ele>58.8</ele>
   </trkpt>
   <trkpt lat="56.1852820" lon="9.9797960">
    <ele>58.8</ele>
   </trkpt>
   <trkpt lat="56.1852590" lon="9.9797540">
    <ele>58.8</ele>
   </trkpt>
   <trkpt lat="56.1852600" lon="9.9796970">
    <ele>58.8</ele>
   </trkpt>
   <trkpt lat="56.1852670" lon="9.9796320">
    <ele>58.8</ele>
   </trkpt>
   <trkpt lat="56.1852700" lon="9.9795620">
    <ele>58.8</ele>
   </trkpt>
   <trkpt lat="56.1852600" lon="9.9794890">
    <ele>58.8</ele>
   </trkpt>
   <trkpt lat="56.1852470" lon="9.9794140">
    <ele>58.8</ele>
   </trkpt>
   <trkpt lat="56.1852320" lon="9.9793380">
    <ele>58.8</ele>
   </trkpt>
   <trkpt lat="56.1852170" lon="9.9792600">
    <ele>59.0</ele>
   </trkpt>
   <trkpt lat="56.1852040" lon="9.9791820">
    <ele>59.2</ele>
   </trkpt>
   <trkpt lat="56.1851890" lon="9.9791030">
    <ele>59.2</ele>
   </trkpt>
   <trkpt lat="56.1851730" lon="9.9790260">
    <ele>59.4</ele>
   </trkpt>
   <trkpt lat="56.1851570" lon="9.9789460">
    <ele>59.6</ele>
   </trkpt>
   <trkpt lat="56.1851410" lon="9.9788650">
    <ele>59.8</ele>
   </trkpt>
   <trkpt lat="56.1851270" lon="9.9787830">
    <ele>59.8</ele>
   </trkpt>
   <trkpt lat="56.1851140" lon="9.9787000">
    <ele>60.0</ele>
   </trkpt>
   <trkpt lat="56.1850990" lon="9.9786180">
    <ele>60.2</ele>
   </trkpt>
   <trkpt lat="56.1850830" lon="9.9785360">
    <ele>60.2</ele>
   </trkpt>
   <trkpt lat="56.1850670" lon="9.9784540">
    <ele>60.4</ele>
   </trkpt>
   <trkpt lat="56.1850520" lon="9.9783730">
    <ele>60.6</ele>
   </trkpt>
   <trkpt lat="56.1850350" lon="9.9782900">
    <ele>60.8</ele>
   </trkpt>
   <trkpt lat="56.1850190" lon="9.9782080">
    <ele>61.0</ele>
   </trkpt>
   <trkpt lat="56.1850020" lon="9.9781240">
    <ele>61.2</ele>
   </trkpt>
   <trkpt lat="56.1849860" lon="9.9780390">
    <ele>61.2</ele>
   </trkpt>
   <trkpt lat="56.1849690" lon="9.9779540">
    <ele>61.4</ele>
   </trkpt>
   <trkpt lat="56.1849520" lon="9.9778690">
    <ele>61.4</ele>
   </trkpt>
   <trkpt lat="56.1849350" lon="9.9777850">
    <ele>61.6</ele>
   </trkpt>
   <trkpt lat="56.1849180" lon="9.9777010">
    <ele>61.6</ele>
   </trkpt>
   <trkpt lat="56.1849020" lon="9.9776150">
    <ele>61.8</ele>
   </trkpt>
   <trkpt lat="56.1848850" lon="9.9775270">
    <ele>61.8</ele>
   </trkpt>
   <trkpt lat="56.1848690" lon="9.9774380">
    <ele>61.8</ele>
   </trkpt>
   <trkpt lat="56.1848500" lon="9.9773520">
    <ele>62.0</ele>
   </trkpt>
   <trkpt lat="56.1848320" lon="9.9772650">
    <ele>62.0</ele>
   </trkpt>
   <trkpt lat="56.1848160" lon="9.9771770">
    <ele>62.0</ele>
   </trkpt>
   <trkpt lat="56.1847990" lon="9.9770890">
    <ele>62.2</ele>
   </trkpt>
   <trkpt lat="56.1847810" lon="9.9770010">
    <ele>62.2</ele>
   </trkpt>
   <trkpt lat="56.1847610" lon="9.9769130">
    <ele>62.2</ele>
   </trkpt>
   <trkpt lat="56.1847430" lon="9.9768250">
    <ele>62.2</ele>
   </trkpt>
   <trkpt lat="56.1847270" lon="9.9767350">
    <ele>62.2</ele>
   </trkpt>
   <trkpt lat="56.1847090" lon="9.9766430">
    <ele>62.2</ele>
   </trkpt>
   <trkpt lat="56.1846910" lon="9.9765500">
    <ele>62.2</ele>
   </trkpt>
   <trkpt lat="56.1846760" lon="9.9764530">
    <ele>62.2</ele>
   </trkpt>
   <trkpt lat="56.1846660" lon="9.9763530">
    <ele>62.2</ele>
   </trkpt>
   <trkpt lat="56.1846570" lon="9.9762510">
    <ele>62.2</ele>
   </trkpt>
   <trkpt lat="56.1846470" lon="9.9761470">
    <ele>62.0</ele>
   </trkpt>
   <trkpt lat="56.1846340" lon="9.9760430">
    <ele>62.0</ele>
   </trkpt>
   <trkpt lat="56.1846170" lon="9.9759390">
    <ele>62.0</ele>
   </trkpt>
   <trkpt lat="56.1845980" lon="9.9758370">
    <ele>62.0</ele>
   </trkpt>
   <trkpt lat="56.1845790" lon="9.9757330">
    <ele>61.8</ele>
   </trkpt>
   <trkpt lat="56.1845600" lon="9.9756290">
    <ele>61.8</ele>
   </trkpt>
   <trkpt lat="56.1845400" lon="9.9755240">
    <ele>61.6</ele>
   </trkpt>
   <trkpt lat="56.1845180" lon="9.9754190">
    <ele>61.6</ele>
   </trkpt>
   <trkpt lat="56.1844950" lon="9.9753100">
    <ele>61.4</ele>
   </trkpt>
   <trkpt lat="56.1844740" lon="9.9751990">
    <ele>61.4</ele>
   </trkpt>
   <trkpt lat="56.1844540" lon="9.9750840">
    <ele>61.4</ele>
   </trkpt>
   <trkpt lat="56.1844300" lon="9.9749720">
    <ele>61.4</ele>
   </trkpt>
   <trkpt lat="56.1844060" lon="9.9748580">
    <ele>61.4</ele>
   </trkpt>
   <trkpt lat="56.1843830" lon="9.9747440">
    <ele>61.4</ele>
   </trkpt>
   <trkpt lat="56.1843610" lon="9.9746300">
    <ele>61.4</ele>
   </trkpt>
   <trkpt lat="56.1843390" lon="9.9745120">
    <ele>61.4</ele>
   </trkpt>
   <trkpt lat="56.1843180" lon="9.9743940">
    <ele>61.4</ele>
   </trkpt>
   <trkpt lat="56.1842960" lon="9.9742770">
    <ele>61.4</ele>
   </trkpt>
   <trkpt lat="56.1842730" lon="9.9741580">
    <ele>61.4</ele>
   </trkpt>
   <trkpt lat="56.1842520" lon="9.9740420">
    <ele>61.4</ele>
   </trkpt>
   <trkpt lat="56.1842310" lon="9.9739260">
    <ele>61.4</ele>
   </trkpt>
   <trkpt lat="56.1842100" lon="9.9738090">
    <ele>61.2</ele>
   </trkpt>
   <trkpt lat="56.1841860" lon="9.9736930">
    <ele>61.2</ele>
   </trkpt>
   <trkpt lat="56.1841580" lon="9.9735820">
    <ele>61.2</ele>
   </trkpt>
   <trkpt lat="56.1841250" lon="9.9734740">
    <ele>61.4</ele>
   </trkpt>
   <trkpt lat="56.1840940" lon="9.9733630">
    <ele>61.4</ele>
   </trkpt>
   <trkpt lat="56.1840690" lon="9.9732490">
    <ele>61.4</ele>
   </trkpt>
   <trkpt lat="56.1840540" lon="9.9731320">
    <ele>61.4</ele>
   </trkpt>
   <trkpt lat="56.1840480" lon="9.9730120">
    <ele>61.4</ele>
   </trkpt>
   <trkpt lat="56.1840470" lon="9.9728890">
    <ele>61.4</ele>
   </trkpt>
   <trkpt lat="56.1840440" lon="9.9727660">
    <ele>61.2</ele>
   </trkpt>
   <trkpt lat="56.1840340" lon="9.9726420">
    <ele>61.0</ele>
   </trkpt>
   <trkpt lat="56.1840220" lon="9.9725190">
    <ele>60.8</ele>
   </trkpt>
   <trkpt lat="56.1840090" lon="9.9723950">
    <ele>60.6</ele>
   </trkpt>
   <trkpt lat="56.1839950" lon="9.9722710">
    <ele>60.6</ele>
   </trkpt>
   <trkpt lat="56.1839820" lon="9.9721460">
    <ele>60.4</ele>
   </trkpt>
   <trkpt lat="56.1839690" lon="9.9720220">
    <ele>60.2</ele>
   </trkpt>
   <trkpt lat="56.1839560" lon="9.9718990">
    <ele>60.2</ele>
   </trkpt>
   <trkpt lat="56.1839430" lon="9.9717750">
    <ele>60.2</ele>
   </trkpt>
   <trkpt lat="56.1839300" lon="9.9716520">
    <ele>60.2</ele>
   </trkpt>
   <trkpt lat="56.1839180" lon="9.9715300">
    <ele>60.2</ele>
   </trkpt>
   <trkpt lat="56.1839070" lon="9.9714070">
    <ele>60.2</ele>
   </trkpt>
   <trkpt lat="56.1838990" lon="9.9712850">
    <ele>60.2</ele>
   </trkpt>
   <trkpt lat="56.1838890" lon="9.9711630">
    <ele>60.2</ele>
   </trkpt>
   <trkpt lat="56.1838790" lon="9.9710380">
    <ele>60.2</ele>
   </trkpt>
   <trkpt lat="56.1838690" lon="9.9709130">
    <ele>60.0</ele>
   </trkpt>
   <trkpt lat="56.1838610" lon="9.9707900">
    <ele>60.0</ele>
   </trkpt>
   <trkpt lat="56.1838530" lon="9.9706690">
    <ele>60.0</ele>
   </trkpt>
   <trkpt lat="56.1838470" lon="9.9705450">
    <ele>60.0</ele>
   </trkpt>
   <trkpt lat="56.1838410" lon="9.9704170">
    <ele>60.0</ele>
   </trkpt>
   <trkpt lat="56.1838340" lon="9.9702890">
    <ele>59.8</ele>
   </trkpt>
   <trkpt lat="56.1838260" lon="9.9701610">
    <ele>59.8</ele>
   </trkpt>
   <trkpt lat="56.1838200" lon="9.9700340">
    <ele>59.6</ele>
   </trkpt>
   <trkpt lat="56.1838150" lon="9.9699080">
    <ele>59.6</ele>
   </trkpt>
   <trkpt lat="56.1838110" lon="9.9697820">
    <ele>59.6</ele>
   </trkpt>
   <trkpt lat="56.1838090" lon="9.9696550">
    <ele>59.6</ele>
   </trkpt>
   <trkpt lat="56.1838060" lon="9.9695280">
    <ele>59.6</ele>
   </trkpt>
   <trkpt lat="56.1838050" lon="9.9694000">
    <ele>59.6</ele>
   </trkpt>
   <trkpt lat="56.1838020" lon="9.9692730">
    <ele>59.6</ele>
   </trkpt>
   <trkpt lat="56.1838000" lon="9.9691470">
    <ele>59.8</ele>
   </trkpt>
   <trkpt lat="56.1838010" lon="9.9690220">
    <ele>59.8</ele>
   </trkpt>
   <trkpt lat="56.1838010" lon="9.9688970">
    <ele>60.0</ele>
   </trkpt>
   <trkpt lat="56.1838020" lon="9.9687720">
    <ele>60.0</ele>
   </trkpt>
   <trkpt lat="56.1838050" lon="9.9686490">
    <ele>60.0</ele>
   </trkpt>
   <trkpt lat="56.1838050" lon="9.9685260">
    <ele>60.0</ele>
   </trkpt>
   <trkpt lat="56.1838060" lon="9.9684040">
    <ele>60.2</ele>
   </trkpt>
   <trkpt lat="56.1838080" lon="9.9682870">
    <ele>60.2</ele>
   </trkpt>
   <trkpt lat="56.1838110" lon="9.9681690">
    <ele>60.2</ele>
   </trkpt>
   <trkpt lat="56.1838160" lon="9.9680510">
    <ele>60.2</ele>
   </trkpt>
   <trkpt lat="56.1838200" lon="9.9679330">
    <ele>60.2</ele>
   </trkpt>
   <trkpt lat="56.1838230" lon="9.9678130">
    <ele>60.2</ele>
   </trkpt>
   <trkpt lat="56.1838260" lon="9.9676940">
    <ele>60.4</ele>
   </trkpt>
   <trkpt lat="56.1838310" lon="9.9675750">
    <ele>60.4</ele>
   </trkpt>
   <trkpt lat="56.1838370" lon="9.9674580">
    <ele>60.4</ele>
   </trkpt>
   <trkpt lat="56.1838430" lon="9.9673400">
    <ele>60.6</ele>
   </trkpt>
   <trkpt lat="56.1838510" lon="9.9672210">
    <ele>60.6</ele>
   </trkpt>
   <trkpt lat="56.1838580" lon="9.9671030">
    <ele>60.6</ele>
   </trkpt>
   <trkpt lat="56.1838630" lon="9.9669860">
    <ele>60.8</ele>
   </trkpt>
   <trkpt lat="56.1838700" lon="9.9668710">
    <ele>60.8</ele>
   </trkpt>
   <trkpt lat="56.1838770" lon="9.9667550">
    <ele>60.6</ele>
   </trkpt>
   <trkpt lat="56.1838850" lon="9.9666420">
    <ele>60.6</ele>
   </trkpt>
   <trkpt lat="56.1838940" lon="9.9665340">
    <ele>60.4</ele>
   </trkpt>
   <trkpt lat="56.1839010" lon="9.9664240">
    <ele>60.4</ele>
   </trkpt>
   <trkpt lat="56.1839100" lon="9.9663140">
    <ele>60.4</ele>
   </trkpt>
   <trkpt lat="56.1839190" lon="9.9661990">
    <ele>60.2</ele>
   </trkpt>
   <trkpt lat="56.1839290" lon="9.9660830">
    <ele>60.2</ele>
   </trkpt>
   <trkpt lat="56.1839400" lon="9.9659670">
    <ele>60.2</ele>
   </trkpt>
   <trkpt lat="56.1839530" lon="9.9658490">
    <ele>60.2</ele>
   </trkpt>
   <trkpt lat="56.1839670" lon="9.9657320">
    <ele>60.2</ele>
   </trkpt>
   <trkpt lat="56.1839790" lon="9.9656110">
    <ele>60.0</ele>
   </trkpt>
   <trkpt lat="56.1839910" lon="9.9654900">
    <ele>60.0</ele>
   </trkpt>
   <trkpt lat="56.1840030" lon="9.9653720">
    <ele>59.8</ele>
   </trkpt>
   <trkpt lat="56.1840160" lon="9.9652550">
    <ele>59.8</ele>
   </trkpt>
   <trkpt lat="56.1840260" lon="9.9651380">
    <ele>59.6</ele>
   </trkpt>
   <trkpt lat="56.1840350" lon="9.9650240">
    <ele>59.6</ele>
   </trkpt>
   <trkpt lat="56.1840460" lon="9.9649130">
    <ele>59.6</ele>
   </trkpt>
   <trkpt lat="56.1840560" lon="9.9648020">
    <ele>59.6</ele>
   </trkpt>
   <trkpt lat="56.1840650" lon="9.9646930">
    <ele>59.6</ele>
   </trkpt>
   <trkpt lat="56.1840700" lon="9.9645870">
    <ele>59.8</ele>
   </trkpt>
   <trkpt lat="56.1840710" lon="9.9644820">
    <ele>59.8</ele>
   </trkpt>
   <trkpt lat="56.1840730" lon="9.9643760">
    <ele>59.8</ele>
   </trkpt>
   <trkpt lat="56.1840750" lon="9.9642710">
    <ele>59.8</ele>
   </trkpt>
   <trkpt lat="56.1840830" lon="9.9641730">
    <ele>59.8</ele>
   </trkpt>
   <trkpt lat="56.1840940" lon="9.9640790">
    <ele>59.8</ele>
   </trkpt>
   <trkpt lat="56.1841080" lon="9.9639860">
    <ele>59.8</ele>
   </trkpt>
   <trkpt lat="56.1841250" lon="9.9638960">
    <ele>59.8</ele>
   </trkpt>
   <trkpt lat="56.1841390" lon="9.9638030">
    <ele>59.8</ele>
   </trkpt>
   <trkpt lat="56.1841480" lon="9.9637060">
    <ele>59.8</ele>
   </trkpt>
   <trkpt lat="56.1841560" lon="9.9636050">
    <ele>59.8</ele>
   </trkpt>
   <trkpt lat="56.1841620" lon="9.9634980">
    <ele>59.6</ele>
   </trkpt>
   <trkpt lat="56.1841680" lon="9.9633890">
    <ele>59.6</ele>
   </trkpt>
   <trkpt lat="56.1841720" lon="9.9632790">
    <ele>59.4</ele>
   </trkpt>
   <trkpt lat="56.1841760" lon="9.9631660">
    <ele>59.4</ele>
   </trkpt>
   <trkpt lat="56.1841790" lon="9.9630510">
    <ele>59.4</ele>
   </trkpt>
   <trkpt lat="56.1841810" lon="9.9629360">
    <ele>59.4</ele>
   </trkpt>
   <trkpt lat="56.1841820" lon="9.9628250">
    <ele>59.6</ele>
   </trkpt>
   <trkpt lat="56.1841840" lon="9.9627190">
    <ele>59.6</ele>
   </trkpt>
   <trkpt lat="56.1841860" lon="9.9626220">
    <ele>59.6</ele>
   </trkpt>
   <trkpt lat="56.1841840" lon="9.9625370">
    <ele>59.8</ele>
   </trkpt>
   <trkpt lat="56.1841680" lon="9.9624630">
    <ele>59.8</ele>
   </trkpt>
   <trkpt lat="56.1841320" lon="9.9624250">
    <ele>59.8</ele>
   </trkpt>
   <trkpt lat="56.1840840" lon="9.9624220">
    <ele>59.8</ele>
   </trkpt>
   <trkpt lat="56.1840280" lon="9.9624290">
    <ele>59.6</ele>
   </trkpt>
   <trkpt lat="56.1839690" lon="9.9624360">
    <ele>59.4</ele>
   </trkpt>
   <trkpt lat="56.1839040" lon="9.9624460">
    <ele>59.2</ele>
   </trkpt>
   <trkpt lat="56.1838370" lon="9.9624550">
    <ele>59.0</ele>
   </trkpt>
   <trkpt lat="56.1837680" lon="9.9624600">
    <ele>58.6</ele>
   </trkpt>
   <trkpt lat="56.1836980" lon="9.9624590">
    <ele>58.2</ele>
   </trkpt>
   <trkpt lat="56.1836260" lon="9.9624680">
    <ele>57.8</ele>
   </trkpt>
   <trkpt lat="56.1835510" lon="9.9624910">
    <ele>57.6</ele>
   </trkpt>
   <trkpt lat="56.1834760" lon="9.9625310">
    <ele>57.2</ele>
   </trkpt>
   <trkpt lat="56.1834040" lon="9.9625870">
    <ele>56.8</ele>
   </trkpt>
   <trkpt lat="56.1833340" lon="9.9626620">
    <ele>56.4</ele>
   </trkpt>
   <trkpt lat="56.1832650" lon="9.9627450">
    <ele>56.0</ele>
   </trkpt>
   <trkpt lat="56.1831950" lon="9.9628320">
    <ele>55.6</ele>
   </trkpt>
   <trkpt lat="56.1831250" lon="9.9629170">
    <ele>55.2</ele>
   </trkpt>
   <trkpt lat="56.1830520" lon="9.9629940">
    <ele>55.0</ele>
   </trkpt>
   <trkpt lat="56.1829770" lon="9.9630550">
    <ele>54.8</ele>
   </trkpt>
   <trkpt lat="56.1829000" lon="9.9630980">
    <ele>54.6</ele>
   </trkpt>
   <trkpt lat="56.1828210" lon="9.9631360">
    <ele>54.4</ele>
   </trkpt>
   <trkpt lat="56.1827430" lon="9.9631810">
    <ele>54.2</ele>
   </trkpt>
   <trkpt lat="56.1826650" lon="9.9632280">
    <ele>54.0</ele>
   </trkpt>
   <trkpt lat="56.1825840" lon="9.9632710">
    <ele>53.6</ele>
   </trkpt>
   <trkpt lat="56.1825010" lon="9.9633120">
    <ele>53.4</ele>
   </trkpt>
   <trkpt lat="56.1824180" lon="9.9633480">
    <ele>53.2</ele>
   </trkpt>
   <trkpt lat="56.1823360" lon="9.9633820">
    <ele>52.8</ele>
   </trkpt>
   <trkpt lat="56.1822520" lon="9.9634190">
    <ele>52.6</ele>
   </trkpt>
   <trkpt lat="56.1821700" lon="9.9634630">
    <ele>52.2</ele>
   </trkpt>
   <trkpt lat="56.1820890" lon="9.9635190">
    <ele>52.0</ele>
   </trkpt>
   <trkpt lat="56.1820060" lon="9.9635760">
    <ele>51.8</ele>
   </trkpt>
   <trkpt lat="56.1819210" lon="9.9636300">
    <ele>51.4</ele>
   </trkpt>
   <trkpt lat="56.1818330" lon="9.9636820">
    <ele>51.2</ele>
   </trkpt>
   <trkpt lat="56.1817420" lon="9.9637270">
    <ele>50.8</ele>
   </trkpt>
   <trkpt lat="56.1816480" lon="9.9637630">
    <ele>50.6</ele>
   </trkpt>
   <trkpt lat="56.1815520" lon="9.9637950">
    <ele>50.2</ele>
   </trkpt>
   <trkpt lat="56.1814540" lon="9.9638270">
    <ele>49.8</ele>
   </trkpt>
   <trkpt lat="56.1813550" lon="9.9638590">
    <ele>49.6</ele>
   </trkpt>
   <trkpt lat="56.1812550" lon="9.9638980">
    <ele>49.2</ele>
   </trkpt>
   <trkpt lat="56.1811550" lon="9.9639410">
    <ele>49.0</ele>
   </trkpt>
   <trkpt lat="56.1810560" lon="9.9639790">
    <ele>48.8</ele>
   </trkpt>
   <trkpt lat="56.1809610" lon="9.9640100">
    <ele>48.6</ele>
   </trkpt>
   <trkpt lat="56.1808710" lon="9.9640390">
    <ele>48.4</ele>
   </trkpt>
   <trkpt lat="56.1807880" lon="9.9640650">
    <ele>48.2</ele>
   </trkpt>
   <trkpt lat="56.1807090" lon="9.9640870">
    <ele>48.0</ele>
   </trkpt>
   <trkpt lat="56.1806330" lon="9.9641070">
    <ele>48.0</ele>
   </trkpt>
   <trkpt lat="56.1805570" lon="9.9641280">
    <ele>47.8</ele>
   </trkpt>
   <trkpt lat="56.1804820" lon="9.9641570">
    <ele>47.6</ele>
   </trkpt>
   <trkpt lat="56.1804070" lon="9.9641890">
    <ele>47.4</ele>
   </trkpt>
   <trkpt lat="56.1803300" lon="9.9642080">
    <ele>47.0</ele>
   </trkpt>
   <trkpt lat="56.1802510" lon="9.9642220">
    <ele>46.8</ele>
   </trkpt>
   <trkpt lat="56.1801680" lon="9.9642380">
    <ele>46.4</ele>
   </trkpt>
   <trkpt lat="56.1800820" lon="9.9642560">
    <ele>46.2</ele>
   </trkpt>
   <trkpt lat="56.1799920" lon="9.9642760">
    <ele>45.8</ele>
   </trkpt>
   <trkpt lat="56.1799000" lon="9.9642970">
    <ele>45.2</ele>
   </trkpt>
   <trkpt lat="56.1798060" lon="9.9643170">
    <ele>44.8</ele>
   </trkpt>
   <trkpt lat="56.1797100" lon="9.9643350">
    <ele>44.2</ele>
   </trkpt>
   <trkpt lat="56.1796100" lon="9.9643550">
    <ele>44.0</ele>
   </trkpt>
   <trkpt lat="56.1795100" lon="9.9643740">
    <ele>43.8</ele>
   </trkpt>
   <trkpt lat="56.1794080" lon="9.9643930">
    <ele>43.4</ele>
   </trkpt>
   <trkpt lat="56.1793060" lon="9.9644120">
    <ele>42.8</ele>
   </trkpt>
   <trkpt lat="56.1792040" lon="9.9644270">
    <ele>42.4</ele>
   </trkpt>
   <trkpt lat="56.1791000" lon="9.9644400">
    <ele>41.8</ele>
   </trkpt>
   <trkpt lat="56.1789930" lon="9.9644500">
    <ele>41.2</ele>
   </trkpt>
   <trkpt lat="56.1788850" lon="9.9644570">
    <ele>40.6</ele>
   </trkpt>
   <trkpt lat="56.1787740" lon="9.9644640">
    <ele>40.0</ele>
   </trkpt>
   <trkpt lat="56.1786600" lon="9.9644740">
    <ele>39.2</ele>
   </trkpt>
   <trkpt lat="56.1785440" lon="9.9644860">
    <ele>38.4</ele>
   </trkpt>
   <trkpt lat="56.1784240" lon="9.9645030">
    <ele>37.4</ele>
   </trkpt>
   <trkpt lat="56.1783000" lon="9.9645250">
    <ele>36.4</ele>
   </trkpt>
   <trkpt lat="56.1781750" lon="9.9645460">
    <ele>35.4</ele>
   </trkpt>
   <trkpt lat="56.1780450" lon="9.9645690">
    <ele>34.8</ele>
   </trkpt>
   <trkpt lat="56.1779120" lon="9.9645920">
    <ele>33.2</ele>
   </trkpt>
   <trkpt lat="56.1777770" lon="9.9646140">
    <ele>31.8</ele>
   </trkpt>
   <trkpt lat="56.1776400" lon="9.9646290">
    <ele>30.4</ele>
   </trkpt>
   <trkpt lat="56.1775010" lon="9.9646330">
    <ele>29.0</ele>
   </trkpt>
   <trkpt lat="56.1773620" lon="9.9646220">
    <ele>28.2</ele>
   </trkpt>
   <trkpt lat="56.1772230" lon="9.9645980">
    <ele>27.0</ele>
   </trkpt>
   <trkpt lat="56.1770850" lon="9.9645650">
    <ele>26.2</ele>
   </trkpt>
   <trkpt lat="56.1769490" lon="9.9645230">
    <ele>25.4</ele>
   </trkpt>
   <trkpt lat="56.1768170" lon="9.9644720">
    <ele>24.8</ele>
   </trkpt>
   <trkpt lat="56.1766880" lon="9.9644180">
    <ele>24.4</ele>
   </trkpt>
   <trkpt lat="56.1765620" lon="9.9643630">
    <ele>24.2</ele>
   </trkpt>
   <trkpt lat="56.1764370" lon="9.9643060">
    <ele>23.8</ele>
   </trkpt>
   <trkpt lat="56.1763150" lon="9.9642500">
    <ele>23.6</ele>
   </trkpt>
   <trkpt lat="56.1761970" lon="9.9641910">
    <ele>23.4</ele>
   </trkpt>
   <trkpt lat="56.1760800" lon="9.9641330">
    <ele>23.2</ele>
   </trkpt>
   <trkpt lat="56.1759660" lon="9.9640770">
    <ele>23.0</ele>
   </trkpt>
   <trkpt lat="56.1758550" lon="9.9640250">
    <ele>22.8</ele>
   </trkpt>
   <trkpt lat="56.1757450" lon="9.9639720">
    <ele>22.8</ele>
   </trkpt>
   <trkpt lat="56.1756390" lon="9.9639160">
    <ele>22.8</ele>
   </trkpt>
   <trkpt lat="56.1755350" lon="9.9638620">
    <ele>22.8</ele>
   </trkpt>
   <trkpt lat="56.1754320" lon="9.9638130">
    <ele>22.8</ele>
   </trkpt>
   <trkpt lat="56.1753290" lon="9.9637630">
    <ele>23.0</ele>
   </trkpt>
   <trkpt lat="56.1752310" lon="9.9637100">
    <ele>23.0</ele>
   </trkpt>
   <trkpt lat="56.1751330" lon="9.9636590">
    <ele>23.0</ele>
   </trkpt>
   <trkpt lat="56.1750380" lon="9.9636090">
    <ele>23.2</ele>
   </trkpt>
   <trkpt lat="56.1749470" lon="9.9635520">
    <ele>23.4</ele>
   </trkpt>
   <trkpt lat="56.1748630" lon="9.9634830">
    <ele>23.6</ele>
   </trkpt>
   <trkpt lat="56.1747830" lon="9.9634030">
    <ele>24.0</ele>
   </trkpt>
   <trkpt lat="56.1747110" lon="9.9633130">
    <ele>24.6</ele>
   </trkpt>
   <trkpt lat="56.1746550" lon="9.9632110">
    <ele>25.2</ele>
   </trkpt>
   <trkpt lat="56.1746080" lon="9.9631060">
    <ele>26.0</ele>
   </trkpt>
   <trkpt lat="56.1745660" lon="9.9630070">
    <ele>26.6</ele>
   </trkpt>
   <trkpt lat="56.1745250" lon="9.9629160">
    <ele>27.4</ele>
   </trkpt>
   <trkpt lat="56.1744850" lon="9.9628230">
    <ele>28.0</ele>
   </trkpt>
   <trkpt lat="56.1744490" lon="9.9627320">
    <ele>28.6</ele>
   </trkpt>
   <trkpt lat="56.1744140" lon="9.9626520">
    <ele>29.0</ele>
   </trkpt>
   <trkpt lat="56.1743750" lon="9.9625720">
    <ele>29.6</ele>
   </trkpt>
   <trkpt lat="56.1743320" lon="9.9624900">
    <ele>30.0</ele>
   </trkpt>
   <trkpt lat="56.1742910" lon="9.9624080">
    <ele>30.4</ele>
   </trkpt>
   <trkpt lat="56.1742580" lon="9.9623310">
    <ele>30.8</ele>
   </trkpt>
   <trkpt lat="56.1742240" lon="9.9622610">
    <ele>31.2</ele>
   </trkpt>
   <trkpt lat="56.1741890" lon="9.9621940">
    <ele>31.6</ele>
   </trkpt>
   <trkpt lat="56.1741550" lon="9.9621350">
    <ele>32.0</ele>
   </trkpt>
   <trkpt lat="56.1741180" lon="9.9620840">
    <ele>32.2</ele>
   </trkpt>
   <trkpt lat="56.1740820" lon="9.9620430">
    <ele>32.6</ele>
   </trkpt>
   <trkpt lat="56.1740450" lon="9.9620100">
    <ele>32.8</ele>
   </trkpt>
   <trkpt lat="56.1740060" lon="9.9619740">
    <ele>33.0</ele>
   </trkpt>
   <trkpt lat="56.1739640" lon="9.9619360">
    <ele>33.0</ele>
   </trkpt>
   <trkpt lat="56.1739240" lon="9.9618960">
    <ele>33.2</ele>
   </trkpt>
   <trkpt lat="56.1738850" lon="9.9618600">
    <ele>33.2</ele>
   </trkpt>
   <trkpt lat="56.1738470" lon="9.9618270">
    <ele>33.2</ele>
   </trkpt>
   <trkpt lat="56.1738080" lon="9.9617930">
    <ele>33.2</ele>
   </trkpt>
   <trkpt lat="56.1737690" lon="9.9617560">
    <ele>33.2</ele>
   </trkpt>
   <trkpt lat="56.1737300" lon="9.9617210">
    <ele>33.2</ele>
   </trkpt>
   <trkpt lat="56.1736890" lon="9.9616800">
    <ele>33.2</ele>
   </trkpt>
   <trkpt lat="56.1736460" lon="9.9616350">
    <ele>33.0</ele>
   </trkpt>
   <trkpt lat="56.1736010" lon="9.9615940">
    <ele>33.0</ele>
   </trkpt>
   <trkpt lat="56.1735560" lon="9.9615410">
    <ele>32.8</ele>
   </trkpt>
   <trkpt lat="56.1735150" lon="9.9614790">
    <ele>32.4</ele>
   </trkpt>
   <trkpt lat="56.1734750" lon="9.9613970">
    <ele>32.2</ele>
   </trkpt>
   <trkpt lat="56.1734390" lon="9.9613030">
    <ele>31.8</ele>
   </trkpt>
   <trkpt lat="56.1734100" lon="9.9612000">
    <ele>31.4</ele>
   </trkpt>
   <trkpt lat="56.1733850" lon="9.9610860">
    <ele>31.0</ele>
   </trkpt>
   <trkpt lat="56.1733620" lon="9.9609620">
    <ele>30.4</ele>
   </trkpt>
   <trkpt lat="56.1733390" lon="9.9608270">
    <ele>29.6</ele>
   </trkpt>
   <trkpt lat="56.1733150" lon="9.9606850">
    <ele>29.0</ele>
   </trkpt>
   <trkpt lat="56.1732880" lon="9.9605350">
    <ele>28.2</ele>
   </trkpt>
   <trkpt lat="56.1732560" lon="9.9603820">
    <ele>27.4</ele>
   </trkpt>
   <trkpt lat="56.1732210" lon="9.9602260">
    <ele>26.6</ele>
   </trkpt>
   <trkpt lat="56.1731750" lon="9.9600740">
    <ele>26.2</ele>
   </trkpt>
   <trkpt lat="56.1731160" lon="9.9599340">
    <ele>25.4</ele>
   </trkpt>
   <trkpt lat="56.1730460" lon="9.9598130">
    <ele>24.6</ele>
   </trkpt>
   <trkpt lat="56.1729630" lon="9.9597260">
    <ele>23.8</ele>
   </trkpt>
   <trkpt lat="56.1728700" lon="9.9596730">
    <ele>23.4</ele>
   </trkpt>
   <trkpt lat="56.1727750" lon="9.9596410">
    <ele>22.8</ele>
   </trkpt>
   <trkpt lat="56.1726820" lon="9.9596190">
    <ele>22.8</ele>
   </trkpt>
   <trkpt lat="56.1725900" lon="9.9595900">
    <ele>22.4</ele>
   </trkpt>
   <trkpt lat="56.1725020" lon="9.9595540">
    <ele>22.4</ele>
   </trkpt>
   <trkpt lat="56.1724160" lon="9.9595210">
    <ele>22.4</ele>
   </trkpt>
   <trkpt lat="56.1723320" lon="9.9594950">
    <ele>22.4</ele>
   </trkpt>
   <trkpt lat="56.1722490" lon="9.9594730">
    <ele>22.4</ele>
   </trkpt>
   <trkpt lat="56.1721680" lon="9.9594500">
    <ele>22.4</ele>
   </trkpt>
   <trkpt lat="56.1720880" lon="9.9594250">
    <ele>22.6</ele>
   </trkpt>
   <trkpt lat="56.1720090" lon="9.9594000">
    <ele>22.8</ele>
   </trkpt>
   <trkpt lat="56.1719300" lon="9.9593730">
    <ele>22.8</ele>
   </trkpt>
   <trkpt lat="56.1718520" lon="9.9593480">
    <ele>23.0</ele>
   </trkpt>
   <trkpt lat="56.1717750" lon="9.9593250">
    <ele>23.0</ele>
   </trkpt>
   <trkpt lat="56.1716970" lon="9.9593030">
    <ele>23.0</ele>
   </trkpt>
   <trkpt lat="56.1716200" lon="9.9592800">
    <ele>23.0</ele>
   </trkpt>
   <trkpt lat="56.1715400" lon="9.9592610">
    <ele>23.2</ele>
   </trkpt>
   <trkpt lat="56.1714600" lon="9.9592480">
    <ele>23.2</ele>
   </trkpt>
   <trkpt lat="56.1713820" lon="9.9592430">
    <ele>23.2</ele>
   </trkpt>
   <trkpt lat="56.1713050" lon="9.9592490">
    <ele>23.2</ele>
   </trkpt>
   <trkpt lat="56.1712300" lon="9.9592690">
    <ele>23.4</ele>
   </trkpt>
   <trkpt lat="56.1711570" lon="9.9593000">
    <ele>23.4</ele>
   </trkpt>
   <trkpt lat="56.1710860" lon="9.9593390">
    <ele>23.6</ele>
   </trkpt>
   <trkpt lat="56.1710160" lon="9.9593900">
    <ele>23.6</ele>
   </trkpt>
   <trkpt lat="56.1709490" lon="9.9594500">
    <ele>23.8</ele>
   </trkpt>
   <trkpt lat="56.1708840" lon="9.9595160">
    <ele>24.0</ele>
   </trkpt>
   <trkpt lat="56.1708200" lon="9.9595910">
    <ele>24.0</ele>
   </trkpt>
   <trkpt lat="56.1707590" lon="9.9596690">
    <ele>24.0</ele>
   </trkpt>
   <trkpt lat="56.1706990" lon="9.9597500">
    <ele>24.2</ele>
   </trkpt>
   <trkpt lat="56.1706410" lon="9.9598250">
    <ele>24.4</ele>
   </trkpt>
   <trkpt lat="56.1705790" lon="9.9598890">
    <ele>24.6</ele>
   </trkpt>
   <trkpt lat="56.1705160" lon="9.9599400">
    <ele>24.8</ele>
   </trkpt>
   <trkpt lat="56.1704550" lon="9.9599850">
    <ele>25.2</ele>
   </trkpt>
   <trkpt lat="56.1703950" lon="9.9600180">
    <ele>25.6</ele>
   </trkpt>
   <trkpt lat="56.1703340" lon="9.9600430">
    <ele>26.2</ele>
   </trkpt>
   <trkpt lat="56.1702740" lon="9.9600620">
    <ele>26.6</ele>
   </trkpt>
   <trkpt lat="56.1702150" lon="9.9600770">
    <ele>27.0</ele>
   </trkpt>
   <trkpt lat="56.1701560" lon="9.9600870">
    <ele>27.2</ele>
   </trkpt>
   <trkpt lat="56.1700980" lon="9.9600950">
    <ele>27.6</ele>
   </trkpt>
   <trkpt lat="56.1700410" lon="9.9601060">
    <ele>27.8</ele>
   </trkpt>
   <trkpt lat="56.1699840" lon="9.9601180">
    <ele>28.0</ele>
   </trkpt>
   <trkpt lat="56.1699290" lon="9.9601280">
    <ele>28.4</ele>
   </trkpt>
   <trkpt lat="56.1698750" lon="9.9601380">
    <ele>28.6</ele>
   </trkpt>
   <trkpt lat="56.1698230" lon="9.9601480">
    <ele>29.0</ele>
   </trkpt>
   <trkpt lat="56.1697710" lon="9.9601570">
    <ele>29.2</ele>
   </trkpt>
   <trkpt lat="56.1697190" lon="9.9601650">
    <ele>29.4</ele>
   </trkpt>
   <trkpt lat="56.1696660" lon="9.9601750">
    <ele>29.6</ele>
   </trkpt>
   <trkpt lat="56.1696150" lon="9.9601840">
    <ele>29.8</ele>
   </trkpt>
   <trkpt lat="56.1695630" lon="9.9601910">
    <ele>30.0</ele>
   </trkpt>
   <trkpt lat="56.1695130" lon="9.9601970">
    <ele>30.2</ele>
   </trkpt>
   <trkpt lat="56.1694630" lon="9.9602040">
    <ele>30.4</ele>
   </trkpt>
   <trkpt lat="56.1694110" lon="9.9602130">
    <ele>30.6</ele>
   </trkpt>
   <trkpt lat="56.1693590" lon="9.9602230">
    <ele>31.0</ele>
   </trkpt>
   <trkpt lat="56.1693070" lon="9.9602300">
    <ele>31.2</ele>
   </trkpt>
   <trkpt lat="56.1692550" lon="9.9602380">
    <ele>31.4</ele>
   </trkpt>
   <trkpt lat="56.1692020" lon="9.9602460">
    <ele>31.6</ele>
   </trkpt>
   <trkpt lat="56.1691510" lon="9.9602510">
    <ele>31.8</ele>
   </trkpt>
   <trkpt lat="56.1690980" lon="9.9602550">
    <ele>32.0</ele>
   </trkpt>
   <trkpt lat="56.1690450" lon="9.9602630">
    <ele>32.2</ele>
   </trkpt>
   <trkpt lat="56.1689930" lon="9.9602730">
    <ele>32.4</ele>
   </trkpt>
   <trkpt lat="56.1689410" lon="9.9602840">
    <ele>32.6</ele>
   </trkpt>
   <trkpt lat="56.1688900" lon="9.9602910">
    <ele>32.8</ele>
   </trkpt>
   <trkpt lat="56.1688390" lon="9.9602960">
    <ele>33.0</ele>
   </trkpt>
   <trkpt lat="56.1687880" lon="9.9602980">
    <ele>33.2</ele>
   </trkpt>
   <trkpt lat="56.1687390" lon="9.9603050">
    <ele>33.4</ele>
   </trkpt>
   <trkpt lat="56.1686910" lon="9.9603110">
    <ele>33.6</ele>
   </trkpt>
   <trkpt lat="56.1686410" lon="9.9603150">
    <ele>33.8</ele>
   </trkpt>
   <trkpt lat="56.1685910" lon="9.9603220">
    <ele>34.0</ele>
   </trkpt>
   <trkpt lat="56.1685410" lon="9.9603280">
    <ele>34.2</ele>
   </trkpt>
   <trkpt lat="56.1684930" lon="9.9603340">
    <ele>34.4</ele>
   </trkpt>
   <trkpt lat="56.1684440" lon="9.9603400">
    <ele>34.6</ele>
   </trkpt>
   <trkpt lat="56.1683950" lon="9.9603480">
    <ele>34.8</ele>
   </trkpt>
   <trkpt lat="56.1683460" lon="9.9603550">
    <ele>35.0</ele>
   </trkpt>
   <trkpt lat="56.1682960" lon="9.9603600">
    <ele>35.2</ele>
   </trkpt>
   <trkpt lat="56.1682470" lon="9.9603630">
    <ele>35.2</ele>
   </trkpt>
   <trkpt lat="56.1681960" lon="9.9603650">
    <ele>35.4</ele>
   </trkpt>
   <trkpt lat="56.1681470" lon="9.9603660">
    <ele>35.4</ele>
   </trkpt>
   <trkpt lat="56.1680960" lon="9.9603660">
    <ele>35.6</ele>
   </trkpt>
   <trkpt lat="56.1680460" lon="9.9603650">
    <ele>35.6</ele>
   </trkpt>
   <trkpt lat="56.1679950" lon="9.9603670">
    <ele>35.6</ele>
   </trkpt>
   <trkpt lat="56.1679440" lon="9.9603680">
    <ele>35.8</ele>
   </trkpt>
   <trkpt lat="56.1678930" lon="9.9603660">
    <ele>35.8</ele>
   </trkpt>
   <trkpt lat="56.1678420" lon="9.9603650">
    <ele>36.0</ele>
   </trkpt>
   <trkpt lat="56.1677900" lon="9.9603660">
    <ele>36.0</ele>
   </trkpt>
   <trkpt lat="56.1677350" lon="9.9603680">
    <ele>36.0</ele>
   </trkpt>
   <trkpt lat="56.1676790" lon="9.9603710">
    <ele>36.0</ele>
   </trkpt>
   <trkpt lat="56.1676190" lon="9.9603740">
    <ele>35.8</ele>
   </trkpt>
   <trkpt lat="56.1675560" lon="9.9603750">
    <ele>35.6</ele>
   </trkpt>
   <trkpt lat="56.1674930" lon="9.9603770">
    <ele>35.4</ele>
   </trkpt>
   <trkpt lat="56.1674290" lon="9.9603810">
    <ele>35.2</ele>
   </trkpt>
   <trkpt lat="56.1673650" lon="9.9603840">
    <ele>35.2</ele>
   </trkpt>
   <trkpt lat="56.1673010" lon="9.9603840">
    <ele>35.0</ele>
   </trkpt>
   <trkpt lat="56.1672350" lon="9.9603840">
    <ele>34.8</ele>
   </trkpt>
   <trkpt lat="56.1671690" lon="9.9603870">
    <ele>34.8</ele>
   </trkpt>
   <trkpt lat="56.1671020" lon="9.9603910">
    <ele>34.6</ele>
   </trkpt>
   <trkpt lat="56.1670340" lon="9.9603930">
    <ele>34.6</ele>
   </trkpt>
   <trkpt lat="56.1669650" lon="9.9603910">
    <ele>34.6</ele>
   </trkpt>
   <trkpt lat="56.1668980" lon="9.9603870">
    <ele>34.6</ele>
   </trkpt>
   <trkpt lat="56.1668320" lon="9.9603840">
    <ele>34.6</ele>
   </trkpt>
   <trkpt lat="56.1667670" lon="9.9603870">
    <ele>34.8</ele>
   </trkpt>
   <trkpt lat="56.1667040" lon="9.9603890">
    <ele>35.0</ele>
   </trkpt>
   <trkpt lat="56.1666420" lon="9.9603930">
    <ele>35.2</ele>
   </trkpt>
   <trkpt lat="56.1665830" lon="9.9603950">
    <ele>35.4</ele>
   </trkpt>
   <trkpt lat="56.1665250" lon="9.9603970">
    <ele>35.6</ele>
   </trkpt>
   <trkpt lat="56.1664680" lon="9.9603980">
    <ele>36.0</ele>
   </trkpt>
   <trkpt lat="56.1664130" lon="9.9603970">
    <ele>36.2</ele>
   </trkpt>
   <trkpt lat="56.1663580" lon="9.9603980">
    <ele>36.4</ele>
   </trkpt>
   <trkpt lat="56.1663030" lon="9.9604020">
    <ele>36.6</ele>
   </trkpt>
   <trkpt lat="56.1662490" lon="9.9604070">
    <ele>36.8</ele>
   </trkpt>
   <trkpt lat="56.1661960" lon="9.9604070">
    <ele>37.2</ele>
   </trkpt>
   <trkpt lat="56.1661430" lon="9.9604080">
    <ele>37.4</ele>
   </trkpt>
   <trkpt lat="56.1660900" lon="9.9604100">
    <ele>37.6</ele>
   </trkpt>
   <trkpt lat="56.1660370" lon="9.9604130">
    <ele>37.8</ele>
   </trkpt>
   <trkpt lat="56.1659830" lon="9.9604110">
    <ele>38.0</ele>
   </trkpt>
   <trkpt lat="56.1659290" lon="9.9604100">
    <ele>38.2</ele>
   </trkpt>
   <trkpt lat="56.1658760" lon="9.9604090">
    <ele>38.4</ele>
   </trkpt>
   <trkpt lat="56.1658220" lon="9.9604030">
    <ele>38.6</ele>
   </trkpt>
   <trkpt lat="56.1657650" lon="9.9603940">
    <ele>38.8</ele>
   </trkpt>
   <trkpt lat="56.1657070" lon="9.9603830">
    <ele>38.8</ele>
   </trkpt>
   <trkpt lat="56.1656490" lon="9.9603700">
    <ele>39.0</ele>
   </trkpt>
   <trkpt lat="56.1655920" lon="9.9603580">
    <ele>39.2</ele>
   </trkpt>
   <trkpt lat="56.1655340" lon="9.9603440">
    <ele>39.2</ele>
   </trkpt>
   <trkpt lat="56.1654760" lon="9.9603300">
    <ele>39.4</ele>
   </trkpt>
   <trkpt lat="56.1654190" lon="9.9603180">
    <ele>39.6</ele>
   </trkpt>
   <trkpt lat="56.1653610" lon="9.9603030">
    <ele>39.8</ele>
   </trkpt>
   <trkpt lat="56.1653050" lon="9.9602860">
    <ele>39.8</ele>
   </trkpt>
   <trkpt lat="56.1652500" lon="9.9602680">
    <ele>40.0</ele>
   </trkpt>
   <trkpt lat="56.1651940" lon="9.9602530">
    <ele>40.2</ele>
   </trkpt>
   <trkpt lat="56.1651380" lon="9.9602360">
    <ele>40.2</ele>
   </trkpt>
   <trkpt lat="56.1650800" lon="9.9602180">
    <ele>40.4</ele>
   </trkpt>
   <trkpt lat="56.1650240" lon="9.9602000">
    <ele>40.4</ele>
   </trkpt>
   <trkpt lat="56.1649660" lon="9.9601800">
    <ele>40.6</ele>
   </trkpt>
   <trkpt lat="56.1649090" lon="9.9601580">
    <ele>40.6</ele>
   </trkpt>
   <trkpt lat="56.1648520" lon="9.9601370">
    <ele>40.8</ele>
   </trkpt>
   <trkpt lat="56.1647950" lon="9.9601170">
    <ele>40.8</ele>
   </trkpt>
   <trkpt lat="56.1647370" lon="9.9600980">
    <ele>40.8</ele>
   </trkpt>
   <trkpt lat="56.1646800" lon="9.9600760">
    <ele>41.0</ele>
   </trkpt>
   <trkpt lat="56.1646240" lon="9.9600510">
    <ele>41.0</ele>
   </trkpt>
   <trkpt lat="56.1645670" lon="9.9600210">
    <ele>41.0</ele>
   </trkpt>
   <trkpt lat="56.1645120" lon="9.9599840">
    <ele>41.2</ele>
   </trkpt>
   <trkpt lat="56.1644580" lon="9.9599420">
    <ele>41.2</ele>
   </trkpt>
   <trkpt lat="56.1644070" lon="9.9598950">
    <ele>41.4</ele>
   </trkpt>
   <trkpt lat="56.1643560" lon="9.9598440">
    <ele>41.4</ele>
   </trkpt>
   <trkpt lat="56.1643060" lon="9.9597910">
    <ele>41.4</ele>
   </trkpt>
   <trkpt lat="56.1642560" lon="9.9597400">
    <ele>41.6</ele>
   </trkpt>
   <trkpt lat="56.1642050" lon="9.9596920">
    <ele>41.6</ele>
   </trkpt>
   <trkpt lat="56.1641540" lon="9.9596410">
    <ele>41.8</ele>
   </trkpt>
   <trkpt lat="56.1641040" lon="9.9595900">
    <ele>41.8</ele>
   </trkpt>
   <trkpt lat="56.1640530" lon="9.9595380">
    <ele>42.0</ele>
   </trkpt>
   <trkpt lat="56.1640020" lon="9.9594900">
    <ele>42.2</ele>
   </trkpt>
   <trkpt lat="56.1639490" lon="9.9594490">
    <ele>42.2</ele>
   </trkpt>
   <trkpt lat="56.1638960" lon="9.9594120">
    <ele>42.4</ele>
   </trkpt>
   <trkpt lat="56.1638430" lon="9.9593780">
    <ele>42.6</ele>
   </trkpt>
   <trkpt lat="56.1637880" lon="9.9593450">
    <ele>42.6</ele>
   </trkpt>
   <trkpt lat="56.1637320" lon="9.9593120">
    <ele>42.8</ele>
   </trkpt>
   <trkpt lat="56.1636770" lon="9.9592810">
    <ele>42.8</ele>
   </trkpt>
   <trkpt lat="56.1636200" lon="9.9592540">
    <ele>43.0</ele>
   </trkpt>
   <trkpt lat="56.1635630" lon="9.9592320">
    <ele>43.0</ele>
   </trkpt>
   <trkpt lat="56.1635060" lon="9.9592080">
    <ele>43.0</ele>
   </trkpt>
   <trkpt lat="56.1634480" lon="9.9591830">
    <ele>43.0</ele>
   </trkpt>
   <trkpt lat="56.1633890" lon="9.9591600">
    <ele>43.2</ele>
   </trkpt>
   <trkpt lat="56.1633300" lon="9.9591380">
    <ele>43.2</ele>
   </trkpt>
   <trkpt lat="56.1632720" lon="9.9591180">
    <ele>43.2</ele>
   </trkpt>
   <trkpt lat="56.1632120" lon="9.9590990">
    <ele>43.2</ele>
   </trkpt>
   <trkpt lat="56.1631530" lon="9.9590820">
    <ele>43.4</ele>
   </trkpt>
   <trkpt lat="56.1630950" lon="9.9590640">
    <ele>43.4</ele>
   </trkpt>
   <trkpt lat="56.1630370" lon="9.9590460">
    <ele>43.4</ele>
   </trkpt>
   <trkpt lat="56.1629770" lon="9.9590310">
    <ele>43.4</ele>
   </trkpt>
   <trkpt lat="56.1629190" lon="9.9590190">
    <ele>43.6</ele>
   </trkpt>
   <trkpt lat="56.1628610" lon="9.9590020">
    <ele>43.6</ele>
   </trkpt>
   <trkpt lat="56.1628030" lon="9.9589830">
    <ele>43.8</ele>
   </trkpt>
   <trkpt lat="56.1627450" lon="9.9589610">
    <ele>43.8</ele>
   </trkpt>
   <trkpt lat="56.1626880" lon="9.9589390">
    <ele>44.0</ele>
   </trkpt>
   <trkpt lat="56.1626300" lon="9.9589190">
    <ele>44.0</ele>
   </trkpt>
   <trkpt lat="56.1625710" lon="9.9589020">
    <ele>44.0</ele>
   </trkpt>
   <trkpt lat="56.1625110" lon="9.9588870">
    <ele>44.2</ele>
   </trkpt>
   <trkpt lat="56.1624520" lon="9.9588690">
    <ele>44.2</ele>
   </trkpt>
   <trkpt lat="56.1623920" lon="9.9588480">
    <ele>44.2</ele>
   </trkpt>
   <trkpt lat="56.1623310" lon="9.9588260">
    <ele>44.0</ele>
   </trkpt>
   <trkpt lat="56.1622670" lon="9.9588070">
    <ele>44.0</ele>
   </trkpt>
   <trkpt lat="56.1622020" lon="9.9587890">
    <ele>43.8</ele>
   </trkpt>
   <trkpt lat="56.1621370" lon="9.9587690">
    <ele>43.8</ele>
   </trkpt>
   <trkpt lat="56.1620700" lon="9.9587530">
    <ele>43.8</ele>
   </trkpt>
   <trkpt lat="56.1620040" lon="9.9587340">
    <ele>43.6</ele>
   </trkpt>
   <trkpt lat="56.1619370" lon="9.9587110">
    <ele>43.6</ele>
   </trkpt>
   <trkpt lat="56.1618700" lon="9.9586900">
    <ele>43.6</ele>
   </trkpt>
   <trkpt lat="56.1618030" lon="9.9586690">
    <ele>43.6</ele>
   </trkpt>
   <trkpt lat="56.1617370" lon="9.9586460">
    <ele>43.6</ele>
   </trkpt>
   <trkpt lat="56.1616690" lon="9.9586210">
    <ele>43.6</ele>
   </trkpt>
   <trkpt lat="56.1616030" lon="9.9585990">
    <ele>43.6</ele>
   </trkpt>
   <trkpt lat="56.1615360" lon="9.9585760">
    <ele>43.8</ele>
   </trkpt>
   <trkpt lat="56.1614710" lon="9.9585540">
    <ele>43.8</ele>
   </trkpt>
   <trkpt lat="56.1614050" lon="9.9585340">
    <ele>44.0</ele>
   </trkpt>
   <trkpt lat="56.1613380" lon="9.9585130">
    <ele>44.0</ele>
   </trkpt>
   <trkpt lat="56.1612700" lon="9.9584930">
    <ele>44.2</ele>
   </trkpt>
   <trkpt lat="56.1612020" lon="9.9584700">
    <ele>44.2</ele>
   </trkpt>
   <trkpt lat="56.1611350" lon="9.9584470">
    <ele>44.2</ele>
   </trkpt>
   <trkpt lat="56.1610670" lon="9.9584250">
    <ele>44.2</ele>
   </trkpt>
   <trkpt lat="56.1609980" lon="9.9584050">
    <ele>44.2</ele>
   </trkpt>
   <trkpt lat="56.1609290" lon="9.9583810">
    <ele>44.2</ele>
   </trkpt>
   <trkpt lat="56.1608600" lon="9.9583570">
    <ele>44.2</ele>
   </trkpt>
   <trkpt lat="56.1607900" lon="9.9583370">
    <ele>44.2</ele>
   </trkpt>
   <trkpt lat="56.1607200" lon="9.9583150">
    <ele>44.2</ele>
   </trkpt>
   <trkpt lat="56.1606500" lon="9.9582940">
    <ele>44.2</ele>
   </trkpt>
   <trkpt lat="56.1605790" lon="9.9582720">
    <ele>44.2</ele>
   </trkpt>
   <trkpt lat="56.1605080" lon="9.9582520">
    <ele>44.2</ele>
   </trkpt>
   <trkpt lat="56.1604360" lon="9.9582340">
    <ele>44.2</ele>
   </trkpt>
   <trkpt lat="56.1603650" lon="9.9582120">
    <ele>44.0</ele>
   </trkpt>
   <trkpt lat="56.1602930" lon="9.9581890">
    <ele>44.0</ele>
   </trkpt>
   <trkpt lat="56.1602210" lon="9.9581660">
    <ele>44.0</ele>
   </trkpt>
   <trkpt lat="56.1601480" lon="9.9581430">
    <ele>44.0</ele>
   </trkpt>
   <trkpt lat="56.1600760" lon="9.9581180">
    <ele>44.0</ele>
   </trkpt>
   <trkpt lat="56.1600030" lon="9.9580950">
    <ele>44.0</ele>
   </trkpt>
   <trkpt lat="56.1599300" lon="9.9580730">
    <ele>44.0</ele>
   </trkpt>
   <trkpt lat="56.1598580" lon="9.9580480">
    <ele>44.0</ele>
   </trkpt>
   <trkpt lat="56.1597870" lon="9.9580220">
    <ele>44.0</ele>
   </trkpt>
   <trkpt lat="56.1597150" lon="9.9579980">
    <ele>44.0</ele>
   </trkpt>
   <trkpt lat="56.1596450" lon="9.9579750">
    <ele>44.2</ele>
   </trkpt>
   <trkpt lat="56.1595760" lon="9.9579550">
    <ele>44.2</ele>
   </trkpt>
   <trkpt lat="56.1595090" lon="9.9579370">
    <ele>44.2</ele>
   </trkpt>
   <trkpt lat="56.1594420" lon="9.9579210">
    <ele>44.2</ele>
   </trkpt>
   <trkpt lat="56.1593770" lon="9.9579070">
    <ele>44.2</ele>
   </trkpt>
   <trkpt lat="56.1593130" lon="9.9578900">
    <ele>44.2</ele>
   </trkpt>
   <trkpt lat="56.1592540" lon="9.9578560">
    <ele>44.4</ele>
   </trkpt>
   <trkpt lat="56.1592030" lon="9.9578030">
    <ele>44.4</ele>
   </trkpt>
   <trkpt lat="56.1591580" lon="9.9577290">
    <ele>44.4</ele>
   </trkpt>
   <trkpt lat="56.1591280" lon="9.9576320">
    <ele>44.4</ele>
   </trkpt>
   <trkpt lat="56.1591130" lon="9.9575200">
    <ele>44.4</ele>
   </trkpt>
   <trkpt lat="56.1591090" lon="9.9574010">
    <ele>44.2</ele>
   </trkpt>
   <trkpt lat="56.1591060" lon="9.9572800">
    <ele>44.2</ele>
   </trkpt>
   <trkpt lat="56.1591000" lon="9.9571570">
    <ele>44.2</ele>
   </trkpt>
   <trkpt lat="56.1590940" lon="9.9570340">
    <ele>44.2</ele>
   </trkpt>
   <trkpt lat="56.1590870" lon="9.9569100">
    <ele>44.2</ele>
   </trkpt>
   <trkpt lat="56.1590830" lon="9.9567870">
    <ele>44.2</ele>
   </trkpt>
   <trkpt lat="56.1590780" lon="9.9566620">
    <ele>44.2</ele>
   </trkpt>
   <trkpt lat="56.1590730" lon="9.9565380">
    <ele>44.4</ele>
   </trkpt>
   <trkpt lat="56.1590650" lon="9.9564140">
    <ele>44.4</ele>
   </trkpt>
   <trkpt lat="56.1590580" lon="9.9562900">
    <ele>44.4</ele>
   </trkpt>
   <trkpt lat="56.1590540" lon="9.9561650">
    <ele>44.6</ele>
   </trkpt>
   <trkpt lat="56.1590520" lon="9.9560400">
    <ele>44.6</ele>
   </trkpt>
   <trkpt lat="56.1590510" lon="9.9559160">
    <ele>44.8</ele>
   </trkpt>
   <trkpt lat="56.1590510" lon="9.9557920">
    <ele>44.8</ele>
   </trkpt>
   <trkpt lat="56.1590480" lon="9.9556680">
    <ele>44.8</ele>
   </trkpt>
   <trkpt lat="56.1590410" lon="9.9555410">
    <ele>45.0</ele>
   </trkpt>
   <trkpt lat="56.1590300" lon="9.9554150">
    <ele>45.0</ele>
   </trkpt>
   <trkpt lat="56.1590190" lon="9.9552910">
    <ele>45.0</ele>
   </trkpt>
   <trkpt lat="56.1590090" lon="9.9551690">
    <ele>45.0</ele>
   </trkpt>
   <trkpt lat="56.1590020" lon="9.9550450">
    <ele>45.0</ele>
   </trkpt>
   <trkpt lat="56.1589960" lon="9.9549220">
    <ele>45.0</ele>
   </trkpt>
   <trkpt lat="56.1589890" lon="9.9547980">
    <ele>45.0</ele>
   </trkpt>
   <trkpt lat="56.1589830" lon="9.9546720">
    <ele>45.0</ele>
   </trkpt>
   <trkpt lat="56.1589770" lon="9.9545460">
    <ele>45.2</ele>
   </trkpt>
   <trkpt lat="56.1589740" lon="9.9544220">
    <ele>45.2</ele>
   </trkpt>
   <trkpt lat="56.1589730" lon="9.9542950">
    <ele>45.2</ele>
   </trkpt>
   <trkpt lat="56.1589690" lon="9.9541640">
    <ele>45.4</ele>
   </trkpt>
   <trkpt lat="56.1589620" lon="9.9540350">
    <ele>45.4</ele>
   </trkpt>
   <trkpt lat="56.1589560" lon="9.9539050">
    <ele>45.6</ele>
   </trkpt>
   <trkpt lat="56.1589560" lon="9.9537790">
    <ele>45.6</ele>
   </trkpt>
   <trkpt lat="56.1589570" lon="9.9536530">
    <ele>45.8</ele>
   </trkpt>
   <trkpt lat="56.1589550" lon="9.9535280">
    <ele>45.8</ele>
   </trkpt>
   <trkpt lat="56.1589490" lon="9.9534040">
    <ele>45.8</ele>
   </trkpt>
   <trkpt lat="56.1589440" lon="9.9532800">
    <ele>45.8</ele>
   </trkpt>
   <trkpt lat="56.1589360" lon="9.9531540">
    <ele>45.8</ele>
   </trkpt>
   <trkpt lat="56.1589300" lon="9.9530270">
    <ele>46.0</ele>
   </trkpt>
   <trkpt lat="56.1589260" lon="9.9529020">
    <ele>46.0</ele>
   </trkpt>
   <trkpt lat="56.1589220" lon="9.9527750">
    <ele>46.2</ele>
   </trkpt>
   <trkpt lat="56.1589150" lon="9.9526500">
    <ele>46.2</ele>
   </trkpt>
   <trkpt lat="56.1589100" lon="9.9525250">
    <ele>46.2</ele>
   </trkpt>
   <trkpt lat="56.1589040" lon="9.9524010">
    <ele>46.4</ele>
   </trkpt>
   <trkpt lat="56.1588970" lon="9.9522750">
    <ele>46.4</ele>
   </trkpt>
   <trkpt lat="56.1588910" lon="9.9521520">
    <ele>46.4</ele>
   </trkpt>
   <trkpt lat="56.1588850" lon="9.9520280">
    <ele>46.4</ele>
   </trkpt>
   <trkpt lat="56.1588790" lon="9.9518990">
    <ele>46.6</ele>
   </trkpt>
   <trkpt lat="56.1588730" lon="9.9517740">
    <ele>46.6</ele>
   </trkpt>
   <trkpt lat="56.1588670" lon="9.9516490">
    <ele>46.6</ele>
   </trkpt>
   <trkpt lat="56.1588610" lon="9.9515250">
    <ele>46.6</ele>
   </trkpt>
   <trkpt lat="56.1588550" lon="9.9513990">
    <ele>46.8</ele>
   </trkpt>
   <trkpt lat="56.1588480" lon="9.9512750">
    <ele>46.8</ele>
   </trkpt>
   <trkpt lat="56.1588420" lon="9.9511500">
    <ele>47.0</ele>
   </trkpt>
   <trkpt lat="56.1588360" lon="9.9510260">
    <ele>47.0</ele>
   </trkpt>
   <trkpt lat="56.1588310" lon="9.9509020">
    <ele>47.0</ele>
   </trkpt>
   <trkpt lat="56.1588250" lon="9.9507790">
    <ele>47.2</ele>
   </trkpt>
   <trkpt lat="56.1588180" lon="9.9506560">
    <ele>47.2</ele>
   </trkpt>
   <trkpt lat="56.1588110" lon="9.9505310">
    <ele>47.4</ele>
   </trkpt>
   <trkpt lat="56.1588050" lon="9.9504070">
    <ele>47.4</ele>
   </trkpt>
   <trkpt lat="56.1587990" lon="9.9502840">
    <ele>47.6</ele>
   </trkpt>
   <trkpt lat="56.1587910" lon="9.9501610">
    <ele>47.6</ele>
   </trkpt>
   <trkpt lat="56.1587810" lon="9.9500390">
    <ele>47.6</ele>
   </trkpt>
   <trkpt lat="56.1587680" lon="9.9499190">
    <ele>47.8</ele>
   </trkpt>
   <trkpt lat="56.1587550" lon="9.9497970">
    <ele>47.8</ele>
   </trkpt>
   <trkpt lat="56.1587440" lon="9.9496770">
    <ele>47.8</ele>
   </trkpt>
   <trkpt lat="56.1587310" lon="9.9495580">
    <ele>47.8</ele>
   </trkpt>
   <trkpt lat="56.1587200" lon="9.9494390">
    <ele>48.0</ele>
   </trkpt>
   <trkpt lat="56.1587110" lon="9.9493200">
    <ele>48.0</ele>
   </trkpt>
   <trkpt lat="56.1587000" lon="9.9491980">
    <ele>48.0</ele>
   </trkpt>
   <trkpt lat="56.1586880" lon="9.9490750">
    <ele>48.0</ele>
   </trkpt>
   <trkpt lat="56.1586750" lon="9.9489540">
    <ele>48.0</ele>
   </trkpt>
   <trkpt lat="56.1586600" lon="9.9488330">
    <ele>47.8</ele>
   </trkpt>
   <trkpt lat="56.1586430" lon="9.9487100">
    <ele>47.8</ele>
   </trkpt>
   <trkpt lat="56.1586260" lon="9.9485850">
    <ele>47.8</ele>
   </trkpt>
   <trkpt lat="56.1586070" lon="9.9484610">
    <ele>47.8</ele>
   </trkpt>
   <trkpt lat="56.1585890" lon="9.9483390">
    <ele>47.8</ele>
   </trkpt>
   <trkpt lat="56.1585690" lon="9.9482150">
    <ele>47.8</ele>
   </trkpt>
   <trkpt lat="56.1585500" lon="9.9480940">
    <ele>47.8</ele>
   </trkpt>
   <trkpt lat="56.1585300" lon="9.9479760">
    <ele>47.8</ele>
   </trkpt>
   <trkpt lat="56.1585110" lon="9.9478570">
    <ele>47.8</ele>
   </trkpt>
   <trkpt lat="56.1584940" lon="9.9477360">
    <ele>47.8</ele>
   </trkpt>
   <trkpt lat="56.1584760" lon="9.9476160">
    <ele>48.0</ele>
   </trkpt>
   <trkpt lat="56.1584580" lon="9.9474940">
    <ele>48.0</ele>
   </trkpt>
   <trkpt lat="56.1584390" lon="9.9473710">
    <ele>48.0</ele>
   </trkpt>
   <trkpt lat="56.1584190" lon="9.9472490">
    <ele>48.0</ele>
   </trkpt>
   <trkpt lat="56.1583990" lon="9.9471290">
    <ele>48.2</ele>
   </trkpt>
   <trkpt lat="56.1583800" lon="9.9470100">
    <ele>48.4</ele>
   </trkpt>
   <trkpt lat="56.1583630" lon="9.9468940">
    <ele>48.6</ele>
   </trkpt>
   <trkpt lat="56.1583500" lon="9.9467800">
    <ele>48.8</ele>
   </trkpt>
   <trkpt lat="56.1583410" lon="9.9466650">
    <ele>49.0</ele>
   </trkpt>
   <trkpt lat="56.1583300" lon="9.9465480">
    <ele>49.2</ele>
   </trkpt>
   <trkpt lat="56.1583160" lon="9.9464300">
    <ele>49.2</ele>
   </trkpt>
   <trkpt lat="56.1582960" lon="9.9463140">
    <ele>49.2</ele>
   </trkpt>
   <trkpt lat="56.1582760" lon="9.9461970">
    <ele>49.2</ele>
   </trkpt>
   <trkpt lat="56.1582540" lon="9.9460800">
    <ele>49.2</ele>
   </trkpt>
   <trkpt lat="56.1582340" lon="9.9459610">
    <ele>49.2</ele>
   </trkpt>
   <trkpt lat="56.1582150" lon="9.9458450">
    <ele>49.2</ele>
   </trkpt>
   <trkpt lat="56.1581970" lon="9.9457290">
    <ele>49.2</ele>
   </trkpt>
   <trkpt lat="56.1581780" lon="9.9456120">
    <ele>49.2</ele>
   </trkpt>
   <trkpt lat="56.1581580" lon="9.9454960">
    <ele>49.2</ele>
   </trkpt>
   <trkpt lat="56.1581380" lon="9.9453800">
    <ele>49.4</ele>
   </trkpt>
   <trkpt lat="56.1581190" lon="9.9452640">
    <ele>49.4</ele>
   </trkpt>
   <trkpt lat="56.1581010" lon="9.9451470">
    <ele>49.4</ele>
   </trkpt>
   <trkpt lat="56.1580870" lon="9.9450310">
    <ele>49.6</ele>
   </trkpt>
   <trkpt lat="56.1580720" lon="9.9449150">
    <ele>49.6</ele>
   </trkpt>
   <trkpt lat="56.1580560" lon="9.9447990">
    <ele>49.8</ele>
   </trkpt>
   <trkpt lat="56.1580420" lon="9.9446850">
    <ele>49.8</ele>
   </trkpt>
   <trkpt lat="56.1580290" lon="9.9445720">
    <ele>50.0</ele>
   </trkpt>
   <trkpt lat="56.1580160" lon="9.9444580">
    <ele>50.0</ele>
   </trkpt>
   <trkpt lat="56.1580030" lon="9.9443430">
    <ele>50.0</ele>
   </trkpt>
   <trkpt lat="56.1579870" lon="9.9442290">
    <ele>50.2</ele>
   </trkpt>
   <trkpt lat="56.1579700" lon="9.9441190">
    <ele>50.2</ele>
   </trkpt>
   <trkpt lat="56.1579540" lon="9.9440090">
    <ele>50.2</ele>
   </trkpt>
   <trkpt lat="56.1579380" lon="9.9439000">
    <ele>50.2</ele>
   </trkpt>
   <trkpt lat="56.1579210" lon="9.9437950">
    <ele>50.2</ele>
   </trkpt>
   <trkpt lat="56.1579000" lon="9.9436910">
    <ele>50.2</ele>
   </trkpt>
   <trkpt lat="56.1578800" lon="9.9435980">
    <ele>50.2</ele>
   </trkpt>
   <trkpt lat="56.1578620" lon="9.9435240">
    <ele>50.2</ele>
   </trkpt>
   <trkpt lat="56.1578430" lon="9.9434710">
    <ele>50.4</ele>
   </trkpt>
   <trkpt lat="56.1578120" lon="9.9434430">
    <ele>50.4</ele>
   </trkpt>
   <trkpt lat="56.1577750" lon="9.9434540">
    <ele>50.6</ele>
   </trkpt>
   <trkpt lat="56.1577360" lon="9.9434960">
    <ele>50.6</ele>
   </trkpt>
   <trkpt lat="56.1576950" lon="9.9435520">
    <ele>50.6</ele>
   </trkpt>
   <trkpt lat="56.1576500" lon="9.9436120">
    <ele>50.4</ele>
   </trkpt>
   <trkpt lat="56.1576010" lon="9.9436760">
    <ele>50.2</ele>
   </trkpt>
   <trkpt lat="56.1575500" lon="9.9437390">
    <ele>50.0</ele>
   </trkpt>
   <trkpt lat="56.1574950" lon="9.9438010">
    <ele>49.8</ele>
   </trkpt>
   <trkpt lat="56.1574390" lon="9.9438640">
    <ele>49.6</ele>
   </trkpt>
   <trkpt lat="56.1573810" lon="9.9439270">
    <ele>49.4</ele>
   </trkpt>
   <trkpt lat="56.1573220" lon="9.9439870">
    <ele>49.4</ele>
   </trkpt>
   <trkpt lat="56.1572600" lon="9.9440420">
    <ele>49.4</ele>
   </trkpt>
   <trkpt lat="56.1571960" lon="9.9440920">
    <ele>49.4</ele>
   </trkpt>
   <trkpt lat="56.1571320" lon="9.9441380">
    <ele>49.4</ele>
   </trkpt>
   <trkpt lat="56.1570660" lon="9.9441860">
    <ele>49.2</ele>
   </trkpt>
   <trkpt lat="56.1569980" lon="9.9442300">
    <ele>49.2</ele>
   </trkpt>
   <trkpt lat="56.1569280" lon="9.9442670">
    <ele>49.2</ele>
   </trkpt>
   <trkpt lat="56.1568580" lon="9.9443030">
    <ele>49.2</ele>
   </trkpt>
   <trkpt lat="56.1567870" lon="9.9443350">
    <ele>49.2</ele>
   </trkpt>
   <trkpt lat="56.1567160" lon="9.9443610">
    <ele>49.2</ele>
   </trkpt>
   <trkpt lat="56.1566470" lon="9.9443820">
    <ele>49.2</ele>
   </trkpt>
   <trkpt lat="56.1565770" lon="9.9443970">
    <ele>49.2</ele>
   </trkpt>
   <trkpt lat="56.1565090" lon="9.9444100">
    <ele>49.0</ele>
   </trkpt>
   <trkpt lat="56.1564420" lon="9.9444230">
    <ele>49.0</ele>
   </trkpt>
   <trkpt lat="56.1563740" lon="9.9444370">
    <ele>49.0</ele>
   </trkpt>
   <trkpt lat="56.1563080" lon="9.9444510">
    <ele>49.0</ele>
   </trkpt>
   <trkpt lat="56.1562430" lon="9.9444660">
    <ele>48.8</ele>
   </trkpt>
   <trkpt lat="56.1561790" lon="9.9444840">
    <ele>48.8</ele>
   </trkpt>
   <trkpt lat="56.1561150" lon="9.9445000">
    <ele>48.8</ele>
   </trkpt>
   <trkpt lat="56.1560510" lon="9.9445160">
    <ele>48.8</ele>
   </trkpt>
   <trkpt lat="56.1559850" lon="9.9445310">
    <ele>49.0</ele>
   </trkpt>
   <trkpt lat="56.1559210" lon="9.9445430">
    <ele>49.0</ele>
   </trkpt>
   <trkpt lat="56.1558540" lon="9.9445550">
    <ele>49.0</ele>
   </trkpt>
   <trkpt lat="56.1557840" lon="9.9445740">
    <ele>48.8</ele>
   </trkpt>
   <trkpt lat="56.1557110" lon="9.9446010">
    <ele>48.6</ele>
   </trkpt>
   <trkpt lat="56.1556350" lon="9.9446350">
    <ele>48.2</ele>
   </trkpt>
   <trkpt lat="56.1555570" lon="9.9446710">
    <ele>47.8</ele>
   </trkpt>
   <trkpt lat="56.1554780" lon="9.9447120">
    <ele>47.2</ele>
   </trkpt>
   <trkpt lat="56.1553990" lon="9.9447580">
    <ele>46.6</ele>
   </trkpt>
   <trkpt lat="56.1553190" lon="9.9448080">
    <ele>46.2</ele>
   </trkpt>
   <trkpt lat="56.1552380" lon="9.9448570">
    <ele>45.8</ele>
   </trkpt>
   <trkpt lat="56.1551560" lon="9.9449070">
    <ele>45.4</ele>
   </trkpt>
   <trkpt lat="56.1550730" lon="9.9449590">
    <ele>45.2</ele>
   </trkpt>
   <trkpt lat="56.1549880" lon="9.9450130">
    <ele>44.8</ele>
   </trkpt>
   <trkpt lat="56.1549020" lon="9.9450650">
    <ele>44.4</ele>
   </trkpt>
   <trkpt lat="56.1548160" lon="9.9451180">
    <ele>43.8</ele>
   </trkpt>
   <trkpt lat="56.1547280" lon="9.9451740">
    <ele>43.4</ele>
   </trkpt>
   <trkpt lat="56.1546390" lon="9.9452300">
    <ele>43.0</ele>
   </trkpt>
   <trkpt lat="56.1545490" lon="9.9452850">
    <ele>42.6</ele>
   </trkpt>
   <trkpt lat="56.1544600" lon="9.9453380">
    <ele>42.2</ele>
   </trkpt>
   <trkpt lat="56.1543680" lon="9.9453910">
    <ele>41.8</ele>
   </trkpt>
   <trkpt lat="56.1542770" lon="9.9454470">
    <ele>41.4</ele>
   </trkpt>
   <trkpt lat="56.1541860" lon="9.9455030">
    <ele>41.2</ele>
   </trkpt>
   <trkpt lat="56.1540960" lon="9.9455590">
    <ele>41.0</ele>
   </trkpt>
   <trkpt lat="56.1540060" lon="9.9456130">
    <ele>40.6</ele>
   </trkpt>
   <trkpt lat="56.1539190" lon="9.9456660">
    <ele>40.6</ele>
   </trkpt>
   <trkpt lat="56.1538300" lon="9.9457200">
    <ele>40.4</ele>
   </trkpt>
   <trkpt lat="56.1537430" lon="9.9457750">
    <ele>40.2</ele>
   </trkpt>
   <trkpt lat="56.1536570" lon="9.9458280">
    <ele>40.2</ele>
   </trkpt>
   <trkpt lat="56.1535710" lon="9.9458770">
    <ele>40.2</ele>
   </trkpt>
   <trkpt lat="56.1534870" lon="9.9459260">
    <ele>40.2</ele>
   </trkpt>
   <trkpt lat="56.1534060" lon="9.9459750">
    <ele>40.2</ele>
   </trkpt>
   <trkpt lat="56.1533240" lon="9.9460210">
    <ele>40.2</ele>
   </trkpt>
   <trkpt lat="56.1532420" lon="9.9460640">
    <ele>40.2</ele>
   </trkpt>
   <trkpt lat="56.1531570" lon="9.9460990">
    <ele>40.2</ele>
   </trkpt>
   <trkpt lat="56.1530720" lon="9.9461350">
    <ele>40.2</ele>
   </trkpt>
   <trkpt lat="56.1529900" lon="9.9461840">
    <ele>40.2</ele>
   </trkpt>
   <trkpt lat="56.1529070" lon="9.9462400">
    <ele>40.2</ele>
   </trkpt>
   <trkpt lat="56.1528240" lon="9.9462920">
    <ele>40.2</ele>
   </trkpt>
   <trkpt lat="56.1527400" lon="9.9463410">
    <ele>40.2</ele>
   </trkpt>
   <trkpt lat="56.1526580" lon="9.9463870">
    <ele>40.0</ele>
   </trkpt>
   <trkpt lat="56.1525760" lon="9.9464380">
    <ele>40.0</ele>
   </trkpt>
   <trkpt lat="56.1524920" lon="9.9464850">
    <ele>40.0</ele>
   </trkpt>
   <trkpt lat="56.1524080" lon="9.9465260">
    <ele>40.0</ele>
   </trkpt>
   <trkpt lat="56.1523260" lon="9.9465630">
    <ele>40.0</ele>
   </trkpt>
   <trkpt lat="56.1522450" lon="9.9466050">
    <ele>40.0</ele>
   </trkpt>
   <trkpt lat="56.1521640" lon="9.9466550">
    <ele>40.0</ele>
   </trkpt>
   <trkpt lat="56.1520840" lon="9.9467030">
    <ele>40.0</ele>
   </trkpt>
   <trkpt lat="56.1520020" lon="9.9467460">
    <ele>40.0</ele>
   </trkpt>
   <trkpt lat="56.1519190" lon="9.9467840">
    <ele>39.8</ele>
   </trkpt>
   <trkpt lat="56.1518360" lon="9.9468180">
    <ele>40.0</ele>
   </trkpt>
   <trkpt lat="56.1517540" lon="9.9468560">
    <ele>40.0</ele>
   </trkpt>
   <trkpt lat="56.1516710" lon="9.9468960">
    <ele>40.0</ele>
   </trkpt>
   <trkpt lat="56.1515900" lon="9.9469310">
    <ele>40.2</ele>
   </trkpt>
   <trkpt lat="56.1515080" lon="9.9469700">
    <ele>40.2</ele>
   </trkpt>
   <trkpt lat="56.1514250" lon="9.9470100">
    <ele>40.2</ele>
   </trkpt>
   <trkpt lat="56.1513440" lon="9.9470460">
    <ele>40.2</ele>
   </trkpt>
   <trkpt lat="56.1512640" lon="9.9470840">
    <ele>40.4</ele>
   </trkpt>
   <trkpt lat="56.1511830" lon="9.9471230">
    <ele>40.4</ele>
   </trkpt>
   <trkpt lat="56.1511020" lon="9.9471610">
    <ele>40.4</ele>
   </trkpt>
   <trkpt lat="56.1510210" lon="9.9471950">
    <ele>40.4</ele>
   </trkpt>
   <trkpt lat="56.1509400" lon="9.9472310">
    <ele>40.6</ele>
   </trkpt>
   <trkpt lat="56.1508590" lon="9.9472740">
    <ele>40.6</ele>
   </trkpt>
   <trkpt lat="56.1507790" lon="9.9473180">
    <ele>40.6</ele>
   </trkpt>
   <trkpt lat="56.1506990" lon="9.9473650">
    <ele>40.6</ele>
   </trkpt>
   <trkpt lat="56.1506210" lon="9.9474200">
    <ele>40.8</ele>
   </trkpt>
   <trkpt lat="56.1505430" lon="9.9474790">
    <ele>40.8</ele>
   </trkpt>
   <trkpt lat="56.1504680" lon="9.9475390">
    <ele>40.8</ele>
   </trkpt>
   <trkpt lat="56.1503920" lon="9.9476030">
    <ele>40.8</ele>
   </trkpt>
   <trkpt lat="56.1503210" lon="9.9476700">
    <ele>40.8</ele>
   </trkpt>
   <trkpt lat="56.1502510" lon="9.9477380">
    <ele>40.8</ele>
   </trkpt>
   <trkpt lat="56.1501850" lon="9.9478070">
    <ele>41.0</ele>
   </trkpt>
   <trkpt lat="56.1501220" lon="9.9478790">
    <ele>41.2</ele>
   </trkpt>
   <trkpt lat="56.1500590" lon="9.9479410">
    <ele>41.6</ele>
   </trkpt>
   <trkpt lat="56.1499940" lon="9.9479910">
    <ele>42.0</ele>
   </trkpt>
   <trkpt lat="56.1499310" lon="9.9480300">
    <ele>42.4</ele>
   </trkpt>
   <trkpt lat="56.1498730" lon="9.9480540">
    <ele>42.8</ele>
   </trkpt>
   <trkpt lat="56.1498270" lon="9.9480550">
    <ele>43.2</ele>
   </trkpt>
   <trkpt lat="56.1497920" lon="9.9480470">
    <ele>43.6</ele>
   </trkpt>
   <trkpt lat="56.1497580" lon="9.9480520">
    <ele>43.8</ele>
   </trkpt>
   <trkpt lat="56.1497280" lon="9.9480790">
    <ele>44.0</ele>
   </trkpt>
   <trkpt lat="56.1497040" lon="9.9481280">
    <ele>44.2</ele>
   </trkpt>
   <trkpt lat="56.1496820" lon="9.9481890">
    <ele>44.2</ele>
   </trkpt>
   <trkpt lat="56.1496510" lon="9.9482490">
    <ele>44.0</ele>
   </trkpt>
   <trkpt lat="56.1496080" lon="9.9482970">
    <ele>44.0</ele>
   </trkpt>
   <trkpt lat="56.1495590" lon="9.9483200">
    <ele>44.0</ele>
   </trkpt>
   <trkpt lat="56.1495090" lon="9.9483040">
    <ele>44.0</ele>
   </trkpt>
   <trkpt lat="56.1494670" lon="9.9482510">
    <ele>44.2</ele>
   </trkpt>
   <trkpt lat="56.1494370" lon="9.9481710">
    <ele>44.2</ele>
   </trkpt>
   <trkpt lat="56.1494190" lon="9.9480770">
    <ele>44.4</ele>
   </trkpt>
   <trkpt lat="56.1494070" lon="9.9479770">
    <ele>44.4</ele>
   </trkpt>
   <trkpt lat="56.1493930" lon="9.9478690">
    <ele>44.4</ele>
   </trkpt>
   <trkpt lat="56.1493760" lon="9.9477610">
    <ele>44.4</ele>
   </trkpt>
   <trkpt lat="56.1493530" lon="9.9476520">
    <ele>44.2</ele>
   </trkpt>
   <trkpt lat="56.1493260" lon="9.9475390">
    <ele>44.0</ele>
   </trkpt>
   <trkpt lat="56.1492980" lon="9.9474260">
    <ele>43.8</ele>
   </trkpt>
   <trkpt lat="56.1492670" lon="9.9473120">
    <ele>43.6</ele>
   </trkpt>
   <trkpt lat="56.1492330" lon="9.9471980">
    <ele>43.6</ele>
   </trkpt>
   <trkpt lat="56.1491950" lon="9.9470890">
    <ele>43.4</ele>
   </trkpt>
   <trkpt lat="56.1491550" lon="9.9469810">
    <ele>43.2</ele>
   </trkpt>
   <trkpt lat="56.1491130" lon="9.9468750">
    <ele>43.2</ele>
   </trkpt>
   <trkpt lat="56.1490730" lon="9.9467690">
    <ele>43.0</ele>
   </trkpt>
   <trkpt lat="56.1490320" lon="9.9466670">
    <ele>43.0</ele>
   </trkpt>
   <trkpt lat="56.1489920" lon="9.9465650">
    <ele>43.0</ele>
   </trkpt>
   <trkpt lat="56.1489570" lon="9.9464580">
    <ele>43.0</ele>
   </trkpt>
   <trkpt lat="56.1489230" lon="9.9463520">
    <ele>43.2</ele>
   </trkpt>
   <trkpt lat="56.1488890" lon="9.9462460">
    <ele>43.2</ele>
   </trkpt>
   <trkpt lat="56.1488520" lon="9.9461420">
    <ele>43.4</ele>
   </trkpt>
   <trkpt lat="56.1488160" lon="9.9460390">
    <ele>43.6</ele>
   </trkpt>
   <trkpt lat="56.1487810" lon="9.9459330">
    <ele>43.6</ele>
   </trkpt>
   <trkpt lat="56.1487460" lon="9.9458290">
    <ele>43.6</ele>
   </trkpt>
   <trkpt lat="56.1487090" lon="9.9457230">
    <ele>43.6</ele>
   </trkpt>
   <trkpt lat="56.1486720" lon="9.9456160">
    <ele>43.6</ele>
   </trkpt>
   <trkpt lat="56.1486360" lon="9.9455070">
    <ele>43.6</ele>
   </trkpt>
   <trkpt lat="56.1485990" lon="9.9453950">
    <ele>43.6</ele>
   </trkpt>
   <trkpt lat="56.1485650" lon="9.9452830">
    <ele>43.6</ele>
   </trkpt>
   <trkpt lat="56.1485280" lon="9.9451700">
    <ele>43.6</ele>
   </trkpt>
   <trkpt lat="56.1484900" lon="9.9450600">
    <ele>43.4</ele>
   </trkpt>
   <trkpt lat="56.1484480" lon="9.9449520">
    <ele>43.4</ele>
   </trkpt>
   <trkpt lat="56.1484020" lon="9.9448460">
    <ele>43.4</ele>
   </trkpt>
   <trkpt lat="56.1483530" lon="9.9447410">
    <ele>43.2</ele>
   </trkpt>
   <trkpt lat="56.1482990" lon="9.9446410">
    <ele>43.0</ele>
   </trkpt>
   <trkpt lat="56.1482410" lon="9.9445490">
    <ele>42.8</ele>
   </trkpt>
   <trkpt lat="56.1481770" lon="9.9444620">
    <ele>42.6</ele>
   </trkpt>
   <trkpt lat="56.1481120" lon="9.9443800">
    <ele>42.4</ele>
   </trkpt>
   <trkpt lat="56.1480440" lon="9.9443010">
    <ele>42.2</ele>
   </trkpt>
   <trkpt lat="56.1479750" lon="9.9442210">
    <ele>42.2</ele>
   </trkpt>
   <trkpt lat="56.1479080" lon="9.9441380">
    <ele>42.2</ele>
   </trkpt>
   <trkpt lat="56.1478440" lon="9.9440500">
    <ele>42.0</ele>
   </trkpt>
   <trkpt lat="56.1477840" lon="9.9439550">
    <ele>42.0</ele>
   </trkpt>
   <trkpt lat="56.1477270" lon="9.9438540">
    <ele>42.0</ele>
   </trkpt>
   <trkpt lat="56.1476730" lon="9.9437480">
    <ele>41.8</ele>
   </trkpt>
   <trkpt lat="56.1476240" lon="9.9436360">
    <ele>41.8</ele>
   </trkpt>
   <trkpt lat="56.1475790" lon="9.9435180">
    <ele>41.6</ele>
   </trkpt>
   <trkpt lat="56.1475400" lon="9.9433920">
    <ele>41.6</ele>
   </trkpt>
   <trkpt lat="56.1475060" lon="9.9432650">
    <ele>41.4</ele>
   </trkpt>
   <trkpt lat="56.1474700" lon="9.9431370">
    <ele>41.4</ele>
   </trkpt>
   <trkpt lat="56.1474310" lon="9.9430160">
    <ele>41.6</ele>
   </trkpt>
   <trkpt lat="56.1473890" lon="9.9429000">
    <ele>41.6</ele>
   </trkpt>
   <trkpt lat="56.1473390" lon="9.9427920">
    <ele>41.8</ele>
   </trkpt>
   <trkpt lat="56.1472820" lon="9.9426960">
    <ele>41.8</ele>
   </trkpt>
   <trkpt lat="56.1472200" lon="9.9426120">
    <ele>41.8</ele>
   </trkpt>
   <trkpt lat="56.1471530" lon="9.9425410">
    <ele>41.8</ele>
   </trkpt>
   <trkpt lat="56.1470850" lon="9.9424800">
    <ele>42.0</ele>
   </trkpt>
   <trkpt lat="56.1470150" lon="9.9424240">
    <ele>42.0</ele>
   </trkpt>
   <trkpt lat="56.1469440" lon="9.9423670">
    <ele>42.0</ele>
   </trkpt>
   <trkpt lat="56.1468740" lon="9.9423100">
    <ele>41.8</ele>
   </trkpt>
   <trkpt lat="56.1468040" lon="9.9422530">
    <ele>41.8</ele>
   </trkpt>
   <trkpt lat="56.1467330" lon="9.9421950">
    <ele>41.8</ele>
   </trkpt>
   <trkpt lat="56.1466620" lon="9.9421390">
    <ele>41.8</ele>
   </trkpt>
   <trkpt lat="56.1465900" lon="9.9420810">
    <ele>41.8</ele>
   </trkpt>
   <trkpt lat="56.1465190" lon="9.9420220">
    <ele>41.8</ele>
   </trkpt>
   <trkpt lat="56.1464470" lon="9.9419660">
    <ele>41.8</ele>
   </trkpt>
   <trkpt lat="56.1463760" lon="9.9419120">
    <ele>41.6</ele>
   </trkpt>
   <trkpt lat="56.1463060" lon="9.9418620">
    <ele>41.6</ele>
   </trkpt>
   <trkpt lat="56.1462360" lon="9.9418140">
    <ele>41.8</ele>
   </trkpt>
   <trkpt lat="56.1461650" lon="9.9417680">
    <ele>41.8</ele>
   </trkpt>
   <trkpt lat="56.1460930" lon="9.9417320">
    <ele>41.8</ele>
   </trkpt>
   <trkpt lat="56.1460170" lon="9.9417230">
    <ele>41.8</ele>
   </trkpt>
   <trkpt lat="56.1459410" lon="9.9417310">
    <ele>41.8</ele>
   </trkpt>
   <trkpt lat="56.1458640" lon="9.9417470">
    <ele>41.6</ele>
   </trkpt>
   <trkpt lat="56.1457870" lon="9.9417630">
    <ele>41.6</ele>
   </trkpt>
   <trkpt lat="56.1457090" lon="9.9417790">
    <ele>41.4</ele>
   </trkpt>
   <trkpt lat="56.1456310" lon="9.9417930">
    <ele>41.4</ele>
   </trkpt>
   <trkpt lat="56.1455540" lon="9.9418080">
    <ele>41.4</ele>
   </trkpt>
   <trkpt lat="56.1454770" lon="9.9418260">
    <ele>41.4</ele>
   </trkpt>
   <trkpt lat="56.1454010" lon="9.9418420">
    <ele>41.4</ele>
   </trkpt>
   <trkpt lat="56.1453240" lon="9.9418610">
    <ele>41.4</ele>
   </trkpt>
   <trkpt lat="56.1452470" lon="9.9418770">
    <ele>41.6</ele>
   </trkpt>
   <trkpt lat="56.1451690" lon="9.9418930">
    <ele>41.4</ele>
   </trkpt>
   <trkpt lat="56.1450910" lon="9.9419100">
    <ele>41.4</ele>
   </trkpt>
   <trkpt lat="56.1450130" lon="9.9419320">
    <ele>41.4</ele>
   </trkpt>
   <trkpt lat="56.1449370" lon="9.9419610">
    <ele>41.4</ele>
   </trkpt>
   <trkpt lat="56.1448610" lon="9.9419910">
    <ele>41.6</ele>
   </trkpt>
   <trkpt lat="56.1447860" lon="9.9420160">
    <ele>41.6</ele>
   </trkpt>
   <trkpt lat="56.1447110" lon="9.9420360">
    <ele>41.8</ele>
   </trkpt>
   <trkpt lat="56.1446350" lon="9.9420540">
    <ele>41.8</ele>
   </trkpt>
   <trkpt lat="56.1445610" lon="9.9420680">
    <ele>42.0</ele>
   </trkpt>
   <trkpt lat="56.1444870" lon="9.9420750">
    <ele>42.2</ele>
   </trkpt>
   <trkpt lat="56.1444130" lon="9.9420730">
    <ele>42.4</ele>
   </trkpt>
   <trkpt lat="56.1443390" lon="9.9420660">
    <ele>42.6</ele>
   </trkpt>
   <trkpt lat="56.1442660" lon="9.9420560">
    <ele>43.0</ele>
   </trkpt>
   <trkpt lat="56.1441920" lon="9.9420500">
    <ele>43.0</ele>
   </trkpt>
   <trkpt lat="56.1441190" lon="9.9420440">
    <ele>43.2</ele>
   </trkpt>
   <trkpt lat="56.1440470" lon="9.9420370">
    <ele>43.2</ele>
   </trkpt>
   <trkpt lat="56.1439750" lon="9.9420280">
    <ele>43.2</ele>
   </trkpt>
   <trkpt lat="56.1439020" lon="9.9420130">
    <ele>43.4</ele>
   </trkpt>
   <trkpt lat="56.1438300" lon="9.9419950">
    <ele>43.4</ele>
   </trkpt>
   <trkpt lat="56.1437580" lon="9.9419730">
    <ele>43.6</ele>
   </trkpt>
   <trkpt lat="56.1436870" lon="9.9419520">
    <ele>43.8</ele>
   </trkpt>
   <trkpt lat="56.1436160" lon="9.9419280">
    <ele>43.8</ele>
   </trkpt>
   <trkpt lat="56.1435450" lon="9.9419020">
    <ele>44.0</ele>
   </trkpt>
   <trkpt lat="56.1434730" lon="9.9418770">
    <ele>44.0</ele>
   </trkpt>
   <trkpt lat="56.1434010" lon="9.9418510">
    <ele>44.0</ele>
   </trkpt>
   <trkpt lat="56.1433290" lon="9.9418240">
    <ele>44.0</ele>
   </trkpt>
   <trkpt lat="56.1432570" lon="9.9418000">
    <ele>44.0</ele>
   </trkpt>
   <trkpt lat="56.1431850" lon="9.9417780">
    <ele>44.0</ele>
   </trkpt>
   <trkpt lat="56.1431130" lon="9.9417570">
    <ele>44.2</ele>
   </trkpt>
   <trkpt lat="56.1430420" lon="9.9417390">
    <ele>44.2</ele>
   </trkpt>
   <trkpt lat="56.1429710" lon="9.9417210">
    <ele>44.2</ele>
   </trkpt>
   <trkpt lat="56.1429000" lon="9.9417040">
    <ele>44.4</ele>
   </trkpt>
   <trkpt lat="56.1428300" lon="9.9416890">
    <ele>44.4</ele>
   </trkpt>
   <trkpt lat="56.1427580" lon="9.9416780">
    <ele>44.4</ele>
   </trkpt>
   <trkpt lat="56.1426880" lon="9.9416690">
    <ele>44.4</ele>
   </trkpt>
   <trkpt lat="56.1426180" lon="9.9416610">
    <ele>44.4</ele>
   </trkpt>
   <trkpt lat="56.1425480" lon="9.9416570">
    <ele>44.6</ele>
   </trkpt>
   <trkpt lat="56.1424790" lon="9.9416540">
    <ele>44.6</ele>
   </trkpt>
   <trkpt lat="56.1424090" lon="9.9416510">
    <ele>44.8</ele>
   </trkpt>
   <trkpt lat="56.1423400" lon="9.9416510">
    <ele>45.0</ele>
   </trkpt>
   <trkpt lat="56.1422710" lon="9.9416510">
    <ele>45.2</ele>
   </trkpt>
   <trkpt lat="56.1422020" lon="9.9416560">
    <ele>45.2</ele>
   </trkpt>
   <trkpt lat="56.1421350" lon="9.9416620">
    <ele>45.4</ele>
   </trkpt>
   <trkpt lat="56.1420690" lon="9.9416700">
    <ele>45.6</ele>
   </trkpt>
   <trkpt lat="56.1420060" lon="9.9416810">
    <ele>45.8</ele>
   </trkpt>
   <trkpt lat="56.1419420" lon="9.9416920">
    <ele>46.0</ele>
   </trkpt>
   <trkpt lat="56.1418780" lon="9.9417080">
    <ele>46.2</ele>
   </trkpt>
   <trkpt lat="56.1418160" lon="9.9417240">
    <ele>46.4</ele>
   </trkpt>
   <trkpt lat="56.1417550" lon="9.9417380">
    <ele>46.6</ele>
   </trkpt>
   <trkpt lat="56.1416930" lon="9.9417550">
    <ele>46.8</ele>
   </trkpt>
   <trkpt lat="56.1416330" lon="9.9417730">
    <ele>46.8</ele>
   </trkpt>
   <trkpt lat="56.1415710" lon="9.9417920">
    <ele>46.8</ele>
   </trkpt>
   <trkpt lat="56.1415100" lon="9.9418150">
    <ele>47.0</ele>
   </trkpt>
   <trkpt lat="56.1414470" lon="9.9418400">
    <ele>46.8</ele>
   </trkpt>
   <trkpt lat="56.1413850" lon="9.9418690">
    <ele>47.0</ele>
   </trkpt>
   <trkpt lat="56.1413220" lon="9.9419010">
    <ele>47.0</ele>
   </trkpt>
   <trkpt lat="56.1412570" lon="9.9419300">
    <ele>46.8</ele>
   </trkpt>
   <trkpt lat="56.1411930" lon="9.9419580">
    <ele>46.8</ele>
   </trkpt>
   <trkpt lat="56.1411280" lon="9.9419860">
    <ele>46.8</ele>
   </trkpt>
   <trkpt lat="56.1410620" lon="9.9420190">
    <ele>46.8</ele>
   </trkpt>
   <trkpt lat="56.1409970" lon="9.9420550">
    <ele>46.8</ele>
   </trkpt>
   <trkpt lat="56.1409320" lon="9.9420920">
    <ele>46.8</ele>
   </trkpt>
   <trkpt lat="56.1408670" lon="9.9421280">
    <ele>46.8</ele>
   </trkpt>
   <trkpt lat="56.1408000" lon="9.9421660">
    <ele>46.8</ele>
   </trkpt>
   <trkpt lat="56.1407330" lon="9.9422060">
    <ele>46.6</ele>
   </trkpt>
   <trkpt lat="56.1406660" lon="9.9422430">
    <ele>46.6</ele>
   </trkpt>
   <trkpt lat="56.1405960" lon="9.9422810">
    <ele>46.4</ele>
   </trkpt>
   <trkpt lat="56.1405260" lon="9.9423220">
    <ele>46.4</ele>
   </trkpt>
   <trkpt lat="56.1404550" lon="9.9423640">
    <ele>46.2</ele>
   </trkpt>
   <trkpt lat="56.1403840" lon="9.9424060">
    <ele>46.0</ele>
   </trkpt>
   <trkpt lat="56.1403140" lon="9.9424480">
    <ele>45.8</ele>
   </trkpt>
   <trkpt lat="56.1402430" lon="9.9424880">
    <ele>45.8</ele>
   </trkpt>
   <trkpt lat="56.1401720" lon="9.9425270">
    <ele>45.6</ele>
   </trkpt>
   <trkpt lat="56.1401000" lon="9.9425640">
    <ele>45.4</ele>
   </trkpt>
   <trkpt lat="56.1400260" lon="9.9425970">
    <ele>45.4</ele>
   </trkpt>
   <trkpt lat="56.1399500" lon="9.9426290">
    <ele>45.2</ele>
   </trkpt>
   <trkpt lat="56.1398720" lon="9.9426660">
    <ele>45.0</ele>
   </trkpt>
   <trkpt lat="56.1397930" lon="9.9427000">
    <ele>44.8</ele>
   </trkpt>
   <trkpt lat="56.1397140" lon="9.9427300">
    <ele>44.6</ele>
   </trkpt>
   <trkpt lat="56.1396320" lon="9.9427550">
    <ele>44.2</ele>
   </trkpt>
   <trkpt lat="56.1395500" lon="9.9427740">
    <ele>44.0</ele>
   </trkpt>
   <trkpt lat="56.1394680" lon="9.9427930">
    <ele>43.8</ele>
   </trkpt>
   <trkpt lat="56.1393860" lon="9.9428110">
    <ele>43.8</ele>
   </trkpt>
   <trkpt lat="56.1393050" lon="9.9428260">
    <ele>43.6</ele>
   </trkpt>
   <trkpt lat="56.1392250" lon="9.9428370">
    <ele>43.6</ele>
   </trkpt>
   <trkpt lat="56.1391460" lon="9.9428470">
    <ele>43.4</ele>
   </trkpt>
   <trkpt lat="56.1390670" lon="9.9428550">
    <ele>43.4</ele>
   </trkpt>
   <trkpt lat="56.1389880" lon="9.9428610">
    <ele>43.4</ele>
   </trkpt>
   <trkpt lat="56.1389090" lon="9.9428670">
    <ele>43.4</ele>
   </trkpt>
   <trkpt lat="56.1388300" lon="9.9428720">
    <ele>43.4</ele>
   </trkpt>
   <trkpt lat="56.1387530" lon="9.9428730">
    <ele>43.4</ele>
   </trkpt>
   <trkpt lat="56.1386750" lon="9.9428760">
    <ele>43.4</ele>
   </trkpt>
   <trkpt lat="56.1385990" lon="9.9428790">
    <ele>43.6</ele>
   </trkpt>
   <trkpt lat="56.1385240" lon="9.9428830">
    <ele>43.8</ele>
   </trkpt>
   <trkpt lat="56.1384500" lon="9.9428910">
    <ele>43.8</ele>
   </trkpt>
   <trkpt lat="56.1383760" lon="9.9429090">
    <ele>44.0</ele>
   </trkpt>
   <trkpt lat="56.1383050" lon="9.9429350">
    <ele>44.2</ele>
   </trkpt>
   <trkpt lat="56.1382360" lon="9.9429570">
    <ele>44.4</ele>
   </trkpt>
   <trkpt lat="56.1381690" lon="9.9429810">
    <ele>44.4</ele>
   </trkpt>
   <trkpt lat="56.1381050" lon="9.9430110">
    <ele>44.6</ele>
   </trkpt>
   <trkpt lat="56.1380460" lon="9.9430420">
    <ele>44.8</ele>
   </trkpt>
   <trkpt lat="56.1379890" lon="9.9430640">
    <ele>45.0</ele>
   </trkpt>
   <trkpt lat="56.1379320" lon="9.9430600">
    <ele>45.2</ele>
   </trkpt>
   <trkpt lat="56.1378810" lon="9.9430150">
    <ele>45.2</ele>
   </trkpt>
   <trkpt lat="56.1378410" lon="9.9429380">
    <ele>45.4</ele>
   </trkpt>
   <trkpt lat="56.1378040" lon="9.9428490">
    <ele>45.4</ele>
   </trkpt>
   <trkpt lat="56.1377680" lon="9.9427570">
    <ele>45.4</ele>
   </trkpt>
   <trkpt lat="56.1377300" lon="9.9426650">
    <ele>45.4</ele>
   </trkpt>
   <trkpt lat="56.1376910" lon="9.9425730">
    <ele>45.6</ele>
   </trkpt>
   <trkpt lat="56.1376520" lon="9.9424780">
    <ele>45.6</ele>
   </trkpt>
   <trkpt lat="56.1376120" lon="9.9423820">
    <ele>45.8</ele>
   </trkpt>
   <trkpt lat="56.1375710" lon="9.9422840">
    <ele>45.8</ele>
   </trkpt>
   <trkpt lat="56.1375310" lon="9.9421860">
    <ele>45.8</ele>
   </trkpt>
   <trkpt lat="56.1374880" lon="9.9420860">
    <ele>46.0</ele>
   </trkpt>
   <trkpt lat="56.1374460" lon="9.9419830">
    <ele>46.0</ele>
   </trkpt>
   <trkpt lat="56.1374040" lon="9.9418810">
    <ele>46.0</ele>
   </trkpt>
   <trkpt lat="56.1373620" lon="9.9417800">
    <ele>46.2</ele>
   </trkpt>
   <trkpt lat="56.1373220" lon="9.9416780">
    <ele>46.4</ele>
   </trkpt>
   <trkpt lat="56.1372820" lon="9.9415770">
    <ele>46.6</ele>
   </trkpt>
   <trkpt lat="56.1372430" lon="9.9414810">
    <ele>46.6</ele>
   </trkpt>
   <trkpt lat="56.1372040" lon="9.9413870">
    <ele>47.0</ele>
   </trkpt>
   <trkpt lat="56.1371680" lon="9.9412950">
    <ele>47.4</ele>
   </trkpt>
   <trkpt lat="56.1371340" lon="9.9412040">
    <ele>47.8</ele>
   </trkpt>
   <trkpt lat="56.1371020" lon="9.9411150">
    <ele>48.2</ele>
   </trkpt>
   <trkpt lat="56.1370740" lon="9.9410310">
    <ele>48.4</ele>
   </trkpt>
   <trkpt lat="56.1370500" lon="9.9409500">
    <ele>48.6</ele>
   </trkpt>
   <trkpt lat="56.1370280" lon="9.9408690">
    <ele>49.0</ele>
   </trkpt>
   <trkpt lat="56.1370090" lon="9.9407890">
    <ele>49.4</ele>
   </trkpt>
   <trkpt lat="56.1369920" lon="9.9407120">
    <ele>49.8</ele>
   </trkpt>
   <trkpt lat="56.1369740" lon="9.9406330">
    <ele>50.2</ele>
   </trkpt>
   <trkpt lat="56.1369590" lon="9.9405560">
    <ele>50.4</ele>
   </trkpt>
   <trkpt lat="56.1369470" lon="9.9404840">
    <ele>50.8</ele>
   </trkpt>
   <trkpt lat="56.1369360" lon="9.9404170">
    <ele>51.0</ele>
   </trkpt>
   <trkpt lat="56.1369170" lon="9.9403590">
    <ele>51.2</ele>
   </trkpt>
   <trkpt lat="56.1368880" lon="9.9403220">
    <ele>51.2</ele>
   </trkpt>
   <trkpt lat="56.1368560" lon="9.9403050">
    <ele>51.4</ele>
   </trkpt>
   <trkpt lat="56.1368220" lon="9.9403080">
    <ele>51.4</ele>
   </trkpt>
   <trkpt lat="56.1367850" lon="9.9403240">
    <ele>51.4</ele>
   </trkpt>
   <trkpt lat="56.1367440" lon="9.9403440">
    <ele>51.4</ele>
   </trkpt>
   <trkpt lat="56.1366980" lon="9.9403600">
    <ele>51.4</ele>
   </trkpt>
   <trkpt lat="56.1366490" lon="9.9403730">
    <ele>51.2</ele>
   </trkpt>
   <trkpt lat="56.1365960" lon="9.9403900">
    <ele>51.0</ele>
   </trkpt>
   <trkpt lat="56.1365420" lon="9.9404140">
    <ele>50.8</ele>
   </trkpt>
   <trkpt lat="56.1364860" lon="9.9404480">
    <ele>50.4</ele>
   </trkpt>
   <trkpt lat="56.1364270" lon="9.9404790">
    <ele>50.2</ele>
   </trkpt>
   <trkpt lat="56.1363630" lon="9.9405060">
    <ele>49.8</ele>
   </trkpt>
   <trkpt lat="56.1362950" lon="9.9405330">
    <ele>49.4</ele>
   </trkpt>
   <trkpt lat="56.1362240" lon="9.9405610">
    <ele>48.8</ele>
   </trkpt>
   <trkpt lat="56.1361470" lon="9.9405870">
    <ele>48.2</ele>
   </trkpt>
   <trkpt lat="56.1360640" lon="9.9406070">
    <ele>47.6</ele>
   </trkpt>
   <trkpt lat="56.1359770" lon="9.9406280">
    <ele>46.6</ele>
   </trkpt>
   <trkpt lat="56.1358830" lon="9.9406520">
    <ele>45.6</ele>
   </trkpt>
   <trkpt lat="56.1357830" lon="9.9406750">
    <ele>44.6</ele>
   </trkpt>
   <trkpt lat="56.1356780" lon="9.9406960">
    <ele>43.4</ele>
   </trkpt>
   <trkpt lat="56.1355690" lon="9.9407180">
    <ele>42.2</ele>
   </trkpt>
   <trkpt lat="56.1354580" lon="9.9407440">
    <ele>41.0</ele>
   </trkpt>
   <trkpt lat="56.1353440" lon="9.9407690">
    <ele>39.8</ele>
   </trkpt>
   <trkpt lat="56.1352300" lon="9.9407940">
    <ele>38.8</ele>
   </trkpt>
   <trkpt lat="56.1351160" lon="9.9408240">
    <ele>38.2</ele>
   </trkpt>
   <trkpt lat="56.1350040" lon="9.9408540">
    <ele>37.6</ele>
   </trkpt>
   <trkpt lat="56.1348930" lon="9.9408800">
    <ele>37.2</ele>
   </trkpt>
   <trkpt lat="56.1347830" lon="9.9409070">
    <ele>36.8</ele>
   </trkpt>
   <trkpt lat="56.1346730" lon="9.9409350">
    <ele>36.4</ele>
   </trkpt>
   <trkpt lat="56.1345640" lon="9.9409650">
    <ele>36.0</ele>
   </trkpt>
   <trkpt lat="56.1344550" lon="9.9410060">
    <ele>35.4</ele>
   </trkpt>
   <trkpt lat="56.1343470" lon="9.9410600">
    <ele>35.0</ele>
   </trkpt>
   <trkpt lat="56.1342370" lon="9.9411210">
    <ele>34.4</ele>
   </trkpt>
   <trkpt lat="56.1341260" lon="9.9411830">
    <ele>33.6</ele>
   </trkpt>
   <trkpt lat="56.1340140" lon="9.9412410">
    <ele>33.0</ele>
   </trkpt>
   <trkpt lat="56.1339020" lon="9.9412980">
    <ele>32.4</ele>
   </trkpt>
   <trkpt lat="56.1337900" lon="9.9413550">
    <ele>31.4</ele>
   </trkpt>
   <trkpt lat="56.1336770" lon="9.9414170">
    <ele>30.6</ele>
   </trkpt>
   <trkpt lat="56.1335630" lon="9.9414770">
    <ele>29.8</ele>
   </trkpt>
   <trkpt lat="56.1334500" lon="9.9415390">
    <ele>29.0</ele>
   </trkpt>
   <trkpt lat="56.1333400" lon="9.9416010">
    <ele>28.4</ele>
   </trkpt>
   <trkpt lat="56.1332310" lon="9.9416620">
    <ele>28.0</ele>
   </trkpt>
   <trkpt lat="56.1331250" lon="9.9417200">
    <ele>27.8</ele>
   </trkpt>
   <trkpt lat="56.1330230" lon="9.9417780">
    <ele>27.6</ele>
   </trkpt>
   <trkpt lat="56.1329240" lon="9.9418340">
    <ele>27.6</ele>
   </trkpt>
   <trkpt lat="56.1328280" lon="9.9418940">
    <ele>27.6</ele>
   </trkpt>
   <trkpt lat="56.1327360" lon="9.9419610">
    <ele>27.4</ele>
   </trkpt>
   <trkpt lat="56.1326510" lon="9.9420410">
    <ele>27.6</ele>
   </trkpt>
   <trkpt lat="56.1325720" lon="9.9421320">
    <ele>27.6</ele>
   </trkpt>
   <trkpt lat="56.1325000" lon="9.9422320">
    <ele>27.6</ele>
   </trkpt>
   <trkpt lat="56.1324310" lon="9.9423350">
    <ele>27.8</ele>
   </trkpt>
   <trkpt lat="56.1323630" lon="9.9424350">
    <ele>28.0</ele>
   </trkpt>
   <trkpt lat="56.1322970" lon="9.9425310">
    <ele>28.0</ele>
   </trkpt>
   <trkpt lat="56.1322320" lon="9.9426250">
    <ele>28.2</ele>
   </trkpt>
   <trkpt lat="56.1321690" lon="9.9427160">
    <ele>28.6</ele>
   </trkpt>
   <trkpt lat="56.1321050" lon="9.9427970">
    <ele>28.8</ele>
   </trkpt>
   <trkpt lat="56.1320410" lon="9.9428710">
    <ele>29.2</ele>
   </trkpt>
   <trkpt lat="56.1319810" lon="9.9429480">
    <ele>29.4</ele>
   </trkpt>
   <trkpt lat="56.1319240" lon="9.9430280">
    <ele>29.8</ele>
   </trkpt>
   <trkpt lat="56.1318690" lon="9.9431030">
    <ele>30.0</ele>
   </trkpt>
   <trkpt lat="56.1318120" lon="9.9431770">
    <ele>30.4</ele>
   </trkpt>
   <trkpt lat="56.1317560" lon="9.9432550">
    <ele>30.6</ele>
   </trkpt>
   <trkpt lat="56.1317020" lon="9.9433330">
    <ele>30.8</ele>
   </trkpt>
   <trkpt lat="56.1316500" lon="9.9434090">
    <ele>31.0</ele>
   </trkpt>
   <trkpt lat="56.1315990" lon="9.9434830">
    <ele>31.4</ele>
   </trkpt>
   <trkpt lat="56.1315500" lon="9.9435590">
    <ele>31.6</ele>
   </trkpt>
   <trkpt lat="56.1315010" lon="9.9436350">
    <ele>31.8</ele>
   </trkpt>
   <trkpt lat="56.1314510" lon="9.9437110">
    <ele>32.0</ele>
   </trkpt>
   <trkpt lat="56.1314010" lon="9.9437850">
    <ele>32.2</ele>
   </trkpt>
   <trkpt lat="56.1313530" lon="9.9438580">
    <ele>32.6</ele>
   </trkpt>
   <trkpt lat="56.1313070" lon="9.9439290">
    <ele>32.8</ele>
   </trkpt>
   <trkpt lat="56.1312600" lon="9.9439980">
    <ele>33.0</ele>
   </trkpt>
   <trkpt lat="56.1312160" lon="9.9440670">
    <ele>33.4</ele>
   </trkpt>
   <trkpt lat="56.1311730" lon="9.9441360">
    <ele>33.8</ele>
   </trkpt>
   <trkpt lat="56.1311320" lon="9.9442040">
    <ele>34.2</ele>
   </trkpt>
   <trkpt lat="56.1310910" lon="9.9442710">
    <ele>34.4</ele>
   </trkpt>
   <trkpt lat="56.1310540" lon="9.9443350">
    <ele>34.8</ele>
   </trkpt>
   <trkpt lat="56.1310190" lon="9.9444040">
    <ele>35.2</ele>
   </trkpt>
   <trkpt lat="56.1309860" lon="9.9444790">
    <ele>35.4</ele>
   </trkpt>
   <trkpt lat="56.1309510" lon="9.9445550">
    <ele>35.6</ele>
   </trkpt>
   <trkpt lat="56.1309160" lon="9.9446370">
    <ele>35.6</ele>
   </trkpt>
   <trkpt lat="56.1308790" lon="9.9447250">
    <ele>35.6</ele>
   </trkpt>
   <trkpt lat="56.1308460" lon="9.9448200">
    <ele>35.6</ele>
   </trkpt>
   <trkpt lat="56.1308160" lon="9.9449240">
    <ele>35.6</ele>
   </trkpt>
   <trkpt lat="56.1307920" lon="9.9450350">
    <ele>35.4</ele>
   </trkpt>
   <trkpt lat="56.1307740" lon="9.9451520">
    <ele>35.4</ele>
   </trkpt>
   <trkpt lat="56.1307610" lon="9.9452710">
    <ele>35.2</ele>
   </trkpt>
   <trkpt lat="56.1307500" lon="9.9453940">
    <ele>35.0</ele>
   </trkpt>
   <trkpt lat="56.1307430" lon="9.9455210">
    <ele>34.8</ele>
   </trkpt>
   <trkpt lat="56.1307350" lon="9.9456520">
    <ele>34.6</ele>
   </trkpt>
   <trkpt lat="56.1307270" lon="9.9457870">
    <ele>34.2</ele>
   </trkpt>
   <trkpt lat="56.1307190" lon="9.9459250">
    <ele>33.8</ele>
   </trkpt>
   <trkpt lat="56.1307120" lon="9.9460650">
    <ele>33.4</ele>
   </trkpt>
   <trkpt lat="56.1307030" lon="9.9462050">
    <ele>33.0</ele>
   </trkpt>
   <trkpt lat="56.1306930" lon="9.9463440">
    <ele>32.6</ele>
   </trkpt>
   <trkpt lat="56.1306800" lon="9.9464780">
    <ele>32.4</ele>
   </trkpt>
   <trkpt lat="56.1306620" lon="9.9466100">
    <ele>32.2</ele>
   </trkpt>
   <trkpt lat="56.1306350" lon="9.9467350">
    <ele>32.0</ele>
   </trkpt>
   <trkpt lat="56.1305960" lon="9.9468470">
    <ele>31.8</ele>
   </trkpt>
   <trkpt lat="56.1305450" lon="9.9469420">
    <ele>31.8</ele>
   </trkpt>
   <trkpt lat="56.1304850" lon="9.9470220">
    <ele>32.0</ele>
   </trkpt>
   <trkpt lat="56.1304230" lon="9.9470930">
    <ele>32.0</ele>
   </trkpt>
   <trkpt lat="56.1303600" lon="9.9471620">
    <ele>32.2</ele>
   </trkpt>
   <trkpt lat="56.1303000" lon="9.9472270">
    <ele>32.6</ele>
   </trkpt>
   <trkpt lat="56.1302430" lon="9.9472940">
    <ele>33.0</ele>
   </trkpt>
   <trkpt lat="56.1301880" lon="9.9473610">
    <ele>33.4</ele>
   </trkpt>
   <trkpt lat="56.1301330" lon="9.9474270">
    <ele>33.8</ele>
   </trkpt>
   <trkpt lat="56.1300760" lon="9.9474920">
    <ele>34.0</ele>
   </trkpt>
   <trkpt lat="56.1300200" lon="9.9475540">
    <ele>34.2</ele>
   </trkpt>
   <trkpt lat="56.1299640" lon="9.9476140">
    <ele>34.4</ele>
   </trkpt>
   <trkpt lat="56.1299080" lon="9.9476770">
    <ele>34.4</ele>
   </trkpt>
   <trkpt lat="56.1298520" lon="9.9477400">
    <ele>34.6</ele>
   </trkpt>
   <trkpt lat="56.1297980" lon="9.9478030">
    <ele>34.8</ele>
   </trkpt>
   <trkpt lat="56.1297450" lon="9.9478610">
    <ele>35.2</ele>
   </trkpt>
   <trkpt lat="56.1296920" lon="9.9479150">
    <ele>35.4</ele>
   </trkpt>
   <trkpt lat="56.1296360" lon="9.9479620">
    <ele>35.6</ele>
   </trkpt>
   <trkpt lat="56.1295770" lon="9.9480050">
    <ele>35.6</ele>
   </trkpt>
   <trkpt lat="56.1295150" lon="9.9480430">
    <ele>35.6</ele>
   </trkpt>
   <trkpt lat="56.1294490" lon="9.9480750">
    <ele>35.6</ele>
   </trkpt>
   <trkpt lat="56.1293810" lon="9.9481060">
    <ele>35.4</ele>
   </trkpt>
   <trkpt lat="56.1293100" lon="9.9481340">
    <ele>35.2</ele>
   </trkpt>
   <trkpt lat="56.1292370" lon="9.9481620">
    <ele>34.8</ele>
   </trkpt>
   <trkpt lat="56.1291610" lon="9.9481910">
    <ele>34.6</ele>
   </trkpt>
   <trkpt lat="56.1290820" lon="9.9482220">
    <ele>34.2</ele>
   </trkpt>
   <trkpt lat="56.1289990" lon="9.9482640">
    <ele>33.6</ele>
   </trkpt>
   <trkpt lat="56.1289120" lon="9.9483210">
    <ele>33.0</ele>
   </trkpt>
   <trkpt lat="56.1288250" lon="9.9483960">
    <ele>32.2</ele>
   </trkpt>
   <trkpt lat="56.1287410" lon="9.9484880">
    <ele>31.2</ele>
   </trkpt>
   <trkpt lat="56.1286620" lon="9.9486000">
    <ele>30.4</ele>
   </trkpt>
   <trkpt lat="56.1285870" lon="9.9487260">
    <ele>29.6</ele>
   </trkpt>
   <trkpt lat="56.1285160" lon="9.9488580">
    <ele>28.8</ele>
   </trkpt>
   <trkpt lat="56.1284470" lon="9.9489920">
    <ele>28.0</ele>
   </trkpt>
   <trkpt lat="56.1283760" lon="9.9491260">
    <ele>27.6</ele>
   </trkpt>
   <trkpt lat="56.1283050" lon="9.9492580">
    <ele>27.0</ele>
   </trkpt>
   <trkpt lat="56.1282340" lon="9.9493920">
    <ele>26.4</ele>
   </trkpt>
   <trkpt lat="56.1281610" lon="9.9495290">
    <ele>25.8</ele>
   </trkpt>
   <trkpt lat="56.1280860" lon="9.9496700">
    <ele>25.2</ele>
   </trkpt>
   <trkpt lat="56.1280120" lon="9.9498100">
    <ele>24.6</ele>
   </trkpt>
   <trkpt lat="56.1279390" lon="9.9499500">
    <ele>24.0</ele>
   </trkpt>
   <trkpt lat="56.1278660" lon="9.9500890">
    <ele>23.6</ele>
   </trkpt>
   <trkpt lat="56.1277950" lon="9.9502200">
    <ele>23.2</ele>
   </trkpt>
   <trkpt lat="56.1277250" lon="9.9503460">
    <ele>23.2</ele>
   </trkpt>
   <trkpt lat="56.1276610" lon="9.9504720">
    <ele>23.2</ele>
   </trkpt>
   <trkpt lat="56.1275980" lon="9.9505930">
    <ele>23.4</ele>
   </trkpt>
   <trkpt lat="56.1275360" lon="9.9507050">
    <ele>23.6</ele>
   </trkpt>
   <trkpt lat="56.1274710" lon="9.9508090">
    <ele>23.8</ele>
   </trkpt>
   <trkpt lat="56.1274030" lon="9.9509040">
    <ele>24.0</ele>
   </trkpt>
   <trkpt lat="56.1273320" lon="9.9509970">
    <ele>24.0</ele>
   </trkpt>
   <trkpt lat="56.1272550" lon="9.9510860">
    <ele>24.0</ele>
   </trkpt>
   <trkpt lat="56.1271750" lon="9.9511720">
    <ele>23.6</ele>
   </trkpt>
   <trkpt lat="56.1270940" lon="9.9512540">
    <ele>23.2</ele>
   </trkpt>
   <trkpt lat="56.1270140" lon="9.9513320">
    <ele>23.0</ele>
   </trkpt>
   <trkpt lat="56.1269340" lon="9.9514030">
    <ele>22.8</ele>
   </trkpt>
   <trkpt lat="56.1268550" lon="9.9514740">
    <ele>22.8</ele>
   </trkpt>
   <trkpt lat="56.1267810" lon="9.9515420">
    <ele>23.0</ele>
   </trkpt>
   <trkpt lat="56.1267130" lon="9.9516050">
    <ele>23.6</ele>
   </trkpt>
   <trkpt lat="56.1266500" lon="9.9516580">
    <ele>24.2</ele>
   </trkpt>
   <trkpt lat="56.1265890" lon="9.9517060">
    <ele>24.8</ele>
   </trkpt>
   <trkpt lat="56.1265290" lon="9.9517530">
    <ele>25.4</ele>
   </trkpt>
   <trkpt lat="56.1264710" lon="9.9518000">
    <ele>26.0</ele>
   </trkpt>
   <trkpt lat="56.1264130" lon="9.9518450">
    <ele>26.4</ele>
   </trkpt>
   <trkpt lat="56.1263540" lon="9.9518880">
    <ele>26.8</ele>
   </trkpt>
   <trkpt lat="56.1262940" lon="9.9519340">
    <ele>27.0</ele>
   </trkpt>
   <trkpt lat="56.1262320" lon="9.9519850">
    <ele>27.2</ele>
   </trkpt>
   <trkpt lat="56.1261700" lon="9.9520330">
    <ele>27.2</ele>
   </trkpt>
   <trkpt lat="56.1261070" lon="9.9520780">
    <ele>27.4</ele>
   </trkpt>
   <trkpt lat="56.1260440" lon="9.9521210">
    <ele>27.4</ele>
   </trkpt>
   <trkpt lat="56.1259810" lon="9.9521640">
    <ele>27.4</ele>
   </trkpt>
   <trkpt lat="56.1259210" lon="9.9522050">
    <ele>27.8</ele>
   </trkpt>
   <trkpt lat="56.1258610" lon="9.9522450">
    <ele>28.0</ele>
   </trkpt>
   <trkpt lat="56.1258020" lon="9.9522850">
    <ele>28.4</ele>
   </trkpt>
   <trkpt lat="56.1257450" lon="9.9523220">
    <ele>28.8</ele>
   </trkpt>
   <trkpt lat="56.1256900" lon="9.9523550">
    <ele>29.2</ele>
   </trkpt>
   <trkpt lat="56.1256350" lon="9.9523850">
    <ele>29.6</ele>
   </trkpt>
   <trkpt lat="56.1255830" lon="9.9524120">
    <ele>30.0</ele>
   </trkpt>
   <trkpt lat="56.1255360" lon="9.9524380">
    <ele>30.6</ele>
   </trkpt>
   <trkpt lat="56.1254900" lon="9.9524630">
    <ele>31.2</ele>
   </trkpt>
   <trkpt lat="56.1254450" lon="9.9524870">
    <ele>31.6</ele>
   </trkpt>
   <trkpt lat="56.1254020" lon="9.9525120">
    <ele>32.2</ele>
   </trkpt>
   <trkpt lat="56.1253610" lon="9.9525370">
    <ele>32.6</ele>
   </trkpt>
   <trkpt lat="56.1253200" lon="9.9525610">
    <ele>33.0</ele>
   </trkpt>
   <trkpt lat="56.1252810" lon="9.9525840">
    <ele>33.4</ele>
   </trkpt>
   <trkpt lat="56.1252420" lon="9.9526050">
    <ele>33.6</ele>
   </trkpt>
   <trkpt lat="56.1252020" lon="9.9526240">
    <ele>34.0</ele>
   </trkpt>
   <trkpt lat="56.1251620" lon="9.9526440">
    <ele>34.2</ele>
   </trkpt>
   <trkpt lat="56.1251240" lon="9.9526690">
    <ele>34.6</ele>
   </trkpt>
   <trkpt lat="56.1250880" lon="9.9526930">
    <ele>34.8</ele>
   </trkpt>
   <trkpt lat="56.1250510" lon="9.9527100">
    <ele>35.0</ele>
   </trkpt>
   <trkpt lat="56.1250140" lon="9.9527240">
    <ele>35.4</ele>
   </trkpt>
   <trkpt lat="56.1249780" lon="9.9527410">
    <ele>35.6</ele>
   </trkpt>
   <trkpt lat="56.1249430" lon="9.9527630">
    <ele>36.0</ele>
   </trkpt>
   <trkpt lat="56.1249110" lon="9.9527850">
    <ele>36.2</ele>
   </trkpt>
   <trkpt lat="56.1248780" lon="9.9528040">
    <ele>36.6</ele>
   </trkpt>
   <trkpt lat="56.1248480" lon="9.9528220">
    <ele>37.0</ele>
   </trkpt>
   <trkpt lat="56.1248180" lon="9.9528370">
    <ele>37.4</ele>
   </trkpt>
   <trkpt lat="56.1247890" lon="9.9528470">
    <ele>37.6</ele>
   </trkpt>
   <trkpt lat="56.1247610" lon="9.9528580">
    <ele>38.0</ele>
   </trkpt>
   <trkpt lat="56.1247330" lon="9.9528730">
    <ele>38.4</ele>
   </trkpt>
   <trkpt lat="56.1247050" lon="9.9528900">
    <ele>38.6</ele>
   </trkpt>
   <trkpt lat="56.1246780" lon="9.9529080">
    <ele>39.0</ele>
   </trkpt>
   <trkpt lat="56.1246490" lon="9.9529290">
    <ele>39.2</ele>
   </trkpt>
   <trkpt lat="56.1246180" lon="9.9529440">
    <ele>39.4</ele>
   </trkpt>
   <trkpt lat="56.1245860" lon="9.9529580">
    <ele>39.6</ele>
   </trkpt>
   <trkpt lat="56.1245550" lon="9.9529770">
    <ele>39.8</ele>
   </trkpt>
   <trkpt lat="56.1245230" lon="9.9529960">
    <ele>40.0</ele>
   </trkpt>
   <trkpt lat="56.1244920" lon="9.9530070">
    <ele>40.2</ele>
   </trkpt>
   <trkpt lat="56.1244590" lon="9.9530180">
    <ele>40.4</ele>
   </trkpt>
   <trkpt lat="56.1244280" lon="9.9530340">
    <ele>40.6</ele>
   </trkpt>
   <trkpt lat="56.1243980" lon="9.9530530">
    <ele>40.8</ele>
   </trkpt>
   <trkpt lat="56.1243670" lon="9.9530770">
    <ele>41.0</ele>
   </trkpt>
   <trkpt lat="56.1243330" lon="9.9530960">
    <ele>41.2</ele>
   </trkpt>
   <trkpt lat="56.1242990" lon="9.9531120">
    <ele>41.4</ele>
   </trkpt>
   <trkpt lat="56.1242640" lon="9.9531260">
    <ele>41.6</ele>
   </trkpt>
   <trkpt lat="56.1242280" lon="9.9531420">
    <ele>41.8</ele>
   </trkpt>
   <trkpt lat="56.1241930" lon="9.9531590">
    <ele>42.0</ele>
   </trkpt>
   <trkpt lat="56.1241570" lon="9.9531740">
    <ele>42.2</ele>
   </trkpt>
   <trkpt lat="56.1241220" lon="9.9531890">
    <ele>42.4</ele>
   </trkpt>
   <trkpt lat="56.1240870" lon="9.9532080">
    <ele>42.6</ele>
   </trkpt>
   <trkpt lat="56.1240520" lon="9.9532260">
    <ele>42.6</ele>
   </trkpt>
   <trkpt lat="56.1240170" lon="9.9532460">
    <ele>42.8</ele>
   </trkpt>
   <trkpt lat="56.1239810" lon="9.9532660">
    <ele>43.0</ele>
   </trkpt>
   <trkpt lat="56.1239450" lon="9.9532850">
    <ele>43.2</ele>
   </trkpt>
   <trkpt lat="56.1239070" lon="9.9533010">
    <ele>43.2</ele>
   </trkpt>
   <trkpt lat="56.1238690" lon="9.9533130">
    <ele>43.4</ele>
   </trkpt>
   <trkpt lat="56.1238310" lon="9.9533220">
    <ele>43.6</ele>
   </trkpt>
   <trkpt lat="56.1237930" lon="9.9533340">
    <ele>43.6</ele>
   </trkpt>
   <trkpt lat="56.1237540" lon="9.9533490">
    <ele>43.6</ele>
   </trkpt>
   <trkpt lat="56.1237150" lon="9.9533650">
    <ele>43.8</ele>
   </trkpt>
   <trkpt lat="56.1236750" lon="9.9533790">
    <ele>43.8</ele>
   </trkpt>
   <trkpt lat="56.1236350" lon="9.9533960">
    <ele>44.0</ele>
   </trkpt>
   <trkpt lat="56.1235950" lon="9.9534150">
    <ele>44.0</ele>
   </trkpt>
   <trkpt lat="56.1235550" lon="9.9534320">
    <ele>44.0</ele>
   </trkpt>
   <trkpt lat="56.1235140" lon="9.9534440">
    <ele>44.2</ele>
   </trkpt>
   <trkpt lat="56.1234740" lon="9.9534570">
    <ele>44.2</ele>
   </trkpt>
   <trkpt lat="56.1234360" lon="9.9534750">
    <ele>44.4</ele>
   </trkpt>
   <trkpt lat="56.1233980" lon="9.9534910">
    <ele>44.6</ele>
   </trkpt>
   <trkpt lat="56.1233610" lon="9.9535060">
    <ele>44.8</ele>
   </trkpt>
   <trkpt lat="56.1233250" lon="9.9535190">
    <ele>45.2</ele>
   </trkpt>
   <trkpt lat="56.1232900" lon="9.9535320">
    <ele>45.4</ele>
   </trkpt>
   <trkpt lat="56.1232560" lon="9.9535430">
    <ele>45.6</ele>
   </trkpt>
   <trkpt lat="56.1232220" lon="9.9535550">
    <ele>46.0</ele>
   </trkpt>
   <trkpt lat="56.1231890" lon="9.9535690">
    <ele>46.2</ele>
   </trkpt>
   <trkpt lat="56.1231570" lon="9.9535820">
    <ele>46.6</ele>
   </trkpt>
   <trkpt lat="56.1231260" lon="9.9535940">
    <ele>46.8</ele>
   </trkpt>
   <trkpt lat="56.1230950" lon="9.9536080">
    <ele>47.2</ele>
   </trkpt>
   <trkpt lat="56.1230640" lon="9.9536190">
    <ele>47.4</ele>
   </trkpt>
   <trkpt lat="56.1230340" lon="9.9536280">
    <ele>47.8</ele>
   </trkpt>
   <trkpt lat="56.1230030" lon="9.9536360">
    <ele>48.0</ele>
   </trkpt>
   <trkpt lat="56.1229720" lon="9.9536440">
    <ele>48.4</ele>
   </trkpt>
   <trkpt lat="56.1229410" lon="9.9536570">
    <ele>48.6</ele>
   </trkpt>
   <trkpt lat="56.1229100" lon="9.9536690">
    <ele>49.0</ele>
   </trkpt>
   <trkpt lat="56.1228770" lon="9.9536780">
    <ele>49.2</ele>
   </trkpt>
   <trkpt lat="56.1228440" lon="9.9536900">
    <ele>49.4</ele>
   </trkpt>
   <trkpt lat="56.1228100" lon="9.9537010">
    <ele>49.4</ele>
   </trkpt>
   <trkpt lat="56.1227750" lon="9.9537100">
    <ele>49.6</ele>
   </trkpt>
   <trkpt lat="56.1227380" lon="9.9537230">
    <ele>49.8</ele>
   </trkpt>
   <trkpt lat="56.1227030" lon="9.9537370">
    <ele>49.8</ele>
   </trkpt>
   <trkpt lat="56.1226660" lon="9.9537490">
    <ele>49.8</ele>
   </trkpt>
   <trkpt lat="56.1226290" lon="9.9537610">
    <ele>50.0</ele>
   </trkpt>
   <trkpt lat="56.1225920" lon="9.9537720">
    <ele>50.0</ele>
   </trkpt>
   <trkpt lat="56.1225540" lon="9.9537880">
    <ele>50.0</ele>
   </trkpt>
   <trkpt lat="56.1225140" lon="9.9538040">
    <ele>50.2</ele>
   </trkpt>
   <trkpt lat="56.1224730" lon="9.9538170">
    <ele>50.2</ele>
   </trkpt>
   <trkpt lat="56.1224310" lon="9.9538280">
    <ele>50.2</ele>
   </trkpt>
   <trkpt lat="56.1223880" lon="9.9538440">
    <ele>50.2</ele>
   </trkpt>
   <trkpt lat="56.1223430" lon="9.9538590">
    <ele>50.4</ele>
   </trkpt>
   <trkpt lat="56.1222990" lon="9.9538750">
    <ele>50.4</ele>
   </trkpt>
   <trkpt lat="56.1222530" lon="9.9538870">
    <ele>50.4</ele>
   </trkpt>
   <trkpt lat="56.1222080" lon="9.9538930">
    <ele>50.4</ele>
   </trkpt>
   <trkpt lat="56.1221610" lon="9.9538930">
    <ele>50.4</ele>
   </trkpt>
   <trkpt lat="56.1221130" lon="9.9538920">
    <ele>50.4</ele>
   </trkpt>
   <trkpt lat="56.1220660" lon="9.9538920">
    <ele>50.6</ele>
   </trkpt>
   <trkpt lat="56.1220180" lon="9.9538900">
    <ele>50.6</ele>
   </trkpt>
   <trkpt lat="56.1219700" lon="9.9538860">
    <ele>50.8</ele>
   </trkpt>
   <trkpt lat="56.1219210" lon="9.9538830">
    <ele>50.8</ele>
   </trkpt>
   <trkpt lat="56.1218720" lon="9.9538780">
    <ele>51.0</ele>
   </trkpt>
   <trkpt lat="56.1218240" lon="9.9538760">
    <ele>51.0</ele>
   </trkpt>
   <trkpt lat="56.1217770" lon="9.9538730">
    <ele>51.2</ele>
   </trkpt>
   <trkpt lat="56.1217300" lon="9.9538720">
    <ele>51.4</ele>
   </trkpt>
   <trkpt lat="56.1216820" lon="9.9538700">
    <ele>51.4</ele>
   </trkpt>
   <trkpt lat="56.1216350" lon="9.9538670">
    <ele>51.6</ele>
   </trkpt>
   <trkpt lat="56.1215890" lon="9.9538630">
    <ele>51.8</ele>
   </trkpt>
   <trkpt lat="56.1215420" lon="9.9538590">
    <ele>52.0</ele>
   </trkpt>
   <trkpt lat="56.1214950" lon="9.9538550">
    <ele>52.0</ele>
   </trkpt>
   <trkpt lat="56.1214470" lon="9.9538520">
    <ele>52.2</ele>
   </trkpt>
   <trkpt lat="56.1213980" lon="9.9538490">
    <ele>52.2</ele>
   </trkpt>
   <trkpt lat="56.1213480" lon="9.9538450">
    <ele>52.2</ele>
   </trkpt>
   <trkpt lat="56.1212960" lon="9.9538420">
    <ele>52.2</ele>
   </trkpt>
   <trkpt lat="56.1212420" lon="9.9538400">
    <ele>52.2</ele>
   </trkpt>
   <trkpt lat="56.1211870" lon="9.9538360">
    <ele>52.2</ele>
   </trkpt>
   <trkpt lat="56.1211330" lon="9.9538350">
    <ele>52.0</ele>
   </trkpt>
   <trkpt lat="56.1210780" lon="9.9538320">
    <ele>52.2</ele>
   </trkpt>
   <trkpt lat="56.1210230" lon="9.9538290">
    <ele>52.0</ele>
   </trkpt>
   <trkpt lat="56.1209670" lon="9.9538260">
    <ele>52.0</ele>
   </trkpt>
   <trkpt lat="56.1209110" lon="9.9538220">
    <ele>52.2</ele>
   </trkpt>
   <trkpt lat="56.1208550" lon="9.9538180">
    <ele>52.2</ele>
   </trkpt>
   <trkpt lat="56.1207990" lon="9.9538150">
    <ele>52.2</ele>
   </trkpt>
   <trkpt lat="56.1207440" lon="9.9538130">
    <ele>52.2</ele>
   </trkpt>
   <trkpt lat="56.1206880" lon="9.9538070">
    <ele>52.4</ele>
   </trkpt>
   <trkpt lat="56.1206330" lon="9.9538030">
    <ele>52.4</ele>
   </trkpt>
   <trkpt lat="56.1205790" lon="9.9537980">
    <ele>52.4</ele>
   </trkpt>
   <trkpt lat="56.1205250" lon="9.9537930">
    <ele>52.6</ele>
   </trkpt>
   <trkpt lat="56.1204710" lon="9.9537900">
    <ele>52.6</ele>
   </trkpt>
   <trkpt lat="56.1204160" lon="9.9537880">
    <ele>52.8</ele>
   </trkpt>
   <trkpt lat="56.1203610" lon="9.9537840">
    <ele>53.0</ele>
   </trkpt>
   <trkpt lat="56.1203050" lon="9.9537800">
    <ele>53.0</ele>
   </trkpt>
   <trkpt lat="56.1202510" lon="9.9537760">
    <ele>53.2</ele>
   </trkpt>
   <trkpt lat="56.1201970" lon="9.9537670">
    <ele>53.4</ele>
   </trkpt>
   <trkpt lat="56.1201450" lon="9.9537580">
    <ele>53.4</ele>
   </trkpt>
   <trkpt lat="56.1200930" lon="9.9537560">
    <ele>53.6</ele>
   </trkpt>
   <trkpt lat="56.1200400" lon="9.9537600">
    <ele>53.6</ele>
   </trkpt>
   <trkpt lat="56.1199880" lon="9.9537570">
    <ele>53.8</ele>
   </trkpt>
   <trkpt lat="56.1199360" lon="9.9537500">
    <ele>53.8</ele>
   </trkpt>
   <trkpt lat="56.1198830" lon="9.9537490">
    <ele>54.0</ele>
   </trkpt>
   <trkpt lat="56.1198300" lon="9.9537460">
    <ele>54.0</ele>
   </trkpt>
   <trkpt lat="56.1197750" lon="9.9537400">
    <ele>54.0</ele>
   </trkpt>
   <trkpt lat="56.1197200" lon="9.9537320">
    <ele>54.0</ele>
   </trkpt>
   <trkpt lat="56.1196660" lon="9.9537210">
    <ele>54.2</ele>
   </trkpt>
   <trkpt lat="56.1196120" lon="9.9537130">
    <ele>54.2</ele>
   </trkpt>
   <trkpt lat="56.1195590" lon="9.9537060">
    <ele>54.4</ele>
   </trkpt>
   <trkpt lat="56.1195060" lon="9.9536970">
    <ele>54.4</ele>
   </trkpt>
   <trkpt lat="56.1194540" lon="9.9536880">
    <ele>54.4</ele>
   </trkpt>
   <trkpt lat="56.1194040" lon="9.9536820">
    <ele>54.4</ele>
   </trkpt>
   <trkpt lat="56.1193590" lon="9.9536870">
    <ele>54.6</ele>
   </trkpt>
   <trkpt lat="56.1193210" lon="9.9537270">
    <ele>54.6</ele>
   </trkpt>
   <trkpt lat="56.1192990" lon="9.9537980">
    <ele>54.8</ele>
   </trkpt>
   <trkpt lat="56.1192900" lon="9.9538860">
    <ele>54.8</ele>
   </trkpt>
   <trkpt lat="56.1192860" lon="9.9539810">
    <ele>54.8</ele>
   </trkpt>
   <trkpt lat="56.1192830" lon="9.9540800">
    <ele>54.8</ele>
   </trkpt>
   <trkpt lat="56.1192790" lon="9.9541800">
    <ele>54.8</ele>
   </trkpt>
   <trkpt lat="56.1192750" lon="9.9542790">
    <ele>54.8</ele>
   </trkpt>
   <trkpt lat="56.1192690" lon="9.9543800">
    <ele>54.8</ele>
   </trkpt>
   <trkpt lat="56.1192640" lon="9.9544800">
    <ele>54.8</ele>
   </trkpt>
   <trkpt lat="56.1192590" lon="9.9545810">
    <ele>54.8</ele>
   </trkpt>
   <trkpt lat="56.1192550" lon="9.9546810">
    <ele>54.8</ele>
   </trkpt>
   <trkpt lat="56.1192530" lon="9.9547820">
    <ele>55.0</ele>
   </trkpt>
   <trkpt lat="56.1192500" lon="9.9548840">
    <ele>55.0</ele>
   </trkpt>
   <trkpt lat="56.1192470" lon="9.9549850">
    <ele>55.0</ele>
   </trkpt>
   <trkpt lat="56.1192430" lon="9.9550860">
    <ele>55.0</ele>
   </trkpt>
   <trkpt lat="56.1192390" lon="9.9551890">
    <ele>55.0</ele>
   </trkpt>
   <trkpt lat="56.1192330" lon="9.9552890">
    <ele>55.0</ele>
   </trkpt>
   <trkpt lat="56.1192260" lon="9.9553870">
    <ele>55.0</ele>
   </trkpt>
   <trkpt lat="56.1192210" lon="9.9554850">
    <ele>55.0</ele>
   </trkpt>
   <trkpt lat="56.1192180" lon="9.9555820">
    <ele>55.2</ele>
   </trkpt>
   <trkpt lat="56.1192150" lon="9.9556770">
    <ele>55.2</ele>
   </trkpt>
   <trkpt lat="56.1192100" lon="9.9557700">
    <ele>55.4</ele>
   </trkpt>
   <trkpt lat="56.1192050" lon="9.9558630">
    <ele>55.8</ele>
   </trkpt>
   <trkpt lat="56.1191980" lon="9.9559530">
    <ele>56.0</ele>
   </trkpt>
   <trkpt lat="56.1191930" lon="9.9560420">
    <ele>56.2</ele>
   </trkpt>
   <trkpt lat="56.1191880" lon="9.9561300">
    <ele>56.4</ele>
   </trkpt>
   <trkpt lat="56.1191840" lon="9.9562190">
    <ele>56.4</ele>
   </trkpt>
   <trkpt lat="56.1191810" lon="9.9563090">
    <ele>56.6</ele>
   </trkpt>
   <trkpt lat="56.1191800" lon="9.9563990">
    <ele>56.8</ele>
   </trkpt>
   <trkpt lat="56.1191800" lon="9.9564890">
    <ele>56.8</ele>
   </trkpt>
   <trkpt lat="56.1191810" lon="9.9565820">
    <ele>57.0</ele>
   </trkpt>
   <trkpt lat="56.1191810" lon="9.9566770">
    <ele>57.2</ele>
   </trkpt>
   <trkpt lat="56.1191790" lon="9.9567730">
    <ele>57.2</ele>
   </trkpt>
   <trkpt lat="56.1191700" lon="9.9568660">
    <ele>57.4</ele>
   </trkpt>
   <trkpt lat="56.1191600" lon="9.9569590">
    <ele>57.4</ele>
   </trkpt>
   <trkpt lat="56.1191500" lon="9.9570520">
    <ele>57.4</ele>
   </trkpt>
   <trkpt lat="56.1191430" lon="9.9571470">
    <ele>57.6</ele>
   </trkpt>
   <trkpt lat="56.1191380" lon="9.9572420">
    <ele>57.6</ele>
   </trkpt>
   <trkpt lat="56.1191340" lon="9.9573410">
    <ele>57.6</ele>
   </trkpt>
   <trkpt lat="56.1191280" lon="9.9574360">
    <ele>57.6</ele>
   </trkpt>
   <trkpt lat="56.1191240" lon="9.9575340">
    <ele>57.6</ele>
   </trkpt>
   <trkpt lat="56.1191210" lon="9.9576330">
    <ele>57.8</ele>
   </trkpt>
   <trkpt lat="56.1191190" lon="9.9577310">
    <ele>57.8</ele>
   </trkpt>
   <trkpt lat="56.1191180" lon="9.9578300">
    <ele>57.8</ele>
   </trkpt>
   <trkpt lat="56.1191170" lon="9.9579290">
    <ele>57.8</ele>
   </trkpt>
   <trkpt lat="56.1191170" lon="9.9580280">
    <ele>58.0</ele>
   </trkpt>
   <trkpt lat="56.1191160" lon="9.9581290">
    <ele>58.0</ele>
   </trkpt>
   <trkpt lat="56.1191140" lon="9.9582330">
    <ele>58.0</ele>
   </trkpt>
   <trkpt lat="56.1191120" lon="9.9583400">
    <ele>58.0</ele>
   </trkpt>
   <trkpt lat="56.1191080" lon="9.9584490">
    <ele>57.8</ele>
   </trkpt>
   <trkpt lat="56.1191000" lon="9.9585570">
    <ele>57.8</ele>
   </trkpt>
   <trkpt lat="56.1190940" lon="9.9586630">
    <ele>57.6</ele>
   </trkpt>
   <trkpt lat="56.1190930" lon="9.9587680">
    <ele>57.6</ele>
   </trkpt>
   <trkpt lat="56.1190910" lon="9.9588730">
    <ele>57.6</ele>
   </trkpt>
   <trkpt lat="56.1190850" lon="9.9589780">
    <ele>57.6</ele>
   </trkpt>
   <trkpt lat="56.1190760" lon="9.9590820">
    <ele>57.6</ele>
   </trkpt>
   <trkpt lat="56.1190660" lon="9.9591850">
    <ele>57.6</ele>
   </trkpt>
   <trkpt lat="56.1190580" lon="9.9592880">
    <ele>57.6</ele>
   </trkpt>
   <trkpt lat="56.1190540" lon="9.9593850">
    <ele>57.8</ele>
   </trkpt>
   <trkpt lat="56.1190460" lon="9.9594740">
    <ele>58.0</ele>
   </trkpt>
   <trkpt lat="56.1190320" lon="9.9595500">
    <ele>58.0</ele>
   </trkpt>
   <trkpt lat="56.1190070" lon="9.9595980">
    <ele>58.2</ele>
   </trkpt>
   <trkpt lat="56.1189710" lon="9.9596110">
    <ele>58.4</ele>
   </trkpt>
   <trkpt lat="56.1189260" lon="9.9595950">
    <ele>58.6</ele>
   </trkpt>
   <trkpt lat="56.1188790" lon="9.9595640">
    <ele>58.8</ele>
   </trkpt>
   <trkpt lat="56.1188320" lon="9.9595330">
    <ele>59.0</ele>
   </trkpt>
   <trkpt lat="56.1187840" lon="9.9595060">
    <ele>59.2</ele>
   </trkpt>
   <trkpt lat="56.1187370" lon="9.9594810">
    <ele>59.4</ele>
   </trkpt>
   <trkpt lat="56.1186910" lon="9.9594630">
    <ele>59.6</ele>
   </trkpt>
   <trkpt lat="56.1186480" lon="9.9594430">
    <ele>59.8</ele>
   </trkpt>
   <trkpt lat="56.1186050" lon="9.9594210">
    <ele>60.0</ele>
   </trkpt>
   <trkpt lat="56.1185650" lon="9.9594000">
    <ele>60.4</ele>
   </trkpt>
   <trkpt lat="56.1185260" lon="9.9593780">
    <ele>60.6</ele>
   </trkpt>
   <trkpt lat="56.1184900" lon="9.9593570">
    <ele>61.0</ele>
   </trkpt>
   <trkpt lat="56.1184580" lon="9.9593390">
    <ele>61.2</ele>
   </trkpt>
   <trkpt lat="56.1184310" lon="9.9593310">
    <ele>61.6</ele>
   </trkpt>
   <trkpt lat="56.1184070" lon="9.9593480">
    <ele>61.8</ele>
   </trkpt>
   <trkpt lat="56.1183880" lon="9.9593840">
    <ele>62.0</ele>
   </trkpt>
   <trkpt lat="56.1183710" lon="9.9594310">
    <ele>62.2</ele>
   </trkpt>
   <trkpt lat="56.1183580" lon="9.9594920">
    <ele>62.2</ele>
   </trkpt>
   <trkpt lat="56.1183470" lon="9.9595680">
    <ele>62.2</ele>
   </trkpt>
   <trkpt lat="56.1183410" lon="9.9596560">
    <ele>62.2</ele>
   </trkpt>
   <trkpt lat="56.1183360" lon="9.9597500">
    <ele>62.2</ele>
   </trkpt>
   <trkpt lat="56.1183320" lon="9.9598460">
    <ele>62.0</ele>
   </trkpt>
   <trkpt lat="56.1183290" lon="9.9599440">
    <ele>62.0</ele>
   </trkpt>
   <trkpt lat="56.1183290" lon="9.9600420">
    <ele>62.0</ele>
   </trkpt>
   <trkpt lat="56.1183250" lon="9.9601380">
    <ele>61.8</ele>
   </trkpt>
   <trkpt lat="56.1183160" lon="9.9602290">
    <ele>62.0</ele>
   </trkpt>
   <trkpt lat="56.1183070" lon="9.9603140">
    <ele>62.2</ele>
   </trkpt>
   <trkpt lat="56.1183060" lon="9.9603970">
    <ele>62.2</ele>
   </trkpt>
   <trkpt lat="56.1183090" lon="9.9604870">
    <ele>62.2</ele>
   </trkpt>
   <trkpt lat="56.1183090" lon="9.9605870">
    <ele>62.4</ele>
   </trkpt>
   <trkpt lat="56.1183030" lon="9.9606910">
    <ele>62.2</ele>
   </trkpt>
   <trkpt lat="56.1182990" lon="9.9607960">
    <ele>62.0</ele>
   </trkpt>
   <trkpt lat="56.1182930" lon="9.9609040">
    <ele>62.0</ele>
   </trkpt>
   <trkpt lat="56.1182860" lon="9.9610130">
    <ele>62.0</ele>
   </trkpt>
   <trkpt lat="56.1182780" lon="9.9611260">
    <ele>62.0</ele>
   </trkpt>
   <trkpt lat="56.1182730" lon="9.9612410">
    <ele>62.0</ele>
   </trkpt>
   <trkpt lat="56.1182690" lon="9.9613560">
    <ele>61.8</ele>
   </trkpt>
   <trkpt lat="56.1182620" lon="9.9614720">
    <ele>61.8</ele>
   </trkpt>
   <trkpt lat="56.1182560" lon="9.9615900">
    <ele>61.8</ele>
   </trkpt>
   <trkpt lat="56.1182500" lon="9.9617090">
    <ele>61.6</ele>
   </trkpt>
   <trkpt lat="56.1182450" lon="9.9618290">
    <ele>61.6</ele>
   </trkpt>
   <trkpt lat="56.1182400" lon="9.9619480">
    <ele>61.6</ele>
   </trkpt>
   <trkpt lat="56.1182350" lon="9.9620660">
    <ele>61.6</ele>
   </trkpt>
   <trkpt lat="56.1182290" lon="9.9621830">
    <ele>61.8</ele>
   </trkpt>
   <trkpt lat="56.1182250" lon="9.9623000">
    <ele>61.8</ele>
   </trkpt>
   <trkpt lat="56.1182210" lon="9.9624170">
    <ele>61.8</ele>
   </trkpt>
   <trkpt lat="56.1182160" lon="9.9625330">
    <ele>61.8</ele>
   </trkpt>
   <trkpt lat="56.1182120" lon="9.9626490">
    <ele>61.8</ele>
   </trkpt>
   <trkpt lat="56.1182060" lon="9.9627650">
    <ele>62.0</ele>
   </trkpt>
   <trkpt lat="56.1181990" lon="9.9628810">
    <ele>62.0</ele>
   </trkpt>
   <trkpt lat="56.1181950" lon="9.9629960">
    <ele>62.0</ele>
   </trkpt>
   <trkpt lat="56.1181910" lon="9.9631120">
    <ele>62.2</ele>
   </trkpt>
   <trkpt lat="56.1181900" lon="9.9632260">
    <ele>62.2</ele>
   </trkpt>
   <trkpt lat="56.1181920" lon="9.9633380">
    <ele>62.4</ele>
   </trkpt>
   <trkpt lat="56.1181920" lon="9.9634500">
    <ele>62.4</ele>
   </trkpt>
   <trkpt lat="56.1181950" lon="9.9635590">
    <ele>62.6</ele>
   </trkpt>
   <trkpt lat="56.1181970" lon="9.9636670">
    <ele>62.8</ele>
   </trkpt>
   <trkpt lat="56.1181990" lon="9.9637720">
    <ele>63.2</ele>
   </trkpt>
   <trkpt lat="56.1182020" lon="9.9638740">
    <ele>63.4</ele>
   </trkpt>
   <trkpt lat="56.1182050" lon="9.9639760">
    <ele>63.6</ele>
   </trkpt>
   <trkpt lat="56.1182100" lon="9.9640770">
    <ele>63.8</ele>
   </trkpt>
   <trkpt lat="56.1182140" lon="9.9641760">
    <ele>63.8</ele>
   </trkpt>
   <trkpt lat="56.1182190" lon="9.9642740">
    <ele>64.0</ele>
   </trkpt>
   <trkpt lat="56.1182230" lon="9.9643670">
    <ele>64.2</ele>
   </trkpt>
   <trkpt lat="56.1182270" lon="9.9644610">
    <ele>64.4</ele>
   </trkpt>
   <trkpt lat="56.1182320" lon="9.9645540">
    <ele>64.6</ele>
   </trkpt>
   <trkpt lat="56.1182370" lon="9.9646470">
    <ele>64.8</ele>
   </trkpt>
   <trkpt lat="56.1182410" lon="9.9647400">
    <ele>65.0</ele>
   </trkpt>
   <trkpt lat="56.1182450" lon="9.9648340">
    <ele>65.2</ele>
   </trkpt>
   <trkpt lat="56.1182490" lon="9.9649280">
    <ele>65.4</ele>
   </trkpt>
   <trkpt lat="56.1182530" lon="9.9650210">
    <ele>65.6</ele>
   </trkpt>
   <trkpt lat="56.1182570" lon="9.9651130">
    <ele>65.6</ele>
   </trkpt>
   <trkpt lat="56.1182620" lon="9.9652070">
    <ele>65.8</ele>
   </trkpt>
   <trkpt lat="56.1182660" lon="9.9653020">
    <ele>65.8</ele>
   </trkpt>
   <trkpt lat="56.1182700" lon="9.9653990">
    <ele>65.8</ele>
   </trkpt>
   <trkpt lat="56.1182740" lon="9.9654950">
    <ele>65.8</ele>
   </trkpt>
   <trkpt lat="56.1182780" lon="9.9655940">
    <ele>65.8</ele>
   </trkpt>
   <trkpt lat="56.1182830" lon="9.9656960">
    <ele>65.8</ele>
   </trkpt>
   <trkpt lat="56.1182860" lon="9.9658000">
    <ele>65.6</ele>
   </trkpt>
   <trkpt lat="56.1182890" lon="9.9659090">
    <ele>65.6</ele>
   </trkpt>
   <trkpt lat="56.1182950" lon="9.9660230">
    <ele>65.4</ele>
   </trkpt>
   <trkpt lat="56.1183010" lon="9.9661400">
    <ele>65.0</ele>
   </trkpt>
   <trkpt lat="56.1183080" lon="9.9662590">
    <ele>64.8</ele>
   </trkpt>
   <trkpt lat="56.1183130" lon="9.9663760">
    <ele>64.6</ele>
   </trkpt>
   <trkpt lat="56.1183180" lon="9.9664970">
    <ele>64.4</ele>
   </trkpt>
   <trkpt lat="56.1183230" lon="9.9666150">
    <ele>64.2</ele>
   </trkpt>
   <trkpt lat="56.1183290" lon="9.9667340">
    <ele>64.0</ele>
   </trkpt>
   <trkpt lat="56.1183350" lon="9.9668540">
    <ele>63.8</ele>
   </trkpt>
   <trkpt lat="56.1183390" lon="9.9669750">
    <ele>63.6</ele>
   </trkpt>
   <trkpt lat="56.1183450" lon="9.9670950">
    <ele>63.4</ele>
   </trkpt>
   <trkpt lat="56.1183490" lon="9.9672190">
    <ele>63.2</ele>
   </trkpt>
   <trkpt lat="56.1183560" lon="9.9673420">
    <ele>63.0</ele>
   </trkpt>
   <trkpt lat="56.1183610" lon="9.9674670">
    <ele>62.8</ele>
   </trkpt>
   <trkpt lat="56.1183640" lon="9.9675950">
    <ele>62.6</ele>
   </trkpt>
   <trkpt lat="56.1183690" lon="9.9677250">
    <ele>62.4</ele>
   </trkpt>
   <trkpt lat="56.1183750" lon="9.9678560">
    <ele>62.2</ele>
   </trkpt>
   <trkpt lat="56.1183830" lon="9.9679880">
    <ele>62.0</ele>
   </trkpt>
   <trkpt lat="56.1183890" lon="9.9681170">
    <ele>61.8</ele>
   </trkpt>
   <trkpt lat="56.1183950" lon="9.9682470">
    <ele>61.8</ele>
   </trkpt>
   <trkpt lat="56.1184030" lon="9.9683750">
    <ele>61.8</ele>
   </trkpt>
   <trkpt lat="56.1184090" lon="9.9685030">
    <ele>61.6</ele>
   </trkpt>
   <trkpt lat="56.1184160" lon="9.9686310">
    <ele>61.6</ele>
   </trkpt>
   <trkpt lat="56.1184240" lon="9.9687600">
    <ele>61.6</ele>
   </trkpt>
   <trkpt lat="56.1184310" lon="9.9688880">
    <ele>61.6</ele>
   </trkpt>
   <trkpt lat="56.1184350" lon="9.9690140">
    <ele>61.6</ele>
   </trkpt>
   <trkpt lat="56.1184410" lon="9.9691410">
    <ele>61.6</ele>
   </trkpt>
   <trkpt lat="56.1184460" lon="9.9692670">
    <ele>61.6</ele>
   </trkpt>
   <trkpt lat="56.1184520" lon="9.9693930">
    <ele>61.6</ele>
   </trkpt>
   <trkpt lat="56.1184600" lon="9.9695170">
    <ele>61.6</ele>
   </trkpt>
   <trkpt lat="56.1184670" lon="9.9696430">
    <ele>61.6</ele>
   </trkpt>
   <trkpt lat="56.1184740" lon="9.9697690">
    <ele>61.6</ele>
   </trkpt>
   <trkpt lat="56.1184800" lon="9.9698950">
    <ele>61.6</ele>
   </trkpt>
   <trkpt lat="56.1184860" lon="9.9700200">
    <ele>61.6</ele>
   </trkpt>
   <trkpt lat="56.1184930" lon="9.9701440">
    <ele>61.6</ele>
   </trkpt>
   <trkpt lat="56.1184990" lon="9.9702710">
    <ele>61.6</ele>
   </trkpt>
   <trkpt lat="56.1185060" lon="9.9704000">
    <ele>61.4</ele>
   </trkpt>
   <trkpt lat="56.1185110" lon="9.9705320">
    <ele>61.4</ele>
   </trkpt>
   <trkpt lat="56.1185150" lon="9.9706680">
    <ele>61.0</ele>
   </trkpt>
   <trkpt lat="56.1185200" lon="9.9708080">
    <ele>60.8</ele>
   </trkpt>
   <trkpt lat="56.1185240" lon="9.9709510">
    <ele>60.4</ele>
   </trkpt>
   <trkpt lat="56.1185310" lon="9.9710930">
    <ele>60.0</ele>
   </trkpt>
   <trkpt lat="56.1185350" lon="9.9712350">
    <ele>59.8</ele>
   </trkpt>
   <trkpt lat="56.1185390" lon="9.9713740">
    <ele>59.4</ele>
   </trkpt>
   <trkpt lat="56.1185440" lon="9.9715130">
    <ele>59.4</ele>
   </trkpt>
   <trkpt lat="56.1185500" lon="9.9716520">
    <ele>59.2</ele>
   </trkpt>
   <trkpt lat="56.1185560" lon="9.9717910">
    <ele>59.2</ele>
   </trkpt>
   <trkpt lat="56.1185630" lon="9.9719290">
    <ele>59.0</ele>
   </trkpt>
   <trkpt lat="56.1185690" lon="9.9720680">
    <ele>58.8</ele>
   </trkpt>
   <trkpt lat="56.1185750" lon="9.9722070">
    <ele>58.6</ele>
   </trkpt>
   <trkpt lat="56.1185850" lon="9.9723480">
    <ele>58.4</ele>
   </trkpt>
   <trkpt lat="56.1185970" lon="9.9724880">
    <ele>58.2</ele>
   </trkpt>
   <trkpt lat="56.1186140" lon="9.9726290">
    <ele>58.0</ele>
   </trkpt>
   <trkpt lat="56.1186360" lon="9.9727720">
    <ele>57.8</ele>
   </trkpt>
   <trkpt lat="56.1186630" lon="9.9729140">
    <ele>57.4</ele>
   </trkpt>
   <trkpt lat="56.1186950" lon="9.9730530">
    <ele>57.2</ele>
   </trkpt>
   <trkpt lat="56.1187300" lon="9.9731950">
    <ele>57.0</ele>
   </trkpt>
   <trkpt lat="56.1187660" lon="9.9733290">
    <ele>56.6</ele>
   </trkpt>
   <trkpt lat="56.1188050" lon="9.9734610">
    <ele>56.6</ele>
   </trkpt>
   <trkpt lat="56.1188450" lon="9.9735940">
    <ele>56.4</ele>
   </trkpt>
   <trkpt lat="56.1188840" lon="9.9737230">
    <ele>56.2</ele>
   </trkpt>
   <trkpt lat="56.1189210" lon="9.9738530">
    <ele>56.2</ele>
   </trkpt>
   <trkpt lat="56.1189600" lon="9.9739810">
    <ele>56.2</ele>
   </trkpt>
   <trkpt lat="56.1189990" lon="9.9741080">
    <ele>56.2</ele>
   </trkpt>
   <trkpt lat="56.1190400" lon="9.9742370">
    <ele>56.2</ele>
   </trkpt>
   <trkpt lat="56.1190780" lon="9.9743630">
    <ele>56.4</ele>
   </trkpt>
   <trkpt lat="56.1191130" lon="9.9744900">
    <ele>56.4</ele>
   </trkpt>
   <trkpt lat="56.1191500" lon="9.9746160">
    <ele>56.4</ele>
   </trkpt>
   <trkpt lat="56.1191850" lon="9.9747430">
    <ele>56.4</ele>
   </trkpt>
   <trkpt lat="56.1192160" lon="9.9748710">
    <ele>56.4</ele>
   </trkpt>
   <trkpt lat="56.1192460" lon="9.9749990">
    <ele>56.2</ele>
   </trkpt>
   <trkpt lat="56.1192730" lon="9.9751260">
    <ele>56.2</ele>
   </trkpt>
   <trkpt lat="56.1193000" lon="9.9752540">
    <ele>56.4</ele>
   </trkpt>
   <trkpt lat="56.1193270" lon="9.9753800">
    <ele>56.4</ele>
   </trkpt>
   <trkpt lat="56.1193510" lon="9.9755060">
    <ele>56.4</ele>
   </trkpt>
   <trkpt lat="56.1193740" lon="9.9756330">
    <ele>56.4</ele>
   </trkpt>
   <trkpt lat="56.1193950" lon="9.9757590">
    <ele>56.6</ele>
   </trkpt>
   <trkpt lat="56.1194170" lon="9.9758840">
    <ele>56.6</ele>
   </trkpt>
   <trkpt lat="56.1194370" lon="9.9760120">
    <ele>56.6</ele>
   </trkpt>
   <trkpt lat="56.1194550" lon="9.9761400">
    <ele>56.6</ele>
   </trkpt>
   <trkpt lat="56.1194730" lon="9.9762690">
    <ele>56.6</ele>
   </trkpt>
   <trkpt lat="56.1194910" lon="9.9763990">
    <ele>56.6</ele>
   </trkpt>
   <trkpt lat="56.1195080" lon="9.9765320">
    <ele>56.6</ele>
   </trkpt>
   <trkpt lat="56.1195250" lon="9.9766650">
    <ele>56.4</ele>
   </trkpt>
   <trkpt lat="56.1195430" lon="9.9767990">
    <ele>56.2</ele>
   </trkpt>
   <trkpt lat="56.1195620" lon="9.9769340">
    <ele>56.0</ele>
   </trkpt>
   <trkpt lat="56.1195800" lon="9.9770710">
    <ele>55.6</ele>
   </trkpt>
   <trkpt lat="56.1195940" lon="9.9772120">
    <ele>55.4</ele>
   </trkpt>
   <trkpt lat="56.1196040" lon="9.9773520">
    <ele>55.2</ele>
   </trkpt>
   <trkpt lat="56.1196090" lon="9.9774920">
    <ele>55.2</ele>
   </trkpt>
   <trkpt lat="56.1196110" lon="9.9776320">
    <ele>55.2</ele>
   </trkpt>
   <trkpt lat="56.1196070" lon="9.9777700">
    <ele>55.2</ele>
   </trkpt>
   <trkpt lat="56.1196000" lon="9.9779070">
    <ele>55.2</ele>
   </trkpt>
   <trkpt lat="56.1195900" lon="9.9780430">
    <ele>55.2</ele>
   </trkpt>
   <trkpt lat="56.1195760" lon="9.9781730">
    <ele>55.4</ele>
   </trkpt>
   <trkpt lat="56.1195650" lon="9.9782950">
    <ele>55.6</ele>
   </trkpt>
   <trkpt lat="56.1195560" lon="9.9784140">
    <ele>56.0</ele>
   </trkpt>
   <trkpt lat="56.1195450" lon="9.9785290">
    <ele>56.4</ele>
   </trkpt>
   <trkpt lat="56.1195330" lon="9.9786420">
    <ele>56.8</ele>
   </trkpt>
   <trkpt lat="56.1195220" lon="9.9787540">
    <ele>57.0</ele>
   </trkpt>
   <trkpt lat="56.1195130" lon="9.9788670">
    <ele>57.2</ele>
   </trkpt>
   <trkpt lat="56.1195020" lon="9.9789800">
    <ele>57.4</ele>
   </trkpt>
   <trkpt lat="56.1194910" lon="9.9790960">
    <ele>57.4</ele>
   </trkpt>
   <trkpt lat="56.1194810" lon="9.9792140">
    <ele>57.6</ele>
   </trkpt>
   <trkpt lat="56.1194690" lon="9.9793330">
    <ele>57.6</ele>
   </trkpt>
   <trkpt lat="56.1194600" lon="9.9794540">
    <ele>57.6</ele>
   </trkpt>
   <trkpt lat="56.1194500" lon="9.9795740">
    <ele>57.4</ele>
   </trkpt>
   <trkpt lat="56.1194400" lon="9.9796930">
    <ele>57.4</ele>
   </trkpt>
   <trkpt lat="56.1194300" lon="9.9798140">
    <ele>57.4</ele>
   </trkpt>
   <trkpt lat="56.1194200" lon="9.9799340">
    <ele>57.4</ele>
   </trkpt>
   <trkpt lat="56.1194090" lon="9.9800550">
    <ele>57.4</ele>
   </trkpt>
   <trkpt lat="56.1193990" lon="9.9801770">
    <ele>57.4</ele>
   </trkpt>
   <trkpt lat="56.1193890" lon="9.9803020">
    <ele>57.2</ele>
   </trkpt>
   <trkpt lat="56.1193780" lon="9.9804350">
    <ele>57.0</ele>
   </trkpt>
   <trkpt lat="56.1193660" lon="9.9805720">
    <ele>56.8</ele>
   </trkpt>
   <trkpt lat="56.1193560" lon="9.9807110">
    <ele>56.6</ele>
   </trkpt>
   <trkpt lat="56.1193460" lon="9.9808520">
    <ele>56.2</ele>
   </trkpt>
   <trkpt lat="56.1193350" lon="9.9809930">
    <ele>56.0</ele>
   </trkpt>
   <trkpt lat="56.1193240" lon="9.9811350">
    <ele>56.0</ele>
   </trkpt>
   <trkpt lat="56.1193140" lon="9.9812720">
    <ele>55.8</ele>
   </trkpt>
   <trkpt lat="56.1193030" lon="9.9814080">
    <ele>55.8</ele>
   </trkpt>
   <trkpt lat="56.1192930" lon="9.9815440">
    <ele>55.8</ele>
   </trkpt>
   <trkpt lat="56.1192810" lon="9.9816780">
    <ele>55.8</ele>
   </trkpt>
   <trkpt lat="56.1192680" lon="9.9818120">
    <ele>55.8</ele>
   </trkpt>
   <trkpt lat="56.1192560" lon="9.9819450">
    <ele>55.8</ele>
   </trkpt>
   <trkpt lat="56.1192450" lon="9.9820780">
    <ele>56.0</ele>
   </trkpt>
   <trkpt lat="56.1192330" lon="9.9822060">
    <ele>56.2</ele>
   </trkpt>
   <trkpt lat="56.1192230" lon="9.9823290">
    <ele>56.4</ele>
   </trkpt>
   <trkpt lat="56.1192130" lon="9.9824490">
    <ele>56.6</ele>
   </trkpt>
   <trkpt lat="56.1192030" lon="9.9825640">
    <ele>56.8</ele>
   </trkpt>
   <trkpt lat="56.1191950" lon="9.9826780">
    <ele>57.2</ele>
   </trkpt>
   <trkpt lat="56.1191870" lon="9.9827900">
    <ele>57.4</ele>
   </trkpt>
   <trkpt lat="56.1191800" lon="9.9829000">
    <ele>57.6</ele>
   </trkpt>
   <trkpt lat="56.1191760" lon="9.9830110">
    <ele>57.8</ele>
   </trkpt>
   <trkpt lat="56.1191730" lon="9.9831200">
    <ele>58.0</ele>
   </trkpt>
   <trkpt lat="56.1191710" lon="9.9832270">
    <ele>58.2</ele>
   </trkpt>
   <trkpt lat="56.1191700" lon="9.9833360">
    <ele>58.4</ele>
   </trkpt>
   <trkpt lat="56.1191710" lon="9.9834480">
    <ele>58.6</ele>
   </trkpt>
   <trkpt lat="56.1191740" lon="9.9835620">
    <ele>58.6</ele>
   </trkpt>
   <trkpt lat="56.1191760" lon="9.9836770">
    <ele>58.6</ele>
   </trkpt>
   <trkpt lat="56.1191760" lon="9.9837950">
    <ele>58.4</ele>
   </trkpt>
   <trkpt lat="56.1191780" lon="9.9839130">
    <ele>58.2</ele>
   </trkpt>
   <trkpt lat="56.1191800" lon="9.9840340">
    <ele>58.0</ele>
   </trkpt>
   <trkpt lat="56.1191840" lon="9.9841600">
    <ele>57.8</ele>
   </trkpt>
   <trkpt lat="56.1191870" lon="9.9842900">
    <ele>57.4</ele>
   </trkpt>
   <trkpt lat="56.1191880" lon="9.9844230">
    <ele>57.0</ele>
   </trkpt>
   <trkpt lat="56.1191920" lon="9.9845610">
    <ele>56.6</ele>
   </trkpt>
   <trkpt lat="56.1191980" lon="9.9847000">
    <ele>56.2</ele>
   </trkpt>
   <trkpt lat="56.1192090" lon="9.9848410">
    <ele>55.6</ele>
   </trkpt>
   <trkpt lat="56.1192230" lon="9.9849840">
    <ele>55.0</ele>
   </trkpt>
   <trkpt lat="56.1192380" lon="9.9851280">
    <ele>54.4</ele>
   </trkpt>
   <trkpt lat="56.1192540" lon="9.9852730">
    <ele>54.0</ele>
   </trkpt>
   <trkpt lat="56.1192750" lon="9.9854160">
    <ele>53.8</ele>
   </trkpt>
   <trkpt lat="56.1192990" lon="9.9855550">
    <ele>53.6</ele>
   </trkpt>
   <trkpt lat="56.1193230" lon="9.9856880">
    <ele>53.4</ele>
   </trkpt>
   <trkpt lat="56.1193470" lon="9.9858210">
    <ele>53.4</ele>
   </trkpt>
   <trkpt lat="56.1193720" lon="9.9859520">
    <ele>53.2</ele>
   </trkpt>
   <trkpt lat="56.1193950" lon="9.9860860">
    <ele>52.8</ele>
   </trkpt>
   <trkpt lat="56.1194170" lon="9.9862260">
    <ele>52.6</ele>
   </trkpt>
   <trkpt lat="56.1194370" lon="9.9863710">
    <ele>52.2</ele>
   </trkpt>
   <trkpt lat="56.1194530" lon="9.9865200">
    <ele>51.8</ele>
   </trkpt>
   <trkpt lat="56.1194650" lon="9.9866730">
    <ele>51.2</ele>
   </trkpt>
   <trkpt lat="56.1194730" lon="9.9868300">
    <ele>50.8</ele>
   </trkpt>
   <trkpt lat="56.1194790" lon="9.9869910">
    <ele>50.2</ele>
   </trkpt>
   <trkpt lat="56.1194820" lon="9.9871530">
    <ele>49.8</ele>
   </trkpt>
   <trkpt lat="56.1194800" lon="9.9873130">
    <ele>49.2</ele>
   </trkpt>
   <trkpt lat="56.1194720" lon="9.9874680">
    <ele>49.0</ele>
   </trkpt>
   <trkpt lat="56.1194630" lon="9.9876130">
    <ele>48.6</ele>
   </trkpt>
   <trkpt lat="56.1194520" lon="9.9877470">
    <ele>48.2</ele>
   </trkpt>
   <trkpt lat="56.1194430" lon="9.9878720">
    <ele>47.8</ele>
   </trkpt>
   <trkpt lat="56.1194450" lon="9.9879860">
    <ele>47.4</ele>
   </trkpt>
   <trkpt lat="56.1194690" lon="9.9880810">
    <ele>47.2</ele>
   </trkpt>
   <trkpt lat="56.1195140" lon="9.9881530">
    <ele>46.8</ele>
   </trkpt>
   <trkpt lat="56.1195710" lon="9.9881950">
    <ele>46.6</ele>
   </trkpt>
   <trkpt lat="56.1196350" lon="9.9882150">
    <ele>46.4</ele>
   </trkpt>
   <trkpt lat="56.1196940" lon="9.9882280">
    <ele>46.2</ele>
   </trkpt>
   <trkpt lat="56.1197520" lon="9.9882410">
    <ele>46.0</ele>
   </trkpt>
   <trkpt lat="56.1198130" lon="9.9882520">
    <ele>45.8</ele>
   </trkpt>
   <trkpt lat="56.1198770" lon="9.9882630">
    <ele>45.6</ele>
   </trkpt>
   <trkpt lat="56.1199420" lon="9.9882760">
    <ele>45.2</ele>
   </trkpt>
   <trkpt lat="56.1200090" lon="9.9882900">
    <ele>45.0</ele>
   </trkpt>
   <trkpt lat="56.1200790" lon="9.9883030">
    <ele>44.6</ele>
   </trkpt>
   <trkpt lat="56.1201520" lon="9.9883160">
    <ele>44.2</ele>
   </trkpt>
   <trkpt lat="56.1202250" lon="9.9883330">
    <ele>43.8</ele>
   </trkpt>
   <trkpt lat="56.1203010" lon="9.9883510">
    <ele>43.2</ele>
   </trkpt>
   <trkpt lat="56.1203780" lon="9.9883680">
    <ele>42.8</ele>
   </trkpt>
   <trkpt lat="56.1204570" lon="9.9883840">
    <ele>42.2</ele>
   </trkpt>
   <trkpt lat="56.1205380" lon="9.9884010">
    <ele>41.8</ele>
   </trkpt>
   <trkpt lat="56.1206220" lon="9.9884180">
    <ele>41.2</ele>
   </trkpt>
   <trkpt lat="56.1207070" lon="9.9884360">
    <ele>40.6</ele>
   </trkpt>
   <trkpt lat="56.1207960" lon="9.9884550">
    <ele>40.0</ele>
   </trkpt>
   <trkpt lat="56.1208860" lon="9.9884760">
    <ele>39.4</ele>
   </trkpt>
   <trkpt lat="56.1209800" lon="9.9884970">
    <ele>39.0</ele>
   </trkpt>
   <trkpt lat="56.1210750" lon="9.9885180">
    <ele>38.2</ele>
   </trkpt>
   <trkpt lat="56.1211730" lon="9.9885400">
    <ele>37.6</ele>
   </trkpt>
   <trkpt lat="56.1212740" lon="9.9885600">
    <ele>37.0</ele>
   </trkpt>
   <trkpt lat="56.1213760" lon="9.9885820">
    <ele>36.2</ele>
   </trkpt>
   <trkpt lat="56.1214800" lon="9.9886050">
    <ele>35.2</ele>
   </trkpt>
   <trkpt lat="56.1215870" lon="9.9886290">
    <ele>34.4</ele>
   </trkpt>
   <trkpt lat="56.1216950" lon="9.9886530">
    <ele>33.8</ele>
   </trkpt>
   <trkpt lat="56.1218040" lon="9.9886790">
    <ele>32.6</ele>
   </trkpt>
   <trkpt lat="56.1219150" lon="9.9887060">
    <ele>31.4</ele>
   </trkpt>
   <trkpt lat="56.1220270" lon="9.9887320">
    <ele>30.6</ele>
   </trkpt>
   <trkpt lat="56.1221390" lon="9.9887590">
    <ele>29.4</ele>
   </trkpt>
   <trkpt lat="56.1222490" lon="9.9887910">
    <ele>29.0</ele>
   </trkpt>
   <trkpt lat="56.1223600" lon="9.9888290">
    <ele>28.2</ele>
   </trkpt>
   <trkpt lat="56.1224700" lon="9.9888710">
    <ele>27.2</ele>
   </trkpt>
   <trkpt lat="56.1225790" lon="9.9889160">
    <ele>26.6</ele>
   </trkpt>
   <trkpt lat="56.1226890" lon="9.9889620">
    <ele>26.0</ele>
   </trkpt>
   <trkpt lat="56.1228000" lon="9.9890100">
    <ele>25.0</ele>
   </trkpt>
   <trkpt lat="56.1229110" lon="9.9890580">
    <ele>24.0</ele>
   </trkpt>
   <trkpt lat="56.1230230" lon="9.9891070">
    <ele>23.2</ele>
   </trkpt>
   <trkpt lat="56.1231370" lon="9.9891570">
    <ele>22.4</ele>
   </trkpt>
   <trkpt lat="56.1232520" lon="9.9892070">
    <ele>21.8</ele>
   </trkpt>
   <trkpt lat="56.1233670" lon="9.9892550">
    <ele>21.0</ele>
   </trkpt>
   <trkpt lat="56.1234820" lon="9.9893030">
    <ele>20.4</ele>
   </trkpt>
   <trkpt lat="56.1235960" lon="9.9893510">
    <ele>19.6</ele>
   </trkpt>
   <trkpt lat="56.1237100" lon="9.9894020">
    <ele>18.6</ele>
   </trkpt>
   <trkpt lat="56.1238240" lon="9.9894550">
    <ele>17.8</ele>
   </trkpt>
   <trkpt lat="56.1239400" lon="9.9895140">
    <ele>17.0</ele>
   </trkpt>
   <trkpt lat="56.1240530" lon="9.9895830">
    <ele>16.2</ele>
   </trkpt>
   <trkpt lat="56.1241640" lon="9.9896590">
    <ele>15.6</ele>
   </trkpt>
   <trkpt lat="56.1242730" lon="9.9897420">
    <ele>15.0</ele>
   </trkpt>
   <trkpt lat="56.1243770" lon="9.9898300">
    <ele>14.6</ele>
   </trkpt>
   <trkpt lat="56.1244800" lon="9.9899200">
    <ele>14.2</ele>
   </trkpt>
   <trkpt lat="56.1245800" lon="9.9900100">
    <ele>13.8</ele>
   </trkpt>
   <trkpt lat="56.1246790" lon="9.9900990">
    <ele>13.6</ele>
   </trkpt>
   <trkpt lat="56.1247750" lon="9.9901860">
    <ele>13.4</ele>
   </trkpt>
   <trkpt lat="56.1248640" lon="9.9902680">
    <ele>13.4</ele>
   </trkpt>
   <trkpt lat="56.1249450" lon="9.9903410">
    <ele>13.4</ele>
   </trkpt>
   <trkpt lat="56.1250140" lon="9.9904050">
    <ele>13.4</ele>
   </trkpt>
   <trkpt lat="56.1250710" lon="9.9904760">
    <ele>13.6</ele>
   </trkpt>
   <trkpt lat="56.1251110" lon="9.9905640">
    <ele>13.8</ele>
   </trkpt>
   <trkpt lat="56.1251320" lon="9.9906690">
    <ele>14.2</ele>
   </trkpt>
   <trkpt lat="56.1251340" lon="9.9907820">
    <ele>14.4</ele>
   </trkpt>
   <trkpt lat="56.1251210" lon="9.9908920">
    <ele>14.6</ele>
   </trkpt>
   <trkpt lat="56.1251040" lon="9.9910000">
    <ele>14.8</ele>
   </trkpt>
   <trkpt lat="56.1250860" lon="9.9911060">
    <ele>14.8</ele>
   </trkpt>
   <trkpt lat="56.1250680" lon="9.9912150">
    <ele>15.0</ele>
   </trkpt>
   <trkpt lat="56.1250570" lon="9.9913230">
    <ele>15.2</ele>
   </trkpt>
   <trkpt lat="56.1250480" lon="9.9914310">
    <ele>15.4</ele>
   </trkpt>
   <trkpt lat="56.1250380" lon="9.9915380">
    <ele>15.6</ele>
   </trkpt>
   <trkpt lat="56.1250280" lon="9.9916420">
    <ele>16.0</ele>
   </trkpt>
   <trkpt lat="56.1250160" lon="9.9917450">
    <ele>16.2</ele>
   </trkpt>
   <trkpt lat="56.1250030" lon="9.9918480">
    <ele>16.4</ele>
   </trkpt>
   <trkpt lat="56.1249920" lon="9.9919500">
    <ele>16.6</ele>
   </trkpt>
   <trkpt lat="56.1249810" lon="9.9920490">
    <ele>16.8</ele>
   </trkpt>
   <trkpt lat="56.1249720" lon="9.9921480">
    <ele>17.0</ele>
   </trkpt>
   <trkpt lat="56.1249620" lon="9.9922430">
    <ele>17.0</ele>
   </trkpt>
   <trkpt lat="56.1249500" lon="9.9923300">
    <ele>17.2</ele>
   </trkpt>
   <trkpt lat="56.1249350" lon="9.9924090">
    <ele>17.4</ele>
   </trkpt>
   <trkpt lat="56.1249170" lon="9.9924790">
    <ele>17.6</ele>
   </trkpt>
   <trkpt lat="56.1249030" lon="9.9925430">
    <ele>17.8</ele>
   </trkpt>
   <trkpt lat="56.1248990" lon="9.9926030">
    <ele>18.0</ele>
   </trkpt>
   <trkpt lat="56.1249070" lon="9.9926630">
    <ele>18.2</ele>
   </trkpt>
   <trkpt lat="56.1249300" lon="9.9927170">
    <ele>18.4</ele>
   </trkpt>
   <trkpt lat="56.1249660" lon="9.9927560">
    <ele>18.4</ele>
   </trkpt>
   <trkpt lat="56.1250100" lon="9.9927870">
    <ele>18.4</ele>
   </trkpt>
   <trkpt lat="56.1250540" lon="9.9928150">
    <ele>18.2</ele>
   </trkpt>
   <trkpt lat="56.1250990" lon="9.9928480">
    <ele>18.0</ele>
   </trkpt>
   <trkpt lat="56.1251430" lon="9.9928980">
    <ele>17.6</ele>
   </trkpt>
   <trkpt lat="56.1251780" lon="9.9929770">
    <ele>17.4</ele>
   </trkpt>
   <trkpt lat="56.1251980" lon="9.9930800">
    <ele>17.2</ele>
   </trkpt>
   <trkpt lat="56.1252030" lon="9.9931940">
    <ele>17.0</ele>
   </trkpt>
   <trkpt lat="56.1251970" lon="9.9933120">
    <ele>16.6</ele>
   </trkpt>
   <trkpt lat="56.1251830" lon="9.9934330">
    <ele>16.6</ele>
   </trkpt>
   <trkpt lat="56.1251700" lon="9.9935530">
    <ele>16.4</ele>
   </trkpt>
   <trkpt lat="56.1251560" lon="9.9936620">
    <ele>16.4</ele>
   </trkpt>
   <trkpt lat="56.1251580" lon="9.9938060">
    <ele>16.4</ele>
   </trkpt>
   <trkpt lat="56.1251420" lon="9.9939390">
    <ele>16.4</ele>
   </trkpt>
   <trkpt lat="56.1251260" lon="9.9940680">
    <ele>16.2</ele>
   </trkpt>
   <trkpt lat="56.1251170" lon="9.9941940">
    <ele>16.2</ele>
   </trkpt>
   <trkpt lat="56.1251010" lon="9.9943180">
    <ele>16.2</ele>
   </trkpt>
   <trkpt lat="56.1250870" lon="9.9944510">
    <ele>16.0</ele>
   </trkpt>
   <trkpt lat="56.1250750" lon="9.9945860">
    <ele>15.8</ele>
   </trkpt>
   <trkpt lat="56.1250590" lon="9.9947230">
    <ele>15.6</ele>
   </trkpt>
   <trkpt lat="56.1250440" lon="9.9948610">
    <ele>15.2</ele>
   </trkpt>
   <trkpt lat="56.1250290" lon="9.9949970">
    <ele>15.0</ele>
   </trkpt>
   <trkpt lat="56.1250150" lon="9.9951350">
    <ele>15.0</ele>
   </trkpt>
   <trkpt lat="56.1250010" lon="9.9952750">
    <ele>14.8</ele>
   </trkpt>
   <trkpt lat="56.1249890" lon="9.9954130">
    <ele>14.6</ele>
   </trkpt>
   <trkpt lat="56.1249770" lon="9.9955520">
    <ele>14.6</ele>
   </trkpt>
   <trkpt lat="56.1249650" lon="9.9956920">
    <ele>14.6</ele>
   </trkpt>
   <trkpt lat="56.1249510" lon="9.9958300">
    <ele>14.6</ele>
   </trkpt>
   <trkpt lat="56.1249390" lon="9.9959650">
    <ele>14.6</ele>
   </trkpt>
   <trkpt lat="56.1249260" lon="9.9961000">
    <ele>14.6</ele>
   </trkpt>
   <trkpt lat="56.1249110" lon="9.9962330">
    <ele>14.8</ele>
   </trkpt>
   <trkpt lat="56.1248960" lon="9.9963670">
    <ele>15.0</ele>
   </trkpt>
   <trkpt lat="56.1248820" lon="9.9964980">
    <ele>15.0</ele>
   </trkpt>
   <trkpt lat="56.1248700" lon="9.9966310">
    <ele>15.2</ele>
   </trkpt>
   <trkpt lat="56.1248570" lon="9.9967630">
    <ele>15.4</ele>
   </trkpt>
   <trkpt lat="56.1248430" lon="9.9968950">
    <ele>15.6</ele>
   </trkpt>
   <trkpt lat="56.1248280" lon="9.9970240">
    <ele>15.8</ele>
   </trkpt>
   <trkpt lat="56.1248140" lon="9.9971550">
    <ele>16.0</ele>
   </trkpt>
   <trkpt lat="56.1248010" lon="9.9972860">
    <ele>16.0</ele>
   </trkpt>
   <trkpt lat="56.1247900" lon="9.9974160">
    <ele>16.2</ele>
   </trkpt>
   <trkpt lat="56.1247780" lon="9.9975480">
    <ele>16.2</ele>
   </trkpt>
   <trkpt lat="56.1247660" lon="9.9976780">
    <ele>16.2</ele>
   </trkpt>
   <trkpt lat="56.1247530" lon="9.9978070">
    <ele>16.2</ele>
   </trkpt>
   <trkpt lat="56.1247410" lon="9.9979350">
    <ele>16.2</ele>
   </trkpt>
   <trkpt lat="56.1247300" lon="9.9980610">
    <ele>16.2</ele>
   </trkpt>
   <trkpt lat="56.1247170" lon="9.9981890">
    <ele>16.2</ele>
   </trkpt>
   <trkpt lat="56.1247040" lon="9.9983210">
    <ele>16.0</ele>
   </trkpt>
   <trkpt lat="56.1246910" lon="9.9984540">
    <ele>15.8</ele>
   </trkpt>
   <trkpt lat="56.1246790" lon="9.9985910">
    <ele>15.6</ele>
   </trkpt>
   <trkpt lat="56.1246710" lon="9.9987300">
    <ele>15.4</ele>
   </trkpt>
   <trkpt lat="56.1246620" lon="9.9988700">
    <ele>15.2</ele>
   </trkpt>
   <trkpt lat="56.1246510" lon="9.9990160">
    <ele>14.8</ele>
   </trkpt>
   <trkpt lat="56.1246410" lon="9.9991620">
    <ele>14.6</ele>
   </trkpt>
   <trkpt lat="56.1246320" lon="9.9993100">
    <ele>14.2</ele>
   </trkpt>
   <trkpt lat="56.1246270" lon="9.9994610">
    <ele>13.8</ele>
   </trkpt>
   <trkpt lat="56.1246250" lon="9.9996130">
    <ele>13.6</ele>
   </trkpt>
   <trkpt lat="56.1246260" lon="9.9997660">
    <ele>13.2</ele>
   </trkpt>
   <trkpt lat="56.1246290" lon="9.9999210">
    <ele>12.8</ele>
   </trkpt>
   <trkpt lat="56.1246330" lon="10.0000730">
    <ele>12.6</ele>
   </trkpt>
   <trkpt lat="56.1246420" lon="10.0002230">
    <ele>12.2</ele>
   </trkpt>
   <trkpt lat="56.1246550" lon="10.0003700">
    <ele>11.8</ele>
   </trkpt>
   <trkpt lat="56.1246720" lon="10.0005110">
    <ele>11.8</ele>
   </trkpt>
   <trkpt lat="56.1246900" lon="10.0006470">
    <ele>11.6</ele>
   </trkpt>
   <trkpt lat="56.1247050" lon="10.0007780">
    <ele>11.6</ele>
   </trkpt>
   <trkpt lat="56.1247170" lon="10.0009040">
    <ele>11.8</ele>
   </trkpt>
   <trkpt lat="56.1247280" lon="10.0010260">
    <ele>12.0</ele>
   </trkpt>
   <trkpt lat="56.1247420" lon="10.0011450">
    <ele>12.2</ele>
   </trkpt>
   <trkpt lat="56.1247580" lon="10.0012630">
    <ele>12.4</ele>
   </trkpt>
   <trkpt lat="56.1247720" lon="10.0013820">
    <ele>12.6</ele>
   </trkpt>
   <trkpt lat="56.1247890" lon="10.0014990">
    <ele>13.0</ele>
   </trkpt>
   <trkpt lat="56.1248060" lon="10.0016130">
    <ele>13.0</ele>
   </trkpt>
   <trkpt lat="56.1248310" lon="10.0017260">
    <ele>13.0</ele>
   </trkpt>
   <trkpt lat="56.1248620" lon="10.0018350">
    <ele>13.0</ele>
   </trkpt>
   <trkpt lat="56.1249010" lon="10.0019430">
    <ele>13.0</ele>
   </trkpt>
   <trkpt lat="56.1249470" lon="10.0020460">
    <ele>13.0</ele>
   </trkpt>
   <trkpt lat="56.1249950" lon="10.0021430">
    <ele>12.8</ele>
   </trkpt>
   <trkpt lat="56.1250480" lon="10.0022350">
    <ele>12.8</ele>
   </trkpt>
   <trkpt lat="56.1251040" lon="10.0023240">
    <ele>12.6</ele>
   </trkpt>
   <trkpt lat="56.1251590" lon="10.0024170">
    <ele>12.4</ele>
   </trkpt>
   <trkpt lat="56.1252130" lon="10.0025100">
    <ele>12.4</ele>
   </trkpt>
   <trkpt lat="56.1252680" lon="10.0026000">
    <ele>12.4</ele>
   </trkpt>
   <trkpt lat="56.1253230" lon="10.0026860">
    <ele>12.4</ele>
   </trkpt>
   <trkpt lat="56.1253760" lon="10.0027710">
    <ele>12.4</ele>
   </trkpt>
   <trkpt lat="56.1254310" lon="10.0028570">
    <ele>12.4</ele>
   </trkpt>
   <trkpt lat="56.1254870" lon="10.0029430">
    <ele>12.4</ele>
   </trkpt>
   <trkpt lat="56.1255450" lon="10.0030290">
    <ele>12.4</ele>
   </trkpt>
   <trkpt lat="56.1256030" lon="10.0031140">
    <ele>12.4</ele>
   </trkpt>
   <trkpt lat="56.1256610" lon="10.0032000">
    <ele>12.2</ele>
   </trkpt>
   <trkpt lat="56.1257210" lon="10.0032850">
    <ele>12.0</ele>
   </trkpt>
   <trkpt lat="56.1257810" lon="10.0033720">
    <ele>12.0</ele>
   </trkpt>
   <trkpt lat="56.1258400" lon="10.0034630">
    <ele>11.8</ele>
   </trkpt>
   <trkpt lat="56.1258990" lon="10.0035540">
    <ele>11.6</ele>
   </trkpt>
   <trkpt lat="56.1259590" lon="10.0036430">
    <ele>11.6</ele>
   </trkpt>
   <trkpt lat="56.1260190" lon="10.0037350">
    <ele>11.4</ele>
   </trkpt>
   <trkpt lat="56.1260780" lon="10.0038270">
    <ele>11.2</ele>
   </trkpt>
   <trkpt lat="56.1261380" lon="10.0039180">
    <ele>11.0</ele>
   </trkpt>
   <trkpt lat="56.1261980" lon="10.0040080">
    <ele>10.8</ele>
   </trkpt>
   <trkpt lat="56.1262580" lon="10.0040990">
    <ele>10.6</ele>
   </trkpt>
   <trkpt lat="56.1263180" lon="10.0041930">
    <ele>10.4</ele>
   </trkpt>
   <trkpt lat="56.1263770" lon="10.0042870">
    <ele>10.4</ele>
   </trkpt>
   <trkpt lat="56.1264360" lon="10.0043820">
    <ele>10.2</ele>
   </trkpt>
   <trkpt lat="56.1264950" lon="10.0044790">
    <ele>10.2</ele>
   </trkpt>
   <trkpt lat="56.1265500" lon="10.0045790">
    <ele>10.0</ele>
   </trkpt>
   <trkpt lat="56.1266010" lon="10.0046840">
    <ele>10.0</ele>
   </trkpt>
   <trkpt lat="56.1266480" lon="10.0047930">
    <ele>10.0</ele>
   </trkpt>
   <trkpt lat="56.1266910" lon="10.0049070">
    <ele>10.0</ele>
   </trkpt>
   <trkpt lat="56.1267310" lon="10.0050230">
    <ele>10.0</ele>
   </trkpt>
   <trkpt lat="56.1267680" lon="10.0051420">
    <ele>10.2</ele>
   </trkpt>
   <trkpt lat="56.1268030" lon="10.0052620">
    <ele>10.2</ele>
   </trkpt>
   <trkpt lat="56.1268340" lon="10.0053850">
    <ele>10.4</ele>
   </trkpt>
   <trkpt lat="56.1268620" lon="10.0055080">
    <ele>10.4</ele>
   </trkpt>
   <trkpt lat="56.1268880" lon="10.0056330">
    <ele>10.6</ele>
   </trkpt>
   <trkpt lat="56.1269100" lon="10.0057580">
    <ele>10.6</ele>
   </trkpt>
   <trkpt lat="56.1269300" lon="10.0058830">
    <ele>10.8</ele>
   </trkpt>
   <trkpt lat="56.1269470" lon="10.0060060">
    <ele>10.8</ele>
   </trkpt>
   <trkpt lat="56.1269630" lon="10.0061270">
    <ele>11.0</ele>
   </trkpt>
   <trkpt lat="56.1269790" lon="10.0062460">
    <ele>11.0</ele>
   </trkpt>
   <trkpt lat="56.1269960" lon="10.0063660">
    <ele>11.2</ele>
   </trkpt>
   <trkpt lat="56.1270130" lon="10.0064850">
    <ele>11.2</ele>
   </trkpt>
   <trkpt lat="56.1270320" lon="10.0066030">
    <ele>11.4</ele>
   </trkpt>
   <trkpt lat="56.1270480" lon="10.0067220">
    <ele>11.4</ele>
   </trkpt>
   <trkpt lat="56.1270600" lon="10.0068430">
    <ele>11.6</ele>
   </trkpt>
   <trkpt lat="56.1270760" lon="10.0069600">
    <ele>11.6</ele>
   </trkpt>
   <trkpt lat="56.1270940" lon="10.0070790">
    <ele>11.6</ele>
   </trkpt>
   <trkpt lat="56.1271120" lon="10.0072000">
    <ele>11.4</ele>
   </trkpt>
   <trkpt lat="56.1271280" lon="10.0073200">
    <ele>11.4</ele>
   </trkpt>
   <trkpt lat="56.1271440" lon="10.0074420">
    <ele>11.4</ele>
   </trkpt>
   <trkpt lat="56.1271600" lon="10.0075610">
    <ele>11.4</ele>
   </trkpt>
   <trkpt lat="56.1271770" lon="10.0076790">
    <ele>11.4</ele>
   </trkpt>
   <trkpt lat="56.1271930" lon="10.0077950">
    <ele>11.6</ele>
   </trkpt>
   <trkpt lat="56.1272080" lon="10.0079100">
    <ele>11.6</ele>
   </trkpt>
   <trkpt lat="56.1272220" lon="10.0080230">
    <ele>11.6</ele>
   </trkpt>
   <trkpt lat="56.1272370" lon="10.0081360">
    <ele>11.8</ele>
   </trkpt>
   <trkpt lat="56.1272530" lon="10.0082490">
    <ele>11.8</ele>
   </trkpt>
   <trkpt lat="56.1272700" lon="10.0083640">
    <ele>11.8</ele>
   </trkpt>
   <trkpt lat="56.1272870" lon="10.0084780">
    <ele>11.8</ele>
   </trkpt>
   <trkpt lat="56.1273020" lon="10.0085960">
    <ele>11.6</ele>
   </trkpt>
   <trkpt lat="56.1273180" lon="10.0087170">
    <ele>11.6</ele>
   </trkpt>
   <trkpt lat="56.1273360" lon="10.0088350">
    <ele>11.4</ele>
   </trkpt>
   <trkpt lat="56.1273520" lon="10.0089520">
    <ele>11.2</ele>
   </trkpt>
   <trkpt lat="56.1273700" lon="10.0090690">
    <ele>11.2</ele>
   </trkpt>
   <trkpt lat="56.1273860" lon="10.0091870">
    <ele>11.0</ele>
   </trkpt>
   <trkpt lat="56.1274020" lon="10.0093030">
    <ele>10.8</ele>
   </trkpt>
   <trkpt lat="56.1274180" lon="10.0094170">
    <ele>10.6</ele>
   </trkpt>
   <trkpt lat="56.1274350" lon="10.0095300">
    <ele>10.4</ele>
   </trkpt>
   <trkpt lat="56.1274520" lon="10.0096410">
    <ele>10.4</ele>
   </trkpt>
   <trkpt lat="56.1274680" lon="10.0097490">
    <ele>10.2</ele>
   </trkpt>
   <trkpt lat="56.1274840" lon="10.0098560">
    <ele>10.2</ele>
   </trkpt>
   <trkpt lat="56.1274980" lon="10.0099610">
    <ele>10.2</ele>
   </trkpt>
   <trkpt lat="56.1275110" lon="10.0100630">
    <ele>10.2</ele>
   </trkpt>
   <trkpt lat="56.1275250" lon="10.0101600">
    <ele>10.2</ele>
   </trkpt>
   <trkpt lat="56.1275380" lon="10.0102550">
    <ele>10.4</ele>
   </trkpt>
   <trkpt lat="56.1275510" lon="10.0103500">
    <ele>10.4</ele>
   </trkpt>
   <trkpt lat="56.1275650" lon="10.0104410">
    <ele>10.4</ele>
   </trkpt>
   <trkpt lat="56.1275770" lon="10.0105360">
    <ele>10.4</ele>
   </trkpt>
   <trkpt lat="56.1275900" lon="10.0106380">
    <ele>10.4</ele>
   </trkpt>
   <trkpt lat="56.1276030" lon="10.0107420">
    <ele>10.4</ele>
   </trkpt>
   <trkpt lat="56.1276180" lon="10.0108440">
    <ele>10.2</ele>
   </trkpt>
   <trkpt lat="56.1276340" lon="10.0109450">
    <ele>10.2</ele>
   </trkpt>
   <trkpt lat="56.1276490" lon="10.0110540">
    <ele>10.0</ele>
   </trkpt>
   <trkpt lat="56.1276570" lon="10.0111730">
    <ele>10.0</ele>
   </trkpt>
   <trkpt lat="56.1276490" lon="10.0112930">
    <ele>9.6</ele>
   </trkpt>
   <trkpt lat="56.1276280" lon="10.0114120">
    <ele>9.6</ele>
   </trkpt>
   <trkpt lat="56.1275960" lon="10.0115220">
    <ele>9.4</ele>
   </trkpt>
   <trkpt lat="56.1275530" lon="10.0116190">
    <ele>9.2</ele>
   </trkpt>
   <trkpt lat="56.1275060" lon="10.0117040">
    <ele>9.0</ele>
   </trkpt>
   <trkpt lat="56.1274610" lon="10.0117850">
    <ele>9.0</ele>
   </trkpt>
   <trkpt lat="56.1274150" lon="10.0118630">
    <ele>9.0</ele>
   </trkpt>
   <trkpt lat="56.1273690" lon="10.0119400">
    <ele>9.0</ele>
   </trkpt>
   <trkpt lat="56.1273240" lon="10.0120140">
    <ele>9.0</ele>
   </trkpt>
   <trkpt lat="56.1272820" lon="10.0120870">
    <ele>9.2</ele>
   </trkpt>
   <trkpt lat="56.1272430" lon="10.0121570">
    <ele>9.2</ele>
   </trkpt>
   <trkpt lat="56.1272050" lon="10.0122250">
    <ele>9.4</ele>
   </trkpt>
   <trkpt lat="56.1271660" lon="10.0122930">
    <ele>9.6</ele>
   </trkpt>
   <trkpt lat="56.1271290" lon="10.0123690">
    <ele>9.6</ele>
   </trkpt>
   <trkpt lat="56.1270920" lon="10.0124510">
    <ele>9.8</ele>
   </trkpt>
   <trkpt lat="56.1270590" lon="10.0125420">
    <ele>10.0</ele>
   </trkpt>
   <trkpt lat="56.1270350" lon="10.0126420">
    <ele>10.0</ele>
   </trkpt>
   <trkpt lat="56.1270230" lon="10.0127450">
    <ele>10.2</ele>
   </trkpt>
   <trkpt lat="56.1270220" lon="10.0128550">
    <ele>10.2</ele>
   </trkpt>
   <trkpt lat="56.1270310" lon="10.0129640">
    <ele>10.4</ele>
   </trkpt>
   <trkpt lat="56.1270460" lon="10.0130660">
    <ele>10.4</ele>
   </trkpt>
   <trkpt lat="56.1270700" lon="10.0131650">
    <ele>10.6</ele>
   </trkpt>
   <trkpt lat="56.1271010" lon="10.0132610">
    <ele>10.8</ele>
   </trkpt>
   <trkpt lat="56.1271340" lon="10.0133580">
    <ele>10.8</ele>
   </trkpt>
   <trkpt lat="56.1271680" lon="10.0134580">
    <ele>10.8</ele>
   </trkpt>
   <trkpt lat="56.1272020" lon="10.0135610">
    <ele>10.8</ele>
   </trkpt>
   <trkpt lat="56.1272330" lon="10.0136660">
    <ele>10.8</ele>
   </trkpt>
   <trkpt lat="56.1272530" lon="10.0137730">
    <ele>10.8</ele>
   </trkpt>
   <trkpt lat="56.1272710" lon="10.0138800">
    <ele>10.8</ele>
   </trkpt>
   <trkpt lat="56.1272890" lon="10.0139820">
    <ele>10.8</ele>
   </trkpt>
   <trkpt lat="56.1273080" lon="10.0140780">
    <ele>10.8</ele>
   </trkpt>
   <trkpt lat="56.1273320" lon="10.0141680">
    <ele>10.8</ele>
   </trkpt>
   <trkpt lat="56.1273590" lon="10.0142540">
    <ele>10.8</ele>
   </trkpt>
   <trkpt lat="56.1273860" lon="10.0143390">
    <ele>10.6</ele>
   </trkpt>
   <trkpt lat="56.1274100" lon="10.0144260">
    <ele>10.6</ele>
   </trkpt>
   <trkpt lat="56.1274290" lon="10.0145140">
    <ele>10.6</ele>
   </trkpt>
   <trkpt lat="56.1274450" lon="10.0146000">
    <ele>10.6</ele>
   </trkpt>
   <trkpt lat="56.1274600" lon="10.0146810">
    <ele>10.6</ele>
   </trkpt>
   <trkpt lat="56.1274720" lon="10.0147620">
    <ele>10.8</ele>
   </trkpt>
   <trkpt lat="56.1274800" lon="10.0148460">
    <ele>10.8</ele>
   </trkpt>
   <trkpt lat="56.1274920" lon="10.0149310">
    <ele>11.0</ele>
   </trkpt>
   <trkpt lat="56.1275080" lon="10.0150180">
    <ele>11.0</ele>
   </trkpt>
   <trkpt lat="56.1275230" lon="10.0151010">
    <ele>11.0</ele>
   </trkpt>
   <trkpt lat="56.1275380" lon="10.0151800">
    <ele>11.0</ele>
   </trkpt>
   <trkpt lat="56.1275490" lon="10.0152580">
    <ele>10.8</ele>
   </trkpt>
   <trkpt lat="56.1275600" lon="10.0153340">
    <ele>10.8</ele>
   </trkpt>
   <trkpt lat="56.1275720" lon="10.0154070">
    <ele>10.6</ele>
   </trkpt>
   <trkpt lat="56.1275840" lon="10.0154780">
    <ele>10.8</ele>
   </trkpt>
   <trkpt lat="56.1275960" lon="10.0155560">
    <ele>10.8</ele>
   </trkpt>
   <trkpt lat="56.1276110" lon="10.0156440">
    <ele>10.8</ele>
   </trkpt>
   <trkpt lat="56.1276250" lon="10.0157400">
    <ele>10.8</ele>
   </trkpt>
   <trkpt lat="56.1276400" lon="10.0158460">
    <ele>10.8</ele>
   </trkpt>
   <trkpt lat="56.1276570" lon="10.0159590">
    <ele>10.8</ele>
   </trkpt>
   <trkpt lat="56.1276750" lon="10.0160750">
    <ele>10.6</ele>
   </trkpt>
   <trkpt lat="56.1276930" lon="10.0161920">
    <ele>10.6</ele>
   </trkpt>
   <trkpt lat="56.1277070" lon="10.0162860">
    <ele>10.4</ele>
   </trkpt>
   <trkpt lat="56.1277270" lon="10.0164280">
    <ele>10.4</ele>
   </trkpt>
   <trkpt lat="56.1277460" lon="10.0165480">
    <ele>10.4</ele>
   </trkpt>
   <trkpt lat="56.1277660" lon="10.0166690">
    <ele>10.4</ele>
   </trkpt>
   <trkpt lat="56.1277850" lon="10.0167900">
    <ele>10.4</ele>
   </trkpt>
   <trkpt lat="56.1278050" lon="10.0169090">
    <ele>10.4</ele>
   </trkpt>
   <trkpt lat="56.1278250" lon="10.0170270">
    <ele>10.4</ele>
   </trkpt>
   <trkpt lat="56.1278460" lon="10.0171460">
    <ele>10.4</ele>
   </trkpt>
   <trkpt lat="56.1278690" lon="10.0172640">
    <ele>10.4</ele>
   </trkpt>
   <trkpt lat="56.1278960" lon="10.0173780">
    <ele>10.4</ele>
   </trkpt>
   <trkpt lat="56.1279260" lon="10.0174880">
    <ele>10.6</ele>
   </trkpt>
   <trkpt lat="56.1279620" lon="10.0175920">
    <ele>10.6</ele>
   </trkpt>
   <trkpt lat="56.1280010" lon="10.0176930">
    <ele>10.8</ele>
   </trkpt>
   <trkpt lat="56.1280430" lon="10.0177890">
    <ele>10.8</ele>
   </trkpt>
   <trkpt lat="56.1280870" lon="10.0178810">
    <ele>11.0</ele>
   </trkpt>
   <trkpt lat="56.1281330" lon="10.0179650">
    <ele>11.0</ele>
   </trkpt>
   <trkpt lat="56.1281810" lon="10.0180490">
    <ele>11.0</ele>
   </trkpt>
   <trkpt lat="56.1282280" lon="10.0181340">
    <ele>11.2</ele>
   </trkpt>
   <trkpt lat="56.1282740" lon="10.0182210">
    <ele>11.4</ele>
   </trkpt>
   <trkpt lat="56.1283190" lon="10.0183050">
    <ele>11.6</ele>
   </trkpt>
   <trkpt lat="56.1283620" lon="10.0183940">
    <ele>11.8</ele>
   </trkpt>
   <trkpt lat="56.1284020" lon="10.0184830">
    <ele>11.8</ele>
   </trkpt>
   <trkpt lat="56.1284380" lon="10.0185720">
    <ele>12.0</ele>
   </trkpt>
   <trkpt lat="56.1284710" lon="10.0186620">
    <ele>12.2</ele>
   </trkpt>
   <trkpt lat="56.1285020" lon="10.0187530">
    <ele>12.4</ele>
   </trkpt>
   <trkpt lat="56.1285310" lon="10.0188400">
    <ele>12.8</ele>
   </trkpt>
   <trkpt lat="56.1285570" lon="10.0189220">
    <ele>13.2</ele>
   </trkpt>
   <trkpt lat="56.1285780" lon="10.0190040">
    <ele>13.6</ele>
   </trkpt>
   <trkpt lat="56.1285990" lon="10.0190840">
    <ele>14.2</ele>
   </trkpt>
   <trkpt lat="56.1286170" lon="10.0191630">
    <ele>14.6</ele>
   </trkpt>
   <trkpt lat="56.1286330" lon="10.0192400">
    <ele>15.0</ele>
   </trkpt>
   <trkpt lat="56.1286480" lon="10.0193140">
    <ele>15.4</ele>
   </trkpt>
   <trkpt lat="56.1286620" lon="10.0193870">
    <ele>15.6</ele>
   </trkpt>
   <trkpt lat="56.1286720" lon="10.0194540">
    <ele>16.0</ele>
   </trkpt>
   <trkpt lat="56.1286830" lon="10.0195130">
    <ele>16.4</ele>
   </trkpt>
   <trkpt lat="56.1286940" lon="10.0195710">
    <ele>16.6</ele>
   </trkpt>
   <trkpt lat="56.1287050" lon="10.0196310">
    <ele>17.2</ele>
   </trkpt>
   <trkpt lat="56.1287150" lon="10.0196890">
    <ele>17.6</ele>
   </trkpt>
   <trkpt lat="56.1287230" lon="10.0197440">
    <ele>18.0</ele>
   </trkpt>
   <trkpt lat="56.1287300" lon="10.0198010">
    <ele>18.4</ele>
   </trkpt>
   <trkpt lat="56.1287380" lon="10.0198560">
    <ele>18.8</ele>
   </trkpt>
   <trkpt lat="56.1287480" lon="10.0199130">
    <ele>19.0</ele>
   </trkpt>
   <trkpt lat="56.1287560" lon="10.0199680">
    <ele>19.4</ele>
   </trkpt>
   <trkpt lat="56.1287600" lon="10.0200220">
    <ele>19.6</ele>
   </trkpt>
   <trkpt lat="56.1287660" lon="10.0200810">
    <ele>19.8</ele>
   </trkpt>
   <trkpt lat="56.1287730" lon="10.0201420">
    <ele>20.0</ele>
   </trkpt>
   <trkpt lat="56.1287800" lon="10.0202060">
    <ele>20.4</ele>
   </trkpt>
   <trkpt lat="56.1287880" lon="10.0202690">
    <ele>20.6</ele>
   </trkpt>
   <trkpt lat="56.1287940" lon="10.0203300">
    <ele>20.8</ele>
   </trkpt>
   <trkpt lat="56.1288000" lon="10.0203920">
    <ele>21.2</ele>
   </trkpt>
   <trkpt lat="56.1288080" lon="10.0204550">
    <ele>21.4</ele>
   </trkpt>
   <trkpt lat="56.1288120" lon="10.0205180">
    <ele>21.6</ele>
   </trkpt>
   <trkpt lat="56.1288190" lon="10.0205800">
    <ele>21.6</ele>
   </trkpt>
   <trkpt lat="56.1288290" lon="10.0206430">
    <ele>21.8</ele>
   </trkpt>
   <trkpt lat="56.1288400" lon="10.0207020">
    <ele>22.0</ele>
   </trkpt>
   <trkpt lat="56.1288510" lon="10.0207630">
    <ele>22.0</ele>
   </trkpt>
   <trkpt lat="56.1288600" lon="10.0208260">
    <ele>22.2</ele>
   </trkpt>
   <trkpt lat="56.1288680" lon="10.0208860">
    <ele>22.4</ele>
   </trkpt>
   <trkpt lat="56.1288790" lon="10.0209460">
    <ele>22.4</ele>
   </trkpt>
   <trkpt lat="56.1288920" lon="10.0210030">
    <ele>22.6</ele>
   </trkpt>
   <trkpt lat="56.1289050" lon="10.0210620">
    <ele>23.0</ele>
   </trkpt>
   <trkpt lat="56.1289160" lon="10.0211240">
    <ele>23.2</ele>
   </trkpt>
   <trkpt lat="56.1289260" lon="10.0211890">
    <ele>23.4</ele>
   </trkpt>
   <trkpt lat="56.1289360" lon="10.0212530">
    <ele>23.4</ele>
   </trkpt>
   <trkpt lat="56.1289480" lon="10.0213160">
    <ele>23.6</ele>
   </trkpt>
   <trkpt lat="56.1289610" lon="10.0213800">
    <ele>23.6</ele>
   </trkpt>
   <trkpt lat="56.1289740" lon="10.0214430">
    <ele>23.8</ele>
   </trkpt>
   <trkpt lat="56.1289870" lon="10.0215050">
    <ele>23.8</ele>
   </trkpt>
   <trkpt lat="56.1290020" lon="10.0215670">
    <ele>24.0</ele>
   </trkpt>
   <trkpt lat="56.1290180" lon="10.0216290">
    <ele>24.2</ele>
   </trkpt>
   <trkpt lat="56.1290310" lon="10.0216930">
    <ele>24.4</ele>
   </trkpt>
   <trkpt lat="56.1290420" lon="10.0217610">
    <ele>24.6</ele>
   </trkpt>
   <trkpt lat="56.1290490" lon="10.0218280">
    <ele>24.6</ele>
   </trkpt>
   <trkpt lat="56.1290570" lon="10.0218970">
    <ele>24.8</ele>
   </trkpt>
   <trkpt lat="56.1290670" lon="10.0219650">
    <ele>24.8</ele>
   </trkpt>
   <trkpt lat="56.1290810" lon="10.0220320">
    <ele>25.0</ele>
   </trkpt>
   <trkpt lat="56.1290950" lon="10.0221010">
    <ele>25.0</ele>
   </trkpt>
   <trkpt lat="56.1291110" lon="10.0221700">
    <ele>25.2</ele>
   </trkpt>
   <trkpt lat="56.1291240" lon="10.0222410">
    <ele>25.2</ele>
   </trkpt>
   <trkpt lat="56.1291370" lon="10.0223130">
    <ele>25.2</ele>
   </trkpt>
   <trkpt lat="56.1291500" lon="10.0223850">
    <ele>25.4</ele>
   </trkpt>
   <trkpt lat="56.1291650" lon="10.0224590">
    <ele>25.4</ele>
   </trkpt>
   <trkpt lat="56.1291800" lon="10.0225320">
    <ele>25.4</ele>
   </trkpt>
   <trkpt lat="56.1291960" lon="10.0226080">
    <ele>25.4</ele>
   </trkpt>
   <trkpt lat="56.1292110" lon="10.0226860">
    <ele>25.4</ele>
   </trkpt>
   <trkpt lat="56.1292290" lon="10.0227670">
    <ele>25.4</ele>
   </trkpt>
   <trkpt lat="56.1292440" lon="10.0228480">
    <ele>25.4</ele>
   </trkpt>
   <trkpt lat="56.1292600" lon="10.0229300">
    <ele>25.4</ele>
   </trkpt>
   <trkpt lat="56.1292760" lon="10.0230120">
    <ele>25.6</ele>
   </trkpt>
   <trkpt lat="56.1292920" lon="10.0230960">
    <ele>25.6</ele>
   </trkpt>
   <trkpt lat="56.1293070" lon="10.0231820">
    <ele>25.6</ele>
   </trkpt>
   <trkpt lat="56.1293230" lon="10.0232680">
    <ele>25.6</ele>
   </trkpt>
   <trkpt lat="56.1293420" lon="10.0233540">
    <ele>25.6</ele>
   </trkpt>
   <trkpt lat="56.1293620" lon="10.0234430">
    <ele>25.6</ele>
   </trkpt>
   <trkpt lat="56.1293800" lon="10.0235360">
    <ele>25.4</ele>
   </trkpt>
   <trkpt lat="56.1293960" lon="10.0236320">
    <ele>25.4</ele>
   </trkpt>
   <trkpt lat="56.1294110" lon="10.0237280">
    <ele>25.2</ele>
   </trkpt>
   <trkpt lat="56.1294300" lon="10.0238260">
    <ele>25.0</ele>
   </trkpt>
   <trkpt lat="56.1294480" lon="10.0239230">
    <ele>24.8</ele>
   </trkpt>
   <trkpt lat="56.1294680" lon="10.0240210">
    <ele>24.8</ele>
   </trkpt>
   <trkpt lat="56.1294870" lon="10.0241200">
    <ele>24.6</ele>
   </trkpt>
   <trkpt lat="56.1295060" lon="10.0242200">
    <ele>24.6</ele>
   </trkpt>
   <trkpt lat="56.1295260" lon="10.0243210">
    <ele>24.4</ele>
   </trkpt>
   <trkpt lat="56.1295460" lon="10.0244250">
    <ele>24.2</ele>
   </trkpt>
   <trkpt lat="56.1295700" lon="10.0245320">
    <ele>24.0</ele>
   </trkpt>
   <trkpt lat="56.1295940" lon="10.0246400">
    <ele>23.6</ele>
   </trkpt>
   <trkpt lat="56.1296160" lon="10.0247530">
    <ele>23.4</ele>
   </trkpt>
   <trkpt lat="56.1296360" lon="10.0248700">
    <ele>23.2</ele>
   </trkpt>
   <trkpt lat="56.1296570" lon="10.0249890">
    <ele>22.8</ele>
   </trkpt>
   <trkpt lat="56.1296780" lon="10.0251090">
    <ele>22.6</ele>
   </trkpt>
   <trkpt lat="56.1297020" lon="10.0252320">
    <ele>22.2</ele>
   </trkpt>
   <trkpt lat="56.1297270" lon="10.0253580">
    <ele>21.8</ele>
   </trkpt>
   <trkpt lat="56.1297520" lon="10.0254800">
    <ele>21.6</ele>
   </trkpt>
   <trkpt lat="56.1297750" lon="10.0256050">
    <ele>21.2</ele>
   </trkpt>
   <trkpt lat="56.1297960" lon="10.0257340">
    <ele>21.0</ele>
   </trkpt>
   <trkpt lat="56.1298200" lon="10.0258620">
    <ele>20.8</ele>
   </trkpt>
   <trkpt lat="56.1298460" lon="10.0259900">
    <ele>20.6</ele>
   </trkpt>
   <trkpt lat="56.1298710" lon="10.0261210">
    <ele>20.2</ele>
   </trkpt>
   <trkpt lat="56.1298940" lon="10.0262530">
    <ele>20.0</ele>
   </trkpt>
   <trkpt lat="56.1299190" lon="10.0263920">
    <ele>19.6</ele>
   </trkpt>
   <trkpt lat="56.1299450" lon="10.0265350">
    <ele>19.0</ele>
   </trkpt>
   <trkpt lat="56.1299720" lon="10.0266800">
    <ele>18.6</ele>
   </trkpt>
   <trkpt lat="56.1299970" lon="10.0268260">
    <ele>18.0</ele>
   </trkpt>
   <trkpt lat="56.1300240" lon="10.0269720">
    <ele>17.6</ele>
   </trkpt>
   <trkpt lat="56.1300540" lon="10.0271210">
    <ele>17.2</ele>
   </trkpt>
   <trkpt lat="56.1300810" lon="10.0272730">
    <ele>16.8</ele>
   </trkpt>
   <trkpt lat="56.1301080" lon="10.0274260">
    <ele>16.4</ele>
   </trkpt>
   <trkpt lat="56.1301350" lon="10.0275760">
    <ele>16.0</ele>
   </trkpt>
   <trkpt lat="56.1301630" lon="10.0277290">
    <ele>15.6</ele>
   </trkpt>
   <trkpt lat="56.1301890" lon="10.0278830">
    <ele>15.2</ele>
   </trkpt>
   <trkpt lat="56.1302210" lon="10.0280410">
    <ele>14.6</ele>
   </trkpt>
   <trkpt lat="56.1302540" lon="10.0282030">
    <ele>14.2</ele>
   </trkpt>
   <trkpt lat="56.1302870" lon="10.0283670">
    <ele>13.6</ele>
   </trkpt>
   <trkpt lat="56.1303240" lon="10.0285330">
    <ele>12.8</ele>
   </trkpt>
   <trkpt lat="56.1303690" lon="10.0286970">
    <ele>12.0</ele>
   </trkpt>
   <trkpt lat="56.1304200" lon="10.0288610">
    <ele>11.2</ele>
   </trkpt>
   <trkpt lat="56.1304800" lon="10.0290260">
    <ele>10.2</ele>
   </trkpt>
   <trkpt lat="56.1305370" lon="10.0291860">
    <ele>9.4</ele>
   </trkpt>
   <trkpt lat="56.1305960" lon="10.0293470">
    <ele>8.8</ele>
   </trkpt>
   <trkpt lat="56.1306550" lon="10.0295080">
    <ele>8.0</ele>
   </trkpt>
   <trkpt lat="56.1307150" lon="10.0296710">
    <ele>7.4</ele>
   </trkpt>
   <trkpt lat="56.1307750" lon="10.0298360">
    <ele>6.8</ele>
   </trkpt>
   <trkpt lat="56.1308330" lon="10.0299990">
    <ele>6.4</ele>
   </trkpt>
   <trkpt lat="56.1308910" lon="10.0301630">
    <ele>6.0</ele>
   </trkpt>
   <trkpt lat="56.1309450" lon="10.0303270">
    <ele>5.8</ele>
   </trkpt>
   <trkpt lat="56.1309930" lon="10.0304950">
    <ele>5.6</ele>
   </trkpt>
   <trkpt lat="56.1310270" lon="10.0306690">
    <ele>5.2</ele>
   </trkpt>
   <trkpt lat="56.1310450" lon="10.0308450">
    <ele>5.0</ele>
   </trkpt>
   <trkpt lat="56.1310480" lon="10.0310140">
    <ele>5.0</ele>
   </trkpt>
   <trkpt lat="56.1310320" lon="10.0311730">
    <ele>5.0</ele>
   </trkpt>
   <trkpt lat="56.1310050" lon="10.0313200">
    <ele>5.0</ele>
   </trkpt>
   <trkpt lat="56.1309720" lon="10.0314570">
    <ele>5.2</ele>
   </trkpt>
   <trkpt lat="56.1309390" lon="10.0315860">
    <ele>5.6</ele>
   </trkpt>
   <trkpt lat="56.1309050" lon="10.0317080">
    <ele>5.8</ele>
   </trkpt>
   <trkpt lat="56.1308690" lon="10.0318250">
    <ele>6.0</ele>
   </trkpt>
   <trkpt lat="56.1308330" lon="10.0319370">
    <ele>6.2</ele>
   </trkpt>
   <trkpt lat="56.1308000" lon="10.0320450">
    <ele>6.4</ele>
   </trkpt>
   <trkpt lat="56.1307710" lon="10.0321540">
    <ele>6.6</ele>
   </trkpt>
   <trkpt lat="56.1307410" lon="10.0322670">
    <ele>6.6</ele>
   </trkpt>
   <trkpt lat="56.1307110" lon="10.0323790">
    <ele>6.6</ele>
   </trkpt>
   <trkpt lat="56.1306830" lon="10.0324960">
    <ele>6.6</ele>
   </trkpt>
   <trkpt lat="56.1306570" lon="10.0326160">
    <ele>6.6</ele>
   </trkpt>
   <trkpt lat="56.1306320" lon="10.0327350">
    <ele>6.4</ele>
   </trkpt>
   <trkpt lat="56.1306060" lon="10.0328550">
    <ele>6.4</ele>
   </trkpt>
   <trkpt lat="56.1305830" lon="10.0329780">
    <ele>6.4</ele>
   </trkpt>
   <trkpt lat="56.1305620" lon="10.0331010">
    <ele>6.4</ele>
   </trkpt>
   <trkpt lat="56.1305420" lon="10.0332250">
    <ele>6.4</ele>
   </trkpt>
   <trkpt lat="56.1305220" lon="10.0333490">
    <ele>6.6</ele>
   </trkpt>
   <trkpt lat="56.1305020" lon="10.0334710">
    <ele>6.6</ele>
   </trkpt>
   <trkpt lat="56.1304800" lon="10.0335930">
    <ele>6.6</ele>
   </trkpt>
   <trkpt lat="56.1304590" lon="10.0337160">
    <ele>6.6</ele>
   </trkpt>
   <trkpt lat="56.1304390" lon="10.0338390">
    <ele>6.8</ele>
   </trkpt>
   <trkpt lat="56.1304190" lon="10.0339650">
    <ele>6.8</ele>
   </trkpt>
   <trkpt lat="56.1303980" lon="10.0340890">
    <ele>6.8</ele>
   </trkpt>
   <trkpt lat="56.1303790" lon="10.0342180">
    <ele>6.8</ele>
   </trkpt>
   <trkpt lat="56.1303640" lon="10.0343430">
    <ele>6.8</ele>
   </trkpt>
   <trkpt lat="56.1303540" lon="10.0344680">
    <ele>6.8</ele>
   </trkpt>
   <trkpt lat="56.1303430" lon="10.0345970">
    <ele>6.6</ele>
   </trkpt>
   <trkpt lat="56.1303330" lon="10.0347260">
    <ele>6.6</ele>
   </trkpt>
   <trkpt lat="56.1303260" lon="10.0348530">
    <ele>6.6</ele>
   </trkpt>
   <trkpt lat="56.1303140" lon="10.0349840">
    <ele>6.4</ele>
   </trkpt>
   <trkpt lat="56.1303380" lon="10.0351450">
    <ele>6.4</ele>
   </trkpt>
   <trkpt lat="56.1303420" lon="10.0352860">
    <ele>6.4</ele>
   </trkpt>
   <trkpt lat="56.1303550" lon="10.0354150">
    <ele>6.2</ele>
   </trkpt>
   <trkpt lat="56.1303650" lon="10.0355510">
    <ele>6.2</ele>
   </trkpt>
   <trkpt lat="56.1303780" lon="10.0356860">
    <ele>6.0</ele>
   </trkpt>
   <trkpt lat="56.1303910" lon="10.0358190">
    <ele>6.0</ele>
   </trkpt>
   <trkpt lat="56.1304070" lon="10.0359530">
    <ele>5.8</ele>
   </trkpt>
   <trkpt lat="56.1304210" lon="10.0360880">
    <ele>5.8</ele>
   </trkpt>
   <trkpt lat="56.1304310" lon="10.0362220">
    <ele>5.8</ele>
   </trkpt>
   <trkpt lat="56.1304400" lon="10.0363560">
    <ele>5.8</ele>
   </trkpt>
   <trkpt lat="56.1304510" lon="10.0364890">
    <ele>5.6</ele>
   </trkpt>
   <trkpt lat="56.1304660" lon="10.0366230">
    <ele>5.6</ele>
   </trkpt>
   <trkpt lat="56.1304800" lon="10.0367590">
    <ele>5.6</ele>
   </trkpt>
   <trkpt lat="56.1304910" lon="10.0368970">
    <ele>5.4</ele>
   </trkpt>
   <trkpt lat="56.1305000" lon="10.0370360">
    <ele>5.4</ele>
   </trkpt>
   <trkpt lat="56.1305130" lon="10.0371740">
    <ele>5.2</ele>
   </trkpt>
   <trkpt lat="56.1305270" lon="10.0373120">
    <ele>5.2</ele>
   </trkpt>
   <trkpt lat="56.1305390" lon="10.0374480">
    <ele>5.2</ele>
   </trkpt>
   <trkpt lat="56.1305520" lon="10.0375790">
    <ele>5.2</ele>
   </trkpt>
   <trkpt lat="56.1305650" lon="10.0377110">
    <ele>5.2</ele>
   </trkpt>
   <trkpt lat="56.1305750" lon="10.0378430">
    <ele>5.4</ele>
   </trkpt>
   <trkpt lat="56.1305850" lon="10.0379750">
    <ele>5.4</ele>
   </trkpt>
   <trkpt lat="56.1305950" lon="10.0381070">
    <ele>5.4</ele>
   </trkpt>
   <trkpt lat="56.1306080" lon="10.0382380">
    <ele>5.4</ele>
   </trkpt>
   <trkpt lat="56.1306210" lon="10.0383680">
    <ele>5.4</ele>
   </trkpt>
   <trkpt lat="56.1306330" lon="10.0384940">
    <ele>5.6</ele>
   </trkpt>
   <trkpt lat="56.1306460" lon="10.0386210">
    <ele>5.6</ele>
   </trkpt>
   <trkpt lat="56.1306590" lon="10.0387440">
    <ele>5.8</ele>
   </trkpt>
   <trkpt lat="56.1306720" lon="10.0388690">
    <ele>5.8</ele>
   </trkpt>
   <trkpt lat="56.1306830" lon="10.0389950">
    <ele>5.8</ele>
   </trkpt>
   <trkpt lat="56.1306940" lon="10.0391230">
    <ele>6.0</ele>
   </trkpt>
   <trkpt lat="56.1307080" lon="10.0392480">
    <ele>6.0</ele>
   </trkpt>
   <trkpt lat="56.1307210" lon="10.0393720">
    <ele>6.0</ele>
   </trkpt>
   <trkpt lat="56.1307340" lon="10.0394970">
    <ele>6.2</ele>
   </trkpt>
   <trkpt lat="56.1307440" lon="10.0396220">
    <ele>6.2</ele>
   </trkpt>
   <trkpt lat="56.1307520" lon="10.0397460">
    <ele>6.4</ele>
   </trkpt>
   <trkpt lat="56.1307620" lon="10.0398690">
    <ele>6.4</ele>
   </trkpt>
   <trkpt lat="56.1307730" lon="10.0399910">
    <ele>6.6</ele>
   </trkpt>
   <trkpt lat="56.1307840" lon="10.0401140">
    <ele>6.6</ele>
   </trkpt>
   <trkpt lat="56.1307960" lon="10.0402350">
    <ele>6.8</ele>
   </trkpt>
   <trkpt lat="56.1308080" lon="10.0403510">
    <ele>6.8</ele>
   </trkpt>
   <trkpt lat="56.1308200" lon="10.0404650">
    <ele>6.8</ele>
   </trkpt>
   <trkpt lat="56.1308290" lon="10.0405710">
    <ele>7.0</ele>
   </trkpt>
   <trkpt lat="56.1308340" lon="10.0406730">
    <ele>7.2</ele>
   </trkpt>
   <trkpt lat="56.1308280" lon="10.0407670">
    <ele>7.2</ele>
   </trkpt>
   <trkpt lat="56.1308040" lon="10.0408470">
    <ele>7.6</ele>
   </trkpt>
   <trkpt lat="56.1307660" lon="10.0408980">
    <ele>7.8</ele>
   </trkpt>
   <trkpt lat="56.1307220" lon="10.0409270">
    <ele>8.0</ele>
   </trkpt>
   <trkpt lat="56.1306820" lon="10.0409600">
    <ele>8.2</ele>
   </trkpt>
   <trkpt lat="56.1306470" lon="10.0410040">
    <ele>8.6</ele>
   </trkpt>
   <trkpt lat="56.1306180" lon="10.0410620">
    <ele>8.8</ele>
   </trkpt>
   <trkpt lat="56.1305950" lon="10.0411330">
    <ele>9.0</ele>
   </trkpt>
   <trkpt lat="56.1305790" lon="10.0412150">
    <ele>9.2</ele>
   </trkpt>
   <trkpt lat="56.1305730" lon="10.0413020">
    <ele>9.2</ele>
   </trkpt>
   <trkpt lat="56.1305740" lon="10.0413960">
    <ele>9.4</ele>
   </trkpt>
   <trkpt lat="56.1305770" lon="10.0414920">
    <ele>9.6</ele>
   </trkpt>
   <trkpt lat="56.1305820" lon="10.0415910">
    <ele>9.6</ele>
   </trkpt>
   <trkpt lat="56.1305870" lon="10.0416910">
    <ele>9.6</ele>
   </trkpt>
   <trkpt lat="56.1305920" lon="10.0417940">
    <ele>9.6</ele>
   </trkpt>
   <trkpt lat="56.1305970" lon="10.0419000">
    <ele>9.6</ele>
   </trkpt>
   <trkpt lat="56.1306030" lon="10.0420070">
    <ele>9.6</ele>
   </trkpt>
   <trkpt lat="56.1306100" lon="10.0421140">
    <ele>9.6</ele>
   </trkpt>
   <trkpt lat="56.1306150" lon="10.0422220">
    <ele>9.8</ele>
   </trkpt>
   <trkpt lat="56.1306240" lon="10.0423290">
    <ele>9.8</ele>
   </trkpt>
   <trkpt lat="56.1306310" lon="10.0424360">
    <ele>9.8</ele>
   </trkpt>
   <trkpt lat="56.1306360" lon="10.0425450">
    <ele>9.8</ele>
   </trkpt>
   <trkpt lat="56.1306400" lon="10.0426560">
    <ele>10.0</ele>
   </trkpt>
   <trkpt lat="56.1306450" lon="10.0427680">
    <ele>10.0</ele>
   </trkpt>
   <trkpt lat="56.1306500" lon="10.0428810">
    <ele>9.8</ele>
   </trkpt>
   <trkpt lat="56.1306580" lon="10.0429970">
    <ele>9.8</ele>
   </trkpt>
   <trkpt lat="56.1306660" lon="10.0431180">
    <ele>9.6</ele>
   </trkpt>
   <trkpt lat="56.1306720" lon="10.0432430">
    <ele>9.4</ele>
   </trkpt>
   <trkpt lat="56.1306790" lon="10.0433730">
    <ele>9.0</ele>
   </trkpt>
   <trkpt lat="56.1306860" lon="10.0435040">
    <ele>8.6</ele>
   </trkpt>
   <trkpt lat="56.1306960" lon="10.0436370">
    <ele>8.2</ele>
   </trkpt>
   <trkpt lat="56.1307050" lon="10.0437760">
    <ele>7.8</ele>
   </trkpt>
   <trkpt lat="56.1307130" lon="10.0439160">
    <ele>7.4</ele>
   </trkpt>
   <trkpt lat="56.1307150" lon="10.0440570">
    <ele>7.0</ele>
   </trkpt>
   <trkpt lat="56.1307060" lon="10.0441920">
    <ele>6.8</ele>
   </trkpt>
   <trkpt lat="56.1306790" lon="10.0443180">
    <ele>6.8</ele>
   </trkpt>
   <trkpt lat="56.1306310" lon="10.0444220">
    <ele>6.8</ele>
   </trkpt>
   <trkpt lat="56.1305790" lon="10.0445020">
    <ele>7.0</ele>
   </trkpt>
   <trkpt lat="56.1305200" lon="10.0445670">
    <ele>7.2</ele>
   </trkpt>
   <trkpt lat="56.1304630" lon="10.0446200">
    <ele>7.6</ele>
   </trkpt>
   <trkpt lat="56.1304050" lon="10.0446570">
    <ele>8.0</ele>
   </trkpt>
   <trkpt lat="56.1303450" lon="10.0446810">
    <ele>8.4</ele>
   </trkpt>
   <trkpt lat="56.1302870" lon="10.0446970">
    <ele>8.6</ele>
   </trkpt>
   <trkpt lat="56.1302310" lon="10.0447090">
    <ele>9.0</ele>
   </trkpt>
   <trkpt lat="56.1301760" lon="10.0447210">
    <ele>9.4</ele>
   </trkpt>
   <trkpt lat="56.1301230" lon="10.0447350">
    <ele>9.8</ele>
   </trkpt>
   <trkpt lat="56.1300710" lon="10.0447450">
    <ele>10.2</ele>
   </trkpt>
   <trkpt lat="56.1300210" lon="10.0447520">
    <ele>10.6</ele>
   </trkpt>
   <trkpt lat="56.1299690" lon="10.0447540">
    <ele>10.8</ele>
   </trkpt>
   <trkpt lat="56.1299180" lon="10.0447620">
    <ele>11.2</ele>
   </trkpt>
   <trkpt lat="56.1298680" lon="10.0447710">
    <ele>11.4</ele>
   </trkpt>
   <trkpt lat="56.1298190" lon="10.0447850">
    <ele>11.6</ele>
   </trkpt>
   <trkpt lat="56.1297690" lon="10.0447970">
    <ele>11.8</ele>
   </trkpt>
   <trkpt lat="56.1297200" lon="10.0448080">
    <ele>12.2</ele>
   </trkpt>
   <trkpt lat="56.1296710" lon="10.0448240">
    <ele>12.4</ele>
   </trkpt>
   <trkpt lat="56.1296220" lon="10.0448410">
    <ele>12.6</ele>
   </trkpt>
   <trkpt lat="56.1295710" lon="10.0448540">
    <ele>12.8</ele>
   </trkpt>
   <trkpt lat="56.1295230" lon="10.0448680">
    <ele>13.2</ele>
   </trkpt>
   <trkpt lat="56.1294790" lon="10.0448950">
    <ele>13.4</ele>
   </trkpt>
   <trkpt lat="56.1294440" lon="10.0449440">
    <ele>13.6</ele>
   </trkpt>
   <trkpt lat="56.1294220" lon="10.0450130">
    <ele>13.8</ele>
   </trkpt>
   <trkpt lat="56.1294180" lon="10.0450970">
    <ele>14.0</ele>
   </trkpt>
   <trkpt lat="56.1294280" lon="10.0451850">
    <ele>14.0</ele>
   </trkpt>
   <trkpt lat="56.1294450" lon="10.0452770">
    <ele>14.0</ele>
   </trkpt>
   <trkpt lat="56.1294620" lon="10.0453750">
    <ele>13.8</ele>
   </trkpt>
   <trkpt lat="56.1294820" lon="10.0454760">
    <ele>13.4</ele>
   </trkpt>
   <trkpt lat="56.1295030" lon="10.0455800">
    <ele>13.2</ele>
   </trkpt>
   <trkpt lat="56.1295250" lon="10.0456880">
    <ele>12.8</ele>
   </trkpt>
   <trkpt lat="56.1295490" lon="10.0458000">
    <ele>12.6</ele>
   </trkpt>
   <trkpt lat="56.1295760" lon="10.0459140">
    <ele>12.2</ele>
   </trkpt>
   <trkpt lat="56.1296020" lon="10.0460290">
    <ele>12.0</ele>
   </trkpt>
   <trkpt lat="56.1296270" lon="10.0461470">
    <ele>11.8</ele>
   </trkpt>
   <trkpt lat="56.1296530" lon="10.0462660">
    <ele>11.4</ele>
   </trkpt>
   <trkpt lat="56.1296790" lon="10.0463890">
    <ele>11.0</ele>
   </trkpt>
   <trkpt lat="56.1297060" lon="10.0465140">
    <ele>10.8</ele>
   </trkpt>
   <trkpt lat="56.1297360" lon="10.0466390">
    <ele>10.4</ele>
   </trkpt>
   <trkpt lat="56.1297680" lon="10.0467620">
    <ele>10.2</ele>
   </trkpt>
   <trkpt lat="56.1298000" lon="10.0468870">
    <ele>9.8</ele>
   </trkpt>
   <trkpt lat="56.1298360" lon="10.0470100">
    <ele>9.6</ele>
   </trkpt>
   <trkpt lat="56.1298750" lon="10.0471300">
    <ele>9.2</ele>
   </trkpt>
   <trkpt lat="56.1299160" lon="10.0472490">
    <ele>9.0</ele>
   </trkpt>
   <trkpt lat="56.1299550" lon="10.0473690">
    <ele>8.6</ele>
   </trkpt>
   <trkpt lat="56.1299910" lon="10.0474940">
    <ele>8.6</ele>
   </trkpt>
   <trkpt lat="56.1300240" lon="10.0476230">
    <ele>8.4</ele>
   </trkpt>
   <trkpt lat="56.1300510" lon="10.0477540">
    <ele>8.2</ele>
   </trkpt>
   <trkpt lat="56.1300750" lon="10.0478890">
    <ele>8.0</ele>
   </trkpt>
   <trkpt lat="56.1300960" lon="10.0480260">
    <ele>8.0</ele>
   </trkpt>
   <trkpt lat="56.1301160" lon="10.0481630">
    <ele>8.0</ele>
   </trkpt>
   <trkpt lat="56.1301350" lon="10.0483000">
    <ele>7.8</ele>
   </trkpt>
   <trkpt lat="56.1301530" lon="10.0484350">
    <ele>7.8</ele>
   </trkpt>
   <trkpt lat="56.1301730" lon="10.0485680">
    <ele>7.8</ele>
   </trkpt>
   <trkpt lat="56.1301950" lon="10.0486970">
    <ele>7.8</ele>
   </trkpt>
   <trkpt lat="56.1302210" lon="10.0488230">
    <ele>7.8</ele>
   </trkpt>
   <trkpt lat="56.1302490" lon="10.0489450">
    <ele>7.8</ele>
   </trkpt>
   <trkpt lat="56.1302790" lon="10.0490620">
    <ele>8.0</ele>
   </trkpt>
   <trkpt lat="56.1303070" lon="10.0491750">
    <ele>8.4</ele>
   </trkpt>
   <trkpt lat="56.1303320" lon="10.0492860">
    <ele>8.6</ele>
   </trkpt>
   <trkpt lat="56.1303510" lon="10.0493900">
    <ele>9.2</ele>
   </trkpt>
   <trkpt lat="56.1303640" lon="10.0494850">
    <ele>9.8</ele>
   </trkpt>
   <trkpt lat="56.1303760" lon="10.0495770">
    <ele>10.4</ele>
   </trkpt>
   <trkpt lat="56.1303880" lon="10.0496670">
    <ele>11.0</ele>
   </trkpt>
   <trkpt lat="56.1304010" lon="10.0497540">
    <ele>11.4</ele>
   </trkpt>
   <trkpt lat="56.1304160" lon="10.0498430">
    <ele>12.0</ele>
   </trkpt>
   <trkpt lat="56.1304300" lon="10.0499340">
    <ele>12.4</ele>
   </trkpt>
   <trkpt lat="56.1304410" lon="10.0500280">
    <ele>12.6</ele>
   </trkpt>
   <trkpt lat="56.1304500" lon="10.0501240">
    <ele>13.0</ele>
   </trkpt>
   <trkpt lat="56.1304610" lon="10.0502200">
    <ele>13.2</ele>
   </trkpt>
   <trkpt lat="56.1304740" lon="10.0503160">
    <ele>13.2</ele>
   </trkpt>
   <trkpt lat="56.1304870" lon="10.0504140">
    <ele>13.2</ele>
   </trkpt>
   <trkpt lat="56.1305000" lon="10.0505120">
    <ele>13.2</ele>
   </trkpt>
   <trkpt lat="56.1305120" lon="10.0506090">
    <ele>13.4</ele>
   </trkpt>
   <trkpt lat="56.1305210" lon="10.0507050">
    <ele>13.4</ele>
   </trkpt>
   <trkpt lat="56.1305280" lon="10.0508030">
    <ele>13.6</ele>
   </trkpt>
   <trkpt lat="56.1305360" lon="10.0508990">
    <ele>13.8</ele>
   </trkpt>
   <trkpt lat="56.1305420" lon="10.0509950">
    <ele>13.8</ele>
   </trkpt>
   <trkpt lat="56.1305450" lon="10.0510920">
    <ele>14.0</ele>
   </trkpt>
   <trkpt lat="56.1305480" lon="10.0511870">
    <ele>14.2</ele>
   </trkpt>
   <trkpt lat="56.1305510" lon="10.0512830">
    <ele>14.2</ele>
   </trkpt>
   <trkpt lat="56.1305520" lon="10.0513780">
    <ele>14.4</ele>
   </trkpt>
   <trkpt lat="56.1305490" lon="10.0514720">
    <ele>14.6</ele>
   </trkpt>
   <trkpt lat="56.1305490" lon="10.0515670">
    <ele>14.6</ele>
   </trkpt>
   <trkpt lat="56.1305500" lon="10.0516610">
    <ele>14.8</ele>
   </trkpt>
   <trkpt lat="56.1305520" lon="10.0517540">
    <ele>14.8</ele>
   </trkpt>
   <trkpt lat="56.1305530" lon="10.0518470">
    <ele>15.0</ele>
   </trkpt>
   <trkpt lat="56.1305520" lon="10.0519400">
    <ele>15.2</ele>
   </trkpt>
   <trkpt lat="56.1305500" lon="10.0520320">
    <ele>15.2</ele>
   </trkpt>
   <trkpt lat="56.1305480" lon="10.0521240">
    <ele>15.4</ele>
   </trkpt>
   <trkpt lat="56.1305470" lon="10.0522160">
    <ele>15.6</ele>
   </trkpt>
   <trkpt lat="56.1305450" lon="10.0523060">
    <ele>15.8</ele>
   </trkpt>
   <trkpt lat="56.1305440" lon="10.0523920">
    <ele>16.0</ele>
   </trkpt>
   <trkpt lat="56.1305440" lon="10.0524780">
    <ele>16.2</ele>
   </trkpt>
   <trkpt lat="56.1305450" lon="10.0525620">
    <ele>16.6</ele>
   </trkpt>
   <trkpt lat="56.1305470" lon="10.0526440">
    <ele>16.8</ele>
   </trkpt>
   <trkpt lat="56.1305470" lon="10.0527260">
    <ele>17.2</ele>
   </trkpt>
   <trkpt lat="56.1305460" lon="10.0528070">
    <ele>17.4</ele>
   </trkpt>
   <trkpt lat="56.1305460" lon="10.0528880">
    <ele>17.8</ele>
   </trkpt>
   <trkpt lat="56.1305500" lon="10.0529690">
    <ele>18.0</ele>
   </trkpt>
   <trkpt lat="56.1305550" lon="10.0530490">
    <ele>18.0</ele>
   </trkpt>
   <trkpt lat="56.1305580" lon="10.0531280">
    <ele>18.2</ele>
   </trkpt>
   <trkpt lat="56.1305600" lon="10.0532080">
    <ele>18.4</ele>
   </trkpt>
   <trkpt lat="56.1305600" lon="10.0532860">
    <ele>18.8</ele>
   </trkpt>
   <trkpt lat="56.1305570" lon="10.0533610">
    <ele>19.0</ele>
   </trkpt>
   <trkpt lat="56.1305580" lon="10.0534370">
    <ele>19.2</ele>
   </trkpt>
   <trkpt lat="56.1305580" lon="10.0535100">
    <ele>19.4</ele>
   </trkpt>
   <trkpt lat="56.1305570" lon="10.0535820">
    <ele>19.6</ele>
   </trkpt>
   <trkpt lat="56.1305570" lon="10.0536540">
    <ele>20.0</ele>
   </trkpt>
   <trkpt lat="56.1305590" lon="10.0537270">
    <ele>20.2</ele>
   </trkpt>
   <trkpt lat="56.1305590" lon="10.0537990">
    <ele>20.4</ele>
   </trkpt>
   <trkpt lat="56.1305570" lon="10.0538670">
    <ele>20.6</ele>
   </trkpt>
   <trkpt lat="56.1305580" lon="10.0539350">
    <ele>20.8</ele>
   </trkpt>
   <trkpt lat="56.1305570" lon="10.0540030">
    <ele>21.0</ele>
   </trkpt>
   <trkpt lat="56.1305570" lon="10.0540700">
    <ele>21.2</ele>
   </trkpt>
   <trkpt lat="56.1305580" lon="10.0541340">
    <ele>21.6</ele>
   </trkpt>
   <trkpt lat="56.1305600" lon="10.0541950">
    <ele>21.8</ele>
   </trkpt>
   <trkpt lat="56.1305620" lon="10.0542540">
    <ele>22.2</ele>
   </trkpt>
   <trkpt lat="56.1305640" lon="10.0543100">
    <ele>22.4</ele>
   </trkpt>
   <trkpt lat="56.1305660" lon="10.0543670">
    <ele>22.8</ele>
   </trkpt>
   <trkpt lat="56.1305700" lon="10.0544250">
    <ele>23.0</ele>
   </trkpt>
   <trkpt lat="56.1305740" lon="10.0544820">
    <ele>23.2</ele>
   </trkpt>
   <trkpt lat="56.1305820" lon="10.0545420">
    <ele>23.4</ele>
   </trkpt>
   <trkpt lat="56.1305940" lon="10.0546050">
    <ele>23.6</ele>
   </trkpt>
   <trkpt lat="56.1306070" lon="10.0546690">
    <ele>23.6</ele>
   </trkpt>
   <trkpt lat="56.1306210" lon="10.0547330">
    <ele>23.6</ele>
   </trkpt>
   <trkpt lat="56.1306360" lon="10.0547970">
    <ele>23.8</ele>
   </trkpt>
   <trkpt lat="56.1306500" lon="10.0548610">
    <ele>23.8</ele>
   </trkpt>
   <trkpt lat="56.1306630" lon="10.0549250">
    <ele>23.8</ele>
   </trkpt>
   <trkpt lat="56.1306770" lon="10.0549910">
    <ele>23.8</ele>
   </trkpt>
   <trkpt lat="56.1306870" lon="10.0550610">
    <ele>24.0</ele>
   </trkpt>
   <trkpt lat="56.1306980" lon="10.0551280">
    <ele>24.0</ele>
   </trkpt>
   <trkpt lat="56.1307100" lon="10.0551900">
    <ele>24.2</ele>
   </trkpt>
   <trkpt lat="56.1307240" lon="10.0552510">
    <ele>24.4</ele>
   </trkpt>
   <trkpt lat="56.1307360" lon="10.0553150">
    <ele>24.6</ele>
   </trkpt>
   <trkpt lat="56.1307460" lon="10.0553820">
    <ele>24.6</ele>
   </trkpt>
   <trkpt lat="56.1307580" lon="10.0554490">
    <ele>24.8</ele>
   </trkpt>
   <trkpt lat="56.1307700" lon="10.0555180">
    <ele>24.8</ele>
   </trkpt>
   <trkpt lat="56.1307830" lon="10.0555880">
    <ele>24.8</ele>
   </trkpt>
   <trkpt lat="56.1307960" lon="10.0556630">
    <ele>24.8</ele>
   </trkpt>
   <trkpt lat="56.1308100" lon="10.0557410">
    <ele>24.8</ele>
   </trkpt>
   <trkpt lat="56.1308220" lon="10.0558220">
    <ele>24.8</ele>
   </trkpt>
   <trkpt lat="56.1308350" lon="10.0559020">
    <ele>24.8</ele>
   </trkpt>
   <trkpt lat="56.1308500" lon="10.0559820">
    <ele>24.8</ele>
   </trkpt>
   <trkpt lat="56.1308640" lon="10.0560620">
    <ele>24.8</ele>
   </trkpt>
   <trkpt lat="56.1308780" lon="10.0561420">
    <ele>24.6</ele>
   </trkpt>
   <trkpt lat="56.1308930" lon="10.0562240">
    <ele>24.8</ele>
   </trkpt>
   <trkpt lat="56.1309060" lon="10.0563070">
    <ele>24.6</ele>
   </trkpt>
   <trkpt lat="56.1309200" lon="10.0563900">
    <ele>24.6</ele>
   </trkpt>
   <trkpt lat="56.1309370" lon="10.0564710">
    <ele>24.6</ele>
   </trkpt>
   <trkpt lat="56.1309530" lon="10.0565510">
    <ele>24.6</ele>
   </trkpt>
   <trkpt lat="56.1309680" lon="10.0566320">
    <ele>24.6</ele>
   </trkpt>
   <trkpt lat="56.1309840" lon="10.0567120">
    <ele>24.6</ele>
   </trkpt>
   <trkpt lat="56.1309990" lon="10.0567920">
    <ele>24.8</ele>
   </trkpt>
   <trkpt lat="56.1310130" lon="10.0568700">
    <ele>24.8</ele>
   </trkpt>
   <trkpt lat="56.1310260" lon="10.0569480">
    <ele>25.0</ele>
   </trkpt>
   <trkpt lat="56.1310390" lon="10.0570210">
    <ele>25.0</ele>
   </trkpt>
   <trkpt lat="56.1310520" lon="10.0570930">
    <ele>25.2</ele>
   </trkpt>
   <trkpt lat="56.1310650" lon="10.0571620">
    <ele>25.4</ele>
   </trkpt>
   <trkpt lat="56.1310780" lon="10.0572280">
    <ele>25.6</ele>
   </trkpt>
   <trkpt lat="56.1310920" lon="10.0572920">
    <ele>25.8</ele>
   </trkpt>
   <trkpt lat="56.1311040" lon="10.0573540">
    <ele>26.0</ele>
   </trkpt>
   <trkpt lat="56.1311150" lon="10.0574150">
    <ele>26.4</ele>
   </trkpt>
   <trkpt lat="56.1311250" lon="10.0574740">
    <ele>26.8</ele>
   </trkpt>
   <trkpt lat="56.1311370" lon="10.0575290">
    <ele>27.2</ele>
   </trkpt>
   <trkpt lat="56.1311480" lon="10.0575850">
    <ele>27.4</ele>
   </trkpt>
   <trkpt lat="56.1311580" lon="10.0576420">
    <ele>27.8</ele>
   </trkpt>
   <trkpt lat="56.1311670" lon="10.0576990">
    <ele>28.0</ele>
   </trkpt>
   <trkpt lat="56.1311770" lon="10.0577510">
    <ele>28.0</ele>
   </trkpt>
   <trkpt lat="56.1311870" lon="10.0578010">
    <ele>28.2</ele>
   </trkpt>
   <trkpt lat="56.1311960" lon="10.0578470">
    <ele>28.4</ele>
   </trkpt>
   <trkpt lat="56.1312060" lon="10.0578910">
    <ele>28.6</ele>
   </trkpt>
   <trkpt lat="56.1312160" lon="10.0579320">
    <ele>28.6</ele>
   </trkpt>
   <trkpt lat="56.1312240" lon="10.0579770">
    <ele>28.8</ele>
   </trkpt>
   <trkpt lat="56.1312350" lon="10.0580330">
    <ele>28.8</ele>
   </trkpt>
   <trkpt lat="56.1312500" lon="10.0580970">
    <ele>28.6</ele>
   </trkpt>
   <trkpt lat="56.1312660" lon="10.0581640">
    <ele>28.6</ele>
   </trkpt>
   <trkpt lat="56.1312820" lon="10.0582330">
    <ele>28.4</ele>
   </trkpt>
   <trkpt lat="56.1312970" lon="10.0583050">
    <ele>28.2</ele>
   </trkpt>
   <trkpt lat="56.1313160" lon="10.0583810">
    <ele>28.0</ele>
   </trkpt>
   <trkpt lat="56.1313380" lon="10.0584610">
    <ele>27.8</ele>
   </trkpt>
   <trkpt lat="56.1313590" lon="10.0585460">
    <ele>27.6</ele>
   </trkpt>
   <trkpt lat="56.1313800" lon="10.0586350">
    <ele>27.4</ele>
   </trkpt>
   <trkpt lat="56.1314030" lon="10.0587280">
    <ele>27.2</ele>
   </trkpt>
   <trkpt lat="56.1314260" lon="10.0588240">
    <ele>27.0</ele>
   </trkpt>
   <trkpt lat="56.1314490" lon="10.0589210">
    <ele>26.8</ele>
   </trkpt>
   <trkpt lat="56.1314740" lon="10.0590190">
    <ele>26.6</ele>
   </trkpt>
   <trkpt lat="56.1314970" lon="10.0591210">
    <ele>26.6</ele>
   </trkpt>
   <trkpt lat="56.1315220" lon="10.0592240">
    <ele>26.4</ele>
   </trkpt>
   <trkpt lat="56.1315540" lon="10.0593210">
    <ele>26.2</ele>
   </trkpt>
   <trkpt lat="56.1315870" lon="10.0594160">
    <ele>26.0</ele>
   </trkpt>
   <trkpt lat="56.1316220" lon="10.0595120">
    <ele>26.0</ele>
   </trkpt>
   <trkpt lat="56.1316600" lon="10.0596040">
    <ele>25.8</ele>
   </trkpt>
   <trkpt lat="56.1317000" lon="10.0596940">
    <ele>25.8</ele>
   </trkpt>
   <trkpt lat="56.1317400" lon="10.0597800">
    <ele>25.8</ele>
   </trkpt>
   <trkpt lat="56.1317780" lon="10.0598660">
    <ele>25.8</ele>
   </trkpt>
   <trkpt lat="56.1318140" lon="10.0599530">
    <ele>26.0</ele>
   </trkpt>
   <trkpt lat="56.1318520" lon="10.0600390">
    <ele>26.0</ele>
   </trkpt>
   <trkpt lat="56.1318910" lon="10.0601190">
    <ele>26.0</ele>
   </trkpt>
   <trkpt lat="56.1319280" lon="10.0601970">
    <ele>26.2</ele>
   </trkpt>
   <trkpt lat="56.1319660" lon="10.0602790">
    <ele>26.4</ele>
   </trkpt>
   <trkpt lat="56.1320020" lon="10.0603650">
    <ele>26.4</ele>
   </trkpt>
   <trkpt lat="56.1320380" lon="10.0604530">
    <ele>26.6</ele>
   </trkpt>
   <trkpt lat="56.1320750" lon="10.0605390">
    <ele>26.6</ele>
   </trkpt>
   <trkpt lat="56.1321130" lon="10.0606240">
    <ele>26.6</ele>
   </trkpt>
   <trkpt lat="56.1321490" lon="10.0607120">
    <ele>26.6</ele>
   </trkpt>
   <trkpt lat="56.1321840" lon="10.0608000">
    <ele>26.8</ele>
   </trkpt>
   <trkpt lat="56.1322200" lon="10.0608860">
    <ele>26.8</ele>
   </trkpt>
   <trkpt lat="56.1322570" lon="10.0609710">
    <ele>27.0</ele>
   </trkpt>
   <trkpt lat="56.1322950" lon="10.0610520">
    <ele>27.2</ele>
   </trkpt>
   <trkpt lat="56.1323320" lon="10.0611340">
    <ele>27.2</ele>
   </trkpt>
   <trkpt lat="56.1323660" lon="10.0612180">
    <ele>27.4</ele>
   </trkpt>
   <trkpt lat="56.1323990" lon="10.0613020">
    <ele>27.6</ele>
   </trkpt>
   <trkpt lat="56.1324330" lon="10.0613850">
    <ele>27.6</ele>
   </trkpt>
   <trkpt lat="56.1324690" lon="10.0614650">
    <ele>27.8</ele>
   </trkpt>
   <trkpt lat="56.1325040" lon="10.0615450">
    <ele>28.0</ele>
   </trkpt>
   <trkpt lat="56.1325390" lon="10.0616260">
    <ele>28.2</ele>
   </trkpt>
   <trkpt lat="56.1325730" lon="10.0617040">
    <ele>28.4</ele>
   </trkpt>
   <trkpt lat="56.1326080" lon="10.0617810">
    <ele>28.6</ele>
   </trkpt>
   <trkpt lat="56.1326400" lon="10.0618580">
    <ele>28.6</ele>
   </trkpt>
   <trkpt lat="56.1326700" lon="10.0619360">
    <ele>28.6</ele>
   </trkpt>
   <trkpt lat="56.1327010" lon="10.0620120">
    <ele>28.8</ele>
   </trkpt>
   <trkpt lat="56.1327330" lon="10.0620840">
    <ele>29.0</ele>
   </trkpt>
   <trkpt lat="56.1327650" lon="10.0621590">
    <ele>29.2</ele>
   </trkpt>
   <trkpt lat="56.1327960" lon="10.0622350">
    <ele>29.2</ele>
   </trkpt>
   <trkpt lat="56.1328260" lon="10.0623110">
    <ele>29.2</ele>
   </trkpt>
   <trkpt lat="56.1328520" lon="10.0623850">
    <ele>29.2</ele>
   </trkpt>
   <trkpt lat="56.1328800" lon="10.0624610">
    <ele>29.4</ele>
   </trkpt>
   <trkpt lat="56.1329120" lon="10.0625450">
    <ele>29.4</ele>
   </trkpt>
   <trkpt lat="56.1329460" lon="10.0626290">
    <ele>29.4</ele>
   </trkpt>
   <trkpt lat="56.1329820" lon="10.0627120">
    <ele>29.4</ele>
   </trkpt>
   <trkpt lat="56.1330110" lon="10.0627950">
    <ele>29.4</ele>
   </trkpt>
   <trkpt lat="56.1330440" lon="10.0628810">
    <ele>29.4</ele>
   </trkpt>
   <trkpt lat="56.1330810" lon="10.0629730">
    <ele>29.2</ele>
   </trkpt>
   <trkpt lat="56.1331210" lon="10.0630670">
    <ele>29.0</ele>
   </trkpt>
   <trkpt lat="56.1331620" lon="10.0631560">
    <ele>28.8</ele>
   </trkpt>
   <trkpt lat="56.1332050" lon="10.0632420">
    <ele>28.6</ele>
   </trkpt>
   <trkpt lat="56.1332460" lon="10.0633280">
    <ele>28.6</ele>
   </trkpt>
   <trkpt lat="56.1332850" lon="10.0634200">
    <ele>28.4</ele>
   </trkpt>
   <trkpt lat="56.1333260" lon="10.0635150">
    <ele>28.0</ele>
   </trkpt>
   <trkpt lat="56.1333680" lon="10.0636120">
    <ele>27.6</ele>
   </trkpt>
   <trkpt lat="56.1334110" lon="10.0637130">
    <ele>27.0</ele>
   </trkpt>
   <trkpt lat="56.1334570" lon="10.0638170">
    <ele>26.4</ele>
   </trkpt>
   <trkpt lat="56.1335030" lon="10.0639220">
    <ele>26.0</ele>
   </trkpt>
   <trkpt lat="56.1335450" lon="10.0640250">
    <ele>25.6</ele>
   </trkpt>
   <trkpt lat="56.1335890" lon="10.0641270">
    <ele>25.4</ele>
   </trkpt>
   <trkpt lat="56.1336310" lon="10.0642280">
    <ele>25.2</ele>
   </trkpt>
   <trkpt lat="56.1336730" lon="10.0643290">
    <ele>25.2</ele>
   </trkpt>
   <trkpt lat="56.1337180" lon="10.0644210">
    <ele>25.4</ele>
   </trkpt>
   <trkpt lat="56.1337620" lon="10.0645130">
    <ele>25.8</ele>
   </trkpt>
   <trkpt lat="56.1338070" lon="10.0646000">
    <ele>26.0</ele>
   </trkpt>
   <trkpt lat="56.1338530" lon="10.0646820">
    <ele>26.2</ele>
   </trkpt>
   <trkpt lat="56.1338980" lon="10.0647650">
    <ele>26.6</ele>
   </trkpt>
   <trkpt lat="56.1339470" lon="10.0648500">
    <ele>26.6</ele>
   </trkpt>
   <trkpt lat="56.1339970" lon="10.0649390">
    <ele>26.6</ele>
   </trkpt>
   <trkpt lat="56.1340490" lon="10.0650320">
    <ele>26.4</ele>
   </trkpt>
   <trkpt lat="56.1341030" lon="10.0651260">
    <ele>26.2</ele>
   </trkpt>
   <trkpt lat="56.1341590" lon="10.0652230">
    <ele>25.8</ele>
   </trkpt>
   <trkpt lat="56.1342160" lon="10.0653140">
    <ele>25.6</ele>
   </trkpt>
   <trkpt lat="56.1342720" lon="10.0654030">
    <ele>25.2</ele>
   </trkpt>
   <trkpt lat="56.1343240" lon="10.0654960">
    <ele>25.0</ele>
   </trkpt>
   <trkpt lat="56.1343740" lon="10.0655890">
    <ele>24.8</ele>
   </trkpt>
   <trkpt lat="56.1344270" lon="10.0656810">
    <ele>24.6</ele>
   </trkpt>
   <trkpt lat="56.1344810" lon="10.0657700">
    <ele>24.6</ele>
   </trkpt>
   <trkpt lat="56.1345320" lon="10.0658580">
    <ele>24.8</ele>
   </trkpt>
   <trkpt lat="56.1345810" lon="10.0659420">
    <ele>25.0</ele>
   </trkpt>
   <trkpt lat="56.1346290" lon="10.0660240">
    <ele>25.2</ele>
   </trkpt>
   <trkpt lat="56.1346760" lon="10.0661090">
    <ele>25.2</ele>
   </trkpt>
   <trkpt lat="56.1347220" lon="10.0661930">
    <ele>25.4</ele>
   </trkpt>
   <trkpt lat="56.1347660" lon="10.0662800">
    <ele>25.4</ele>
   </trkpt>
   <trkpt lat="56.1348070" lon="10.0663730">
    <ele>25.4</ele>
   </trkpt>
   <trkpt lat="56.1348460" lon="10.0664710">
    <ele>25.6</ele>
   </trkpt>
   <trkpt lat="56.1348820" lon="10.0665750">
    <ele>25.6</ele>
   </trkpt>
   <trkpt lat="56.1349140" lon="10.0666830">
    <ele>25.6</ele>
   </trkpt>
   <trkpt lat="56.1349450" lon="10.0667950">
    <ele>25.6</ele>
   </trkpt>
   <trkpt lat="56.1349740" lon="10.0669080">
    <ele>25.6</ele>
   </trkpt>
   <trkpt lat="56.1350020" lon="10.0670230">
    <ele>25.4</ele>
   </trkpt>
   <trkpt lat="56.1350320" lon="10.0671410">
    <ele>25.2</ele>
   </trkpt>
   <trkpt lat="56.1350650" lon="10.0672620">
    <ele>25.0</ele>
   </trkpt>
   <trkpt lat="56.1350970" lon="10.0673840">
    <ele>24.8</ele>
   </trkpt>
   <trkpt lat="56.1351310" lon="10.0675080">
    <ele>24.4</ele>
   </trkpt>
   <trkpt lat="56.1351640" lon="10.0676350">
    <ele>24.0</ele>
   </trkpt>
   <trkpt lat="56.1351950" lon="10.0677610">
    <ele>24.0</ele>
   </trkpt>
   <trkpt lat="56.1352260" lon="10.0678840">
    <ele>23.6</ele>
   </trkpt>
   <trkpt lat="56.1352560" lon="10.0680070">
    <ele>23.6</ele>
   </trkpt>
   <trkpt lat="56.1352850" lon="10.0681310">
    <ele>23.6</ele>
   </trkpt>
   <trkpt lat="56.1353180" lon="10.0682550">
    <ele>23.4</ele>
   </trkpt>
   <trkpt lat="56.1353490" lon="10.0683790">
    <ele>23.4</ele>
   </trkpt>
   <trkpt lat="56.1353810" lon="10.0685060">
    <ele>23.4</ele>
   </trkpt>
   <trkpt lat="56.1354120" lon="10.0686320">
    <ele>23.2</ele>
   </trkpt>
   <trkpt lat="56.1354440" lon="10.0687570">
    <ele>23.2</ele>
   </trkpt>
   <trkpt lat="56.1354750" lon="10.0688800">
    <ele>23.2</ele>
   </trkpt>
   <trkpt lat="56.1355080" lon="10.0690040">
    <ele>23.2</ele>
   </trkpt>
   <trkpt lat="56.1355420" lon="10.0691270">
    <ele>23.2</ele>
   </trkpt>
   <trkpt lat="56.1355720" lon="10.0692500">
    <ele>23.0</ele>
   </trkpt>
   <trkpt lat="56.1356030" lon="10.0693730">
    <ele>23.0</ele>
   </trkpt>
   <trkpt lat="56.1356330" lon="10.0694940">
    <ele>23.2</ele>
   </trkpt>
   <trkpt lat="56.1356620" lon="10.0696180">
    <ele>23.2</ele>
   </trkpt>
   <trkpt lat="56.1356880" lon="10.0697440">
    <ele>23.4</ele>
   </trkpt>
   <trkpt lat="56.1357090" lon="10.0698720">
    <ele>23.4</ele>
   </trkpt>
   <trkpt lat="56.1357330" lon="10.0699980">
    <ele>23.4</ele>
   </trkpt>
   <trkpt lat="56.1357570" lon="10.0701250">
    <ele>23.4</ele>
   </trkpt>
   <trkpt lat="56.1357800" lon="10.0702540">
    <ele>23.4</ele>
   </trkpt>
   <trkpt lat="56.1358010" lon="10.0703760">
    <ele>23.4</ele>
   </trkpt>
   <trkpt lat="56.1358180" lon="10.0704920">
    <ele>23.4</ele>
   </trkpt>
   <trkpt lat="56.1358360" lon="10.0706120">
    <ele>23.4</ele>
   </trkpt>
   <trkpt lat="56.1358550" lon="10.0707360">
    <ele>23.4</ele>
   </trkpt>
   <trkpt lat="56.1358760" lon="10.0708650">
    <ele>23.4</ele>
   </trkpt>
   <trkpt lat="56.1358960" lon="10.0709920">
    <ele>23.4</ele>
   </trkpt>
   <trkpt lat="56.1359140" lon="10.0711200">
    <ele>23.4</ele>
   </trkpt>
   <trkpt lat="56.1359300" lon="10.0712490">
    <ele>23.4</ele>
   </trkpt>
   <trkpt lat="56.1359430" lon="10.0713780">
    <ele>23.4</ele>
   </trkpt>
   <trkpt lat="56.1359570" lon="10.0715080">
    <ele>23.4</ele>
   </trkpt>
   <trkpt lat="56.1359700" lon="10.0716380">
    <ele>23.4</ele>
   </trkpt>
   <trkpt lat="56.1359830" lon="10.0717670">
    <ele>23.4</ele>
   </trkpt>
   <trkpt lat="56.1360060" lon="10.0718920">
    <ele>23.6</ele>
   </trkpt>
   <trkpt lat="56.1360330" lon="10.0720140">
    <ele>23.6</ele>
   </trkpt>
   <trkpt lat="56.1360650" lon="10.0721380">
    <ele>23.4</ele>
   </trkpt>
   <trkpt lat="56.1361040" lon="10.0722600">
    <ele>23.4</ele>
   </trkpt>
   <trkpt lat="56.1361510" lon="10.0723740">
    <ele>23.4</ele>
   </trkpt>
   <trkpt lat="56.1362050" lon="10.0724800">
    <ele>23.2</ele>
   </trkpt>
   <trkpt lat="56.1362610" lon="10.0725810">
    <ele>23.2</ele>
   </trkpt>
   <trkpt lat="56.1363190" lon="10.0726780">
    <ele>23.0</ele>
   </trkpt>
   <trkpt lat="56.1363770" lon="10.0727740">
    <ele>23.0</ele>
   </trkpt>
   <trkpt lat="56.1364380" lon="10.0728630">
    <ele>22.8</ele>
   </trkpt>
   <trkpt lat="56.1365010" lon="10.0729470">
    <ele>22.6</ele>
   </trkpt>
   <trkpt lat="56.1365600" lon="10.0730350">
    <ele>22.4</ele>
   </trkpt>
   <trkpt lat="56.1366170" lon="10.0731300">
    <ele>22.2</ele>
   </trkpt>
   <trkpt lat="56.1366710" lon="10.0732240">
    <ele>22.0</ele>
   </trkpt>
   <trkpt lat="56.1367210" lon="10.0733150">
    <ele>21.8</ele>
   </trkpt>
   <trkpt lat="56.1367730" lon="10.0734160">
    <ele>21.6</ele>
   </trkpt>
   <trkpt lat="56.1368280" lon="10.0735210">
    <ele>21.4</ele>
   </trkpt>
   <trkpt lat="56.1368810" lon="10.0736310">
    <ele>21.2</ele>
   </trkpt>
   <trkpt lat="56.1369350" lon="10.0737470">
    <ele>21.0</ele>
   </trkpt>
   <trkpt lat="56.1369940" lon="10.0738700">
    <ele>20.8</ele>
   </trkpt>
   <trkpt lat="56.1370460" lon="10.0739990">
    <ele>20.4</ele>
   </trkpt>
   <trkpt lat="56.1370940" lon="10.0741340">
    <ele>20.2</ele>
   </trkpt>
   <trkpt lat="56.1371380" lon="10.0742780">
    <ele>19.8</ele>
   </trkpt>
   <trkpt lat="56.1371770" lon="10.0744290">
    <ele>19.2</ele>
   </trkpt>
   <trkpt lat="56.1372180" lon="10.0745830">
    <ele>18.8</ele>
   </trkpt>
   <trkpt lat="56.1372580" lon="10.0747400">
    <ele>18.4</ele>
   </trkpt>
   <trkpt lat="56.1372960" lon="10.0748980">
    <ele>17.8</ele>
   </trkpt>
   <trkpt lat="56.1373360" lon="10.0750610">
    <ele>17.2</ele>
   </trkpt>
   <trkpt lat="56.1373760" lon="10.0752270">
    <ele>16.6</ele>
   </trkpt>
   <trkpt lat="56.1374200" lon="10.0753970">
    <ele>16.0</ele>
   </trkpt>
   <trkpt lat="56.1374590" lon="10.0755700">
    <ele>15.4</ele>
   </trkpt>
   <trkpt lat="56.1374940" lon="10.0757380">
    <ele>15.0</ele>
   </trkpt>
   <trkpt lat="56.1375310" lon="10.0758930">
    <ele>14.8</ele>
   </trkpt>
   <trkpt lat="56.1375690" lon="10.0760400">
    <ele>14.8</ele>
   </trkpt>
   <trkpt lat="56.1376010" lon="10.0761780">
    <ele>15.0</ele>
   </trkpt>
   <trkpt lat="56.1376300" lon="10.0763100">
    <ele>15.4</ele>
   </trkpt>
   <trkpt lat="56.1376560" lon="10.0764370">
    <ele>15.8</ele>
   </trkpt>
   <trkpt lat="56.1376790" lon="10.0765610">
    <ele>16.4</ele>
   </trkpt>
   <trkpt lat="56.1376970" lon="10.0766810">
    <ele>16.8</ele>
   </trkpt>
   <trkpt lat="56.1377140" lon="10.0768020">
    <ele>17.2</ele>
   </trkpt>
   <trkpt lat="56.1377280" lon="10.0769160">
    <ele>17.4</ele>
   </trkpt>
   <trkpt lat="56.1377390" lon="10.0770210">
    <ele>17.6</ele>
   </trkpt>
   <trkpt lat="56.1377440" lon="10.0771210">
    <ele>18.0</ele>
   </trkpt>
   <trkpt lat="56.1377510" lon="10.0772250">
    <ele>18.0</ele>
   </trkpt>
   <trkpt lat="56.1377620" lon="10.0773380">
    <ele>18.2</ele>
   </trkpt>
   <trkpt lat="56.1377740" lon="10.0774560">
    <ele>18.0</ele>
   </trkpt>
   <trkpt lat="56.1377870" lon="10.0775800">
    <ele>18.0</ele>
   </trkpt>
   <trkpt lat="56.1377980" lon="10.0777070">
    <ele>17.8</ele>
   </trkpt>
   <trkpt lat="56.1378080" lon="10.0778370">
    <ele>17.6</ele>
   </trkpt>
   <trkpt lat="56.1378190" lon="10.0779690">
    <ele>17.4</ele>
   </trkpt>
   <trkpt lat="56.1378320" lon="10.0781020">
    <ele>17.2</ele>
   </trkpt>
   <trkpt lat="56.1378470" lon="10.0782330">
    <ele>17.2</ele>
   </trkpt>
   <trkpt lat="56.1378600" lon="10.0783660">
    <ele>17.0</ele>
   </trkpt>
   <trkpt lat="56.1378740" lon="10.0785010">
    <ele>17.0</ele>
   </trkpt>
   <trkpt lat="56.1378930" lon="10.0786370">
    <ele>16.8</ele>
   </trkpt>
   <trkpt lat="56.1379130" lon="10.0787740">
    <ele>16.8</ele>
   </trkpt>
   <trkpt lat="56.1379380" lon="10.0789110">
    <ele>16.8</ele>
   </trkpt>
   <trkpt lat="56.1379660" lon="10.0790470">
    <ele>16.6</ele>
   </trkpt>
   <trkpt lat="56.1379970" lon="10.0791830">
    <ele>16.4</ele>
   </trkpt>
   <trkpt lat="56.1380300" lon="10.0793160">
    <ele>16.4</ele>
   </trkpt>
   <trkpt lat="56.1380660" lon="10.0794490">
    <ele>16.2</ele>
   </trkpt>
   <trkpt lat="56.1381060" lon="10.0795800">
    <ele>16.0</ele>
   </trkpt>
   <trkpt lat="56.1381490" lon="10.0797070">
    <ele>15.8</ele>
   </trkpt>
   <trkpt lat="56.1381950" lon="10.0798320">
    <ele>15.6</ele>
   </trkpt>
   <trkpt lat="56.1382430" lon="10.0799550">
    <ele>15.4</ele>
   </trkpt>
   <trkpt lat="56.1382950" lon="10.0800780">
    <ele>15.2</ele>
   </trkpt>
   <trkpt lat="56.1383510" lon="10.0801970">
    <ele>15.0</ele>
   </trkpt>
   <trkpt lat="56.1384060" lon="10.0803100">
    <ele>14.8</ele>
   </trkpt>
   <trkpt lat="56.1384650" lon="10.0804230">
    <ele>14.6</ele>
   </trkpt>
   <trkpt lat="56.1385260" lon="10.0805330">
    <ele>14.4</ele>
   </trkpt>
   <trkpt lat="56.1385900" lon="10.0806410">
    <ele>14.2</ele>
   </trkpt>
   <trkpt lat="56.1386560" lon="10.0807470">
    <ele>14.2</ele>
   </trkpt>
   <trkpt lat="56.1387210" lon="10.0808510">
    <ele>13.8</ele>
   </trkpt>
   <trkpt lat="56.1387860" lon="10.0809550">
    <ele>13.6</ele>
   </trkpt>
   <trkpt lat="56.1388480" lon="10.0810640">
    <ele>13.4</ele>
   </trkpt>
   <trkpt lat="56.1389080" lon="10.0811800">
    <ele>13.0</ele>
   </trkpt>
   <trkpt lat="56.1389610" lon="10.0813020">
    <ele>12.8</ele>
   </trkpt>
   <trkpt lat="56.1390110" lon="10.0814290">
    <ele>12.8</ele>
   </trkpt>
   <trkpt lat="56.1390550" lon="10.0815610">
    <ele>12.6</ele>
   </trkpt>
   <trkpt lat="56.1390970" lon="10.0816970">
    <ele>12.4</ele>
   </trkpt>
   <trkpt lat="56.1391360" lon="10.0818340">
    <ele>12.2</ele>
   </trkpt>
   <trkpt lat="56.1391730" lon="10.0819740">
    <ele>12.2</ele>
   </trkpt>
   <trkpt lat="56.1392110" lon="10.0821150">
    <ele>11.8</ele>
   </trkpt>
   <trkpt lat="56.1392490" lon="10.0822530">
    <ele>11.6</ele>
   </trkpt>
   <trkpt lat="56.1392850" lon="10.0823910">
    <ele>11.4</ele>
   </trkpt>
   <trkpt lat="56.1393280" lon="10.0825370">
    <ele>11.0</ele>
   </trkpt>
   <trkpt lat="56.1393680" lon="10.0826810">
    <ele>10.6</ele>
   </trkpt>
   <trkpt lat="56.1394110" lon="10.0828250">
    <ele>10.2</ele>
   </trkpt>
   <trkpt lat="56.1394550" lon="10.0829700">
    <ele>9.6</ele>
   </trkpt>
   <trkpt lat="56.1395000" lon="10.0831170">
    <ele>9.4</ele>
   </trkpt>
   <trkpt lat="56.1395430" lon="10.0832570">
    <ele>9.2</ele>
   </trkpt>
   <trkpt lat="56.1395820" lon="10.0834020">
    <ele>9.2</ele>
   </trkpt>
   <trkpt lat="56.1396190" lon="10.0835520">
    <ele>8.8</ele>
   </trkpt>
   <trkpt lat="56.1396520" lon="10.0837030">
    <ele>8.6</ele>
   </trkpt>
   <trkpt lat="56.1396850" lon="10.0838490">
    <ele>8.6</ele>
   </trkpt>
   <trkpt lat="56.1397170" lon="10.0839950">
    <ele>8.8</ele>
   </trkpt>
   <trkpt lat="56.1397480" lon="10.0841400">
    <ele>8.8</ele>
   </trkpt>
   <trkpt lat="56.1397790" lon="10.0842830">
    <ele>8.8</ele>
   </trkpt>
   <trkpt lat="56.1398050" lon="10.0844260">
    <ele>9.0</ele>
   </trkpt>
   <trkpt lat="56.1398340" lon="10.0845660">
    <ele>9.0</ele>
   </trkpt>
   <trkpt lat="56.1398620" lon="10.0847030">
    <ele>9.0</ele>
   </trkpt>
   <trkpt lat="56.1398880" lon="10.0848430">
    <ele>9.0</ele>
   </trkpt>
   <trkpt lat="56.1399100" lon="10.0849860">
    <ele>9.0</ele>
   </trkpt>
   <trkpt lat="56.1399290" lon="10.0851320">
    <ele>9.0</ele>
   </trkpt>
   <trkpt lat="56.1399470" lon="10.0852780">
    <ele>8.8</ele>
   </trkpt>
   <trkpt lat="56.1399660" lon="10.0854260">
    <ele>8.8</ele>
   </trkpt>
   <trkpt lat="56.1399860" lon="10.0855760">
    <ele>8.6</ele>
   </trkpt>
   <trkpt lat="56.1400040" lon="10.0857220">
    <ele>8.4</ele>
   </trkpt>
   <trkpt lat="56.1400230" lon="10.0858710">
    <ele>8.4</ele>
   </trkpt>
   <trkpt lat="56.1400390" lon="10.0860170">
    <ele>8.4</ele>
   </trkpt>
   <trkpt lat="56.1400550" lon="10.0861610">
    <ele>8.4</ele>
   </trkpt>
   <trkpt lat="56.1400720" lon="10.0863040">
    <ele>8.4</ele>
   </trkpt>
   <trkpt lat="56.1400910" lon="10.0864460">
    <ele>8.4</ele>
   </trkpt>
   <trkpt lat="56.1401070" lon="10.0865850">
    <ele>8.4</ele>
   </trkpt>
   <trkpt lat="56.1401200" lon="10.0867200">
    <ele>8.6</ele>
   </trkpt>
   <trkpt lat="56.1401340" lon="10.0868530">
    <ele>8.6</ele>
   </trkpt>
   <trkpt lat="56.1401480" lon="10.0869830">
    <ele>9.0</ele>
   </trkpt>
   <trkpt lat="56.1401580" lon="10.0871090">
    <ele>9.2</ele>
   </trkpt>
   <trkpt lat="56.1401660" lon="10.0872300">
    <ele>9.4</ele>
   </trkpt>
   <trkpt lat="56.1401750" lon="10.0873490">
    <ele>9.8</ele>
   </trkpt>
   <trkpt lat="56.1401870" lon="10.0874640">
    <ele>10.0</ele>
   </trkpt>
   <trkpt lat="56.1401980" lon="10.0875750">
    <ele>10.2</ele>
   </trkpt>
   <trkpt lat="56.1402080" lon="10.0876800">
    <ele>10.6</ele>
   </trkpt>
   <trkpt lat="56.1402200" lon="10.0877850">
    <ele>10.8</ele>
   </trkpt>
   <trkpt lat="56.1402330" lon="10.0878870">
    <ele>11.2</ele>
   </trkpt>
   <trkpt lat="56.1402450" lon="10.0879890">
    <ele>11.6</ele>
   </trkpt>
   <trkpt lat="56.1402540" lon="10.0880890">
    <ele>11.8</ele>
   </trkpt>
   <trkpt lat="56.1402640" lon="10.0881890">
    <ele>12.0</ele>
   </trkpt>
   <trkpt lat="56.1402740" lon="10.0882860">
    <ele>12.4</ele>
   </trkpt>
   <trkpt lat="56.1402840" lon="10.0883810">
    <ele>12.6</ele>
   </trkpt>
   <trkpt lat="56.1402940" lon="10.0884750">
    <ele>12.8</ele>
   </trkpt>
   <trkpt lat="56.1403020" lon="10.0885670">
    <ele>13.0</ele>
   </trkpt>
   <trkpt lat="56.1403100" lon="10.0886570">
    <ele>13.4</ele>
   </trkpt>
   <trkpt lat="56.1403200" lon="10.0887440">
    <ele>13.6</ele>
   </trkpt>
   <trkpt lat="56.1403290" lon="10.0888340">
    <ele>13.8</ele>
   </trkpt>
   <trkpt lat="56.1403360" lon="10.0889270">
    <ele>14.0</ele>
   </trkpt>
   <trkpt lat="56.1403400" lon="10.0890190">
    <ele>14.0</ele>
   </trkpt>
   <trkpt lat="56.1403460" lon="10.0891150">
    <ele>14.2</ele>
   </trkpt>
   <trkpt lat="56.1403550" lon="10.0892090">
    <ele>14.2</ele>
   </trkpt>
   <trkpt lat="56.1403630" lon="10.0893010">
    <ele>14.2</ele>
   </trkpt>
   <trkpt lat="56.1403680" lon="10.0893890">
    <ele>14.4</ele>
   </trkpt>
   <trkpt lat="56.1403750" lon="10.0894730">
    <ele>14.4</ele>
   </trkpt>
   <trkpt lat="56.1403850" lon="10.0895530">
    <ele>14.4</ele>
   </trkpt>
   <trkpt lat="56.1404000" lon="10.0896290">
    <ele>14.6</ele>
   </trkpt>
   <trkpt lat="56.1404220" lon="10.0896930">
    <ele>14.6</ele>
   </trkpt>
   <trkpt lat="56.1404450" lon="10.0897560">
    <ele>14.6</ele>
   </trkpt>
   <trkpt lat="56.1404700" lon="10.0898150">
    <ele>14.6</ele>
   </trkpt>
   <trkpt lat="56.1405050" lon="10.0898480">
    <ele>14.6</ele>
   </trkpt>
   <trkpt lat="56.1405490" lon="10.0898490">
    <ele>14.4</ele>
   </trkpt>
   <trkpt lat="56.1405960" lon="10.0898350">
    <ele>14.2</ele>
   </trkpt>
   <trkpt lat="56.1406470" lon="10.0898170">
    <ele>14.0</ele>
   </trkpt>
   <trkpt lat="56.1407020" lon="10.0898050">
    <ele>13.6</ele>
   </trkpt>
   <trkpt lat="56.1407590" lon="10.0897980">
    <ele>13.2</ele>
   </trkpt>
   <trkpt lat="56.1408190" lon="10.0897900">
    <ele>12.8</ele>
   </trkpt>
   <trkpt lat="56.1408820" lon="10.0897810">
    <ele>12.4</ele>
   </trkpt>
   <trkpt lat="56.1409470" lon="10.0897730">
    <ele>12.2</ele>
   </trkpt>
   <trkpt lat="56.1410150" lon="10.0897630">
    <ele>11.6</ele>
   </trkpt>
   <trkpt lat="56.1410850" lon="10.0897540">
    <ele>11.2</ele>
   </trkpt>
   <trkpt lat="56.1411570" lon="10.0897460">
    <ele>10.6</ele>
   </trkpt>
   <trkpt lat="56.1412310" lon="10.0897380">
    <ele>10.0</ele>
   </trkpt>
   <trkpt lat="56.1413070" lon="10.0897300">
    <ele>9.4</ele>
   </trkpt>
   <trkpt lat="56.1413860" lon="10.0897180">
    <ele>9.0</ele>
   </trkpt>
   <trkpt lat="56.1414690" lon="10.0897030">
    <ele>8.6</ele>
   </trkpt>
   <trkpt lat="56.1415550" lon="10.0896890">
    <ele>8.2</ele>
   </trkpt>
   <trkpt lat="56.1416410" lon="10.0896740">
    <ele>7.6</ele>
   </trkpt>
   <trkpt lat="56.1417300" lon="10.0896590">
    <ele>7.0</ele>
   </trkpt>
   <trkpt lat="56.1418210" lon="10.0896450">
    <ele>6.2</ele>
   </trkpt>
   <trkpt lat="56.1419140" lon="10.0896360">
    <ele>5.6</ele>
   </trkpt>
   <trkpt lat="56.1420090" lon="10.0896240">
    <ele>4.8</ele>
   </trkpt>
   <trkpt lat="56.1421060" lon="10.0896100">
    <ele>4.2</ele>
   </trkpt>
   <trkpt lat="56.1422030" lon="10.0895970">
    <ele>3.8</ele>
   </trkpt>
   <trkpt lat="56.1423000" lon="10.0895860">
    <ele>3.2</ele>
   </trkpt>
   <trkpt lat="56.1423980" lon="10.0895720">
    <ele>2.8</ele>
   </trkpt>
   <trkpt lat="56.1424950" lon="10.0895560">
    <ele>2.4</ele>
   </trkpt>
   <trkpt lat="56.1425920" lon="10.0895420">
    <ele>2.0</ele>
   </trkpt>
   <trkpt lat="56.1426890" lon="10.0895270">
    <ele>1.8</ele>
   </trkpt>
   <trkpt lat="56.1427840" lon="10.0895120">
    <ele>1.8</ele>
   </trkpt>
   <trkpt lat="56.1428780" lon="10.0894980">
    <ele>1.6</ele>
   </trkpt>
   <trkpt lat="56.1429690" lon="10.0894870">
    <ele>1.4</ele>
   </trkpt>
   <trkpt lat="56.1430610" lon="10.0894740">
    <ele>1.4</ele>
   </trkpt>
   <trkpt lat="56.1431510" lon="10.0894630">
    <ele>1.4</ele>
   </trkpt>
   <trkpt lat="56.1432390" lon="10.0894510">
    <ele>1.4</ele>
   </trkpt>
   <trkpt lat="56.1433250" lon="10.0894400">
    <ele>1.4</ele>
   </trkpt>
   <trkpt lat="56.1434090" lon="10.0894280">
    <ele>1.4</ele>
   </trkpt>
   <trkpt lat="56.1434920" lon="10.0894150">
    <ele>1.4</ele>
   </trkpt>
   <trkpt lat="56.1435780" lon="10.0894020">
    <ele>1.4</ele>
   </trkpt>
   <trkpt lat="56.1436640" lon="10.0893900">
    <ele>1.4</ele>
   </trkpt>
   <trkpt lat="56.1437510" lon="10.0893810">
    <ele>1.4</ele>
   </trkpt>
   <trkpt lat="56.1438360" lon="10.0893700">
    <ele>1.4</ele>
   </trkpt>
   <trkpt lat="56.1439190" lon="10.0893580">
    <ele>1.4</ele>
   </trkpt>
   <trkpt lat="56.1440010" lon="10.0893490">
    <ele>1.4</ele>
   </trkpt>
   <trkpt lat="56.1440830" lon="10.0893390">
    <ele>1.4</ele>
   </trkpt>
   <trkpt lat="56.1441630" lon="10.0893270">
    <ele>1.4</ele>
   </trkpt>
   <trkpt lat="56.1442440" lon="10.0893150">
    <ele>1.4</ele>
   </trkpt>
   <trkpt lat="56.1443250" lon="10.0893030">
    <ele>1.2</ele>
   </trkpt>
   <trkpt lat="56.1444060" lon="10.0892910">
    <ele>1.2</ele>
   </trkpt>
   <trkpt lat="56.1444860" lon="10.0892790">
    <ele>1.2</ele>
   </trkpt>
   <trkpt lat="56.1445650" lon="10.0892690">
    <ele>1.2</ele>
   </trkpt>
   <trkpt lat="56.1446440" lon="10.0892590">
    <ele>1.2</ele>
   </trkpt>
   <trkpt lat="56.1447220" lon="10.0892470">
    <ele>1.2</ele>
   </trkpt>
   <trkpt lat="56.1448000" lon="10.0892360">
    <ele>1.2</ele>
   </trkpt>
   <trkpt lat="56.1448770" lon="10.0892260">
    <ele>1.2</ele>
   </trkpt>
   <trkpt lat="56.1449550" lon="10.0892170">
    <ele>1.2</ele>
   </trkpt>
   <trkpt lat="56.1450330" lon="10.0892080">
    <ele>1.2</ele>
   </trkpt>
   <trkpt lat="56.1451090" lon="10.0891990">
    <ele>1.2</ele>
   </trkpt>
   <trkpt lat="56.1451860" lon="10.0891880">
    <ele>1.4</ele>
   </trkpt>
   <trkpt lat="56.1452610" lon="10.0891770">
    <ele>1.4</ele>
   </trkpt>
   <trkpt lat="56.1453350" lon="10.0891660">
    <ele>1.4</ele>
   </trkpt>
   <trkpt lat="56.1454110" lon="10.0891550">
    <ele>1.4</ele>
   </trkpt>
   <trkpt lat="56.1454870" lon="10.0891460">
    <ele>1.2</ele>
   </trkpt>
   <trkpt lat="56.1455630" lon="10.0891360">
    <ele>1.2</ele>
   </trkpt>
   <trkpt lat="56.1456380" lon="10.0891260">
    <ele>1.2</ele>
   </trkpt>
   <trkpt lat="56.1457110" lon="10.0891120">
    <ele>1.2</ele>
   </trkpt>
   <trkpt lat="56.1457850" lon="10.0890980">
    <ele>1.2</ele>
   </trkpt>
   <trkpt lat="56.1458610" lon="10.0890860">
    <ele>1.2</ele>
   </trkpt>
   <trkpt lat="56.1459360" lon="10.0890770">
    <ele>1.4</ele>
   </trkpt>
   <trkpt lat="56.1460100" lon="10.0890670">
    <ele>1.4</ele>
   </trkpt>
   <trkpt lat="56.1460830" lon="10.0890550">
    <ele>1.4</ele>
   </trkpt>
   <trkpt lat="56.1461560" lon="10.0890470">
    <ele>1.4</ele>
   </trkpt>
   <trkpt lat="56.1462270" lon="10.0890400">
    <ele>1.4</ele>
   </trkpt>
   <trkpt lat="56.1463010" lon="10.0890330">
    <ele>1.4</ele>
   </trkpt>
   <trkpt lat="56.1463730" lon="10.0890250">
    <ele>1.4</ele>
   </trkpt>
   <trkpt lat="56.1464450" lon="10.0890180">
    <ele>1.4</ele>
   </trkpt>
   <trkpt lat="56.1465150" lon="10.0890080">
    <ele>1.4</ele>
   </trkpt>
   <trkpt lat="56.1465860" lon="10.0889980">
    <ele>1.4</ele>
   </trkpt>
   <trkpt lat="56.1466560" lon="10.0889880">
    <ele>1.4</ele>
   </trkpt>
   <trkpt lat="56.1467270" lon="10.0889790">
    <ele>1.4</ele>
   </trkpt>
   <trkpt lat="56.1467970" lon="10.0889720">
    <ele>1.6</ele>
   </trkpt>
   <trkpt lat="56.1468680" lon="10.0889600">
    <ele>1.6</ele>
   </trkpt>
   <trkpt lat="56.1469390" lon="10.0889490">
    <ele>1.6</ele>
   </trkpt>
   <trkpt lat="56.1470090" lon="10.0889380">
    <ele>1.6</ele>
   </trkpt>
   <trkpt lat="56.1470790" lon="10.0889280">
    <ele>1.8</ele>
   </trkpt>
   <trkpt lat="56.1471500" lon="10.0889200">
    <ele>1.8</ele>
   </trkpt>
   <trkpt lat="56.1472200" lon="10.0889130">
    <ele>1.6</ele>
   </trkpt>
   <trkpt lat="56.1472900" lon="10.0889040">
    <ele>1.6</ele>
   </trkpt>
   <trkpt lat="56.1473590" lon="10.0888940">
    <ele>1.6</ele>
   </trkpt>
   <trkpt lat="56.1474290" lon="10.0888850">
    <ele>1.6</ele>
   </trkpt>
   <trkpt lat="56.1474970" lon="10.0888760">
    <ele>1.8</ele>
   </trkpt>
   <trkpt lat="56.1475650" lon="10.0888670">
    <ele>1.8</ele>
   </trkpt>
   <trkpt lat="56.1476340" lon="10.0888600">
    <ele>1.8</ele>
   </trkpt>
   <trkpt lat="56.1477020" lon="10.0888570">
    <ele>1.8</ele>
   </trkpt>
   <trkpt lat="56.1477670" lon="10.0888550">
    <ele>1.8</ele>
   </trkpt>
   <trkpt lat="56.1478320" lon="10.0888560">
    <ele>2.0</ele>
   </trkpt>
   <trkpt lat="56.1478960" lon="10.0888590">
    <ele>2.0</ele>
   </trkpt>
   <trkpt lat="56.1479650" lon="10.0888610">
    <ele>2.0</ele>
   </trkpt>
   <trkpt lat="56.1480350" lon="10.0888630">
    <ele>2.2</ele>
   </trkpt>
   <trkpt lat="56.1481060" lon="10.0888740">
    <ele>2.2</ele>
   </trkpt>
   <trkpt lat="56.1481760" lon="10.0888930">
    <ele>2.2</ele>
   </trkpt>
   <trkpt lat="56.1482440" lon="10.0889130">
    <ele>2.2</ele>
   </trkpt>
   <trkpt lat="56.1483120" lon="10.0889330">
    <ele>2.2</ele>
   </trkpt>
   <trkpt lat="56.1483790" lon="10.0889530">
    <ele>2.2</ele>
   </trkpt>
   <trkpt lat="56.1484470" lon="10.0889660">
    <ele>2.2</ele>
   </trkpt>
   <trkpt lat="56.1485160" lon="10.0889860">
    <ele>2.2</ele>
   </trkpt>
   <trkpt lat="56.1485820" lon="10.0890180">
    <ele>2.2</ele>
   </trkpt>
   <trkpt lat="56.1486500" lon="10.0890550">
    <ele>2.4</ele>
   </trkpt>
   <trkpt lat="56.1487180" lon="10.0890900">
    <ele>2.4</ele>
   </trkpt>
   <trkpt lat="56.1487860" lon="10.0891220">
    <ele>2.4</ele>
   </trkpt>
   <trkpt lat="56.1488530" lon="10.0891580">
    <ele>2.4</ele>
   </trkpt>
   <trkpt lat="56.1489170" lon="10.0891980">
    <ele>2.4</ele>
   </trkpt>
   <trkpt lat="56.1489790" lon="10.0892370">
    <ele>2.4</ele>
   </trkpt>
   <trkpt lat="56.1490390" lon="10.0892760">
    <ele>2.6</ele>
   </trkpt>
   <trkpt lat="56.1491000" lon="10.0893170">
    <ele>2.6</ele>
   </trkpt>
   <trkpt lat="56.1491590" lon="10.0893590">
    <ele>2.8</ele>
   </trkpt>
   <trkpt lat="56.1492140" lon="10.0894000">
    <ele>2.8</ele>
   </trkpt>
   <trkpt lat="56.1492680" lon="10.0894420">
    <ele>3.0</ele>
   </trkpt>
   <trkpt lat="56.1493210" lon="10.0894830">
    <ele>3.2</ele>
   </trkpt>
   <trkpt lat="56.1493720" lon="10.0895190">
    <ele>3.4</ele>
   </trkpt>
   <trkpt lat="56.1494150" lon="10.0895660">
    <ele>3.6</ele>
   </trkpt>
   <trkpt lat="56.1494500" lon="10.0896330">
    <ele>3.8</ele>
   </trkpt>
   <trkpt lat="56.1494660" lon="10.0897200">
    <ele>3.8</ele>
   </trkpt>
   <trkpt lat="56.1494620" lon="10.0898170">
    <ele>3.8</ele>
   </trkpt>
   <trkpt lat="56.1494510" lon="10.0899200">
    <ele>4.0</ele>
   </trkpt>
   <trkpt lat="56.1494460" lon="10.0900310">
    <ele>3.8</ele>
   </trkpt>
   <trkpt lat="56.1494470" lon="10.0901450">
    <ele>3.8</ele>
   </trkpt>
   <trkpt lat="56.1494500" lon="10.0902620">
    <ele>3.8</ele>
   </trkpt>
   <trkpt lat="56.1494560" lon="10.0903810">
    <ele>3.6</ele>
   </trkpt>
   <trkpt lat="56.1494650" lon="10.0905020">
    <ele>3.6</ele>
   </trkpt>
   <trkpt lat="56.1494760" lon="10.0906240">
    <ele>3.4</ele>
   </trkpt>
   <trkpt lat="56.1494930" lon="10.0907470">
    <ele>3.4</ele>
   </trkpt>
   <trkpt lat="56.1495120" lon="10.0908680">
    <ele>3.2</ele>
   </trkpt>
   <trkpt lat="56.1495330" lon="10.0909890">
    <ele>3.2</ele>
   </trkpt>
   <trkpt lat="56.1495560" lon="10.0911100">
    <ele>3.0</ele>
   </trkpt>
   <trkpt lat="56.1495830" lon="10.0912300">
    <ele>3.0</ele>
   </trkpt>
   <trkpt lat="56.1496130" lon="10.0913500">
    <ele>2.8</ele>
   </trkpt>
   <trkpt lat="56.1496460" lon="10.0914670">
    <ele>2.6</ele>
   </trkpt>
   <trkpt lat="56.1496790" lon="10.0915840">
    <ele>2.6</ele>
   </trkpt>
   <trkpt lat="56.1497130" lon="10.0916990">
    <ele>2.6</ele>
   </trkpt>
   <trkpt lat="56.1497490" lon="10.0918130">
    <ele>2.4</ele>
   </trkpt>
   <trkpt lat="56.1497850" lon="10.0919270">
    <ele>2.4</ele>
   </trkpt>
   <trkpt lat="56.1498210" lon="10.0920390">
    <ele>2.4</ele>
   </trkpt>
   <trkpt lat="56.1498570" lon="10.0921510">
    <ele>2.4</ele>
   </trkpt>
   <trkpt lat="56.1498910" lon="10.0922650">
    <ele>2.2</ele>
   </trkpt>
   <trkpt lat="56.1499250" lon="10.0923800">
    <ele>2.2</ele>
   </trkpt>
   <trkpt lat="56.1499600" lon="10.0924920">
    <ele>2.2</ele>
   </trkpt>
   <trkpt lat="56.1499950" lon="10.0926040">
    <ele>2.4</ele>
   </trkpt>
   <trkpt lat="56.1500270" lon="10.0927160">
    <ele>2.4</ele>
   </trkpt>
   <trkpt lat="56.1500560" lon="10.0928290">
    <ele>2.4</ele>
   </trkpt>
   <trkpt lat="56.1500840" lon="10.0929440">
    <ele>2.6</ele>
   </trkpt>
   <trkpt lat="56.1501110" lon="10.0930570">
    <ele>2.6</ele>
   </trkpt>
   <trkpt lat="56.1501370" lon="10.0931710">
    <ele>2.6</ele>
   </trkpt>
   <trkpt lat="56.1501630" lon="10.0932870">
    <ele>2.8</ele>
   </trkpt>
   <trkpt lat="56.1501880" lon="10.0934040">
    <ele>2.8</ele>
   </trkpt>
   <trkpt lat="56.1502070" lon="10.0935240">
    <ele>2.8</ele>
   </trkpt>
   <trkpt lat="56.1502250" lon="10.0936450">
    <ele>2.8</ele>
   </trkpt>
   <trkpt lat="56.1502400" lon="10.0937670">
    <ele>2.8</ele>
   </trkpt>
   <trkpt lat="56.1502530" lon="10.0938910">
    <ele>2.8</ele>
   </trkpt>
   <trkpt lat="56.1502630" lon="10.0940170">
    <ele>2.8</ele>
   </trkpt>
   <trkpt lat="56.1502710" lon="10.0941470">
    <ele>2.6</ele>
   </trkpt>
   <trkpt lat="56.1502780" lon="10.0942800">
    <ele>2.6</ele>
   </trkpt>
   <trkpt lat="56.1502840" lon="10.0944150">
    <ele>2.4</ele>
   </trkpt>
   <trkpt lat="56.1502860" lon="10.0945500">
    <ele>2.4</ele>
   </trkpt>
   <trkpt lat="56.1502880" lon="10.0946850">
    <ele>2.4</ele>
   </trkpt>
   <trkpt lat="56.1502920" lon="10.0948220">
    <ele>2.4</ele>
   </trkpt>
   <trkpt lat="56.1502960" lon="10.0949600">
    <ele>2.4</ele>
   </trkpt>
   <trkpt lat="56.1503010" lon="10.0951000">
    <ele>2.4</ele>
   </trkpt>
   <trkpt lat="56.1503040" lon="10.0952410">
    <ele>2.2</ele>
   </trkpt>
   <trkpt lat="56.1503080" lon="10.0953820">
    <ele>2.2</ele>
   </trkpt>
   <trkpt lat="56.1503120" lon="10.0955280">
    <ele>2.0</ele>
   </trkpt>
   <trkpt lat="56.1503170" lon="10.0956740">
    <ele>1.8</ele>
   </trkpt>
   <trkpt lat="56.1503280" lon="10.0958240">
    <ele>1.6</ele>
   </trkpt>
   <trkpt lat="56.1503460" lon="10.0959740">
    <ele>1.4</ele>
   </trkpt>
   <trkpt lat="56.1503710" lon="10.0961170">
    <ele>1.2</ele>
   </trkpt>
   <trkpt lat="56.1504030" lon="10.0962540">
    <ele>1.0</ele>
   </trkpt>
   <trkpt lat="56.1504410" lon="10.0963840">
    <ele>0.8</ele>
   </trkpt>
   <trkpt lat="56.1504830" lon="10.0965100">
    <ele>0.8</ele>
   </trkpt>
   <trkpt lat="56.1505230" lon="10.0966340">
    <ele>0.8</ele>
   </trkpt>
   <trkpt lat="56.1505610" lon="10.0967570">
    <ele>0.8</ele>
   </trkpt>
   <trkpt lat="56.1505970" lon="10.0968800">
    <ele>1.0</ele>
   </trkpt>
   <trkpt lat="56.1506290" lon="10.0970020">
    <ele>1.0</ele>
   </trkpt>
   <trkpt lat="56.1506600" lon="10.0971210">
    <ele>1.2</ele>
   </trkpt>
   <trkpt lat="56.1506860" lon="10.0972390">
    <ele>1.4</ele>
   </trkpt>
   <trkpt lat="56.1507100" lon="10.0973550">
    <ele>1.6</ele>
   </trkpt>
   <trkpt lat="56.1507330" lon="10.0974720">
    <ele>2.0</ele>
   </trkpt>
   <trkpt lat="56.1507560" lon="10.0975860">
    <ele>2.2</ele>
   </trkpt>
   <trkpt lat="56.1507760" lon="10.0976980">
    <ele>2.6</ele>
   </trkpt>
   <trkpt lat="56.1507930" lon="10.0978100">
    <ele>2.8</ele>
   </trkpt>
   <trkpt lat="56.1508060" lon="10.0979230">
    <ele>3.2</ele>
   </trkpt>
   <trkpt lat="56.1508170" lon="10.0980370">
    <ele>3.4</ele>
   </trkpt>
   <trkpt lat="56.1508260" lon="10.0981490">
    <ele>3.8</ele>
   </trkpt>
   <trkpt lat="56.1508310" lon="10.0982590">
    <ele>4.0</ele>
   </trkpt>
   <trkpt lat="56.1508360" lon="10.0983700">
    <ele>4.2</ele>
   </trkpt>
   <trkpt lat="56.1508430" lon="10.0984830">
    <ele>4.4</ele>
   </trkpt>
   <trkpt lat="56.1508510" lon="10.0985930">
    <ele>4.4</ele>
   </trkpt>
   <trkpt lat="56.1508640" lon="10.0987010">
    <ele>4.6</ele>
   </trkpt>
   <trkpt lat="56.1508750" lon="10.0988080">
    <ele>4.8</ele>
   </trkpt>
   <trkpt lat="56.1508850" lon="10.0989150">
    <ele>4.8</ele>
   </trkpt>
   <trkpt lat="56.1508950" lon="10.0990240">
    <ele>5.0</ele>
   </trkpt>
   <trkpt lat="56.1509010" lon="10.0991330">
    <ele>5.2</ele>
   </trkpt>
   <trkpt lat="56.1509060" lon="10.0992430">
    <ele>5.4</ele>
   </trkpt>
   <trkpt lat="56.1509130" lon="10.0993530">
    <ele>5.4</ele>
   </trkpt>
   <trkpt lat="56.1509240" lon="10.0994660">
    <ele>5.6</ele>
   </trkpt>
   <trkpt lat="56.1509370" lon="10.0995780">
    <ele>5.6</ele>
   </trkpt>
   <trkpt lat="56.1509520" lon="10.0996900">
    <ele>5.8</ele>
   </trkpt>
   <trkpt lat="56.1509680" lon="10.0998020">
    <ele>5.6</ele>
   </trkpt>
   <trkpt lat="56.1509810" lon="10.0999140">
    <ele>5.6</ele>
   </trkpt>
   <trkpt lat="56.1509900" lon="10.1000300">
    <ele>5.6</ele>
   </trkpt>
   <trkpt lat="56.1509990" lon="10.1001520">
    <ele>5.4</ele>
   </trkpt>
   <trkpt lat="56.1510080" lon="10.1002750">
    <ele>5.2</ele>
   </trkpt>
   <trkpt lat="56.1510210" lon="10.1004030">
    <ele>5.0</ele>
   </trkpt>
   <trkpt lat="56.1510320" lon="10.1005340">
    <ele>4.6</ele>
   </trkpt>
   <trkpt lat="56.1510410" lon="10.1006690">
    <ele>4.4</ele>
   </trkpt>
   <trkpt lat="56.1510500" lon="10.1008080">
    <ele>4.2</ele>
   </trkpt>
   <trkpt lat="56.1510610" lon="10.1009490">
    <ele>4.0</ele>
   </trkpt>
   <trkpt lat="56.1510680" lon="10.1010900">
    <ele>3.8</ele>
   </trkpt>
   <trkpt lat="56.1510730" lon="10.1012380">
    <ele>3.4</ele>
   </trkpt>
   <trkpt lat="56.1510760" lon="10.1013880">
    <ele>3.2</ele>
   </trkpt>
   <trkpt lat="56.1510760" lon="10.1015370">
    <ele>3.0</ele>
   </trkpt>
   <trkpt lat="56.1510740" lon="10.1016880">
    <ele>2.6</ele>
   </trkpt>
   <trkpt lat="56.1510700" lon="10.1018370">
    <ele>2.4</ele>
   </trkpt>
   <trkpt lat="56.1510630" lon="10.1019830">
    <ele>2.2</ele>
   </trkpt>
   <trkpt lat="56.1510530" lon="10.1021280">
    <ele>2.2</ele>
   </trkpt>
   <trkpt lat="56.1510390" lon="10.1022710">
    <ele>2.2</ele>
   </trkpt>
   <trkpt lat="56.1510220" lon="10.1024140">
    <ele>2.2</ele>
   </trkpt>
   <trkpt lat="56.1510030" lon="10.1025560">
    <ele>2.2</ele>
   </trkpt>
   <trkpt lat="56.1509830" lon="10.1026980">
    <ele>2.0</ele>
   </trkpt>
   <trkpt lat="56.1509620" lon="10.1028410">
    <ele>2.0</ele>
   </trkpt>
   <trkpt lat="56.1509400" lon="10.1029820">
    <ele>2.0</ele>
   </trkpt>
   <trkpt lat="56.1509110" lon="10.1031210">
    <ele>2.0</ele>
   </trkpt>
   <trkpt lat="56.1508790" lon="10.1032600">
    <ele>2.0</ele>
   </trkpt>
   <trkpt lat="56.1508480" lon="10.1033980">
    <ele>1.8</ele>
   </trkpt>
   <trkpt lat="56.1508130" lon="10.1035340">
    <ele>1.8</ele>
   </trkpt>
   <trkpt lat="56.1507780" lon="10.1036680">
    <ele>1.6</ele>
   </trkpt>
   <trkpt lat="56.1507390" lon="10.1037970">
    <ele>1.4</ele>
   </trkpt>
   <trkpt lat="56.1506970" lon="10.1039220">
    <ele>1.4</ele>
   </trkpt>
   <trkpt lat="56.1506560" lon="10.1040490">
    <ele>1.4</ele>
   </trkpt>
   <trkpt lat="56.1506160" lon="10.1041810">
    <ele>1.4</ele>
   </trkpt>
   <trkpt lat="56.1505770" lon="10.1043100">
    <ele>1.4</ele>
   </trkpt>
   <trkpt lat="56.1505360" lon="10.1044410">
    <ele>1.2</ele>
   </trkpt>
   <trkpt lat="56.1504940" lon="10.1045710">
    <ele>1.2</ele>
   </trkpt>
   <trkpt lat="56.1504540" lon="10.1047000">
    <ele>1.0</ele>
   </trkpt>
   <trkpt lat="56.1504150" lon="10.1048310">
    <ele>1.0</ele>
   </trkpt>
   <trkpt lat="56.1503820" lon="10.1049640">
    <ele>0.8</ele>
   </trkpt>
   <trkpt lat="56.1503560" lon="10.1051030">
    <ele>0.8</ele>
   </trkpt>
   <trkpt lat="56.1503360" lon="10.1052440">
    <ele>0.8</ele>
   </trkpt>
   <trkpt lat="56.1503200" lon="10.1053870">
    <ele>0.8</ele>
   </trkpt>
   <trkpt lat="56.1503050" lon="10.1055310">
    <ele>0.8</ele>
   </trkpt>
   <trkpt lat="56.1502870" lon="10.1056720">
    <ele>0.8</ele>
   </trkpt>
   <trkpt lat="56.1502680" lon="10.1058120">
    <ele>0.8</ele>
   </trkpt>
   <trkpt lat="56.1502490" lon="10.1059520">
    <ele>1.0</ele>
   </trkpt>
   <trkpt lat="56.1502310" lon="10.1060880">
    <ele>1.0</ele>
   </trkpt>
   <trkpt lat="56.1502150" lon="10.1062260">
    <ele>1.0</ele>
   </trkpt>
   <trkpt lat="56.1502030" lon="10.1063630">
    <ele>1.0</ele>
   </trkpt>
   <trkpt lat="56.1501960" lon="10.1065000">
    <ele>1.0</ele>
   </trkpt>
   <trkpt lat="56.1501970" lon="10.1066380">
    <ele>1.0</ele>
   </trkpt>
   <trkpt lat="56.1502000" lon="10.1067750">
    <ele>1.0</ele>
   </trkpt>
   <trkpt lat="56.1502040" lon="10.1069120">
    <ele>1.0</ele>
   </trkpt>
   <trkpt lat="56.1502080" lon="10.1070510">
    <ele>1.0</ele>
   </trkpt>
   <trkpt lat="56.1502110" lon="10.1071890">
    <ele>1.0</ele>
   </trkpt>
   <trkpt lat="56.1502180" lon="10.1073240">
    <ele>1.0</ele>
   </trkpt>
   <trkpt lat="56.1502300" lon="10.1074560">
    <ele>0.8</ele>
   </trkpt>
   <trkpt lat="56.1502480" lon="10.1075870">
    <ele>1.0</ele>
   </trkpt>
   <trkpt lat="56.1502760" lon="10.1077110">
    <ele>1.0</ele>
   </trkpt>
   <trkpt lat="56.1503140" lon="10.1078290">
    <ele>1.0</ele>
   </trkpt>
   <trkpt lat="56.1503540" lon="10.1079410">
    <ele>1.0</ele>
   </trkpt>
   <trkpt lat="56.1503920" lon="10.1080600">
    <ele>1.0</ele>
   </trkpt>
   <trkpt lat="56.1504220" lon="10.1081840">
    <ele>1.0</ele>
   </trkpt>
   <trkpt lat="56.1504440" lon="10.1083140">
    <ele>1.0</ele>
   </trkpt>
   <trkpt lat="56.1504560" lon="10.1084460">
    <ele>1.0</ele>
   </trkpt>
   <trkpt lat="56.1504570" lon="10.1085790">
    <ele>1.0</ele>
   </trkpt>
   <trkpt lat="56.1504450" lon="10.1087080">
    <ele>1.0</ele>
   </trkpt>
   <trkpt lat="56.1504210" lon="10.1088320">
    <ele>1.0</ele>
   </trkpt>
   <trkpt lat="56.1503870" lon="10.1089480">
    <ele>1.0</ele>
   </trkpt>
   <trkpt lat="56.1503450" lon="10.1090590">
    <ele>1.2</ele>
   </trkpt>
   <trkpt lat="56.1503010" lon="10.1091660">
    <ele>1.2</ele>
   </trkpt>
   <trkpt lat="56.1502590" lon="10.1092780">
    <ele>1.2</ele>
   </trkpt>
   <trkpt lat="56.1502220" lon="10.1093940">
    <ele>1.2</ele>
   </trkpt>
   <trkpt lat="56.1501910" lon="10.1095180">
    <ele>1.2</ele>
   </trkpt>
   <trkpt lat="56.1501660" lon="10.1096450">
    <ele>1.2</ele>
   </trkpt>
   <trkpt lat="56.1501460" lon="10.1097730">
    <ele>1.2</ele>
   </trkpt>
   <trkpt lat="56.1501240" lon="10.1099010">
    <ele>1.2</ele>
   </trkpt>
   <trkpt lat="56.1501030" lon="10.1100300">
    <ele>1.2</ele>
   </trkpt>
   <trkpt lat="56.1500790" lon="10.1101580">
    <ele>1.0</ele>
   </trkpt>
   <trkpt lat="56.1500550" lon="10.1102890">
    <ele>1.0</ele>
   </trkpt>
   <trkpt lat="56.1500340" lon="10.1104200">
    <ele>1.0</ele>
   </trkpt>
   <trkpt lat="56.1500140" lon="10.1105530">
    <ele>0.8</ele>
   </trkpt>
   <trkpt lat="56.1499940" lon="10.1106840">
    <ele>0.8</ele>
   </trkpt>
   <trkpt lat="56.1499710" lon="10.1108120">
    <ele>0.8</ele>
   </trkpt>
   <trkpt lat="56.1499490" lon="10.1109390">
    <ele>0.8</ele>
   </trkpt>
   <trkpt lat="56.1499290" lon="10.1110660">
    <ele>0.8</ele>
   </trkpt>
   <trkpt lat="56.1499100" lon="10.1111930">
    <ele>0.8</ele>
   </trkpt>
   <trkpt lat="56.1498900" lon="10.1113190">
    <ele>0.8</ele>
   </trkpt>
   <trkpt lat="56.1498680" lon="10.1114450">
    <ele>0.8</ele>
   </trkpt>
   <trkpt lat="56.1498460" lon="10.1115690">
    <ele>0.8</ele>
   </trkpt>
   <trkpt lat="56.1498240" lon="10.1116940">
    <ele>1.0</ele>
   </trkpt>
   <trkpt lat="56.1498010" lon="10.1118200">
    <ele>1.0</ele>
   </trkpt>
   <trkpt lat="56.1497770" lon="10.1119460">
    <ele>1.0</ele>
   </trkpt>
   <trkpt lat="56.1497540" lon="10.1120720">
    <ele>1.0</ele>
   </trkpt>
   <trkpt lat="56.1497310" lon="10.1121970">
    <ele>1.0</ele>
   </trkpt>
   <trkpt lat="56.1497070" lon="10.1123220">
    <ele>1.0</ele>
   </trkpt>
   <trkpt lat="56.1496840" lon="10.1124460">
    <ele>1.0</ele>
   </trkpt>
   <trkpt lat="56.1496610" lon="10.1125710">
    <ele>1.0</ele>
   </trkpt>
   <trkpt lat="56.1496360" lon="10.1126940">
    <ele>1.0</ele>
   </trkpt>
   <trkpt lat="56.1496110" lon="10.1128170">
    <ele>1.0</ele>
   </trkpt>
   <trkpt lat="56.1495860" lon="10.1129370">
    <ele>1.0</ele>
   </trkpt>
   <trkpt lat="56.1495590" lon="10.1130540">
    <ele>1.0</ele>
   </trkpt>
   <trkpt lat="56.1495320" lon="10.1131730">
    <ele>1.0</ele>
   </trkpt>
   <trkpt lat="56.1495060" lon="10.1132950">
    <ele>1.0</ele>
   </trkpt>
   <trkpt lat="56.1494790" lon="10.1134200">
    <ele>1.0</ele>
   </trkpt>
   <trkpt lat="56.1494520" lon="10.1135460">
    <ele>1.0</ele>
   </trkpt>
   <trkpt lat="56.1494220" lon="10.1136690">
    <ele>1.0</ele>
   </trkpt>
   <trkpt lat="56.1493930" lon="10.1137900">
    <ele>1.0</ele>
   </trkpt>
   <trkpt lat="56.1493630" lon="10.1139110">
    <ele>1.0</ele>
   </trkpt>
   <trkpt lat="56.1493360" lon="10.1140360">
    <ele>1.0</ele>
   </trkpt>
   <trkpt lat="56.1493090" lon="10.1141580">
    <ele>1.0</ele>
   </trkpt>
   <trkpt lat="56.1492810" lon="10.1142800">
    <ele>0.8</ele>
   </trkpt>
   <trkpt lat="56.1492530" lon="10.1143990">
    <ele>0.8</ele>
   </trkpt>
   <trkpt lat="56.1492240" lon="10.1145200">
    <ele>0.8</ele>
   </trkpt>
   <trkpt lat="56.1491960" lon="10.1146410">
    <ele>1.0</ele>
   </trkpt>
   <trkpt lat="56.1491660" lon="10.1147620">
    <ele>1.0</ele>
   </trkpt>
   <trkpt lat="56.1491340" lon="10.1148830">
    <ele>1.0</ele>
   </trkpt>
   <trkpt lat="56.1491050" lon="10.1150060">
    <ele>1.0</ele>
   </trkpt>
   <trkpt lat="56.1490760" lon="10.1151280">
    <ele>0.8</ele>
   </trkpt>
   <trkpt lat="56.1490470" lon="10.1152480">
    <ele>0.8</ele>
   </trkpt>
   <trkpt lat="56.1490170" lon="10.1153690">
    <ele>0.8</ele>
   </trkpt>
   <trkpt lat="56.1489870" lon="10.1154900">
    <ele>0.8</ele>
   </trkpt>
   <trkpt lat="56.1489540" lon="10.1156080">
    <ele>0.8</ele>
   </trkpt>
   <trkpt lat="56.1489220" lon="10.1157250">
    <ele>1.0</ele>
   </trkpt>
   <trkpt lat="56.1488900" lon="10.1158410">
    <ele>1.0</ele>
   </trkpt>
   <trkpt lat="56.1488590" lon="10.1159600">
    <ele>1.0</ele>
   </trkpt>
   <trkpt lat="56.1488300" lon="10.1160790">
    <ele>0.8</ele>
   </trkpt>
   <trkpt lat="56.1488020" lon="10.1161980">
    <ele>0.8</ele>
   </trkpt>
   <trkpt lat="56.1487710" lon="10.1163150">
    <ele>0.8</ele>
   </trkpt>
   <trkpt lat="56.1487340" lon="10.1164290">
    <ele>0.8</ele>
   </trkpt>
   <trkpt lat="56.1486940" lon="10.1165410">
    <ele>0.8</ele>
   </trkpt>
   <trkpt lat="56.1486500" lon="10.1166450">
    <ele>0.8</ele>
   </trkpt>
   <trkpt lat="56.1485980" lon="10.1167410">
    <ele>0.8</ele>
   </trkpt>
   <trkpt lat="56.1485420" lon="10.1168240">
    <ele>0.8</ele>
   </trkpt>
   <trkpt lat="56.1484840" lon="10.1169010">
    <ele>0.8</ele>
   </trkpt>
   <trkpt lat="56.1484270" lon="10.1169730">
    <ele>0.6</ele>
   </trkpt>
   <trkpt lat="56.1483700" lon="10.1170440">
    <ele>0.6</ele>
   </trkpt>
   <trkpt lat="56.1483100" lon="10.1171210">
    <ele>0.6</ele>
   </trkpt>
   <trkpt lat="56.1482520" lon="10.1171970">
    <ele>0.6</ele>
   </trkpt>
   <trkpt lat="56.1481950" lon="10.1172720">
    <ele>0.8</ele>
   </trkpt>
   <trkpt lat="56.1481410" lon="10.1173510">
    <ele>1.0</ele>
   </trkpt>
   <trkpt lat="56.1480880" lon="10.1174360">
    <ele>0.8</ele>
   </trkpt>
   <trkpt lat="56.1480360" lon="10.1175270">
    <ele>1.0</ele>
   </trkpt>
   <trkpt lat="56.1479850" lon="10.1176270">
    <ele>1.0</ele>
   </trkpt>
   <trkpt lat="56.1479390" lon="10.1177320">
    <ele>1.0</ele>
   </trkpt>
   <trkpt lat="56.1478980" lon="10.1178400">
    <ele>1.0</ele>
   </trkpt>
   <trkpt lat="56.1478600" lon="10.1179510">
    <ele>1.0</ele>
   </trkpt>
   <trkpt lat="56.1478220" lon="10.1180640">
    <ele>1.0</ele>
   </trkpt>
   <trkpt lat="56.1477830" lon="10.1181780">
    <ele>1.0</ele>
   </trkpt>
   <trkpt lat="56.1477510" lon="10.1182980">
    <ele>1.0</ele>
   </trkpt>
   <trkpt lat="56.1477230" lon="10.1184210">
    <ele>1.0</ele>
   </trkpt>
   <trkpt lat="56.1476990" lon="10.1185490">
    <ele>1.0</ele>
   </trkpt>
   <trkpt lat="56.1476810" lon="10.1186790">
    <ele>1.0</ele>
   </trkpt>
   <trkpt lat="56.1476670" lon="10.1188080">
    <ele>1.0</ele>
   </trkpt>
   <trkpt lat="56.1476490" lon="10.1189370">
    <ele>1.0</ele>
   </trkpt>
   <trkpt lat="56.1476330" lon="10.1190640">
    <ele>1.0</ele>
   </trkpt>
   <trkpt lat="56.1476150" lon="10.1191930">
    <ele>0.8</ele>
   </trkpt>
   <trkpt lat="56.1475990" lon="10.1193250">
    <ele>0.8</ele>
   </trkpt>
   <trkpt lat="56.1475850" lon="10.1194590">
    <ele>0.6</ele>
   </trkpt>
   <trkpt lat="56.1475730" lon="10.1195940">
    <ele>0.6</ele>
   </trkpt>
   <trkpt lat="56.1475610" lon="10.1197290">
    <ele>0.6</ele>
   </trkpt>
   <trkpt lat="56.1475470" lon="10.1198640">
    <ele>0.6</ele>
   </trkpt>
   <trkpt lat="56.1475340" lon="10.1199990">
    <ele>0.6</ele>
   </trkpt>
   <trkpt lat="56.1475160" lon="10.1201340">
    <ele>0.4</ele>
   </trkpt>
   <trkpt lat="56.1474990" lon="10.1202690">
    <ele>0.4</ele>
   </trkpt>
   <trkpt lat="56.1474850" lon="10.1204020">
    <ele>0.4</ele>
   </trkpt>
   <trkpt lat="56.1474700" lon="10.1205360">
    <ele>0.4</ele>
   </trkpt>
   <trkpt lat="56.1474570" lon="10.1206710">
    <ele>0.4</ele>
   </trkpt>
   <trkpt lat="56.1474460" lon="10.1208050">
    <ele>0.4</ele>
   </trkpt>
   <trkpt lat="56.1474320" lon="10.1209390">
    <ele>0.4</ele>
   </trkpt>
   <trkpt lat="56.1474170" lon="10.1210740">
    <ele>0.4</ele>
   </trkpt>
   <trkpt lat="56.1474060" lon="10.1212060">
    <ele>0.6</ele>
   </trkpt>
   <trkpt lat="56.1473980" lon="10.1213380">
    <ele>0.6</ele>
   </trkpt>
   <trkpt lat="56.1473910" lon="10.1214730">
    <ele>0.6</ele>
   </trkpt>
   <trkpt lat="56.1473860" lon="10.1216100">
    <ele>0.6</ele>
   </trkpt>
   <trkpt lat="56.1473840" lon="10.1217450">
    <ele>0.6</ele>
   </trkpt>
   <trkpt lat="56.1473860" lon="10.1218780">
    <ele>0.6</ele>
   </trkpt>
   <trkpt lat="56.1473920" lon="10.1220120">
    <ele>0.6</ele>
   </trkpt>
   <trkpt lat="56.1474020" lon="10.1221430">
    <ele>0.6</ele>
   </trkpt>
   <trkpt lat="56.1474160" lon="10.1222740">
    <ele>0.6</ele>
   </trkpt>
   <trkpt lat="56.1474310" lon="10.1224050">
    <ele>0.6</ele>
   </trkpt>
   <trkpt lat="56.1474500" lon="10.1225330">
    <ele>0.4</ele>
   </trkpt>
   <trkpt lat="56.1474720" lon="10.1226600">
    <ele>0.4</ele>
   </trkpt>
   <trkpt lat="56.1474940" lon="10.1227880">
    <ele>0.2</ele>
   </trkpt>
   <trkpt lat="56.1475160" lon="10.1229130">
    <ele>0.2</ele>
   </trkpt>
   <trkpt lat="56.1475360" lon="10.1230390">
    <ele>0.2</ele>
   </trkpt>
   <trkpt lat="56.1475580" lon="10.1231640">
    <ele>0.2</ele>
   </trkpt>
   <trkpt lat="56.1475790" lon="10.1232890">
    <ele>0.2</ele>
   </trkpt>
   <trkpt lat="56.1475980" lon="10.1234140">
    <ele>0.2</ele>
   </trkpt>
   <trkpt lat="56.1476170" lon="10.1235390">
    <ele>0.2</ele>
   </trkpt>
   <trkpt lat="56.1476390" lon="10.1236660">
    <ele>0.4</ele>
   </trkpt>
   <trkpt lat="56.1476620" lon="10.1237920">
    <ele>0.4</ele>
   </trkpt>
   <trkpt lat="56.1476850" lon="10.1239200">
    <ele>0.4</ele>
   </trkpt>
   <trkpt lat="56.1477070" lon="10.1240500">
    <ele>0.4</ele>
   </trkpt>
   <trkpt lat="56.1477300" lon="10.1241780">
    <ele>0.4</ele>
   </trkpt>
   <trkpt lat="56.1477540" lon="10.1243040">
    <ele>0.4</ele>
   </trkpt>
   <trkpt lat="56.1477760" lon="10.1244310">
    <ele>0.2</ele>
   </trkpt>
   <trkpt lat="56.1477920" lon="10.1245610">
    <ele>0.2</ele>
   </trkpt>
   <trkpt lat="56.1478070" lon="10.1246920">
    <ele>0.2</ele>
   </trkpt>
   <trkpt lat="56.1478140" lon="10.1248260">
    <ele>0.2</ele>
   </trkpt>
   <trkpt lat="56.1478130" lon="10.1249610">
    <ele>0.2</ele>
   </trkpt>
   <trkpt lat="56.1477990" lon="10.1250940">
    <ele>0.2</ele>
   </trkpt>
   <trkpt lat="56.1477820" lon="10.1252250">
    <ele>0.2</ele>
   </trkpt>
   <trkpt lat="56.1477660" lon="10.1253520">
    <ele>0.2</ele>
   </trkpt>
   <trkpt lat="56.1477510" lon="10.1254760">
    <ele>0.4</ele>
   </trkpt>
   <trkpt lat="56.1477350" lon="10.1255990">
    <ele>0.4</ele>
   </trkpt>
   <trkpt lat="56.1477170" lon="10.1257230">
    <ele>0.6</ele>
   </trkpt>
   <trkpt lat="56.1476970" lon="10.1258480">
    <ele>0.6</ele>
   </trkpt>
   <trkpt lat="56.1476780" lon="10.1259740">
    <ele>0.6</ele>
   </trkpt>
   <trkpt lat="56.1476590" lon="10.1261010">
    <ele>0.8</ele>
   </trkpt>
   <trkpt lat="56.1476400" lon="10.1262280">
    <ele>0.8</ele>
   </trkpt>
   <trkpt lat="56.1476200" lon="10.1263550">
    <ele>0.8</ele>
   </trkpt>
   <trkpt lat="56.1476020" lon="10.1264830">
    <ele>0.8</ele>
   </trkpt>
   <trkpt lat="56.1475820" lon="10.1266100">
    <ele>0.8</ele>
   </trkpt>
   <trkpt lat="56.1475620" lon="10.1267380">
    <ele>1.0</ele>
   </trkpt>
   <trkpt lat="56.1475410" lon="10.1268660">
    <ele>1.0</ele>
   </trkpt>
   <trkpt lat="56.1475200" lon="10.1269980">
    <ele>1.0</ele>
   </trkpt>
   <trkpt lat="56.1475010" lon="10.1271290">
    <ele>0.8</ele>
   </trkpt>
   <trkpt lat="56.1474810" lon="10.1272590">
    <ele>0.8</ele>
   </trkpt>
   <trkpt lat="56.1474600" lon="10.1273860">
    <ele>0.8</ele>
   </trkpt>
   <trkpt lat="56.1474400" lon="10.1275130">
    <ele>0.8</ele>
   </trkpt>
   <trkpt lat="56.1474180" lon="10.1276400">
    <ele>0.8</ele>
   </trkpt>
   <trkpt lat="56.1473950" lon="10.1277680">
    <ele>0.8</ele>
   </trkpt>
   <trkpt lat="56.1473680" lon="10.1278940">
    <ele>0.8</ele>
   </trkpt>
   <trkpt lat="56.1473410" lon="10.1280170">
    <ele>0.8</ele>
   </trkpt>
   <trkpt lat="56.1473120" lon="10.1281390">
    <ele>0.6</ele>
   </trkpt>
   <trkpt lat="56.1472860" lon="10.1282620">
    <ele>0.6</ele>
   </trkpt>
   <trkpt lat="56.1472620" lon="10.1283890">
    <ele>0.6</ele>
   </trkpt>
   <trkpt lat="56.1472420" lon="10.1285170">
    <ele>0.6</ele>
   </trkpt>
   <trkpt lat="56.1472340" lon="10.1286480">
    <ele>0.6</ele>
   </trkpt>
   <trkpt lat="56.1472360" lon="10.1287790">
    <ele>0.6</ele>
   </trkpt>
   <trkpt lat="56.1472440" lon="10.1289100">
    <ele>0.8</ele>
   </trkpt>
   <trkpt lat="56.1472540" lon="10.1290400">
    <ele>0.8</ele>
   </trkpt>
   <trkpt lat="56.1472650" lon="10.1291690">
    <ele>1.0</ele>
   </trkpt>
   <trkpt lat="56.1472740" lon="10.1292980">
    <ele>1.0</ele>
   </trkpt>
   <trkpt lat="56.1472790" lon="10.1294280">
    <ele>1.0</ele>
   </trkpt>
   <trkpt lat="56.1472810" lon="10.1295570">
    <ele>1.0</ele>
   </trkpt>
   <trkpt lat="56.1472820" lon="10.1296890">
    <ele>1.0</ele>
   </trkpt>
   <trkpt lat="56.1472780" lon="10.1298190">
    <ele>1.0</ele>
   </trkpt>
   <trkpt lat="56.1472720" lon="10.1299480">
    <ele>1.0</ele>
   </trkpt>
   <trkpt lat="56.1472650" lon="10.1300750">
    <ele>1.0</ele>
   </trkpt>
   <trkpt lat="56.1472530" lon="10.1302010">
    <ele>1.2</ele>
   </trkpt>
   <trkpt lat="56.1472400" lon="10.1303260">
    <ele>1.2</ele>
   </trkpt>
   <trkpt lat="56.1472240" lon="10.1304530">
    <ele>1.4</ele>
   </trkpt>
   <trkpt lat="56.1472080" lon="10.1305810">
    <ele>1.6</ele>
   </trkpt>
   <trkpt lat="56.1471910" lon="10.1307100">
    <ele>1.8</ele>
   </trkpt>
   <trkpt lat="56.1471710" lon="10.1308360">
    <ele>1.8</ele>
   </trkpt>
   <trkpt lat="56.1471460" lon="10.1309570">
    <ele>2.0</ele>
   </trkpt>
   <trkpt lat="56.1471150" lon="10.1310740">
    <ele>2.0</ele>
   </trkpt>
   <trkpt lat="56.1470810" lon="10.1311860">
    <ele>2.0</ele>
   </trkpt>
   <trkpt lat="56.1470400" lon="10.1312940">
    <ele>2.0</ele>
   </trkpt>
   <trkpt lat="56.1469980" lon="10.1313990">
    <ele>2.0</ele>
   </trkpt>
   <trkpt lat="56.1469540" lon="10.1315060">
    <ele>1.8</ele>
   </trkpt>
   <trkpt lat="56.1469110" lon="10.1316120">
    <ele>1.8</ele>
   </trkpt>
   <trkpt lat="56.1468660" lon="10.1317170">
    <ele>1.8</ele>
   </trkpt>
   <trkpt lat="56.1468190" lon="10.1318210">
    <ele>1.8</ele>
   </trkpt>
   <trkpt lat="56.1467690" lon="10.1319200">
    <ele>1.8</ele>
   </trkpt>
   <trkpt lat="56.1467190" lon="10.1320150">
    <ele>1.8</ele>
   </trkpt>
   <trkpt lat="56.1466680" lon="10.1321040">
    <ele>1.8</ele>
   </trkpt>
   <trkpt lat="56.1466120" lon="10.1321880">
    <ele>1.8</ele>
   </trkpt>
   <trkpt lat="56.1465530" lon="10.1322690">
    <ele>2.0</ele>
   </trkpt>
   <trkpt lat="56.1464900" lon="10.1323470">
    <ele>2.0</ele>
   </trkpt>
   <trkpt lat="56.1464280" lon="10.1324180">
    <ele>2.0</ele>
   </trkpt>
   <trkpt lat="56.1463660" lon="10.1324850">
    <ele>2.0</ele>
   </trkpt>
   <trkpt lat="56.1463010" lon="10.1325520">
    <ele>2.0</ele>
   </trkpt>
   <trkpt lat="56.1462370" lon="10.1326200">
    <ele>1.8</ele>
   </trkpt>
   <trkpt lat="56.1461730" lon="10.1326890">
    <ele>1.8</ele>
   </trkpt>
   <trkpt lat="56.1461080" lon="10.1327550">
    <ele>1.8</ele>
   </trkpt>
   <trkpt lat="56.1460420" lon="10.1328210">
    <ele>1.8</ele>
   </trkpt>
   <trkpt lat="56.1459750" lon="10.1328880">
    <ele>1.6</ele>
   </trkpt>
   <trkpt lat="56.1459100" lon="10.1329550">
    <ele>1.6</ele>
   </trkpt>
   <trkpt lat="56.1458450" lon="10.1330250">
    <ele>1.4</ele>
   </trkpt>
   <trkpt lat="56.1457800" lon="10.1330970">
    <ele>1.4</ele>
   </trkpt>
   <trkpt lat="56.1457130" lon="10.1331700">
    <ele>1.2</ele>
   </trkpt>
   <trkpt lat="56.1456460" lon="10.1332390">
    <ele>1.2</ele>
   </trkpt>
   <trkpt lat="56.1455810" lon="10.1333100">
    <ele>1.0</ele>
   </trkpt>
   <trkpt lat="56.1455140" lon="10.1333850">
    <ele>1.0</ele>
   </trkpt>
   <trkpt lat="56.1454490" lon="10.1334610">
    <ele>1.0</ele>
   </trkpt>
   <trkpt lat="56.1453840" lon="10.1335420">
    <ele>1.0</ele>
   </trkpt>
   <trkpt lat="56.1453210" lon="10.1336310">
    <ele>1.0</ele>
   </trkpt>
   <trkpt lat="56.1452630" lon="10.1337240">
    <ele>1.0</ele>
   </trkpt>
   <trkpt lat="56.1452070" lon="10.1338230">
    <ele>1.0</ele>
   </trkpt>
   <trkpt lat="56.1451550" lon="10.1339270">
    <ele>1.2</ele>
   </trkpt>
   <trkpt lat="56.1451060" lon="10.1340360">
    <ele>1.2</ele>
   </trkpt>
   <trkpt lat="56.1450600" lon="10.1341480">
    <ele>1.2</ele>
   </trkpt>
   <trkpt lat="56.1450150" lon="10.1342650">
    <ele>1.2</ele>
   </trkpt>
   <trkpt lat="56.1449750" lon="10.1343850">
    <ele>1.0</ele>
   </trkpt>
   <trkpt lat="56.1449390" lon="10.1345110">
    <ele>1.0</ele>
   </trkpt>
   <trkpt lat="56.1449060" lon="10.1346390">
    <ele>1.0</ele>
   </trkpt>
   <trkpt lat="56.1448720" lon="10.1347650">
    <ele>1.0</ele>
   </trkpt>
   <trkpt lat="56.1448380" lon="10.1348880">
    <ele>1.0</ele>
   </trkpt>
   <trkpt lat="56.1448070" lon="10.1350140">
    <ele>1.0</ele>
   </trkpt>
   <trkpt lat="56.1447760" lon="10.1351410">
    <ele>0.8</ele>
   </trkpt>
   <trkpt lat="56.1447420" lon="10.1352680">
    <ele>0.8</ele>
   </trkpt>
   <trkpt lat="56.1447080" lon="10.1353940">
    <ele>0.8</ele>
   </trkpt>
   <trkpt lat="56.1446770" lon="10.1355210">
    <ele>0.8</ele>
   </trkpt>
   <trkpt lat="56.1446470" lon="10.1356490">
    <ele>0.6</ele>
   </trkpt>
   <trkpt lat="56.1446160" lon="10.1357760">
    <ele>0.6</ele>
   </trkpt>
   <trkpt lat="56.1445850" lon="10.1359030">
    <ele>0.6</ele>
   </trkpt>
   <trkpt lat="56.1445520" lon="10.1360300">
    <ele>0.6</ele>
   </trkpt>
   <trkpt lat="56.1445200" lon="10.1361560">
    <ele>0.6</ele>
   </trkpt>
   <trkpt lat="56.1444860" lon="10.1362770">
    <ele>0.6</ele>
   </trkpt>
   <trkpt lat="56.1444500" lon="10.1363970">
    <ele>0.6</ele>
   </trkpt>
   <trkpt lat="56.1444120" lon="10.1365130">
    <ele>0.8</ele>
   </trkpt>
   <trkpt lat="56.1443720" lon="10.1366270">
    <ele>0.8</ele>
   </trkpt>
   <trkpt lat="56.1443300" lon="10.1367370">
    <ele>0.8</ele>
   </trkpt>
   <trkpt lat="56.1442870" lon="10.1368420">
    <ele>1.0</ele>
   </trkpt>
   <trkpt lat="56.1442410" lon="10.1369430">
    <ele>1.0</ele>
   </trkpt>
   <trkpt lat="56.1441950" lon="10.1370380">
    <ele>1.2</ele>
   </trkpt>
   <trkpt lat="56.1441440" lon="10.1371310">
    <ele>1.2</ele>
   </trkpt>
   <trkpt lat="56.1440920" lon="10.1372200">
    <ele>1.4</ele>
   </trkpt>
   <trkpt lat="56.1440360" lon="10.1373070">
    <ele>1.6</ele>
   </trkpt>
   <trkpt lat="56.1439830" lon="10.1373930">
    <ele>1.8</ele>
   </trkpt>
   <trkpt lat="56.1439300" lon="10.1374790">
    <ele>1.8</ele>
   </trkpt>
   <trkpt lat="56.1438770" lon="10.1375660">
    <ele>2.0</ele>
   </trkpt>
   <trkpt lat="56.1438240" lon="10.1376520">
    <ele>2.0</ele>
   </trkpt>
   <trkpt lat="56.1437710" lon="10.1377370">
    <ele>2.0</ele>
   </trkpt>
   <trkpt lat="56.1437160" lon="10.1378220">
    <ele>2.2</ele>
   </trkpt>
   <trkpt lat="56.1436630" lon="10.1379100">
    <ele>2.2</ele>
   </trkpt>
   <trkpt lat="56.1436090" lon="10.1380000">
    <ele>2.2</ele>
   </trkpt>
   <trkpt lat="56.1435540" lon="10.1380880">
    <ele>2.2</ele>
   </trkpt>
   <trkpt lat="56.1434990" lon="10.1381730">
    <ele>2.2</ele>
   </trkpt>
   <trkpt lat="56.1434440" lon="10.1382610">
    <ele>2.2</ele>
   </trkpt>
   <trkpt lat="56.1433880" lon="10.1383500">
    <ele>2.2</ele>
   </trkpt>
   <trkpt lat="56.1433320" lon="10.1384370">
    <ele>2.2</ele>
   </trkpt>
   <trkpt lat="56.1432770" lon="10.1385220">
    <ele>2.2</ele>
   </trkpt>
   <trkpt lat="56.1432240" lon="10.1386090">
    <ele>2.0</ele>
   </trkpt>
   <trkpt lat="56.1431700" lon="10.1386960">
    <ele>2.0</ele>
   </trkpt>
   <trkpt lat="56.1431140" lon="10.1387840">
    <ele>2.0</ele>
   </trkpt>
   <trkpt lat="56.1430590" lon="10.1388740">
    <ele>1.8</ele>
   </trkpt>
   <trkpt lat="56.1430030" lon="10.1389650">
    <ele>1.8</ele>
   </trkpt>
   <trkpt lat="56.1429450" lon="10.1390590">
    <ele>1.6</ele>
   </trkpt>
   <trkpt lat="56.1428870" lon="10.1391530">
    <ele>1.6</ele>
   </trkpt>
   <trkpt lat="56.1428280" lon="10.1392480">
    <ele>1.4</ele>
   </trkpt>
   <trkpt lat="56.1427670" lon="10.1393460">
    <ele>1.2</ele>
   </trkpt>
   <trkpt lat="56.1427080" lon="10.1394430">
    <ele>1.2</ele>
   </trkpt>
   <trkpt lat="56.1426490" lon="10.1395390">
    <ele>1.0</ele>
   </trkpt>
   <trkpt lat="56.1425890" lon="10.1396340">
    <ele>1.0</ele>
   </trkpt>
   <trkpt lat="56.1425310" lon="10.1397270">
    <ele>0.8</ele>
   </trkpt>
   <trkpt lat="56.1424720" lon="10.1398260">
    <ele>0.8</ele>
   </trkpt>
   <trkpt lat="56.1424110" lon="10.1399230">
    <ele>0.8</ele>
   </trkpt>
   <trkpt lat="56.1423510" lon="10.1400190">
    <ele>0.8</ele>
   </trkpt>
   <trkpt lat="56.1422920" lon="10.1401140">
    <ele>0.8</ele>
   </trkpt>
   <trkpt lat="56.1422370" lon="10.1402090">
    <ele>0.8</ele>
   </trkpt>
   <trkpt lat="56.1421800" lon="10.1403020">
    <ele>0.8</ele>
   </trkpt>
   <trkpt lat="56.1421230" lon="10.1403940">
    <ele>1.0</ele>
   </trkpt>
   <trkpt lat="56.1420670" lon="10.1404840">
    <ele>1.0</ele>
   </trkpt>
   <trkpt lat="56.1420080" lon="10.1405740">
    <ele>0.8</ele>
   </trkpt>
   <trkpt lat="56.1419490" lon="10.1406670">
    <ele>0.8</ele>
   </trkpt>
   <trkpt lat="56.1418920" lon="10.1407610">
    <ele>0.8</ele>
   </trkpt>
   <trkpt lat="56.1418360" lon="10.1408520">
    <ele>0.8</ele>
   </trkpt>
   <trkpt lat="56.1417810" lon="10.1409430">
    <ele>0.8</ele>
   </trkpt>
   <trkpt lat="56.1417300" lon="10.1410400">
    <ele>0.8</ele>
   </trkpt>
   <trkpt lat="56.1416840" lon="10.1411440">
    <ele>0.6</ele>
   </trkpt>
   <trkpt lat="56.1416400" lon="10.1412550">
    <ele>0.6</ele>
   </trkpt>
   <trkpt lat="56.1415980" lon="10.1413690">
    <ele>0.6</ele>
   </trkpt>
   <trkpt lat="56.1415590" lon="10.1414860">
    <ele>0.6</ele>
   </trkpt>
   <trkpt lat="56.1415250" lon="10.1416070">
    <ele>0.6</ele>
   </trkpt>
   <trkpt lat="56.1414940" lon="10.1417320">
    <ele>0.6</ele>
   </trkpt>
   <trkpt lat="56.1414660" lon="10.1418580">
    <ele>0.6</ele>
   </trkpt>
   <trkpt lat="56.1414400" lon="10.1419850">
    <ele>0.6</ele>
   </trkpt>
   <trkpt lat="56.1414180" lon="10.1421150">
    <ele>0.6</ele>
   </trkpt>
   <trkpt lat="56.1414010" lon="10.1422450">
    <ele>0.6</ele>
   </trkpt>
   <trkpt lat="56.1413870" lon="10.1423770">
    <ele>0.6</ele>
   </trkpt>
   <trkpt lat="56.1413760" lon="10.1425100">
    <ele>0.6</ele>
   </trkpt>
   <trkpt lat="56.1413670" lon="10.1426420">
    <ele>0.4</ele>
   </trkpt>
   <trkpt lat="56.1413590" lon="10.1427760">
    <ele>0.4</ele>
   </trkpt>
   <trkpt lat="56.1413550" lon="10.1429090">
    <ele>0.4</ele>
   </trkpt>
   <trkpt lat="56.1413530" lon="10.1430420">
    <ele>0.4</ele>
   </trkpt>
   <trkpt lat="56.1413510" lon="10.1431740">
    <ele>0.4</ele>
   </trkpt>
   <trkpt lat="56.1413470" lon="10.1433070">
    <ele>0.4</ele>
   </trkpt>
   <trkpt lat="56.1413380" lon="10.1434390">
    <ele>0.6</ele>
   </trkpt>
   <trkpt lat="56.1413270" lon="10.1435680">
    <ele>0.6</ele>
   </trkpt>
   <trkpt lat="56.1413170" lon="10.1436970">
    <ele>0.6</ele>
   </trkpt>
   <trkpt lat="56.1413100" lon="10.1438230">
    <ele>0.6</ele>
   </trkpt>
   <trkpt lat="56.1413040" lon="10.1439510">
    <ele>0.6</ele>
   </trkpt>
   <trkpt lat="56.1412970" lon="10.1440790">
    <ele>0.6</ele>
   </trkpt>
   <trkpt lat="56.1412910" lon="10.1442100">
    <ele>0.6</ele>
   </trkpt>
   <trkpt lat="56.1412840" lon="10.1443410">
    <ele>0.4</ele>
   </trkpt>
   <trkpt lat="56.1412760" lon="10.1444730">
    <ele>0.4</ele>
   </trkpt>
   <trkpt lat="56.1412680" lon="10.1446060">
    <ele>0.4</ele>
   </trkpt>
   <trkpt lat="56.1412590" lon="10.1447410">
    <ele>0.4</ele>
   </trkpt>
   <trkpt lat="56.1412550" lon="10.1448790">
    <ele>0.2</ele>
   </trkpt>
   <trkpt lat="56.1412510" lon="10.1450150">
    <ele>0.2</ele>
   </trkpt>
   <trkpt lat="56.1412430" lon="10.1451490">
    <ele>0.2</ele>
   </trkpt>
   <trkpt lat="56.1412350" lon="10.1452820">
    <ele>0.2</ele>
   </trkpt>
   <trkpt lat="56.1412270" lon="10.1454130">
    <ele>0.4</ele>
   </trkpt>
   <trkpt lat="56.1412190" lon="10.1455460">
    <ele>0.4</ele>
   </trkpt>
   <trkpt lat="56.1412120" lon="10.1456780">
    <ele>0.4</ele>
   </trkpt>
   <trkpt lat="56.1412060" lon="10.1458090">
    <ele>0.6</ele>
   </trkpt>
   <trkpt lat="56.1412000" lon="10.1459430">
    <ele>0.6</ele>
   </trkpt>
   <trkpt lat="56.1411920" lon="10.1460750">
    <ele>0.6</ele>
   </trkpt>
   <trkpt lat="56.1411830" lon="10.1462080">
    <ele>0.4</ele>
   </trkpt>
   <trkpt lat="56.1411760" lon="10.1463420">
    <ele>0.4</ele>
   </trkpt>
   <trkpt lat="56.1411660" lon="10.1464760">
    <ele>0.4</ele>
   </trkpt>
   <trkpt lat="56.1411560" lon="10.1466090">
    <ele>0.4</ele>
   </trkpt>
   <trkpt lat="56.1411450" lon="10.1467450">
    <ele>0.4</ele>
   </trkpt>
   <trkpt lat="56.1411350" lon="10.1468810">
    <ele>0.4</ele>
   </trkpt>
   <trkpt lat="56.1411230" lon="10.1470150">
    <ele>0.2</ele>
   </trkpt>
   <trkpt lat="56.1411090" lon="10.1471480">
    <ele>0.2</ele>
   </trkpt>
   <trkpt lat="56.1410940" lon="10.1472830">
    <ele>0.2</ele>
   </trkpt>
   <trkpt lat="56.1410770" lon="10.1474170">
    <ele>0.2</ele>
   </trkpt>
   <trkpt lat="56.1410590" lon="10.1475490">
    <ele>0.2</ele>
   </trkpt>
   <trkpt lat="56.1410410" lon="10.1476830">
    <ele>0.2</ele>
   </trkpt>
   <trkpt lat="56.1410220" lon="10.1478130">
    <ele>0.2</ele>
   </trkpt>
   <trkpt lat="56.1409990" lon="10.1479440">
    <ele>0.4</ele>
   </trkpt>
   <trkpt lat="56.1409760" lon="10.1480770">
    <ele>0.4</ele>
   </trkpt>
   <trkpt lat="56.1409550" lon="10.1482060">
    <ele>0.4</ele>
   </trkpt>
   <trkpt lat="56.1409340" lon="10.1483360">
    <ele>0.4</ele>
   </trkpt>
   <trkpt lat="56.1409120" lon="10.1484670">
    <ele>0.4</ele>
   </trkpt>
   <trkpt lat="56.1408870" lon="10.1485970">
    <ele>0.4</ele>
   </trkpt>
   <trkpt lat="56.1408660" lon="10.1487270">
    <ele>0.4</ele>
   </trkpt>
   <trkpt lat="56.1408450" lon="10.1488570">
    <ele>0.4</ele>
   </trkpt>
   <trkpt lat="56.1408260" lon="10.1489880">
    <ele>0.4</ele>
   </trkpt>
   <trkpt lat="56.1408070" lon="10.1491180">
    <ele>0.4</ele>
   </trkpt>
   <trkpt lat="56.1407840" lon="10.1492460">
    <ele>0.4</ele>
   </trkpt>
   <trkpt lat="56.1407640" lon="10.1493750">
    <ele>0.6</ele>
   </trkpt>
   <trkpt lat="56.1407440" lon="10.1495030">
    <ele>0.6</ele>
   </trkpt>
   <trkpt lat="56.1407220" lon="10.1496300">
    <ele>0.6</ele>
   </trkpt>
   <trkpt lat="56.1406980" lon="10.1497570">
    <ele>0.6</ele>
   </trkpt>
   <trkpt lat="56.1406690" lon="10.1498820">
    <ele>0.6</ele>
   </trkpt>
   <trkpt lat="56.1406390" lon="10.1500070">
    <ele>0.4</ele>
   </trkpt>
   <trkpt lat="56.1406070" lon="10.1501320">
    <ele>0.4</ele>
   </trkpt>
   <trkpt lat="56.1405770" lon="10.1502520">
    <ele>0.4</ele>
   </trkpt>
   <trkpt lat="56.1405460" lon="10.1503750">
    <ele>0.4</ele>
   </trkpt>
   <trkpt lat="56.1405150" lon="10.1504980">
    <ele>0.4</ele>
   </trkpt>
   <trkpt lat="56.1404860" lon="10.1506190">
    <ele>0.4</ele>
   </trkpt>
   <trkpt lat="56.1404540" lon="10.1507400">
    <ele>0.4</ele>
   </trkpt>
   <trkpt lat="56.1404210" lon="10.1508620">
    <ele>0.4</ele>
   </trkpt>
   <trkpt lat="56.1403910" lon="10.1509810">
    <ele>0.4</ele>
   </trkpt>
   <trkpt lat="56.1403620" lon="10.1511000">
    <ele>0.4</ele>
   </trkpt>
   <trkpt lat="56.1403330" lon="10.1512230">
    <ele>0.4</ele>
   </trkpt>
   <trkpt lat="56.1403040" lon="10.1513450">
    <ele>0.4</ele>
   </trkpt>
   <trkpt lat="56.1402740" lon="10.1514630">
    <ele>0.4</ele>
   </trkpt>
   <trkpt lat="56.1402430" lon="10.1515820">
    <ele>0.4</ele>
   </trkpt>
   <trkpt lat="56.1402120" lon="10.1517000">
    <ele>0.6</ele>
   </trkpt>
   <trkpt lat="56.1401790" lon="10.1518200">
    <ele>0.6</ele>
   </trkpt>
   <trkpt lat="56.1401480" lon="10.1519400">
    <ele>0.6</ele>
   </trkpt>
   <trkpt lat="56.1401190" lon="10.1520580">
    <ele>0.6</ele>
   </trkpt>
   <trkpt lat="56.1400890" lon="10.1521740">
    <ele>0.6</ele>
   </trkpt>
   <trkpt lat="56.1400570" lon="10.1522910">
    <ele>0.6</ele>
   </trkpt>
   <trkpt lat="56.1400300" lon="10.1524090">
    <ele>0.8</ele>
   </trkpt>
   <trkpt lat="56.1400070" lon="10.1525290">
    <ele>0.8</ele>
   </trkpt>
   <trkpt lat="56.1399920" lon="10.1526520">
    <ele>0.8</ele>
   </trkpt>
   <trkpt lat="56.1399890" lon="10.1527760">
    <ele>1.0</ele>
   </trkpt>
   <trkpt lat="56.1399900" lon="10.1528930">
    <ele>1.2</ele>
   </trkpt>
   <trkpt lat="56.1399930" lon="10.1530050">
    <ele>1.4</ele>
   </trkpt>
   <trkpt lat="56.1399960" lon="10.1531180">
    <ele>1.8</ele>
   </trkpt>
   <trkpt lat="56.1400040" lon="10.1532250">
    <ele>2.0</ele>
   </trkpt>
   <trkpt lat="56.1400110" lon="10.1533310">
    <ele>2.2</ele>
   </trkpt>
   <trkpt lat="56.1400250" lon="10.1534380">
    <ele>2.4</ele>
   </trkpt>
   <trkpt lat="56.1400440" lon="10.1535470">
    <ele>2.4</ele>
   </trkpt>
   <trkpt lat="56.1400680" lon="10.1536580">
    <ele>2.2</ele>
   </trkpt>
   <trkpt lat="56.1401000" lon="10.1537690">
    <ele>2.0</ele>
   </trkpt>
   <trkpt lat="56.1401350" lon="10.1538820">
    <ele>1.8</ele>
   </trkpt>
   <trkpt lat="56.1401720" lon="10.1539960">
    <ele>1.6</ele>
   </trkpt>
   <trkpt lat="56.1402090" lon="10.1541070">
    <ele>1.2</ele>
   </trkpt>
   <trkpt lat="56.1402490" lon="10.1542170">
    <ele>1.2</ele>
   </trkpt>
   <trkpt lat="56.1402900" lon="10.1543280">
    <ele>1.0</ele>
   </trkpt>
   <trkpt lat="56.1403270" lon="10.1544390">
    <ele>1.0</ele>
   </trkpt>
   <trkpt lat="56.1403470" lon="10.1545090">
    <ele>1.2</ele>
   </trkpt>
   <trkpt lat="56.1403660" lon="10.1545790">
    <ele>1.2</ele>
   </trkpt>
   <trkpt lat="56.1404050" lon="10.1547200">
    <ele>1.4</ele>
   </trkpt>
   <trkpt lat="56.1404620" lon="10.1547910">
    <ele>1.4</ele>
   </trkpt>
   <trkpt lat="56.1405310" lon="10.1548440">
    <ele>1.4</ele>
   </trkpt>
   <trkpt lat="56.1405970" lon="10.1548740">
    <ele>1.6</ele>
   </trkpt>
   <trkpt lat="56.1406680" lon="10.1548900">
    <ele>1.4</ele>
   </trkpt>
   <trkpt lat="56.1407400" lon="10.1548990">
    <ele>1.6</ele>
   </trkpt>
   <trkpt lat="56.1408170" lon="10.1549000">
    <ele>1.6</ele>
   </trkpt>
   <trkpt lat="56.1408850" lon="10.1549010">
    <ele>1.6</ele>
   </trkpt>
   <trkpt lat="56.1409540" lon="10.1548950">
    <ele>1.8</ele>
   </trkpt>
   <trkpt lat="56.1410230" lon="10.1548950">
    <ele>1.8</ele>
   </trkpt>
   <trkpt lat="56.1410960" lon="10.1548940">
    <ele>1.8</ele>
   </trkpt>
   <trkpt lat="56.1411690" lon="10.1548920">
    <ele>1.8</ele>
   </trkpt>
   <trkpt lat="56.1412420" lon="10.1548930">
    <ele>1.6</ele>
   </trkpt>
   <trkpt lat="56.1413160" lon="10.1548920">
    <ele>1.4</ele>
   </trkpt>
   <trkpt lat="56.1413920" lon="10.1548890">
    <ele>1.2</ele>
   </trkpt>
   <trkpt lat="56.1414680" lon="10.1548800">
    <ele>1.0</ele>
   </trkpt>
   <trkpt lat="56.1415440" lon="10.1548670">
    <ele>1.0</ele>
   </trkpt>
   <trkpt lat="56.1416190" lon="10.1548590">
    <ele>0.8</ele>
   </trkpt>
   <trkpt lat="56.1416970" lon="10.1548550">
    <ele>0.6</ele>
   </trkpt>
   <trkpt lat="56.1417730" lon="10.1548530">
    <ele>0.6</ele>
   </trkpt>
   <trkpt lat="56.1418510" lon="10.1548520">
    <ele>0.4</ele>
   </trkpt>
   <trkpt lat="56.1419280" lon="10.1548580">
    <ele>0.4</ele>
   </trkpt>
   <trkpt lat="56.1420050" lon="10.1548680">
    <ele>0.4</ele>
   </trkpt>
   <trkpt lat="56.1420780" lon="10.1548820">
    <ele>0.4</ele>
   </trkpt>
   <trkpt lat="56.1421510" lon="10.1549030">
    <ele>0.4</ele>
   </trkpt>
   <trkpt lat="56.1422240" lon="10.1549250">
    <ele>0.6</ele>
   </trkpt>
   <trkpt lat="56.1422970" lon="10.1549490">
    <ele>0.6</ele>
   </trkpt>
   <trkpt lat="56.1423690" lon="10.1549750">
    <ele>0.8</ele>
   </trkpt>
   <trkpt lat="56.1424410" lon="10.1549990">
    <ele>0.8</ele>
   </trkpt>
   <trkpt lat="56.1425140" lon="10.1550220">
    <ele>0.8</ele>
   </trkpt>
   <trkpt lat="56.1425860" lon="10.1550490">
    <ele>1.0</ele>
   </trkpt>
   <trkpt lat="56.1426560" lon="10.1550790">
    <ele>1.0</ele>
   </trkpt>
   <trkpt lat="56.1427190" lon="10.1551150">
    <ele>1.2</ele>
   </trkpt>
   <trkpt lat="56.1427810" lon="10.1551680">
    <ele>1.2</ele>
   </trkpt>
   <trkpt lat="56.1428430" lon="10.1552350">
    <ele>1.4</ele>
   </trkpt>
   <trkpt lat="56.1429020" lon="10.1553080">
    <ele>1.6</ele>
   </trkpt>
   <trkpt lat="56.1429600" lon="10.1553790">
    <ele>1.6</ele>
   </trkpt>
   <trkpt lat="56.1430180" lon="10.1554470">
    <ele>1.8</ele>
   </trkpt>
   <trkpt lat="56.1430780" lon="10.1555150">
    <ele>1.8</ele>
   </trkpt>
   <trkpt lat="56.1431340" lon="10.1555840">
    <ele>1.8</ele>
   </trkpt>
   <trkpt lat="56.1431910" lon="10.1556560">
    <ele>1.8</ele>
   </trkpt>
   <trkpt lat="56.1432470" lon="10.1557250">
    <ele>1.8</ele>
   </trkpt>
   <trkpt lat="56.1432980" lon="10.1557910">
    <ele>1.8</ele>
   </trkpt>
   <trkpt lat="56.1433510" lon="10.1558550">
    <ele>2.0</ele>
   </trkpt>
   <trkpt lat="56.1434040" lon="10.1559260">
    <ele>2.0</ele>
   </trkpt>
   <trkpt lat="56.1434530" lon="10.1560090">
    <ele>2.0</ele>
   </trkpt>
   <trkpt lat="56.1435000" lon="10.1561010">
    <ele>2.0</ele>
   </trkpt>
   <trkpt lat="56.1435430" lon="10.1562040">
    <ele>2.0</ele>
   </trkpt>
   <trkpt lat="56.1435840" lon="10.1563110">
    <ele>1.8</ele>
   </trkpt>
   <trkpt lat="56.1436250" lon="10.1564180">
    <ele>1.8</ele>
   </trkpt>
   <trkpt lat="56.1436640" lon="10.1565250">
    <ele>1.8</ele>
   </trkpt>
   <trkpt lat="56.1437030" lon="10.1566330">
    <ele>1.8</ele>
   </trkpt>
   <trkpt lat="56.1437430" lon="10.1567420">
    <ele>1.8</ele>
   </trkpt>
   <trkpt lat="56.1437840" lon="10.1568500">
    <ele>1.8</ele>
   </trkpt>
   <trkpt lat="56.1438280" lon="10.1569540">
    <ele>1.8</ele>
   </trkpt>
   <trkpt lat="56.1438690" lon="10.1570600">
    <ele>1.8</ele>
   </trkpt>
   <trkpt lat="56.1439050" lon="10.1571700">
    <ele>1.8</ele>
   </trkpt>
   <trkpt lat="56.1439400" lon="10.1572790">
    <ele>1.8</ele>
   </trkpt>
   <trkpt lat="56.1439750" lon="10.1573910">
    <ele>1.8</ele>
   </trkpt>
   <trkpt lat="56.1440040" lon="10.1575090">
    <ele>1.8</ele>
   </trkpt>
   <trkpt lat="56.1440280" lon="10.1576300">
    <ele>1.8</ele>
   </trkpt>
   <trkpt lat="56.1440490" lon="10.1577540">
    <ele>1.8</ele>
   </trkpt>
   <trkpt lat="56.1440680" lon="10.1578800">
    <ele>1.8</ele>
   </trkpt>
   <trkpt lat="56.1440840" lon="10.1580040">
    <ele>1.8</ele>
   </trkpt>
   <trkpt lat="56.1440960" lon="10.1581290">
    <ele>1.8</ele>
   </trkpt>
   <trkpt lat="56.1441020" lon="10.1582550">
    <ele>1.8</ele>
   </trkpt>
   <trkpt lat="56.1441020" lon="10.1583830">
    <ele>1.8</ele>
   </trkpt>
   <trkpt lat="56.1441030" lon="10.1585130">
    <ele>1.8</ele>
   </trkpt>
   <trkpt lat="56.1441090" lon="10.1586440">
    <ele>1.8</ele>
   </trkpt>
   <trkpt lat="56.1441160" lon="10.1587720">
    <ele>1.8</ele>
   </trkpt>
   <trkpt lat="56.1441240" lon="10.1588950">
    <ele>1.8</ele>
   </trkpt>
   <trkpt lat="56.1441320" lon="10.1590220">
    <ele>1.8</ele>
   </trkpt>
   <trkpt lat="56.1441320" lon="10.1591540">
    <ele>1.6</ele>
   </trkpt>
   <trkpt lat="56.1441290" lon="10.1592820">
    <ele>1.6</ele>
   </trkpt>
   <trkpt lat="56.1441130" lon="10.1594070">
    <ele>1.6</ele>
   </trkpt>
   <trkpt lat="56.1440820" lon="10.1595310">
    <ele>1.4</ele>
   </trkpt>
   <trkpt lat="56.1440450" lon="10.1596490">
    <ele>1.2</ele>
   </trkpt>
   <trkpt lat="56.1440070" lon="10.1597710">
    <ele>1.0</ele>
   </trkpt>
   <trkpt lat="56.1439720" lon="10.1598920">
    <ele>0.8</ele>
   </trkpt>
   <trkpt lat="56.1439340" lon="10.1600130">
    <ele>0.6</ele>
   </trkpt>
   <trkpt lat="56.1438960" lon="10.1601300">
    <ele>0.4</ele>
   </trkpt>
   <trkpt lat="56.1438550" lon="10.1602470">
    <ele>0.4</ele>
   </trkpt>
   <trkpt lat="56.1438130" lon="10.1603660">
    <ele>0.2</ele>
   </trkpt>
   <trkpt lat="56.1437780" lon="10.1604890">
    <ele>0.2</ele>
   </trkpt>
   <trkpt lat="56.1437440" lon="10.1606170">
    <ele>0.2</ele>
   </trkpt>
   <trkpt lat="56.1437130" lon="10.1607420">
    <ele>0.2</ele>
   </trkpt>
   <trkpt lat="56.1436820" lon="10.1608760">
    <ele>0.0</ele>
   </trkpt>
   <trkpt lat="56.1436540" lon="10.1610120">
    <ele>0.0</ele>
   </trkpt>
   <trkpt lat="56.1436300" lon="10.1611470">
    <ele>0.0</ele>
   </trkpt>
   <trkpt lat="56.1436040" lon="10.1612770">
    <ele>0.0</ele>
   </trkpt>
   <trkpt lat="56.1435780" lon="10.1614080">
    <ele>0.0</ele>
   </trkpt>
   <trkpt lat="56.1435520" lon="10.1615410">
    <ele>0.2</ele>
   </trkpt>
   <trkpt lat="56.1435290" lon="10.1616730">
    <ele>0.2</ele>
   </trkpt>
   <trkpt lat="56.1435090" lon="10.1618080">
    <ele>0.2</ele>
   </trkpt>
   <trkpt lat="56.1434890" lon="10.1619420">
    <ele>0.2</ele>
   </trkpt>
   <trkpt lat="56.1434650" lon="10.1620690">
    <ele>0.2</ele>
   </trkpt>
   <trkpt lat="56.1434370" lon="10.1621980">
    <ele>0.2</ele>
   </trkpt>
   <trkpt lat="56.1434150" lon="10.1623270">
    <ele>0.4</ele>
   </trkpt>
   <trkpt lat="56.1433930" lon="10.1624580">
    <ele>0.4</ele>
   </trkpt>
   <trkpt lat="56.1433710" lon="10.1625880">
    <ele>0.4</ele>
   </trkpt>
   <trkpt lat="56.1433470" lon="10.1627170">
    <ele>0.2</ele>
   </trkpt>
   <trkpt lat="56.1433230" lon="10.1628450">
    <ele>0.2</ele>
   </trkpt>
   <trkpt lat="56.1433010" lon="10.1629720">
    <ele>0.4</ele>
   </trkpt>
   <trkpt lat="56.1432810" lon="10.1630980">
    <ele>0.4</ele>
   </trkpt>
   <trkpt lat="56.1432560" lon="10.1632260">
    <ele>0.4</ele>
   </trkpt>
   <trkpt lat="56.1432340" lon="10.1633490">
    <ele>0.6</ele>
   </trkpt>
   <trkpt lat="56.1432130" lon="10.1634700">
    <ele>0.6</ele>
   </trkpt>
   <trkpt lat="56.1431900" lon="10.1635950">
    <ele>0.6</ele>
   </trkpt>
   <trkpt lat="56.1431660" lon="10.1637160">
    <ele>0.6</ele>
   </trkpt>
   <trkpt lat="56.1431410" lon="10.1638370">
    <ele>0.8</ele>
   </trkpt>
   <trkpt lat="56.1431170" lon="10.1639610">
    <ele>0.8</ele>
   </trkpt>
   <trkpt lat="56.1430950" lon="10.1640830">
    <ele>0.8</ele>
   </trkpt>
   <trkpt lat="56.1430770" lon="10.1642050">
    <ele>0.8</ele>
   </trkpt>
   <trkpt lat="56.1430580" lon="10.1643310">
    <ele>0.6</ele>
   </trkpt>
   <trkpt lat="56.1430420" lon="10.1644560">
    <ele>0.6</ele>
   </trkpt>
   <trkpt lat="56.1430250" lon="10.1645850">
    <ele>0.4</ele>
   </trkpt>
   <trkpt lat="56.1430100" lon="10.1647120">
    <ele>0.4</ele>
   </trkpt>
   <trkpt lat="56.1429970" lon="10.1648400">
    <ele>0.2</ele>
   </trkpt>
   <trkpt lat="56.1429800" lon="10.1649710">
    <ele>0.2</ele>
   </trkpt>
   <trkpt lat="56.1429610" lon="10.1651030">
    <ele>0.2</ele>
   </trkpt>
   <trkpt lat="56.1429430" lon="10.1652310">
    <ele>0.2</ele>
   </trkpt>
   <trkpt lat="56.1429250" lon="10.1653590">
    <ele>0.2</ele>
   </trkpt>
   <trkpt lat="56.1429090" lon="10.1654870">
    <ele>0.4</ele>
   </trkpt>
   <trkpt lat="56.1428930" lon="10.1656160">
    <ele>0.4</ele>
   </trkpt>
   <trkpt lat="56.1428780" lon="10.1657430">
    <ele>0.4</ele>
   </trkpt>
   <trkpt lat="56.1428600" lon="10.1658700">
    <ele>0.4</ele>
   </trkpt>
   <trkpt lat="56.1428440" lon="10.1659980">
    <ele>0.4</ele>
   </trkpt>
   <trkpt lat="56.1428290" lon="10.1661230">
    <ele>0.4</ele>
   </trkpt>
   <trkpt lat="56.1428140" lon="10.1662500">
    <ele>0.4</ele>
   </trkpt>
   <trkpt lat="56.1428020" lon="10.1663830">
    <ele>0.4</ele>
   </trkpt>
   <trkpt lat="56.1427930" lon="10.1665160">
    <ele>0.6</ele>
   </trkpt>
   <trkpt lat="56.1427840" lon="10.1666470">
    <ele>0.8</ele>
   </trkpt>
   <trkpt lat="56.1427720" lon="10.1667770">
    <ele>1.0</ele>
   </trkpt>
   <trkpt lat="56.1427570" lon="10.1669080">
    <ele>1.0</ele>
   </trkpt>
   <trkpt lat="56.1427410" lon="10.1670390">
    <ele>1.0</ele>
   </trkpt>
   <trkpt lat="56.1427260" lon="10.1671730">
    <ele>0.8</ele>
   </trkpt>
   <trkpt lat="56.1427140" lon="10.1673080">
    <ele>0.8</ele>
   </trkpt>
   <trkpt lat="56.1427030" lon="10.1674440">
    <ele>0.6</ele>
   </trkpt>
   <trkpt lat="56.1426920" lon="10.1675790">
    <ele>0.6</ele>
   </trkpt>
   <trkpt lat="56.1426800" lon="10.1677130">
    <ele>0.6</ele>
   </trkpt>
   <trkpt lat="56.1426700" lon="10.1678440">
    <ele>0.6</ele>
   </trkpt>
   <trkpt lat="56.1426660" lon="10.1679780">
    <ele>0.6</ele>
   </trkpt>
   <trkpt lat="56.1426720" lon="10.1681120">
    <ele>0.6</ele>
   </trkpt>
   <trkpt lat="56.1426800" lon="10.1682440">
    <ele>0.6</ele>
   </trkpt>
   <trkpt lat="56.1426900" lon="10.1683690">
    <ele>0.8</ele>
   </trkpt>
   <trkpt lat="56.1426990" lon="10.1684850">
    <ele>0.8</ele>
   </trkpt>
   <trkpt lat="56.1427100" lon="10.1686000">
    <ele>1.0</ele>
   </trkpt>
   <trkpt lat="56.1427230" lon="10.1687210">
    <ele>1.2</ele>
   </trkpt>
   <trkpt lat="56.1427360" lon="10.1688390">
    <ele>1.4</ele>
   </trkpt>
   <trkpt lat="56.1427440" lon="10.1689590">
    <ele>1.6</ele>
   </trkpt>
   <trkpt lat="56.1427480" lon="10.1690830">
    <ele>1.8</ele>
   </trkpt>
   <trkpt lat="56.1427500" lon="10.1692090">
    <ele>1.8</ele>
   </trkpt>
   <trkpt lat="56.1427540" lon="10.1693370">
    <ele>1.8</ele>
   </trkpt>
   <trkpt lat="56.1427550" lon="10.1694660">
    <ele>1.8</ele>
   </trkpt>
   <trkpt lat="56.1427540" lon="10.1695960">
    <ele>1.6</ele>
   </trkpt>
   <trkpt lat="56.1427620" lon="10.1697330">
    <ele>1.6</ele>
   </trkpt>
   <trkpt lat="56.1427730" lon="10.1698730">
    <ele>1.4</ele>
   </trkpt>
   <trkpt lat="56.1427820" lon="10.1700120">
    <ele>1.2</ele>
   </trkpt>
   <trkpt lat="56.1427970" lon="10.1701490">
    <ele>1.0</ele>
   </trkpt>
   <trkpt lat="56.1428090" lon="10.1702810">
    <ele>0.8</ele>
   </trkpt>
   <trkpt lat="56.1428300" lon="10.1704090">
    <ele>0.8</ele>
   </trkpt>
   <trkpt lat="56.1428530" lon="10.1705350">
    <ele>0.8</ele>
   </trkpt>
   <trkpt lat="56.1428690" lon="10.1706630">
    <ele>0.8</ele>
   </trkpt>
   <trkpt lat="56.1428850" lon="10.1707900">
    <ele>0.8</ele>
   </trkpt>
   <trkpt lat="56.1429040" lon="10.1709150">
    <ele>1.0</ele>
   </trkpt>
   <trkpt lat="56.1429210" lon="10.1710430">
    <ele>1.0</ele>
   </trkpt>
   <trkpt lat="56.1429390" lon="10.1711710">
    <ele>1.2</ele>
   </trkpt>
   <trkpt lat="56.1429580" lon="10.1712970">
    <ele>1.2</ele>
   </trkpt>
   <trkpt lat="56.1429800" lon="10.1714210">
    <ele>1.4</ele>
   </trkpt>
   <trkpt lat="56.1430010" lon="10.1715420">
    <ele>1.4</ele>
   </trkpt>
   <trkpt lat="56.1430230" lon="10.1716600">
    <ele>1.6</ele>
   </trkpt>
   <trkpt lat="56.1430440" lon="10.1717770">
    <ele>1.6</ele>
   </trkpt>
   <trkpt lat="56.1430650" lon="10.1718960">
    <ele>1.6</ele>
   </trkpt>
   <trkpt lat="56.1430870" lon="10.1720120">
    <ele>1.8</ele>
   </trkpt>
   <trkpt lat="56.1431090" lon="10.1721270">
    <ele>1.8</ele>
   </trkpt>
   <trkpt lat="56.1431340" lon="10.1722380">
    <ele>1.8</ele>
   </trkpt>
   <trkpt lat="56.1431620" lon="10.1723490">
    <ele>1.8</ele>
   </trkpt>
   <trkpt lat="56.1431850" lon="10.1724630">
    <ele>1.8</ele>
   </trkpt>
   <trkpt lat="56.1432070" lon="10.1725860">
    <ele>1.6</ele>
   </trkpt>
   <trkpt lat="56.1432300" lon="10.1727140">
    <ele>1.4</ele>
   </trkpt>
   <trkpt lat="56.1432520" lon="10.1728410">
    <ele>1.2</ele>
   </trkpt>
   <trkpt lat="56.1432780" lon="10.1729690">
    <ele>1.0</ele>
   </trkpt>
   <trkpt lat="56.1433050" lon="10.1730930">
    <ele>0.8</ele>
   </trkpt>
   <trkpt lat="56.1433320" lon="10.1732070">
    <ele>0.6</ele>
   </trkpt>
   <trkpt lat="56.1433620" lon="10.1733180">
    <ele>0.6</ele>
   </trkpt>
   <trkpt lat="56.1433960" lon="10.1734170">
    <ele>0.6</ele>
   </trkpt>
   <trkpt lat="56.1434360" lon="10.1734930">
    <ele>0.6</ele>
   </trkpt>
   <trkpt lat="56.1434830" lon="10.1735360">
    <ele>0.8</ele>
   </trkpt>
   <trkpt lat="56.1435330" lon="10.1735600">
    <ele>0.8</ele>
   </trkpt>
   <trkpt lat="56.1435840" lon="10.1735660">
    <ele>0.8</ele>
   </trkpt>
   <trkpt lat="56.1436350" lon="10.1735580">
    <ele>1.0</ele>
   </trkpt>
   <trkpt lat="56.1436850" lon="10.1735370">
    <ele>1.0</ele>
   </trkpt>
   <trkpt lat="56.1437370" lon="10.1735190">
    <ele>1.0</ele>
   </trkpt>
   <trkpt lat="56.1437950" lon="10.1735050">
    <ele>0.8</ele>
   </trkpt>
   <trkpt lat="56.1438620" lon="10.1734940">
    <ele>0.8</ele>
   </trkpt>
   <trkpt lat="56.1439280" lon="10.1734850">
    <ele>0.8</ele>
   </trkpt>
   <trkpt lat="56.1439890" lon="10.1734720">
    <ele>0.6</ele>
   </trkpt>
   <trkpt lat="56.1440470" lon="10.1734730">
    <ele>0.6</ele>
   </trkpt>
   <trkpt lat="56.1441080" lon="10.1734950">
    <ele>0.6</ele>
   </trkpt>
   <trkpt lat="56.1441620" lon="10.1735450">
    <ele>0.6</ele>
   </trkpt>
   <trkpt lat="56.1442010" lon="10.1736230">
    <ele>0.6</ele>
   </trkpt>
   <trkpt lat="56.1442390" lon="10.1737160">
    <ele>0.6</ele>
   </trkpt>
   <trkpt lat="56.1442780" lon="10.1738130">
    <ele>0.6</ele>
   </trkpt>
   <trkpt lat="56.1443220" lon="10.1739110">
    <ele>0.4</ele>
   </trkpt>
   <trkpt lat="56.1443670" lon="10.1740120">
    <ele>0.4</ele>
   </trkpt>
   <trkpt lat="56.1444100" lon="10.1741090">
    <ele>0.4</ele>
   </trkpt>
   <trkpt lat="56.1444530" lon="10.1742050">
    <ele>0.2</ele>
   </trkpt>
   <trkpt lat="56.1444990" lon="10.1743010">
    <ele>0.2</ele>
   </trkpt>
   <trkpt lat="56.1445530" lon="10.1743930">
    <ele>0.4</ele>
   </trkpt>
   <trkpt lat="56.1446020" lon="10.1744840">
    <ele>0.4</ele>
   </trkpt>
   <trkpt lat="56.1446510" lon="10.1745740">
    <ele>0.4</ele>
   </trkpt>
   <trkpt lat="56.1447020" lon="10.1746660">
    <ele>0.4</ele>
   </trkpt>
   <trkpt lat="56.1447500" lon="10.1747650">
    <ele>0.4</ele>
   </trkpt>
   <trkpt lat="56.1447940" lon="10.1748760">
    <ele>0.4</ele>
   </trkpt>
   <trkpt lat="56.1448360" lon="10.1749840">
    <ele>0.4</ele>
   </trkpt>
   <trkpt lat="56.1448770" lon="10.1750880">
    <ele>0.4</ele>
   </trkpt>
   <trkpt lat="56.1449190" lon="10.1751870">
    <ele>0.4</ele>
   </trkpt>
   <trkpt lat="56.1449630" lon="10.1752800">
    <ele>0.4</ele>
   </trkpt>
   <trkpt lat="56.1450150" lon="10.1753690">
    <ele>0.6</ele>
   </trkpt>
   <trkpt lat="56.1450700" lon="10.1754480">
    <ele>0.8</ele>
   </trkpt>
   <trkpt lat="56.1451260" lon="10.1755220">
    <ele>1.0</ele>
   </trkpt>
   <trkpt lat="56.1451850" lon="10.1755840">
    <ele>1.2</ele>
   </trkpt>
   <trkpt lat="56.1452450" lon="10.1756350">
    <ele>1.4</ele>
   </trkpt>
   <trkpt lat="56.1453030" lon="10.1756770">
    <ele>1.6</ele>
   </trkpt>
   <trkpt lat="56.1453610" lon="10.1757160">
    <ele>2.0</ele>
   </trkpt>
   <trkpt lat="56.1454170" lon="10.1757620">
    <ele>2.2</ele>
   </trkpt>
   <trkpt lat="56.1454680" lon="10.1758110">
    <ele>2.6</ele>
   </trkpt>
   <trkpt lat="56.1455170" lon="10.1758560">
    <ele>2.8</ele>
   </trkpt>
   <trkpt lat="56.1455690" lon="10.1759050">
    <ele>3.0</ele>
   </trkpt>
   <trkpt lat="56.1456230" lon="10.1759580">
    <ele>3.2</ele>
   </trkpt>
   <trkpt lat="56.1456800" lon="10.1760040">
    <ele>3.2</ele>
   </trkpt>
   <trkpt lat="56.1457390" lon="10.1760470">
    <ele>3.4</ele>
   </trkpt>
   <trkpt lat="56.1457980" lon="10.1760860">
    <ele>3.4</ele>
   </trkpt>
   <trkpt lat="56.1458570" lon="10.1761180">
    <ele>3.4</ele>
   </trkpt>
   <trkpt lat="56.1459170" lon="10.1761570">
    <ele>3.4</ele>
   </trkpt>
   <trkpt lat="56.1459780" lon="10.1762020">
    <ele>3.4</ele>
   </trkpt>
   <trkpt lat="56.1460370" lon="10.1762450">
    <ele>3.4</ele>
   </trkpt>
   <trkpt lat="56.1460980" lon="10.1762920">
    <ele>3.4</ele>
   </trkpt>
   <trkpt lat="56.1461570" lon="10.1763500">
    <ele>3.4</ele>
   </trkpt>
   <trkpt lat="56.1462150" lon="10.1764120">
    <ele>3.4</ele>
   </trkpt>
   <trkpt lat="56.1462720" lon="10.1764770">
    <ele>3.4</ele>
   </trkpt>
   <trkpt lat="56.1463300" lon="10.1765460">
    <ele>3.4</ele>
   </trkpt>
   <trkpt lat="56.1463860" lon="10.1766140">
    <ele>3.4</ele>
   </trkpt>
   <trkpt lat="56.1464390" lon="10.1766930">
    <ele>3.4</ele>
   </trkpt>
   <trkpt lat="56.1464920" lon="10.1767750">
    <ele>3.4</ele>
   </trkpt>
   <trkpt lat="56.1465430" lon="10.1768550">
    <ele>3.2</ele>
   </trkpt>
   <trkpt lat="56.1465970" lon="10.1769330">
    <ele>3.2</ele>
   </trkpt>
   <trkpt lat="56.1466510" lon="10.1770140">
    <ele>3.0</ele>
   </trkpt>
   <trkpt lat="56.1466970" lon="10.1771040">
    <ele>2.8</ele>
   </trkpt>
   <trkpt lat="56.1467300" lon="10.1772080">
    <ele>2.8</ele>
   </trkpt>
   <trkpt lat="56.1467520" lon="10.1773190">
    <ele>2.8</ele>
   </trkpt>
   <trkpt lat="56.1467770" lon="10.1774330">
    <ele>2.6</ele>
   </trkpt>
   <trkpt lat="56.1468090" lon="10.1775390">
    <ele>2.6</ele>
   </trkpt>
   <trkpt lat="56.1468470" lon="10.1776340">
    <ele>2.6</ele>
   </trkpt>
   <trkpt lat="56.1468920" lon="10.1777240">
    <ele>2.6</ele>
   </trkpt>
   <trkpt lat="56.1469400" lon="10.1778140">
    <ele>2.8</ele>
   </trkpt>
   <trkpt lat="56.1469910" lon="10.1779020">
    <ele>2.8</ele>
   </trkpt>
   <trkpt lat="56.1470390" lon="10.1779900">
    <ele>3.0</ele>
   </trkpt>
   <trkpt lat="56.1470860" lon="10.1780790">
    <ele>3.0</ele>
   </trkpt>
   <trkpt lat="56.1471320" lon="10.1781670">
    <ele>3.0</ele>
   </trkpt>
   <trkpt lat="56.1471780" lon="10.1782540">
    <ele>3.0</ele>
   </trkpt>
   <trkpt lat="56.1472250" lon="10.1783400">
    <ele>3.0</ele>
   </trkpt>
   <trkpt lat="56.1472710" lon="10.1784370">
    <ele>2.8</ele>
   </trkpt>
   <trkpt lat="56.1473050" lon="10.1785430">
    <ele>2.8</ele>
   </trkpt>
   <trkpt lat="56.1473400" lon="10.1786530">
    <ele>2.8</ele>
   </trkpt>
   <trkpt lat="56.1473760" lon="10.1787620">
    <ele>2.6</ele>
   </trkpt>
   <trkpt lat="56.1474210" lon="10.1788630">
    <ele>2.6</ele>
   </trkpt>
   <trkpt lat="56.1474700" lon="10.1789550">
    <ele>2.4</ele>
   </trkpt>
   <trkpt lat="56.1475200" lon="10.1790360">
    <ele>2.4</ele>
   </trkpt>
   <trkpt lat="56.1475730" lon="10.1791150">
    <ele>2.4</ele>
   </trkpt>
   <trkpt lat="56.1476220" lon="10.1792080">
    <ele>2.2</ele>
   </trkpt>
   <trkpt lat="56.1476620" lon="10.1793130">
    <ele>2.2</ele>
   </trkpt>
   <trkpt lat="56.1476900" lon="10.1794230">
    <ele>2.2</ele>
   </trkpt>
   <trkpt lat="56.1477190" lon="10.1795350">
    <ele>2.2</ele>
   </trkpt>
   <trkpt lat="56.1477560" lon="10.1796400">
    <ele>2.2</ele>
   </trkpt>
   <trkpt lat="56.1478010" lon="10.1797340">
    <ele>2.2</ele>
   </trkpt>
   <trkpt lat="56.1478520" lon="10.1798170">
    <ele>2.2</ele>
   </trkpt>
   <trkpt lat="56.1479030" lon="10.1799070">
    <ele>2.2</ele>
   </trkpt>
   <trkpt lat="56.1479540" lon="10.1800050">
    <ele>2.2</ele>
   </trkpt>
   <trkpt lat="56.1480000" lon="10.1801030">
    <ele>2.0</ele>
   </trkpt>
   <trkpt lat="56.1480460" lon="10.1802000">
    <ele>2.0</ele>
   </trkpt>
   <trkpt lat="56.1481000" lon="10.1802950">
    <ele>1.8</ele>
   </trkpt>
   <trkpt lat="56.1481570" lon="10.1803920">
    <ele>1.8</ele>
   </trkpt>
   <trkpt lat="56.1482050" lon="10.1804890">
    <ele>1.8</ele>
   </trkpt>
   <trkpt lat="56.1482510" lon="10.1805880">
    <ele>1.8</ele>
   </trkpt>
   <trkpt lat="56.1482970" lon="10.1806910">
    <ele>1.6</ele>
   </trkpt>
   <trkpt lat="56.1483420" lon="10.1807950">
    <ele>1.6</ele>
   </trkpt>
   <trkpt lat="56.1483910" lon="10.1808970">
    <ele>1.6</ele>
   </trkpt>
   <trkpt lat="56.1484380" lon="10.1810090">
    <ele>1.6</ele>
   </trkpt>
   <trkpt lat="56.1484820" lon="10.1811110">
    <ele>1.6</ele>
   </trkpt>
   <trkpt lat="56.1485300" lon="10.1812170">
    <ele>1.6</ele>
   </trkpt>
   <trkpt lat="56.1485760" lon="10.1813220">
    <ele>1.6</ele>
   </trkpt>
   <trkpt lat="56.1486220" lon="10.1814200">
    <ele>1.6</ele>
   </trkpt>
   <trkpt lat="56.1486640" lon="10.1815250">
    <ele>1.4</ele>
   </trkpt>
   <trkpt lat="56.1486990" lon="10.1816380">
    <ele>1.4</ele>
   </trkpt>
   <trkpt lat="56.1487440" lon="10.1817520">
    <ele>1.4</ele>
   </trkpt>
   <trkpt lat="56.1487830" lon="10.1818590">
    <ele>1.4</ele>
   </trkpt>
   <trkpt lat="56.1488270" lon="10.1819620">
    <ele>1.4</ele>
   </trkpt>
   <trkpt lat="56.1488710" lon="10.1820650">
    <ele>1.6</ele>
   </trkpt>
   <trkpt lat="56.1489120" lon="10.1821650">
    <ele>1.6</ele>
   </trkpt>
   <trkpt lat="56.1489570" lon="10.1822660">
    <ele>1.8</ele>
   </trkpt>
   <trkpt lat="56.1490030" lon="10.1823670">
    <ele>1.8</ele>
   </trkpt>
   <trkpt lat="56.1490460" lon="10.1824670">
    <ele>1.8</ele>
   </trkpt>
   <trkpt lat="56.1490900" lon="10.1825600">
    <ele>1.8</ele>
   </trkpt>
   <trkpt lat="56.1491280" lon="10.1826540">
    <ele>1.8</ele>
   </trkpt>
   <trkpt lat="56.1491650" lon="10.1827480">
    <ele>1.8</ele>
   </trkpt>
   <trkpt lat="56.1492020" lon="10.1828420">
    <ele>2.0</ele>
   </trkpt>
   <trkpt lat="56.1492450" lon="10.1829390">
    <ele>2.0</ele>
   </trkpt>
   <trkpt lat="56.1492940" lon="10.1830380">
    <ele>2.0</ele>
   </trkpt>
   <trkpt lat="56.1493360" lon="10.1831310">
    <ele>2.0</ele>
   </trkpt>
   <trkpt lat="56.1493770" lon="10.1832210">
    <ele>2.2</ele>
   </trkpt>
   <trkpt lat="56.1494190" lon="10.1833050">
    <ele>2.2</ele>
   </trkpt>
   <trkpt lat="56.1494640" lon="10.1833870">
    <ele>2.2</ele>
   </trkpt>
   <trkpt lat="56.1495040" lon="10.1834640">
    <ele>2.4</ele>
   </trkpt>
   <trkpt lat="56.1495370" lon="10.1835370">
    <ele>2.6</ele>
   </trkpt>
   <trkpt lat="56.1495570" lon="10.1836020">
    <ele>2.6</ele>
   </trkpt>
   <trkpt lat="56.1495660" lon="10.1836650">
    <ele>2.8</ele>
   </trkpt>
   <trkpt lat="56.1495800" lon="10.1837110">
    <ele>3.0</ele>
   </trkpt>
   <trkpt lat="56.1495930" lon="10.1837450">
    <ele>3.0</ele>
   </trkpt>
   <trkpt lat="56.1496000" lon="10.1837830">
    <ele>3.0</ele>
   </trkpt>
   <trkpt lat="56.1495970" lon="10.1838160">
    <ele>3.0</ele>
   </trkpt>
   <trkpt lat="56.1495930" lon="10.1838490">
    <ele>3.0</ele>
   </trkpt>
   <trkpt lat="56.1495990" lon="10.1838960">
    <ele>3.0</ele>
   </trkpt>
   <trkpt lat="56.1496170" lon="10.1839330">
    <ele>3.0</ele>
   </trkpt>
   <trkpt lat="56.1496450" lon="10.1839650">
    <ele>3.0</ele>
   </trkpt>
   <trkpt lat="56.1496810" lon="10.1840030">
    <ele>3.0</ele>
   </trkpt>
   <trkpt lat="56.1497210" lon="10.1840460">
    <ele>2.8</ele>
   </trkpt>
   <trkpt lat="56.1497640" lon="10.1840960">
    <ele>2.8</ele>
   </trkpt>
   <trkpt lat="56.1498100" lon="10.1841510">
    <ele>2.6</ele>
   </trkpt>
   <trkpt lat="56.1498570" lon="10.1842070">
    <ele>2.6</ele>
   </trkpt>
   <trkpt lat="56.1499050" lon="10.1842620">
    <ele>2.4</ele>
   </trkpt>
   <trkpt lat="56.1499570" lon="10.1843210">
    <ele>2.4</ele>
   </trkpt>
   <trkpt lat="56.1500040" lon="10.1843870">
    <ele>2.2</ele>
   </trkpt>
   <trkpt lat="56.1500500" lon="10.1844650">
    <ele>2.0</ele>
   </trkpt>
   <trkpt lat="56.1500990" lon="10.1845400">
    <ele>2.0</ele>
   </trkpt>
   <trkpt lat="56.1501490" lon="10.1846110">
    <ele>2.0</ele>
   </trkpt>
   <trkpt lat="56.1501960" lon="10.1846880">
    <ele>1.8</ele>
   </trkpt>
   <trkpt lat="56.1502390" lon="10.1847690">
    <ele>1.8</ele>
   </trkpt>
   <trkpt lat="56.1502830" lon="10.1848550">
    <ele>2.0</ele>
   </trkpt>
   <trkpt lat="56.1503260" lon="10.1849460">
    <ele>2.0</ele>
   </trkpt>
   <trkpt lat="56.1503720" lon="10.1850380">
    <ele>2.0</ele>
   </trkpt>
   <trkpt lat="56.1504180" lon="10.1851300">
    <ele>2.0</ele>
   </trkpt>
   <trkpt lat="56.1504640" lon="10.1852220">
    <ele>2.0</ele>
   </trkpt>
   <trkpt lat="56.1505090" lon="10.1853180">
    <ele>2.0</ele>
   </trkpt>
   <trkpt lat="56.1505540" lon="10.1854110">
    <ele>1.8</ele>
   </trkpt>
   <trkpt lat="56.1506030" lon="10.1855010">
    <ele>1.8</ele>
   </trkpt>
   <trkpt lat="56.1506510" lon="10.1855890">
    <ele>1.8</ele>
   </trkpt>
   <trkpt lat="56.1506990" lon="10.1856810">
    <ele>1.6</ele>
   </trkpt>
   <trkpt lat="56.1507420" lon="10.1857820">
    <ele>1.6</ele>
   </trkpt>
   <trkpt lat="56.1507810" lon="10.1858860">
    <ele>1.4</ele>
   </trkpt>
   <trkpt lat="56.1508230" lon="10.1859890">
    <ele>1.4</ele>
   </trkpt>
   <trkpt lat="56.1508630" lon="10.1860890">
    <ele>1.2</ele>
   </trkpt>
   <trkpt lat="56.1509050" lon="10.1861840">
    <ele>1.2</ele>
   </trkpt>
   <trkpt lat="56.1509480" lon="10.1862760">
    <ele>1.2</ele>
   </trkpt>
   <trkpt lat="56.1509880" lon="10.1863670">
    <ele>1.2</ele>
   </trkpt>
   <trkpt lat="56.1510300" lon="10.1864540">
    <ele>1.2</ele>
   </trkpt>
   <trkpt lat="56.1510710" lon="10.1865370">
    <ele>1.2</ele>
   </trkpt>
   <trkpt lat="56.1511110" lon="10.1866200">
    <ele>1.2</ele>
   </trkpt>
   <trkpt lat="56.1511430" lon="10.1866990">
    <ele>1.2</ele>
   </trkpt>
   <trkpt lat="56.1511650" lon="10.1867640">
    <ele>1.2</ele>
   </trkpt>
   <trkpt lat="56.1511770" lon="10.1868140">
    <ele>1.4</ele>
   </trkpt>
   <trkpt lat="56.1511840" lon="10.1868590">
    <ele>1.4</ele>
   </trkpt>
   <trkpt lat="56.1511880" lon="10.1869050">
    <ele>1.4</ele>
   </trkpt>
   <trkpt lat="56.1511920" lon="10.1869510">
    <ele>1.6</ele>
   </trkpt>
   <trkpt lat="56.1511970" lon="10.1869940">
    <ele>1.6</ele>
   </trkpt>
   <trkpt lat="56.1512020" lon="10.1870370">
    <ele>1.6</ele>
   </trkpt>
   <trkpt lat="56.1512060" lon="10.1870770">
    <ele>1.6</ele>
   </trkpt>
   <trkpt lat="56.1512070" lon="10.1871170">
    <ele>1.8</ele>
   </trkpt>
   <trkpt lat="56.1512050" lon="10.1871620">
    <ele>1.8</ele>
   </trkpt>
   <trkpt lat="56.1512090" lon="10.1872180">
    <ele>1.8</ele>
   </trkpt>
   <trkpt lat="56.1512160" lon="10.1872850">
    <ele>1.6</ele>
   </trkpt>
   <trkpt lat="56.1512220" lon="10.1873630">
    <ele>1.6</ele>
   </trkpt>
   <trkpt lat="56.1512300" lon="10.1874560">
    <ele>1.6</ele>
   </trkpt>
   <trkpt lat="56.1512410" lon="10.1875590">
    <ele>1.4</ele>
   </trkpt>
   <trkpt lat="56.1512560" lon="10.1876640">
    <ele>1.2</ele>
   </trkpt>
   <trkpt lat="56.1512730" lon="10.1877700">
    <ele>1.2</ele>
   </trkpt>
   <trkpt lat="56.1512940" lon="10.1878760">
    <ele>1.2</ele>
   </trkpt>
   <trkpt lat="56.1513180" lon="10.1879800">
    <ele>1.2</ele>
   </trkpt>
   <trkpt lat="56.1513440" lon="10.1880830">
    <ele>1.2</ele>
   </trkpt>
   <trkpt lat="56.1513720" lon="10.1881850">
    <ele>1.2</ele>
   </trkpt>
   <trkpt lat="56.1514060" lon="10.1882840">
    <ele>1.2</ele>
   </trkpt>
   <trkpt lat="56.1514450" lon="10.1883750">
    <ele>1.4</ele>
   </trkpt>
   <trkpt lat="56.1514900" lon="10.1884590">
    <ele>1.4</ele>
   </trkpt>
   <trkpt lat="56.1515350" lon="10.1885390">
    <ele>1.4</ele>
   </trkpt>
   <trkpt lat="56.1515800" lon="10.1886190">
    <ele>1.4</ele>
   </trkpt>
   <trkpt lat="56.1516250" lon="10.1887050">
    <ele>1.4</ele>
   </trkpt>
   <trkpt lat="56.1516680" lon="10.1887910">
    <ele>1.4</ele>
   </trkpt>
   <trkpt lat="56.1517140" lon="10.1888790">
    <ele>1.2</ele>
   </trkpt>
   <trkpt lat="56.1517650" lon="10.1889600">
    <ele>1.2</ele>
   </trkpt>
   <trkpt lat="56.1518150" lon="10.1890410">
    <ele>1.2</ele>
   </trkpt>
   <trkpt lat="56.1518650" lon="10.1891220">
    <ele>1.0</ele>
   </trkpt>
   <trkpt lat="56.1519150" lon="10.1892060">
    <ele>0.8</ele>
   </trkpt>
   <trkpt lat="56.1519640" lon="10.1892900">
    <ele>0.8</ele>
   </trkpt>
   <trkpt lat="56.1520020" lon="10.1893570">
    <ele>0.6</ele>
   </trkpt>
   <trkpt lat="56.1520630" lon="10.1894560">
    <ele>0.6</ele>
   </trkpt>
   <trkpt lat="56.1521120" lon="10.1895390">
    <ele>0.4</ele>
   </trkpt>
   <trkpt lat="56.1521700" lon="10.1896290">
    <ele>0.2</ele>
   </trkpt>
   <trkpt lat="56.1522200" lon="10.1897200">
    <ele>0.0</ele>
   </trkpt>
   <trkpt lat="56.1522620" lon="10.1898130">
    <ele>0.0</ele>
   </trkpt>
   <trkpt lat="56.1522980" lon="10.1899050">
    <ele>-0.2</ele>
   </trkpt>
   <trkpt lat="56.1523490" lon="10.1899930">
    <ele>-0.2</ele>
   </trkpt>
   <trkpt lat="56.1524000" lon="10.1900760">
    <ele>-0.2</ele>
   </trkpt>
   <trkpt lat="56.1524430" lon="10.1901410">
    <ele>-0.2</ele>
   </trkpt>
   <trkpt lat="56.1525070" lon="10.1902350">
    <ele>0.0</ele>
   </trkpt>
   <trkpt lat="56.1525610" lon="10.1903090">
    <ele>0.0</ele>
   </trkpt>
   <trkpt lat="56.1526140" lon="10.1903850">
    <ele>0.2</ele>
   </trkpt>
   <trkpt lat="56.1526690" lon="10.1904570">
    <ele>0.2</ele>
   </trkpt>
   <trkpt lat="56.1527200" lon="10.1905350">
    <ele>0.4</ele>
   </trkpt>
   <trkpt lat="56.1527560" lon="10.1906190">
    <ele>0.4</ele>
   </trkpt>
   <trkpt lat="56.1527870" lon="10.1907160">
    <ele>0.6</ele>
   </trkpt>
   <trkpt lat="56.1528280" lon="10.1908160">
    <ele>0.6</ele>
   </trkpt>
   <trkpt lat="56.1528870" lon="10.1909240">
    <ele>0.6</ele>
   </trkpt>
   <trkpt lat="56.1529210" lon="10.1909870">
    <ele>0.4</ele>
   </trkpt>
   <trkpt lat="56.1529900" lon="10.1910680">
    <ele>0.4</ele>
   </trkpt>
   <trkpt lat="56.1530330" lon="10.1911280">
    <ele>0.4</ele>
   </trkpt>
   <trkpt lat="56.1530960" lon="10.1912230">
    <ele>0.4</ele>
   </trkpt>
   <trkpt lat="56.1531450" lon="10.1913030">
    <ele>0.4</ele>
   </trkpt>
   <trkpt lat="56.1531930" lon="10.1913910">
    <ele>0.4</ele>
   </trkpt>
   <trkpt lat="56.1532320" lon="10.1914780">
    <ele>0.4</ele>
   </trkpt>
   <trkpt lat="56.1532810" lon="10.1915670">
    <ele>0.6</ele>
   </trkpt>
   <trkpt lat="56.1533290" lon="10.1916550">
    <ele>0.6</ele>
   </trkpt>
   <trkpt lat="56.1533770" lon="10.1917380">
    <ele>0.8</ele>
   </trkpt>
   <trkpt lat="56.1534250" lon="10.1918140">
    <ele>0.8</ele>
   </trkpt>
   <trkpt lat="56.1534720" lon="10.1918910">
    <ele>1.0</ele>
   </trkpt>
   <trkpt lat="56.1535140" lon="10.1919720">
    <ele>1.0</ele>
   </trkpt>
   <trkpt lat="56.1535610" lon="10.1920570">
    <ele>1.2</ele>
   </trkpt>
   <trkpt lat="56.1536070" lon="10.1921360">
    <ele>1.2</ele>
   </trkpt>
   <trkpt lat="56.1536520" lon="10.1922190">
    <ele>1.2</ele>
   </trkpt>
   <trkpt lat="56.1536970" lon="10.1922990">
    <ele>1.2</ele>
   </trkpt>
   <trkpt lat="56.1537440" lon="10.1923680">
    <ele>1.2</ele>
   </trkpt>
   <trkpt lat="56.1537910" lon="10.1924460">
    <ele>1.2</ele>
   </trkpt>
   <trkpt lat="56.1538400" lon="10.1925270">
    <ele>1.4</ele>
   </trkpt>
   <trkpt lat="56.1538930" lon="10.1926030">
    <ele>1.4</ele>
   </trkpt>
   <trkpt lat="56.1539460" lon="10.1926790">
    <ele>1.4</ele>
   </trkpt>
   <trkpt lat="56.1540010" lon="10.1927520">
    <ele>1.4</ele>
   </trkpt>
   <trkpt lat="56.1540450" lon="10.1928050">
    <ele>1.4</ele>
   </trkpt>
   <trkpt lat="56.1540980" lon="10.1928730">
    <ele>1.4</ele>
   </trkpt>
   <trkpt lat="56.1541600" lon="10.1929590">
    <ele>1.2</ele>
   </trkpt>
   <trkpt lat="56.1542080" lon="10.1930290">
    <ele>1.2</ele>
   </trkpt>
   <trkpt lat="56.1542570" lon="10.1931070">
    <ele>1.0</ele>
   </trkpt>
   <trkpt lat="56.1543060" lon="10.1931990">
    <ele>1.0</ele>
   </trkpt>
   <trkpt lat="56.1543410" lon="10.1932740">
    <ele>0.8</ele>
   </trkpt>
   <trkpt lat="56.1543840" lon="10.1933520">
    <ele>1.0</ele>
   </trkpt>
   <trkpt lat="56.1544390" lon="10.1934400">
    <ele>1.0</ele>
   </trkpt>
   <trkpt lat="56.1544830" lon="10.1934980">
    <ele>1.0</ele>
   </trkpt>
   <trkpt lat="56.1545180" lon="10.1935460">
    <ele>1.2</ele>
   </trkpt>
   <trkpt lat="56.1545500" lon="10.1935940">
    <ele>1.4</ele>
   </trkpt>
   <trkpt lat="56.1545720" lon="10.1936360">
    <ele>1.4</ele>
   </trkpt>
   <trkpt lat="56.1545810" lon="10.1936540">
    <ele>1.6</ele>
   </trkpt>
   <trkpt lat="56.1545810" lon="10.1936540">
    <ele>1.6</ele>
   </trkpt>
   <trkpt lat="56.1545810" lon="10.1936540">
    <ele>1.8</ele>
   </trkpt>
   <trkpt lat="56.1546390" lon="10.1937160">
    <ele>1.8</ele>
   </trkpt>
   <trkpt lat="56.1546640" lon="10.1937510">
    <ele>1.6</ele>
   </trkpt>
   <trkpt lat="56.1546990" lon="10.1937910">
    <ele>1.4</ele>
   </trkpt>
   <trkpt lat="56.1547310" lon="10.1938270">
    <ele>1.4</ele>
   </trkpt>
   <trkpt lat="56.1547670" lon="10.1938640">
    <ele>1.2</ele>
   </trkpt>
   <trkpt lat="56.1548080" lon="10.1938990">
    <ele>1.2</ele>
   </trkpt>
   <trkpt lat="56.1548510" lon="10.1939380">
    <ele>1.2</ele>
   </trkpt>
   <trkpt lat="56.1548890" lon="10.1939870">
    <ele>1.2</ele>
   </trkpt>
   <trkpt lat="56.1549340" lon="10.1940460">
    <ele>1.2</ele>
   </trkpt>
   <trkpt lat="56.1549800" lon="10.1941120">
    <ele>1.2</ele>
   </trkpt>
   <trkpt lat="56.1550280" lon="10.1941770">
    <ele>1.2</ele>
   </trkpt>
   <trkpt lat="56.1550760" lon="10.1942430">
    <ele>1.2</ele>
   </trkpt>
   <trkpt lat="56.1551250" lon="10.1943090">
    <ele>1.0</ele>
   </trkpt>
   <trkpt lat="56.1551770" lon="10.1943740">
    <ele>1.0</ele>
   </trkpt>
   <trkpt lat="56.1552290" lon="10.1944420">
    <ele>1.0</ele>
   </trkpt>
   <trkpt lat="56.1552800" lon="10.1945130">
    <ele>1.0</ele>
   </trkpt>
   <trkpt lat="56.1553310" lon="10.1945860">
    <ele>1.0</ele>
   </trkpt>
   <trkpt lat="56.1553870" lon="10.1946550">
    <ele>1.0</ele>
   </trkpt>
   <trkpt lat="56.1554460" lon="10.1947190">
    <ele>1.0</ele>
   </trkpt>
   <trkpt lat="56.1555060" lon="10.1947840">
    <ele>0.8</ele>
   </trkpt>
   <trkpt lat="56.1555610" lon="10.1948540">
    <ele>0.8</ele>
   </trkpt>
   <trkpt lat="56.1556150" lon="10.1949280">
    <ele>0.8</ele>
   </trkpt>
   <trkpt lat="56.1556680" lon="10.1950040">
    <ele>1.0</ele>
   </trkpt>
   <trkpt lat="56.1557220" lon="10.1950760">
    <ele>1.0</ele>
   </trkpt>
   <trkpt lat="56.1557760" lon="10.1951500">
    <ele>1.0</ele>
   </trkpt>
   <trkpt lat="56.1558270" lon="10.1952260">
    <ele>1.0</ele>
   </trkpt>
   <trkpt lat="56.1558780" lon="10.1953000">
    <ele>1.0</ele>
   </trkpt>
   <trkpt lat="56.1559290" lon="10.1953670">
    <ele>0.8</ele>
   </trkpt>
   <trkpt lat="56.1559830" lon="10.1954290">
    <ele>0.8</ele>
   </trkpt>
   <trkpt lat="56.1560240" lon="10.1954810">
    <ele>0.8</ele>
   </trkpt>
   <trkpt lat="56.1560740" lon="10.1955370">
    <ele>0.8</ele>
   </trkpt>
   <trkpt lat="56.1561260" lon="10.1956010">
    <ele>0.8</ele>
   </trkpt>
   <trkpt lat="56.1561640" lon="10.1956470">
    <ele>0.8</ele>
   </trkpt>
   <trkpt lat="56.1561960" lon="10.1956830">
    <ele>1.0</ele>
   </trkpt>
   <trkpt lat="56.1562220" lon="10.1957070">
    <ele>1.2</ele>
   </trkpt>
   <trkpt lat="56.1562360" lon="10.1957210">
    <ele>1.4</ele>
   </trkpt>
   <trkpt lat="56.1562530" lon="10.1957360">
    <ele>1.4</ele>
   </trkpt>
   <trkpt lat="56.1562770" lon="10.1957830">
    <ele>1.6</ele>
   </trkpt>
   <trkpt lat="56.1563000" lon="10.1958420">
    <ele>1.6</ele>
   </trkpt>
   <trkpt lat="56.1563200" lon="10.1959080">
    <ele>1.6</ele>
   </trkpt>
   <trkpt lat="56.1563450" lon="10.1959770">
    <ele>1.6</ele>
   </trkpt>
   <trkpt lat="56.1563740" lon="10.1960410">
    <ele>1.4</ele>
   </trkpt>
   <trkpt lat="56.1564070" lon="10.1961060">
    <ele>1.4</ele>
   </trkpt>
   <trkpt lat="56.1564450" lon="10.1961770">
    <ele>1.2</ele>
   </trkpt>
   <trkpt lat="56.1564850" lon="10.1962510">
    <ele>1.2</ele>
   </trkpt>
   <trkpt lat="56.1565240" lon="10.1963280">
    <ele>1.0</ele>
   </trkpt>
   <trkpt lat="56.1565640" lon="10.1964080">
    <ele>1.0</ele>
   </trkpt>
   <trkpt lat="56.1566010" lon="10.1964920">
    <ele>1.0</ele>
   </trkpt>
   <trkpt lat="56.1566350" lon="10.1965820">
    <ele>1.0</ele>
   </trkpt>
   <trkpt lat="56.1566690" lon="10.1966760">
    <ele>1.2</ele>
   </trkpt>
   <trkpt lat="56.1567030" lon="10.1967670">
    <ele>1.2</ele>
   </trkpt>
   <trkpt lat="56.1567370" lon="10.1968570">
    <ele>1.4</ele>
   </trkpt>
   <trkpt lat="56.1567720" lon="10.1969430">
    <ele>1.4</ele>
   </trkpt>
   <trkpt lat="56.1568040" lon="10.1970250">
    <ele>1.6</ele>
   </trkpt>
   <trkpt lat="56.1568380" lon="10.1971030">
    <ele>2.0</ele>
   </trkpt>
   <trkpt lat="56.1568790" lon="10.1971560">
    <ele>2.2</ele>
   </trkpt>
   <trkpt lat="56.1569260" lon="10.1971850">
    <ele>2.4</ele>
   </trkpt>
   <trkpt lat="56.1569720" lon="10.1972070">
    <ele>2.4</ele>
   </trkpt>
   <trkpt lat="56.1570200" lon="10.1972390">
    <ele>2.2</ele>
   </trkpt>
   <trkpt lat="56.1570680" lon="10.1972800">
    <ele>2.0</ele>
   </trkpt>
   <trkpt lat="56.1571160" lon="10.1973270">
    <ele>1.8</ele>
   </trkpt>
   <trkpt lat="56.1571690" lon="10.1973760">
    <ele>1.4</ele>
   </trkpt>
   <trkpt lat="56.1572210" lon="10.1974220">
    <ele>1.4</ele>
   </trkpt>
   <trkpt lat="56.1572740" lon="10.1974710">
    <ele>1.4</ele>
   </trkpt>
   <trkpt lat="56.1573290" lon="10.1975220">
    <ele>1.6</ele>
   </trkpt>
   <trkpt lat="56.1573830" lon="10.1975780">
    <ele>1.6</ele>
   </trkpt>
   <trkpt lat="56.1574340" lon="10.1976420">
    <ele>1.8</ele>
   </trkpt>
   <trkpt lat="56.1574850" lon="10.1977120">
    <ele>1.8</ele>
   </trkpt>
   <trkpt lat="56.1575350" lon="10.1977870">
    <ele>2.0</ele>
   </trkpt>
   <trkpt lat="56.1575840" lon="10.1978650">
    <ele>2.0</ele>
   </trkpt>
   <trkpt lat="56.1576330" lon="10.1979490">
    <ele>2.0</ele>
   </trkpt>
   <trkpt lat="56.1576790" lon="10.1980390">
    <ele>2.0</ele>
   </trkpt>
   <trkpt lat="56.1577220" lon="10.1981320">
    <ele>2.0</ele>
   </trkpt>
   <trkpt lat="56.1577620" lon="10.1982280">
    <ele>2.0</ele>
   </trkpt>
   <trkpt lat="56.1577970" lon="10.1983300">
    <ele>2.0</ele>
   </trkpt>
   <trkpt lat="56.1578270" lon="10.1984360">
    <ele>2.0</ele>
   </trkpt>
   <trkpt lat="56.1578600" lon="10.1985370">
    <ele>2.0</ele>
   </trkpt>
   <trkpt lat="56.1578960" lon="10.1986350">
    <ele>2.0</ele>
   </trkpt>
   <trkpt lat="56.1579310" lon="10.1987350">
    <ele>2.0</ele>
   </trkpt>
   <trkpt lat="56.1579620" lon="10.1988340">
    <ele>2.2</ele>
   </trkpt>
   <trkpt lat="56.1579930" lon="10.1989340">
    <ele>2.2</ele>
   </trkpt>
   <trkpt lat="56.1580270" lon="10.1990320">
    <ele>2.4</ele>
   </trkpt>
   <trkpt lat="56.1580580" lon="10.1991280">
    <ele>2.4</ele>
   </trkpt>
   <trkpt lat="56.1580880" lon="10.1992240">
    <ele>2.6</ele>
   </trkpt>
   <trkpt lat="56.1581140" lon="10.1993140">
    <ele>2.8</ele>
   </trkpt>
   <trkpt lat="56.1581390" lon="10.1993960">
    <ele>3.0</ele>
   </trkpt>
   <trkpt lat="56.1581600" lon="10.1994680">
    <ele>3.2</ele>
   </trkpt>
   <trkpt lat="56.1581720" lon="10.1995210">
    <ele>3.4</ele>
   </trkpt>
   <trkpt lat="56.1581840" lon="10.1995520">
    <ele>3.6</ele>
   </trkpt>
   <trkpt lat="56.1581880" lon="10.1995650">
    <ele>3.8</ele>
   </trkpt>
   <trkpt lat="56.1581880" lon="10.1995650">
    <ele>4.0</ele>
   </trkpt>
   <trkpt lat="56.1581880" lon="10.1995650">
    <ele>4.0</ele>
   </trkpt>
   <trkpt lat="56.1582180" lon="10.1996680">
    <ele>4.0</ele>
   </trkpt>
   <trkpt lat="56.1582400" lon="10.1997170">
    <ele>4.0</ele>
   </trkpt>
   <trkpt lat="56.1582650" lon="10.1997690">
    <ele>4.0</ele>
   </trkpt>
   <trkpt lat="56.1582950" lon="10.1998190">
    <ele>4.0</ele>
   </trkpt>
   <trkpt lat="56.1583270" lon="10.1998770">
    <ele>4.0</ele>
   </trkpt>
   <trkpt lat="56.1583610" lon="10.1999490">
    <ele>4.0</ele>
   </trkpt>
   <trkpt lat="56.1584000" lon="10.2000240">
    <ele>4.0</ele>
   </trkpt>
   <trkpt lat="56.1584430" lon="10.2000970">
    <ele>4.0</ele>
   </trkpt>
   <trkpt lat="56.1584900" lon="10.2001710">
    <ele>3.8</ele>
   </trkpt>
   <trkpt lat="56.1585380" lon="10.2002490">
    <ele>3.6</ele>
   </trkpt>
   <trkpt lat="56.1585850" lon="10.2003300">
    <ele>3.6</ele>
   </trkpt>
   <trkpt lat="56.1586320" lon="10.2004200">
    <ele>3.4</ele>
   </trkpt>
   <trkpt lat="56.1586770" lon="10.2005140">
    <ele>3.2</ele>
   </trkpt>
   <trkpt lat="56.1587210" lon="10.2006050">
    <ele>3.2</ele>
   </trkpt>
   <trkpt lat="56.1587620" lon="10.2006950">
    <ele>3.0</ele>
   </trkpt>
   <trkpt lat="56.1588070" lon="10.2007870">
    <ele>3.0</ele>
   </trkpt>
   <trkpt lat="56.1588550" lon="10.2008820">
    <ele>2.8</ele>
   </trkpt>
   <trkpt lat="56.1589030" lon="10.2009760">
    <ele>2.6</ele>
   </trkpt>
   <trkpt lat="56.1589560" lon="10.2010630">
    <ele>2.6</ele>
   </trkpt>
   <trkpt lat="56.1590070" lon="10.2011490">
    <ele>2.6</ele>
   </trkpt>
   <trkpt lat="56.1590540" lon="10.2012380">
    <ele>2.6</ele>
   </trkpt>
   <trkpt lat="56.1590930" lon="10.2013330">
    <ele>2.6</ele>
   </trkpt>
   <trkpt lat="56.1591260" lon="10.2014290">
    <ele>2.8</ele>
   </trkpt>
   <trkpt lat="56.1591590" lon="10.2015080">
    <ele>3.0</ele>
   </trkpt>
   <trkpt lat="56.1591860" lon="10.2015630">
    <ele>3.4</ele>
   </trkpt>
   <trkpt lat="56.1592050" lon="10.2015980">
    <ele>3.6</ele>
   </trkpt>
   <trkpt lat="56.1592110" lon="10.2016110">
    <ele>3.8</ele>
   </trkpt>
   <trkpt lat="56.1592110" lon="10.2016110">
    <ele>4.0</ele>
   </trkpt>
   <trkpt lat="56.1592150" lon="10.2016120">
    <ele>4.2</ele>
   </trkpt>
   <trkpt lat="56.1592620" lon="10.2016730">
    <ele>4.2</ele>
   </trkpt>
   <trkpt lat="56.1592790" lon="10.2017200">
    <ele>4.2</ele>
   </trkpt>
   <trkpt lat="56.1592990" lon="10.2017750">
    <ele>4.0</ele>
   </trkpt>
   <trkpt lat="56.1593320" lon="10.2018360">
    <ele>4.0</ele>
   </trkpt>
   <trkpt lat="56.1593620" lon="10.2019090">
    <ele>3.8</ele>
   </trkpt>
   <trkpt lat="56.1593960" lon="10.2019880">
    <ele>3.8</ele>
   </trkpt>
   <trkpt lat="56.1594290" lon="10.2020780">
    <ele>3.6</ele>
   </trkpt>
   <trkpt lat="56.1594610" lon="10.2021740">
    <ele>3.6</ele>
   </trkpt>
   <trkpt lat="56.1594940" lon="10.2022690">
    <ele>3.4</ele>
   </trkpt>
   <trkpt lat="56.1595280" lon="10.2023700">
    <ele>3.4</ele>
   </trkpt>
   <trkpt lat="56.1595610" lon="10.2024720">
    <ele>3.2</ele>
   </trkpt>
   <trkpt lat="56.1595890" lon="10.2025800">
    <ele>3.2</ele>
   </trkpt>
   <trkpt lat="56.1596160" lon="10.2026900">
    <ele>3.2</ele>
   </trkpt>
   <trkpt lat="56.1596420" lon="10.2028040">
    <ele>3.2</ele>
   </trkpt>
   <trkpt lat="56.1596690" lon="10.2029160">
    <ele>3.2</ele>
   </trkpt>
   <trkpt lat="56.1596960" lon="10.2030290">
    <ele>3.2</ele>
   </trkpt>
   <trkpt lat="56.1597230" lon="10.2031450">
    <ele>3.2</ele>
   </trkpt>
   <trkpt lat="56.1597510" lon="10.2032620">
    <ele>3.2</ele>
   </trkpt>
   <trkpt lat="56.1597800" lon="10.2033760">
    <ele>3.4</ele>
   </trkpt>
   <trkpt lat="56.1598090" lon="10.2034880">
    <ele>3.4</ele>
   </trkpt>
   <trkpt lat="56.1598380" lon="10.2036020">
    <ele>3.4</ele>
   </trkpt>
   <trkpt lat="56.1598640" lon="10.2037140">
    <ele>3.6</ele>
   </trkpt>
   <trkpt lat="56.1598840" lon="10.2038280">
    <ele>3.8</ele>
   </trkpt>
   <trkpt lat="56.1599000" lon="10.2039470">
    <ele>3.8</ele>
   </trkpt>
   <trkpt lat="56.1599120" lon="10.2040700">
    <ele>4.0</ele>
   </trkpt>
   <trkpt lat="56.1599200" lon="10.2041940">
    <ele>4.0</ele>
   </trkpt>
   <trkpt lat="56.1599370" lon="10.2043160">
    <ele>4.0</ele>
   </trkpt>
   <trkpt lat="56.1599560" lon="10.2044350">
    <ele>3.8</ele>
   </trkpt>
   <trkpt lat="56.1599750" lon="10.2045520">
    <ele>3.8</ele>
   </trkpt>
   <trkpt lat="56.1599910" lon="10.2046720">
    <ele>3.8</ele>
   </trkpt>
   <trkpt lat="56.1600040" lon="10.2047950">
    <ele>3.6</ele>
   </trkpt>
   <trkpt lat="56.1600150" lon="10.2049180">
    <ele>3.8</ele>
   </trkpt>
   <trkpt lat="56.1600220" lon="10.2050440">
    <ele>3.8</ele>
   </trkpt>
   <trkpt lat="56.1600320" lon="10.2051720">
    <ele>4.0</ele>
   </trkpt>
   <trkpt lat="56.1600450" lon="10.2053010">
    <ele>4.0</ele>
   </trkpt>
   <trkpt lat="56.1600600" lon="10.2054260">
    <ele>4.0</ele>
   </trkpt>
   <trkpt lat="56.1600720" lon="10.2055540">
    <ele>3.8</ele>
   </trkpt>
   <trkpt lat="56.1600910" lon="10.2056830">
    <ele>3.8</ele>
   </trkpt>
   <trkpt lat="56.1601060" lon="10.2058110">
    <ele>3.6</ele>
   </trkpt>
   <trkpt lat="56.1601170" lon="10.2059400">
    <ele>3.6</ele>
   </trkpt>
   <trkpt lat="56.1601310" lon="10.2060680">
    <ele>3.4</ele>
   </trkpt>
   <trkpt lat="56.1601470" lon="10.2061970">
    <ele>3.4</ele>
   </trkpt>
   <trkpt lat="56.1601620" lon="10.2063270">
    <ele>3.4</ele>
   </trkpt>
   <trkpt lat="56.1601750" lon="10.2064540">
    <ele>3.4</ele>
   </trkpt>
  </trkseg>
 </trk>
</gpx>
