<?xml version="1.0" encoding="UTF-8"?>
<gpx creator="StravaGPX" version="1.1" xmlns="http://www.topografix.com/GPX/1/1" xmlns:xsi="http://www.w3.org/2001/XMLSchema-instance" xsi:schemaLocation="http://www.topografix.com/GPX/1/1 http://www.topografix.com/GPX/1/1/gpx.xsd">
 <trk>
  <name>Koude comeback</name>
  <type>cycling</type>
  <trkseg>
   <trkpt lat="56.1621070" lon="10.2093640">
    <ele>18.6</ele>
   </trkpt>
   <trkpt lat="56.1621070" lon="10.2093640">
    <ele>18.6</ele>
   </trkpt>
   <trkpt lat="56.1620090" lon="10.2094470">
    <ele>18.2</ele>
   </trkpt>
   <trkpt lat="56.1619900" lon="10.2094880">
    <ele>18.0</ele>
   </trkpt>
   <trkpt lat="56.1619710" lon="10.2095220">
    <ele>18.0</ele>
   </trkpt>
   <trkpt lat="56.1619640" lon="10.2095490">
    <ele>17.6</ele>
   </trkpt>
   <trkpt lat="56.1619510" lon="10.2095630">
    <ele>17.6</ele>
   </trkpt>
   <trkpt lat="56.1619350" lon="10.2095790">
    <ele>17.4</ele>
   </trkpt>
   <trkpt lat="56.1619120" lon="10.2096120">
    <ele>17.4</ele>
   </trkpt>
   <trkpt lat="56.1618910" lon="10.2096490">
    <ele>17.4</ele>
   </trkpt>
   <trkpt lat="56.1618670" lon="10.2096940">
    <ele>17.2</ele>
   </trkpt>
   <trkpt lat="56.1618400" lon="10.2097450">
    <ele>17.0</ele>
   </trkpt>
   <trkpt lat="56.1618130" lon="10.2098050">
    <ele>16.6</ele>
   </trkpt>
   <trkpt lat="56.1617930" lon="10.2098720">
    <ele>16.4</ele>
   </trkpt>
   <trkpt lat="56.1617730" lon="10.2099370">
    <ele>16.2</ele>
   </trkpt>
   <trkpt lat="56.1617480" lon="10.2099930">
    <ele>16.0</ele>
   </trkpt>
   <trkpt lat="56.1617200" lon="10.2100470">
    <ele>15.8</ele>
   </trkpt>
   <trkpt lat="56.1616940" lon="10.2101050">
    <ele>15.6</ele>
   </trkpt>
   <trkpt lat="56.1616730" lon="10.2101620">
    <ele>15.4</ele>
   </trkpt>
   <trkpt lat="56.1616510" lon="10.2102190">
    <ele>15.0</ele>
   </trkpt>
   <trkpt lat="56.1616270" lon="10.2102790">
    <ele>14.8</ele>
   </trkpt>
   <trkpt lat="56.1616120" lon="10.2103280">
    <ele>14.6</ele>
   </trkpt>
   <trkpt lat="56.1616030" lon="10.2103670">
    <ele>14.4</ele>
   </trkpt>
   <trkpt lat="56.1615920" lon="10.2103990">
    <ele>14.4</ele>
   </trkpt>
   <trkpt lat="56.1615820" lon="10.2104280">
    <ele>14.2</ele>
   </trkpt>
   <trkpt lat="56.1615790" lon="10.2104480">
    <ele>14.0</ele>
   </trkpt>
   <trkpt lat="56.1615820" lon="10.2104480">
    <ele>13.6</ele>
   </trkpt>
   <trkpt lat="56.1615810" lon="10.2104450">
    <ele>13.4</ele>
   </trkpt>
   <trkpt lat="56.1615590" lon="10.2104960">
    <ele>13.4</ele>
   </trkpt>
   <trkpt lat="56.1615510" lon="10.2105440">
    <ele>13.4</ele>
   </trkpt>
   <trkpt lat="56.1615510" lon="10.2106060">
    <ele>13.2</ele>
   </trkpt>
   <trkpt lat="56.1615600" lon="10.2106740">
    <ele>12.8</ele>
   </trkpt>
   <trkpt lat="56.1615790" lon="10.2107400">
    <ele>12.4</ele>
   </trkpt>
   <trkpt lat="56.1616050" lon="10.2108010">
    <ele>12.4</ele>
   </trkpt>
   <trkpt lat="56.1616420" lon="10.2108510">
    <ele>12.2</ele>
   </trkpt>
   <trkpt lat="56.1616820" lon="10.2109020">
    <ele>12.2</ele>
   </trkpt>
   <trkpt lat="56.1617150" lon="10.2109510">
    <ele>12.2</ele>
   </trkpt>
   <trkpt lat="56.1617430" lon="10.2109930">
    <ele>12.2</ele>
   </trkpt>
   <trkpt lat="56.1617560" lon="10.2110300">
    <ele>12.4</ele>
   </trkpt>
   <trkpt lat="56.1617550" lon="10.2110590">
    <ele>12.8</ele>
   </trkpt>
   <trkpt lat="56.1617580" lon="10.2110680">
    <ele>13.2</ele>
   </trkpt>
   <trkpt lat="56.1617590" lon="10.2110680">
    <ele>13.4</ele>
   </trkpt>
   <trkpt lat="56.1617130" lon="10.2111730">
    <ele>11.4</ele>
   </trkpt>
   <trkpt lat="56.1617360" lon="10.2112010">
    <ele>11.4</ele>
   </trkpt>
   <trkpt lat="56.1617650" lon="10.2112330">
    <ele>11.4</ele>
   </trkpt>
   <trkpt lat="56.1617970" lon="10.2112690">
    <ele>11.4</ele>
   </trkpt>
   <trkpt lat="56.1618360" lon="10.2113060">
    <ele>11.4</ele>
   </trkpt>
   <trkpt lat="56.1618780" lon="10.2113470">
    <ele>11.4</ele>
   </trkpt>
   <trkpt lat="56.1619210" lon="10.2113910">
    <ele>11.4</ele>
   </trkpt>
   <trkpt lat="56.1619630" lon="10.2114330">
    <ele>11.4</ele>
   </trkpt>
   <trkpt lat="56.1620050" lon="10.2114710">
    <ele>11.6</ele>
   </trkpt>
   <trkpt lat="56.1620480" lon="10.2115060">
    <ele>11.6</ele>
   </trkpt>
   <trkpt lat="56.1620940" lon="10.2115500">
    <ele>11.6</ele>
   </trkpt>
   <trkpt lat="56.1621400" lon="10.2116060">
    <ele>11.6</ele>
   </trkpt>
   <trkpt lat="56.1621840" lon="10.2116660">
    <ele>11.6</ele>
   </trkpt>
   <trkpt lat="56.1622240" lon="10.2117270">
    <ele>11.8</ele>
   </trkpt>
   <trkpt lat="56.1622620" lon="10.2117890">
    <ele>11.8</ele>
   </trkpt>
   <trkpt lat="56.1623000" lon="10.2118550">
    <ele>12.0</ele>
   </trkpt>
   <trkpt lat="56.1623370" lon="10.2119250">
    <ele>12.2</ele>
   </trkpt>
   <trkpt lat="56.1623670" lon="10.2120020">
    <ele>12.2</ele>
   </trkpt>
   <trkpt lat="56.1623950" lon="10.2120810">
    <ele>12.2</ele>
   </trkpt>
   <trkpt lat="56.1624250" lon="10.2121590">
    <ele>12.2</ele>
   </trkpt>
   <trkpt lat="56.1624550" lon="10.2122410">
    <ele>12.4</ele>
   </trkpt>
   <trkpt lat="56.1624860" lon="10.2123290">
    <ele>12.2</ele>
   </trkpt>
   <trkpt lat="56.1625150" lon="10.2124170">
    <ele>12.2</ele>
   </trkpt>
   <trkpt lat="56.1625460" lon="10.2125030">
    <ele>12.2</ele>
   </trkpt>
   <trkpt lat="56.1625760" lon="10.2125870">
    <ele>12.2</ele>
   </trkpt>
   <trkpt lat="56.1626060" lon="10.2126730">
    <ele>12.2</ele>
   </trkpt>
   <trkpt lat="56.1626360" lon="10.2127600">
    <ele>12.2</ele>
   </trkpt>
   <trkpt lat="56.1626640" lon="10.2128500">
    <ele>12.4</ele>
   </trkpt>
   <trkpt lat="56.1626940" lon="10.2129420">
    <ele>12.4</ele>
   </trkpt>
   <trkpt lat="56.1627270" lon="10.2130350">
    <ele>12.6</ele>
   </trkpt>
   <trkpt lat="56.1627620" lon="10.2131270">
    <ele>12.4</ele>
   </trkpt>
   <trkpt lat="56.1627960" lon="10.2132220">
    <ele>12.4</ele>
   </trkpt>
   <trkpt lat="56.1628330" lon="10.2133160">
    <ele>12.4</ele>
   </trkpt>
   <trkpt lat="56.1628670" lon="10.2134100">
    <ele>12.2</ele>
   </trkpt>
   <trkpt lat="56.1629030" lon="10.2135020">
    <ele>11.8</ele>
   </trkpt>
   <trkpt lat="56.1629340" lon="10.2135960">
    <ele>11.6</ele>
   </trkpt>
   <trkpt lat="56.1629610" lon="10.2136920">
    <ele>11.4</ele>
   </trkpt>
   <trkpt lat="56.1629910" lon="10.2137840">
    <ele>11.4</ele>
   </trkpt>
   <trkpt lat="56.1630260" lon="10.2138710">
    <ele>11.4</ele>
   </trkpt>
   <trkpt lat="56.1630640" lon="10.2139530">
    <ele>11.4</ele>
   </trkpt>
   <trkpt lat="56.1631060" lon="10.2140290">
    <ele>11.8</ele>
   </trkpt>
   <trkpt lat="56.1631510" lon="10.2141000">
    <ele>12.2</ele>
   </trkpt>
   <trkpt lat="56.1631980" lon="10.2141720">
    <ele>12.2</ele>
   </trkpt>
   <trkpt lat="56.1632490" lon="10.2142360">
    <ele>12.2</ele>
   </trkpt>
   <trkpt lat="56.1632940" lon="10.2143100">
    <ele>12.2</ele>
   </trkpt>
   <trkpt lat="56.1633330" lon="10.2143910">
    <ele>12.0</ele>
   </trkpt>
   <trkpt lat="56.1633680" lon="10.2144730">
    <ele>11.6</ele>
   </trkpt>
   <trkpt lat="56.1634080" lon="10.2145460">
    <ele>11.2</ele>
   </trkpt>
   <trkpt lat="56.1634550" lon="10.2146080">
    <ele>11.0</ele>
   </trkpt>
   <trkpt lat="56.1635010" lon="10.2146680">
    <ele>11.0</ele>
   </trkpt>
   <trkpt lat="56.1635430" lon="10.2147280">
    <ele>11.0</ele>
   </trkpt>
   <trkpt lat="56.1635590" lon="10.2147980">
    <ele>11.0</ele>
   </trkpt>
   <trkpt lat="56.1635500" lon="10.2148730">
    <ele>11.2</ele>
   </trkpt>
   <trkpt lat="56.1635240" lon="10.2149710">
    <ele>11.2</ele>
   </trkpt>
   <trkpt lat="56.1634910" lon="10.2150700">
    <ele>11.2</ele>
   </trkpt>
   <trkpt lat="56.1634620" lon="10.2151690">
    <ele>11.2</ele>
   </trkpt>
   <trkpt lat="56.1634370" lon="10.2152710">
    <ele>11.2</ele>
   </trkpt>
   <trkpt lat="56.1634130" lon="10.2153760">
    <ele>11.0</ele>
   </trkpt>
   <trkpt lat="56.1633890" lon="10.2154760">
    <ele>11.0</ele>
   </trkpt>
   <trkpt lat="56.1633630" lon="10.2155730">
    <ele>10.8</ele>
   </trkpt>
   <trkpt lat="56.1633370" lon="10.2156590">
    <ele>10.6</ele>
   </trkpt>
   <trkpt lat="56.1633170" lon="10.2157230">
    <ele>10.4</ele>
   </trkpt>
   <trkpt lat="56.1633020" lon="10.2157630">
    <ele>10.4</ele>
   </trkpt>
   <trkpt lat="56.1632930" lon="10.2157840">
    <ele>10.4</ele>
   </trkpt>
   <trkpt lat="56.1632900" lon="10.2157930">
    <ele>10.4</ele>
   </trkpt>
   <trkpt lat="56.1632900" lon="10.2157930">
    <ele>10.4</ele>
   </trkpt>
   <trkpt lat="56.1632670" lon="10.2158770">
    <ele>9.4</ele>
   </trkpt>
   <trkpt lat="56.1632570" lon="10.2159370">
    <ele>9.4</ele>
   </trkpt>
   <trkpt lat="56.1632510" lon="10.2160080">
    <ele>9.4</ele>
   </trkpt>
   <trkpt lat="56.1632480" lon="10.2160860">
    <ele>9.2</ele>
   </trkpt>
   <trkpt lat="56.1632600" lon="10.2161620">
    <ele>9.0</ele>
   </trkpt>
   <trkpt lat="56.1632840" lon="10.2162240">
    <ele>9.0</ele>
   </trkpt>
   <trkpt lat="56.1633200" lon="10.2162670">
    <ele>8.6</ele>
   </trkpt>
   <trkpt lat="56.1633550" lon="10.2163070">
    <ele>8.2</ele>
   </trkpt>
   <trkpt lat="56.1633860" lon="10.2163520">
    <ele>8.2</ele>
   </trkpt>
   <trkpt lat="56.1634200" lon="10.2163910">
    <ele>8.2</ele>
   </trkpt>
   <trkpt lat="56.1634550" lon="10.2164240">
    <ele>8.2</ele>
   </trkpt>
   <trkpt lat="56.1634820" lon="10.2164540">
    <ele>8.2</ele>
   </trkpt>
   <trkpt lat="56.1635030" lon="10.2164800">
    <ele>8.0</ele>
   </trkpt>
   <trkpt lat="56.1635170" lon="10.2164950">
    <ele>8.0</ele>
   </trkpt>
   <trkpt lat="56.1635210" lon="10.2165030">
    <ele>8.0</ele>
   </trkpt>
   <trkpt lat="56.1635210" lon="10.2165030">
    <ele>8.0</ele>
   </trkpt>
   <trkpt lat="56.1635210" lon="10.2165030">
    <ele>8.0</ele>
   </trkpt>
   <trkpt lat="56.1635810" lon="10.2165420">
    <ele>8.2</ele>
   </trkpt>
   <trkpt lat="56.1636130" lon="10.2165710">
    <ele>8.0</ele>
   </trkpt>
   <trkpt lat="56.1636500" lon="10.2166050">
    <ele>7.8</ele>
   </trkpt>
   <trkpt lat="56.1636910" lon="10.2166370">
    <ele>7.8</ele>
   </trkpt>
   <trkpt lat="56.1637350" lon="10.2166680">
    <ele>7.6</ele>
   </trkpt>
   <trkpt lat="56.1637820" lon="10.2167030">
    <ele>7.4</ele>
   </trkpt>
   <trkpt lat="56.1638300" lon="10.2167410">
    <ele>7.4</ele>
   </trkpt>
   <trkpt lat="56.1638750" lon="10.2167810">
    <ele>7.2</ele>
   </trkpt>
   <trkpt lat="56.1639200" lon="10.2168230">
    <ele>7.0</ele>
   </trkpt>
   <trkpt lat="56.1639670" lon="10.2168640">
    <ele>6.6</ele>
   </trkpt>
   <trkpt lat="56.1640170" lon="10.2169060">
    <ele>6.6</ele>
   </trkpt>
   <trkpt lat="56.1640650" lon="10.2169480">
    <ele>6.6</ele>
   </trkpt>
   <trkpt lat="56.1641140" lon="10.2169940">
    <ele>6.4</ele>
   </trkpt>
   <trkpt lat="56.1641630" lon="10.2170400">
    <ele>6.4</ele>
   </trkpt>
   <trkpt lat="56.1642120" lon="10.2170840">
    <ele>6.4</ele>
   </trkpt>
   <trkpt lat="56.1642630" lon="10.2171260">
    <ele>6.4</ele>
   </trkpt>
   <trkpt lat="56.1643140" lon="10.2171660">
    <ele>6.4</ele>
   </trkpt>
   <trkpt lat="56.1643650" lon="10.2172060">
    <ele>6.2</ele>
   </trkpt>
   <trkpt lat="56.1644140" lon="10.2172480">
    <ele>6.2</ele>
   </trkpt>
   <trkpt lat="56.1644600" lon="10.2172900">
    <ele>6.0</ele>
   </trkpt>
   <trkpt lat="56.1645070" lon="10.2173270">
    <ele>5.8</ele>
   </trkpt>
   <trkpt lat="56.1645550" lon="10.2173640">
    <ele>5.8</ele>
   </trkpt>
   <trkpt lat="56.1646030" lon="10.2174070">
    <ele>5.8</ele>
   </trkpt>
   <trkpt lat="56.1646550" lon="10.2174440">
    <ele>5.8</ele>
   </trkpt>
   <trkpt lat="56.1647060" lon="10.2174830">
    <ele>6.2</ele>
   </trkpt>
   <trkpt lat="56.1647570" lon="10.2175250">
    <ele>6.4</ele>
   </trkpt>
   <trkpt lat="56.1648100" lon="10.2175650">
    <ele>7.0</ele>
   </trkpt>
   <trkpt lat="56.1648620" lon="10.2176060">
    <ele>7.4</ele>
   </trkpt>
   <trkpt lat="56.1649160" lon="10.2176440">
    <ele>7.6</ele>
   </trkpt>
   <trkpt lat="56.1649690" lon="10.2176830">
    <ele>7.6</ele>
   </trkpt>
   <trkpt lat="56.1650220" lon="10.2177240">
    <ele>7.6</ele>
   </trkpt>
   <trkpt lat="56.1650720" lon="10.2177710">
    <ele>7.6</ele>
   </trkpt>
   <trkpt lat="56.1651220" lon="10.2178160">
    <ele>7.6</ele>
   </trkpt>
   <trkpt lat="56.1651730" lon="10.2178580">
    <ele>7.6</ele>
   </trkpt>
   <trkpt lat="56.1652220" lon="10.2178950">
    <ele>7.4</ele>
   </trkpt>
   <trkpt lat="56.1652720" lon="10.2179310">
    <ele>7.4</ele>
   </trkpt>
   <trkpt lat="56.1653190" lon="10.2179730">
    <ele>7.4</ele>
   </trkpt>
   <trkpt lat="56.1653680" lon="10.2180140">
    <ele>7.4</ele>
   </trkpt>
   <trkpt lat="56.1654150" lon="10.2180610">
    <ele>7.4</ele>
   </trkpt>
   <trkpt lat="56.1654630" lon="10.2181140">
    <ele>7.4</ele>
   </trkpt>
   <trkpt lat="56.1655170" lon="10.2181630">
    <ele>7.4</ele>
   </trkpt>
   <trkpt lat="56.1655740" lon="10.2182020">
    <ele>7.4</ele>
   </trkpt>
   <trkpt lat="56.1656280" lon="10.2182480">
    <ele>7.4</ele>
   </trkpt>
   <trkpt lat="56.1656810" lon="10.2183000">
    <ele>6.8</ele>
   </trkpt>
   <trkpt lat="56.1657250" lon="10.2183480">
    <ele>6.2</ele>
   </trkpt>
   <trkpt lat="56.1657690" lon="10.2183870">
    <ele>6.0</ele>
   </trkpt>
   <trkpt lat="56.1658180" lon="10.2184190">
    <ele>6.0</ele>
   </trkpt>
   <trkpt lat="56.1658680" lon="10.2184420">
    <ele>6.0</ele>
   </trkpt>
   <trkpt lat="56.1659210" lon="10.2184810">
    <ele>6.2</ele>
   </trkpt>
   <trkpt lat="56.1659790" lon="10.2185350">
    <ele>6.4</ele>
   </trkpt>
   <trkpt lat="56.1660350" lon="10.2185960">
    <ele>6.4</ele>
   </trkpt>
   <trkpt lat="56.1660940" lon="10.2186490">
    <ele>6.4</ele>
   </trkpt>
   <trkpt lat="56.1661410" lon="10.2186860">
    <ele>6.4</ele>
   </trkpt>
   <trkpt lat="56.1661910" lon="10.2187080">
    <ele>6.4</ele>
   </trkpt>
   <trkpt lat="56.1662440" lon="10.2187370">
    <ele>6.2</ele>
   </trkpt>
   <trkpt lat="56.1663000" lon="10.2188020">
    <ele>6.2</ele>
   </trkpt>
   <trkpt lat="56.1663560" lon="10.2188570">
    <ele>5.8</ele>
   </trkpt>
   <trkpt lat="56.1664110" lon="10.2189170">
    <ele>5.8</ele>
   </trkpt>
   <trkpt lat="56.1664650" lon="10.2189620">
    <ele>5.6</ele>
   </trkpt>
   <trkpt lat="56.1665180" lon="10.2190030">
    <ele>5.4</ele>
   </trkpt>
   <trkpt lat="56.1665690" lon="10.2190400">
    <ele>5.2</ele>
   </trkpt>
   <trkpt lat="56.1666290" lon="10.2190750">
    <ele>5.2</ele>
   </trkpt>
   <trkpt lat="56.1666940" lon="10.2191170">
    <ele>5.0</ele>
   </trkpt>
   <trkpt lat="56.1667590" lon="10.2191620">
    <ele>4.0</ele>
   </trkpt>
   <trkpt lat="56.1668080" lon="10.2192110">
    <ele>3.6</ele>
   </trkpt>
   <trkpt lat="56.1668520" lon="10.2192590">
    <ele>3.6</ele>
   </trkpt>
   <trkpt lat="56.1668990" lon="10.2193230">
    <ele>3.6</ele>
   </trkpt>
   <trkpt lat="56.1669480" lon="10.2193730">
    <ele>3.6</ele>
   </trkpt>
   <trkpt lat="56.1669990" lon="10.2194410">
    <ele>3.6</ele>
   </trkpt>
   <trkpt lat="56.1670540" lon="10.2195090">
    <ele>4.0</ele>
   </trkpt>
   <trkpt lat="56.1670970" lon="10.2195890">
    <ele>5.2</ele>
   </trkpt>
   <trkpt lat="56.1671370" lon="10.2196740">
    <ele>6.4</ele>
   </trkpt>
   <trkpt lat="56.1671760" lon="10.2197620">
    <ele>7.0</ele>
   </trkpt>
   <trkpt lat="56.1672150" lon="10.2198530">
    <ele>7.6</ele>
   </trkpt>
   <trkpt lat="56.1672550" lon="10.2199410">
    <ele>7.6</ele>
   </trkpt>
   <trkpt lat="56.1672970" lon="10.2200290">
    <ele>7.6</ele>
   </trkpt>
   <trkpt lat="56.1673440" lon="10.2201160">
    <ele>7.4</ele>
   </trkpt>
   <trkpt lat="56.1673880" lon="10.2201960">
    <ele>7.4</ele>
   </trkpt>
   <trkpt lat="56.1674370" lon="10.2202700">
    <ele>6.8</ele>
   </trkpt>
   <trkpt lat="56.1674940" lon="10.2203350">
    <ele>6.2</ele>
   </trkpt>
   <trkpt lat="56.1675500" lon="10.2203940">
    <ele>6.2</ele>
   </trkpt>
   <trkpt lat="56.1676060" lon="10.2204510">
    <ele>6.0</ele>
   </trkpt>
   <trkpt lat="56.1676630" lon="10.2205100">
    <ele>6.0</ele>
   </trkpt>
   <trkpt lat="56.1677200" lon="10.2205680">
    <ele>6.0</ele>
   </trkpt>
   <trkpt lat="56.1677770" lon="10.2206260">
    <ele>6.0</ele>
   </trkpt>
   <trkpt lat="56.1678330" lon="10.2206830">
    <ele>6.0</ele>
   </trkpt>
   <trkpt lat="56.1678870" lon="10.2207390">
    <ele>6.0</ele>
   </trkpt>
   <trkpt lat="56.1679410" lon="10.2207950">
    <ele>6.0</ele>
   </trkpt>
   <trkpt lat="56.1679950" lon="10.2208490">
    <ele>6.0</ele>
   </trkpt>
   <trkpt lat="56.1680500" lon="10.2209020">
    <ele>6.0</ele>
   </trkpt>
   <trkpt lat="56.1681030" lon="10.2209580">
    <ele>5.8</ele>
   </trkpt>
   <trkpt lat="56.1681580" lon="10.2210140">
    <ele>5.8</ele>
   </trkpt>
   <trkpt lat="56.1682120" lon="10.2210730">
    <ele>5.8</ele>
   </trkpt>
   <trkpt lat="56.1682720" lon="10.2211280">
    <ele>5.8</ele>
   </trkpt>
   <trkpt lat="56.1683280" lon="10.2211830">
    <ele>5.4</ele>
   </trkpt>
   <trkpt lat="56.1683830" lon="10.2212400">
    <ele>5.4</ele>
   </trkpt>
   <trkpt lat="56.1684380" lon="10.2212970">
    <ele>5.4</ele>
   </trkpt>
   <trkpt lat="56.1684920" lon="10.2213520">
    <ele>5.6</ele>
   </trkpt>
   <trkpt lat="56.1685460" lon="10.2214090">
    <ele>5.6</ele>
   </trkpt>
   <trkpt lat="56.1686000" lon="10.2214650">
    <ele>5.6</ele>
   </trkpt>
   <trkpt lat="56.1686570" lon="10.2215210">
    <ele>5.6</ele>
   </trkpt>
   <trkpt lat="56.1687130" lon="10.2215770">
    <ele>5.8</ele>
   </trkpt>
   <trkpt lat="56.1687700" lon="10.2216320">
    <ele>6.0</ele>
   </trkpt>
   <trkpt lat="56.1688260" lon="10.2216890">
    <ele>6.4</ele>
   </trkpt>
   <trkpt lat="56.1688790" lon="10.2217470">
    <ele>6.4</ele>
   </trkpt>
   <trkpt lat="56.1689350" lon="10.2218060">
    <ele>6.4</ele>
   </trkpt>
   <trkpt lat="56.1689930" lon="10.2218620">
    <ele>6.4</ele>
   </trkpt>
   <trkpt lat="56.1690490" lon="10.2219170">
    <ele>6.4</ele>
   </trkpt>
   <trkpt lat="56.1691060" lon="10.2219640">
    <ele>5.8</ele>
   </trkpt>
   <trkpt lat="56.1691640" lon="10.2219950">
    <ele>5.6</ele>
   </trkpt>
   <trkpt lat="56.1692230" lon="10.2220120">
    <ele>5.4</ele>
   </trkpt>
   <trkpt lat="56.1692840" lon="10.2220250">
    <ele>5.4</ele>
   </trkpt>
   <trkpt lat="56.1693450" lon="10.2220440">
    <ele>5.4</ele>
   </trkpt>
   <trkpt lat="56.1694020" lon="10.2220770">
    <ele>5.4</ele>
   </trkpt>
   <trkpt lat="56.1694570" lon="10.2221230">
    <ele>5.6</ele>
   </trkpt>
   <trkpt lat="56.1695120" lon="10.2221760">
    <ele>5.8</ele>
   </trkpt>
   <trkpt lat="56.1695680" lon="10.2222290">
    <ele>5.8</ele>
   </trkpt>
   <trkpt lat="56.1696220" lon="10.2222860">
    <ele>5.8</ele>
   </trkpt>
   <trkpt lat="56.1696770" lon="10.2223440">
    <ele>6.0</ele>
   </trkpt>
   <trkpt lat="56.1697310" lon="10.2224030">
    <ele>5.8</ele>
   </trkpt>
   <trkpt lat="56.1697850" lon="10.2224670">
    <ele>6.0</ele>
   </trkpt>
   <trkpt lat="56.1698360" lon="10.2225340">
    <ele>6.0</ele>
   </trkpt>
   <trkpt lat="56.1698840" lon="10.2226100">
    <ele>6.0</ele>
   </trkpt>
   <trkpt lat="56.1699280" lon="10.2226900">
    <ele>6.0</ele>
   </trkpt>
   <trkpt lat="56.1699730" lon="10.2227690">
    <ele>6.0</ele>
   </trkpt>
   <trkpt lat="56.1700210" lon="10.2228410">
    <ele>6.0</ele>
   </trkpt>
   <trkpt lat="56.1700740" lon="10.2229050">
    <ele>6.2</ele>
   </trkpt>
   <trkpt lat="56.1701290" lon="10.2229620">
    <ele>6.2</ele>
   </trkpt>
   <trkpt lat="56.1701850" lon="10.2230180">
    <ele>6.4</ele>
   </trkpt>
   <trkpt lat="56.1702380" lon="10.2230770">
    <ele>6.4</ele>
   </trkpt>
   <trkpt lat="56.1702920" lon="10.2231350">
    <ele>6.6</ele>
   </trkpt>
   <trkpt lat="56.1703450" lon="10.2231930">
    <ele>6.6</ele>
   </trkpt>
   <trkpt lat="56.1704020" lon="10.2232470">
    <ele>6.6</ele>
   </trkpt>
   <trkpt lat="56.1704590" lon="10.2233000">
    <ele>6.6</ele>
   </trkpt>
   <trkpt lat="56.1705160" lon="10.2233590">
    <ele>6.4</ele>
   </trkpt>
   <trkpt lat="56.1705710" lon="10.2234210">
    <ele>6.4</ele>
   </trkpt>
   <trkpt lat="56.1706260" lon="10.2234830">
    <ele>6.4</ele>
   </trkpt>
   <trkpt lat="56.1706820" lon="10.2235430">
    <ele>6.4</ele>
   </trkpt>
   <trkpt lat="56.1707380" lon="10.2236040">
    <ele>6.4</ele>
   </trkpt>
   <trkpt lat="56.1707940" lon="10.2236650">
    <ele>6.4</ele>
   </trkpt>
   <trkpt lat="56.1708490" lon="10.2237280">
    <ele>6.4</ele>
   </trkpt>
   <trkpt lat="56.1709020" lon="10.2238000">
    <ele>6.4</ele>
   </trkpt>
   <trkpt lat="56.1709560" lon="10.2238750">
    <ele>6.6</ele>
   </trkpt>
   <trkpt lat="56.1710130" lon="10.2239410">
    <ele>6.6</ele>
   </trkpt>
   <trkpt lat="56.1710690" lon="10.2240070">
    <ele>6.6</ele>
   </trkpt>
   <trkpt lat="56.1711260" lon="10.2240690">
    <ele>6.6</ele>
   </trkpt>
   <trkpt lat="56.1711820" lon="10.2241310">
    <ele>6.4</ele>
   </trkpt>
   <trkpt lat="56.1712370" lon="10.2241950">
    <ele>6.4</ele>
   </trkpt>
   <trkpt lat="56.1712910" lon="10.2242630">
    <ele>6.2</ele>
   </trkpt>
   <trkpt lat="56.1713430" lon="10.2243330">
    <ele>6.2</ele>
   </trkpt>
   <trkpt lat="56.1713940" lon="10.2243990">
    <ele>6.0</ele>
   </trkpt>
   <trkpt lat="56.1714460" lon="10.2244680">
    <ele>6.0</ele>
   </trkpt>
   <trkpt lat="56.1715010" lon="10.2245350">
    <ele>5.8</ele>
   </trkpt>
   <trkpt lat="56.1715550" lon="10.2246010">
    <ele>5.8</ele>
   </trkpt>
   <trkpt lat="56.1716050" lon="10.2246720">
    <ele>5.8</ele>
   </trkpt>
   <trkpt lat="56.1716600" lon="10.2247380">
    <ele>5.8</ele>
   </trkpt>
   <trkpt lat="56.1717130" lon="10.2248070">
    <ele>5.8</ele>
   </trkpt>
   <trkpt lat="56.1717650" lon="10.2248780">
    <ele>5.8</ele>
   </trkpt>
   <trkpt lat="56.1718160" lon="10.2249460">
    <ele>5.8</ele>
   </trkpt>
   <trkpt lat="56.1718690" lon="10.2250160">
    <ele>5.8</ele>
   </trkpt>
   <trkpt lat="56.1719200" lon="10.2250870">
    <ele>5.8</ele>
   </trkpt>
   <trkpt lat="56.1719740" lon="10.2251540">
    <ele>5.6</ele>
   </trkpt>
   <trkpt lat="56.1720300" lon="10.2252220">
    <ele>5.6</ele>
   </trkpt>
   <trkpt lat="56.1720840" lon="10.2252910">
    <ele>5.6</ele>
   </trkpt>
   <trkpt lat="56.1721340" lon="10.2253630">
    <ele>5.6</ele>
   </trkpt>
   <trkpt lat="56.1721880" lon="10.2254360">
    <ele>5.8</ele>
   </trkpt>
   <trkpt lat="56.1722440" lon="10.2255090">
    <ele>6.2</ele>
   </trkpt>
   <trkpt lat="56.1722990" lon="10.2255790">
    <ele>6.2</ele>
   </trkpt>
   <trkpt lat="56.1723540" lon="10.2256470">
    <ele>6.4</ele>
   </trkpt>
   <trkpt lat="56.1724090" lon="10.2257180">
    <ele>6.4</ele>
   </trkpt>
   <trkpt lat="56.1724650" lon="10.2257870">
    <ele>6.4</ele>
   </trkpt>
   <trkpt lat="56.1725200" lon="10.2258580">
    <ele>6.4</ele>
   </trkpt>
   <trkpt lat="56.1725760" lon="10.2259300">
    <ele>6.4</ele>
   </trkpt>
   <trkpt lat="56.1726280" lon="10.2260040">
    <ele>6.4</ele>
   </trkpt>
   <trkpt lat="56.1726810" lon="10.2260750">
    <ele>6.4</ele>
   </trkpt>
   <trkpt lat="56.1727340" lon="10.2261450">
    <ele>6.4</ele>
   </trkpt>
   <trkpt lat="56.1727880" lon="10.2262190">
    <ele>6.4</ele>
   </trkpt>
   <trkpt lat="56.1728430" lon="10.2262890">
    <ele>6.4</ele>
   </trkpt>
   <trkpt lat="56.1728980" lon="10.2263550">
    <ele>6.4</ele>
   </trkpt>
   <trkpt lat="56.1729540" lon="10.2264230">
    <ele>6.4</ele>
   </trkpt>
   <trkpt lat="56.1730090" lon="10.2264910">
    <ele>6.2</ele>
   </trkpt>
   <trkpt lat="56.1730630" lon="10.2265590">
    <ele>6.2</ele>
   </trkpt>
   <trkpt lat="56.1731160" lon="10.2266270">
    <ele>6.2</ele>
   </trkpt>
   <trkpt lat="56.1731720" lon="10.2266920">
    <ele>6.2</ele>
   </trkpt>
   <trkpt lat="56.1732250" lon="10.2267630">
    <ele>6.0</ele>
   </trkpt>
   <trkpt lat="56.1732750" lon="10.2268360">
    <ele>6.0</ele>
   </trkpt>
   <trkpt lat="56.1733260" lon="10.2269080">
    <ele>5.8</ele>
   </trkpt>
   <trkpt lat="56.1733770" lon="10.2269750">
    <ele>5.8</ele>
   </trkpt>
   <trkpt lat="56.1734280" lon="10.2270420">
    <ele>5.8</ele>
   </trkpt>
   <trkpt lat="56.1734800" lon="10.2271100">
    <ele>5.8</ele>
   </trkpt>
   <trkpt lat="56.1735330" lon="10.2271800">
    <ele>5.8</ele>
   </trkpt>
   <trkpt lat="56.1735880" lon="10.2272460">
    <ele>5.8</ele>
   </trkpt>
   <trkpt lat="56.1736410" lon="10.2273110">
    <ele>5.8</ele>
   </trkpt>
   <trkpt lat="56.1736950" lon="10.2273770">
    <ele>5.8</ele>
   </trkpt>
   <trkpt lat="56.1737490" lon="10.2274440">
    <ele>5.6</ele>
   </trkpt>
   <trkpt lat="56.1738030" lon="10.2275090">
    <ele>5.6</ele>
   </trkpt>
   <trkpt lat="56.1738560" lon="10.2275760">
    <ele>5.6</ele>
   </trkpt>
   <trkpt lat="56.1739100" lon="10.2276410">
    <ele>5.6</ele>
   </trkpt>
   <trkpt lat="56.1739630" lon="10.2277060">
    <ele>5.6</ele>
   </trkpt>
   <trkpt lat="56.1740180" lon="10.2277690">
    <ele>5.6</ele>
   </trkpt>
   <trkpt lat="56.1740730" lon="10.2278310">
    <ele>5.6</ele>
   </trkpt>
   <trkpt lat="56.1741270" lon="10.2278920">
    <ele>5.6</ele>
   </trkpt>
   <trkpt lat="56.1741830" lon="10.2279530">
    <ele>5.6</ele>
   </trkpt>
   <trkpt lat="56.1742380" lon="10.2280100">
    <ele>5.6</ele>
   </trkpt>
   <trkpt lat="56.1742940" lon="10.2280680">
    <ele>5.6</ele>
   </trkpt>
   <trkpt lat="56.1743460" lon="10.2281310">
    <ele>5.6</ele>
   </trkpt>
   <trkpt lat="56.1743960" lon="10.2281920">
    <ele>5.6</ele>
   </trkpt>
   <trkpt lat="56.1744490" lon="10.2282510">
    <ele>5.8</ele>
   </trkpt>
   <trkpt lat="56.1745050" lon="10.2283060">
    <ele>5.8</ele>
   </trkpt>
   <trkpt lat="56.1745590" lon="10.2283650">
    <ele>5.8</ele>
   </trkpt>
   <trkpt lat="56.1746140" lon="10.2284240">
    <ele>6.0</ele>
   </trkpt>
   <trkpt lat="56.1746710" lon="10.2284810">
    <ele>6.2</ele>
   </trkpt>
   <trkpt lat="56.1747270" lon="10.2285400">
    <ele>6.2</ele>
   </trkpt>
   <trkpt lat="56.1747820" lon="10.2286000">
    <ele>6.2</ele>
   </trkpt>
   <trkpt lat="56.1748360" lon="10.2286630">
    <ele>6.4</ele>
   </trkpt>
   <trkpt lat="56.1748910" lon="10.2287210">
    <ele>6.4</ele>
   </trkpt>
   <trkpt lat="56.1749490" lon="10.2287790">
    <ele>6.4</ele>
   </trkpt>
   <trkpt lat="56.1750070" lon="10.2288400">
    <ele>6.4</ele>
   </trkpt>
   <trkpt lat="56.1750640" lon="10.2288990">
    <ele>6.4</ele>
   </trkpt>
   <trkpt lat="56.1751220" lon="10.2289580">
    <ele>6.4</ele>
   </trkpt>
   <trkpt lat="56.1751800" lon="10.2290170">
    <ele>6.2</ele>
   </trkpt>
   <trkpt lat="56.1752360" lon="10.2290750">
    <ele>6.2</ele>
   </trkpt>
   <trkpt lat="56.1752930" lon="10.2291360">
    <ele>6.2</ele>
   </trkpt>
   <trkpt lat="56.1753490" lon="10.2291980">
    <ele>6.2</ele>
   </trkpt>
   <trkpt lat="56.1754050" lon="10.2292570">
    <ele>6.2</ele>
   </trkpt>
   <trkpt lat="56.1754640" lon="10.2293140">
    <ele>6.0</ele>
   </trkpt>
   <trkpt lat="56.1755210" lon="10.2293750">
    <ele>6.0</ele>
   </trkpt>
   <trkpt lat="56.1755790" lon="10.2294390">
    <ele>6.0</ele>
   </trkpt>
   <trkpt lat="56.1756350" lon="10.2295030">
    <ele>6.0</ele>
   </trkpt>
   <trkpt lat="56.1756940" lon="10.2295640">
    <ele>6.0</ele>
   </trkpt>
   <trkpt lat="56.1757530" lon="10.2296250">
    <ele>5.8</ele>
   </trkpt>
   <trkpt lat="56.1758080" lon="10.2296870">
    <ele>5.8</ele>
   </trkpt>
   <trkpt lat="56.1758640" lon="10.2297480">
    <ele>5.6</ele>
   </trkpt>
   <trkpt lat="56.1759240" lon="10.2298100">
    <ele>5.6</ele>
   </trkpt>
   <trkpt lat="56.1759810" lon="10.2298690">
    <ele>5.6</ele>
   </trkpt>
   <trkpt lat="56.1760370" lon="10.2299250">
    <ele>5.6</ele>
   </trkpt>
   <trkpt lat="56.1760920" lon="10.2299830">
    <ele>5.8</ele>
   </trkpt>
   <trkpt lat="56.1761460" lon="10.2300430">
    <ele>5.8</ele>
   </trkpt>
   <trkpt lat="56.1762010" lon="10.2301000">
    <ele>5.8</ele>
   </trkpt>
   <trkpt lat="56.1762570" lon="10.2301590">
    <ele>5.8</ele>
   </trkpt>
   <trkpt lat="56.1763110" lon="10.2302200">
    <ele>5.8</ele>
   </trkpt>
   <trkpt lat="56.1763670" lon="10.2302800">
    <ele>6.0</ele>
   </trkpt>
   <trkpt lat="56.1764240" lon="10.2303380">
    <ele>6.0</ele>
   </trkpt>
   <trkpt lat="56.1764800" lon="10.2303930">
    <ele>6.0</ele>
   </trkpt>
   <trkpt lat="56.1765380" lon="10.2304490">
    <ele>6.0</ele>
   </trkpt>
   <trkpt lat="56.1765940" lon="10.2305020">
    <ele>6.2</ele>
   </trkpt>
   <trkpt lat="56.1766500" lon="10.2305550">
    <ele>6.4</ele>
   </trkpt>
   <trkpt lat="56.1767070" lon="10.2306040">
    <ele>6.4</ele>
   </trkpt>
   <trkpt lat="56.1767640" lon="10.2306520">
    <ele>6.4</ele>
   </trkpt>
   <trkpt lat="56.1768180" lon="10.2307090">
    <ele>6.4</ele>
   </trkpt>
   <trkpt lat="56.1768710" lon="10.2307690">
    <ele>6.4</ele>
   </trkpt>
   <trkpt lat="56.1769250" lon="10.2308270">
    <ele>6.4</ele>
   </trkpt>
   <trkpt lat="56.1769790" lon="10.2308840">
    <ele>6.4</ele>
   </trkpt>
   <trkpt lat="56.1770340" lon="10.2309440">
    <ele>6.4</ele>
   </trkpt>
   <trkpt lat="56.1770880" lon="10.2310040">
    <ele>6.4</ele>
   </trkpt>
   <trkpt lat="56.1771410" lon="10.2310630">
    <ele>6.4</ele>
   </trkpt>
   <trkpt lat="56.1771950" lon="10.2311230">
    <ele>6.4</ele>
   </trkpt>
   <trkpt lat="56.1772500" lon="10.2311850">
    <ele>6.4</ele>
   </trkpt>
   <trkpt lat="56.1773020" lon="10.2312530">
    <ele>6.4</ele>
   </trkpt>
   <trkpt lat="56.1773530" lon="10.2313190">
    <ele>6.2</ele>
   </trkpt>
   <trkpt lat="56.1774050" lon="10.2313810">
    <ele>6.2</ele>
   </trkpt>
   <trkpt lat="56.1774570" lon="10.2314390">
    <ele>6.2</ele>
   </trkpt>
   <trkpt lat="56.1775130" lon="10.2314930">
    <ele>6.2</ele>
   </trkpt>
   <trkpt lat="56.1775680" lon="10.2315490">
    <ele>6.2</ele>
   </trkpt>
   <trkpt lat="56.1776240" lon="10.2316080">
    <ele>6.2</ele>
   </trkpt>
   <trkpt lat="56.1776790" lon="10.2316670">
    <ele>6.2</ele>
   </trkpt>
   <trkpt lat="56.1777330" lon="10.2317260">
    <ele>6.2</ele>
   </trkpt>
   <trkpt lat="56.1777880" lon="10.2317810">
    <ele>6.2</ele>
   </trkpt>
   <trkpt lat="56.1778420" lon="10.2318350">
    <ele>6.2</ele>
   </trkpt>
   <trkpt lat="56.1778950" lon="10.2318890">
    <ele>6.0</ele>
   </trkpt>
   <trkpt lat="56.1779470" lon="10.2319480">
    <ele>6.0</ele>
   </trkpt>
   <trkpt lat="56.1780020" lon="10.2320050">
    <ele>6.0</ele>
   </trkpt>
   <trkpt lat="56.1780560" lon="10.2320640">
    <ele>6.0</ele>
   </trkpt>
   <trkpt lat="56.1781120" lon="10.2321240">
    <ele>6.0</ele>
   </trkpt>
   <trkpt lat="56.1781680" lon="10.2321820">
    <ele>5.8</ele>
   </trkpt>
   <trkpt lat="56.1782230" lon="10.2322410">
    <ele>5.6</ele>
   </trkpt>
   <trkpt lat="56.1782760" lon="10.2323050">
    <ele>5.6</ele>
   </trkpt>
   <trkpt lat="56.1783320" lon="10.2323630">
    <ele>5.4</ele>
   </trkpt>
   <trkpt lat="56.1783880" lon="10.2324200">
    <ele>5.4</ele>
   </trkpt>
   <trkpt lat="56.1784430" lon="10.2324740">
    <ele>5.6</ele>
   </trkpt>
   <trkpt lat="56.1784990" lon="10.2325310">
    <ele>5.8</ele>
   </trkpt>
   <trkpt lat="56.1785530" lon="10.2325900">
    <ele>5.8</ele>
   </trkpt>
   <trkpt lat="56.1786080" lon="10.2326510">
    <ele>5.8</ele>
   </trkpt>
   <trkpt lat="56.1786640" lon="10.2327080">
    <ele>5.8</ele>
   </trkpt>
   <trkpt lat="56.1787190" lon="10.2327620">
    <ele>5.8</ele>
   </trkpt>
   <trkpt lat="56.1787740" lon="10.2328200">
    <ele>5.6</ele>
   </trkpt>
   <trkpt lat="56.1788290" lon="10.2328800">
    <ele>5.6</ele>
   </trkpt>
   <trkpt lat="56.1788840" lon="10.2329400">
    <ele>5.6</ele>
   </trkpt>
   <trkpt lat="56.1789390" lon="10.2329950">
    <ele>5.6</ele>
   </trkpt>
   <trkpt lat="56.1789950" lon="10.2330470">
    <ele>5.6</ele>
   </trkpt>
   <trkpt lat="56.1790510" lon="10.2331020">
    <ele>6.0</ele>
   </trkpt>
   <trkpt lat="56.1791060" lon="10.2331600">
    <ele>6.0</ele>
   </trkpt>
   <trkpt lat="56.1791610" lon="10.2332220">
    <ele>6.0</ele>
   </trkpt>
   <trkpt lat="56.1792160" lon="10.2332830">
    <ele>6.0</ele>
   </trkpt>
   <trkpt lat="56.1792710" lon="10.2333390">
    <ele>6.0</ele>
   </trkpt>
   <trkpt lat="56.1793270" lon="10.2333960">
    <ele>6.0</ele>
   </trkpt>
   <trkpt lat="56.1793840" lon="10.2334520">
    <ele>6.0</ele>
   </trkpt>
   <trkpt lat="56.1794390" lon="10.2335080">
    <ele>6.0</ele>
   </trkpt>
   <trkpt lat="56.1794940" lon="10.2335650">
    <ele>6.0</ele>
   </trkpt>
   <trkpt lat="56.1795510" lon="10.2336140">
    <ele>6.0</ele>
   </trkpt>
   <trkpt lat="56.1796090" lon="10.2336560">
    <ele>6.0</ele>
   </trkpt>
   <trkpt lat="56.1796690" lon="10.2336900">
    <ele>6.0</ele>
   </trkpt>
   <trkpt lat="56.1797270" lon="10.2337210">
    <ele>6.0</ele>
   </trkpt>
   <trkpt lat="56.1797860" lon="10.2337510">
    <ele>6.0</ele>
   </trkpt>
   <trkpt lat="56.1798440" lon="10.2337810">
    <ele>6.0</ele>
   </trkpt>
   <trkpt lat="56.1798990" lon="10.2338110">
    <ele>5.8</ele>
   </trkpt>
   <trkpt lat="56.1799540" lon="10.2338410">
    <ele>5.8</ele>
   </trkpt>
   <trkpt lat="56.1800040" lon="10.2338690">
    <ele>5.6</ele>
   </trkpt>
   <trkpt lat="56.1800550" lon="10.2338910">
    <ele>5.6</ele>
   </trkpt>
   <trkpt lat="56.1801130" lon="10.2339160">
    <ele>5.4</ele>
   </trkpt>
   <trkpt lat="56.1801750" lon="10.2339450">
    <ele>5.2</ele>
   </trkpt>
   <trkpt lat="56.1802350" lon="10.2339800">
    <ele>5.2</ele>
   </trkpt>
   <trkpt lat="56.1802960" lon="10.2340210">
    <ele>5.0</ele>
   </trkpt>
   <trkpt lat="56.1803560" lon="10.2340630">
    <ele>5.0</ele>
   </trkpt>
   <trkpt lat="56.1804140" lon="10.2341070">
    <ele>5.0</ele>
   </trkpt>
   <trkpt lat="56.1804780" lon="10.2341430">
    <ele>5.0</ele>
   </trkpt>
   <trkpt lat="56.1805400" lon="10.2341720">
    <ele>4.8</ele>
   </trkpt>
   <trkpt lat="56.1806060" lon="10.2341960">
    <ele>4.4</ele>
   </trkpt>
   <trkpt lat="56.1806700" lon="10.2342210">
    <ele>4.2</ele>
   </trkpt>
   <trkpt lat="56.1807350" lon="10.2342450">
    <ele>4.2</ele>
   </trkpt>
   <trkpt lat="56.1807970" lon="10.2342710">
    <ele>4.0</ele>
   </trkpt>
   <trkpt lat="56.1808550" lon="10.2342980">
    <ele>4.0</ele>
   </trkpt>
   <trkpt lat="56.1809170" lon="10.2343240">
    <ele>4.0</ele>
   </trkpt>
   <trkpt lat="56.1809800" lon="10.2343480">
    <ele>4.0</ele>
   </trkpt>
   <trkpt lat="56.1810430" lon="10.2343750">
    <ele>4.0</ele>
   </trkpt>
   <trkpt lat="56.1811060" lon="10.2343940">
    <ele>4.2</ele>
   </trkpt>
   <trkpt lat="56.1811740" lon="10.2344100">
    <ele>4.2</ele>
   </trkpt>
   <trkpt lat="56.1812390" lon="10.2344330">
    <ele>4.2</ele>
   </trkpt>
   <trkpt lat="56.1813080" lon="10.2344510">
    <ele>4.2</ele>
   </trkpt>
   <trkpt lat="56.1813690" lon="10.2344720">
    <ele>4.4</ele>
   </trkpt>
   <trkpt lat="56.1814300" lon="10.2344980">
    <ele>4.6</ele>
   </trkpt>
   <trkpt lat="56.1814890" lon="10.2345220">
    <ele>4.6</ele>
   </trkpt>
   <trkpt lat="56.1815500" lon="10.2345450">
    <ele>4.6</ele>
   </trkpt>
   <trkpt lat="56.1816110" lon="10.2345610">
    <ele>4.6</ele>
   </trkpt>
   <trkpt lat="56.1816690" lon="10.2345760">
    <ele>4.4</ele>
   </trkpt>
   <trkpt lat="56.1817260" lon="10.2345990">
    <ele>4.4</ele>
   </trkpt>
   <trkpt lat="56.1817820" lon="10.2346310">
    <ele>4.2</ele>
   </trkpt>
   <trkpt lat="56.1818360" lon="10.2346650">
    <ele>4.2</ele>
   </trkpt>
   <trkpt lat="56.1818910" lon="10.2346990">
    <ele>4.2</ele>
   </trkpt>
   <trkpt lat="56.1819460" lon="10.2347380">
    <ele>4.2</ele>
   </trkpt>
   <trkpt lat="56.1820010" lon="10.2347800">
    <ele>4.2</ele>
   </trkpt>
   <trkpt lat="56.1820570" lon="10.2348160">
    <ele>4.0</ele>
   </trkpt>
   <trkpt lat="56.1821140" lon="10.2348510">
    <ele>3.8</ele>
   </trkpt>
   <trkpt lat="56.1821730" lon="10.2348820">
    <ele>3.8</ele>
   </trkpt>
   <trkpt lat="56.1822290" lon="10.2349120">
    <ele>3.8</ele>
   </trkpt>
   <trkpt lat="56.1822870" lon="10.2349430">
    <ele>3.8</ele>
   </trkpt>
   <trkpt lat="56.1823450" lon="10.2349730">
    <ele>3.8</ele>
   </trkpt>
   <trkpt lat="56.1824010" lon="10.2350030">
    <ele>4.0</ele>
   </trkpt>
   <trkpt lat="56.1824580" lon="10.2350330">
    <ele>4.0</ele>
   </trkpt>
   <trkpt lat="56.1825170" lon="10.2350600">
    <ele>4.0</ele>
   </trkpt>
   <trkpt lat="56.1825740" lon="10.2350900">
    <ele>4.0</ele>
   </trkpt>
   <trkpt lat="56.1826330" lon="10.2351170">
    <ele>4.0</ele>
   </trkpt>
   <trkpt lat="56.1826920" lon="10.2351380">
    <ele>4.0</ele>
   </trkpt>
   <trkpt lat="56.1827520" lon="10.2351610">
    <ele>4.0</ele>
   </trkpt>
   <trkpt lat="56.1828130" lon="10.2351910">
    <ele>3.8</ele>
   </trkpt>
   <trkpt lat="56.1828720" lon="10.2352290">
    <ele>3.8</ele>
   </trkpt>
   <trkpt lat="56.1829300" lon="10.2352710">
    <ele>3.8</ele>
   </trkpt>
   <trkpt lat="56.1829870" lon="10.2353170">
    <ele>3.8</ele>
   </trkpt>
   <trkpt lat="56.1830450" lon="10.2353600">
    <ele>3.8</ele>
   </trkpt>
   <trkpt lat="56.1831030" lon="10.2353970">
    <ele>4.0</ele>
   </trkpt>
   <trkpt lat="56.1831620" lon="10.2354350">
    <ele>4.0</ele>
   </trkpt>
   <trkpt lat="56.1832220" lon="10.2354750">
    <ele>4.0</ele>
   </trkpt>
   <trkpt lat="56.1832790" lon="10.2355230">
    <ele>4.0</ele>
   </trkpt>
   <trkpt lat="56.1833350" lon="10.2355730">
    <ele>3.8</ele>
   </trkpt>
   <trkpt lat="56.1833900" lon="10.2356210">
    <ele>3.8</ele>
   </trkpt>
   <trkpt lat="56.1834440" lon="10.2356670">
    <ele>3.8</ele>
   </trkpt>
   <trkpt lat="56.1834980" lon="10.2357120">
    <ele>3.8</ele>
   </trkpt>
   <trkpt lat="56.1835530" lon="10.2357630">
    <ele>3.8</ele>
   </trkpt>
   <trkpt lat="56.1836050" lon="10.2358160">
    <ele>3.8</ele>
   </trkpt>
   <trkpt lat="56.1836580" lon="10.2358640">
    <ele>3.8</ele>
   </trkpt>
   <trkpt lat="56.1837100" lon="10.2359100">
    <ele>3.8</ele>
   </trkpt>
   <trkpt lat="56.1837630" lon="10.2359550">
    <ele>4.0</ele>
   </trkpt>
   <trkpt lat="56.1838170" lon="10.2360010">
    <ele>4.0</ele>
   </trkpt>
   <trkpt lat="56.1838700" lon="10.2360440">
    <ele>4.0</ele>
   </trkpt>
   <trkpt lat="56.1839250" lon="10.2360830">
    <ele>4.2</ele>
   </trkpt>
   <trkpt lat="56.1839800" lon="10.2361250">
    <ele>4.2</ele>
   </trkpt>
   <trkpt lat="56.1840360" lon="10.2361710">
    <ele>4.2</ele>
   </trkpt>
   <trkpt lat="56.1840900" lon="10.2362170">
    <ele>4.2</ele>
   </trkpt>
   <trkpt lat="56.1841440" lon="10.2362620">
    <ele>4.0</ele>
   </trkpt>
   <trkpt lat="56.1842000" lon="10.2363040">
    <ele>4.0</ele>
   </trkpt>
   <trkpt lat="56.1842570" lon="10.2363460">
    <ele>4.0</ele>
   </trkpt>
   <trkpt lat="56.1843120" lon="10.2363920">
    <ele>4.0</ele>
   </trkpt>
   <trkpt lat="56.1843680" lon="10.2364350">
    <ele>4.0</ele>
   </trkpt>
   <trkpt lat="56.1844250" lon="10.2364750">
    <ele>4.2</ele>
   </trkpt>
   <trkpt lat="56.1844810" lon="10.2365200">
    <ele>4.6</ele>
   </trkpt>
   <trkpt lat="56.1845380" lon="10.2365670">
    <ele>4.6</ele>
   </trkpt>
   <trkpt lat="56.1845830" lon="10.2366030">
    <ele>4.6</ele>
   </trkpt>
   <trkpt lat="56.1846410" lon="10.2366440">
    <ele>4.6</ele>
   </trkpt>
   <trkpt lat="56.1847070" lon="10.2366950">
    <ele>4.6</ele>
   </trkpt>
   <trkpt lat="56.1847520" lon="10.2367300">
    <ele>4.6</ele>
   </trkpt>
   <trkpt lat="56.1848090" lon="10.2367730">
    <ele>4.4</ele>
   </trkpt>
   <trkpt lat="56.1848630" lon="10.2368180">
    <ele>4.4</ele>
   </trkpt>
   <trkpt lat="56.1849170" lon="10.2368610">
    <ele>4.2</ele>
   </trkpt>
   <trkpt lat="56.1849710" lon="10.2369020">
    <ele>4.2</ele>
   </trkpt>
   <trkpt lat="56.1850230" lon="10.2369460">
    <ele>4.0</ele>
   </trkpt>
   <trkpt lat="56.1850770" lon="10.2369860">
    <ele>4.0</ele>
   </trkpt>
   <trkpt lat="56.1851420" lon="10.2370330">
    <ele>4.0</ele>
   </trkpt>
   <trkpt lat="56.1851950" lon="10.2370780">
    <ele>3.8</ele>
   </trkpt>
   <trkpt lat="56.1852470" lon="10.2371230">
    <ele>3.8</ele>
   </trkpt>
   <trkpt lat="56.1852970" lon="10.2371670">
    <ele>3.6</ele>
   </trkpt>
   <trkpt lat="56.1853500" lon="10.2372070">
    <ele>3.6</ele>
   </trkpt>
   <trkpt lat="56.1854010" lon="10.2372480">
    <ele>3.6</ele>
   </trkpt>
   <trkpt lat="56.1854520" lon="10.2372910">
    <ele>3.8</ele>
   </trkpt>
   <trkpt lat="56.1855030" lon="10.2373330">
    <ele>3.8</ele>
   </trkpt>
   <trkpt lat="56.1855550" lon="10.2373710">
    <ele>3.8</ele>
   </trkpt>
   <trkpt lat="56.1856070" lon="10.2374090">
    <ele>3.8</ele>
   </trkpt>
   <trkpt lat="56.1856570" lon="10.2374480">
    <ele>3.8</ele>
   </trkpt>
   <trkpt lat="56.1857080" lon="10.2374850">
    <ele>3.8</ele>
   </trkpt>
   <trkpt lat="56.1857590" lon="10.2375180">
    <ele>3.8</ele>
   </trkpt>
   <trkpt lat="56.1858090" lon="10.2375500">
    <ele>3.8</ele>
   </trkpt>
   <trkpt lat="56.1858570" lon="10.2375870">
    <ele>3.8</ele>
   </trkpt>
   <trkpt lat="56.1859070" lon="10.2376200">
    <ele>3.8</ele>
   </trkpt>
   <trkpt lat="56.1859610" lon="10.2376470">
    <ele>4.0</ele>
   </trkpt>
   <trkpt lat="56.1860140" lon="10.2376710">
    <ele>4.8</ele>
   </trkpt>
   <trkpt lat="56.1860670" lon="10.2376920">
    <ele>5.2</ele>
   </trkpt>
   <trkpt lat="56.1861210" lon="10.2377090">
    <ele>5.2</ele>
   </trkpt>
   <trkpt lat="56.1861750" lon="10.2377280">
    <ele>5.2</ele>
   </trkpt>
   <trkpt lat="56.1862300" lon="10.2377460">
    <ele>5.2</ele>
   </trkpt>
   <trkpt lat="56.1862870" lon="10.2377580">
    <ele>4.6</ele>
   </trkpt>
   <trkpt lat="56.1863430" lon="10.2377710">
    <ele>4.6</ele>
   </trkpt>
   <trkpt lat="56.1863980" lon="10.2377850">
    <ele>4.6</ele>
   </trkpt>
   <trkpt lat="56.1864530" lon="10.2377980">
    <ele>4.4</ele>
   </trkpt>
   <trkpt lat="56.1865100" lon="10.2378080">
    <ele>4.2</ele>
   </trkpt>
   <trkpt lat="56.1865660" lon="10.2378220">
    <ele>4.2</ele>
   </trkpt>
   <trkpt lat="56.1866220" lon="10.2378370">
    <ele>4.2</ele>
   </trkpt>
   <trkpt lat="56.1866790" lon="10.2378470">
    <ele>4.2</ele>
   </trkpt>
   <trkpt lat="56.1867380" lon="10.2378600">
    <ele>4.8</ele>
   </trkpt>
   <trkpt lat="56.1867940" lon="10.2378730">
    <ele>4.8</ele>
   </trkpt>
   <trkpt lat="56.1868500" lon="10.2378840">
    <ele>4.8</ele>
   </trkpt>
   <trkpt lat="56.1869070" lon="10.2378970">
    <ele>4.8</ele>
   </trkpt>
   <trkpt lat="56.1869640" lon="10.2379140">
    <ele>4.8</ele>
   </trkpt>
   <trkpt lat="56.1870210" lon="10.2379290">
    <ele>4.8</ele>
   </trkpt>
   <trkpt lat="56.1870660" lon="10.2379410">
    <ele>4.8</ele>
   </trkpt>
   <trkpt lat="56.1871230" lon="10.2379580">
    <ele>4.8</ele>
   </trkpt>
   <trkpt lat="56.1871780" lon="10.2379720">
    <ele>4.8</ele>
   </trkpt>
   <trkpt lat="56.1872330" lon="10.2379830">
    <ele>4.8</ele>
   </trkpt>
   <trkpt lat="56.1872890" lon="10.2379960">
    <ele>4.8</ele>
   </trkpt>
   <trkpt lat="56.1873440" lon="10.2380080">
    <ele>5.0</ele>
   </trkpt>
   <trkpt lat="56.1873980" lon="10.2380200">
    <ele>5.0</ele>
   </trkpt>
   <trkpt lat="56.1874540" lon="10.2380340">
    <ele>5.0</ele>
   </trkpt>
   <trkpt lat="56.1875100" lon="10.2380480">
    <ele>5.0</ele>
   </trkpt>
   <trkpt lat="56.1875670" lon="10.2380630">
    <ele>5.0</ele>
   </trkpt>
   <trkpt lat="56.1876330" lon="10.2380800">
    <ele>5.0</ele>
   </trkpt>
   <trkpt lat="56.1876770" lon="10.2380920">
    <ele>4.8</ele>
   </trkpt>
   <trkpt lat="56.1877300" lon="10.2381060">
    <ele>4.6</ele>
   </trkpt>
   <trkpt lat="56.1877870" lon="10.2381160">
    <ele>4.6</ele>
   </trkpt>
   <trkpt lat="56.1878440" lon="10.2381250">
    <ele>4.6</ele>
   </trkpt>
   <trkpt lat="56.1878990" lon="10.2381400">
    <ele>4.6</ele>
   </trkpt>
   <trkpt lat="56.1879640" lon="10.2381590">
    <ele>4.6</ele>
   </trkpt>
   <trkpt lat="56.1880050" lon="10.2381700">
    <ele>4.6</ele>
   </trkpt>
   <trkpt lat="56.1880710" lon="10.2381830">
    <ele>4.8</ele>
   </trkpt>
   <trkpt lat="56.1881200" lon="10.2381910">
    <ele>5.0</ele>
   </trkpt>
   <trkpt lat="56.1881790" lon="10.2382040">
    <ele>5.2</ele>
   </trkpt>
   <trkpt lat="56.1882340" lon="10.2382140">
    <ele>5.2</ele>
   </trkpt>
   <trkpt lat="56.1882860" lon="10.2382270">
    <ele>5.2</ele>
   </trkpt>
   <trkpt lat="56.1883470" lon="10.2382530">
    <ele>5.2</ele>
   </trkpt>
   <trkpt lat="56.1883940" lon="10.2382830">
    <ele>5.2</ele>
   </trkpt>
   <trkpt lat="56.1884410" lon="10.2383040">
    <ele>5.2</ele>
   </trkpt>
   <trkpt lat="56.1884910" lon="10.2383200">
    <ele>5.2</ele>
   </trkpt>
   <trkpt lat="56.1885420" lon="10.2383330">
    <ele>5.4</ele>
   </trkpt>
   <trkpt lat="56.1885930" lon="10.2383450">
    <ele>5.8</ele>
   </trkpt>
   <trkpt lat="56.1886420" lon="10.2383530">
    <ele>5.8</ele>
   </trkpt>
   <trkpt lat="56.1886900" lon="10.2383630">
    <ele>5.8</ele>
   </trkpt>
   <trkpt lat="56.1887370" lon="10.2383780">
    <ele>5.4</ele>
   </trkpt>
   <trkpt lat="56.1887860" lon="10.2383930">
    <ele>5.4</ele>
   </trkpt>
   <trkpt lat="56.1888380" lon="10.2384030">
    <ele>5.4</ele>
   </trkpt>
   <trkpt lat="56.1888910" lon="10.2384150">
    <ele>5.2</ele>
   </trkpt>
   <trkpt lat="56.1889340" lon="10.2384250">
    <ele>5.2</ele>
   </trkpt>
   <trkpt lat="56.1890000" lon="10.2384440">
    <ele>5.2</ele>
   </trkpt>
   <trkpt lat="56.1890530" lon="10.2384570">
    <ele>5.0</ele>
   </trkpt>
   <trkpt lat="56.1890990" lon="10.2384620">
    <ele>4.6</ele>
   </trkpt>
   <trkpt lat="56.1891560" lon="10.2384690">
    <ele>4.6</ele>
   </trkpt>
   <trkpt lat="56.1892100" lon="10.2384780">
    <ele>4.6</ele>
   </trkpt>
   <trkpt lat="56.1892730" lon="10.2384970">
    <ele>4.6</ele>
   </trkpt>
   <trkpt lat="56.1893270" lon="10.2385100">
    <ele>4.8</ele>
   </trkpt>
   <trkpt lat="56.1893810" lon="10.2385230">
    <ele>5.0</ele>
   </trkpt>
   <trkpt lat="56.1894350" lon="10.2385380">
    <ele>5.0</ele>
   </trkpt>
   <trkpt lat="56.1894780" lon="10.2385510">
    <ele>5.0</ele>
   </trkpt>
   <trkpt lat="56.1895430" lon="10.2385720">
    <ele>5.0</ele>
   </trkpt>
   <trkpt lat="56.1895970" lon="10.2385940">
    <ele>5.0</ele>
   </trkpt>
   <trkpt lat="56.1896470" lon="10.2386230">
    <ele>5.0</ele>
   </trkpt>
   <trkpt lat="56.1896940" lon="10.2386590">
    <ele>4.8</ele>
   </trkpt>
   <trkpt lat="56.1897370" lon="10.2387010">
    <ele>4.8</ele>
   </trkpt>
   <trkpt lat="56.1897680" lon="10.2387380">
    <ele>4.8</ele>
   </trkpt>
   <trkpt lat="56.1898010" lon="10.2387930">
    <ele>4.8</ele>
   </trkpt>
   <trkpt lat="56.1898280" lon="10.2388550">
    <ele>4.8</ele>
   </trkpt>
   <trkpt lat="56.1898550" lon="10.2389170">
    <ele>4.8</ele>
   </trkpt>
   <trkpt lat="56.1898870" lon="10.2389700">
    <ele>4.8</ele>
   </trkpt>
   <trkpt lat="56.1899220" lon="10.2389990">
    <ele>4.8</ele>
   </trkpt>
   <trkpt lat="56.1899550" lon="10.2390190">
    <ele>5.0</ele>
   </trkpt>
   <trkpt lat="56.1899860" lon="10.2390380">
    <ele>5.0</ele>
   </trkpt>
   <trkpt lat="56.1900210" lon="10.2390650">
    <ele>5.0</ele>
   </trkpt>
   <trkpt lat="56.1900480" lon="10.2390870">
    <ele>5.0</ele>
   </trkpt>
   <trkpt lat="56.1900710" lon="10.2391020">
    <ele>5.0</ele>
   </trkpt>
   <trkpt lat="56.1900930" lon="10.2391030">
    <ele>5.0</ele>
   </trkpt>
   <trkpt lat="56.1901100" lon="10.2390880">
    <ele>5.0</ele>
   </trkpt>
   <trkpt lat="56.1901210" lon="10.2390660">
    <ele>5.2</ele>
   </trkpt>
   <trkpt lat="56.1901390" lon="10.2390270">
    <ele>5.4</ele>
   </trkpt>
   <trkpt lat="56.1901600" lon="10.2389900">
    <ele>5.6</ele>
   </trkpt>
   <trkpt lat="56.1901790" lon="10.2389570">
    <ele>5.6</ele>
   </trkpt>
   <trkpt lat="56.1902060" lon="10.2389230">
    <ele>5.6</ele>
   </trkpt>
   <trkpt lat="56.1902380" lon="10.2388960">
    <ele>5.6</ele>
   </trkpt>
   <trkpt lat="56.1902760" lon="10.2388790">
    <ele>5.4</ele>
   </trkpt>
   <trkpt lat="56.1903190" lon="10.2388630">
    <ele>5.2</ele>
   </trkpt>
   <trkpt lat="56.1903620" lon="10.2388480">
    <ele>5.2</ele>
   </trkpt>
   <trkpt lat="56.1904070" lon="10.2388410">
    <ele>5.0</ele>
   </trkpt>
   <trkpt lat="56.1904570" lon="10.2388330">
    <ele>5.0</ele>
   </trkpt>
   <trkpt lat="56.1905080" lon="10.2388220">
    <ele>5.0</ele>
   </trkpt>
   <trkpt lat="56.1905610" lon="10.2388160">
    <ele>4.8</ele>
   </trkpt>
   <trkpt lat="56.1906170" lon="10.2388150">
    <ele>4.8</ele>
   </trkpt>
   <trkpt lat="56.1906780" lon="10.2388110">
    <ele>4.8</ele>
   </trkpt>
   <trkpt lat="56.1907370" lon="10.2388030">
    <ele>4.8</ele>
   </trkpt>
   <trkpt lat="56.1907950" lon="10.2387910">
    <ele>4.4</ele>
   </trkpt>
   <trkpt lat="56.1908520" lon="10.2387810">
    <ele>4.2</ele>
   </trkpt>
   <trkpt lat="56.1909190" lon="10.2387670">
    <ele>4.2</ele>
   </trkpt>
   <trkpt lat="56.1909620" lon="10.2387570">
    <ele>4.0</ele>
   </trkpt>
   <trkpt lat="56.1910190" lon="10.2387460">
    <ele>4.0</ele>
   </trkpt>
   <trkpt lat="56.1910760" lon="10.2387330">
    <ele>4.0</ele>
   </trkpt>
   <trkpt lat="56.1911440" lon="10.2387160">
    <ele>4.0</ele>
   </trkpt>
   <trkpt lat="56.1912010" lon="10.2387030">
    <ele>3.8</ele>
   </trkpt>
   <trkpt lat="56.1912450" lon="10.2386900">
    <ele>3.6</ele>
   </trkpt>
   <trkpt lat="56.1912990" lon="10.2386720">
    <ele>3.6</ele>
   </trkpt>
   <trkpt lat="56.1913540" lon="10.2386570">
    <ele>3.6</ele>
   </trkpt>
   <trkpt lat="56.1914090" lon="10.2386440">
    <ele>3.6</ele>
   </trkpt>
   <trkpt lat="56.1914750" lon="10.2386330">
    <ele>3.8</ele>
   </trkpt>
   <trkpt lat="56.1915200" lon="10.2386230">
    <ele>3.8</ele>
   </trkpt>
   <trkpt lat="56.1915860" lon="10.2386030">
    <ele>3.8</ele>
   </trkpt>
   <trkpt lat="56.1916310" lon="10.2385890">
    <ele>4.0</ele>
   </trkpt>
   <trkpt lat="56.1916860" lon="10.2385700">
    <ele>3.8</ele>
   </trkpt>
   <trkpt lat="56.1917420" lon="10.2385520">
    <ele>3.8</ele>
   </trkpt>
   <trkpt lat="56.1917960" lon="10.2385400">
    <ele>4.0</ele>
   </trkpt>
   <trkpt lat="56.1918500" lon="10.2385270">
    <ele>4.0</ele>
   </trkpt>
   <trkpt lat="56.1919050" lon="10.2385150">
    <ele>4.0</ele>
   </trkpt>
   <trkpt lat="56.1919700" lon="10.2385000">
    <ele>4.2</ele>
   </trkpt>
   <trkpt lat="56.1920260" lon="10.2384870">
    <ele>4.2</ele>
   </trkpt>
   <trkpt lat="56.1920820" lon="10.2384720">
    <ele>4.2</ele>
   </trkpt>
   <trkpt lat="56.1921250" lon="10.2384570">
    <ele>4.2</ele>
   </trkpt>
   <trkpt lat="56.1921800" lon="10.2384400">
    <ele>4.0</ele>
   </trkpt>
   <trkpt lat="56.1922350" lon="10.2384230">
    <ele>4.0</ele>
   </trkpt>
   <trkpt lat="56.1922990" lon="10.2384000">
    <ele>4.0</ele>
   </trkpt>
   <trkpt lat="56.1923530" lon="10.2383810">
    <ele>4.0</ele>
   </trkpt>
   <trkpt lat="56.1924050" lon="10.2383570">
    <ele>4.0</ele>
   </trkpt>
   <trkpt lat="56.1924460" lon="10.2383400">
    <ele>4.0</ele>
   </trkpt>
   <trkpt lat="56.1924980" lon="10.2383220">
    <ele>4.0</ele>
   </trkpt>
   <trkpt lat="56.1925580" lon="10.2383030">
    <ele>3.8</ele>
   </trkpt>
   <trkpt lat="56.1926040" lon="10.2382840">
    <ele>3.8</ele>
   </trkpt>
   <trkpt lat="56.1926520" lon="10.2382610">
    <ele>3.8</ele>
   </trkpt>
   <trkpt lat="56.1926990" lon="10.2382420">
    <ele>3.8</ele>
   </trkpt>
   <trkpt lat="56.1927470" lon="10.2382280">
    <ele>4.0</ele>
   </trkpt>
   <trkpt lat="56.1927970" lon="10.2382090">
    <ele>4.0</ele>
   </trkpt>
   <trkpt lat="56.1928450" lon="10.2381830">
    <ele>4.2</ele>
   </trkpt>
   <trkpt lat="56.1928920" lon="10.2381550">
    <ele>4.2</ele>
   </trkpt>
   <trkpt lat="56.1929390" lon="10.2381310">
    <ele>4.4</ele>
   </trkpt>
   <trkpt lat="56.1929860" lon="10.2381070">
    <ele>4.4</ele>
   </trkpt>
   <trkpt lat="56.1930340" lon="10.2380860">
    <ele>4.4</ele>
   </trkpt>
   <trkpt lat="56.1930820" lon="10.2380670">
    <ele>4.4</ele>
   </trkpt>
   <trkpt lat="56.1931200" lon="10.2380560">
    <ele>4.6</ele>
   </trkpt>
   <trkpt lat="56.1931700" lon="10.2380340">
    <ele>4.6</ele>
   </trkpt>
   <trkpt lat="56.1932200" lon="10.2380070">
    <ele>4.6</ele>
   </trkpt>
   <trkpt lat="56.1932700" lon="10.2379800">
    <ele>4.6</ele>
   </trkpt>
   <trkpt lat="56.1933170" lon="10.2379590">
    <ele>4.6</ele>
   </trkpt>
   <trkpt lat="56.1933760" lon="10.2379470">
    <ele>4.6</ele>
   </trkpt>
   <trkpt lat="56.1934280" lon="10.2379540">
    <ele>4.8</ele>
   </trkpt>
   <trkpt lat="56.1934770" lon="10.2379770">
    <ele>5.0</ele>
   </trkpt>
   <trkpt lat="56.1935250" lon="10.2380050">
    <ele>5.6</ele>
   </trkpt>
   <trkpt lat="56.1935740" lon="10.2380270">
    <ele>6.0</ele>
   </trkpt>
   <trkpt lat="56.1936220" lon="10.2380530">
    <ele>6.0</ele>
   </trkpt>
   <trkpt lat="56.1936690" lon="10.2380960">
    <ele>6.0</ele>
   </trkpt>
   <trkpt lat="56.1937060" lon="10.2381340">
    <ele>6.0</ele>
   </trkpt>
   <trkpt lat="56.1937530" lon="10.2381840">
    <ele>5.8</ele>
   </trkpt>
   <trkpt lat="56.1938020" lon="10.2382340">
    <ele>5.8</ele>
   </trkpt>
   <trkpt lat="56.1938520" lon="10.2382810">
    <ele>5.6</ele>
   </trkpt>
   <trkpt lat="56.1939030" lon="10.2383270">
    <ele>5.2</ele>
   </trkpt>
   <trkpt lat="56.1939510" lon="10.2383820">
    <ele>5.2</ele>
   </trkpt>
   <trkpt lat="56.1939980" lon="10.2384430">
    <ele>5.2</ele>
   </trkpt>
   <trkpt lat="56.1940550" lon="10.2385110">
    <ele>5.0</ele>
   </trkpt>
   <trkpt lat="56.1940950" lon="10.2385500">
    <ele>5.0</ele>
   </trkpt>
   <trkpt lat="56.1941450" lon="10.2385990">
    <ele>4.8</ele>
   </trkpt>
   <trkpt lat="56.1942030" lon="10.2386590">
    <ele>4.4</ele>
   </trkpt>
   <trkpt lat="56.1942420" lon="10.2386990">
    <ele>4.2</ele>
   </trkpt>
   <trkpt lat="56.1942910" lon="10.2387460">
    <ele>4.0</ele>
   </trkpt>
   <trkpt lat="56.1943410" lon="10.2387920">
    <ele>4.0</ele>
   </trkpt>
   <trkpt lat="56.1943900" lon="10.2388400">
    <ele>4.0</ele>
   </trkpt>
   <trkpt lat="56.1944380" lon="10.2388910">
    <ele>4.0</ele>
   </trkpt>
   <trkpt lat="56.1944830" lon="10.2389440">
    <ele>4.0</ele>
   </trkpt>
   <trkpt lat="56.1945260" lon="10.2389990">
    <ele>4.0</ele>
   </trkpt>
   <trkpt lat="56.1945740" lon="10.2390650">
    <ele>3.8</ele>
   </trkpt>
   <trkpt lat="56.1946140" lon="10.2391160">
    <ele>3.8</ele>
   </trkpt>
   <trkpt lat="56.1946440" lon="10.2391540">
    <ele>3.8</ele>
   </trkpt>
   <trkpt lat="56.1946810" lon="10.2392060">
    <ele>3.8</ele>
   </trkpt>
   <trkpt lat="56.1947230" lon="10.2392680">
    <ele>4.0</ele>
   </trkpt>
   <trkpt lat="56.1947590" lon="10.2393110">
    <ele>4.0</ele>
   </trkpt>
   <trkpt lat="56.1947910" lon="10.2393460">
    <ele>4.2</ele>
   </trkpt>
   <trkpt lat="56.1948140" lon="10.2393730">
    <ele>4.2</ele>
   </trkpt>
   <trkpt lat="56.1948300" lon="10.2393920">
    <ele>4.2</ele>
   </trkpt>
   <trkpt lat="56.1948430" lon="10.2394000">
    <ele>4.2</ele>
   </trkpt>
   <trkpt lat="56.1948570" lon="10.2394020">
    <ele>4.2</ele>
   </trkpt>
   <trkpt lat="56.1948780" lon="10.2394030">
    <ele>4.4</ele>
   </trkpt>
   <trkpt lat="56.1949030" lon="10.2394000">
    <ele>4.4</ele>
   </trkpt>
   <trkpt lat="56.1949290" lon="10.2393920">
    <ele>4.4</ele>
   </trkpt>
   <trkpt lat="56.1949540" lon="10.2393690">
    <ele>4.4</ele>
   </trkpt>
   <trkpt lat="56.1949690" lon="10.2393290">
    <ele>4.4</ele>
   </trkpt>
   <trkpt lat="56.1949750" lon="10.2392750">
    <ele>4.4</ele>
   </trkpt>
   <trkpt lat="56.1949750" lon="10.2392070">
    <ele>4.4</ele>
   </trkpt>
   <trkpt lat="56.1949710" lon="10.2391340">
    <ele>4.4</ele>
   </trkpt>
   <trkpt lat="56.1949670" lon="10.2390590">
    <ele>4.4</ele>
   </trkpt>
   <trkpt lat="56.1949650" lon="10.2389880">
    <ele>4.6</ele>
   </trkpt>
   <trkpt lat="56.1949630" lon="10.2389220">
    <ele>4.6</ele>
   </trkpt>
   <trkpt lat="56.1949600" lon="10.2388580">
    <ele>4.6</ele>
   </trkpt>
   <trkpt lat="56.1949570" lon="10.2388000">
    <ele>4.8</ele>
   </trkpt>
   <trkpt lat="56.1949540" lon="10.2387450">
    <ele>4.8</ele>
   </trkpt>
   <trkpt lat="56.1949490" lon="10.2386960">
    <ele>5.0</ele>
   </trkpt>
   <trkpt lat="56.1949460" lon="10.2386510">
    <ele>5.0</ele>
   </trkpt>
   <trkpt lat="56.1949450" lon="10.2386140">
    <ele>5.0</ele>
   </trkpt>
   <trkpt lat="56.1949460" lon="10.2385850">
    <ele>5.0</ele>
   </trkpt>
   <trkpt lat="56.1949470" lon="10.2385650">
    <ele>5.0</ele>
   </trkpt>
   <trkpt lat="56.1949450" lon="10.2385560">
    <ele>5.0</ele>
   </trkpt>
   <trkpt lat="56.1949430" lon="10.2385540">
    <ele>5.2</ele>
   </trkpt>
   <trkpt lat="56.1949420" lon="10.2386250">
    <ele>4.8</ele>
   </trkpt>
   <trkpt lat="56.1949480" lon="10.2386610">
    <ele>5.0</ele>
   </trkpt>
   <trkpt lat="56.1949520" lon="10.2387100">
    <ele>5.0</ele>
   </trkpt>
   <trkpt lat="56.1949540" lon="10.2387680">
    <ele>5.0</ele>
   </trkpt>
   <trkpt lat="56.1949570" lon="10.2388350">
    <ele>4.8</ele>
   </trkpt>
   <trkpt lat="56.1949600" lon="10.2389080">
    <ele>4.8</ele>
   </trkpt>
   <trkpt lat="56.1949620" lon="10.2389870">
    <ele>4.8</ele>
   </trkpt>
   <trkpt lat="56.1949620" lon="10.2390700">
    <ele>4.6</ele>
   </trkpt>
   <trkpt lat="56.1949660" lon="10.2391540">
    <ele>4.4</ele>
   </trkpt>
   <trkpt lat="56.1949700" lon="10.2392360">
    <ele>4.2</ele>
   </trkpt>
   <trkpt lat="56.1949740" lon="10.2393140">
    <ele>4.0</ele>
   </trkpt>
   <trkpt lat="56.1949810" lon="10.2393900">
    <ele>4.0</ele>
   </trkpt>
   <trkpt lat="56.1949860" lon="10.2394650">
    <ele>3.8</ele>
   </trkpt>
   <trkpt lat="56.1949960" lon="10.2395310">
    <ele>3.8</ele>
   </trkpt>
   <trkpt lat="56.1950190" lon="10.2395770">
    <ele>3.8</ele>
   </trkpt>
   <trkpt lat="56.1950550" lon="10.2396020">
    <ele>3.8</ele>
   </trkpt>
   <trkpt lat="56.1950930" lon="10.2396200">
    <ele>3.8</ele>
   </trkpt>
   <trkpt lat="56.1951330" lon="10.2396220">
    <ele>3.8</ele>
   </trkpt>
   <trkpt lat="56.1951770" lon="10.2396120">
    <ele>3.8</ele>
   </trkpt>
   <trkpt lat="56.1952210" lon="10.2395950">
    <ele>3.6</ele>
   </trkpt>
   <trkpt lat="56.1952650" lon="10.2395760">
    <ele>3.4</ele>
   </trkpt>
   <trkpt lat="56.1953110" lon="10.2395480">
    <ele>3.2</ele>
   </trkpt>
   <trkpt lat="56.1953600" lon="10.2395150">
    <ele>3.0</ele>
   </trkpt>
   <trkpt lat="56.1954070" lon="10.2394750">
    <ele>2.8</ele>
   </trkpt>
   <trkpt lat="56.1954530" lon="10.2394250">
    <ele>2.6</ele>
   </trkpt>
   <trkpt lat="56.1954960" lon="10.2393660">
    <ele>2.4</ele>
   </trkpt>
   <trkpt lat="56.1955370" lon="10.2393050">
    <ele>2.2</ele>
   </trkpt>
   <trkpt lat="56.1955790" lon="10.2392520">
    <ele>2.2</ele>
   </trkpt>
   <trkpt lat="56.1956230" lon="10.2392030">
    <ele>2.2</ele>
   </trkpt>
   <trkpt lat="56.1956680" lon="10.2391560">
    <ele>2.2</ele>
   </trkpt>
   <trkpt lat="56.1957130" lon="10.2391080">
    <ele>2.2</ele>
   </trkpt>
   <trkpt lat="56.1957570" lon="10.2390580">
    <ele>2.0</ele>
   </trkpt>
   <trkpt lat="56.1958040" lon="10.2390080">
    <ele>2.2</ele>
   </trkpt>
   <trkpt lat="56.1958520" lon="10.2389570">
    <ele>2.2</ele>
   </trkpt>
   <trkpt lat="56.1959000" lon="10.2389050">
    <ele>2.2</ele>
   </trkpt>
   <trkpt lat="56.1959480" lon="10.2388540">
    <ele>2.4</ele>
   </trkpt>
   <trkpt lat="56.1959960" lon="10.2388060">
    <ele>2.4</ele>
   </trkpt>
   <trkpt lat="56.1960450" lon="10.2387580">
    <ele>2.4</ele>
   </trkpt>
   <trkpt lat="56.1960930" lon="10.2387070">
    <ele>2.4</ele>
   </trkpt>
   <trkpt lat="56.1961390" lon="10.2386500">
    <ele>2.4</ele>
   </trkpt>
   <trkpt lat="56.1961830" lon="10.2385910">
    <ele>2.4</ele>
   </trkpt>
   <trkpt lat="56.1962270" lon="10.2385320">
    <ele>2.4</ele>
   </trkpt>
   <trkpt lat="56.1962710" lon="10.2384810">
    <ele>2.2</ele>
   </trkpt>
   <trkpt lat="56.1963180" lon="10.2384380">
    <ele>2.2</ele>
   </trkpt>
   <trkpt lat="56.1963680" lon="10.2384000">
    <ele>2.2</ele>
   </trkpt>
   <trkpt lat="56.1964180" lon="10.2383640">
    <ele>2.2</ele>
   </trkpt>
   <trkpt lat="56.1964650" lon="10.2383230">
    <ele>2.2</ele>
   </trkpt>
   <trkpt lat="56.1965120" lon="10.2382760">
    <ele>2.2</ele>
   </trkpt>
   <trkpt lat="56.1965580" lon="10.2382270">
    <ele>2.2</ele>
   </trkpt>
   <trkpt lat="56.1966040" lon="10.2381770">
    <ele>2.4</ele>
   </trkpt>
   <trkpt lat="56.1966490" lon="10.2381230">
    <ele>2.4</ele>
   </trkpt>
   <trkpt lat="56.1966960" lon="10.2380730">
    <ele>2.4</ele>
   </trkpt>
   <trkpt lat="56.1967410" lon="10.2380220">
    <ele>2.4</ele>
   </trkpt>
   <trkpt lat="56.1967850" lon="10.2379720">
    <ele>2.4</ele>
   </trkpt>
   <trkpt lat="56.1968300" lon="10.2379230">
    <ele>2.4</ele>
   </trkpt>
   <trkpt lat="56.1968780" lon="10.2378750">
    <ele>2.2</ele>
   </trkpt>
   <trkpt lat="56.1969240" lon="10.2378290">
    <ele>2.2</ele>
   </trkpt>
   <trkpt lat="56.1969720" lon="10.2377840">
    <ele>2.0</ele>
   </trkpt>
   <trkpt lat="56.1970200" lon="10.2377430">
    <ele>2.0</ele>
   </trkpt>
   <trkpt lat="56.1970700" lon="10.2377070">
    <ele>2.0</ele>
   </trkpt>
   <trkpt lat="56.1971200" lon="10.2376740">
    <ele>2.0</ele>
   </trkpt>
   <trkpt lat="56.1971670" lon="10.2376490">
    <ele>2.0</ele>
   </trkpt>
   <trkpt lat="56.1972110" lon="10.2376270">
    <ele>1.8</ele>
   </trkpt>
   <trkpt lat="56.1972600" lon="10.2376010">
    <ele>2.0</ele>
   </trkpt>
   <trkpt lat="56.1973100" lon="10.2375770">
    <ele>2.0</ele>
   </trkpt>
   <trkpt lat="56.1973610" lon="10.2375560">
    <ele>2.0</ele>
   </trkpt>
   <trkpt lat="56.1974110" lon="10.2375320">
    <ele>2.2</ele>
   </trkpt>
   <trkpt lat="56.1974620" lon="10.2375100">
    <ele>2.0</ele>
   </trkpt>
   <trkpt lat="56.1975130" lon="10.2374870">
    <ele>2.0</ele>
   </trkpt>
   <trkpt lat="56.1975640" lon="10.2374650">
    <ele>2.4</ele>
   </trkpt>
   <trkpt lat="56.1976170" lon="10.2374400">
    <ele>3.0</ele>
   </trkpt>
   <trkpt lat="56.1976720" lon="10.2374160">
    <ele>3.0</ele>
   </trkpt>
   <trkpt lat="56.1977240" lon="10.2373910">
    <ele>3.0</ele>
   </trkpt>
   <trkpt lat="56.1977750" lon="10.2373660">
    <ele>3.0</ele>
   </trkpt>
   <trkpt lat="56.1978270" lon="10.2373470">
    <ele>3.0</ele>
   </trkpt>
   <trkpt lat="56.1978800" lon="10.2373330">
    <ele>3.0</ele>
   </trkpt>
   <trkpt lat="56.1979340" lon="10.2373190">
    <ele>3.0</ele>
   </trkpt>
   <trkpt lat="56.1979890" lon="10.2373090">
    <ele>3.0</ele>
   </trkpt>
   <trkpt lat="56.1980440" lon="10.2373090">
    <ele>3.0</ele>
   </trkpt>
   <trkpt lat="56.1980990" lon="10.2373170">
    <ele>3.2</ele>
   </trkpt>
   <trkpt lat="56.1981540" lon="10.2373280">
    <ele>3.2</ele>
   </trkpt>
   <trkpt lat="56.1982070" lon="10.2373400">
    <ele>3.2</ele>
   </trkpt>
   <trkpt lat="56.1982610" lon="10.2373560">
    <ele>3.2</ele>
   </trkpt>
   <trkpt lat="56.1983150" lon="10.2373670">
    <ele>3.0</ele>
   </trkpt>
   <trkpt lat="56.1983690" lon="10.2373760">
    <ele>3.0</ele>
   </trkpt>
   <trkpt lat="56.1984210" lon="10.2373860">
    <ele>2.8</ele>
   </trkpt>
   <trkpt lat="56.1984740" lon="10.2373990">
    <ele>2.8</ele>
   </trkpt>
   <trkpt lat="56.1985290" lon="10.2374090">
    <ele>2.8</ele>
   </trkpt>
   <trkpt lat="56.1985840" lon="10.2374210">
    <ele>2.8</ele>
   </trkpt>
   <trkpt lat="56.1986360" lon="10.2374340">
    <ele>3.0</ele>
   </trkpt>
   <trkpt lat="56.1986850" lon="10.2374470">
    <ele>3.0</ele>
   </trkpt>
   <trkpt lat="56.1987350" lon="10.2374610">
    <ele>3.0</ele>
   </trkpt>
   <trkpt lat="56.1987880" lon="10.2374740">
    <ele>3.0</ele>
   </trkpt>
   <trkpt lat="56.1988430" lon="10.2374850">
    <ele>3.0</ele>
   </trkpt>
   <trkpt lat="56.1988950" lon="10.2374990">
    <ele>3.0</ele>
   </trkpt>
   <trkpt lat="56.1989460" lon="10.2375120">
    <ele>2.8</ele>
   </trkpt>
   <trkpt lat="56.1989970" lon="10.2375260">
    <ele>2.8</ele>
   </trkpt>
   <trkpt lat="56.1990440" lon="10.2375420">
    <ele>2.8</ele>
   </trkpt>
   <trkpt lat="56.1990910" lon="10.2375550">
    <ele>2.8</ele>
   </trkpt>
   <trkpt lat="56.1991330" lon="10.2375670">
    <ele>2.8</ele>
   </trkpt>
   <trkpt lat="56.1991730" lon="10.2375790">
    <ele>3.0</ele>
   </trkpt>
   <trkpt lat="56.1992080" lon="10.2375880">
    <ele>3.4</ele>
   </trkpt>
   <trkpt lat="56.1992330" lon="10.2375980">
    <ele>3.6</ele>
   </trkpt>
   <trkpt lat="56.1992420" lon="10.2376030">
    <ele>3.8</ele>
   </trkpt>
   <trkpt lat="56.1992420" lon="10.2376030">
    <ele>4.4</ele>
   </trkpt>
   <trkpt lat="56.1992420" lon="10.2376030">
    <ele>4.8</ele>
   </trkpt>
   <trkpt lat="56.1992950" lon="10.2376100">
    <ele>4.2</ele>
   </trkpt>
   <trkpt lat="56.1993260" lon="10.2376170">
    <ele>4.2</ele>
   </trkpt>
   <trkpt lat="56.1993610" lon="10.2376230">
    <ele>4.2</ele>
   </trkpt>
   <trkpt lat="56.1994000" lon="10.2376300">
    <ele>4.2</ele>
   </trkpt>
   <trkpt lat="56.1994440" lon="10.2376370">
    <ele>3.8</ele>
   </trkpt>
   <trkpt lat="56.1994880" lon="10.2376400">
    <ele>3.8</ele>
   </trkpt>
   <trkpt lat="56.1995360" lon="10.2376390">
    <ele>3.6</ele>
   </trkpt>
   <trkpt lat="56.1995870" lon="10.2376350">
    <ele>3.6</ele>
   </trkpt>
   <trkpt lat="56.1996400" lon="10.2376290">
    <ele>3.4</ele>
   </trkpt>
   <trkpt lat="56.1996930" lon="10.2376180">
    <ele>3.4</ele>
   </trkpt>
   <trkpt lat="56.1997480" lon="10.2376040">
    <ele>3.2</ele>
   </trkpt>
   <trkpt lat="56.1998030" lon="10.2375880">
    <ele>3.2</ele>
   </trkpt>
   <trkpt lat="56.1998550" lon="10.2375740">
    <ele>3.2</ele>
   </trkpt>
   <trkpt lat="56.1999080" lon="10.2375640">
    <ele>3.2</ele>
   </trkpt>
   <trkpt lat="56.1999640" lon="10.2375570">
    <ele>3.2</ele>
   </trkpt>
   <trkpt lat="56.2000220" lon="10.2375530">
    <ele>3.2</ele>
   </trkpt>
   <trkpt lat="56.2000800" lon="10.2375480">
    <ele>3.2</ele>
   </trkpt>
   <trkpt lat="56.2001390" lon="10.2375420">
    <ele>3.2</ele>
   </trkpt>
   <trkpt lat="56.2001950" lon="10.2375350">
    <ele>3.0</ele>
   </trkpt>
   <trkpt lat="56.2002500" lon="10.2375290">
    <ele>2.8</ele>
   </trkpt>
   <trkpt lat="56.2003040" lon="10.2375180">
    <ele>2.8</ele>
   </trkpt>
   <trkpt lat="56.2003590" lon="10.2375040">
    <ele>2.8</ele>
   </trkpt>
   <trkpt lat="56.2004140" lon="10.2374820">
    <ele>2.8</ele>
   </trkpt>
   <trkpt lat="56.2004690" lon="10.2374530">
    <ele>3.0</ele>
   </trkpt>
   <trkpt lat="56.2005230" lon="10.2374270">
    <ele>3.0</ele>
   </trkpt>
   <trkpt lat="56.2005780" lon="10.2374050">
    <ele>3.0</ele>
   </trkpt>
   <trkpt lat="56.2006340" lon="10.2373870">
    <ele>3.2</ele>
   </trkpt>
   <trkpt lat="56.2006920" lon="10.2373740">
    <ele>3.2</ele>
   </trkpt>
   <trkpt lat="56.2007490" lon="10.2373650">
    <ele>3.0</ele>
   </trkpt>
   <trkpt lat="56.2008060" lon="10.2373520">
    <ele>3.0</ele>
   </trkpt>
   <trkpt lat="56.2008620" lon="10.2373380">
    <ele>3.0</ele>
   </trkpt>
   <trkpt lat="56.2009160" lon="10.2373200">
    <ele>2.8</ele>
   </trkpt>
   <trkpt lat="56.2009690" lon="10.2373080">
    <ele>2.8</ele>
   </trkpt>
   <trkpt lat="56.2010250" lon="10.2372950">
    <ele>2.8</ele>
   </trkpt>
   <trkpt lat="56.2010810" lon="10.2372800">
    <ele>2.8</ele>
   </trkpt>
   <trkpt lat="56.2011370" lon="10.2372650">
    <ele>2.8</ele>
   </trkpt>
   <trkpt lat="56.2011930" lon="10.2372540">
    <ele>2.6</ele>
   </trkpt>
   <trkpt lat="56.2012490" lon="10.2372420">
    <ele>2.4</ele>
   </trkpt>
   <trkpt lat="56.2013050" lon="10.2372280">
    <ele>2.2</ele>
   </trkpt>
   <trkpt lat="56.2013620" lon="10.2372120">
    <ele>2.2</ele>
   </trkpt>
   <trkpt lat="56.2014180" lon="10.2371980">
    <ele>2.0</ele>
   </trkpt>
   <trkpt lat="56.2014750" lon="10.2371840">
    <ele>2.0</ele>
   </trkpt>
   <trkpt lat="56.2015330" lon="10.2371680">
    <ele>2.0</ele>
   </trkpt>
   <trkpt lat="56.2015900" lon="10.2371540">
    <ele>2.0</ele>
   </trkpt>
   <trkpt lat="56.2016440" lon="10.2371420">
    <ele>2.0</ele>
   </trkpt>
   <trkpt lat="56.2016970" lon="10.2371290">
    <ele>2.0</ele>
   </trkpt>
   <trkpt lat="56.2017530" lon="10.2371170">
    <ele>2.2</ele>
   </trkpt>
   <trkpt lat="56.2018110" lon="10.2371070">
    <ele>2.0</ele>
   </trkpt>
   <trkpt lat="56.2018670" lon="10.2370970">
    <ele>2.0</ele>
   </trkpt>
   <trkpt lat="56.2019200" lon="10.2370860">
    <ele>2.0</ele>
   </trkpt>
   <trkpt lat="56.2019750" lon="10.2370740">
    <ele>1.6</ele>
   </trkpt>
   <trkpt lat="56.2020280" lon="10.2370580">
    <ele>1.6</ele>
   </trkpt>
   <trkpt lat="56.2020840" lon="10.2370430">
    <ele>1.4</ele>
   </trkpt>
   <trkpt lat="56.2021380" lon="10.2370300">
    <ele>1.4</ele>
   </trkpt>
   <trkpt lat="56.2021910" lon="10.2370190">
    <ele>1.4</ele>
   </trkpt>
   <trkpt lat="56.2022450" lon="10.2370070">
    <ele>1.4</ele>
   </trkpt>
   <trkpt lat="56.2022990" lon="10.2369930">
    <ele>1.4</ele>
   </trkpt>
   <trkpt lat="56.2023530" lon="10.2369800">
    <ele>1.6</ele>
   </trkpt>
   <trkpt lat="56.2024080" lon="10.2369680">
    <ele>1.8</ele>
   </trkpt>
   <trkpt lat="56.2024640" lon="10.2369570">
    <ele>1.8</ele>
   </trkpt>
   <trkpt lat="56.2025200" lon="10.2369400">
    <ele>1.8</ele>
   </trkpt>
   <trkpt lat="56.2025750" lon="10.2369250">
    <ele>1.8</ele>
   </trkpt>
   <trkpt lat="56.2026280" lon="10.2369120">
    <ele>1.8</ele>
   </trkpt>
   <trkpt lat="56.2026830" lon="10.2369000">
    <ele>1.8</ele>
   </trkpt>
   <trkpt lat="56.2027380" lon="10.2368880">
    <ele>1.8</ele>
   </trkpt>
   <trkpt lat="56.2027900" lon="10.2368770">
    <ele>1.8</ele>
   </trkpt>
   <trkpt lat="56.2028430" lon="10.2368640">
    <ele>1.8</ele>
   </trkpt>
   <trkpt lat="56.2028990" lon="10.2368480">
    <ele>1.8</ele>
   </trkpt>
   <trkpt lat="56.2029530" lon="10.2368360">
    <ele>1.8</ele>
   </trkpt>
   <trkpt lat="56.2030090" lon="10.2368230">
    <ele>1.8</ele>
   </trkpt>
   <trkpt lat="56.2030640" lon="10.2368100">
    <ele>2.0</ele>
   </trkpt>
   <trkpt lat="56.2031190" lon="10.2367970">
    <ele>2.0</ele>
   </trkpt>
   <trkpt lat="56.2031750" lon="10.2367820">
    <ele>2.0</ele>
   </trkpt>
   <trkpt lat="56.2032290" lon="10.2367690">
    <ele>2.0</ele>
   </trkpt>
   <trkpt lat="56.2032850" lon="10.2367560">
    <ele>2.0</ele>
   </trkpt>
   <trkpt lat="56.2033400" lon="10.2367390">
    <ele>2.0</ele>
   </trkpt>
   <trkpt lat="56.2033940" lon="10.2367230">
    <ele>1.8</ele>
   </trkpt>
   <trkpt lat="56.2034500" lon="10.2367120">
    <ele>1.8</ele>
   </trkpt>
   <trkpt lat="56.2035050" lon="10.2366960">
    <ele>1.8</ele>
   </trkpt>
   <trkpt lat="56.2035610" lon="10.2366790">
    <ele>1.8</ele>
   </trkpt>
   <trkpt lat="56.2036160" lon="10.2366650">
    <ele>1.8</ele>
   </trkpt>
   <trkpt lat="56.2036730" lon="10.2366530">
    <ele>1.8</ele>
   </trkpt>
   <trkpt lat="56.2037280" lon="10.2366420">
    <ele>1.8</ele>
   </trkpt>
   <trkpt lat="56.2037810" lon="10.2366320">
    <ele>2.0</ele>
   </trkpt>
   <trkpt lat="56.2038350" lon="10.2366210">
    <ele>2.0</ele>
   </trkpt>
   <trkpt lat="56.2038880" lon="10.2366110">
    <ele>2.0</ele>
   </trkpt>
   <trkpt lat="56.2039400" lon="10.2366000">
    <ele>2.0</ele>
   </trkpt>
   <trkpt lat="56.2039920" lon="10.2365860">
    <ele>2.0</ele>
   </trkpt>
   <trkpt lat="56.2040450" lon="10.2365730">
    <ele>2.0</ele>
   </trkpt>
   <trkpt lat="56.2040970" lon="10.2365620">
    <ele>2.2</ele>
   </trkpt>
   <trkpt lat="56.2041490" lon="10.2365500">
    <ele>2.2</ele>
   </trkpt>
   <trkpt lat="56.2042000" lon="10.2365410">
    <ele>2.4</ele>
   </trkpt>
   <trkpt lat="56.2042520" lon="10.2365300">
    <ele>2.4</ele>
   </trkpt>
   <trkpt lat="56.2043020" lon="10.2365210">
    <ele>2.4</ele>
   </trkpt>
   <trkpt lat="56.2043510" lon="10.2365130">
    <ele>2.4</ele>
   </trkpt>
   <trkpt lat="56.2044030" lon="10.2364980">
    <ele>2.4</ele>
   </trkpt>
   <trkpt lat="56.2044540" lon="10.2364830">
    <ele>2.0</ele>
   </trkpt>
   <trkpt lat="56.2045070" lon="10.2364650">
    <ele>2.0</ele>
   </trkpt>
   <trkpt lat="56.2045600" lon="10.2364460">
    <ele>1.8</ele>
   </trkpt>
   <trkpt lat="56.2046130" lon="10.2364330">
    <ele>1.8</ele>
   </trkpt>
   <trkpt lat="56.2046630" lon="10.2364170">
    <ele>1.8</ele>
   </trkpt>
   <trkpt lat="56.2047140" lon="10.2364070">
    <ele>1.8</ele>
   </trkpt>
   <trkpt lat="56.2047650" lon="10.2364010">
    <ele>1.8</ele>
   </trkpt>
   <trkpt lat="56.2048160" lon="10.2363900">
    <ele>1.8</ele>
   </trkpt>
   <trkpt lat="56.2048670" lon="10.2363800">
    <ele>1.8</ele>
   </trkpt>
   <trkpt lat="56.2049180" lon="10.2363700">
    <ele>1.8</ele>
   </trkpt>
   <trkpt lat="56.2049680" lon="10.2363540">
    <ele>1.6</ele>
   </trkpt>
   <trkpt lat="56.2050190" lon="10.2363390">
    <ele>1.6</ele>
   </trkpt>
   <trkpt lat="56.2050720" lon="10.2363250">
    <ele>1.6</ele>
   </trkpt>
   <trkpt lat="56.2051240" lon="10.2363150">
    <ele>1.8</ele>
   </trkpt>
   <trkpt lat="56.2051760" lon="10.2363050">
    <ele>1.8</ele>
   </trkpt>
   <trkpt lat="56.2052280" lon="10.2362930">
    <ele>1.8</ele>
   </trkpt>
   <trkpt lat="56.2052800" lon="10.2362790">
    <ele>2.0</ele>
   </trkpt>
   <trkpt lat="56.2053340" lon="10.2362640">
    <ele>2.0</ele>
   </trkpt>
   <trkpt lat="56.2053870" lon="10.2362530">
    <ele>2.0</ele>
   </trkpt>
   <trkpt lat="56.2054390" lon="10.2362400">
    <ele>2.0</ele>
   </trkpt>
   <trkpt lat="56.2054920" lon="10.2362250">
    <ele>2.0</ele>
   </trkpt>
   <trkpt lat="56.2055440" lon="10.2362130">
    <ele>2.2</ele>
   </trkpt>
   <trkpt lat="56.2055940" lon="10.2362020">
    <ele>2.2</ele>
   </trkpt>
   <trkpt lat="56.2056460" lon="10.2361920">
    <ele>2.0</ele>
   </trkpt>
   <trkpt lat="56.2057010" lon="10.2361790">
    <ele>2.0</ele>
   </trkpt>
   <trkpt lat="56.2057540" lon="10.2361620">
    <ele>2.0</ele>
   </trkpt>
   <trkpt lat="56.2058060" lon="10.2361490">
    <ele>2.0</ele>
   </trkpt>
   <trkpt lat="56.2058590" lon="10.2361370">
    <ele>2.0</ele>
   </trkpt>
   <trkpt lat="56.2059130" lon="10.2361270">
    <ele>2.0</ele>
   </trkpt>
   <trkpt lat="56.2059670" lon="10.2361140">
    <ele>2.0</ele>
   </trkpt>
   <trkpt lat="56.2060230" lon="10.2361000">
    <ele>2.0</ele>
   </trkpt>
   <trkpt lat="56.2060780" lon="10.2360860">
    <ele>2.0</ele>
   </trkpt>
   <trkpt lat="56.2061340" lon="10.2360740">
    <ele>2.2</ele>
   </trkpt>
   <trkpt lat="56.2061890" lon="10.2360580">
    <ele>2.2</ele>
   </trkpt>
   <trkpt lat="56.2062410" lon="10.2360410">
    <ele>2.4</ele>
   </trkpt>
   <trkpt lat="56.2062920" lon="10.2360280">
    <ele>2.4</ele>
   </trkpt>
   <trkpt lat="56.2063460" lon="10.2360200">
    <ele>2.4</ele>
   </trkpt>
   <trkpt lat="56.2064010" lon="10.2360180">
    <ele>2.4</ele>
   </trkpt>
   <trkpt lat="56.2064570" lon="10.2360160">
    <ele>2.4</ele>
   </trkpt>
   <trkpt lat="56.2065140" lon="10.2360140">
    <ele>2.0</ele>
   </trkpt>
   <trkpt lat="56.2065690" lon="10.2360060">
    <ele>2.0</ele>
   </trkpt>
   <trkpt lat="56.2066240" lon="10.2359870">
    <ele>1.8</ele>
   </trkpt>
   <trkpt lat="56.2066760" lon="10.2359590">
    <ele>1.8</ele>
   </trkpt>
   <trkpt lat="56.2067290" lon="10.2359330">
    <ele>1.8</ele>
   </trkpt>
   <trkpt lat="56.2067810" lon="10.2359150">
    <ele>1.6</ele>
   </trkpt>
   <trkpt lat="56.2068350" lon="10.2358970">
    <ele>1.4</ele>
   </trkpt>
   <trkpt lat="56.2068910" lon="10.2358810">
    <ele>1.4</ele>
   </trkpt>
   <trkpt lat="56.2069470" lon="10.2358690">
    <ele>1.4</ele>
   </trkpt>
   <trkpt lat="56.2069990" lon="10.2358560">
    <ele>1.4</ele>
   </trkpt>
   <trkpt lat="56.2070530" lon="10.2358420">
    <ele>1.4</ele>
   </trkpt>
   <trkpt lat="56.2071090" lon="10.2358290">
    <ele>1.2</ele>
   </trkpt>
   <trkpt lat="56.2071640" lon="10.2358140">
    <ele>1.2</ele>
   </trkpt>
   <trkpt lat="56.2072210" lon="10.2357990">
    <ele>1.2</ele>
   </trkpt>
   <trkpt lat="56.2072760" lon="10.2357860">
    <ele>0.8</ele>
   </trkpt>
   <trkpt lat="56.2073300" lon="10.2357740">
    <ele>0.8</ele>
   </trkpt>
   <trkpt lat="56.2073820" lon="10.2357630">
    <ele>0.6</ele>
   </trkpt>
   <trkpt lat="56.2074340" lon="10.2357510">
    <ele>0.6</ele>
   </trkpt>
   <trkpt lat="56.2074850" lon="10.2357400">
    <ele>0.4</ele>
   </trkpt>
   <trkpt lat="56.2075360" lon="10.2357280">
    <ele>0.4</ele>
   </trkpt>
   <trkpt lat="56.2075850" lon="10.2357210">
    <ele>0.4</ele>
   </trkpt>
   <trkpt lat="56.2076370" lon="10.2357120">
    <ele>0.4</ele>
   </trkpt>
   <trkpt lat="56.2076900" lon="10.2356950">
    <ele>0.6</ele>
   </trkpt>
   <trkpt lat="56.2077420" lon="10.2356800">
    <ele>0.6</ele>
   </trkpt>
   <trkpt lat="56.2077950" lon="10.2356670">
    <ele>0.6</ele>
   </trkpt>
   <trkpt lat="56.2078470" lon="10.2356570">
    <ele>0.6</ele>
   </trkpt>
   <trkpt lat="56.2079000" lon="10.2356450">
    <ele>0.4</ele>
   </trkpt>
   <trkpt lat="56.2079540" lon="10.2356350">
    <ele>0.2</ele>
   </trkpt>
   <trkpt lat="56.2080080" lon="10.2356250">
    <ele>0.0</ele>
   </trkpt>
   <trkpt lat="56.2080610" lon="10.2356080">
    <ele>0.0</ele>
   </trkpt>
   <trkpt lat="56.2081140" lon="10.2355920">
    <ele>0.0</ele>
   </trkpt>
   <trkpt lat="56.2081680" lon="10.2355770">
    <ele>0.0</ele>
   </trkpt>
   <trkpt lat="56.2082200" lon="10.2355700">
    <ele>0.0</ele>
   </trkpt>
   <trkpt lat="56.2082740" lon="10.2355690">
    <ele>0.0</ele>
   </trkpt>
   <trkpt lat="56.2083300" lon="10.2355690">
    <ele>-0.2</ele>
   </trkpt>
   <trkpt lat="56.2083820" lon="10.2355640">
    <ele>-0.2</ele>
   </trkpt>
   <trkpt lat="56.2084340" lon="10.2355540">
    <ele>-0.2</ele>
   </trkpt>
   <trkpt lat="56.2084850" lon="10.2355430">
    <ele>-0.2</ele>
   </trkpt>
   <trkpt lat="56.2085390" lon="10.2355320">
    <ele>-0.2</ele>
   </trkpt>
   <trkpt lat="56.2085950" lon="10.2355180">
    <ele>-0.2</ele>
   </trkpt>
   <trkpt lat="56.2086500" lon="10.2355060">
    <ele>0.4</ele>
   </trkpt>
   <trkpt lat="56.2087060" lon="10.2354930">
    <ele>0.6</ele>
   </trkpt>
   <trkpt lat="56.2087590" lon="10.2354840">
    <ele>0.8</ele>
   </trkpt>
   <trkpt lat="56.2088120" lon="10.2354750">
    <ele>0.8</ele>
   </trkpt>
   <trkpt lat="56.2088640" lon="10.2354640">
    <ele>0.6</ele>
   </trkpt>
   <trkpt lat="56.2089140" lon="10.2354540">
    <ele>0.4</ele>
   </trkpt>
   <trkpt lat="56.2089650" lon="10.2354430">
    <ele>0.2</ele>
   </trkpt>
   <trkpt lat="56.2090170" lon="10.2354300">
    <ele>0.2</ele>
   </trkpt>
   <trkpt lat="56.2090700" lon="10.2354220">
    <ele>0.2</ele>
   </trkpt>
   <trkpt lat="56.2091220" lon="10.2354130">
    <ele>0.2</ele>
   </trkpt>
   <trkpt lat="56.2091750" lon="10.2354030">
    <ele>0.2</ele>
   </trkpt>
   <trkpt lat="56.2092270" lon="10.2353930">
    <ele>0.4</ele>
   </trkpt>
   <trkpt lat="56.2092800" lon="10.2353830">
    <ele>0.4</ele>
   </trkpt>
   <trkpt lat="56.2093340" lon="10.2353730">
    <ele>0.4</ele>
   </trkpt>
   <trkpt lat="56.2093880" lon="10.2353630">
    <ele>0.4</ele>
   </trkpt>
   <trkpt lat="56.2094430" lon="10.2353500">
    <ele>0.4</ele>
   </trkpt>
   <trkpt lat="56.2095000" lon="10.2353400">
    <ele>0.6</ele>
   </trkpt>
   <trkpt lat="56.2095560" lon="10.2353290">
    <ele>0.4</ele>
   </trkpt>
   <trkpt lat="56.2096080" lon="10.2353130">
    <ele>0.6</ele>
   </trkpt>
   <trkpt lat="56.2096610" lon="10.2353000">
    <ele>0.6</ele>
   </trkpt>
   <trkpt lat="56.2097120" lon="10.2352890">
    <ele>0.6</ele>
   </trkpt>
   <trkpt lat="56.2097620" lon="10.2352800">
    <ele>0.4</ele>
   </trkpt>
   <trkpt lat="56.2098130" lon="10.2352740">
    <ele>0.4</ele>
   </trkpt>
   <trkpt lat="56.2098620" lon="10.2352640">
    <ele>0.4</ele>
   </trkpt>
   <trkpt lat="56.2099110" lon="10.2352510">
    <ele>0.4</ele>
   </trkpt>
   <trkpt lat="56.2099560" lon="10.2352320">
    <ele>0.4</ele>
   </trkpt>
   <trkpt lat="56.2100000" lon="10.2352100">
    <ele>0.4</ele>
   </trkpt>
   <trkpt lat="56.2100490" lon="10.2351970">
    <ele>0.4</ele>
   </trkpt>
   <trkpt lat="56.2101000" lon="10.2351880">
    <ele>0.4</ele>
   </trkpt>
   <trkpt lat="56.2101510" lon="10.2351830">
    <ele>0.4</ele>
   </trkpt>
   <trkpt lat="56.2102010" lon="10.2351790">
    <ele>0.4</ele>
   </trkpt>
   <trkpt lat="56.2102470" lon="10.2351720">
    <ele>0.2</ele>
   </trkpt>
   <trkpt lat="56.2102950" lon="10.2351670">
    <ele>0.2</ele>
   </trkpt>
   <trkpt lat="56.2103410" lon="10.2351660">
    <ele>0.2</ele>
   </trkpt>
   <trkpt lat="56.2103850" lon="10.2351720">
    <ele>0.2</ele>
   </trkpt>
   <trkpt lat="56.2104220" lon="10.2351940">
    <ele>0.2</ele>
   </trkpt>
   <trkpt lat="56.2104610" lon="10.2352200">
    <ele>0.4</ele>
   </trkpt>
   <trkpt lat="56.2105010" lon="10.2352380">
    <ele>0.4</ele>
   </trkpt>
   <trkpt lat="56.2105320" lon="10.2352390">
    <ele>0.4</ele>
   </trkpt>
   <trkpt lat="56.2105570" lon="10.2352170">
    <ele>0.6</ele>
   </trkpt>
   <trkpt lat="56.2105710" lon="10.2351800">
    <ele>0.6</ele>
   </trkpt>
   <trkpt lat="56.2105690" lon="10.2351300">
    <ele>1.0</ele>
   </trkpt>
   <trkpt lat="56.2105610" lon="10.2350730">
    <ele>1.2</ele>
   </trkpt>
   <trkpt lat="56.2105520" lon="10.2350150">
    <ele>1.2</ele>
   </trkpt>
   <trkpt lat="56.2105490" lon="10.2349520">
    <ele>1.4</ele>
   </trkpt>
   <trkpt lat="56.2105530" lon="10.2348850">
    <ele>1.4</ele>
   </trkpt>
   <trkpt lat="56.2105700" lon="10.2348170">
    <ele>1.4</ele>
   </trkpt>
   <trkpt lat="56.2106030" lon="10.2347660">
    <ele>1.4</ele>
   </trkpt>
   <trkpt lat="56.2106430" lon="10.2347290">
    <ele>1.4</ele>
   </trkpt>
   <trkpt lat="56.2106780" lon="10.2346820">
    <ele>1.2</ele>
   </trkpt>
   <trkpt lat="56.2107050" lon="10.2346280">
    <ele>0.8</ele>
   </trkpt>
   <trkpt lat="56.2107240" lon="10.2345690">
    <ele>0.8</ele>
   </trkpt>
   <trkpt lat="56.2107370" lon="10.2345130">
    <ele>0.8</ele>
   </trkpt>
   <trkpt lat="56.2107470" lon="10.2344590">
    <ele>0.8</ele>
   </trkpt>
   <trkpt lat="56.2107550" lon="10.2344140">
    <ele>1.0</ele>
   </trkpt>
   <trkpt lat="56.2107680" lon="10.2343850">
    <ele>1.0</ele>
   </trkpt>
   <trkpt lat="56.2107790" lon="10.2343780">
    <ele>1.2</ele>
   </trkpt>
   <trkpt lat="56.2107830" lon="10.2343780">
    <ele>1.2</ele>
   </trkpt>
   <trkpt lat="56.2107830" lon="10.2343780">
    <ele>1.2</ele>
   </trkpt>
   <trkpt lat="56.2108210" lon="10.2343550">
    <ele>1.2</ele>
   </trkpt>
   <trkpt lat="56.2108470" lon="10.2343420">
    <ele>1.2</ele>
   </trkpt>
   <trkpt lat="56.2108750" lon="10.2343250">
    <ele>1.0</ele>
   </trkpt>
   <trkpt lat="56.2109000" lon="10.2343070">
    <ele>0.8</ele>
   </trkpt>
   <trkpt lat="56.2109270" lon="10.2342900">
    <ele>0.6</ele>
   </trkpt>
   <trkpt lat="56.2109590" lon="10.2342700">
    <ele>0.6</ele>
   </trkpt>
   <trkpt lat="56.2109950" lon="10.2342660">
    <ele>0.6</ele>
   </trkpt>
   <trkpt lat="56.2110290" lon="10.2342990">
    <ele>0.6</ele>
   </trkpt>
   <trkpt lat="56.2110610" lon="10.2343590">
    <ele>0.6</ele>
   </trkpt>
   <trkpt lat="56.2110930" lon="10.2344240">
    <ele>0.6</ele>
   </trkpt>
   <trkpt lat="56.2111310" lon="10.2344880">
    <ele>0.6</ele>
   </trkpt>
   <trkpt lat="56.2111760" lon="10.2345430">
    <ele>0.6</ele>
   </trkpt>
   <trkpt lat="56.2112250" lon="10.2345850">
    <ele>0.4</ele>
   </trkpt>
   <trkpt lat="56.2112770" lon="10.2346120">
    <ele>0.4</ele>
   </trkpt>
   <trkpt lat="56.2113310" lon="10.2346290">
    <ele>0.2</ele>
   </trkpt>
   <trkpt lat="56.2113850" lon="10.2346400">
    <ele>0.0</ele>
   </trkpt>
   <trkpt lat="56.2114410" lon="10.2346470">
    <ele>-0.4</ele>
   </trkpt>
   <trkpt lat="56.2114960" lon="10.2346460">
    <ele>-0.4</ele>
   </trkpt>
   <trkpt lat="56.2115490" lon="10.2346390">
    <ele>-0.6</ele>
   </trkpt>
   <trkpt lat="56.2115950" lon="10.2346320">
    <ele>-0.6</ele>
   </trkpt>
   <trkpt lat="56.2116430" lon="10.2346180">
    <ele>-1.0</ele>
   </trkpt>
   <trkpt lat="56.2116950" lon="10.2346040">
    <ele>-1.2</ele>
   </trkpt>
   <trkpt lat="56.2117500" lon="10.2345910">
    <ele>-1.2</ele>
   </trkpt>
   <trkpt lat="56.2118110" lon="10.2345770">
    <ele>-1.2</ele>
   </trkpt>
   <trkpt lat="56.2118710" lon="10.2345660">
    <ele>-1.2</ele>
   </trkpt>
   <trkpt lat="56.2119310" lon="10.2345540">
    <ele>-1.2</ele>
   </trkpt>
   <trkpt lat="56.2119900" lon="10.2345430">
    <ele>-1.2</ele>
   </trkpt>
   <trkpt lat="56.2120490" lon="10.2345330">
    <ele>-1.2</ele>
   </trkpt>
   <trkpt lat="56.2121090" lon="10.2345190">
    <ele>-1.2</ele>
   </trkpt>
   <trkpt lat="56.2121670" lon="10.2345010">
    <ele>-1.4</ele>
   </trkpt>
   <trkpt lat="56.2122270" lon="10.2344850">
    <ele>-1.6</ele>
   </trkpt>
   <trkpt lat="56.2122860" lon="10.2344740">
    <ele>-1.8</ele>
   </trkpt>
   <trkpt lat="56.2123410" lon="10.2344680">
    <ele>-1.8</ele>
   </trkpt>
   <trkpt lat="56.2123980" lon="10.2344590">
    <ele>-1.8</ele>
   </trkpt>
   <trkpt lat="56.2124580" lon="10.2344410">
    <ele>-1.8</ele>
   </trkpt>
   <trkpt lat="56.2125150" lon="10.2344260">
    <ele>-1.6</ele>
   </trkpt>
   <trkpt lat="56.2125740" lon="10.2344110">
    <ele>-1.6</ele>
   </trkpt>
   <trkpt lat="56.2126360" lon="10.2343950">
    <ele>-1.4</ele>
   </trkpt>
   <trkpt lat="56.2126950" lon="10.2343810">
    <ele>-1.4</ele>
   </trkpt>
   <trkpt lat="56.2127530" lon="10.2343600">
    <ele>-1.2</ele>
   </trkpt>
   <trkpt lat="56.2128110" lon="10.2343360">
    <ele>-1.2</ele>
   </trkpt>
   <trkpt lat="56.2128660" lon="10.2343100">
    <ele>-1.2</ele>
   </trkpt>
   <trkpt lat="56.2129210" lon="10.2342820">
    <ele>-1.2</ele>
   </trkpt>
   <trkpt lat="56.2129780" lon="10.2342530">
    <ele>-1.2</ele>
   </trkpt>
   <trkpt lat="56.2130350" lon="10.2342270">
    <ele>-1.0</ele>
   </trkpt>
   <trkpt lat="56.2130920" lon="10.2342040">
    <ele>-1.0</ele>
   </trkpt>
   <trkpt lat="56.2131520" lon="10.2341870">
    <ele>-1.0</ele>
   </trkpt>
   <trkpt lat="56.2132100" lon="10.2341720">
    <ele>-1.0</ele>
   </trkpt>
   <trkpt lat="56.2132680" lon="10.2341570">
    <ele>-1.0</ele>
   </trkpt>
   <trkpt lat="56.2133220" lon="10.2341470">
    <ele>-1.0</ele>
   </trkpt>
   <trkpt lat="56.2133770" lon="10.2341380">
    <ele>-0.8</ele>
   </trkpt>
   <trkpt lat="56.2134300" lon="10.2341340">
    <ele>-0.8</ele>
   </trkpt>
   <trkpt lat="56.2134790" lon="10.2341260">
    <ele>-0.8</ele>
   </trkpt>
   <trkpt lat="56.2135270" lon="10.2341140">
    <ele>-0.8</ele>
   </trkpt>
   <trkpt lat="56.2135750" lon="10.2341000">
    <ele>0.2</ele>
   </trkpt>
   <trkpt lat="56.2136240" lon="10.2340910">
    <ele>0.8</ele>
   </trkpt>
   <trkpt lat="56.2136730" lon="10.2340870">
    <ele>1.0</ele>
   </trkpt>
   <trkpt lat="56.2137250" lon="10.2340840">
    <ele>1.0</ele>
   </trkpt>
   <trkpt lat="56.2137810" lon="10.2340770">
    <ele>1.0</ele>
   </trkpt>
   <trkpt lat="56.2138420" lon="10.2340760">
    <ele>0.8</ele>
   </trkpt>
   <trkpt lat="56.2139030" lon="10.2340750">
    <ele>0.2</ele>
   </trkpt>
   <trkpt lat="56.2139650" lon="10.2340740">
    <ele>-0.4</ele>
   </trkpt>
   <trkpt lat="56.2140240" lon="10.2340720">
    <ele>-0.6</ele>
   </trkpt>
   <trkpt lat="56.2140840" lon="10.2340730">
    <ele>-0.6</ele>
   </trkpt>
   <trkpt lat="56.2141450" lon="10.2340740">
    <ele>-0.6</ele>
   </trkpt>
   <trkpt lat="56.2142050" lon="10.2340710">
    <ele>-0.6</ele>
   </trkpt>
   <trkpt lat="56.2142600" lon="10.2340670">
    <ele>-0.6</ele>
   </trkpt>
   <trkpt lat="56.2143160" lon="10.2340570">
    <ele>-0.6</ele>
   </trkpt>
   <trkpt lat="56.2143760" lon="10.2340450">
    <ele>-0.6</ele>
   </trkpt>
   <trkpt lat="56.2144370" lon="10.2340360">
    <ele>-0.6</ele>
   </trkpt>
   <trkpt lat="56.2144990" lon="10.2340260">
    <ele>-0.6</ele>
   </trkpt>
   <trkpt lat="56.2145610" lon="10.2340130">
    <ele>-0.6</ele>
   </trkpt>
   <trkpt lat="56.2146260" lon="10.2339980">
    <ele>-0.6</ele>
   </trkpt>
   <trkpt lat="56.2146890" lon="10.2339850">
    <ele>-0.6</ele>
   </trkpt>
   <trkpt lat="56.2147490" lon="10.2339760">
    <ele>-0.6</ele>
   </trkpt>
   <trkpt lat="56.2148120" lon="10.2339620">
    <ele>-0.8</ele>
   </trkpt>
   <trkpt lat="56.2148740" lon="10.2339500">
    <ele>-0.8</ele>
   </trkpt>
   <trkpt lat="56.2149400" lon="10.2339350">
    <ele>-0.8</ele>
   </trkpt>
   <trkpt lat="56.2150050" lon="10.2339240">
    <ele>-0.8</ele>
   </trkpt>
   <trkpt lat="56.2150680" lon="10.2339140">
    <ele>-1.0</ele>
   </trkpt>
   <trkpt lat="56.2151270" lon="10.2339020">
    <ele>-1.2</ele>
   </trkpt>
   <trkpt lat="56.2151850" lon="10.2338890">
    <ele>-1.2</ele>
   </trkpt>
   <trkpt lat="56.2152420" lon="10.2338720">
    <ele>-1.2</ele>
   </trkpt>
   <trkpt lat="56.2152960" lon="10.2338540">
    <ele>-1.2</ele>
   </trkpt>
   <trkpt lat="56.2153490" lon="10.2338340">
    <ele>-1.2</ele>
   </trkpt>
   <trkpt lat="56.2154060" lon="10.2338120">
    <ele>-1.2</ele>
   </trkpt>
   <trkpt lat="56.2154600" lon="10.2337940">
    <ele>-1.2</ele>
   </trkpt>
   <trkpt lat="56.2155170" lon="10.2337760">
    <ele>-1.2</ele>
   </trkpt>
   <trkpt lat="56.2155770" lon="10.2337580">
    <ele>-1.2</ele>
   </trkpt>
   <trkpt lat="56.2156370" lon="10.2337480">
    <ele>-1.2</ele>
   </trkpt>
   <trkpt lat="56.2156930" lon="10.2337400">
    <ele>-1.2</ele>
   </trkpt>
   <trkpt lat="56.2157480" lon="10.2337320">
    <ele>-1.2</ele>
   </trkpt>
   <trkpt lat="56.2158050" lon="10.2337180">
    <ele>-1.2</ele>
   </trkpt>
   <trkpt lat="56.2158710" lon="10.2337010">
    <ele>-1.2</ele>
   </trkpt>
   <trkpt lat="56.2159260" lon="10.2336950">
    <ele>-1.4</ele>
   </trkpt>
   <trkpt lat="56.2159890" lon="10.2336880">
    <ele>-1.6</ele>
   </trkpt>
   <trkpt lat="56.2160560" lon="10.2336750">
    <ele>-1.6</ele>
   </trkpt>
   <trkpt lat="56.2161210" lon="10.2336620">
    <ele>-1.8</ele>
   </trkpt>
   <trkpt lat="56.2161900" lon="10.2336430">
    <ele>-1.8</ele>
   </trkpt>
   <trkpt lat="56.2162640" lon="10.2336240">
    <ele>-1.8</ele>
   </trkpt>
   <trkpt lat="56.2163320" lon="10.2336060">
    <ele>-1.8</ele>
   </trkpt>
   <trkpt lat="56.2163930" lon="10.2335950">
    <ele>-2.0</ele>
   </trkpt>
   <trkpt lat="56.2164460" lon="10.2335770">
    <ele>-2.0</ele>
   </trkpt>
   <trkpt lat="56.2165020" lon="10.2335600">
    <ele>-2.2</ele>
   </trkpt>
   <trkpt lat="56.2165730" lon="10.2335480">
    <ele>-2.2</ele>
   </trkpt>
   <trkpt lat="56.2166410" lon="10.2335360">
    <ele>-2.2</ele>
   </trkpt>
   <trkpt lat="56.2167000" lon="10.2335250">
    <ele>-2.2</ele>
   </trkpt>
   <trkpt lat="56.2167710" lon="10.2335170">
    <ele>-2.2</ele>
   </trkpt>
   <trkpt lat="56.2168370" lon="10.2335060">
    <ele>-2.2</ele>
   </trkpt>
   <trkpt lat="56.2169040" lon="10.2334920">
    <ele>-2.0</ele>
   </trkpt>
   <trkpt lat="56.2169670" lon="10.2334770">
    <ele>-2.0</ele>
   </trkpt>
   <trkpt lat="56.2170340" lon="10.2334660">
    <ele>-2.0</ele>
   </trkpt>
   <trkpt lat="56.2170970" lon="10.2334580">
    <ele>-1.8</ele>
   </trkpt>
   <trkpt lat="56.2171560" lon="10.2334480">
    <ele>-1.8</ele>
   </trkpt>
   <trkpt lat="56.2172220" lon="10.2334390">
    <ele>-1.8</ele>
   </trkpt>
   <trkpt lat="56.2172900" lon="10.2334390">
    <ele>-1.8</ele>
   </trkpt>
   <trkpt lat="56.2173540" lon="10.2334330">
    <ele>-1.8</ele>
   </trkpt>
   <trkpt lat="56.2174160" lon="10.2334280">
    <ele>-1.8</ele>
   </trkpt>
   <trkpt lat="56.2174800" lon="10.2334200">
    <ele>-1.8</ele>
   </trkpt>
   <trkpt lat="56.2175450" lon="10.2334140">
    <ele>-1.8</ele>
   </trkpt>
   <trkpt lat="56.2176140" lon="10.2333940">
    <ele>-1.8</ele>
   </trkpt>
   <trkpt lat="56.2176730" lon="10.2333790">
    <ele>-1.8</ele>
   </trkpt>
   <trkpt lat="56.2177330" lon="10.2333650">
    <ele>-1.8</ele>
   </trkpt>
   <trkpt lat="56.2177910" lon="10.2333500">
    <ele>-1.8</ele>
   </trkpt>
   <trkpt lat="56.2178490" lon="10.2333420">
    <ele>-2.0</ele>
   </trkpt>
   <trkpt lat="56.2179080" lon="10.2333370">
    <ele>-2.0</ele>
   </trkpt>
   <trkpt lat="56.2179730" lon="10.2333240">
    <ele>-2.0</ele>
   </trkpt>
   <trkpt lat="56.2180390" lon="10.2333080">
    <ele>-2.0</ele>
   </trkpt>
   <trkpt lat="56.2181030" lon="10.2332970">
    <ele>-2.0</ele>
   </trkpt>
   <trkpt lat="56.2181660" lon="10.2332880">
    <ele>-2.2</ele>
   </trkpt>
   <trkpt lat="56.2182290" lon="10.2332780">
    <ele>-2.2</ele>
   </trkpt>
   <trkpt lat="56.2182920" lon="10.2332650">
    <ele>-2.2</ele>
   </trkpt>
   <trkpt lat="56.2183540" lon="10.2332490">
    <ele>-2.4</ele>
   </trkpt>
   <trkpt lat="56.2184160" lon="10.2332310">
    <ele>-2.4</ele>
   </trkpt>
   <trkpt lat="56.2184750" lon="10.2332180">
    <ele>-2.4</ele>
   </trkpt>
   <trkpt lat="56.2185330" lon="10.2332050">
    <ele>-2.6</ele>
   </trkpt>
   <trkpt lat="56.2185910" lon="10.2331920">
    <ele>-2.6</ele>
   </trkpt>
   <trkpt lat="56.2186490" lon="10.2331810">
    <ele>-2.6</ele>
   </trkpt>
   <trkpt lat="56.2187100" lon="10.2331680">
    <ele>-2.6</ele>
   </trkpt>
   <trkpt lat="56.2187750" lon="10.2331510">
    <ele>-2.6</ele>
   </trkpt>
   <trkpt lat="56.2188430" lon="10.2331350">
    <ele>-2.6</ele>
   </trkpt>
   <trkpt lat="56.2189070" lon="10.2331210">
    <ele>-2.6</ele>
   </trkpt>
   <trkpt lat="56.2189670" lon="10.2331120">
    <ele>-2.4</ele>
   </trkpt>
   <trkpt lat="56.2190180" lon="10.2331010">
    <ele>-2.4</ele>
   </trkpt>
   <trkpt lat="56.2190790" lon="10.2330890">
    <ele>-2.4</ele>
   </trkpt>
   <trkpt lat="56.2191440" lon="10.2330760">
    <ele>-2.2</ele>
   </trkpt>
   <trkpt lat="56.2192060" lon="10.2330650">
    <ele>-2.2</ele>
   </trkpt>
   <trkpt lat="56.2192640" lon="10.2330520">
    <ele>-2.2</ele>
   </trkpt>
   <trkpt lat="56.2193330" lon="10.2330430">
    <ele>-2.2</ele>
   </trkpt>
   <trkpt lat="56.2194050" lon="10.2330300">
    <ele>-2.2</ele>
   </trkpt>
   <trkpt lat="56.2194790" lon="10.2330110">
    <ele>-2.2</ele>
   </trkpt>
   <trkpt lat="56.2195500" lon="10.2329920">
    <ele>-2.2</ele>
   </trkpt>
   <trkpt lat="56.2196190" lon="10.2329780">
    <ele>-2.2</ele>
   </trkpt>
   <trkpt lat="56.2196910" lon="10.2329640">
    <ele>-2.2</ele>
   </trkpt>
   <trkpt lat="56.2197520" lon="10.2329520">
    <ele>-2.4</ele>
   </trkpt>
   <trkpt lat="56.2198140" lon="10.2329400">
    <ele>-2.4</ele>
   </trkpt>
   <trkpt lat="56.2198780" lon="10.2329270">
    <ele>-2.4</ele>
   </trkpt>
   <trkpt lat="56.2199370" lon="10.2329170">
    <ele>-2.4</ele>
   </trkpt>
   <trkpt lat="56.2199960" lon="10.2329080">
    <ele>-2.6</ele>
   </trkpt>
   <trkpt lat="56.2200500" lon="10.2328990">
    <ele>-2.4</ele>
   </trkpt>
   <trkpt lat="56.2201040" lon="10.2328930">
    <ele>-2.4</ele>
   </trkpt>
   <trkpt lat="56.2201630" lon="10.2328860">
    <ele>-2.4</ele>
   </trkpt>
   <trkpt lat="56.2202260" lon="10.2328730">
    <ele>-2.4</ele>
   </trkpt>
   <trkpt lat="56.2202870" lon="10.2328610">
    <ele>-2.2</ele>
   </trkpt>
   <trkpt lat="56.2203440" lon="10.2328490">
    <ele>-2.2</ele>
   </trkpt>
   <trkpt lat="56.2203980" lon="10.2328430">
    <ele>-2.2</ele>
   </trkpt>
   <trkpt lat="56.2204520" lon="10.2328320">
    <ele>-2.0</ele>
   </trkpt>
   <trkpt lat="56.2205120" lon="10.2328150">
    <ele>-2.0</ele>
   </trkpt>
   <trkpt lat="56.2205720" lon="10.2328010">
    <ele>-2.0</ele>
   </trkpt>
   <trkpt lat="56.2206320" lon="10.2327920">
    <ele>-1.8</ele>
   </trkpt>
   <trkpt lat="56.2206900" lon="10.2327830">
    <ele>-1.6</ele>
   </trkpt>
   <trkpt lat="56.2207460" lon="10.2327710">
    <ele>-1.6</ele>
   </trkpt>
   <trkpt lat="56.2208010" lon="10.2327600">
    <ele>-1.4</ele>
   </trkpt>
   <trkpt lat="56.2208580" lon="10.2327450">
    <ele>-1.4</ele>
   </trkpt>
   <trkpt lat="56.2209140" lon="10.2327310">
    <ele>-1.4</ele>
   </trkpt>
   <trkpt lat="56.2209680" lon="10.2327200">
    <ele>-1.4</ele>
   </trkpt>
   <trkpt lat="56.2210280" lon="10.2327110">
    <ele>-1.4</ele>
   </trkpt>
   <trkpt lat="56.2210850" lon="10.2326980">
    <ele>-1.2</ele>
   </trkpt>
   <trkpt lat="56.2211410" lon="10.2326880">
    <ele>-1.2</ele>
   </trkpt>
   <trkpt lat="56.2211970" lon="10.2326790">
    <ele>-1.2</ele>
   </trkpt>
   <trkpt lat="56.2212510" lon="10.2326690">
    <ele>-1.2</ele>
   </trkpt>
   <trkpt lat="56.2213040" lon="10.2326580">
    <ele>-1.2</ele>
   </trkpt>
   <trkpt lat="56.2213590" lon="10.2326460">
    <ele>-0.8</ele>
   </trkpt>
   <trkpt lat="56.2214150" lon="10.2326350">
    <ele>-0.8</ele>
   </trkpt>
   <trkpt lat="56.2214700" lon="10.2326240">
    <ele>-0.8</ele>
   </trkpt>
   <trkpt lat="56.2215240" lon="10.2326150">
    <ele>-0.8</ele>
   </trkpt>
   <trkpt lat="56.2215790" lon="10.2326040">
    <ele>-0.8</ele>
   </trkpt>
   <trkpt lat="56.2216350" lon="10.2325890">
    <ele>-0.8</ele>
   </trkpt>
   <trkpt lat="56.2216910" lon="10.2325760">
    <ele>-0.8</ele>
   </trkpt>
   <trkpt lat="56.2217480" lon="10.2325680">
    <ele>-1.0</ele>
   </trkpt>
   <trkpt lat="56.2218040" lon="10.2325610">
    <ele>-1.0</ele>
   </trkpt>
   <trkpt lat="56.2218610" lon="10.2325480">
    <ele>-1.0</ele>
   </trkpt>
   <trkpt lat="56.2219160" lon="10.2325350">
    <ele>-1.0</ele>
   </trkpt>
   <trkpt lat="56.2219660" lon="10.2325210">
    <ele>-1.0</ele>
   </trkpt>
   <trkpt lat="56.2220160" lon="10.2325050">
    <ele>-1.0</ele>
   </trkpt>
   <trkpt lat="56.2220670" lon="10.2324940">
    <ele>-0.8</ele>
   </trkpt>
   <trkpt lat="56.2221200" lon="10.2324850">
    <ele>-0.6</ele>
   </trkpt>
   <trkpt lat="56.2221710" lon="10.2324740">
    <ele>-0.6</ele>
   </trkpt>
   <trkpt lat="56.2222190" lon="10.2324640">
    <ele>-0.6</ele>
   </trkpt>
   <trkpt lat="56.2222660" lon="10.2324580">
    <ele>-0.6</ele>
   </trkpt>
   <trkpt lat="56.2223070" lon="10.2324750">
    <ele>-0.6</ele>
   </trkpt>
   <trkpt lat="56.2223390" lon="10.2325250">
    <ele>-0.4</ele>
   </trkpt>
   <trkpt lat="56.2223580" lon="10.2325960">
    <ele>-0.4</ele>
   </trkpt>
   <trkpt lat="56.2223630" lon="10.2326770">
    <ele>-0.4</ele>
   </trkpt>
   <trkpt lat="56.2223590" lon="10.2327640">
    <ele>-0.2</ele>
   </trkpt>
   <trkpt lat="56.2223560" lon="10.2328540">
    <ele>0.0</ele>
   </trkpt>
   <trkpt lat="56.2223550" lon="10.2329470">
    <ele>0.2</ele>
   </trkpt>
   <trkpt lat="56.2223560" lon="10.2330410">
    <ele>0.2</ele>
   </trkpt>
   <trkpt lat="56.2223570" lon="10.2331360">
    <ele>0.4</ele>
   </trkpt>
   <trkpt lat="56.2223610" lon="10.2332280">
    <ele>0.4</ele>
   </trkpt>
   <trkpt lat="56.2223650" lon="10.2333210">
    <ele>0.6</ele>
   </trkpt>
   <trkpt lat="56.2223690" lon="10.2334150">
    <ele>0.8</ele>
   </trkpt>
   <trkpt lat="56.2223690" lon="10.2335110">
    <ele>0.8</ele>
   </trkpt>
   <trkpt lat="56.2223670" lon="10.2336070">
    <ele>1.2</ele>
   </trkpt>
   <trkpt lat="56.2223680" lon="10.2337000">
    <ele>1.4</ele>
   </trkpt>
   <trkpt lat="56.2223710" lon="10.2337910">
    <ele>1.8</ele>
   </trkpt>
   <trkpt lat="56.2223770" lon="10.2338810">
    <ele>2.0</ele>
   </trkpt>
   <trkpt lat="56.2223840" lon="10.2339690">
    <ele>2.2</ele>
   </trkpt>
   <trkpt lat="56.2223960" lon="10.2340570">
    <ele>2.2</ele>
   </trkpt>
   <trkpt lat="56.2224150" lon="10.2341420">
    <ele>2.2</ele>
   </trkpt>
   <trkpt lat="56.2224400" lon="10.2342210">
    <ele>2.4</ele>
   </trkpt>
   <trkpt lat="56.2224700" lon="10.2342950">
    <ele>2.4</ele>
   </trkpt>
   <trkpt lat="56.2225030" lon="10.2343590">
    <ele>2.6</ele>
   </trkpt>
   <trkpt lat="56.2225380" lon="10.2344200">
    <ele>2.6</ele>
   </trkpt>
   <trkpt lat="56.2225740" lon="10.2344800">
    <ele>2.8</ele>
   </trkpt>
   <trkpt lat="56.2226140" lon="10.2345310">
    <ele>3.0</ele>
   </trkpt>
   <trkpt lat="56.2226580" lon="10.2345690">
    <ele>3.2</ele>
   </trkpt>
   <trkpt lat="56.2227040" lon="10.2345980">
    <ele>3.4</ele>
   </trkpt>
   <trkpt lat="56.2227460" lon="10.2346160">
    <ele>3.4</ele>
   </trkpt>
   <trkpt lat="56.2227850" lon="10.2346340">
    <ele>3.4</ele>
   </trkpt>
   <trkpt lat="56.2228190" lon="10.2346480">
    <ele>3.6</ele>
   </trkpt>
   <trkpt lat="56.2228400" lon="10.2346620">
    <ele>3.6</ele>
   </trkpt>
   <trkpt lat="56.2228630" lon="10.2346800">
    <ele>3.8</ele>
   </trkpt>
   <trkpt lat="56.2228950" lon="10.2347030">
    <ele>4.4</ele>
   </trkpt>
   <trkpt lat="56.2229310" lon="10.2347240">
    <ele>4.4</ele>
   </trkpt>
   <trkpt lat="56.2229680" lon="10.2347490">
    <ele>4.8</ele>
   </trkpt>
   <trkpt lat="56.2230060" lon="10.2347750">
    <ele>5.0</ele>
   </trkpt>
   <trkpt lat="56.2230430" lon="10.2347990">
    <ele>5.2</ele>
   </trkpt>
   <trkpt lat="56.2230800" lon="10.2348220">
    <ele>5.8</ele>
   </trkpt>
   <trkpt lat="56.2231180" lon="10.2348390">
    <ele>6.0</ele>
   </trkpt>
   <trkpt lat="56.2231570" lon="10.2348510">
    <ele>6.2</ele>
   </trkpt>
   <trkpt lat="56.2231960" lon="10.2348610">
    <ele>6.2</ele>
   </trkpt>
   <trkpt lat="56.2232340" lon="10.2348700">
    <ele>6.2</ele>
   </trkpt>
   <trkpt lat="56.2232720" lon="10.2348720">
    <ele>6.2</ele>
   </trkpt>
   <trkpt lat="56.2233100" lon="10.2348670">
    <ele>6.6</ele>
   </trkpt>
   <trkpt lat="56.2233490" lon="10.2348630">
    <ele>6.8</ele>
   </trkpt>
   <trkpt lat="56.2233920" lon="10.2348560">
    <ele>6.8</ele>
   </trkpt>
   <trkpt lat="56.2234360" lon="10.2348450">
    <ele>7.0</ele>
   </trkpt>
   <trkpt lat="56.2234830" lon="10.2348360">
    <ele>6.8</ele>
   </trkpt>
   <trkpt lat="56.2235280" lon="10.2348350">
    <ele>6.8</ele>
   </trkpt>
   <trkpt lat="56.2235740" lon="10.2348340">
    <ele>6.8</ele>
   </trkpt>
   <trkpt lat="56.2236210" lon="10.2348310">
    <ele>6.8</ele>
   </trkpt>
   <trkpt lat="56.2236700" lon="10.2348240">
    <ele>6.8</ele>
   </trkpt>
   <trkpt lat="56.2237200" lon="10.2348200">
    <ele>6.8</ele>
   </trkpt>
   <trkpt lat="56.2237740" lon="10.2348150">
    <ele>6.8</ele>
   </trkpt>
   <trkpt lat="56.2238290" lon="10.2348130">
    <ele>6.4</ele>
   </trkpt>
   <trkpt lat="56.2238870" lon="10.2348120">
    <ele>6.2</ele>
   </trkpt>
   <trkpt lat="56.2239480" lon="10.2348080">
    <ele>5.6</ele>
   </trkpt>
   <trkpt lat="56.2240090" lon="10.2348050">
    <ele>5.2</ele>
   </trkpt>
   <trkpt lat="56.2240710" lon="10.2348000">
    <ele>4.8</ele>
   </trkpt>
   <trkpt lat="56.2241390" lon="10.2347980">
    <ele>4.4</ele>
   </trkpt>
   <trkpt lat="56.2242090" lon="10.2348000">
    <ele>4.0</ele>
   </trkpt>
   <trkpt lat="56.2242770" lon="10.2348000">
    <ele>3.6</ele>
   </trkpt>
   <trkpt lat="56.2243420" lon="10.2347970">
    <ele>3.4</ele>
   </trkpt>
   <trkpt lat="56.2243990" lon="10.2347910">
    <ele>3.2</ele>
   </trkpt>
   <trkpt lat="56.2244510" lon="10.2347860">
    <ele>2.8</ele>
   </trkpt>
   <trkpt lat="56.2244970" lon="10.2347950">
    <ele>2.8</ele>
   </trkpt>
   <trkpt lat="56.2245410" lon="10.2348130">
    <ele>2.8</ele>
   </trkpt>
   <trkpt lat="56.2245850" lon="10.2348230">
    <ele>2.8</ele>
   </trkpt>
   <trkpt lat="56.2246290" lon="10.2348090">
    <ele>2.8</ele>
   </trkpt>
   <trkpt lat="56.2246670" lon="10.2347660">
    <ele>3.0</ele>
   </trkpt>
   <trkpt lat="56.2246940" lon="10.2347030">
    <ele>3.0</ele>
   </trkpt>
   <trkpt lat="56.2247120" lon="10.2346320">
    <ele>3.0</ele>
   </trkpt>
   <trkpt lat="56.2247270" lon="10.2345570">
    <ele>3.2</ele>
   </trkpt>
   <trkpt lat="56.2247410" lon="10.2344870">
    <ele>3.2</ele>
   </trkpt>
   <trkpt lat="56.2247520" lon="10.2344270">
    <ele>3.4</ele>
   </trkpt>
   <trkpt lat="56.2247600" lon="10.2343700">
    <ele>3.4</ele>
   </trkpt>
   <trkpt lat="56.2247680" lon="10.2343060">
    <ele>3.4</ele>
   </trkpt>
   <trkpt lat="56.2247770" lon="10.2342330">
    <ele>3.4</ele>
   </trkpt>
   <trkpt lat="56.2247860" lon="10.2341520">
    <ele>3.4</ele>
   </trkpt>
   <trkpt lat="56.2247970" lon="10.2340640">
    <ele>3.2</ele>
   </trkpt>
   <trkpt lat="56.2248070" lon="10.2339730">
    <ele>3.2</ele>
   </trkpt>
   <trkpt lat="56.2248140" lon="10.2338800">
    <ele>3.2</ele>
   </trkpt>
   <trkpt lat="56.2248190" lon="10.2337850">
    <ele>3.0</ele>
   </trkpt>
   <trkpt lat="56.2248210" lon="10.2336880">
    <ele>3.0</ele>
   </trkpt>
   <trkpt lat="56.2248220" lon="10.2335900">
    <ele>3.0</ele>
   </trkpt>
   <trkpt lat="56.2248230" lon="10.2334890">
    <ele>3.0</ele>
   </trkpt>
   <trkpt lat="56.2248230" lon="10.2333880">
    <ele>2.8</ele>
   </trkpt>
   <trkpt lat="56.2248200" lon="10.2332850">
    <ele>2.8</ele>
   </trkpt>
   <trkpt lat="56.2248120" lon="10.2331790">
    <ele>2.6</ele>
   </trkpt>
   <trkpt lat="56.2248060" lon="10.2330740">
    <ele>2.6</ele>
   </trkpt>
   <trkpt lat="56.2248040" lon="10.2329710">
    <ele>2.4</ele>
   </trkpt>
   <trkpt lat="56.2248010" lon="10.2328690">
    <ele>2.2</ele>
   </trkpt>
   <trkpt lat="56.2247950" lon="10.2327660">
    <ele>2.2</ele>
   </trkpt>
   <trkpt lat="56.2247900" lon="10.2326650">
    <ele>2.2</ele>
   </trkpt>
   <trkpt lat="56.2247870" lon="10.2325650">
    <ele>2.0</ele>
   </trkpt>
   <trkpt lat="56.2247820" lon="10.2324710">
    <ele>2.0</ele>
   </trkpt>
   <trkpt lat="56.2247810" lon="10.2323890">
    <ele>2.0</ele>
   </trkpt>
   <trkpt lat="56.2247810" lon="10.2323210">
    <ele>2.0</ele>
   </trkpt>
   <trkpt lat="56.2247880" lon="10.2322680">
    <ele>2.0</ele>
   </trkpt>
   <trkpt lat="56.2248050" lon="10.2322300">
    <ele>2.0</ele>
   </trkpt>
   <trkpt lat="56.2248310" lon="10.2322050">
    <ele>2.0</ele>
   </trkpt>
   <trkpt lat="56.2248620" lon="10.2321920">
    <ele>2.0</ele>
   </trkpt>
   <trkpt lat="56.2248990" lon="10.2321860">
    <ele>2.0</ele>
   </trkpt>
   <trkpt lat="56.2249370" lon="10.2321790">
    <ele>1.8</ele>
   </trkpt>
   <trkpt lat="56.2249770" lon="10.2321690">
    <ele>1.6</ele>
   </trkpt>
   <trkpt lat="56.2250180" lon="10.2321600">
    <ele>1.6</ele>
   </trkpt>
   <trkpt lat="56.2250590" lon="10.2321550">
    <ele>1.6</ele>
   </trkpt>
   <trkpt lat="56.2251000" lon="10.2321470">
    <ele>1.6</ele>
   </trkpt>
   <trkpt lat="56.2251390" lon="10.2321390">
    <ele>1.6</ele>
   </trkpt>
   <trkpt lat="56.2251740" lon="10.2321340">
    <ele>1.6</ele>
   </trkpt>
   <trkpt lat="56.2252040" lon="10.2321280">
    <ele>1.6</ele>
   </trkpt>
   <trkpt lat="56.2252300" lon="10.2321190">
    <ele>2.0</ele>
   </trkpt>
   <trkpt lat="56.2252540" lon="10.2321130">
    <ele>2.4</ele>
   </trkpt>
   <trkpt lat="56.2252770" lon="10.2321100">
    <ele>2.6</ele>
   </trkpt>
   <trkpt lat="56.2253040" lon="10.2321060">
    <ele>2.8</ele>
   </trkpt>
   <trkpt lat="56.2253380" lon="10.2321030">
    <ele>2.8</ele>
   </trkpt>
   <trkpt lat="56.2253770" lon="10.2320940">
    <ele>2.8</ele>
   </trkpt>
   <trkpt lat="56.2254160" lon="10.2320850">
    <ele>2.8</ele>
   </trkpt>
   <trkpt lat="56.2254590" lon="10.2320770">
    <ele>2.8</ele>
   </trkpt>
   <trkpt lat="56.2255000" lon="10.2320700">
    <ele>2.6</ele>
   </trkpt>
   <trkpt lat="56.2255420" lon="10.2320620">
    <ele>2.4</ele>
   </trkpt>
   <trkpt lat="56.2255840" lon="10.2320530">
    <ele>2.4</ele>
   </trkpt>
   <trkpt lat="56.2256270" lon="10.2320390">
    <ele>2.4</ele>
   </trkpt>
   <trkpt lat="56.2256660" lon="10.2320200">
    <ele>2.4</ele>
   </trkpt>
   <trkpt lat="56.2257010" lon="10.2320000">
    <ele>2.4</ele>
   </trkpt>
   <trkpt lat="56.2257340" lon="10.2319860">
    <ele>2.6</ele>
   </trkpt>
   <trkpt lat="56.2257640" lon="10.2319750">
    <ele>3.0</ele>
   </trkpt>
   <trkpt lat="56.2257920" lon="10.2319560">
    <ele>3.2</ele>
   </trkpt>
   <trkpt lat="56.2258130" lon="10.2319180">
    <ele>3.2</ele>
   </trkpt>
   <trkpt lat="56.2258260" lon="10.2318610">
    <ele>3.4</ele>
   </trkpt>
   <trkpt lat="56.2258260" lon="10.2317900">
    <ele>3.4</ele>
   </trkpt>
   <trkpt lat="56.2258200" lon="10.2317110">
    <ele>3.4</ele>
   </trkpt>
   <trkpt lat="56.2258110" lon="10.2316290">
    <ele>3.4</ele>
   </trkpt>
   <trkpt lat="56.2258040" lon="10.2315410">
    <ele>3.4</ele>
   </trkpt>
   <trkpt lat="56.2257980" lon="10.2314480">
    <ele>3.4</ele>
   </trkpt>
   <trkpt lat="56.2257970" lon="10.2313550">
    <ele>3.4</ele>
   </trkpt>
   <trkpt lat="56.2258030" lon="10.2312600">
    <ele>3.4</ele>
   </trkpt>
   <trkpt lat="56.2258240" lon="10.2311710">
    <ele>3.4</ele>
   </trkpt>
   <trkpt lat="56.2258560" lon="10.2310920">
    <ele>3.4</ele>
   </trkpt>
   <trkpt lat="56.2258920" lon="10.2310200">
    <ele>3.6</ele>
   </trkpt>
   <trkpt lat="56.2259310" lon="10.2309570">
    <ele>3.6</ele>
   </trkpt>
   <trkpt lat="56.2259730" lon="10.2309000">
    <ele>3.6</ele>
   </trkpt>
   <trkpt lat="56.2260160" lon="10.2308470">
    <ele>3.6</ele>
   </trkpt>
   <trkpt lat="56.2260580" lon="10.2307930">
    <ele>3.6</ele>
   </trkpt>
   <trkpt lat="56.2260980" lon="10.2307350">
    <ele>3.6</ele>
   </trkpt>
   <trkpt lat="56.2261370" lon="10.2306750">
    <ele>3.6</ele>
   </trkpt>
   <trkpt lat="56.2261750" lon="10.2306120">
    <ele>3.8</ele>
   </trkpt>
   <trkpt lat="56.2262140" lon="10.2305490">
    <ele>3.8</ele>
   </trkpt>
   <trkpt lat="56.2262520" lon="10.2304890">
    <ele>4.0</ele>
   </trkpt>
   <trkpt lat="56.2262890" lon="10.2304260">
    <ele>4.2</ele>
   </trkpt>
   <trkpt lat="56.2263260" lon="10.2303630">
    <ele>4.2</ele>
   </trkpt>
   <trkpt lat="56.2263650" lon="10.2303010">
    <ele>4.2</ele>
   </trkpt>
   <trkpt lat="56.2264020" lon="10.2302390">
    <ele>4.2</ele>
   </trkpt>
   <trkpt lat="56.2264390" lon="10.2301780">
    <ele>4.4</ele>
   </trkpt>
   <trkpt lat="56.2264770" lon="10.2301150">
    <ele>4.4</ele>
   </trkpt>
   <trkpt lat="56.2265120" lon="10.2300510">
    <ele>4.4</ele>
   </trkpt>
   <trkpt lat="56.2265440" lon="10.2299870">
    <ele>4.6</ele>
   </trkpt>
   <trkpt lat="56.2265740" lon="10.2299260">
    <ele>4.8</ele>
   </trkpt>
   <trkpt lat="56.2266020" lon="10.2298680">
    <ele>4.8</ele>
   </trkpt>
   <trkpt lat="56.2266300" lon="10.2298180">
    <ele>5.0</ele>
   </trkpt>
   <trkpt lat="56.2266570" lon="10.2297750">
    <ele>5.0</ele>
   </trkpt>
   <trkpt lat="56.2266790" lon="10.2297320">
    <ele>5.4</ele>
   </trkpt>
   <trkpt lat="56.2266940" lon="10.2296840">
    <ele>6.2</ele>
   </trkpt>
   <trkpt lat="56.2267070" lon="10.2296340">
    <ele>6.6</ele>
   </trkpt>
   <trkpt lat="56.2267170" lon="10.2295900">
    <ele>6.8</ele>
   </trkpt>
   <trkpt lat="56.2267220" lon="10.2295530">
    <ele>6.8</ele>
   </trkpt>
   <trkpt lat="56.2267250" lon="10.2295170">
    <ele>6.8</ele>
   </trkpt>
   <trkpt lat="56.2267270" lon="10.2294750">
    <ele>6.8</ele>
   </trkpt>
   <trkpt lat="56.2267260" lon="10.2294210">
    <ele>6.8</ele>
   </trkpt>
   <trkpt lat="56.2267220" lon="10.2293600">
    <ele>6.8</ele>
   </trkpt>
   <trkpt lat="56.2267150" lon="10.2292940">
    <ele>6.6</ele>
   </trkpt>
   <trkpt lat="56.2267050" lon="10.2292260">
    <ele>6.6</ele>
   </trkpt>
   <trkpt lat="56.2266900" lon="10.2291480">
    <ele>6.6</ele>
   </trkpt>
   <trkpt lat="56.2266710" lon="10.2290610">
    <ele>6.4</ele>
   </trkpt>
   <trkpt lat="56.2266510" lon="10.2289710">
    <ele>6.4</ele>
   </trkpt>
   <trkpt lat="56.2266310" lon="10.2288820">
    <ele>6.4</ele>
   </trkpt>
   <trkpt lat="56.2266100" lon="10.2287880">
    <ele>6.4</ele>
   </trkpt>
   <trkpt lat="56.2265900" lon="10.2286930">
    <ele>6.4</ele>
   </trkpt>
   <trkpt lat="56.2265700" lon="10.2285990">
    <ele>6.4</ele>
   </trkpt>
   <trkpt lat="56.2265520" lon="10.2285000">
    <ele>6.2</ele>
   </trkpt>
   <trkpt lat="56.2265350" lon="10.2284020">
    <ele>6.2</ele>
   </trkpt>
   <trkpt lat="56.2265120" lon="10.2283070">
    <ele>6.2</ele>
   </trkpt>
   <trkpt lat="56.2264800" lon="10.2282160">
    <ele>6.2</ele>
   </trkpt>
   <trkpt lat="56.2264480" lon="10.2281290">
    <ele>6.4</ele>
   </trkpt>
   <trkpt lat="56.2264200" lon="10.2280360">
    <ele>6.4</ele>
   </trkpt>
   <trkpt lat="56.2263950" lon="10.2279400">
    <ele>6.6</ele>
   </trkpt>
   <trkpt lat="56.2263710" lon="10.2278440">
    <ele>6.6</ele>
   </trkpt>
   <trkpt lat="56.2263460" lon="10.2277510">
    <ele>6.8</ele>
   </trkpt>
   <trkpt lat="56.2263200" lon="10.2276610">
    <ele>7.0</ele>
   </trkpt>
   <trkpt lat="56.2262960" lon="10.2275700">
    <ele>7.0</ele>
   </trkpt>
   <trkpt lat="56.2262690" lon="10.2274740">
    <ele>7.2</ele>
   </trkpt>
   <trkpt lat="56.2262420" lon="10.2273780">
    <ele>7.2</ele>
   </trkpt>
   <trkpt lat="56.2262160" lon="10.2272820">
    <ele>7.2</ele>
   </trkpt>
   <trkpt lat="56.2261900" lon="10.2271860">
    <ele>7.4</ele>
   </trkpt>
   <trkpt lat="56.2261670" lon="10.2270930">
    <ele>7.6</ele>
   </trkpt>
   <trkpt lat="56.2261440" lon="10.2269960">
    <ele>8.0</ele>
   </trkpt>
   <trkpt lat="56.2261210" lon="10.2269030">
    <ele>8.0</ele>
   </trkpt>
   <trkpt lat="56.2260970" lon="10.2268120">
    <ele>8.0</ele>
   </trkpt>
   <trkpt lat="56.2260730" lon="10.2267200">
    <ele>8.2</ele>
   </trkpt>
   <trkpt lat="56.2260500" lon="10.2266270">
    <ele>8.2</ele>
   </trkpt>
   <trkpt lat="56.2260270" lon="10.2265330">
    <ele>8.2</ele>
   </trkpt>
   <trkpt lat="56.2260090" lon="10.2264570">
    <ele>8.4</ele>
   </trkpt>
   <trkpt lat="56.2259820" lon="10.2263460">
    <ele>8.4</ele>
   </trkpt>
   <trkpt lat="56.2259600" lon="10.2262540">
    <ele>8.6</ele>
   </trkpt>
   <trkpt lat="56.2259420" lon="10.2261570">
    <ele>8.8</ele>
   </trkpt>
   <trkpt lat="56.2259250" lon="10.2260600">
    <ele>9.0</ele>
   </trkpt>
   <trkpt lat="56.2259100" lon="10.2259610">
    <ele>9.4</ele>
   </trkpt>
   <trkpt lat="56.2258970" lon="10.2258610">
    <ele>9.4</ele>
   </trkpt>
   <trkpt lat="56.2258870" lon="10.2257590">
    <ele>9.4</ele>
   </trkpt>
   <trkpt lat="56.2258830" lon="10.2256580">
    <ele>9.4</ele>
   </trkpt>
   <trkpt lat="56.2258820" lon="10.2255570">
    <ele>9.4</ele>
   </trkpt>
   <trkpt lat="56.2258870" lon="10.2254570">
    <ele>9.4</ele>
   </trkpt>
   <trkpt lat="56.2258960" lon="10.2253600">
    <ele>9.2</ele>
   </trkpt>
   <trkpt lat="56.2259110" lon="10.2252650">
    <ele>9.2</ele>
   </trkpt>
   <trkpt lat="56.2259310" lon="10.2251720">
    <ele>9.0</ele>
   </trkpt>
   <trkpt lat="56.2259510" lon="10.2250780">
    <ele>9.0</ele>
   </trkpt>
   <trkpt lat="56.2259690" lon="10.2249820">
    <ele>8.6</ele>
   </trkpt>
   <trkpt lat="56.2259870" lon="10.2248880">
    <ele>8.4</ele>
   </trkpt>
   <trkpt lat="56.2260040" lon="10.2247930">
    <ele>8.4</ele>
   </trkpt>
   <trkpt lat="56.2260200" lon="10.2246990">
    <ele>8.4</ele>
   </trkpt>
   <trkpt lat="56.2260400" lon="10.2246050">
    <ele>8.4</ele>
   </trkpt>
   <trkpt lat="56.2260610" lon="10.2245140">
    <ele>8.4</ele>
   </trkpt>
   <trkpt lat="56.2260810" lon="10.2244220">
    <ele>8.4</ele>
   </trkpt>
   <trkpt lat="56.2261000" lon="10.2243280">
    <ele>8.2</ele>
   </trkpt>
   <trkpt lat="56.2261220" lon="10.2242340">
    <ele>8.2</ele>
   </trkpt>
   <trkpt lat="56.2261420" lon="10.2241440">
    <ele>8.0</ele>
   </trkpt>
   <trkpt lat="56.2261620" lon="10.2240520">
    <ele>8.0</ele>
   </trkpt>
   <trkpt lat="56.2261810" lon="10.2239620">
    <ele>8.0</ele>
   </trkpt>
   <trkpt lat="56.2262010" lon="10.2238760">
    <ele>8.2</ele>
   </trkpt>
   <trkpt lat="56.2262220" lon="10.2237920">
    <ele>8.2</ele>
   </trkpt>
   <trkpt lat="56.2262430" lon="10.2237080">
    <ele>8.2</ele>
   </trkpt>
   <trkpt lat="56.2262640" lon="10.2236260">
    <ele>8.8</ele>
   </trkpt>
   <trkpt lat="56.2262840" lon="10.2235440">
    <ele>8.8</ele>
   </trkpt>
   <trkpt lat="56.2263030" lon="10.2234620">
    <ele>9.0</ele>
   </trkpt>
   <trkpt lat="56.2263180" lon="10.2233820">
    <ele>9.2</ele>
   </trkpt>
   <trkpt lat="56.2263340" lon="10.2233040">
    <ele>9.4</ele>
   </trkpt>
   <trkpt lat="56.2263480" lon="10.2232250">
    <ele>9.8</ele>
   </trkpt>
   <trkpt lat="56.2263610" lon="10.2231460">
    <ele>10.2</ele>
   </trkpt>
   <trkpt lat="56.2263750" lon="10.2230660">
    <ele>10.4</ele>
   </trkpt>
   <trkpt lat="56.2263890" lon="10.2229860">
    <ele>10.6</ele>
   </trkpt>
   <trkpt lat="56.2264030" lon="10.2229070">
    <ele>10.8</ele>
   </trkpt>
   <trkpt lat="56.2264150" lon="10.2228270">
    <ele>11.0</ele>
   </trkpt>
   <trkpt lat="56.2264270" lon="10.2227480">
    <ele>11.4</ele>
   </trkpt>
   <trkpt lat="56.2264390" lon="10.2226710">
    <ele>11.6</ele>
   </trkpt>
   <trkpt lat="56.2264500" lon="10.2225910">
    <ele>11.6</ele>
   </trkpt>
   <trkpt lat="56.2264610" lon="10.2225100">
    <ele>11.8</ele>
   </trkpt>
   <trkpt lat="56.2264740" lon="10.2224290">
    <ele>12.0</ele>
   </trkpt>
   <trkpt lat="56.2264850" lon="10.2223480">
    <ele>12.2</ele>
   </trkpt>
   <trkpt lat="56.2264970" lon="10.2222690">
    <ele>12.2</ele>
   </trkpt>
   <trkpt lat="56.2265080" lon="10.2221890">
    <ele>12.4</ele>
   </trkpt>
   <trkpt lat="56.2265190" lon="10.2221100">
    <ele>12.4</ele>
   </trkpt>
   <trkpt lat="56.2265290" lon="10.2220300">
    <ele>12.4</ele>
   </trkpt>
   <trkpt lat="56.2265350" lon="10.2219470">
    <ele>12.6</ele>
   </trkpt>
   <trkpt lat="56.2265390" lon="10.2218640">
    <ele>12.6</ele>
   </trkpt>
   <trkpt lat="56.2265440" lon="10.2217790">
    <ele>12.6</ele>
   </trkpt>
   <trkpt lat="56.2265470" lon="10.2216930">
    <ele>12.6</ele>
   </trkpt>
   <trkpt lat="56.2265480" lon="10.2216050">
    <ele>12.6</ele>
   </trkpt>
   <trkpt lat="56.2265450" lon="10.2215140">
    <ele>12.6</ele>
   </trkpt>
   <trkpt lat="56.2265380" lon="10.2214230">
    <ele>12.6</ele>
   </trkpt>
   <trkpt lat="56.2265260" lon="10.2213280">
    <ele>12.4</ele>
   </trkpt>
   <trkpt lat="56.2265110" lon="10.2212330">
    <ele>12.4</ele>
   </trkpt>
   <trkpt lat="56.2264950" lon="10.2211400">
    <ele>12.2</ele>
   </trkpt>
   <trkpt lat="56.2264760" lon="10.2210490">
    <ele>12.0</ele>
   </trkpt>
   <trkpt lat="56.2264570" lon="10.2209620">
    <ele>12.0</ele>
   </trkpt>
   <trkpt lat="56.2264370" lon="10.2208760">
    <ele>12.0</ele>
   </trkpt>
   <trkpt lat="56.2264160" lon="10.2207930">
    <ele>12.0</ele>
   </trkpt>
   <trkpt lat="56.2264000" lon="10.2207120">
    <ele>12.0</ele>
   </trkpt>
   <trkpt lat="56.2263850" lon="10.2206320">
    <ele>12.0</ele>
   </trkpt>
   <trkpt lat="56.2263660" lon="10.2205540">
    <ele>12.0</ele>
   </trkpt>
   <trkpt lat="56.2263460" lon="10.2204770">
    <ele>12.0</ele>
   </trkpt>
   <trkpt lat="56.2263270" lon="10.2204000">
    <ele>12.2</ele>
   </trkpt>
   <trkpt lat="56.2263120" lon="10.2203240">
    <ele>12.2</ele>
   </trkpt>
   <trkpt lat="56.2262970" lon="10.2202490">
    <ele>12.4</ele>
   </trkpt>
   <trkpt lat="56.2262870" lon="10.2201720">
    <ele>12.4</ele>
   </trkpt>
   <trkpt lat="56.2262890" lon="10.2200980">
    <ele>12.4</ele>
   </trkpt>
   <trkpt lat="56.2263050" lon="10.2200320">
    <ele>12.4</ele>
   </trkpt>
   <trkpt lat="56.2263330" lon="10.2199840">
    <ele>12.4</ele>
   </trkpt>
   <trkpt lat="56.2263670" lon="10.2199560">
    <ele>12.2</ele>
   </trkpt>
   <trkpt lat="56.2264070" lon="10.2199620">
    <ele>12.2</ele>
   </trkpt>
   <trkpt lat="56.2264530" lon="10.2199870">
    <ele>11.8</ele>
   </trkpt>
   <trkpt lat="56.2264980" lon="10.2200160">
    <ele>11.8</ele>
   </trkpt>
   <trkpt lat="56.2265440" lon="10.2200470">
    <ele>11.6</ele>
   </trkpt>
   <trkpt lat="56.2265910" lon="10.2200770">
    <ele>11.6</ele>
   </trkpt>
   <trkpt lat="56.2266400" lon="10.2201030">
    <ele>12.0</ele>
   </trkpt>
   <trkpt lat="56.2266880" lon="10.2201270">
    <ele>12.4</ele>
   </trkpt>
   <trkpt lat="56.2267360" lon="10.2201420">
    <ele>12.4</ele>
   </trkpt>
   <trkpt lat="56.2267860" lon="10.2201430">
    <ele>12.4</ele>
   </trkpt>
   <trkpt lat="56.2268350" lon="10.2201300">
    <ele>12.4</ele>
   </trkpt>
   <trkpt lat="56.2268800" lon="10.2200990">
    <ele>12.4</ele>
   </trkpt>
   <trkpt lat="56.2269190" lon="10.2200560">
    <ele>12.6</ele>
   </trkpt>
   <trkpt lat="56.2269550" lon="10.2200040">
    <ele>12.8</ele>
   </trkpt>
   <trkpt lat="56.2269900" lon="10.2199500">
    <ele>13.0</ele>
   </trkpt>
   <trkpt lat="56.2270250" lon="10.2198950">
    <ele>13.2</ele>
   </trkpt>
   <trkpt lat="56.2270600" lon="10.2198380">
    <ele>13.4</ele>
   </trkpt>
   <trkpt lat="56.2270940" lon="10.2197820">
    <ele>13.6</ele>
   </trkpt>
   <trkpt lat="56.2271270" lon="10.2197240">
    <ele>13.8</ele>
   </trkpt>
   <trkpt lat="56.2271590" lon="10.2196660">
    <ele>14.0</ele>
   </trkpt>
   <trkpt lat="56.2271920" lon="10.2196080">
    <ele>14.0</ele>
   </trkpt>
   <trkpt lat="56.2272250" lon="10.2195480">
    <ele>14.2</ele>
   </trkpt>
   <trkpt lat="56.2272580" lon="10.2194890">
    <ele>14.4</ele>
   </trkpt>
   <trkpt lat="56.2272870" lon="10.2194290">
    <ele>14.8</ele>
   </trkpt>
   <trkpt lat="56.2273170" lon="10.2193720">
    <ele>15.0</ele>
   </trkpt>
   <trkpt lat="56.2273490" lon="10.2193200">
    <ele>15.4</ele>
   </trkpt>
   <trkpt lat="56.2273810" lon="10.2192600">
    <ele>15.8</ele>
   </trkpt>
   <trkpt lat="56.2274120" lon="10.2191960">
    <ele>16.2</ele>
   </trkpt>
   <trkpt lat="56.2274460" lon="10.2191370">
    <ele>16.4</ele>
   </trkpt>
   <trkpt lat="56.2274780" lon="10.2190790">
    <ele>16.4</ele>
   </trkpt>
   <trkpt lat="56.2275100" lon="10.2190220">
    <ele>16.4</ele>
   </trkpt>
   <trkpt lat="56.2275400" lon="10.2189650">
    <ele>16.6</ele>
   </trkpt>
   <trkpt lat="56.2275690" lon="10.2189090">
    <ele>16.8</ele>
   </trkpt>
   <trkpt lat="56.2275960" lon="10.2188530">
    <ele>17.0</ele>
   </trkpt>
   <trkpt lat="56.2276200" lon="10.2187950">
    <ele>17.2</ele>
   </trkpt>
   <trkpt lat="56.2276410" lon="10.2187370">
    <ele>17.2</ele>
   </trkpt>
   <trkpt lat="56.2276600" lon="10.2186800">
    <ele>17.4</ele>
   </trkpt>
   <trkpt lat="56.2276790" lon="10.2186260">
    <ele>17.8</ele>
   </trkpt>
   <trkpt lat="56.2276990" lon="10.2185730">
    <ele>18.2</ele>
   </trkpt>
   <trkpt lat="56.2277170" lon="10.2185180">
    <ele>18.2</ele>
   </trkpt>
   <trkpt lat="56.2277320" lon="10.2184580">
    <ele>18.6</ele>
   </trkpt>
   <trkpt lat="56.2277450" lon="10.2183960">
    <ele>19.4</ele>
   </trkpt>
   <trkpt lat="56.2277600" lon="10.2183330">
    <ele>19.6</ele>
   </trkpt>
   <trkpt lat="56.2277730" lon="10.2182680">
    <ele>19.6</ele>
   </trkpt>
   <trkpt lat="56.2277840" lon="10.2182010">
    <ele>19.8</ele>
   </trkpt>
   <trkpt lat="56.2277930" lon="10.2181320">
    <ele>20.0</ele>
   </trkpt>
   <trkpt lat="56.2278030" lon="10.2180640">
    <ele>20.2</ele>
   </trkpt>
   <trkpt lat="56.2278180" lon="10.2179990">
    <ele>20.4</ele>
   </trkpt>
   <trkpt lat="56.2278420" lon="10.2179440">
    <ele>20.6</ele>
   </trkpt>
   <trkpt lat="56.2278740" lon="10.2179060">
    <ele>21.2</ele>
   </trkpt>
   <trkpt lat="56.2279080" lon="10.2178810">
    <ele>21.4</ele>
   </trkpt>
   <trkpt lat="56.2279450" lon="10.2178630">
    <ele>21.6</ele>
   </trkpt>
   <trkpt lat="56.2279840" lon="10.2178480">
    <ele>21.8</ele>
   </trkpt>
   <trkpt lat="56.2280230" lon="10.2178330">
    <ele>21.8</ele>
   </trkpt>
   <trkpt lat="56.2280620" lon="10.2178180">
    <ele>21.8</ele>
   </trkpt>
   <trkpt lat="56.2280990" lon="10.2178020">
    <ele>22.0</ele>
   </trkpt>
   <trkpt lat="56.2281350" lon="10.2177810">
    <ele>22.0</ele>
   </trkpt>
   <trkpt lat="56.2281700" lon="10.2177600">
    <ele>22.2</ele>
   </trkpt>
   <trkpt lat="56.2282060" lon="10.2177410">
    <ele>22.6</ele>
   </trkpt>
   <trkpt lat="56.2282400" lon="10.2177140">
    <ele>23.2</ele>
   </trkpt>
   <trkpt lat="56.2282670" lon="10.2176780">
    <ele>23.4</ele>
   </trkpt>
   <trkpt lat="56.2282920" lon="10.2176410">
    <ele>23.6</ele>
   </trkpt>
   <trkpt lat="56.2283150" lon="10.2176000">
    <ele>23.8</ele>
   </trkpt>
   <trkpt lat="56.2283400" lon="10.2175590">
    <ele>23.8</ele>
   </trkpt>
   <trkpt lat="56.2283660" lon="10.2175190">
    <ele>24.0</ele>
   </trkpt>
   <trkpt lat="56.2283920" lon="10.2174810">
    <ele>24.0</ele>
   </trkpt>
   <trkpt lat="56.2284200" lon="10.2174460">
    <ele>24.2</ele>
   </trkpt>
   <trkpt lat="56.2284480" lon="10.2174090">
    <ele>24.4</ele>
   </trkpt>
   <trkpt lat="56.2284740" lon="10.2173700">
    <ele>24.6</ele>
   </trkpt>
   <trkpt lat="56.2285010" lon="10.2173310">
    <ele>24.6</ele>
   </trkpt>
   <trkpt lat="56.2285270" lon="10.2172900">
    <ele>24.8</ele>
   </trkpt>
   <trkpt lat="56.2285510" lon="10.2172450">
    <ele>25.0</ele>
   </trkpt>
   <trkpt lat="56.2285770" lon="10.2172000">
    <ele>25.2</ele>
   </trkpt>
   <trkpt lat="56.2286010" lon="10.2171560">
    <ele>25.6</ele>
   </trkpt>
   <trkpt lat="56.2286240" lon="10.2171130">
    <ele>25.8</ele>
   </trkpt>
   <trkpt lat="56.2286470" lon="10.2170650">
    <ele>26.0</ele>
   </trkpt>
   <trkpt lat="56.2286710" lon="10.2170180">
    <ele>26.0</ele>
   </trkpt>
   <trkpt lat="56.2286950" lon="10.2169730">
    <ele>26.2</ele>
   </trkpt>
   <trkpt lat="56.2287210" lon="10.2169310">
    <ele>26.6</ele>
   </trkpt>
   <trkpt lat="56.2287450" lon="10.2168860">
    <ele>27.0</ele>
   </trkpt>
   <trkpt lat="56.2287700" lon="10.2168380">
    <ele>27.0</ele>
   </trkpt>
   <trkpt lat="56.2287930" lon="10.2167910">
    <ele>27.0</ele>
   </trkpt>
   <trkpt lat="56.2288140" lon="10.2167440">
    <ele>27.2</ele>
   </trkpt>
   <trkpt lat="56.2288370" lon="10.2166970">
    <ele>27.4</ele>
   </trkpt>
   <trkpt lat="56.2288630" lon="10.2166510">
    <ele>27.6</ele>
   </trkpt>
   <trkpt lat="56.2288880" lon="10.2166070">
    <ele>27.8</ele>
   </trkpt>
   <trkpt lat="56.2289140" lon="10.2165630">
    <ele>28.0</ele>
   </trkpt>
   <trkpt lat="56.2289390" lon="10.2165230">
    <ele>28.2</ele>
   </trkpt>
   <trkpt lat="56.2289640" lon="10.2164830">
    <ele>28.4</ele>
   </trkpt>
   <trkpt lat="56.2289900" lon="10.2164420">
    <ele>28.6</ele>
   </trkpt>
   <trkpt lat="56.2290120" lon="10.2164030">
    <ele>28.8</ele>
   </trkpt>
   <trkpt lat="56.2290340" lon="10.2163630">
    <ele>29.0</ele>
   </trkpt>
   <trkpt lat="56.2290540" lon="10.2163240">
    <ele>29.2</ele>
   </trkpt>
   <trkpt lat="56.2290750" lon="10.2162860">
    <ele>29.2</ele>
   </trkpt>
   <trkpt lat="56.2290970" lon="10.2162460">
    <ele>29.6</ele>
   </trkpt>
   <trkpt lat="56.2291200" lon="10.2162070">
    <ele>29.6</ele>
   </trkpt>
   <trkpt lat="56.2291420" lon="10.2161690">
    <ele>30.0</ele>
   </trkpt>
   <trkpt lat="56.2291590" lon="10.2161300">
    <ele>30.2</ele>
   </trkpt>
   <trkpt lat="56.2291730" lon="10.2160910">
    <ele>30.4</ele>
   </trkpt>
   <trkpt lat="56.2291870" lon="10.2160510">
    <ele>30.6</ele>
   </trkpt>
   <trkpt lat="56.2292050" lon="10.2160150">
    <ele>30.8</ele>
   </trkpt>
   <trkpt lat="56.2292250" lon="10.2159750">
    <ele>31.0</ele>
   </trkpt>
   <trkpt lat="56.2292460" lon="10.2159300">
    <ele>31.2</ele>
   </trkpt>
   <trkpt lat="56.2292690" lon="10.2158860">
    <ele>31.2</ele>
   </trkpt>
   <trkpt lat="56.2292930" lon="10.2158460">
    <ele>31.6</ele>
   </trkpt>
   <trkpt lat="56.2293140" lon="10.2158050">
    <ele>31.8</ele>
   </trkpt>
   <trkpt lat="56.2293370" lon="10.2157640">
    <ele>32.0</ele>
   </trkpt>
   <trkpt lat="56.2293610" lon="10.2157220">
    <ele>32.2</ele>
   </trkpt>
   <trkpt lat="56.2293850" lon="10.2156790">
    <ele>32.6</ele>
   </trkpt>
   <trkpt lat="56.2294070" lon="10.2156360">
    <ele>32.8</ele>
   </trkpt>
   <trkpt lat="56.2294300" lon="10.2155960">
    <ele>33.2</ele>
   </trkpt>
   <trkpt lat="56.2294520" lon="10.2155550">
    <ele>33.4</ele>
   </trkpt>
   <trkpt lat="56.2294770" lon="10.2155180">
    <ele>33.6</ele>
   </trkpt>
   <trkpt lat="56.2295000" lon="10.2154810">
    <ele>33.8</ele>
   </trkpt>
   <trkpt lat="56.2295210" lon="10.2154410">
    <ele>33.8</ele>
   </trkpt>
   <trkpt lat="56.2295410" lon="10.2153990">
    <ele>34.0</ele>
   </trkpt>
   <trkpt lat="56.2295610" lon="10.2153600">
    <ele>34.4</ele>
   </trkpt>
   <trkpt lat="56.2295820" lon="10.2153170">
    <ele>34.6</ele>
   </trkpt>
   <trkpt lat="56.2296050" lon="10.2152710">
    <ele>34.8</ele>
   </trkpt>
   <trkpt lat="56.2296280" lon="10.2152260">
    <ele>35.0</ele>
   </trkpt>
   <trkpt lat="56.2296500" lon="10.2151810">
    <ele>35.2</ele>
   </trkpt>
   <trkpt lat="56.2296690" lon="10.2151370">
    <ele>35.4</ele>
   </trkpt>
   <trkpt lat="56.2296860" lon="10.2150940">
    <ele>35.6</ele>
   </trkpt>
   <trkpt lat="56.2297080" lon="10.2150540">
    <ele>35.8</ele>
   </trkpt>
   <trkpt lat="56.2297310" lon="10.2150150">
    <ele>35.8</ele>
   </trkpt>
   <trkpt lat="56.2297540" lon="10.2149750">
    <ele>35.8</ele>
   </trkpt>
   <trkpt lat="56.2297760" lon="10.2149320">
    <ele>36.0</ele>
   </trkpt>
   <trkpt lat="56.2297960" lon="10.2148890">
    <ele>36.0</ele>
   </trkpt>
   <trkpt lat="56.2298150" lon="10.2148460">
    <ele>36.0</ele>
   </trkpt>
   <trkpt lat="56.2298360" lon="10.2148030">
    <ele>36.2</ele>
   </trkpt>
   <trkpt lat="56.2298550" lon="10.2147580">
    <ele>36.2</ele>
   </trkpt>
   <trkpt lat="56.2298770" lon="10.2147140">
    <ele>36.2</ele>
   </trkpt>
   <trkpt lat="56.2298980" lon="10.2146700">
    <ele>36.2</ele>
   </trkpt>
   <trkpt lat="56.2299200" lon="10.2146260">
    <ele>36.2</ele>
   </trkpt>
   <trkpt lat="56.2299430" lon="10.2145820">
    <ele>36.2</ele>
   </trkpt>
   <trkpt lat="56.2299650" lon="10.2145390">
    <ele>36.2</ele>
   </trkpt>
   <trkpt lat="56.2299870" lon="10.2144980">
    <ele>36.2</ele>
   </trkpt>
   <trkpt lat="56.2300100" lon="10.2144570">
    <ele>36.6</ele>
   </trkpt>
   <trkpt lat="56.2300310" lon="10.2144140">
    <ele>36.8</ele>
   </trkpt>
   <trkpt lat="56.2300520" lon="10.2143720">
    <ele>37.2</ele>
   </trkpt>
   <trkpt lat="56.2300730" lon="10.2143290">
    <ele>37.2</ele>
   </trkpt>
   <trkpt lat="56.2300930" lon="10.2142870">
    <ele>37.4</ele>
   </trkpt>
   <trkpt lat="56.2301130" lon="10.2142430">
    <ele>37.4</ele>
   </trkpt>
   <trkpt lat="56.2301330" lon="10.2141980">
    <ele>37.4</ele>
   </trkpt>
   <trkpt lat="56.2301520" lon="10.2141510">
    <ele>38.0</ele>
   </trkpt>
   <trkpt lat="56.2301710" lon="10.2141040">
    <ele>38.2</ele>
   </trkpt>
   <trkpt lat="56.2301910" lon="10.2140580">
    <ele>38.2</ele>
   </trkpt>
   <trkpt lat="56.2302130" lon="10.2140130">
    <ele>38.4</ele>
   </trkpt>
   <trkpt lat="56.2302330" lon="10.2139690">
    <ele>38.6</ele>
   </trkpt>
   <trkpt lat="56.2302530" lon="10.2139290">
    <ele>38.6</ele>
   </trkpt>
   <trkpt lat="56.2302740" lon="10.2138890">
    <ele>39.0</ele>
   </trkpt>
   <trkpt lat="56.2302940" lon="10.2138480">
    <ele>39.2</ele>
   </trkpt>
   <trkpt lat="56.2303130" lon="10.2138060">
    <ele>39.4</ele>
   </trkpt>
   <trkpt lat="56.2303350" lon="10.2137660">
    <ele>39.4</ele>
   </trkpt>
   <trkpt lat="56.2303550" lon="10.2137250">
    <ele>39.6</ele>
   </trkpt>
   <trkpt lat="56.2303730" lon="10.2136840">
    <ele>39.6</ele>
   </trkpt>
   <trkpt lat="56.2303910" lon="10.2136460">
    <ele>39.6</ele>
   </trkpt>
   <trkpt lat="56.2304070" lon="10.2136090">
    <ele>40.0</ele>
   </trkpt>
   <trkpt lat="56.2304250" lon="10.2135720">
    <ele>40.4</ele>
   </trkpt>
   <trkpt lat="56.2304420" lon="10.2135340">
    <ele>40.8</ele>
   </trkpt>
   <trkpt lat="56.2304580" lon="10.2134960">
    <ele>41.0</ele>
   </trkpt>
   <trkpt lat="56.2304740" lon="10.2134580">
    <ele>41.4</ele>
   </trkpt>
   <trkpt lat="56.2304920" lon="10.2134210">
    <ele>41.6</ele>
   </trkpt>
   <trkpt lat="56.2305080" lon="10.2133860">
    <ele>41.8</ele>
   </trkpt>
   <trkpt lat="56.2305240" lon="10.2133490">
    <ele>41.8</ele>
   </trkpt>
   <trkpt lat="56.2305410" lon="10.2133120">
    <ele>42.0</ele>
   </trkpt>
   <trkpt lat="56.2305610" lon="10.2132750">
    <ele>42.4</ele>
   </trkpt>
   <trkpt lat="56.2305830" lon="10.2132370">
    <ele>42.8</ele>
   </trkpt>
   <trkpt lat="56.2306050" lon="10.2131970">
    <ele>43.0</ele>
   </trkpt>
   <trkpt lat="56.2306240" lon="10.2131560">
    <ele>43.0</ele>
   </trkpt>
   <trkpt lat="56.2306430" lon="10.2131140">
    <ele>43.2</ele>
   </trkpt>
   <trkpt lat="56.2306620" lon="10.2130700">
    <ele>43.2</ele>
   </trkpt>
   <trkpt lat="56.2306810" lon="10.2130240">
    <ele>43.6</ele>
   </trkpt>
   <trkpt lat="56.2307010" lon="10.2129810">
    <ele>43.8</ele>
   </trkpt>
   <trkpt lat="56.2307220" lon="10.2129400">
    <ele>44.0</ele>
   </trkpt>
   <trkpt lat="56.2307450" lon="10.2129040">
    <ele>44.4</ele>
   </trkpt>
   <trkpt lat="56.2307670" lon="10.2128640">
    <ele>44.6</ele>
   </trkpt>
   <trkpt lat="56.2307860" lon="10.2128200">
    <ele>44.8</ele>
   </trkpt>
   <trkpt lat="56.2308060" lon="10.2127780">
    <ele>44.8</ele>
   </trkpt>
   <trkpt lat="56.2308260" lon="10.2127370">
    <ele>45.0</ele>
   </trkpt>
   <trkpt lat="56.2308460" lon="10.2126950">
    <ele>45.0</ele>
   </trkpt>
   <trkpt lat="56.2308670" lon="10.2126510">
    <ele>45.4</ele>
   </trkpt>
   <trkpt lat="56.2308890" lon="10.2126090">
    <ele>45.6</ele>
   </trkpt>
   <trkpt lat="56.2309100" lon="10.2125650">
    <ele>45.6</ele>
   </trkpt>
   <trkpt lat="56.2309310" lon="10.2125210">
    <ele>45.8</ele>
   </trkpt>
   <trkpt lat="56.2309500" lon="10.2124800">
    <ele>46.2</ele>
   </trkpt>
   <trkpt lat="56.2309700" lon="10.2124400">
    <ele>46.8</ele>
   </trkpt>
   <trkpt lat="56.2309880" lon="10.2124000">
    <ele>47.0</ele>
   </trkpt>
   <trkpt lat="56.2310070" lon="10.2123570">
    <ele>47.0</ele>
   </trkpt>
   <trkpt lat="56.2310270" lon="10.2123150">
    <ele>47.0</ele>
   </trkpt>
   <trkpt lat="56.2310490" lon="10.2122770">
    <ele>47.2</ele>
   </trkpt>
   <trkpt lat="56.2310690" lon="10.2122360">
    <ele>47.2</ele>
   </trkpt>
   <trkpt lat="56.2310890" lon="10.2121930">
    <ele>47.2</ele>
   </trkpt>
   <trkpt lat="56.2311070" lon="10.2121520">
    <ele>47.2</ele>
   </trkpt>
   <trkpt lat="56.2311220" lon="10.2121100">
    <ele>47.4</ele>
   </trkpt>
   <trkpt lat="56.2311390" lon="10.2120740">
    <ele>47.6</ele>
   </trkpt>
   <trkpt lat="56.2311560" lon="10.2120390">
    <ele>47.8</ele>
   </trkpt>
   <trkpt lat="56.2311750" lon="10.2119990">
    <ele>47.8</ele>
   </trkpt>
   <trkpt lat="56.2311970" lon="10.2119550">
    <ele>47.8</ele>
   </trkpt>
   <trkpt lat="56.2312200" lon="10.2119100">
    <ele>47.8</ele>
   </trkpt>
   <trkpt lat="56.2312400" lon="10.2118610">
    <ele>47.8</ele>
   </trkpt>
   <trkpt lat="56.2312590" lon="10.2118130">
    <ele>47.8</ele>
   </trkpt>
   <trkpt lat="56.2312790" lon="10.2117670">
    <ele>47.8</ele>
   </trkpt>
   <trkpt lat="56.2313000" lon="10.2117250">
    <ele>47.8</ele>
   </trkpt>
   <trkpt lat="56.2313230" lon="10.2116810">
    <ele>48.0</ele>
   </trkpt>
   <trkpt lat="56.2313440" lon="10.2116380">
    <ele>48.0</ele>
   </trkpt>
   <trkpt lat="56.2313630" lon="10.2115950">
    <ele>48.0</ele>
   </trkpt>
   <trkpt lat="56.2313840" lon="10.2115510">
    <ele>48.0</ele>
   </trkpt>
   <trkpt lat="56.2314060" lon="10.2115090">
    <ele>48.2</ele>
   </trkpt>
   <trkpt lat="56.2314290" lon="10.2114680">
    <ele>48.4</ele>
   </trkpt>
   <trkpt lat="56.2314490" lon="10.2114270">
    <ele>48.4</ele>
   </trkpt>
   <trkpt lat="56.2314690" lon="10.2113870">
    <ele>48.6</ele>
   </trkpt>
   <trkpt lat="56.2314880" lon="10.2113450">
    <ele>49.2</ele>
   </trkpt>
   <trkpt lat="56.2315070" lon="10.2112990">
    <ele>49.2</ele>
   </trkpt>
   <trkpt lat="56.2315240" lon="10.2112550">
    <ele>49.4</ele>
   </trkpt>
   <trkpt lat="56.2315410" lon="10.2112100">
    <ele>49.4</ele>
   </trkpt>
   <trkpt lat="56.2315600" lon="10.2111700">
    <ele>49.4</ele>
   </trkpt>
   <trkpt lat="56.2315780" lon="10.2111300">
    <ele>49.8</ele>
   </trkpt>
   <trkpt lat="56.2315980" lon="10.2110880">
    <ele>50.0</ele>
   </trkpt>
   <trkpt lat="56.2316200" lon="10.2110480">
    <ele>50.0</ele>
   </trkpt>
   <trkpt lat="56.2316430" lon="10.2110100">
    <ele>50.0</ele>
   </trkpt>
   <trkpt lat="56.2316620" lon="10.2109710">
    <ele>50.4</ele>
   </trkpt>
   <trkpt lat="56.2316820" lon="10.2109320">
    <ele>50.6</ele>
   </trkpt>
   <trkpt lat="56.2317050" lon="10.2108970">
    <ele>51.0</ele>
   </trkpt>
   <trkpt lat="56.2317280" lon="10.2108600">
    <ele>51.0</ele>
   </trkpt>
   <trkpt lat="56.2317520" lon="10.2108210">
    <ele>51.2</ele>
   </trkpt>
   <trkpt lat="56.2317750" lon="10.2107850">
    <ele>51.4</ele>
   </trkpt>
   <trkpt lat="56.2317980" lon="10.2107470">
    <ele>51.4</ele>
   </trkpt>
   <trkpt lat="56.2318200" lon="10.2107080">
    <ele>52.0</ele>
   </trkpt>
   <trkpt lat="56.2318430" lon="10.2106710">
    <ele>52.6</ele>
   </trkpt>
   <trkpt lat="56.2318640" lon="10.2106320">
    <ele>52.8</ele>
   </trkpt>
   <trkpt lat="56.2318860" lon="10.2105900">
    <ele>53.0</ele>
   </trkpt>
   <trkpt lat="56.2319110" lon="10.2105530">
    <ele>53.2</ele>
   </trkpt>
   <trkpt lat="56.2319420" lon="10.2105160">
    <ele>53.4</ele>
   </trkpt>
   <trkpt lat="56.2319690" lon="10.2104780">
    <ele>53.4</ele>
   </trkpt>
   <trkpt lat="56.2319990" lon="10.2104410">
    <ele>53.4</ele>
   </trkpt>
   <trkpt lat="56.2320300" lon="10.2104010">
    <ele>53.4</ele>
   </trkpt>
   <trkpt lat="56.2320590" lon="10.2103610">
    <ele>53.2</ele>
   </trkpt>
   <trkpt lat="56.2320920" lon="10.2103180">
    <ele>53.0</ele>
   </trkpt>
   <trkpt lat="56.2321260" lon="10.2102750">
    <ele>52.6</ele>
   </trkpt>
   <trkpt lat="56.2321630" lon="10.2102290">
    <ele>52.0</ele>
   </trkpt>
   <trkpt lat="56.2322030" lon="10.2101840">
    <ele>51.8</ele>
   </trkpt>
   <trkpt lat="56.2322460" lon="10.2101360">
    <ele>51.4</ele>
   </trkpt>
   <trkpt lat="56.2322890" lon="10.2100840">
    <ele>51.2</ele>
   </trkpt>
   <trkpt lat="56.2323320" lon="10.2100270">
    <ele>51.0</ele>
   </trkpt>
   <trkpt lat="56.2323730" lon="10.2099660">
    <ele>50.6</ele>
   </trkpt>
   <trkpt lat="56.2324140" lon="10.2099030">
    <ele>50.4</ele>
   </trkpt>
   <trkpt lat="56.2324550" lon="10.2098420">
    <ele>50.4</ele>
   </trkpt>
   <trkpt lat="56.2324940" lon="10.2097800">
    <ele>50.2</ele>
   </trkpt>
   <trkpt lat="56.2325310" lon="10.2097120">
    <ele>49.6</ele>
   </trkpt>
   <trkpt lat="56.2325670" lon="10.2096440">
    <ele>49.4</ele>
   </trkpt>
   <trkpt lat="56.2326020" lon="10.2095780">
    <ele>49.4</ele>
   </trkpt>
   <trkpt lat="56.2326360" lon="10.2095150">
    <ele>49.4</ele>
   </trkpt>
   <trkpt lat="56.2326670" lon="10.2094530">
    <ele>49.2</ele>
   </trkpt>
   <trkpt lat="56.2326970" lon="10.2093940">
    <ele>49.2</ele>
   </trkpt>
   <trkpt lat="56.2327270" lon="10.2093390">
    <ele>49.2</ele>
   </trkpt>
   <trkpt lat="56.2327570" lon="10.2092860">
    <ele>49.2</ele>
   </trkpt>
   <trkpt lat="56.2327870" lon="10.2092340">
    <ele>49.2</ele>
   </trkpt>
   <trkpt lat="56.2328210" lon="10.2091850">
    <ele>49.2</ele>
   </trkpt>
   <trkpt lat="56.2328560" lon="10.2091410">
    <ele>49.2</ele>
   </trkpt>
   <trkpt lat="56.2328900" lon="10.2090980">
    <ele>49.2</ele>
   </trkpt>
   <trkpt lat="56.2329190" lon="10.2090590">
    <ele>49.0</ele>
   </trkpt>
   <trkpt lat="56.2329490" lon="10.2090340">
    <ele>49.0</ele>
   </trkpt>
   <trkpt lat="56.2329780" lon="10.2090340">
    <ele>49.0</ele>
   </trkpt>
   <trkpt lat="56.2330070" lon="10.2090450">
    <ele>49.2</ele>
   </trkpt>
   <trkpt lat="56.2330340" lon="10.2090380">
    <ele>49.6</ele>
   </trkpt>
   <trkpt lat="56.2330590" lon="10.2090150">
    <ele>49.8</ele>
   </trkpt>
   <trkpt lat="56.2330860" lon="10.2089830">
    <ele>50.0</ele>
   </trkpt>
   <trkpt lat="56.2331140" lon="10.2089480">
    <ele>50.2</ele>
   </trkpt>
   <trkpt lat="56.2331450" lon="10.2089140">
    <ele>50.4</ele>
   </trkpt>
   <trkpt lat="56.2331780" lon="10.2088800">
    <ele>50.6</ele>
   </trkpt>
   <trkpt lat="56.2332090" lon="10.2088470">
    <ele>50.6</ele>
   </trkpt>
   <trkpt lat="56.2332400" lon="10.2088120">
    <ele>50.6</ele>
   </trkpt>
   <trkpt lat="56.2332720" lon="10.2087740">
    <ele>50.6</ele>
   </trkpt>
   <trkpt lat="56.2333040" lon="10.2087380">
    <ele>50.8</ele>
   </trkpt>
   <trkpt lat="56.2333370" lon="10.2087050">
    <ele>50.8</ele>
   </trkpt>
   <trkpt lat="56.2333680" lon="10.2086730">
    <ele>50.8</ele>
   </trkpt>
   <trkpt lat="56.2334000" lon="10.2086400">
    <ele>51.0</ele>
   </trkpt>
   <trkpt lat="56.2334330" lon="10.2086030">
    <ele>51.2</ele>
   </trkpt>
   <trkpt lat="56.2334660" lon="10.2085670">
    <ele>51.2</ele>
   </trkpt>
   <trkpt lat="56.2334990" lon="10.2085310">
    <ele>51.4</ele>
   </trkpt>
   <trkpt lat="56.2335310" lon="10.2084900">
    <ele>51.4</ele>
   </trkpt>
   <trkpt lat="56.2335650" lon="10.2084500">
    <ele>51.4</ele>
   </trkpt>
   <trkpt lat="56.2336000" lon="10.2084120">
    <ele>51.4</ele>
   </trkpt>
   <trkpt lat="56.2336340" lon="10.2083720">
    <ele>51.4</ele>
   </trkpt>
   <trkpt lat="56.2336690" lon="10.2083320">
    <ele>51.2</ele>
   </trkpt>
   <trkpt lat="56.2337060" lon="10.2082900">
    <ele>51.0</ele>
   </trkpt>
   <trkpt lat="56.2337420" lon="10.2082480">
    <ele>50.6</ele>
   </trkpt>
   <trkpt lat="56.2337820" lon="10.2082040">
    <ele>50.4</ele>
   </trkpt>
   <trkpt lat="56.2338210" lon="10.2081580">
    <ele>50.2</ele>
   </trkpt>
   <trkpt lat="56.2338600" lon="10.2081120">
    <ele>50.2</ele>
   </trkpt>
   <trkpt lat="56.2339010" lon="10.2080680">
    <ele>50.0</ele>
   </trkpt>
   <trkpt lat="56.2339440" lon="10.2080210">
    <ele>50.0</ele>
   </trkpt>
   <trkpt lat="56.2339870" lon="10.2079740">
    <ele>49.8</ele>
   </trkpt>
   <trkpt lat="56.2340290" lon="10.2079250">
    <ele>49.6</ele>
   </trkpt>
   <trkpt lat="56.2340690" lon="10.2078780">
    <ele>49.6</ele>
   </trkpt>
   <trkpt lat="56.2341120" lon="10.2078330">
    <ele>49.4</ele>
   </trkpt>
   <trkpt lat="56.2341530" lon="10.2077910">
    <ele>49.4</ele>
   </trkpt>
   <trkpt lat="56.2341920" lon="10.2077470">
    <ele>49.4</ele>
   </trkpt>
   <trkpt lat="56.2342310" lon="10.2077040">
    <ele>49.4</ele>
   </trkpt>
   <trkpt lat="56.2342720" lon="10.2076630">
    <ele>49.6</ele>
   </trkpt>
   <trkpt lat="56.2343130" lon="10.2076220">
    <ele>49.6</ele>
   </trkpt>
   <trkpt lat="56.2343490" lon="10.2075800">
    <ele>49.8</ele>
   </trkpt>
   <trkpt lat="56.2343860" lon="10.2075370">
    <ele>49.8</ele>
   </trkpt>
   <trkpt lat="56.2344250" lon="10.2074960">
    <ele>49.8</ele>
   </trkpt>
   <trkpt lat="56.2344640" lon="10.2074550">
    <ele>49.8</ele>
   </trkpt>
   <trkpt lat="56.2345030" lon="10.2074120">
    <ele>49.6</ele>
   </trkpt>
   <trkpt lat="56.2345410" lon="10.2073670">
    <ele>49.6</ele>
   </trkpt>
   <trkpt lat="56.2345780" lon="10.2073230">
    <ele>49.6</ele>
   </trkpt>
   <trkpt lat="56.2346160" lon="10.2072840">
    <ele>49.6</ele>
   </trkpt>
   <trkpt lat="56.2346510" lon="10.2072450">
    <ele>49.6</ele>
   </trkpt>
   <trkpt lat="56.2346850" lon="10.2072040">
    <ele>49.6</ele>
   </trkpt>
   <trkpt lat="56.2347190" lon="10.2071610">
    <ele>49.8</ele>
   </trkpt>
   <trkpt lat="56.2347550" lon="10.2071180">
    <ele>50.0</ele>
   </trkpt>
   <trkpt lat="56.2347930" lon="10.2070770">
    <ele>50.0</ele>
   </trkpt>
   <trkpt lat="56.2348310" lon="10.2070380">
    <ele>50.0</ele>
   </trkpt>
   <trkpt lat="56.2348680" lon="10.2069970">
    <ele>50.2</ele>
   </trkpt>
   <trkpt lat="56.2349000" lon="10.2069550">
    <ele>50.2</ele>
   </trkpt>
   <trkpt lat="56.2349330" lon="10.2069190">
    <ele>50.4</ele>
   </trkpt>
   <trkpt lat="56.2349650" lon="10.2068920">
    <ele>50.6</ele>
   </trkpt>
   <trkpt lat="56.2349940" lon="10.2068670">
    <ele>51.0</ele>
   </trkpt>
   <trkpt lat="56.2350190" lon="10.2068400">
    <ele>51.2</ele>
   </trkpt>
   <trkpt lat="56.2350380" lon="10.2068180">
    <ele>51.4</ele>
   </trkpt>
   <trkpt lat="56.2350540" lon="10.2067970">
    <ele>52.2</ele>
   </trkpt>
   <trkpt lat="56.2350750" lon="10.2067780">
    <ele>52.4</ele>
   </trkpt>
   <trkpt lat="56.2350980" lon="10.2067570">
    <ele>53.0</ele>
   </trkpt>
   <trkpt lat="56.2351210" lon="10.2067320">
    <ele>53.2</ele>
   </trkpt>
   <trkpt lat="56.2351440" lon="10.2067040">
    <ele>53.4</ele>
   </trkpt>
   <trkpt lat="56.2351670" lon="10.2066780">
    <ele>53.6</ele>
   </trkpt>
   <trkpt lat="56.2351910" lon="10.2066550">
    <ele>53.6</ele>
   </trkpt>
   <trkpt lat="56.2352150" lon="10.2066320">
    <ele>53.8</ele>
   </trkpt>
   <trkpt lat="56.2352360" lon="10.2066040">
    <ele>54.0</ele>
   </trkpt>
   <trkpt lat="56.2352580" lon="10.2065760">
    <ele>54.4</ele>
   </trkpt>
   <trkpt lat="56.2352820" lon="10.2065500">
    <ele>54.8</ele>
   </trkpt>
   <trkpt lat="56.2353070" lon="10.2065260">
    <ele>55.0</ele>
   </trkpt>
   <trkpt lat="56.2353310" lon="10.2065000">
    <ele>55.2</ele>
   </trkpt>
   <trkpt lat="56.2353530" lon="10.2064710">
    <ele>55.2</ele>
   </trkpt>
   <trkpt lat="56.2353770" lon="10.2064410">
    <ele>55.2</ele>
   </trkpt>
   <trkpt lat="56.2354030" lon="10.2064110">
    <ele>55.4</ele>
   </trkpt>
   <trkpt lat="56.2354290" lon="10.2063830">
    <ele>55.4</ele>
   </trkpt>
   <trkpt lat="56.2354550" lon="10.2063530">
    <ele>55.4</ele>
   </trkpt>
   <trkpt lat="56.2354820" lon="10.2063240">
    <ele>55.4</ele>
   </trkpt>
   <trkpt lat="56.2355110" lon="10.2062950">
    <ele>55.2</ele>
   </trkpt>
   <trkpt lat="56.2355380" lon="10.2062640">
    <ele>55.0</ele>
   </trkpt>
   <trkpt lat="56.2355640" lon="10.2062330">
    <ele>55.0</ele>
   </trkpt>
   <trkpt lat="56.2355920" lon="10.2062020">
    <ele>55.0</ele>
   </trkpt>
   <trkpt lat="56.2356180" lon="10.2061710">
    <ele>55.0</ele>
   </trkpt>
   <trkpt lat="56.2356460" lon="10.2061390">
    <ele>55.0</ele>
   </trkpt>
   <trkpt lat="56.2356720" lon="10.2061090">
    <ele>55.0</ele>
   </trkpt>
   <trkpt lat="56.2357010" lon="10.2060800">
    <ele>55.0</ele>
   </trkpt>
   <trkpt lat="56.2357300" lon="10.2060510">
    <ele>55.0</ele>
   </trkpt>
   <trkpt lat="56.2357600" lon="10.2060180">
    <ele>55.4</ele>
   </trkpt>
   <trkpt lat="56.2357900" lon="10.2059840">
    <ele>55.4</ele>
   </trkpt>
   <trkpt lat="56.2358180" lon="10.2059470">
    <ele>55.4</ele>
   </trkpt>
   <trkpt lat="56.2358470" lon="10.2059100">
    <ele>55.4</ele>
   </trkpt>
   <trkpt lat="56.2358770" lon="10.2058780">
    <ele>55.2</ele>
   </trkpt>
   <trkpt lat="56.2359090" lon="10.2058480">
    <ele>55.0</ele>
   </trkpt>
   <trkpt lat="56.2359410" lon="10.2058170">
    <ele>55.0</ele>
   </trkpt>
   <trkpt lat="56.2359730" lon="10.2057810">
    <ele>54.6</ele>
   </trkpt>
   <trkpt lat="56.2360050" lon="10.2057490">
    <ele>54.2</ele>
   </trkpt>
   <trkpt lat="56.2360330" lon="10.2057160">
    <ele>54.2</ele>
   </trkpt>
   <trkpt lat="56.2360610" lon="10.2056840">
    <ele>54.2</ele>
   </trkpt>
   <trkpt lat="56.2360890" lon="10.2056510">
    <ele>54.2</ele>
   </trkpt>
   <trkpt lat="56.2361200" lon="10.2056190">
    <ele>54.2</ele>
   </trkpt>
   <trkpt lat="56.2361500" lon="10.2055850">
    <ele>54.2</ele>
   </trkpt>
   <trkpt lat="56.2361790" lon="10.2055520">
    <ele>54.4</ele>
   </trkpt>
   <trkpt lat="56.2362090" lon="10.2055190">
    <ele>54.8</ele>
   </trkpt>
   <trkpt lat="56.2362400" lon="10.2054890">
    <ele>54.8</ele>
   </trkpt>
   <trkpt lat="56.2362720" lon="10.2054560">
    <ele>55.0</ele>
   </trkpt>
   <trkpt lat="56.2363010" lon="10.2054210">
    <ele>55.2</ele>
   </trkpt>
   <trkpt lat="56.2363300" lon="10.2053880">
    <ele>55.4</ele>
   </trkpt>
   <trkpt lat="56.2363600" lon="10.2053570">
    <ele>55.4</ele>
   </trkpt>
   <trkpt lat="56.2363900" lon="10.2053240">
    <ele>55.6</ele>
   </trkpt>
   <trkpt lat="56.2364210" lon="10.2052910">
    <ele>55.8</ele>
   </trkpt>
   <trkpt lat="56.2364510" lon="10.2052590">
    <ele>56.0</ele>
   </trkpt>
   <trkpt lat="56.2364810" lon="10.2052260">
    <ele>56.0</ele>
   </trkpt>
   <trkpt lat="56.2365090" lon="10.2051920">
    <ele>56.0</ele>
   </trkpt>
   <trkpt lat="56.2365380" lon="10.2051600">
    <ele>56.2</ele>
   </trkpt>
   <trkpt lat="56.2365670" lon="10.2051260">
    <ele>56.2</ele>
   </trkpt>
   <trkpt lat="56.2365960" lon="10.2050910">
    <ele>56.2</ele>
   </trkpt>
   <trkpt lat="56.2366270" lon="10.2050570">
    <ele>56.2</ele>
   </trkpt>
   <trkpt lat="56.2366570" lon="10.2050210">
    <ele>56.0</ele>
   </trkpt>
   <trkpt lat="56.2366860" lon="10.2049870">
    <ele>55.8</ele>
   </trkpt>
   <trkpt lat="56.2367150" lon="10.2049520">
    <ele>55.8</ele>
   </trkpt>
   <trkpt lat="56.2367470" lon="10.2049160">
    <ele>55.8</ele>
   </trkpt>
   <trkpt lat="56.2367780" lon="10.2048840">
    <ele>55.8</ele>
   </trkpt>
   <trkpt lat="56.2368090" lon="10.2048510">
    <ele>55.8</ele>
   </trkpt>
   <trkpt lat="56.2368420" lon="10.2048180">
    <ele>55.8</ele>
   </trkpt>
   <trkpt lat="56.2368700" lon="10.2047820">
    <ele>55.8</ele>
   </trkpt>
   <trkpt lat="56.2368990" lon="10.2047450">
    <ele>55.8</ele>
   </trkpt>
   <trkpt lat="56.2369310" lon="10.2047110">
    <ele>55.8</ele>
   </trkpt>
   <trkpt lat="56.2369620" lon="10.2046780">
    <ele>56.0</ele>
   </trkpt>
   <trkpt lat="56.2369910" lon="10.2046440">
    <ele>56.0</ele>
   </trkpt>
   <trkpt lat="56.2370220" lon="10.2046130">
    <ele>56.0</ele>
   </trkpt>
   <trkpt lat="56.2370520" lon="10.2045770">
    <ele>56.0</ele>
   </trkpt>
   <trkpt lat="56.2370800" lon="10.2045410">
    <ele>56.0</ele>
   </trkpt>
   <trkpt lat="56.2371080" lon="10.2045070">
    <ele>56.0</ele>
   </trkpt>
   <trkpt lat="56.2371370" lon="10.2044760">
    <ele>56.0</ele>
   </trkpt>
   <trkpt lat="56.2371640" lon="10.2044450">
    <ele>55.8</ele>
   </trkpt>
   <trkpt lat="56.2371870" lon="10.2044120">
    <ele>55.8</ele>
   </trkpt>
   <trkpt lat="56.2372020" lon="10.2043750">
    <ele>56.0</ele>
   </trkpt>
   <trkpt lat="56.2372040" lon="10.2043330">
    <ele>56.0</ele>
   </trkpt>
   <trkpt lat="56.2372050" lon="10.2042900">
    <ele>56.0</ele>
   </trkpt>
   <trkpt lat="56.2372200" lon="10.2042550">
    <ele>56.0</ele>
   </trkpt>
   <trkpt lat="56.2372450" lon="10.2042250">
    <ele>56.2</ele>
   </trkpt>
   <trkpt lat="56.2372740" lon="10.2041940">
    <ele>56.2</ele>
   </trkpt>
   <trkpt lat="56.2373060" lon="10.2041610">
    <ele>56.2</ele>
   </trkpt>
   <trkpt lat="56.2373340" lon="10.2041260">
    <ele>56.2</ele>
   </trkpt>
   <trkpt lat="56.2373630" lon="10.2040910">
    <ele>56.0</ele>
   </trkpt>
   <trkpt lat="56.2373920" lon="10.2040560">
    <ele>56.0</ele>
   </trkpt>
   <trkpt lat="56.2374220" lon="10.2040220">
    <ele>56.0</ele>
   </trkpt>
   <trkpt lat="56.2374510" lon="10.2039890">
    <ele>56.0</ele>
   </trkpt>
   <trkpt lat="56.2374810" lon="10.2039530">
    <ele>56.0</ele>
   </trkpt>
   <trkpt lat="56.2375140" lon="10.2039180">
    <ele>56.0</ele>
   </trkpt>
   <trkpt lat="56.2375470" lon="10.2038820">
    <ele>56.0</ele>
   </trkpt>
   <trkpt lat="56.2375800" lon="10.2038440">
    <ele>56.0</ele>
   </trkpt>
   <trkpt lat="56.2376130" lon="10.2038100">
    <ele>56.0</ele>
   </trkpt>
   <trkpt lat="56.2376450" lon="10.2037760">
    <ele>56.0</ele>
   </trkpt>
   <trkpt lat="56.2376750" lon="10.2037400">
    <ele>56.0</ele>
   </trkpt>
   <trkpt lat="56.2377070" lon="10.2037040">
    <ele>56.0</ele>
   </trkpt>
   <trkpt lat="56.2377380" lon="10.2036690">
    <ele>55.8</ele>
   </trkpt>
   <trkpt lat="56.2377690" lon="10.2036350">
    <ele>55.8</ele>
   </trkpt>
   <trkpt lat="56.2377970" lon="10.2036010">
    <ele>55.8</ele>
   </trkpt>
   <trkpt lat="56.2378280" lon="10.2035660">
    <ele>55.8</ele>
   </trkpt>
   <trkpt lat="56.2378610" lon="10.2035340">
    <ele>55.6</ele>
   </trkpt>
   <trkpt lat="56.2378920" lon="10.2035010">
    <ele>55.6</ele>
   </trkpt>
   <trkpt lat="56.2379240" lon="10.2034670">
    <ele>55.4</ele>
   </trkpt>
   <trkpt lat="56.2379550" lon="10.2034300">
    <ele>55.4</ele>
   </trkpt>
   <trkpt lat="56.2379850" lon="10.2033960">
    <ele>55.4</ele>
   </trkpt>
   <trkpt lat="56.2380130" lon="10.2033650">
    <ele>55.4</ele>
   </trkpt>
   <trkpt lat="56.2380430" lon="10.2033350">
    <ele>55.0</ele>
   </trkpt>
   <trkpt lat="56.2380720" lon="10.2033050">
    <ele>55.0</ele>
   </trkpt>
   <trkpt lat="56.2381020" lon="10.2032690">
    <ele>55.0</ele>
   </trkpt>
   <trkpt lat="56.2381320" lon="10.2032350">
    <ele>55.0</ele>
   </trkpt>
   <trkpt lat="56.2381620" lon="10.2032010">
    <ele>55.2</ele>
   </trkpt>
   <trkpt lat="56.2381900" lon="10.2031660">
    <ele>55.4</ele>
   </trkpt>
   <trkpt lat="56.2382200" lon="10.2031320">
    <ele>55.4</ele>
   </trkpt>
   <trkpt lat="56.2382490" lon="10.2031020">
    <ele>55.6</ele>
   </trkpt>
   <trkpt lat="56.2382770" lon="10.2030710">
    <ele>55.8</ele>
   </trkpt>
   <trkpt lat="56.2383060" lon="10.2030400">
    <ele>55.8</ele>
   </trkpt>
   <trkpt lat="56.2383370" lon="10.2030110">
    <ele>56.0</ele>
   </trkpt>
   <trkpt lat="56.2383660" lon="10.2029810">
    <ele>56.4</ele>
   </trkpt>
   <trkpt lat="56.2383960" lon="10.2029500">
    <ele>56.8</ele>
   </trkpt>
   <trkpt lat="56.2384230" lon="10.2029180">
    <ele>57.0</ele>
   </trkpt>
   <trkpt lat="56.2384500" lon="10.2028840">
    <ele>57.2</ele>
   </trkpt>
   <trkpt lat="56.2384780" lon="10.2028510">
    <ele>57.2</ele>
   </trkpt>
   <trkpt lat="56.2385070" lon="10.2028210">
    <ele>57.2</ele>
   </trkpt>
   <trkpt lat="56.2385370" lon="10.2027890">
    <ele>57.2</ele>
   </trkpt>
   <trkpt lat="56.2385680" lon="10.2027570">
    <ele>57.4</ele>
   </trkpt>
   <trkpt lat="56.2385990" lon="10.2027260">
    <ele>57.4</ele>
   </trkpt>
   <trkpt lat="56.2386270" lon="10.2026950">
    <ele>57.4</ele>
   </trkpt>
   <trkpt lat="56.2386550" lon="10.2026610">
    <ele>57.4</ele>
   </trkpt>
   <trkpt lat="56.2386830" lon="10.2026290">
    <ele>57.6</ele>
   </trkpt>
   <trkpt lat="56.2387110" lon="10.2025970">
    <ele>57.8</ele>
   </trkpt>
   <trkpt lat="56.2387380" lon="10.2025650">
    <ele>58.0</ele>
   </trkpt>
   <trkpt lat="56.2387650" lon="10.2025350">
    <ele>58.0</ele>
   </trkpt>
   <trkpt lat="56.2387900" lon="10.2025080">
    <ele>58.2</ele>
   </trkpt>
   <trkpt lat="56.2388150" lon="10.2024830">
    <ele>58.4</ele>
   </trkpt>
   <trkpt lat="56.2388400" lon="10.2024560">
    <ele>58.4</ele>
   </trkpt>
   <trkpt lat="56.2388640" lon="10.2024310">
    <ele>58.6</ele>
   </trkpt>
   <trkpt lat="56.2388890" lon="10.2024070">
    <ele>58.6</ele>
   </trkpt>
   <trkpt lat="56.2389130" lon="10.2023790">
    <ele>59.0</ele>
   </trkpt>
   <trkpt lat="56.2389370" lon="10.2023520">
    <ele>59.2</ele>
   </trkpt>
   <trkpt lat="56.2389630" lon="10.2023250">
    <ele>59.4</ele>
   </trkpt>
   <trkpt lat="56.2389880" lon="10.2022990">
    <ele>59.6</ele>
   </trkpt>
   <trkpt lat="56.2390140" lon="10.2022750">
    <ele>59.6</ele>
   </trkpt>
   <trkpt lat="56.2390390" lon="10.2022520">
    <ele>60.0</ele>
   </trkpt>
   <trkpt lat="56.2390630" lon="10.2022260">
    <ele>60.0</ele>
   </trkpt>
   <trkpt lat="56.2390860" lon="10.2021980">
    <ele>60.4</ele>
   </trkpt>
   <trkpt lat="56.2391090" lon="10.2021670">
    <ele>60.6</ele>
   </trkpt>
   <trkpt lat="56.2391320" lon="10.2021380">
    <ele>60.8</ele>
   </trkpt>
   <trkpt lat="56.2391560" lon="10.2021120">
    <ele>61.0</ele>
   </trkpt>
   <trkpt lat="56.2391810" lon="10.2020860">
    <ele>61.2</ele>
   </trkpt>
   <trkpt lat="56.2392050" lon="10.2020590">
    <ele>61.4</ele>
   </trkpt>
   <trkpt lat="56.2392260" lon="10.2020330">
    <ele>61.4</ele>
   </trkpt>
   <trkpt lat="56.2392470" lon="10.2020070">
    <ele>61.6</ele>
   </trkpt>
   <trkpt lat="56.2392690" lon="10.2019840">
    <ele>61.8</ele>
   </trkpt>
   <trkpt lat="56.2392930" lon="10.2019650">
    <ele>62.2</ele>
   </trkpt>
   <trkpt lat="56.2393160" lon="10.2019390">
    <ele>62.4</ele>
   </trkpt>
   <trkpt lat="56.2393390" lon="10.2019090">
    <ele>62.4</ele>
   </trkpt>
   <trkpt lat="56.2393610" lon="10.2018810">
    <ele>62.4</ele>
   </trkpt>
   <trkpt lat="56.2393840" lon="10.2018570">
    <ele>62.6</ele>
   </trkpt>
   <trkpt lat="56.2394060" lon="10.2018310">
    <ele>62.8</ele>
   </trkpt>
   <trkpt lat="56.2394260" lon="10.2018010">
    <ele>62.8</ele>
   </trkpt>
   <trkpt lat="56.2394470" lon="10.2017720">
    <ele>63.2</ele>
   </trkpt>
   <trkpt lat="56.2394650" lon="10.2017410">
    <ele>63.4</ele>
   </trkpt>
   <trkpt lat="56.2394840" lon="10.2017100">
    <ele>63.6</ele>
   </trkpt>
   <trkpt lat="56.2395050" lon="10.2016830">
    <ele>63.8</ele>
   </trkpt>
   <trkpt lat="56.2395270" lon="10.2016600">
    <ele>64.0</ele>
   </trkpt>
   <trkpt lat="56.2395490" lon="10.2016420">
    <ele>64.2</ele>
   </trkpt>
   <trkpt lat="56.2395700" lon="10.2016270">
    <ele>64.4</ele>
   </trkpt>
   <trkpt lat="56.2395890" lon="10.2016120">
    <ele>64.4</ele>
   </trkpt>
   <trkpt lat="56.2396080" lon="10.2015970">
    <ele>64.6</ele>
   </trkpt>
   <trkpt lat="56.2396270" lon="10.2015790">
    <ele>64.8</ele>
   </trkpt>
   <trkpt lat="56.2396470" lon="10.2015610">
    <ele>65.0</ele>
   </trkpt>
   <trkpt lat="56.2396690" lon="10.2015420">
    <ele>65.2</ele>
   </trkpt>
   <trkpt lat="56.2396900" lon="10.2015190">
    <ele>65.2</ele>
   </trkpt>
   <trkpt lat="56.2397140" lon="10.2014950">
    <ele>65.2</ele>
   </trkpt>
   <trkpt lat="56.2397380" lon="10.2014720">
    <ele>65.6</ele>
   </trkpt>
   <trkpt lat="56.2397630" lon="10.2014470">
    <ele>66.2</ele>
   </trkpt>
   <trkpt lat="56.2397860" lon="10.2014190">
    <ele>66.4</ele>
   </trkpt>
   <trkpt lat="56.2398070" lon="10.2013890">
    <ele>66.4</ele>
   </trkpt>
   <trkpt lat="56.2398290" lon="10.2013610">
    <ele>66.6</ele>
   </trkpt>
   <trkpt lat="56.2398520" lon="10.2013350">
    <ele>67.0</ele>
   </trkpt>
   <trkpt lat="56.2398750" lon="10.2013100">
    <ele>67.0</ele>
   </trkpt>
   <trkpt lat="56.2398960" lon="10.2012840">
    <ele>67.2</ele>
   </trkpt>
   <trkpt lat="56.2399160" lon="10.2012580">
    <ele>67.2</ele>
   </trkpt>
   <trkpt lat="56.2399390" lon="10.2012330">
    <ele>67.4</ele>
   </trkpt>
   <trkpt lat="56.2399640" lon="10.2012080">
    <ele>67.6</ele>
   </trkpt>
   <trkpt lat="56.2399890" lon="10.2011800">
    <ele>67.8</ele>
   </trkpt>
   <trkpt lat="56.2400140" lon="10.2011520">
    <ele>67.8</ele>
   </trkpt>
   <trkpt lat="56.2400390" lon="10.2011280">
    <ele>67.8</ele>
   </trkpt>
   <trkpt lat="56.2400630" lon="10.2011030">
    <ele>67.6</ele>
   </trkpt>
   <trkpt lat="56.2400880" lon="10.2010750">
    <ele>67.6</ele>
   </trkpt>
   <trkpt lat="56.2401130" lon="10.2010460">
    <ele>67.6</ele>
   </trkpt>
   <trkpt lat="56.2401390" lon="10.2010170">
    <ele>67.6</ele>
   </trkpt>
   <trkpt lat="56.2401670" lon="10.2009870">
    <ele>67.6</ele>
   </trkpt>
   <trkpt lat="56.2401950" lon="10.2009560">
    <ele>67.6</ele>
   </trkpt>
   <trkpt lat="56.2402250" lon="10.2009210">
    <ele>67.6</ele>
   </trkpt>
   <trkpt lat="56.2402550" lon="10.2008870">
    <ele>67.6</ele>
   </trkpt>
   <trkpt lat="56.2402860" lon="10.2008530">
    <ele>67.6</ele>
   </trkpt>
   <trkpt lat="56.2403200" lon="10.2008140">
    <ele>67.6</ele>
   </trkpt>
   <trkpt lat="56.2403560" lon="10.2007740">
    <ele>67.4</ele>
   </trkpt>
   <trkpt lat="56.2403910" lon="10.2007350">
    <ele>67.4</ele>
   </trkpt>
   <trkpt lat="56.2404250" lon="10.2006980">
    <ele>67.0</ele>
   </trkpt>
   <trkpt lat="56.2404600" lon="10.2006600">
    <ele>66.8</ele>
   </trkpt>
   <trkpt lat="56.2404970" lon="10.2006250">
    <ele>66.8</ele>
   </trkpt>
   <trkpt lat="56.2405340" lon="10.2005900">
    <ele>66.8</ele>
   </trkpt>
   <trkpt lat="56.2405710" lon="10.2005540">
    <ele>66.6</ele>
   </trkpt>
   <trkpt lat="56.2406090" lon="10.2005170">
    <ele>66.6</ele>
   </trkpt>
   <trkpt lat="56.2406460" lon="10.2004790">
    <ele>66.0</ele>
   </trkpt>
   <trkpt lat="56.2406810" lon="10.2004350">
    <ele>65.8</ele>
   </trkpt>
   <trkpt lat="56.2407150" lon="10.2003860">
    <ele>65.6</ele>
   </trkpt>
   <trkpt lat="56.2407480" lon="10.2003370">
    <ele>65.6</ele>
   </trkpt>
   <trkpt lat="56.2407810" lon="10.2002900">
    <ele>65.6</ele>
   </trkpt>
   <trkpt lat="56.2408150" lon="10.2002550">
    <ele>65.6</ele>
   </trkpt>
   <trkpt lat="56.2408510" lon="10.2002260">
    <ele>65.2</ele>
   </trkpt>
   <trkpt lat="56.2408880" lon="10.2001980">
    <ele>65.2</ele>
   </trkpt>
   <trkpt lat="56.2409250" lon="10.2001700">
    <ele>65.2</ele>
   </trkpt>
   <trkpt lat="56.2409590" lon="10.2001400">
    <ele>65.2</ele>
   </trkpt>
   <trkpt lat="56.2409890" lon="10.2001100">
    <ele>65.6</ele>
   </trkpt>
   <trkpt lat="56.2410210" lon="10.2000730">
    <ele>65.8</ele>
   </trkpt>
   <trkpt lat="56.2410530" lon="10.2000370">
    <ele>65.8</ele>
   </trkpt>
   <trkpt lat="56.2410860" lon="10.2000050">
    <ele>65.8</ele>
   </trkpt>
   <trkpt lat="56.2411190" lon="10.1999730">
    <ele>66.4</ele>
   </trkpt>
   <trkpt lat="56.2411530" lon="10.1999380">
    <ele>66.6</ele>
   </trkpt>
   <trkpt lat="56.2411890" lon="10.1999080">
    <ele>66.6</ele>
   </trkpt>
   <trkpt lat="56.2412240" lon="10.1998830">
    <ele>66.8</ele>
   </trkpt>
   <trkpt lat="56.2412600" lon="10.1998570">
    <ele>66.8</ele>
   </trkpt>
   <trkpt lat="56.2412950" lon="10.1998310">
    <ele>66.8</ele>
   </trkpt>
   <trkpt lat="56.2413300" lon="10.1998050">
    <ele>66.8</ele>
   </trkpt>
   <trkpt lat="56.2413620" lon="10.1997700">
    <ele>66.8</ele>
   </trkpt>
   <trkpt lat="56.2413930" lon="10.1997320">
    <ele>67.0</ele>
   </trkpt>
   <trkpt lat="56.2414230" lon="10.1996950">
    <ele>67.0</ele>
   </trkpt>
   <trkpt lat="56.2414540" lon="10.1996560">
    <ele>67.2</ele>
   </trkpt>
   <trkpt lat="56.2414840" lon="10.1996150">
    <ele>67.4</ele>
   </trkpt>
   <trkpt lat="56.2415130" lon="10.1995710">
    <ele>67.6</ele>
   </trkpt>
   <trkpt lat="56.2415390" lon="10.1995270">
    <ele>67.6</ele>
   </trkpt>
   <trkpt lat="56.2415650" lon="10.1994780">
    <ele>67.8</ele>
   </trkpt>
   <trkpt lat="56.2415890" lon="10.1994280">
    <ele>67.8</ele>
   </trkpt>
   <trkpt lat="56.2416130" lon="10.1993770">
    <ele>68.2</ele>
   </trkpt>
   <trkpt lat="56.2416350" lon="10.1993240">
    <ele>68.4</ele>
   </trkpt>
   <trkpt lat="56.2416570" lon="10.1992710">
    <ele>68.6</ele>
   </trkpt>
   <trkpt lat="56.2416800" lon="10.1992220">
    <ele>69.0</ele>
   </trkpt>
   <trkpt lat="56.2417070" lon="10.1991800">
    <ele>69.2</ele>
   </trkpt>
   <trkpt lat="56.2417400" lon="10.1991540">
    <ele>69.6</ele>
   </trkpt>
   <trkpt lat="56.2417780" lon="10.1991490">
    <ele>69.8</ele>
   </trkpt>
   <trkpt lat="56.2418140" lon="10.1991590">
    <ele>70.0</ele>
   </trkpt>
   <trkpt lat="56.2418510" lon="10.1991750">
    <ele>70.0</ele>
   </trkpt>
   <trkpt lat="56.2418880" lon="10.1991960">
    <ele>70.0</ele>
   </trkpt>
   <trkpt lat="56.2419260" lon="10.1992170">
    <ele>70.0</ele>
   </trkpt>
   <trkpt lat="56.2419630" lon="10.1992380">
    <ele>70.0</ele>
   </trkpt>
   <trkpt lat="56.2420000" lon="10.1992570">
    <ele>70.0</ele>
   </trkpt>
   <trkpt lat="56.2420390" lon="10.1992720">
    <ele>70.0</ele>
   </trkpt>
   <trkpt lat="56.2420790" lon="10.1992900">
    <ele>70.2</ele>
   </trkpt>
   <trkpt lat="56.2421170" lon="10.1993070">
    <ele>70.2</ele>
   </trkpt>
   <trkpt lat="56.2421540" lon="10.1993270">
    <ele>70.4</ele>
   </trkpt>
   <trkpt lat="56.2421960" lon="10.1993430">
    <ele>70.6</ele>
   </trkpt>
   <trkpt lat="56.2422360" lon="10.1993580">
    <ele>70.8</ele>
   </trkpt>
   <trkpt lat="56.2422740" lon="10.1993740">
    <ele>70.8</ele>
   </trkpt>
   <trkpt lat="56.2423110" lon="10.1993940">
    <ele>70.8</ele>
   </trkpt>
   <trkpt lat="56.2423510" lon="10.1994130">
    <ele>71.0</ele>
   </trkpt>
   <trkpt lat="56.2423890" lon="10.1994290">
    <ele>71.0</ele>
   </trkpt>
   <trkpt lat="56.2424250" lon="10.1994470">
    <ele>71.0</ele>
   </trkpt>
   <trkpt lat="56.2424630" lon="10.1994660">
    <ele>71.4</ele>
   </trkpt>
   <trkpt lat="56.2424970" lon="10.1994850">
    <ele>71.8</ele>
   </trkpt>
   <trkpt lat="56.2425310" lon="10.1994960">
    <ele>71.8</ele>
   </trkpt>
   <trkpt lat="56.2425720" lon="10.1995090">
    <ele>72.0</ele>
   </trkpt>
   <trkpt lat="56.2426120" lon="10.1995310">
    <ele>72.0</ele>
   </trkpt>
   <trkpt lat="56.2426490" lon="10.1995590">
    <ele>72.0</ele>
   </trkpt>
   <trkpt lat="56.2426860" lon="10.1995880">
    <ele>72.0</ele>
   </trkpt>
   <trkpt lat="56.2427250" lon="10.1996160">
    <ele>72.0</ele>
   </trkpt>
   <trkpt lat="56.2427640" lon="10.1996480">
    <ele>72.2</ele>
   </trkpt>
   <trkpt lat="56.2428020" lon="10.1996770">
    <ele>72.2</ele>
   </trkpt>
   <trkpt lat="56.2428380" lon="10.1997090">
    <ele>72.4</ele>
   </trkpt>
   <trkpt lat="56.2428720" lon="10.1997460">
    <ele>72.4</ele>
   </trkpt>
   <trkpt lat="56.2429050" lon="10.1997880">
    <ele>72.4</ele>
   </trkpt>
   <trkpt lat="56.2429380" lon="10.1998310">
    <ele>72.4</ele>
   </trkpt>
   <trkpt lat="56.2429710" lon="10.1998750">
    <ele>72.6</ele>
   </trkpt>
   <trkpt lat="56.2430030" lon="10.1999230">
    <ele>72.6</ele>
   </trkpt>
   <trkpt lat="56.2430370" lon="10.1999730">
    <ele>72.8</ele>
   </trkpt>
   <trkpt lat="56.2430720" lon="10.2000220">
    <ele>73.0</ele>
   </trkpt>
   <trkpt lat="56.2431090" lon="10.2000690">
    <ele>73.0</ele>
   </trkpt>
   <trkpt lat="56.2431470" lon="10.2001170">
    <ele>73.2</ele>
   </trkpt>
   <trkpt lat="56.2431870" lon="10.2001620">
    <ele>73.2</ele>
   </trkpt>
   <trkpt lat="56.2432270" lon="10.2002040">
    <ele>73.2</ele>
   </trkpt>
   <trkpt lat="56.2432690" lon="10.2002430">
    <ele>73.0</ele>
   </trkpt>
   <trkpt lat="56.2433120" lon="10.2002810">
    <ele>73.0</ele>
   </trkpt>
   <trkpt lat="56.2433560" lon="10.2003160">
    <ele>73.0</ele>
   </trkpt>
   <trkpt lat="56.2434000" lon="10.2003480">
    <ele>72.8</ele>
   </trkpt>
   <trkpt lat="56.2434430" lon="10.2003800">
    <ele>72.8</ele>
   </trkpt>
   <trkpt lat="56.2434860" lon="10.2004130">
    <ele>72.8</ele>
   </trkpt>
   <trkpt lat="56.2435290" lon="10.2004440">
    <ele>72.8</ele>
   </trkpt>
   <trkpt lat="56.2435710" lon="10.2004730">
    <ele>72.8</ele>
   </trkpt>
   <trkpt lat="56.2436150" lon="10.2005020">
    <ele>72.8</ele>
   </trkpt>
   <trkpt lat="56.2436590" lon="10.2005310">
    <ele>72.8</ele>
   </trkpt>
   <trkpt lat="56.2437040" lon="10.2005620">
    <ele>72.8</ele>
   </trkpt>
   <trkpt lat="56.2437480" lon="10.2005960">
    <ele>72.8</ele>
   </trkpt>
   <trkpt lat="56.2437920" lon="10.2006270">
    <ele>72.8</ele>
   </trkpt>
   <trkpt lat="56.2438280" lon="10.2006470">
    <ele>72.8</ele>
   </trkpt>
   <trkpt lat="56.2438800" lon="10.2006770">
    <ele>72.8</ele>
   </trkpt>
   <trkpt lat="56.2439200" lon="10.2007020">
    <ele>72.6</ele>
   </trkpt>
   <trkpt lat="56.2439600" lon="10.2007230">
    <ele>72.6</ele>
   </trkpt>
   <trkpt lat="56.2439910" lon="10.2007350">
    <ele>72.6</ele>
   </trkpt>
   <trkpt lat="56.2440370" lon="10.2007520">
    <ele>72.6</ele>
   </trkpt>
   <trkpt lat="56.2440760" lon="10.2007690">
    <ele>72.6</ele>
   </trkpt>
   <trkpt lat="56.2441160" lon="10.2007840">
    <ele>72.6</ele>
   </trkpt>
   <trkpt lat="56.2441560" lon="10.2008010">
    <ele>72.6</ele>
   </trkpt>
   <trkpt lat="56.2441970" lon="10.2008170">
    <ele>72.4</ele>
   </trkpt>
   <trkpt lat="56.2442400" lon="10.2008320">
    <ele>72.2</ele>
   </trkpt>
   <trkpt lat="56.2442840" lon="10.2008470">
    <ele>72.2</ele>
   </trkpt>
   <trkpt lat="56.2443300" lon="10.2008670">
    <ele>72.0</ele>
   </trkpt>
   <trkpt lat="56.2443790" lon="10.2008890">
    <ele>71.8</ele>
   </trkpt>
   <trkpt lat="56.2444300" lon="10.2009130">
    <ele>71.2</ele>
   </trkpt>
   <trkpt lat="56.2444830" lon="10.2009440">
    <ele>70.6</ele>
   </trkpt>
   <trkpt lat="56.2445360" lon="10.2009780">
    <ele>70.2</ele>
   </trkpt>
   <trkpt lat="56.2445890" lon="10.2010070">
    <ele>69.8</ele>
   </trkpt>
   <trkpt lat="56.2446430" lon="10.2010380">
    <ele>69.6</ele>
   </trkpt>
   <trkpt lat="56.2446960" lon="10.2010720">
    <ele>69.0</ele>
   </trkpt>
   <trkpt lat="56.2447480" lon="10.2011100">
    <ele>68.8</ele>
   </trkpt>
   <trkpt lat="56.2447960" lon="10.2011470">
    <ele>68.6</ele>
   </trkpt>
   <trkpt lat="56.2448400" lon="10.2011860">
    <ele>68.4</ele>
   </trkpt>
   <trkpt lat="56.2448860" lon="10.2012240">
    <ele>68.4</ele>
   </trkpt>
   <trkpt lat="56.2449310" lon="10.2012610">
    <ele>68.4</ele>
   </trkpt>
   <trkpt lat="56.2449760" lon="10.2012990">
    <ele>68.4</ele>
   </trkpt>
   <trkpt lat="56.2450230" lon="10.2013370">
    <ele>68.4</ele>
   </trkpt>
   <trkpt lat="56.2450670" lon="10.2013760">
    <ele>68.6</ele>
   </trkpt>
   <trkpt lat="56.2451100" lon="10.2014140">
    <ele>68.6</ele>
   </trkpt>
   <trkpt lat="56.2451550" lon="10.2014510">
    <ele>68.8</ele>
   </trkpt>
   <trkpt lat="56.2451970" lon="10.2014900">
    <ele>68.8</ele>
   </trkpt>
   <trkpt lat="56.2452390" lon="10.2015290">
    <ele>68.8</ele>
   </trkpt>
   <trkpt lat="56.2452830" lon="10.2015640">
    <ele>69.2</ele>
   </trkpt>
   <trkpt lat="56.2453240" lon="10.2015990">
    <ele>69.4</ele>
   </trkpt>
   <trkpt lat="56.2453650" lon="10.2016340">
    <ele>69.6</ele>
   </trkpt>
   <trkpt lat="56.2454050" lon="10.2016710">
    <ele>69.8</ele>
   </trkpt>
   <trkpt lat="56.2454440" lon="10.2017080">
    <ele>69.8</ele>
   </trkpt>
   <trkpt lat="56.2454850" lon="10.2017420">
    <ele>69.8</ele>
   </trkpt>
   <trkpt lat="56.2455260" lon="10.2017740">
    <ele>69.8</ele>
   </trkpt>
   <trkpt lat="56.2455670" lon="10.2018080">
    <ele>69.8</ele>
   </trkpt>
   <trkpt lat="56.2456080" lon="10.2018420">
    <ele>69.8</ele>
   </trkpt>
   <trkpt lat="56.2456540" lon="10.2018790">
    <ele>69.8</ele>
   </trkpt>
   <trkpt lat="56.2457010" lon="10.2019140">
    <ele>69.6</ele>
   </trkpt>
   <trkpt lat="56.2457470" lon="10.2019470">
    <ele>69.6</ele>
   </trkpt>
   <trkpt lat="56.2457920" lon="10.2019800">
    <ele>69.6</ele>
   </trkpt>
   <trkpt lat="56.2458360" lon="10.2020150">
    <ele>69.6</ele>
   </trkpt>
   <trkpt lat="56.2458810" lon="10.2020480">
    <ele>69.4</ele>
   </trkpt>
   <trkpt lat="56.2459260" lon="10.2020830">
    <ele>69.4</ele>
   </trkpt>
   <trkpt lat="56.2459730" lon="10.2021180">
    <ele>69.4</ele>
   </trkpt>
   <trkpt lat="56.2460180" lon="10.2021560">
    <ele>69.4</ele>
   </trkpt>
   <trkpt lat="56.2460600" lon="10.2021950">
    <ele>69.2</ele>
   </trkpt>
   <trkpt lat="56.2461020" lon="10.2022330">
    <ele>69.2</ele>
   </trkpt>
   <trkpt lat="56.2461430" lon="10.2022680">
    <ele>69.2</ele>
   </trkpt>
   <trkpt lat="56.2461860" lon="10.2022990">
    <ele>69.4</ele>
   </trkpt>
   <trkpt lat="56.2462280" lon="10.2023350">
    <ele>69.6</ele>
   </trkpt>
   <trkpt lat="56.2462690" lon="10.2023710">
    <ele>69.6</ele>
   </trkpt>
   <trkpt lat="56.2463120" lon="10.2024070">
    <ele>69.8</ele>
   </trkpt>
   <trkpt lat="56.2463560" lon="10.2024430">
    <ele>69.8</ele>
   </trkpt>
   <trkpt lat="56.2463990" lon="10.2024790">
    <ele>69.8</ele>
   </trkpt>
   <trkpt lat="56.2464420" lon="10.2025150">
    <ele>69.8</ele>
   </trkpt>
   <trkpt lat="56.2464850" lon="10.2025510">
    <ele>69.8</ele>
   </trkpt>
   <trkpt lat="56.2465280" lon="10.2025900">
    <ele>70.0</ele>
   </trkpt>
   <trkpt lat="56.2465690" lon="10.2026380">
    <ele>70.0</ele>
   </trkpt>
   <trkpt lat="56.2466100" lon="10.2026900">
    <ele>70.0</ele>
   </trkpt>
   <trkpt lat="56.2466480" lon="10.2027450">
    <ele>70.0</ele>
   </trkpt>
   <trkpt lat="56.2466860" lon="10.2028020">
    <ele>70.0</ele>
   </trkpt>
   <trkpt lat="56.2467220" lon="10.2028620">
    <ele>70.0</ele>
   </trkpt>
   <trkpt lat="56.2467540" lon="10.2029300">
    <ele>70.0</ele>
   </trkpt>
   <trkpt lat="56.2467850" lon="10.2030010">
    <ele>70.0</ele>
   </trkpt>
   <trkpt lat="56.2468140" lon="10.2030730">
    <ele>70.2</ele>
   </trkpt>
   <trkpt lat="56.2468410" lon="10.2031470">
    <ele>70.2</ele>
   </trkpt>
   <trkpt lat="56.2468680" lon="10.2032190">
    <ele>70.4</ele>
   </trkpt>
   <trkpt lat="56.2468960" lon="10.2032880">
    <ele>70.4</ele>
   </trkpt>
   <trkpt lat="56.2469200" lon="10.2033590">
    <ele>70.2</ele>
   </trkpt>
   <trkpt lat="56.2469460" lon="10.2034310">
    <ele>70.0</ele>
   </trkpt>
   <trkpt lat="56.2469710" lon="10.2035000">
    <ele>70.0</ele>
   </trkpt>
   <trkpt lat="56.2469970" lon="10.2035710">
    <ele>69.8</ele>
   </trkpt>
   <trkpt lat="56.2470250" lon="10.2036480">
    <ele>69.8</ele>
   </trkpt>
   <trkpt lat="56.2470520" lon="10.2037250">
    <ele>69.4</ele>
   </trkpt>
   <trkpt lat="56.2470780" lon="10.2038030">
    <ele>69.4</ele>
   </trkpt>
   <trkpt lat="56.2471070" lon="10.2038830">
    <ele>69.2</ele>
   </trkpt>
   <trkpt lat="56.2471380" lon="10.2039660">
    <ele>69.2</ele>
   </trkpt>
   <trkpt lat="56.2471680" lon="10.2040450">
    <ele>69.0</ele>
   </trkpt>
   <trkpt lat="56.2471970" lon="10.2041260">
    <ele>69.0</ele>
   </trkpt>
   <trkpt lat="56.2472260" lon="10.2042080">
    <ele>69.0</ele>
   </trkpt>
   <trkpt lat="56.2472540" lon="10.2042910">
    <ele>69.0</ele>
   </trkpt>
   <trkpt lat="56.2472830" lon="10.2043770">
    <ele>69.0</ele>
   </trkpt>
   <trkpt lat="56.2473130" lon="10.2044610">
    <ele>69.0</ele>
   </trkpt>
   <trkpt lat="56.2473430" lon="10.2045460">
    <ele>69.0</ele>
   </trkpt>
   <trkpt lat="56.2473730" lon="10.2046320">
    <ele>69.0</ele>
   </trkpt>
   <trkpt lat="56.2474050" lon="10.2047140">
    <ele>69.2</ele>
   </trkpt>
   <trkpt lat="56.2474380" lon="10.2047940">
    <ele>69.2</ele>
   </trkpt>
   <trkpt lat="56.2474700" lon="10.2048750">
    <ele>69.0</ele>
   </trkpt>
   <trkpt lat="56.2475000" lon="10.2049560">
    <ele>68.6</ele>
   </trkpt>
   <trkpt lat="56.2475310" lon="10.2050360">
    <ele>68.6</ele>
   </trkpt>
   <trkpt lat="56.2475600" lon="10.2051150">
    <ele>68.2</ele>
   </trkpt>
   <trkpt lat="56.2475890" lon="10.2051960">
    <ele>67.8</ele>
   </trkpt>
   <trkpt lat="56.2476180" lon="10.2052760">
    <ele>67.6</ele>
   </trkpt>
   <trkpt lat="56.2476490" lon="10.2053550">
    <ele>67.6</ele>
   </trkpt>
   <trkpt lat="56.2476780" lon="10.2054340">
    <ele>67.6</ele>
   </trkpt>
   <trkpt lat="56.2477050" lon="10.2055160">
    <ele>67.6</ele>
   </trkpt>
   <trkpt lat="56.2477340" lon="10.2055990">
    <ele>67.6</ele>
   </trkpt>
   <trkpt lat="56.2477650" lon="10.2056800">
    <ele>67.6</ele>
   </trkpt>
   <trkpt lat="56.2477940" lon="10.2057590">
    <ele>67.6</ele>
   </trkpt>
   <trkpt lat="56.2478210" lon="10.2058430">
    <ele>67.6</ele>
   </trkpt>
   <trkpt lat="56.2478500" lon="10.2059260">
    <ele>67.6</ele>
   </trkpt>
   <trkpt lat="56.2478780" lon="10.2060080">
    <ele>67.6</ele>
   </trkpt>
   <trkpt lat="56.2479100" lon="10.2060920">
    <ele>67.6</ele>
   </trkpt>
   <trkpt lat="56.2479430" lon="10.2061760">
    <ele>67.4</ele>
   </trkpt>
   <trkpt lat="56.2479750" lon="10.2062590">
    <ele>67.4</ele>
   </trkpt>
   <trkpt lat="56.2480020" lon="10.2063270">
    <ele>67.4</ele>
   </trkpt>
   <trkpt lat="56.2480330" lon="10.2064100">
    <ele>67.4</ele>
   </trkpt>
   <trkpt lat="56.2480640" lon="10.2064940">
    <ele>67.4</ele>
   </trkpt>
   <trkpt lat="56.2480950" lon="10.2065780">
    <ele>67.6</ele>
   </trkpt>
   <trkpt lat="56.2481260" lon="10.2066620">
    <ele>67.8</ele>
   </trkpt>
   <trkpt lat="56.2481640" lon="10.2067580">
    <ele>67.8</ele>
   </trkpt>
   <trkpt lat="56.2481950" lon="10.2068390">
    <ele>67.8</ele>
   </trkpt>
   <trkpt lat="56.2482260" lon="10.2069200">
    <ele>68.0</ele>
   </trkpt>
   <trkpt lat="56.2482610" lon="10.2069990">
    <ele>68.0</ele>
   </trkpt>
   <trkpt lat="56.2482990" lon="10.2070680">
    <ele>68.0</ele>
   </trkpt>
   <trkpt lat="56.2483420" lon="10.2071310">
    <ele>68.0</ele>
   </trkpt>
   <trkpt lat="56.2483900" lon="10.2071800">
    <ele>68.0</ele>
   </trkpt>
   <trkpt lat="56.2484400" lon="10.2072120">
    <ele>68.0</ele>
   </trkpt>
   <trkpt lat="56.2484920" lon="10.2072260">
    <ele>68.0</ele>
   </trkpt>
   <trkpt lat="56.2485460" lon="10.2072250">
    <ele>68.2</ele>
   </trkpt>
   <trkpt lat="56.2486000" lon="10.2072130">
    <ele>68.4</ele>
   </trkpt>
   <trkpt lat="56.2486540" lon="10.2071960">
    <ele>68.4</ele>
   </trkpt>
   <trkpt lat="56.2487030" lon="10.2071870">
    <ele>68.6</ele>
   </trkpt>
   <trkpt lat="56.2487510" lon="10.2071780">
    <ele>68.6</ele>
   </trkpt>
   <trkpt lat="56.2487980" lon="10.2071670">
    <ele>68.8</ele>
   </trkpt>
   <trkpt lat="56.2488460" lon="10.2071510">
    <ele>68.8</ele>
   </trkpt>
   <trkpt lat="56.2488910" lon="10.2071350">
    <ele>68.8</ele>
   </trkpt>
   <trkpt lat="56.2489230" lon="10.2071150">
    <ele>68.8</ele>
   </trkpt>
   <trkpt lat="56.2489590" lon="10.2070780">
    <ele>68.8</ele>
   </trkpt>
   <trkpt lat="56.2490000" lon="10.2070160">
    <ele>68.8</ele>
   </trkpt>
   <trkpt lat="56.2490340" lon="10.2069450">
    <ele>69.0</ele>
   </trkpt>
   <trkpt lat="56.2490570" lon="10.2068660">
    <ele>69.6</ele>
   </trkpt>
   <trkpt lat="56.2490700" lon="10.2067870">
    <ele>69.8</ele>
   </trkpt>
   <trkpt lat="56.2490790" lon="10.2067040">
    <ele>69.8</ele>
   </trkpt>
   <trkpt lat="56.2490970" lon="10.2066280">
    <ele>69.8</ele>
   </trkpt>
   <trkpt lat="56.2491200" lon="10.2065620">
    <ele>70.0</ele>
   </trkpt>
   <trkpt lat="56.2491400" lon="10.2064920">
    <ele>70.4</ele>
   </trkpt>
   <trkpt lat="56.2491540" lon="10.2064070">
    <ele>70.4</ele>
   </trkpt>
   <trkpt lat="56.2491670" lon="10.2063180">
    <ele>70.6</ele>
   </trkpt>
   <trkpt lat="56.2491880" lon="10.2062370">
    <ele>70.6</ele>
   </trkpt>
   <trkpt lat="56.2492120" lon="10.2061580">
    <ele>70.6</ele>
   </trkpt>
   <trkpt lat="56.2492350" lon="10.2060790">
    <ele>71.0</ele>
   </trkpt>
   <trkpt lat="56.2492530" lon="10.2059970">
    <ele>71.2</ele>
   </trkpt>
   <trkpt lat="56.2492750" lon="10.2059190">
    <ele>71.6</ele>
   </trkpt>
   <trkpt lat="56.2492980" lon="10.2058410">
    <ele>71.8</ele>
   </trkpt>
   <trkpt lat="56.2493230" lon="10.2057660">
    <ele>72.0</ele>
   </trkpt>
   <trkpt lat="56.2493470" lon="10.2056910">
    <ele>72.2</ele>
   </trkpt>
   <trkpt lat="56.2493740" lon="10.2056220">
    <ele>72.2</ele>
   </trkpt>
   <trkpt lat="56.2494000" lon="10.2055520">
    <ele>72.4</ele>
   </trkpt>
   <trkpt lat="56.2494280" lon="10.2054810">
    <ele>72.6</ele>
   </trkpt>
   <trkpt lat="56.2494520" lon="10.2054240">
    <ele>72.8</ele>
   </trkpt>
   <trkpt lat="56.2494860" lon="10.2053350">
    <ele>72.8</ele>
   </trkpt>
   <trkpt lat="56.2495170" lon="10.2052650">
    <ele>72.8</ele>
   </trkpt>
   <trkpt lat="56.2495470" lon="10.2051950">
    <ele>72.8</ele>
   </trkpt>
   <trkpt lat="56.2495700" lon="10.2051400">
    <ele>73.0</ele>
   </trkpt>
   <trkpt lat="56.2496040" lon="10.2050590">
    <ele>73.0</ele>
   </trkpt>
   <trkpt lat="56.2496350" lon="10.2049930">
    <ele>73.0</ele>
   </trkpt>
   <trkpt lat="56.2496590" lon="10.2049370">
    <ele>73.6</ele>
   </trkpt>
   <trkpt lat="56.2496920" lon="10.2048490">
    <ele>73.8</ele>
   </trkpt>
   <trkpt lat="56.2497160" lon="10.2047760">
    <ele>73.8</ele>
   </trkpt>
   <trkpt lat="56.2497400" lon="10.2047070">
    <ele>73.8</ele>
   </trkpt>
   <trkpt lat="56.2497650" lon="10.2046350">
    <ele>73.8</ele>
   </trkpt>
   <trkpt lat="56.2497860" lon="10.2045750">
    <ele>73.8</ele>
   </trkpt>
   <trkpt lat="56.2498220" lon="10.2044900">
    <ele>73.6</ele>
   </trkpt>
   <trkpt lat="56.2498490" lon="10.2044200">
    <ele>73.4</ele>
   </trkpt>
   <trkpt lat="56.2498730" lon="10.2043520">
    <ele>73.4</ele>
   </trkpt>
   <trkpt lat="56.2498950" lon="10.2042740">
    <ele>73.4</ele>
   </trkpt>
   <trkpt lat="56.2499200" lon="10.2041950">
    <ele>73.4</ele>
   </trkpt>
   <trkpt lat="56.2499470" lon="10.2041200">
    <ele>73.4</ele>
   </trkpt>
   <trkpt lat="56.2499760" lon="10.2040440">
    <ele>73.4</ele>
   </trkpt>
   <trkpt lat="56.2500010" lon="10.2039850">
    <ele>73.6</ele>
   </trkpt>
   <trkpt lat="56.2500360" lon="10.2038980">
    <ele>73.6</ele>
   </trkpt>
   <trkpt lat="56.2500660" lon="10.2038250">
    <ele>73.6</ele>
   </trkpt>
   <trkpt lat="56.2500960" lon="10.2037530">
    <ele>73.8</ele>
   </trkpt>
   <trkpt lat="56.2501240" lon="10.2036810">
    <ele>73.6</ele>
   </trkpt>
   <trkpt lat="56.2501460" lon="10.2036250">
    <ele>73.6</ele>
   </trkpt>
   <trkpt lat="56.2501800" lon="10.2035400">
    <ele>73.6</ele>
   </trkpt>
   <trkpt lat="56.2502080" lon="10.2034730">
    <ele>73.4</ele>
   </trkpt>
   <trkpt lat="56.2502360" lon="10.2034080">
    <ele>73.4</ele>
   </trkpt>
   <trkpt lat="56.2502630" lon="10.2033440">
    <ele>73.4</ele>
   </trkpt>
   <trkpt lat="56.2502900" lon="10.2032850">
    <ele>73.4</ele>
   </trkpt>
   <trkpt lat="56.2503170" lon="10.2032250">
    <ele>73.4</ele>
   </trkpt>
   <trkpt lat="56.2503440" lon="10.2031640">
    <ele>73.4</ele>
   </trkpt>
   <trkpt lat="56.2503680" lon="10.2031050">
    <ele>73.8</ele>
   </trkpt>
   <trkpt lat="56.2503910" lon="10.2030440">
    <ele>74.0</ele>
   </trkpt>
   <trkpt lat="56.2504110" lon="10.2029810">
    <ele>74.2</ele>
   </trkpt>
   <trkpt lat="56.2504320" lon="10.2029190">
    <ele>74.4</ele>
   </trkpt>
   <trkpt lat="56.2504530" lon="10.2028740">
    <ele>74.4</ele>
   </trkpt>
   <trkpt lat="56.2504870" lon="10.2028080">
    <ele>74.4</ele>
   </trkpt>
   <trkpt lat="56.2505130" lon="10.2027550">
    <ele>74.6</ele>
   </trkpt>
   <trkpt lat="56.2505380" lon="10.2027010">
    <ele>74.6</ele>
   </trkpt>
   <trkpt lat="56.2505600" lon="10.2026410">
    <ele>74.6</ele>
   </trkpt>
   <trkpt lat="56.2505790" lon="10.2025910">
    <ele>74.6</ele>
   </trkpt>
   <trkpt lat="56.2506060" lon="10.2025120">
    <ele>74.8</ele>
   </trkpt>
   <trkpt lat="56.2506230" lon="10.2024590">
    <ele>74.8</ele>
   </trkpt>
   <trkpt lat="56.2506510" lon="10.2023760">
    <ele>75.2</ele>
   </trkpt>
   <trkpt lat="56.2506760" lon="10.2023050">
    <ele>75.6</ele>
   </trkpt>
   <trkpt lat="56.2507000" lon="10.2022320">
    <ele>75.6</ele>
   </trkpt>
   <trkpt lat="56.2507250" lon="10.2021570">
    <ele>75.8</ele>
   </trkpt>
   <trkpt lat="56.2507500" lon="10.2020820">
    <ele>75.6</ele>
   </trkpt>
   <trkpt lat="56.2507750" lon="10.2020040">
    <ele>75.6</ele>
   </trkpt>
   <trkpt lat="56.2507980" lon="10.2019240">
    <ele>75.6</ele>
   </trkpt>
   <trkpt lat="56.2508200" lon="10.2018430">
    <ele>75.6</ele>
   </trkpt>
   <trkpt lat="56.2508430" lon="10.2017620">
    <ele>75.4</ele>
   </trkpt>
   <trkpt lat="56.2508640" lon="10.2016810">
    <ele>75.2</ele>
   </trkpt>
   <trkpt lat="56.2508840" lon="10.2016160">
    <ele>75.0</ele>
   </trkpt>
   <trkpt lat="56.2509130" lon="10.2015200">
    <ele>75.0</ele>
   </trkpt>
   <trkpt lat="56.2509370" lon="10.2014400">
    <ele>75.0</ele>
   </trkpt>
   <trkpt lat="56.2509590" lon="10.2013600">
    <ele>75.0</ele>
   </trkpt>
   <trkpt lat="56.2509800" lon="10.2012780">
    <ele>75.0</ele>
   </trkpt>
   <trkpt lat="56.2509960" lon="10.2012080">
    <ele>75.0</ele>
   </trkpt>
   <trkpt lat="56.2510230" lon="10.2011060">
    <ele>75.0</ele>
   </trkpt>
   <trkpt lat="56.2510460" lon="10.2010210">
    <ele>75.0</ele>
   </trkpt>
   <trkpt lat="56.2510710" lon="10.2009390">
    <ele>75.0</ele>
   </trkpt>
   <trkpt lat="56.2510980" lon="10.2008570">
    <ele>75.0</ele>
   </trkpt>
   <trkpt lat="56.2511220" lon="10.2007730">
    <ele>75.0</ele>
   </trkpt>
   <trkpt lat="56.2511440" lon="10.2006890">
    <ele>75.0</ele>
   </trkpt>
   <trkpt lat="56.2511690" lon="10.2006060">
    <ele>75.0</ele>
   </trkpt>
   <trkpt lat="56.2511920" lon="10.2005220">
    <ele>74.8</ele>
   </trkpt>
   <trkpt lat="56.2512150" lon="10.2004350">
    <ele>74.6</ele>
   </trkpt>
   <trkpt lat="56.2512360" lon="10.2003490">
    <ele>74.6</ele>
   </trkpt>
   <trkpt lat="56.2512600" lon="10.2002650">
    <ele>74.6</ele>
   </trkpt>
   <trkpt lat="56.2512840" lon="10.2001820">
    <ele>74.6</ele>
   </trkpt>
   <trkpt lat="56.2513080" lon="10.2000970">
    <ele>74.6</ele>
   </trkpt>
   <trkpt lat="56.2513290" lon="10.2000110">
    <ele>74.6</ele>
   </trkpt>
   <trkpt lat="56.2513510" lon="10.1999260">
    <ele>74.6</ele>
   </trkpt>
   <trkpt lat="56.2513720" lon="10.1998420">
    <ele>74.8</ele>
   </trkpt>
   <trkpt lat="56.2513910" lon="10.1997560">
    <ele>74.8</ele>
   </trkpt>
   <trkpt lat="56.2514070" lon="10.1996720">
    <ele>75.0</ele>
   </trkpt>
   <trkpt lat="56.2514200" lon="10.1995860">
    <ele>75.2</ele>
   </trkpt>
   <trkpt lat="56.2514300" lon="10.1994930">
    <ele>75.4</ele>
   </trkpt>
   <trkpt lat="56.2514380" lon="10.1993990">
    <ele>75.6</ele>
   </trkpt>
   <trkpt lat="56.2514420" lon="10.1993020">
    <ele>75.6</ele>
   </trkpt>
   <trkpt lat="56.2514440" lon="10.1992060">
    <ele>75.6</ele>
   </trkpt>
   <trkpt lat="56.2514440" lon="10.1991100">
    <ele>75.6</ele>
   </trkpt>
   <trkpt lat="56.2514410" lon="10.1990160">
    <ele>75.6</ele>
   </trkpt>
   <trkpt lat="56.2514420" lon="10.1989210">
    <ele>75.6</ele>
   </trkpt>
   <trkpt lat="56.2514400" lon="10.1988270">
    <ele>75.6</ele>
   </trkpt>
   <trkpt lat="56.2514370" lon="10.1987340">
    <ele>75.6</ele>
   </trkpt>
   <trkpt lat="56.2514340" lon="10.1986380">
    <ele>75.6</ele>
   </trkpt>
   <trkpt lat="56.2514320" lon="10.1985420">
    <ele>75.6</ele>
   </trkpt>
   <trkpt lat="56.2514320" lon="10.1984450">
    <ele>75.6</ele>
   </trkpt>
   <trkpt lat="56.2514310" lon="10.1983480">
    <ele>75.6</ele>
   </trkpt>
   <trkpt lat="56.2514300" lon="10.1982540">
    <ele>75.6</ele>
   </trkpt>
   <trkpt lat="56.2514300" lon="10.1981590">
    <ele>75.6</ele>
   </trkpt>
   <trkpt lat="56.2514270" lon="10.1980630">
    <ele>75.6</ele>
   </trkpt>
   <trkpt lat="56.2514260" lon="10.1979680">
    <ele>75.6</ele>
   </trkpt>
   <trkpt lat="56.2514240" lon="10.1978720">
    <ele>75.8</ele>
   </trkpt>
   <trkpt lat="56.2514200" lon="10.1977740">
    <ele>75.8</ele>
   </trkpt>
   <trkpt lat="56.2514150" lon="10.1976750">
    <ele>76.0</ele>
   </trkpt>
   <trkpt lat="56.2514110" lon="10.1975770">
    <ele>76.0</ele>
   </trkpt>
   <trkpt lat="56.2514090" lon="10.1974770">
    <ele>76.0</ele>
   </trkpt>
   <trkpt lat="56.2514090" lon="10.1973750">
    <ele>76.0</ele>
   </trkpt>
   <trkpt lat="56.2514100" lon="10.1972740">
    <ele>76.0</ele>
   </trkpt>
   <trkpt lat="56.2514090" lon="10.1971720">
    <ele>75.6</ele>
   </trkpt>
   <trkpt lat="56.2514090" lon="10.1970690">
    <ele>75.6</ele>
   </trkpt>
   <trkpt lat="56.2514070" lon="10.1969640">
    <ele>75.4</ele>
   </trkpt>
   <trkpt lat="56.2514060" lon="10.1968580">
    <ele>75.2</ele>
   </trkpt>
   <trkpt lat="56.2514050" lon="10.1967510">
    <ele>74.8</ele>
   </trkpt>
   <trkpt lat="56.2514050" lon="10.1966420">
    <ele>74.4</ele>
   </trkpt>
   <trkpt lat="56.2514030" lon="10.1965310">
    <ele>74.4</ele>
   </trkpt>
   <trkpt lat="56.2514030" lon="10.1964220">
    <ele>74.4</ele>
   </trkpt>
   <trkpt lat="56.2514020" lon="10.1963120">
    <ele>74.2</ele>
   </trkpt>
   <trkpt lat="56.2514030" lon="10.1962050">
    <ele>74.2</ele>
   </trkpt>
   <trkpt lat="56.2514040" lon="10.1960980">
    <ele>74.2</ele>
   </trkpt>
   <trkpt lat="56.2514030" lon="10.1959890">
    <ele>74.2</ele>
   </trkpt>
   <trkpt lat="56.2514010" lon="10.1958810">
    <ele>74.2</ele>
   </trkpt>
   <trkpt lat="56.2514000" lon="10.1957690">
    <ele>74.2</ele>
   </trkpt>
   <trkpt lat="56.2514020" lon="10.1956560">
    <ele>74.2</ele>
   </trkpt>
   <trkpt lat="56.2514020" lon="10.1955400">
    <ele>74.0</ele>
   </trkpt>
   <trkpt lat="56.2514010" lon="10.1954200">
    <ele>74.0</ele>
   </trkpt>
   <trkpt lat="56.2513970" lon="10.1952980">
    <ele>73.8</ele>
   </trkpt>
   <trkpt lat="56.2513940" lon="10.1951740">
    <ele>73.4</ele>
   </trkpt>
   <trkpt lat="56.2513890" lon="10.1950460">
    <ele>73.0</ele>
   </trkpt>
   <trkpt lat="56.2513850" lon="10.1949210">
    <ele>72.6</ele>
   </trkpt>
   <trkpt lat="56.2513780" lon="10.1947980">
    <ele>72.2</ele>
   </trkpt>
   <trkpt lat="56.2513700" lon="10.1946770">
    <ele>72.0</ele>
   </trkpt>
   <trkpt lat="56.2513600" lon="10.1945560">
    <ele>71.8</ele>
   </trkpt>
   <trkpt lat="56.2513500" lon="10.1944360">
    <ele>71.8</ele>
   </trkpt>
   <trkpt lat="56.2513370" lon="10.1943200">
    <ele>71.6</ele>
   </trkpt>
   <trkpt lat="56.2513250" lon="10.1942050">
    <ele>71.6</ele>
   </trkpt>
   <trkpt lat="56.2513130" lon="10.1940900">
    <ele>71.8</ele>
   </trkpt>
   <trkpt lat="56.2513020" lon="10.1939770">
    <ele>71.8</ele>
   </trkpt>
   <trkpt lat="56.2512910" lon="10.1938680">
    <ele>71.8</ele>
   </trkpt>
   <trkpt lat="56.2512800" lon="10.1937620">
    <ele>72.0</ele>
   </trkpt>
   <trkpt lat="56.2512710" lon="10.1936590">
    <ele>72.2</ele>
   </trkpt>
   <trkpt lat="56.2512620" lon="10.1935610">
    <ele>72.2</ele>
   </trkpt>
   <trkpt lat="56.2512500" lon="10.1934660">
    <ele>72.4</ele>
   </trkpt>
   <trkpt lat="56.2512370" lon="10.1933740">
    <ele>72.6</ele>
   </trkpt>
   <trkpt lat="56.2512270" lon="10.1932860">
    <ele>72.8</ele>
   </trkpt>
   <trkpt lat="56.2512160" lon="10.1931980">
    <ele>73.2</ele>
   </trkpt>
   <trkpt lat="56.2512030" lon="10.1931130">
    <ele>73.8</ele>
   </trkpt>
   <trkpt lat="56.2511900" lon="10.1930300">
    <ele>74.0</ele>
   </trkpt>
   <trkpt lat="56.2511770" lon="10.1929450">
    <ele>74.2</ele>
   </trkpt>
   <trkpt lat="56.2511620" lon="10.1928580">
    <ele>74.6</ele>
   </trkpt>
   <trkpt lat="56.2511470" lon="10.1927680">
    <ele>74.8</ele>
   </trkpt>
   <trkpt lat="56.2511300" lon="10.1926740">
    <ele>74.8</ele>
   </trkpt>
   <trkpt lat="56.2511140" lon="10.1925730">
    <ele>74.8</ele>
   </trkpt>
   <trkpt lat="56.2510950" lon="10.1924700">
    <ele>74.6</ele>
   </trkpt>
   <trkpt lat="56.2510730" lon="10.1923650">
    <ele>74.4</ele>
   </trkpt>
   <trkpt lat="56.2510530" lon="10.1922590">
    <ele>73.8</ele>
   </trkpt>
   <trkpt lat="56.2510360" lon="10.1921500">
    <ele>73.0</ele>
   </trkpt>
   <trkpt lat="56.2510210" lon="10.1920390">
    <ele>72.6</ele>
   </trkpt>
   <trkpt lat="56.2510070" lon="10.1919220">
    <ele>72.4</ele>
   </trkpt>
   <trkpt lat="56.2509940" lon="10.1918010">
    <ele>72.2</ele>
   </trkpt>
   <trkpt lat="56.2509870" lon="10.1916770">
    <ele>72.0</ele>
   </trkpt>
   <trkpt lat="56.2509830" lon="10.1915520">
    <ele>71.8</ele>
   </trkpt>
   <trkpt lat="56.2509800" lon="10.1914260">
    <ele>71.8</ele>
   </trkpt>
   <trkpt lat="56.2509800" lon="10.1913010">
    <ele>71.6</ele>
   </trkpt>
   <trkpt lat="56.2509830" lon="10.1911760">
    <ele>71.4</ele>
   </trkpt>
   <trkpt lat="56.2509850" lon="10.1910530">
    <ele>71.2</ele>
   </trkpt>
   <trkpt lat="56.2509870" lon="10.1909300">
    <ele>71.2</ele>
   </trkpt>
   <trkpt lat="56.2509890" lon="10.1908080">
    <ele>71.2</ele>
   </trkpt>
   <trkpt lat="56.2509880" lon="10.1906870">
    <ele>71.2</ele>
   </trkpt>
   <trkpt lat="56.2509890" lon="10.1905670">
    <ele>71.2</ele>
   </trkpt>
   <trkpt lat="56.2509910" lon="10.1904490">
    <ele>71.0</ele>
   </trkpt>
   <trkpt lat="56.2509930" lon="10.1903330">
    <ele>71.0</ele>
   </trkpt>
   <trkpt lat="56.2509970" lon="10.1902190">
    <ele>71.0</ele>
   </trkpt>
   <trkpt lat="56.2510000" lon="10.1901080">
    <ele>71.0</ele>
   </trkpt>
   <trkpt lat="56.2510000" lon="10.1899990">
    <ele>70.8</ele>
   </trkpt>
   <trkpt lat="56.2509980" lon="10.1898920">
    <ele>70.6</ele>
   </trkpt>
   <trkpt lat="56.2510000" lon="10.1897860">
    <ele>70.0</ele>
   </trkpt>
   <trkpt lat="56.2510050" lon="10.1896770">
    <ele>70.0</ele>
   </trkpt>
   <trkpt lat="56.2510090" lon="10.1895690">
    <ele>70.0</ele>
   </trkpt>
   <trkpt lat="56.2510120" lon="10.1894620">
    <ele>70.0</ele>
   </trkpt>
   <trkpt lat="56.2510130" lon="10.1893600">
    <ele>70.0</ele>
   </trkpt>
   <trkpt lat="56.2510120" lon="10.1892590">
    <ele>70.2</ele>
   </trkpt>
   <trkpt lat="56.2510130" lon="10.1891600">
    <ele>70.8</ele>
   </trkpt>
   <trkpt lat="56.2510160" lon="10.1890620">
    <ele>71.2</ele>
   </trkpt>
   <trkpt lat="56.2510180" lon="10.1889630">
    <ele>71.8</ele>
   </trkpt>
   <trkpt lat="56.2510190" lon="10.1888650">
    <ele>71.8</ele>
   </trkpt>
   <trkpt lat="56.2510200" lon="10.1887680">
    <ele>72.0</ele>
   </trkpt>
   <trkpt lat="56.2510250" lon="10.1886690">
    <ele>72.0</ele>
   </trkpt>
   <trkpt lat="56.2510310" lon="10.1885730">
    <ele>72.0</ele>
   </trkpt>
   <trkpt lat="56.2510330" lon="10.1884740">
    <ele>72.2</ele>
   </trkpt>
   <trkpt lat="56.2510330" lon="10.1883750">
    <ele>72.4</ele>
   </trkpt>
   <trkpt lat="56.2510360" lon="10.1882800">
    <ele>72.8</ele>
   </trkpt>
   <trkpt lat="56.2510410" lon="10.1881830">
    <ele>73.2</ele>
   </trkpt>
   <trkpt lat="56.2510440" lon="10.1880850">
    <ele>73.4</ele>
   </trkpt>
   <trkpt lat="56.2510450" lon="10.1879870">
    <ele>73.6</ele>
   </trkpt>
   <trkpt lat="56.2510470" lon="10.1878870">
    <ele>73.6</ele>
   </trkpt>
   <trkpt lat="56.2510480" lon="10.1877880">
    <ele>73.6</ele>
   </trkpt>
   <trkpt lat="56.2510470" lon="10.1876890">
    <ele>73.6</ele>
   </trkpt>
   <trkpt lat="56.2510460" lon="10.1875930">
    <ele>73.4</ele>
   </trkpt>
   <trkpt lat="56.2510450" lon="10.1874960">
    <ele>73.4</ele>
   </trkpt>
   <trkpt lat="56.2510430" lon="10.1873990">
    <ele>73.4</ele>
   </trkpt>
   <trkpt lat="56.2510400" lon="10.1873050">
    <ele>73.2</ele>
   </trkpt>
   <trkpt lat="56.2510350" lon="10.1872100">
    <ele>73.2</ele>
   </trkpt>
   <trkpt lat="56.2510310" lon="10.1871140">
    <ele>73.0</ele>
   </trkpt>
   <trkpt lat="56.2510300" lon="10.1870180">
    <ele>72.8</ele>
   </trkpt>
   <trkpt lat="56.2510280" lon="10.1869210">
    <ele>72.8</ele>
   </trkpt>
   <trkpt lat="56.2510230" lon="10.1868230">
    <ele>72.8</ele>
   </trkpt>
   <trkpt lat="56.2510190" lon="10.1867250">
    <ele>72.8</ele>
   </trkpt>
   <trkpt lat="56.2510180" lon="10.1866300">
    <ele>72.8</ele>
   </trkpt>
   <trkpt lat="56.2510180" lon="10.1865350">
    <ele>72.8</ele>
   </trkpt>
   <trkpt lat="56.2510180" lon="10.1864430">
    <ele>72.8</ele>
   </trkpt>
   <trkpt lat="56.2510190" lon="10.1863530">
    <ele>72.4</ele>
   </trkpt>
   <trkpt lat="56.2510220" lon="10.1862610">
    <ele>72.4</ele>
   </trkpt>
   <trkpt lat="56.2510250" lon="10.1861680">
    <ele>72.2</ele>
   </trkpt>
   <trkpt lat="56.2510300" lon="10.1860750">
    <ele>72.2</ele>
   </trkpt>
   <trkpt lat="56.2510360" lon="10.1859820">
    <ele>72.0</ele>
   </trkpt>
   <trkpt lat="56.2510450" lon="10.1858870">
    <ele>72.0</ele>
   </trkpt>
   <trkpt lat="56.2510590" lon="10.1857890">
    <ele>71.6</ele>
   </trkpt>
   <trkpt lat="56.2510760" lon="10.1856900">
    <ele>71.0</ele>
   </trkpt>
   <trkpt lat="56.2510950" lon="10.1855880">
    <ele>70.4</ele>
   </trkpt>
   <trkpt lat="56.2511190" lon="10.1854840">
    <ele>69.6</ele>
   </trkpt>
   <trkpt lat="56.2511490" lon="10.1853790">
    <ele>69.0</ele>
   </trkpt>
   <trkpt lat="56.2511830" lon="10.1852750">
    <ele>68.6</ele>
   </trkpt>
   <trkpt lat="56.2512200" lon="10.1851690">
    <ele>68.0</ele>
   </trkpt>
   <trkpt lat="56.2512630" lon="10.1850580">
    <ele>67.4</ele>
   </trkpt>
   <trkpt lat="56.2513120" lon="10.1849440">
    <ele>66.8</ele>
   </trkpt>
   <trkpt lat="56.2513610" lon="10.1848250">
    <ele>66.0</ele>
   </trkpt>
   <trkpt lat="56.2514130" lon="10.1847000">
    <ele>65.2</ele>
   </trkpt>
   <trkpt lat="56.2514640" lon="10.1845700">
    <ele>64.0</ele>
   </trkpt>
   <trkpt lat="56.2515180" lon="10.1844370">
    <ele>62.4</ele>
   </trkpt>
   <trkpt lat="56.2515700" lon="10.1843040">
    <ele>61.2</ele>
   </trkpt>
   <trkpt lat="56.2516210" lon="10.1841720">
    <ele>60.8</ele>
   </trkpt>
   <trkpt lat="56.2516670" lon="10.1840410">
    <ele>60.8</ele>
   </trkpt>
   <trkpt lat="56.2517080" lon="10.1839140">
    <ele>60.6</ele>
   </trkpt>
   <trkpt lat="56.2517430" lon="10.1837880">
    <ele>60.6</ele>
   </trkpt>
   <trkpt lat="56.2517710" lon="10.1836610">
    <ele>60.4</ele>
   </trkpt>
   <trkpt lat="56.2517900" lon="10.1835330">
    <ele>60.2</ele>
   </trkpt>
   <trkpt lat="56.2518000" lon="10.1834050">
    <ele>60.2</ele>
   </trkpt>
   <trkpt lat="56.2518050" lon="10.1832800">
    <ele>60.2</ele>
   </trkpt>
   <trkpt lat="56.2518040" lon="10.1831610">
    <ele>60.2</ele>
   </trkpt>
   <trkpt lat="56.2518020" lon="10.1830490">
    <ele>60.4</ele>
   </trkpt>
   <trkpt lat="56.2518010" lon="10.1829350">
    <ele>60.6</ele>
   </trkpt>
   <trkpt lat="56.2517960" lon="10.1828230">
    <ele>60.6</ele>
   </trkpt>
   <trkpt lat="56.2517870" lon="10.1827110">
    <ele>60.8</ele>
   </trkpt>
   <trkpt lat="56.2517770" lon="10.1826020">
    <ele>61.0</ele>
   </trkpt>
   <trkpt lat="56.2517700" lon="10.1824930">
    <ele>61.0</ele>
   </trkpt>
   <trkpt lat="56.2517690" lon="10.1823880">
    <ele>61.0</ele>
   </trkpt>
   <trkpt lat="56.2517700" lon="10.1822870">
    <ele>61.0</ele>
   </trkpt>
   <trkpt lat="56.2517700" lon="10.1821840">
    <ele>61.0</ele>
   </trkpt>
   <trkpt lat="56.2517730" lon="10.1820830">
    <ele>61.2</ele>
   </trkpt>
   <trkpt lat="56.2517730" lon="10.1819850">
    <ele>61.4</ele>
   </trkpt>
   <trkpt lat="56.2517760" lon="10.1818890">
    <ele>61.8</ele>
   </trkpt>
   <trkpt lat="56.2517770" lon="10.1817960">
    <ele>62.2</ele>
   </trkpt>
   <trkpt lat="56.2517750" lon="10.1817060">
    <ele>62.4</ele>
   </trkpt>
   <trkpt lat="56.2517720" lon="10.1816160">
    <ele>62.6</ele>
   </trkpt>
   <trkpt lat="56.2517690" lon="10.1815250">
    <ele>62.8</ele>
   </trkpt>
   <trkpt lat="56.2517650" lon="10.1814360">
    <ele>63.2</ele>
   </trkpt>
   <trkpt lat="56.2517630" lon="10.1813510">
    <ele>63.2</ele>
   </trkpt>
   <trkpt lat="56.2517610" lon="10.1812690">
    <ele>63.6</ele>
   </trkpt>
   <trkpt lat="56.2517610" lon="10.1811900">
    <ele>63.8</ele>
   </trkpt>
   <trkpt lat="56.2517640" lon="10.1811120">
    <ele>64.2</ele>
   </trkpt>
   <trkpt lat="56.2517640" lon="10.1810320">
    <ele>64.6</ele>
   </trkpt>
   <trkpt lat="56.2517630" lon="10.1809540">
    <ele>64.8</ele>
   </trkpt>
   <trkpt lat="56.2517610" lon="10.1808780">
    <ele>65.2</ele>
   </trkpt>
   <trkpt lat="56.2517590" lon="10.1808000">
    <ele>65.4</ele>
   </trkpt>
   <trkpt lat="56.2517570" lon="10.1807220">
    <ele>65.6</ele>
   </trkpt>
   <trkpt lat="56.2517530" lon="10.1806430">
    <ele>65.8</ele>
   </trkpt>
   <trkpt lat="56.2517500" lon="10.1805630">
    <ele>65.8</ele>
   </trkpt>
   <trkpt lat="56.2517490" lon="10.1804830">
    <ele>66.2</ele>
   </trkpt>
   <trkpt lat="56.2517480" lon="10.1804040">
    <ele>66.2</ele>
   </trkpt>
   <trkpt lat="56.2517480" lon="10.1803260">
    <ele>66.4</ele>
   </trkpt>
   <trkpt lat="56.2517460" lon="10.1802480">
    <ele>66.4</ele>
   </trkpt>
   <trkpt lat="56.2517440" lon="10.1801690">
    <ele>66.6</ele>
   </trkpt>
   <trkpt lat="56.2517460" lon="10.1800910">
    <ele>66.6</ele>
   </trkpt>
   <trkpt lat="56.2517460" lon="10.1800130">
    <ele>66.4</ele>
   </trkpt>
   <trkpt lat="56.2517450" lon="10.1799330">
    <ele>66.4</ele>
   </trkpt>
   <trkpt lat="56.2517430" lon="10.1798510">
    <ele>66.4</ele>
   </trkpt>
   <trkpt lat="56.2517420" lon="10.1797690">
    <ele>66.4</ele>
   </trkpt>
   <trkpt lat="56.2517430" lon="10.1796880">
    <ele>66.6</ele>
   </trkpt>
   <trkpt lat="56.2517460" lon="10.1796060">
    <ele>66.6</ele>
   </trkpt>
   <trkpt lat="56.2517490" lon="10.1795200">
    <ele>66.6</ele>
   </trkpt>
   <trkpt lat="56.2517510" lon="10.1794320">
    <ele>66.6</ele>
   </trkpt>
   <trkpt lat="56.2517520" lon="10.1793410">
    <ele>66.6</ele>
   </trkpt>
   <trkpt lat="56.2517500" lon="10.1792460">
    <ele>66.4</ele>
   </trkpt>
   <trkpt lat="56.2517470" lon="10.1791480">
    <ele>66.4</ele>
   </trkpt>
   <trkpt lat="56.2517450" lon="10.1790490">
    <ele>66.0</ele>
   </trkpt>
   <trkpt lat="56.2517470" lon="10.1789480">
    <ele>65.6</ele>
   </trkpt>
   <trkpt lat="56.2517500" lon="10.1788450">
    <ele>65.4</ele>
   </trkpt>
   <trkpt lat="56.2517520" lon="10.1787410">
    <ele>65.2</ele>
   </trkpt>
   <trkpt lat="56.2517540" lon="10.1786380">
    <ele>64.8</ele>
   </trkpt>
   <trkpt lat="56.2517580" lon="10.1785330">
    <ele>64.8</ele>
   </trkpt>
   <trkpt lat="56.2517600" lon="10.1784290">
    <ele>64.6</ele>
   </trkpt>
   <trkpt lat="56.2517620" lon="10.1783250">
    <ele>64.6</ele>
   </trkpt>
   <trkpt lat="56.2517670" lon="10.1782210">
    <ele>64.6</ele>
   </trkpt>
   <trkpt lat="56.2517730" lon="10.1781160">
    <ele>64.6</ele>
   </trkpt>
   <trkpt lat="56.2517810" lon="10.1780110">
    <ele>64.2</ele>
   </trkpt>
   <trkpt lat="56.2517950" lon="10.1779070">
    <ele>64.0</ele>
   </trkpt>
   <trkpt lat="56.2518110" lon="10.1778070">
    <ele>63.8</ele>
   </trkpt>
   <trkpt lat="56.2518260" lon="10.1777070">
    <ele>63.6</ele>
   </trkpt>
   <trkpt lat="56.2518410" lon="10.1776080">
    <ele>63.6</ele>
   </trkpt>
   <trkpt lat="56.2518550" lon="10.1775070">
    <ele>63.4</ele>
   </trkpt>
   <trkpt lat="56.2518670" lon="10.1774050">
    <ele>63.4</ele>
   </trkpt>
   <trkpt lat="56.2518810" lon="10.1773050">
    <ele>63.4</ele>
   </trkpt>
   <trkpt lat="56.2518980" lon="10.1772070">
    <ele>63.2</ele>
   </trkpt>
   <trkpt lat="56.2519120" lon="10.1771080">
    <ele>63.2</ele>
   </trkpt>
   <trkpt lat="56.2519250" lon="10.1770090">
    <ele>63.2</ele>
   </trkpt>
   <trkpt lat="56.2519380" lon="10.1769130">
    <ele>63.2</ele>
   </trkpt>
   <trkpt lat="56.2519530" lon="10.1768210">
    <ele>63.4</ele>
   </trkpt>
   <trkpt lat="56.2519670" lon="10.1767290">
    <ele>63.8</ele>
   </trkpt>
   <trkpt lat="56.2519800" lon="10.1766390">
    <ele>63.8</ele>
   </trkpt>
   <trkpt lat="56.2519940" lon="10.1765490">
    <ele>64.0</ele>
   </trkpt>
   <trkpt lat="56.2520070" lon="10.1764600">
    <ele>64.0</ele>
   </trkpt>
   <trkpt lat="56.2520180" lon="10.1763720">
    <ele>64.2</ele>
   </trkpt>
   <trkpt lat="56.2520300" lon="10.1762850">
    <ele>64.4</ele>
   </trkpt>
   <trkpt lat="56.2520420" lon="10.1761990">
    <ele>64.4</ele>
   </trkpt>
   <trkpt lat="56.2520550" lon="10.1761150">
    <ele>64.6</ele>
   </trkpt>
   <trkpt lat="56.2520680" lon="10.1760300">
    <ele>64.6</ele>
   </trkpt>
   <trkpt lat="56.2520800" lon="10.1759450">
    <ele>65.0</ele>
   </trkpt>
   <trkpt lat="56.2520920" lon="10.1758580">
    <ele>65.2</ele>
   </trkpt>
   <trkpt lat="56.2521050" lon="10.1757720">
    <ele>65.4</ele>
   </trkpt>
   <trkpt lat="56.2521170" lon="10.1756850">
    <ele>65.6</ele>
   </trkpt>
   <trkpt lat="56.2521270" lon="10.1755990">
    <ele>65.8</ele>
   </trkpt>
   <trkpt lat="56.2521400" lon="10.1755130">
    <ele>65.8</ele>
   </trkpt>
   <trkpt lat="56.2521510" lon="10.1754290">
    <ele>65.8</ele>
   </trkpt>
   <trkpt lat="56.2521630" lon="10.1753450">
    <ele>66.0</ele>
   </trkpt>
   <trkpt lat="56.2521760" lon="10.1752620">
    <ele>66.0</ele>
   </trkpt>
   <trkpt lat="56.2521880" lon="10.1751760">
    <ele>66.0</ele>
   </trkpt>
   <trkpt lat="56.2522000" lon="10.1750900">
    <ele>66.0</ele>
   </trkpt>
   <trkpt lat="56.2522150" lon="10.1750050">
    <ele>65.8</ele>
   </trkpt>
   <trkpt lat="56.2522340" lon="10.1749230">
    <ele>65.6</ele>
   </trkpt>
   <trkpt lat="56.2522560" lon="10.1748450">
    <ele>65.6</ele>
   </trkpt>
   <trkpt lat="56.2522790" lon="10.1747740">
    <ele>65.4</ele>
   </trkpt>
   <trkpt lat="56.2523030" lon="10.1747030">
    <ele>65.4</ele>
   </trkpt>
   <trkpt lat="56.2523250" lon="10.1746370">
    <ele>65.4</ele>
   </trkpt>
   <trkpt lat="56.2523470" lon="10.1745740">
    <ele>65.4</ele>
   </trkpt>
   <trkpt lat="56.2523700" lon="10.1745120">
    <ele>65.4</ele>
   </trkpt>
   <trkpt lat="56.2523920" lon="10.1744510">
    <ele>65.6</ele>
   </trkpt>
   <trkpt lat="56.2524120" lon="10.1743920">
    <ele>65.8</ele>
   </trkpt>
   <trkpt lat="56.2524320" lon="10.1743380">
    <ele>66.2</ele>
   </trkpt>
   <trkpt lat="56.2524480" lon="10.1742820">
    <ele>66.6</ele>
   </trkpt>
   <trkpt lat="56.2524680" lon="10.1742260">
    <ele>66.8</ele>
   </trkpt>
   <trkpt lat="56.2524920" lon="10.1741660">
    <ele>66.8</ele>
   </trkpt>
   <trkpt lat="56.2525170" lon="10.1741020">
    <ele>66.8</ele>
   </trkpt>
   <trkpt lat="56.2525410" lon="10.1740340">
    <ele>66.8</ele>
   </trkpt>
   <trkpt lat="56.2525650" lon="10.1739610">
    <ele>66.8</ele>
   </trkpt>
   <trkpt lat="56.2525910" lon="10.1738860">
    <ele>66.6</ele>
   </trkpt>
   <trkpt lat="56.2526160" lon="10.1738110">
    <ele>66.0</ele>
   </trkpt>
   <trkpt lat="56.2526390" lon="10.1737340">
    <ele>65.8</ele>
   </trkpt>
   <trkpt lat="56.2526630" lon="10.1736580">
    <ele>65.4</ele>
   </trkpt>
   <trkpt lat="56.2526890" lon="10.1735830">
    <ele>65.0</ele>
   </trkpt>
   <trkpt lat="56.2527180" lon="10.1735100">
    <ele>64.6</ele>
   </trkpt>
   <trkpt lat="56.2527460" lon="10.1734360">
    <ele>64.0</ele>
   </trkpt>
   <trkpt lat="56.2527700" lon="10.1733610">
    <ele>64.0</ele>
   </trkpt>
   <trkpt lat="56.2527950" lon="10.1732830">
    <ele>64.0</ele>
   </trkpt>
   <trkpt lat="56.2528200" lon="10.1732070">
    <ele>64.0</ele>
   </trkpt>
   <trkpt lat="56.2528460" lon="10.1731300">
    <ele>64.2</ele>
   </trkpt>
   <trkpt lat="56.2528760" lon="10.1730540">
    <ele>64.2</ele>
   </trkpt>
   <trkpt lat="56.2529030" lon="10.1729790">
    <ele>64.2</ele>
   </trkpt>
   <trkpt lat="56.2529270" lon="10.1729020">
    <ele>64.2</ele>
   </trkpt>
   <trkpt lat="56.2529520" lon="10.1728270">
    <ele>64.4</ele>
   </trkpt>
   <trkpt lat="56.2529780" lon="10.1727540">
    <ele>64.4</ele>
   </trkpt>
   <trkpt lat="56.2530040" lon="10.1726800">
    <ele>64.4</ele>
   </trkpt>
   <trkpt lat="56.2530300" lon="10.1726060">
    <ele>64.6</ele>
   </trkpt>
   <trkpt lat="56.2530560" lon="10.1725310">
    <ele>64.6</ele>
   </trkpt>
   <trkpt lat="56.2530810" lon="10.1724550">
    <ele>64.6</ele>
   </trkpt>
   <trkpt lat="56.2531070" lon="10.1723800">
    <ele>64.8</ele>
   </trkpt>
   <trkpt lat="56.2531360" lon="10.1723060">
    <ele>64.8</ele>
   </trkpt>
   <trkpt lat="56.2531630" lon="10.1722320">
    <ele>64.8</ele>
   </trkpt>
   <trkpt lat="56.2531880" lon="10.1721600">
    <ele>64.8</ele>
   </trkpt>
   <trkpt lat="56.2532130" lon="10.1720900">
    <ele>65.0</ele>
   </trkpt>
   <trkpt lat="56.2532360" lon="10.1720200">
    <ele>65.2</ele>
   </trkpt>
   <trkpt lat="56.2532610" lon="10.1719530">
    <ele>65.8</ele>
   </trkpt>
   <trkpt lat="56.2532870" lon="10.1718880">
    <ele>66.0</ele>
   </trkpt>
   <trkpt lat="56.2533100" lon="10.1718210">
    <ele>66.0</ele>
   </trkpt>
   <trkpt lat="56.2533320" lon="10.1717520">
    <ele>66.2</ele>
   </trkpt>
   <trkpt lat="56.2533560" lon="10.1716830">
    <ele>66.6</ele>
   </trkpt>
   <trkpt lat="56.2533800" lon="10.1716110">
    <ele>66.6</ele>
   </trkpt>
   <trkpt lat="56.2534060" lon="10.1715390">
    <ele>66.6</ele>
   </trkpt>
   <trkpt lat="56.2534300" lon="10.1714680">
    <ele>66.6</ele>
   </trkpt>
   <trkpt lat="56.2534540" lon="10.1713960">
    <ele>66.4</ele>
   </trkpt>
   <trkpt lat="56.2534800" lon="10.1713230">
    <ele>66.4</ele>
   </trkpt>
   <trkpt lat="56.2535060" lon="10.1712520">
    <ele>66.4</ele>
   </trkpt>
   <trkpt lat="56.2535310" lon="10.1711810">
    <ele>66.4</ele>
   </trkpt>
   <trkpt lat="56.2535570" lon="10.1711140">
    <ele>66.6</ele>
   </trkpt>
   <trkpt lat="56.2535810" lon="10.1710440">
    <ele>66.8</ele>
   </trkpt>
   <trkpt lat="56.2536030" lon="10.1709700">
    <ele>66.8</ele>
   </trkpt>
   <trkpt lat="56.2536270" lon="10.1708980">
    <ele>66.8</ele>
   </trkpt>
   <trkpt lat="56.2536490" lon="10.1708250">
    <ele>66.8</ele>
   </trkpt>
   <trkpt lat="56.2536700" lon="10.1707540">
    <ele>66.8</ele>
   </trkpt>
   <trkpt lat="56.2536920" lon="10.1706860">
    <ele>66.8</ele>
   </trkpt>
   <trkpt lat="56.2537160" lon="10.1706210">
    <ele>66.8</ele>
   </trkpt>
   <trkpt lat="56.2537460" lon="10.1705680">
    <ele>67.0</ele>
   </trkpt>
   <trkpt lat="56.2537850" lon="10.1705390">
    <ele>67.0</ele>
   </trkpt>
   <trkpt lat="56.2538270" lon="10.1705350">
    <ele>67.0</ele>
   </trkpt>
   <trkpt lat="56.2538670" lon="10.1705530">
    <ele>67.0</ele>
   </trkpt>
   <trkpt lat="56.2539060" lon="10.1705880">
    <ele>66.8</ele>
   </trkpt>
   <trkpt lat="56.2539470" lon="10.1706290">
    <ele>66.8</ele>
   </trkpt>
   <trkpt lat="56.2539890" lon="10.1706680">
    <ele>66.8</ele>
   </trkpt>
   <trkpt lat="56.2540370" lon="10.1707020">
    <ele>66.6</ele>
   </trkpt>
   <trkpt lat="56.2540860" lon="10.1707360">
    <ele>66.6</ele>
   </trkpt>
   <trkpt lat="56.2541310" lon="10.1707720">
    <ele>66.8</ele>
   </trkpt>
   <trkpt lat="56.2541750" lon="10.1708120">
    <ele>66.8</ele>
   </trkpt>
   <trkpt lat="56.2542190" lon="10.1708520">
    <ele>66.8</ele>
   </trkpt>
   <trkpt lat="56.2542640" lon="10.1708890">
    <ele>66.8</ele>
   </trkpt>
   <trkpt lat="56.2543090" lon="10.1709230">
    <ele>67.0</ele>
   </trkpt>
   <trkpt lat="56.2543520" lon="10.1709580">
    <ele>67.4</ele>
   </trkpt>
   <trkpt lat="56.2543960" lon="10.1709960">
    <ele>67.4</ele>
   </trkpt>
   <trkpt lat="56.2544410" lon="10.1710330">
    <ele>67.6</ele>
   </trkpt>
   <trkpt lat="56.2544900" lon="10.1710710">
    <ele>67.6</ele>
   </trkpt>
   <trkpt lat="56.2545410" lon="10.1711100">
    <ele>67.6</ele>
   </trkpt>
   <trkpt lat="56.2545920" lon="10.1711460">
    <ele>67.6</ele>
   </trkpt>
   <trkpt lat="56.2546460" lon="10.1711820">
    <ele>67.4</ele>
   </trkpt>
   <trkpt lat="56.2546980" lon="10.1712200">
    <ele>67.0</ele>
   </trkpt>
   <trkpt lat="56.2547490" lon="10.1712630">
    <ele>66.4</ele>
   </trkpt>
   <trkpt lat="56.2547980" lon="10.1713070">
    <ele>66.2</ele>
   </trkpt>
   <trkpt lat="56.2548480" lon="10.1713500">
    <ele>66.2</ele>
   </trkpt>
   <trkpt lat="56.2548980" lon="10.1713900">
    <ele>66.0</ele>
   </trkpt>
   <trkpt lat="56.2549480" lon="10.1714270">
    <ele>66.2</ele>
   </trkpt>
   <trkpt lat="56.2549970" lon="10.1714670">
    <ele>66.2</ele>
   </trkpt>
   <trkpt lat="56.2550450" lon="10.1715050">
    <ele>66.2</ele>
   </trkpt>
   <trkpt lat="56.2550930" lon="10.1715440">
    <ele>66.2</ele>
   </trkpt>
   <trkpt lat="56.2551390" lon="10.1715780">
    <ele>66.4</ele>
   </trkpt>
   <trkpt lat="56.2551890" lon="10.1716100">
    <ele>66.4</ele>
   </trkpt>
   <trkpt lat="56.2552380" lon="10.1716440">
    <ele>66.4</ele>
   </trkpt>
   <trkpt lat="56.2552870" lon="10.1716810">
    <ele>66.6</ele>
   </trkpt>
   <trkpt lat="56.2553360" lon="10.1717200">
    <ele>66.6</ele>
   </trkpt>
   <trkpt lat="56.2553880" lon="10.1717540">
    <ele>66.6</ele>
   </trkpt>
   <trkpt lat="56.2554420" lon="10.1717860">
    <ele>66.4</ele>
   </trkpt>
   <trkpt lat="56.2554950" lon="10.1718180">
    <ele>66.4</ele>
   </trkpt>
   <trkpt lat="56.2555480" lon="10.1718520">
    <ele>66.2</ele>
   </trkpt>
   <trkpt lat="56.2556000" lon="10.1718860">
    <ele>66.0</ele>
   </trkpt>
   <trkpt lat="56.2556530" lon="10.1719170">
    <ele>66.0</ele>
   </trkpt>
   <trkpt lat="56.2557050" lon="10.1719430">
    <ele>65.8</ele>
   </trkpt>
   <trkpt lat="56.2557540" lon="10.1719700">
    <ele>65.8</ele>
   </trkpt>
   <trkpt lat="56.2557990" lon="10.1719940">
    <ele>65.4</ele>
   </trkpt>
   <trkpt lat="56.2558450" lon="10.1720130">
    <ele>65.2</ele>
   </trkpt>
   <trkpt lat="56.2558910" lon="10.1720220">
    <ele>65.2</ele>
   </trkpt>
   <trkpt lat="56.2559370" lon="10.1720260">
    <ele>65.2</ele>
   </trkpt>
   <trkpt lat="56.2559850" lon="10.1720260">
    <ele>65.2</ele>
   </trkpt>
   <trkpt lat="56.2560310" lon="10.1720170">
    <ele>65.4</ele>
   </trkpt>
   <trkpt lat="56.2560770" lon="10.1720080">
    <ele>65.4</ele>
   </trkpt>
   <trkpt lat="56.2561200" lon="10.1719950">
    <ele>65.4</ele>
   </trkpt>
   <trkpt lat="56.2561620" lon="10.1719750">
    <ele>65.6</ele>
   </trkpt>
   <trkpt lat="56.2562040" lon="10.1719540">
    <ele>65.8</ele>
   </trkpt>
   <trkpt lat="56.2562450" lon="10.1719330">
    <ele>65.8</ele>
   </trkpt>
   <trkpt lat="56.2562850" lon="10.1719090">
    <ele>65.8</ele>
   </trkpt>
   <trkpt lat="56.2563210" lon="10.1718850">
    <ele>66.0</ele>
   </trkpt>
   <trkpt lat="56.2563600" lon="10.1718590">
    <ele>66.2</ele>
   </trkpt>
   <trkpt lat="56.2564020" lon="10.1718310">
    <ele>66.2</ele>
   </trkpt>
   <trkpt lat="56.2564460" lon="10.1718050">
    <ele>66.2</ele>
   </trkpt>
   <trkpt lat="56.2564920" lon="10.1717800">
    <ele>66.2</ele>
   </trkpt>
   <trkpt lat="56.2565400" lon="10.1717540">
    <ele>66.0</ele>
   </trkpt>
   <trkpt lat="56.2565850" lon="10.1717270">
    <ele>65.6</ele>
   </trkpt>
   <trkpt lat="56.2566330" lon="10.1717010">
    <ele>65.4</ele>
   </trkpt>
   <trkpt lat="56.2566740" lon="10.1716790">
    <ele>65.4</ele>
   </trkpt>
   <trkpt lat="56.2567340" lon="10.1716470">
    <ele>65.2</ele>
   </trkpt>
   <trkpt lat="56.2567860" lon="10.1716200">
    <ele>64.8</ele>
   </trkpt>
   <trkpt lat="56.2568370" lon="10.1715920">
    <ele>64.4</ele>
   </trkpt>
   <trkpt lat="56.2568890" lon="10.1715640">
    <ele>64.0</ele>
   </trkpt>
   <trkpt lat="56.2569380" lon="10.1715360">
    <ele>64.0</ele>
   </trkpt>
   <trkpt lat="56.2569840" lon="10.1715070">
    <ele>63.6</ele>
   </trkpt>
   <trkpt lat="56.2570270" lon="10.1714810">
    <ele>63.6</ele>
   </trkpt>
   <trkpt lat="56.2570690" lon="10.1714600">
    <ele>63.6</ele>
   </trkpt>
   <trkpt lat="56.2571120" lon="10.1714390">
    <ele>63.6</ele>
   </trkpt>
   <trkpt lat="56.2571530" lon="10.1714160">
    <ele>63.6</ele>
   </trkpt>
   <trkpt lat="56.2571920" lon="10.1713950">
    <ele>63.8</ele>
   </trkpt>
   <trkpt lat="56.2572280" lon="10.1713770">
    <ele>64.0</ele>
   </trkpt>
   <trkpt lat="56.2572600" lon="10.1713580">
    <ele>64.2</ele>
   </trkpt>
   <trkpt lat="56.2572910" lon="10.1713390">
    <ele>64.4</ele>
   </trkpt>
   <trkpt lat="56.2573250" lon="10.1713200">
    <ele>64.8</ele>
   </trkpt>
   <trkpt lat="56.2573600" lon="10.1712990">
    <ele>65.2</ele>
   </trkpt>
   <trkpt lat="56.2573940" lon="10.1712780">
    <ele>65.2</ele>
   </trkpt>
   <trkpt lat="56.2574290" lon="10.1712590">
    <ele>65.2</ele>
   </trkpt>
   <trkpt lat="56.2574660" lon="10.1712400">
    <ele>65.4</ele>
   </trkpt>
   <trkpt lat="56.2575060" lon="10.1712190">
    <ele>65.6</ele>
   </trkpt>
   <trkpt lat="56.2575460" lon="10.1711980">
    <ele>65.8</ele>
   </trkpt>
   <trkpt lat="56.2575840" lon="10.1711770">
    <ele>66.0</ele>
   </trkpt>
   <trkpt lat="56.2576240" lon="10.1711560">
    <ele>66.0</ele>
   </trkpt>
   <trkpt lat="56.2576640" lon="10.1711350">
    <ele>66.0</ele>
   </trkpt>
   <trkpt lat="56.2577030" lon="10.1711110">
    <ele>65.8</ele>
   </trkpt>
   <trkpt lat="56.2577460" lon="10.1710860">
    <ele>65.8</ele>
   </trkpt>
   <trkpt lat="56.2577870" lon="10.1710630">
    <ele>65.6</ele>
   </trkpt>
   <trkpt lat="56.2578300" lon="10.1710360">
    <ele>65.6</ele>
   </trkpt>
   <trkpt lat="56.2578710" lon="10.1710110">
    <ele>65.2</ele>
   </trkpt>
   <trkpt lat="56.2579120" lon="10.1709860">
    <ele>65.2</ele>
   </trkpt>
   <trkpt lat="56.2579520" lon="10.1709660">
    <ele>65.2</ele>
   </trkpt>
   <trkpt lat="56.2579930" lon="10.1709430">
    <ele>65.2</ele>
   </trkpt>
   <trkpt lat="56.2580290" lon="10.1709230">
    <ele>65.2</ele>
   </trkpt>
   <trkpt lat="56.2580670" lon="10.1709030">
    <ele>65.2</ele>
   </trkpt>
   <trkpt lat="56.2581070" lon="10.1708840">
    <ele>65.4</ele>
   </trkpt>
   <trkpt lat="56.2581460" lon="10.1708630">
    <ele>65.6</ele>
   </trkpt>
   <trkpt lat="56.2581830" lon="10.1708390">
    <ele>65.6</ele>
   </trkpt>
   <trkpt lat="56.2582220" lon="10.1708170">
    <ele>65.8</ele>
   </trkpt>
   <trkpt lat="56.2582610" lon="10.1707950">
    <ele>66.2</ele>
   </trkpt>
   <trkpt lat="56.2582990" lon="10.1707730">
    <ele>66.4</ele>
   </trkpt>
   <trkpt lat="56.2583390" lon="10.1707500">
    <ele>66.4</ele>
   </trkpt>
   <trkpt lat="56.2583800" lon="10.1707260">
    <ele>66.6</ele>
   </trkpt>
   <trkpt lat="56.2584210" lon="10.1707020">
    <ele>66.6</ele>
   </trkpt>
   <trkpt lat="56.2584610" lon="10.1706800">
    <ele>66.8</ele>
   </trkpt>
   <trkpt lat="56.2585010" lon="10.1706560">
    <ele>67.0</ele>
   </trkpt>
   <trkpt lat="56.2585420" lon="10.1706280">
    <ele>67.0</ele>
   </trkpt>
   <trkpt lat="56.2585800" lon="10.1706030">
    <ele>67.0</ele>
   </trkpt>
   <trkpt lat="56.2586220" lon="10.1705780">
    <ele>67.0</ele>
   </trkpt>
   <trkpt lat="56.2586650" lon="10.1705520">
    <ele>67.2</ele>
   </trkpt>
   <trkpt lat="56.2587090" lon="10.1705230">
    <ele>67.2</ele>
   </trkpt>
   <trkpt lat="56.2587510" lon="10.1704930">
    <ele>67.0</ele>
   </trkpt>
   <trkpt lat="56.2587910" lon="10.1704650">
    <ele>67.0</ele>
   </trkpt>
   <trkpt lat="56.2588310" lon="10.1704370">
    <ele>67.0</ele>
   </trkpt>
   <trkpt lat="56.2588720" lon="10.1704080">
    <ele>66.8</ele>
   </trkpt>
   <trkpt lat="56.2589100" lon="10.1703770">
    <ele>66.8</ele>
   </trkpt>
   <trkpt lat="56.2589500" lon="10.1703470">
    <ele>66.4</ele>
   </trkpt>
   <trkpt lat="56.2589890" lon="10.1703230">
    <ele>66.0</ele>
   </trkpt>
   <trkpt lat="56.2590250" lon="10.1702980">
    <ele>65.4</ele>
   </trkpt>
   <trkpt lat="56.2590620" lon="10.1702720">
    <ele>64.6</ele>
   </trkpt>
   <trkpt lat="56.2590960" lon="10.1702480">
    <ele>64.6</ele>
   </trkpt>
   <trkpt lat="56.2591300" lon="10.1702240">
    <ele>64.6</ele>
   </trkpt>
   <trkpt lat="56.2591640" lon="10.1701970">
    <ele>64.6</ele>
   </trkpt>
   <trkpt lat="56.2591990" lon="10.1701680">
    <ele>64.8</ele>
   </trkpt>
   <trkpt lat="56.2592320" lon="10.1701360">
    <ele>65.0</ele>
   </trkpt>
   <trkpt lat="56.2592660" lon="10.1701070">
    <ele>65.4</ele>
   </trkpt>
   <trkpt lat="56.2593010" lon="10.1700780">
    <ele>66.0</ele>
   </trkpt>
   <trkpt lat="56.2593360" lon="10.1700470">
    <ele>66.4</ele>
   </trkpt>
   <trkpt lat="56.2593720" lon="10.1700120">
    <ele>66.4</ele>
   </trkpt>
   <trkpt lat="56.2594090" lon="10.1699770">
    <ele>66.6</ele>
   </trkpt>
   <trkpt lat="56.2594460" lon="10.1699450">
    <ele>66.6</ele>
   </trkpt>
   <trkpt lat="56.2594840" lon="10.1699130">
    <ele>66.6</ele>
   </trkpt>
   <trkpt lat="56.2595200" lon="10.1698760">
    <ele>67.0</ele>
   </trkpt>
   <trkpt lat="56.2595560" lon="10.1698350">
    <ele>67.0</ele>
   </trkpt>
   <trkpt lat="56.2595910" lon="10.1697940">
    <ele>67.0</ele>
   </trkpt>
   <trkpt lat="56.2596280" lon="10.1697520">
    <ele>67.0</ele>
   </trkpt>
   <trkpt lat="56.2596630" lon="10.1697110">
    <ele>67.0</ele>
   </trkpt>
   <trkpt lat="56.2597000" lon="10.1696750">
    <ele>67.0</ele>
   </trkpt>
   <trkpt lat="56.2597350" lon="10.1696350">
    <ele>67.0</ele>
   </trkpt>
   <trkpt lat="56.2597680" lon="10.1695900">
    <ele>66.8</ele>
   </trkpt>
   <trkpt lat="56.2598030" lon="10.1695440">
    <ele>66.8</ele>
   </trkpt>
   <trkpt lat="56.2598390" lon="10.1694960">
    <ele>66.6</ele>
   </trkpt>
   <trkpt lat="56.2598780" lon="10.1694460">
    <ele>66.4</ele>
   </trkpt>
   <trkpt lat="56.2599180" lon="10.1693920">
    <ele>66.2</ele>
   </trkpt>
   <trkpt lat="56.2599570" lon="10.1693340">
    <ele>66.2</ele>
   </trkpt>
   <trkpt lat="56.2599990" lon="10.1692710">
    <ele>65.8</ele>
   </trkpt>
   <trkpt lat="56.2600420" lon="10.1692080">
    <ele>65.6</ele>
   </trkpt>
   <trkpt lat="56.2600850" lon="10.1691440">
    <ele>65.6</ele>
   </trkpt>
   <trkpt lat="56.2601270" lon="10.1690780">
    <ele>65.2</ele>
   </trkpt>
   <trkpt lat="56.2601670" lon="10.1690080">
    <ele>64.8</ele>
   </trkpt>
   <trkpt lat="56.2602060" lon="10.1689400">
    <ele>64.6</ele>
   </trkpt>
   <trkpt lat="56.2602450" lon="10.1688740">
    <ele>64.4</ele>
   </trkpt>
   <trkpt lat="56.2602830" lon="10.1688100">
    <ele>64.2</ele>
   </trkpt>
   <trkpt lat="56.2603200" lon="10.1687480">
    <ele>64.0</ele>
   </trkpt>
   <trkpt lat="56.2603560" lon="10.1686880">
    <ele>64.0</ele>
   </trkpt>
   <trkpt lat="56.2603930" lon="10.1686230">
    <ele>64.0</ele>
   </trkpt>
   <trkpt lat="56.2604310" lon="10.1685570">
    <ele>64.0</ele>
   </trkpt>
   <trkpt lat="56.2604690" lon="10.1684950">
    <ele>64.0</ele>
   </trkpt>
   <trkpt lat="56.2605080" lon="10.1684340">
    <ele>64.2</ele>
   </trkpt>
   <trkpt lat="56.2605440" lon="10.1683730">
    <ele>64.2</ele>
   </trkpt>
   <trkpt lat="56.2605800" lon="10.1683090">
    <ele>64.2</ele>
   </trkpt>
   <trkpt lat="56.2606140" lon="10.1682440">
    <ele>64.2</ele>
   </trkpt>
   <trkpt lat="56.2606470" lon="10.1681800">
    <ele>64.2</ele>
   </trkpt>
   <trkpt lat="56.2606820" lon="10.1681180">
    <ele>64.4</ele>
   </trkpt>
   <trkpt lat="56.2607180" lon="10.1680580">
    <ele>64.4</ele>
   </trkpt>
   <trkpt lat="56.2607540" lon="10.1679950">
    <ele>64.8</ele>
   </trkpt>
   <trkpt lat="56.2607890" lon="10.1679280">
    <ele>64.8</ele>
   </trkpt>
   <trkpt lat="56.2608250" lon="10.1678620">
    <ele>64.8</ele>
   </trkpt>
   <trkpt lat="56.2608630" lon="10.1677950">
    <ele>64.8</ele>
   </trkpt>
   <trkpt lat="56.2609000" lon="10.1677280">
    <ele>64.8</ele>
   </trkpt>
   <trkpt lat="56.2609380" lon="10.1676580">
    <ele>64.6</ele>
   </trkpt>
   <trkpt lat="56.2609790" lon="10.1675890">
    <ele>64.4</ele>
   </trkpt>
   <trkpt lat="56.2610200" lon="10.1675180">
    <ele>64.4</ele>
   </trkpt>
   <trkpt lat="56.2610590" lon="10.1674460">
    <ele>64.2</ele>
   </trkpt>
   <trkpt lat="56.2610990" lon="10.1673730">
    <ele>64.0</ele>
   </trkpt>
   <trkpt lat="56.2611400" lon="10.1673010">
    <ele>64.0</ele>
   </trkpt>
   <trkpt lat="56.2611830" lon="10.1672330">
    <ele>64.0</ele>
   </trkpt>
   <trkpt lat="56.2612260" lon="10.1671660">
    <ele>64.0</ele>
   </trkpt>
   <trkpt lat="56.2612650" lon="10.1671000">
    <ele>64.2</ele>
   </trkpt>
   <trkpt lat="56.2613030" lon="10.1670310">
    <ele>64.2</ele>
   </trkpt>
   <trkpt lat="56.2613390" lon="10.1669600">
    <ele>64.2</ele>
   </trkpt>
   <trkpt lat="56.2613760" lon="10.1668920">
    <ele>64.4</ele>
   </trkpt>
   <trkpt lat="56.2614130" lon="10.1668260">
    <ele>64.4</ele>
   </trkpt>
   <trkpt lat="56.2614510" lon="10.1667590">
    <ele>64.4</ele>
   </trkpt>
   <trkpt lat="56.2614890" lon="10.1666930">
    <ele>64.4</ele>
   </trkpt>
   <trkpt lat="56.2615250" lon="10.1666270">
    <ele>64.4</ele>
   </trkpt>
   <trkpt lat="56.2615630" lon="10.1665600">
    <ele>64.4</ele>
   </trkpt>
   <trkpt lat="56.2616020" lon="10.1664910">
    <ele>64.4</ele>
   </trkpt>
   <trkpt lat="56.2616400" lon="10.1664200">
    <ele>64.6</ele>
   </trkpt>
   <trkpt lat="56.2616790" lon="10.1663510">
    <ele>64.6</ele>
   </trkpt>
   <trkpt lat="56.2617210" lon="10.1662870">
    <ele>64.6</ele>
   </trkpt>
   <trkpt lat="56.2617610" lon="10.1662240">
    <ele>64.6</ele>
   </trkpt>
   <trkpt lat="56.2618000" lon="10.1661590">
    <ele>64.8</ele>
   </trkpt>
   <trkpt lat="56.2618400" lon="10.1660930">
    <ele>64.8</ele>
   </trkpt>
   <trkpt lat="56.2618800" lon="10.1660240">
    <ele>64.8</ele>
   </trkpt>
   <trkpt lat="56.2619200" lon="10.1659560">
    <ele>65.0</ele>
   </trkpt>
   <trkpt lat="56.2619610" lon="10.1658910">
    <ele>65.0</ele>
   </trkpt>
   <trkpt lat="56.2620010" lon="10.1658230">
    <ele>65.0</ele>
   </trkpt>
   <trkpt lat="56.2620380" lon="10.1657570">
    <ele>65.0</ele>
   </trkpt>
   <trkpt lat="56.2620750" lon="10.1656910">
    <ele>64.8</ele>
   </trkpt>
   <trkpt lat="56.2621130" lon="10.1656240">
    <ele>64.8</ele>
   </trkpt>
   <trkpt lat="56.2621510" lon="10.1655570">
    <ele>64.8</ele>
   </trkpt>
   <trkpt lat="56.2621880" lon="10.1654930">
    <ele>64.8</ele>
   </trkpt>
   <trkpt lat="56.2622260" lon="10.1654280">
    <ele>64.8</ele>
   </trkpt>
   <trkpt lat="56.2622650" lon="10.1653670">
    <ele>64.8</ele>
   </trkpt>
   <trkpt lat="56.2623030" lon="10.1653040">
    <ele>64.8</ele>
   </trkpt>
   <trkpt lat="56.2623410" lon="10.1652410">
    <ele>65.0</ele>
   </trkpt>
   <trkpt lat="56.2623760" lon="10.1651790">
    <ele>65.0</ele>
   </trkpt>
   <trkpt lat="56.2624100" lon="10.1651210">
    <ele>65.0</ele>
   </trkpt>
   <trkpt lat="56.2624440" lon="10.1650650">
    <ele>65.2</ele>
   </trkpt>
   <trkpt lat="56.2624770" lon="10.1650090">
    <ele>65.2</ele>
   </trkpt>
   <trkpt lat="56.2625110" lon="10.1649520">
    <ele>65.2</ele>
   </trkpt>
   <trkpt lat="56.2625430" lon="10.1648930">
    <ele>65.2</ele>
   </trkpt>
   <trkpt lat="56.2625750" lon="10.1648340">
    <ele>65.2</ele>
   </trkpt>
   <trkpt lat="56.2626080" lon="10.1647730">
    <ele>65.4</ele>
   </trkpt>
   <trkpt lat="56.2626400" lon="10.1647160">
    <ele>65.2</ele>
   </trkpt>
   <trkpt lat="56.2626740" lon="10.1646610">
    <ele>65.2</ele>
   </trkpt>
   <trkpt lat="56.2627080" lon="10.1646080">
    <ele>65.4</ele>
   </trkpt>
   <trkpt lat="56.2627410" lon="10.1645520">
    <ele>65.4</ele>
   </trkpt>
   <trkpt lat="56.2627720" lon="10.1644950">
    <ele>65.4</ele>
   </trkpt>
   <trkpt lat="56.2628030" lon="10.1644390">
    <ele>65.4</ele>
   </trkpt>
   <trkpt lat="56.2628340" lon="10.1643830">
    <ele>65.4</ele>
   </trkpt>
   <trkpt lat="56.2628670" lon="10.1643290">
    <ele>65.6</ele>
   </trkpt>
   <trkpt lat="56.2629000" lon="10.1642750">
    <ele>65.8</ele>
   </trkpt>
   <trkpt lat="56.2629330" lon="10.1642230">
    <ele>66.0</ele>
   </trkpt>
   <trkpt lat="56.2629630" lon="10.1641700">
    <ele>66.0</ele>
   </trkpt>
   <trkpt lat="56.2629920" lon="10.1641210">
    <ele>66.2</ele>
   </trkpt>
   <trkpt lat="56.2630220" lon="10.1640710">
    <ele>66.2</ele>
   </trkpt>
   <trkpt lat="56.2630500" lon="10.1640220">
    <ele>66.4</ele>
   </trkpt>
   <trkpt lat="56.2630790" lon="10.1639730">
    <ele>66.6</ele>
   </trkpt>
   <trkpt lat="56.2631070" lon="10.1639260">
    <ele>66.6</ele>
   </trkpt>
   <trkpt lat="56.2631340" lon="10.1638770">
    <ele>66.8</ele>
   </trkpt>
   <trkpt lat="56.2631610" lon="10.1638280">
    <ele>67.0</ele>
   </trkpt>
   <trkpt lat="56.2631890" lon="10.1637800">
    <ele>67.2</ele>
   </trkpt>
   <trkpt lat="56.2632190" lon="10.1637280">
    <ele>67.2</ele>
   </trkpt>
   <trkpt lat="56.2632480" lon="10.1636750">
    <ele>67.4</ele>
   </trkpt>
   <trkpt lat="56.2632760" lon="10.1636190">
    <ele>67.4</ele>
   </trkpt>
   <trkpt lat="56.2633070" lon="10.1635620">
    <ele>67.4</ele>
   </trkpt>
   <trkpt lat="56.2633400" lon="10.1635060">
    <ele>67.4</ele>
   </trkpt>
   <trkpt lat="56.2633650" lon="10.1634630">
    <ele>67.4</ele>
   </trkpt>
   <trkpt lat="56.2634020" lon="10.1634000">
    <ele>67.4</ele>
   </trkpt>
   <trkpt lat="56.2634330" lon="10.1633460">
    <ele>67.4</ele>
   </trkpt>
   <trkpt lat="56.2634610" lon="10.1632910">
    <ele>67.6</ele>
   </trkpt>
   <trkpt lat="56.2634910" lon="10.1632360">
    <ele>67.6</ele>
   </trkpt>
   <trkpt lat="56.2635220" lon="10.1631840">
    <ele>67.6</ele>
   </trkpt>
   <trkpt lat="56.2635540" lon="10.1631310">
    <ele>67.6</ele>
   </trkpt>
   <trkpt lat="56.2635830" lon="10.1630770">
    <ele>67.6</ele>
   </trkpt>
   <trkpt lat="56.2636110" lon="10.1630220">
    <ele>67.8</ele>
   </trkpt>
   <trkpt lat="56.2636410" lon="10.1629650">
    <ele>67.8</ele>
   </trkpt>
   <trkpt lat="56.2636720" lon="10.1629100">
    <ele>67.8</ele>
   </trkpt>
   <trkpt lat="56.2637020" lon="10.1628500">
    <ele>67.8</ele>
   </trkpt>
   <trkpt lat="56.2637280" lon="10.1627880">
    <ele>68.0</ele>
   </trkpt>
   <trkpt lat="56.2637550" lon="10.1627240">
    <ele>68.0</ele>
   </trkpt>
   <trkpt lat="56.2637810" lon="10.1626580">
    <ele>68.2</ele>
   </trkpt>
   <trkpt lat="56.2638050" lon="10.1625890">
    <ele>68.2</ele>
   </trkpt>
   <trkpt lat="56.2638290" lon="10.1625170">
    <ele>68.2</ele>
   </trkpt>
   <trkpt lat="56.2638520" lon="10.1624420">
    <ele>68.2</ele>
   </trkpt>
   <trkpt lat="56.2638720" lon="10.1623650">
    <ele>68.4</ele>
   </trkpt>
   <trkpt lat="56.2638890" lon="10.1622870">
    <ele>68.4</ele>
   </trkpt>
   <trkpt lat="56.2639060" lon="10.1622100">
    <ele>68.4</ele>
   </trkpt>
   <trkpt lat="56.2639210" lon="10.1621320">
    <ele>68.4</ele>
   </trkpt>
   <trkpt lat="56.2639320" lon="10.1620490">
    <ele>68.4</ele>
   </trkpt>
   <trkpt lat="56.2639410" lon="10.1619610">
    <ele>68.4</ele>
   </trkpt>
   <trkpt lat="56.2639490" lon="10.1618710">
    <ele>68.4</ele>
   </trkpt>
   <trkpt lat="56.2639590" lon="10.1617810">
    <ele>68.4</ele>
   </trkpt>
   <trkpt lat="56.2639670" lon="10.1616900">
    <ele>68.2</ele>
   </trkpt>
   <trkpt lat="56.2639760" lon="10.1615980">
    <ele>68.0</ele>
   </trkpt>
   <trkpt lat="56.2639860" lon="10.1615080">
    <ele>67.8</ele>
   </trkpt>
   <trkpt lat="56.2639990" lon="10.1614180">
    <ele>67.6</ele>
   </trkpt>
   <trkpt lat="56.2640080" lon="10.1613270">
    <ele>67.6</ele>
   </trkpt>
   <trkpt lat="56.2640160" lon="10.1612340">
    <ele>67.6</ele>
   </trkpt>
   <trkpt lat="56.2640260" lon="10.1611420">
    <ele>67.6</ele>
   </trkpt>
   <trkpt lat="56.2640370" lon="10.1610540">
    <ele>67.4</ele>
   </trkpt>
   <trkpt lat="56.2640500" lon="10.1609670">
    <ele>67.4</ele>
   </trkpt>
   <trkpt lat="56.2640640" lon="10.1608790">
    <ele>67.4</ele>
   </trkpt>
   <trkpt lat="56.2640800" lon="10.1607900">
    <ele>67.4</ele>
   </trkpt>
   <trkpt lat="56.2640980" lon="10.1607030">
    <ele>67.4</ele>
   </trkpt>
   <trkpt lat="56.2641180" lon="10.1606150">
    <ele>67.6</ele>
   </trkpt>
   <trkpt lat="56.2641390" lon="10.1605280">
    <ele>67.6</ele>
   </trkpt>
   <trkpt lat="56.2641630" lon="10.1604420">
    <ele>67.6</ele>
   </trkpt>
   <trkpt lat="56.2641880" lon="10.1603590">
    <ele>67.6</ele>
   </trkpt>
   <trkpt lat="56.2642120" lon="10.1602750">
    <ele>67.6</ele>
   </trkpt>
   <trkpt lat="56.2642390" lon="10.1601940">
    <ele>67.6</ele>
   </trkpt>
   <trkpt lat="56.2642670" lon="10.1601120">
    <ele>67.6</ele>
   </trkpt>
   <trkpt lat="56.2642940" lon="10.1600260">
    <ele>67.6</ele>
   </trkpt>
   <trkpt lat="56.2643210" lon="10.1599420">
    <ele>67.6</ele>
   </trkpt>
   <trkpt lat="56.2643480" lon="10.1598580">
    <ele>67.4</ele>
   </trkpt>
   <trkpt lat="56.2643740" lon="10.1597730">
    <ele>67.4</ele>
   </trkpt>
   <trkpt lat="56.2644000" lon="10.1596860">
    <ele>67.2</ele>
   </trkpt>
   <trkpt lat="56.2644270" lon="10.1595990">
    <ele>67.0</ele>
   </trkpt>
   <trkpt lat="56.2644560" lon="10.1595100">
    <ele>66.8</ele>
   </trkpt>
   <trkpt lat="56.2644860" lon="10.1594180">
    <ele>66.6</ele>
   </trkpt>
   <trkpt lat="56.2645150" lon="10.1593240">
    <ele>66.4</ele>
   </trkpt>
   <trkpt lat="56.2645440" lon="10.1592290">
    <ele>66.2</ele>
   </trkpt>
   <trkpt lat="56.2645730" lon="10.1591320">
    <ele>66.0</ele>
   </trkpt>
   <trkpt lat="56.2646010" lon="10.1590330">
    <ele>65.6</ele>
   </trkpt>
   <trkpt lat="56.2646300" lon="10.1589340">
    <ele>65.6</ele>
   </trkpt>
   <trkpt lat="56.2646630" lon="10.1588390">
    <ele>65.4</ele>
   </trkpt>
   <trkpt lat="56.2646940" lon="10.1587440">
    <ele>65.2</ele>
   </trkpt>
   <trkpt lat="56.2647230" lon="10.1586470">
    <ele>65.0</ele>
   </trkpt>
   <trkpt lat="56.2647470" lon="10.1585700">
    <ele>64.8</ele>
   </trkpt>
   <trkpt lat="56.2647830" lon="10.1584560">
    <ele>64.8</ele>
   </trkpt>
   <trkpt lat="56.2648130" lon="10.1583610">
    <ele>64.8</ele>
   </trkpt>
   <trkpt lat="56.2648410" lon="10.1582670">
    <ele>64.8</ele>
   </trkpt>
   <trkpt lat="56.2648700" lon="10.1581740">
    <ele>64.8</ele>
   </trkpt>
   <trkpt lat="56.2648980" lon="10.1580840">
    <ele>64.8</ele>
   </trkpt>
   <trkpt lat="56.2649270" lon="10.1579900">
    <ele>64.8</ele>
   </trkpt>
   <trkpt lat="56.2649560" lon="10.1578980">
    <ele>64.8</ele>
   </trkpt>
   <trkpt lat="56.2649850" lon="10.1578050">
    <ele>64.8</ele>
   </trkpt>
   <trkpt lat="56.2650150" lon="10.1577130">
    <ele>64.8</ele>
   </trkpt>
   <trkpt lat="56.2650430" lon="10.1576190">
    <ele>65.0</ele>
   </trkpt>
   <trkpt lat="56.2650730" lon="10.1575280">
    <ele>65.0</ele>
   </trkpt>
   <trkpt lat="56.2651040" lon="10.1574370">
    <ele>65.0</ele>
   </trkpt>
   <trkpt lat="56.2651350" lon="10.1573450">
    <ele>64.8</ele>
   </trkpt>
   <trkpt lat="56.2651670" lon="10.1572550">
    <ele>64.8</ele>
   </trkpt>
   <trkpt lat="56.2652060" lon="10.1571690">
    <ele>64.8</ele>
   </trkpt>
   <trkpt lat="56.2652470" lon="10.1570890">
    <ele>64.8</ele>
   </trkpt>
   <trkpt lat="56.2652860" lon="10.1570110">
    <ele>64.8</ele>
   </trkpt>
   <trkpt lat="56.2653280" lon="10.1569430">
    <ele>64.8</ele>
   </trkpt>
   <trkpt lat="56.2653770" lon="10.1568830">
    <ele>64.8</ele>
   </trkpt>
   <trkpt lat="56.2654300" lon="10.1568270">
    <ele>64.8</ele>
   </trkpt>
   <trkpt lat="56.2654870" lon="10.1567790">
    <ele>64.4</ele>
   </trkpt>
   <trkpt lat="56.2655440" lon="10.1567390">
    <ele>64.4</ele>
   </trkpt>
   <trkpt lat="56.2656000" lon="10.1567060">
    <ele>64.4</ele>
   </trkpt>
   <trkpt lat="56.2656560" lon="10.1566780">
    <ele>64.2</ele>
   </trkpt>
   <trkpt lat="56.2657120" lon="10.1566530">
    <ele>64.2</ele>
   </trkpt>
   <trkpt lat="56.2657680" lon="10.1566280">
    <ele>64.2</ele>
   </trkpt>
   <trkpt lat="56.2658220" lon="10.1565920">
    <ele>64.0</ele>
   </trkpt>
   <trkpt lat="56.2658680" lon="10.1565380">
    <ele>63.8</ele>
   </trkpt>
   <trkpt lat="56.2659050" lon="10.1564630">
    <ele>63.4</ele>
   </trkpt>
   <trkpt lat="56.2659290" lon="10.1563730">
    <ele>63.2</ele>
   </trkpt>
   <trkpt lat="56.2659430" lon="10.1562750">
    <ele>63.2</ele>
   </trkpt>
   <trkpt lat="56.2659490" lon="10.1561750">
    <ele>63.2</ele>
   </trkpt>
   <trkpt lat="56.2659480" lon="10.1560740">
    <ele>63.2</ele>
   </trkpt>
   <trkpt lat="56.2659430" lon="10.1559730">
    <ele>63.2</ele>
   </trkpt>
   <trkpt lat="56.2659380" lon="10.1558740">
    <ele>63.2</ele>
   </trkpt>
   <trkpt lat="56.2659330" lon="10.1557740">
    <ele>63.2</ele>
   </trkpt>
   <trkpt lat="56.2659270" lon="10.1556710">
    <ele>63.2</ele>
   </trkpt>
   <trkpt lat="56.2659180" lon="10.1555690">
    <ele>63.0</ele>
   </trkpt>
   <trkpt lat="56.2659120" lon="10.1554650">
    <ele>62.8</ele>
   </trkpt>
   <trkpt lat="56.2659090" lon="10.1553610">
    <ele>62.4</ele>
   </trkpt>
   <trkpt lat="56.2659060" lon="10.1552560">
    <ele>62.4</ele>
   </trkpt>
   <trkpt lat="56.2659030" lon="10.1551510">
    <ele>62.0</ele>
   </trkpt>
   <trkpt lat="56.2658970" lon="10.1550450">
    <ele>61.8</ele>
   </trkpt>
   <trkpt lat="56.2658910" lon="10.1549380">
    <ele>61.8</ele>
   </trkpt>
   <trkpt lat="56.2658880" lon="10.1548320">
    <ele>61.6</ele>
   </trkpt>
   <trkpt lat="56.2658840" lon="10.1547240">
    <ele>61.6</ele>
   </trkpt>
   <trkpt lat="56.2658800" lon="10.1546170">
    <ele>61.4</ele>
   </trkpt>
   <trkpt lat="56.2658760" lon="10.1545090">
    <ele>61.4</ele>
   </trkpt>
   <trkpt lat="56.2658700" lon="10.1543980">
    <ele>61.4</ele>
   </trkpt>
   <trkpt lat="56.2658650" lon="10.1542890">
    <ele>61.2</ele>
   </trkpt>
   <trkpt lat="56.2658610" lon="10.1541830">
    <ele>61.2</ele>
   </trkpt>
   <trkpt lat="56.2658560" lon="10.1540790">
    <ele>61.0</ele>
   </trkpt>
   <trkpt lat="56.2658540" lon="10.1539790">
    <ele>60.8</ele>
   </trkpt>
   <trkpt lat="56.2658510" lon="10.1538820">
    <ele>60.6</ele>
   </trkpt>
   <trkpt lat="56.2658450" lon="10.1537860">
    <ele>60.6</ele>
   </trkpt>
   <trkpt lat="56.2658400" lon="10.1536890">
    <ele>60.4</ele>
   </trkpt>
   <trkpt lat="56.2658360" lon="10.1535950">
    <ele>60.4</ele>
   </trkpt>
   <trkpt lat="56.2658320" lon="10.1535020">
    <ele>60.2</ele>
   </trkpt>
   <trkpt lat="56.2658280" lon="10.1534090">
    <ele>60.0</ele>
   </trkpt>
   <trkpt lat="56.2658230" lon="10.1533170">
    <ele>60.0</ele>
   </trkpt>
   <trkpt lat="56.2658190" lon="10.1532240">
    <ele>59.8</ele>
   </trkpt>
   <trkpt lat="56.2658170" lon="10.1531330">
    <ele>59.8</ele>
   </trkpt>
   <trkpt lat="56.2658210" lon="10.1530500">
    <ele>59.8</ele>
   </trkpt>
   <trkpt lat="56.2658340" lon="10.1529810">
    <ele>59.8</ele>
   </trkpt>
   <trkpt lat="56.2658610" lon="10.1529380">
    <ele>59.8</ele>
   </trkpt>
   <trkpt lat="56.2658980" lon="10.1529250">
    <ele>59.8</ele>
   </trkpt>
   <trkpt lat="56.2659400" lon="10.1529150">
    <ele>59.6</ele>
   </trkpt>
   <trkpt lat="56.2659850" lon="10.1529040">
    <ele>58.6</ele>
   </trkpt>
   <trkpt lat="56.2660330" lon="10.1528970">
    <ele>57.6</ele>
   </trkpt>
   <trkpt lat="56.2660830" lon="10.1528900">
    <ele>57.0</ele>
   </trkpt>
   <trkpt lat="56.2661340" lon="10.1528820">
    <ele>56.8</ele>
   </trkpt>
   <trkpt lat="56.2661870" lon="10.1528780">
    <ele>56.6</ele>
   </trkpt>
   <trkpt lat="56.2662410" lon="10.1528720">
    <ele>56.6</ele>
   </trkpt>
   <trkpt lat="56.2662960" lon="10.1528610">
    <ele>56.6</ele>
   </trkpt>
   <trkpt lat="56.2663520" lon="10.1528500">
    <ele>56.4</ele>
   </trkpt>
   <trkpt lat="56.2664090" lon="10.1528410">
    <ele>56.4</ele>
   </trkpt>
   <trkpt lat="56.2664650" lon="10.1528320">
    <ele>56.2</ele>
   </trkpt>
   <trkpt lat="56.2665200" lon="10.1528230">
    <ele>56.0</ele>
   </trkpt>
   <trkpt lat="56.2665750" lon="10.1528150">
    <ele>56.0</ele>
   </trkpt>
   <trkpt lat="56.2666290" lon="10.1528060">
    <ele>56.0</ele>
   </trkpt>
   <trkpt lat="56.2666850" lon="10.1527950">
    <ele>55.8</ele>
   </trkpt>
   <trkpt lat="56.2667400" lon="10.1527840">
    <ele>55.8</ele>
   </trkpt>
   <trkpt lat="56.2667940" lon="10.1527740">
    <ele>55.6</ele>
   </trkpt>
   <trkpt lat="56.2668490" lon="10.1527640">
    <ele>55.6</ele>
   </trkpt>
   <trkpt lat="56.2669050" lon="10.1527520">
    <ele>55.4</ele>
   </trkpt>
   <trkpt lat="56.2669610" lon="10.1527420">
    <ele>55.4</ele>
   </trkpt>
   <trkpt lat="56.2670180" lon="10.1527330">
    <ele>55.2</ele>
   </trkpt>
   <trkpt lat="56.2670750" lon="10.1527230">
    <ele>55.2</ele>
   </trkpt>
   <trkpt lat="56.2671320" lon="10.1527130">
    <ele>55.2</ele>
   </trkpt>
   <trkpt lat="56.2671890" lon="10.1527000">
    <ele>55.0</ele>
   </trkpt>
   <trkpt lat="56.2672450" lon="10.1526900">
    <ele>55.0</ele>
   </trkpt>
   <trkpt lat="56.2672990" lon="10.1526800">
    <ele>55.0</ele>
   </trkpt>
   <trkpt lat="56.2673530" lon="10.1526720">
    <ele>54.8</ele>
   </trkpt>
   <trkpt lat="56.2674070" lon="10.1526620">
    <ele>54.6</ele>
   </trkpt>
   <trkpt lat="56.2674610" lon="10.1526510">
    <ele>54.4</ele>
   </trkpt>
   <trkpt lat="56.2675150" lon="10.1526420">
    <ele>54.4</ele>
   </trkpt>
   <trkpt lat="56.2675690" lon="10.1526330">
    <ele>54.2</ele>
   </trkpt>
   <trkpt lat="56.2676220" lon="10.1526240">
    <ele>54.2</ele>
   </trkpt>
   <trkpt lat="56.2676760" lon="10.1526150">
    <ele>54.0</ele>
   </trkpt>
   <trkpt lat="56.2677300" lon="10.1526040">
    <ele>53.8</ele>
   </trkpt>
   <trkpt lat="56.2677850" lon="10.1525900">
    <ele>53.8</ele>
   </trkpt>
   <trkpt lat="56.2678410" lon="10.1525770">
    <ele>53.8</ele>
   </trkpt>
   <trkpt lat="56.2678960" lon="10.1525690">
    <ele>53.8</ele>
   </trkpt>
   <trkpt lat="56.2679520" lon="10.1525590">
    <ele>53.8</ele>
   </trkpt>
   <trkpt lat="56.2680080" lon="10.1525470">
    <ele>53.8</ele>
   </trkpt>
   <trkpt lat="56.2680650" lon="10.1525320">
    <ele>53.8</ele>
   </trkpt>
   <trkpt lat="56.2681220" lon="10.1525170">
    <ele>53.8</ele>
   </trkpt>
   <trkpt lat="56.2681800" lon="10.1525060">
    <ele>53.8</ele>
   </trkpt>
   <trkpt lat="56.2682380" lon="10.1524970">
    <ele>53.8</ele>
   </trkpt>
   <trkpt lat="56.2682930" lon="10.1524870">
    <ele>53.8</ele>
   </trkpt>
   <trkpt lat="56.2683500" lon="10.1524740">
    <ele>53.8</ele>
   </trkpt>
   <trkpt lat="56.2684050" lon="10.1524620">
    <ele>53.6</ele>
   </trkpt>
   <trkpt lat="56.2684610" lon="10.1524500">
    <ele>53.4</ele>
   </trkpt>
   <trkpt lat="56.2685160" lon="10.1524400">
    <ele>53.4</ele>
   </trkpt>
   <trkpt lat="56.2685710" lon="10.1524300">
    <ele>53.4</ele>
   </trkpt>
   <trkpt lat="56.2686260" lon="10.1524210">
    <ele>53.2</ele>
   </trkpt>
   <trkpt lat="56.2686800" lon="10.1524160">
    <ele>53.2</ele>
   </trkpt>
   <trkpt lat="56.2687350" lon="10.1524090">
    <ele>53.2</ele>
   </trkpt>
   <trkpt lat="56.2687900" lon="10.1524000">
    <ele>53.2</ele>
   </trkpt>
   <trkpt lat="56.2688440" lon="10.1523920">
    <ele>53.2</ele>
   </trkpt>
   <trkpt lat="56.2688990" lon="10.1523800">
    <ele>53.2</ele>
   </trkpt>
   <trkpt lat="56.2689550" lon="10.1523690">
    <ele>53.2</ele>
   </trkpt>
   <trkpt lat="56.2690110" lon="10.1523590">
    <ele>53.2</ele>
   </trkpt>
   <trkpt lat="56.2690660" lon="10.1523460">
    <ele>53.2</ele>
   </trkpt>
   <trkpt lat="56.2691200" lon="10.1523340">
    <ele>53.2</ele>
   </trkpt>
   <trkpt lat="56.2691730" lon="10.1523250">
    <ele>53.2</ele>
   </trkpt>
   <trkpt lat="56.2692270" lon="10.1523140">
    <ele>53.0</ele>
   </trkpt>
   <trkpt lat="56.2692830" lon="10.1523030">
    <ele>53.0</ele>
   </trkpt>
   <trkpt lat="56.2693370" lon="10.1522980">
    <ele>53.0</ele>
   </trkpt>
   <trkpt lat="56.2693930" lon="10.1522980">
    <ele>53.0</ele>
   </trkpt>
   <trkpt lat="56.2694470" lon="10.1523020">
    <ele>52.8</ele>
   </trkpt>
   <trkpt lat="56.2695010" lon="10.1523050">
    <ele>52.6</ele>
   </trkpt>
   <trkpt lat="56.2695560" lon="10.1523020">
    <ele>52.6</ele>
   </trkpt>
   <trkpt lat="56.2696090" lon="10.1522950">
    <ele>52.4</ele>
   </trkpt>
   <trkpt lat="56.2696620" lon="10.1522870">
    <ele>52.2</ele>
   </trkpt>
   <trkpt lat="56.2697140" lon="10.1522790">
    <ele>52.2</ele>
   </trkpt>
   <trkpt lat="56.2697680" lon="10.1522670">
    <ele>51.8</ele>
   </trkpt>
   <trkpt lat="56.2698210" lon="10.1522530">
    <ele>51.6</ele>
   </trkpt>
   <trkpt lat="56.2698730" lon="10.1522320">
    <ele>51.4</ele>
   </trkpt>
   <trkpt lat="56.2699250" lon="10.1522070">
    <ele>51.2</ele>
   </trkpt>
   <trkpt lat="56.2699760" lon="10.1521840">
    <ele>51.2</ele>
   </trkpt>
   <trkpt lat="56.2700270" lon="10.1521680">
    <ele>51.2</ele>
   </trkpt>
   <trkpt lat="56.2700790" lon="10.1521580">
    <ele>51.2</ele>
   </trkpt>
   <trkpt lat="56.2701300" lon="10.1521490">
    <ele>51.4</ele>
   </trkpt>
   <trkpt lat="56.2701810" lon="10.1521380">
    <ele>51.4</ele>
   </trkpt>
   <trkpt lat="56.2702330" lon="10.1521280">
    <ele>51.4</ele>
   </trkpt>
   <trkpt lat="56.2702840" lon="10.1521180">
    <ele>51.2</ele>
   </trkpt>
   <trkpt lat="56.2703360" lon="10.1521090">
    <ele>51.2</ele>
   </trkpt>
   <trkpt lat="56.2703860" lon="10.1520990">
    <ele>51.2</ele>
   </trkpt>
   <trkpt lat="56.2704360" lon="10.1520880">
    <ele>51.2</ele>
   </trkpt>
   <trkpt lat="56.2704860" lon="10.1520780">
    <ele>51.0</ele>
   </trkpt>
   <trkpt lat="56.2705370" lon="10.1520680">
    <ele>50.8</ele>
   </trkpt>
   <trkpt lat="56.2705890" lon="10.1520590">
    <ele>50.8</ele>
   </trkpt>
   <trkpt lat="56.2706380" lon="10.1520510">
    <ele>50.6</ele>
   </trkpt>
   <trkpt lat="56.2706840" lon="10.1520410">
    <ele>50.6</ele>
   </trkpt>
   <trkpt lat="56.2707280" lon="10.1520310">
    <ele>50.6</ele>
   </trkpt>
   <trkpt lat="56.2707720" lon="10.1520260">
    <ele>50.6</ele>
   </trkpt>
   <trkpt lat="56.2708130" lon="10.1520170">
    <ele>50.8</ele>
   </trkpt>
   <trkpt lat="56.2708520" lon="10.1520070">
    <ele>50.8</ele>
   </trkpt>
   <trkpt lat="56.2708900" lon="10.1520030">
    <ele>50.8</ele>
   </trkpt>
   <trkpt lat="56.2709240" lon="10.1520070">
    <ele>51.0</ele>
   </trkpt>
   <trkpt lat="56.2709560" lon="10.1520080">
    <ele>51.0</ele>
   </trkpt>
   <trkpt lat="56.2709840" lon="10.1519950">
    <ele>51.0</ele>
   </trkpt>
   <trkpt lat="56.2709990" lon="10.1519760">
    <ele>51.2</ele>
   </trkpt>
   <trkpt lat="56.2710040" lon="10.1519680">
    <ele>51.2</ele>
   </trkpt>
   <trkpt lat="56.2710040" lon="10.1519680">
    <ele>51.6</ele>
   </trkpt>
   <trkpt lat="56.2710040" lon="10.1519680">
    <ele>52.0</ele>
   </trkpt>
   <trkpt lat="56.2710110" lon="10.1518980">
    <ele>52.4</ele>
   </trkpt>
   <trkpt lat="56.2710110" lon="10.1518530">
    <ele>52.6</ele>
   </trkpt>
   <trkpt lat="56.2710090" lon="10.1517960">
    <ele>52.6</ele>
   </trkpt>
   <trkpt lat="56.2710030" lon="10.1517280">
    <ele>52.6</ele>
   </trkpt>
   <trkpt lat="56.2709940" lon="10.1516540">
    <ele>52.6</ele>
   </trkpt>
   <trkpt lat="56.2709820" lon="10.1515730">
    <ele>52.6</ele>
   </trkpt>
   <trkpt lat="56.2709690" lon="10.1514880">
    <ele>52.4</ele>
   </trkpt>
   <trkpt lat="56.2709580" lon="10.1514000">
    <ele>52.2</ele>
   </trkpt>
   <trkpt lat="56.2709470" lon="10.1513080">
    <ele>52.2</ele>
   </trkpt>
   <trkpt lat="56.2709360" lon="10.1512150">
    <ele>52.2</ele>
   </trkpt>
   <trkpt lat="56.2709250" lon="10.1511220">
    <ele>52.2</ele>
   </trkpt>
   <trkpt lat="56.2709200" lon="10.1510280">
    <ele>52.2</ele>
   </trkpt>
   <trkpt lat="56.2709170" lon="10.1509370">
    <ele>52.2</ele>
   </trkpt>
   <trkpt lat="56.2709150" lon="10.1508460">
    <ele>52.4</ele>
   </trkpt>
   <trkpt lat="56.2709140" lon="10.1507570">
    <ele>52.4</ele>
   </trkpt>
   <trkpt lat="56.2709160" lon="10.1506690">
    <ele>52.6</ele>
   </trkpt>
   <trkpt lat="56.2709200" lon="10.1505850">
    <ele>52.8</ele>
   </trkpt>
   <trkpt lat="56.2709260" lon="10.1505010">
    <ele>53.0</ele>
   </trkpt>
   <trkpt lat="56.2709320" lon="10.1504130">
    <ele>53.2</ele>
   </trkpt>
   <trkpt lat="56.2709400" lon="10.1503290">
    <ele>53.2</ele>
   </trkpt>
   <trkpt lat="56.2709480" lon="10.1502460">
    <ele>53.4</ele>
   </trkpt>
   <trkpt lat="56.2709540" lon="10.1501620">
    <ele>53.6</ele>
   </trkpt>
   <trkpt lat="56.2709600" lon="10.1500790">
    <ele>53.8</ele>
   </trkpt>
   <trkpt lat="56.2709680" lon="10.1499970">
    <ele>53.8</ele>
   </trkpt>
   <trkpt lat="56.2709770" lon="10.1499180">
    <ele>53.8</ele>
   </trkpt>
   <trkpt lat="56.2709840" lon="10.1498360">
    <ele>54.0</ele>
   </trkpt>
   <trkpt lat="56.2709900" lon="10.1497540">
    <ele>54.0</ele>
   </trkpt>
   <trkpt lat="56.2709960" lon="10.1496720">
    <ele>54.0</ele>
   </trkpt>
   <trkpt lat="56.2710020" lon="10.1495910">
    <ele>54.6</ele>
   </trkpt>
   <trkpt lat="56.2710100" lon="10.1495110">
    <ele>55.0</ele>
   </trkpt>
   <trkpt lat="56.2710180" lon="10.1494300">
    <ele>55.4</ele>
   </trkpt>
   <trkpt lat="56.2710260" lon="10.1493490">
    <ele>55.6</ele>
   </trkpt>
   <trkpt lat="56.2710340" lon="10.1492680">
    <ele>55.8</ele>
   </trkpt>
   <trkpt lat="56.2710430" lon="10.1491880">
    <ele>56.2</ele>
   </trkpt>
   <trkpt lat="56.2710490" lon="10.1491100">
    <ele>56.2</ele>
   </trkpt>
   <trkpt lat="56.2710570" lon="10.1490350">
    <ele>56.4</ele>
   </trkpt>
   <trkpt lat="56.2710680" lon="10.1489630">
    <ele>56.4</ele>
   </trkpt>
   <trkpt lat="56.2710750" lon="10.1488870">
    <ele>56.4</ele>
   </trkpt>
   <trkpt lat="56.2710820" lon="10.1488130">
    <ele>56.4</ele>
   </trkpt>
   <trkpt lat="56.2710870" lon="10.1487430">
    <ele>56.6</ele>
   </trkpt>
   <trkpt lat="56.2710920" lon="10.1486760">
    <ele>56.8</ele>
   </trkpt>
   <trkpt lat="56.2710990" lon="10.1486130">
    <ele>57.2</ele>
   </trkpt>
   <trkpt lat="56.2711050" lon="10.1485520">
    <ele>57.4</ele>
   </trkpt>
   <trkpt lat="56.2711120" lon="10.1484920">
    <ele>57.8</ele>
   </trkpt>
   <trkpt lat="56.2711190" lon="10.1484320">
    <ele>58.2</ele>
   </trkpt>
   <trkpt lat="56.2711270" lon="10.1483710">
    <ele>58.8</ele>
   </trkpt>
   <trkpt lat="56.2711330" lon="10.1483090">
    <ele>58.8</ele>
   </trkpt>
   <trkpt lat="56.2711380" lon="10.1482480">
    <ele>58.8</ele>
   </trkpt>
   <trkpt lat="56.2711440" lon="10.1481860">
    <ele>58.8</ele>
   </trkpt>
   <trkpt lat="56.2711490" lon="10.1481250">
    <ele>59.0</ele>
   </trkpt>
   <trkpt lat="56.2711540" lon="10.1480630">
    <ele>59.2</ele>
   </trkpt>
   <trkpt lat="56.2711620" lon="10.1480010">
    <ele>59.6</ele>
   </trkpt>
   <trkpt lat="56.2711690" lon="10.1479370">
    <ele>59.8</ele>
   </trkpt>
   <trkpt lat="56.2711770" lon="10.1478710">
    <ele>59.8</ele>
   </trkpt>
   <trkpt lat="56.2711840" lon="10.1478080">
    <ele>60.0</ele>
   </trkpt>
   <trkpt lat="56.2711900" lon="10.1477470">
    <ele>60.0</ele>
   </trkpt>
   <trkpt lat="56.2711970" lon="10.1476870">
    <ele>60.2</ele>
   </trkpt>
   <trkpt lat="56.2712040" lon="10.1476310">
    <ele>60.2</ele>
   </trkpt>
   <trkpt lat="56.2712080" lon="10.1475750">
    <ele>60.4</ele>
   </trkpt>
   <trkpt lat="56.2712120" lon="10.1475180">
    <ele>60.6</ele>
   </trkpt>
   <trkpt lat="56.2712140" lon="10.1474580">
    <ele>60.8</ele>
   </trkpt>
   <trkpt lat="56.2712180" lon="10.1473980">
    <ele>61.0</ele>
   </trkpt>
   <trkpt lat="56.2712230" lon="10.1473360">
    <ele>61.4</ele>
   </trkpt>
   <trkpt lat="56.2712280" lon="10.1472730">
    <ele>61.4</ele>
   </trkpt>
   <trkpt lat="56.2712350" lon="10.1472090">
    <ele>61.6</ele>
   </trkpt>
   <trkpt lat="56.2712420" lon="10.1471450">
    <ele>61.8</ele>
   </trkpt>
   <trkpt lat="56.2712490" lon="10.1470780">
    <ele>62.0</ele>
   </trkpt>
   <trkpt lat="56.2712550" lon="10.1470100">
    <ele>62.0</ele>
   </trkpt>
   <trkpt lat="56.2712560" lon="10.1469420">
    <ele>62.2</ele>
   </trkpt>
   <trkpt lat="56.2712570" lon="10.1468750">
    <ele>62.2</ele>
   </trkpt>
   <trkpt lat="56.2712610" lon="10.1468100">
    <ele>62.4</ele>
   </trkpt>
   <trkpt lat="56.2712630" lon="10.1467410">
    <ele>62.6</ele>
   </trkpt>
   <trkpt lat="56.2712620" lon="10.1466740">
    <ele>63.0</ele>
   </trkpt>
   <trkpt lat="56.2712610" lon="10.1466040">
    <ele>63.0</ele>
   </trkpt>
   <trkpt lat="56.2712570" lon="10.1465340">
    <ele>63.0</ele>
   </trkpt>
   <trkpt lat="56.2712550" lon="10.1464650">
    <ele>63.2</ele>
   </trkpt>
   <trkpt lat="56.2712550" lon="10.1463980">
    <ele>63.2</ele>
   </trkpt>
   <trkpt lat="56.2712580" lon="10.1463320">
    <ele>63.2</ele>
   </trkpt>
   <trkpt lat="56.2712550" lon="10.1462640">
    <ele>63.2</ele>
   </trkpt>
   <trkpt lat="56.2712540" lon="10.1461960">
    <ele>63.2</ele>
   </trkpt>
   <trkpt lat="56.2712540" lon="10.1461240">
    <ele>63.6</ele>
   </trkpt>
   <trkpt lat="56.2712530" lon="10.1460540">
    <ele>63.6</ele>
   </trkpt>
   <trkpt lat="56.2712480" lon="10.1459840">
    <ele>63.8</ele>
   </trkpt>
   <trkpt lat="56.2712440" lon="10.1459140">
    <ele>64.0</ele>
   </trkpt>
   <trkpt lat="56.2712430" lon="10.1458410">
    <ele>64.0</ele>
   </trkpt>
   <trkpt lat="56.2712380" lon="10.1457670">
    <ele>64.0</ele>
   </trkpt>
   <trkpt lat="56.2712350" lon="10.1456920">
    <ele>64.2</ele>
   </trkpt>
   <trkpt lat="56.2712320" lon="10.1456160">
    <ele>64.2</ele>
   </trkpt>
   <trkpt lat="56.2712300" lon="10.1455390">
    <ele>64.2</ele>
   </trkpt>
   <trkpt lat="56.2712250" lon="10.1454580">
    <ele>64.2</ele>
   </trkpt>
   <trkpt lat="56.2712230" lon="10.1453770">
    <ele>64.2</ele>
   </trkpt>
   <trkpt lat="56.2712210" lon="10.1452960">
    <ele>64.2</ele>
   </trkpt>
   <trkpt lat="56.2712170" lon="10.1452130">
    <ele>64.2</ele>
   </trkpt>
   <trkpt lat="56.2712130" lon="10.1451290">
    <ele>64.2</ele>
   </trkpt>
   <trkpt lat="56.2712100" lon="10.1450470">
    <ele>64.2</ele>
   </trkpt>
   <trkpt lat="56.2712070" lon="10.1449610">
    <ele>64.2</ele>
   </trkpt>
   <trkpt lat="56.2712040" lon="10.1448760">
    <ele>64.2</ele>
   </trkpt>
   <trkpt lat="56.2712020" lon="10.1447910">
    <ele>64.2</ele>
   </trkpt>
   <trkpt lat="56.2712010" lon="10.1447060">
    <ele>64.0</ele>
   </trkpt>
   <trkpt lat="56.2712000" lon="10.1446230">
    <ele>63.8</ele>
   </trkpt>
   <trkpt lat="56.2712000" lon="10.1445370">
    <ele>63.6</ele>
   </trkpt>
   <trkpt lat="56.2711990" lon="10.1444530">
    <ele>63.6</ele>
   </trkpt>
   <trkpt lat="56.2711960" lon="10.1443690">
    <ele>63.6</ele>
   </trkpt>
   <trkpt lat="56.2711920" lon="10.1442860">
    <ele>63.6</ele>
   </trkpt>
   <trkpt lat="56.2711900" lon="10.1442020">
    <ele>63.6</ele>
   </trkpt>
   <trkpt lat="56.2711890" lon="10.1441170">
    <ele>64.0</ele>
   </trkpt>
   <trkpt lat="56.2711860" lon="10.1440320">
    <ele>64.2</ele>
   </trkpt>
   <trkpt lat="56.2711820" lon="10.1439430">
    <ele>64.2</ele>
   </trkpt>
   <trkpt lat="56.2711770" lon="10.1438550">
    <ele>64.2</ele>
   </trkpt>
   <trkpt lat="56.2711740" lon="10.1437670">
    <ele>64.2</ele>
   </trkpt>
   <trkpt lat="56.2711710" lon="10.1436810">
    <ele>64.0</ele>
   </trkpt>
   <trkpt lat="56.2711670" lon="10.1435930">
    <ele>63.8</ele>
   </trkpt>
   <trkpt lat="56.2711620" lon="10.1435050">
    <ele>63.6</ele>
   </trkpt>
   <trkpt lat="56.2711570" lon="10.1434170">
    <ele>63.6</ele>
   </trkpt>
   <trkpt lat="56.2711550" lon="10.1433260">
    <ele>63.4</ele>
   </trkpt>
   <trkpt lat="56.2711550" lon="10.1432320">
    <ele>63.4</ele>
   </trkpt>
   <trkpt lat="56.2711540" lon="10.1431410">
    <ele>63.4</ele>
   </trkpt>
   <trkpt lat="56.2711500" lon="10.1430480">
    <ele>63.4</ele>
   </trkpt>
   <trkpt lat="56.2711450" lon="10.1429550">
    <ele>63.4</ele>
   </trkpt>
   <trkpt lat="56.2711430" lon="10.1428620">
    <ele>63.2</ele>
   </trkpt>
   <trkpt lat="56.2711410" lon="10.1427690">
    <ele>63.2</ele>
   </trkpt>
   <trkpt lat="56.2711390" lon="10.1426770">
    <ele>63.2</ele>
   </trkpt>
   <trkpt lat="56.2711350" lon="10.1425830">
    <ele>63.2</ele>
   </trkpt>
   <trkpt lat="56.2711290" lon="10.1424890">
    <ele>63.2</ele>
   </trkpt>
   <trkpt lat="56.2711220" lon="10.1423940">
    <ele>63.2</ele>
   </trkpt>
   <trkpt lat="56.2711200" lon="10.1422970">
    <ele>63.0</ele>
   </trkpt>
   <trkpt lat="56.2711200" lon="10.1421960">
    <ele>63.0</ele>
   </trkpt>
   <trkpt lat="56.2711160" lon="10.1420930">
    <ele>63.0</ele>
   </trkpt>
   <trkpt lat="56.2711120" lon="10.1419890">
    <ele>63.0</ele>
   </trkpt>
   <trkpt lat="56.2711090" lon="10.1418830">
    <ele>62.8</ele>
   </trkpt>
   <trkpt lat="56.2711060" lon="10.1417760">
    <ele>62.6</ele>
   </trkpt>
   <trkpt lat="56.2711020" lon="10.1416680">
    <ele>62.6</ele>
   </trkpt>
   <trkpt lat="56.2710970" lon="10.1415590">
    <ele>62.4</ele>
   </trkpt>
   <trkpt lat="56.2710940" lon="10.1414480">
    <ele>62.0</ele>
   </trkpt>
   <trkpt lat="56.2710930" lon="10.1413380">
    <ele>61.6</ele>
   </trkpt>
   <trkpt lat="56.2710920" lon="10.1412260">
    <ele>61.2</ele>
   </trkpt>
   <trkpt lat="56.2710880" lon="10.1411140">
    <ele>60.8</ele>
   </trkpt>
   <trkpt lat="56.2710850" lon="10.1410000">
    <ele>60.4</ele>
   </trkpt>
   <trkpt lat="56.2710810" lon="10.1408850">
    <ele>60.2</ele>
   </trkpt>
   <trkpt lat="56.2710760" lon="10.1407670">
    <ele>59.8</ele>
   </trkpt>
   <trkpt lat="56.2710720" lon="10.1406430">
    <ele>59.6</ele>
   </trkpt>
   <trkpt lat="56.2710670" lon="10.1405190">
    <ele>59.2</ele>
   </trkpt>
   <trkpt lat="56.2710610" lon="10.1403920">
    <ele>58.8</ele>
   </trkpt>
   <trkpt lat="56.2710530" lon="10.1402630">
    <ele>58.2</ele>
   </trkpt>
   <trkpt lat="56.2710490" lon="10.1401340">
    <ele>57.8</ele>
   </trkpt>
   <trkpt lat="56.2710450" lon="10.1400040">
    <ele>57.0</ele>
   </trkpt>
   <trkpt lat="56.2710410" lon="10.1398770">
    <ele>56.8</ele>
   </trkpt>
   <trkpt lat="56.2710370" lon="10.1397500">
    <ele>56.6</ele>
   </trkpt>
   <trkpt lat="56.2710350" lon="10.1396240">
    <ele>56.4</ele>
   </trkpt>
   <trkpt lat="56.2710310" lon="10.1395000">
    <ele>56.2</ele>
   </trkpt>
   <trkpt lat="56.2710270" lon="10.1393780">
    <ele>56.2</ele>
   </trkpt>
   <trkpt lat="56.2710230" lon="10.1392520">
    <ele>56.0</ele>
   </trkpt>
   <trkpt lat="56.2710200" lon="10.1391240">
    <ele>55.8</ele>
   </trkpt>
   <trkpt lat="56.2710160" lon="10.1389970">
    <ele>55.8</ele>
   </trkpt>
   <trkpt lat="56.2710110" lon="10.1388710">
    <ele>55.6</ele>
   </trkpt>
   <trkpt lat="56.2710080" lon="10.1387440">
    <ele>55.4</ele>
   </trkpt>
   <trkpt lat="56.2710050" lon="10.1386150">
    <ele>55.0</ele>
   </trkpt>
   <trkpt lat="56.2710020" lon="10.1384840">
    <ele>55.0</ele>
   </trkpt>
   <trkpt lat="56.2709990" lon="10.1383590">
    <ele>55.0</ele>
   </trkpt>
   <trkpt lat="56.2709960" lon="10.1382340">
    <ele>54.8</ele>
   </trkpt>
   <trkpt lat="56.2709920" lon="10.1381100">
    <ele>54.8</ele>
   </trkpt>
   <trkpt lat="56.2709860" lon="10.1379880">
    <ele>54.8</ele>
   </trkpt>
   <trkpt lat="56.2709820" lon="10.1378710">
    <ele>54.6</ele>
   </trkpt>
   <trkpt lat="56.2709780" lon="10.1377530">
    <ele>54.6</ele>
   </trkpt>
   <trkpt lat="56.2709730" lon="10.1376330">
    <ele>54.2</ele>
   </trkpt>
   <trkpt lat="56.2709690" lon="10.1375140">
    <ele>54.0</ele>
   </trkpt>
   <trkpt lat="56.2709670" lon="10.1373940">
    <ele>54.0</ele>
   </trkpt>
   <trkpt lat="56.2709670" lon="10.1372770">
    <ele>54.0</ele>
   </trkpt>
   <trkpt lat="56.2709650" lon="10.1371620">
    <ele>54.0</ele>
   </trkpt>
   <trkpt lat="56.2709650" lon="10.1370490">
    <ele>54.0</ele>
   </trkpt>
   <trkpt lat="56.2709640" lon="10.1369330">
    <ele>54.0</ele>
   </trkpt>
   <trkpt lat="56.2709600" lon="10.1368080">
    <ele>53.8</ele>
   </trkpt>
   <trkpt lat="56.2709530" lon="10.1366810">
    <ele>53.8</ele>
   </trkpt>
   <trkpt lat="56.2709470" lon="10.1365550">
    <ele>53.8</ele>
   </trkpt>
   <trkpt lat="56.2709450" lon="10.1364350">
    <ele>53.8</ele>
   </trkpt>
   <trkpt lat="56.2709410" lon="10.1363160">
    <ele>53.8</ele>
   </trkpt>
   <trkpt lat="56.2709370" lon="10.1362000">
    <ele>53.8</ele>
   </trkpt>
   <trkpt lat="56.2709340" lon="10.1360840">
    <ele>54.0</ele>
   </trkpt>
   <trkpt lat="56.2709260" lon="10.1359690">
    <ele>54.0</ele>
   </trkpt>
   <trkpt lat="56.2709190" lon="10.1358530">
    <ele>53.8</ele>
   </trkpt>
   <trkpt lat="56.2709130" lon="10.1357360">
    <ele>53.8</ele>
   </trkpt>
   <trkpt lat="56.2709080" lon="10.1356170">
    <ele>53.6</ele>
   </trkpt>
   <trkpt lat="56.2709040" lon="10.1354960">
    <ele>53.6</ele>
   </trkpt>
   <trkpt lat="56.2709010" lon="10.1353760">
    <ele>53.6</ele>
   </trkpt>
   <trkpt lat="56.2708980" lon="10.1352580">
    <ele>53.6</ele>
   </trkpt>
   <trkpt lat="56.2708950" lon="10.1351410">
    <ele>53.6</ele>
   </trkpt>
   <trkpt lat="56.2708910" lon="10.1350260">
    <ele>53.6</ele>
   </trkpt>
   <trkpt lat="56.2708850" lon="10.1349100">
    <ele>53.6</ele>
   </trkpt>
   <trkpt lat="56.2708800" lon="10.1347960">
    <ele>53.6</ele>
   </trkpt>
   <trkpt lat="56.2708750" lon="10.1346800">
    <ele>53.6</ele>
   </trkpt>
   <trkpt lat="56.2708710" lon="10.1345660">
    <ele>53.6</ele>
   </trkpt>
   <trkpt lat="56.2708660" lon="10.1344500">
    <ele>53.6</ele>
   </trkpt>
   <trkpt lat="56.2708630" lon="10.1343330">
    <ele>53.6</ele>
   </trkpt>
   <trkpt lat="56.2708610" lon="10.1342180">
    <ele>53.6</ele>
   </trkpt>
   <trkpt lat="56.2708610" lon="10.1341050">
    <ele>53.6</ele>
   </trkpt>
   <trkpt lat="56.2708590" lon="10.1339920">
    <ele>53.4</ele>
   </trkpt>
   <trkpt lat="56.2708560" lon="10.1338790">
    <ele>53.4</ele>
   </trkpt>
   <trkpt lat="56.2708510" lon="10.1337650">
    <ele>53.2</ele>
   </trkpt>
   <trkpt lat="56.2708440" lon="10.1336490">
    <ele>53.2</ele>
   </trkpt>
   <trkpt lat="56.2708380" lon="10.1335320">
    <ele>53.2</ele>
   </trkpt>
   <trkpt lat="56.2708340" lon="10.1334150">
    <ele>53.0</ele>
   </trkpt>
   <trkpt lat="56.2708320" lon="10.1332980">
    <ele>53.0</ele>
   </trkpt>
   <trkpt lat="56.2708280" lon="10.1331800">
    <ele>53.0</ele>
   </trkpt>
   <trkpt lat="56.2708250" lon="10.1330610">
    <ele>53.0</ele>
   </trkpt>
   <trkpt lat="56.2708210" lon="10.1329440">
    <ele>52.8</ele>
   </trkpt>
   <trkpt lat="56.2708140" lon="10.1328260">
    <ele>52.8</ele>
   </trkpt>
   <trkpt lat="56.2708100" lon="10.1327090">
    <ele>52.8</ele>
   </trkpt>
   <trkpt lat="56.2708040" lon="10.1325930">
    <ele>52.4</ele>
   </trkpt>
   <trkpt lat="56.2707980" lon="10.1324790">
    <ele>52.2</ele>
   </trkpt>
   <trkpt lat="56.2707910" lon="10.1323610">
    <ele>52.0</ele>
   </trkpt>
   <trkpt lat="56.2707840" lon="10.1322430">
    <ele>52.0</ele>
   </trkpt>
   <trkpt lat="56.2707770" lon="10.1321240">
    <ele>52.0</ele>
   </trkpt>
   <trkpt lat="56.2707720" lon="10.1320040">
    <ele>51.8</ele>
   </trkpt>
   <trkpt lat="56.2707670" lon="10.1318840">
    <ele>51.8</ele>
   </trkpt>
   <trkpt lat="56.2707620" lon="10.1317650">
    <ele>51.8</ele>
   </trkpt>
   <trkpt lat="56.2707550" lon="10.1316440">
    <ele>51.6</ele>
   </trkpt>
   <trkpt lat="56.2707480" lon="10.1315270">
    <ele>51.6</ele>
   </trkpt>
   <trkpt lat="56.2707410" lon="10.1314120">
    <ele>51.4</ele>
   </trkpt>
   <trkpt lat="56.2707350" lon="10.1312970">
    <ele>51.4</ele>
   </trkpt>
   <trkpt lat="56.2707280" lon="10.1311810">
    <ele>51.4</ele>
   </trkpt>
   <trkpt lat="56.2707210" lon="10.1310670">
    <ele>51.4</ele>
   </trkpt>
   <trkpt lat="56.2707140" lon="10.1309530">
    <ele>51.4</ele>
   </trkpt>
   <trkpt lat="56.2707090" lon="10.1308380">
    <ele>51.4</ele>
   </trkpt>
   <trkpt lat="56.2707010" lon="10.1307220">
    <ele>51.4</ele>
   </trkpt>
   <trkpt lat="56.2706950" lon="10.1306070">
    <ele>51.4</ele>
   </trkpt>
   <trkpt lat="56.2706900" lon="10.1304940">
    <ele>51.2</ele>
   </trkpt>
   <trkpt lat="56.2706870" lon="10.1303820">
    <ele>51.0</ele>
   </trkpt>
   <trkpt lat="56.2706880" lon="10.1302750">
    <ele>51.0</ele>
   </trkpt>
   <trkpt lat="56.2706880" lon="10.1301670">
    <ele>51.0</ele>
   </trkpt>
   <trkpt lat="56.2706860" lon="10.1300610">
    <ele>51.0</ele>
   </trkpt>
   <trkpt lat="56.2706720" lon="10.1299440">
    <ele>51.0</ele>
   </trkpt>
   <trkpt lat="56.2706580" lon="10.1298320">
    <ele>51.0</ele>
   </trkpt>
   <trkpt lat="56.2706500" lon="10.1297250">
    <ele>51.2</ele>
   </trkpt>
   <trkpt lat="56.2706420" lon="10.1296160">
    <ele>51.4</ele>
   </trkpt>
   <trkpt lat="56.2706340" lon="10.1295140">
    <ele>51.8</ele>
   </trkpt>
   <trkpt lat="56.2706250" lon="10.1294070">
    <ele>52.0</ele>
   </trkpt>
   <trkpt lat="56.2706150" lon="10.1293000">
    <ele>52.0</ele>
   </trkpt>
   <trkpt lat="56.2706070" lon="10.1291900">
    <ele>52.0</ele>
   </trkpt>
   <trkpt lat="56.2706000" lon="10.1290850">
    <ele>52.0</ele>
   </trkpt>
   <trkpt lat="56.2705910" lon="10.1289800">
    <ele>52.0</ele>
   </trkpt>
   <trkpt lat="56.2705800" lon="10.1288770">
    <ele>52.0</ele>
   </trkpt>
   <trkpt lat="56.2705720" lon="10.1287760">
    <ele>52.2</ele>
   </trkpt>
   <trkpt lat="56.2705650" lon="10.1286740">
    <ele>52.2</ele>
   </trkpt>
   <trkpt lat="56.2705580" lon="10.1285710">
    <ele>52.2</ele>
   </trkpt>
   <trkpt lat="56.2705510" lon="10.1284700">
    <ele>52.6</ele>
   </trkpt>
   <trkpt lat="56.2705430" lon="10.1283680">
    <ele>52.6</ele>
   </trkpt>
   <trkpt lat="56.2705350" lon="10.1282670">
    <ele>52.8</ele>
   </trkpt>
   <trkpt lat="56.2705260" lon="10.1281670">
    <ele>53.0</ele>
   </trkpt>
   <trkpt lat="56.2705170" lon="10.1280650">
    <ele>53.0</ele>
   </trkpt>
   <trkpt lat="56.2705100" lon="10.1279640">
    <ele>53.0</ele>
   </trkpt>
   <trkpt lat="56.2705030" lon="10.1278620">
    <ele>53.0</ele>
   </trkpt>
   <trkpt lat="56.2704950" lon="10.1277620">
    <ele>53.0</ele>
   </trkpt>
   <trkpt lat="56.2704880" lon="10.1276640">
    <ele>53.0</ele>
   </trkpt>
   <trkpt lat="56.2704800" lon="10.1275670">
    <ele>53.0</ele>
   </trkpt>
   <trkpt lat="56.2704730" lon="10.1274710">
    <ele>53.0</ele>
   </trkpt>
   <trkpt lat="56.2704660" lon="10.1273770">
    <ele>53.0</ele>
   </trkpt>
   <trkpt lat="56.2704590" lon="10.1272800">
    <ele>53.0</ele>
   </trkpt>
   <trkpt lat="56.2704500" lon="10.1271820">
    <ele>53.2</ele>
   </trkpt>
   <trkpt lat="56.2704430" lon="10.1270860">
    <ele>53.2</ele>
   </trkpt>
   <trkpt lat="56.2704360" lon="10.1269910">
    <ele>53.4</ele>
   </trkpt>
   <trkpt lat="56.2704270" lon="10.1268990">
    <ele>53.4</ele>
   </trkpt>
   <trkpt lat="56.2704190" lon="10.1268070">
    <ele>53.6</ele>
   </trkpt>
   <trkpt lat="56.2704130" lon="10.1267130">
    <ele>53.8</ele>
   </trkpt>
   <trkpt lat="56.2704080" lon="10.1266180">
    <ele>53.8</ele>
   </trkpt>
   <trkpt lat="56.2704030" lon="10.1265240">
    <ele>54.0</ele>
   </trkpt>
   <trkpt lat="56.2703950" lon="10.1264300">
    <ele>54.2</ele>
   </trkpt>
   <trkpt lat="56.2703880" lon="10.1263370">
    <ele>54.4</ele>
   </trkpt>
   <trkpt lat="56.2703810" lon="10.1262450">
    <ele>54.6</ele>
   </trkpt>
   <trkpt lat="56.2703730" lon="10.1261530">
    <ele>55.2</ele>
   </trkpt>
   <trkpt lat="56.2703670" lon="10.1260600">
    <ele>55.2</ele>
   </trkpt>
   <trkpt lat="56.2703600" lon="10.1259650">
    <ele>55.4</ele>
   </trkpt>
   <trkpt lat="56.2703530" lon="10.1258700">
    <ele>55.6</ele>
   </trkpt>
   <trkpt lat="56.2703450" lon="10.1257760">
    <ele>55.6</ele>
   </trkpt>
   <trkpt lat="56.2703370" lon="10.1256810">
    <ele>55.8</ele>
   </trkpt>
   <trkpt lat="56.2703290" lon="10.1255890">
    <ele>56.0</ele>
   </trkpt>
   <trkpt lat="56.2703230" lon="10.1254960">
    <ele>56.0</ele>
   </trkpt>
   <trkpt lat="56.2703180" lon="10.1254010">
    <ele>55.8</ele>
   </trkpt>
   <trkpt lat="56.2703120" lon="10.1253060">
    <ele>55.8</ele>
   </trkpt>
   <trkpt lat="56.2703040" lon="10.1252110">
    <ele>55.8</ele>
   </trkpt>
   <trkpt lat="56.2702970" lon="10.1251160">
    <ele>55.8</ele>
   </trkpt>
   <trkpt lat="56.2702900" lon="10.1250210">
    <ele>55.8</ele>
   </trkpt>
   <trkpt lat="56.2702830" lon="10.1249260">
    <ele>55.6</ele>
   </trkpt>
   <trkpt lat="56.2702740" lon="10.1248280">
    <ele>55.2</ele>
   </trkpt>
   <trkpt lat="56.2702650" lon="10.1247300">
    <ele>55.2</ele>
   </trkpt>
   <trkpt lat="56.2702590" lon="10.1246310">
    <ele>55.2</ele>
   </trkpt>
   <trkpt lat="56.2702570" lon="10.1245280">
    <ele>55.2</ele>
   </trkpt>
   <trkpt lat="56.2702510" lon="10.1244260">
    <ele>55.2</ele>
   </trkpt>
   <trkpt lat="56.2702420" lon="10.1243230">
    <ele>55.2</ele>
   </trkpt>
   <trkpt lat="56.2702370" lon="10.1242200">
    <ele>55.2</ele>
   </trkpt>
   <trkpt lat="56.2702310" lon="10.1241170">
    <ele>55.2</ele>
   </trkpt>
   <trkpt lat="56.2702250" lon="10.1240130">
    <ele>55.2</ele>
   </trkpt>
   <trkpt lat="56.2702210" lon="10.1239070">
    <ele>55.0</ele>
   </trkpt>
   <trkpt lat="56.2702190" lon="10.1238010">
    <ele>55.0</ele>
   </trkpt>
   <trkpt lat="56.2702180" lon="10.1236970">
    <ele>55.0</ele>
   </trkpt>
   <trkpt lat="56.2702170" lon="10.1235910">
    <ele>55.0</ele>
   </trkpt>
   <trkpt lat="56.2702150" lon="10.1234850">
    <ele>55.0</ele>
   </trkpt>
   <trkpt lat="56.2702150" lon="10.1233800">
    <ele>54.8</ele>
   </trkpt>
   <trkpt lat="56.2702150" lon="10.1232760">
    <ele>54.8</ele>
   </trkpt>
   <trkpt lat="56.2702150" lon="10.1231700">
    <ele>54.8</ele>
   </trkpt>
   <trkpt lat="56.2702160" lon="10.1230630">
    <ele>54.8</ele>
   </trkpt>
   <trkpt lat="56.2702180" lon="10.1229550">
    <ele>54.8</ele>
   </trkpt>
   <trkpt lat="56.2702200" lon="10.1228490">
    <ele>54.8</ele>
   </trkpt>
   <trkpt lat="56.2702190" lon="10.1227440">
    <ele>54.8</ele>
   </trkpt>
   <trkpt lat="56.2702190" lon="10.1226400">
    <ele>54.8</ele>
   </trkpt>
   <trkpt lat="56.2702190" lon="10.1225370">
    <ele>54.6</ele>
   </trkpt>
   <trkpt lat="56.2702180" lon="10.1224330">
    <ele>54.6</ele>
   </trkpt>
   <trkpt lat="56.2702180" lon="10.1223300">
    <ele>54.6</ele>
   </trkpt>
   <trkpt lat="56.2702160" lon="10.1222270">
    <ele>54.6</ele>
   </trkpt>
   <trkpt lat="56.2702150" lon="10.1221220">
    <ele>54.6</ele>
   </trkpt>
   <trkpt lat="56.2702140" lon="10.1220220">
    <ele>54.6</ele>
   </trkpt>
   <trkpt lat="56.2702140" lon="10.1219210">
    <ele>54.8</ele>
   </trkpt>
   <trkpt lat="56.2702150" lon="10.1218190">
    <ele>55.0</ele>
   </trkpt>
   <trkpt lat="56.2702170" lon="10.1217170">
    <ele>55.0</ele>
   </trkpt>
   <trkpt lat="56.2702190" lon="10.1216150">
    <ele>55.2</ele>
   </trkpt>
   <trkpt lat="56.2702210" lon="10.1215130">
    <ele>55.2</ele>
   </trkpt>
   <trkpt lat="56.2702210" lon="10.1214080">
    <ele>55.2</ele>
   </trkpt>
   <trkpt lat="56.2702220" lon="10.1213020">
    <ele>55.4</ele>
   </trkpt>
   <trkpt lat="56.2702190" lon="10.1211950">
    <ele>55.4</ele>
   </trkpt>
   <trkpt lat="56.2702160" lon="10.1210890">
    <ele>55.4</ele>
   </trkpt>
   <trkpt lat="56.2702120" lon="10.1209840">
    <ele>55.4</ele>
   </trkpt>
   <trkpt lat="56.2702090" lon="10.1208820">
    <ele>55.4</ele>
   </trkpt>
   <trkpt lat="56.2702090" lon="10.1207770">
    <ele>55.4</ele>
   </trkpt>
   <trkpt lat="56.2702060" lon="10.1206710">
    <ele>55.4</ele>
   </trkpt>
   <trkpt lat="56.2702030" lon="10.1205630">
    <ele>55.4</ele>
   </trkpt>
   <trkpt lat="56.2701980" lon="10.1204550">
    <ele>55.4</ele>
   </trkpt>
   <trkpt lat="56.2701950" lon="10.1203490">
    <ele>55.4</ele>
   </trkpt>
   <trkpt lat="56.2701930" lon="10.1202420">
    <ele>55.4</ele>
   </trkpt>
   <trkpt lat="56.2701910" lon="10.1201380">
    <ele>55.4</ele>
   </trkpt>
   <trkpt lat="56.2701860" lon="10.1200320">
    <ele>55.4</ele>
   </trkpt>
   <trkpt lat="56.2701830" lon="10.1199260">
    <ele>55.4</ele>
   </trkpt>
   <trkpt lat="56.2701830" lon="10.1198200">
    <ele>55.4</ele>
   </trkpt>
   <trkpt lat="56.2701840" lon="10.1197140">
    <ele>55.4</ele>
   </trkpt>
   <trkpt lat="56.2701830" lon="10.1196070">
    <ele>55.4</ele>
   </trkpt>
   <trkpt lat="56.2701810" lon="10.1195000">
    <ele>55.2</ele>
   </trkpt>
   <trkpt lat="56.2701780" lon="10.1193950">
    <ele>55.2</ele>
   </trkpt>
   <trkpt lat="56.2701760" lon="10.1192900">
    <ele>55.2</ele>
   </trkpt>
   <trkpt lat="56.2701770" lon="10.1191880">
    <ele>55.2</ele>
   </trkpt>
   <trkpt lat="56.2701790" lon="10.1190850">
    <ele>55.2</ele>
   </trkpt>
   <trkpt lat="56.2701810" lon="10.1189810">
    <ele>55.2</ele>
   </trkpt>
   <trkpt lat="56.2701810" lon="10.1188750">
    <ele>55.2</ele>
   </trkpt>
   <trkpt lat="56.2701780" lon="10.1187710">
    <ele>55.2</ele>
   </trkpt>
   <trkpt lat="56.2701740" lon="10.1186670">
    <ele>55.2</ele>
   </trkpt>
   <trkpt lat="56.2701750" lon="10.1185610">
    <ele>55.2</ele>
   </trkpt>
   <trkpt lat="56.2701770" lon="10.1184540">
    <ele>55.4</ele>
   </trkpt>
   <trkpt lat="56.2701790" lon="10.1183460">
    <ele>55.4</ele>
   </trkpt>
   <trkpt lat="56.2701810" lon="10.1182400">
    <ele>55.4</ele>
   </trkpt>
   <trkpt lat="56.2701790" lon="10.1181310">
    <ele>55.6</ele>
   </trkpt>
   <trkpt lat="56.2701780" lon="10.1180230">
    <ele>55.6</ele>
   </trkpt>
   <trkpt lat="56.2701780" lon="10.1179150">
    <ele>55.6</ele>
   </trkpt>
   <trkpt lat="56.2701780" lon="10.1178100">
    <ele>55.4</ele>
   </trkpt>
   <trkpt lat="56.2701750" lon="10.1177010">
    <ele>55.4</ele>
   </trkpt>
   <trkpt lat="56.2701750" lon="10.1175940">
    <ele>55.4</ele>
   </trkpt>
   <trkpt lat="56.2701760" lon="10.1174870">
    <ele>55.4</ele>
   </trkpt>
   <trkpt lat="56.2701770" lon="10.1173820">
    <ele>55.6</ele>
   </trkpt>
   <trkpt lat="56.2701820" lon="10.1172790">
    <ele>55.6</ele>
   </trkpt>
   <trkpt lat="56.2701830" lon="10.1171770">
    <ele>56.2</ele>
   </trkpt>
   <trkpt lat="56.2701810" lon="10.1170770">
    <ele>56.4</ele>
   </trkpt>
   <trkpt lat="56.2701790" lon="10.1169770">
    <ele>56.8</ele>
   </trkpt>
   <trkpt lat="56.2701820" lon="10.1168720">
    <ele>57.0</ele>
   </trkpt>
   <trkpt lat="56.2701830" lon="10.1167670">
    <ele>57.0</ele>
   </trkpt>
   <trkpt lat="56.2701800" lon="10.1166630">
    <ele>57.0</ele>
   </trkpt>
   <trkpt lat="56.2701770" lon="10.1165580">
    <ele>56.8</ele>
   </trkpt>
   <trkpt lat="56.2701760" lon="10.1164540">
    <ele>56.6</ele>
   </trkpt>
   <trkpt lat="56.2701740" lon="10.1163490">
    <ele>56.2</ele>
   </trkpt>
   <trkpt lat="56.2701700" lon="10.1162420">
    <ele>56.2</ele>
   </trkpt>
   <trkpt lat="56.2701670" lon="10.1161360">
    <ele>56.0</ele>
   </trkpt>
   <trkpt lat="56.2701660" lon="10.1160310">
    <ele>56.0</ele>
   </trkpt>
   <trkpt lat="56.2701630" lon="10.1159250">
    <ele>56.0</ele>
   </trkpt>
   <trkpt lat="56.2701610" lon="10.1158200">
    <ele>56.0</ele>
   </trkpt>
   <trkpt lat="56.2701620" lon="10.1157160">
    <ele>56.2</ele>
   </trkpt>
   <trkpt lat="56.2701650" lon="10.1156130">
    <ele>56.4</ele>
   </trkpt>
   <trkpt lat="56.2701650" lon="10.1155110">
    <ele>56.4</ele>
   </trkpt>
   <trkpt lat="56.2701630" lon="10.1154090">
    <ele>56.4</ele>
   </trkpt>
   <trkpt lat="56.2701620" lon="10.1153080">
    <ele>56.4</ele>
   </trkpt>
   <trkpt lat="56.2701600" lon="10.1152080">
    <ele>56.4</ele>
   </trkpt>
   <trkpt lat="56.2701580" lon="10.1151080">
    <ele>56.4</ele>
   </trkpt>
   <trkpt lat="56.2701570" lon="10.1150090">
    <ele>56.4</ele>
   </trkpt>
   <trkpt lat="56.2701580" lon="10.1149130">
    <ele>56.4</ele>
   </trkpt>
   <trkpt lat="56.2701580" lon="10.1148160">
    <ele>56.6</ele>
   </trkpt>
   <trkpt lat="56.2701570" lon="10.1147210">
    <ele>56.8</ele>
   </trkpt>
   <trkpt lat="56.2701560" lon="10.1146260">
    <ele>56.8</ele>
   </trkpt>
   <trkpt lat="56.2701560" lon="10.1145300">
    <ele>57.0</ele>
   </trkpt>
   <trkpt lat="56.2701550" lon="10.1144350">
    <ele>57.0</ele>
   </trkpt>
   <trkpt lat="56.2701540" lon="10.1143390">
    <ele>57.0</ele>
   </trkpt>
   <trkpt lat="56.2701530" lon="10.1142420">
    <ele>57.2</ele>
   </trkpt>
   <trkpt lat="56.2701520" lon="10.1141430">
    <ele>57.2</ele>
   </trkpt>
   <trkpt lat="56.2701520" lon="10.1140460">
    <ele>57.2</ele>
   </trkpt>
   <trkpt lat="56.2701490" lon="10.1139460">
    <ele>57.2</ele>
   </trkpt>
   <trkpt lat="56.2701470" lon="10.1138460">
    <ele>57.2</ele>
   </trkpt>
   <trkpt lat="56.2701460" lon="10.1137440">
    <ele>57.2</ele>
   </trkpt>
   <trkpt lat="56.2701430" lon="10.1136440">
    <ele>57.2</ele>
   </trkpt>
   <trkpt lat="56.2701410" lon="10.1135440">
    <ele>57.0</ele>
   </trkpt>
   <trkpt lat="56.2701370" lon="10.1134420">
    <ele>56.8</ele>
   </trkpt>
   <trkpt lat="56.2701340" lon="10.1133420">
    <ele>56.8</ele>
   </trkpt>
   <trkpt lat="56.2701290" lon="10.1132440">
    <ele>56.6</ele>
   </trkpt>
   <trkpt lat="56.2701240" lon="10.1131470">
    <ele>56.6</ele>
   </trkpt>
   <trkpt lat="56.2701190" lon="10.1130510">
    <ele>56.6</ele>
   </trkpt>
   <trkpt lat="56.2701130" lon="10.1129570">
    <ele>56.8</ele>
   </trkpt>
   <trkpt lat="56.2701050" lon="10.1128630">
    <ele>56.8</ele>
   </trkpt>
   <trkpt lat="56.2700960" lon="10.1127680">
    <ele>56.8</ele>
   </trkpt>
   <trkpt lat="56.2700890" lon="10.1126750">
    <ele>56.8</ele>
   </trkpt>
   <trkpt lat="56.2700810" lon="10.1125830">
    <ele>56.8</ele>
   </trkpt>
   <trkpt lat="56.2700730" lon="10.1124930">
    <ele>56.8</ele>
   </trkpt>
   <trkpt lat="56.2700650" lon="10.1124000">
    <ele>56.8</ele>
   </trkpt>
   <trkpt lat="56.2700560" lon="10.1123090">
    <ele>56.8</ele>
   </trkpt>
   <trkpt lat="56.2700470" lon="10.1122190">
    <ele>57.0</ele>
   </trkpt>
   <trkpt lat="56.2700380" lon="10.1121270">
    <ele>57.0</ele>
   </trkpt>
   <trkpt lat="56.2700300" lon="10.1120340">
    <ele>57.4</ele>
   </trkpt>
   <trkpt lat="56.2700210" lon="10.1119410">
    <ele>57.4</ele>
   </trkpt>
   <trkpt lat="56.2700100" lon="10.1118500">
    <ele>57.6</ele>
   </trkpt>
   <trkpt lat="56.2700030" lon="10.1117600">
    <ele>57.8</ele>
   </trkpt>
   <trkpt lat="56.2699970" lon="10.1116720">
    <ele>57.8</ele>
   </trkpt>
   <trkpt lat="56.2699920" lon="10.1115870">
    <ele>58.0</ele>
   </trkpt>
   <trkpt lat="56.2699820" lon="10.1115020">
    <ele>58.0</ele>
   </trkpt>
   <trkpt lat="56.2699690" lon="10.1114170">
    <ele>58.0</ele>
   </trkpt>
   <trkpt lat="56.2699600" lon="10.1113300">
    <ele>58.2</ele>
   </trkpt>
   <trkpt lat="56.2699580" lon="10.1112420">
    <ele>58.4</ele>
   </trkpt>
   <trkpt lat="56.2699590" lon="10.1111530">
    <ele>58.2</ele>
   </trkpt>
   <trkpt lat="56.2699590" lon="10.1110620">
    <ele>58.2</ele>
   </trkpt>
   <trkpt lat="56.2699540" lon="10.1109710">
    <ele>58.2</ele>
   </trkpt>
   <trkpt lat="56.2699500" lon="10.1108800">
    <ele>58.2</ele>
   </trkpt>
   <trkpt lat="56.2699450" lon="10.1107870">
    <ele>58.0</ele>
   </trkpt>
   <trkpt lat="56.2699410" lon="10.1106930">
    <ele>57.8</ele>
   </trkpt>
   <trkpt lat="56.2699380" lon="10.1105990">
    <ele>57.6</ele>
   </trkpt>
   <trkpt lat="56.2699380" lon="10.1105060">
    <ele>57.6</ele>
   </trkpt>
   <trkpt lat="56.2699390" lon="10.1104140">
    <ele>57.4</ele>
   </trkpt>
   <trkpt lat="56.2699390" lon="10.1103200">
    <ele>57.4</ele>
   </trkpt>
   <trkpt lat="56.2699400" lon="10.1102290">
    <ele>57.4</ele>
   </trkpt>
   <trkpt lat="56.2699410" lon="10.1101400">
    <ele>57.4</ele>
   </trkpt>
   <trkpt lat="56.2699420" lon="10.1100510">
    <ele>57.4</ele>
   </trkpt>
   <trkpt lat="56.2699440" lon="10.1099590">
    <ele>57.4</ele>
   </trkpt>
   <trkpt lat="56.2699440" lon="10.1098660">
    <ele>57.4</ele>
   </trkpt>
   <trkpt lat="56.2699410" lon="10.1097700">
    <ele>57.4</ele>
   </trkpt>
   <trkpt lat="56.2699370" lon="10.1096740">
    <ele>57.4</ele>
   </trkpt>
   <trkpt lat="56.2699300" lon="10.1095800">
    <ele>57.4</ele>
   </trkpt>
   <trkpt lat="56.2699200" lon="10.1094880">
    <ele>57.4</ele>
   </trkpt>
   <trkpt lat="56.2699060" lon="10.1093960">
    <ele>57.4</ele>
   </trkpt>
   <trkpt lat="56.2698910" lon="10.1093070">
    <ele>57.6</ele>
   </trkpt>
   <trkpt lat="56.2698740" lon="10.1092190">
    <ele>57.6</ele>
   </trkpt>
   <trkpt lat="56.2698560" lon="10.1091340">
    <ele>57.8</ele>
   </trkpt>
   <trkpt lat="56.2698410" lon="10.1090490">
    <ele>57.8</ele>
   </trkpt>
   <trkpt lat="56.2698230" lon="10.1089630">
    <ele>58.0</ele>
   </trkpt>
   <trkpt lat="56.2698040" lon="10.1088770">
    <ele>58.0</ele>
   </trkpt>
   <trkpt lat="56.2697850" lon="10.1087900">
    <ele>58.0</ele>
   </trkpt>
   <trkpt lat="56.2697630" lon="10.1087020">
    <ele>58.0</ele>
   </trkpt>
   <trkpt lat="56.2697410" lon="10.1086170">
    <ele>58.0</ele>
   </trkpt>
   <trkpt lat="56.2697170" lon="10.1085290">
    <ele>58.0</ele>
   </trkpt>
   <trkpt lat="56.2696950" lon="10.1084380">
    <ele>58.0</ele>
   </trkpt>
   <trkpt lat="56.2696740" lon="10.1083470">
    <ele>57.8</ele>
   </trkpt>
   <trkpt lat="56.2696530" lon="10.1082550">
    <ele>57.8</ele>
   </trkpt>
   <trkpt lat="56.2696300" lon="10.1081630">
    <ele>57.8</ele>
   </trkpt>
   <trkpt lat="56.2696090" lon="10.1080710">
    <ele>57.8</ele>
   </trkpt>
   <trkpt lat="56.2695880" lon="10.1079780">
    <ele>57.8</ele>
   </trkpt>
   <trkpt lat="56.2695650" lon="10.1078840">
    <ele>57.8</ele>
   </trkpt>
   <trkpt lat="56.2695420" lon="10.1077900">
    <ele>57.8</ele>
   </trkpt>
   <trkpt lat="56.2695180" lon="10.1076960">
    <ele>57.8</ele>
   </trkpt>
   <trkpt lat="56.2694940" lon="10.1076010">
    <ele>57.8</ele>
   </trkpt>
   <trkpt lat="56.2694690" lon="10.1075040">
    <ele>57.8</ele>
   </trkpt>
   <trkpt lat="56.2694470" lon="10.1074050">
    <ele>57.8</ele>
   </trkpt>
   <trkpt lat="56.2694240" lon="10.1073060">
    <ele>57.8</ele>
   </trkpt>
   <trkpt lat="56.2694010" lon="10.1072080">
    <ele>57.8</ele>
   </trkpt>
   <trkpt lat="56.2693780" lon="10.1071110">
    <ele>57.8</ele>
   </trkpt>
   <trkpt lat="56.2693540" lon="10.1070150">
    <ele>57.8</ele>
   </trkpt>
   <trkpt lat="56.2693280" lon="10.1069190">
    <ele>57.8</ele>
   </trkpt>
   <trkpt lat="56.2693020" lon="10.1068220">
    <ele>57.8</ele>
   </trkpt>
   <trkpt lat="56.2692780" lon="10.1067240">
    <ele>57.8</ele>
   </trkpt>
   <trkpt lat="56.2692530" lon="10.1066280">
    <ele>57.8</ele>
   </trkpt>
   <trkpt lat="56.2692290" lon="10.1065310">
    <ele>58.0</ele>
   </trkpt>
   <trkpt lat="56.2692050" lon="10.1064320">
    <ele>58.0</ele>
   </trkpt>
   <trkpt lat="56.2691780" lon="10.1063350">
    <ele>58.0</ele>
   </trkpt>
   <trkpt lat="56.2691530" lon="10.1062390">
    <ele>58.2</ele>
   </trkpt>
   <trkpt lat="56.2691280" lon="10.1061420">
    <ele>58.2</ele>
   </trkpt>
   <trkpt lat="56.2691020" lon="10.1060440">
    <ele>58.4</ele>
   </trkpt>
   <trkpt lat="56.2690770" lon="10.1059490">
    <ele>58.4</ele>
   </trkpt>
   <trkpt lat="56.2690520" lon="10.1058550">
    <ele>58.4</ele>
   </trkpt>
   <trkpt lat="56.2690290" lon="10.1057560">
    <ele>58.6</ele>
   </trkpt>
   <trkpt lat="56.2690080" lon="10.1056560">
    <ele>58.6</ele>
   </trkpt>
   <trkpt lat="56.2689850" lon="10.1055580">
    <ele>58.6</ele>
   </trkpt>
   <trkpt lat="56.2689600" lon="10.1054680">
    <ele>58.6</ele>
   </trkpt>
   <trkpt lat="56.2689380" lon="10.1053780">
    <ele>58.6</ele>
   </trkpt>
   <trkpt lat="56.2689180" lon="10.1052850">
    <ele>58.8</ele>
   </trkpt>
   <trkpt lat="56.2688990" lon="10.1051950">
    <ele>58.8</ele>
   </trkpt>
   <trkpt lat="56.2688760" lon="10.1051130">
    <ele>59.0</ele>
   </trkpt>
   <trkpt lat="56.2688540" lon="10.1050320">
    <ele>59.2</ele>
   </trkpt>
   <trkpt lat="56.2688330" lon="10.1049500">
    <ele>59.6</ele>
   </trkpt>
   <trkpt lat="56.2688130" lon="10.1048680">
    <ele>59.8</ele>
   </trkpt>
   <trkpt lat="56.2687930" lon="10.1047870">
    <ele>60.0</ele>
   </trkpt>
   <trkpt lat="56.2687760" lon="10.1047050">
    <ele>60.2</ele>
   </trkpt>
   <trkpt lat="56.2687590" lon="10.1046280">
    <ele>60.4</ele>
   </trkpt>
   <trkpt lat="56.2687400" lon="10.1045500">
    <ele>60.4</ele>
   </trkpt>
   <trkpt lat="56.2687220" lon="10.1044730">
    <ele>60.4</ele>
   </trkpt>
   <trkpt lat="56.2687040" lon="10.1043920">
    <ele>60.6</ele>
   </trkpt>
   <trkpt lat="56.2686850" lon="10.1043100">
    <ele>60.6</ele>
   </trkpt>
   <trkpt lat="56.2686640" lon="10.1042290">
    <ele>60.8</ele>
   </trkpt>
   <trkpt lat="56.2686450" lon="10.1041490">
    <ele>60.8</ele>
   </trkpt>
   <trkpt lat="56.2686230" lon="10.1040720">
    <ele>61.0</ele>
   </trkpt>
   <trkpt lat="56.2686040" lon="10.1039970">
    <ele>61.0</ele>
   </trkpt>
   <trkpt lat="56.2685870" lon="10.1039230">
    <ele>61.0</ele>
   </trkpt>
   <trkpt lat="56.2685730" lon="10.1038480">
    <ele>61.0</ele>
   </trkpt>
   <trkpt lat="56.2685590" lon="10.1037710">
    <ele>61.2</ele>
   </trkpt>
   <trkpt lat="56.2685490" lon="10.1036930">
    <ele>61.2</ele>
   </trkpt>
   <trkpt lat="56.2685480" lon="10.1036200">
    <ele>61.4</ele>
   </trkpt>
   <trkpt lat="56.2685570" lon="10.1035550">
    <ele>61.6</ele>
   </trkpt>
   <trkpt lat="56.2685690" lon="10.1034920">
    <ele>61.6</ele>
   </trkpt>
   <trkpt lat="56.2685700" lon="10.1034210">
    <ele>62.0</ele>
   </trkpt>
   <trkpt lat="56.2685570" lon="10.1033470">
    <ele>62.0</ele>
   </trkpt>
   <trkpt lat="56.2685370" lon="10.1032720">
    <ele>62.0</ele>
   </trkpt>
   <trkpt lat="56.2685190" lon="10.1031900">
    <ele>62.0</ele>
   </trkpt>
   <trkpt lat="56.2685100" lon="10.1031010">
    <ele>62.0</ele>
   </trkpt>
   <trkpt lat="56.2685100" lon="10.1030080">
    <ele>61.8</ele>
   </trkpt>
   <trkpt lat="56.2685130" lon="10.1029160">
    <ele>61.2</ele>
   </trkpt>
   <trkpt lat="56.2685210" lon="10.1028210">
    <ele>60.8</ele>
   </trkpt>
   <trkpt lat="56.2685290" lon="10.1027250">
    <ele>60.4</ele>
   </trkpt>
   <trkpt lat="56.2685380" lon="10.1026300">
    <ele>60.2</ele>
   </trkpt>
   <trkpt lat="56.2685490" lon="10.1025320">
    <ele>60.0</ele>
   </trkpt>
   <trkpt lat="56.2685620" lon="10.1024360">
    <ele>60.0</ele>
   </trkpt>
   <trkpt lat="56.2685750" lon="10.1023400">
    <ele>59.8</ele>
   </trkpt>
   <trkpt lat="56.2685820" lon="10.1022540">
    <ele>59.8</ele>
   </trkpt>
   <trkpt lat="56.2685750" lon="10.1021830">
    <ele>59.6</ele>
   </trkpt>
   <trkpt lat="56.2685600" lon="10.1021340">
    <ele>59.6</ele>
   </trkpt>
   <trkpt lat="56.2685450" lon="10.1021000">
    <ele>59.6</ele>
   </trkpt>
   <trkpt lat="56.2685330" lon="10.1020640">
    <ele>59.6</ele>
   </trkpt>
   <trkpt lat="56.2685320" lon="10.1020200">
    <ele>59.6</ele>
   </trkpt>
   <trkpt lat="56.2685450" lon="10.1019770">
    <ele>59.6</ele>
   </trkpt>
   <trkpt lat="56.2685600" lon="10.1019340">
    <ele>59.6</ele>
   </trkpt>
   <trkpt lat="56.2685730" lon="10.1018840">
    <ele>59.6</ele>
   </trkpt>
   <trkpt lat="56.2685860" lon="10.1018190">
    <ele>59.4</ele>
   </trkpt>
   <trkpt lat="56.2685970" lon="10.1017500">
    <ele>59.0</ele>
   </trkpt>
   <trkpt lat="56.2686100" lon="10.1016830">
    <ele>59.0</ele>
   </trkpt>
   <trkpt lat="56.2686250" lon="10.1016170">
    <ele>58.8</ele>
   </trkpt>
   <trkpt lat="56.2686360" lon="10.1015540">
    <ele>58.8</ele>
   </trkpt>
   <trkpt lat="56.2686400" lon="10.1015020">
    <ele>58.8</ele>
   </trkpt>
   <trkpt lat="56.2686380" lon="10.1014650">
    <ele>58.8</ele>
   </trkpt>
   <trkpt lat="56.2686290" lon="10.1014380">
    <ele>58.6</ele>
   </trkpt>
   <trkpt lat="56.2686150" lon="10.1014110">
    <ele>58.8</ele>
   </trkpt>
   <trkpt lat="56.2685890" lon="10.1013840">
    <ele>58.8</ele>
   </trkpt>
   <trkpt lat="56.2685530" lon="10.1013700">
    <ele>58.8</ele>
   </trkpt>
   <trkpt lat="56.2685130" lon="10.1013690">
    <ele>58.8</ele>
   </trkpt>
   <trkpt lat="56.2684700" lon="10.1013710">
    <ele>58.6</ele>
   </trkpt>
   <trkpt lat="56.2684230" lon="10.1013770">
    <ele>58.6</ele>
   </trkpt>
   <trkpt lat="56.2683760" lon="10.1013820">
    <ele>58.6</ele>
   </trkpt>
   <trkpt lat="56.2683240" lon="10.1013840">
    <ele>58.6</ele>
   </trkpt>
   <trkpt lat="56.2682710" lon="10.1013840">
    <ele>58.8</ele>
   </trkpt>
   <trkpt lat="56.2682200" lon="10.1013830">
    <ele>58.8</ele>
   </trkpt>
   <trkpt lat="56.2681700" lon="10.1013790">
    <ele>58.8</ele>
   </trkpt>
   <trkpt lat="56.2681200" lon="10.1013710">
    <ele>59.0</ele>
   </trkpt>
   <trkpt lat="56.2680670" lon="10.1013600">
    <ele>59.0</ele>
   </trkpt>
   <trkpt lat="56.2680160" lon="10.1013440">
    <ele>59.2</ele>
   </trkpt>
   <trkpt lat="56.2679670" lon="10.1013300">
    <ele>59.6</ele>
   </trkpt>
   <trkpt lat="56.2679170" lon="10.1013130">
    <ele>59.8</ele>
   </trkpt>
   <trkpt lat="56.2678690" lon="10.1013010">
    <ele>60.0</ele>
   </trkpt>
   <trkpt lat="56.2678220" lon="10.1012970">
    <ele>60.4</ele>
   </trkpt>
   <trkpt lat="56.2677770" lon="10.1013040">
    <ele>61.0</ele>
   </trkpt>
   <trkpt lat="56.2677330" lon="10.1013190">
    <ele>61.2</ele>
   </trkpt>
   <trkpt lat="56.2676900" lon="10.1013440">
    <ele>61.6</ele>
   </trkpt>
   <trkpt lat="56.2676450" lon="10.1013840">
    <ele>62.0</ele>
   </trkpt>
   <trkpt lat="56.2676000" lon="10.1014350">
    <ele>62.4</ele>
   </trkpt>
   <trkpt lat="56.2675540" lon="10.1014870">
    <ele>62.6</ele>
   </trkpt>
   <trkpt lat="56.2675100" lon="10.1015470">
    <ele>62.8</ele>
   </trkpt>
   <trkpt lat="56.2674670" lon="10.1016110">
    <ele>63.0</ele>
   </trkpt>
   <trkpt lat="56.2674290" lon="10.1016740">
    <ele>63.2</ele>
   </trkpt>
   <trkpt lat="56.2673920" lon="10.1017370">
    <ele>63.4</ele>
   </trkpt>
   <trkpt lat="56.2673530" lon="10.1018020">
    <ele>63.4</ele>
   </trkpt>
   <trkpt lat="56.2673120" lon="10.1018620">
    <ele>63.4</ele>
   </trkpt>
   <trkpt lat="56.2672690" lon="10.1019230">
    <ele>63.4</ele>
   </trkpt>
   <trkpt lat="56.2672240" lon="10.1019810">
    <ele>63.4</ele>
   </trkpt>
   <trkpt lat="56.2671800" lon="10.1020420">
    <ele>63.4</ele>
   </trkpt>
   <trkpt lat="56.2671390" lon="10.1021050">
    <ele>63.4</ele>
   </trkpt>
   <trkpt lat="56.2670970" lon="10.1021720">
    <ele>63.4</ele>
   </trkpt>
   <trkpt lat="56.2670560" lon="10.1022360">
    <ele>63.4</ele>
   </trkpt>
   <trkpt lat="56.2670120" lon="10.1022970">
    <ele>63.4</ele>
   </trkpt>
   <trkpt lat="56.2669680" lon="10.1023560">
    <ele>63.4</ele>
   </trkpt>
   <trkpt lat="56.2669220" lon="10.1024160">
    <ele>63.4</ele>
   </trkpt>
   <trkpt lat="56.2668750" lon="10.1024770">
    <ele>63.4</ele>
   </trkpt>
   <trkpt lat="56.2668300" lon="10.1025400">
    <ele>63.4</ele>
   </trkpt>
   <trkpt lat="56.2667860" lon="10.1026060">
    <ele>63.4</ele>
   </trkpt>
   <trkpt lat="56.2667430" lon="10.1026740">
    <ele>63.4</ele>
   </trkpt>
   <trkpt lat="56.2667010" lon="10.1027390">
    <ele>63.4</ele>
   </trkpt>
   <trkpt lat="56.2666580" lon="10.1028010">
    <ele>63.4</ele>
   </trkpt>
   <trkpt lat="56.2666140" lon="10.1028640">
    <ele>63.6</ele>
   </trkpt>
   <trkpt lat="56.2665700" lon="10.1029260">
    <ele>63.6</ele>
   </trkpt>
   <trkpt lat="56.2665260" lon="10.1029880">
    <ele>63.6</ele>
   </trkpt>
   <trkpt lat="56.2664820" lon="10.1030520">
    <ele>63.6</ele>
   </trkpt>
   <trkpt lat="56.2664380" lon="10.1031160">
    <ele>63.6</ele>
   </trkpt>
   <trkpt lat="56.2663940" lon="10.1031780">
    <ele>63.8</ele>
   </trkpt>
   <trkpt lat="56.2663510" lon="10.1032410">
    <ele>63.8</ele>
   </trkpt>
   <trkpt lat="56.2663080" lon="10.1033060">
    <ele>64.0</ele>
   </trkpt>
   <trkpt lat="56.2662630" lon="10.1033700">
    <ele>64.0</ele>
   </trkpt>
   <trkpt lat="56.2662180" lon="10.1034330">
    <ele>64.2</ele>
   </trkpt>
   <trkpt lat="56.2661750" lon="10.1034960">
    <ele>64.2</ele>
   </trkpt>
   <trkpt lat="56.2661330" lon="10.1035610">
    <ele>64.4</ele>
   </trkpt>
   <trkpt lat="56.2660900" lon="10.1036270">
    <ele>64.4</ele>
   </trkpt>
   <trkpt lat="56.2660460" lon="10.1036930">
    <ele>64.6</ele>
   </trkpt>
   <trkpt lat="56.2660020" lon="10.1037580">
    <ele>64.6</ele>
   </trkpt>
   <trkpt lat="56.2659590" lon="10.1038240">
    <ele>64.8</ele>
   </trkpt>
   <trkpt lat="56.2659150" lon="10.1038880">
    <ele>65.0</ele>
   </trkpt>
   <trkpt lat="56.2658710" lon="10.1039500">
    <ele>65.0</ele>
   </trkpt>
   <trkpt lat="56.2658280" lon="10.1040130">
    <ele>65.2</ele>
   </trkpt>
   <trkpt lat="56.2657860" lon="10.1040750">
    <ele>65.2</ele>
   </trkpt>
   <trkpt lat="56.2657450" lon="10.1041400">
    <ele>65.4</ele>
   </trkpt>
   <trkpt lat="56.2657020" lon="10.1042030">
    <ele>65.6</ele>
   </trkpt>
   <trkpt lat="56.2656580" lon="10.1042620">
    <ele>65.6</ele>
   </trkpt>
   <trkpt lat="56.2656140" lon="10.1043220">
    <ele>65.8</ele>
   </trkpt>
   <trkpt lat="56.2655700" lon="10.1043840">
    <ele>65.8</ele>
   </trkpt>
   <trkpt lat="56.2655260" lon="10.1044470">
    <ele>66.0</ele>
   </trkpt>
   <trkpt lat="56.2654830" lon="10.1045090">
    <ele>66.2</ele>
   </trkpt>
   <trkpt lat="56.2654390" lon="10.1045730">
    <ele>66.4</ele>
   </trkpt>
   <trkpt lat="56.2653950" lon="10.1046350">
    <ele>66.6</ele>
   </trkpt>
   <trkpt lat="56.2653530" lon="10.1046990">
    <ele>66.8</ele>
   </trkpt>
   <trkpt lat="56.2653120" lon="10.1047630">
    <ele>67.0</ele>
   </trkpt>
   <trkpt lat="56.2652700" lon="10.1048300">
    <ele>67.0</ele>
   </trkpt>
   <trkpt lat="56.2652240" lon="10.1048930">
    <ele>67.0</ele>
   </trkpt>
   <trkpt lat="56.2651780" lon="10.1049540">
    <ele>67.0</ele>
   </trkpt>
   <trkpt lat="56.2651310" lon="10.1050180">
    <ele>67.0</ele>
   </trkpt>
   <trkpt lat="56.2650850" lon="10.1050850">
    <ele>67.0</ele>
   </trkpt>
   <trkpt lat="56.2650420" lon="10.1051530">
    <ele>66.8</ele>
   </trkpt>
   <trkpt lat="56.2649960" lon="10.1052180">
    <ele>66.8</ele>
   </trkpt>
   <trkpt lat="56.2649480" lon="10.1052850">
    <ele>66.8</ele>
   </trkpt>
   <trkpt lat="56.2649010" lon="10.1053540">
    <ele>66.8</ele>
   </trkpt>
   <trkpt lat="56.2648540" lon="10.1054240">
    <ele>66.8</ele>
   </trkpt>
   <trkpt lat="56.2648060" lon="10.1054940">
    <ele>66.8</ele>
   </trkpt>
   <trkpt lat="56.2647570" lon="10.1055630">
    <ele>66.8</ele>
   </trkpt>
   <trkpt lat="56.2647090" lon="10.1056350">
    <ele>66.8</ele>
   </trkpt>
   <trkpt lat="56.2646620" lon="10.1057080">
    <ele>66.8</ele>
   </trkpt>
   <trkpt lat="56.2646130" lon="10.1057790">
    <ele>66.8</ele>
   </trkpt>
   <trkpt lat="56.2645630" lon="10.1058510">
    <ele>66.8</ele>
   </trkpt>
   <trkpt lat="56.2645110" lon="10.1059210">
    <ele>66.8</ele>
   </trkpt>
   <trkpt lat="56.2644590" lon="10.1059940">
    <ele>66.8</ele>
   </trkpt>
   <trkpt lat="56.2644090" lon="10.1060660">
    <ele>66.8</ele>
   </trkpt>
   <trkpt lat="56.2643580" lon="10.1061380">
    <ele>66.4</ele>
   </trkpt>
   <trkpt lat="56.2643080" lon="10.1062120">
    <ele>66.4</ele>
   </trkpt>
   <trkpt lat="56.2642590" lon="10.1062830">
    <ele>66.4</ele>
   </trkpt>
   <trkpt lat="56.2642100" lon="10.1063550">
    <ele>66.2</ele>
   </trkpt>
   <trkpt lat="56.2641600" lon="10.1064270">
    <ele>66.2</ele>
   </trkpt>
   <trkpt lat="56.2641110" lon="10.1065010">
    <ele>66.0</ele>
   </trkpt>
   <trkpt lat="56.2640600" lon="10.1065750">
    <ele>66.0</ele>
   </trkpt>
   <trkpt lat="56.2640100" lon="10.1066490">
    <ele>66.0</ele>
   </trkpt>
   <trkpt lat="56.2639600" lon="10.1067240">
    <ele>66.0</ele>
   </trkpt>
   <trkpt lat="56.2639100" lon="10.1067970">
    <ele>65.8</ele>
   </trkpt>
   <trkpt lat="56.2638570" lon="10.1068700">
    <ele>65.8</ele>
   </trkpt>
   <trkpt lat="56.2638040" lon="10.1069440">
    <ele>65.8</ele>
   </trkpt>
   <trkpt lat="56.2637520" lon="10.1070180">
    <ele>65.8</ele>
   </trkpt>
   <trkpt lat="56.2637000" lon="10.1070930">
    <ele>65.8</ele>
   </trkpt>
   <trkpt lat="56.2636490" lon="10.1071690">
    <ele>65.8</ele>
   </trkpt>
   <trkpt lat="56.2635980" lon="10.1072440">
    <ele>65.8</ele>
   </trkpt>
   <trkpt lat="56.2635460" lon="10.1073200">
    <ele>65.8</ele>
   </trkpt>
   <trkpt lat="56.2634930" lon="10.1074000">
    <ele>65.8</ele>
   </trkpt>
   <trkpt lat="56.2634390" lon="10.1074780">
    <ele>65.8</ele>
   </trkpt>
   <trkpt lat="56.2633850" lon="10.1075560">
    <ele>65.8</ele>
   </trkpt>
   <trkpt lat="56.2633300" lon="10.1076330">
    <ele>65.8</ele>
   </trkpt>
   <trkpt lat="56.2632760" lon="10.1077100">
    <ele>65.6</ele>
   </trkpt>
   <trkpt lat="56.2632230" lon="10.1077880">
    <ele>65.6</ele>
   </trkpt>
   <trkpt lat="56.2631710" lon="10.1078670">
    <ele>65.4</ele>
   </trkpt>
   <trkpt lat="56.2631180" lon="10.1079470">
    <ele>65.4</ele>
   </trkpt>
   <trkpt lat="56.2630660" lon="10.1080270">
    <ele>65.4</ele>
   </trkpt>
   <trkpt lat="56.2630130" lon="10.1081070">
    <ele>65.4</ele>
   </trkpt>
   <trkpt lat="56.2629580" lon="10.1081830">
    <ele>65.4</ele>
   </trkpt>
   <trkpt lat="56.2629040" lon="10.1082600">
    <ele>65.4</ele>
   </trkpt>
   <trkpt lat="56.2628510" lon="10.1083400">
    <ele>65.4</ele>
   </trkpt>
   <trkpt lat="56.2627980" lon="10.1084180">
    <ele>65.4</ele>
   </trkpt>
   <trkpt lat="56.2627440" lon="10.1084950">
    <ele>65.4</ele>
   </trkpt>
   <trkpt lat="56.2626900" lon="10.1085730">
    <ele>65.4</ele>
   </trkpt>
   <trkpt lat="56.2626360" lon="10.1086500">
    <ele>65.4</ele>
   </trkpt>
   <trkpt lat="56.2625800" lon="10.1087280">
    <ele>65.2</ele>
   </trkpt>
   <trkpt lat="56.2625240" lon="10.1088070">
    <ele>65.2</ele>
   </trkpt>
   <trkpt lat="56.2624680" lon="10.1088880">
    <ele>65.2</ele>
   </trkpt>
   <trkpt lat="56.2624130" lon="10.1089710">
    <ele>65.2</ele>
   </trkpt>
   <trkpt lat="56.2623580" lon="10.1090520">
    <ele>65.0</ele>
   </trkpt>
   <trkpt lat="56.2623020" lon="10.1091350">
    <ele>65.0</ele>
   </trkpt>
   <trkpt lat="56.2622460" lon="10.1092170">
    <ele>64.8</ele>
   </trkpt>
   <trkpt lat="56.2621900" lon="10.1093010">
    <ele>64.6</ele>
   </trkpt>
   <trkpt lat="56.2621330" lon="10.1093860">
    <ele>64.6</ele>
   </trkpt>
   <trkpt lat="56.2620740" lon="10.1094700">
    <ele>64.4</ele>
   </trkpt>
   <trkpt lat="56.2620160" lon="10.1095560">
    <ele>64.2</ele>
   </trkpt>
   <trkpt lat="56.2619560" lon="10.1096440">
    <ele>63.8</ele>
   </trkpt>
   <trkpt lat="56.2618940" lon="10.1097340">
    <ele>63.6</ele>
   </trkpt>
   <trkpt lat="56.2618330" lon="10.1098260">
    <ele>63.4</ele>
   </trkpt>
   <trkpt lat="56.2617710" lon="10.1099160">
    <ele>63.4</ele>
   </trkpt>
   <trkpt lat="56.2617090" lon="10.1100040">
    <ele>63.2</ele>
   </trkpt>
   <trkpt lat="56.2616500" lon="10.1100950">
    <ele>63.2</ele>
   </trkpt>
   <trkpt lat="56.2615920" lon="10.1101850">
    <ele>63.2</ele>
   </trkpt>
   <trkpt lat="56.2615320" lon="10.1102730">
    <ele>63.4</ele>
   </trkpt>
   <trkpt lat="56.2614720" lon="10.1103600">
    <ele>63.6</ele>
   </trkpt>
   <trkpt lat="56.2614100" lon="10.1104490">
    <ele>63.8</ele>
   </trkpt>
   <trkpt lat="56.2613480" lon="10.1105360">
    <ele>63.8</ele>
   </trkpt>
   <trkpt lat="56.2612850" lon="10.1106260">
    <ele>63.8</ele>
   </trkpt>
   <trkpt lat="56.2612240" lon="10.1107140">
    <ele>63.6</ele>
   </trkpt>
   <trkpt lat="56.2611620" lon="10.1108030">
    <ele>63.6</ele>
   </trkpt>
   <trkpt lat="56.2611010" lon="10.1108910">
    <ele>63.4</ele>
   </trkpt>
   <trkpt lat="56.2610420" lon="10.1109790">
    <ele>63.0</ele>
   </trkpt>
   <trkpt lat="56.2609840" lon="10.1110650">
    <ele>62.8</ele>
   </trkpt>
   <trkpt lat="56.2609250" lon="10.1111510">
    <ele>62.8</ele>
   </trkpt>
   <trkpt lat="56.2608660" lon="10.1112360">
    <ele>62.8</ele>
   </trkpt>
   <trkpt lat="56.2608070" lon="10.1113190">
    <ele>63.0</ele>
   </trkpt>
   <trkpt lat="56.2607480" lon="10.1114010">
    <ele>63.2</ele>
   </trkpt>
   <trkpt lat="56.2606910" lon="10.1114860">
    <ele>63.4</ele>
   </trkpt>
   <trkpt lat="56.2606340" lon="10.1115710">
    <ele>63.6</ele>
   </trkpt>
   <trkpt lat="56.2605780" lon="10.1116550">
    <ele>63.8</ele>
   </trkpt>
   <trkpt lat="56.2605200" lon="10.1117380">
    <ele>63.8</ele>
   </trkpt>
   <trkpt lat="56.2604610" lon="10.1118220">
    <ele>64.0</ele>
   </trkpt>
   <trkpt lat="56.2604030" lon="10.1119070">
    <ele>64.2</ele>
   </trkpt>
   <trkpt lat="56.2603440" lon="10.1119920">
    <ele>64.4</ele>
   </trkpt>
   <trkpt lat="56.2602850" lon="10.1120780">
    <ele>64.4</ele>
   </trkpt>
   <trkpt lat="56.2602260" lon="10.1121640">
    <ele>64.4</ele>
   </trkpt>
   <trkpt lat="56.2601670" lon="10.1122500">
    <ele>64.6</ele>
   </trkpt>
   <trkpt lat="56.2601080" lon="10.1123380">
    <ele>64.6</ele>
   </trkpt>
   <trkpt lat="56.2600490" lon="10.1124250">
    <ele>64.6</ele>
   </trkpt>
   <trkpt lat="56.2599900" lon="10.1125120">
    <ele>64.6</ele>
   </trkpt>
   <trkpt lat="56.2599310" lon="10.1125990">
    <ele>64.6</ele>
   </trkpt>
   <trkpt lat="56.2598740" lon="10.1126870">
    <ele>64.4</ele>
   </trkpt>
   <trkpt lat="56.2598170" lon="10.1127730">
    <ele>64.6</ele>
   </trkpt>
   <trkpt lat="56.2597590" lon="10.1128570">
    <ele>64.6</ele>
   </trkpt>
   <trkpt lat="56.2597010" lon="10.1129380">
    <ele>64.6</ele>
   </trkpt>
   <trkpt lat="56.2596430" lon="10.1130230">
    <ele>64.6</ele>
   </trkpt>
   <trkpt lat="56.2595860" lon="10.1131040">
    <ele>64.6</ele>
   </trkpt>
   <trkpt lat="56.2595290" lon="10.1131880">
    <ele>64.8</ele>
   </trkpt>
   <trkpt lat="56.2594700" lon="10.1132720">
    <ele>65.0</ele>
   </trkpt>
   <trkpt lat="56.2594120" lon="10.1133560">
    <ele>65.2</ele>
   </trkpt>
   <trkpt lat="56.2593520" lon="10.1134390">
    <ele>65.2</ele>
   </trkpt>
   <trkpt lat="56.2592940" lon="10.1135260">
    <ele>65.4</ele>
   </trkpt>
   <trkpt lat="56.2592370" lon="10.1136120">
    <ele>65.4</ele>
   </trkpt>
   <trkpt lat="56.2591790" lon="10.1136970">
    <ele>65.4</ele>
   </trkpt>
   <trkpt lat="56.2591210" lon="10.1137850">
    <ele>65.4</ele>
   </trkpt>
   <trkpt lat="56.2590640" lon="10.1138750">
    <ele>65.4</ele>
   </trkpt>
   <trkpt lat="56.2590070" lon="10.1139610">
    <ele>65.4</ele>
   </trkpt>
   <trkpt lat="56.2589500" lon="10.1140460">
    <ele>65.4</ele>
   </trkpt>
   <trkpt lat="56.2588920" lon="10.1141320">
    <ele>65.4</ele>
   </trkpt>
   <trkpt lat="56.2588350" lon="10.1142190">
    <ele>65.2</ele>
   </trkpt>
   <trkpt lat="56.2587760" lon="10.1143000">
    <ele>65.2</ele>
   </trkpt>
   <trkpt lat="56.2587120" lon="10.1143720">
    <ele>65.2</ele>
   </trkpt>
   <trkpt lat="56.2586460" lon="10.1144310">
    <ele>65.2</ele>
   </trkpt>
   <trkpt lat="56.2585770" lon="10.1144760">
    <ele>65.2</ele>
   </trkpt>
   <trkpt lat="56.2585060" lon="10.1145030">
    <ele>65.2</ele>
   </trkpt>
   <trkpt lat="56.2584340" lon="10.1145160">
    <ele>65.6</ele>
   </trkpt>
   <trkpt lat="56.2583640" lon="10.1145210">
    <ele>66.0</ele>
   </trkpt>
   <trkpt lat="56.2582920" lon="10.1145190">
    <ele>66.2</ele>
   </trkpt>
   <trkpt lat="56.2582200" lon="10.1145130">
    <ele>66.4</ele>
   </trkpt>
   <trkpt lat="56.2581470" lon="10.1145060">
    <ele>66.6</ele>
   </trkpt>
   <trkpt lat="56.2580740" lon="10.1145000">
    <ele>66.6</ele>
   </trkpt>
   <trkpt lat="56.2580020" lon="10.1144920">
    <ele>66.8</ele>
   </trkpt>
   <trkpt lat="56.2579300" lon="10.1144860">
    <ele>66.8</ele>
   </trkpt>
   <trkpt lat="56.2578580" lon="10.1144810">
    <ele>66.8</ele>
   </trkpt>
   <trkpt lat="56.2577850" lon="10.1144760">
    <ele>66.6</ele>
   </trkpt>
   <trkpt lat="56.2577100" lon="10.1144700">
    <ele>66.6</ele>
   </trkpt>
   <trkpt lat="56.2576350" lon="10.1144620">
    <ele>66.4</ele>
   </trkpt>
   <trkpt lat="56.2575610" lon="10.1144560">
    <ele>66.4</ele>
   </trkpt>
   <trkpt lat="56.2574860" lon="10.1144520">
    <ele>66.4</ele>
   </trkpt>
   <trkpt lat="56.2574110" lon="10.1144480">
    <ele>66.2</ele>
   </trkpt>
   <trkpt lat="56.2573350" lon="10.1144410">
    <ele>66.2</ele>
   </trkpt>
   <trkpt lat="56.2572590" lon="10.1144320">
    <ele>66.2</ele>
   </trkpt>
   <trkpt lat="56.2571830" lon="10.1144250">
    <ele>66.0</ele>
   </trkpt>
   <trkpt lat="56.2571070" lon="10.1144180">
    <ele>66.0</ele>
   </trkpt>
   <trkpt lat="56.2570330" lon="10.1144150">
    <ele>66.0</ele>
   </trkpt>
   <trkpt lat="56.2569570" lon="10.1144120">
    <ele>65.8</ele>
   </trkpt>
   <trkpt lat="56.2568830" lon="10.1144080">
    <ele>65.8</ele>
   </trkpt>
   <trkpt lat="56.2568070" lon="10.1144070">
    <ele>65.8</ele>
   </trkpt>
   <trkpt lat="56.2567290" lon="10.1144100">
    <ele>65.8</ele>
   </trkpt>
   <trkpt lat="56.2566510" lon="10.1144180">
    <ele>65.8</ele>
   </trkpt>
   <trkpt lat="56.2565720" lon="10.1144310">
    <ele>65.8</ele>
   </trkpt>
   <trkpt lat="56.2564920" lon="10.1144490">
    <ele>65.6</ele>
   </trkpt>
   <trkpt lat="56.2564100" lon="10.1144690">
    <ele>65.4</ele>
   </trkpt>
   <trkpt lat="56.2563290" lon="10.1144900">
    <ele>65.4</ele>
   </trkpt>
   <trkpt lat="56.2562460" lon="10.1145110">
    <ele>65.0</ele>
   </trkpt>
   <trkpt lat="56.2561620" lon="10.1145310">
    <ele>64.2</ele>
   </trkpt>
   <trkpt lat="56.2560770" lon="10.1145520">
    <ele>63.8</ele>
   </trkpt>
   <trkpt lat="56.2559910" lon="10.1145750">
    <ele>63.6</ele>
   </trkpt>
   <trkpt lat="56.2559030" lon="10.1145980">
    <ele>63.2</ele>
   </trkpt>
   <trkpt lat="56.2558150" lon="10.1146240">
    <ele>63.0</ele>
   </trkpt>
   <trkpt lat="56.2557260" lon="10.1146570">
    <ele>62.6</ele>
   </trkpt>
   <trkpt lat="56.2556370" lon="10.1146990">
    <ele>62.2</ele>
   </trkpt>
   <trkpt lat="56.2555470" lon="10.1147500">
    <ele>62.0</ele>
   </trkpt>
   <trkpt lat="56.2554570" lon="10.1148120">
    <ele>61.2</ele>
   </trkpt>
   <trkpt lat="56.2553640" lon="10.1148840">
    <ele>60.6</ele>
   </trkpt>
   <trkpt lat="56.2552670" lon="10.1149620">
    <ele>59.6</ele>
   </trkpt>
   <trkpt lat="56.2551640" lon="10.1150430">
    <ele>58.8</ele>
   </trkpt>
   <trkpt lat="56.2550590" lon="10.1151300">
    <ele>57.8</ele>
   </trkpt>
   <trkpt lat="56.2549540" lon="10.1152140">
    <ele>55.8</ele>
   </trkpt>
   <trkpt lat="56.2548490" lon="10.1152890">
    <ele>54.0</ele>
   </trkpt>
   <trkpt lat="56.2547470" lon="10.1153570">
    <ele>53.4</ele>
   </trkpt>
   <trkpt lat="56.2546470" lon="10.1154160">
    <ele>53.0</ele>
   </trkpt>
   <trkpt lat="56.2545480" lon="10.1154670">
    <ele>52.8</ele>
   </trkpt>
   <trkpt lat="56.2544500" lon="10.1155120">
    <ele>52.8</ele>
   </trkpt>
   <trkpt lat="56.2543550" lon="10.1155510">
    <ele>52.8</ele>
   </trkpt>
   <trkpt lat="56.2542630" lon="10.1155860">
    <ele>53.0</ele>
   </trkpt>
   <trkpt lat="56.2541760" lon="10.1156170">
    <ele>53.4</ele>
   </trkpt>
   <trkpt lat="56.2540950" lon="10.1156430">
    <ele>54.2</ele>
   </trkpt>
   <trkpt lat="56.2540210" lon="10.1156670">
    <ele>55.0</ele>
   </trkpt>
   <trkpt lat="56.2539510" lon="10.1156920">
    <ele>56.0</ele>
   </trkpt>
   <trkpt lat="56.2538810" lon="10.1157150">
    <ele>57.2</ele>
   </trkpt>
   <trkpt lat="56.2538100" lon="10.1157330">
    <ele>57.8</ele>
   </trkpt>
   <trkpt lat="56.2537390" lon="10.1157470">
    <ele>58.4</ele>
   </trkpt>
   <trkpt lat="56.2536680" lon="10.1157600">
    <ele>58.8</ele>
   </trkpt>
   <trkpt lat="56.2535950" lon="10.1157700">
    <ele>59.2</ele>
   </trkpt>
   <trkpt lat="56.2535230" lon="10.1157780">
    <ele>59.4</ele>
   </trkpt>
   <trkpt lat="56.2534500" lon="10.1157800">
    <ele>59.4</ele>
   </trkpt>
   <trkpt lat="56.2533770" lon="10.1157740">
    <ele>59.8</ele>
   </trkpt>
   <trkpt lat="56.2533060" lon="10.1157660">
    <ele>59.8</ele>
   </trkpt>
   <trkpt lat="56.2532350" lon="10.1157510">
    <ele>60.0</ele>
   </trkpt>
   <trkpt lat="56.2531650" lon="10.1157260">
    <ele>60.2</ele>
   </trkpt>
   <trkpt lat="56.2530970" lon="10.1156890">
    <ele>60.2</ele>
   </trkpt>
   <trkpt lat="56.2530300" lon="10.1156390">
    <ele>60.2</ele>
   </trkpt>
   <trkpt lat="56.2529650" lon="10.1155770">
    <ele>60.6</ele>
   </trkpt>
   <trkpt lat="56.2529020" lon="10.1155080">
    <ele>60.6</ele>
   </trkpt>
   <trkpt lat="56.2528420" lon="10.1154340">
    <ele>60.6</ele>
   </trkpt>
   <trkpt lat="56.2527810" lon="10.1153640">
    <ele>60.8</ele>
   </trkpt>
   <trkpt lat="56.2527190" lon="10.1152980">
    <ele>60.8</ele>
   </trkpt>
   <trkpt lat="56.2526570" lon="10.1152330">
    <ele>60.6</ele>
   </trkpt>
   <trkpt lat="56.2525940" lon="10.1151660">
    <ele>60.6</ele>
   </trkpt>
   <trkpt lat="56.2525320" lon="10.1150970">
    <ele>60.6</ele>
   </trkpt>
   <trkpt lat="56.2524720" lon="10.1150280">
    <ele>60.6</ele>
   </trkpt>
   <trkpt lat="56.2524130" lon="10.1149580">
    <ele>60.6</ele>
   </trkpt>
   <trkpt lat="56.2523530" lon="10.1148880">
    <ele>60.6</ele>
   </trkpt>
   <trkpt lat="56.2522930" lon="10.1148190">
    <ele>60.8</ele>
   </trkpt>
   <trkpt lat="56.2522300" lon="10.1147530">
    <ele>60.8</ele>
   </trkpt>
   <trkpt lat="56.2521690" lon="10.1146870">
    <ele>61.2</ele>
   </trkpt>
   <trkpt lat="56.2521090" lon="10.1146200">
    <ele>61.2</ele>
   </trkpt>
   <trkpt lat="56.2520480" lon="10.1145520">
    <ele>61.4</ele>
   </trkpt>
   <trkpt lat="56.2519840" lon="10.1144840">
    <ele>61.4</ele>
   </trkpt>
   <trkpt lat="56.2519250" lon="10.1144220">
    <ele>61.2</ele>
   </trkpt>
   <trkpt lat="56.2518650" lon="10.1143620">
    <ele>61.2</ele>
   </trkpt>
   <trkpt lat="56.2518050" lon="10.1143040">
    <ele>61.2</ele>
   </trkpt>
   <trkpt lat="56.2517440" lon="10.1142490">
    <ele>61.0</ele>
   </trkpt>
   <trkpt lat="56.2516810" lon="10.1142020">
    <ele>61.0</ele>
   </trkpt>
   <trkpt lat="56.2516130" lon="10.1141610">
    <ele>60.8</ele>
   </trkpt>
   <trkpt lat="56.2515360" lon="10.1141190">
    <ele>60.8</ele>
   </trkpt>
   <trkpt lat="56.2514530" lon="10.1140750">
    <ele>59.8</ele>
   </trkpt>
   <trkpt lat="56.2513640" lon="10.1140300">
    <ele>59.4</ele>
   </trkpt>
   <trkpt lat="56.2512740" lon="10.1139830">
    <ele>58.8</ele>
   </trkpt>
   <trkpt lat="56.2511760" lon="10.1139330">
    <ele>57.8</ele>
   </trkpt>
   <trkpt lat="56.2510800" lon="10.1138870">
    <ele>56.2</ele>
   </trkpt>
   <trkpt lat="56.2509760" lon="10.1138430">
    <ele>55.2</ele>
   </trkpt>
   <trkpt lat="56.2508690" lon="10.1138130">
    <ele>54.0</ele>
   </trkpt>
   <trkpt lat="56.2507600" lon="10.1137920">
    <ele>53.2</ele>
   </trkpt>
   <trkpt lat="56.2506560" lon="10.1137800">
    <ele>52.6</ele>
   </trkpt>
   <trkpt lat="56.2505510" lon="10.1137840">
    <ele>52.2</ele>
   </trkpt>
   <trkpt lat="56.2504420" lon="10.1138010">
    <ele>51.4</ele>
   </trkpt>
   <trkpt lat="56.2503390" lon="10.1138290">
    <ele>51.0</ele>
   </trkpt>
   <trkpt lat="56.2502400" lon="10.1138680">
    <ele>50.8</ele>
   </trkpt>
   <trkpt lat="56.2501470" lon="10.1139160">
    <ele>50.6</ele>
   </trkpt>
   <trkpt lat="56.2500540" lon="10.1139640">
    <ele>50.0</ele>
   </trkpt>
   <trkpt lat="56.2499620" lon="10.1140000">
    <ele>50.0</ele>
   </trkpt>
   <trkpt lat="56.2498720" lon="10.1140310">
    <ele>49.8</ele>
   </trkpt>
   <trkpt lat="56.2497840" lon="10.1140610">
    <ele>49.8</ele>
   </trkpt>
   <trkpt lat="56.2496990" lon="10.1140920">
    <ele>49.8</ele>
   </trkpt>
   <trkpt lat="56.2496170" lon="10.1141190">
    <ele>50.0</ele>
   </trkpt>
   <trkpt lat="56.2495390" lon="10.1141510">
    <ele>50.0</ele>
   </trkpt>
   <trkpt lat="56.2494630" lon="10.1141920">
    <ele>50.2</ele>
   </trkpt>
   <trkpt lat="56.2493930" lon="10.1142480">
    <ele>50.8</ele>
   </trkpt>
   <trkpt lat="56.2493320" lon="10.1143220">
    <ele>51.2</ele>
   </trkpt>
   <trkpt lat="56.2492790" lon="10.1144100">
    <ele>51.6</ele>
   </trkpt>
   <trkpt lat="56.2492330" lon="10.1145040">
    <ele>52.0</ele>
   </trkpt>
   <trkpt lat="56.2491920" lon="10.1146020">
    <ele>52.2</ele>
   </trkpt>
   <trkpt lat="56.2491560" lon="10.1147050">
    <ele>52.4</ele>
   </trkpt>
   <trkpt lat="56.2491210" lon="10.1148100">
    <ele>52.8</ele>
   </trkpt>
   <trkpt lat="56.2490880" lon="10.1149160">
    <ele>52.8</ele>
   </trkpt>
   <trkpt lat="56.2490510" lon="10.1150220">
    <ele>53.0</ele>
   </trkpt>
   <trkpt lat="56.2490140" lon="10.1151280">
    <ele>53.0</ele>
   </trkpt>
   <trkpt lat="56.2489730" lon="10.1152350">
    <ele>53.0</ele>
   </trkpt>
   <trkpt lat="56.2489290" lon="10.1153380">
    <ele>53.0</ele>
   </trkpt>
   <trkpt lat="56.2488830" lon="10.1154360">
    <ele>52.8</ele>
   </trkpt>
   <trkpt lat="56.2488340" lon="10.1155300">
    <ele>52.8</ele>
   </trkpt>
   <trkpt lat="56.2487810" lon="10.1156190">
    <ele>52.8</ele>
   </trkpt>
   <trkpt lat="56.2487270" lon="10.1157070">
    <ele>52.8</ele>
   </trkpt>
   <trkpt lat="56.2486740" lon="10.1157950">
    <ele>52.6</ele>
   </trkpt>
   <trkpt lat="56.2486220" lon="10.1158830">
    <ele>52.6</ele>
   </trkpt>
   <trkpt lat="56.2485700" lon="10.1159660">
    <ele>52.6</ele>
   </trkpt>
   <trkpt lat="56.2485180" lon="10.1160480">
    <ele>52.6</ele>
   </trkpt>
   <trkpt lat="56.2484640" lon="10.1161270">
    <ele>52.6</ele>
   </trkpt>
   <trkpt lat="56.2484110" lon="10.1162050">
    <ele>52.6</ele>
   </trkpt>
   <trkpt lat="56.2483640" lon="10.1162760">
    <ele>52.8</ele>
   </trkpt>
   <trkpt lat="56.2483150" lon="10.1163450">
    <ele>53.0</ele>
   </trkpt>
   <trkpt lat="56.2482660" lon="10.1164220">
    <ele>53.6</ele>
   </trkpt>
   <trkpt lat="56.2482140" lon="10.1165020">
    <ele>53.8</ele>
   </trkpt>
   <trkpt lat="56.2481650" lon="10.1165800">
    <ele>54.2</ele>
   </trkpt>
   <trkpt lat="56.2481180" lon="10.1166540">
    <ele>54.4</ele>
   </trkpt>
   <trkpt lat="56.2480710" lon="10.1167240">
    <ele>54.6</ele>
   </trkpt>
   <trkpt lat="56.2480250" lon="10.1167920">
    <ele>54.8</ele>
   </trkpt>
   <trkpt lat="56.2479780" lon="10.1168580">
    <ele>55.4</ele>
   </trkpt>
   <trkpt lat="56.2479340" lon="10.1169200">
    <ele>55.4</ele>
   </trkpt>
   <trkpt lat="56.2478910" lon="10.1169830">
    <ele>55.8</ele>
   </trkpt>
   <trkpt lat="56.2478480" lon="10.1170470">
    <ele>56.0</ele>
   </trkpt>
   <trkpt lat="56.2478070" lon="10.1171090">
    <ele>56.2</ele>
   </trkpt>
   <trkpt lat="56.2477670" lon="10.1171710">
    <ele>56.4</ele>
   </trkpt>
   <trkpt lat="56.2477230" lon="10.1172330">
    <ele>56.4</ele>
   </trkpt>
   <trkpt lat="56.2476780" lon="10.1172970">
    <ele>56.6</ele>
   </trkpt>
   <trkpt lat="56.2476350" lon="10.1173590">
    <ele>56.6</ele>
   </trkpt>
   <trkpt lat="56.2475910" lon="10.1174240">
    <ele>56.8</ele>
   </trkpt>
   <trkpt lat="56.2475450" lon="10.1174830">
    <ele>56.8</ele>
   </trkpt>
   <trkpt lat="56.2475000" lon="10.1175450">
    <ele>57.0</ele>
   </trkpt>
   <trkpt lat="56.2474560" lon="10.1176140">
    <ele>57.2</ele>
   </trkpt>
   <trkpt lat="56.2474110" lon="10.1176880">
    <ele>57.2</ele>
   </trkpt>
   <trkpt lat="56.2473690" lon="10.1177600">
    <ele>57.4</ele>
   </trkpt>
   <trkpt lat="56.2473290" lon="10.1178260">
    <ele>57.4</ele>
   </trkpt>
   <trkpt lat="56.2472900" lon="10.1178920">
    <ele>57.6</ele>
   </trkpt>
   <trkpt lat="56.2472510" lon="10.1179600">
    <ele>57.8</ele>
   </trkpt>
   <trkpt lat="56.2472080" lon="10.1180260">
    <ele>58.0</ele>
   </trkpt>
   <trkpt lat="56.2471660" lon="10.1180870">
    <ele>58.2</ele>
   </trkpt>
   <trkpt lat="56.2471220" lon="10.1181460">
    <ele>58.4</ele>
   </trkpt>
   <trkpt lat="56.2470790" lon="10.1182120">
    <ele>58.6</ele>
   </trkpt>
   <trkpt lat="56.2470340" lon="10.1182890">
    <ele>58.6</ele>
   </trkpt>
   <trkpt lat="56.2469940" lon="10.1183620">
    <ele>58.6</ele>
   </trkpt>
   <trkpt lat="56.2469520" lon="10.1184340">
    <ele>58.8</ele>
   </trkpt>
   <trkpt lat="56.2469060" lon="10.1184980">
    <ele>59.0</ele>
   </trkpt>
   <trkpt lat="56.2468590" lon="10.1185620">
    <ele>59.2</ele>
   </trkpt>
   <trkpt lat="56.2468070" lon="10.1186170">
    <ele>59.4</ele>
   </trkpt>
   <trkpt lat="56.2467550" lon="10.1186660">
    <ele>59.4</ele>
   </trkpt>
   <trkpt lat="56.2466980" lon="10.1187070">
    <ele>59.6</ele>
   </trkpt>
   <trkpt lat="56.2466440" lon="10.1187550">
    <ele>59.6</ele>
   </trkpt>
   <trkpt lat="56.2465940" lon="10.1188050">
    <ele>59.8</ele>
   </trkpt>
   <trkpt lat="56.2465400" lon="10.1188360">
    <ele>59.8</ele>
   </trkpt>
   <trkpt lat="56.2464810" lon="10.1188690">
    <ele>60.0</ele>
   </trkpt>
   <trkpt lat="56.2464260" lon="10.1189100">
    <ele>60.0</ele>
   </trkpt>
   <trkpt lat="56.2463800" lon="10.1189460">
    <ele>60.2</ele>
   </trkpt>
   <trkpt lat="56.2463350" lon="10.1189810">
    <ele>60.4</ele>
   </trkpt>
   <trkpt lat="56.2462930" lon="10.1190100">
    <ele>60.8</ele>
   </trkpt>
   <trkpt lat="56.2462510" lon="10.1190360">
    <ele>61.2</ele>
   </trkpt>
   <trkpt lat="56.2462080" lon="10.1190700">
    <ele>61.4</ele>
   </trkpt>
   <trkpt lat="56.2461630" lon="10.1191090">
    <ele>61.8</ele>
   </trkpt>
   <trkpt lat="56.2461200" lon="10.1191420">
    <ele>61.8</ele>
   </trkpt>
   <trkpt lat="56.2460750" lon="10.1191780">
    <ele>62.0</ele>
   </trkpt>
   <trkpt lat="56.2460370" lon="10.1192160">
    <ele>62.2</ele>
   </trkpt>
   <trkpt lat="56.2459990" lon="10.1192470">
    <ele>62.4</ele>
   </trkpt>
   <trkpt lat="56.2459650" lon="10.1192670">
    <ele>62.6</ele>
   </trkpt>
   <trkpt lat="56.2459310" lon="10.1192710">
    <ele>62.6</ele>
   </trkpt>
   <trkpt lat="56.2459030" lon="10.1192700">
    <ele>62.6</ele>
   </trkpt>
   <trkpt lat="56.2458760" lon="10.1192720">
    <ele>62.6</ele>
   </trkpt>
   <trkpt lat="56.2458510" lon="10.1192910">
    <ele>62.6</ele>
   </trkpt>
   <trkpt lat="56.2458260" lon="10.1193320">
    <ele>62.6</ele>
   </trkpt>
   <trkpt lat="56.2458040" lon="10.1193940">
    <ele>62.6</ele>
   </trkpt>
   <trkpt lat="56.2457870" lon="10.1194700">
    <ele>62.6</ele>
   </trkpt>
   <trkpt lat="56.2457720" lon="10.1195480">
    <ele>62.4</ele>
   </trkpt>
   <trkpt lat="56.2457580" lon="10.1196350">
    <ele>61.8</ele>
   </trkpt>
   <trkpt lat="56.2457450" lon="10.1197380">
    <ele>61.6</ele>
   </trkpt>
   <trkpt lat="56.2457300" lon="10.1198480">
    <ele>61.4</ele>
   </trkpt>
   <trkpt lat="56.2457140" lon="10.1199610">
    <ele>61.0</ele>
   </trkpt>
   <trkpt lat="56.2456960" lon="10.1200740">
    <ele>60.8</ele>
   </trkpt>
   <trkpt lat="56.2456790" lon="10.1201910">
    <ele>60.6</ele>
   </trkpt>
   <trkpt lat="56.2456610" lon="10.1203090">
    <ele>60.4</ele>
   </trkpt>
   <trkpt lat="56.2456440" lon="10.1204290">
    <ele>60.2</ele>
   </trkpt>
   <trkpt lat="56.2456270" lon="10.1205470">
    <ele>60.0</ele>
   </trkpt>
   <trkpt lat="56.2456090" lon="10.1206620">
    <ele>60.0</ele>
   </trkpt>
   <trkpt lat="56.2455910" lon="10.1207730">
    <ele>59.8</ele>
   </trkpt>
   <trkpt lat="56.2455750" lon="10.1208810">
    <ele>59.8</ele>
   </trkpt>
   <trkpt lat="56.2455600" lon="10.1209900">
    <ele>59.8</ele>
   </trkpt>
   <trkpt lat="56.2455450" lon="10.1210980">
    <ele>60.0</ele>
   </trkpt>
   <trkpt lat="56.2455290" lon="10.1212090">
    <ele>60.0</ele>
   </trkpt>
   <trkpt lat="56.2455130" lon="10.1213200">
    <ele>60.0</ele>
   </trkpt>
   <trkpt lat="56.2454960" lon="10.1214320">
    <ele>60.0</ele>
   </trkpt>
   <trkpt lat="56.2454760" lon="10.1215430">
    <ele>59.8</ele>
   </trkpt>
   <trkpt lat="56.2454550" lon="10.1216530">
    <ele>59.4</ele>
   </trkpt>
   <trkpt lat="56.2454330" lon="10.1217640">
    <ele>59.2</ele>
   </trkpt>
   <trkpt lat="56.2454110" lon="10.1218720">
    <ele>59.2</ele>
   </trkpt>
   <trkpt lat="56.2453890" lon="10.1219830">
    <ele>59.0</ele>
   </trkpt>
   <trkpt lat="56.2453670" lon="10.1220930">
    <ele>58.8</ele>
   </trkpt>
   <trkpt lat="56.2453410" lon="10.1222030">
    <ele>58.6</ele>
   </trkpt>
   <trkpt lat="56.2453130" lon="10.1223130">
    <ele>58.6</ele>
   </trkpt>
   <trkpt lat="56.2452830" lon="10.1224250">
    <ele>58.4</ele>
   </trkpt>
   <trkpt lat="56.2452540" lon="10.1225330">
    <ele>58.2</ele>
   </trkpt>
   <trkpt lat="56.2452230" lon="10.1226420">
    <ele>57.8</ele>
   </trkpt>
   <trkpt lat="56.2451900" lon="10.1227500">
    <ele>57.6</ele>
   </trkpt>
   <trkpt lat="56.2451540" lon="10.1228610">
    <ele>57.6</ele>
   </trkpt>
   <trkpt lat="56.2451160" lon="10.1229760">
    <ele>57.4</ele>
   </trkpt>
   <trkpt lat="56.2450790" lon="10.1230930">
    <ele>57.2</ele>
   </trkpt>
   <trkpt lat="56.2450450" lon="10.1232110">
    <ele>57.0</ele>
   </trkpt>
   <trkpt lat="56.2450100" lon="10.1233310">
    <ele>56.4</ele>
   </trkpt>
   <trkpt lat="56.2449760" lon="10.1234480">
    <ele>55.6</ele>
   </trkpt>
   <trkpt lat="56.2449430" lon="10.1235710">
    <ele>55.2</ele>
   </trkpt>
   <trkpt lat="56.2449130" lon="10.1236990">
    <ele>55.2</ele>
   </trkpt>
   <trkpt lat="56.2448840" lon="10.1238310">
    <ele>54.8</ele>
   </trkpt>
   <trkpt lat="56.2448550" lon="10.1239650">
    <ele>54.8</ele>
   </trkpt>
   <trkpt lat="56.2448240" lon="10.1240940">
    <ele>54.4</ele>
   </trkpt>
   <trkpt lat="56.2447910" lon="10.1242220">
    <ele>54.2</ele>
   </trkpt>
   <trkpt lat="56.2447620" lon="10.1243560">
    <ele>54.2</ele>
   </trkpt>
   <trkpt lat="56.2447420" lon="10.1244760">
    <ele>54.2</ele>
   </trkpt>
   <trkpt lat="56.2447240" lon="10.1245870">
    <ele>54.0</ele>
   </trkpt>
   <trkpt lat="56.2447070" lon="10.1247160">
    <ele>54.0</ele>
   </trkpt>
   <trkpt lat="56.2446920" lon="10.1248500">
    <ele>53.8</ele>
   </trkpt>
   <trkpt lat="56.2446750" lon="10.1249820">
    <ele>53.8</ele>
   </trkpt>
   <trkpt lat="56.2446600" lon="10.1251130">
    <ele>53.8</ele>
   </trkpt>
   <trkpt lat="56.2446490" lon="10.1252380">
    <ele>54.0</ele>
   </trkpt>
   <trkpt lat="56.2446390" lon="10.1253590">
    <ele>54.0</ele>
   </trkpt>
   <trkpt lat="56.2446310" lon="10.1254740">
    <ele>54.2</ele>
   </trkpt>
   <trkpt lat="56.2446250" lon="10.1255860">
    <ele>54.4</ele>
   </trkpt>
   <trkpt lat="56.2446240" lon="10.1256960">
    <ele>54.4</ele>
   </trkpt>
   <trkpt lat="56.2446240" lon="10.1258010">
    <ele>54.6</ele>
   </trkpt>
   <trkpt lat="56.2446260" lon="10.1259100">
    <ele>55.0</ele>
   </trkpt>
   <trkpt lat="56.2446270" lon="10.1260200">
    <ele>55.2</ele>
   </trkpt>
   <trkpt lat="56.2446280" lon="10.1261210">
    <ele>55.6</ele>
   </trkpt>
   <trkpt lat="56.2446300" lon="10.1262220">
    <ele>56.0</ele>
   </trkpt>
   <trkpt lat="56.2446350" lon="10.1263230">
    <ele>56.4</ele>
   </trkpt>
   <trkpt lat="56.2446340" lon="10.1264220">
    <ele>56.8</ele>
   </trkpt>
   <trkpt lat="56.2446300" lon="10.1265210">
    <ele>57.2</ele>
   </trkpt>
   <trkpt lat="56.2446310" lon="10.1266150">
    <ele>57.6</ele>
   </trkpt>
   <trkpt lat="56.2446320" lon="10.1267060">
    <ele>57.8</ele>
   </trkpt>
   <trkpt lat="56.2446360" lon="10.1267990">
    <ele>58.2</ele>
   </trkpt>
   <trkpt lat="56.2446410" lon="10.1268900">
    <ele>58.4</ele>
   </trkpt>
   <trkpt lat="56.2446470" lon="10.1269780">
    <ele>58.6</ele>
   </trkpt>
   <trkpt lat="56.2446530" lon="10.1270660">
    <ele>58.8</ele>
   </trkpt>
   <trkpt lat="56.2446570" lon="10.1271590">
    <ele>59.2</ele>
   </trkpt>
   <trkpt lat="56.2446610" lon="10.1272530">
    <ele>59.2</ele>
   </trkpt>
   <trkpt lat="56.2446680" lon="10.1273480">
    <ele>59.4</ele>
   </trkpt>
   <trkpt lat="56.2446780" lon="10.1274430">
    <ele>59.4</ele>
   </trkpt>
   <trkpt lat="56.2446890" lon="10.1275340">
    <ele>59.6</ele>
   </trkpt>
   <trkpt lat="56.2447000" lon="10.1276250">
    <ele>59.6</ele>
   </trkpt>
   <trkpt lat="56.2447110" lon="10.1277170">
    <ele>59.6</ele>
   </trkpt>
   <trkpt lat="56.2447210" lon="10.1278100">
    <ele>59.6</ele>
   </trkpt>
   <trkpt lat="56.2447330" lon="10.1279010">
    <ele>59.8</ele>
   </trkpt>
   <trkpt lat="56.2447460" lon="10.1279930">
    <ele>59.6</ele>
   </trkpt>
   <trkpt lat="56.2447600" lon="10.1280850">
    <ele>59.8</ele>
   </trkpt>
   <trkpt lat="56.2447740" lon="10.1281780">
    <ele>60.0</ele>
   </trkpt>
   <trkpt lat="56.2447880" lon="10.1282740">
    <ele>60.2</ele>
   </trkpt>
   <trkpt lat="56.2448000" lon="10.1283690">
    <ele>60.2</ele>
   </trkpt>
   <trkpt lat="56.2448140" lon="10.1284630">
    <ele>60.2</ele>
   </trkpt>
   <trkpt lat="56.2448290" lon="10.1285530">
    <ele>60.2</ele>
   </trkpt>
   <trkpt lat="56.2448420" lon="10.1286430">
    <ele>60.0</ele>
   </trkpt>
   <trkpt lat="56.2448540" lon="10.1287350">
    <ele>59.6</ele>
   </trkpt>
   <trkpt lat="56.2448660" lon="10.1288240">
    <ele>59.4</ele>
   </trkpt>
   <trkpt lat="56.2448790" lon="10.1289130">
    <ele>59.4</ele>
   </trkpt>
   <trkpt lat="56.2448940" lon="10.1290030">
    <ele>59.2</ele>
   </trkpt>
   <trkpt lat="56.2449070" lon="10.1290930">
    <ele>59.0</ele>
   </trkpt>
   <trkpt lat="56.2449200" lon="10.1291840">
    <ele>58.8</ele>
   </trkpt>
   <trkpt lat="56.2449340" lon="10.1292760">
    <ele>58.8</ele>
   </trkpt>
   <trkpt lat="56.2449470" lon="10.1293630">
    <ele>58.8</ele>
   </trkpt>
   <trkpt lat="56.2449550" lon="10.1294500">
    <ele>58.8</ele>
   </trkpt>
   <trkpt lat="56.2449480" lon="10.1295350">
    <ele>58.8</ele>
   </trkpt>
   <trkpt lat="56.2449250" lon="10.1296090">
    <ele>58.8</ele>
   </trkpt>
   <trkpt lat="56.2448850" lon="10.1296620">
    <ele>58.8</ele>
   </trkpt>
   <trkpt lat="56.2448350" lon="10.1296890">
    <ele>58.8</ele>
   </trkpt>
   <trkpt lat="56.2447790" lon="10.1297040">
    <ele>58.8</ele>
   </trkpt>
   <trkpt lat="56.2447210" lon="10.1297140">
    <ele>58.8</ele>
   </trkpt>
   <trkpt lat="56.2446620" lon="10.1297190">
    <ele>58.6</ele>
   </trkpt>
   <trkpt lat="56.2446140" lon="10.1297220">
    <ele>58.8</ele>
   </trkpt>
   <trkpt lat="56.2445410" lon="10.1297250">
    <ele>58.8</ele>
   </trkpt>
   <trkpt lat="56.2444820" lon="10.1297270">
    <ele>58.8</ele>
   </trkpt>
   <trkpt lat="56.2444220" lon="10.1297240">
    <ele>58.8</ele>
   </trkpt>
   <trkpt lat="56.2443630" lon="10.1297210">
    <ele>58.8</ele>
   </trkpt>
   <trkpt lat="56.2443040" lon="10.1297220">
    <ele>59.0</ele>
   </trkpt>
   <trkpt lat="56.2442450" lon="10.1297270">
    <ele>59.0</ele>
   </trkpt>
   <trkpt lat="56.2441860" lon="10.1297290">
    <ele>59.2</ele>
   </trkpt>
   <trkpt lat="56.2441270" lon="10.1297270">
    <ele>59.2</ele>
   </trkpt>
   <trkpt lat="56.2440680" lon="10.1297270">
    <ele>59.2</ele>
   </trkpt>
   <trkpt lat="56.2440110" lon="10.1297310">
    <ele>59.4</ele>
   </trkpt>
   <trkpt lat="56.2439550" lon="10.1297380">
    <ele>59.4</ele>
   </trkpt>
   <trkpt lat="56.2439000" lon="10.1297420">
    <ele>59.6</ele>
   </trkpt>
   <trkpt lat="56.2438450" lon="10.1297340">
    <ele>59.6</ele>
   </trkpt>
   <trkpt lat="56.2437900" lon="10.1297300">
    <ele>59.8</ele>
   </trkpt>
   <trkpt lat="56.2437340" lon="10.1297310">
    <ele>60.2</ele>
   </trkpt>
   <trkpt lat="56.2436780" lon="10.1297300">
    <ele>60.4</ele>
   </trkpt>
   <trkpt lat="56.2436230" lon="10.1297290">
    <ele>60.6</ele>
   </trkpt>
   <trkpt lat="56.2435680" lon="10.1297320">
    <ele>60.8</ele>
   </trkpt>
   <trkpt lat="56.2435130" lon="10.1297340">
    <ele>61.0</ele>
   </trkpt>
   <trkpt lat="56.2434590" lon="10.1297330">
    <ele>61.2</ele>
   </trkpt>
   <trkpt lat="56.2434050" lon="10.1297330">
    <ele>61.4</ele>
   </trkpt>
   <trkpt lat="56.2433510" lon="10.1297330">
    <ele>61.6</ele>
   </trkpt>
   <trkpt lat="56.2432950" lon="10.1297320">
    <ele>61.6</ele>
   </trkpt>
   <trkpt lat="56.2432390" lon="10.1297290">
    <ele>61.8</ele>
   </trkpt>
   <trkpt lat="56.2431830" lon="10.1297300">
    <ele>62.0</ele>
   </trkpt>
   <trkpt lat="56.2431270" lon="10.1297330">
    <ele>62.4</ele>
   </trkpt>
   <trkpt lat="56.2430710" lon="10.1297320">
    <ele>62.4</ele>
   </trkpt>
   <trkpt lat="56.2430160" lon="10.1297300">
    <ele>62.4</ele>
   </trkpt>
   <trkpt lat="56.2429610" lon="10.1297320">
    <ele>62.4</ele>
   </trkpt>
   <trkpt lat="56.2429060" lon="10.1297380">
    <ele>62.6</ele>
   </trkpt>
   <trkpt lat="56.2428520" lon="10.1297420">
    <ele>62.6</ele>
   </trkpt>
   <trkpt lat="56.2427970" lon="10.1297420">
    <ele>62.8</ele>
   </trkpt>
   <trkpt lat="56.2427430" lon="10.1297400">
    <ele>63.2</ele>
   </trkpt>
   <trkpt lat="56.2426890" lon="10.1297360">
    <ele>63.2</ele>
   </trkpt>
   <trkpt lat="56.2426350" lon="10.1297350">
    <ele>63.4</ele>
   </trkpt>
   <trkpt lat="56.2425810" lon="10.1297350">
    <ele>63.6</ele>
   </trkpt>
   <trkpt lat="56.2425260" lon="10.1297340">
    <ele>63.8</ele>
   </trkpt>
   <trkpt lat="56.2424730" lon="10.1297360">
    <ele>63.8</ele>
   </trkpt>
   <trkpt lat="56.2424180" lon="10.1297380">
    <ele>64.0</ele>
   </trkpt>
   <trkpt lat="56.2423650" lon="10.1297400">
    <ele>64.0</ele>
   </trkpt>
   <trkpt lat="56.2423110" lon="10.1297430">
    <ele>64.0</ele>
   </trkpt>
   <trkpt lat="56.2422570" lon="10.1297460">
    <ele>64.2</ele>
   </trkpt>
   <trkpt lat="56.2422030" lon="10.1297490">
    <ele>64.2</ele>
   </trkpt>
   <trkpt lat="56.2421510" lon="10.1297490">
    <ele>64.4</ele>
   </trkpt>
   <trkpt lat="56.2421000" lon="10.1297480">
    <ele>64.6</ele>
   </trkpt>
   <trkpt lat="56.2420490" lon="10.1297490">
    <ele>64.8</ele>
   </trkpt>
   <trkpt lat="56.2419980" lon="10.1297440">
    <ele>65.0</ele>
   </trkpt>
   <trkpt lat="56.2419450" lon="10.1297430">
    <ele>65.0</ele>
   </trkpt>
   <trkpt lat="56.2418940" lon="10.1297410">
    <ele>65.2</ele>
   </trkpt>
   <trkpt lat="56.2418420" lon="10.1297420">
    <ele>65.2</ele>
   </trkpt>
   <trkpt lat="56.2417910" lon="10.1297440">
    <ele>65.4</ele>
   </trkpt>
   <trkpt lat="56.2417380" lon="10.1297420">
    <ele>65.4</ele>
   </trkpt>
   <trkpt lat="56.2416840" lon="10.1297370">
    <ele>65.4</ele>
   </trkpt>
   <trkpt lat="56.2416300" lon="10.1297320">
    <ele>65.6</ele>
   </trkpt>
   <trkpt lat="56.2415770" lon="10.1297240">
    <ele>65.6</ele>
   </trkpt>
   <trkpt lat="56.2415250" lon="10.1297120">
    <ele>65.8</ele>
   </trkpt>
   <trkpt lat="56.2414720" lon="10.1296940">
    <ele>66.0</ele>
   </trkpt>
   <trkpt lat="56.2414190" lon="10.1296760">
    <ele>66.0</ele>
   </trkpt>
   <trkpt lat="56.2413660" lon="10.1296540">
    <ele>66.0</ele>
   </trkpt>
   <trkpt lat="56.2413150" lon="10.1296280">
    <ele>66.0</ele>
   </trkpt>
   <trkpt lat="56.2412640" lon="10.1296000">
    <ele>66.2</ele>
   </trkpt>
   <trkpt lat="56.2412110" lon="10.1295730">
    <ele>66.2</ele>
   </trkpt>
   <trkpt lat="56.2411590" lon="10.1295410">
    <ele>66.4</ele>
   </trkpt>
   <trkpt lat="56.2411080" lon="10.1295030">
    <ele>66.6</ele>
   </trkpt>
   <trkpt lat="56.2410580" lon="10.1294590">
    <ele>66.6</ele>
   </trkpt>
   <trkpt lat="56.2410100" lon="10.1294150">
    <ele>66.6</ele>
   </trkpt>
   <trkpt lat="56.2409630" lon="10.1293700">
    <ele>66.6</ele>
   </trkpt>
   <trkpt lat="56.2409160" lon="10.1293240">
    <ele>66.6</ele>
   </trkpt>
   <trkpt lat="56.2408670" lon="10.1292780">
    <ele>66.6</ele>
   </trkpt>
   <trkpt lat="56.2408200" lon="10.1292290">
    <ele>66.6</ele>
   </trkpt>
   <trkpt lat="56.2407720" lon="10.1291760">
    <ele>66.6</ele>
   </trkpt>
   <trkpt lat="56.2407250" lon="10.1291150">
    <ele>66.6</ele>
   </trkpt>
   <trkpt lat="56.2406790" lon="10.1290550">
    <ele>66.6</ele>
   </trkpt>
   <trkpt lat="56.2406310" lon="10.1289990">
    <ele>66.6</ele>
   </trkpt>
   <trkpt lat="56.2405820" lon="10.1289450">
    <ele>66.6</ele>
   </trkpt>
   <trkpt lat="56.2405350" lon="10.1288870">
    <ele>66.6</ele>
   </trkpt>
   <trkpt lat="56.2404880" lon="10.1288290">
    <ele>66.6</ele>
   </trkpt>
   <trkpt lat="56.2404400" lon="10.1287730">
    <ele>66.6</ele>
   </trkpt>
   <trkpt lat="56.2403920" lon="10.1287170">
    <ele>66.8</ele>
   </trkpt>
   <trkpt lat="56.2403430" lon="10.1286640">
    <ele>66.8</ele>
   </trkpt>
   <trkpt lat="56.2402920" lon="10.1286170">
    <ele>66.8</ele>
   </trkpt>
   <trkpt lat="56.2402390" lon="10.1285780">
    <ele>66.8</ele>
   </trkpt>
   <trkpt lat="56.2401850" lon="10.1285460">
    <ele>66.8</ele>
   </trkpt>
   <trkpt lat="56.2401320" lon="10.1285180">
    <ele>66.8</ele>
   </trkpt>
   <trkpt lat="56.2400780" lon="10.1284950">
    <ele>67.0</ele>
   </trkpt>
   <trkpt lat="56.2400220" lon="10.1284790">
    <ele>67.2</ele>
   </trkpt>
   <trkpt lat="56.2399660" lon="10.1284740">
    <ele>67.2</ele>
   </trkpt>
   <trkpt lat="56.2399120" lon="10.1284740">
    <ele>67.4</ele>
   </trkpt>
   <trkpt lat="56.2398580" lon="10.1284790">
    <ele>67.4</ele>
   </trkpt>
   <trkpt lat="56.2398050" lon="10.1284880">
    <ele>67.6</ele>
   </trkpt>
   <trkpt lat="56.2397540" lon="10.1284990">
    <ele>67.6</ele>
   </trkpt>
   <trkpt lat="56.2397050" lon="10.1285160">
    <ele>68.0</ele>
   </trkpt>
   <trkpt lat="56.2396590" lon="10.1285390">
    <ele>68.4</ele>
   </trkpt>
   <trkpt lat="56.2396130" lon="10.1285650">
    <ele>68.8</ele>
   </trkpt>
   <trkpt lat="56.2395690" lon="10.1285970">
    <ele>69.0</ele>
   </trkpt>
   <trkpt lat="56.2395260" lon="10.1286280">
    <ele>69.2</ele>
   </trkpt>
   <trkpt lat="56.2394820" lon="10.1286610">
    <ele>69.4</ele>
   </trkpt>
   <trkpt lat="56.2394420" lon="10.1286960">
    <ele>69.6</ele>
   </trkpt>
   <trkpt lat="56.2394040" lon="10.1287270">
    <ele>69.8</ele>
   </trkpt>
   <trkpt lat="56.2393690" lon="10.1287560">
    <ele>70.0</ele>
   </trkpt>
   <trkpt lat="56.2393330" lon="10.1287870">
    <ele>70.4</ele>
   </trkpt>
   <trkpt lat="56.2392990" lon="10.1288210">
    <ele>70.6</ele>
   </trkpt>
   <trkpt lat="56.2392640" lon="10.1288500">
    <ele>70.8</ele>
   </trkpt>
   <trkpt lat="56.2392270" lon="10.1288760">
    <ele>71.0</ele>
   </trkpt>
   <trkpt lat="56.2391900" lon="10.1289050">
    <ele>71.4</ele>
   </trkpt>
   <trkpt lat="56.2391550" lon="10.1289360">
    <ele>71.4</ele>
   </trkpt>
   <trkpt lat="56.2391180" lon="10.1289640">
    <ele>71.8</ele>
   </trkpt>
   <trkpt lat="56.2390810" lon="10.1289910">
    <ele>72.0</ele>
   </trkpt>
   <trkpt lat="56.2390440" lon="10.1290220">
    <ele>72.2</ele>
   </trkpt>
   <trkpt lat="56.2390080" lon="10.1290500">
    <ele>72.6</ele>
   </trkpt>
   <trkpt lat="56.2389720" lon="10.1290800">
    <ele>73.0</ele>
   </trkpt>
   <trkpt lat="56.2389370" lon="10.1291140">
    <ele>73.0</ele>
   </trkpt>
   <trkpt lat="56.2389020" lon="10.1291430">
    <ele>73.2</ele>
   </trkpt>
   <trkpt lat="56.2388660" lon="10.1291740">
    <ele>73.4</ele>
   </trkpt>
   <trkpt lat="56.2388310" lon="10.1292060">
    <ele>73.4</ele>
   </trkpt>
   <trkpt lat="56.2387950" lon="10.1292380">
    <ele>73.4</ele>
   </trkpt>
   <trkpt lat="56.2387610" lon="10.1292670">
    <ele>73.4</ele>
   </trkpt>
   <trkpt lat="56.2387280" lon="10.1292940">
    <ele>73.6</ele>
   </trkpt>
   <trkpt lat="56.2386950" lon="10.1293220">
    <ele>73.6</ele>
   </trkpt>
   <trkpt lat="56.2386600" lon="10.1293540">
    <ele>73.6</ele>
   </trkpt>
   <trkpt lat="56.2386230" lon="10.1293870">
    <ele>73.6</ele>
   </trkpt>
   <trkpt lat="56.2385860" lon="10.1294200">
    <ele>73.6</ele>
   </trkpt>
   <trkpt lat="56.2385490" lon="10.1294540">
    <ele>73.6</ele>
   </trkpt>
   <trkpt lat="56.2385120" lon="10.1294870">
    <ele>73.6</ele>
   </trkpt>
   <trkpt lat="56.2384740" lon="10.1295170">
    <ele>73.8</ele>
   </trkpt>
   <trkpt lat="56.2384360" lon="10.1295430">
    <ele>73.8</ele>
   </trkpt>
   <trkpt lat="56.2384010" lon="10.1295710">
    <ele>73.8</ele>
   </trkpt>
   <trkpt lat="56.2383670" lon="10.1296010">
    <ele>74.0</ele>
   </trkpt>
   <trkpt lat="56.2383320" lon="10.1296330">
    <ele>74.2</ele>
   </trkpt>
   <trkpt lat="56.2382980" lon="10.1296630">
    <ele>74.2</ele>
   </trkpt>
   <trkpt lat="56.2382620" lon="10.1296920">
    <ele>74.4</ele>
   </trkpt>
   <trkpt lat="56.2382260" lon="10.1297240">
    <ele>74.6</ele>
   </trkpt>
   <trkpt lat="56.2381900" lon="10.1297480">
    <ele>74.8</ele>
   </trkpt>
   <trkpt lat="56.2381530" lon="10.1297720">
    <ele>75.0</ele>
   </trkpt>
   <trkpt lat="56.2381190" lon="10.1297950">
    <ele>75.2</ele>
   </trkpt>
   <trkpt lat="56.2380850" lon="10.1298210">
    <ele>75.4</ele>
   </trkpt>
   <trkpt lat="56.2380500" lon="10.1298500">
    <ele>75.6</ele>
   </trkpt>
   <trkpt lat="56.2380150" lon="10.1298820">
    <ele>76.0</ele>
   </trkpt>
   <trkpt lat="56.2379810" lon="10.1299140">
    <ele>76.2</ele>
   </trkpt>
   <trkpt lat="56.2379520" lon="10.1299480">
    <ele>76.4</ele>
   </trkpt>
   <trkpt lat="56.2379210" lon="10.1299780">
    <ele>76.8</ele>
   </trkpt>
   <trkpt lat="56.2378870" lon="10.1300050">
    <ele>77.4</ele>
   </trkpt>
   <trkpt lat="56.2378540" lon="10.1300350">
    <ele>77.8</ele>
   </trkpt>
   <trkpt lat="56.2378210" lon="10.1300650">
    <ele>78.2</ele>
   </trkpt>
   <trkpt lat="56.2377870" lon="10.1300930">
    <ele>78.4</ele>
   </trkpt>
   <trkpt lat="56.2377540" lon="10.1301180">
    <ele>78.6</ele>
   </trkpt>
   <trkpt lat="56.2377210" lon="10.1301470">
    <ele>78.6</ele>
   </trkpt>
   <trkpt lat="56.2376890" lon="10.1301740">
    <ele>78.6</ele>
   </trkpt>
   <trkpt lat="56.2376560" lon="10.1301990">
    <ele>78.6</ele>
   </trkpt>
   <trkpt lat="56.2376210" lon="10.1302300">
    <ele>78.6</ele>
   </trkpt>
   <trkpt lat="56.2375820" lon="10.1302640">
    <ele>78.6</ele>
   </trkpt>
   <trkpt lat="56.2375410" lon="10.1303000">
    <ele>78.6</ele>
   </trkpt>
   <trkpt lat="56.2374970" lon="10.1303360">
    <ele>78.4</ele>
   </trkpt>
   <trkpt lat="56.2374500" lon="10.1303750">
    <ele>78.2</ele>
   </trkpt>
   <trkpt lat="56.2374020" lon="10.1304170">
    <ele>78.0</ele>
   </trkpt>
   <trkpt lat="56.2373540" lon="10.1304580">
    <ele>77.8</ele>
   </trkpt>
   <trkpt lat="56.2373060" lon="10.1305010">
    <ele>77.8</ele>
   </trkpt>
   <trkpt lat="56.2372590" lon="10.1305480">
    <ele>77.8</ele>
   </trkpt>
   <trkpt lat="56.2372120" lon="10.1305910">
    <ele>77.8</ele>
   </trkpt>
   <trkpt lat="56.2371630" lon="10.1306290">
    <ele>77.8</ele>
   </trkpt>
   <trkpt lat="56.2371160" lon="10.1306660">
    <ele>78.0</ele>
   </trkpt>
   <trkpt lat="56.2370690" lon="10.1307010">
    <ele>78.0</ele>
   </trkpt>
   <trkpt lat="56.2370230" lon="10.1307380">
    <ele>78.4</ele>
   </trkpt>
   <trkpt lat="56.2369780" lon="10.1307720">
    <ele>78.4</ele>
   </trkpt>
   <trkpt lat="56.2369320" lon="10.1308080">
    <ele>78.6</ele>
   </trkpt>
   <trkpt lat="56.2368860" lon="10.1308480">
    <ele>79.0</ele>
   </trkpt>
   <trkpt lat="56.2368420" lon="10.1308910">
    <ele>79.2</ele>
   </trkpt>
   <trkpt lat="56.2367960" lon="10.1309350">
    <ele>79.2</ele>
   </trkpt>
   <trkpt lat="56.2367500" lon="10.1309760">
    <ele>79.2</ele>
   </trkpt>
   <trkpt lat="56.2367030" lon="10.1310160">
    <ele>79.2</ele>
   </trkpt>
   <trkpt lat="56.2366560" lon="10.1310560">
    <ele>79.0</ele>
   </trkpt>
   <trkpt lat="56.2366110" lon="10.1311000">
    <ele>79.0</ele>
   </trkpt>
   <trkpt lat="56.2365640" lon="10.1311470">
    <ele>78.6</ele>
   </trkpt>
   <trkpt lat="56.2365160" lon="10.1311970">
    <ele>78.4</ele>
   </trkpt>
   <trkpt lat="56.2364690" lon="10.1312530">
    <ele>78.2</ele>
   </trkpt>
   <trkpt lat="56.2364210" lon="10.1313130">
    <ele>78.2</ele>
   </trkpt>
   <trkpt lat="56.2363710" lon="10.1313780">
    <ele>78.0</ele>
   </trkpt>
   <trkpt lat="56.2363180" lon="10.1314460">
    <ele>77.8</ele>
   </trkpt>
   <trkpt lat="56.2362640" lon="10.1315190">
    <ele>77.4</ele>
   </trkpt>
   <trkpt lat="56.2362090" lon="10.1316000">
    <ele>76.6</ele>
   </trkpt>
   <trkpt lat="56.2361550" lon="10.1316900">
    <ele>76.0</ele>
   </trkpt>
   <trkpt lat="56.2361000" lon="10.1317860">
    <ele>75.2</ele>
   </trkpt>
   <trkpt lat="56.2360450" lon="10.1318800">
    <ele>75.0</ele>
   </trkpt>
   <trkpt lat="56.2359890" lon="10.1319740">
    <ele>74.4</ele>
   </trkpt>
   <trkpt lat="56.2359340" lon="10.1320660">
    <ele>74.0</ele>
   </trkpt>
   <trkpt lat="56.2358790" lon="10.1321570">
    <ele>73.6</ele>
   </trkpt>
   <trkpt lat="56.2358260" lon="10.1322430">
    <ele>73.4</ele>
   </trkpt>
   <trkpt lat="56.2357740" lon="10.1323300">
    <ele>73.4</ele>
   </trkpt>
   <trkpt lat="56.2357230" lon="10.1324200">
    <ele>73.4</ele>
   </trkpt>
   <trkpt lat="56.2356720" lon="10.1325020">
    <ele>73.4</ele>
   </trkpt>
   <trkpt lat="56.2356200" lon="10.1325820">
    <ele>73.6</ele>
   </trkpt>
   <trkpt lat="56.2355680" lon="10.1326610">
    <ele>73.8</ele>
   </trkpt>
   <trkpt lat="56.2355160" lon="10.1327500">
    <ele>74.0</ele>
   </trkpt>
   <trkpt lat="56.2354650" lon="10.1328430">
    <ele>74.0</ele>
   </trkpt>
   <trkpt lat="56.2354150" lon="10.1329400">
    <ele>74.0</ele>
   </trkpt>
   <trkpt lat="56.2353610" lon="10.1330410">
    <ele>73.8</ele>
   </trkpt>
   <trkpt lat="56.2353100" lon="10.1331500">
    <ele>73.8</ele>
   </trkpt>
   <trkpt lat="56.2352610" lon="10.1332670">
    <ele>73.2</ele>
   </trkpt>
   <trkpt lat="56.2352110" lon="10.1333930">
    <ele>72.8</ele>
   </trkpt>
   <trkpt lat="56.2351580" lon="10.1335210">
    <ele>72.0</ele>
   </trkpt>
   <trkpt lat="56.2351040" lon="10.1336520">
    <ele>71.6</ele>
   </trkpt>
   <trkpt lat="56.2350510" lon="10.1337880">
    <ele>70.8</ele>
   </trkpt>
   <trkpt lat="56.2349990" lon="10.1339260">
    <ele>70.4</ele>
   </trkpt>
   <trkpt lat="56.2349490" lon="10.1340650">
    <ele>70.0</ele>
   </trkpt>
   <trkpt lat="56.2349000" lon="10.1342030">
    <ele>69.8</ele>
   </trkpt>
   <trkpt lat="56.2348570" lon="10.1343430">
    <ele>69.4</ele>
   </trkpt>
   <trkpt lat="56.2348170" lon="10.1344840">
    <ele>69.2</ele>
   </trkpt>
   <trkpt lat="56.2347830" lon="10.1346240">
    <ele>69.0</ele>
   </trkpt>
   <trkpt lat="56.2347540" lon="10.1347640">
    <ele>68.8</ele>
   </trkpt>
   <trkpt lat="56.2347310" lon="10.1349040">
    <ele>68.6</ele>
   </trkpt>
   <trkpt lat="56.2347100" lon="10.1350440">
    <ele>68.4</ele>
   </trkpt>
   <trkpt lat="56.2346920" lon="10.1351850">
    <ele>68.4</ele>
   </trkpt>
   <trkpt lat="56.2346770" lon="10.1353270">
    <ele>68.2</ele>
   </trkpt>
   <trkpt lat="56.2346620" lon="10.1354680">
    <ele>68.0</ele>
   </trkpt>
   <trkpt lat="56.2346510" lon="10.1356100">
    <ele>68.0</ele>
   </trkpt>
   <trkpt lat="56.2346410" lon="10.1357520">
    <ele>67.8</ele>
   </trkpt>
   <trkpt lat="56.2346300" lon="10.1358930">
    <ele>67.8</ele>
   </trkpt>
   <trkpt lat="56.2346160" lon="10.1360330">
    <ele>67.4</ele>
   </trkpt>
   <trkpt lat="56.2346040" lon="10.1361740">
    <ele>67.0</ele>
   </trkpt>
   <trkpt lat="56.2345950" lon="10.1363160">
    <ele>66.8</ele>
   </trkpt>
   <trkpt lat="56.2345850" lon="10.1364570">
    <ele>66.6</ele>
   </trkpt>
   <trkpt lat="56.2345730" lon="10.1365980">
    <ele>66.2</ele>
   </trkpt>
   <trkpt lat="56.2345610" lon="10.1367410">
    <ele>66.2</ele>
   </trkpt>
   <trkpt lat="56.2345470" lon="10.1368840">
    <ele>65.8</ele>
   </trkpt>
   <trkpt lat="56.2345330" lon="10.1370300">
    <ele>65.4</ele>
   </trkpt>
   <trkpt lat="56.2345220" lon="10.1371740">
    <ele>65.0</ele>
   </trkpt>
   <trkpt lat="56.2345100" lon="10.1373180">
    <ele>64.6</ele>
   </trkpt>
   <trkpt lat="56.2344990" lon="10.1374640">
    <ele>64.2</ele>
   </trkpt>
   <trkpt lat="56.2344880" lon="10.1376090">
    <ele>63.8</ele>
   </trkpt>
   <trkpt lat="56.2344740" lon="10.1377560">
    <ele>63.6</ele>
   </trkpt>
   <trkpt lat="56.2344600" lon="10.1379040">
    <ele>63.4</ele>
   </trkpt>
   <trkpt lat="56.2344460" lon="10.1380510">
    <ele>63.0</ele>
   </trkpt>
   <trkpt lat="56.2344330" lon="10.1381990">
    <ele>63.0</ele>
   </trkpt>
   <trkpt lat="56.2344210" lon="10.1383480">
    <ele>62.6</ele>
   </trkpt>
   <trkpt lat="56.2344080" lon="10.1384950">
    <ele>62.4</ele>
   </trkpt>
   <trkpt lat="56.2343950" lon="10.1386410">
    <ele>62.4</ele>
   </trkpt>
   <trkpt lat="56.2343820" lon="10.1387840">
    <ele>62.2</ele>
   </trkpt>
   <trkpt lat="56.2343700" lon="10.1389250">
    <ele>62.2</ele>
   </trkpt>
   <trkpt lat="56.2343580" lon="10.1390610">
    <ele>62.2</ele>
   </trkpt>
   <trkpt lat="56.2343440" lon="10.1391930">
    <ele>62.0</ele>
   </trkpt>
   <trkpt lat="56.2343300" lon="10.1393200">
    <ele>62.0</ele>
   </trkpt>
   <trkpt lat="56.2343210" lon="10.1394450">
    <ele>62.0</ele>
   </trkpt>
   <trkpt lat="56.2343130" lon="10.1395690">
    <ele>62.0</ele>
   </trkpt>
   <trkpt lat="56.2343060" lon="10.1396670">
    <ele>62.0</ele>
   </trkpt>
   <trkpt lat="56.2342940" lon="10.1398120">
    <ele>62.0</ele>
   </trkpt>
   <trkpt lat="56.2342810" lon="10.1399330">
    <ele>62.0</ele>
   </trkpt>
   <trkpt lat="56.2342690" lon="10.1400500">
    <ele>62.0</ele>
   </trkpt>
   <trkpt lat="56.2342590" lon="10.1401660">
    <ele>62.0</ele>
   </trkpt>
   <trkpt lat="56.2342510" lon="10.1402820">
    <ele>62.2</ele>
   </trkpt>
   <trkpt lat="56.2342450" lon="10.1403950">
    <ele>62.4</ele>
   </trkpt>
   <trkpt lat="56.2342370" lon="10.1405050">
    <ele>63.0</ele>
   </trkpt>
   <trkpt lat="56.2342300" lon="10.1406100">
    <ele>63.6</ele>
   </trkpt>
   <trkpt lat="56.2342210" lon="10.1407110">
    <ele>63.6</ele>
   </trkpt>
   <trkpt lat="56.2342120" lon="10.1408070">
    <ele>63.8</ele>
   </trkpt>
   <trkpt lat="56.2341980" lon="10.1408970">
    <ele>64.0</ele>
   </trkpt>
   <trkpt lat="56.2341710" lon="10.1409720">
    <ele>64.0</ele>
   </trkpt>
   <trkpt lat="56.2341320" lon="10.1410240">
    <ele>64.0</ele>
   </trkpt>
   <trkpt lat="56.2340860" lon="10.1410470">
    <ele>64.0</ele>
   </trkpt>
   <trkpt lat="56.2340330" lon="10.1410350">
    <ele>64.0</ele>
   </trkpt>
   <trkpt lat="56.2339750" lon="10.1410010">
    <ele>64.0</ele>
   </trkpt>
   <trkpt lat="56.2339180" lon="10.1409570">
    <ele>64.0</ele>
   </trkpt>
   <trkpt lat="56.2338590" lon="10.1409010">
    <ele>63.8</ele>
   </trkpt>
   <trkpt lat="56.2337980" lon="10.1408410">
    <ele>63.6</ele>
   </trkpt>
   <trkpt lat="56.2337400" lon="10.1407690">
    <ele>63.0</ele>
   </trkpt>
   <trkpt lat="56.2336830" lon="10.1406910">
    <ele>62.6</ele>
   </trkpt>
   <trkpt lat="56.2336240" lon="10.1406200">
    <ele>62.6</ele>
   </trkpt>
   <trkpt lat="56.2335610" lon="10.1405590">
    <ele>62.2</ele>
   </trkpt>
   <trkpt lat="56.2334940" lon="10.1405030">
    <ele>62.0</ele>
   </trkpt>
   <trkpt lat="56.2334230" lon="10.1404480">
    <ele>61.8</ele>
   </trkpt>
   <trkpt lat="56.2333520" lon="10.1403930">
    <ele>61.8</ele>
   </trkpt>
   <trkpt lat="56.2332810" lon="10.1403400">
    <ele>61.8</ele>
   </trkpt>
   <trkpt lat="56.2332090" lon="10.1402900">
    <ele>61.4</ele>
   </trkpt>
   <trkpt lat="56.2331360" lon="10.1402440">
    <ele>61.0</ele>
   </trkpt>
   <trkpt lat="56.2330640" lon="10.1402050">
    <ele>60.6</ele>
   </trkpt>
   <trkpt lat="56.2329900" lon="10.1401700">
    <ele>60.4</ele>
   </trkpt>
   <trkpt lat="56.2329180" lon="10.1401350">
    <ele>60.2</ele>
   </trkpt>
   <trkpt lat="56.2328440" lon="10.1401040">
    <ele>60.2</ele>
   </trkpt>
   <trkpt lat="56.2327720" lon="10.1400750">
    <ele>60.0</ele>
   </trkpt>
   <trkpt lat="56.2326990" lon="10.1400520">
    <ele>60.0</ele>
   </trkpt>
   <trkpt lat="56.2326260" lon="10.1400370">
    <ele>60.0</ele>
   </trkpt>
   <trkpt lat="56.2325520" lon="10.1400240">
    <ele>59.8</ele>
   </trkpt>
   <trkpt lat="56.2324780" lon="10.1400020">
    <ele>59.8</ele>
   </trkpt>
   <trkpt lat="56.2324080" lon="10.1399700">
    <ele>59.6</ele>
   </trkpt>
   <trkpt lat="56.2323400" lon="10.1399400">
    <ele>59.6</ele>
   </trkpt>
   <trkpt lat="56.2322720" lon="10.1399120">
    <ele>59.6</ele>
   </trkpt>
   <trkpt lat="56.2322010" lon="10.1398880">
    <ele>59.6</ele>
   </trkpt>
   <trkpt lat="56.2321300" lon="10.1398740">
    <ele>59.2</ele>
   </trkpt>
   <trkpt lat="56.2320560" lon="10.1398630">
    <ele>59.2</ele>
   </trkpt>
   <trkpt lat="56.2319830" lon="10.1398410">
    <ele>59.0</ele>
   </trkpt>
   <trkpt lat="56.2319110" lon="10.1398040">
    <ele>59.0</ele>
   </trkpt>
   <trkpt lat="56.2318380" lon="10.1397720">
    <ele>58.8</ele>
   </trkpt>
   <trkpt lat="56.2317620" lon="10.1397440">
    <ele>58.6</ele>
   </trkpt>
   <trkpt lat="56.2316850" lon="10.1397170">
    <ele>58.4</ele>
   </trkpt>
   <trkpt lat="56.2316080" lon="10.1396930">
    <ele>58.2</ele>
   </trkpt>
   <trkpt lat="56.2315310" lon="10.1396710">
    <ele>58.2</ele>
   </trkpt>
   <trkpt lat="56.2314550" lon="10.1396430">
    <ele>58.0</ele>
   </trkpt>
   <trkpt lat="56.2313790" lon="10.1396170">
    <ele>57.8</ele>
   </trkpt>
   <trkpt lat="56.2313020" lon="10.1395970">
    <ele>57.8</ele>
   </trkpt>
   <trkpt lat="56.2312280" lon="10.1395860">
    <ele>57.6</ele>
   </trkpt>
   <trkpt lat="56.2311560" lon="10.1395710">
    <ele>57.6</ele>
   </trkpt>
   <trkpt lat="56.2310850" lon="10.1395620">
    <ele>57.6</ele>
   </trkpt>
   <trkpt lat="56.2310180" lon="10.1395520">
    <ele>57.4</ele>
   </trkpt>
   <trkpt lat="56.2309510" lon="10.1395340">
    <ele>57.4</ele>
   </trkpt>
   <trkpt lat="56.2308860" lon="10.1395050">
    <ele>57.4</ele>
   </trkpt>
   <trkpt lat="56.2308220" lon="10.1394720">
    <ele>57.4</ele>
   </trkpt>
   <trkpt lat="56.2307560" lon="10.1394480">
    <ele>57.4</ele>
   </trkpt>
   <trkpt lat="56.2306880" lon="10.1394350">
    <ele>57.2</ele>
   </trkpt>
   <trkpt lat="56.2306200" lon="10.1394240">
    <ele>56.8</ele>
   </trkpt>
   <trkpt lat="56.2305510" lon="10.1394120">
    <ele>56.6</ele>
   </trkpt>
   <trkpt lat="56.2304840" lon="10.1393980">
    <ele>56.2</ele>
   </trkpt>
   <trkpt lat="56.2304220" lon="10.1393870">
    <ele>56.0</ele>
   </trkpt>
   <trkpt lat="56.2303650" lon="10.1393900">
    <ele>55.8</ele>
   </trkpt>
   <trkpt lat="56.2303150" lon="10.1394230">
    <ele>55.8</ele>
   </trkpt>
   <trkpt lat="56.2302750" lon="10.1394910">
    <ele>55.8</ele>
   </trkpt>
   <trkpt lat="56.2302460" lon="10.1395870">
    <ele>55.8</ele>
   </trkpt>
   <trkpt lat="56.2302220" lon="10.1396970">
    <ele>55.6</ele>
   </trkpt>
   <trkpt lat="56.2302020" lon="10.1398110">
    <ele>55.4</ele>
   </trkpt>
   <trkpt lat="56.2301790" lon="10.1399260">
    <ele>55.2</ele>
   </trkpt>
   <trkpt lat="56.2301580" lon="10.1400390">
    <ele>54.8</ele>
   </trkpt>
   <trkpt lat="56.2301380" lon="10.1401550">
    <ele>54.6</ele>
   </trkpt>
   <trkpt lat="56.2301200" lon="10.1402740">
    <ele>54.6</ele>
   </trkpt>
   <trkpt lat="56.2300990" lon="10.1403900">
    <ele>54.6</ele>
   </trkpt>
   <trkpt lat="56.2300770" lon="10.1405020">
    <ele>54.6</ele>
   </trkpt>
   <trkpt lat="56.2300540" lon="10.1406170">
    <ele>54.4</ele>
   </trkpt>
   <trkpt lat="56.2300350" lon="10.1407340">
    <ele>54.4</ele>
   </trkpt>
   <trkpt lat="56.2300170" lon="10.1408510">
    <ele>54.4</ele>
   </trkpt>
   <trkpt lat="56.2300010" lon="10.1409720">
    <ele>54.4</ele>
   </trkpt>
   <trkpt lat="56.2299840" lon="10.1410890">
    <ele>54.4</ele>
   </trkpt>
   <trkpt lat="56.2299640" lon="10.1412050">
    <ele>54.4</ele>
   </trkpt>
   <trkpt lat="56.2299420" lon="10.1413180">
    <ele>54.2</ele>
   </trkpt>
   <trkpt lat="56.2299200" lon="10.1414280">
    <ele>54.4</ele>
   </trkpt>
   <trkpt lat="56.2298960" lon="10.1415350">
    <ele>54.4</ele>
   </trkpt>
   <trkpt lat="56.2298720" lon="10.1416430">
    <ele>54.4</ele>
   </trkpt>
   <trkpt lat="56.2298520" lon="10.1417480">
    <ele>54.6</ele>
   </trkpt>
   <trkpt lat="56.2298340" lon="10.1418530">
    <ele>55.0</ele>
   </trkpt>
   <trkpt lat="56.2298180" lon="10.1419560">
    <ele>55.2</ele>
   </trkpt>
   <trkpt lat="56.2298020" lon="10.1420660">
    <ele>55.2</ele>
   </trkpt>
   <trkpt lat="56.2297850" lon="10.1421820">
    <ele>55.2</ele>
   </trkpt>
   <trkpt lat="56.2297640" lon="10.1423000">
    <ele>55.2</ele>
   </trkpt>
   <trkpt lat="56.2297400" lon="10.1424220">
    <ele>55.0</ele>
   </trkpt>
   <trkpt lat="56.2297160" lon="10.1425470">
    <ele>54.6</ele>
   </trkpt>
   <trkpt lat="56.2296910" lon="10.1426740">
    <ele>54.2</ele>
   </trkpt>
   <trkpt lat="56.2296660" lon="10.1427990">
    <ele>54.2</ele>
   </trkpt>
   <trkpt lat="56.2296410" lon="10.1429230">
    <ele>54.0</ele>
   </trkpt>
   <trkpt lat="56.2296110" lon="10.1430440">
    <ele>54.0</ele>
   </trkpt>
   <trkpt lat="56.2295780" lon="10.1431630">
    <ele>54.0</ele>
   </trkpt>
   <trkpt lat="56.2295420" lon="10.1432800">
    <ele>53.8</ele>
   </trkpt>
   <trkpt lat="56.2295050" lon="10.1433940">
    <ele>53.8</ele>
   </trkpt>
   <trkpt lat="56.2294690" lon="10.1435080">
    <ele>53.8</ele>
   </trkpt>
   <trkpt lat="56.2294330" lon="10.1436210">
    <ele>53.8</ele>
   </trkpt>
   <trkpt lat="56.2293950" lon="10.1437360">
    <ele>53.8</ele>
   </trkpt>
   <trkpt lat="56.2293580" lon="10.1438470">
    <ele>53.6</ele>
   </trkpt>
   <trkpt lat="56.2293210" lon="10.1439590">
    <ele>53.6</ele>
   </trkpt>
   <trkpt lat="56.2292850" lon="10.1440740">
    <ele>53.6</ele>
   </trkpt>
   <trkpt lat="56.2292500" lon="10.1441880">
    <ele>53.4</ele>
   </trkpt>
   <trkpt lat="56.2292190" lon="10.1443000">
    <ele>53.2</ele>
   </trkpt>
   <trkpt lat="56.2291910" lon="10.1444110">
    <ele>53.0</ele>
   </trkpt>
   <trkpt lat="56.2291640" lon="10.1445210">
    <ele>53.0</ele>
   </trkpt>
   <trkpt lat="56.2291400" lon="10.1446340">
    <ele>53.0</ele>
   </trkpt>
   <trkpt lat="56.2291170" lon="10.1447460">
    <ele>53.0</ele>
   </trkpt>
   <trkpt lat="56.2290910" lon="10.1448570">
    <ele>53.2</ele>
   </trkpt>
   <trkpt lat="56.2290660" lon="10.1449670">
    <ele>53.4</ele>
   </trkpt>
   <trkpt lat="56.2290410" lon="10.1450740">
    <ele>53.8</ele>
   </trkpt>
   <trkpt lat="56.2290170" lon="10.1451830">
    <ele>54.0</ele>
   </trkpt>
   <trkpt lat="56.2289930" lon="10.1452890">
    <ele>54.2</ele>
   </trkpt>
   <trkpt lat="56.2289710" lon="10.1453910">
    <ele>54.2</ele>
   </trkpt>
   <trkpt lat="56.2289490" lon="10.1454870">
    <ele>54.4</ele>
   </trkpt>
   <trkpt lat="56.2289280" lon="10.1455760">
    <ele>54.4</ele>
   </trkpt>
   <trkpt lat="56.2289090" lon="10.1456630">
    <ele>54.6</ele>
   </trkpt>
   <trkpt lat="56.2288890" lon="10.1457530">
    <ele>54.8</ele>
   </trkpt>
   <trkpt lat="56.2288700" lon="10.1458390">
    <ele>55.0</ele>
   </trkpt>
   <trkpt lat="56.2288460" lon="10.1459270">
    <ele>55.2</ele>
   </trkpt>
   <trkpt lat="56.2288190" lon="10.1460140">
    <ele>55.4</ele>
   </trkpt>
   <trkpt lat="56.2287910" lon="10.1460980">
    <ele>55.6</ele>
   </trkpt>
   <trkpt lat="56.2287610" lon="10.1461840">
    <ele>55.6</ele>
   </trkpt>
   <trkpt lat="56.2287280" lon="10.1462670">
    <ele>55.8</ele>
   </trkpt>
   <trkpt lat="56.2286940" lon="10.1463460">
    <ele>55.8</ele>
   </trkpt>
   <trkpt lat="56.2286600" lon="10.1464260">
    <ele>55.8</ele>
   </trkpt>
   <trkpt lat="56.2286260" lon="10.1465080">
    <ele>56.0</ele>
   </trkpt>
   <trkpt lat="56.2285920" lon="10.1465900">
    <ele>56.4</ele>
   </trkpt>
   <trkpt lat="56.2285570" lon="10.1466750">
    <ele>56.4</ele>
   </trkpt>
   <trkpt lat="56.2285250" lon="10.1467650">
    <ele>56.4</ele>
   </trkpt>
   <trkpt lat="56.2284890" lon="10.1468560">
    <ele>56.4</ele>
   </trkpt>
   <trkpt lat="56.2284530" lon="10.1469520">
    <ele>56.4</ele>
   </trkpt>
   <trkpt lat="56.2284160" lon="10.1470460">
    <ele>56.4</ele>
   </trkpt>
   <trkpt lat="56.2283760" lon="10.1471390">
    <ele>56.2</ele>
   </trkpt>
   <trkpt lat="56.2283360" lon="10.1472340">
    <ele>56.0</ele>
   </trkpt>
   <trkpt lat="56.2282940" lon="10.1473280">
    <ele>56.0</ele>
   </trkpt>
   <trkpt lat="56.2282500" lon="10.1474200">
    <ele>56.0</ele>
   </trkpt>
   <trkpt lat="56.2282050" lon="10.1475100">
    <ele>55.8</ele>
   </trkpt>
   <trkpt lat="56.2281570" lon="10.1475930">
    <ele>55.8</ele>
   </trkpt>
   <trkpt lat="56.2281040" lon="10.1476680">
    <ele>55.8</ele>
   </trkpt>
   <trkpt lat="56.2280480" lon="10.1477320">
    <ele>55.8</ele>
   </trkpt>
   <trkpt lat="56.2279880" lon="10.1477840">
    <ele>56.0</ele>
   </trkpt>
   <trkpt lat="56.2279240" lon="10.1478240">
    <ele>56.0</ele>
   </trkpt>
   <trkpt lat="56.2278590" lon="10.1478490">
    <ele>56.0</ele>
   </trkpt>
   <trkpt lat="56.2277930" lon="10.1478660">
    <ele>56.2</ele>
   </trkpt>
   <trkpt lat="56.2277270" lon="10.1478790">
    <ele>56.2</ele>
   </trkpt>
   <trkpt lat="56.2276600" lon="10.1478920">
    <ele>56.4</ele>
   </trkpt>
   <trkpt lat="56.2275940" lon="10.1479050">
    <ele>56.6</ele>
   </trkpt>
   <trkpt lat="56.2275310" lon="10.1479250">
    <ele>56.6</ele>
   </trkpt>
   <trkpt lat="56.2274690" lon="10.1479530">
    <ele>56.6</ele>
   </trkpt>
   <trkpt lat="56.2274090" lon="10.1479930">
    <ele>56.8</ele>
   </trkpt>
   <trkpt lat="56.2273540" lon="10.1480440">
    <ele>57.0</ele>
   </trkpt>
   <trkpt lat="56.2273020" lon="10.1481070">
    <ele>57.0</ele>
   </trkpt>
   <trkpt lat="56.2272550" lon="10.1481800">
    <ele>57.2</ele>
   </trkpt>
   <trkpt lat="56.2272150" lon="10.1482600">
    <ele>57.4</ele>
   </trkpt>
   <trkpt lat="56.2271810" lon="10.1483490">
    <ele>57.4</ele>
   </trkpt>
   <trkpt lat="56.2271540" lon="10.1484390">
    <ele>57.8</ele>
   </trkpt>
   <trkpt lat="56.2271310" lon="10.1485290">
    <ele>58.0</ele>
   </trkpt>
   <trkpt lat="56.2271110" lon="10.1486190">
    <ele>58.2</ele>
   </trkpt>
   <trkpt lat="56.2270980" lon="10.1487070">
    <ele>58.2</ele>
   </trkpt>
   <trkpt lat="56.2270880" lon="10.1487900">
    <ele>58.4</ele>
   </trkpt>
   <trkpt lat="56.2270780" lon="10.1488690">
    <ele>58.4</ele>
   </trkpt>
   <trkpt lat="56.2270670" lon="10.1489420">
    <ele>58.4</ele>
   </trkpt>
   <trkpt lat="56.2270540" lon="10.1490090">
    <ele>58.6</ele>
   </trkpt>
   <trkpt lat="56.2270420" lon="10.1490670">
    <ele>58.6</ele>
   </trkpt>
   <trkpt lat="56.2270300" lon="10.1491090">
    <ele>58.8</ele>
   </trkpt>
   <trkpt lat="56.2270240" lon="10.1491310">
    <ele>59.0</ele>
   </trkpt>
   <trkpt lat="56.2270230" lon="10.1491390">
    <ele>59.2</ele>
   </trkpt>
   <trkpt lat="56.2270230" lon="10.1491390">
    <ele>60.0</ele>
   </trkpt>
   <trkpt lat="56.2269890" lon="10.1491670">
    <ele>60.6</ele>
   </trkpt>
   <trkpt lat="56.2269690" lon="10.1491700">
    <ele>60.4</ele>
   </trkpt>
   <trkpt lat="56.2269440" lon="10.1491640">
    <ele>60.2</ele>
   </trkpt>
   <trkpt lat="56.2269110" lon="10.1491450">
    <ele>60.0</ele>
   </trkpt>
   <trkpt lat="56.2268730" lon="10.1491220">
    <ele>60.0</ele>
   </trkpt>
   <trkpt lat="56.2268280" lon="10.1490990">
    <ele>59.8</ele>
   </trkpt>
   <trkpt lat="56.2267780" lon="10.1490780">
    <ele>59.6</ele>
   </trkpt>
   <trkpt lat="56.2267230" lon="10.1490590">
    <ele>59.4</ele>
   </trkpt>
   <trkpt lat="56.2266660" lon="10.1490350">
    <ele>59.4</ele>
   </trkpt>
   <trkpt lat="56.2266090" lon="10.1490020">
    <ele>59.4</ele>
   </trkpt>
   <trkpt lat="56.2265510" lon="10.1489690">
    <ele>59.4</ele>
   </trkpt>
   <trkpt lat="56.2264940" lon="10.1489370">
    <ele>59.4</ele>
   </trkpt>
   <trkpt lat="56.2264370" lon="10.1489060">
    <ele>59.6</ele>
   </trkpt>
   <trkpt lat="56.2263800" lon="10.1488730">
    <ele>59.8</ele>
   </trkpt>
   <trkpt lat="56.2263240" lon="10.1488360">
    <ele>59.8</ele>
   </trkpt>
   <trkpt lat="56.2262670" lon="10.1488030">
    <ele>60.0</ele>
   </trkpt>
   <trkpt lat="56.2262100" lon="10.1487710">
    <ele>60.2</ele>
   </trkpt>
   <trkpt lat="56.2261530" lon="10.1487420">
    <ele>60.6</ele>
   </trkpt>
   <trkpt lat="56.2260970" lon="10.1487210">
    <ele>61.0</ele>
   </trkpt>
   <trkpt lat="56.2260410" lon="10.1487020">
    <ele>61.2</ele>
   </trkpt>
   <trkpt lat="56.2259840" lon="10.1486820">
    <ele>61.8</ele>
   </trkpt>
   <trkpt lat="56.2259280" lon="10.1486590">
    <ele>62.2</ele>
   </trkpt>
   <trkpt lat="56.2258730" lon="10.1486270">
    <ele>62.6</ele>
   </trkpt>
   <trkpt lat="56.2258190" lon="10.1485930">
    <ele>63.0</ele>
   </trkpt>
   <trkpt lat="56.2257650" lon="10.1485610">
    <ele>63.2</ele>
   </trkpt>
   <trkpt lat="56.2257100" lon="10.1485300">
    <ele>63.4</ele>
   </trkpt>
   <trkpt lat="56.2256550" lon="10.1485010">
    <ele>63.4</ele>
   </trkpt>
   <trkpt lat="56.2256000" lon="10.1484720">
    <ele>63.6</ele>
   </trkpt>
   <trkpt lat="56.2255440" lon="10.1484440">
    <ele>63.8</ele>
   </trkpt>
   <trkpt lat="56.2254860" lon="10.1484200">
    <ele>64.0</ele>
   </trkpt>
   <trkpt lat="56.2254250" lon="10.1483990">
    <ele>64.0</ele>
   </trkpt>
   <trkpt lat="56.2253660" lon="10.1483790">
    <ele>64.2</ele>
   </trkpt>
   <trkpt lat="56.2253060" lon="10.1483630">
    <ele>64.4</ele>
   </trkpt>
   <trkpt lat="56.2252450" lon="10.1483490">
    <ele>64.6</ele>
   </trkpt>
   <trkpt lat="56.2251840" lon="10.1483390">
    <ele>64.6</ele>
   </trkpt>
   <trkpt lat="56.2251220" lon="10.1483320">
    <ele>64.8</ele>
   </trkpt>
   <trkpt lat="56.2250580" lon="10.1483270">
    <ele>64.8</ele>
   </trkpt>
   <trkpt lat="56.2249950" lon="10.1483250">
    <ele>65.0</ele>
   </trkpt>
   <trkpt lat="56.2249320" lon="10.1483280">
    <ele>65.0</ele>
   </trkpt>
   <trkpt lat="56.2248700" lon="10.1483370">
    <ele>65.2</ele>
   </trkpt>
   <trkpt lat="56.2248060" lon="10.1483450">
    <ele>65.2</ele>
   </trkpt>
   <trkpt lat="56.2247430" lon="10.1483550">
    <ele>65.2</ele>
   </trkpt>
   <trkpt lat="56.2246810" lon="10.1483670">
    <ele>65.2</ele>
   </trkpt>
   <trkpt lat="56.2246190" lon="10.1483840">
    <ele>65.2</ele>
   </trkpt>
   <trkpt lat="56.2245570" lon="10.1484030">
    <ele>65.4</ele>
   </trkpt>
   <trkpt lat="56.2244940" lon="10.1484240">
    <ele>65.4</ele>
   </trkpt>
   <trkpt lat="56.2244320" lon="10.1484460">
    <ele>65.4</ele>
   </trkpt>
   <trkpt lat="56.2243690" lon="10.1484750">
    <ele>65.4</ele>
   </trkpt>
   <trkpt lat="56.2243070" lon="10.1485110">
    <ele>65.4</ele>
   </trkpt>
   <trkpt lat="56.2242450" lon="10.1485500">
    <ele>65.4</ele>
   </trkpt>
   <trkpt lat="56.2241850" lon="10.1485920">
    <ele>65.6</ele>
   </trkpt>
   <trkpt lat="56.2241260" lon="10.1486350">
    <ele>65.6</ele>
   </trkpt>
   <trkpt lat="56.2240680" lon="10.1486790">
    <ele>65.6</ele>
   </trkpt>
   <trkpt lat="56.2240090" lon="10.1487250">
    <ele>65.6</ele>
   </trkpt>
   <trkpt lat="56.2239530" lon="10.1487770">
    <ele>65.8</ele>
   </trkpt>
   <trkpt lat="56.2238960" lon="10.1488330">
    <ele>65.8</ele>
   </trkpt>
   <trkpt lat="56.2238410" lon="10.1488900">
    <ele>66.0</ele>
   </trkpt>
   <trkpt lat="56.2237880" lon="10.1489490">
    <ele>66.0</ele>
   </trkpt>
   <trkpt lat="56.2237370" lon="10.1490100">
    <ele>66.0</ele>
   </trkpt>
   <trkpt lat="56.2236850" lon="10.1490720">
    <ele>66.0</ele>
   </trkpt>
   <trkpt lat="56.2236350" lon="10.1491340">
    <ele>66.2</ele>
   </trkpt>
   <trkpt lat="56.2235880" lon="10.1492010">
    <ele>66.2</ele>
   </trkpt>
   <trkpt lat="56.2235420" lon="10.1492700">
    <ele>66.4</ele>
   </trkpt>
   <trkpt lat="56.2234970" lon="10.1493360">
    <ele>66.8</ele>
   </trkpt>
   <trkpt lat="56.2234520" lon="10.1493980">
    <ele>67.0</ele>
   </trkpt>
   <trkpt lat="56.2234090" lon="10.1494620">
    <ele>67.4</ele>
   </trkpt>
   <trkpt lat="56.2233660" lon="10.1495270">
    <ele>67.6</ele>
   </trkpt>
   <trkpt lat="56.2233240" lon="10.1495900">
    <ele>68.0</ele>
   </trkpt>
   <trkpt lat="56.2232830" lon="10.1496570">
    <ele>68.2</ele>
   </trkpt>
   <trkpt lat="56.2232410" lon="10.1497230">
    <ele>68.4</ele>
   </trkpt>
   <trkpt lat="56.2231990" lon="10.1497900">
    <ele>68.8</ele>
   </trkpt>
   <trkpt lat="56.2231580" lon="10.1498550">
    <ele>69.2</ele>
   </trkpt>
   <trkpt lat="56.2231190" lon="10.1499200">
    <ele>69.4</ele>
   </trkpt>
   <trkpt lat="56.2230810" lon="10.1499850">
    <ele>69.4</ele>
   </trkpt>
   <trkpt lat="56.2230420" lon="10.1500470">
    <ele>69.6</ele>
   </trkpt>
   <trkpt lat="56.2230050" lon="10.1501020">
    <ele>69.8</ele>
   </trkpt>
   <trkpt lat="56.2229690" lon="10.1501550">
    <ele>70.0</ele>
   </trkpt>
   <trkpt lat="56.2229350" lon="10.1502090">
    <ele>70.2</ele>
   </trkpt>
   <trkpt lat="56.2229010" lon="10.1502600">
    <ele>70.4</ele>
   </trkpt>
   <trkpt lat="56.2228670" lon="10.1503070">
    <ele>70.6</ele>
   </trkpt>
   <trkpt lat="56.2228330" lon="10.1503500">
    <ele>70.6</ele>
   </trkpt>
   <trkpt lat="56.2228000" lon="10.1503920">
    <ele>70.8</ele>
   </trkpt>
   <trkpt lat="56.2227690" lon="10.1504310">
    <ele>70.8</ele>
   </trkpt>
   <trkpt lat="56.2227400" lon="10.1504630">
    <ele>70.8</ele>
   </trkpt>
   <trkpt lat="56.2227150" lon="10.1504900">
    <ele>70.8</ele>
   </trkpt>
   <trkpt lat="56.2226940" lon="10.1505180">
    <ele>70.8</ele>
   </trkpt>
   <trkpt lat="56.2226740" lon="10.1505480">
    <ele>70.8</ele>
   </trkpt>
   <trkpt lat="56.2226550" lon="10.1505860">
    <ele>70.8</ele>
   </trkpt>
   <trkpt lat="56.2226430" lon="10.1506430">
    <ele>70.8</ele>
   </trkpt>
   <trkpt lat="56.2226410" lon="10.1507110">
    <ele>70.8</ele>
   </trkpt>
   <trkpt lat="56.2226520" lon="10.1507840">
    <ele>70.8</ele>
   </trkpt>
   <trkpt lat="56.2226680" lon="10.1508560">
    <ele>70.6</ele>
   </trkpt>
   <trkpt lat="56.2226880" lon="10.1509300">
    <ele>70.6</ele>
   </trkpt>
   <trkpt lat="56.2227080" lon="10.1510080">
    <ele>70.6</ele>
   </trkpt>
   <trkpt lat="56.2227290" lon="10.1510890">
    <ele>70.4</ele>
   </trkpt>
   <trkpt lat="56.2227530" lon="10.1511700">
    <ele>70.4</ele>
   </trkpt>
   <trkpt lat="56.2227760" lon="10.1512520">
    <ele>70.4</ele>
   </trkpt>
   <trkpt lat="56.2227960" lon="10.1513390">
    <ele>70.4</ele>
   </trkpt>
   <trkpt lat="56.2228120" lon="10.1514310">
    <ele>70.4</ele>
   </trkpt>
   <trkpt lat="56.2228240" lon="10.1515300">
    <ele>70.4</ele>
   </trkpt>
   <trkpt lat="56.2228320" lon="10.1516350">
    <ele>70.4</ele>
   </trkpt>
   <trkpt lat="56.2228350" lon="10.1517450">
    <ele>70.0</ele>
   </trkpt>
   <trkpt lat="56.2228330" lon="10.1518580">
    <ele>69.6</ele>
   </trkpt>
   <trkpt lat="56.2228290" lon="10.1519710">
    <ele>69.2</ele>
   </trkpt>
   <trkpt lat="56.2228250" lon="10.1520880">
    <ele>69.0</ele>
   </trkpt>
   <trkpt lat="56.2228180" lon="10.1522090">
    <ele>68.8</ele>
   </trkpt>
   <trkpt lat="56.2228120" lon="10.1523310">
    <ele>68.6</ele>
   </trkpt>
   <trkpt lat="56.2228050" lon="10.1524540">
    <ele>68.2</ele>
   </trkpt>
   <trkpt lat="56.2228000" lon="10.1525740">
    <ele>67.8</ele>
   </trkpt>
   <trkpt lat="56.2227940" lon="10.1526910">
    <ele>67.8</ele>
   </trkpt>
   <trkpt lat="56.2227870" lon="10.1528100">
    <ele>67.6</ele>
   </trkpt>
   <trkpt lat="56.2227810" lon="10.1529310">
    <ele>67.6</ele>
   </trkpt>
   <trkpt lat="56.2227750" lon="10.1530500">
    <ele>67.4</ele>
   </trkpt>
   <trkpt lat="56.2227700" lon="10.1531670">
    <ele>67.4</ele>
   </trkpt>
   <trkpt lat="56.2227660" lon="10.1532840">
    <ele>67.6</ele>
   </trkpt>
   <trkpt lat="56.2227620" lon="10.1534000">
    <ele>67.4</ele>
   </trkpt>
   <trkpt lat="56.2227560" lon="10.1535150">
    <ele>67.6</ele>
   </trkpt>
   <trkpt lat="56.2227500" lon="10.1536290">
    <ele>67.6</ele>
   </trkpt>
   <trkpt lat="56.2227430" lon="10.1537460">
    <ele>67.6</ele>
   </trkpt>
   <trkpt lat="56.2227360" lon="10.1538620">
    <ele>67.6</ele>
   </trkpt>
   <trkpt lat="56.2227300" lon="10.1539780">
    <ele>67.8</ele>
   </trkpt>
   <trkpt lat="56.2227250" lon="10.1540920">
    <ele>67.8</ele>
   </trkpt>
   <trkpt lat="56.2227200" lon="10.1542060">
    <ele>67.8</ele>
   </trkpt>
   <trkpt lat="56.2227160" lon="10.1543210">
    <ele>67.8</ele>
   </trkpt>
   <trkpt lat="56.2227090" lon="10.1544340">
    <ele>67.8</ele>
   </trkpt>
   <trkpt lat="56.2227020" lon="10.1545470">
    <ele>67.8</ele>
   </trkpt>
   <trkpt lat="56.2226960" lon="10.1546620">
    <ele>67.8</ele>
   </trkpt>
   <trkpt lat="56.2226910" lon="10.1547810">
    <ele>67.8</ele>
   </trkpt>
   <trkpt lat="56.2226850" lon="10.1549040">
    <ele>67.8</ele>
   </trkpt>
   <trkpt lat="56.2226790" lon="10.1550300">
    <ele>67.8</ele>
   </trkpt>
   <trkpt lat="56.2226720" lon="10.1551580">
    <ele>67.4</ele>
   </trkpt>
   <trkpt lat="56.2226660" lon="10.1552880">
    <ele>67.2</ele>
   </trkpt>
   <trkpt lat="56.2226600" lon="10.1554210">
    <ele>66.8</ele>
   </trkpt>
   <trkpt lat="56.2226540" lon="10.1555550">
    <ele>66.6</ele>
   </trkpt>
   <trkpt lat="56.2226480" lon="10.1556910">
    <ele>66.0</ele>
   </trkpt>
   <trkpt lat="56.2226460" lon="10.1558300">
    <ele>65.6</ele>
   </trkpt>
   <trkpt lat="56.2226470" lon="10.1559700">
    <ele>65.2</ele>
   </trkpt>
   <trkpt lat="56.2226510" lon="10.1561100">
    <ele>64.6</ele>
   </trkpt>
   <trkpt lat="56.2226580" lon="10.1562520">
    <ele>64.2</ele>
   </trkpt>
   <trkpt lat="56.2226670" lon="10.1563940">
    <ele>63.8</ele>
   </trkpt>
   <trkpt lat="56.2226800" lon="10.1565340">
    <ele>63.4</ele>
   </trkpt>
   <trkpt lat="56.2226950" lon="10.1566720">
    <ele>63.0</ele>
   </trkpt>
   <trkpt lat="56.2227140" lon="10.1568040">
    <ele>62.4</ele>
   </trkpt>
   <trkpt lat="56.2227340" lon="10.1569290">
    <ele>61.8</ele>
   </trkpt>
   <trkpt lat="56.2227530" lon="10.1570530">
    <ele>61.4</ele>
   </trkpt>
   <trkpt lat="56.2227680" lon="10.1571760">
    <ele>61.2</ele>
   </trkpt>
   <trkpt lat="56.2227790" lon="10.1572960">
    <ele>61.2</ele>
   </trkpt>
   <trkpt lat="56.2227880" lon="10.1574120">
    <ele>61.2</ele>
   </trkpt>
   <trkpt lat="56.2227920" lon="10.1575260">
    <ele>61.2</ele>
   </trkpt>
   <trkpt lat="56.2227930" lon="10.1576390">
    <ele>61.8</ele>
   </trkpt>
   <trkpt lat="56.2227940" lon="10.1577510">
    <ele>62.0</ele>
   </trkpt>
   <trkpt lat="56.2227900" lon="10.1578630">
    <ele>63.0</ele>
   </trkpt>
   <trkpt lat="56.2227850" lon="10.1579760">
    <ele>63.6</ele>
   </trkpt>
   <trkpt lat="56.2227830" lon="10.1580880">
    <ele>64.0</ele>
   </trkpt>
   <trkpt lat="56.2227790" lon="10.1581960">
    <ele>64.2</ele>
   </trkpt>
   <trkpt lat="56.2227730" lon="10.1583000">
    <ele>64.4</ele>
   </trkpt>
   <trkpt lat="56.2227690" lon="10.1584030">
    <ele>64.6</ele>
   </trkpt>
   <trkpt lat="56.2227650" lon="10.1585050">
    <ele>64.8</ele>
   </trkpt>
   <trkpt lat="56.2227590" lon="10.1586060">
    <ele>65.2</ele>
   </trkpt>
   <trkpt lat="56.2227530" lon="10.1587090">
    <ele>65.6</ele>
   </trkpt>
   <trkpt lat="56.2227480" lon="10.1588120">
    <ele>65.8</ele>
   </trkpt>
   <trkpt lat="56.2227440" lon="10.1589150">
    <ele>65.8</ele>
   </trkpt>
   <trkpt lat="56.2227380" lon="10.1590160">
    <ele>65.8</ele>
   </trkpt>
   <trkpt lat="56.2227330" lon="10.1591190">
    <ele>65.6</ele>
   </trkpt>
   <trkpt lat="56.2227270" lon="10.1592200">
    <ele>65.6</ele>
   </trkpt>
   <trkpt lat="56.2227280" lon="10.1593200">
    <ele>65.4</ele>
   </trkpt>
   <trkpt lat="56.2227370" lon="10.1594190">
    <ele>65.2</ele>
   </trkpt>
   <trkpt lat="56.2227540" lon="10.1595090">
    <ele>65.2</ele>
   </trkpt>
   <trkpt lat="56.2227710" lon="10.1595810">
    <ele>65.2</ele>
   </trkpt>
   <trkpt lat="56.2227800" lon="10.1596390">
    <ele>65.0</ele>
   </trkpt>
   <trkpt lat="56.2227730" lon="10.1596870">
    <ele>65.0</ele>
   </trkpt>
   <trkpt lat="56.2227470" lon="10.1597260">
    <ele>65.0</ele>
   </trkpt>
   <trkpt lat="56.2227130" lon="10.1597640">
    <ele>65.0</ele>
   </trkpt>
   <trkpt lat="56.2226710" lon="10.1598060">
    <ele>65.0</ele>
   </trkpt>
   <trkpt lat="56.2226230" lon="10.1598450">
    <ele>65.0</ele>
   </trkpt>
   <trkpt lat="56.2225690" lon="10.1598730">
    <ele>65.0</ele>
   </trkpt>
   <trkpt lat="56.2225120" lon="10.1598890">
    <ele>65.0</ele>
   </trkpt>
   <trkpt lat="56.2224520" lon="10.1599010">
    <ele>64.8</ele>
   </trkpt>
   <trkpt lat="56.2223900" lon="10.1599130">
    <ele>64.8</ele>
   </trkpt>
   <trkpt lat="56.2223290" lon="10.1599230">
    <ele>64.6</ele>
   </trkpt>
   <trkpt lat="56.2222720" lon="10.1599310">
    <ele>64.6</ele>
   </trkpt>
   <trkpt lat="56.2222260" lon="10.1599370">
    <ele>64.4</ele>
   </trkpt>
   <trkpt lat="56.2221950" lon="10.1599490">
    <ele>64.2</ele>
   </trkpt>
   <trkpt lat="56.2221790" lon="10.1599790">
    <ele>64.2</ele>
   </trkpt>
   <trkpt lat="56.2221750" lon="10.1600230">
    <ele>64.2</ele>
   </trkpt>
   <trkpt lat="56.2221770" lon="10.1600670">
    <ele>64.2</ele>
   </trkpt>
   <trkpt lat="56.2221760" lon="10.1601090">
    <ele>64.0</ele>
   </trkpt>
   <trkpt lat="56.2221680" lon="10.1601400">
    <ele>64.0</ele>
   </trkpt>
   <trkpt lat="56.2221540" lon="10.1601570">
    <ele>64.0</ele>
   </trkpt>
   <trkpt lat="56.2221350" lon="10.1601740">
    <ele>64.0</ele>
   </trkpt>
   <trkpt lat="56.2221240" lon="10.1602050">
    <ele>64.0</ele>
   </trkpt>
   <trkpt lat="56.2221230" lon="10.1602550">
    <ele>64.0</ele>
   </trkpt>
   <trkpt lat="56.2221260" lon="10.1603220">
    <ele>64.0</ele>
   </trkpt>
   <trkpt lat="56.2221330" lon="10.1604010">
    <ele>64.0</ele>
   </trkpt>
   <trkpt lat="56.2221420" lon="10.1604870">
    <ele>64.0</ele>
   </trkpt>
   <trkpt lat="56.2221470" lon="10.1605780">
    <ele>64.0</ele>
   </trkpt>
   <trkpt lat="56.2221500" lon="10.1606750">
    <ele>63.8</ele>
   </trkpt>
   <trkpt lat="56.2221590" lon="10.1607720">
    <ele>63.8</ele>
   </trkpt>
   <trkpt lat="56.2221730" lon="10.1608710">
    <ele>63.6</ele>
   </trkpt>
   <trkpt lat="56.2221830" lon="10.1609710">
    <ele>63.6</ele>
   </trkpt>
   <trkpt lat="56.2221880" lon="10.1610700">
    <ele>63.6</ele>
   </trkpt>
   <trkpt lat="56.2221910" lon="10.1611690">
    <ele>63.6</ele>
   </trkpt>
   <trkpt lat="56.2221940" lon="10.1612690">
    <ele>63.8</ele>
   </trkpt>
   <trkpt lat="56.2221960" lon="10.1613700">
    <ele>63.8</ele>
   </trkpt>
   <trkpt lat="56.2221990" lon="10.1614740">
    <ele>64.0</ele>
   </trkpt>
   <trkpt lat="56.2221980" lon="10.1615780">
    <ele>64.2</ele>
   </trkpt>
   <trkpt lat="56.2221880" lon="10.1616850">
    <ele>64.2</ele>
   </trkpt>
   <trkpt lat="56.2221730" lon="10.1617900">
    <ele>64.2</ele>
   </trkpt>
   <trkpt lat="56.2221550" lon="10.1618960">
    <ele>64.4</ele>
   </trkpt>
   <trkpt lat="56.2221340" lon="10.1620070">
    <ele>64.4</ele>
   </trkpt>
   <trkpt lat="56.2221140" lon="10.1621160">
    <ele>64.4</ele>
   </trkpt>
   <trkpt lat="56.2220970" lon="10.1622290">
    <ele>64.4</ele>
   </trkpt>
   <trkpt lat="56.2220830" lon="10.1623460">
    <ele>64.2</ele>
   </trkpt>
   <trkpt lat="56.2220710" lon="10.1624620">
    <ele>64.0</ele>
   </trkpt>
   <trkpt lat="56.2220580" lon="10.1625780">
    <ele>63.8</ele>
   </trkpt>
   <trkpt lat="56.2220490" lon="10.1626950">
    <ele>63.4</ele>
   </trkpt>
   <trkpt lat="56.2220420" lon="10.1628110">
    <ele>63.4</ele>
   </trkpt>
   <trkpt lat="56.2220390" lon="10.1629290">
    <ele>63.2</ele>
   </trkpt>
   <trkpt lat="56.2220360" lon="10.1630470">
    <ele>63.2</ele>
   </trkpt>
   <trkpt lat="56.2220380" lon="10.1631670">
    <ele>63.2</ele>
   </trkpt>
   <trkpt lat="56.2220430" lon="10.1632830">
    <ele>63.4</ele>
   </trkpt>
   <trkpt lat="56.2220490" lon="10.1633940">
    <ele>63.4</ele>
   </trkpt>
   <trkpt lat="56.2220590" lon="10.1635020">
    <ele>63.4</ele>
   </trkpt>
   <trkpt lat="56.2220700" lon="10.1636040">
    <ele>63.2</ele>
   </trkpt>
   <trkpt lat="56.2220780" lon="10.1637030">
    <ele>63.2</ele>
   </trkpt>
   <trkpt lat="56.2220860" lon="10.1637980">
    <ele>63.0</ele>
   </trkpt>
   <trkpt lat="56.2220940" lon="10.1638880">
    <ele>63.0</ele>
   </trkpt>
   <trkpt lat="56.2220950" lon="10.1639710">
    <ele>63.2</ele>
   </trkpt>
   <trkpt lat="56.2220800" lon="10.1640380">
    <ele>63.2</ele>
   </trkpt>
   <trkpt lat="56.2220530" lon="10.1640820">
    <ele>63.4</ele>
   </trkpt>
   <trkpt lat="56.2220140" lon="10.1641140">
    <ele>63.6</ele>
   </trkpt>
   <trkpt lat="56.2219660" lon="10.1641500">
    <ele>63.8</ele>
   </trkpt>
   <trkpt lat="56.2219170" lon="10.1642000">
    <ele>63.8</ele>
   </trkpt>
   <trkpt lat="56.2218650" lon="10.1642550">
    <ele>63.8</ele>
   </trkpt>
   <trkpt lat="56.2218100" lon="10.1643070">
    <ele>63.8</ele>
   </trkpt>
   <trkpt lat="56.2217510" lon="10.1643540">
    <ele>63.6</ele>
   </trkpt>
   <trkpt lat="56.2216910" lon="10.1644000">
    <ele>63.4</ele>
   </trkpt>
   <trkpt lat="56.2216320" lon="10.1644540">
    <ele>63.2</ele>
   </trkpt>
   <trkpt lat="56.2215720" lon="10.1645080">
    <ele>63.0</ele>
   </trkpt>
   <trkpt lat="56.2215100" lon="10.1645530">
    <ele>62.8</ele>
   </trkpt>
   <trkpt lat="56.2214470" lon="10.1645970">
    <ele>62.4</ele>
   </trkpt>
   <trkpt lat="56.2213820" lon="10.1646480">
    <ele>62.2</ele>
   </trkpt>
   <trkpt lat="56.2213160" lon="10.1646960">
    <ele>62.0</ele>
   </trkpt>
   <trkpt lat="56.2212490" lon="10.1647440">
    <ele>61.8</ele>
   </trkpt>
   <trkpt lat="56.2211810" lon="10.1647980">
    <ele>61.6</ele>
   </trkpt>
   <trkpt lat="56.2211110" lon="10.1648490">
    <ele>61.6</ele>
   </trkpt>
   <trkpt lat="56.2210410" lon="10.1649040">
    <ele>61.0</ele>
   </trkpt>
   <trkpt lat="56.2209710" lon="10.1649610">
    <ele>60.6</ele>
   </trkpt>
   <trkpt lat="56.2208990" lon="10.1650180">
    <ele>60.2</ele>
   </trkpt>
   <trkpt lat="56.2208260" lon="10.1650770">
    <ele>59.6</ele>
   </trkpt>
   <trkpt lat="56.2207510" lon="10.1651390">
    <ele>59.4</ele>
   </trkpt>
   <trkpt lat="56.2206730" lon="10.1652010">
    <ele>59.2</ele>
   </trkpt>
   <trkpt lat="56.2205940" lon="10.1652640">
    <ele>58.8</ele>
   </trkpt>
   <trkpt lat="56.2205120" lon="10.1653300">
    <ele>58.4</ele>
   </trkpt>
   <trkpt lat="56.2204280" lon="10.1653950">
    <ele>57.8</ele>
   </trkpt>
   <trkpt lat="56.2203440" lon="10.1654610">
    <ele>57.4</ele>
   </trkpt>
   <trkpt lat="56.2202570" lon="10.1655300">
    <ele>56.8</ele>
   </trkpt>
   <trkpt lat="56.2201690" lon="10.1656010">
    <ele>56.0</ele>
   </trkpt>
   <trkpt lat="56.2200790" lon="10.1656720">
    <ele>55.6</ele>
   </trkpt>
   <trkpt lat="56.2199880" lon="10.1657450">
    <ele>54.8</ele>
   </trkpt>
   <trkpt lat="56.2198950" lon="10.1658190">
    <ele>54.4</ele>
   </trkpt>
   <trkpt lat="56.2198010" lon="10.1658940">
    <ele>54.0</ele>
   </trkpt>
   <trkpt lat="56.2197060" lon="10.1659640">
    <ele>53.2</ele>
   </trkpt>
   <trkpt lat="56.2196100" lon="10.1660340">
    <ele>52.8</ele>
   </trkpt>
   <trkpt lat="56.2195130" lon="10.1661090">
    <ele>52.2</ele>
   </trkpt>
   <trkpt lat="56.2194180" lon="10.1661820">
    <ele>51.4</ele>
   </trkpt>
   <trkpt lat="56.2193250" lon="10.1662550">
    <ele>50.6</ele>
   </trkpt>
   <trkpt lat="56.2192310" lon="10.1663280">
    <ele>50.4</ele>
   </trkpt>
   <trkpt lat="56.2191360" lon="10.1664040">
    <ele>49.6</ele>
   </trkpt>
   <trkpt lat="56.2190430" lon="10.1664770">
    <ele>48.8</ele>
   </trkpt>
   <trkpt lat="56.2189500" lon="10.1665480">
    <ele>47.6</ele>
   </trkpt>
   <trkpt lat="56.2188590" lon="10.1666140">
    <ele>46.8</ele>
   </trkpt>
   <trkpt lat="56.2187700" lon="10.1666760">
    <ele>46.0</ele>
   </trkpt>
   <trkpt lat="56.2186810" lon="10.1667300">
    <ele>45.2</ele>
   </trkpt>
   <trkpt lat="56.2185940" lon="10.1667780">
    <ele>44.6</ele>
   </trkpt>
   <trkpt lat="56.2185070" lon="10.1668280">
    <ele>43.8</ele>
   </trkpt>
   <trkpt lat="56.2184200" lon="10.1668840">
    <ele>43.0</ele>
   </trkpt>
   <trkpt lat="56.2183350" lon="10.1669440">
    <ele>42.4</ele>
   </trkpt>
   <trkpt lat="56.2182510" lon="10.1670130">
    <ele>41.6</ele>
   </trkpt>
   <trkpt lat="56.2181670" lon="10.1670860">
    <ele>41.0</ele>
   </trkpt>
   <trkpt lat="56.2180840" lon="10.1671520">
    <ele>40.4</ele>
   </trkpt>
   <trkpt lat="56.2180010" lon="10.1672150">
    <ele>40.2</ele>
   </trkpt>
   <trkpt lat="56.2179210" lon="10.1672810">
    <ele>39.6</ele>
   </trkpt>
   <trkpt lat="56.2178440" lon="10.1673540">
    <ele>39.4</ele>
   </trkpt>
   <trkpt lat="56.2177710" lon="10.1674320">
    <ele>39.0</ele>
   </trkpt>
   <trkpt lat="56.2177000" lon="10.1675120">
    <ele>38.8</ele>
   </trkpt>
   <trkpt lat="56.2176270" lon="10.1675870">
    <ele>38.8</ele>
   </trkpt>
   <trkpt lat="56.2175530" lon="10.1676550">
    <ele>38.6</ele>
   </trkpt>
   <trkpt lat="56.2174770" lon="10.1677210">
    <ele>38.4</ele>
   </trkpt>
   <trkpt lat="56.2173970" lon="10.1677880">
    <ele>37.8</ele>
   </trkpt>
   <trkpt lat="56.2173160" lon="10.1678530">
    <ele>37.4</ele>
   </trkpt>
   <trkpt lat="56.2172340" lon="10.1679170">
    <ele>37.4</ele>
   </trkpt>
   <trkpt lat="56.2171480" lon="10.1679850">
    <ele>37.0</ele>
   </trkpt>
   <trkpt lat="56.2170590" lon="10.1680560">
    <ele>36.2</ele>
   </trkpt>
   <trkpt lat="56.2169660" lon="10.1681280">
    <ele>35.4</ele>
   </trkpt>
   <trkpt lat="56.2168710" lon="10.1682050">
    <ele>34.2</ele>
   </trkpt>
   <trkpt lat="56.2167740" lon="10.1682830">
    <ele>33.6</ele>
   </trkpt>
   <trkpt lat="56.2166740" lon="10.1683620">
    <ele>32.8</ele>
   </trkpt>
   <trkpt lat="56.2165720" lon="10.1684410">
    <ele>32.0</ele>
   </trkpt>
   <trkpt lat="56.2164680" lon="10.1685220">
    <ele>31.4</ele>
   </trkpt>
   <trkpt lat="56.2163640" lon="10.1686050">
    <ele>30.8</ele>
   </trkpt>
   <trkpt lat="56.2162590" lon="10.1686880">
    <ele>30.0</ele>
   </trkpt>
   <trkpt lat="56.2161560" lon="10.1687720">
    <ele>29.4</ele>
   </trkpt>
   <trkpt lat="56.2160530" lon="10.1688570">
    <ele>29.0</ele>
   </trkpt>
   <trkpt lat="56.2159490" lon="10.1689410">
    <ele>28.6</ele>
   </trkpt>
   <trkpt lat="56.2158440" lon="10.1690220">
    <ele>28.2</ele>
   </trkpt>
   <trkpt lat="56.2157380" lon="10.1691050">
    <ele>27.6</ele>
   </trkpt>
   <trkpt lat="56.2156320" lon="10.1691870">
    <ele>27.0</ele>
   </trkpt>
   <trkpt lat="56.2155250" lon="10.1692710">
    <ele>26.4</ele>
   </trkpt>
   <trkpt lat="56.2154180" lon="10.1693570">
    <ele>25.8</ele>
   </trkpt>
   <trkpt lat="56.2153130" lon="10.1694420">
    <ele>25.2</ele>
   </trkpt>
   <trkpt lat="56.2152080" lon="10.1695240">
    <ele>24.4</ele>
   </trkpt>
   <trkpt lat="56.2151060" lon="10.1696040">
    <ele>24.0</ele>
   </trkpt>
   <trkpt lat="56.2150070" lon="10.1696740">
    <ele>23.8</ele>
   </trkpt>
   <trkpt lat="56.2149110" lon="10.1697290">
    <ele>23.2</ele>
   </trkpt>
   <trkpt lat="56.2148140" lon="10.1697720">
    <ele>23.0</ele>
   </trkpt>
   <trkpt lat="56.2147200" lon="10.1698200">
    <ele>22.6</ele>
   </trkpt>
   <trkpt lat="56.2146340" lon="10.1698740">
    <ele>22.2</ele>
   </trkpt>
   <trkpt lat="56.2145560" lon="10.1699290">
    <ele>22.0</ele>
   </trkpt>
   <trkpt lat="56.2144850" lon="10.1699810">
    <ele>21.6</ele>
   </trkpt>
   <trkpt lat="56.2144220" lon="10.1700300">
    <ele>21.4</ele>
   </trkpt>
   <trkpt lat="56.2143740" lon="10.1700700">
    <ele>21.2</ele>
   </trkpt>
   <trkpt lat="56.2143370" lon="10.1701010">
    <ele>21.0</ele>
   </trkpt>
   <trkpt lat="56.2142970" lon="10.1701300">
    <ele>20.8</ele>
   </trkpt>
   <trkpt lat="56.2142520" lon="10.1701650">
    <ele>20.8</ele>
   </trkpt>
   <trkpt lat="56.2142060" lon="10.1702020">
    <ele>20.6</ele>
   </trkpt>
   <trkpt lat="56.2141650" lon="10.1702350">
    <ele>20.4</ele>
   </trkpt>
   <trkpt lat="56.2141300" lon="10.1702580">
    <ele>20.2</ele>
   </trkpt>
   <trkpt lat="56.2141050" lon="10.1702730">
    <ele>19.8</ele>
   </trkpt>
   <trkpt lat="56.2140880" lon="10.1702930">
    <ele>19.6</ele>
   </trkpt>
   <trkpt lat="56.2140780" lon="10.1703130">
    <ele>19.6</ele>
   </trkpt>
   <trkpt lat="56.2140760" lon="10.1703180">
    <ele>19.6</ele>
   </trkpt>
   <trkpt lat="56.2140760" lon="10.1703180">
    <ele>19.6</ele>
   </trkpt>
   <trkpt lat="56.2140880" lon="10.1703850">
    <ele>19.8</ele>
   </trkpt>
   <trkpt lat="56.2140920" lon="10.1704120">
    <ele>19.8</ele>
   </trkpt>
   <trkpt lat="56.2140960" lon="10.1704390">
    <ele>19.8</ele>
   </trkpt>
   <trkpt lat="56.2140980" lon="10.1704680">
    <ele>19.8</ele>
   </trkpt>
   <trkpt lat="56.2141040" lon="10.1704970">
    <ele>19.8</ele>
   </trkpt>
   <trkpt lat="56.2141110" lon="10.1705260">
    <ele>19.8</ele>
   </trkpt>
   <trkpt lat="56.2141150" lon="10.1705630">
    <ele>19.8</ele>
   </trkpt>
   <trkpt lat="56.2141100" lon="10.1706100">
    <ele>19.8</ele>
   </trkpt>
   <trkpt lat="56.2140950" lon="10.1706530">
    <ele>19.8</ele>
   </trkpt>
   <trkpt lat="56.2140710" lon="10.1706850">
    <ele>19.6</ele>
   </trkpt>
   <trkpt lat="56.2140400" lon="10.1707110">
    <ele>19.4</ele>
   </trkpt>
   <trkpt lat="56.2140020" lon="10.1707390">
    <ele>19.4</ele>
   </trkpt>
   <trkpt lat="56.2139580" lon="10.1707700">
    <ele>19.2</ele>
   </trkpt>
   <trkpt lat="56.2139080" lon="10.1708060">
    <ele>19.2</ele>
   </trkpt>
   <trkpt lat="56.2138550" lon="10.1708460">
    <ele>19.0</ele>
   </trkpt>
   <trkpt lat="56.2138000" lon="10.1708900">
    <ele>18.8</ele>
   </trkpt>
   <trkpt lat="56.2137420" lon="10.1709340">
    <ele>18.4</ele>
   </trkpt>
   <trkpt lat="56.2136800" lon="10.1709810">
    <ele>18.2</ele>
   </trkpt>
   <trkpt lat="56.2136150" lon="10.1710320">
    <ele>17.6</ele>
   </trkpt>
   <trkpt lat="56.2135480" lon="10.1710860">
    <ele>17.2</ele>
   </trkpt>
   <trkpt lat="56.2134800" lon="10.1711420">
    <ele>17.0</ele>
   </trkpt>
   <trkpt lat="56.2134110" lon="10.1711990">
    <ele>16.8</ele>
   </trkpt>
   <trkpt lat="56.2133420" lon="10.1712610">
    <ele>16.6</ele>
   </trkpt>
   <trkpt lat="56.2132730" lon="10.1713260">
    <ele>16.2</ele>
   </trkpt>
   <trkpt lat="56.2132010" lon="10.1713910">
    <ele>15.8</ele>
   </trkpt>
   <trkpt lat="56.2131260" lon="10.1714540">
    <ele>15.6</ele>
   </trkpt>
   <trkpt lat="56.2130500" lon="10.1715110">
    <ele>15.0</ele>
   </trkpt>
   <trkpt lat="56.2129700" lon="10.1715640">
    <ele>14.6</ele>
   </trkpt>
   <trkpt lat="56.2128890" lon="10.1716220">
    <ele>14.0</ele>
   </trkpt>
   <trkpt lat="56.2128090" lon="10.1716850">
    <ele>13.8</ele>
   </trkpt>
   <trkpt lat="56.2127270" lon="10.1717470">
    <ele>13.4</ele>
   </trkpt>
   <trkpt lat="56.2126450" lon="10.1718090">
    <ele>13.0</ele>
   </trkpt>
   <trkpt lat="56.2125640" lon="10.1718710">
    <ele>12.6</ele>
   </trkpt>
   <trkpt lat="56.2124860" lon="10.1719340">
    <ele>12.4</ele>
   </trkpt>
   <trkpt lat="56.2124100" lon="10.1719960">
    <ele>12.2</ele>
   </trkpt>
   <trkpt lat="56.2123370" lon="10.1720530">
    <ele>12.0</ele>
   </trkpt>
   <trkpt lat="56.2122700" lon="10.1721060">
    <ele>11.6</ele>
   </trkpt>
   <trkpt lat="56.2122080" lon="10.1721540">
    <ele>11.4</ele>
   </trkpt>
   <trkpt lat="56.2121530" lon="10.1722090">
    <ele>11.2</ele>
   </trkpt>
   <trkpt lat="56.2121060" lon="10.1722820">
    <ele>10.8</ele>
   </trkpt>
   <trkpt lat="56.2120690" lon="10.1723690">
    <ele>10.4</ele>
   </trkpt>
   <trkpt lat="56.2120480" lon="10.1724660">
    <ele>10.0</ele>
   </trkpt>
   <trkpt lat="56.2120480" lon="10.1725700">
    <ele>9.6</ele>
   </trkpt>
   <trkpt lat="56.2120680" lon="10.1726700">
    <ele>9.2</ele>
   </trkpt>
   <trkpt lat="56.2121050" lon="10.1727570">
    <ele>8.8</ele>
   </trkpt>
   <trkpt lat="56.2121560" lon="10.1728240">
    <ele>8.6</ele>
   </trkpt>
   <trkpt lat="56.2122130" lon="10.1728820">
    <ele>8.2</ele>
   </trkpt>
   <trkpt lat="56.2122680" lon="10.1729480">
    <ele>7.8</ele>
   </trkpt>
   <trkpt lat="56.2123120" lon="10.1730340">
    <ele>7.4</ele>
   </trkpt>
   <trkpt lat="56.2123450" lon="10.1731350">
    <ele>7.2</ele>
   </trkpt>
   <trkpt lat="56.2123590" lon="10.1732450">
    <ele>7.0</ele>
   </trkpt>
   <trkpt lat="56.2123460" lon="10.1733530">
    <ele>6.8</ele>
   </trkpt>
   <trkpt lat="56.2123180" lon="10.1734410">
    <ele>6.4</ele>
   </trkpt>
   <trkpt lat="56.2122810" lon="10.1735050">
    <ele>6.0</ele>
   </trkpt>
   <trkpt lat="56.2122310" lon="10.1735630">
    <ele>5.6</ele>
   </trkpt>
   <trkpt lat="56.2121670" lon="10.1736210">
    <ele>5.4</ele>
   </trkpt>
   <trkpt lat="56.2120990" lon="10.1736730">
    <ele>4.8</ele>
   </trkpt>
   <trkpt lat="56.2120380" lon="10.1737100">
    <ele>4.8</ele>
   </trkpt>
   <trkpt lat="56.2119900" lon="10.1737350">
    <ele>4.6</ele>
   </trkpt>
   <trkpt lat="56.2119500" lon="10.1737510">
    <ele>4.6</ele>
   </trkpt>
   <trkpt lat="56.2119130" lon="10.1737550">
    <ele>4.6</ele>
   </trkpt>
   <trkpt lat="56.2118790" lon="10.1737490">
    <ele>4.8</ele>
   </trkpt>
   <trkpt lat="56.2118460" lon="10.1737450">
    <ele>5.0</ele>
   </trkpt>
   <trkpt lat="56.2118130" lon="10.1737350">
    <ele>5.0</ele>
   </trkpt>
   <trkpt lat="56.2117800" lon="10.1737110">
    <ele>5.2</ele>
   </trkpt>
   <trkpt lat="56.2117480" lon="10.1736770">
    <ele>5.2</ele>
   </trkpt>
   <trkpt lat="56.2117170" lon="10.1736370">
    <ele>5.2</ele>
   </trkpt>
   <trkpt lat="56.2116780" lon="10.1736040">
    <ele>5.0</ele>
   </trkpt>
   <trkpt lat="56.2116330" lon="10.1735760">
    <ele>5.0</ele>
   </trkpt>
   <trkpt lat="56.2115850" lon="10.1735490">
    <ele>5.0</ele>
   </trkpt>
   <trkpt lat="56.2115350" lon="10.1735240">
    <ele>4.8</ele>
   </trkpt>
   <trkpt lat="56.2114810" lon="10.1735090">
    <ele>4.8</ele>
   </trkpt>
   <trkpt lat="56.2114240" lon="10.1735040">
    <ele>4.8</ele>
   </trkpt>
   <trkpt lat="56.2113650" lon="10.1735040">
    <ele>4.6</ele>
   </trkpt>
   <trkpt lat="56.2113050" lon="10.1735050">
    <ele>4.6</ele>
   </trkpt>
   <trkpt lat="56.2112440" lon="10.1735170">
    <ele>4.4</ele>
   </trkpt>
   <trkpt lat="56.2111820" lon="10.1735400">
    <ele>4.4</ele>
   </trkpt>
   <trkpt lat="56.2110590" lon="10.1736190">
    <ele>4.2</ele>
   </trkpt>
   <trkpt lat="56.2110290" lon="10.1736430">
    <ele>4.2</ele>
   </trkpt>
   <trkpt lat="56.2109980" lon="10.1736660">
    <ele>4.0</ele>
   </trkpt>
   <trkpt lat="56.2109370" lon="10.1737140">
    <ele>4.0</ele>
   </trkpt>
   <trkpt lat="56.2108750" lon="10.1737610">
    <ele>3.8</ele>
   </trkpt>
   <trkpt lat="56.2108100" lon="10.1738080">
    <ele>3.8</ele>
   </trkpt>
   <trkpt lat="56.2107430" lon="10.1738510">
    <ele>3.8</ele>
   </trkpt>
   <trkpt lat="56.2106740" lon="10.1738860">
    <ele>3.8</ele>
   </trkpt>
   <trkpt lat="56.2106070" lon="10.1739160">
    <ele>3.8</ele>
   </trkpt>
   <trkpt lat="56.2105400" lon="10.1739350">
    <ele>3.8</ele>
   </trkpt>
   <trkpt lat="56.2104750" lon="10.1739450">
    <ele>3.8</ele>
   </trkpt>
   <trkpt lat="56.2104140" lon="10.1739530">
    <ele>4.0</ele>
   </trkpt>
   <trkpt lat="56.2103540" lon="10.1739590">
    <ele>4.0</ele>
   </trkpt>
   <trkpt lat="56.2102960" lon="10.1739590">
    <ele>4.4</ele>
   </trkpt>
   <trkpt lat="56.2102400" lon="10.1739610">
    <ele>4.8</ele>
   </trkpt>
   <trkpt lat="56.2101840" lon="10.1739650">
    <ele>5.0</ele>
   </trkpt>
   <trkpt lat="56.2101280" lon="10.1739740">
    <ele>5.4</ele>
   </trkpt>
   <trkpt lat="56.2100720" lon="10.1739870">
    <ele>5.8</ele>
   </trkpt>
   <trkpt lat="56.2100170" lon="10.1740030">
    <ele>6.0</ele>
   </trkpt>
   <trkpt lat="56.2099640" lon="10.1740260">
    <ele>6.4</ele>
   </trkpt>
   <trkpt lat="56.2099090" lon="10.1740500">
    <ele>6.6</ele>
   </trkpt>
   <trkpt lat="56.2098550" lon="10.1740780">
    <ele>7.0</ele>
   </trkpt>
   <trkpt lat="56.2098030" lon="10.1741060">
    <ele>7.2</ele>
   </trkpt>
   <trkpt lat="56.2097510" lon="10.1741340">
    <ele>7.6</ele>
   </trkpt>
   <trkpt lat="56.2097020" lon="10.1741670">
    <ele>7.8</ele>
   </trkpt>
   <trkpt lat="56.2096530" lon="10.1742030">
    <ele>8.0</ele>
   </trkpt>
   <trkpt lat="56.2096040" lon="10.1742360">
    <ele>8.4</ele>
   </trkpt>
   <trkpt lat="56.2095550" lon="10.1742730">
    <ele>8.6</ele>
   </trkpt>
   <trkpt lat="56.2095050" lon="10.1743080">
    <ele>8.8</ele>
   </trkpt>
   <trkpt lat="56.2094560" lon="10.1743400">
    <ele>9.2</ele>
   </trkpt>
   <trkpt lat="56.2094070" lon="10.1743750">
    <ele>9.2</ele>
   </trkpt>
   <trkpt lat="56.2093590" lon="10.1744110">
    <ele>9.4</ele>
   </trkpt>
   <trkpt lat="56.2093090" lon="10.1744490">
    <ele>9.6</ele>
   </trkpt>
   <trkpt lat="56.2092590" lon="10.1744860">
    <ele>9.8</ele>
   </trkpt>
   <trkpt lat="56.2092110" lon="10.1745200">
    <ele>10.0</ele>
   </trkpt>
   <trkpt lat="56.2091630" lon="10.1745550">
    <ele>10.2</ele>
   </trkpt>
   <trkpt lat="56.2091140" lon="10.1745900">
    <ele>10.4</ele>
   </trkpt>
   <trkpt lat="56.2090670" lon="10.1746240">
    <ele>10.6</ele>
   </trkpt>
   <trkpt lat="56.2090180" lon="10.1746570">
    <ele>11.0</ele>
   </trkpt>
   <trkpt lat="56.2089680" lon="10.1746880">
    <ele>11.2</ele>
   </trkpt>
   <trkpt lat="56.2089200" lon="10.1747220">
    <ele>11.2</ele>
   </trkpt>
   <trkpt lat="56.2088710" lon="10.1747590">
    <ele>11.4</ele>
   </trkpt>
   <trkpt lat="56.2088230" lon="10.1747940">
    <ele>11.6</ele>
   </trkpt>
   <trkpt lat="56.2087750" lon="10.1748300">
    <ele>11.6</ele>
   </trkpt>
   <trkpt lat="56.2087270" lon="10.1748630">
    <ele>11.8</ele>
   </trkpt>
   <trkpt lat="56.2086780" lon="10.1748980">
    <ele>12.0</ele>
   </trkpt>
   <trkpt lat="56.2086300" lon="10.1749310">
    <ele>12.4</ele>
   </trkpt>
   <trkpt lat="56.2085860" lon="10.1749680">
    <ele>12.4</ele>
   </trkpt>
   <trkpt lat="56.2085410" lon="10.1750030">
    <ele>12.6</ele>
   </trkpt>
   <trkpt lat="56.2084950" lon="10.1750370">
    <ele>12.8</ele>
   </trkpt>
   <trkpt lat="56.2084520" lon="10.1750720">
    <ele>12.8</ele>
   </trkpt>
   <trkpt lat="56.2084100" lon="10.1751080">
    <ele>13.2</ele>
   </trkpt>
   <trkpt lat="56.2083670" lon="10.1751440">
    <ele>13.4</ele>
   </trkpt>
   <trkpt lat="56.2083250" lon="10.1751790">
    <ele>13.6</ele>
   </trkpt>
   <trkpt lat="56.2082800" lon="10.1752130">
    <ele>13.6</ele>
   </trkpt>
   <trkpt lat="56.2082360" lon="10.1752470">
    <ele>13.8</ele>
   </trkpt>
   <trkpt lat="56.2081900" lon="10.1752750">
    <ele>14.0</ele>
   </trkpt>
   <trkpt lat="56.2081460" lon="10.1753070">
    <ele>14.0</ele>
   </trkpt>
   <trkpt lat="56.2081040" lon="10.1753440">
    <ele>14.4</ele>
   </trkpt>
   <trkpt lat="56.2080630" lon="10.1753770">
    <ele>14.6</ele>
   </trkpt>
   <trkpt lat="56.2080210" lon="10.1754090">
    <ele>14.6</ele>
   </trkpt>
   <trkpt lat="56.2079790" lon="10.1754400">
    <ele>14.8</ele>
   </trkpt>
   <trkpt lat="56.2079370" lon="10.1754690">
    <ele>15.2</ele>
   </trkpt>
   <trkpt lat="56.2078980" lon="10.1755030">
    <ele>15.2</ele>
   </trkpt>
   <trkpt lat="56.2078600" lon="10.1755370">
    <ele>15.4</ele>
   </trkpt>
   <trkpt lat="56.2078200" lon="10.1755660">
    <ele>15.6</ele>
   </trkpt>
   <trkpt lat="56.2077800" lon="10.1755960">
    <ele>15.6</ele>
   </trkpt>
   <trkpt lat="56.2077410" lon="10.1756280">
    <ele>15.8</ele>
   </trkpt>
   <trkpt lat="56.2077020" lon="10.1756620">
    <ele>16.0</ele>
   </trkpt>
   <trkpt lat="56.2076630" lon="10.1756980">
    <ele>16.2</ele>
   </trkpt>
   <trkpt lat="56.2076240" lon="10.1757310">
    <ele>16.4</ele>
   </trkpt>
   <trkpt lat="56.2075840" lon="10.1757610">
    <ele>16.4</ele>
   </trkpt>
   <trkpt lat="56.2075430" lon="10.1757930">
    <ele>16.6</ele>
   </trkpt>
   <trkpt lat="56.2075030" lon="10.1758280">
    <ele>16.6</ele>
   </trkpt>
   <trkpt lat="56.2074640" lon="10.1758630">
    <ele>16.8</ele>
   </trkpt>
   <trkpt lat="56.2074250" lon="10.1758940">
    <ele>17.2</ele>
   </trkpt>
   <trkpt lat="56.2073840" lon="10.1759240">
    <ele>17.4</ele>
   </trkpt>
   <trkpt lat="56.2073430" lon="10.1759550">
    <ele>17.4</ele>
   </trkpt>
   <trkpt lat="56.2073030" lon="10.1759880">
    <ele>17.6</ele>
   </trkpt>
   <trkpt lat="56.2072640" lon="10.1760200">
    <ele>17.6</ele>
   </trkpt>
   <trkpt lat="56.2072240" lon="10.1760530">
    <ele>17.8</ele>
   </trkpt>
   <trkpt lat="56.2071850" lon="10.1760840">
    <ele>18.0</ele>
   </trkpt>
   <trkpt lat="56.2071470" lon="10.1761150">
    <ele>18.0</ele>
   </trkpt>
   <trkpt lat="56.2071070" lon="10.1761420">
    <ele>18.2</ele>
   </trkpt>
   <trkpt lat="56.2070690" lon="10.1761730">
    <ele>18.6</ele>
   </trkpt>
   <trkpt lat="56.2070310" lon="10.1762030">
    <ele>18.8</ele>
   </trkpt>
   <trkpt lat="56.2069920" lon="10.1762350">
    <ele>18.8</ele>
   </trkpt>
   <trkpt lat="56.2069530" lon="10.1762660">
    <ele>18.8</ele>
   </trkpt>
   <trkpt lat="56.2069150" lon="10.1763000">
    <ele>19.0</ele>
   </trkpt>
   <trkpt lat="56.2068760" lon="10.1763360">
    <ele>19.0</ele>
   </trkpt>
   <trkpt lat="56.2068350" lon="10.1763680">
    <ele>19.2</ele>
   </trkpt>
   <trkpt lat="56.2067940" lon="10.1763950">
    <ele>19.2</ele>
   </trkpt>
   <trkpt lat="56.2067520" lon="10.1764210">
    <ele>19.4</ele>
   </trkpt>
   <trkpt lat="56.2067200" lon="10.1764450">
    <ele>19.4</ele>
   </trkpt>
   <trkpt lat="56.2066810" lon="10.1764760">
    <ele>19.8</ele>
   </trkpt>
   <trkpt lat="56.2066420" lon="10.1765060">
    <ele>19.8</ele>
   </trkpt>
   <trkpt lat="56.2066020" lon="10.1765340">
    <ele>20.0</ele>
   </trkpt>
   <trkpt lat="56.2065650" lon="10.1765670">
    <ele>20.2</ele>
   </trkpt>
   <trkpt lat="56.2065280" lon="10.1766040">
    <ele>20.6</ele>
   </trkpt>
   <trkpt lat="56.2064910" lon="10.1766420">
    <ele>20.6</ele>
   </trkpt>
   <trkpt lat="56.2064540" lon="10.1766760">
    <ele>20.8</ele>
   </trkpt>
   <trkpt lat="56.2064140" lon="10.1767030">
    <ele>21.0</ele>
   </trkpt>
   <trkpt lat="56.2063760" lon="10.1767320">
    <ele>21.2</ele>
   </trkpt>
   <trkpt lat="56.2063370" lon="10.1767640">
    <ele>21.4</ele>
   </trkpt>
   <trkpt lat="56.2062990" lon="10.1767990">
    <ele>21.4</ele>
   </trkpt>
   <trkpt lat="56.2062610" lon="10.1768350">
    <ele>21.6</ele>
   </trkpt>
   <trkpt lat="56.2062220" lon="10.1768700">
    <ele>21.8</ele>
   </trkpt>
   <trkpt lat="56.2061830" lon="10.1769030">
    <ele>22.0</ele>
   </trkpt>
   <trkpt lat="56.2061440" lon="10.1769340">
    <ele>22.2</ele>
   </trkpt>
   <trkpt lat="56.2061040" lon="10.1769600">
    <ele>22.6</ele>
   </trkpt>
   <trkpt lat="56.2060620" lon="10.1769850">
    <ele>23.0</ele>
   </trkpt>
   <trkpt lat="56.2060200" lon="10.1770060">
    <ele>23.0</ele>
   </trkpt>
   <trkpt lat="56.2059770" lon="10.1770240">
    <ele>23.2</ele>
   </trkpt>
   <trkpt lat="56.2059340" lon="10.1770400">
    <ele>23.2</ele>
   </trkpt>
   <trkpt lat="56.2058910" lon="10.1770540">
    <ele>23.4</ele>
   </trkpt>
   <trkpt lat="56.2058470" lon="10.1770620">
    <ele>23.4</ele>
   </trkpt>
   <trkpt lat="56.2058030" lon="10.1770670">
    <ele>23.8</ele>
   </trkpt>
   <trkpt lat="56.2057600" lon="10.1770730">
    <ele>24.0</ele>
   </trkpt>
   <trkpt lat="56.2057160" lon="10.1770800">
    <ele>24.0</ele>
   </trkpt>
   <trkpt lat="56.2056720" lon="10.1770890">
    <ele>24.0</ele>
   </trkpt>
   <trkpt lat="56.2056280" lon="10.1771020">
    <ele>24.2</ele>
   </trkpt>
   <trkpt lat="56.2055830" lon="10.1771130">
    <ele>24.2</ele>
   </trkpt>
   <trkpt lat="56.2055370" lon="10.1771210">
    <ele>24.2</ele>
   </trkpt>
   <trkpt lat="56.2054900" lon="10.1771260">
    <ele>24.4</ele>
   </trkpt>
   <trkpt lat="56.2054440" lon="10.1771350">
    <ele>24.4</ele>
   </trkpt>
   <trkpt lat="56.2053910" lon="10.1771440">
    <ele>24.4</ele>
   </trkpt>
   <trkpt lat="56.2053470" lon="10.1771550">
    <ele>24.4</ele>
   </trkpt>
   <trkpt lat="56.2053020" lon="10.1771640">
    <ele>24.4</ele>
   </trkpt>
   <trkpt lat="56.2052540" lon="10.1771740">
    <ele>24.4</ele>
   </trkpt>
   <trkpt lat="56.2052080" lon="10.1771880">
    <ele>24.4</ele>
   </trkpt>
   <trkpt lat="56.2051710" lon="10.1772010">
    <ele>24.4</ele>
   </trkpt>
   <trkpt lat="56.2051170" lon="10.1772180">
    <ele>24.6</ele>
   </trkpt>
   <trkpt lat="56.2050720" lon="10.1772340">
    <ele>24.6</ele>
   </trkpt>
   <trkpt lat="56.2050250" lon="10.1772530">
    <ele>24.8</ele>
   </trkpt>
   <trkpt lat="56.2049800" lon="10.1772740">
    <ele>24.8</ele>
   </trkpt>
   <trkpt lat="56.2049340" lon="10.1772900">
    <ele>24.8</ele>
   </trkpt>
   <trkpt lat="56.2048880" lon="10.1773060">
    <ele>25.0</ele>
   </trkpt>
   <trkpt lat="56.2048450" lon="10.1773280">
    <ele>25.0</ele>
   </trkpt>
   <trkpt lat="56.2048010" lon="10.1773530">
    <ele>25.2</ele>
   </trkpt>
   <trkpt lat="56.2047570" lon="10.1773790">
    <ele>25.2</ele>
   </trkpt>
   <trkpt lat="56.2047150" lon="10.1774110">
    <ele>25.2</ele>
   </trkpt>
   <trkpt lat="56.2046810" lon="10.1774340">
    <ele>25.4</ele>
   </trkpt>
   <trkpt lat="56.2046310" lon="10.1774680">
    <ele>25.6</ele>
   </trkpt>
   <trkpt lat="56.2045920" lon="10.1775000">
    <ele>25.8</ele>
   </trkpt>
   <trkpt lat="56.2045590" lon="10.1775180">
    <ele>26.0</ele>
   </trkpt>
   <trkpt lat="56.2045240" lon="10.1775380">
    <ele>26.0</ele>
   </trkpt>
   <trkpt lat="56.2044850" lon="10.1775570">
    <ele>26.2</ele>
   </trkpt>
   <trkpt lat="56.2044490" lon="10.1775810">
    <ele>26.4</ele>
   </trkpt>
   <trkpt lat="56.2044130" lon="10.1776080">
    <ele>26.4</ele>
   </trkpt>
   <trkpt lat="56.2043770" lon="10.1776300">
    <ele>26.8</ele>
   </trkpt>
   <trkpt lat="56.2043420" lon="10.1776480">
    <ele>26.8</ele>
   </trkpt>
   <trkpt lat="56.2043090" lon="10.1776650">
    <ele>27.0</ele>
   </trkpt>
   <trkpt lat="56.2042840" lon="10.1776800">
    <ele>27.4</ele>
   </trkpt>
   <trkpt lat="56.2042450" lon="10.1777020">
    <ele>27.6</ele>
   </trkpt>
   <trkpt lat="56.2042110" lon="10.1777200">
    <ele>27.8</ele>
   </trkpt>
   <trkpt lat="56.2041780" lon="10.1777340">
    <ele>28.0</ele>
   </trkpt>
   <trkpt lat="56.2041460" lon="10.1777510">
    <ele>28.2</ele>
   </trkpt>
   <trkpt lat="56.2041150" lon="10.1777710">
    <ele>28.8</ele>
   </trkpt>
   <trkpt lat="56.2040850" lon="10.1777930">
    <ele>29.0</ele>
   </trkpt>
   <trkpt lat="56.2040570" lon="10.1778150">
    <ele>29.2</ele>
   </trkpt>
   <trkpt lat="56.2040280" lon="10.1778370">
    <ele>29.6</ele>
   </trkpt>
   <trkpt lat="56.2039990" lon="10.1778560">
    <ele>30.2</ele>
   </trkpt>
   <trkpt lat="56.2039690" lon="10.1778740">
    <ele>30.2</ele>
   </trkpt>
   <trkpt lat="56.2039410" lon="10.1778950">
    <ele>30.6</ele>
   </trkpt>
   <trkpt lat="56.2039140" lon="10.1779220">
    <ele>31.0</ele>
   </trkpt>
   <trkpt lat="56.2038870" lon="10.1779500">
    <ele>31.0</ele>
   </trkpt>
   <trkpt lat="56.2038600" lon="10.1779790">
    <ele>31.2</ele>
   </trkpt>
   <trkpt lat="56.2038330" lon="10.1780080">
    <ele>31.2</ele>
   </trkpt>
   <trkpt lat="56.2038060" lon="10.1780350">
    <ele>31.4</ele>
   </trkpt>
   <trkpt lat="56.2037800" lon="10.1780620">
    <ele>31.8</ele>
   </trkpt>
   <trkpt lat="56.2037540" lon="10.1780930">
    <ele>32.4</ele>
   </trkpt>
   <trkpt lat="56.2037300" lon="10.1781240">
    <ele>32.8</ele>
   </trkpt>
   <trkpt lat="56.2037070" lon="10.1781550">
    <ele>33.2</ele>
   </trkpt>
   <trkpt lat="56.2036880" lon="10.1781820">
    <ele>33.4</ele>
   </trkpt>
   <trkpt lat="56.2036590" lon="10.1782210">
    <ele>33.6</ele>
   </trkpt>
   <trkpt lat="56.2036360" lon="10.1782540">
    <ele>33.6</ele>
   </trkpt>
   <trkpt lat="56.2036140" lon="10.1782900">
    <ele>33.8</ele>
   </trkpt>
   <trkpt lat="56.2035920" lon="10.1783240">
    <ele>34.0</ele>
   </trkpt>
   <trkpt lat="56.2035680" lon="10.1783600">
    <ele>34.2</ele>
   </trkpt>
   <trkpt lat="56.2035450" lon="10.1783980">
    <ele>34.6</ele>
   </trkpt>
   <trkpt lat="56.2035220" lon="10.1784320">
    <ele>34.8</ele>
   </trkpt>
   <trkpt lat="56.2034980" lon="10.1784650">
    <ele>35.0</ele>
   </trkpt>
   <trkpt lat="56.2034740" lon="10.1785010">
    <ele>35.0</ele>
   </trkpt>
   <trkpt lat="56.2034500" lon="10.1785380">
    <ele>35.2</ele>
   </trkpt>
   <trkpt lat="56.2034270" lon="10.1785740">
    <ele>35.4</ele>
   </trkpt>
   <trkpt lat="56.2034050" lon="10.1786100">
    <ele>35.8</ele>
   </trkpt>
   <trkpt lat="56.2033810" lon="10.1786430">
    <ele>36.0</ele>
   </trkpt>
   <trkpt lat="56.2033570" lon="10.1786760">
    <ele>36.4</ele>
   </trkpt>
   <trkpt lat="56.2033330" lon="10.1787120">
    <ele>36.4</ele>
   </trkpt>
   <trkpt lat="56.2033100" lon="10.1787470">
    <ele>36.6</ele>
   </trkpt>
   <trkpt lat="56.2032850" lon="10.1787810">
    <ele>36.6</ele>
   </trkpt>
   <trkpt lat="56.2032590" lon="10.1788140">
    <ele>36.8</ele>
   </trkpt>
   <trkpt lat="56.2032340" lon="10.1788490">
    <ele>37.2</ele>
   </trkpt>
   <trkpt lat="56.2032090" lon="10.1788850">
    <ele>37.6</ele>
   </trkpt>
   <trkpt lat="56.2031850" lon="10.1789200">
    <ele>37.8</ele>
   </trkpt>
   <trkpt lat="56.2031660" lon="10.1789440">
    <ele>38.2</ele>
   </trkpt>
   <trkpt lat="56.2031370" lon="10.1789790">
    <ele>38.4</ele>
   </trkpt>
   <trkpt lat="56.2031110" lon="10.1790110">
    <ele>38.4</ele>
   </trkpt>
   <trkpt lat="56.2030880" lon="10.1790470">
    <ele>38.8</ele>
   </trkpt>
   <trkpt lat="56.2030650" lon="10.1790840">
    <ele>39.0</ele>
   </trkpt>
   <trkpt lat="56.2030400" lon="10.1791180">
    <ele>39.0</ele>
   </trkpt>
   <trkpt lat="56.2030150" lon="10.1791500">
    <ele>39.2</ele>
   </trkpt>
   <trkpt lat="56.2029900" lon="10.1791830">
    <ele>39.4</ele>
   </trkpt>
   <trkpt lat="56.2029670" lon="10.1792140">
    <ele>39.6</ele>
   </trkpt>
   <trkpt lat="56.2029420" lon="10.1792420">
    <ele>39.8</ele>
   </trkpt>
   <trkpt lat="56.2029170" lon="10.1792700">
    <ele>40.0</ele>
   </trkpt>
   <trkpt lat="56.2028940" lon="10.1793040">
    <ele>40.6</ele>
   </trkpt>
   <trkpt lat="56.2028710" lon="10.1793380">
    <ele>41.0</ele>
   </trkpt>
   <trkpt lat="56.2028460" lon="10.1793700">
    <ele>41.2</ele>
   </trkpt>
   <trkpt lat="56.2028200" lon="10.1793960">
    <ele>41.2</ele>
   </trkpt>
   <trkpt lat="56.2027930" lon="10.1794240">
    <ele>41.4</ele>
   </trkpt>
   <trkpt lat="56.2027660" lon="10.1794550">
    <ele>41.6</ele>
   </trkpt>
   <trkpt lat="56.2027400" lon="10.1794870">
    <ele>41.6</ele>
   </trkpt>
   <trkpt lat="56.2027190" lon="10.1795150">
    <ele>41.8</ele>
   </trkpt>
   <trkpt lat="56.2026890" lon="10.1795580">
    <ele>42.0</ele>
   </trkpt>
   <trkpt lat="56.2026640" lon="10.1795920">
    <ele>42.2</ele>
   </trkpt>
   <trkpt lat="56.2026380" lon="10.1796220">
    <ele>42.4</ele>
   </trkpt>
   <trkpt lat="56.2026160" lon="10.1796460">
    <ele>42.4</ele>
   </trkpt>
   <trkpt lat="56.2025850" lon="10.1796850">
    <ele>42.6</ele>
   </trkpt>
   <trkpt lat="56.2025600" lon="10.1797190">
    <ele>42.8</ele>
   </trkpt>
   <trkpt lat="56.2025360" lon="10.1797540">
    <ele>43.2</ele>
   </trkpt>
   <trkpt lat="56.2025090" lon="10.1797860">
    <ele>43.2</ele>
   </trkpt>
   <trkpt lat="56.2024810" lon="10.1798140">
    <ele>43.6</ele>
   </trkpt>
   <trkpt lat="56.2024540" lon="10.1798440">
    <ele>43.6</ele>
   </trkpt>
   <trkpt lat="56.2024270" lon="10.1798710">
    <ele>43.8</ele>
   </trkpt>
   <trkpt lat="56.2024000" lon="10.1798980">
    <ele>43.8</ele>
   </trkpt>
   <trkpt lat="56.2023730" lon="10.1799260">
    <ele>44.0</ele>
   </trkpt>
   <trkpt lat="56.2023510" lon="10.1799490">
    <ele>44.4</ele>
   </trkpt>
   <trkpt lat="56.2023190" lon="10.1799840">
    <ele>44.4</ele>
   </trkpt>
   <trkpt lat="56.2022950" lon="10.1800170">
    <ele>44.6</ele>
   </trkpt>
   <trkpt lat="56.2022680" lon="10.1800480">
    <ele>44.6</ele>
   </trkpt>
   <trkpt lat="56.2022470" lon="10.1800710">
    <ele>44.8</ele>
   </trkpt>
   <trkpt lat="56.2022150" lon="10.1801020">
    <ele>45.0</ele>
   </trkpt>
   <trkpt lat="56.2021860" lon="10.1801290">
    <ele>45.2</ele>
   </trkpt>
   <trkpt lat="56.2021580" lon="10.1801530">
    <ele>45.4</ele>
   </trkpt>
   <trkpt lat="56.2021290" lon="10.1801760">
    <ele>45.6</ele>
   </trkpt>
   <trkpt lat="56.2021010" lon="10.1802020">
    <ele>45.8</ele>
   </trkpt>
   <trkpt lat="56.2020750" lon="10.1802300">
    <ele>45.8</ele>
   </trkpt>
   <trkpt lat="56.2020490" lon="10.1802600">
    <ele>46.2</ele>
   </trkpt>
   <trkpt lat="56.2020270" lon="10.1802830">
    <ele>46.4</ele>
   </trkpt>
   <trkpt lat="56.2019950" lon="10.1803160">
    <ele>46.6</ele>
   </trkpt>
   <trkpt lat="56.2019730" lon="10.1803400">
    <ele>46.8</ele>
   </trkpt>
   <trkpt lat="56.2019510" lon="10.1803600">
    <ele>47.0</ele>
   </trkpt>
   <trkpt lat="56.2019260" lon="10.1803810">
    <ele>47.0</ele>
   </trkpt>
   <trkpt lat="56.2018990" lon="10.1804040">
    <ele>47.2</ele>
   </trkpt>
   <trkpt lat="56.2018730" lon="10.1804320">
    <ele>47.4</ele>
   </trkpt>
   <trkpt lat="56.2018460" lon="10.1804620">
    <ele>47.6</ele>
   </trkpt>
   <trkpt lat="56.2018180" lon="10.1804900">
    <ele>47.8</ele>
   </trkpt>
   <trkpt lat="56.2017900" lon="10.1805150">
    <ele>47.8</ele>
   </trkpt>
   <trkpt lat="56.2017610" lon="10.1805410">
    <ele>48.0</ele>
   </trkpt>
   <trkpt lat="56.2017330" lon="10.1805670">
    <ele>48.2</ele>
   </trkpt>
   <trkpt lat="56.2017060" lon="10.1805960">
    <ele>48.4</ele>
   </trkpt>
   <trkpt lat="56.2016770" lon="10.1806240">
    <ele>48.6</ele>
   </trkpt>
   <trkpt lat="56.2016500" lon="10.1806500">
    <ele>48.6</ele>
   </trkpt>
   <trkpt lat="56.2016200" lon="10.1806740">
    <ele>49.0</ele>
   </trkpt>
   <trkpt lat="56.2015920" lon="10.1806970">
    <ele>49.2</ele>
   </trkpt>
   <trkpt lat="56.2015640" lon="10.1807230">
    <ele>49.2</ele>
   </trkpt>
   <trkpt lat="56.2015360" lon="10.1807520">
    <ele>49.4</ele>
   </trkpt>
   <trkpt lat="56.2015080" lon="10.1807800">
    <ele>49.6</ele>
   </trkpt>
   <trkpt lat="56.2014780" lon="10.1808050">
    <ele>49.8</ele>
   </trkpt>
   <trkpt lat="56.2014550" lon="10.1808250">
    <ele>49.8</ele>
   </trkpt>
   <trkpt lat="56.2014270" lon="10.1808490">
    <ele>50.0</ele>
   </trkpt>
   <trkpt lat="56.2013950" lon="10.1808770">
    <ele>50.2</ele>
   </trkpt>
   <trkpt lat="56.2013670" lon="10.1809030">
    <ele>50.4</ele>
   </trkpt>
   <trkpt lat="56.2013390" lon="10.1809290">
    <ele>50.6</ele>
   </trkpt>
   <trkpt lat="56.2013100" lon="10.1809530">
    <ele>50.8</ele>
   </trkpt>
   <trkpt lat="56.2012810" lon="10.1809770">
    <ele>51.0</ele>
   </trkpt>
   <trkpt lat="56.2012540" lon="10.1810030">
    <ele>51.4</ele>
   </trkpt>
   <trkpt lat="56.2012260" lon="10.1810330">
    <ele>51.4</ele>
   </trkpt>
   <trkpt lat="56.2011990" lon="10.1810590">
    <ele>51.8</ele>
   </trkpt>
   <trkpt lat="56.2011700" lon="10.1810810">
    <ele>51.8</ele>
   </trkpt>
   <trkpt lat="56.2011390" lon="10.1811030">
    <ele>52.0</ele>
   </trkpt>
   <trkpt lat="56.2011100" lon="10.1811290">
    <ele>52.2</ele>
   </trkpt>
   <trkpt lat="56.2010800" lon="10.1811570">
    <ele>52.4</ele>
   </trkpt>
   <trkpt lat="56.2010500" lon="10.1811870">
    <ele>52.6</ele>
   </trkpt>
   <trkpt lat="56.2010190" lon="10.1812160">
    <ele>52.6</ele>
   </trkpt>
   <trkpt lat="56.2009900" lon="10.1812410">
    <ele>52.8</ele>
   </trkpt>
   <trkpt lat="56.2009620" lon="10.1812640">
    <ele>53.0</ele>
   </trkpt>
   <trkpt lat="56.2009320" lon="10.1812860">
    <ele>53.2</ele>
   </trkpt>
   <trkpt lat="56.2009000" lon="10.1813120">
    <ele>53.4</ele>
   </trkpt>
   <trkpt lat="56.2008710" lon="10.1813400">
    <ele>53.6</ele>
   </trkpt>
   <trkpt lat="56.2008430" lon="10.1813660">
    <ele>53.6</ele>
   </trkpt>
   <trkpt lat="56.2008200" lon="10.1813910">
    <ele>53.8</ele>
   </trkpt>
   <trkpt lat="56.2007890" lon="10.1814310">
    <ele>54.0</ele>
   </trkpt>
   <trkpt lat="56.2007650" lon="10.1814650">
    <ele>54.2</ele>
   </trkpt>
   <trkpt lat="56.2007510" lon="10.1815050">
    <ele>54.2</ele>
   </trkpt>
   <trkpt lat="56.2007490" lon="10.1815490">
    <ele>54.4</ele>
   </trkpt>
   <trkpt lat="56.2007500" lon="10.1815980">
    <ele>54.4</ele>
   </trkpt>
   <trkpt lat="56.2007450" lon="10.1816530">
    <ele>54.4</ele>
   </trkpt>
   <trkpt lat="56.2007300" lon="10.1817010">
    <ele>54.4</ele>
   </trkpt>
   <trkpt lat="56.2007050" lon="10.1817430">
    <ele>54.2</ele>
   </trkpt>
   <trkpt lat="56.2006730" lon="10.1817760">
    <ele>54.0</ele>
   </trkpt>
   <trkpt lat="56.2006350" lon="10.1818040">
    <ele>53.8</ele>
   </trkpt>
   <trkpt lat="56.2006030" lon="10.1818280">
    <ele>53.8</ele>
   </trkpt>
   <trkpt lat="56.2005550" lon="10.1818710">
    <ele>53.8</ele>
   </trkpt>
   <trkpt lat="56.2005140" lon="10.1819060">
    <ele>53.8</ele>
   </trkpt>
   <trkpt lat="56.2004690" lon="10.1819370">
    <ele>53.8</ele>
   </trkpt>
   <trkpt lat="56.2004200" lon="10.1819570">
    <ele>53.6</ele>
   </trkpt>
   <trkpt lat="56.2003710" lon="10.1819530">
    <ele>53.6</ele>
   </trkpt>
   <trkpt lat="56.2003310" lon="10.1819250">
    <ele>53.6</ele>
   </trkpt>
   <trkpt lat="56.2003020" lon="10.1818910">
    <ele>53.4</ele>
   </trkpt>
   <trkpt lat="56.2002940" lon="10.1818430">
    <ele>53.2</ele>
   </trkpt>
   <trkpt lat="56.2002840" lon="10.1817900">
    <ele>53.2</ele>
   </trkpt>
   <trkpt lat="56.2002710" lon="10.1817390">
    <ele>53.2</ele>
   </trkpt>
   <trkpt lat="56.2002540" lon="10.1816820">
    <ele>53.2</ele>
   </trkpt>
   <trkpt lat="56.2002400" lon="10.1816230">
    <ele>53.4</ele>
   </trkpt>
   <trkpt lat="56.2002180" lon="10.1815640">
    <ele>53.6</ele>
   </trkpt>
   <trkpt lat="56.2001980" lon="10.1815020">
    <ele>53.8</ele>
   </trkpt>
   <trkpt lat="56.2001710" lon="10.1814430">
    <ele>53.8</ele>
   </trkpt>
   <trkpt lat="56.2000990" lon="10.1813490">
    <ele>54.0</ele>
   </trkpt>
   <trkpt lat="56.2000030" lon="10.1812710">
    <ele>54.0</ele>
   </trkpt>
   <trkpt lat="56.1999530" lon="10.1812000">
    <ele>54.2</ele>
   </trkpt>
   <trkpt lat="56.1999300" lon="10.1811230">
    <ele>54.4</ele>
   </trkpt>
   <trkpt lat="56.1999220" lon="10.1810430">
    <ele>54.6</ele>
   </trkpt>
   <trkpt lat="56.1999090" lon="10.1809710">
    <ele>54.8</ele>
   </trkpt>
   <trkpt lat="56.1998940" lon="10.1809050">
    <ele>55.2</ele>
   </trkpt>
   <trkpt lat="56.1998780" lon="10.1808500">
    <ele>55.6</ele>
   </trkpt>
   <trkpt lat="56.1998650" lon="10.1808050">
    <ele>56.0</ele>
   </trkpt>
   <trkpt lat="56.1998500" lon="10.1807750">
    <ele>56.2</ele>
   </trkpt>
   <trkpt lat="56.1998310" lon="10.1807730">
    <ele>56.4</ele>
   </trkpt>
   <trkpt lat="56.1998200" lon="10.1807980">
    <ele>56.6</ele>
   </trkpt>
   <trkpt lat="56.1998210" lon="10.1808410">
    <ele>56.6</ele>
   </trkpt>
   <trkpt lat="56.1998320" lon="10.1808920">
    <ele>56.6</ele>
   </trkpt>
   <trkpt lat="56.1998480" lon="10.1809500">
    <ele>56.6</ele>
   </trkpt>
   <trkpt lat="56.1998630" lon="10.1810170">
    <ele>56.6</ele>
   </trkpt>
   <trkpt lat="56.1998760" lon="10.1810740">
    <ele>56.6</ele>
   </trkpt>
   <trkpt lat="56.1998920" lon="10.1811440">
    <ele>56.6</ele>
   </trkpt>
   <trkpt lat="56.1999080" lon="10.1812220">
    <ele>56.6</ele>
   </trkpt>
   <trkpt lat="56.1999260" lon="10.1812820">
    <ele>56.8</ele>
   </trkpt>
   <trkpt lat="56.1999410" lon="10.1813390">
    <ele>57.0</ele>
   </trkpt>
   <trkpt lat="56.1999530" lon="10.1813950">
    <ele>57.0</ele>
   </trkpt>
   <trkpt lat="56.1999550" lon="10.1814510">
    <ele>57.2</ele>
   </trkpt>
   <trkpt lat="56.1999420" lon="10.1815010">
    <ele>57.4</ele>
   </trkpt>
   <trkpt lat="56.1999150" lon="10.1815360">
    <ele>57.8</ele>
   </trkpt>
   <trkpt lat="56.1998900" lon="10.1815550">
    <ele>57.8</ele>
   </trkpt>
   <trkpt lat="56.1998500" lon="10.1815840">
    <ele>58.0</ele>
   </trkpt>
   <trkpt lat="56.1998170" lon="10.1816120">
    <ele>58.2</ele>
   </trkpt>
   <trkpt lat="56.1997810" lon="10.1816400">
    <ele>58.6</ele>
   </trkpt>
   <trkpt lat="56.1997430" lon="10.1816670">
    <ele>59.2</ele>
   </trkpt>
   <trkpt lat="56.1997160" lon="10.1816910">
    <ele>59.4</ele>
   </trkpt>
   <trkpt lat="56.1996740" lon="10.1817270">
    <ele>59.4</ele>
   </trkpt>
   <trkpt lat="56.1996370" lon="10.1817520">
    <ele>59.6</ele>
   </trkpt>
   <trkpt lat="56.1996020" lon="10.1817780">
    <ele>59.6</ele>
   </trkpt>
   <trkpt lat="56.1995660" lon="10.1818070">
    <ele>59.6</ele>
   </trkpt>
   <trkpt lat="56.1995310" lon="10.1818390">
    <ele>59.8</ele>
   </trkpt>
   <trkpt lat="56.1994940" lon="10.1818710">
    <ele>60.2</ele>
   </trkpt>
   <trkpt lat="56.1994560" lon="10.1819050">
    <ele>60.6</ele>
   </trkpt>
   <trkpt lat="56.1994270" lon="10.1819320">
    <ele>60.8</ele>
   </trkpt>
   <trkpt lat="56.1993850" lon="10.1819760">
    <ele>60.8</ele>
   </trkpt>
   <trkpt lat="56.1993460" lon="10.1820140">
    <ele>61.2</ele>
   </trkpt>
   <trkpt lat="56.1993100" lon="10.1820520">
    <ele>61.4</ele>
   </trkpt>
   <trkpt lat="56.1992720" lon="10.1820880">
    <ele>61.6</ele>
   </trkpt>
   <trkpt lat="56.1992360" lon="10.1821210">
    <ele>62.0</ele>
   </trkpt>
   <trkpt lat="56.1991970" lon="10.1821520">
    <ele>62.2</ele>
   </trkpt>
   <trkpt lat="56.1991570" lon="10.1821850">
    <ele>62.2</ele>
   </trkpt>
   <trkpt lat="56.1991180" lon="10.1822180">
    <ele>62.4</ele>
   </trkpt>
   <trkpt lat="56.1990780" lon="10.1822470">
    <ele>62.8</ele>
   </trkpt>
   <trkpt lat="56.1990390" lon="10.1822750">
    <ele>62.8</ele>
   </trkpt>
   <trkpt lat="56.1990010" lon="10.1823020">
    <ele>63.0</ele>
   </trkpt>
   <trkpt lat="56.1989650" lon="10.1823290">
    <ele>63.2</ele>
   </trkpt>
   <trkpt lat="56.1989270" lon="10.1823590">
    <ele>63.4</ele>
   </trkpt>
   <trkpt lat="56.1988880" lon="10.1823900">
    <ele>63.8</ele>
   </trkpt>
   <trkpt lat="56.1988490" lon="10.1824190">
    <ele>64.0</ele>
   </trkpt>
   <trkpt lat="56.1988080" lon="10.1824500">
    <ele>64.2</ele>
   </trkpt>
   <trkpt lat="56.1987770" lon="10.1824760">
    <ele>64.2</ele>
   </trkpt>
   <trkpt lat="56.1987330" lon="10.1825160">
    <ele>64.6</ele>
   </trkpt>
   <trkpt lat="56.1986940" lon="10.1825470">
    <ele>64.6</ele>
   </trkpt>
   <trkpt lat="56.1986540" lon="10.1825760">
    <ele>64.6</ele>
   </trkpt>
   <trkpt lat="56.1986120" lon="10.1826050">
    <ele>65.0</ele>
   </trkpt>
   <trkpt lat="56.1985790" lon="10.1826300">
    <ele>65.0</ele>
   </trkpt>
   <trkpt lat="56.1985290" lon="10.1826700">
    <ele>65.2</ele>
   </trkpt>
   <trkpt lat="56.1984870" lon="10.1827040">
    <ele>65.2</ele>
   </trkpt>
   <trkpt lat="56.1984450" lon="10.1827360">
    <ele>65.2</ele>
   </trkpt>
   <trkpt lat="56.1984010" lon="10.1827690">
    <ele>65.4</ele>
   </trkpt>
   <trkpt lat="56.1983580" lon="10.1828020">
    <ele>65.4</ele>
   </trkpt>
   <trkpt lat="56.1983170" lon="10.1828350">
    <ele>65.4</ele>
   </trkpt>
   <trkpt lat="56.1982770" lon="10.1828680">
    <ele>65.6</ele>
   </trkpt>
   <trkpt lat="56.1982380" lon="10.1829030">
    <ele>65.8</ele>
   </trkpt>
   <trkpt lat="56.1981970" lon="10.1829350">
    <ele>65.8</ele>
   </trkpt>
   <trkpt lat="56.1981560" lon="10.1829680">
    <ele>65.8</ele>
   </trkpt>
   <trkpt lat="56.1981140" lon="10.1830000">
    <ele>66.0</ele>
   </trkpt>
   <trkpt lat="56.1980720" lon="10.1830300">
    <ele>66.0</ele>
   </trkpt>
   <trkpt lat="56.1980270" lon="10.1830640">
    <ele>66.0</ele>
   </trkpt>
   <trkpt lat="56.1979820" lon="10.1831000">
    <ele>66.0</ele>
   </trkpt>
   <trkpt lat="56.1979350" lon="10.1831350">
    <ele>66.0</ele>
   </trkpt>
   <trkpt lat="56.1978890" lon="10.1831710">
    <ele>66.2</ele>
   </trkpt>
   <trkpt lat="56.1978430" lon="10.1832070">
    <ele>66.2</ele>
   </trkpt>
   <trkpt lat="56.1977970" lon="10.1832420">
    <ele>66.2</ele>
   </trkpt>
   <trkpt lat="56.1977510" lon="10.1832770">
    <ele>66.4</ele>
   </trkpt>
   <trkpt lat="56.1977040" lon="10.1833110">
    <ele>66.4</ele>
   </trkpt>
   <trkpt lat="56.1976570" lon="10.1833470">
    <ele>66.6</ele>
   </trkpt>
   <trkpt lat="56.1976140" lon="10.1833850">
    <ele>66.6</ele>
   </trkpt>
   <trkpt lat="56.1975700" lon="10.1834230">
    <ele>66.6</ele>
   </trkpt>
   <trkpt lat="56.1975260" lon="10.1834580">
    <ele>66.6</ele>
   </trkpt>
   <trkpt lat="56.1974790" lon="10.1834930">
    <ele>66.6</ele>
   </trkpt>
   <trkpt lat="56.1974330" lon="10.1835300">
    <ele>66.6</ele>
   </trkpt>
   <trkpt lat="56.1973860" lon="10.1835660">
    <ele>66.8</ele>
   </trkpt>
   <trkpt lat="56.1973380" lon="10.1836030">
    <ele>66.8</ele>
   </trkpt>
   <trkpt lat="56.1972920" lon="10.1836400">
    <ele>66.8</ele>
   </trkpt>
   <trkpt lat="56.1972450" lon="10.1836770">
    <ele>66.8</ele>
   </trkpt>
   <trkpt lat="56.1971970" lon="10.1837080">
    <ele>66.8</ele>
   </trkpt>
   <trkpt lat="56.1971460" lon="10.1837350">
    <ele>66.8</ele>
   </trkpt>
   <trkpt lat="56.1970970" lon="10.1837640">
    <ele>66.8</ele>
   </trkpt>
   <trkpt lat="56.1970470" lon="10.1837940">
    <ele>67.0</ele>
   </trkpt>
   <trkpt lat="56.1969980" lon="10.1838250">
    <ele>67.0</ele>
   </trkpt>
   <trkpt lat="56.1969500" lon="10.1838630">
    <ele>67.0</ele>
   </trkpt>
   <trkpt lat="56.1969040" lon="10.1839070">
    <ele>67.0</ele>
   </trkpt>
   <trkpt lat="56.1968580" lon="10.1839510">
    <ele>67.2</ele>
   </trkpt>
   <trkpt lat="56.1968100" lon="10.1839860">
    <ele>67.2</ele>
   </trkpt>
   <trkpt lat="56.1967610" lon="10.1840200">
    <ele>67.4</ele>
   </trkpt>
   <trkpt lat="56.1967110" lon="10.1840540">
    <ele>67.6</ele>
   </trkpt>
   <trkpt lat="56.1966630" lon="10.1840900">
    <ele>67.6</ele>
   </trkpt>
   <trkpt lat="56.1966250" lon="10.1841210">
    <ele>67.8</ele>
   </trkpt>
   <trkpt lat="56.1965670" lon="10.1841660">
    <ele>67.8</ele>
   </trkpt>
   <trkpt lat="56.1965190" lon="10.1842030">
    <ele>67.8</ele>
   </trkpt>
   <trkpt lat="56.1964720" lon="10.1842410">
    <ele>68.0</ele>
   </trkpt>
   <trkpt lat="56.1964270" lon="10.1842790">
    <ele>68.2</ele>
   </trkpt>
   <trkpt lat="56.1963810" lon="10.1843180">
    <ele>68.2</ele>
   </trkpt>
   <trkpt lat="56.1963350" lon="10.1843550">
    <ele>68.4</ele>
   </trkpt>
   <trkpt lat="56.1962870" lon="10.1843880">
    <ele>68.6</ele>
   </trkpt>
   <trkpt lat="56.1962390" lon="10.1844250">
    <ele>68.8</ele>
   </trkpt>
   <trkpt lat="56.1961900" lon="10.1844630">
    <ele>68.8</ele>
   </trkpt>
   <trkpt lat="56.1961410" lon="10.1845000">
    <ele>68.8</ele>
   </trkpt>
   <trkpt lat="56.1960940" lon="10.1845380">
    <ele>68.8</ele>
   </trkpt>
   <trkpt lat="56.1960450" lon="10.1845780">
    <ele>68.8</ele>
   </trkpt>
   <trkpt lat="56.1959970" lon="10.1846180">
    <ele>68.8</ele>
   </trkpt>
   <trkpt lat="56.1959480" lon="10.1846570">
    <ele>68.8</ele>
   </trkpt>
   <trkpt lat="56.1959000" lon="10.1846930">
    <ele>68.8</ele>
   </trkpt>
   <trkpt lat="56.1958510" lon="10.1847290">
    <ele>68.8</ele>
   </trkpt>
   <trkpt lat="56.1958020" lon="10.1847670">
    <ele>69.0</ele>
   </trkpt>
   <trkpt lat="56.1957540" lon="10.1848060">
    <ele>69.0</ele>
   </trkpt>
   <trkpt lat="56.1957050" lon="10.1848430">
    <ele>69.2</ele>
   </trkpt>
   <trkpt lat="56.1956570" lon="10.1848820">
    <ele>69.2</ele>
   </trkpt>
   <trkpt lat="56.1956070" lon="10.1849190">
    <ele>69.4</ele>
   </trkpt>
   <trkpt lat="56.1955690" lon="10.1849500">
    <ele>69.4</ele>
   </trkpt>
   <trkpt lat="56.1955100" lon="10.1849990">
    <ele>69.4</ele>
   </trkpt>
   <trkpt lat="56.1954610" lon="10.1850370">
    <ele>69.4</ele>
   </trkpt>
   <trkpt lat="56.1954130" lon="10.1850760">
    <ele>69.4</ele>
   </trkpt>
   <trkpt lat="56.1953660" lon="10.1851150">
    <ele>69.4</ele>
   </trkpt>
   <trkpt lat="56.1953180" lon="10.1851540">
    <ele>69.6</ele>
   </trkpt>
   <trkpt lat="56.1952680" lon="10.1851910">
    <ele>69.8</ele>
   </trkpt>
   <trkpt lat="56.1952190" lon="10.1852280">
    <ele>69.8</ele>
   </trkpt>
   <trkpt lat="56.1951710" lon="10.1852650">
    <ele>70.0</ele>
   </trkpt>
   <trkpt lat="56.1951230" lon="10.1853020">
    <ele>70.0</ele>
   </trkpt>
   <trkpt lat="56.1950730" lon="10.1853390">
    <ele>70.2</ele>
   </trkpt>
   <trkpt lat="56.1950250" lon="10.1853790">
    <ele>70.2</ele>
   </trkpt>
   <trkpt lat="56.1949780" lon="10.1854180">
    <ele>70.2</ele>
   </trkpt>
   <trkpt lat="56.1949320" lon="10.1854560">
    <ele>70.2</ele>
   </trkpt>
   <trkpt lat="56.1948840" lon="10.1854940">
    <ele>70.4</ele>
   </trkpt>
   <trkpt lat="56.1948350" lon="10.1855320">
    <ele>70.4</ele>
   </trkpt>
   <trkpt lat="56.1947850" lon="10.1855710">
    <ele>70.6</ele>
   </trkpt>
   <trkpt lat="56.1947350" lon="10.1856090">
    <ele>70.8</ele>
   </trkpt>
   <trkpt lat="56.1946830" lon="10.1856470">
    <ele>71.0</ele>
   </trkpt>
   <trkpt lat="56.1946300" lon="10.1856900">
    <ele>71.0</ele>
   </trkpt>
   <trkpt lat="56.1945780" lon="10.1857330">
    <ele>71.2</ele>
   </trkpt>
   <trkpt lat="56.1945260" lon="10.1857750">
    <ele>71.2</ele>
   </trkpt>
   <trkpt lat="56.1944740" lon="10.1858180">
    <ele>71.4</ele>
   </trkpt>
   <trkpt lat="56.1944210" lon="10.1858600">
    <ele>71.4</ele>
   </trkpt>
   <trkpt lat="56.1943700" lon="10.1859030">
    <ele>71.6</ele>
   </trkpt>
   <trkpt lat="56.1943190" lon="10.1859460">
    <ele>71.6</ele>
   </trkpt>
   <trkpt lat="56.1942670" lon="10.1859880">
    <ele>71.8</ele>
   </trkpt>
   <trkpt lat="56.1942160" lon="10.1860240">
    <ele>71.8</ele>
   </trkpt>
   <trkpt lat="56.1941650" lon="10.1860590">
    <ele>71.8</ele>
   </trkpt>
   <trkpt lat="56.1941160" lon="10.1861000">
    <ele>72.0</ele>
   </trkpt>
   <trkpt lat="56.1940650" lon="10.1861380">
    <ele>72.0</ele>
   </trkpt>
   <trkpt lat="56.1940150" lon="10.1861760">
    <ele>72.0</ele>
   </trkpt>
   <trkpt lat="56.1939650" lon="10.1862150">
    <ele>72.0</ele>
   </trkpt>
   <trkpt lat="56.1939150" lon="10.1862550">
    <ele>72.2</ele>
   </trkpt>
   <trkpt lat="56.1938650" lon="10.1862940">
    <ele>72.2</ele>
   </trkpt>
   <trkpt lat="56.1938160" lon="10.1863310">
    <ele>72.2</ele>
   </trkpt>
   <trkpt lat="56.1937670" lon="10.1863700">
    <ele>72.2</ele>
   </trkpt>
   <trkpt lat="56.1937170" lon="10.1864090">
    <ele>72.4</ele>
   </trkpt>
   <trkpt lat="56.1936680" lon="10.1864470">
    <ele>72.4</ele>
   </trkpt>
   <trkpt lat="56.1936180" lon="10.1864830">
    <ele>72.4</ele>
   </trkpt>
   <trkpt lat="56.1935680" lon="10.1865210">
    <ele>72.4</ele>
   </trkpt>
   <trkpt lat="56.1935170" lon="10.1865610">
    <ele>72.4</ele>
   </trkpt>
   <trkpt lat="56.1934670" lon="10.1866020">
    <ele>72.4</ele>
   </trkpt>
   <trkpt lat="56.1934270" lon="10.1866370">
    <ele>72.4</ele>
   </trkpt>
   <trkpt lat="56.1933680" lon="10.1866870">
    <ele>72.6</ele>
   </trkpt>
   <trkpt lat="56.1933160" lon="10.1867240">
    <ele>72.6</ele>
   </trkpt>
   <trkpt lat="56.1932650" lon="10.1867590">
    <ele>72.8</ele>
   </trkpt>
   <trkpt lat="56.1932170" lon="10.1867980">
    <ele>72.8</ele>
   </trkpt>
   <trkpt lat="56.1931710" lon="10.1868340">
    <ele>72.8</ele>
   </trkpt>
   <trkpt lat="56.1931250" lon="10.1868670">
    <ele>72.8</ele>
   </trkpt>
   <trkpt lat="56.1930790" lon="10.1869010">
    <ele>73.0</ele>
   </trkpt>
   <trkpt lat="56.1930310" lon="10.1869390">
    <ele>73.0</ele>
   </trkpt>
   <trkpt lat="56.1929820" lon="10.1869790">
    <ele>73.4</ele>
   </trkpt>
   <trkpt lat="56.1929340" lon="10.1870150">
    <ele>73.6</ele>
   </trkpt>
   <trkpt lat="56.1928850" lon="10.1870510">
    <ele>73.6</ele>
   </trkpt>
   <trkpt lat="56.1928380" lon="10.1870860">
    <ele>73.6</ele>
   </trkpt>
   <trkpt lat="56.1927960" lon="10.1871250">
    <ele>73.8</ele>
   </trkpt>
   <trkpt lat="56.1927540" lon="10.1871650">
    <ele>73.8</ele>
   </trkpt>
   <trkpt lat="56.1927090" lon="10.1872000">
    <ele>74.2</ele>
   </trkpt>
   <trkpt lat="56.1926630" lon="10.1872340">
    <ele>74.4</ele>
   </trkpt>
   <trkpt lat="56.1926200" lon="10.1872710">
    <ele>74.6</ele>
   </trkpt>
   <trkpt lat="56.1925770" lon="10.1873080">
    <ele>74.8</ele>
   </trkpt>
   <trkpt lat="56.1925310" lon="10.1873440">
    <ele>74.8</ele>
   </trkpt>
   <trkpt lat="56.1924880" lon="10.1873820">
    <ele>75.0</ele>
   </trkpt>
   <trkpt lat="56.1924460" lon="10.1874210">
    <ele>75.2</ele>
   </trkpt>
   <trkpt lat="56.1924130" lon="10.1874500">
    <ele>75.4</ele>
   </trkpt>
   <trkpt lat="56.1923640" lon="10.1874890">
    <ele>75.6</ele>
   </trkpt>
   <trkpt lat="56.1923240" lon="10.1875180">
    <ele>76.0</ele>
   </trkpt>
   <trkpt lat="56.1922840" lon="10.1875500">
    <ele>76.2</ele>
   </trkpt>
   <trkpt lat="56.1922460" lon="10.1875800">
    <ele>76.6</ele>
   </trkpt>
   <trkpt lat="56.1922070" lon="10.1876090">
    <ele>76.6</ele>
   </trkpt>
   <trkpt lat="56.1921690" lon="10.1876400">
    <ele>76.8</ele>
   </trkpt>
   <trkpt lat="56.1921330" lon="10.1876750">
    <ele>77.2</ele>
   </trkpt>
   <trkpt lat="56.1920960" lon="10.1877110">
    <ele>77.6</ele>
   </trkpt>
   <trkpt lat="56.1920550" lon="10.1877420">
    <ele>77.6</ele>
   </trkpt>
   <trkpt lat="56.1920110" lon="10.1877700">
    <ele>77.8</ele>
   </trkpt>
   <trkpt lat="56.1919670" lon="10.1878060">
    <ele>78.0</ele>
   </trkpt>
   <trkpt lat="56.1919260" lon="10.1878410">
    <ele>78.0</ele>
   </trkpt>
   <trkpt lat="56.1918870" lon="10.1878790">
    <ele>78.2</ele>
   </trkpt>
   <trkpt lat="56.1918510" lon="10.1879150">
    <ele>78.4</ele>
   </trkpt>
   <trkpt lat="56.1918120" lon="10.1879520">
    <ele>78.6</ele>
   </trkpt>
   <trkpt lat="56.1917740" lon="10.1879890">
    <ele>78.8</ele>
   </trkpt>
   <trkpt lat="56.1917360" lon="10.1880240">
    <ele>79.0</ele>
   </trkpt>
   <trkpt lat="56.1916950" lon="10.1880580">
    <ele>79.2</ele>
   </trkpt>
   <trkpt lat="56.1916560" lon="10.1880980">
    <ele>79.2</ele>
   </trkpt>
   <trkpt lat="56.1916160" lon="10.1881390">
    <ele>79.4</ele>
   </trkpt>
   <trkpt lat="56.1915780" lon="10.1881790">
    <ele>79.6</ele>
   </trkpt>
   <trkpt lat="56.1915390" lon="10.1882180">
    <ele>79.6</ele>
   </trkpt>
   <trkpt lat="56.1914990" lon="10.1882550">
    <ele>79.8</ele>
   </trkpt>
   <trkpt lat="56.1914600" lon="10.1882910">
    <ele>79.8</ele>
   </trkpt>
   <trkpt lat="56.1914220" lon="10.1883270">
    <ele>80.0</ele>
   </trkpt>
   <trkpt lat="56.1913870" lon="10.1883620">
    <ele>80.0</ele>
   </trkpt>
   <trkpt lat="56.1913520" lon="10.1883950">
    <ele>80.2</ele>
   </trkpt>
   <trkpt lat="56.1913150" lon="10.1884350">
    <ele>80.2</ele>
   </trkpt>
   <trkpt lat="56.1912790" lon="10.1884770">
    <ele>80.6</ele>
   </trkpt>
   <trkpt lat="56.1912440" lon="10.1885200">
    <ele>80.6</ele>
   </trkpt>
   <trkpt lat="56.1912080" lon="10.1885610">
    <ele>81.0</ele>
   </trkpt>
   <trkpt lat="56.1911700" lon="10.1886020">
    <ele>81.0</ele>
   </trkpt>
   <trkpt lat="56.1911320" lon="10.1886440">
    <ele>81.0</ele>
   </trkpt>
   <trkpt lat="56.1910970" lon="10.1886880">
    <ele>81.2</ele>
   </trkpt>
   <trkpt lat="56.1910630" lon="10.1887330">
    <ele>81.4</ele>
   </trkpt>
   <trkpt lat="56.1910270" lon="10.1887780">
    <ele>81.4</ele>
   </trkpt>
   <trkpt lat="56.1909900" lon="10.1888180">
    <ele>81.6</ele>
   </trkpt>
   <trkpt lat="56.1909520" lon="10.1888630">
    <ele>81.8</ele>
   </trkpt>
   <trkpt lat="56.1909130" lon="10.1889060">
    <ele>81.8</ele>
   </trkpt>
   <trkpt lat="56.1908750" lon="10.1889470">
    <ele>82.0</ele>
   </trkpt>
   <trkpt lat="56.1908370" lon="10.1889870">
    <ele>82.2</ele>
   </trkpt>
   <trkpt lat="56.1907990" lon="10.1890300">
    <ele>82.4</ele>
   </trkpt>
   <trkpt lat="56.1907710" lon="10.1890680">
    <ele>82.6</ele>
   </trkpt>
   <trkpt lat="56.1907300" lon="10.1891290">
    <ele>82.8</ele>
   </trkpt>
   <trkpt lat="56.1906940" lon="10.1891800">
    <ele>82.8</ele>
   </trkpt>
   <trkpt lat="56.1906580" lon="10.1892320">
    <ele>82.8</ele>
   </trkpt>
   <trkpt lat="56.1906250" lon="10.1892830">
    <ele>83.0</ele>
   </trkpt>
   <trkpt lat="56.1905940" lon="10.1893290">
    <ele>83.0</ele>
   </trkpt>
   <trkpt lat="56.1905590" lon="10.1893720">
    <ele>83.0</ele>
   </trkpt>
   <trkpt lat="56.1905220" lon="10.1894160">
    <ele>83.2</ele>
   </trkpt>
   <trkpt lat="56.1904880" lon="10.1894670">
    <ele>83.4</ele>
   </trkpt>
   <trkpt lat="56.1904540" lon="10.1895170">
    <ele>83.4</ele>
   </trkpt>
   <trkpt lat="56.1904240" lon="10.1895670">
    <ele>83.4</ele>
   </trkpt>
   <trkpt lat="56.1903930" lon="10.1896130">
    <ele>83.4</ele>
   </trkpt>
   <trkpt lat="56.1903630" lon="10.1896550">
    <ele>83.6</ele>
   </trkpt>
   <trkpt lat="56.1903320" lon="10.1896940">
    <ele>83.6</ele>
   </trkpt>
   <trkpt lat="56.1902980" lon="10.1897370">
    <ele>83.8</ele>
   </trkpt>
   <trkpt lat="56.1902670" lon="10.1897860">
    <ele>83.8</ele>
   </trkpt>
   <trkpt lat="56.1902310" lon="10.1898360">
    <ele>84.0</ele>
   </trkpt>
   <trkpt lat="56.1901920" lon="10.1898900">
    <ele>84.0</ele>
   </trkpt>
   <trkpt lat="56.1901510" lon="10.1899450">
    <ele>84.0</ele>
   </trkpt>
   <trkpt lat="56.1901110" lon="10.1899970">
    <ele>84.2</ele>
   </trkpt>
   <trkpt lat="56.1900700" lon="10.1900500">
    <ele>84.2</ele>
   </trkpt>
   <trkpt lat="56.1900300" lon="10.1901030">
    <ele>84.2</ele>
   </trkpt>
   <trkpt lat="56.1899990" lon="10.1901480">
    <ele>84.2</ele>
   </trkpt>
   <trkpt lat="56.1899500" lon="10.1902200">
    <ele>84.2</ele>
   </trkpt>
   <trkpt lat="56.1899080" lon="10.1902770">
    <ele>84.4</ele>
   </trkpt>
   <trkpt lat="56.1898670" lon="10.1903320">
    <ele>84.4</ele>
   </trkpt>
   <trkpt lat="56.1898270" lon="10.1903860">
    <ele>84.6</ele>
   </trkpt>
   <trkpt lat="56.1897870" lon="10.1904420">
    <ele>84.8</ele>
   </trkpt>
   <trkpt lat="56.1897490" lon="10.1904990">
    <ele>85.0</ele>
   </trkpt>
   <trkpt lat="56.1897100" lon="10.1905560">
    <ele>85.0</ele>
   </trkpt>
   <trkpt lat="56.1896710" lon="10.1906100">
    <ele>85.0</ele>
   </trkpt>
   <trkpt lat="56.1896320" lon="10.1906640">
    <ele>85.0</ele>
   </trkpt>
   <trkpt lat="56.1895920" lon="10.1907220">
    <ele>85.0</ele>
   </trkpt>
   <trkpt lat="56.1895520" lon="10.1907770">
    <ele>85.0</ele>
   </trkpt>
   <trkpt lat="56.1895100" lon="10.1908340">
    <ele>85.0</ele>
   </trkpt>
   <trkpt lat="56.1894670" lon="10.1908910">
    <ele>85.0</ele>
   </trkpt>
   <trkpt lat="56.1894260" lon="10.1909480">
    <ele>85.0</ele>
   </trkpt>
   <trkpt lat="56.1893850" lon="10.1910070">
    <ele>85.0</ele>
   </trkpt>
   <trkpt lat="56.1893430" lon="10.1910650">
    <ele>85.0</ele>
   </trkpt>
   <trkpt lat="56.1893010" lon="10.1911250">
    <ele>85.0</ele>
   </trkpt>
   <trkpt lat="56.1892620" lon="10.1911850">
    <ele>85.0</ele>
   </trkpt>
   <trkpt lat="56.1892210" lon="10.1912420">
    <ele>85.0</ele>
   </trkpt>
   <trkpt lat="56.1891800" lon="10.1913000">
    <ele>85.0</ele>
   </trkpt>
   <trkpt lat="56.1891390" lon="10.1913600">
    <ele>85.0</ele>
   </trkpt>
   <trkpt lat="56.1890980" lon="10.1914190">
    <ele>85.0</ele>
   </trkpt>
   <trkpt lat="56.1890550" lon="10.1914770">
    <ele>85.0</ele>
   </trkpt>
   <trkpt lat="56.1890130" lon="10.1915360">
    <ele>85.0</ele>
   </trkpt>
   <trkpt lat="56.1889700" lon="10.1915970">
    <ele>85.0</ele>
   </trkpt>
   <trkpt lat="56.1889250" lon="10.1916590">
    <ele>85.4</ele>
   </trkpt>
   <trkpt lat="56.1888810" lon="10.1917220">
    <ele>85.6</ele>
   </trkpt>
   <trkpt lat="56.1888370" lon="10.1917840">
    <ele>85.8</ele>
   </trkpt>
   <trkpt lat="56.1887920" lon="10.1918450">
    <ele>85.8</ele>
   </trkpt>
   <trkpt lat="56.1887460" lon="10.1919080">
    <ele>85.6</ele>
   </trkpt>
   <trkpt lat="56.1887000" lon="10.1919730">
    <ele>85.6</ele>
   </trkpt>
   <trkpt lat="56.1886570" lon="10.1920350">
    <ele>85.4</ele>
   </trkpt>
   <trkpt lat="56.1886120" lon="10.1920990">
    <ele>85.2</ele>
   </trkpt>
   <trkpt lat="56.1885660" lon="10.1921650">
    <ele>85.0</ele>
   </trkpt>
   <trkpt lat="56.1885190" lon="10.1922300">
    <ele>85.0</ele>
   </trkpt>
   <trkpt lat="56.1884700" lon="10.1922980">
    <ele>84.8</ele>
   </trkpt>
   <trkpt lat="56.1884230" lon="10.1923640">
    <ele>84.6</ele>
   </trkpt>
   <trkpt lat="56.1883730" lon="10.1924310">
    <ele>84.4</ele>
   </trkpt>
   <trkpt lat="56.1883250" lon="10.1925000">
    <ele>84.4</ele>
   </trkpt>
   <trkpt lat="56.1882740" lon="10.1925680">
    <ele>84.4</ele>
   </trkpt>
   <trkpt lat="56.1882250" lon="10.1926340">
    <ele>84.4</ele>
   </trkpt>
   <trkpt lat="56.1881750" lon="10.1927010">
    <ele>84.4</ele>
   </trkpt>
   <trkpt lat="56.1881360" lon="10.1927550">
    <ele>84.2</ele>
   </trkpt>
   <trkpt lat="56.1880750" lon="10.1928390">
    <ele>84.0</ele>
   </trkpt>
   <trkpt lat="56.1880240" lon="10.1929030">
    <ele>83.8</ele>
   </trkpt>
   <trkpt lat="56.1879720" lon="10.1929640">
    <ele>83.6</ele>
   </trkpt>
   <trkpt lat="56.1879190" lon="10.1930280">
    <ele>83.4</ele>
   </trkpt>
   <trkpt lat="56.1878650" lon="10.1930920">
    <ele>83.2</ele>
   </trkpt>
   <trkpt lat="56.1878100" lon="10.1931570">
    <ele>83.0</ele>
   </trkpt>
   <trkpt lat="56.1877550" lon="10.1932240">
    <ele>82.8</ele>
   </trkpt>
   <trkpt lat="56.1876990" lon="10.1932880">
    <ele>82.4</ele>
   </trkpt>
   <trkpt lat="56.1876430" lon="10.1933530">
    <ele>82.4</ele>
   </trkpt>
   <trkpt lat="56.1875860" lon="10.1934180">
    <ele>82.4</ele>
   </trkpt>
   <trkpt lat="56.1875260" lon="10.1934740">
    <ele>82.2</ele>
   </trkpt>
   <trkpt lat="56.1874620" lon="10.1935250">
    <ele>82.2</ele>
   </trkpt>
   <trkpt lat="56.1873980" lon="10.1935790">
    <ele>82.2</ele>
   </trkpt>
   <trkpt lat="56.1873350" lon="10.1936380">
    <ele>81.8</ele>
   </trkpt>
   <trkpt lat="56.1872730" lon="10.1936980">
    <ele>81.4</ele>
   </trkpt>
   <trkpt lat="56.1872100" lon="10.1937550">
    <ele>81.2</ele>
   </trkpt>
   <trkpt lat="56.1871480" lon="10.1938080">
    <ele>81.0</ele>
   </trkpt>
   <trkpt lat="56.1870890" lon="10.1938580">
    <ele>80.8</ele>
   </trkpt>
   <trkpt lat="56.1870340" lon="10.1939010">
    <ele>80.8</ele>
   </trkpt>
   <trkpt lat="56.1869860" lon="10.1939400">
    <ele>80.8</ele>
   </trkpt>
   <trkpt lat="56.1869470" lon="10.1939730">
    <ele>80.8</ele>
   </trkpt>
   <trkpt lat="56.1869200" lon="10.1939940">
    <ele>80.8</ele>
   </trkpt>
   <trkpt lat="56.1868890" lon="10.1940170">
    <ele>80.8</ele>
   </trkpt>
   <trkpt lat="56.1868750" lon="10.1940270">
    <ele>80.8</ele>
   </trkpt>
   <trkpt lat="56.1868690" lon="10.1940300">
    <ele>80.8</ele>
   </trkpt>
   <trkpt lat="56.1868690" lon="10.1940300">
    <ele>80.8</ele>
   </trkpt>
   <trkpt lat="56.1868130" lon="10.1940740">
    <ele>81.2</ele>
   </trkpt>
   <trkpt lat="56.1867850" lon="10.1940960">
    <ele>81.2</ele>
   </trkpt>
   <trkpt lat="56.1867520" lon="10.1941220">
    <ele>81.2</ele>
   </trkpt>
   <trkpt lat="56.1867110" lon="10.1941480">
    <ele>81.2</ele>
   </trkpt>
   <trkpt lat="56.1866670" lon="10.1941740">
    <ele>81.2</ele>
   </trkpt>
   <trkpt lat="56.1866200" lon="10.1942010">
    <ele>81.2</ele>
   </trkpt>
   <trkpt lat="56.1865700" lon="10.1942370">
    <ele>81.0</ele>
   </trkpt>
   <trkpt lat="56.1865200" lon="10.1942830">
    <ele>80.8</ele>
   </trkpt>
   <trkpt lat="56.1864670" lon="10.1943310">
    <ele>80.6</ele>
   </trkpt>
   <trkpt lat="56.1864130" lon="10.1943770">
    <ele>80.4</ele>
   </trkpt>
   <trkpt lat="56.1863550" lon="10.1944270">
    <ele>80.2</ele>
   </trkpt>
   <trkpt lat="56.1862980" lon="10.1944830">
    <ele>80.2</ele>
   </trkpt>
   <trkpt lat="56.1862420" lon="10.1945500">
    <ele>79.8</ele>
   </trkpt>
   <trkpt lat="56.1861850" lon="10.1946200">
    <ele>79.8</ele>
   </trkpt>
   <trkpt lat="56.1861250" lon="10.1946840">
    <ele>79.6</ele>
   </trkpt>
   <trkpt lat="56.1860620" lon="10.1947400">
    <ele>79.4</ele>
   </trkpt>
   <trkpt lat="56.1859970" lon="10.1947900">
    <ele>79.4</ele>
   </trkpt>
   <trkpt lat="56.1859300" lon="10.1948360">
    <ele>79.0</ele>
   </trkpt>
   <trkpt lat="56.1858750" lon="10.1948740">
    <ele>78.8</ele>
   </trkpt>
   <trkpt lat="56.1857940" lon="10.1949310">
    <ele>78.6</ele>
   </trkpt>
   <trkpt lat="56.1857250" lon="10.1949770">
    <ele>78.6</ele>
   </trkpt>
   <trkpt lat="56.1856550" lon="10.1950210">
    <ele>78.4</ele>
   </trkpt>
   <trkpt lat="56.1855850" lon="10.1950660">
    <ele>78.2</ele>
   </trkpt>
   <trkpt lat="56.1855150" lon="10.1951150">
    <ele>78.0</ele>
   </trkpt>
   <trkpt lat="56.1854450" lon="10.1951650">
    <ele>77.6</ele>
   </trkpt>
   <trkpt lat="56.1853740" lon="10.1952140">
    <ele>77.2</ele>
   </trkpt>
   <trkpt lat="56.1853020" lon="10.1952620">
    <ele>77.2</ele>
   </trkpt>
   <trkpt lat="56.1852270" lon="10.1953110">
    <ele>77.0</ele>
   </trkpt>
   <trkpt lat="56.1851530" lon="10.1953590">
    <ele>76.8</ele>
   </trkpt>
   <trkpt lat="56.1850780" lon="10.1954100">
    <ele>76.6</ele>
   </trkpt>
   <trkpt lat="56.1850050" lon="10.1954590">
    <ele>76.2</ele>
   </trkpt>
   <trkpt lat="56.1849320" lon="10.1955050">
    <ele>76.2</ele>
   </trkpt>
   <trkpt lat="56.1848590" lon="10.1955510">
    <ele>76.0</ele>
   </trkpt>
   <trkpt lat="56.1847890" lon="10.1955960">
    <ele>76.0</ele>
   </trkpt>
   <trkpt lat="56.1847170" lon="10.1956440">
    <ele>76.0</ele>
   </trkpt>
   <trkpt lat="56.1846460" lon="10.1956920">
    <ele>76.0</ele>
   </trkpt>
   <trkpt lat="56.1845740" lon="10.1957390">
    <ele>75.8</ele>
   </trkpt>
   <trkpt lat="56.1845010" lon="10.1957900">
    <ele>75.8</ele>
   </trkpt>
   <trkpt lat="56.1844320" lon="10.1958420">
    <ele>75.8</ele>
   </trkpt>
   <trkpt lat="56.1843600" lon="10.1958940">
    <ele>75.8</ele>
   </trkpt>
   <trkpt lat="56.1842890" lon="10.1959470">
    <ele>75.8</ele>
   </trkpt>
   <trkpt lat="56.1842190" lon="10.1959920">
    <ele>75.8</ele>
   </trkpt>
   <trkpt lat="56.1841490" lon="10.1960380">
    <ele>75.8</ele>
   </trkpt>
   <trkpt lat="56.1840820" lon="10.1960890">
    <ele>75.8</ele>
   </trkpt>
   <trkpt lat="56.1840130" lon="10.1961400">
    <ele>76.0</ele>
   </trkpt>
   <trkpt lat="56.1839450" lon="10.1961870">
    <ele>76.6</ele>
   </trkpt>
   <trkpt lat="56.1838760" lon="10.1962280">
    <ele>77.0</ele>
   </trkpt>
   <trkpt lat="56.1838030" lon="10.1962670">
    <ele>77.6</ele>
   </trkpt>
   <trkpt lat="56.1837350" lon="10.1963110">
    <ele>77.8</ele>
   </trkpt>
   <trkpt lat="56.1836690" lon="10.1963510">
    <ele>78.0</ele>
   </trkpt>
   <trkpt lat="56.1836040" lon="10.1963870">
    <ele>78.0</ele>
   </trkpt>
   <trkpt lat="56.1835410" lon="10.1964220">
    <ele>78.0</ele>
   </trkpt>
   <trkpt lat="56.1834800" lon="10.1964600">
    <ele>78.0</ele>
   </trkpt>
   <trkpt lat="56.1834160" lon="10.1965020">
    <ele>77.8</ele>
   </trkpt>
   <trkpt lat="56.1833520" lon="10.1965440">
    <ele>77.8</ele>
   </trkpt>
   <trkpt lat="56.1832870" lon="10.1965770">
    <ele>77.8</ele>
   </trkpt>
   <trkpt lat="56.1832220" lon="10.1965960">
    <ele>77.8</ele>
   </trkpt>
   <trkpt lat="56.1831580" lon="10.1966030">
    <ele>77.8</ele>
   </trkpt>
   <trkpt lat="56.1830940" lon="10.1966170">
    <ele>78.0</ele>
   </trkpt>
   <trkpt lat="56.1830340" lon="10.1966420">
    <ele>78.2</ele>
   </trkpt>
   <trkpt lat="56.1829770" lon="10.1966650">
    <ele>78.2</ele>
   </trkpt>
   <trkpt lat="56.1829330" lon="10.1966860">
    <ele>78.4</ele>
   </trkpt>
   <trkpt lat="56.1828710" lon="10.1967140">
    <ele>78.4</ele>
   </trkpt>
   <trkpt lat="56.1828210" lon="10.1967340">
    <ele>78.6</ele>
   </trkpt>
   <trkpt lat="56.1827740" lon="10.1967590">
    <ele>78.8</ele>
   </trkpt>
   <trkpt lat="56.1827340" lon="10.1967860">
    <ele>78.8</ele>
   </trkpt>
   <trkpt lat="56.1827020" lon="10.1968040">
    <ele>78.8</ele>
   </trkpt>
   <trkpt lat="56.1826800" lon="10.1968130">
    <ele>78.8</ele>
   </trkpt>
   <trkpt lat="56.1826710" lon="10.1968160">
    <ele>79.0</ele>
   </trkpt>
   <trkpt lat="56.1826710" lon="10.1968160">
    <ele>79.0</ele>
   </trkpt>
   <trkpt lat="56.1826710" lon="10.1968160">
    <ele>79.2</ele>
   </trkpt>
   <trkpt lat="56.1826140" lon="10.1968560">
    <ele>79.2</ele>
   </trkpt>
   <trkpt lat="56.1825860" lon="10.1968780">
    <ele>79.0</ele>
   </trkpt>
   <trkpt lat="56.1825620" lon="10.1969030">
    <ele>79.0</ele>
   </trkpt>
   <trkpt lat="56.1825210" lon="10.1969450">
    <ele>79.0</ele>
   </trkpt>
   <trkpt lat="56.1824830" lon="10.1969850">
    <ele>79.0</ele>
   </trkpt>
   <trkpt lat="56.1824440" lon="10.1970290">
    <ele>79.0</ele>
   </trkpt>
   <trkpt lat="56.1824000" lon="10.1970800">
    <ele>79.0</ele>
   </trkpt>
   <trkpt lat="56.1823530" lon="10.1971360">
    <ele>79.0</ele>
   </trkpt>
   <trkpt lat="56.1823010" lon="10.1971930">
    <ele>79.0</ele>
   </trkpt>
   <trkpt lat="56.1822450" lon="10.1972420">
    <ele>79.0</ele>
   </trkpt>
   <trkpt lat="56.1821900" lon="10.1972860">
    <ele>79.0</ele>
   </trkpt>
   <trkpt lat="56.1821320" lon="10.1973300">
    <ele>79.0</ele>
   </trkpt>
   <trkpt lat="56.1820730" lon="10.1973760">
    <ele>79.0</ele>
   </trkpt>
   <trkpt lat="56.1820080" lon="10.1974190">
    <ele>79.4</ele>
   </trkpt>
   <trkpt lat="56.1819400" lon="10.1974570">
    <ele>79.6</ele>
   </trkpt>
   <trkpt lat="56.1818720" lon="10.1974880">
    <ele>79.6</ele>
   </trkpt>
   <trkpt lat="56.1818040" lon="10.1975170">
    <ele>79.6</ele>
   </trkpt>
   <trkpt lat="56.1817370" lon="10.1975510">
    <ele>79.6</ele>
   </trkpt>
   <trkpt lat="56.1816680" lon="10.1975930">
    <ele>79.2</ele>
   </trkpt>
   <trkpt lat="56.1816010" lon="10.1976370">
    <ele>78.8</ele>
   </trkpt>
   <trkpt lat="56.1815340" lon="10.1976870">
    <ele>78.6</ele>
   </trkpt>
   <trkpt lat="56.1814670" lon="10.1977380">
    <ele>78.6</ele>
   </trkpt>
   <trkpt lat="56.1814030" lon="10.1977950">
    <ele>78.4</ele>
   </trkpt>
   <trkpt lat="56.1813410" lon="10.1978660">
    <ele>78.2</ele>
   </trkpt>
   <trkpt lat="56.1812810" lon="10.1979390">
    <ele>78.2</ele>
   </trkpt>
   <trkpt lat="56.1812150" lon="10.1980030">
    <ele>78.0</ele>
   </trkpt>
   <trkpt lat="56.1811480" lon="10.1980590">
    <ele>78.0</ele>
   </trkpt>
   <trkpt lat="56.1810810" lon="10.1981100">
    <ele>78.0</ele>
   </trkpt>
   <trkpt lat="56.1810110" lon="10.1981560">
    <ele>78.0</ele>
   </trkpt>
   <trkpt lat="56.1809440" lon="10.1981990">
    <ele>77.8</ele>
   </trkpt>
   <trkpt lat="56.1808740" lon="10.1982440">
    <ele>77.8</ele>
   </trkpt>
   <trkpt lat="56.1808060" lon="10.1982950">
    <ele>77.6</ele>
   </trkpt>
   <trkpt lat="56.1807370" lon="10.1983450">
    <ele>77.6</ele>
   </trkpt>
   <trkpt lat="56.1806680" lon="10.1983930">
    <ele>77.4</ele>
   </trkpt>
   <trkpt lat="56.1805970" lon="10.1984400">
    <ele>77.2</ele>
   </trkpt>
   <trkpt lat="56.1805250" lon="10.1984890">
    <ele>77.0</ele>
   </trkpt>
   <trkpt lat="56.1804550" lon="10.1985320">
    <ele>76.6</ele>
   </trkpt>
   <trkpt lat="56.1803830" lon="10.1985770">
    <ele>76.6</ele>
   </trkpt>
   <trkpt lat="56.1803110" lon="10.1986280">
    <ele>76.6</ele>
   </trkpt>
   <trkpt lat="56.1802400" lon="10.1986820">
    <ele>76.6</ele>
   </trkpt>
   <trkpt lat="56.1801680" lon="10.1987350">
    <ele>76.4</ele>
   </trkpt>
   <trkpt lat="56.1800980" lon="10.1987870">
    <ele>76.2</ele>
   </trkpt>
   <trkpt lat="56.1800260" lon="10.1988410">
    <ele>76.2</ele>
   </trkpt>
   <trkpt lat="56.1799540" lon="10.1988950">
    <ele>76.0</ele>
   </trkpt>
   <trkpt lat="56.1798830" lon="10.1989470">
    <ele>75.6</ele>
   </trkpt>
   <trkpt lat="56.1798260" lon="10.1989870">
    <ele>75.6</ele>
   </trkpt>
   <trkpt lat="56.1797420" lon="10.1990470">
    <ele>75.4</ele>
   </trkpt>
   <trkpt lat="56.1796710" lon="10.1990970">
    <ele>75.2</ele>
   </trkpt>
   <trkpt lat="56.1795990" lon="10.1991450">
    <ele>75.2</ele>
   </trkpt>
   <trkpt lat="56.1795240" lon="10.1991940">
    <ele>75.0</ele>
   </trkpt>
   <trkpt lat="56.1794490" lon="10.1992430">
    <ele>74.8</ele>
   </trkpt>
   <trkpt lat="56.1793720" lon="10.1992960">
    <ele>74.4</ele>
   </trkpt>
   <trkpt lat="56.1792950" lon="10.1993520">
    <ele>74.2</ele>
   </trkpt>
   <trkpt lat="56.1792190" lon="10.1994060">
    <ele>73.8</ele>
   </trkpt>
   <trkpt lat="56.1791440" lon="10.1994520">
    <ele>73.6</ele>
   </trkpt>
   <trkpt lat="56.1790680" lon="10.1994990">
    <ele>73.4</ele>
   </trkpt>
   <trkpt lat="56.1789890" lon="10.1995490">
    <ele>73.2</ele>
   </trkpt>
   <trkpt lat="56.1789110" lon="10.1996060">
    <ele>72.6</ele>
   </trkpt>
   <trkpt lat="56.1788360" lon="10.1996570">
    <ele>72.4</ele>
   </trkpt>
   <trkpt lat="56.1787650" lon="10.1997010">
    <ele>72.4</ele>
   </trkpt>
   <trkpt lat="56.1786970" lon="10.1997440">
    <ele>72.2</ele>
   </trkpt>
   <trkpt lat="56.1786380" lon="10.1997900">
    <ele>71.8</ele>
   </trkpt>
   <trkpt lat="56.1785910" lon="10.1998280">
    <ele>71.6</ele>
   </trkpt>
   <trkpt lat="56.1785540" lon="10.1998450">
    <ele>71.4</ele>
   </trkpt>
   <trkpt lat="56.1785240" lon="10.1998630">
    <ele>71.4</ele>
   </trkpt>
   <trkpt lat="56.1785070" lon="10.1998670">
    <ele>71.2</ele>
   </trkpt>
   <trkpt lat="56.1785020" lon="10.1998650">
    <ele>71.2</ele>
   </trkpt>
   <trkpt lat="56.1785020" lon="10.1998650">
    <ele>71.0</ele>
   </trkpt>
   <trkpt lat="56.1784450" lon="10.1999030">
    <ele>70.8</ele>
   </trkpt>
   <trkpt lat="56.1784130" lon="10.1999160">
    <ele>70.6</ele>
   </trkpt>
   <trkpt lat="56.1783770" lon="10.1999220">
    <ele>70.6</ele>
   </trkpt>
   <trkpt lat="56.1783380" lon="10.1999320">
    <ele>70.4</ele>
   </trkpt>
   <trkpt lat="56.1783020" lon="10.1999470">
    <ele>70.4</ele>
   </trkpt>
   <trkpt lat="56.1782430" lon="10.1999810">
    <ele>70.2</ele>
   </trkpt>
   <trkpt lat="56.1781860" lon="10.2000140">
    <ele>70.0</ele>
   </trkpt>
   <trkpt lat="56.1781270" lon="10.2000560">
    <ele>69.8</ele>
   </trkpt>
   <trkpt lat="56.1780660" lon="10.2001000">
    <ele>69.6</ele>
   </trkpt>
   <trkpt lat="56.1780030" lon="10.2001420">
    <ele>69.6</ele>
   </trkpt>
   <trkpt lat="56.1779360" lon="10.2001830">
    <ele>69.2</ele>
   </trkpt>
   <trkpt lat="56.1778720" lon="10.2002230">
    <ele>69.0</ele>
   </trkpt>
   <trkpt lat="56.1778040" lon="10.2002690">
    <ele>69.0</ele>
   </trkpt>
   <trkpt lat="56.1777350" lon="10.2003210">
    <ele>69.0</ele>
   </trkpt>
   <trkpt lat="56.1776640" lon="10.2003760">
    <ele>68.8</ele>
   </trkpt>
   <trkpt lat="56.1775920" lon="10.2004300">
    <ele>68.6</ele>
   </trkpt>
   <trkpt lat="56.1775180" lon="10.2004790">
    <ele>68.2</ele>
   </trkpt>
   <trkpt lat="56.1774450" lon="10.2005250">
    <ele>67.8</ele>
   </trkpt>
   <trkpt lat="56.1773730" lon="10.2005730">
    <ele>67.6</ele>
   </trkpt>
   <trkpt lat="56.1773020" lon="10.2006250">
    <ele>67.4</ele>
   </trkpt>
   <trkpt lat="56.1772300" lon="10.2006790">
    <ele>67.2</ele>
   </trkpt>
   <trkpt lat="56.1771550" lon="10.2007300">
    <ele>67.0</ele>
   </trkpt>
   <trkpt lat="56.1770790" lon="10.2007790">
    <ele>66.8</ele>
   </trkpt>
   <trkpt lat="56.1770050" lon="10.2008320">
    <ele>66.2</ele>
   </trkpt>
   <trkpt lat="56.1769320" lon="10.2008890">
    <ele>65.8</ele>
   </trkpt>
   <trkpt lat="56.1768740" lon="10.2009410">
    <ele>65.6</ele>
   </trkpt>
   <trkpt lat="56.1767870" lon="10.2010220">
    <ele>65.2</ele>
   </trkpt>
   <trkpt lat="56.1767170" lon="10.2010870">
    <ele>64.8</ele>
   </trkpt>
   <trkpt lat="56.1766440" lon="10.2011460">
    <ele>64.6</ele>
   </trkpt>
   <trkpt lat="56.1765710" lon="10.2012010">
    <ele>64.4</ele>
   </trkpt>
   <trkpt lat="56.1764950" lon="10.2012530">
    <ele>64.2</ele>
   </trkpt>
   <trkpt lat="56.1764180" lon="10.2013030">
    <ele>64.0</ele>
   </trkpt>
   <trkpt lat="56.1763380" lon="10.2013570">
    <ele>64.0</ele>
   </trkpt>
   <trkpt lat="56.1762580" lon="10.2014140">
    <ele>64.0</ele>
   </trkpt>
   <trkpt lat="56.1761790" lon="10.2014680">
    <ele>63.8</ele>
   </trkpt>
   <trkpt lat="56.1760990" lon="10.2015180">
    <ele>63.6</ele>
   </trkpt>
   <trkpt lat="56.1760180" lon="10.2015730">
    <ele>63.2</ele>
   </trkpt>
   <trkpt lat="56.1759380" lon="10.2016270">
    <ele>62.8</ele>
   </trkpt>
   <trkpt lat="56.1758550" lon="10.2016800">
    <ele>62.6</ele>
   </trkpt>
   <trkpt lat="56.1757730" lon="10.2017370">
    <ele>62.4</ele>
   </trkpt>
   <trkpt lat="56.1756890" lon="10.2017980">
    <ele>62.4</ele>
   </trkpt>
   <trkpt lat="56.1756070" lon="10.2018600">
    <ele>62.0</ele>
   </trkpt>
   <trkpt lat="56.1755210" lon="10.2019180">
    <ele>61.6</ele>
   </trkpt>
   <trkpt lat="56.1754350" lon="10.2019720">
    <ele>61.0</ele>
   </trkpt>
   <trkpt lat="56.1753650" lon="10.2020140">
    <ele>60.6</ele>
   </trkpt>
   <trkpt lat="56.1752590" lon="10.2020770">
    <ele>60.2</ele>
   </trkpt>
   <trkpt lat="56.1751680" lon="10.2021230">
    <ele>60.0</ele>
   </trkpt>
   <trkpt lat="56.1750960" lon="10.2021590">
    <ele>59.8</ele>
   </trkpt>
   <trkpt lat="56.1749870" lon="10.2022230">
    <ele>59.4</ele>
   </trkpt>
   <trkpt lat="56.1748980" lon="10.2022790">
    <ele>58.8</ele>
   </trkpt>
   <trkpt lat="56.1748080" lon="10.2023430">
    <ele>58.2</ele>
   </trkpt>
   <trkpt lat="56.1747150" lon="10.2024030">
    <ele>58.0</ele>
   </trkpt>
   <trkpt lat="56.1746210" lon="10.2024580">
    <ele>57.6</ele>
   </trkpt>
   <trkpt lat="56.1745230" lon="10.2025120">
    <ele>57.4</ele>
   </trkpt>
   <trkpt lat="56.1744270" lon="10.2025670">
    <ele>57.2</ele>
   </trkpt>
   <trkpt lat="56.1743340" lon="10.2026230">
    <ele>57.0</ele>
   </trkpt>
   <trkpt lat="56.1742390" lon="10.2026860">
    <ele>56.6</ele>
   </trkpt>
   <trkpt lat="56.1741460" lon="10.2027560">
    <ele>56.0</ele>
   </trkpt>
   <trkpt lat="56.1740530" lon="10.2028260">
    <ele>55.4</ele>
   </trkpt>
   <trkpt lat="56.1739580" lon="10.2028910">
    <ele>55.2</ele>
   </trkpt>
   <trkpt lat="56.1738650" lon="10.2029560">
    <ele>54.8</ele>
   </trkpt>
   <trkpt lat="56.1737730" lon="10.2030230">
    <ele>54.6</ele>
   </trkpt>
   <trkpt lat="56.1736790" lon="10.2030880">
    <ele>54.4</ele>
   </trkpt>
   <trkpt lat="56.1735850" lon="10.2031560">
    <ele>54.0</ele>
   </trkpt>
   <trkpt lat="56.1734910" lon="10.2032210">
    <ele>53.6</ele>
   </trkpt>
   <trkpt lat="56.1733980" lon="10.2032840">
    <ele>53.4</ele>
   </trkpt>
   <trkpt lat="56.1733020" lon="10.2033490">
    <ele>53.2</ele>
   </trkpt>
   <trkpt lat="56.1732090" lon="10.2034170">
    <ele>52.6</ele>
   </trkpt>
   <trkpt lat="56.1731170" lon="10.2034830">
    <ele>52.2</ele>
   </trkpt>
   <trkpt lat="56.1730200" lon="10.2035500">
    <ele>52.0</ele>
   </trkpt>
   <trkpt lat="56.1729250" lon="10.2036100">
    <ele>51.8</ele>
   </trkpt>
   <trkpt lat="56.1728290" lon="10.2036680">
    <ele>51.4</ele>
   </trkpt>
   <trkpt lat="56.1727370" lon="10.2037230">
    <ele>51.2</ele>
   </trkpt>
   <trkpt lat="56.1726470" lon="10.2037740">
    <ele>51.0</ele>
   </trkpt>
   <trkpt lat="56.1725560" lon="10.2038200">
    <ele>50.4</ele>
   </trkpt>
   <trkpt lat="56.1724620" lon="10.2038540">
    <ele>50.0</ele>
   </trkpt>
   <trkpt lat="56.1723670" lon="10.2038690">
    <ele>49.6</ele>
   </trkpt>
   <trkpt lat="56.1722740" lon="10.2038720">
    <ele>49.4</ele>
   </trkpt>
   <trkpt lat="56.1721830" lon="10.2038840">
    <ele>49.0</ele>
   </trkpt>
   <trkpt lat="56.1720930" lon="10.2039130">
    <ele>48.2</ele>
   </trkpt>
   <trkpt lat="56.1720080" lon="10.2039550">
    <ele>48.0</ele>
   </trkpt>
   <trkpt lat="56.1719260" lon="10.2040000">
    <ele>47.6</ele>
   </trkpt>
   <trkpt lat="56.1718420" lon="10.2040520">
    <ele>47.6</ele>
   </trkpt>
   <trkpt lat="56.1717600" lon="10.2041080">
    <ele>47.6</ele>
   </trkpt>
   <trkpt lat="56.1716790" lon="10.2041790">
    <ele>47.4</ele>
   </trkpt>
   <trkpt lat="56.1716010" lon="10.2042530">
    <ele>46.6</ele>
   </trkpt>
   <trkpt lat="56.1715240" lon="10.2043280">
    <ele>45.8</ele>
   </trkpt>
   <trkpt lat="56.1714450" lon="10.2043990">
    <ele>45.4</ele>
   </trkpt>
   <trkpt lat="56.1713660" lon="10.2044630">
    <ele>45.4</ele>
   </trkpt>
   <trkpt lat="56.1712830" lon="10.2045190">
    <ele>45.2</ele>
   </trkpt>
   <trkpt lat="56.1712170" lon="10.2045610">
    <ele>44.8</ele>
   </trkpt>
   <trkpt lat="56.1711180" lon="10.2046260">
    <ele>44.4</ele>
   </trkpt>
   <trkpt lat="56.1710370" lon="10.2046860">
    <ele>44.2</ele>
   </trkpt>
   <trkpt lat="56.1709590" lon="10.2047550">
    <ele>44.0</ele>
   </trkpt>
   <trkpt lat="56.1708820" lon="10.2048270">
    <ele>43.8</ele>
   </trkpt>
   <trkpt lat="56.1708050" lon="10.2048970">
    <ele>43.8</ele>
   </trkpt>
   <trkpt lat="56.1707270" lon="10.2049610">
    <ele>43.6</ele>
   </trkpt>
   <trkpt lat="56.1706490" lon="10.2050280">
    <ele>43.4</ele>
   </trkpt>
   <trkpt lat="56.1705710" lon="10.2050980">
    <ele>43.4</ele>
   </trkpt>
   <trkpt lat="56.1704930" lon="10.2051710">
    <ele>43.2</ele>
   </trkpt>
   <trkpt lat="56.1704110" lon="10.2052410">
    <ele>42.8</ele>
   </trkpt>
   <trkpt lat="56.1703280" lon="10.2053040">
    <ele>42.6</ele>
   </trkpt>
   <trkpt lat="56.1702440" lon="10.2053650">
    <ele>42.6</ele>
   </trkpt>
   <trkpt lat="56.1701580" lon="10.2054230">
    <ele>42.2</ele>
   </trkpt>
   <trkpt lat="56.1700750" lon="10.2054800">
    <ele>41.8</ele>
   </trkpt>
   <trkpt lat="56.1699890" lon="10.2055360">
    <ele>41.2</ele>
   </trkpt>
   <trkpt lat="56.1699020" lon="10.2055910">
    <ele>40.6</ele>
   </trkpt>
   <trkpt lat="56.1698150" lon="10.2056490">
    <ele>40.4</ele>
   </trkpt>
   <trkpt lat="56.1697270" lon="10.2057070">
    <ele>40.0</ele>
   </trkpt>
   <trkpt lat="56.1696400" lon="10.2057670">
    <ele>39.6</ele>
   </trkpt>
   <trkpt lat="56.1695530" lon="10.2058290">
    <ele>39.4</ele>
   </trkpt>
   <trkpt lat="56.1694650" lon="10.2058910">
    <ele>39.0</ele>
   </trkpt>
   <trkpt lat="56.1693750" lon="10.2059520">
    <ele>38.8</ele>
   </trkpt>
   <trkpt lat="56.1692840" lon="10.2060110">
    <ele>38.4</ele>
   </trkpt>
   <trkpt lat="56.1691930" lon="10.2060690">
    <ele>38.2</ele>
   </trkpt>
   <trkpt lat="56.1691020" lon="10.2061280">
    <ele>37.8</ele>
   </trkpt>
   <trkpt lat="56.1690130" lon="10.2061920">
    <ele>37.2</ele>
   </trkpt>
   <trkpt lat="56.1689230" lon="10.2062560">
    <ele>36.4</ele>
   </trkpt>
   <trkpt lat="56.1688330" lon="10.2063190">
    <ele>35.8</ele>
   </trkpt>
   <trkpt lat="56.1687450" lon="10.2063790">
    <ele>35.8</ele>
   </trkpt>
   <trkpt lat="56.1686150" lon="10.2064670">
    <ele>35.6</ele>
   </trkpt>
   <trkpt lat="56.1685720" lon="10.2064950">
    <ele>35.4</ele>
   </trkpt>
   <trkpt lat="56.1684860" lon="10.2065470">
    <ele>35.2</ele>
   </trkpt>
   <trkpt lat="56.1684000" lon="10.2066010">
    <ele>35.0</ele>
   </trkpt>
   <trkpt lat="56.1683120" lon="10.2066630">
    <ele>34.8</ele>
   </trkpt>
   <trkpt lat="56.1682240" lon="10.2067260">
    <ele>34.4</ele>
   </trkpt>
   <trkpt lat="56.1681380" lon="10.2067860">
    <ele>33.8</ele>
   </trkpt>
   <trkpt lat="56.1680500" lon="10.2068390">
    <ele>33.4</ele>
   </trkpt>
   <trkpt lat="56.1679620" lon="10.2068920">
    <ele>33.2</ele>
   </trkpt>
   <trkpt lat="56.1678730" lon="10.2069470">
    <ele>33.0</ele>
   </trkpt>
   <trkpt lat="56.1677850" lon="10.2069940">
    <ele>32.8</ele>
   </trkpt>
   <trkpt lat="56.1676950" lon="10.2070410">
    <ele>32.4</ele>
   </trkpt>
   <trkpt lat="56.1676060" lon="10.2070930">
    <ele>32.0</ele>
   </trkpt>
   <trkpt lat="56.1675350" lon="10.2071370">
    <ele>31.6</ele>
   </trkpt>
   <trkpt lat="56.1674460" lon="10.2071940">
    <ele>31.2</ele>
   </trkpt>
   <trkpt lat="56.1673380" lon="10.2072640">
    <ele>30.8</ele>
   </trkpt>
   <trkpt lat="56.1672450" lon="10.2073180">
    <ele>30.6</ele>
   </trkpt>
   <trkpt lat="56.1671510" lon="10.2073570">
    <ele>29.8</ele>
   </trkpt>
   <trkpt lat="56.1670550" lon="10.2073900">
    <ele>29.4</ele>
   </trkpt>
   <trkpt lat="56.1669570" lon="10.2074320">
    <ele>28.8</ele>
   </trkpt>
   <trkpt lat="56.1668610" lon="10.2074850">
    <ele>28.2</ele>
   </trkpt>
   <trkpt lat="56.1667650" lon="10.2075440">
    <ele>27.4</ele>
   </trkpt>
   <trkpt lat="56.1666680" lon="10.2076080">
    <ele>26.8</ele>
   </trkpt>
   <trkpt lat="56.1665700" lon="10.2076760">
    <ele>26.4</ele>
   </trkpt>
   <trkpt lat="56.1664700" lon="10.2077420">
    <ele>26.0</ele>
   </trkpt>
   <trkpt lat="56.1663690" lon="10.2078080">
    <ele>25.8</ele>
   </trkpt>
   <trkpt lat="56.1662660" lon="10.2078770">
    <ele>25.4</ele>
   </trkpt>
   <trkpt lat="56.1661620" lon="10.2079480">
    <ele>24.8</ele>
   </trkpt>
   <trkpt lat="56.1660570" lon="10.2080150">
    <ele>23.6</ele>
   </trkpt>
   <trkpt lat="56.1659520" lon="10.2080820">
    <ele>22.8</ele>
   </trkpt>
   <trkpt lat="56.1658470" lon="10.2081570">
    <ele>22.2</ele>
   </trkpt>
   <trkpt lat="56.1657420" lon="10.2082430">
    <ele>21.6</ele>
   </trkpt>
   <trkpt lat="56.1656360" lon="10.2083310">
    <ele>21.0</ele>
   </trkpt>
   <trkpt lat="56.1655280" lon="10.2084140">
    <ele>20.2</ele>
   </trkpt>
   <trkpt lat="56.1654200" lon="10.2084950">
    <ele>19.6</ele>
   </trkpt>
   <trkpt lat="56.1653310" lon="10.2085610">
    <ele>19.0</ele>
   </trkpt>
   <trkpt lat="56.1651980" lon="10.2086610">
    <ele>18.4</ele>
   </trkpt>
   <trkpt lat="56.1650860" lon="10.2087450">
    <ele>17.4</ele>
   </trkpt>
   <trkpt lat="56.1649730" lon="10.2088310">
    <ele>16.8</ele>
   </trkpt>
   <trkpt lat="56.1648590" lon="10.2089160">
    <ele>15.6</ele>
   </trkpt>
   <trkpt lat="56.1647440" lon="10.2090010">
    <ele>14.4</ele>
   </trkpt>
   <trkpt lat="56.1646300" lon="10.2090850">
    <ele>13.2</ele>
   </trkpt>
   <trkpt lat="56.1645150" lon="10.2091710">
    <ele>12.6</ele>
   </trkpt>
   <trkpt lat="56.1644010" lon="10.2092620">
    <ele>11.8</ele>
   </trkpt>
   <trkpt lat="56.1642870" lon="10.2093530">
    <ele>10.8</ele>
   </trkpt>
   <trkpt lat="56.1641720" lon="10.2094440">
    <ele>10.2</ele>
   </trkpt>
   <trkpt lat="56.1640550" lon="10.2095360">
    <ele>9.8</ele>
   </trkpt>
   <trkpt lat="56.1639340" lon="10.2096310">
    <ele>9.0</ele>
   </trkpt>
   <trkpt lat="56.1638120" lon="10.2097240">
    <ele>8.2</ele>
   </trkpt>
   <trkpt lat="56.1636880" lon="10.2098180">
    <ele>7.2</ele>
   </trkpt>
   <trkpt lat="56.1635650" lon="10.2099110">
    <ele>6.6</ele>
   </trkpt>
   <trkpt lat="56.1634430" lon="10.2100020">
    <ele>5.4</ele>
   </trkpt>
   <trkpt lat="56.1633210" lon="10.2100920">
    <ele>4.4</ele>
   </trkpt>
   <trkpt lat="56.1631980" lon="10.2101790">
    <ele>3.8</ele>
   </trkpt>
   <trkpt lat="56.1630780" lon="10.2102610">
    <ele>3.2</ele>
   </trkpt>
   <trkpt lat="56.1629660" lon="10.2103390">
    <ele>3.0</ele>
   </trkpt>
   <trkpt lat="56.1628580" lon="10.2104080">
    <ele>2.2</ele>
   </trkpt>
   <trkpt lat="56.1627750" lon="10.2104540">
    <ele>1.8</ele>
   </trkpt>
   <trkpt lat="56.1626530" lon="10.2105280">
    <ele>1.4</ele>
   </trkpt>
   <trkpt lat="56.1625600" lon="10.2105910">
    <ele>1.0</ele>
   </trkpt>
   <trkpt lat="56.1624720" lon="10.2106500">
    <ele>0.8</ele>
   </trkpt>
   <trkpt lat="56.1623880" lon="10.2107060">
    <ele>0.8</ele>
   </trkpt>
   <trkpt lat="56.1623080" lon="10.2107570">
    <ele>0.8</ele>
   </trkpt>
   <trkpt lat="56.1622370" lon="10.2108030">
    <ele>0.8</ele>
   </trkpt>
   <trkpt lat="56.1621770" lon="10.2108410">
    <ele>0.8</ele>
   </trkpt>
   <trkpt lat="56.1621280" lon="10.2108680">
    <ele>0.8</ele>
   </trkpt>
   <trkpt lat="56.1620810" lon="10.2108980">
    <ele>0.8</ele>
   </trkpt>
   <trkpt lat="56.1620360" lon="10.2109340">
    <ele>0.8</ele>
   </trkpt>
   <trkpt lat="56.1619880" lon="10.2109680">
    <ele>0.6</ele>
   </trkpt>
   <trkpt lat="56.1619430" lon="10.2110010">
    <ele>0.2</ele>
   </trkpt>
   <trkpt lat="56.1618950" lon="10.2110220">
    <ele>0.2</ele>
   </trkpt>
   <trkpt lat="56.1618470" lon="10.2110090">
    <ele>0.2</ele>
   </trkpt>
   <trkpt lat="56.1618030" lon="10.2109660">
    <ele>0.2</ele>
   </trkpt>
   <trkpt lat="56.1617630" lon="10.2109110">
    <ele>0.0</ele>
   </trkpt>
  </trkseg>
 </trk>
</gpx>
