<?xml version="1.0" encoding="UTF-8"?>
<gpx creator="StravaGPX" version="1.1" xmlns="http://www.topografix.com/GPX/1/1" xmlns:xsi="http://www.w3.org/2001/XMLSchema-instance" xsi:schemaLocation="http://www.topografix.com/GPX/1/1 http://www.topografix.com/GPX/1/1/gpx.xsd">
 <trk>
  <name>Rainy heatywavy</name>
  <type>cycling</type>
  <trkseg>
   <trkpt lat="56.1620770" lon="10.2092760">
    <ele>15.8</ele>
   </trkpt>
   <trkpt lat="56.1620760" lon="10.2092750">
    <ele>15.8</ele>
   </trkpt>
   <trkpt lat="56.1621180" lon="10.2092350">
    <ele>15.4</ele>
   </trkpt>
   <trkpt lat="56.1621370" lon="10.2091980">
    <ele>15.4</ele>
   </trkpt>
   <trkpt lat="56.1621560" lon="10.2091630">
    <ele>15.4</ele>
   </trkpt>
   <trkpt lat="56.1621770" lon="10.2091260">
    <ele>15.4</ele>
   </trkpt>
   <trkpt lat="56.1621920" lon="10.2090950">
    <ele>15.4</ele>
   </trkpt>
   <trkpt lat="56.1622100" lon="10.2090530">
    <ele>15.4</ele>
   </trkpt>
   <trkpt lat="56.1622290" lon="10.2090090">
    <ele>15.6</ele>
   </trkpt>
   <trkpt lat="56.1622520" lon="10.2089610">
    <ele>15.8</ele>
   </trkpt>
   <trkpt lat="56.1622820" lon="10.2089040">
    <ele>16.2</ele>
   </trkpt>
   <trkpt lat="56.1623080" lon="10.2088510">
    <ele>16.6</ele>
   </trkpt>
   <trkpt lat="56.1623250" lon="10.2088090">
    <ele>17.0</ele>
   </trkpt>
   <trkpt lat="56.1623470" lon="10.2087530">
    <ele>17.2</ele>
   </trkpt>
   <trkpt lat="56.1623620" lon="10.2086880">
    <ele>17.2</ele>
   </trkpt>
   <trkpt lat="56.1623580" lon="10.2086420">
    <ele>17.4</ele>
   </trkpt>
   <trkpt lat="56.1623400" lon="10.2085730">
    <ele>17.6</ele>
   </trkpt>
   <trkpt lat="56.1623240" lon="10.2085100">
    <ele>17.8</ele>
   </trkpt>
   <trkpt lat="56.1623100" lon="10.2084580">
    <ele>17.8</ele>
   </trkpt>
   <trkpt lat="56.1622870" lon="10.2083780">
    <ele>17.8</ele>
   </trkpt>
   <trkpt lat="56.1622740" lon="10.2083080">
    <ele>17.8</ele>
   </trkpt>
   <trkpt lat="56.1622650" lon="10.2082490">
    <ele>17.8</ele>
   </trkpt>
   <trkpt lat="56.1622540" lon="10.2081580">
    <ele>17.8</ele>
   </trkpt>
   <trkpt lat="56.1622470" lon="10.2080980">
    <ele>17.8</ele>
   </trkpt>
   <trkpt lat="56.1622320" lon="10.2080250">
    <ele>17.8</ele>
   </trkpt>
   <trkpt lat="56.1622030" lon="10.2079450">
    <ele>17.8</ele>
   </trkpt>
   <trkpt lat="56.1621780" lon="10.2078960">
    <ele>17.6</ele>
   </trkpt>
   <trkpt lat="56.1621440" lon="10.2078470">
    <ele>17.4</ele>
   </trkpt>
   <trkpt lat="56.1621090" lon="10.2078040">
    <ele>17.2</ele>
   </trkpt>
   <trkpt lat="56.1620800" lon="10.2077700">
    <ele>17.2</ele>
   </trkpt>
   <trkpt lat="56.1620550" lon="10.2077440">
    <ele>17.0</ele>
   </trkpt>
   <trkpt lat="56.1620300" lon="10.2077220">
    <ele>16.8</ele>
   </trkpt>
   <trkpt lat="56.1620130" lon="10.2077180">
    <ele>16.6</ele>
   </trkpt>
   <trkpt lat="56.1619910" lon="10.2077180">
    <ele>16.4</ele>
   </trkpt>
   <trkpt lat="56.1619710" lon="10.2077310">
    <ele>16.2</ele>
   </trkpt>
   <trkpt lat="56.1619480" lon="10.2077720">
    <ele>16.2</ele>
   </trkpt>
   <trkpt lat="56.1619300" lon="10.2078090">
    <ele>16.0</ele>
   </trkpt>
   <trkpt lat="56.1619010" lon="10.2078700">
    <ele>15.6</ele>
   </trkpt>
   <trkpt lat="56.1618800" lon="10.2079220">
    <ele>15.4</ele>
   </trkpt>
   <trkpt lat="56.1618600" lon="10.2079690">
    <ele>15.2</ele>
   </trkpt>
   <trkpt lat="56.1618330" lon="10.2080300">
    <ele>14.8</ele>
   </trkpt>
   <trkpt lat="56.1618010" lon="10.2081110">
    <ele>14.6</ele>
   </trkpt>
   <trkpt lat="56.1617660" lon="10.2081900">
    <ele>14.4</ele>
   </trkpt>
   <trkpt lat="56.1617370" lon="10.2082580">
    <ele>14.0</ele>
   </trkpt>
   <trkpt lat="56.1617010" lon="10.2083560">
    <ele>13.8</ele>
   </trkpt>
   <trkpt lat="56.1616630" lon="10.2084380">
    <ele>13.6</ele>
   </trkpt>
   <trkpt lat="56.1616310" lon="10.2085150">
    <ele>13.2</ele>
   </trkpt>
   <trkpt lat="56.1615970" lon="10.2085920">
    <ele>13.0</ele>
   </trkpt>
   <trkpt lat="56.1615630" lon="10.2086750">
    <ele>12.8</ele>
   </trkpt>
   <trkpt lat="56.1615170" lon="10.2087590">
    <ele>12.6</ele>
   </trkpt>
   <trkpt lat="56.1614780" lon="10.2088230">
    <ele>12.2</ele>
   </trkpt>
   <trkpt lat="56.1614360" lon="10.2088970">
    <ele>12.0</ele>
   </trkpt>
   <trkpt lat="56.1613960" lon="10.2089860">
    <ele>11.8</ele>
   </trkpt>
   <trkpt lat="56.1613720" lon="10.2090510">
    <ele>11.8</ele>
   </trkpt>
   <trkpt lat="56.1613350" lon="10.2091350">
    <ele>11.4</ele>
   </trkpt>
   <trkpt lat="56.1612960" lon="10.2092360">
    <ele>11.2</ele>
   </trkpt>
   <trkpt lat="56.1612640" lon="10.2093220">
    <ele>11.0</ele>
   </trkpt>
   <trkpt lat="56.1612380" lon="10.2093850">
    <ele>10.8</ele>
   </trkpt>
   <trkpt lat="56.1612010" lon="10.2094730">
    <ele>10.6</ele>
   </trkpt>
   <trkpt lat="56.1611750" lon="10.2095310">
    <ele>10.4</ele>
   </trkpt>
   <trkpt lat="56.1611540" lon="10.2095770">
    <ele>10.2</ele>
   </trkpt>
   <trkpt lat="56.1611310" lon="10.2096210">
    <ele>10.0</ele>
   </trkpt>
   <trkpt lat="56.1611020" lon="10.2096640">
    <ele>9.8</ele>
   </trkpt>
   <trkpt lat="56.1610760" lon="10.2096950">
    <ele>9.8</ele>
   </trkpt>
   <trkpt lat="56.1610710" lon="10.2097030">
    <ele>9.8</ele>
   </trkpt>
   <trkpt lat="56.1610690" lon="10.2097160">
    <ele>9.6</ele>
   </trkpt>
   <trkpt lat="56.1610700" lon="10.2097540">
    <ele>9.6</ele>
   </trkpt>
   <trkpt lat="56.1610860" lon="10.2098240">
    <ele>9.6</ele>
   </trkpt>
   <trkpt lat="56.1611060" lon="10.2098700">
    <ele>9.4</ele>
   </trkpt>
   <trkpt lat="56.1611400" lon="10.2099370">
    <ele>9.2</ele>
   </trkpt>
   <trkpt lat="56.1611650" lon="10.2099770">
    <ele>9.0</ele>
   </trkpt>
   <trkpt lat="56.1612010" lon="10.2100210">
    <ele>8.8</ele>
   </trkpt>
   <trkpt lat="56.1612420" lon="10.2100750">
    <ele>8.8</ele>
   </trkpt>
   <trkpt lat="56.1612720" lon="10.2101250">
    <ele>8.6</ele>
   </trkpt>
   <trkpt lat="56.1613040" lon="10.2101720">
    <ele>8.6</ele>
   </trkpt>
   <trkpt lat="56.1613380" lon="10.2102240">
    <ele>8.6</ele>
   </trkpt>
   <trkpt lat="56.1613720" lon="10.2102800">
    <ele>8.8</ele>
   </trkpt>
   <trkpt lat="56.1614010" lon="10.2103220">
    <ele>8.8</ele>
   </trkpt>
   <trkpt lat="56.1614350" lon="10.2103760">
    <ele>8.8</ele>
   </trkpt>
   <trkpt lat="56.1614710" lon="10.2104350">
    <ele>8.8</ele>
   </trkpt>
   <trkpt lat="56.1615090" lon="10.2104880">
    <ele>8.8</ele>
   </trkpt>
   <trkpt lat="56.1615440" lon="10.2105450">
    <ele>8.8</ele>
   </trkpt>
   <trkpt lat="56.1615880" lon="10.2106120">
    <ele>8.8</ele>
   </trkpt>
   <trkpt lat="56.1616180" lon="10.2106550">
    <ele>8.8</ele>
   </trkpt>
   <trkpt lat="56.1616550" lon="10.2107080">
    <ele>8.8</ele>
   </trkpt>
   <trkpt lat="56.1616930" lon="10.2107590">
    <ele>8.8</ele>
   </trkpt>
   <trkpt lat="56.1617240" lon="10.2108090">
    <ele>8.8</ele>
   </trkpt>
   <trkpt lat="56.1617530" lon="10.2108440">
    <ele>8.8</ele>
   </trkpt>
   <trkpt lat="56.1617620" lon="10.2108930">
    <ele>9.0</ele>
   </trkpt>
   <trkpt lat="56.1617420" lon="10.2109290">
    <ele>9.2</ele>
   </trkpt>
   <trkpt lat="56.1617240" lon="10.2109620">
    <ele>9.2</ele>
   </trkpt>
   <trkpt lat="56.1617200" lon="10.2109910">
    <ele>9.2</ele>
   </trkpt>
   <trkpt lat="56.1617210" lon="10.2109970">
    <ele>9.4</ele>
   </trkpt>
   <trkpt lat="56.1617210" lon="10.2109970">
    <ele>9.4</ele>
   </trkpt>
   <trkpt lat="56.1617580" lon="10.2110600">
    <ele>9.2</ele>
   </trkpt>
   <trkpt lat="56.1617730" lon="10.2110920">
    <ele>9.2</ele>
   </trkpt>
   <trkpt lat="56.1617820" lon="10.2111390">
    <ele>9.2</ele>
   </trkpt>
   <trkpt lat="56.1617710" lon="10.2111910">
    <ele>9.2</ele>
   </trkpt>
   <trkpt lat="56.1617370" lon="10.2112240">
    <ele>9.2</ele>
   </trkpt>
   <trkpt lat="56.1617000" lon="10.2112480">
    <ele>9.2</ele>
   </trkpt>
   <trkpt lat="56.1616620" lon="10.2112730">
    <ele>9.0</ele>
   </trkpt>
   <trkpt lat="56.1616200" lon="10.2112960">
    <ele>9.0</ele>
   </trkpt>
   <trkpt lat="56.1615740" lon="10.2113130">
    <ele>8.8</ele>
   </trkpt>
   <trkpt lat="56.1615270" lon="10.2113220">
    <ele>8.8</ele>
   </trkpt>
   <trkpt lat="56.1614790" lon="10.2113300">
    <ele>8.6</ele>
   </trkpt>
   <trkpt lat="56.1614310" lon="10.2113470">
    <ele>8.4</ele>
   </trkpt>
   <trkpt lat="56.1613820" lon="10.2113780">
    <ele>8.6</ele>
   </trkpt>
   <trkpt lat="56.1613340" lon="10.2114180">
    <ele>8.4</ele>
   </trkpt>
   <trkpt lat="56.1612870" lon="10.2114640">
    <ele>8.4</ele>
   </trkpt>
   <trkpt lat="56.1612380" lon="10.2115100">
    <ele>8.4</ele>
   </trkpt>
   <trkpt lat="56.1611910" lon="10.2115550">
    <ele>8.4</ele>
   </trkpt>
   <trkpt lat="56.1611400" lon="10.2116000">
    <ele>8.2</ele>
   </trkpt>
   <trkpt lat="56.1610900" lon="10.2116450">
    <ele>8.2</ele>
   </trkpt>
   <trkpt lat="56.1610440" lon="10.2116990">
    <ele>8.2</ele>
   </trkpt>
   <trkpt lat="56.1609970" lon="10.2117500">
    <ele>8.4</ele>
   </trkpt>
   <trkpt lat="56.1609530" lon="10.2118090">
    <ele>8.4</ele>
   </trkpt>
   <trkpt lat="56.1609090" lon="10.2118710">
    <ele>8.4</ele>
   </trkpt>
   <trkpt lat="56.1608650" lon="10.2119390">
    <ele>8.4</ele>
   </trkpt>
   <trkpt lat="56.1608220" lon="10.2120160">
    <ele>8.4</ele>
   </trkpt>
   <trkpt lat="56.1607710" lon="10.2120920">
    <ele>8.4</ele>
   </trkpt>
   <trkpt lat="56.1607170" lon="10.2121700">
    <ele>8.4</ele>
   </trkpt>
   <trkpt lat="56.1606790" lon="10.2122490">
    <ele>8.4</ele>
   </trkpt>
   <trkpt lat="56.1606410" lon="10.2123380">
    <ele>8.4</ele>
   </trkpt>
   <trkpt lat="56.1606040" lon="10.2124310">
    <ele>8.4</ele>
   </trkpt>
   <trkpt lat="56.1605700" lon="10.2125290">
    <ele>8.4</ele>
   </trkpt>
   <trkpt lat="56.1605380" lon="10.2126200">
    <ele>8.4</ele>
   </trkpt>
   <trkpt lat="56.1605100" lon="10.2127050">
    <ele>8.4</ele>
   </trkpt>
   <trkpt lat="56.1604870" lon="10.2127830">
    <ele>8.6</ele>
   </trkpt>
   <trkpt lat="56.1604670" lon="10.2128570">
    <ele>8.4</ele>
   </trkpt>
   <trkpt lat="56.1604470" lon="10.2129320">
    <ele>8.4</ele>
   </trkpt>
   <trkpt lat="56.1604280" lon="10.2130090">
    <ele>8.4</ele>
   </trkpt>
   <trkpt lat="56.1604120" lon="10.2130780">
    <ele>8.4</ele>
   </trkpt>
   <trkpt lat="56.1603940" lon="10.2131470">
    <ele>8.4</ele>
   </trkpt>
   <trkpt lat="56.1603740" lon="10.2132090">
    <ele>8.4</ele>
   </trkpt>
   <trkpt lat="56.1603540" lon="10.2132610">
    <ele>8.4</ele>
   </trkpt>
   <trkpt lat="56.1603310" lon="10.2132880">
    <ele>8.2</ele>
   </trkpt>
   <trkpt lat="56.1603000" lon="10.2132860">
    <ele>8.2</ele>
   </trkpt>
   <trkpt lat="56.1602650" lon="10.2132600">
    <ele>8.2</ele>
   </trkpt>
   <trkpt lat="56.1602270" lon="10.2132250">
    <ele>8.0</ele>
   </trkpt>
   <trkpt lat="56.1601820" lon="10.2131870">
    <ele>8.0</ele>
   </trkpt>
   <trkpt lat="56.1601340" lon="10.2131460">
    <ele>7.8</ele>
   </trkpt>
   <trkpt lat="56.1600900" lon="10.2131020">
    <ele>7.8</ele>
   </trkpt>
   <trkpt lat="56.1600510" lon="10.2130540">
    <ele>7.8</ele>
   </trkpt>
   <trkpt lat="56.1600100" lon="10.2130040">
    <ele>8.0</ele>
   </trkpt>
   <trkpt lat="56.1599680" lon="10.2129520">
    <ele>8.0</ele>
   </trkpt>
   <trkpt lat="56.1599230" lon="10.2129020">
    <ele>8.0</ele>
   </trkpt>
   <trkpt lat="56.1598800" lon="10.2128530">
    <ele>8.0</ele>
   </trkpt>
   <trkpt lat="56.1598330" lon="10.2128060">
    <ele>8.0</ele>
   </trkpt>
   <trkpt lat="56.1597940" lon="10.2127700">
    <ele>8.0</ele>
   </trkpt>
   <trkpt lat="56.1597600" lon="10.2127370">
    <ele>8.2</ele>
   </trkpt>
   <trkpt lat="56.1597330" lon="10.2127060">
    <ele>8.2</ele>
   </trkpt>
   <trkpt lat="56.1597100" lon="10.2126810">
    <ele>8.4</ele>
   </trkpt>
   <trkpt lat="56.1596890" lon="10.2126600">
    <ele>8.4</ele>
   </trkpt>
   <trkpt lat="56.1596670" lon="10.2126360">
    <ele>8.4</ele>
   </trkpt>
   <trkpt lat="56.1596440" lon="10.2126100">
    <ele>8.4</ele>
   </trkpt>
   <trkpt lat="56.1596090" lon="10.2125880">
    <ele>8.6</ele>
   </trkpt>
   <trkpt lat="56.1595830" lon="10.2125630">
    <ele>8.6</ele>
   </trkpt>
   <trkpt lat="56.1595550" lon="10.2125420">
    <ele>8.6</ele>
   </trkpt>
   <trkpt lat="56.1595290" lon="10.2125200">
    <ele>8.6</ele>
   </trkpt>
   <trkpt lat="56.1595050" lon="10.2125040">
    <ele>8.6</ele>
   </trkpt>
   <trkpt lat="56.1594690" lon="10.2124770">
    <ele>8.6</ele>
   </trkpt>
   <trkpt lat="56.1594360" lon="10.2124430">
    <ele>8.4</ele>
   </trkpt>
   <trkpt lat="56.1593920" lon="10.2124070">
    <ele>8.4</ele>
   </trkpt>
   <trkpt lat="56.1593440" lon="10.2123710">
    <ele>8.4</ele>
   </trkpt>
   <trkpt lat="56.1592880" lon="10.2123380">
    <ele>8.4</ele>
   </trkpt>
   <trkpt lat="56.1592320" lon="10.2123060">
    <ele>8.4</ele>
   </trkpt>
   <trkpt lat="56.1591820" lon="10.2122700">
    <ele>8.4</ele>
   </trkpt>
   <trkpt lat="56.1591290" lon="10.2122360">
    <ele>8.4</ele>
   </trkpt>
   <trkpt lat="56.1590690" lon="10.2122090">
    <ele>8.6</ele>
   </trkpt>
   <trkpt lat="56.1590040" lon="10.2121930">
    <ele>8.8</ele>
   </trkpt>
   <trkpt lat="56.1589520" lon="10.2121830">
    <ele>8.8</ele>
   </trkpt>
   <trkpt lat="56.1588800" lon="10.2121700">
    <ele>8.8</ele>
   </trkpt>
   <trkpt lat="56.1588240" lon="10.2121580">
    <ele>8.8</ele>
   </trkpt>
   <trkpt lat="56.1587630" lon="10.2121520">
    <ele>8.8</ele>
   </trkpt>
   <trkpt lat="56.1587000" lon="10.2121480">
    <ele>8.8</ele>
   </trkpt>
   <trkpt lat="56.1586400" lon="10.2121440">
    <ele>8.8</ele>
   </trkpt>
   <trkpt lat="56.1585750" lon="10.2121490">
    <ele>8.8</ele>
   </trkpt>
   <trkpt lat="56.1585040" lon="10.2121680">
    <ele>8.6</ele>
   </trkpt>
   <trkpt lat="56.1584420" lon="10.2121720">
    <ele>8.6</ele>
   </trkpt>
   <trkpt lat="56.1583780" lon="10.2121780">
    <ele>8.6</ele>
   </trkpt>
   <trkpt lat="56.1583110" lon="10.2121810">
    <ele>8.6</ele>
   </trkpt>
   <trkpt lat="56.1582550" lon="10.2121520">
    <ele>8.6</ele>
   </trkpt>
   <trkpt lat="56.1582090" lon="10.2121090">
    <ele>8.6</ele>
   </trkpt>
   <trkpt lat="56.1581550" lon="10.2120860">
    <ele>8.4</ele>
   </trkpt>
   <trkpt lat="56.1581020" lon="10.2120620">
    <ele>8.4</ele>
   </trkpt>
   <trkpt lat="56.1580500" lon="10.2120370">
    <ele>8.2</ele>
   </trkpt>
   <trkpt lat="56.1579970" lon="10.2120130">
    <ele>8.2</ele>
   </trkpt>
   <trkpt lat="56.1579440" lon="10.2119930">
    <ele>8.2</ele>
   </trkpt>
   <trkpt lat="56.1578850" lon="10.2119750">
    <ele>8.4</ele>
   </trkpt>
   <trkpt lat="56.1578230" lon="10.2119500">
    <ele>8.4</ele>
   </trkpt>
   <trkpt lat="56.1577630" lon="10.2119290">
    <ele>8.4</ele>
   </trkpt>
   <trkpt lat="56.1577050" lon="10.2119080">
    <ele>8.4</ele>
   </trkpt>
   <trkpt lat="56.1576470" lon="10.2118900">
    <ele>8.4</ele>
   </trkpt>
   <trkpt lat="56.1575890" lon="10.2118760">
    <ele>8.4</ele>
   </trkpt>
   <trkpt lat="56.1575380" lon="10.2118530">
    <ele>8.4</ele>
   </trkpt>
   <trkpt lat="56.1574900" lon="10.2118180">
    <ele>8.4</ele>
   </trkpt>
   <trkpt lat="56.1574380" lon="10.2117850">
    <ele>8.4</ele>
   </trkpt>
   <trkpt lat="56.1573840" lon="10.2117560">
    <ele>8.4</ele>
   </trkpt>
   <trkpt lat="56.1573170" lon="10.2117400">
    <ele>8.4</ele>
   </trkpt>
   <trkpt lat="56.1572520" lon="10.2117250">
    <ele>8.4</ele>
   </trkpt>
   <trkpt lat="56.1571900" lon="10.2117110">
    <ele>8.4</ele>
   </trkpt>
   <trkpt lat="56.1571270" lon="10.2116900">
    <ele>8.4</ele>
   </trkpt>
   <trkpt lat="56.1570670" lon="10.2116510">
    <ele>8.2</ele>
   </trkpt>
   <trkpt lat="56.1570210" lon="10.2116170">
    <ele>8.2</ele>
   </trkpt>
   <trkpt lat="56.1569560" lon="10.2115600">
    <ele>8.2</ele>
   </trkpt>
   <trkpt lat="56.1569110" lon="10.2115270">
    <ele>8.0</ele>
   </trkpt>
   <trkpt lat="56.1568540" lon="10.2114960">
    <ele>8.0</ele>
   </trkpt>
   <trkpt lat="56.1567920" lon="10.2114720">
    <ele>8.2</ele>
   </trkpt>
   <trkpt lat="56.1567170" lon="10.2114410">
    <ele>8.0</ele>
   </trkpt>
   <trkpt lat="56.1566560" lon="10.2114220">
    <ele>8.0</ele>
   </trkpt>
   <trkpt lat="56.1565970" lon="10.2114060">
    <ele>8.0</ele>
   </trkpt>
   <trkpt lat="56.1565360" lon="10.2113910">
    <ele>8.0</ele>
   </trkpt>
   <trkpt lat="56.1564740" lon="10.2113840">
    <ele>8.0</ele>
   </trkpt>
   <trkpt lat="56.1564140" lon="10.2113830">
    <ele>8.2</ele>
   </trkpt>
   <trkpt lat="56.1563570" lon="10.2113840">
    <ele>8.2</ele>
   </trkpt>
   <trkpt lat="56.1563040" lon="10.2113900">
    <ele>8.2</ele>
   </trkpt>
   <trkpt lat="56.1562540" lon="10.2113950">
    <ele>8.2</ele>
   </trkpt>
   <trkpt lat="56.1562030" lon="10.2113990">
    <ele>8.2</ele>
   </trkpt>
   <trkpt lat="56.1561510" lon="10.2114050">
    <ele>8.2</ele>
   </trkpt>
   <trkpt lat="56.1560970" lon="10.2114120">
    <ele>8.2</ele>
   </trkpt>
   <trkpt lat="56.1560410" lon="10.2114250">
    <ele>8.2</ele>
   </trkpt>
   <trkpt lat="56.1559810" lon="10.2114440">
    <ele>8.2</ele>
   </trkpt>
   <trkpt lat="56.1559200" lon="10.2114590">
    <ele>8.2</ele>
   </trkpt>
   <trkpt lat="56.1558610" lon="10.2114650">
    <ele>8.2</ele>
   </trkpt>
   <trkpt lat="56.1558040" lon="10.2114680">
    <ele>8.2</ele>
   </trkpt>
   <trkpt lat="56.1557440" lon="10.2114700">
    <ele>8.4</ele>
   </trkpt>
   <trkpt lat="56.1556870" lon="10.2114690">
    <ele>8.4</ele>
   </trkpt>
   <trkpt lat="56.1556250" lon="10.2114740">
    <ele>8.4</ele>
   </trkpt>
   <trkpt lat="56.1555600" lon="10.2114800">
    <ele>8.6</ele>
   </trkpt>
   <trkpt lat="56.1554980" lon="10.2114840">
    <ele>8.6</ele>
   </trkpt>
   <trkpt lat="56.1554460" lon="10.2114930">
    <ele>8.6</ele>
   </trkpt>
   <trkpt lat="56.1553940" lon="10.2115050">
    <ele>8.6</ele>
   </trkpt>
   <trkpt lat="56.1553440" lon="10.2115180">
    <ele>8.4</ele>
   </trkpt>
   <trkpt lat="56.1552880" lon="10.2115440">
    <ele>8.4</ele>
   </trkpt>
   <trkpt lat="56.1552340" lon="10.2115800">
    <ele>8.2</ele>
   </trkpt>
   <trkpt lat="56.1551650" lon="10.2116040">
    <ele>8.0</ele>
   </trkpt>
   <trkpt lat="56.1550960" lon="10.2116310">
    <ele>7.8</ele>
   </trkpt>
   <trkpt lat="56.1550420" lon="10.2116500">
    <ele>7.8</ele>
   </trkpt>
   <trkpt lat="56.1549930" lon="10.2116670">
    <ele>7.8</ele>
   </trkpt>
   <trkpt lat="56.1549470" lon="10.2116830">
    <ele>7.8</ele>
   </trkpt>
   <trkpt lat="56.1549090" lon="10.2116930">
    <ele>7.6</ele>
   </trkpt>
   <trkpt lat="56.1548460" lon="10.2116910">
    <ele>7.6</ele>
   </trkpt>
   <trkpt lat="56.1547800" lon="10.2117010">
    <ele>7.4</ele>
   </trkpt>
   <trkpt lat="56.1547090" lon="10.2117070">
    <ele>7.4</ele>
   </trkpt>
   <trkpt lat="56.1546370" lon="10.2117150">
    <ele>7.2</ele>
   </trkpt>
   <trkpt lat="56.1545680" lon="10.2117040">
    <ele>7.0</ele>
   </trkpt>
   <trkpt lat="56.1545260" lon="10.2116930">
    <ele>6.8</ele>
   </trkpt>
   <trkpt lat="56.1544990" lon="10.2116740">
    <ele>6.6</ele>
   </trkpt>
   <trkpt lat="56.1544810" lon="10.2116350">
    <ele>6.6</ele>
   </trkpt>
   <trkpt lat="56.1544630" lon="10.2116140">
    <ele>6.4</ele>
   </trkpt>
   <trkpt lat="56.1544430" lon="10.2116110">
    <ele>6.4</ele>
   </trkpt>
   <trkpt lat="56.1544120" lon="10.2116190">
    <ele>6.4</ele>
   </trkpt>
   <trkpt lat="56.1543780" lon="10.2116240">
    <ele>6.4</ele>
   </trkpt>
   <trkpt lat="56.1543430" lon="10.2116270">
    <ele>6.2</ele>
   </trkpt>
   <trkpt lat="56.1543080" lon="10.2116310">
    <ele>6.2</ele>
   </trkpt>
   <trkpt lat="56.1542720" lon="10.2116510">
    <ele>6.0</ele>
   </trkpt>
   <trkpt lat="56.1542340" lon="10.2116900">
    <ele>6.0</ele>
   </trkpt>
   <trkpt lat="56.1541940" lon="10.2117410">
    <ele>5.8</ele>
   </trkpt>
   <trkpt lat="56.1541510" lon="10.2117910">
    <ele>5.6</ele>
   </trkpt>
   <trkpt lat="56.1541040" lon="10.2118450">
    <ele>5.4</ele>
   </trkpt>
   <trkpt lat="56.1540550" lon="10.2119000">
    <ele>5.4</ele>
   </trkpt>
   <trkpt lat="56.1540040" lon="10.2119510">
    <ele>5.4</ele>
   </trkpt>
   <trkpt lat="56.1539540" lon="10.2120010">
    <ele>5.2</ele>
   </trkpt>
   <trkpt lat="56.1539050" lon="10.2120630">
    <ele>5.2</ele>
   </trkpt>
   <trkpt lat="56.1538550" lon="10.2121280">
    <ele>5.2</ele>
   </trkpt>
   <trkpt lat="56.1538080" lon="10.2121950">
    <ele>5.2</ele>
   </trkpt>
   <trkpt lat="56.1537570" lon="10.2122630">
    <ele>5.2</ele>
   </trkpt>
   <trkpt lat="56.1537150" lon="10.2123190">
    <ele>5.2</ele>
   </trkpt>
   <trkpt lat="56.1536740" lon="10.2123720">
    <ele>5.4</ele>
   </trkpt>
   <trkpt lat="56.1536370" lon="10.2124190">
    <ele>5.6</ele>
   </trkpt>
   <trkpt lat="56.1536080" lon="10.2124530">
    <ele>5.6</ele>
   </trkpt>
   <trkpt lat="56.1535840" lon="10.2124760">
    <ele>6.0</ele>
   </trkpt>
   <trkpt lat="56.1535650" lon="10.2124860">
    <ele>6.2</ele>
   </trkpt>
   <trkpt lat="56.1535520" lon="10.2124900">
    <ele>6.2</ele>
   </trkpt>
   <trkpt lat="56.1535400" lon="10.2124850">
    <ele>6.4</ele>
   </trkpt>
   <trkpt lat="56.1535250" lon="10.2124680">
    <ele>6.4</ele>
   </trkpt>
   <trkpt lat="56.1535080" lon="10.2124430">
    <ele>6.4</ele>
   </trkpt>
   <trkpt lat="56.1534870" lon="10.2124080">
    <ele>6.4</ele>
   </trkpt>
   <trkpt lat="56.1534610" lon="10.2123710">
    <ele>6.4</ele>
   </trkpt>
   <trkpt lat="56.1534350" lon="10.2123320">
    <ele>6.2</ele>
   </trkpt>
   <trkpt lat="56.1534110" lon="10.2122920">
    <ele>6.2</ele>
   </trkpt>
   <trkpt lat="56.1533910" lon="10.2122600">
    <ele>6.2</ele>
   </trkpt>
   <trkpt lat="56.1533810" lon="10.2122420">
    <ele>6.2</ele>
   </trkpt>
   <trkpt lat="56.1533790" lon="10.2122330">
    <ele>6.2</ele>
   </trkpt>
   <trkpt lat="56.1533790" lon="10.2122330">
    <ele>6.4</ele>
   </trkpt>
   <trkpt lat="56.1533400" lon="10.2121730">
    <ele>6.6</ele>
   </trkpt>
   <trkpt lat="56.1533240" lon="10.2121320">
    <ele>6.6</ele>
   </trkpt>
   <trkpt lat="56.1533010" lon="10.2120820">
    <ele>6.4</ele>
   </trkpt>
   <trkpt lat="56.1532760" lon="10.2120280">
    <ele>6.4</ele>
   </trkpt>
   <trkpt lat="56.1532510" lon="10.2119700">
    <ele>6.4</ele>
   </trkpt>
   <trkpt lat="56.1532020" lon="10.2119130">
    <ele>6.4</ele>
   </trkpt>
   <trkpt lat="56.1531510" lon="10.2118570">
    <ele>6.4</ele>
   </trkpt>
   <trkpt lat="56.1531050" lon="10.2117960">
    <ele>6.4</ele>
   </trkpt>
   <trkpt lat="56.1530600" lon="10.2117280">
    <ele>6.4</ele>
   </trkpt>
   <trkpt lat="56.1530030" lon="10.2116660">
    <ele>6.6</ele>
   </trkpt>
   <trkpt lat="56.1529510" lon="10.2116030">
    <ele>6.6</ele>
   </trkpt>
   <trkpt lat="56.1529040" lon="10.2115410">
    <ele>6.8</ele>
   </trkpt>
   <trkpt lat="56.1528570" lon="10.2114760">
    <ele>6.8</ele>
   </trkpt>
   <trkpt lat="56.1528050" lon="10.2114170">
    <ele>7.0</ele>
   </trkpt>
   <trkpt lat="56.1527540" lon="10.2113620">
    <ele>7.0</ele>
   </trkpt>
   <trkpt lat="56.1527040" lon="10.2113080">
    <ele>7.0</ele>
   </trkpt>
   <trkpt lat="56.1526480" lon="10.2112570">
    <ele>7.2</ele>
   </trkpt>
   <trkpt lat="56.1525920" lon="10.2112060">
    <ele>7.2</ele>
   </trkpt>
   <trkpt lat="56.1525400" lon="10.2111520">
    <ele>7.0</ele>
   </trkpt>
   <trkpt lat="56.1524880" lon="10.2111020">
    <ele>7.0</ele>
   </trkpt>
   <trkpt lat="56.1524350" lon="10.2110550">
    <ele>7.0</ele>
   </trkpt>
   <trkpt lat="56.1523810" lon="10.2110130">
    <ele>7.0</ele>
   </trkpt>
   <trkpt lat="56.1523290" lon="10.2109700">
    <ele>7.0</ele>
   </trkpt>
   <trkpt lat="56.1522780" lon="10.2109310">
    <ele>7.0</ele>
   </trkpt>
   <trkpt lat="56.1522320" lon="10.2108930">
    <ele>7.0</ele>
   </trkpt>
   <trkpt lat="56.1521940" lon="10.2108610">
    <ele>7.0</ele>
   </trkpt>
   <trkpt lat="56.1521670" lon="10.2108370">
    <ele>7.2</ele>
   </trkpt>
   <trkpt lat="56.1521520" lon="10.2108230">
    <ele>7.4</ele>
   </trkpt>
   <trkpt lat="56.1521430" lon="10.2108160">
    <ele>7.4</ele>
   </trkpt>
   <trkpt lat="56.1521410" lon="10.2108120">
    <ele>7.4</ele>
   </trkpt>
   <trkpt lat="56.1521410" lon="10.2108120">
    <ele>7.6</ele>
   </trkpt>
   <trkpt lat="56.1520960" lon="10.2107830">
    <ele>7.4</ele>
   </trkpt>
   <trkpt lat="56.1520650" lon="10.2107570">
    <ele>7.2</ele>
   </trkpt>
   <trkpt lat="56.1520280" lon="10.2107320">
    <ele>7.0</ele>
   </trkpt>
   <trkpt lat="56.1519880" lon="10.2107110">
    <ele>7.0</ele>
   </trkpt>
   <trkpt lat="56.1519440" lon="10.2106890">
    <ele>6.8</ele>
   </trkpt>
   <trkpt lat="56.1518950" lon="10.2106690">
    <ele>6.8</ele>
   </trkpt>
   <trkpt lat="56.1518340" lon="10.2106460">
    <ele>6.8</ele>
   </trkpt>
   <trkpt lat="56.1517880" lon="10.2106300">
    <ele>6.8</ele>
   </trkpt>
   <trkpt lat="56.1517200" lon="10.2105990">
    <ele>6.8</ele>
   </trkpt>
   <trkpt lat="56.1516640" lon="10.2105680">
    <ele>6.6</ele>
   </trkpt>
   <trkpt lat="56.1516160" lon="10.2105450">
    <ele>6.6</ele>
   </trkpt>
   <trkpt lat="56.1515460" lon="10.2105090">
    <ele>6.4</ele>
   </trkpt>
   <trkpt lat="56.1514840" lon="10.2104830">
    <ele>6.2</ele>
   </trkpt>
   <trkpt lat="56.1514330" lon="10.2104630">
    <ele>6.0</ele>
   </trkpt>
   <trkpt lat="56.1513670" lon="10.2104360">
    <ele>6.0</ele>
   </trkpt>
   <trkpt lat="56.1512930" lon="10.2103910">
    <ele>5.8</ele>
   </trkpt>
   <trkpt lat="56.1512470" lon="10.2103500">
    <ele>5.8</ele>
   </trkpt>
   <trkpt lat="56.1511880" lon="10.2102990">
    <ele>5.8</ele>
   </trkpt>
   <trkpt lat="56.1511160" lon="10.2102460">
    <ele>5.6</ele>
   </trkpt>
   <trkpt lat="56.1510700" lon="10.2102140">
    <ele>5.6</ele>
   </trkpt>
   <trkpt lat="56.1510230" lon="10.2101730">
    <ele>5.6</ele>
   </trkpt>
   <trkpt lat="56.1509680" lon="10.2101100">
    <ele>5.6</ele>
   </trkpt>
   <trkpt lat="56.1509130" lon="10.2100480">
    <ele>5.6</ele>
   </trkpt>
   <trkpt lat="56.1508570" lon="10.2099920">
    <ele>5.6</ele>
   </trkpt>
   <trkpt lat="56.1507890" lon="10.2100200">
    <ele>5.6</ele>
   </trkpt>
   <trkpt lat="56.1506980" lon="10.2099680">
    <ele>5.6</ele>
   </trkpt>
   <trkpt lat="56.1506220" lon="10.2099450">
    <ele>5.6</ele>
   </trkpt>
   <trkpt lat="56.1505600" lon="10.2099420">
    <ele>5.6</ele>
   </trkpt>
   <trkpt lat="56.1504690" lon="10.2099410">
    <ele>5.6</ele>
   </trkpt>
   <trkpt lat="56.1504090" lon="10.2099360">
    <ele>5.4</ele>
   </trkpt>
   <trkpt lat="56.1503420" lon="10.2099230">
    <ele>5.4</ele>
   </trkpt>
   <trkpt lat="56.1502740" lon="10.2098940">
    <ele>5.4</ele>
   </trkpt>
   <trkpt lat="56.1502340" lon="10.2098760">
    <ele>5.6</ele>
   </trkpt>
   <trkpt lat="56.1501860" lon="10.2098620">
    <ele>5.6</ele>
   </trkpt>
   <trkpt lat="56.1501280" lon="10.2098480">
    <ele>5.6</ele>
   </trkpt>
   <trkpt lat="56.1500820" lon="10.2098320">
    <ele>5.8</ele>
   </trkpt>
   <trkpt lat="56.1500430" lon="10.2098200">
    <ele>5.6</ele>
   </trkpt>
   <trkpt lat="56.1499920" lon="10.2098080">
    <ele>5.6</ele>
   </trkpt>
   <trkpt lat="56.1499360" lon="10.2098050">
    <ele>5.6</ele>
   </trkpt>
   <trkpt lat="56.1498840" lon="10.2097810">
    <ele>5.6</ele>
   </trkpt>
   <trkpt lat="56.1498170" lon="10.2097630">
    <ele>5.6</ele>
   </trkpt>
   <trkpt lat="56.1497710" lon="10.2097470">
    <ele>5.6</ele>
   </trkpt>
   <trkpt lat="56.1497130" lon="10.2097270">
    <ele>5.6</ele>
   </trkpt>
   <trkpt lat="56.1496520" lon="10.2097110">
    <ele>5.6</ele>
   </trkpt>
   <trkpt lat="56.1495930" lon="10.2096870">
    <ele>5.8</ele>
   </trkpt>
   <trkpt lat="56.1495210" lon="10.2096600">
    <ele>6.0</ele>
   </trkpt>
   <trkpt lat="56.1494710" lon="10.2096480">
    <ele>6.2</ele>
   </trkpt>
   <trkpt lat="56.1494090" lon="10.2096260">
    <ele>6.6</ele>
   </trkpt>
   <trkpt lat="56.1493490" lon="10.2096040">
    <ele>6.8</ele>
   </trkpt>
   <trkpt lat="56.1492880" lon="10.2095820">
    <ele>7.0</ele>
   </trkpt>
   <trkpt lat="56.1492240" lon="10.2095630">
    <ele>7.0</ele>
   </trkpt>
   <trkpt lat="56.1491610" lon="10.2095440">
    <ele>7.2</ele>
   </trkpt>
   <trkpt lat="56.1490970" lon="10.2095260">
    <ele>7.0</ele>
   </trkpt>
   <trkpt lat="56.1490380" lon="10.2094930">
    <ele>6.8</ele>
   </trkpt>
   <trkpt lat="56.1489750" lon="10.2094700">
    <ele>6.8</ele>
   </trkpt>
   <trkpt lat="56.1489140" lon="10.2094460">
    <ele>6.6</ele>
   </trkpt>
   <trkpt lat="56.1488570" lon="10.2094130">
    <ele>6.6</ele>
   </trkpt>
   <trkpt lat="56.1487970" lon="10.2093850">
    <ele>6.6</ele>
   </trkpt>
   <trkpt lat="56.1487300" lon="10.2093720">
    <ele>6.6</ele>
   </trkpt>
   <trkpt lat="56.1486680" lon="10.2093500">
    <ele>6.6</ele>
   </trkpt>
   <trkpt lat="56.1486090" lon="10.2093230">
    <ele>6.6</ele>
   </trkpt>
   <trkpt lat="56.1485490" lon="10.2093000">
    <ele>6.6</ele>
   </trkpt>
   <trkpt lat="56.1484860" lon="10.2092820">
    <ele>6.6</ele>
   </trkpt>
   <trkpt lat="56.1484220" lon="10.2092620">
    <ele>6.4</ele>
   </trkpt>
   <trkpt lat="56.1483570" lon="10.2092440">
    <ele>6.6</ele>
   </trkpt>
   <trkpt lat="56.1482960" lon="10.2092190">
    <ele>6.6</ele>
   </trkpt>
   <trkpt lat="56.1482360" lon="10.2092010">
    <ele>6.8</ele>
   </trkpt>
   <trkpt lat="56.1481640" lon="10.2091740">
    <ele>7.0</ele>
   </trkpt>
   <trkpt lat="56.1481160" lon="10.2091580">
    <ele>7.4</ele>
   </trkpt>
   <trkpt lat="56.1480600" lon="10.2091290">
    <ele>7.6</ele>
   </trkpt>
   <trkpt lat="56.1480070" lon="10.2090930">
    <ele>7.6</ele>
   </trkpt>
   <trkpt lat="56.1479640" lon="10.2090720">
    <ele>7.6</ele>
   </trkpt>
   <trkpt lat="56.1479140" lon="10.2090560">
    <ele>7.4</ele>
   </trkpt>
   <trkpt lat="56.1478590" lon="10.2090450">
    <ele>7.4</ele>
   </trkpt>
   <trkpt lat="56.1478080" lon="10.2090330">
    <ele>7.2</ele>
   </trkpt>
   <trkpt lat="56.1477420" lon="10.2090190">
    <ele>7.4</ele>
   </trkpt>
   <trkpt lat="56.1476760" lon="10.2090060">
    <ele>7.6</ele>
   </trkpt>
   <trkpt lat="56.1475950" lon="10.2089830">
    <ele>7.6</ele>
   </trkpt>
   <trkpt lat="56.1475310" lon="10.2089610">
    <ele>7.6</ele>
   </trkpt>
   <trkpt lat="56.1474760" lon="10.2089520">
    <ele>7.6</ele>
   </trkpt>
   <trkpt lat="56.1473940" lon="10.2089320">
    <ele>7.8</ele>
   </trkpt>
   <trkpt lat="56.1473320" lon="10.2089090">
    <ele>7.8</ele>
   </trkpt>
   <trkpt lat="56.1472970" lon="10.2088930">
    <ele>8.0</ele>
   </trkpt>
   <trkpt lat="56.1472130" lon="10.2088600">
    <ele>8.2</ele>
   </trkpt>
   <trkpt lat="56.1471630" lon="10.2088440">
    <ele>8.2</ele>
   </trkpt>
   <trkpt lat="56.1471030" lon="10.2088290">
    <ele>8.4</ele>
   </trkpt>
   <trkpt lat="56.1470400" lon="10.2088160">
    <ele>8.4</ele>
   </trkpt>
   <trkpt lat="56.1469640" lon="10.2088030">
    <ele>8.6</ele>
   </trkpt>
   <trkpt lat="56.1469010" lon="10.2087960">
    <ele>8.6</ele>
   </trkpt>
   <trkpt lat="56.1468540" lon="10.2087920">
    <ele>8.8</ele>
   </trkpt>
   <trkpt lat="56.1467900" lon="10.2087720">
    <ele>9.0</ele>
   </trkpt>
   <trkpt lat="56.1467450" lon="10.2087500">
    <ele>9.0</ele>
   </trkpt>
   <trkpt lat="56.1467110" lon="10.2087330">
    <ele>9.2</ele>
   </trkpt>
   <trkpt lat="56.1466640" lon="10.2087270">
    <ele>9.4</ele>
   </trkpt>
   <trkpt lat="56.1466240" lon="10.2087380">
    <ele>9.4</ele>
   </trkpt>
   <trkpt lat="56.1465890" lon="10.2087420">
    <ele>9.6</ele>
   </trkpt>
   <trkpt lat="56.1465360" lon="10.2087390">
    <ele>9.6</ele>
   </trkpt>
   <trkpt lat="56.1464870" lon="10.2087320">
    <ele>9.6</ele>
   </trkpt>
   <trkpt lat="56.1464340" lon="10.2087220">
    <ele>9.6</ele>
   </trkpt>
   <trkpt lat="56.1463770" lon="10.2087110">
    <ele>9.6</ele>
   </trkpt>
   <trkpt lat="56.1463190" lon="10.2087040">
    <ele>9.6</ele>
   </trkpt>
   <trkpt lat="56.1462590" lon="10.2086940">
    <ele>9.4</ele>
   </trkpt>
   <trkpt lat="56.1461970" lon="10.2086850">
    <ele>9.4</ele>
   </trkpt>
   <trkpt lat="56.1461450" lon="10.2086790">
    <ele>9.6</ele>
   </trkpt>
   <trkpt lat="56.1460690" lon="10.2086740">
    <ele>9.6</ele>
   </trkpt>
   <trkpt lat="56.1460040" lon="10.2086740">
    <ele>9.6</ele>
   </trkpt>
   <trkpt lat="56.1459420" lon="10.2086740">
    <ele>9.8</ele>
   </trkpt>
   <trkpt lat="56.1458890" lon="10.2086790">
    <ele>9.8</ele>
   </trkpt>
   <trkpt lat="56.1458220" lon="10.2086850">
    <ele>10.0</ele>
   </trkpt>
   <trkpt lat="56.1457590" lon="10.2086870">
    <ele>10.2</ele>
   </trkpt>
   <trkpt lat="56.1456850" lon="10.2086830">
    <ele>10.2</ele>
   </trkpt>
   <trkpt lat="56.1456220" lon="10.2086780">
    <ele>10.4</ele>
   </trkpt>
   <trkpt lat="56.1455700" lon="10.2086770">
    <ele>10.4</ele>
   </trkpt>
   <trkpt lat="56.1454940" lon="10.2086740">
    <ele>10.6</ele>
   </trkpt>
   <trkpt lat="56.1454310" lon="10.2086640">
    <ele>10.6</ele>
   </trkpt>
   <trkpt lat="56.1453810" lon="10.2086570">
    <ele>10.6</ele>
   </trkpt>
   <trkpt lat="56.1453070" lon="10.2086510">
    <ele>10.8</ele>
   </trkpt>
   <trkpt lat="56.1452430" lon="10.2086460">
    <ele>11.0</ele>
   </trkpt>
   <trkpt lat="56.1451770" lon="10.2086340">
    <ele>11.0</ele>
   </trkpt>
   <trkpt lat="56.1451270" lon="10.2086140">
    <ele>11.0</ele>
   </trkpt>
   <trkpt lat="56.1450510" lon="10.2085790">
    <ele>11.0</ele>
   </trkpt>
   <trkpt lat="56.1449870" lon="10.2085600">
    <ele>10.8</ele>
   </trkpt>
   <trkpt lat="56.1449220" lon="10.2085510">
    <ele>10.8</ele>
   </trkpt>
   <trkpt lat="56.1448560" lon="10.2085500">
    <ele>10.6</ele>
   </trkpt>
   <trkpt lat="56.1448030" lon="10.2085560">
    <ele>10.6</ele>
   </trkpt>
   <trkpt lat="56.1447220" lon="10.2085630">
    <ele>10.6</ele>
   </trkpt>
   <trkpt lat="56.1446530" lon="10.2085590">
    <ele>10.6</ele>
   </trkpt>
   <trkpt lat="56.1445990" lon="10.2085460">
    <ele>10.6</ele>
   </trkpt>
   <trkpt lat="56.1445330" lon="10.2085270">
    <ele>10.6</ele>
   </trkpt>
   <trkpt lat="56.1444700" lon="10.2085050">
    <ele>10.6</ele>
   </trkpt>
   <trkpt lat="56.1444050" lon="10.2084820">
    <ele>10.4</ele>
   </trkpt>
   <trkpt lat="56.1443230" lon="10.2084550">
    <ele>10.2</ele>
   </trkpt>
   <trkpt lat="56.1442550" lon="10.2084310">
    <ele>10.2</ele>
   </trkpt>
   <trkpt lat="56.1442000" lon="10.2084130">
    <ele>10.0</ele>
   </trkpt>
   <trkpt lat="56.1441180" lon="10.2083810">
    <ele>10.0</ele>
   </trkpt>
   <trkpt lat="56.1440650" lon="10.2083580">
    <ele>10.0</ele>
   </trkpt>
   <trkpt lat="56.1439970" lon="10.2083310">
    <ele>9.8</ele>
   </trkpt>
   <trkpt lat="56.1439220" lon="10.2082910">
    <ele>9.8</ele>
   </trkpt>
   <trkpt lat="56.1438730" lon="10.2082630">
    <ele>9.8</ele>
   </trkpt>
   <trkpt lat="56.1438110" lon="10.2082250">
    <ele>9.8</ele>
   </trkpt>
   <trkpt lat="56.1437380" lon="10.2081750">
    <ele>9.6</ele>
   </trkpt>
   <trkpt lat="56.1436820" lon="10.2081210">
    <ele>9.6</ele>
   </trkpt>
   <trkpt lat="56.1436410" lon="10.2080730">
    <ele>9.6</ele>
   </trkpt>
   <trkpt lat="56.1435830" lon="10.2080010">
    <ele>9.4</ele>
   </trkpt>
   <trkpt lat="56.1435470" lon="10.2079520">
    <ele>9.2</ele>
   </trkpt>
   <trkpt lat="56.1435020" lon="10.2078950">
    <ele>9.2</ele>
   </trkpt>
   <trkpt lat="56.1434550" lon="10.2078280">
    <ele>9.2</ele>
   </trkpt>
   <trkpt lat="56.1434250" lon="10.2077870">
    <ele>9.2</ele>
   </trkpt>
   <trkpt lat="56.1433910" lon="10.2077390">
    <ele>9.2</ele>
   </trkpt>
   <trkpt lat="56.1433530" lon="10.2076840">
    <ele>9.4</ele>
   </trkpt>
   <trkpt lat="56.1433280" lon="10.2076500">
    <ele>9.4</ele>
   </trkpt>
   <trkpt lat="56.1433010" lon="10.2076160">
    <ele>9.6</ele>
   </trkpt>
   <trkpt lat="56.1432760" lon="10.2076000">
    <ele>9.8</ele>
   </trkpt>
   <trkpt lat="56.1432540" lon="10.2076040">
    <ele>9.8</ele>
   </trkpt>
   <trkpt lat="56.1432340" lon="10.2076110">
    <ele>9.8</ele>
   </trkpt>
   <trkpt lat="56.1432210" lon="10.2076190">
    <ele>9.8</ele>
   </trkpt>
   <trkpt lat="56.1432130" lon="10.2076220">
    <ele>9.8</ele>
   </trkpt>
   <trkpt lat="56.1432030" lon="10.2076240">
    <ele>9.8</ele>
   </trkpt>
   <trkpt lat="56.1431980" lon="10.2076300">
    <ele>9.8</ele>
   </trkpt>
   <trkpt lat="56.1431550" lon="10.2076800">
    <ele>9.2</ele>
   </trkpt>
   <trkpt lat="56.1431310" lon="10.2077040">
    <ele>9.2</ele>
   </trkpt>
   <trkpt lat="56.1431120" lon="10.2077200">
    <ele>9.0</ele>
   </trkpt>
   <trkpt lat="56.1430840" lon="10.2077360">
    <ele>9.0</ele>
   </trkpt>
   <trkpt lat="56.1430650" lon="10.2077380">
    <ele>9.0</ele>
   </trkpt>
   <trkpt lat="56.1430410" lon="10.2077330">
    <ele>8.8</ele>
   </trkpt>
   <trkpt lat="56.1430180" lon="10.2077230">
    <ele>8.8</ele>
   </trkpt>
   <trkpt lat="56.1429910" lon="10.2077080">
    <ele>8.8</ele>
   </trkpt>
   <trkpt lat="56.1429730" lon="10.2076990">
    <ele>8.8</ele>
   </trkpt>
   <trkpt lat="56.1429450" lon="10.2076830">
    <ele>8.8</ele>
   </trkpt>
   <trkpt lat="56.1429220" lon="10.2076650">
    <ele>8.6</ele>
   </trkpt>
   <trkpt lat="56.1428890" lon="10.2076470">
    <ele>8.6</ele>
   </trkpt>
   <trkpt lat="56.1428440" lon="10.2076280">
    <ele>8.6</ele>
   </trkpt>
   <trkpt lat="56.1428090" lon="10.2076100">
    <ele>8.4</ele>
   </trkpt>
   <trkpt lat="56.1427650" lon="10.2075880">
    <ele>8.4</ele>
   </trkpt>
   <trkpt lat="56.1427090" lon="10.2075590">
    <ele>8.4</ele>
   </trkpt>
   <trkpt lat="56.1426700" lon="10.2075460">
    <ele>8.2</ele>
   </trkpt>
   <trkpt lat="56.1426250" lon="10.2075310">
    <ele>8.2</ele>
   </trkpt>
   <trkpt lat="56.1425730" lon="10.2075140">
    <ele>8.2</ele>
   </trkpt>
   <trkpt lat="56.1425290" lon="10.2075020">
    <ele>8.2</ele>
   </trkpt>
   <trkpt lat="56.1424910" lon="10.2074930">
    <ele>8.2</ele>
   </trkpt>
   <trkpt lat="56.1424290" lon="10.2074760">
    <ele>8.2</ele>
   </trkpt>
   <trkpt lat="56.1423710" lon="10.2074590">
    <ele>8.2</ele>
   </trkpt>
   <trkpt lat="56.1423230" lon="10.2074400">
    <ele>8.2</ele>
   </trkpt>
   <trkpt lat="56.1422460" lon="10.2074090">
    <ele>8.2</ele>
   </trkpt>
   <trkpt lat="56.1421930" lon="10.2073860">
    <ele>8.2</ele>
   </trkpt>
   <trkpt lat="56.1421230" lon="10.2073580">
    <ele>8.0</ele>
   </trkpt>
   <trkpt lat="56.1420510" lon="10.2073360">
    <ele>8.0</ele>
   </trkpt>
   <trkpt lat="56.1419630" lon="10.2073150">
    <ele>8.0</ele>
   </trkpt>
   <trkpt lat="56.1418860" lon="10.2073040">
    <ele>8.0</ele>
   </trkpt>
   <trkpt lat="56.1418090" lon="10.2072890">
    <ele>8.0</ele>
   </trkpt>
   <trkpt lat="56.1417310" lon="10.2072710">
    <ele>8.0</ele>
   </trkpt>
   <trkpt lat="56.1416670" lon="10.2072550">
    <ele>7.8</ele>
   </trkpt>
   <trkpt lat="56.1415880" lon="10.2072340">
    <ele>7.6</ele>
   </trkpt>
   <trkpt lat="56.1414920" lon="10.2072110">
    <ele>7.6</ele>
   </trkpt>
   <trkpt lat="56.1414290" lon="10.2071940">
    <ele>7.4</ele>
   </trkpt>
   <trkpt lat="56.1413340" lon="10.2071690">
    <ele>7.4</ele>
   </trkpt>
   <trkpt lat="56.1412550" lon="10.2071500">
    <ele>7.2</ele>
   </trkpt>
   <trkpt lat="56.1411920" lon="10.2071320">
    <ele>7.2</ele>
   </trkpt>
   <trkpt lat="56.1410960" lon="10.2071090">
    <ele>7.2</ele>
   </trkpt>
   <trkpt lat="56.1410160" lon="10.2070880">
    <ele>7.2</ele>
   </trkpt>
   <trkpt lat="56.1409500" lon="10.2070720">
    <ele>7.2</ele>
   </trkpt>
   <trkpt lat="56.1408500" lon="10.2070500">
    <ele>7.2</ele>
   </trkpt>
   <trkpt lat="56.1407840" lon="10.2070350">
    <ele>7.0</ele>
   </trkpt>
   <trkpt lat="56.1407030" lon="10.2070170">
    <ele>7.0</ele>
   </trkpt>
   <trkpt lat="56.1406190" lon="10.2070030">
    <ele>7.0</ele>
   </trkpt>
   <trkpt lat="56.1405360" lon="10.2069910">
    <ele>6.8</ele>
   </trkpt>
   <trkpt lat="56.1404550" lon="10.2069770">
    <ele>6.8</ele>
   </trkpt>
   <trkpt lat="56.1403740" lon="10.2069640">
    <ele>6.8</ele>
   </trkpt>
   <trkpt lat="56.1402920" lon="10.2069560">
    <ele>6.8</ele>
   </trkpt>
   <trkpt lat="56.1402100" lon="10.2069510">
    <ele>6.8</ele>
   </trkpt>
   <trkpt lat="56.1401110" lon="10.2069420">
    <ele>6.8</ele>
   </trkpt>
   <trkpt lat="56.1400460" lon="10.2069360">
    <ele>6.8</ele>
   </trkpt>
   <trkpt lat="56.1399490" lon="10.2069240">
    <ele>6.6</ele>
   </trkpt>
   <trkpt lat="56.1398690" lon="10.2069140">
    <ele>6.6</ele>
   </trkpt>
   <trkpt lat="56.1398050" lon="10.2069080">
    <ele>6.6</ele>
   </trkpt>
   <trkpt lat="56.1397250" lon="10.2069040">
    <ele>6.4</ele>
   </trkpt>
   <trkpt lat="56.1396310" lon="10.2069020">
    <ele>6.2</ele>
   </trkpt>
   <trkpt lat="56.1395700" lon="10.2068980">
    <ele>6.0</ele>
   </trkpt>
   <trkpt lat="56.1394810" lon="10.2068940">
    <ele>6.0</ele>
   </trkpt>
   <trkpt lat="56.1394240" lon="10.2068940">
    <ele>5.8</ele>
   </trkpt>
   <trkpt lat="56.1393550" lon="10.2068910">
    <ele>5.6</ele>
   </trkpt>
   <trkpt lat="56.1392700" lon="10.2068860">
    <ele>5.6</ele>
   </trkpt>
   <trkpt lat="56.1392110" lon="10.2068800">
    <ele>5.6</ele>
   </trkpt>
   <trkpt lat="56.1391360" lon="10.2068700">
    <ele>5.4</ele>
   </trkpt>
   <trkpt lat="56.1390450" lon="10.2068620">
    <ele>5.4</ele>
   </trkpt>
   <trkpt lat="56.1389820" lon="10.2068580">
    <ele>5.4</ele>
   </trkpt>
   <trkpt lat="56.1389030" lon="10.2068540">
    <ele>5.2</ele>
   </trkpt>
   <trkpt lat="56.1388220" lon="10.2068530">
    <ele>5.2</ele>
   </trkpt>
   <trkpt lat="56.1387390" lon="10.2068600">
    <ele>5.0</ele>
   </trkpt>
   <trkpt lat="56.1386570" lon="10.2068720">
    <ele>5.0</ele>
   </trkpt>
   <trkpt lat="56.1385750" lon="10.2068890">
    <ele>5.0</ele>
   </trkpt>
   <trkpt lat="56.1384760" lon="10.2069130">
    <ele>5.0</ele>
   </trkpt>
   <trkpt lat="56.1383940" lon="10.2069390">
    <ele>5.0</ele>
   </trkpt>
   <trkpt lat="56.1383120" lon="10.2069740">
    <ele>5.0</ele>
   </trkpt>
   <trkpt lat="56.1382320" lon="10.2070050">
    <ele>5.0</ele>
   </trkpt>
   <trkpt lat="56.1381670" lon="10.2070240">
    <ele>5.0</ele>
   </trkpt>
   <trkpt lat="56.1380690" lon="10.2070460">
    <ele>5.0</ele>
   </trkpt>
   <trkpt lat="56.1379870" lon="10.2070670">
    <ele>5.2</ele>
   </trkpt>
   <trkpt lat="56.1379050" lon="10.2070850">
    <ele>5.4</ele>
   </trkpt>
   <trkpt lat="56.1378400" lon="10.2070990">
    <ele>5.4</ele>
   </trkpt>
   <trkpt lat="56.1377430" lon="10.2071220">
    <ele>5.4</ele>
   </trkpt>
   <trkpt lat="56.1376620" lon="10.2071390">
    <ele>5.4</ele>
   </trkpt>
   <trkpt lat="56.1375990" lon="10.2071510">
    <ele>5.4</ele>
   </trkpt>
   <trkpt lat="56.1375010" lon="10.2071780">
    <ele>5.4</ele>
   </trkpt>
   <trkpt lat="56.1374210" lon="10.2072090">
    <ele>5.2</ele>
   </trkpt>
   <trkpt lat="56.1373560" lon="10.2072360">
    <ele>5.4</ele>
   </trkpt>
   <trkpt lat="56.1372590" lon="10.2072750">
    <ele>5.2</ele>
   </trkpt>
   <trkpt lat="56.1371810" lon="10.2073130">
    <ele>5.2</ele>
   </trkpt>
   <trkpt lat="56.1371030" lon="10.2073560">
    <ele>5.2</ele>
   </trkpt>
   <trkpt lat="56.1370410" lon="10.2073910">
    <ele>5.2</ele>
   </trkpt>
   <trkpt lat="56.1369640" lon="10.2074390">
    <ele>5.0</ele>
   </trkpt>
   <trkpt lat="56.1368860" lon="10.2074950">
    <ele>5.0</ele>
   </trkpt>
   <trkpt lat="56.1367960" lon="10.2075700">
    <ele>5.0</ele>
   </trkpt>
   <trkpt lat="56.1367210" lon="10.2076350">
    <ele>5.0</ele>
   </trkpt>
   <trkpt lat="56.1366480" lon="10.2076990">
    <ele>5.0</ele>
   </trkpt>
   <trkpt lat="56.1365730" lon="10.2077620">
    <ele>5.0</ele>
   </trkpt>
   <trkpt lat="56.1364980" lon="10.2078230">
    <ele>5.0</ele>
   </trkpt>
   <trkpt lat="56.1364230" lon="10.2078800">
    <ele>5.0</ele>
   </trkpt>
   <trkpt lat="56.1363480" lon="10.2079380">
    <ele>5.0</ele>
   </trkpt>
   <trkpt lat="56.1362750" lon="10.2080010">
    <ele>4.8</ele>
   </trkpt>
   <trkpt lat="56.1362050" lon="10.2080610">
    <ele>4.8</ele>
   </trkpt>
   <trkpt lat="56.1361330" lon="10.2081190">
    <ele>4.6</ele>
   </trkpt>
   <trkpt lat="56.1360610" lon="10.2081790">
    <ele>4.6</ele>
   </trkpt>
   <trkpt lat="56.1360010" lon="10.2082290">
    <ele>4.6</ele>
   </trkpt>
   <trkpt lat="56.1359140" lon="10.2083010">
    <ele>4.8</ele>
   </trkpt>
   <trkpt lat="56.1358410" lon="10.2083590">
    <ele>4.8</ele>
   </trkpt>
   <trkpt lat="56.1357690" lon="10.2084210">
    <ele>4.8</ele>
   </trkpt>
   <trkpt lat="56.1356980" lon="10.2084840">
    <ele>4.6</ele>
   </trkpt>
   <trkpt lat="56.1356280" lon="10.2085430">
    <ele>4.4</ele>
   </trkpt>
   <trkpt lat="56.1355570" lon="10.2086020">
    <ele>4.4</ele>
   </trkpt>
   <trkpt lat="56.1354870" lon="10.2086570">
    <ele>4.2</ele>
   </trkpt>
   <trkpt lat="56.1354320" lon="10.2087040">
    <ele>4.0</ele>
   </trkpt>
   <trkpt lat="56.1353640" lon="10.2087610">
    <ele>4.0</ele>
   </trkpt>
   <trkpt lat="56.1352810" lon="10.2088330">
    <ele>4.0</ele>
   </trkpt>
   <trkpt lat="56.1352130" lon="10.2088910">
    <ele>4.0</ele>
   </trkpt>
   <trkpt lat="56.1351460" lon="10.2089480">
    <ele>4.0</ele>
   </trkpt>
   <trkpt lat="56.1350820" lon="10.2090060">
    <ele>4.0</ele>
   </trkpt>
   <trkpt lat="56.1350220" lon="10.2090600">
    <ele>4.2</ele>
   </trkpt>
   <trkpt lat="56.1349820" lon="10.2090950">
    <ele>4.2</ele>
   </trkpt>
   <trkpt lat="56.1349440" lon="10.2091320">
    <ele>4.4</ele>
   </trkpt>
   <trkpt lat="56.1349110" lon="10.2091670">
    <ele>4.4</ele>
   </trkpt>
   <trkpt lat="56.1348910" lon="10.2091850">
    <ele>4.4</ele>
   </trkpt>
   <trkpt lat="56.1348750" lon="10.2091990">
    <ele>4.6</ele>
   </trkpt>
   <trkpt lat="56.1348660" lon="10.2092100">
    <ele>4.6</ele>
   </trkpt>
   <trkpt lat="56.1348650" lon="10.2092130">
    <ele>4.6</ele>
   </trkpt>
   <trkpt lat="56.1348650" lon="10.2092130">
    <ele>4.6</ele>
   </trkpt>
   <trkpt lat="56.1348290" lon="10.2092330">
    <ele>4.4</ele>
   </trkpt>
   <trkpt lat="56.1348100" lon="10.2092500">
    <ele>4.4</ele>
   </trkpt>
   <trkpt lat="56.1347770" lon="10.2092780">
    <ele>4.2</ele>
   </trkpt>
   <trkpt lat="56.1347460" lon="10.2093010">
    <ele>4.2</ele>
   </trkpt>
   <trkpt lat="56.1347170" lon="10.2093240">
    <ele>4.2</ele>
   </trkpt>
   <trkpt lat="56.1346770" lon="10.2093610">
    <ele>4.0</ele>
   </trkpt>
   <trkpt lat="56.1346230" lon="10.2094130">
    <ele>3.8</ele>
   </trkpt>
   <trkpt lat="56.1345830" lon="10.2094470">
    <ele>3.8</ele>
   </trkpt>
   <trkpt lat="56.1345220" lon="10.2094990">
    <ele>3.8</ele>
   </trkpt>
   <trkpt lat="56.1344690" lon="10.2095480">
    <ele>3.6</ele>
   </trkpt>
   <trkpt lat="56.1344150" lon="10.2095970">
    <ele>3.6</ele>
   </trkpt>
   <trkpt lat="56.1343580" lon="10.2096450">
    <ele>3.6</ele>
   </trkpt>
   <trkpt lat="56.1343010" lon="10.2096930">
    <ele>3.4</ele>
   </trkpt>
   <trkpt lat="56.1342430" lon="10.2097430">
    <ele>3.4</ele>
   </trkpt>
   <trkpt lat="56.1341840" lon="10.2097950">
    <ele>3.4</ele>
   </trkpt>
   <trkpt lat="56.1341230" lon="10.2098460">
    <ele>3.2</ele>
   </trkpt>
   <trkpt lat="56.1340750" lon="10.2098870">
    <ele>3.2</ele>
   </trkpt>
   <trkpt lat="56.1340020" lon="10.2099500">
    <ele>3.2</ele>
   </trkpt>
   <trkpt lat="56.1339400" lon="10.2100030">
    <ele>3.2</ele>
   </trkpt>
   <trkpt lat="56.1338890" lon="10.2100490">
    <ele>3.2</ele>
   </trkpt>
   <trkpt lat="56.1338130" lon="10.2101180">
    <ele>3.2</ele>
   </trkpt>
   <trkpt lat="56.1337490" lon="10.2101740">
    <ele>3.2</ele>
   </trkpt>
   <trkpt lat="56.1336990" lon="10.2102180">
    <ele>3.4</ele>
   </trkpt>
   <trkpt lat="56.1336240" lon="10.2102820">
    <ele>3.4</ele>
   </trkpt>
   <trkpt lat="56.1335630" lon="10.2103390">
    <ele>3.4</ele>
   </trkpt>
   <trkpt lat="56.1335110" lon="10.2103870">
    <ele>3.4</ele>
   </trkpt>
   <trkpt lat="56.1334360" lon="10.2104590">
    <ele>3.4</ele>
   </trkpt>
   <trkpt lat="56.1333740" lon="10.2105210">
    <ele>3.4</ele>
   </trkpt>
   <trkpt lat="56.1333230" lon="10.2105690">
    <ele>3.4</ele>
   </trkpt>
   <trkpt lat="56.1332610" lon="10.2106310">
    <ele>3.4</ele>
   </trkpt>
   <trkpt lat="56.1331880" lon="10.2107090">
    <ele>3.4</ele>
   </trkpt>
   <trkpt lat="56.1331250" lon="10.2107760">
    <ele>3.4</ele>
   </trkpt>
   <trkpt lat="56.1330630" lon="10.2108420">
    <ele>3.4</ele>
   </trkpt>
   <trkpt lat="56.1330010" lon="10.2109080">
    <ele>3.4</ele>
   </trkpt>
   <trkpt lat="56.1329380" lon="10.2109690">
    <ele>3.4</ele>
   </trkpt>
   <trkpt lat="56.1328760" lon="10.2110340">
    <ele>3.4</ele>
   </trkpt>
   <trkpt lat="56.1328140" lon="10.2110980">
    <ele>3.4</ele>
   </trkpt>
   <trkpt lat="56.1327510" lon="10.2111630">
    <ele>3.4</ele>
   </trkpt>
   <trkpt lat="56.1326910" lon="10.2112270">
    <ele>3.4</ele>
   </trkpt>
   <trkpt lat="56.1326320" lon="10.2112910">
    <ele>3.4</ele>
   </trkpt>
   <trkpt lat="56.1325720" lon="10.2113570">
    <ele>3.6</ele>
   </trkpt>
   <trkpt lat="56.1325120" lon="10.2114240">
    <ele>3.6</ele>
   </trkpt>
   <trkpt lat="56.1324500" lon="10.2114860">
    <ele>3.6</ele>
   </trkpt>
   <trkpt lat="56.1323900" lon="10.2115490">
    <ele>3.8</ele>
   </trkpt>
   <trkpt lat="56.1323310" lon="10.2116120">
    <ele>3.8</ele>
   </trkpt>
   <trkpt lat="56.1322710" lon="10.2116710">
    <ele>3.8</ele>
   </trkpt>
   <trkpt lat="56.1322100" lon="10.2117320">
    <ele>3.8</ele>
   </trkpt>
   <trkpt lat="56.1321490" lon="10.2117920">
    <ele>3.8</ele>
   </trkpt>
   <trkpt lat="56.1320910" lon="10.2118560">
    <ele>3.8</ele>
   </trkpt>
   <trkpt lat="56.1320310" lon="10.2119180">
    <ele>3.8</ele>
   </trkpt>
   <trkpt lat="56.1319700" lon="10.2119800">
    <ele>4.0</ele>
   </trkpt>
   <trkpt lat="56.1319100" lon="10.2120410">
    <ele>4.0</ele>
   </trkpt>
   <trkpt lat="56.1318480" lon="10.2121050">
    <ele>4.0</ele>
   </trkpt>
   <trkpt lat="56.1317880" lon="10.2121670">
    <ele>4.0</ele>
   </trkpt>
   <trkpt lat="56.1317280" lon="10.2122300">
    <ele>4.0</ele>
   </trkpt>
   <trkpt lat="56.1316670" lon="10.2122910">
    <ele>4.2</ele>
   </trkpt>
   <trkpt lat="56.1316060" lon="10.2123490">
    <ele>4.2</ele>
   </trkpt>
   <trkpt lat="56.1315440" lon="10.2124030">
    <ele>4.2</ele>
   </trkpt>
   <trkpt lat="56.1314840" lon="10.2124520">
    <ele>4.2</ele>
   </trkpt>
   <trkpt lat="56.1314210" lon="10.2124980">
    <ele>4.2</ele>
   </trkpt>
   <trkpt lat="56.1313570" lon="10.2125420">
    <ele>4.2</ele>
   </trkpt>
   <trkpt lat="56.1312910" lon="10.2125810">
    <ele>4.2</ele>
   </trkpt>
   <trkpt lat="56.1312230" lon="10.2126150">
    <ele>4.2</ele>
   </trkpt>
   <trkpt lat="56.1311530" lon="10.2126540">
    <ele>4.4</ele>
   </trkpt>
   <trkpt lat="56.1310820" lon="10.2126930">
    <ele>4.4</ele>
   </trkpt>
   <trkpt lat="56.1310120" lon="10.2127210">
    <ele>4.4</ele>
   </trkpt>
   <trkpt lat="56.1309440" lon="10.2127430">
    <ele>4.6</ele>
   </trkpt>
   <trkpt lat="56.1308730" lon="10.2127650">
    <ele>4.6</ele>
   </trkpt>
   <trkpt lat="56.1308010" lon="10.2127860">
    <ele>4.6</ele>
   </trkpt>
   <trkpt lat="56.1307440" lon="10.2127990">
    <ele>4.6</ele>
   </trkpt>
   <trkpt lat="56.1306600" lon="10.2128140">
    <ele>4.8</ele>
   </trkpt>
   <trkpt lat="56.1306030" lon="10.2128220">
    <ele>4.8</ele>
   </trkpt>
   <trkpt lat="56.1305320" lon="10.2128270">
    <ele>5.0</ele>
   </trkpt>
   <trkpt lat="56.1304620" lon="10.2128300">
    <ele>5.0</ele>
   </trkpt>
   <trkpt lat="56.1303790" lon="10.2128290">
    <ele>5.2</ele>
   </trkpt>
   <trkpt lat="56.1303240" lon="10.2128220">
    <ele>5.2</ele>
   </trkpt>
   <trkpt lat="56.1302430" lon="10.2128070">
    <ele>5.4</ele>
   </trkpt>
   <trkpt lat="56.1301770" lon="10.2127900">
    <ele>5.4</ele>
   </trkpt>
   <trkpt lat="56.1301130" lon="10.2127710">
    <ele>5.6</ele>
   </trkpt>
   <trkpt lat="56.1300510" lon="10.2127490">
    <ele>5.6</ele>
   </trkpt>
   <trkpt lat="56.1299900" lon="10.2127250">
    <ele>5.8</ele>
   </trkpt>
   <trkpt lat="56.1299300" lon="10.2126970">
    <ele>5.8</ele>
   </trkpt>
   <trkpt lat="56.1298730" lon="10.2126650">
    <ele>6.2</ele>
   </trkpt>
   <trkpt lat="56.1298180" lon="10.2126270">
    <ele>6.4</ele>
   </trkpt>
   <trkpt lat="56.1297760" lon="10.2125970">
    <ele>6.6</ele>
   </trkpt>
   <trkpt lat="56.1297270" lon="10.2125600">
    <ele>7.0</ele>
   </trkpt>
   <trkpt lat="56.1296700" lon="10.2125160">
    <ele>7.4</ele>
   </trkpt>
   <trkpt lat="56.1296340" lon="10.2124870">
    <ele>7.8</ele>
   </trkpt>
   <trkpt lat="56.1295900" lon="10.2124500">
    <ele>8.0</ele>
   </trkpt>
   <trkpt lat="56.1295390" lon="10.2124050">
    <ele>8.4</ele>
   </trkpt>
   <trkpt lat="56.1295050" lon="10.2123760">
    <ele>8.6</ele>
   </trkpt>
   <trkpt lat="56.1294560" lon="10.2123310">
    <ele>9.0</ele>
   </trkpt>
   <trkpt lat="56.1294160" lon="10.2122940">
    <ele>9.2</ele>
   </trkpt>
   <trkpt lat="56.1293850" lon="10.2122650">
    <ele>9.4</ele>
   </trkpt>
   <trkpt lat="56.1293450" lon="10.2122270">
    <ele>9.8</ele>
   </trkpt>
   <trkpt lat="56.1293060" lon="10.2121860">
    <ele>10.0</ele>
   </trkpt>
   <trkpt lat="56.1292690" lon="10.2121490">
    <ele>10.4</ele>
   </trkpt>
   <trkpt lat="56.1292240" lon="10.2121090">
    <ele>10.6</ele>
   </trkpt>
   <trkpt lat="56.1291860" lon="10.2120750">
    <ele>11.0</ele>
   </trkpt>
   <trkpt lat="56.1291550" lon="10.2120480">
    <ele>11.4</ele>
   </trkpt>
   <trkpt lat="56.1291100" lon="10.2120090">
    <ele>11.6</ele>
   </trkpt>
   <trkpt lat="56.1290800" lon="10.2119810">
    <ele>12.0</ele>
   </trkpt>
   <trkpt lat="56.1290370" lon="10.2119360">
    <ele>12.2</ele>
   </trkpt>
   <trkpt lat="56.1289990" lon="10.2119000">
    <ele>12.4</ele>
   </trkpt>
   <trkpt lat="56.1289630" lon="10.2118640">
    <ele>12.8</ele>
   </trkpt>
   <trkpt lat="56.1289270" lon="10.2118270">
    <ele>13.0</ele>
   </trkpt>
   <trkpt lat="56.1288910" lon="10.2117930">
    <ele>13.2</ele>
   </trkpt>
   <trkpt lat="56.1288620" lon="10.2117660">
    <ele>13.6</ele>
   </trkpt>
   <trkpt lat="56.1288190" lon="10.2117230">
    <ele>13.8</ele>
   </trkpt>
   <trkpt lat="56.1287890" lon="10.2116950">
    <ele>14.0</ele>
   </trkpt>
   <trkpt lat="56.1287510" lon="10.2116580">
    <ele>14.4</ele>
   </trkpt>
   <trkpt lat="56.1287050" lon="10.2116110">
    <ele>14.8</ele>
   </trkpt>
   <trkpt lat="56.1286690" lon="10.2115720">
    <ele>15.0</ele>
   </trkpt>
   <trkpt lat="56.1286400" lon="10.2115420">
    <ele>15.2</ele>
   </trkpt>
   <trkpt lat="56.1286050" lon="10.2115050">
    <ele>15.6</ele>
   </trkpt>
   <trkpt lat="56.1285690" lon="10.2114710">
    <ele>15.8</ele>
   </trkpt>
   <trkpt lat="56.1285330" lon="10.2114350">
    <ele>16.0</ele>
   </trkpt>
   <trkpt lat="56.1284980" lon="10.2113970">
    <ele>16.4</ele>
   </trkpt>
   <trkpt lat="56.1284550" lon="10.2113570">
    <ele>16.6</ele>
   </trkpt>
   <trkpt lat="56.1284240" lon="10.2113370">
    <ele>16.8</ele>
   </trkpt>
   <trkpt lat="56.1283770" lon="10.2113050">
    <ele>17.0</ele>
   </trkpt>
   <trkpt lat="56.1283400" lon="10.2112740">
    <ele>17.2</ele>
   </trkpt>
   <trkpt lat="56.1283100" lon="10.2112480">
    <ele>17.4</ele>
   </trkpt>
   <trkpt lat="56.1282660" lon="10.2112060">
    <ele>17.8</ele>
   </trkpt>
   <trkpt lat="56.1282300" lon="10.2111710">
    <ele>18.0</ele>
   </trkpt>
   <trkpt lat="56.1282000" lon="10.2111450">
    <ele>18.2</ele>
   </trkpt>
   <trkpt lat="56.1281570" lon="10.2111040">
    <ele>18.4</ele>
   </trkpt>
   <trkpt lat="56.1281290" lon="10.2110770">
    <ele>18.6</ele>
   </trkpt>
   <trkpt lat="56.1280920" lon="10.2110440">
    <ele>19.0</ele>
   </trkpt>
   <trkpt lat="56.1280470" lon="10.2110070">
    <ele>19.2</ele>
   </trkpt>
   <trkpt lat="56.1280100" lon="10.2109750">
    <ele>19.4</ele>
   </trkpt>
   <trkpt lat="56.1279810" lon="10.2109490">
    <ele>19.6</ele>
   </trkpt>
   <trkpt lat="56.1279390" lon="10.2109090">
    <ele>20.0</ele>
   </trkpt>
   <trkpt lat="56.1279030" lon="10.2108750">
    <ele>20.2</ele>
   </trkpt>
   <trkpt lat="56.1278730" lon="10.2108490">
    <ele>20.4</ele>
   </trkpt>
   <trkpt lat="56.1278360" lon="10.2108190">
    <ele>20.8</ele>
   </trkpt>
   <trkpt lat="56.1277960" lon="10.2107910">
    <ele>21.0</ele>
   </trkpt>
   <trkpt lat="56.1277580" lon="10.2107610">
    <ele>21.2</ele>
   </trkpt>
   <trkpt lat="56.1277150" lon="10.2107250">
    <ele>21.4</ele>
   </trkpt>
   <trkpt lat="56.1276870" lon="10.2107000">
    <ele>21.6</ele>
   </trkpt>
   <trkpt lat="56.1276530" lon="10.2106630">
    <ele>21.8</ele>
   </trkpt>
   <trkpt lat="56.1276120" lon="10.2106180">
    <ele>22.0</ele>
   </trkpt>
   <trkpt lat="56.1275850" lon="10.2105900">
    <ele>22.4</ele>
   </trkpt>
   <trkpt lat="56.1275500" lon="10.2105580">
    <ele>22.4</ele>
   </trkpt>
   <trkpt lat="56.1275060" lon="10.2105200">
    <ele>22.6</ele>
   </trkpt>
   <trkpt lat="56.1274710" lon="10.2104880">
    <ele>23.0</ele>
   </trkpt>
   <trkpt lat="56.1274440" lon="10.2104600">
    <ele>23.2</ele>
   </trkpt>
   <trkpt lat="56.1274020" lon="10.2104190">
    <ele>23.4</ele>
   </trkpt>
   <trkpt lat="56.1273670" lon="10.2103900">
    <ele>23.6</ele>
   </trkpt>
   <trkpt lat="56.1273390" lon="10.2103650">
    <ele>23.8</ele>
   </trkpt>
   <trkpt lat="56.1272970" lon="10.2103250">
    <ele>24.0</ele>
   </trkpt>
   <trkpt lat="56.1272640" lon="10.2102940">
    <ele>24.2</ele>
   </trkpt>
   <trkpt lat="56.1272370" lon="10.2102700">
    <ele>24.4</ele>
   </trkpt>
   <trkpt lat="56.1271980" lon="10.2102320">
    <ele>24.6</ele>
   </trkpt>
   <trkpt lat="56.1271650" lon="10.2102010">
    <ele>25.0</ele>
   </trkpt>
   <trkpt lat="56.1271390" lon="10.2101750">
    <ele>25.2</ele>
   </trkpt>
   <trkpt lat="56.1270960" lon="10.2101360">
    <ele>25.6</ele>
   </trkpt>
   <trkpt lat="56.1270610" lon="10.2101040">
    <ele>25.8</ele>
   </trkpt>
   <trkpt lat="56.1270320" lon="10.2100810">
    <ele>26.2</ele>
   </trkpt>
   <trkpt lat="56.1269960" lon="10.2100510">
    <ele>26.4</ele>
   </trkpt>
   <trkpt lat="56.1269620" lon="10.2100200">
    <ele>26.6</ele>
   </trkpt>
   <trkpt lat="56.1269190" lon="10.2099830">
    <ele>26.8</ele>
   </trkpt>
   <trkpt lat="56.1268920" lon="10.2099590">
    <ele>27.0</ele>
   </trkpt>
   <trkpt lat="56.1268510" lon="10.2099230">
    <ele>27.4</ele>
   </trkpt>
   <trkpt lat="56.1268160" lon="10.2098920">
    <ele>27.6</ele>
   </trkpt>
   <trkpt lat="56.1267890" lon="10.2098660">
    <ele>27.8</ele>
   </trkpt>
   <trkpt lat="56.1267480" lon="10.2098260">
    <ele>28.0</ele>
   </trkpt>
   <trkpt lat="56.1267140" lon="10.2097920">
    <ele>28.2</ele>
   </trkpt>
   <trkpt lat="56.1266870" lon="10.2097650">
    <ele>28.4</ele>
   </trkpt>
   <trkpt lat="56.1266540" lon="10.2097320">
    <ele>28.6</ele>
   </trkpt>
   <trkpt lat="56.1266130" lon="10.2096960">
    <ele>28.8</ele>
   </trkpt>
   <trkpt lat="56.1265860" lon="10.2096720">
    <ele>29.0</ele>
   </trkpt>
   <trkpt lat="56.1265520" lon="10.2096430">
    <ele>29.2</ele>
   </trkpt>
   <trkpt lat="56.1265170" lon="10.2096140">
    <ele>29.4</ele>
   </trkpt>
   <trkpt lat="56.1264820" lon="10.2095850">
    <ele>29.6</ele>
   </trkpt>
   <trkpt lat="56.1264400" lon="10.2095500">
    <ele>29.8</ele>
   </trkpt>
   <trkpt lat="56.1264050" lon="10.2095180">
    <ele>30.0</ele>
   </trkpt>
   <trkpt lat="56.1263770" lon="10.2094950">
    <ele>30.2</ele>
   </trkpt>
   <trkpt lat="56.1263410" lon="10.2094690">
    <ele>30.6</ele>
   </trkpt>
   <trkpt lat="56.1263050" lon="10.2094390">
    <ele>30.8</ele>
   </trkpt>
   <trkpt lat="56.1262700" lon="10.2094080">
    <ele>31.0</ele>
   </trkpt>
   <trkpt lat="56.1262360" lon="10.2093800">
    <ele>31.2</ele>
   </trkpt>
   <trkpt lat="56.1261930" lon="10.2093460">
    <ele>31.4</ele>
   </trkpt>
   <trkpt lat="56.1261580" lon="10.2093150">
    <ele>31.8</ele>
   </trkpt>
   <trkpt lat="56.1261240" lon="10.2092820">
    <ele>32.0</ele>
   </trkpt>
   <trkpt lat="56.1260890" lon="10.2092530">
    <ele>32.2</ele>
   </trkpt>
   <trkpt lat="56.1260530" lon="10.2092300">
    <ele>32.6</ele>
   </trkpt>
   <trkpt lat="56.1260230" lon="10.2092120">
    <ele>32.8</ele>
   </trkpt>
   <trkpt lat="56.1259780" lon="10.2091870">
    <ele>33.0</ele>
   </trkpt>
   <trkpt lat="56.1259430" lon="10.2091670">
    <ele>33.2</ele>
   </trkpt>
   <trkpt lat="56.1259090" lon="10.2091420">
    <ele>33.4</ele>
   </trkpt>
   <trkpt lat="56.1258750" lon="10.2091120">
    <ele>33.6</ele>
   </trkpt>
   <trkpt lat="56.1258470" lon="10.2090860">
    <ele>33.8</ele>
   </trkpt>
   <trkpt lat="56.1258060" lon="10.2090520">
    <ele>34.0</ele>
   </trkpt>
   <trkpt lat="56.1257680" lon="10.2090270">
    <ele>34.2</ele>
   </trkpt>
   <trkpt lat="56.1257320" lon="10.2090010">
    <ele>34.4</ele>
   </trkpt>
   <trkpt lat="56.1256970" lon="10.2089730">
    <ele>34.6</ele>
   </trkpt>
   <trkpt lat="56.1256610" lon="10.2089440">
    <ele>34.8</ele>
   </trkpt>
   <trkpt lat="56.1256350" lon="10.2089180">
    <ele>35.2</ele>
   </trkpt>
   <trkpt lat="56.1255930" lon="10.2088830">
    <ele>35.4</ele>
   </trkpt>
   <trkpt lat="56.1255640" lon="10.2088630">
    <ele>35.6</ele>
   </trkpt>
   <trkpt lat="56.1255260" lon="10.2088380">
    <ele>35.8</ele>
   </trkpt>
   <trkpt lat="56.1254890" lon="10.2088100">
    <ele>35.8</ele>
   </trkpt>
   <trkpt lat="56.1254450" lon="10.2087790">
    <ele>36.0</ele>
   </trkpt>
   <trkpt lat="56.1254110" lon="10.2087570">
    <ele>36.2</ele>
   </trkpt>
   <trkpt lat="56.1253770" lon="10.2087340">
    <ele>36.4</ele>
   </trkpt>
   <trkpt lat="56.1253480" lon="10.2087120">
    <ele>36.6</ele>
   </trkpt>
   <trkpt lat="56.1253050" lon="10.2086810">
    <ele>36.8</ele>
   </trkpt>
   <trkpt lat="56.1252690" lon="10.2086530">
    <ele>37.0</ele>
   </trkpt>
   <trkpt lat="56.1252400" lon="10.2086350">
    <ele>37.2</ele>
   </trkpt>
   <trkpt lat="56.1251950" lon="10.2086060">
    <ele>37.4</ele>
   </trkpt>
   <trkpt lat="56.1251590" lon="10.2085780">
    <ele>37.6</ele>
   </trkpt>
   <trkpt lat="56.1251290" lon="10.2085550">
    <ele>37.8</ele>
   </trkpt>
   <trkpt lat="56.1250840" lon="10.2085230">
    <ele>38.0</ele>
   </trkpt>
   <trkpt lat="56.1250530" lon="10.2085050">
    <ele>38.2</ele>
   </trkpt>
   <trkpt lat="56.1250150" lon="10.2084790">
    <ele>38.4</ele>
   </trkpt>
   <trkpt lat="56.1249700" lon="10.2084490">
    <ele>38.4</ele>
   </trkpt>
   <trkpt lat="56.1249320" lon="10.2084260">
    <ele>38.8</ele>
   </trkpt>
   <trkpt lat="56.1248930" lon="10.2084040">
    <ele>38.8</ele>
   </trkpt>
   <trkpt lat="56.1248560" lon="10.2083780">
    <ele>39.2</ele>
   </trkpt>
   <trkpt lat="56.1248190" lon="10.2083470">
    <ele>39.2</ele>
   </trkpt>
   <trkpt lat="56.1247880" lon="10.2083270">
    <ele>39.6</ele>
   </trkpt>
   <trkpt lat="56.1247500" lon="10.2083080">
    <ele>39.8</ele>
   </trkpt>
   <trkpt lat="56.1247060" lon="10.2082840">
    <ele>39.8</ele>
   </trkpt>
   <trkpt lat="56.1246680" lon="10.2082640">
    <ele>40.0</ele>
   </trkpt>
   <trkpt lat="56.1246310" lon="10.2082430">
    <ele>40.2</ele>
   </trkpt>
   <trkpt lat="56.1245940" lon="10.2082250">
    <ele>40.4</ele>
   </trkpt>
   <trkpt lat="56.1245540" lon="10.2082050">
    <ele>40.6</ele>
   </trkpt>
   <trkpt lat="56.1245120" lon="10.2081950">
    <ele>40.8</ele>
   </trkpt>
   <trkpt lat="56.1244700" lon="10.2081830">
    <ele>41.2</ele>
   </trkpt>
   <trkpt lat="56.1244280" lon="10.2081670">
    <ele>41.4</ele>
   </trkpt>
   <trkpt lat="56.1243880" lon="10.2081500">
    <ele>41.6</ele>
   </trkpt>
   <trkpt lat="56.1243490" lon="10.2081290">
    <ele>41.8</ele>
   </trkpt>
   <trkpt lat="56.1243080" lon="10.2081090">
    <ele>42.0</ele>
   </trkpt>
   <trkpt lat="56.1242650" lon="10.2080950">
    <ele>42.4</ele>
   </trkpt>
   <trkpt lat="56.1242320" lon="10.2080810">
    <ele>42.6</ele>
   </trkpt>
   <trkpt lat="56.1241850" lon="10.2080560">
    <ele>42.8</ele>
   </trkpt>
   <trkpt lat="56.1241450" lon="10.2080350">
    <ele>43.0</ele>
   </trkpt>
   <trkpt lat="56.1241020" lon="10.2080200">
    <ele>43.2</ele>
   </trkpt>
   <trkpt lat="56.1240600" lon="10.2080070">
    <ele>43.4</ele>
   </trkpt>
   <trkpt lat="56.1240190" lon="10.2079880">
    <ele>43.4</ele>
   </trkpt>
   <trkpt lat="56.1239880" lon="10.2079720">
    <ele>43.6</ele>
   </trkpt>
   <trkpt lat="56.1239450" lon="10.2079520">
    <ele>43.8</ele>
   </trkpt>
   <trkpt lat="56.1239010" lon="10.2079360">
    <ele>44.0</ele>
   </trkpt>
   <trkpt lat="56.1238600" lon="10.2079130">
    <ele>44.2</ele>
   </trkpt>
   <trkpt lat="56.1238160" lon="10.2078920">
    <ele>44.6</ele>
   </trkpt>
   <trkpt lat="56.1237670" lon="10.2078730">
    <ele>44.8</ele>
   </trkpt>
   <trkpt lat="56.1237290" lon="10.2078480">
    <ele>45.0</ele>
   </trkpt>
   <trkpt lat="56.1236920" lon="10.2078230">
    <ele>45.2</ele>
   </trkpt>
   <trkpt lat="56.1236610" lon="10.2078050">
    <ele>45.4</ele>
   </trkpt>
   <trkpt lat="56.1236210" lon="10.2077830">
    <ele>45.6</ele>
   </trkpt>
   <trkpt lat="56.1235750" lon="10.2077560">
    <ele>45.8</ele>
   </trkpt>
   <trkpt lat="56.1235390" lon="10.2077300">
    <ele>45.8</ele>
   </trkpt>
   <trkpt lat="56.1234990" lon="10.2077050">
    <ele>46.0</ele>
   </trkpt>
   <trkpt lat="56.1234580" lon="10.2076860">
    <ele>46.2</ele>
   </trkpt>
   <trkpt lat="56.1234140" lon="10.2076730">
    <ele>46.4</ele>
   </trkpt>
   <trkpt lat="56.1233690" lon="10.2076560">
    <ele>46.6</ele>
   </trkpt>
   <trkpt lat="56.1233370" lon="10.2076370">
    <ele>46.8</ele>
   </trkpt>
   <trkpt lat="56.1232970" lon="10.2076140">
    <ele>47.0</ele>
   </trkpt>
   <trkpt lat="56.1232480" lon="10.2075940">
    <ele>47.0</ele>
   </trkpt>
   <trkpt lat="56.1232050" lon="10.2075750">
    <ele>47.2</ele>
   </trkpt>
   <trkpt lat="56.1231620" lon="10.2075600">
    <ele>47.2</ele>
   </trkpt>
   <trkpt lat="56.1231260" lon="10.2075480">
    <ele>47.4</ele>
   </trkpt>
   <trkpt lat="56.1230720" lon="10.2075340">
    <ele>47.4</ele>
   </trkpt>
   <trkpt lat="56.1230350" lon="10.2075250">
    <ele>47.6</ele>
   </trkpt>
   <trkpt lat="56.1229900" lon="10.2075060">
    <ele>47.6</ele>
   </trkpt>
   <trkpt lat="56.1229440" lon="10.2074850">
    <ele>47.8</ele>
   </trkpt>
   <trkpt lat="56.1228930" lon="10.2074560">
    <ele>47.8</ele>
   </trkpt>
   <trkpt lat="56.1228570" lon="10.2074370">
    <ele>47.8</ele>
   </trkpt>
   <trkpt lat="56.1228120" lon="10.2074190">
    <ele>48.0</ele>
   </trkpt>
   <trkpt lat="56.1227660" lon="10.2073990">
    <ele>48.0</ele>
   </trkpt>
   <trkpt lat="56.1227090" lon="10.2073780">
    <ele>48.0</ele>
   </trkpt>
   <trkpt lat="56.1226620" lon="10.2073580">
    <ele>48.2</ele>
   </trkpt>
   <trkpt lat="56.1226230" lon="10.2073380">
    <ele>48.2</ele>
   </trkpt>
   <trkpt lat="56.1225720" lon="10.2073160">
    <ele>48.4</ele>
   </trkpt>
   <trkpt lat="56.1225090" lon="10.2072960">
    <ele>48.4</ele>
   </trkpt>
   <trkpt lat="56.1224550" lon="10.2072840">
    <ele>48.4</ele>
   </trkpt>
   <trkpt lat="56.1224130" lon="10.2072710">
    <ele>48.4</ele>
   </trkpt>
   <trkpt lat="56.1223550" lon="10.2072420">
    <ele>48.4</ele>
   </trkpt>
   <trkpt lat="56.1222990" lon="10.2072270">
    <ele>48.4</ele>
   </trkpt>
   <trkpt lat="56.1222570" lon="10.2072170">
    <ele>48.6</ele>
   </trkpt>
   <trkpt lat="56.1221890" lon="10.2072060">
    <ele>48.6</ele>
   </trkpt>
   <trkpt lat="56.1221370" lon="10.2072110">
    <ele>48.6</ele>
   </trkpt>
   <trkpt lat="56.1220730" lon="10.2072110">
    <ele>48.6</ele>
   </trkpt>
   <trkpt lat="56.1219980" lon="10.2072010">
    <ele>48.6</ele>
   </trkpt>
   <trkpt lat="56.1219460" lon="10.2071920">
    <ele>48.6</ele>
   </trkpt>
   <trkpt lat="56.1218820" lon="10.2071870">
    <ele>48.6</ele>
   </trkpt>
   <trkpt lat="56.1218150" lon="10.2071800">
    <ele>48.6</ele>
   </trkpt>
   <trkpt lat="56.1217450" lon="10.2071700">
    <ele>48.6</ele>
   </trkpt>
   <trkpt lat="56.1216650" lon="10.2071560">
    <ele>48.6</ele>
   </trkpt>
   <trkpt lat="56.1215930" lon="10.2071640">
    <ele>48.4</ele>
   </trkpt>
   <trkpt lat="56.1215400" lon="10.2071650">
    <ele>48.4</ele>
   </trkpt>
   <trkpt lat="56.1214750" lon="10.2071590">
    <ele>48.4</ele>
   </trkpt>
   <trkpt lat="56.1214010" lon="10.2071410">
    <ele>48.4</ele>
   </trkpt>
   <trkpt lat="56.1213540" lon="10.2071270">
    <ele>48.4</ele>
   </trkpt>
   <trkpt lat="56.1212820" lon="10.2071070">
    <ele>48.4</ele>
   </trkpt>
   <trkpt lat="56.1212270" lon="10.2070880">
    <ele>48.4</ele>
   </trkpt>
   <trkpt lat="56.1211710" lon="10.2070740">
    <ele>48.4</ele>
   </trkpt>
   <trkpt lat="56.1211230" lon="10.2070660">
    <ele>48.4</ele>
   </trkpt>
   <trkpt lat="56.1210460" lon="10.2070480">
    <ele>48.2</ele>
   </trkpt>
   <trkpt lat="56.1209950" lon="10.2070390">
    <ele>48.2</ele>
   </trkpt>
   <trkpt lat="56.1209270" lon="10.2070340">
    <ele>48.2</ele>
   </trkpt>
   <trkpt lat="56.1208630" lon="10.2070280">
    <ele>48.2</ele>
   </trkpt>
   <trkpt lat="56.1207860" lon="10.2070190">
    <ele>48.2</ele>
   </trkpt>
   <trkpt lat="56.1207210" lon="10.2070160">
    <ele>48.2</ele>
   </trkpt>
   <trkpt lat="56.1206530" lon="10.2070130">
    <ele>48.2</ele>
   </trkpt>
   <trkpt lat="56.1205840" lon="10.2070120">
    <ele>48.0</ele>
   </trkpt>
   <trkpt lat="56.1205110" lon="10.2070100">
    <ele>47.8</ele>
   </trkpt>
   <trkpt lat="56.1204540" lon="10.2070030">
    <ele>47.6</ele>
   </trkpt>
   <trkpt lat="56.1203810" lon="10.2069960">
    <ele>47.6</ele>
   </trkpt>
   <trkpt lat="56.1202940" lon="10.2069870">
    <ele>47.4</ele>
   </trkpt>
   <trkpt lat="56.1202370" lon="10.2069860">
    <ele>47.4</ele>
   </trkpt>
   <trkpt lat="56.1201510" lon="10.2069820">
    <ele>47.4</ele>
   </trkpt>
   <trkpt lat="56.1200750" lon="10.2069790">
    <ele>47.4</ele>
   </trkpt>
   <trkpt lat="56.1200000" lon="10.2069830">
    <ele>47.4</ele>
   </trkpt>
   <trkpt lat="56.1199280" lon="10.2069820">
    <ele>47.4</ele>
   </trkpt>
   <trkpt lat="56.1198560" lon="10.2069860">
    <ele>47.4</ele>
   </trkpt>
   <trkpt lat="56.1197830" lon="10.2069880">
    <ele>47.4</ele>
   </trkpt>
   <trkpt lat="56.1197080" lon="10.2069880">
    <ele>47.4</ele>
   </trkpt>
   <trkpt lat="56.1196340" lon="10.2069880">
    <ele>47.4</ele>
   </trkpt>
   <trkpt lat="56.1195600" lon="10.2069920">
    <ele>47.4</ele>
   </trkpt>
   <trkpt lat="56.1194840" lon="10.2069930">
    <ele>47.4</ele>
   </trkpt>
   <trkpt lat="56.1194190" lon="10.2069940">
    <ele>47.4</ele>
   </trkpt>
   <trkpt lat="56.1193260" lon="10.2069930">
    <ele>47.2</ele>
   </trkpt>
   <trkpt lat="56.1192640" lon="10.2069930">
    <ele>47.2</ele>
   </trkpt>
   <trkpt lat="56.1191850" lon="10.2069960">
    <ele>47.0</ele>
   </trkpt>
   <trkpt lat="56.1191040" lon="10.2069960">
    <ele>46.8</ele>
   </trkpt>
   <trkpt lat="56.1190060" lon="10.2069950">
    <ele>46.6</ele>
   </trkpt>
   <trkpt lat="56.1189390" lon="10.2069960">
    <ele>46.4</ele>
   </trkpt>
   <trkpt lat="56.1188550" lon="10.2069990">
    <ele>46.0</ele>
   </trkpt>
   <trkpt lat="56.1187710" lon="10.2070000">
    <ele>45.6</ele>
   </trkpt>
   <trkpt lat="56.1186860" lon="10.2069990">
    <ele>45.2</ele>
   </trkpt>
   <trkpt lat="56.1185810" lon="10.2070030">
    <ele>44.8</ele>
   </trkpt>
   <trkpt lat="56.1184920" lon="10.2070070">
    <ele>44.4</ele>
   </trkpt>
   <trkpt lat="56.1184220" lon="10.2070050">
    <ele>44.0</ele>
   </trkpt>
   <trkpt lat="56.1183310" lon="10.2070060">
    <ele>43.8</ele>
   </trkpt>
   <trkpt lat="56.1182190" lon="10.2070140">
    <ele>43.4</ele>
   </trkpt>
   <trkpt lat="56.1181440" lon="10.2070240">
    <ele>43.0</ele>
   </trkpt>
   <trkpt lat="56.1180510" lon="10.2070370">
    <ele>42.8</ele>
   </trkpt>
   <trkpt lat="56.1179410" lon="10.2070380">
    <ele>42.6</ele>
   </trkpt>
   <trkpt lat="56.1178550" lon="10.2070350">
    <ele>42.4</ele>
   </trkpt>
   <trkpt lat="56.1177670" lon="10.2070340">
    <ele>42.2</ele>
   </trkpt>
   <trkpt lat="56.1176790" lon="10.2070360">
    <ele>42.2</ele>
   </trkpt>
   <trkpt lat="56.1175930" lon="10.2070390">
    <ele>42.2</ele>
   </trkpt>
   <trkpt lat="56.1175250" lon="10.2070390">
    <ele>42.2</ele>
   </trkpt>
   <trkpt lat="56.1174260" lon="10.2070310">
    <ele>42.0</ele>
   </trkpt>
   <trkpt lat="56.1173600" lon="10.2070170">
    <ele>42.0</ele>
   </trkpt>
   <trkpt lat="56.1172820" lon="10.2070050">
    <ele>42.2</ele>
   </trkpt>
   <trkpt lat="56.1172050" lon="10.2070030">
    <ele>42.2</ele>
   </trkpt>
   <trkpt lat="56.1171290" lon="10.2070050">
    <ele>42.2</ele>
   </trkpt>
   <trkpt lat="56.1170400" lon="10.2070130">
    <ele>42.4</ele>
   </trkpt>
   <trkpt lat="56.1169830" lon="10.2070190">
    <ele>42.4</ele>
   </trkpt>
   <trkpt lat="56.1169150" lon="10.2070230">
    <ele>42.4</ele>
   </trkpt>
   <trkpt lat="56.1168400" lon="10.2070220">
    <ele>42.4</ele>
   </trkpt>
   <trkpt lat="56.1167860" lon="10.2070180">
    <ele>42.6</ele>
   </trkpt>
   <trkpt lat="56.1167490" lon="10.2070170">
    <ele>42.6</ele>
   </trkpt>
   <trkpt lat="56.1167150" lon="10.2070120">
    <ele>42.8</ele>
   </trkpt>
   <trkpt lat="56.1166890" lon="10.2070110">
    <ele>42.8</ele>
   </trkpt>
   <trkpt lat="56.1166700" lon="10.2070120">
    <ele>42.8</ele>
   </trkpt>
   <trkpt lat="56.1166560" lon="10.2070150">
    <ele>43.0</ele>
   </trkpt>
   <trkpt lat="56.1166450" lon="10.2070180">
    <ele>43.0</ele>
   </trkpt>
   <trkpt lat="56.1166320" lon="10.2070200">
    <ele>43.0</ele>
   </trkpt>
   <trkpt lat="56.1166250" lon="10.2070160">
    <ele>43.2</ele>
   </trkpt>
   <trkpt lat="56.1166160" lon="10.2070120">
    <ele>43.2</ele>
   </trkpt>
   <trkpt lat="56.1166010" lon="10.2070060">
    <ele>43.2</ele>
   </trkpt>
   <trkpt lat="56.1165830" lon="10.2069960">
    <ele>43.2</ele>
   </trkpt>
   <trkpt lat="56.1165630" lon="10.2069910">
    <ele>43.2</ele>
   </trkpt>
   <trkpt lat="56.1165300" lon="10.2069870">
    <ele>43.2</ele>
   </trkpt>
   <trkpt lat="56.1165060" lon="10.2069840">
    <ele>43.4</ele>
   </trkpt>
   <trkpt lat="56.1164760" lon="10.2069790">
    <ele>43.4</ele>
   </trkpt>
   <trkpt lat="56.1164430" lon="10.2069720">
    <ele>43.4</ele>
   </trkpt>
   <trkpt lat="56.1164220" lon="10.2069680">
    <ele>43.4</ele>
   </trkpt>
   <trkpt lat="56.1163990" lon="10.2069610">
    <ele>43.4</ele>
   </trkpt>
   <trkpt lat="56.1163770" lon="10.2069560">
    <ele>43.4</ele>
   </trkpt>
   <trkpt lat="56.1163570" lon="10.2069650">
    <ele>43.6</ele>
   </trkpt>
   <trkpt lat="56.1163270" lon="10.2069890">
    <ele>43.6</ele>
   </trkpt>
   <trkpt lat="56.1163110" lon="10.2069950">
    <ele>43.8</ele>
   </trkpt>
   <trkpt lat="56.1162940" lon="10.2070020">
    <ele>43.8</ele>
   </trkpt>
   <trkpt lat="56.1162780" lon="10.2070090">
    <ele>44.0</ele>
   </trkpt>
   <trkpt lat="56.1162610" lon="10.2070150">
    <ele>44.0</ele>
   </trkpt>
   <trkpt lat="56.1162440" lon="10.2070220">
    <ele>44.0</ele>
   </trkpt>
   <trkpt lat="56.1162280" lon="10.2070280">
    <ele>44.0</ele>
   </trkpt>
   <trkpt lat="56.1162110" lon="10.2070350">
    <ele>44.0</ele>
   </trkpt>
   <trkpt lat="56.1161760" lon="10.2070390">
    <ele>44.0</ele>
   </trkpt>
   <trkpt lat="56.1161330" lon="10.2070380">
    <ele>44.0</ele>
   </trkpt>
   <trkpt lat="56.1160840" lon="10.2070260">
    <ele>44.2</ele>
   </trkpt>
   <trkpt lat="56.1160450" lon="10.2070160">
    <ele>44.2</ele>
   </trkpt>
   <trkpt lat="56.1160130" lon="10.2070080">
    <ele>44.4</ele>
   </trkpt>
   <trkpt lat="56.1159670" lon="10.2070020">
    <ele>44.6</ele>
   </trkpt>
   <trkpt lat="56.1159350" lon="10.2070030">
    <ele>44.6</ele>
   </trkpt>
   <trkpt lat="56.1158880" lon="10.2070030">
    <ele>44.8</ele>
   </trkpt>
   <trkpt lat="56.1158470" lon="10.2070030">
    <ele>44.8</ele>
   </trkpt>
   <trkpt lat="56.1158070" lon="10.2070090">
    <ele>45.0</ele>
   </trkpt>
   <trkpt lat="56.1157650" lon="10.2070150">
    <ele>45.0</ele>
   </trkpt>
   <trkpt lat="56.1157260" lon="10.2070210">
    <ele>45.0</ele>
   </trkpt>
   <trkpt lat="56.1156830" lon="10.2070260">
    <ele>45.2</ele>
   </trkpt>
   <trkpt lat="56.1156400" lon="10.2070370">
    <ele>45.2</ele>
   </trkpt>
   <trkpt lat="56.1155970" lon="10.2070510">
    <ele>45.4</ele>
   </trkpt>
   <trkpt lat="56.1155620" lon="10.2070590">
    <ele>45.6</ele>
   </trkpt>
   <trkpt lat="56.1155100" lon="10.2070680">
    <ele>46.0</ele>
   </trkpt>
   <trkpt lat="56.1154670" lon="10.2070770">
    <ele>46.2</ele>
   </trkpt>
   <trkpt lat="56.1154320" lon="10.2070810">
    <ele>46.4</ele>
   </trkpt>
   <trkpt lat="56.1153780" lon="10.2070900">
    <ele>46.6</ele>
   </trkpt>
   <trkpt lat="56.1153440" lon="10.2070990">
    <ele>47.0</ele>
   </trkpt>
   <trkpt lat="56.1153010" lon="10.2071060">
    <ele>47.2</ele>
   </trkpt>
   <trkpt lat="56.1152580" lon="10.2071080">
    <ele>47.4</ele>
   </trkpt>
   <trkpt lat="56.1152050" lon="10.2071130">
    <ele>47.6</ele>
   </trkpt>
   <trkpt lat="56.1151600" lon="10.2071260">
    <ele>47.8</ele>
   </trkpt>
   <trkpt lat="56.1151260" lon="10.2071410">
    <ele>48.0</ele>
   </trkpt>
   <trkpt lat="56.1150730" lon="10.2071700">
    <ele>48.2</ele>
   </trkpt>
   <trkpt lat="56.1150380" lon="10.2071980">
    <ele>48.4</ele>
   </trkpt>
   <trkpt lat="56.1149950" lon="10.2072370">
    <ele>48.4</ele>
   </trkpt>
   <trkpt lat="56.1149510" lon="10.2072770">
    <ele>48.6</ele>
   </trkpt>
   <trkpt lat="56.1149010" lon="10.2073250">
    <ele>48.6</ele>
   </trkpt>
   <trkpt lat="56.1148580" lon="10.2073660">
    <ele>48.8</ele>
   </trkpt>
   <trkpt lat="56.1148180" lon="10.2074130">
    <ele>48.8</ele>
   </trkpt>
   <trkpt lat="56.1147870" lon="10.2074550">
    <ele>49.0</ele>
   </trkpt>
   <trkpt lat="56.1147390" lon="10.2075160">
    <ele>49.2</ele>
   </trkpt>
   <trkpt lat="56.1146990" lon="10.2075570">
    <ele>49.4</ele>
   </trkpt>
   <trkpt lat="56.1146570" lon="10.2075930">
    <ele>49.6</ele>
   </trkpt>
   <trkpt lat="56.1146240" lon="10.2076230">
    <ele>49.6</ele>
   </trkpt>
   <trkpt lat="56.1145740" lon="10.2076710">
    <ele>49.8</ele>
   </trkpt>
   <trkpt lat="56.1145400" lon="10.2077010">
    <ele>50.0</ele>
   </trkpt>
   <trkpt lat="56.1144890" lon="10.2077370">
    <ele>50.0</ele>
   </trkpt>
   <trkpt lat="56.1144470" lon="10.2077680">
    <ele>50.4</ele>
   </trkpt>
   <trkpt lat="56.1144150" lon="10.2077920">
    <ele>50.6</ele>
   </trkpt>
   <trkpt lat="56.1143750" lon="10.2078250">
    <ele>50.8</ele>
   </trkpt>
   <trkpt lat="56.1143300" lon="10.2078670">
    <ele>51.0</ele>
   </trkpt>
   <trkpt lat="56.1142910" lon="10.2079070">
    <ele>51.2</ele>
   </trkpt>
   <trkpt lat="56.1142520" lon="10.2079460">
    <ele>51.4</ele>
   </trkpt>
   <trkpt lat="56.1142170" lon="10.2079860">
    <ele>51.6</ele>
   </trkpt>
   <trkpt lat="56.1141800" lon="10.2080290">
    <ele>51.8</ele>
   </trkpt>
   <trkpt lat="56.1141530" lon="10.2080670">
    <ele>52.0</ele>
   </trkpt>
   <trkpt lat="56.1141140" lon="10.2081270">
    <ele>52.2</ele>
   </trkpt>
   <trkpt lat="56.1140870" lon="10.2081650">
    <ele>52.4</ele>
   </trkpt>
   <trkpt lat="56.1140430" lon="10.2082130">
    <ele>52.6</ele>
   </trkpt>
   <trkpt lat="56.1140060" lon="10.2082500">
    <ele>52.6</ele>
   </trkpt>
   <trkpt lat="56.1139770" lon="10.2082770">
    <ele>52.8</ele>
   </trkpt>
   <trkpt lat="56.1139330" lon="10.2083170">
    <ele>53.0</ele>
   </trkpt>
   <trkpt lat="56.1138940" lon="10.2083510">
    <ele>53.2</ele>
   </trkpt>
   <trkpt lat="56.1138640" lon="10.2083770">
    <ele>53.4</ele>
   </trkpt>
   <trkpt lat="56.1138180" lon="10.2084120">
    <ele>53.8</ele>
   </trkpt>
   <trkpt lat="56.1137780" lon="10.2084440">
    <ele>54.0</ele>
   </trkpt>
   <trkpt lat="56.1137450" lon="10.2084670">
    <ele>54.2</ele>
   </trkpt>
   <trkpt lat="56.1136990" lon="10.2085040">
    <ele>54.4</ele>
   </trkpt>
   <trkpt lat="56.1136620" lon="10.2085360">
    <ele>54.6</ele>
   </trkpt>
   <trkpt lat="56.1136310" lon="10.2085600">
    <ele>54.8</ele>
   </trkpt>
   <trkpt lat="56.1135920" lon="10.2085830">
    <ele>55.0</ele>
   </trkpt>
   <trkpt lat="56.1135530" lon="10.2086030">
    <ele>55.4</ele>
   </trkpt>
   <trkpt lat="56.1135140" lon="10.2086260">
    <ele>55.6</ele>
   </trkpt>
   <trkpt lat="56.1134640" lon="10.2086540">
    <ele>55.6</ele>
   </trkpt>
   <trkpt lat="56.1134210" lon="10.2086760">
    <ele>55.8</ele>
   </trkpt>
   <trkpt lat="56.1133880" lon="10.2086920">
    <ele>56.0</ele>
   </trkpt>
   <trkpt lat="56.1133380" lon="10.2087200">
    <ele>56.0</ele>
   </trkpt>
   <trkpt lat="56.1132960" lon="10.2087400">
    <ele>56.2</ele>
   </trkpt>
   <trkpt lat="56.1132630" lon="10.2087550">
    <ele>56.4</ele>
   </trkpt>
   <trkpt lat="56.1132230" lon="10.2087720">
    <ele>56.4</ele>
   </trkpt>
   <trkpt lat="56.1131730" lon="10.2087920">
    <ele>56.6</ele>
   </trkpt>
   <trkpt lat="56.1131400" lon="10.2088050">
    <ele>56.8</ele>
   </trkpt>
   <trkpt lat="56.1130900" lon="10.2088220">
    <ele>56.8</ele>
   </trkpt>
   <trkpt lat="56.1130500" lon="10.2088360">
    <ele>57.0</ele>
   </trkpt>
   <trkpt lat="56.1130170" lon="10.2088460">
    <ele>57.2</ele>
   </trkpt>
   <trkpt lat="56.1129700" lon="10.2088630">
    <ele>57.4</ele>
   </trkpt>
   <trkpt lat="56.1129290" lon="10.2088760">
    <ele>57.6</ele>
   </trkpt>
   <trkpt lat="56.1128950" lon="10.2088860">
    <ele>57.8</ele>
   </trkpt>
   <trkpt lat="56.1128450" lon="10.2088980">
    <ele>58.2</ele>
   </trkpt>
   <trkpt lat="56.1128030" lon="10.2089080">
    <ele>58.4</ele>
   </trkpt>
   <trkpt lat="56.1127700" lon="10.2089150">
    <ele>58.4</ele>
   </trkpt>
   <trkpt lat="56.1127290" lon="10.2089200">
    <ele>58.6</ele>
   </trkpt>
   <trkpt lat="56.1126880" lon="10.2089260">
    <ele>58.8</ele>
   </trkpt>
   <trkpt lat="56.1126460" lon="10.2089330">
    <ele>59.2</ele>
   </trkpt>
   <trkpt lat="56.1125970" lon="10.2089380">
    <ele>59.4</ele>
   </trkpt>
   <trkpt lat="56.1125660" lon="10.2089430">
    <ele>59.6</ele>
   </trkpt>
   <trkpt lat="56.1125300" lon="10.2089480">
    <ele>59.8</ele>
   </trkpt>
   <trkpt lat="56.1124940" lon="10.2089510">
    <ele>60.2</ele>
   </trkpt>
   <trkpt lat="56.1124670" lon="10.2089550">
    <ele>60.4</ele>
   </trkpt>
   <trkpt lat="56.1124460" lon="10.2089580">
    <ele>60.6</ele>
   </trkpt>
   <trkpt lat="56.1124090" lon="10.2089590">
    <ele>60.8</ele>
   </trkpt>
   <trkpt lat="56.1123720" lon="10.2089600">
    <ele>60.8</ele>
   </trkpt>
   <trkpt lat="56.1123320" lon="10.2089620">
    <ele>60.8</ele>
   </trkpt>
   <trkpt lat="56.1122930" lon="10.2089610">
    <ele>60.8</ele>
   </trkpt>
   <trkpt lat="56.1122610" lon="10.2089610">
    <ele>61.0</ele>
   </trkpt>
   <trkpt lat="56.1122110" lon="10.2089590">
    <ele>61.2</ele>
   </trkpt>
   <trkpt lat="56.1121680" lon="10.2089520">
    <ele>61.4</ele>
   </trkpt>
   <trkpt lat="56.1121250" lon="10.2089410">
    <ele>61.6</ele>
   </trkpt>
   <trkpt lat="56.1120810" lon="10.2089260">
    <ele>61.8</ele>
   </trkpt>
   <trkpt lat="56.1120380" lon="10.2089090">
    <ele>62.0</ele>
   </trkpt>
   <trkpt lat="56.1119930" lon="10.2088940">
    <ele>62.2</ele>
   </trkpt>
   <trkpt lat="56.1119480" lon="10.2088770">
    <ele>62.6</ele>
   </trkpt>
   <trkpt lat="56.1119010" lon="10.2088670">
    <ele>62.8</ele>
   </trkpt>
   <trkpt lat="56.1118640" lon="10.2088580">
    <ele>63.0</ele>
   </trkpt>
   <trkpt lat="56.1118170" lon="10.2088470">
    <ele>63.2</ele>
   </trkpt>
   <trkpt lat="56.1117710" lon="10.2088350">
    <ele>63.4</ele>
   </trkpt>
   <trkpt lat="56.1117150" lon="10.2088230">
    <ele>63.6</ele>
   </trkpt>
   <trkpt lat="56.1116690" lon="10.2088220">
    <ele>63.8</ele>
   </trkpt>
   <trkpt lat="56.1116230" lon="10.2088180">
    <ele>64.0</ele>
   </trkpt>
   <trkpt lat="56.1115770" lon="10.2088090">
    <ele>64.2</ele>
   </trkpt>
   <trkpt lat="56.1115300" lon="10.2087960">
    <ele>64.4</ele>
   </trkpt>
   <trkpt lat="56.1114820" lon="10.2087820">
    <ele>64.6</ele>
   </trkpt>
   <trkpt lat="56.1114430" lon="10.2087710">
    <ele>64.6</ele>
   </trkpt>
   <trkpt lat="56.1113950" lon="10.2087590">
    <ele>64.8</ele>
   </trkpt>
   <trkpt lat="56.1113400" lon="10.2087460">
    <ele>64.8</ele>
   </trkpt>
   <trkpt lat="56.1113020" lon="10.2087360">
    <ele>65.0</ele>
   </trkpt>
   <trkpt lat="56.1112450" lon="10.2087170">
    <ele>65.0</ele>
   </trkpt>
   <trkpt lat="56.1111980" lon="10.2086980">
    <ele>65.2</ele>
   </trkpt>
   <trkpt lat="56.1111610" lon="10.2086850">
    <ele>65.4</ele>
   </trkpt>
   <trkpt lat="56.1111040" lon="10.2086690">
    <ele>65.6</ele>
   </trkpt>
   <trkpt lat="56.1110550" lon="10.2086520">
    <ele>65.6</ele>
   </trkpt>
   <trkpt lat="56.1110150" lon="10.2086390">
    <ele>65.8</ele>
   </trkpt>
   <trkpt lat="56.1109570" lon="10.2086220">
    <ele>66.0</ele>
   </trkpt>
   <trkpt lat="56.1109080" lon="10.2086060">
    <ele>66.0</ele>
   </trkpt>
   <trkpt lat="56.1108680" lon="10.2085920">
    <ele>66.2</ele>
   </trkpt>
   <trkpt lat="56.1108180" lon="10.2085750">
    <ele>66.4</ele>
   </trkpt>
   <trkpt lat="56.1107580" lon="10.2085530">
    <ele>66.6</ele>
   </trkpt>
   <trkpt lat="56.1107080" lon="10.2085370">
    <ele>66.6</ele>
   </trkpt>
   <trkpt lat="56.1106580" lon="10.2085210">
    <ele>66.8</ele>
   </trkpt>
   <trkpt lat="56.1106200" lon="10.2085060">
    <ele>66.8</ele>
   </trkpt>
   <trkpt lat="56.1105690" lon="10.2084870">
    <ele>67.0</ele>
   </trkpt>
   <trkpt lat="56.1105080" lon="10.2084660">
    <ele>67.0</ele>
   </trkpt>
   <trkpt lat="56.1104520" lon="10.2084500">
    <ele>67.0</ele>
   </trkpt>
   <trkpt lat="56.1104020" lon="10.2084350">
    <ele>67.0</ele>
   </trkpt>
   <trkpt lat="56.1103250" lon="10.2084140">
    <ele>67.0</ele>
   </trkpt>
   <trkpt lat="56.1102610" lon="10.2083900">
    <ele>67.0</ele>
   </trkpt>
   <trkpt lat="56.1102110" lon="10.2083630">
    <ele>67.0</ele>
   </trkpt>
   <trkpt lat="56.1101380" lon="10.2083200">
    <ele>67.0</ele>
   </trkpt>
   <trkpt lat="56.1100880" lon="10.2082930">
    <ele>67.0</ele>
   </trkpt>
   <trkpt lat="56.1100260" lon="10.2082660">
    <ele>67.0</ele>
   </trkpt>
   <trkpt lat="56.1099520" lon="10.2082400">
    <ele>67.2</ele>
   </trkpt>
   <trkpt lat="56.1098920" lon="10.2082230">
    <ele>67.2</ele>
   </trkpt>
   <trkpt lat="56.1098450" lon="10.2082080">
    <ele>67.4</ele>
   </trkpt>
   <trkpt lat="56.1097750" lon="10.2081890">
    <ele>67.6</ele>
   </trkpt>
   <trkpt lat="56.1097170" lon="10.2081790">
    <ele>67.6</ele>
   </trkpt>
   <trkpt lat="56.1096690" lon="10.2081720">
    <ele>67.8</ele>
   </trkpt>
   <trkpt lat="56.1096100" lon="10.2081680">
    <ele>67.8</ele>
   </trkpt>
   <trkpt lat="56.1095500" lon="10.2081680">
    <ele>67.8</ele>
   </trkpt>
   <trkpt lat="56.1094900" lon="10.2081660">
    <ele>67.6</ele>
   </trkpt>
   <trkpt lat="56.1094200" lon="10.2081530">
    <ele>67.8</ele>
   </trkpt>
   <trkpt lat="56.1093630" lon="10.2081380">
    <ele>67.8</ele>
   </trkpt>
   <trkpt lat="56.1093160" lon="10.2081250">
    <ele>67.8</ele>
   </trkpt>
   <trkpt lat="56.1092450" lon="10.2081060">
    <ele>67.8</ele>
   </trkpt>
   <trkpt lat="56.1091870" lon="10.2080920">
    <ele>67.8</ele>
   </trkpt>
   <trkpt lat="56.1091390" lon="10.2080780">
    <ele>68.0</ele>
   </trkpt>
   <trkpt lat="56.1090700" lon="10.2080540">
    <ele>68.0</ele>
   </trkpt>
   <trkpt lat="56.1090130" lon="10.2080360">
    <ele>68.0</ele>
   </trkpt>
   <trkpt lat="56.1089560" lon="10.2080180">
    <ele>68.0</ele>
   </trkpt>
   <trkpt lat="56.1088990" lon="10.2079990">
    <ele>68.0</ele>
   </trkpt>
   <trkpt lat="56.1088410" lon="10.2079800">
    <ele>68.2</ele>
   </trkpt>
   <trkpt lat="56.1087830" lon="10.2079610">
    <ele>68.2</ele>
   </trkpt>
   <trkpt lat="56.1087240" lon="10.2079430">
    <ele>68.2</ele>
   </trkpt>
   <trkpt lat="56.1086670" lon="10.2079260">
    <ele>68.4</ele>
   </trkpt>
   <trkpt lat="56.1086100" lon="10.2079050">
    <ele>68.4</ele>
   </trkpt>
   <trkpt lat="56.1085530" lon="10.2078830">
    <ele>68.4</ele>
   </trkpt>
   <trkpt lat="56.1085060" lon="10.2078680">
    <ele>68.4</ele>
   </trkpt>
   <trkpt lat="56.1084350" lon="10.2078440">
    <ele>68.4</ele>
   </trkpt>
   <trkpt lat="56.1083750" lon="10.2078260">
    <ele>68.6</ele>
   </trkpt>
   <trkpt lat="56.1083280" lon="10.2078150">
    <ele>68.6</ele>
   </trkpt>
   <trkpt lat="56.1082560" lon="10.2077970">
    <ele>68.6</ele>
   </trkpt>
   <trkpt lat="56.1081970" lon="10.2077780">
    <ele>68.6</ele>
   </trkpt>
   <trkpt lat="56.1081520" lon="10.2077590">
    <ele>68.6</ele>
   </trkpt>
   <trkpt lat="56.1080840" lon="10.2077190">
    <ele>68.6</ele>
   </trkpt>
   <trkpt lat="56.1080400" lon="10.2076910">
    <ele>68.8</ele>
   </trkpt>
   <trkpt lat="56.1079850" lon="10.2076630">
    <ele>68.8</ele>
   </trkpt>
   <trkpt lat="56.1079160" lon="10.2076410">
    <ele>68.8</ele>
   </trkpt>
   <trkpt lat="56.1078570" lon="10.2076230">
    <ele>69.0</ele>
   </trkpt>
   <trkpt lat="56.1078110" lon="10.2076090">
    <ele>69.0</ele>
   </trkpt>
   <trkpt lat="56.1077470" lon="10.2075870">
    <ele>69.0</ele>
   </trkpt>
   <trkpt lat="56.1077080" lon="10.2075720">
    <ele>69.0</ele>
   </trkpt>
   <trkpt lat="56.1076890" lon="10.2075650">
    <ele>69.0</ele>
   </trkpt>
   <trkpt lat="56.1076770" lon="10.2075570">
    <ele>69.2</ele>
   </trkpt>
   <trkpt lat="56.1076770" lon="10.2075570">
    <ele>69.4</ele>
   </trkpt>
   <trkpt lat="56.1076770" lon="10.2075570">
    <ele>69.4</ele>
   </trkpt>
   <trkpt lat="56.1076410" lon="10.2075460">
    <ele>69.6</ele>
   </trkpt>
   <trkpt lat="56.1076220" lon="10.2075410">
    <ele>69.6</ele>
   </trkpt>
   <trkpt lat="56.1075950" lon="10.2075400">
    <ele>69.4</ele>
   </trkpt>
   <trkpt lat="56.1075630" lon="10.2075410">
    <ele>69.4</ele>
   </trkpt>
   <trkpt lat="56.1075270" lon="10.2075450">
    <ele>69.4</ele>
   </trkpt>
   <trkpt lat="56.1074870" lon="10.2075470">
    <ele>69.4</ele>
   </trkpt>
   <trkpt lat="56.1074450" lon="10.2075450">
    <ele>69.4</ele>
   </trkpt>
   <trkpt lat="56.1074000" lon="10.2075340">
    <ele>69.4</ele>
   </trkpt>
   <trkpt lat="56.1073540" lon="10.2075200">
    <ele>69.6</ele>
   </trkpt>
   <trkpt lat="56.1073050" lon="10.2075030">
    <ele>69.6</ele>
   </trkpt>
   <trkpt lat="56.1072570" lon="10.2074850">
    <ele>69.6</ele>
   </trkpt>
   <trkpt lat="56.1072060" lon="10.2074710">
    <ele>69.8</ele>
   </trkpt>
   <trkpt lat="56.1071530" lon="10.2074580">
    <ele>69.8</ele>
   </trkpt>
   <trkpt lat="56.1070990" lon="10.2074440">
    <ele>70.0</ele>
   </trkpt>
   <trkpt lat="56.1070340" lon="10.2074240">
    <ele>70.2</ele>
   </trkpt>
   <trkpt lat="56.1069900" lon="10.2074080">
    <ele>70.2</ele>
   </trkpt>
   <trkpt lat="56.1069250" lon="10.2073840">
    <ele>70.4</ele>
   </trkpt>
   <trkpt lat="56.1068830" lon="10.2073670">
    <ele>70.6</ele>
   </trkpt>
   <trkpt lat="56.1068280" lon="10.2073490">
    <ele>70.6</ele>
   </trkpt>
   <trkpt lat="56.1067730" lon="10.2073310">
    <ele>70.8</ele>
   </trkpt>
   <trkpt lat="56.1067180" lon="10.2073160">
    <ele>71.0</ele>
   </trkpt>
   <trkpt lat="56.1066610" lon="10.2073010">
    <ele>71.0</ele>
   </trkpt>
   <trkpt lat="56.1066060" lon="10.2072870">
    <ele>71.2</ele>
   </trkpt>
   <trkpt lat="56.1065510" lon="10.2072700">
    <ele>71.4</ele>
   </trkpt>
   <trkpt lat="56.1064960" lon="10.2072520">
    <ele>71.6</ele>
   </trkpt>
   <trkpt lat="56.1064320" lon="10.2072300">
    <ele>71.8</ele>
   </trkpt>
   <trkpt lat="56.1063760" lon="10.2072160">
    <ele>72.0</ele>
   </trkpt>
   <trkpt lat="56.1063320" lon="10.2072050">
    <ele>72.4</ele>
   </trkpt>
   <trkpt lat="56.1062770" lon="10.2071900">
    <ele>72.6</ele>
   </trkpt>
   <trkpt lat="56.1062120" lon="10.2071730">
    <ele>72.8</ele>
   </trkpt>
   <trkpt lat="56.1061690" lon="10.2071570">
    <ele>73.0</ele>
   </trkpt>
   <trkpt lat="56.1061150" lon="10.2071420">
    <ele>73.4</ele>
   </trkpt>
   <trkpt lat="56.1060520" lon="10.2071260">
    <ele>73.6</ele>
   </trkpt>
   <trkpt lat="56.1060110" lon="10.2071120">
    <ele>73.8</ele>
   </trkpt>
   <trkpt lat="56.1059500" lon="10.2070930">
    <ele>74.2</ele>
   </trkpt>
   <trkpt lat="56.1059100" lon="10.2070800">
    <ele>74.4</ele>
   </trkpt>
   <trkpt lat="56.1058600" lon="10.2070610">
    <ele>74.8</ele>
   </trkpt>
   <trkpt lat="56.1058100" lon="10.2070460">
    <ele>75.2</ele>
   </trkpt>
   <trkpt lat="56.1057610" lon="10.2070340">
    <ele>75.4</ele>
   </trkpt>
   <trkpt lat="56.1057110" lon="10.2070180">
    <ele>75.8</ele>
   </trkpt>
   <trkpt lat="56.1056620" lon="10.2070010">
    <ele>76.0</ele>
   </trkpt>
   <trkpt lat="56.1056130" lon="10.2069870">
    <ele>76.4</ele>
   </trkpt>
   <trkpt lat="56.1055640" lon="10.2069750">
    <ele>76.6</ele>
   </trkpt>
   <trkpt lat="56.1055150" lon="10.2069600">
    <ele>76.8</ele>
   </trkpt>
   <trkpt lat="56.1054660" lon="10.2069440">
    <ele>77.0</ele>
   </trkpt>
   <trkpt lat="56.1054160" lon="10.2069300">
    <ele>77.2</ele>
   </trkpt>
   <trkpt lat="56.1053570" lon="10.2069120">
    <ele>77.4</ele>
   </trkpt>
   <trkpt lat="56.1053100" lon="10.2068950">
    <ele>77.6</ele>
   </trkpt>
   <trkpt lat="56.1052720" lon="10.2068790">
    <ele>78.0</ele>
   </trkpt>
   <trkpt lat="56.1052250" lon="10.2068650">
    <ele>78.2</ele>
   </trkpt>
   <trkpt lat="56.1051680" lon="10.2068500">
    <ele>78.6</ele>
   </trkpt>
   <trkpt lat="56.1051310" lon="10.2068390">
    <ele>78.8</ele>
   </trkpt>
   <trkpt lat="56.1050850" lon="10.2068270">
    <ele>79.2</ele>
   </trkpt>
   <trkpt lat="56.1050430" lon="10.2068160">
    <ele>79.4</ele>
   </trkpt>
   <trkpt lat="56.1050050" lon="10.2068080">
    <ele>79.6</ele>
   </trkpt>
   <trkpt lat="56.1049670" lon="10.2068020">
    <ele>79.8</ele>
   </trkpt>
   <trkpt lat="56.1049270" lon="10.2067960">
    <ele>80.2</ele>
   </trkpt>
   <trkpt lat="56.1048840" lon="10.2067840">
    <ele>80.4</ele>
   </trkpt>
   <trkpt lat="56.1048390" lon="10.2067680">
    <ele>80.6</ele>
   </trkpt>
   <trkpt lat="56.1047930" lon="10.2067530">
    <ele>80.8</ele>
   </trkpt>
   <trkpt lat="56.1047470" lon="10.2067460">
    <ele>81.0</ele>
   </trkpt>
   <trkpt lat="56.1046910" lon="10.2067440">
    <ele>81.2</ele>
   </trkpt>
   <trkpt lat="56.1046550" lon="10.2067410">
    <ele>81.4</ele>
   </trkpt>
   <trkpt lat="56.1046070" lon="10.2067390">
    <ele>81.8</ele>
   </trkpt>
   <trkpt lat="56.1045590" lon="10.2067370">
    <ele>82.0</ele>
   </trkpt>
   <trkpt lat="56.1045130" lon="10.2067360">
    <ele>82.2</ele>
   </trkpt>
   <trkpt lat="56.1044680" lon="10.2067370">
    <ele>82.4</ele>
   </trkpt>
   <trkpt lat="56.1044240" lon="10.2067340">
    <ele>82.6</ele>
   </trkpt>
   <trkpt lat="56.1043780" lon="10.2067300">
    <ele>83.0</ele>
   </trkpt>
   <trkpt lat="56.1043330" lon="10.2067320">
    <ele>83.2</ele>
   </trkpt>
   <trkpt lat="56.1042800" lon="10.2067370">
    <ele>83.4</ele>
   </trkpt>
   <trkpt lat="56.1042430" lon="10.2067410">
    <ele>83.8</ele>
   </trkpt>
   <trkpt lat="56.1041970" lon="10.2067450">
    <ele>84.0</ele>
   </trkpt>
   <trkpt lat="56.1041500" lon="10.2067530">
    <ele>84.2</ele>
   </trkpt>
   <trkpt lat="56.1040970" lon="10.2067630">
    <ele>84.6</ele>
   </trkpt>
   <trkpt lat="56.1040630" lon="10.2067660">
    <ele>84.8</ele>
   </trkpt>
   <trkpt lat="56.1040200" lon="10.2067740">
    <ele>85.2</ele>
   </trkpt>
   <trkpt lat="56.1039750" lon="10.2067820">
    <ele>85.4</ele>
   </trkpt>
   <trkpt lat="56.1039310" lon="10.2067930">
    <ele>85.6</ele>
   </trkpt>
   <trkpt lat="56.1038780" lon="10.2068060">
    <ele>85.8</ele>
   </trkpt>
   <trkpt lat="56.1038430" lon="10.2068170">
    <ele>86.0</ele>
   </trkpt>
   <trkpt lat="56.1038000" lon="10.2068330">
    <ele>86.2</ele>
   </trkpt>
   <trkpt lat="56.1037500" lon="10.2068520">
    <ele>86.4</ele>
   </trkpt>
   <trkpt lat="56.1037060" lon="10.2068660">
    <ele>86.6</ele>
   </trkpt>
   <trkpt lat="56.1036730" lon="10.2068750">
    <ele>87.0</ele>
   </trkpt>
   <trkpt lat="56.1036300" lon="10.2068890">
    <ele>87.2</ele>
   </trkpt>
   <trkpt lat="56.1035880" lon="10.2069010">
    <ele>87.4</ele>
   </trkpt>
   <trkpt lat="56.1035450" lon="10.2069120">
    <ele>87.6</ele>
   </trkpt>
   <trkpt lat="56.1035040" lon="10.2069210">
    <ele>87.8</ele>
   </trkpt>
   <trkpt lat="56.1034520" lon="10.2069390">
    <ele>88.0</ele>
   </trkpt>
   <trkpt lat="56.1034170" lon="10.2069520">
    <ele>88.2</ele>
   </trkpt>
   <trkpt lat="56.1033740" lon="10.2069710">
    <ele>88.4</ele>
   </trkpt>
   <trkpt lat="56.1033230" lon="10.2069930">
    <ele>88.8</ele>
   </trkpt>
   <trkpt lat="56.1032880" lon="10.2070070">
    <ele>89.0</ele>
   </trkpt>
   <trkpt lat="56.1032470" lon="10.2070210">
    <ele>89.2</ele>
   </trkpt>
   <trkpt lat="56.1031970" lon="10.2070410">
    <ele>89.4</ele>
   </trkpt>
   <trkpt lat="56.1031630" lon="10.2070540">
    <ele>89.6</ele>
   </trkpt>
   <trkpt lat="56.1031210" lon="10.2070680">
    <ele>90.0</ele>
   </trkpt>
   <trkpt lat="56.1030720" lon="10.2070870">
    <ele>90.2</ele>
   </trkpt>
   <trkpt lat="56.1030390" lon="10.2071010">
    <ele>90.4</ele>
   </trkpt>
   <trkpt lat="56.1029900" lon="10.2071180">
    <ele>90.6</ele>
   </trkpt>
   <trkpt lat="56.1029480" lon="10.2071260">
    <ele>90.8</ele>
   </trkpt>
   <trkpt lat="56.1029170" lon="10.2071290">
    <ele>91.0</ele>
   </trkpt>
   <trkpt lat="56.1028810" lon="10.2071340">
    <ele>91.0</ele>
   </trkpt>
   <trkpt lat="56.1028490" lon="10.2071410">
    <ele>91.2</ele>
   </trkpt>
   <trkpt lat="56.1028210" lon="10.2071530">
    <ele>91.4</ele>
   </trkpt>
   <trkpt lat="56.1027980" lon="10.2071690">
    <ele>91.6</ele>
   </trkpt>
   <trkpt lat="56.1027790" lon="10.2071830">
    <ele>91.8</ele>
   </trkpt>
   <trkpt lat="56.1027630" lon="10.2071930">
    <ele>92.0</ele>
   </trkpt>
   <trkpt lat="56.1027510" lon="10.2071960">
    <ele>92.0</ele>
   </trkpt>
   <trkpt lat="56.1027400" lon="10.2071960">
    <ele>92.2</ele>
   </trkpt>
   <trkpt lat="56.1027350" lon="10.2071950">
    <ele>92.2</ele>
   </trkpt>
   <trkpt lat="56.1027350" lon="10.2071950">
    <ele>92.4</ele>
   </trkpt>
   <trkpt lat="56.1027350" lon="10.2071950">
    <ele>92.4</ele>
   </trkpt>
   <trkpt lat="56.1026790" lon="10.2072160">
    <ele>92.6</ele>
   </trkpt>
   <trkpt lat="56.1026520" lon="10.2072040">
    <ele>92.6</ele>
   </trkpt>
   <trkpt lat="56.1026280" lon="10.2071700">
    <ele>92.6</ele>
   </trkpt>
   <trkpt lat="56.1026140" lon="10.2071170">
    <ele>92.8</ele>
   </trkpt>
   <trkpt lat="56.1026070" lon="10.2070550">
    <ele>92.8</ele>
   </trkpt>
   <trkpt lat="56.1026020" lon="10.2069890">
    <ele>93.0</ele>
   </trkpt>
   <trkpt lat="56.1025980" lon="10.2069190">
    <ele>93.2</ele>
   </trkpt>
   <trkpt lat="56.1025960" lon="10.2068460">
    <ele>93.2</ele>
   </trkpt>
   <trkpt lat="56.1025940" lon="10.2067710">
    <ele>93.4</ele>
   </trkpt>
   <trkpt lat="56.1025910" lon="10.2066960">
    <ele>93.6</ele>
   </trkpt>
   <trkpt lat="56.1025870" lon="10.2066190">
    <ele>93.8</ele>
   </trkpt>
   <trkpt lat="56.1025830" lon="10.2065400">
    <ele>93.8</ele>
   </trkpt>
   <trkpt lat="56.1025790" lon="10.2064590">
    <ele>94.0</ele>
   </trkpt>
   <trkpt lat="56.1025760" lon="10.2063770">
    <ele>94.2</ele>
   </trkpt>
   <trkpt lat="56.1025790" lon="10.2062940">
    <ele>94.4</ele>
   </trkpt>
   <trkpt lat="56.1025830" lon="10.2062100">
    <ele>94.6</ele>
   </trkpt>
   <trkpt lat="56.1025870" lon="10.2061250">
    <ele>94.8</ele>
   </trkpt>
   <trkpt lat="56.1025900" lon="10.2060390">
    <ele>95.0</ele>
   </trkpt>
   <trkpt lat="56.1025960" lon="10.2059510">
    <ele>95.0</ele>
   </trkpt>
   <trkpt lat="56.1026050" lon="10.2058660">
    <ele>95.2</ele>
   </trkpt>
   <trkpt lat="56.1026150" lon="10.2057800">
    <ele>95.2</ele>
   </trkpt>
   <trkpt lat="56.1026280" lon="10.2056780">
    <ele>95.2</ele>
   </trkpt>
   <trkpt lat="56.1026350" lon="10.2056060">
    <ele>95.4</ele>
   </trkpt>
   <trkpt lat="56.1026460" lon="10.2055170">
    <ele>95.4</ele>
   </trkpt>
   <trkpt lat="56.1026610" lon="10.2054080">
    <ele>95.6</ele>
   </trkpt>
   <trkpt lat="56.1026730" lon="10.2053370">
    <ele>95.6</ele>
   </trkpt>
   <trkpt lat="56.1026890" lon="10.2052470">
    <ele>95.6</ele>
   </trkpt>
   <trkpt lat="56.1027090" lon="10.2051560">
    <ele>95.8</ele>
   </trkpt>
   <trkpt lat="56.1027300" lon="10.2050650">
    <ele>95.8</ele>
   </trkpt>
   <trkpt lat="56.1027520" lon="10.2049740">
    <ele>96.0</ele>
   </trkpt>
   <trkpt lat="56.1027750" lon="10.2048800">
    <ele>96.0</ele>
   </trkpt>
   <trkpt lat="56.1027990" lon="10.2047870">
    <ele>96.0</ele>
   </trkpt>
   <trkpt lat="56.1028230" lon="10.2046920">
    <ele>96.0</ele>
   </trkpt>
   <trkpt lat="56.1028470" lon="10.2045960">
    <ele>96.0</ele>
   </trkpt>
   <trkpt lat="56.1028750" lon="10.2044990">
    <ele>96.2</ele>
   </trkpt>
   <trkpt lat="56.1029010" lon="10.2044020">
    <ele>96.0</ele>
   </trkpt>
   <trkpt lat="56.1029290" lon="10.2043040">
    <ele>96.0</ele>
   </trkpt>
   <trkpt lat="56.1029570" lon="10.2042050">
    <ele>96.0</ele>
   </trkpt>
   <trkpt lat="56.1029860" lon="10.2041050">
    <ele>96.0</ele>
   </trkpt>
   <trkpt lat="56.1030180" lon="10.2040040">
    <ele>95.8</ele>
   </trkpt>
   <trkpt lat="56.1030510" lon="10.2039020">
    <ele>95.8</ele>
   </trkpt>
   <trkpt lat="56.1030820" lon="10.2037950">
    <ele>95.6</ele>
   </trkpt>
   <trkpt lat="56.1031140" lon="10.2036850">
    <ele>95.4</ele>
   </trkpt>
   <trkpt lat="56.1031480" lon="10.2035760">
    <ele>95.4</ele>
   </trkpt>
   <trkpt lat="56.1031830" lon="10.2034650">
    <ele>95.2</ele>
   </trkpt>
   <trkpt lat="56.1032190" lon="10.2033530">
    <ele>95.2</ele>
   </trkpt>
   <trkpt lat="56.1032550" lon="10.2032390">
    <ele>95.0</ele>
   </trkpt>
   <trkpt lat="56.1032910" lon="10.2031230">
    <ele>94.8</ele>
   </trkpt>
   <trkpt lat="56.1033300" lon="10.2030060">
    <ele>94.6</ele>
   </trkpt>
   <trkpt lat="56.1033700" lon="10.2028900">
    <ele>94.4</ele>
   </trkpt>
   <trkpt lat="56.1034080" lon="10.2027730">
    <ele>94.2</ele>
   </trkpt>
   <trkpt lat="56.1034440" lon="10.2026640">
    <ele>93.8</ele>
   </trkpt>
   <trkpt lat="56.1034790" lon="10.2025620">
    <ele>93.6</ele>
   </trkpt>
   <trkpt lat="56.1035100" lon="10.2024730">
    <ele>93.2</ele>
   </trkpt>
   <trkpt lat="56.1035370" lon="10.2024000">
    <ele>93.0</ele>
   </trkpt>
   <trkpt lat="56.1035610" lon="10.2023440">
    <ele>93.0</ele>
   </trkpt>
   <trkpt lat="56.1035770" lon="10.2023020">
    <ele>92.8</ele>
   </trkpt>
   <trkpt lat="56.1035860" lon="10.2022700">
    <ele>92.8</ele>
   </trkpt>
   <trkpt lat="56.1035850" lon="10.2022480">
    <ele>92.8</ele>
   </trkpt>
   <trkpt lat="56.1035750" lon="10.2022290">
    <ele>92.6</ele>
   </trkpt>
   <trkpt lat="56.1035660" lon="10.2022140">
    <ele>92.6</ele>
   </trkpt>
   <trkpt lat="56.1035580" lon="10.2021970">
    <ele>92.6</ele>
   </trkpt>
   <trkpt lat="56.1035430" lon="10.2021710">
    <ele>92.6</ele>
   </trkpt>
   <trkpt lat="56.1035200" lon="10.2021420">
    <ele>92.4</ele>
   </trkpt>
   <trkpt lat="56.1034900" lon="10.2021120">
    <ele>92.4</ele>
   </trkpt>
   <trkpt lat="56.1034530" lon="10.2020870">
    <ele>92.4</ele>
   </trkpt>
   <trkpt lat="56.1034150" lon="10.2020610">
    <ele>92.2</ele>
   </trkpt>
   <trkpt lat="56.1033770" lon="10.2020300">
    <ele>92.2</ele>
   </trkpt>
   <trkpt lat="56.1033400" lon="10.2019860">
    <ele>92.2</ele>
   </trkpt>
   <trkpt lat="56.1033140" lon="10.2019220">
    <ele>92.2</ele>
   </trkpt>
   <trkpt lat="56.1033070" lon="10.2018420">
    <ele>92.2</ele>
   </trkpt>
   <trkpt lat="56.1033180" lon="10.2017560">
    <ele>92.2</ele>
   </trkpt>
   <trkpt lat="56.1033400" lon="10.2016700">
    <ele>92.4</ele>
   </trkpt>
   <trkpt lat="56.1033670" lon="10.2015890">
    <ele>92.6</ele>
   </trkpt>
   <trkpt lat="56.1033940" lon="10.2015080">
    <ele>93.0</ele>
   </trkpt>
   <trkpt lat="56.1034160" lon="10.2014210">
    <ele>93.4</ele>
   </trkpt>
   <trkpt lat="56.1034340" lon="10.2013310">
    <ele>93.8</ele>
   </trkpt>
   <trkpt lat="56.1034440" lon="10.2012420">
    <ele>94.2</ele>
   </trkpt>
   <trkpt lat="56.1034470" lon="10.2011600">
    <ele>94.8</ele>
   </trkpt>
   <trkpt lat="56.1034460" lon="10.2010780">
    <ele>95.2</ele>
   </trkpt>
   <trkpt lat="56.1034400" lon="10.2009970">
    <ele>95.6</ele>
   </trkpt>
   <trkpt lat="56.1034290" lon="10.2009200">
    <ele>96.0</ele>
   </trkpt>
   <trkpt lat="56.1034120" lon="10.2008430">
    <ele>96.2</ele>
   </trkpt>
   <trkpt lat="56.1033990" lon="10.2007630">
    <ele>96.4</ele>
   </trkpt>
   <trkpt lat="56.1033870" lon="10.2006830">
    <ele>96.6</ele>
   </trkpt>
   <trkpt lat="56.1033690" lon="10.2006010">
    <ele>96.8</ele>
   </trkpt>
   <trkpt lat="56.1033480" lon="10.2005160">
    <ele>96.8</ele>
   </trkpt>
   <trkpt lat="56.1033270" lon="10.2004320">
    <ele>97.0</ele>
   </trkpt>
   <trkpt lat="56.1033080" lon="10.2003470">
    <ele>97.0</ele>
   </trkpt>
   <trkpt lat="56.1032880" lon="10.2002600">
    <ele>97.0</ele>
   </trkpt>
   <trkpt lat="56.1032700" lon="10.2001680">
    <ele>97.0</ele>
   </trkpt>
   <trkpt lat="56.1032510" lon="10.2000730">
    <ele>97.0</ele>
   </trkpt>
   <trkpt lat="56.1032320" lon="10.1999800">
    <ele>97.0</ele>
   </trkpt>
   <trkpt lat="56.1032120" lon="10.1998880">
    <ele>97.0</ele>
   </trkpt>
   <trkpt lat="56.1031900" lon="10.1997940">
    <ele>97.2</ele>
   </trkpt>
   <trkpt lat="56.1031700" lon="10.1996990">
    <ele>97.2</ele>
   </trkpt>
   <trkpt lat="56.1031500" lon="10.1996020">
    <ele>97.4</ele>
   </trkpt>
   <trkpt lat="56.1031320" lon="10.1995090">
    <ele>97.4</ele>
   </trkpt>
   <trkpt lat="56.1031160" lon="10.1994180">
    <ele>97.6</ele>
   </trkpt>
   <trkpt lat="56.1030990" lon="10.1993260">
    <ele>97.8</ele>
   </trkpt>
   <trkpt lat="56.1030820" lon="10.1992360">
    <ele>98.0</ele>
   </trkpt>
   <trkpt lat="56.1030640" lon="10.1991460">
    <ele>98.2</ele>
   </trkpt>
   <trkpt lat="56.1030460" lon="10.1990580">
    <ele>98.4</ele>
   </trkpt>
   <trkpt lat="56.1030260" lon="10.1989730">
    <ele>98.8</ele>
   </trkpt>
   <trkpt lat="56.1030020" lon="10.1988950">
    <ele>99.0</ele>
   </trkpt>
   <trkpt lat="56.1029750" lon="10.1988190">
    <ele>99.2</ele>
   </trkpt>
   <trkpt lat="56.1029430" lon="10.1987500">
    <ele>99.4</ele>
   </trkpt>
   <trkpt lat="56.1029080" lon="10.1986920">
    <ele>99.8</ele>
   </trkpt>
   <trkpt lat="56.1028700" lon="10.1986460">
    <ele>100.0</ele>
   </trkpt>
   <trkpt lat="56.1028310" lon="10.1986010">
    <ele>100.2</ele>
   </trkpt>
   <trkpt lat="56.1027890" lon="10.1985620">
    <ele>100.6</ele>
   </trkpt>
   <trkpt lat="56.1027440" lon="10.1985310">
    <ele>100.6</ele>
   </trkpt>
   <trkpt lat="56.1026970" lon="10.1985130">
    <ele>100.8</ele>
   </trkpt>
   <trkpt lat="56.1026490" lon="10.1985100">
    <ele>101.0</ele>
   </trkpt>
   <trkpt lat="56.1026020" lon="10.1985170">
    <ele>101.2</ele>
   </trkpt>
   <trkpt lat="56.1025560" lon="10.1985260">
    <ele>101.2</ele>
   </trkpt>
   <trkpt lat="56.1025120" lon="10.1985350">
    <ele>101.4</ele>
   </trkpt>
   <trkpt lat="56.1024650" lon="10.1985480">
    <ele>101.4</ele>
   </trkpt>
   <trkpt lat="56.1024180" lon="10.1985630">
    <ele>101.2</ele>
   </trkpt>
   <trkpt lat="56.1023670" lon="10.1985780">
    <ele>101.2</ele>
   </trkpt>
   <trkpt lat="56.1023130" lon="10.1985930">
    <ele>100.8</ele>
   </trkpt>
   <trkpt lat="56.1022540" lon="10.1986020">
    <ele>100.6</ele>
   </trkpt>
   <trkpt lat="56.1021910" lon="10.1986040">
    <ele>100.4</ele>
   </trkpt>
   <trkpt lat="56.1021230" lon="10.1985950">
    <ele>100.0</ele>
   </trkpt>
   <trkpt lat="56.1020540" lon="10.1985690">
    <ele>99.4</ele>
   </trkpt>
   <trkpt lat="56.1019890" lon="10.1985250">
    <ele>99.0</ele>
   </trkpt>
   <trkpt lat="56.1019330" lon="10.1984590">
    <ele>98.8</ele>
   </trkpt>
   <trkpt lat="56.1018830" lon="10.1983790">
    <ele>98.4</ele>
   </trkpt>
   <trkpt lat="56.1018350" lon="10.1982930">
    <ele>98.4</ele>
   </trkpt>
   <trkpt lat="56.1017890" lon="10.1982020">
    <ele>98.2</ele>
   </trkpt>
   <trkpt lat="56.1017470" lon="10.1981050">
    <ele>98.4</ele>
   </trkpt>
   <trkpt lat="56.1017090" lon="10.1980040">
    <ele>98.6</ele>
   </trkpt>
   <trkpt lat="56.1016740" lon="10.1979000">
    <ele>98.6</ele>
   </trkpt>
   <trkpt lat="56.1016390" lon="10.1977960">
    <ele>98.6</ele>
   </trkpt>
   <trkpt lat="56.1016050" lon="10.1976930">
    <ele>98.8</ele>
   </trkpt>
   <trkpt lat="56.1015710" lon="10.1975840">
    <ele>98.6</ele>
   </trkpt>
   <trkpt lat="56.1015350" lon="10.1974720">
    <ele>98.4</ele>
   </trkpt>
   <trkpt lat="56.1014990" lon="10.1973610">
    <ele>98.2</ele>
   </trkpt>
   <trkpt lat="56.1014640" lon="10.1972510">
    <ele>98.2</ele>
   </trkpt>
   <trkpt lat="56.1014290" lon="10.1971430">
    <ele>98.2</ele>
   </trkpt>
   <trkpt lat="56.1013930" lon="10.1970360">
    <ele>98.2</ele>
   </trkpt>
   <trkpt lat="56.1013550" lon="10.1969300">
    <ele>98.2</ele>
   </trkpt>
   <trkpt lat="56.1013190" lon="10.1968220">
    <ele>98.2</ele>
   </trkpt>
   <trkpt lat="56.1012840" lon="10.1967120">
    <ele>98.2</ele>
   </trkpt>
   <trkpt lat="56.1012490" lon="10.1966020">
    <ele>98.4</ele>
   </trkpt>
   <trkpt lat="56.1012150" lon="10.1964970">
    <ele>98.4</ele>
   </trkpt>
   <trkpt lat="56.1011810" lon="10.1963920">
    <ele>98.4</ele>
   </trkpt>
   <trkpt lat="56.1011480" lon="10.1962880">
    <ele>98.6</ele>
   </trkpt>
   <trkpt lat="56.1011120" lon="10.1961790">
    <ele>98.6</ele>
   </trkpt>
   <trkpt lat="56.1010760" lon="10.1960690">
    <ele>98.6</ele>
   </trkpt>
   <trkpt lat="56.1010390" lon="10.1959590">
    <ele>98.6</ele>
   </trkpt>
   <trkpt lat="56.1010020" lon="10.1958530">
    <ele>98.6</ele>
   </trkpt>
   <trkpt lat="56.1009670" lon="10.1957450">
    <ele>98.6</ele>
   </trkpt>
   <trkpt lat="56.1009330" lon="10.1956350">
    <ele>98.8</ele>
   </trkpt>
   <trkpt lat="56.1008990" lon="10.1955230">
    <ele>98.8</ele>
   </trkpt>
   <trkpt lat="56.1008650" lon="10.1954140">
    <ele>98.8</ele>
   </trkpt>
   <trkpt lat="56.1008290" lon="10.1953040">
    <ele>98.8</ele>
   </trkpt>
   <trkpt lat="56.1007920" lon="10.1951950">
    <ele>98.8</ele>
   </trkpt>
   <trkpt lat="56.1007530" lon="10.1950880">
    <ele>98.8</ele>
   </trkpt>
   <trkpt lat="56.1007170" lon="10.1949810">
    <ele>99.0</ele>
   </trkpt>
   <trkpt lat="56.1006830" lon="10.1948720">
    <ele>99.0</ele>
   </trkpt>
   <trkpt lat="56.1006480" lon="10.1947630">
    <ele>99.0</ele>
   </trkpt>
   <trkpt lat="56.1006140" lon="10.1946530">
    <ele>99.2</ele>
   </trkpt>
   <trkpt lat="56.1005780" lon="10.1945430">
    <ele>99.2</ele>
   </trkpt>
   <trkpt lat="56.1005440" lon="10.1944380">
    <ele>99.4</ele>
   </trkpt>
   <trkpt lat="56.1005090" lon="10.1943340">
    <ele>99.6</ele>
   </trkpt>
   <trkpt lat="56.1004740" lon="10.1942290">
    <ele>99.6</ele>
   </trkpt>
   <trkpt lat="56.1004380" lon="10.1941240">
    <ele>99.8</ele>
   </trkpt>
   <trkpt lat="56.1004030" lon="10.1940180">
    <ele>100.0</ele>
   </trkpt>
   <trkpt lat="56.1003680" lon="10.1939100">
    <ele>100.0</ele>
   </trkpt>
   <trkpt lat="56.1003340" lon="10.1938020">
    <ele>100.0</ele>
   </trkpt>
   <trkpt lat="56.1003010" lon="10.1936920">
    <ele>100.0</ele>
   </trkpt>
   <trkpt lat="56.1002660" lon="10.1935840">
    <ele>100.0</ele>
   </trkpt>
   <trkpt lat="56.1002310" lon="10.1934760">
    <ele>100.2</ele>
   </trkpt>
   <trkpt lat="56.1001960" lon="10.1933700">
    <ele>100.2</ele>
   </trkpt>
   <trkpt lat="56.1001610" lon="10.1932690">
    <ele>100.4</ele>
   </trkpt>
   <trkpt lat="56.1001250" lon="10.1931650">
    <ele>100.4</ele>
   </trkpt>
   <trkpt lat="56.1000890" lon="10.1930600">
    <ele>100.4</ele>
   </trkpt>
   <trkpt lat="56.1000550" lon="10.1929540">
    <ele>100.6</ele>
   </trkpt>
   <trkpt lat="56.1000210" lon="10.1928480">
    <ele>100.6</ele>
   </trkpt>
   <trkpt lat="56.0999850" lon="10.1927440">
    <ele>100.6</ele>
   </trkpt>
   <trkpt lat="56.0999500" lon="10.1926380">
    <ele>100.6</ele>
   </trkpt>
   <trkpt lat="56.0999140" lon="10.1925360">
    <ele>100.8</ele>
   </trkpt>
   <trkpt lat="56.0998800" lon="10.1924320">
    <ele>101.0</ele>
   </trkpt>
   <trkpt lat="56.0998460" lon="10.1923320">
    <ele>101.2</ele>
   </trkpt>
   <trkpt lat="56.0998110" lon="10.1922320">
    <ele>101.4</ele>
   </trkpt>
   <trkpt lat="56.0997790" lon="10.1921320">
    <ele>101.6</ele>
   </trkpt>
   <trkpt lat="56.0997470" lon="10.1920290">
    <ele>101.8</ele>
   </trkpt>
   <trkpt lat="56.0997160" lon="10.1919250">
    <ele>102.0</ele>
   </trkpt>
   <trkpt lat="56.0996830" lon="10.1918180">
    <ele>102.0</ele>
   </trkpt>
   <trkpt lat="56.0996530" lon="10.1917130">
    <ele>102.2</ele>
   </trkpt>
   <trkpt lat="56.0996200" lon="10.1916110">
    <ele>102.2</ele>
   </trkpt>
   <trkpt lat="56.0995860" lon="10.1915110">
    <ele>102.2</ele>
   </trkpt>
   <trkpt lat="56.0995520" lon="10.1914160">
    <ele>102.4</ele>
   </trkpt>
   <trkpt lat="56.0995200" lon="10.1913210">
    <ele>102.4</ele>
   </trkpt>
   <trkpt lat="56.0994890" lon="10.1912300">
    <ele>102.6</ele>
   </trkpt>
   <trkpt lat="56.0994610" lon="10.1911370">
    <ele>102.8</ele>
   </trkpt>
   <trkpt lat="56.0994330" lon="10.1910450">
    <ele>103.2</ele>
   </trkpt>
   <trkpt lat="56.0994060" lon="10.1909550">
    <ele>103.4</ele>
   </trkpt>
   <trkpt lat="56.0993780" lon="10.1908650">
    <ele>103.8</ele>
   </trkpt>
   <trkpt lat="56.0993490" lon="10.1907740">
    <ele>104.0</ele>
   </trkpt>
   <trkpt lat="56.0993170" lon="10.1906810">
    <ele>104.2</ele>
   </trkpt>
   <trkpt lat="56.0992840" lon="10.1905830">
    <ele>104.4</ele>
   </trkpt>
   <trkpt lat="56.0992510" lon="10.1904840">
    <ele>104.4</ele>
   </trkpt>
   <trkpt lat="56.0992190" lon="10.1903850">
    <ele>104.6</ele>
   </trkpt>
   <trkpt lat="56.0991850" lon="10.1902810">
    <ele>104.8</ele>
   </trkpt>
   <trkpt lat="56.0991510" lon="10.1901710">
    <ele>104.6</ele>
   </trkpt>
   <trkpt lat="56.0991140" lon="10.1900570">
    <ele>104.6</ele>
   </trkpt>
   <trkpt lat="56.0990750" lon="10.1899400">
    <ele>104.4</ele>
   </trkpt>
   <trkpt lat="56.0990360" lon="10.1898220">
    <ele>104.2</ele>
   </trkpt>
   <trkpt lat="56.0989960" lon="10.1896970">
    <ele>103.8</ele>
   </trkpt>
   <trkpt lat="56.0989550" lon="10.1895700">
    <ele>103.6</ele>
   </trkpt>
   <trkpt lat="56.0989130" lon="10.1894410">
    <ele>103.2</ele>
   </trkpt>
   <trkpt lat="56.0988720" lon="10.1893110">
    <ele>103.0</ele>
   </trkpt>
   <trkpt lat="56.0988330" lon="10.1891820">
    <ele>102.8</ele>
   </trkpt>
   <trkpt lat="56.0987930" lon="10.1890500">
    <ele>102.4</ele>
   </trkpt>
   <trkpt lat="56.0987550" lon="10.1889180">
    <ele>102.4</ele>
   </trkpt>
   <trkpt lat="56.0987160" lon="10.1887860">
    <ele>102.2</ele>
   </trkpt>
   <trkpt lat="56.0986810" lon="10.1886550">
    <ele>102.2</ele>
   </trkpt>
   <trkpt lat="56.0986470" lon="10.1885250">
    <ele>102.4</ele>
   </trkpt>
   <trkpt lat="56.0986140" lon="10.1884000">
    <ele>102.6</ele>
   </trkpt>
   <trkpt lat="56.0985850" lon="10.1882780">
    <ele>102.8</ele>
   </trkpt>
   <trkpt lat="56.0985580" lon="10.1881590">
    <ele>103.0</ele>
   </trkpt>
   <trkpt lat="56.0985310" lon="10.1880440">
    <ele>103.4</ele>
   </trkpt>
   <trkpt lat="56.0985040" lon="10.1879290">
    <ele>103.6</ele>
   </trkpt>
   <trkpt lat="56.0984740" lon="10.1878150">
    <ele>104.0</ele>
   </trkpt>
   <trkpt lat="56.0984440" lon="10.1876990">
    <ele>104.0</ele>
   </trkpt>
   <trkpt lat="56.0984150" lon="10.1875790">
    <ele>104.0</ele>
   </trkpt>
   <trkpt lat="56.0983850" lon="10.1874540">
    <ele>104.0</ele>
   </trkpt>
   <trkpt lat="56.0983560" lon="10.1873230">
    <ele>104.0</ele>
   </trkpt>
   <trkpt lat="56.0983240" lon="10.1871900">
    <ele>104.0</ele>
   </trkpt>
   <trkpt lat="56.0982930" lon="10.1870550">
    <ele>103.8</ele>
   </trkpt>
   <trkpt lat="56.0982620" lon="10.1869180">
    <ele>103.8</ele>
   </trkpt>
   <trkpt lat="56.0982320" lon="10.1867780">
    <ele>103.6</ele>
   </trkpt>
   <trkpt lat="56.0982000" lon="10.1866370">
    <ele>103.4</ele>
   </trkpt>
   <trkpt lat="56.0981670" lon="10.1865000">
    <ele>103.2</ele>
   </trkpt>
   <trkpt lat="56.0981320" lon="10.1863620">
    <ele>103.0</ele>
   </trkpt>
   <trkpt lat="56.0980960" lon="10.1862250">
    <ele>102.8</ele>
   </trkpt>
   <trkpt lat="56.0980600" lon="10.1860860">
    <ele>102.8</ele>
   </trkpt>
   <trkpt lat="56.0980270" lon="10.1859490">
    <ele>103.0</ele>
   </trkpt>
   <trkpt lat="56.0979970" lon="10.1858140">
    <ele>103.0</ele>
   </trkpt>
   <trkpt lat="56.0979670" lon="10.1856820">
    <ele>103.2</ele>
   </trkpt>
   <trkpt lat="56.0979370" lon="10.1855540">
    <ele>103.4</ele>
   </trkpt>
   <trkpt lat="56.0979080" lon="10.1854310">
    <ele>103.6</ele>
   </trkpt>
   <trkpt lat="56.0978790" lon="10.1853110">
    <ele>103.8</ele>
   </trkpt>
   <trkpt lat="56.0978500" lon="10.1851900">
    <ele>104.0</ele>
   </trkpt>
   <trkpt lat="56.0978200" lon="10.1850700">
    <ele>104.0</ele>
   </trkpt>
   <trkpt lat="56.0977890" lon="10.1849480">
    <ele>104.2</ele>
   </trkpt>
   <trkpt lat="56.0977570" lon="10.1848220">
    <ele>104.2</ele>
   </trkpt>
   <trkpt lat="56.0977270" lon="10.1846940">
    <ele>104.2</ele>
   </trkpt>
   <trkpt lat="56.0976970" lon="10.1845640">
    <ele>104.0</ele>
   </trkpt>
   <trkpt lat="56.0976640" lon="10.1844340">
    <ele>104.0</ele>
   </trkpt>
   <trkpt lat="56.0976320" lon="10.1843050">
    <ele>104.0</ele>
   </trkpt>
   <trkpt lat="56.0976000" lon="10.1841760">
    <ele>104.0</ele>
   </trkpt>
   <trkpt lat="56.0975660" lon="10.1840440">
    <ele>104.0</ele>
   </trkpt>
   <trkpt lat="56.0975320" lon="10.1839030">
    <ele>103.8</ele>
   </trkpt>
   <trkpt lat="56.0974970" lon="10.1837570">
    <ele>103.6</ele>
   </trkpt>
   <trkpt lat="56.0974610" lon="10.1836040">
    <ele>103.4</ele>
   </trkpt>
   <trkpt lat="56.0974270" lon="10.1834500">
    <ele>103.2</ele>
   </trkpt>
   <trkpt lat="56.0973930" lon="10.1832940">
    <ele>102.8</ele>
   </trkpt>
   <trkpt lat="56.0973590" lon="10.1831410">
    <ele>102.4</ele>
   </trkpt>
   <trkpt lat="56.0973230" lon="10.1829920">
    <ele>102.2</ele>
   </trkpt>
   <trkpt lat="56.0972880" lon="10.1828510">
    <ele>102.0</ele>
   </trkpt>
   <trkpt lat="56.0972540" lon="10.1827100">
    <ele>102.0</ele>
   </trkpt>
   <trkpt lat="56.0972240" lon="10.1825730">
    <ele>102.0</ele>
   </trkpt>
   <trkpt lat="56.0971910" lon="10.1824420">
    <ele>102.4</ele>
   </trkpt>
   <trkpt lat="56.0971590" lon="10.1823150">
    <ele>102.6</ele>
   </trkpt>
   <trkpt lat="56.0971280" lon="10.1821930">
    <ele>103.2</ele>
   </trkpt>
   <trkpt lat="56.0971050" lon="10.1820820">
    <ele>103.6</ele>
   </trkpt>
   <trkpt lat="56.0970860" lon="10.1819830">
    <ele>104.0</ele>
   </trkpt>
   <trkpt lat="56.0970640" lon="10.1818890">
    <ele>104.4</ele>
   </trkpt>
   <trkpt lat="56.0970450" lon="10.1818070">
    <ele>105.0</ele>
   </trkpt>
   <trkpt lat="56.0970300" lon="10.1817250">
    <ele>105.4</ele>
   </trkpt>
   <trkpt lat="56.0970160" lon="10.1816440">
    <ele>105.8</ele>
   </trkpt>
   <trkpt lat="56.0970030" lon="10.1815690">
    <ele>106.4</ele>
   </trkpt>
   <trkpt lat="56.0969910" lon="10.1814960">
    <ele>106.8</ele>
   </trkpt>
   <trkpt lat="56.0969780" lon="10.1814230">
    <ele>107.2</ele>
   </trkpt>
   <trkpt lat="56.0969670" lon="10.1813430">
    <ele>107.8</ele>
   </trkpt>
   <trkpt lat="56.0969550" lon="10.1812550">
    <ele>108.2</ele>
   </trkpt>
   <trkpt lat="56.0969440" lon="10.1811640">
    <ele>108.6</ele>
   </trkpt>
   <trkpt lat="56.0969320" lon="10.1810640">
    <ele>109.0</ele>
   </trkpt>
   <trkpt lat="56.0969220" lon="10.1809570">
    <ele>109.4</ele>
   </trkpt>
   <trkpt lat="56.0969090" lon="10.1808470">
    <ele>109.8</ele>
   </trkpt>
   <trkpt lat="56.0968930" lon="10.1807360">
    <ele>110.4</ele>
   </trkpt>
   <trkpt lat="56.0968820" lon="10.1806250">
    <ele>110.8</ele>
   </trkpt>
   <trkpt lat="56.0968740" lon="10.1805200">
    <ele>111.2</ele>
   </trkpt>
   <trkpt lat="56.0968670" lon="10.1804200">
    <ele>111.8</ele>
   </trkpt>
   <trkpt lat="56.0968620" lon="10.1803260">
    <ele>112.2</ele>
   </trkpt>
   <trkpt lat="56.0968530" lon="10.1802330">
    <ele>112.6</ele>
   </trkpt>
   <trkpt lat="56.0968410" lon="10.1801410">
    <ele>113.0</ele>
   </trkpt>
   <trkpt lat="56.0968300" lon="10.1800460">
    <ele>113.2</ele>
   </trkpt>
   <trkpt lat="56.0968200" lon="10.1799500">
    <ele>113.4</ele>
   </trkpt>
   <trkpt lat="56.0968060" lon="10.1798580">
    <ele>113.4</ele>
   </trkpt>
   <trkpt lat="56.0967940" lon="10.1797610">
    <ele>113.4</ele>
   </trkpt>
   <trkpt lat="56.0967880" lon="10.1796620">
    <ele>113.4</ele>
   </trkpt>
   <trkpt lat="56.0967860" lon="10.1795600">
    <ele>113.4</ele>
   </trkpt>
   <trkpt lat="56.0967780" lon="10.1794570">
    <ele>113.4</ele>
   </trkpt>
   <trkpt lat="56.0967660" lon="10.1793560">
    <ele>113.4</ele>
   </trkpt>
   <trkpt lat="56.0967540" lon="10.1792560">
    <ele>113.6</ele>
   </trkpt>
   <trkpt lat="56.0967420" lon="10.1791560">
    <ele>113.4</ele>
   </trkpt>
   <trkpt lat="56.0967320" lon="10.1790550">
    <ele>113.6</ele>
   </trkpt>
   <trkpt lat="56.0967220" lon="10.1789560">
    <ele>113.4</ele>
   </trkpt>
   <trkpt lat="56.0967100" lon="10.1788580">
    <ele>113.4</ele>
   </trkpt>
   <trkpt lat="56.0967000" lon="10.1787580">
    <ele>113.4</ele>
   </trkpt>
   <trkpt lat="56.0966880" lon="10.1786560">
    <ele>113.4</ele>
   </trkpt>
   <trkpt lat="56.0966760" lon="10.1785550">
    <ele>113.2</ele>
   </trkpt>
   <trkpt lat="56.0966580" lon="10.1784610">
    <ele>113.2</ele>
   </trkpt>
   <trkpt lat="56.0966280" lon="10.1783730">
    <ele>113.2</ele>
   </trkpt>
   <trkpt lat="56.0965850" lon="10.1782910">
    <ele>113.0</ele>
   </trkpt>
   <trkpt lat="56.0965340" lon="10.1782240">
    <ele>112.8</ele>
   </trkpt>
   <trkpt lat="56.0964780" lon="10.1781630">
    <ele>112.6</ele>
   </trkpt>
   <trkpt lat="56.0964220" lon="10.1781040">
    <ele>112.4</ele>
   </trkpt>
   <trkpt lat="56.0963650" lon="10.1780450">
    <ele>112.0</ele>
   </trkpt>
   <trkpt lat="56.0963080" lon="10.1779840">
    <ele>112.0</ele>
   </trkpt>
   <trkpt lat="56.0962500" lon="10.1779300">
    <ele>111.8</ele>
   </trkpt>
   <trkpt lat="56.0961920" lon="10.1778810">
    <ele>111.8</ele>
   </trkpt>
   <trkpt lat="56.0961320" lon="10.1778370">
    <ele>111.6</ele>
   </trkpt>
   <trkpt lat="56.0960710" lon="10.1777980">
    <ele>111.6</ele>
   </trkpt>
   <trkpt lat="56.0960090" lon="10.1777620">
    <ele>111.6</ele>
   </trkpt>
   <trkpt lat="56.0959460" lon="10.1777270">
    <ele>111.6</ele>
   </trkpt>
   <trkpt lat="56.0958830" lon="10.1776950">
    <ele>111.4</ele>
   </trkpt>
   <trkpt lat="56.0958180" lon="10.1776640">
    <ele>111.4</ele>
   </trkpt>
   <trkpt lat="56.0957520" lon="10.1776350">
    <ele>111.2</ele>
   </trkpt>
   <trkpt lat="56.0956860" lon="10.1776060">
    <ele>111.2</ele>
   </trkpt>
   <trkpt lat="56.0956170" lon="10.1775710">
    <ele>111.0</ele>
   </trkpt>
   <trkpt lat="56.0955470" lon="10.1775350">
    <ele>110.8</ele>
   </trkpt>
   <trkpt lat="56.0954770" lon="10.1775000">
    <ele>110.6</ele>
   </trkpt>
   <trkpt lat="56.0954040" lon="10.1774650">
    <ele>110.4</ele>
   </trkpt>
   <trkpt lat="56.0953290" lon="10.1774310">
    <ele>110.0</ele>
   </trkpt>
   <trkpt lat="56.0952540" lon="10.1773880">
    <ele>109.8</ele>
   </trkpt>
   <trkpt lat="56.0951780" lon="10.1773420">
    <ele>109.6</ele>
   </trkpt>
   <trkpt lat="56.0950990" lon="10.1772950">
    <ele>109.2</ele>
   </trkpt>
   <trkpt lat="56.0950200" lon="10.1772410">
    <ele>108.6</ele>
   </trkpt>
   <trkpt lat="56.0949390" lon="10.1771850">
    <ele>108.0</ele>
   </trkpt>
   <trkpt lat="56.0948530" lon="10.1771210">
    <ele>107.6</ele>
   </trkpt>
   <trkpt lat="56.0947640" lon="10.1770530">
    <ele>106.8</ele>
   </trkpt>
   <trkpt lat="56.0946690" lon="10.1769840">
    <ele>106.0</ele>
   </trkpt>
   <trkpt lat="56.0945710" lon="10.1769120">
    <ele>105.2</ele>
   </trkpt>
   <trkpt lat="56.0944730" lon="10.1768370">
    <ele>104.4</ele>
   </trkpt>
   <trkpt lat="56.0943770" lon="10.1767570">
    <ele>103.6</ele>
   </trkpt>
   <trkpt lat="56.0942820" lon="10.1766770">
    <ele>102.8</ele>
   </trkpt>
   <trkpt lat="56.0941880" lon="10.1765970">
    <ele>102.4</ele>
   </trkpt>
   <trkpt lat="56.0940940" lon="10.1765170">
    <ele>102.0</ele>
   </trkpt>
   <trkpt lat="56.0940040" lon="10.1764390">
    <ele>101.8</ele>
   </trkpt>
   <trkpt lat="56.0939170" lon="10.1763600">
    <ele>101.6</ele>
   </trkpt>
   <trkpt lat="56.0938320" lon="10.1762840">
    <ele>101.4</ele>
   </trkpt>
   <trkpt lat="56.0937490" lon="10.1762070">
    <ele>101.4</ele>
   </trkpt>
   <trkpt lat="56.0936680" lon="10.1761280">
    <ele>101.2</ele>
   </trkpt>
   <trkpt lat="56.0935900" lon="10.1760460">
    <ele>101.4</ele>
   </trkpt>
   <trkpt lat="56.0935120" lon="10.1759630">
    <ele>101.2</ele>
   </trkpt>
   <trkpt lat="56.0934350" lon="10.1758860">
    <ele>101.2</ele>
   </trkpt>
   <trkpt lat="56.0933570" lon="10.1758080">
    <ele>101.2</ele>
   </trkpt>
   <trkpt lat="56.0932810" lon="10.1757290">
    <ele>101.0</ele>
   </trkpt>
   <trkpt lat="56.0932050" lon="10.1756470">
    <ele>101.0</ele>
   </trkpt>
   <trkpt lat="56.0931270" lon="10.1755660">
    <ele>101.0</ele>
   </trkpt>
   <trkpt lat="56.0930510" lon="10.1754840">
    <ele>100.8</ele>
   </trkpt>
   <trkpt lat="56.0929760" lon="10.1754020">
    <ele>100.8</ele>
   </trkpt>
   <trkpt lat="56.0929030" lon="10.1753190">
    <ele>100.8</ele>
   </trkpt>
   <trkpt lat="56.0928310" lon="10.1752360">
    <ele>101.0</ele>
   </trkpt>
   <trkpt lat="56.0927630" lon="10.1751540">
    <ele>101.0</ele>
   </trkpt>
   <trkpt lat="56.0926980" lon="10.1750740">
    <ele>101.2</ele>
   </trkpt>
   <trkpt lat="56.0926330" lon="10.1749980">
    <ele>101.4</ele>
   </trkpt>
   <trkpt lat="56.0925690" lon="10.1749250">
    <ele>101.8</ele>
   </trkpt>
   <trkpt lat="56.0925060" lon="10.1748530">
    <ele>102.0</ele>
   </trkpt>
   <trkpt lat="56.0924400" lon="10.1747760">
    <ele>102.0</ele>
   </trkpt>
   <trkpt lat="56.0923720" lon="10.1746950">
    <ele>102.0</ele>
   </trkpt>
   <trkpt lat="56.0923020" lon="10.1746100">
    <ele>102.0</ele>
   </trkpt>
   <trkpt lat="56.0922340" lon="10.1745230">
    <ele>101.6</ele>
   </trkpt>
   <trkpt lat="56.0921670" lon="10.1744270">
    <ele>101.4</ele>
   </trkpt>
   <trkpt lat="56.0920990" lon="10.1743350">
    <ele>101.2</ele>
   </trkpt>
   <trkpt lat="56.0920310" lon="10.1742450">
    <ele>101.0</ele>
   </trkpt>
   <trkpt lat="56.0919640" lon="10.1741550">
    <ele>101.0</ele>
   </trkpt>
   <trkpt lat="56.0919000" lon="10.1740640">
    <ele>101.0</ele>
   </trkpt>
   <trkpt lat="56.0918350" lon="10.1739740">
    <ele>101.0</ele>
   </trkpt>
   <trkpt lat="56.0917690" lon="10.1738820">
    <ele>101.0</ele>
   </trkpt>
   <trkpt lat="56.0917020" lon="10.1737890">
    <ele>101.0</ele>
   </trkpt>
   <trkpt lat="56.0916320" lon="10.1736930">
    <ele>100.6</ele>
   </trkpt>
   <trkpt lat="56.0915630" lon="10.1735960">
    <ele>100.4</ele>
   </trkpt>
   <trkpt lat="56.0914930" lon="10.1734980">
    <ele>100.0</ele>
   </trkpt>
   <trkpt lat="56.0914210" lon="10.1734020">
    <ele>99.6</ele>
   </trkpt>
   <trkpt lat="56.0913490" lon="10.1733080">
    <ele>99.4</ele>
   </trkpt>
   <trkpt lat="56.0912770" lon="10.1732130">
    <ele>99.2</ele>
   </trkpt>
   <trkpt lat="56.0912060" lon="10.1731140">
    <ele>98.8</ele>
   </trkpt>
   <trkpt lat="56.0911360" lon="10.1730120">
    <ele>98.6</ele>
   </trkpt>
   <trkpt lat="56.0910660" lon="10.1729130">
    <ele>98.4</ele>
   </trkpt>
   <trkpt lat="56.0909950" lon="10.1728160">
    <ele>98.2</ele>
   </trkpt>
   <trkpt lat="56.0909230" lon="10.1727200">
    <ele>98.0</ele>
   </trkpt>
   <trkpt lat="56.0908510" lon="10.1726270">
    <ele>98.0</ele>
   </trkpt>
   <trkpt lat="56.0907780" lon="10.1725370">
    <ele>97.8</ele>
   </trkpt>
   <trkpt lat="56.0907040" lon="10.1724440">
    <ele>97.8</ele>
   </trkpt>
   <trkpt lat="56.0906320" lon="10.1723480">
    <ele>97.6</ele>
   </trkpt>
   <trkpt lat="56.0905600" lon="10.1722510">
    <ele>97.2</ele>
   </trkpt>
   <trkpt lat="56.0904860" lon="10.1721540">
    <ele>97.0</ele>
   </trkpt>
   <trkpt lat="56.0904080" lon="10.1720570">
    <ele>96.6</ele>
   </trkpt>
   <trkpt lat="56.0903280" lon="10.1719590">
    <ele>96.2</ele>
   </trkpt>
   <trkpt lat="56.0902490" lon="10.1718580">
    <ele>95.6</ele>
   </trkpt>
   <trkpt lat="56.0901670" lon="10.1717570">
    <ele>95.2</ele>
   </trkpt>
   <trkpt lat="56.0900830" lon="10.1716580">
    <ele>94.8</ele>
   </trkpt>
   <trkpt lat="56.0899970" lon="10.1715600">
    <ele>94.4</ele>
   </trkpt>
   <trkpt lat="56.0899140" lon="10.1714590">
    <ele>94.2</ele>
   </trkpt>
   <trkpt lat="56.0898290" lon="10.1713620">
    <ele>93.8</ele>
   </trkpt>
   <trkpt lat="56.0897430" lon="10.1712670">
    <ele>93.4</ele>
   </trkpt>
   <trkpt lat="56.0896510" lon="10.1711800">
    <ele>93.0</ele>
   </trkpt>
   <trkpt lat="56.0895560" lon="10.1710950">
    <ele>92.6</ele>
   </trkpt>
   <trkpt lat="56.0894600" lon="10.1710090">
    <ele>92.2</ele>
   </trkpt>
   <trkpt lat="56.0893660" lon="10.1709210">
    <ele>91.6</ele>
   </trkpt>
   <trkpt lat="56.0892750" lon="10.1708350">
    <ele>91.4</ele>
   </trkpt>
   <trkpt lat="56.0891830" lon="10.1707500">
    <ele>91.0</ele>
   </trkpt>
   <trkpt lat="56.0890940" lon="10.1706650">
    <ele>90.6</ele>
   </trkpt>
   <trkpt lat="56.0890110" lon="10.1705690">
    <ele>90.4</ele>
   </trkpt>
   <trkpt lat="56.0889330" lon="10.1704660">
    <ele>90.4</ele>
   </trkpt>
   <trkpt lat="56.0888560" lon="10.1703590">
    <ele>90.2</ele>
   </trkpt>
   <trkpt lat="56.0887770" lon="10.1702550">
    <ele>90.0</ele>
   </trkpt>
   <trkpt lat="56.0886990" lon="10.1701540">
    <ele>89.8</ele>
   </trkpt>
   <trkpt lat="56.0886220" lon="10.1700520">
    <ele>89.8</ele>
   </trkpt>
   <trkpt lat="56.0885470" lon="10.1699530">
    <ele>89.8</ele>
   </trkpt>
   <trkpt lat="56.0884740" lon="10.1698540">
    <ele>89.8</ele>
   </trkpt>
   <trkpt lat="56.0884020" lon="10.1697560">
    <ele>90.0</ele>
   </trkpt>
   <trkpt lat="56.0883340" lon="10.1696560">
    <ele>90.0</ele>
   </trkpt>
   <trkpt lat="56.0882640" lon="10.1695590">
    <ele>90.2</ele>
   </trkpt>
   <trkpt lat="56.0881930" lon="10.1694660">
    <ele>90.2</ele>
   </trkpt>
   <trkpt lat="56.0881220" lon="10.1693750">
    <ele>90.2</ele>
   </trkpt>
   <trkpt lat="56.0880530" lon="10.1692820">
    <ele>90.0</ele>
   </trkpt>
   <trkpt lat="56.0879830" lon="10.1691890">
    <ele>90.0</ele>
   </trkpt>
   <trkpt lat="56.0879140" lon="10.1690970">
    <ele>90.0</ele>
   </trkpt>
   <trkpt lat="56.0878440" lon="10.1690070">
    <ele>90.0</ele>
   </trkpt>
   <trkpt lat="56.0877750" lon="10.1689140">
    <ele>90.0</ele>
   </trkpt>
   <trkpt lat="56.0877070" lon="10.1688220">
    <ele>89.8</ele>
   </trkpt>
   <trkpt lat="56.0876380" lon="10.1687290">
    <ele>89.8</ele>
   </trkpt>
   <trkpt lat="56.0875680" lon="10.1686320">
    <ele>89.6</ele>
   </trkpt>
   <trkpt lat="56.0874970" lon="10.1685290">
    <ele>89.2</ele>
   </trkpt>
   <trkpt lat="56.0874260" lon="10.1684240">
    <ele>89.0</ele>
   </trkpt>
   <trkpt lat="56.0873570" lon="10.1683180">
    <ele>88.6</ele>
   </trkpt>
   <trkpt lat="56.0872850" lon="10.1682100">
    <ele>88.2</ele>
   </trkpt>
   <trkpt lat="56.0872130" lon="10.1681020">
    <ele>87.8</ele>
   </trkpt>
   <trkpt lat="56.0871400" lon="10.1679950">
    <ele>87.4</ele>
   </trkpt>
   <trkpt lat="56.0870630" lon="10.1678950">
    <ele>87.0</ele>
   </trkpt>
   <trkpt lat="56.0869820" lon="10.1678050">
    <ele>86.8</ele>
   </trkpt>
   <trkpt lat="56.0868970" lon="10.1677260">
    <ele>86.4</ele>
   </trkpt>
   <trkpt lat="56.0868090" lon="10.1676560">
    <ele>86.0</ele>
   </trkpt>
   <trkpt lat="56.0867210" lon="10.1675900">
    <ele>85.6</ele>
   </trkpt>
   <trkpt lat="56.0866380" lon="10.1675310">
    <ele>85.2</ele>
   </trkpt>
   <trkpt lat="56.0865600" lon="10.1674780">
    <ele>84.6</ele>
   </trkpt>
   <trkpt lat="56.0864850" lon="10.1674240">
    <ele>84.2</ele>
   </trkpt>
   <trkpt lat="56.0864160" lon="10.1673720">
    <ele>83.6</ele>
   </trkpt>
   <trkpt lat="56.0863480" lon="10.1673220">
    <ele>83.2</ele>
   </trkpt>
   <trkpt lat="56.0862770" lon="10.1672750">
    <ele>82.8</ele>
   </trkpt>
   <trkpt lat="56.0862020" lon="10.1672330">
    <ele>82.4</ele>
   </trkpt>
   <trkpt lat="56.0861220" lon="10.1671930">
    <ele>82.0</ele>
   </trkpt>
   <trkpt lat="56.0860410" lon="10.1671590">
    <ele>81.8</ele>
   </trkpt>
   <trkpt lat="56.0859590" lon="10.1671320">
    <ele>81.4</ele>
   </trkpt>
   <trkpt lat="56.0858760" lon="10.1671070">
    <ele>81.0</ele>
   </trkpt>
   <trkpt lat="56.0857910" lon="10.1670810">
    <ele>80.8</ele>
   </trkpt>
   <trkpt lat="56.0857060" lon="10.1670540">
    <ele>80.4</ele>
   </trkpt>
   <trkpt lat="56.0856170" lon="10.1670270">
    <ele>79.8</ele>
   </trkpt>
   <trkpt lat="56.0855240" lon="10.1670000">
    <ele>79.2</ele>
   </trkpt>
   <trkpt lat="56.0854270" lon="10.1669720">
    <ele>78.6</ele>
   </trkpt>
   <trkpt lat="56.0853260" lon="10.1669430">
    <ele>77.8</ele>
   </trkpt>
   <trkpt lat="56.0852240" lon="10.1669160">
    <ele>77.0</ele>
   </trkpt>
   <trkpt lat="56.0851220" lon="10.1668850">
    <ele>76.4</ele>
   </trkpt>
   <trkpt lat="56.0850210" lon="10.1668550">
    <ele>75.8</ele>
   </trkpt>
   <trkpt lat="56.0849200" lon="10.1668240">
    <ele>75.4</ele>
   </trkpt>
   <trkpt lat="56.0848190" lon="10.1667950">
    <ele>75.0</ele>
   </trkpt>
   <trkpt lat="56.0847170" lon="10.1667680">
    <ele>74.6</ele>
   </trkpt>
   <trkpt lat="56.0846160" lon="10.1667380">
    <ele>74.2</ele>
   </trkpt>
   <trkpt lat="56.0845120" lon="10.1667070">
    <ele>73.8</ele>
   </trkpt>
   <trkpt lat="56.0844060" lon="10.1666770">
    <ele>73.2</ele>
   </trkpt>
   <trkpt lat="56.0842960" lon="10.1666480">
    <ele>72.4</ele>
   </trkpt>
   <trkpt lat="56.0841850" lon="10.1666150">
    <ele>71.8</ele>
   </trkpt>
   <trkpt lat="56.0840760" lon="10.1665810">
    <ele>71.0</ele>
   </trkpt>
   <trkpt lat="56.0839690" lon="10.1665490">
    <ele>70.6</ele>
   </trkpt>
   <trkpt lat="56.0838650" lon="10.1665190">
    <ele>70.2</ele>
   </trkpt>
   <trkpt lat="56.0837640" lon="10.1664910">
    <ele>70.2</ele>
   </trkpt>
   <trkpt lat="56.0836710" lon="10.1664610">
    <ele>70.4</ele>
   </trkpt>
   <trkpt lat="56.0835800" lon="10.1664350">
    <ele>70.4</ele>
   </trkpt>
   <trkpt lat="56.0834910" lon="10.1664100">
    <ele>70.6</ele>
   </trkpt>
   <trkpt lat="56.0834060" lon="10.1663860">
    <ele>70.8</ele>
   </trkpt>
   <trkpt lat="56.0833320" lon="10.1663540">
    <ele>70.8</ele>
   </trkpt>
   <trkpt lat="56.0832740" lon="10.1663070">
    <ele>71.0</ele>
   </trkpt>
   <trkpt lat="56.0832380" lon="10.1662390">
    <ele>71.0</ele>
   </trkpt>
   <trkpt lat="56.0832240" lon="10.1661550">
    <ele>71.2</ele>
   </trkpt>
   <trkpt lat="56.0832110" lon="10.1660590">
    <ele>71.2</ele>
   </trkpt>
   <trkpt lat="56.0831850" lon="10.1659630">
    <ele>71.2</ele>
   </trkpt>
   <trkpt lat="56.0831380" lon="10.1658850">
    <ele>71.0</ele>
   </trkpt>
   <trkpt lat="56.0830790" lon="10.1658400">
    <ele>70.8</ele>
   </trkpt>
   <trkpt lat="56.0830140" lon="10.1658160">
    <ele>70.6</ele>
   </trkpt>
   <trkpt lat="56.0829450" lon="10.1658020">
    <ele>70.2</ele>
   </trkpt>
   <trkpt lat="56.0828730" lon="10.1657910">
    <ele>70.0</ele>
   </trkpt>
   <trkpt lat="56.0828010" lon="10.1657800">
    <ele>69.8</ele>
   </trkpt>
   <trkpt lat="56.0827280" lon="10.1657720">
    <ele>69.4</ele>
   </trkpt>
   <trkpt lat="56.0826520" lon="10.1657670">
    <ele>69.2</ele>
   </trkpt>
   <trkpt lat="56.0825760" lon="10.1657610">
    <ele>69.0</ele>
   </trkpt>
   <trkpt lat="56.0825000" lon="10.1657530">
    <ele>68.8</ele>
   </trkpt>
   <trkpt lat="56.0824220" lon="10.1657470">
    <ele>68.6</ele>
   </trkpt>
   <trkpt lat="56.0823410" lon="10.1657390">
    <ele>68.2</ele>
   </trkpt>
   <trkpt lat="56.0822570" lon="10.1657290">
    <ele>68.0</ele>
   </trkpt>
   <trkpt lat="56.0821700" lon="10.1657200">
    <ele>67.6</ele>
   </trkpt>
   <trkpt lat="56.0820830" lon="10.1657120">
    <ele>67.2</ele>
   </trkpt>
   <trkpt lat="56.0819950" lon="10.1657040">
    <ele>67.0</ele>
   </trkpt>
   <trkpt lat="56.0819060" lon="10.1656950">
    <ele>66.6</ele>
   </trkpt>
   <trkpt lat="56.0818170" lon="10.1656860">
    <ele>66.2</ele>
   </trkpt>
   <trkpt lat="56.0817240" lon="10.1656740">
    <ele>65.8</ele>
   </trkpt>
   <trkpt lat="56.0816270" lon="10.1656610">
    <ele>65.2</ele>
   </trkpt>
   <trkpt lat="56.0815260" lon="10.1656500">
    <ele>64.6</ele>
   </trkpt>
   <trkpt lat="56.0814220" lon="10.1656420">
    <ele>64.0</ele>
   </trkpt>
   <trkpt lat="56.0813150" lon="10.1656400">
    <ele>63.2</ele>
   </trkpt>
   <trkpt lat="56.0812080" lon="10.1656400">
    <ele>62.6</ele>
   </trkpt>
   <trkpt lat="56.0811000" lon="10.1656400">
    <ele>62.0</ele>
   </trkpt>
   <trkpt lat="56.0809940" lon="10.1656400">
    <ele>61.4</ele>
   </trkpt>
   <trkpt lat="56.0808880" lon="10.1656450">
    <ele>61.0</ele>
   </trkpt>
   <trkpt lat="56.0807850" lon="10.1656510">
    <ele>60.6</ele>
   </trkpt>
   <trkpt lat="56.0806850" lon="10.1656590">
    <ele>60.4</ele>
   </trkpt>
   <trkpt lat="56.0805880" lon="10.1656680">
    <ele>60.4</ele>
   </trkpt>
   <trkpt lat="56.0804940" lon="10.1656770">
    <ele>60.2</ele>
   </trkpt>
   <trkpt lat="56.0804040" lon="10.1656820">
    <ele>60.4</ele>
   </trkpt>
   <trkpt lat="56.0803160" lon="10.1656880">
    <ele>60.6</ele>
   </trkpt>
   <trkpt lat="56.0802300" lon="10.1656970">
    <ele>60.6</ele>
   </trkpt>
   <trkpt lat="56.0801430" lon="10.1657080">
    <ele>60.8</ele>
   </trkpt>
   <trkpt lat="56.0800550" lon="10.1657220">
    <ele>60.8</ele>
   </trkpt>
   <trkpt lat="56.0799670" lon="10.1657340">
    <ele>60.6</ele>
   </trkpt>
   <trkpt lat="56.0798780" lon="10.1657430">
    <ele>60.4</ele>
   </trkpt>
   <trkpt lat="56.0797850" lon="10.1657530">
    <ele>60.0</ele>
   </trkpt>
   <trkpt lat="56.0796900" lon="10.1657630">
    <ele>59.6</ele>
   </trkpt>
   <trkpt lat="56.0795930" lon="10.1657740">
    <ele>59.0</ele>
   </trkpt>
   <trkpt lat="56.0794950" lon="10.1657840">
    <ele>58.4</ele>
   </trkpt>
   <trkpt lat="56.0793960" lon="10.1657960">
    <ele>57.6</ele>
   </trkpt>
   <trkpt lat="56.0792980" lon="10.1658050">
    <ele>57.2</ele>
   </trkpt>
   <trkpt lat="56.0792020" lon="10.1658090">
    <ele>56.8</ele>
   </trkpt>
   <trkpt lat="56.0791060" lon="10.1658080">
    <ele>56.6</ele>
   </trkpt>
   <trkpt lat="56.0790110" lon="10.1658000">
    <ele>56.4</ele>
   </trkpt>
   <trkpt lat="56.0789180" lon="10.1657800">
    <ele>56.4</ele>
   </trkpt>
   <trkpt lat="56.0788260" lon="10.1657580">
    <ele>56.4</ele>
   </trkpt>
   <trkpt lat="56.0787370" lon="10.1657370">
    <ele>56.4</ele>
   </trkpt>
   <trkpt lat="56.0786530" lon="10.1657100">
    <ele>56.6</ele>
   </trkpt>
   <trkpt lat="56.0785730" lon="10.1656780">
    <ele>56.8</ele>
   </trkpt>
   <trkpt lat="56.0784960" lon="10.1656490">
    <ele>57.2</ele>
   </trkpt>
   <trkpt lat="56.0784230" lon="10.1656230">
    <ele>57.8</ele>
   </trkpt>
   <trkpt lat="56.0783510" lon="10.1655960">
    <ele>58.2</ele>
   </trkpt>
   <trkpt lat="56.0782790" lon="10.1655690">
    <ele>58.8</ele>
   </trkpt>
   <trkpt lat="56.0782080" lon="10.1655430">
    <ele>59.2</ele>
   </trkpt>
   <trkpt lat="56.0781390" lon="10.1655200">
    <ele>59.8</ele>
   </trkpt>
   <trkpt lat="56.0780700" lon="10.1654930">
    <ele>60.2</ele>
   </trkpt>
   <trkpt lat="56.0780030" lon="10.1654670">
    <ele>60.6</ele>
   </trkpt>
   <trkpt lat="56.0779350" lon="10.1654380">
    <ele>61.0</ele>
   </trkpt>
   <trkpt lat="56.0778670" lon="10.1654130">
    <ele>61.2</ele>
   </trkpt>
   <trkpt lat="56.0778010" lon="10.1653900">
    <ele>61.6</ele>
   </trkpt>
   <trkpt lat="56.0777360" lon="10.1653660">
    <ele>61.8</ele>
   </trkpt>
   <trkpt lat="56.0776710" lon="10.1653430">
    <ele>61.8</ele>
   </trkpt>
   <trkpt lat="56.0776060" lon="10.1653230">
    <ele>62.0</ele>
   </trkpt>
   <trkpt lat="56.0775420" lon="10.1653050">
    <ele>62.0</ele>
   </trkpt>
   <trkpt lat="56.0774770" lon="10.1652820">
    <ele>62.2</ele>
   </trkpt>
   <trkpt lat="56.0774110" lon="10.1652520">
    <ele>62.2</ele>
   </trkpt>
   <trkpt lat="56.0773440" lon="10.1652190">
    <ele>62.2</ele>
   </trkpt>
   <trkpt lat="56.0772770" lon="10.1651880">
    <ele>62.0</ele>
   </trkpt>
   <trkpt lat="56.0772080" lon="10.1651630">
    <ele>62.0</ele>
   </trkpt>
   <trkpt lat="56.0771380" lon="10.1651420">
    <ele>61.8</ele>
   </trkpt>
   <trkpt lat="56.0770710" lon="10.1651200">
    <ele>61.8</ele>
   </trkpt>
   <trkpt lat="56.0770050" lon="10.1650950">
    <ele>61.8</ele>
   </trkpt>
   <trkpt lat="56.0769390" lon="10.1650690">
    <ele>62.0</ele>
   </trkpt>
   <trkpt lat="56.0768730" lon="10.1650410">
    <ele>62.0</ele>
   </trkpt>
   <trkpt lat="56.0768050" lon="10.1650190">
    <ele>62.0</ele>
   </trkpt>
   <trkpt lat="56.0767380" lon="10.1650030">
    <ele>62.0</ele>
   </trkpt>
   <trkpt lat="56.0766700" lon="10.1649900">
    <ele>62.2</ele>
   </trkpt>
   <trkpt lat="56.0766020" lon="10.1649840">
    <ele>62.2</ele>
   </trkpt>
   <trkpt lat="56.0765340" lon="10.1649840">
    <ele>62.2</ele>
   </trkpt>
   <trkpt lat="56.0764670" lon="10.1649910">
    <ele>62.4</ele>
   </trkpt>
   <trkpt lat="56.0763960" lon="10.1650040">
    <ele>62.4</ele>
   </trkpt>
   <trkpt lat="56.0763270" lon="10.1650220">
    <ele>62.2</ele>
   </trkpt>
   <trkpt lat="56.0762530" lon="10.1650420">
    <ele>62.0</ele>
   </trkpt>
   <trkpt lat="56.0761800" lon="10.1650660">
    <ele>61.8</ele>
   </trkpt>
   <trkpt lat="56.0761070" lon="10.1650950">
    <ele>61.6</ele>
   </trkpt>
   <trkpt lat="56.0760330" lon="10.1651260">
    <ele>61.4</ele>
   </trkpt>
   <trkpt lat="56.0759580" lon="10.1651620">
    <ele>61.0</ele>
   </trkpt>
   <trkpt lat="56.0758850" lon="10.1652020">
    <ele>61.0</ele>
   </trkpt>
   <trkpt lat="56.0758120" lon="10.1652480">
    <ele>60.8</ele>
   </trkpt>
   <trkpt lat="56.0757410" lon="10.1652890">
    <ele>60.8</ele>
   </trkpt>
   <trkpt lat="56.0756680" lon="10.1653310">
    <ele>60.6</ele>
   </trkpt>
   <trkpt lat="56.0755950" lon="10.1653680">
    <ele>60.6</ele>
   </trkpt>
   <trkpt lat="56.0755210" lon="10.1654070">
    <ele>60.4</ele>
   </trkpt>
   <trkpt lat="56.0754460" lon="10.1654500">
    <ele>60.2</ele>
   </trkpt>
   <trkpt lat="56.0753730" lon="10.1654960">
    <ele>60.0</ele>
   </trkpt>
   <trkpt lat="56.0753000" lon="10.1655370">
    <ele>60.2</ele>
   </trkpt>
   <trkpt lat="56.0752290" lon="10.1655780">
    <ele>60.2</ele>
   </trkpt>
   <trkpt lat="56.0751570" lon="10.1656230">
    <ele>60.2</ele>
   </trkpt>
   <trkpt lat="56.0750860" lon="10.1656660">
    <ele>60.0</ele>
   </trkpt>
   <trkpt lat="56.0750160" lon="10.1657080">
    <ele>60.0</ele>
   </trkpt>
   <trkpt lat="56.0749450" lon="10.1657500">
    <ele>60.0</ele>
   </trkpt>
   <trkpt lat="56.0748730" lon="10.1657870">
    <ele>60.0</ele>
   </trkpt>
   <trkpt lat="56.0748020" lon="10.1658240">
    <ele>60.0</ele>
   </trkpt>
   <trkpt lat="56.0747310" lon="10.1658610">
    <ele>60.0</ele>
   </trkpt>
   <trkpt lat="56.0746610" lon="10.1658980">
    <ele>60.0</ele>
   </trkpt>
   <trkpt lat="56.0745920" lon="10.1659350">
    <ele>60.0</ele>
   </trkpt>
   <trkpt lat="56.0745240" lon="10.1659740">
    <ele>60.0</ele>
   </trkpt>
   <trkpt lat="56.0744550" lon="10.1660150">
    <ele>60.0</ele>
   </trkpt>
   <trkpt lat="56.0743870" lon="10.1660580">
    <ele>60.0</ele>
   </trkpt>
   <trkpt lat="56.0743170" lon="10.1660990">
    <ele>60.0</ele>
   </trkpt>
   <trkpt lat="56.0742470" lon="10.1661370">
    <ele>59.8</ele>
   </trkpt>
   <trkpt lat="56.0741810" lon="10.1661740">
    <ele>59.8</ele>
   </trkpt>
   <trkpt lat="56.0741230" lon="10.1661930">
    <ele>59.8</ele>
   </trkpt>
   <trkpt lat="56.0740690" lon="10.1661790">
    <ele>59.8</ele>
   </trkpt>
   <trkpt lat="56.0740180" lon="10.1661480">
    <ele>59.8</ele>
   </trkpt>
   <trkpt lat="56.0739660" lon="10.1661210">
    <ele>60.0</ele>
   </trkpt>
   <trkpt lat="56.0739110" lon="10.1660930">
    <ele>60.0</ele>
   </trkpt>
   <trkpt lat="56.0738560" lon="10.1660560">
    <ele>60.2</ele>
   </trkpt>
   <trkpt lat="56.0738000" lon="10.1660160">
    <ele>60.2</ele>
   </trkpt>
   <trkpt lat="56.0737420" lon="10.1659760">
    <ele>60.2</ele>
   </trkpt>
   <trkpt lat="56.0736800" lon="10.1659380">
    <ele>60.2</ele>
   </trkpt>
   <trkpt lat="56.0736180" lon="10.1658990">
    <ele>60.0</ele>
   </trkpt>
   <trkpt lat="56.0735560" lon="10.1658530">
    <ele>60.0</ele>
   </trkpt>
   <trkpt lat="56.0734940" lon="10.1657990">
    <ele>60.0</ele>
   </trkpt>
   <trkpt lat="56.0734300" lon="10.1657410">
    <ele>59.8</ele>
   </trkpt>
   <trkpt lat="56.0733660" lon="10.1656780">
    <ele>59.6</ele>
   </trkpt>
   <trkpt lat="56.0733030" lon="10.1656120">
    <ele>59.4</ele>
   </trkpt>
   <trkpt lat="56.0732390" lon="10.1655440">
    <ele>59.2</ele>
   </trkpt>
   <trkpt lat="56.0731750" lon="10.1654740">
    <ele>59.0</ele>
   </trkpt>
   <trkpt lat="56.0731080" lon="10.1654030">
    <ele>58.8</ele>
   </trkpt>
   <trkpt lat="56.0730400" lon="10.1653310">
    <ele>58.8</ele>
   </trkpt>
   <trkpt lat="56.0729730" lon="10.1652570">
    <ele>58.8</ele>
   </trkpt>
   <trkpt lat="56.0729030" lon="10.1651840">
    <ele>58.6</ele>
   </trkpt>
   <trkpt lat="56.0728340" lon="10.1651080">
    <ele>58.4</ele>
   </trkpt>
   <trkpt lat="56.0727650" lon="10.1650320">
    <ele>58.2</ele>
   </trkpt>
   <trkpt lat="56.0726970" lon="10.1649580">
    <ele>58.0</ele>
   </trkpt>
   <trkpt lat="56.0726290" lon="10.1648830">
    <ele>58.0</ele>
   </trkpt>
   <trkpt lat="56.0725620" lon="10.1648090">
    <ele>57.8</ele>
   </trkpt>
   <trkpt lat="56.0724950" lon="10.1647370">
    <ele>57.8</ele>
   </trkpt>
   <trkpt lat="56.0724280" lon="10.1646700">
    <ele>57.6</ele>
   </trkpt>
   <trkpt lat="56.0723590" lon="10.1646070">
    <ele>57.6</ele>
   </trkpt>
   <trkpt lat="56.0722890" lon="10.1645450">
    <ele>57.4</ele>
   </trkpt>
   <trkpt lat="56.0722170" lon="10.1644800">
    <ele>57.2</ele>
   </trkpt>
   <trkpt lat="56.0721440" lon="10.1644130">
    <ele>57.0</ele>
   </trkpt>
   <trkpt lat="56.0720680" lon="10.1643460">
    <ele>56.8</ele>
   </trkpt>
   <trkpt lat="56.0719900" lon="10.1642770">
    <ele>56.6</ele>
   </trkpt>
   <trkpt lat="56.0719110" lon="10.1642080">
    <ele>56.4</ele>
   </trkpt>
   <trkpt lat="56.0718310" lon="10.1641360">
    <ele>56.2</ele>
   </trkpt>
   <trkpt lat="56.0717520" lon="10.1640660">
    <ele>56.2</ele>
   </trkpt>
   <trkpt lat="56.0716720" lon="10.1640010">
    <ele>56.0</ele>
   </trkpt>
   <trkpt lat="56.0715910" lon="10.1639360">
    <ele>56.0</ele>
   </trkpt>
   <trkpt lat="56.0715100" lon="10.1638710">
    <ele>56.0</ele>
   </trkpt>
   <trkpt lat="56.0714290" lon="10.1638110">
    <ele>56.0</ele>
   </trkpt>
   <trkpt lat="56.0713480" lon="10.1637520">
    <ele>55.8</ele>
   </trkpt>
   <trkpt lat="56.0712670" lon="10.1636950">
    <ele>55.8</ele>
   </trkpt>
   <trkpt lat="56.0711870" lon="10.1636370">
    <ele>55.8</ele>
   </trkpt>
   <trkpt lat="56.0711040" lon="10.1635810">
    <ele>55.6</ele>
   </trkpt>
   <trkpt lat="56.0710190" lon="10.1635240">
    <ele>55.4</ele>
   </trkpt>
   <trkpt lat="56.0709320" lon="10.1634660">
    <ele>55.0</ele>
   </trkpt>
   <trkpt lat="56.0708440" lon="10.1634130">
    <ele>54.6</ele>
   </trkpt>
   <trkpt lat="56.0707550" lon="10.1633600">
    <ele>54.2</ele>
   </trkpt>
   <trkpt lat="56.0706670" lon="10.1633040">
    <ele>54.0</ele>
   </trkpt>
   <trkpt lat="56.0705820" lon="10.1632500">
    <ele>53.8</ele>
   </trkpt>
   <trkpt lat="56.0704980" lon="10.1632030">
    <ele>53.8</ele>
   </trkpt>
   <trkpt lat="56.0704150" lon="10.1631630">
    <ele>53.8</ele>
   </trkpt>
   <trkpt lat="56.0703330" lon="10.1631220">
    <ele>53.6</ele>
   </trkpt>
   <trkpt lat="56.0702520" lon="10.1630760">
    <ele>53.6</ele>
   </trkpt>
   <trkpt lat="56.0701700" lon="10.1630320">
    <ele>53.6</ele>
   </trkpt>
   <trkpt lat="56.0700880" lon="10.1629960">
    <ele>53.6</ele>
   </trkpt>
   <trkpt lat="56.0700020" lon="10.1629660">
    <ele>53.4</ele>
   </trkpt>
   <trkpt lat="56.0699140" lon="10.1629400">
    <ele>53.2</ele>
   </trkpt>
   <trkpt lat="56.0698250" lon="10.1629110">
    <ele>53.2</ele>
   </trkpt>
   <trkpt lat="56.0697360" lon="10.1628850">
    <ele>53.0</ele>
   </trkpt>
   <trkpt lat="56.0696460" lon="10.1628560">
    <ele>52.6</ele>
   </trkpt>
   <trkpt lat="56.0695560" lon="10.1628270">
    <ele>52.4</ele>
   </trkpt>
   <trkpt lat="56.0694680" lon="10.1627950">
    <ele>52.0</ele>
   </trkpt>
   <trkpt lat="56.0693830" lon="10.1627680">
    <ele>51.8</ele>
   </trkpt>
   <trkpt lat="56.0693020" lon="10.1627370">
    <ele>51.6</ele>
   </trkpt>
   <trkpt lat="56.0692230" lon="10.1627100">
    <ele>51.6</ele>
   </trkpt>
   <trkpt lat="56.0691440" lon="10.1626870">
    <ele>51.6</ele>
   </trkpt>
   <trkpt lat="56.0690660" lon="10.1626640">
    <ele>51.6</ele>
   </trkpt>
   <trkpt lat="56.0689830" lon="10.1626420">
    <ele>51.2</ele>
   </trkpt>
   <trkpt lat="56.0688980" lon="10.1626170">
    <ele>51.0</ele>
   </trkpt>
   <trkpt lat="56.0688100" lon="10.1625920">
    <ele>50.6</ele>
   </trkpt>
   <trkpt lat="56.0687230" lon="10.1625680">
    <ele>50.2</ele>
   </trkpt>
   <trkpt lat="56.0686370" lon="10.1625420">
    <ele>50.0</ele>
   </trkpt>
   <trkpt lat="56.0685500" lon="10.1625150">
    <ele>49.6</ele>
   </trkpt>
   <trkpt lat="56.0684650" lon="10.1624890">
    <ele>49.4</ele>
   </trkpt>
   <trkpt lat="56.0683770" lon="10.1624620">
    <ele>49.2</ele>
   </trkpt>
   <trkpt lat="56.0682900" lon="10.1624210">
    <ele>48.8</ele>
   </trkpt>
   <trkpt lat="56.0682050" lon="10.1623660">
    <ele>48.4</ele>
   </trkpt>
   <trkpt lat="56.0681210" lon="10.1623000">
    <ele>48.0</ele>
   </trkpt>
   <trkpt lat="56.0680420" lon="10.1622230">
    <ele>47.8</ele>
   </trkpt>
   <trkpt lat="56.0679640" lon="10.1621380">
    <ele>47.4</ele>
   </trkpt>
   <trkpt lat="56.0678850" lon="10.1620500">
    <ele>47.0</ele>
   </trkpt>
   <trkpt lat="56.0678090" lon="10.1619570">
    <ele>46.8</ele>
   </trkpt>
   <trkpt lat="56.0677330" lon="10.1618630">
    <ele>46.4</ele>
   </trkpt>
   <trkpt lat="56.0676570" lon="10.1617700">
    <ele>46.2</ele>
   </trkpt>
   <trkpt lat="56.0675830" lon="10.1616770">
    <ele>46.2</ele>
   </trkpt>
   <trkpt lat="56.0675080" lon="10.1615840">
    <ele>46.0</ele>
   </trkpt>
   <trkpt lat="56.0674340" lon="10.1614920">
    <ele>46.0</ele>
   </trkpt>
   <trkpt lat="56.0673600" lon="10.1614020">
    <ele>46.0</ele>
   </trkpt>
   <trkpt lat="56.0672850" lon="10.1613170">
    <ele>46.0</ele>
   </trkpt>
   <trkpt lat="56.0672090" lon="10.1612410">
    <ele>46.0</ele>
   </trkpt>
   <trkpt lat="56.0671310" lon="10.1611760">
    <ele>46.2</ele>
   </trkpt>
   <trkpt lat="56.0670510" lon="10.1611250">
    <ele>46.2</ele>
   </trkpt>
   <trkpt lat="56.0669730" lon="10.1610870">
    <ele>46.4</ele>
   </trkpt>
   <trkpt lat="56.0668950" lon="10.1610540">
    <ele>46.6</ele>
   </trkpt>
   <trkpt lat="56.0668200" lon="10.1610210">
    <ele>46.6</ele>
   </trkpt>
   <trkpt lat="56.0667440" lon="10.1609890">
    <ele>46.8</ele>
   </trkpt>
   <trkpt lat="56.0666700" lon="10.1609670">
    <ele>47.0</ele>
   </trkpt>
   <trkpt lat="56.0665960" lon="10.1609510">
    <ele>47.4</ele>
   </trkpt>
   <trkpt lat="56.0665250" lon="10.1609340">
    <ele>47.6</ele>
   </trkpt>
   <trkpt lat="56.0664590" lon="10.1608990">
    <ele>48.0</ele>
   </trkpt>
   <trkpt lat="56.0663970" lon="10.1608460">
    <ele>48.2</ele>
   </trkpt>
   <trkpt lat="56.0663410" lon="10.1607810">
    <ele>48.6</ele>
   </trkpt>
   <trkpt lat="56.0662890" lon="10.1607130">
    <ele>49.0</ele>
   </trkpt>
   <trkpt lat="56.0662390" lon="10.1606430">
    <ele>49.4</ele>
   </trkpt>
   <trkpt lat="56.0661870" lon="10.1605770">
    <ele>49.8</ele>
   </trkpt>
   <trkpt lat="56.0661320" lon="10.1605260">
    <ele>50.0</ele>
   </trkpt>
   <trkpt lat="56.0660730" lon="10.1604870">
    <ele>50.4</ele>
   </trkpt>
   <trkpt lat="56.0660140" lon="10.1604600">
    <ele>50.6</ele>
   </trkpt>
   <trkpt lat="56.0659520" lon="10.1604420">
    <ele>51.0</ele>
   </trkpt>
   <trkpt lat="56.0658930" lon="10.1604260">
    <ele>51.2</ele>
   </trkpt>
   <trkpt lat="56.0658340" lon="10.1604090">
    <ele>51.6</ele>
   </trkpt>
   <trkpt lat="56.0657780" lon="10.1603930">
    <ele>51.8</ele>
   </trkpt>
   <trkpt lat="56.0657200" lon="10.1603800">
    <ele>52.2</ele>
   </trkpt>
   <trkpt lat="56.0656620" lon="10.1603660">
    <ele>52.6</ele>
   </trkpt>
   <trkpt lat="56.0656030" lon="10.1603480">
    <ele>52.8</ele>
   </trkpt>
   <trkpt lat="56.0655450" lon="10.1603270">
    <ele>53.0</ele>
   </trkpt>
   <trkpt lat="56.0654860" lon="10.1603040">
    <ele>53.2</ele>
   </trkpt>
   <trkpt lat="56.0654250" lon="10.1602800">
    <ele>53.2</ele>
   </trkpt>
   <trkpt lat="56.0653640" lon="10.1602540">
    <ele>53.2</ele>
   </trkpt>
   <trkpt lat="56.0653020" lon="10.1602190">
    <ele>53.2</ele>
   </trkpt>
   <trkpt lat="56.0652420" lon="10.1601720">
    <ele>53.2</ele>
   </trkpt>
   <trkpt lat="56.0651840" lon="10.1601130">
    <ele>53.0</ele>
   </trkpt>
   <trkpt lat="56.0651310" lon="10.1600390">
    <ele>53.0</ele>
   </trkpt>
   <trkpt lat="56.0650800" lon="10.1599580">
    <ele>53.0</ele>
   </trkpt>
   <trkpt lat="56.0650330" lon="10.1598710">
    <ele>53.0</ele>
   </trkpt>
   <trkpt lat="56.0649850" lon="10.1597800">
    <ele>52.8</ele>
   </trkpt>
   <trkpt lat="56.0649390" lon="10.1596870">
    <ele>52.8</ele>
   </trkpt>
   <trkpt lat="56.0648930" lon="10.1595950">
    <ele>52.8</ele>
   </trkpt>
   <trkpt lat="56.0648450" lon="10.1595040">
    <ele>52.8</ele>
   </trkpt>
   <trkpt lat="56.0647980" lon="10.1594120">
    <ele>53.0</ele>
   </trkpt>
   <trkpt lat="56.0647490" lon="10.1593220">
    <ele>53.0</ele>
   </trkpt>
   <trkpt lat="56.0647000" lon="10.1592320">
    <ele>53.0</ele>
   </trkpt>
   <trkpt lat="56.0646540" lon="10.1591440">
    <ele>53.0</ele>
   </trkpt>
   <trkpt lat="56.0646040" lon="10.1590570">
    <ele>53.2</ele>
   </trkpt>
   <trkpt lat="56.0645540" lon="10.1589720">
    <ele>53.2</ele>
   </trkpt>
   <trkpt lat="56.0645050" lon="10.1588870">
    <ele>53.4</ele>
   </trkpt>
   <trkpt lat="56.0644600" lon="10.1588010">
    <ele>53.4</ele>
   </trkpt>
   <trkpt lat="56.0644140" lon="10.1587150">
    <ele>53.6</ele>
   </trkpt>
   <trkpt lat="56.0643670" lon="10.1586300">
    <ele>53.6</ele>
   </trkpt>
   <trkpt lat="56.0643170" lon="10.1585450">
    <ele>53.6</ele>
   </trkpt>
   <trkpt lat="56.0642670" lon="10.1584610">
    <ele>53.6</ele>
   </trkpt>
   <trkpt lat="56.0642170" lon="10.1583790">
    <ele>53.8</ele>
   </trkpt>
   <trkpt lat="56.0641660" lon="10.1582950">
    <ele>53.8</ele>
   </trkpt>
   <trkpt lat="56.0641160" lon="10.1582130">
    <ele>54.0</ele>
   </trkpt>
   <trkpt lat="56.0640670" lon="10.1581310">
    <ele>54.0</ele>
   </trkpt>
   <trkpt lat="56.0640170" lon="10.1580500">
    <ele>54.2</ele>
   </trkpt>
   <trkpt lat="56.0639680" lon="10.1579680">
    <ele>54.2</ele>
   </trkpt>
   <trkpt lat="56.0639190" lon="10.1578880">
    <ele>54.2</ele>
   </trkpt>
   <trkpt lat="56.0638690" lon="10.1578070">
    <ele>54.4</ele>
   </trkpt>
   <trkpt lat="56.0638200" lon="10.1577240">
    <ele>54.4</ele>
   </trkpt>
   <trkpt lat="56.0637690" lon="10.1576440">
    <ele>54.6</ele>
   </trkpt>
   <trkpt lat="56.0637200" lon="10.1575620">
    <ele>54.6</ele>
   </trkpt>
   <trkpt lat="56.0636690" lon="10.1574850">
    <ele>54.8</ele>
   </trkpt>
   <trkpt lat="56.0636200" lon="10.1574050">
    <ele>55.0</ele>
   </trkpt>
   <trkpt lat="56.0635700" lon="10.1573220">
    <ele>55.2</ele>
   </trkpt>
   <trkpt lat="56.0635200" lon="10.1572440">
    <ele>55.4</ele>
   </trkpt>
   <trkpt lat="56.0634700" lon="10.1571700">
    <ele>55.6</ele>
   </trkpt>
   <trkpt lat="56.0634220" lon="10.1570960">
    <ele>55.8</ele>
   </trkpt>
   <trkpt lat="56.0633760" lon="10.1570280">
    <ele>56.0</ele>
   </trkpt>
   <trkpt lat="56.0633310" lon="10.1569620">
    <ele>56.2</ele>
   </trkpt>
   <trkpt lat="56.0632850" lon="10.1568990">
    <ele>56.4</ele>
   </trkpt>
   <trkpt lat="56.0632360" lon="10.1568440">
    <ele>56.8</ele>
   </trkpt>
   <trkpt lat="56.0631860" lon="10.1567930">
    <ele>57.0</ele>
   </trkpt>
   <trkpt lat="56.0631360" lon="10.1567440">
    <ele>57.2</ele>
   </trkpt>
   <trkpt lat="56.0630860" lon="10.1566950">
    <ele>57.6</ele>
   </trkpt>
   <trkpt lat="56.0630370" lon="10.1566490">
    <ele>58.0</ele>
   </trkpt>
   <trkpt lat="56.0629870" lon="10.1566070">
    <ele>58.2</ele>
   </trkpt>
   <trkpt lat="56.0629380" lon="10.1565660">
    <ele>58.6</ele>
   </trkpt>
   <trkpt lat="56.0628880" lon="10.1565280">
    <ele>58.8</ele>
   </trkpt>
   <trkpt lat="56.0628380" lon="10.1564930">
    <ele>59.0</ele>
   </trkpt>
   <trkpt lat="56.0627900" lon="10.1564580">
    <ele>59.2</ele>
   </trkpt>
   <trkpt lat="56.0627420" lon="10.1564260">
    <ele>59.4</ele>
   </trkpt>
   <trkpt lat="56.0626930" lon="10.1563920">
    <ele>59.4</ele>
   </trkpt>
   <trkpt lat="56.0626450" lon="10.1563560">
    <ele>59.4</ele>
   </trkpt>
   <trkpt lat="56.0625930" lon="10.1563190">
    <ele>59.6</ele>
   </trkpt>
   <trkpt lat="56.0625430" lon="10.1562860">
    <ele>59.4</ele>
   </trkpt>
   <trkpt lat="56.0624920" lon="10.1562560">
    <ele>59.4</ele>
   </trkpt>
   <trkpt lat="56.0624410" lon="10.1562230">
    <ele>59.4</ele>
   </trkpt>
   <trkpt lat="56.0623960" lon="10.1561800">
    <ele>59.2</ele>
   </trkpt>
   <trkpt lat="56.0623630" lon="10.1561160">
    <ele>59.2</ele>
   </trkpt>
   <trkpt lat="56.0623480" lon="10.1560310">
    <ele>59.2</ele>
   </trkpt>
   <trkpt lat="56.0623530" lon="10.1559370">
    <ele>59.0</ele>
   </trkpt>
   <trkpt lat="56.0623700" lon="10.1558400">
    <ele>59.0</ele>
   </trkpt>
   <trkpt lat="56.0623870" lon="10.1557350">
    <ele>59.0</ele>
   </trkpt>
   <trkpt lat="56.0624030" lon="10.1556250">
    <ele>58.8</ele>
   </trkpt>
   <trkpt lat="56.0624210" lon="10.1555150">
    <ele>58.8</ele>
   </trkpt>
   <trkpt lat="56.0624400" lon="10.1554030">
    <ele>58.6</ele>
   </trkpt>
   <trkpt lat="56.0624590" lon="10.1552870">
    <ele>58.6</ele>
   </trkpt>
   <trkpt lat="56.0624780" lon="10.1551720">
    <ele>58.6</ele>
   </trkpt>
   <trkpt lat="56.0625010" lon="10.1550580">
    <ele>58.4</ele>
   </trkpt>
   <trkpt lat="56.0625210" lon="10.1549430">
    <ele>58.4</ele>
   </trkpt>
   <trkpt lat="56.0625390" lon="10.1548260">
    <ele>58.4</ele>
   </trkpt>
   <trkpt lat="56.0625540" lon="10.1547100">
    <ele>58.4</ele>
   </trkpt>
   <trkpt lat="56.0625720" lon="10.1545940">
    <ele>58.4</ele>
   </trkpt>
   <trkpt lat="56.0625950" lon="10.1544830">
    <ele>58.6</ele>
   </trkpt>
   <trkpt lat="56.0626190" lon="10.1543740">
    <ele>58.8</ele>
   </trkpt>
   <trkpt lat="56.0626480" lon="10.1542690">
    <ele>58.8</ele>
   </trkpt>
   <trkpt lat="56.0626800" lon="10.1541630">
    <ele>59.0</ele>
   </trkpt>
   <trkpt lat="56.0627160" lon="10.1540610">
    <ele>59.0</ele>
   </trkpt>
   <trkpt lat="56.0627550" lon="10.1539630">
    <ele>59.0</ele>
   </trkpt>
   <trkpt lat="56.0627990" lon="10.1538690">
    <ele>59.0</ele>
   </trkpt>
   <trkpt lat="56.0628450" lon="10.1537790">
    <ele>59.0</ele>
   </trkpt>
   <trkpt lat="56.0628910" lon="10.1536860">
    <ele>58.8</ele>
   </trkpt>
   <trkpt lat="56.0629390" lon="10.1535920">
    <ele>58.8</ele>
   </trkpt>
   <trkpt lat="56.0629870" lon="10.1534950">
    <ele>58.6</ele>
   </trkpt>
   <trkpt lat="56.0630370" lon="10.1533990">
    <ele>58.4</ele>
   </trkpt>
   <trkpt lat="56.0630870" lon="10.1533020">
    <ele>58.2</ele>
   </trkpt>
   <trkpt lat="56.0631360" lon="10.1532010">
    <ele>58.0</ele>
   </trkpt>
   <trkpt lat="56.0631830" lon="10.1530930">
    <ele>57.8</ele>
   </trkpt>
   <trkpt lat="56.0632250" lon="10.1529780">
    <ele>57.6</ele>
   </trkpt>
   <trkpt lat="56.0632610" lon="10.1528610">
    <ele>57.4</ele>
   </trkpt>
   <trkpt lat="56.0632930" lon="10.1527380">
    <ele>57.2</ele>
   </trkpt>
   <trkpt lat="56.0633210" lon="10.1526130">
    <ele>57.0</ele>
   </trkpt>
   <trkpt lat="56.0633450" lon="10.1524850">
    <ele>56.8</ele>
   </trkpt>
   <trkpt lat="56.0633660" lon="10.1523550">
    <ele>56.6</ele>
   </trkpt>
   <trkpt lat="56.0633820" lon="10.1522230">
    <ele>56.4</ele>
   </trkpt>
   <trkpt lat="56.0633940" lon="10.1520900">
    <ele>56.0</ele>
   </trkpt>
   <trkpt lat="56.0634080" lon="10.1519560">
    <ele>55.8</ele>
   </trkpt>
   <trkpt lat="56.0634300" lon="10.1518310">
    <ele>55.6</ele>
   </trkpt>
   <trkpt lat="56.0634560" lon="10.1517150">
    <ele>55.6</ele>
   </trkpt>
   <trkpt lat="56.0634790" lon="10.1515990">
    <ele>55.4</ele>
   </trkpt>
   <trkpt lat="56.0634990" lon="10.1514850">
    <ele>55.6</ele>
   </trkpt>
   <trkpt lat="56.0635160" lon="10.1513770">
    <ele>55.6</ele>
   </trkpt>
   <trkpt lat="56.0635370" lon="10.1512760">
    <ele>55.8</ele>
   </trkpt>
   <trkpt lat="56.0635560" lon="10.1511790">
    <ele>56.0</ele>
   </trkpt>
   <trkpt lat="56.0635670" lon="10.1510810">
    <ele>56.2</ele>
   </trkpt>
   <trkpt lat="56.0635630" lon="10.1509880">
    <ele>56.6</ele>
   </trkpt>
   <trkpt lat="56.0635400" lon="10.1509020">
    <ele>56.8</ele>
   </trkpt>
   <trkpt lat="56.0635100" lon="10.1508280">
    <ele>57.2</ele>
   </trkpt>
   <trkpt lat="56.0634710" lon="10.1507610">
    <ele>57.2</ele>
   </trkpt>
   <trkpt lat="56.0634240" lon="10.1507050">
    <ele>57.4</ele>
   </trkpt>
   <trkpt lat="56.0633760" lon="10.1506530">
    <ele>57.6</ele>
   </trkpt>
   <trkpt lat="56.0633290" lon="10.1505970">
    <ele>57.8</ele>
   </trkpt>
   <trkpt lat="56.0632850" lon="10.1505380">
    <ele>58.0</ele>
   </trkpt>
   <trkpt lat="56.0632440" lon="10.1504780">
    <ele>58.2</ele>
   </trkpt>
   <trkpt lat="56.0632020" lon="10.1504180">
    <ele>58.6</ele>
   </trkpt>
   <trkpt lat="56.0631610" lon="10.1503580">
    <ele>58.8</ele>
   </trkpt>
   <trkpt lat="56.0631190" lon="10.1502950">
    <ele>59.0</ele>
   </trkpt>
   <trkpt lat="56.0630780" lon="10.1502360">
    <ele>59.2</ele>
   </trkpt>
   <trkpt lat="56.0630370" lon="10.1501770">
    <ele>59.4</ele>
   </trkpt>
   <trkpt lat="56.0629940" lon="10.1501190">
    <ele>59.6</ele>
   </trkpt>
   <trkpt lat="56.0629510" lon="10.1500650">
    <ele>59.8</ele>
   </trkpt>
   <trkpt lat="56.0629090" lon="10.1500120">
    <ele>60.2</ele>
   </trkpt>
   <trkpt lat="56.0628680" lon="10.1499530">
    <ele>60.4</ele>
   </trkpt>
   <trkpt lat="56.0628260" lon="10.1498950">
    <ele>60.6</ele>
   </trkpt>
   <trkpt lat="56.0627880" lon="10.1498340">
    <ele>60.8</ele>
   </trkpt>
   <trkpt lat="56.0627490" lon="10.1497720">
    <ele>61.0</ele>
   </trkpt>
   <trkpt lat="56.0627110" lon="10.1497090">
    <ele>61.2</ele>
   </trkpt>
   <trkpt lat="56.0626750" lon="10.1496440">
    <ele>61.4</ele>
   </trkpt>
   <trkpt lat="56.0626390" lon="10.1495790">
    <ele>61.8</ele>
   </trkpt>
   <trkpt lat="56.0626030" lon="10.1495200">
    <ele>62.0</ele>
   </trkpt>
   <trkpt lat="56.0625670" lon="10.1494600">
    <ele>62.2</ele>
   </trkpt>
   <trkpt lat="56.0625320" lon="10.1493950">
    <ele>62.4</ele>
   </trkpt>
   <trkpt lat="56.0624980" lon="10.1493280">
    <ele>62.6</ele>
   </trkpt>
   <trkpt lat="56.0624640" lon="10.1492620">
    <ele>62.6</ele>
   </trkpt>
   <trkpt lat="56.0624300" lon="10.1491960">
    <ele>62.6</ele>
   </trkpt>
   <trkpt lat="56.0624000" lon="10.1491280">
    <ele>62.8</ele>
   </trkpt>
   <trkpt lat="56.0623700" lon="10.1490590">
    <ele>63.0</ele>
   </trkpt>
   <trkpt lat="56.0623380" lon="10.1489920">
    <ele>63.2</ele>
   </trkpt>
   <trkpt lat="56.0623060" lon="10.1489260">
    <ele>63.6</ele>
   </trkpt>
   <trkpt lat="56.0622740" lon="10.1488650">
    <ele>63.8</ele>
   </trkpt>
   <trkpt lat="56.0622410" lon="10.1488060">
    <ele>64.0</ele>
   </trkpt>
   <trkpt lat="56.0622070" lon="10.1487460">
    <ele>64.2</ele>
   </trkpt>
   <trkpt lat="56.0621720" lon="10.1486840">
    <ele>64.6</ele>
   </trkpt>
   <trkpt lat="56.0621380" lon="10.1486220">
    <ele>64.8</ele>
   </trkpt>
   <trkpt lat="56.0621020" lon="10.1485630">
    <ele>65.0</ele>
   </trkpt>
   <trkpt lat="56.0620650" lon="10.1485060">
    <ele>65.0</ele>
   </trkpt>
   <trkpt lat="56.0620270" lon="10.1484510">
    <ele>65.0</ele>
   </trkpt>
   <trkpt lat="56.0619880" lon="10.1483920">
    <ele>65.0</ele>
   </trkpt>
   <trkpt lat="56.0619520" lon="10.1483340">
    <ele>64.8</ele>
   </trkpt>
   <trkpt lat="56.0619150" lon="10.1482780">
    <ele>64.8</ele>
   </trkpt>
   <trkpt lat="56.0618750" lon="10.1482230">
    <ele>64.8</ele>
   </trkpt>
   <trkpt lat="56.0618340" lon="10.1481700">
    <ele>65.0</ele>
   </trkpt>
   <trkpt lat="56.0617930" lon="10.1481170">
    <ele>65.2</ele>
   </trkpt>
   <trkpt lat="56.0617520" lon="10.1480640">
    <ele>65.2</ele>
   </trkpt>
   <trkpt lat="56.0617110" lon="10.1480130">
    <ele>65.2</ele>
   </trkpt>
   <trkpt lat="56.0616710" lon="10.1479600">
    <ele>65.2</ele>
   </trkpt>
   <trkpt lat="56.0616320" lon="10.1479020">
    <ele>65.0</ele>
   </trkpt>
   <trkpt lat="56.0615920" lon="10.1478490">
    <ele>65.0</ele>
   </trkpt>
   <trkpt lat="56.0615490" lon="10.1478060">
    <ele>65.0</ele>
   </trkpt>
   <trkpt lat="56.0615050" lon="10.1477690">
    <ele>64.8</ele>
   </trkpt>
   <trkpt lat="56.0614580" lon="10.1477470">
    <ele>64.8</ele>
   </trkpt>
   <trkpt lat="56.0614100" lon="10.1477540">
    <ele>64.8</ele>
   </trkpt>
   <trkpt lat="56.0613650" lon="10.1477950">
    <ele>64.8</ele>
   </trkpt>
   <trkpt lat="56.0613230" lon="10.1478580">
    <ele>64.8</ele>
   </trkpt>
   <trkpt lat="56.0612790" lon="10.1479270">
    <ele>64.8</ele>
   </trkpt>
   <trkpt lat="56.0612330" lon="10.1479990">
    <ele>64.6</ele>
   </trkpt>
   <trkpt lat="56.0611840" lon="10.1480720">
    <ele>64.4</ele>
   </trkpt>
   <trkpt lat="56.0611330" lon="10.1481470">
    <ele>64.2</ele>
   </trkpt>
   <trkpt lat="56.0610790" lon="10.1482250">
    <ele>63.8</ele>
   </trkpt>
   <trkpt lat="56.0610230" lon="10.1483050">
    <ele>63.4</ele>
   </trkpt>
   <trkpt lat="56.0609640" lon="10.1483830">
    <ele>63.2</ele>
   </trkpt>
   <trkpt lat="56.0609030" lon="10.1484640">
    <ele>62.8</ele>
   </trkpt>
   <trkpt lat="56.0608380" lon="10.1485430">
    <ele>62.4</ele>
   </trkpt>
   <trkpt lat="56.0607720" lon="10.1486210">
    <ele>62.0</ele>
   </trkpt>
   <trkpt lat="56.0607040" lon="10.1486980">
    <ele>61.6</ele>
   </trkpt>
   <trkpt lat="56.0606350" lon="10.1487750">
    <ele>61.2</ele>
   </trkpt>
   <trkpt lat="56.0605670" lon="10.1488540">
    <ele>61.0</ele>
   </trkpt>
   <trkpt lat="56.0605000" lon="10.1489380">
    <ele>60.6</ele>
   </trkpt>
   <trkpt lat="56.0604340" lon="10.1490240">
    <ele>60.4</ele>
   </trkpt>
   <trkpt lat="56.0603670" lon="10.1491120">
    <ele>60.2</ele>
   </trkpt>
   <trkpt lat="56.0603010" lon="10.1492000">
    <ele>60.0</ele>
   </trkpt>
   <trkpt lat="56.0602360" lon="10.1492890">
    <ele>59.8</ele>
   </trkpt>
   <trkpt lat="56.0601730" lon="10.1493820">
    <ele>59.6</ele>
   </trkpt>
   <trkpt lat="56.0601110" lon="10.1494780">
    <ele>59.4</ele>
   </trkpt>
   <trkpt lat="56.0600520" lon="10.1495740">
    <ele>59.4</ele>
   </trkpt>
   <trkpt lat="56.0599940" lon="10.1496710">
    <ele>59.2</ele>
   </trkpt>
   <trkpt lat="56.0599380" lon="10.1497690">
    <ele>59.2</ele>
   </trkpt>
   <trkpt lat="56.0598830" lon="10.1498640">
    <ele>59.2</ele>
   </trkpt>
   <trkpt lat="56.0598270" lon="10.1499610">
    <ele>59.2</ele>
   </trkpt>
   <trkpt lat="56.0597730" lon="10.1500590">
    <ele>59.2</ele>
   </trkpt>
   <trkpt lat="56.0597200" lon="10.1501610">
    <ele>59.0</ele>
   </trkpt>
   <trkpt lat="56.0596680" lon="10.1502670">
    <ele>59.0</ele>
   </trkpt>
   <trkpt lat="56.0596170" lon="10.1503740">
    <ele>59.0</ele>
   </trkpt>
   <trkpt lat="56.0595670" lon="10.1504800">
    <ele>59.0</ele>
   </trkpt>
   <trkpt lat="56.0595170" lon="10.1505920">
    <ele>58.8</ele>
   </trkpt>
   <trkpt lat="56.0594670" lon="10.1507040">
    <ele>58.8</ele>
   </trkpt>
   <trkpt lat="56.0594180" lon="10.1508140">
    <ele>58.8</ele>
   </trkpt>
   <trkpt lat="56.0593690" lon="10.1509240">
    <ele>58.6</ele>
   </trkpt>
   <trkpt lat="56.0593190" lon="10.1510370">
    <ele>58.4</ele>
   </trkpt>
   <trkpt lat="56.0592720" lon="10.1511560">
    <ele>58.2</ele>
   </trkpt>
   <trkpt lat="56.0592290" lon="10.1512780">
    <ele>58.0</ele>
   </trkpt>
   <trkpt lat="56.0591900" lon="10.1513990">
    <ele>57.8</ele>
   </trkpt>
   <trkpt lat="56.0591510" lon="10.1515190">
    <ele>57.8</ele>
   </trkpt>
   <trkpt lat="56.0591140" lon="10.1516350">
    <ele>57.8</ele>
   </trkpt>
   <trkpt lat="56.0590830" lon="10.1517520">
    <ele>57.8</ele>
   </trkpt>
   <trkpt lat="56.0590610" lon="10.1518750">
    <ele>58.0</ele>
   </trkpt>
   <trkpt lat="56.0590460" lon="10.1520000">
    <ele>58.4</ele>
   </trkpt>
   <trkpt lat="56.0590320" lon="10.1521260">
    <ele>58.6</ele>
   </trkpt>
   <trkpt lat="56.0590110" lon="10.1522470">
    <ele>58.8</ele>
   </trkpt>
   <trkpt lat="56.0589800" lon="10.1523620">
    <ele>58.8</ele>
   </trkpt>
   <trkpt lat="56.0589390" lon="10.1524680">
    <ele>59.0</ele>
   </trkpt>
   <trkpt lat="56.0588910" lon="10.1525630">
    <ele>59.0</ele>
   </trkpt>
   <trkpt lat="56.0588400" lon="10.1526540">
    <ele>59.0</ele>
   </trkpt>
   <trkpt lat="56.0587890" lon="10.1527470">
    <ele>58.8</ele>
   </trkpt>
   <trkpt lat="56.0587390" lon="10.1528410">
    <ele>58.8</ele>
   </trkpt>
   <trkpt lat="56.0586880" lon="10.1529350">
    <ele>58.8</ele>
   </trkpt>
   <trkpt lat="56.0586390" lon="10.1530320">
    <ele>58.8</ele>
   </trkpt>
   <trkpt lat="56.0585920" lon="10.1531290">
    <ele>58.6</ele>
   </trkpt>
   <trkpt lat="56.0585450" lon="10.1532300">
    <ele>58.6</ele>
   </trkpt>
   <trkpt lat="56.0584980" lon="10.1533300">
    <ele>58.8</ele>
   </trkpt>
   <trkpt lat="56.0584530" lon="10.1534320">
    <ele>58.8</ele>
   </trkpt>
   <trkpt lat="56.0584090" lon="10.1535330">
    <ele>58.8</ele>
   </trkpt>
   <trkpt lat="56.0583620" lon="10.1536320">
    <ele>58.8</ele>
   </trkpt>
   <trkpt lat="56.0583100" lon="10.1537240">
    <ele>58.8</ele>
   </trkpt>
   <trkpt lat="56.0582500" lon="10.1538040">
    <ele>58.8</ele>
   </trkpt>
   <trkpt lat="56.0581860" lon="10.1538690">
    <ele>58.8</ele>
   </trkpt>
   <trkpt lat="56.0581190" lon="10.1539230">
    <ele>58.8</ele>
   </trkpt>
   <trkpt lat="56.0580500" lon="10.1539690">
    <ele>58.6</ele>
   </trkpt>
   <trkpt lat="56.0579810" lon="10.1540070">
    <ele>58.6</ele>
   </trkpt>
   <trkpt lat="56.0579130" lon="10.1540440">
    <ele>58.6</ele>
   </trkpt>
   <trkpt lat="56.0578450" lon="10.1540810">
    <ele>58.6</ele>
   </trkpt>
   <trkpt lat="56.0577790" lon="10.1541230">
    <ele>58.6</ele>
   </trkpt>
   <trkpt lat="56.0577150" lon="10.1541730">
    <ele>58.6</ele>
   </trkpt>
   <trkpt lat="56.0576580" lon="10.1542370">
    <ele>58.8</ele>
   </trkpt>
   <trkpt lat="56.0576100" lon="10.1543210">
    <ele>58.8</ele>
   </trkpt>
   <trkpt lat="56.0575720" lon="10.1544140">
    <ele>58.8</ele>
   </trkpt>
   <trkpt lat="56.0575460" lon="10.1545140">
    <ele>58.8</ele>
   </trkpt>
   <trkpt lat="56.0575300" lon="10.1546170">
    <ele>59.0</ele>
   </trkpt>
   <trkpt lat="56.0575240" lon="10.1547170">
    <ele>59.0</ele>
   </trkpt>
   <trkpt lat="56.0575280" lon="10.1547950">
    <ele>59.2</ele>
   </trkpt>
   <trkpt lat="56.0575360" lon="10.1548420">
    <ele>59.4</ele>
   </trkpt>
   <trkpt lat="56.0575410" lon="10.1548760">
    <ele>59.6</ele>
   </trkpt>
   <trkpt lat="56.0575360" lon="10.1549050">
    <ele>59.6</ele>
   </trkpt>
   <trkpt lat="56.0575220" lon="10.1549300">
    <ele>59.6</ele>
   </trkpt>
   <trkpt lat="56.0575000" lon="10.1549480">
    <ele>59.6</ele>
   </trkpt>
   <trkpt lat="56.0574720" lon="10.1549590">
    <ele>59.6</ele>
   </trkpt>
   <trkpt lat="56.0574410" lon="10.1549670">
    <ele>59.6</ele>
   </trkpt>
   <trkpt lat="56.0574080" lon="10.1549770">
    <ele>59.6</ele>
   </trkpt>
   <trkpt lat="56.0573760" lon="10.1549860">
    <ele>59.6</ele>
   </trkpt>
   <trkpt lat="56.0573430" lon="10.1549980">
    <ele>59.8</ele>
   </trkpt>
   <trkpt lat="56.0573090" lon="10.1550130">
    <ele>59.8</ele>
   </trkpt>
   <trkpt lat="56.0572710" lon="10.1550270">
    <ele>60.0</ele>
   </trkpt>
   <trkpt lat="56.0572330" lon="10.1550370">
    <ele>60.2</ele>
   </trkpt>
   <trkpt lat="56.0571940" lon="10.1550480">
    <ele>60.2</ele>
   </trkpt>
   <trkpt lat="56.0571540" lon="10.1550560">
    <ele>60.4</ele>
   </trkpt>
   <trkpt lat="56.0571120" lon="10.1550620">
    <ele>60.6</ele>
   </trkpt>
   <trkpt lat="56.0570690" lon="10.1550650">
    <ele>60.6</ele>
   </trkpt>
   <trkpt lat="56.0570240" lon="10.1550670">
    <ele>60.8</ele>
   </trkpt>
   <trkpt lat="56.0569790" lon="10.1550730">
    <ele>61.0</ele>
   </trkpt>
   <trkpt lat="56.0569320" lon="10.1550800">
    <ele>61.0</ele>
   </trkpt>
   <trkpt lat="56.0568860" lon="10.1550840">
    <ele>61.2</ele>
   </trkpt>
   <trkpt lat="56.0568400" lon="10.1550850">
    <ele>61.4</ele>
   </trkpt>
   <trkpt lat="56.0567930" lon="10.1550850">
    <ele>61.6</ele>
   </trkpt>
   <trkpt lat="56.0567460" lon="10.1550860">
    <ele>61.8</ele>
   </trkpt>
   <trkpt lat="56.0566980" lon="10.1550860">
    <ele>62.0</ele>
   </trkpt>
   <trkpt lat="56.0566480" lon="10.1550850">
    <ele>62.0</ele>
   </trkpt>
   <trkpt lat="56.0565980" lon="10.1550830">
    <ele>62.2</ele>
   </trkpt>
   <trkpt lat="56.0565480" lon="10.1550770">
    <ele>62.2</ele>
   </trkpt>
   <trkpt lat="56.0564970" lon="10.1550680">
    <ele>62.4</ele>
   </trkpt>
   <trkpt lat="56.0564460" lon="10.1550590">
    <ele>62.4</ele>
   </trkpt>
   <trkpt lat="56.0563930" lon="10.1550530">
    <ele>62.6</ele>
   </trkpt>
   <trkpt lat="56.0563400" lon="10.1550450">
    <ele>62.6</ele>
   </trkpt>
   <trkpt lat="56.0562870" lon="10.1550330">
    <ele>62.6</ele>
   </trkpt>
   <trkpt lat="56.0562340" lon="10.1550170">
    <ele>62.6</ele>
   </trkpt>
   <trkpt lat="56.0561800" lon="10.1550010">
    <ele>62.6</ele>
   </trkpt>
   <trkpt lat="56.0561240" lon="10.1549870">
    <ele>62.6</ele>
   </trkpt>
   <trkpt lat="56.0560690" lon="10.1549690">
    <ele>62.6</ele>
   </trkpt>
   <trkpt lat="56.0560160" lon="10.1549470">
    <ele>62.6</ele>
   </trkpt>
   <trkpt lat="56.0559620" lon="10.1549280">
    <ele>62.6</ele>
   </trkpt>
   <trkpt lat="56.0559090" lon="10.1549090">
    <ele>62.6</ele>
   </trkpt>
   <trkpt lat="56.0558550" lon="10.1548880">
    <ele>62.4</ele>
   </trkpt>
   <trkpt lat="56.0558000" lon="10.1548650">
    <ele>62.4</ele>
   </trkpt>
   <trkpt lat="56.0557440" lon="10.1548420">
    <ele>62.4</ele>
   </trkpt>
   <trkpt lat="56.0556880" lon="10.1548160">
    <ele>62.2</ele>
   </trkpt>
   <trkpt lat="56.0556330" lon="10.1547880">
    <ele>62.2</ele>
   </trkpt>
   <trkpt lat="56.0555750" lon="10.1547630">
    <ele>62.2</ele>
   </trkpt>
   <trkpt lat="56.0555180" lon="10.1547390">
    <ele>62.2</ele>
   </trkpt>
   <trkpt lat="56.0554610" lon="10.1547140">
    <ele>62.2</ele>
   </trkpt>
   <trkpt lat="56.0554030" lon="10.1546860">
    <ele>62.4</ele>
   </trkpt>
   <trkpt lat="56.0553470" lon="10.1546580">
    <ele>62.4</ele>
   </trkpt>
   <trkpt lat="56.0552910" lon="10.1546300">
    <ele>62.6</ele>
   </trkpt>
   <trkpt lat="56.0552350" lon="10.1546030">
    <ele>62.6</ele>
   </trkpt>
   <trkpt lat="56.0551790" lon="10.1545720">
    <ele>62.6</ele>
   </trkpt>
   <trkpt lat="56.0551250" lon="10.1545400">
    <ele>62.8</ele>
   </trkpt>
   <trkpt lat="56.0550690" lon="10.1545100">
    <ele>63.0</ele>
   </trkpt>
   <trkpt lat="56.0550150" lon="10.1544790">
    <ele>63.2</ele>
   </trkpt>
   <trkpt lat="56.0549620" lon="10.1544430">
    <ele>63.2</ele>
   </trkpt>
   <trkpt lat="56.0549100" lon="10.1544070">
    <ele>63.4</ele>
   </trkpt>
   <trkpt lat="56.0548560" lon="10.1543750">
    <ele>63.4</ele>
   </trkpt>
   <trkpt lat="56.0548020" lon="10.1543420">
    <ele>63.4</ele>
   </trkpt>
   <trkpt lat="56.0547490" lon="10.1543030">
    <ele>63.4</ele>
   </trkpt>
   <trkpt lat="56.0546960" lon="10.1542620">
    <ele>63.4</ele>
   </trkpt>
   <trkpt lat="56.0546430" lon="10.1542210">
    <ele>63.4</ele>
   </trkpt>
   <trkpt lat="56.0545890" lon="10.1541820">
    <ele>63.4</ele>
   </trkpt>
   <trkpt lat="56.0545350" lon="10.1541410">
    <ele>63.6</ele>
   </trkpt>
   <trkpt lat="56.0544800" lon="10.1541030">
    <ele>63.6</ele>
   </trkpt>
   <trkpt lat="56.0544260" lon="10.1540640">
    <ele>63.6</ele>
   </trkpt>
   <trkpt lat="56.0543720" lon="10.1540240">
    <ele>63.8</ele>
   </trkpt>
   <trkpt lat="56.0543170" lon="10.1539860">
    <ele>63.8</ele>
   </trkpt>
   <trkpt lat="56.0542640" lon="10.1539510">
    <ele>63.8</ele>
   </trkpt>
   <trkpt lat="56.0542100" lon="10.1539170">
    <ele>63.8</ele>
   </trkpt>
   <trkpt lat="56.0541550" lon="10.1538860">
    <ele>63.8</ele>
   </trkpt>
   <trkpt lat="56.0541000" lon="10.1538460">
    <ele>63.8</ele>
   </trkpt>
   <trkpt lat="56.0540440" lon="10.1538080">
    <ele>63.8</ele>
   </trkpt>
   <trkpt lat="56.0539870" lon="10.1537720">
    <ele>63.8</ele>
   </trkpt>
   <trkpt lat="56.0539280" lon="10.1537340">
    <ele>63.6</ele>
   </trkpt>
   <trkpt lat="56.0538680" lon="10.1536920">
    <ele>63.4</ele>
   </trkpt>
   <trkpt lat="56.0538060" lon="10.1536500">
    <ele>63.2</ele>
   </trkpt>
   <trkpt lat="56.0537410" lon="10.1536090">
    <ele>62.8</ele>
   </trkpt>
   <trkpt lat="56.0536750" lon="10.1535680">
    <ele>62.4</ele>
   </trkpt>
   <trkpt lat="56.0536070" lon="10.1535280">
    <ele>62.2</ele>
   </trkpt>
   <trkpt lat="56.0535380" lon="10.1534850">
    <ele>61.8</ele>
   </trkpt>
   <trkpt lat="56.0534670" lon="10.1534420">
    <ele>61.6</ele>
   </trkpt>
   <trkpt lat="56.0533930" lon="10.1533960">
    <ele>61.6</ele>
   </trkpt>
   <trkpt lat="56.0533160" lon="10.1533490">
    <ele>61.6</ele>
   </trkpt>
   <trkpt lat="56.0532370" lon="10.1533050">
    <ele>61.4</ele>
   </trkpt>
   <trkpt lat="56.0531590" lon="10.1532610">
    <ele>61.4</ele>
   </trkpt>
   <trkpt lat="56.0530810" lon="10.1532180">
    <ele>61.6</ele>
   </trkpt>
   <trkpt lat="56.0530060" lon="10.1531750">
    <ele>61.6</ele>
   </trkpt>
   <trkpt lat="56.0529330" lon="10.1531230">
    <ele>61.6</ele>
   </trkpt>
   <trkpt lat="56.0528610" lon="10.1530660">
    <ele>61.8</ele>
   </trkpt>
   <trkpt lat="56.0527900" lon="10.1530040">
    <ele>62.0</ele>
   </trkpt>
   <trkpt lat="56.0527210" lon="10.1529400">
    <ele>62.2</ele>
   </trkpt>
   <trkpt lat="56.0526550" lon="10.1528760">
    <ele>62.2</ele>
   </trkpt>
   <trkpt lat="56.0525890" lon="10.1528110">
    <ele>62.2</ele>
   </trkpt>
   <trkpt lat="56.0525200" lon="10.1527480">
    <ele>62.2</ele>
   </trkpt>
   <trkpt lat="56.0524500" lon="10.1526820">
    <ele>62.0</ele>
   </trkpt>
   <trkpt lat="56.0523800" lon="10.1526200">
    <ele>62.0</ele>
   </trkpt>
   <trkpt lat="56.0523090" lon="10.1525590">
    <ele>61.8</ele>
   </trkpt>
   <trkpt lat="56.0522370" lon="10.1525010">
    <ele>61.6</ele>
   </trkpt>
   <trkpt lat="56.0521640" lon="10.1524450">
    <ele>61.4</ele>
   </trkpt>
   <trkpt lat="56.0520920" lon="10.1523900">
    <ele>61.4</ele>
   </trkpt>
   <trkpt lat="56.0520220" lon="10.1523360">
    <ele>61.2</ele>
   </trkpt>
   <trkpt lat="56.0519510" lon="10.1522840">
    <ele>61.0</ele>
   </trkpt>
   <trkpt lat="56.0518810" lon="10.1522330">
    <ele>60.8</ele>
   </trkpt>
   <trkpt lat="56.0518110" lon="10.1521850">
    <ele>60.8</ele>
   </trkpt>
   <trkpt lat="56.0517400" lon="10.1521420">
    <ele>60.6</ele>
   </trkpt>
   <trkpt lat="56.0516670" lon="10.1521010">
    <ele>60.6</ele>
   </trkpt>
   <trkpt lat="56.0515960" lon="10.1520530">
    <ele>60.6</ele>
   </trkpt>
   <trkpt lat="56.0515250" lon="10.1519980">
    <ele>60.6</ele>
   </trkpt>
   <trkpt lat="56.0514550" lon="10.1519400">
    <ele>60.6</ele>
   </trkpt>
   <trkpt lat="56.0513880" lon="10.1518780">
    <ele>60.6</ele>
   </trkpt>
   <trkpt lat="56.0513240" lon="10.1518110">
    <ele>60.4</ele>
   </trkpt>
   <trkpt lat="56.0512620" lon="10.1517430">
    <ele>60.4</ele>
   </trkpt>
   <trkpt lat="56.0512030" lon="10.1516720">
    <ele>60.4</ele>
   </trkpt>
   <trkpt lat="56.0511470" lon="10.1515960">
    <ele>60.2</ele>
   </trkpt>
   <trkpt lat="56.0510940" lon="10.1515190">
    <ele>60.2</ele>
   </trkpt>
   <trkpt lat="56.0510430" lon="10.1514390">
    <ele>60.2</ele>
   </trkpt>
   <trkpt lat="56.0509920" lon="10.1513590">
    <ele>60.2</ele>
   </trkpt>
   <trkpt lat="56.0509420" lon="10.1512840">
    <ele>60.4</ele>
   </trkpt>
   <trkpt lat="56.0508900" lon="10.1512070">
    <ele>60.6</ele>
   </trkpt>
   <trkpt lat="56.0508400" lon="10.1511330">
    <ele>60.8</ele>
   </trkpt>
   <trkpt lat="56.0507900" lon="10.1510620">
    <ele>61.2</ele>
   </trkpt>
   <trkpt lat="56.0507380" lon="10.1509920">
    <ele>61.8</ele>
   </trkpt>
   <trkpt lat="56.0506850" lon="10.1509270">
    <ele>62.0</ele>
   </trkpt>
   <trkpt lat="56.0506290" lon="10.1508680">
    <ele>62.4</ele>
   </trkpt>
   <trkpt lat="56.0505710" lon="10.1508150">
    <ele>62.6</ele>
   </trkpt>
   <trkpt lat="56.0505110" lon="10.1507740">
    <ele>62.8</ele>
   </trkpt>
   <trkpt lat="56.0504500" lon="10.1507420">
    <ele>63.0</ele>
   </trkpt>
   <trkpt lat="56.0503870" lon="10.1507210">
    <ele>63.2</ele>
   </trkpt>
   <trkpt lat="56.0503230" lon="10.1507040">
    <ele>63.6</ele>
   </trkpt>
   <trkpt lat="56.0502620" lon="10.1506920">
    <ele>64.0</ele>
   </trkpt>
   <trkpt lat="56.0501990" lon="10.1506900">
    <ele>64.4</ele>
   </trkpt>
   <trkpt lat="56.0501360" lon="10.1507000">
    <ele>64.6</ele>
   </trkpt>
   <trkpt lat="56.0500760" lon="10.1507200">
    <ele>64.8</ele>
   </trkpt>
   <trkpt lat="56.0500160" lon="10.1507540">
    <ele>64.8</ele>
   </trkpt>
   <trkpt lat="56.0499550" lon="10.1508050">
    <ele>64.8</ele>
   </trkpt>
   <trkpt lat="56.0498980" lon="10.1508730">
    <ele>64.6</ele>
   </trkpt>
   <trkpt lat="56.0498430" lon="10.1509530">
    <ele>64.6</ele>
   </trkpt>
   <trkpt lat="56.0497920" lon="10.1510420">
    <ele>64.6</ele>
   </trkpt>
   <trkpt lat="56.0497430" lon="10.1511360">
    <ele>64.6</ele>
   </trkpt>
   <trkpt lat="56.0496920" lon="10.1512320">
    <ele>64.6</ele>
   </trkpt>
   <trkpt lat="56.0496380" lon="10.1513260">
    <ele>64.6</ele>
   </trkpt>
   <trkpt lat="56.0495820" lon="10.1514140">
    <ele>64.4</ele>
   </trkpt>
   <trkpt lat="56.0495220" lon="10.1515000">
    <ele>64.2</ele>
   </trkpt>
   <trkpt lat="56.0494580" lon="10.1515750">
    <ele>64.2</ele>
   </trkpt>
   <trkpt lat="56.0493890" lon="10.1516310">
    <ele>64.2</ele>
   </trkpt>
   <trkpt lat="56.0493170" lon="10.1516710">
    <ele>64.2</ele>
   </trkpt>
   <trkpt lat="56.0492430" lon="10.1516950">
    <ele>64.2</ele>
   </trkpt>
   <trkpt lat="56.0491690" lon="10.1517150">
    <ele>64.4</ele>
   </trkpt>
   <trkpt lat="56.0490980" lon="10.1517380">
    <ele>64.4</ele>
   </trkpt>
   <trkpt lat="56.0490250" lon="10.1517610">
    <ele>64.4</ele>
   </trkpt>
   <trkpt lat="56.0489540" lon="10.1517860">
    <ele>64.4</ele>
   </trkpt>
   <trkpt lat="56.0488830" lon="10.1518110">
    <ele>64.6</ele>
   </trkpt>
   <trkpt lat="56.0488130" lon="10.1518330">
    <ele>64.8</ele>
   </trkpt>
   <trkpt lat="56.0487430" lon="10.1518540">
    <ele>65.0</ele>
   </trkpt>
   <trkpt lat="56.0486760" lon="10.1518800">
    <ele>65.2</ele>
   </trkpt>
   <trkpt lat="56.0486110" lon="10.1519040">
    <ele>65.6</ele>
   </trkpt>
   <trkpt lat="56.0485480" lon="10.1519240">
    <ele>65.8</ele>
   </trkpt>
   <trkpt lat="56.0484870" lon="10.1519410">
    <ele>66.2</ele>
   </trkpt>
   <trkpt lat="56.0484240" lon="10.1519580">
    <ele>66.6</ele>
   </trkpt>
   <trkpt lat="56.0483590" lon="10.1519750">
    <ele>66.8</ele>
   </trkpt>
   <trkpt lat="56.0482920" lon="10.1519830">
    <ele>67.0</ele>
   </trkpt>
   <trkpt lat="56.0482230" lon="10.1519820">
    <ele>67.2</ele>
   </trkpt>
   <trkpt lat="56.0481590" lon="10.1519690">
    <ele>67.2</ele>
   </trkpt>
   <trkpt lat="56.0480940" lon="10.1519420">
    <ele>67.2</ele>
   </trkpt>
   <trkpt lat="56.0480310" lon="10.1518990">
    <ele>67.2</ele>
   </trkpt>
   <trkpt lat="56.0479690" lon="10.1518480">
    <ele>67.2</ele>
   </trkpt>
   <trkpt lat="56.0479110" lon="10.1517960">
    <ele>67.2</ele>
   </trkpt>
   <trkpt lat="56.0478550" lon="10.1517440">
    <ele>67.2</ele>
   </trkpt>
   <trkpt lat="56.0478040" lon="10.1516930">
    <ele>67.2</ele>
   </trkpt>
   <trkpt lat="56.0477640" lon="10.1516470">
    <ele>67.4</ele>
   </trkpt>
   <trkpt lat="56.0477350" lon="10.1516080">
    <ele>67.4</ele>
   </trkpt>
   <trkpt lat="56.0477100" lon="10.1515670">
    <ele>67.6</ele>
   </trkpt>
   <trkpt lat="56.0476870" lon="10.1515150">
    <ele>67.8</ele>
   </trkpt>
   <trkpt lat="56.0476580" lon="10.1514560">
    <ele>67.8</ele>
   </trkpt>
   <trkpt lat="56.0476200" lon="10.1514000">
    <ele>67.8</ele>
   </trkpt>
   <trkpt lat="56.0475760" lon="10.1513480">
    <ele>68.0</ele>
   </trkpt>
   <trkpt lat="56.0475270" lon="10.1513030">
    <ele>67.8</ele>
   </trkpt>
   <trkpt lat="56.0474730" lon="10.1512710">
    <ele>68.0</ele>
   </trkpt>
   <trkpt lat="56.0474170" lon="10.1512520">
    <ele>68.0</ele>
   </trkpt>
   <trkpt lat="56.0473610" lon="10.1512450">
    <ele>68.0</ele>
   </trkpt>
   <trkpt lat="56.0473050" lon="10.1512470">
    <ele>67.8</ele>
   </trkpt>
   <trkpt lat="56.0472490" lon="10.1512600">
    <ele>67.8</ele>
   </trkpt>
   <trkpt lat="56.0471920" lon="10.1512790">
    <ele>67.8</ele>
   </trkpt>
   <trkpt lat="56.0471360" lon="10.1513050">
    <ele>67.6</ele>
   </trkpt>
   <trkpt lat="56.0470830" lon="10.1513290">
    <ele>67.6</ele>
   </trkpt>
   <trkpt lat="56.0470290" lon="10.1513500">
    <ele>67.4</ele>
   </trkpt>
   <trkpt lat="56.0469760" lon="10.1513610">
    <ele>67.4</ele>
   </trkpt>
   <trkpt lat="56.0469270" lon="10.1513640">
    <ele>67.2</ele>
   </trkpt>
   <trkpt lat="56.0468770" lon="10.1513570">
    <ele>67.0</ele>
   </trkpt>
   <trkpt lat="56.0468240" lon="10.1513400">
    <ele>67.2</ele>
   </trkpt>
   <trkpt lat="56.0467710" lon="10.1513120">
    <ele>67.0</ele>
   </trkpt>
   <trkpt lat="56.0467170" lon="10.1512750">
    <ele>67.2</ele>
   </trkpt>
   <trkpt lat="56.0466610" lon="10.1512260">
    <ele>67.2</ele>
   </trkpt>
   <trkpt lat="56.0466100" lon="10.1511600">
    <ele>67.4</ele>
   </trkpt>
   <trkpt lat="56.0465630" lon="10.1510860">
    <ele>67.4</ele>
   </trkpt>
   <trkpt lat="56.0465200" lon="10.1510050">
    <ele>67.4</ele>
   </trkpt>
   <trkpt lat="56.0464800" lon="10.1509150">
    <ele>67.6</ele>
   </trkpt>
   <trkpt lat="56.0464450" lon="10.1508200">
    <ele>67.6</ele>
   </trkpt>
   <trkpt lat="56.0464120" lon="10.1507210">
    <ele>67.6</ele>
   </trkpt>
   <trkpt lat="56.0463780" lon="10.1506210">
    <ele>67.8</ele>
   </trkpt>
   <trkpt lat="56.0463450" lon="10.1505200">
    <ele>67.8</ele>
   </trkpt>
   <trkpt lat="56.0463100" lon="10.1504180">
    <ele>68.0</ele>
   </trkpt>
   <trkpt lat="56.0462730" lon="10.1503180">
    <ele>68.2</ele>
   </trkpt>
   <trkpt lat="56.0462330" lon="10.1502190">
    <ele>68.4</ele>
   </trkpt>
   <trkpt lat="56.0461900" lon="10.1501210">
    <ele>68.4</ele>
   </trkpt>
   <trkpt lat="56.0461430" lon="10.1500280">
    <ele>68.6</ele>
   </trkpt>
   <trkpt lat="56.0460940" lon="10.1499410">
    <ele>68.6</ele>
   </trkpt>
   <trkpt lat="56.0460420" lon="10.1498610">
    <ele>68.6</ele>
   </trkpt>
   <trkpt lat="56.0459910" lon="10.1497820">
    <ele>68.6</ele>
   </trkpt>
   <trkpt lat="56.0459400" lon="10.1497060">
    <ele>68.6</ele>
   </trkpt>
   <trkpt lat="56.0458890" lon="10.1496320">
    <ele>68.8</ele>
   </trkpt>
   <trkpt lat="56.0458420" lon="10.1495530">
    <ele>69.0</ele>
   </trkpt>
   <trkpt lat="56.0457960" lon="10.1494720">
    <ele>69.2</ele>
   </trkpt>
   <trkpt lat="56.0457530" lon="10.1493880">
    <ele>69.4</ele>
   </trkpt>
   <trkpt lat="56.0457110" lon="10.1493040">
    <ele>69.6</ele>
   </trkpt>
   <trkpt lat="56.0456690" lon="10.1492150">
    <ele>69.6</ele>
   </trkpt>
   <trkpt lat="56.0456280" lon="10.1491160">
    <ele>69.6</ele>
   </trkpt>
   <trkpt lat="56.0455880" lon="10.1490160">
    <ele>69.4</ele>
   </trkpt>
   <trkpt lat="56.0455470" lon="10.1489150">
    <ele>69.2</ele>
   </trkpt>
   <trkpt lat="56.0455070" lon="10.1488130">
    <ele>69.0</ele>
   </trkpt>
   <trkpt lat="56.0454660" lon="10.1487080">
    <ele>68.8</ele>
   </trkpt>
   <trkpt lat="56.0454220" lon="10.1486100">
    <ele>68.6</ele>
   </trkpt>
   <trkpt lat="56.0453770" lon="10.1485130">
    <ele>68.6</ele>
   </trkpt>
   <trkpt lat="56.0453310" lon="10.1484210">
    <ele>68.6</ele>
   </trkpt>
   <trkpt lat="56.0452790" lon="10.1483380">
    <ele>68.4</ele>
   </trkpt>
   <trkpt lat="56.0452240" lon="10.1482620">
    <ele>68.2</ele>
   </trkpt>
   <trkpt lat="56.0451660" lon="10.1481900">
    <ele>68.2</ele>
   </trkpt>
   <trkpt lat="56.0451070" lon="10.1481250">
    <ele>68.2</ele>
   </trkpt>
   <trkpt lat="56.0450440" lon="10.1480690">
    <ele>68.4</ele>
   </trkpt>
   <trkpt lat="56.0449800" lon="10.1480230">
    <ele>68.8</ele>
   </trkpt>
   <trkpt lat="56.0449150" lon="10.1479840">
    <ele>69.0</ele>
   </trkpt>
   <trkpt lat="56.0448500" lon="10.1479450">
    <ele>69.2</ele>
   </trkpt>
   <trkpt lat="56.0447860" lon="10.1479060">
    <ele>69.2</ele>
   </trkpt>
   <trkpt lat="56.0447220" lon="10.1478670">
    <ele>69.2</ele>
   </trkpt>
   <trkpt lat="56.0446570" lon="10.1478280">
    <ele>69.2</ele>
   </trkpt>
   <trkpt lat="56.0445920" lon="10.1477900">
    <ele>69.0</ele>
   </trkpt>
   <trkpt lat="56.0445270" lon="10.1477490">
    <ele>69.0</ele>
   </trkpt>
   <trkpt lat="56.0444630" lon="10.1477090">
    <ele>69.0</ele>
   </trkpt>
   <trkpt lat="56.0443990" lon="10.1476710">
    <ele>69.2</ele>
   </trkpt>
   <trkpt lat="56.0443350" lon="10.1476340">
    <ele>69.2</ele>
   </trkpt>
   <trkpt lat="56.0442730" lon="10.1475970">
    <ele>69.4</ele>
   </trkpt>
   <trkpt lat="56.0442110" lon="10.1475590">
    <ele>69.6</ele>
   </trkpt>
   <trkpt lat="56.0441490" lon="10.1475230">
    <ele>69.8</ele>
   </trkpt>
   <trkpt lat="56.0440900" lon="10.1474870">
    <ele>69.8</ele>
   </trkpt>
   <trkpt lat="56.0440310" lon="10.1474520">
    <ele>69.8</ele>
   </trkpt>
   <trkpt lat="56.0439770" lon="10.1474170">
    <ele>70.0</ele>
   </trkpt>
   <trkpt lat="56.0439240" lon="10.1473810">
    <ele>70.2</ele>
   </trkpt>
   <trkpt lat="56.0438730" lon="10.1473470">
    <ele>70.4</ele>
   </trkpt>
   <trkpt lat="56.0438210" lon="10.1473120">
    <ele>70.6</ele>
   </trkpt>
   <trkpt lat="56.0437690" lon="10.1472760">
    <ele>70.8</ele>
   </trkpt>
   <trkpt lat="56.0437170" lon="10.1472430">
    <ele>71.0</ele>
   </trkpt>
   <trkpt lat="56.0436650" lon="10.1472130">
    <ele>71.4</ele>
   </trkpt>
   <trkpt lat="56.0436130" lon="10.1471810">
    <ele>71.6</ele>
   </trkpt>
   <trkpt lat="56.0435610" lon="10.1471490">
    <ele>71.8</ele>
   </trkpt>
   <trkpt lat="56.0435080" lon="10.1471160">
    <ele>72.0</ele>
   </trkpt>
   <trkpt lat="56.0434540" lon="10.1470810">
    <ele>72.0</ele>
   </trkpt>
   <trkpt lat="56.0433970" lon="10.1470480">
    <ele>72.2</ele>
   </trkpt>
   <trkpt lat="56.0433370" lon="10.1470110">
    <ele>72.2</ele>
   </trkpt>
   <trkpt lat="56.0432750" lon="10.1469710">
    <ele>72.2</ele>
   </trkpt>
   <trkpt lat="56.0432090" lon="10.1469260">
    <ele>72.2</ele>
   </trkpt>
   <trkpt lat="56.0431400" lon="10.1468780">
    <ele>72.0</ele>
   </trkpt>
   <trkpt lat="56.0430680" lon="10.1468290">
    <ele>72.0</ele>
   </trkpt>
   <trkpt lat="56.0429940" lon="10.1467780">
    <ele>71.8</ele>
   </trkpt>
   <trkpt lat="56.0429200" lon="10.1467290">
    <ele>71.4</ele>
   </trkpt>
   <trkpt lat="56.0428440" lon="10.1466800">
    <ele>71.0</ele>
   </trkpt>
   <trkpt lat="56.0427710" lon="10.1466330">
    <ele>70.6</ele>
   </trkpt>
   <trkpt lat="56.0426980" lon="10.1465850">
    <ele>70.4</ele>
   </trkpt>
   <trkpt lat="56.0426260" lon="10.1465340">
    <ele>70.0</ele>
   </trkpt>
   <trkpt lat="56.0425540" lon="10.1464810">
    <ele>69.8</ele>
   </trkpt>
   <trkpt lat="56.0424840" lon="10.1464270">
    <ele>69.8</ele>
   </trkpt>
   <trkpt lat="56.0424120" lon="10.1463710">
    <ele>69.6</ele>
   </trkpt>
   <trkpt lat="56.0423400" lon="10.1463160">
    <ele>69.4</ele>
   </trkpt>
   <trkpt lat="56.0422700" lon="10.1462590">
    <ele>69.4</ele>
   </trkpt>
   <trkpt lat="56.0422010" lon="10.1461990">
    <ele>69.4</ele>
   </trkpt>
   <trkpt lat="56.0421310" lon="10.1461410">
    <ele>69.4</ele>
   </trkpt>
   <trkpt lat="56.0420630" lon="10.1460870">
    <ele>69.6</ele>
   </trkpt>
   <trkpt lat="56.0419940" lon="10.1460310">
    <ele>69.8</ele>
   </trkpt>
   <trkpt lat="56.0419270" lon="10.1459750">
    <ele>69.8</ele>
   </trkpt>
   <trkpt lat="56.0418600" lon="10.1459230">
    <ele>69.8</ele>
   </trkpt>
   <trkpt lat="56.0417950" lon="10.1458710">
    <ele>70.0</ele>
   </trkpt>
   <trkpt lat="56.0417290" lon="10.1458180">
    <ele>70.0</ele>
   </trkpt>
   <trkpt lat="56.0416660" lon="10.1457660">
    <ele>69.8</ele>
   </trkpt>
   <trkpt lat="56.0416050" lon="10.1457150">
    <ele>69.8</ele>
   </trkpt>
   <trkpt lat="56.0415450" lon="10.1456630">
    <ele>69.6</ele>
   </trkpt>
   <trkpt lat="56.0414840" lon="10.1456080">
    <ele>69.6</ele>
   </trkpt>
   <trkpt lat="56.0414220" lon="10.1455530">
    <ele>69.6</ele>
   </trkpt>
   <trkpt lat="56.0413600" lon="10.1454970">
    <ele>69.8</ele>
   </trkpt>
   <trkpt lat="56.0412960" lon="10.1454390">
    <ele>69.8</ele>
   </trkpt>
   <trkpt lat="56.0412310" lon="10.1453790">
    <ele>70.0</ele>
   </trkpt>
   <trkpt lat="56.0411670" lon="10.1453240">
    <ele>70.2</ele>
   </trkpt>
   <trkpt lat="56.0411040" lon="10.1452700">
    <ele>70.2</ele>
   </trkpt>
   <trkpt lat="56.0410420" lon="10.1452180">
    <ele>70.2</ele>
   </trkpt>
   <trkpt lat="56.0409810" lon="10.1451670">
    <ele>70.4</ele>
   </trkpt>
   <trkpt lat="56.0409210" lon="10.1451190">
    <ele>70.6</ele>
   </trkpt>
   <trkpt lat="56.0408630" lon="10.1450730">
    <ele>70.8</ele>
   </trkpt>
   <trkpt lat="56.0408050" lon="10.1450250">
    <ele>70.8</ele>
   </trkpt>
   <trkpt lat="56.0407470" lon="10.1449740">
    <ele>71.0</ele>
   </trkpt>
   <trkpt lat="56.0406890" lon="10.1449230">
    <ele>71.0</ele>
   </trkpt>
   <trkpt lat="56.0406290" lon="10.1448730">
    <ele>70.8</ele>
   </trkpt>
   <trkpt lat="56.0405670" lon="10.1448220">
    <ele>70.8</ele>
   </trkpt>
   <trkpt lat="56.0405050" lon="10.1447730">
    <ele>70.4</ele>
   </trkpt>
   <trkpt lat="56.0404480" lon="10.1447270">
    <ele>70.4</ele>
   </trkpt>
   <trkpt lat="56.0404010" lon="10.1446880">
    <ele>70.2</ele>
   </trkpt>
   <trkpt lat="56.0403640" lon="10.1446330">
    <ele>70.0</ele>
   </trkpt>
   <trkpt lat="56.0403450" lon="10.1445580">
    <ele>69.8</ele>
   </trkpt>
   <trkpt lat="56.0403450" lon="10.1444740">
    <ele>69.8</ele>
   </trkpt>
   <trkpt lat="56.0403600" lon="10.1443890">
    <ele>69.8</ele>
   </trkpt>
   <trkpt lat="56.0403820" lon="10.1443100">
    <ele>69.8</ele>
   </trkpt>
   <trkpt lat="56.0404060" lon="10.1442360">
    <ele>70.0</ele>
   </trkpt>
   <trkpt lat="56.0404290" lon="10.1441630">
    <ele>70.2</ele>
   </trkpt>
   <trkpt lat="56.0404530" lon="10.1440890">
    <ele>70.2</ele>
   </trkpt>
   <trkpt lat="56.0404780" lon="10.1440180">
    <ele>70.6</ele>
   </trkpt>
   <trkpt lat="56.0405000" lon="10.1439410">
    <ele>70.8</ele>
   </trkpt>
   <trkpt lat="56.0405220" lon="10.1438620">
    <ele>71.2</ele>
   </trkpt>
   <trkpt lat="56.0405430" lon="10.1437820">
    <ele>71.4</ele>
   </trkpt>
   <trkpt lat="56.0405650" lon="10.1437010">
    <ele>71.8</ele>
   </trkpt>
   <trkpt lat="56.0405860" lon="10.1436190">
    <ele>71.8</ele>
   </trkpt>
   <trkpt lat="56.0406060" lon="10.1435300">
    <ele>72.0</ele>
   </trkpt>
   <trkpt lat="56.0406280" lon="10.1434370">
    <ele>72.2</ele>
   </trkpt>
   <trkpt lat="56.0406480" lon="10.1433370">
    <ele>72.0</ele>
   </trkpt>
   <trkpt lat="56.0406690" lon="10.1432310">
    <ele>71.6</ele>
   </trkpt>
   <trkpt lat="56.0406910" lon="10.1431180">
    <ele>71.4</ele>
   </trkpt>
   <trkpt lat="56.0407140" lon="10.1429980">
    <ele>70.8</ele>
   </trkpt>
   <trkpt lat="56.0407400" lon="10.1428690">
    <ele>70.2</ele>
   </trkpt>
   <trkpt lat="56.0407670" lon="10.1427340">
    <ele>69.4</ele>
   </trkpt>
   <trkpt lat="56.0407950" lon="10.1425960">
    <ele>68.8</ele>
   </trkpt>
   <trkpt lat="56.0408250" lon="10.1424590">
    <ele>68.2</ele>
   </trkpt>
   <trkpt lat="56.0408570" lon="10.1423200">
    <ele>67.8</ele>
   </trkpt>
   <trkpt lat="56.0408910" lon="10.1421850">
    <ele>67.4</ele>
   </trkpt>
   <trkpt lat="56.0409240" lon="10.1420560">
    <ele>67.2</ele>
   </trkpt>
   <trkpt lat="56.0409570" lon="10.1419280">
    <ele>67.2</ele>
   </trkpt>
   <trkpt lat="56.0409880" lon="10.1418010">
    <ele>67.0</ele>
   </trkpt>
   <trkpt lat="56.0410190" lon="10.1416750">
    <ele>67.0</ele>
   </trkpt>
   <trkpt lat="56.0410490" lon="10.1415510">
    <ele>67.2</ele>
   </trkpt>
   <trkpt lat="56.0410780" lon="10.1414280">
    <ele>67.2</ele>
   </trkpt>
   <trkpt lat="56.0411050" lon="10.1413070">
    <ele>67.2</ele>
   </trkpt>
   <trkpt lat="56.0411300" lon="10.1411880">
    <ele>67.4</ele>
   </trkpt>
   <trkpt lat="56.0411550" lon="10.1410700">
    <ele>67.4</ele>
   </trkpt>
   <trkpt lat="56.0411800" lon="10.1409480">
    <ele>67.4</ele>
   </trkpt>
   <trkpt lat="56.0412040" lon="10.1408250">
    <ele>67.6</ele>
   </trkpt>
   <trkpt lat="56.0412240" lon="10.1407000">
    <ele>67.6</ele>
   </trkpt>
   <trkpt lat="56.0412390" lon="10.1405750">
    <ele>67.6</ele>
   </trkpt>
   <trkpt lat="56.0412460" lon="10.1404510">
    <ele>67.8</ele>
   </trkpt>
   <trkpt lat="56.0412460" lon="10.1403300">
    <ele>67.8</ele>
   </trkpt>
   <trkpt lat="56.0412410" lon="10.1402120">
    <ele>68.0</ele>
   </trkpt>
   <trkpt lat="56.0412320" lon="10.1400990">
    <ele>68.4</ele>
   </trkpt>
   <trkpt lat="56.0412220" lon="10.1399950">
    <ele>68.8</ele>
   </trkpt>
   <trkpt lat="56.0412120" lon="10.1398980">
    <ele>69.2</ele>
   </trkpt>
   <trkpt lat="56.0412020" lon="10.1398080">
    <ele>69.8</ele>
   </trkpt>
   <trkpt lat="56.0411910" lon="10.1397210">
    <ele>70.4</ele>
   </trkpt>
   <trkpt lat="56.0411810" lon="10.1396340">
    <ele>71.0</ele>
   </trkpt>
   <trkpt lat="56.0411720" lon="10.1395450">
    <ele>71.6</ele>
   </trkpt>
   <trkpt lat="56.0411660" lon="10.1394540">
    <ele>72.0</ele>
   </trkpt>
   <trkpt lat="56.0411560" lon="10.1393630">
    <ele>72.2</ele>
   </trkpt>
   <trkpt lat="56.0411440" lon="10.1392710">
    <ele>72.6</ele>
   </trkpt>
   <trkpt lat="56.0411270" lon="10.1391830">
    <ele>72.8</ele>
   </trkpt>
   <trkpt lat="56.0411000" lon="10.1391040">
    <ele>73.0</ele>
   </trkpt>
   <trkpt lat="56.0410620" lon="10.1390390">
    <ele>73.2</ele>
   </trkpt>
   <trkpt lat="56.0410180" lon="10.1389920">
    <ele>73.4</ele>
   </trkpt>
   <trkpt lat="56.0409720" lon="10.1389610">
    <ele>73.4</ele>
   </trkpt>
   <trkpt lat="56.0409220" lon="10.1389380">
    <ele>73.4</ele>
   </trkpt>
   <trkpt lat="56.0408680" lon="10.1389210">
    <ele>73.6</ele>
   </trkpt>
   <trkpt lat="56.0408100" lon="10.1389070">
    <ele>73.6</ele>
   </trkpt>
   <trkpt lat="56.0407510" lon="10.1388950">
    <ele>73.6</ele>
   </trkpt>
   <trkpt lat="56.0406890" lon="10.1388840">
    <ele>73.6</ele>
   </trkpt>
   <trkpt lat="56.0406260" lon="10.1388680">
    <ele>73.6</ele>
   </trkpt>
   <trkpt lat="56.0405640" lon="10.1388490">
    <ele>73.6</ele>
   </trkpt>
   <trkpt lat="56.0405080" lon="10.1388160">
    <ele>73.4</ele>
   </trkpt>
   <trkpt lat="56.0404600" lon="10.1387630">
    <ele>73.2</ele>
   </trkpt>
   <trkpt lat="56.0404270" lon="10.1386850">
    <ele>73.2</ele>
   </trkpt>
   <trkpt lat="56.0404060" lon="10.1385920">
    <ele>73.0</ele>
   </trkpt>
   <trkpt lat="56.0403930" lon="10.1384920">
    <ele>72.8</ele>
   </trkpt>
   <trkpt lat="56.0403850" lon="10.1383910">
    <ele>72.6</ele>
   </trkpt>
   <trkpt lat="56.0403780" lon="10.1382890">
    <ele>72.6</ele>
   </trkpt>
   <trkpt lat="56.0403720" lon="10.1381870">
    <ele>72.4</ele>
   </trkpt>
   <trkpt lat="56.0403660" lon="10.1380860">
    <ele>72.4</ele>
   </trkpt>
   <trkpt lat="56.0403590" lon="10.1379850">
    <ele>72.4</ele>
   </trkpt>
   <trkpt lat="56.0403520" lon="10.1378810">
    <ele>72.4</ele>
   </trkpt>
   <trkpt lat="56.0403460" lon="10.1377750">
    <ele>72.4</ele>
   </trkpt>
   <trkpt lat="56.0403400" lon="10.1376650">
    <ele>72.4</ele>
   </trkpt>
   <trkpt lat="56.0403330" lon="10.1375490">
    <ele>72.2</ele>
   </trkpt>
   <trkpt lat="56.0403260" lon="10.1374290">
    <ele>72.0</ele>
   </trkpt>
   <trkpt lat="56.0403180" lon="10.1373050">
    <ele>71.8</ele>
   </trkpt>
   <trkpt lat="56.0403110" lon="10.1371750">
    <ele>71.6</ele>
   </trkpt>
   <trkpt lat="56.0403020" lon="10.1370440">
    <ele>71.4</ele>
   </trkpt>
   <trkpt lat="56.0402940" lon="10.1369090">
    <ele>71.0</ele>
   </trkpt>
   <trkpt lat="56.0402870" lon="10.1367720">
    <ele>70.8</ele>
   </trkpt>
   <trkpt lat="56.0402780" lon="10.1366330">
    <ele>70.4</ele>
   </trkpt>
   <trkpt lat="56.0402700" lon="10.1364950">
    <ele>70.2</ele>
   </trkpt>
   <trkpt lat="56.0402630" lon="10.1363600">
    <ele>70.2</ele>
   </trkpt>
   <trkpt lat="56.0402560" lon="10.1362240">
    <ele>70.2</ele>
   </trkpt>
   <trkpt lat="56.0402490" lon="10.1360890">
    <ele>70.4</ele>
   </trkpt>
   <trkpt lat="56.0402410" lon="10.1359550">
    <ele>70.4</ele>
   </trkpt>
   <trkpt lat="56.0402320" lon="10.1358200">
    <ele>70.6</ele>
   </trkpt>
   <trkpt lat="56.0402230" lon="10.1356880">
    <ele>70.8</ele>
   </trkpt>
   <trkpt lat="56.0402150" lon="10.1355620">
    <ele>71.0</ele>
   </trkpt>
   <trkpt lat="56.0402070" lon="10.1354410">
    <ele>71.2</ele>
   </trkpt>
   <trkpt lat="56.0402000" lon="10.1353230">
    <ele>71.4</ele>
   </trkpt>
   <trkpt lat="56.0401920" lon="10.1352080">
    <ele>71.4</ele>
   </trkpt>
   <trkpt lat="56.0401870" lon="10.1350930">
    <ele>71.6</ele>
   </trkpt>
   <trkpt lat="56.0401820" lon="10.1349740">
    <ele>72.0</ele>
   </trkpt>
   <trkpt lat="56.0401750" lon="10.1348530">
    <ele>72.2</ele>
   </trkpt>
   <trkpt lat="56.0401670" lon="10.1347330">
    <ele>72.6</ele>
   </trkpt>
   <trkpt lat="56.0401580" lon="10.1346110">
    <ele>72.8</ele>
   </trkpt>
   <trkpt lat="56.0401500" lon="10.1344890">
    <ele>73.0</ele>
   </trkpt>
   <trkpt lat="56.0401440" lon="10.1343680">
    <ele>73.2</ele>
   </trkpt>
   <trkpt lat="56.0401370" lon="10.1342460">
    <ele>73.2</ele>
   </trkpt>
   <trkpt lat="56.0401300" lon="10.1341280">
    <ele>73.4</ele>
   </trkpt>
   <trkpt lat="56.0401230" lon="10.1340160">
    <ele>73.6</ele>
   </trkpt>
   <trkpt lat="56.0401160" lon="10.1339050">
    <ele>73.6</ele>
   </trkpt>
   <trkpt lat="56.0401060" lon="10.1337980">
    <ele>73.6</ele>
   </trkpt>
   <trkpt lat="56.0400890" lon="10.1336920">
    <ele>73.6</ele>
   </trkpt>
   <trkpt lat="56.0400610" lon="10.1335920">
    <ele>73.4</ele>
   </trkpt>
   <trkpt lat="56.0400240" lon="10.1334980">
    <ele>73.2</ele>
   </trkpt>
   <trkpt lat="56.0399750" lon="10.1334190">
    <ele>73.0</ele>
   </trkpt>
   <trkpt lat="56.0399220" lon="10.1333610">
    <ele>73.0</ele>
   </trkpt>
   <trkpt lat="56.0398660" lon="10.1333180">
    <ele>73.0</ele>
   </trkpt>
   <trkpt lat="56.0398090" lon="10.1332830">
    <ele>73.0</ele>
   </trkpt>
   <trkpt lat="56.0397520" lon="10.1332560">
    <ele>73.2</ele>
   </trkpt>
   <trkpt lat="56.0396960" lon="10.1332230">
    <ele>73.2</ele>
   </trkpt>
   <trkpt lat="56.0396380" lon="10.1331910">
    <ele>73.4</ele>
   </trkpt>
   <trkpt lat="56.0395770" lon="10.1331600">
    <ele>73.4</ele>
   </trkpt>
   <trkpt lat="56.0395140" lon="10.1331250">
    <ele>73.2</ele>
   </trkpt>
   <trkpt lat="56.0394500" lon="10.1330870">
    <ele>73.0</ele>
   </trkpt>
   <trkpt lat="56.0393830" lon="10.1330490">
    <ele>72.8</ele>
   </trkpt>
   <trkpt lat="56.0393150" lon="10.1330110">
    <ele>72.6</ele>
   </trkpt>
   <trkpt lat="56.0392470" lon="10.1329700">
    <ele>72.4</ele>
   </trkpt>
   <trkpt lat="56.0391790" lon="10.1329290">
    <ele>72.2</ele>
   </trkpt>
   <trkpt lat="56.0391110" lon="10.1328880">
    <ele>72.0</ele>
   </trkpt>
   <trkpt lat="56.0390410" lon="10.1328450">
    <ele>71.8</ele>
   </trkpt>
   <trkpt lat="56.0389730" lon="10.1328030">
    <ele>71.6</ele>
   </trkpt>
   <trkpt lat="56.0389040" lon="10.1327610">
    <ele>71.4</ele>
   </trkpt>
   <trkpt lat="56.0388360" lon="10.1327170">
    <ele>71.4</ele>
   </trkpt>
   <trkpt lat="56.0387710" lon="10.1326650">
    <ele>71.2</ele>
   </trkpt>
   <trkpt lat="56.0387100" lon="10.1326010">
    <ele>71.2</ele>
   </trkpt>
   <trkpt lat="56.0386540" lon="10.1325310">
    <ele>71.2</ele>
   </trkpt>
   <trkpt lat="56.0385990" lon="10.1324570">
    <ele>71.2</ele>
   </trkpt>
   <trkpt lat="56.0385410" lon="10.1323850">
    <ele>71.4</ele>
   </trkpt>
   <trkpt lat="56.0384790" lon="10.1323180">
    <ele>71.4</ele>
   </trkpt>
   <trkpt lat="56.0384160" lon="10.1322590">
    <ele>71.4</ele>
   </trkpt>
   <trkpt lat="56.0383510" lon="10.1322020">
    <ele>71.4</ele>
   </trkpt>
   <trkpt lat="56.0382850" lon="10.1321500">
    <ele>71.4</ele>
   </trkpt>
   <trkpt lat="56.0382180" lon="10.1321030">
    <ele>71.2</ele>
   </trkpt>
   <trkpt lat="56.0381500" lon="10.1320530">
    <ele>71.2</ele>
   </trkpt>
   <trkpt lat="56.0380830" lon="10.1320010">
    <ele>71.2</ele>
   </trkpt>
   <trkpt lat="56.0380160" lon="10.1319490">
    <ele>71.0</ele>
   </trkpt>
   <trkpt lat="56.0379480" lon="10.1318990">
    <ele>71.0</ele>
   </trkpt>
   <trkpt lat="56.0378800" lon="10.1318500">
    <ele>71.0</ele>
   </trkpt>
   <trkpt lat="56.0378120" lon="10.1318020">
    <ele>71.0</ele>
   </trkpt>
   <trkpt lat="56.0377440" lon="10.1317530">
    <ele>71.0</ele>
   </trkpt>
   <trkpt lat="56.0376760" lon="10.1317040">
    <ele>71.2</ele>
   </trkpt>
   <trkpt lat="56.0376070" lon="10.1316560">
    <ele>71.2</ele>
   </trkpt>
   <trkpt lat="56.0375390" lon="10.1316060">
    <ele>71.2</ele>
   </trkpt>
   <trkpt lat="56.0374720" lon="10.1315570">
    <ele>71.2</ele>
   </trkpt>
   <trkpt lat="56.0374030" lon="10.1315080">
    <ele>71.2</ele>
   </trkpt>
   <trkpt lat="56.0373350" lon="10.1314580">
    <ele>71.2</ele>
   </trkpt>
   <trkpt lat="56.0372690" lon="10.1314080">
    <ele>71.4</ele>
   </trkpt>
   <trkpt lat="56.0372030" lon="10.1313580">
    <ele>71.4</ele>
   </trkpt>
   <trkpt lat="56.0371360" lon="10.1313110">
    <ele>71.4</ele>
   </trkpt>
   <trkpt lat="56.0370710" lon="10.1312650">
    <ele>71.6</ele>
   </trkpt>
   <trkpt lat="56.0370050" lon="10.1312190">
    <ele>71.6</ele>
   </trkpt>
   <trkpt lat="56.0369400" lon="10.1311720">
    <ele>71.8</ele>
   </trkpt>
   <trkpt lat="56.0368740" lon="10.1311240">
    <ele>72.0</ele>
   </trkpt>
   <trkpt lat="56.0368100" lon="10.1310740">
    <ele>72.0</ele>
   </trkpt>
   <trkpt lat="56.0367450" lon="10.1310280">
    <ele>72.0</ele>
   </trkpt>
   <trkpt lat="56.0366810" lon="10.1309840">
    <ele>72.2</ele>
   </trkpt>
   <trkpt lat="56.0366160" lon="10.1309370">
    <ele>72.2</ele>
   </trkpt>
   <trkpt lat="56.0365500" lon="10.1308860">
    <ele>72.2</ele>
   </trkpt>
   <trkpt lat="56.0364830" lon="10.1308380">
    <ele>72.2</ele>
   </trkpt>
   <trkpt lat="56.0364140" lon="10.1307900">
    <ele>72.0</ele>
   </trkpt>
   <trkpt lat="56.0363420" lon="10.1307390">
    <ele>71.6</ele>
   </trkpt>
   <trkpt lat="56.0362690" lon="10.1306870">
    <ele>71.4</ele>
   </trkpt>
   <trkpt lat="56.0361950" lon="10.1306290">
    <ele>71.0</ele>
   </trkpt>
   <trkpt lat="56.0361200" lon="10.1305680">
    <ele>70.6</ele>
   </trkpt>
   <trkpt lat="56.0360440" lon="10.1305050">
    <ele>70.2</ele>
   </trkpt>
   <trkpt lat="56.0359670" lon="10.1304370">
    <ele>69.8</ele>
   </trkpt>
   <trkpt lat="56.0358920" lon="10.1303620">
    <ele>69.4</ele>
   </trkpt>
   <trkpt lat="56.0358180" lon="10.1302810">
    <ele>69.2</ele>
   </trkpt>
   <trkpt lat="56.0357440" lon="10.1301990">
    <ele>68.8</ele>
   </trkpt>
   <trkpt lat="56.0356710" lon="10.1301190">
    <ele>68.6</ele>
   </trkpt>
   <trkpt lat="56.0355980" lon="10.1300360">
    <ele>68.4</ele>
   </trkpt>
   <trkpt lat="56.0355250" lon="10.1299530">
    <ele>68.4</ele>
   </trkpt>
   <trkpt lat="56.0354510" lon="10.1298690">
    <ele>68.2</ele>
   </trkpt>
   <trkpt lat="56.0353790" lon="10.1297850">
    <ele>68.2</ele>
   </trkpt>
   <trkpt lat="56.0353050" lon="10.1297040">
    <ele>68.2</ele>
   </trkpt>
   <trkpt lat="56.0352330" lon="10.1296260">
    <ele>68.0</ele>
   </trkpt>
   <trkpt lat="56.0351610" lon="10.1295450">
    <ele>68.0</ele>
   </trkpt>
   <trkpt lat="56.0350910" lon="10.1294630">
    <ele>68.2</ele>
   </trkpt>
   <trkpt lat="56.0350220" lon="10.1293800">
    <ele>68.2</ele>
   </trkpt>
   <trkpt lat="56.0349530" lon="10.1292990">
    <ele>68.0</ele>
   </trkpt>
   <trkpt lat="56.0348860" lon="10.1292220">
    <ele>68.2</ele>
   </trkpt>
   <trkpt lat="56.0348180" lon="10.1291500">
    <ele>68.4</ele>
   </trkpt>
   <trkpt lat="56.0347510" lon="10.1290770">
    <ele>68.6</ele>
   </trkpt>
   <trkpt lat="56.0346860" lon="10.1290040">
    <ele>68.8</ele>
   </trkpt>
   <trkpt lat="56.0346200" lon="10.1289310">
    <ele>69.2</ele>
   </trkpt>
   <trkpt lat="56.0345560" lon="10.1288590">
    <ele>69.4</ele>
   </trkpt>
   <trkpt lat="56.0344930" lon="10.1287790">
    <ele>69.8</ele>
   </trkpt>
   <trkpt lat="56.0344290" lon="10.1286950">
    <ele>70.0</ele>
   </trkpt>
   <trkpt lat="56.0343670" lon="10.1286090">
    <ele>70.4</ele>
   </trkpt>
   <trkpt lat="56.0343060" lon="10.1285160">
    <ele>70.6</ele>
   </trkpt>
   <trkpt lat="56.0342450" lon="10.1284170">
    <ele>71.0</ele>
   </trkpt>
   <trkpt lat="56.0341840" lon="10.1283110">
    <ele>71.2</ele>
   </trkpt>
   <trkpt lat="56.0341240" lon="10.1281990">
    <ele>71.4</ele>
   </trkpt>
   <trkpt lat="56.0340670" lon="10.1280810">
    <ele>71.8</ele>
   </trkpt>
   <trkpt lat="56.0340140" lon="10.1279540">
    <ele>72.0</ele>
   </trkpt>
   <trkpt lat="56.0339680" lon="10.1278180">
    <ele>72.2</ele>
   </trkpt>
   <trkpt lat="56.0339270" lon="10.1276780">
    <ele>72.6</ele>
   </trkpt>
   <trkpt lat="56.0338880" lon="10.1275370">
    <ele>72.8</ele>
   </trkpt>
   <trkpt lat="56.0338520" lon="10.1273940">
    <ele>73.0</ele>
   </trkpt>
   <trkpt lat="56.0338180" lon="10.1272520">
    <ele>73.4</ele>
   </trkpt>
   <trkpt lat="56.0337850" lon="10.1271120">
    <ele>73.6</ele>
   </trkpt>
   <trkpt lat="56.0337520" lon="10.1269750">
    <ele>74.0</ele>
   </trkpt>
   <trkpt lat="56.0337220" lon="10.1268420">
    <ele>74.2</ele>
   </trkpt>
   <trkpt lat="56.0336940" lon="10.1267120">
    <ele>74.6</ele>
   </trkpt>
   <trkpt lat="56.0336640" lon="10.1265820">
    <ele>74.8</ele>
   </trkpt>
   <trkpt lat="56.0336330" lon="10.1264520">
    <ele>75.2</ele>
   </trkpt>
   <trkpt lat="56.0336010" lon="10.1263260">
    <ele>75.4</ele>
   </trkpt>
   <trkpt lat="56.0335660" lon="10.1261990">
    <ele>75.6</ele>
   </trkpt>
   <trkpt lat="56.0335330" lon="10.1260700">
    <ele>75.8</ele>
   </trkpt>
   <trkpt lat="56.0335030" lon="10.1259360">
    <ele>76.0</ele>
   </trkpt>
   <trkpt lat="56.0334760" lon="10.1258020">
    <ele>76.2</ele>
   </trkpt>
   <trkpt lat="56.0334470" lon="10.1256720">
    <ele>76.4</ele>
   </trkpt>
   <trkpt lat="56.0334070" lon="10.1255530">
    <ele>76.6</ele>
   </trkpt>
   <trkpt lat="56.0333570" lon="10.1254550">
    <ele>77.0</ele>
   </trkpt>
   <trkpt lat="56.0332960" lon="10.1253910">
    <ele>77.2</ele>
   </trkpt>
   <trkpt lat="56.0332250" lon="10.1253460">
    <ele>77.4</ele>
   </trkpt>
   <trkpt lat="56.0331520" lon="10.1253130">
    <ele>77.6</ele>
   </trkpt>
   <trkpt lat="56.0330800" lon="10.1252820">
    <ele>77.8</ele>
   </trkpt>
   <trkpt lat="56.0330080" lon="10.1252510">
    <ele>78.0</ele>
   </trkpt>
   <trkpt lat="56.0329380" lon="10.1252150">
    <ele>78.0</ele>
   </trkpt>
   <trkpt lat="56.0328690" lon="10.1251730">
    <ele>78.2</ele>
   </trkpt>
   <trkpt lat="56.0328080" lon="10.1251120">
    <ele>78.4</ele>
   </trkpt>
   <trkpt lat="56.0327610" lon="10.1250330">
    <ele>78.4</ele>
   </trkpt>
   <trkpt lat="56.0327300" lon="10.1249490">
    <ele>78.6</ele>
   </trkpt>
   <trkpt lat="56.0327130" lon="10.1248670">
    <ele>78.8</ele>
   </trkpt>
   <trkpt lat="56.0327140" lon="10.1247990">
    <ele>78.8</ele>
   </trkpt>
   <trkpt lat="56.0327300" lon="10.1247550">
    <ele>79.0</ele>
   </trkpt>
   <trkpt lat="56.0327490" lon="10.1247190">
    <ele>79.2</ele>
   </trkpt>
   <trkpt lat="56.0327660" lon="10.1246780">
    <ele>79.2</ele>
   </trkpt>
   <trkpt lat="56.0327800" lon="10.1246330">
    <ele>79.2</ele>
   </trkpt>
   <trkpt lat="56.0327880" lon="10.1245840">
    <ele>79.2</ele>
   </trkpt>
   <trkpt lat="56.0327960" lon="10.1245330">
    <ele>79.2</ele>
   </trkpt>
   <trkpt lat="56.0328050" lon="10.1244830">
    <ele>79.2</ele>
   </trkpt>
   <trkpt lat="56.0328150" lon="10.1244280">
    <ele>79.4</ele>
   </trkpt>
   <trkpt lat="56.0328250" lon="10.1243630">
    <ele>79.4</ele>
   </trkpt>
   <trkpt lat="56.0328360" lon="10.1242900">
    <ele>79.4</ele>
   </trkpt>
   <trkpt lat="56.0328490" lon="10.1242060">
    <ele>79.6</ele>
   </trkpt>
   <trkpt lat="56.0328630" lon="10.1241100">
    <ele>79.8</ele>
   </trkpt>
   <trkpt lat="56.0328770" lon="10.1240060">
    <ele>79.8</ele>
   </trkpt>
   <trkpt lat="56.0328930" lon="10.1238950">
    <ele>80.0</ele>
   </trkpt>
   <trkpt lat="56.0329090" lon="10.1237770">
    <ele>80.2</ele>
   </trkpt>
   <trkpt lat="56.0329260" lon="10.1236550">
    <ele>80.2</ele>
   </trkpt>
   <trkpt lat="56.0329440" lon="10.1235330">
    <ele>80.4</ele>
   </trkpt>
   <trkpt lat="56.0329610" lon="10.1234090">
    <ele>80.4</ele>
   </trkpt>
   <trkpt lat="56.0329790" lon="10.1232860">
    <ele>80.6</ele>
   </trkpt>
   <trkpt lat="56.0329960" lon="10.1231610">
    <ele>80.6</ele>
   </trkpt>
   <trkpt lat="56.0330120" lon="10.1230340">
    <ele>80.8</ele>
   </trkpt>
   <trkpt lat="56.0330290" lon="10.1229070">
    <ele>81.0</ele>
   </trkpt>
   <trkpt lat="56.0330470" lon="10.1227780">
    <ele>81.0</ele>
   </trkpt>
   <trkpt lat="56.0330640" lon="10.1226490">
    <ele>81.0</ele>
   </trkpt>
   <trkpt lat="56.0330810" lon="10.1225190">
    <ele>81.2</ele>
   </trkpt>
   <trkpt lat="56.0330990" lon="10.1223920">
    <ele>81.2</ele>
   </trkpt>
   <trkpt lat="56.0331170" lon="10.1222630">
    <ele>81.4</ele>
   </trkpt>
   <trkpt lat="56.0331370" lon="10.1221330">
    <ele>81.4</ele>
   </trkpt>
   <trkpt lat="56.0331560" lon="10.1220040">
    <ele>81.6</ele>
   </trkpt>
   <trkpt lat="56.0331750" lon="10.1218720">
    <ele>81.6</ele>
   </trkpt>
   <trkpt lat="56.0331950" lon="10.1217440">
    <ele>81.6</ele>
   </trkpt>
   <trkpt lat="56.0332140" lon="10.1216120">
    <ele>81.8</ele>
   </trkpt>
   <trkpt lat="56.0332330" lon="10.1214800">
    <ele>81.8</ele>
   </trkpt>
   <trkpt lat="56.0332530" lon="10.1213500">
    <ele>82.0</ele>
   </trkpt>
   <trkpt lat="56.0332720" lon="10.1212180">
    <ele>82.0</ele>
   </trkpt>
   <trkpt lat="56.0332920" lon="10.1210850">
    <ele>82.0</ele>
   </trkpt>
   <trkpt lat="56.0333120" lon="10.1209520">
    <ele>82.0</ele>
   </trkpt>
   <trkpt lat="56.0333350" lon="10.1208180">
    <ele>82.0</ele>
   </trkpt>
   <trkpt lat="56.0333610" lon="10.1206850">
    <ele>82.0</ele>
   </trkpt>
   <trkpt lat="56.0333910" lon="10.1205540">
    <ele>82.2</ele>
   </trkpt>
   <trkpt lat="56.0334240" lon="10.1204270">
    <ele>82.2</ele>
   </trkpt>
   <trkpt lat="56.0334570" lon="10.1203010">
    <ele>82.2</ele>
   </trkpt>
   <trkpt lat="56.0334890" lon="10.1201760">
    <ele>82.4</ele>
   </trkpt>
   <trkpt lat="56.0335220" lon="10.1200510">
    <ele>82.4</ele>
   </trkpt>
   <trkpt lat="56.0335560" lon="10.1199260">
    <ele>82.4</ele>
   </trkpt>
   <trkpt lat="56.0335890" lon="10.1197980">
    <ele>82.4</ele>
   </trkpt>
   <trkpt lat="56.0336220" lon="10.1196690">
    <ele>82.4</ele>
   </trkpt>
   <trkpt lat="56.0336560" lon="10.1195420">
    <ele>82.4</ele>
   </trkpt>
   <trkpt lat="56.0336890" lon="10.1194150">
    <ele>82.4</ele>
   </trkpt>
   <trkpt lat="56.0337200" lon="10.1192850">
    <ele>82.6</ele>
   </trkpt>
   <trkpt lat="56.0337470" lon="10.1191530">
    <ele>82.6</ele>
   </trkpt>
   <trkpt lat="56.0337740" lon="10.1190220">
    <ele>82.6</ele>
   </trkpt>
   <trkpt lat="56.0338020" lon="10.1188900">
    <ele>82.8</ele>
   </trkpt>
   <trkpt lat="56.0338290" lon="10.1187560">
    <ele>82.8</ele>
   </trkpt>
   <trkpt lat="56.0338560" lon="10.1186140">
    <ele>82.6</ele>
   </trkpt>
   <trkpt lat="56.0338830" lon="10.1184650">
    <ele>82.6</ele>
   </trkpt>
   <trkpt lat="56.0339100" lon="10.1183120">
    <ele>82.6</ele>
   </trkpt>
   <trkpt lat="56.0339360" lon="10.1181570">
    <ele>82.6</ele>
   </trkpt>
   <trkpt lat="56.0339640" lon="10.1180010">
    <ele>82.4</ele>
   </trkpt>
   <trkpt lat="56.0339910" lon="10.1178490">
    <ele>82.4</ele>
   </trkpt>
   <trkpt lat="56.0340180" lon="10.1176970">
    <ele>82.2</ele>
   </trkpt>
   <trkpt lat="56.0340460" lon="10.1175500">
    <ele>82.0</ele>
   </trkpt>
   <trkpt lat="56.0340730" lon="10.1173980">
    <ele>81.8</ele>
   </trkpt>
   <trkpt lat="56.0340990" lon="10.1172460">
    <ele>81.6</ele>
   </trkpt>
   <trkpt lat="56.0341260" lon="10.1170970">
    <ele>81.6</ele>
   </trkpt>
   <trkpt lat="56.0341520" lon="10.1169480">
    <ele>81.4</ele>
   </trkpt>
   <trkpt lat="56.0341770" lon="10.1167990">
    <ele>81.4</ele>
   </trkpt>
   <trkpt lat="56.0341990" lon="10.1166480">
    <ele>81.4</ele>
   </trkpt>
   <trkpt lat="56.0342200" lon="10.1164990">
    <ele>81.4</ele>
   </trkpt>
   <trkpt lat="56.0342410" lon="10.1163470">
    <ele>81.2</ele>
   </trkpt>
   <trkpt lat="56.0342600" lon="10.1161940">
    <ele>81.2</ele>
   </trkpt>
   <trkpt lat="56.0342770" lon="10.1160410">
    <ele>81.2</ele>
   </trkpt>
   <trkpt lat="56.0342890" lon="10.1158890">
    <ele>81.2</ele>
   </trkpt>
   <trkpt lat="56.0342980" lon="10.1157390">
    <ele>81.2</ele>
   </trkpt>
   <trkpt lat="56.0343040" lon="10.1155880">
    <ele>81.2</ele>
   </trkpt>
   <trkpt lat="56.0343060" lon="10.1154360">
    <ele>81.0</ele>
   </trkpt>
   <trkpt lat="56.0343080" lon="10.1152840">
    <ele>81.0</ele>
   </trkpt>
   <trkpt lat="56.0343090" lon="10.1151320">
    <ele>81.0</ele>
   </trkpt>
   <trkpt lat="56.0343080" lon="10.1149810">
    <ele>81.0</ele>
   </trkpt>
   <trkpt lat="56.0343080" lon="10.1148280">
    <ele>81.0</ele>
   </trkpt>
   <trkpt lat="56.0343080" lon="10.1146760">
    <ele>81.0</ele>
   </trkpt>
   <trkpt lat="56.0343070" lon="10.1145260">
    <ele>81.0</ele>
   </trkpt>
   <trkpt lat="56.0343050" lon="10.1143770">
    <ele>81.0</ele>
   </trkpt>
   <trkpt lat="56.0343040" lon="10.1142310">
    <ele>81.0</ele>
   </trkpt>
   <trkpt lat="56.0343030" lon="10.1140880">
    <ele>81.0</ele>
   </trkpt>
   <trkpt lat="56.0343000" lon="10.1139460">
    <ele>81.0</ele>
   </trkpt>
   <trkpt lat="56.0342980" lon="10.1138030">
    <ele>81.0</ele>
   </trkpt>
   <trkpt lat="56.0342970" lon="10.1136640">
    <ele>80.8</ele>
   </trkpt>
   <trkpt lat="56.0342950" lon="10.1135280">
    <ele>80.8</ele>
   </trkpt>
   <trkpt lat="56.0342930" lon="10.1133950">
    <ele>80.8</ele>
   </trkpt>
   <trkpt lat="56.0342910" lon="10.1132660">
    <ele>80.8</ele>
   </trkpt>
   <trkpt lat="56.0342880" lon="10.1131420">
    <ele>80.8</ele>
   </trkpt>
   <trkpt lat="56.0342840" lon="10.1130200">
    <ele>80.8</ele>
   </trkpt>
   <trkpt lat="56.0342800" lon="10.1128980">
    <ele>80.8</ele>
   </trkpt>
   <trkpt lat="56.0342760" lon="10.1127780">
    <ele>80.8</ele>
   </trkpt>
   <trkpt lat="56.0342720" lon="10.1126590">
    <ele>80.8</ele>
   </trkpt>
   <trkpt lat="56.0342690" lon="10.1125410">
    <ele>80.8</ele>
   </trkpt>
   <trkpt lat="56.0342650" lon="10.1124230">
    <ele>80.8</ele>
   </trkpt>
   <trkpt lat="56.0342620" lon="10.1123040">
    <ele>80.8</ele>
   </trkpt>
   <trkpt lat="56.0342570" lon="10.1121820">
    <ele>80.8</ele>
   </trkpt>
   <trkpt lat="56.0342520" lon="10.1120580">
    <ele>80.6</ele>
   </trkpt>
   <trkpt lat="56.0342470" lon="10.1119300">
    <ele>80.6</ele>
   </trkpt>
   <trkpt lat="56.0342420" lon="10.1117990">
    <ele>80.6</ele>
   </trkpt>
   <trkpt lat="56.0342380" lon="10.1116680">
    <ele>80.4</ele>
   </trkpt>
   <trkpt lat="56.0342340" lon="10.1115340">
    <ele>80.4</ele>
   </trkpt>
   <trkpt lat="56.0342300" lon="10.1113990">
    <ele>80.4</ele>
   </trkpt>
   <trkpt lat="56.0342260" lon="10.1112640">
    <ele>80.2</ele>
   </trkpt>
   <trkpt lat="56.0342210" lon="10.1111290">
    <ele>80.2</ele>
   </trkpt>
   <trkpt lat="56.0342150" lon="10.1109910">
    <ele>80.2</ele>
   </trkpt>
   <trkpt lat="56.0342110" lon="10.1108550">
    <ele>80.0</ele>
   </trkpt>
   <trkpt lat="56.0342050" lon="10.1107160">
    <ele>80.0</ele>
   </trkpt>
   <trkpt lat="56.0341980" lon="10.1105780">
    <ele>79.8</ele>
   </trkpt>
   <trkpt lat="56.0341920" lon="10.1104420">
    <ele>79.8</ele>
   </trkpt>
   <trkpt lat="56.0341870" lon="10.1103060">
    <ele>79.6</ele>
   </trkpt>
   <trkpt lat="56.0341820" lon="10.1101690">
    <ele>79.6</ele>
   </trkpt>
   <trkpt lat="56.0341790" lon="10.1100280">
    <ele>79.4</ele>
   </trkpt>
   <trkpt lat="56.0341750" lon="10.1098870">
    <ele>79.4</ele>
   </trkpt>
   <trkpt lat="56.0341680" lon="10.1097500">
    <ele>79.4</ele>
   </trkpt>
   <trkpt lat="56.0341640" lon="10.1096170">
    <ele>79.4</ele>
   </trkpt>
   <trkpt lat="56.0341600" lon="10.1094830">
    <ele>79.2</ele>
   </trkpt>
   <trkpt lat="56.0341550" lon="10.1093490">
    <ele>79.2</ele>
   </trkpt>
   <trkpt lat="56.0341520" lon="10.1092180">
    <ele>79.2</ele>
   </trkpt>
   <trkpt lat="56.0341460" lon="10.1090820">
    <ele>79.2</ele>
   </trkpt>
   <trkpt lat="56.0341410" lon="10.1089470">
    <ele>79.2</ele>
   </trkpt>
   <trkpt lat="56.0341360" lon="10.1088110">
    <ele>79.2</ele>
   </trkpt>
   <trkpt lat="56.0341310" lon="10.1086750">
    <ele>79.2</ele>
   </trkpt>
   <trkpt lat="56.0341280" lon="10.1085390">
    <ele>79.2</ele>
   </trkpt>
   <trkpt lat="56.0341220" lon="10.1084040">
    <ele>79.0</ele>
   </trkpt>
   <trkpt lat="56.0341160" lon="10.1082700">
    <ele>79.0</ele>
   </trkpt>
   <trkpt lat="56.0341120" lon="10.1081390">
    <ele>79.0</ele>
   </trkpt>
   <trkpt lat="56.0341080" lon="10.1080070">
    <ele>79.0</ele>
   </trkpt>
   <trkpt lat="56.0341050" lon="10.1078740">
    <ele>78.8</ele>
   </trkpt>
   <trkpt lat="56.0341000" lon="10.1077400">
    <ele>78.8</ele>
   </trkpt>
   <trkpt lat="56.0340930" lon="10.1076060">
    <ele>78.8</ele>
   </trkpt>
   <trkpt lat="56.0340870" lon="10.1074710">
    <ele>78.6</ele>
   </trkpt>
   <trkpt lat="56.0340850" lon="10.1073350">
    <ele>78.6</ele>
   </trkpt>
   <trkpt lat="56.0340820" lon="10.1071990">
    <ele>78.4</ele>
   </trkpt>
   <trkpt lat="56.0340780" lon="10.1070620">
    <ele>78.4</ele>
   </trkpt>
   <trkpt lat="56.0340760" lon="10.1069250">
    <ele>78.4</ele>
   </trkpt>
   <trkpt lat="56.0340740" lon="10.1067860">
    <ele>78.2</ele>
   </trkpt>
   <trkpt lat="56.0340710" lon="10.1066440">
    <ele>78.2</ele>
   </trkpt>
   <trkpt lat="56.0340680" lon="10.1065060">
    <ele>78.0</ele>
   </trkpt>
   <trkpt lat="56.0340660" lon="10.1063660">
    <ele>78.0</ele>
   </trkpt>
   <trkpt lat="56.0340640" lon="10.1062270">
    <ele>77.8</ele>
   </trkpt>
   <trkpt lat="56.0340630" lon="10.1060920">
    <ele>77.8</ele>
   </trkpt>
   <trkpt lat="56.0340600" lon="10.1059600">
    <ele>77.8</ele>
   </trkpt>
   <trkpt lat="56.0340490" lon="10.1058380">
    <ele>77.6</ele>
   </trkpt>
   <trkpt lat="56.0340310" lon="10.1057260">
    <ele>77.6</ele>
   </trkpt>
   <trkpt lat="56.0340200" lon="10.1056150">
    <ele>77.4</ele>
   </trkpt>
   <trkpt lat="56.0340210" lon="10.1055030">
    <ele>77.4</ele>
   </trkpt>
   <trkpt lat="56.0340240" lon="10.1053880">
    <ele>77.2</ele>
   </trkpt>
   <trkpt lat="56.0340260" lon="10.1052710">
    <ele>77.0</ele>
   </trkpt>
   <trkpt lat="56.0340270" lon="10.1051540">
    <ele>76.8</ele>
   </trkpt>
   <trkpt lat="56.0340260" lon="10.1050320">
    <ele>76.6</ele>
   </trkpt>
   <trkpt lat="56.0340270" lon="10.1049080">
    <ele>76.4</ele>
   </trkpt>
   <trkpt lat="56.0340290" lon="10.1047830">
    <ele>76.2</ele>
   </trkpt>
   <trkpt lat="56.0340290" lon="10.1046600">
    <ele>76.0</ele>
   </trkpt>
   <trkpt lat="56.0340260" lon="10.1045350">
    <ele>76.0</ele>
   </trkpt>
   <trkpt lat="56.0340260" lon="10.1044110">
    <ele>75.8</ele>
   </trkpt>
   <trkpt lat="56.0340280" lon="10.1042860">
    <ele>75.6</ele>
   </trkpt>
   <trkpt lat="56.0340300" lon="10.1041630">
    <ele>75.4</ele>
   </trkpt>
   <trkpt lat="56.0340330" lon="10.1040420">
    <ele>75.4</ele>
   </trkpt>
   <trkpt lat="56.0340340" lon="10.1039220">
    <ele>75.2</ele>
   </trkpt>
   <trkpt lat="56.0340340" lon="10.1038020">
    <ele>75.0</ele>
   </trkpt>
   <trkpt lat="56.0340330" lon="10.1036830">
    <ele>75.0</ele>
   </trkpt>
   <trkpt lat="56.0340330" lon="10.1035640">
    <ele>74.8</ele>
   </trkpt>
   <trkpt lat="56.0340330" lon="10.1034430">
    <ele>74.6</ele>
   </trkpt>
   <trkpt lat="56.0340340" lon="10.1033220">
    <ele>74.4</ele>
   </trkpt>
   <trkpt lat="56.0340330" lon="10.1032030">
    <ele>74.2</ele>
   </trkpt>
   <trkpt lat="56.0340320" lon="10.1030890">
    <ele>74.0</ele>
   </trkpt>
   <trkpt lat="56.0340320" lon="10.1029800">
    <ele>73.8</ele>
   </trkpt>
   <trkpt lat="56.0340330" lon="10.1028740">
    <ele>73.6</ele>
   </trkpt>
   <trkpt lat="56.0340350" lon="10.1027720">
    <ele>73.4</ele>
   </trkpt>
   <trkpt lat="56.0340370" lon="10.1026720">
    <ele>73.2</ele>
   </trkpt>
   <trkpt lat="56.0340380" lon="10.1025730">
    <ele>73.0</ele>
   </trkpt>
   <trkpt lat="56.0340400" lon="10.1024790">
    <ele>72.8</ele>
   </trkpt>
   <trkpt lat="56.0340420" lon="10.1023860">
    <ele>72.6</ele>
   </trkpt>
   <trkpt lat="56.0340450" lon="10.1022910">
    <ele>72.4</ele>
   </trkpt>
   <trkpt lat="56.0340480" lon="10.1021890">
    <ele>72.2</ele>
   </trkpt>
   <trkpt lat="56.0340510" lon="10.1020800">
    <ele>72.2</ele>
   </trkpt>
   <trkpt lat="56.0340540" lon="10.1019630">
    <ele>72.0</ele>
   </trkpt>
   <trkpt lat="56.0340590" lon="10.1018400">
    <ele>72.0</ele>
   </trkpt>
   <trkpt lat="56.0340630" lon="10.1017100">
    <ele>71.8</ele>
   </trkpt>
   <trkpt lat="56.0340680" lon="10.1015740">
    <ele>71.6</ele>
   </trkpt>
   <trkpt lat="56.0340730" lon="10.1014340">
    <ele>71.4</ele>
   </trkpt>
   <trkpt lat="56.0340780" lon="10.1012920">
    <ele>71.4</ele>
   </trkpt>
   <trkpt lat="56.0340830" lon="10.1011520">
    <ele>71.2</ele>
   </trkpt>
   <trkpt lat="56.0340910" lon="10.1010170">
    <ele>71.0</ele>
   </trkpt>
   <trkpt lat="56.0340990" lon="10.1008830">
    <ele>71.0</ele>
   </trkpt>
   <trkpt lat="56.0341080" lon="10.1007460">
    <ele>70.8</ele>
   </trkpt>
   <trkpt lat="56.0341210" lon="10.1006090">
    <ele>70.6</ele>
   </trkpt>
   <trkpt lat="56.0341350" lon="10.1004750">
    <ele>70.6</ele>
   </trkpt>
   <trkpt lat="56.0341470" lon="10.1003390">
    <ele>70.6</ele>
   </trkpt>
   <trkpt lat="56.0341640" lon="10.1002060">
    <ele>70.4</ele>
   </trkpt>
   <trkpt lat="56.0341850" lon="10.1000760">
    <ele>70.4</ele>
   </trkpt>
   <trkpt lat="56.0342100" lon="10.0999470">
    <ele>70.2</ele>
   </trkpt>
   <trkpt lat="56.0342370" lon="10.0998190">
    <ele>70.0</ele>
   </trkpt>
   <trkpt lat="56.0342650" lon="10.0996910">
    <ele>70.0</ele>
   </trkpt>
   <trkpt lat="56.0342940" lon="10.0995610">
    <ele>69.8</ele>
   </trkpt>
   <trkpt lat="56.0343210" lon="10.0994270">
    <ele>69.8</ele>
   </trkpt>
   <trkpt lat="56.0343460" lon="10.0992910">
    <ele>69.8</ele>
   </trkpt>
   <trkpt lat="56.0343680" lon="10.0991520">
    <ele>69.6</ele>
   </trkpt>
   <trkpt lat="56.0343870" lon="10.0990100">
    <ele>69.4</ele>
   </trkpt>
   <trkpt lat="56.0344040" lon="10.0988650">
    <ele>69.2</ele>
   </trkpt>
   <trkpt lat="56.0344180" lon="10.0987170">
    <ele>69.0</ele>
   </trkpt>
   <trkpt lat="56.0344310" lon="10.0985700">
    <ele>68.8</ele>
   </trkpt>
   <trkpt lat="56.0344440" lon="10.0984250">
    <ele>68.8</ele>
   </trkpt>
   <trkpt lat="56.0344570" lon="10.0982780">
    <ele>68.6</ele>
   </trkpt>
   <trkpt lat="56.0344680" lon="10.0981300">
    <ele>68.4</ele>
   </trkpt>
   <trkpt lat="56.0344810" lon="10.0979850">
    <ele>68.2</ele>
   </trkpt>
   <trkpt lat="56.0344950" lon="10.0978430">
    <ele>68.0</ele>
   </trkpt>
   <trkpt lat="56.0345080" lon="10.0977010">
    <ele>67.8</ele>
   </trkpt>
   <trkpt lat="56.0345210" lon="10.0975590">
    <ele>67.6</ele>
   </trkpt>
   <trkpt lat="56.0345320" lon="10.0974160">
    <ele>67.4</ele>
   </trkpt>
   <trkpt lat="56.0345420" lon="10.0972730">
    <ele>67.4</ele>
   </trkpt>
   <trkpt lat="56.0345540" lon="10.0971320">
    <ele>67.2</ele>
   </trkpt>
   <trkpt lat="56.0345660" lon="10.0969920">
    <ele>66.8</ele>
   </trkpt>
   <trkpt lat="56.0345780" lon="10.0968520">
    <ele>66.6</ele>
   </trkpt>
   <trkpt lat="56.0345900" lon="10.0967110">
    <ele>66.4</ele>
   </trkpt>
   <trkpt lat="56.0346030" lon="10.0965700">
    <ele>66.2</ele>
   </trkpt>
   <trkpt lat="56.0346140" lon="10.0964290">
    <ele>66.0</ele>
   </trkpt>
   <trkpt lat="56.0346260" lon="10.0962890">
    <ele>65.8</ele>
   </trkpt>
   <trkpt lat="56.0346380" lon="10.0961510">
    <ele>65.6</ele>
   </trkpt>
   <trkpt lat="56.0346510" lon="10.0960170">
    <ele>65.4</ele>
   </trkpt>
   <trkpt lat="56.0346620" lon="10.0958840">
    <ele>65.4</ele>
   </trkpt>
   <trkpt lat="56.0346720" lon="10.0957530">
    <ele>65.2</ele>
   </trkpt>
   <trkpt lat="56.0346850" lon="10.0956220">
    <ele>64.8</ele>
   </trkpt>
   <trkpt lat="56.0346970" lon="10.0954920">
    <ele>64.8</ele>
   </trkpt>
   <trkpt lat="56.0347090" lon="10.0953620">
    <ele>64.6</ele>
   </trkpt>
   <trkpt lat="56.0347180" lon="10.0952310">
    <ele>64.4</ele>
   </trkpt>
   <trkpt lat="56.0347300" lon="10.0951020">
    <ele>64.2</ele>
   </trkpt>
   <trkpt lat="56.0347420" lon="10.0949740">
    <ele>64.0</ele>
   </trkpt>
   <trkpt lat="56.0347520" lon="10.0948440">
    <ele>64.0</ele>
   </trkpt>
   <trkpt lat="56.0347620" lon="10.0947140">
    <ele>63.8</ele>
   </trkpt>
   <trkpt lat="56.0347740" lon="10.0945880">
    <ele>63.6</ele>
   </trkpt>
   <trkpt lat="56.0347840" lon="10.0944600">
    <ele>63.6</ele>
   </trkpt>
   <trkpt lat="56.0347950" lon="10.0943290">
    <ele>63.4</ele>
   </trkpt>
   <trkpt lat="56.0348060" lon="10.0941980">
    <ele>63.4</ele>
   </trkpt>
   <trkpt lat="56.0348170" lon="10.0940680">
    <ele>63.2</ele>
   </trkpt>
   <trkpt lat="56.0348270" lon="10.0939390">
    <ele>63.2</ele>
   </trkpt>
   <trkpt lat="56.0348380" lon="10.0938110">
    <ele>63.2</ele>
   </trkpt>
   <trkpt lat="56.0348490" lon="10.0936820">
    <ele>63.0</ele>
   </trkpt>
   <trkpt lat="56.0348600" lon="10.0935550">
    <ele>63.0</ele>
   </trkpt>
   <trkpt lat="56.0348700" lon="10.0934260">
    <ele>62.8</ele>
   </trkpt>
   <trkpt lat="56.0348800" lon="10.0932950">
    <ele>62.8</ele>
   </trkpt>
   <trkpt lat="56.0348910" lon="10.0931630">
    <ele>62.6</ele>
   </trkpt>
   <trkpt lat="56.0349030" lon="10.0930340">
    <ele>62.6</ele>
   </trkpt>
   <trkpt lat="56.0349170" lon="10.0929070">
    <ele>62.6</ele>
   </trkpt>
   <trkpt lat="56.0349300" lon="10.0927840">
    <ele>62.6</ele>
   </trkpt>
   <trkpt lat="56.0349420" lon="10.0926640">
    <ele>62.4</ele>
   </trkpt>
   <trkpt lat="56.0349530" lon="10.0925480">
    <ele>62.4</ele>
   </trkpt>
   <trkpt lat="56.0349620" lon="10.0924350">
    <ele>62.4</ele>
   </trkpt>
   <trkpt lat="56.0349700" lon="10.0923250">
    <ele>62.2</ele>
   </trkpt>
   <trkpt lat="56.0349790" lon="10.0922110">
    <ele>62.2</ele>
   </trkpt>
   <trkpt lat="56.0349890" lon="10.0920970">
    <ele>62.2</ele>
   </trkpt>
   <trkpt lat="56.0349970" lon="10.0919870">
    <ele>62.2</ele>
   </trkpt>
   <trkpt lat="56.0350050" lon="10.0918790">
    <ele>62.2</ele>
   </trkpt>
   <trkpt lat="56.0350120" lon="10.0917690">
    <ele>62.2</ele>
   </trkpt>
   <trkpt lat="56.0350200" lon="10.0916570">
    <ele>62.2</ele>
   </trkpt>
   <trkpt lat="56.0350310" lon="10.0915430">
    <ele>62.2</ele>
   </trkpt>
   <trkpt lat="56.0350400" lon="10.0914280">
    <ele>62.2</ele>
   </trkpt>
   <trkpt lat="56.0350480" lon="10.0913120">
    <ele>62.0</ele>
   </trkpt>
   <trkpt lat="56.0350540" lon="10.0911920">
    <ele>62.0</ele>
   </trkpt>
   <trkpt lat="56.0350610" lon="10.0910700">
    <ele>62.0</ele>
   </trkpt>
   <trkpt lat="56.0350670" lon="10.0909470">
    <ele>62.0</ele>
   </trkpt>
   <trkpt lat="56.0350750" lon="10.0908230">
    <ele>62.0</ele>
   </trkpt>
   <trkpt lat="56.0350820" lon="10.0906960">
    <ele>62.0</ele>
   </trkpt>
   <trkpt lat="56.0350880" lon="10.0905650">
    <ele>62.0</ele>
   </trkpt>
   <trkpt lat="56.0350960" lon="10.0904330">
    <ele>62.0</ele>
   </trkpt>
   <trkpt lat="56.0351050" lon="10.0902960">
    <ele>61.8</ele>
   </trkpt>
   <trkpt lat="56.0351140" lon="10.0901590">
    <ele>61.8</ele>
   </trkpt>
   <trkpt lat="56.0351250" lon="10.0900160">
    <ele>61.8</ele>
   </trkpt>
   <trkpt lat="56.0351400" lon="10.0898710">
    <ele>61.6</ele>
   </trkpt>
   <trkpt lat="56.0351570" lon="10.0897240">
    <ele>61.4</ele>
   </trkpt>
   <trkpt lat="56.0351770" lon="10.0895760">
    <ele>61.4</ele>
   </trkpt>
   <trkpt lat="56.0352010" lon="10.0894250">
    <ele>61.4</ele>
   </trkpt>
   <trkpt lat="56.0352270" lon="10.0892750">
    <ele>61.2</ele>
   </trkpt>
   <trkpt lat="56.0352600" lon="10.0891280">
    <ele>61.2</ele>
   </trkpt>
   <trkpt lat="56.0352960" lon="10.0889820">
    <ele>61.2</ele>
   </trkpt>
   <trkpt lat="56.0353340" lon="10.0888360">
    <ele>61.0</ele>
   </trkpt>
   <trkpt lat="56.0353750" lon="10.0886880">
    <ele>61.0</ele>
   </trkpt>
   <trkpt lat="56.0354190" lon="10.0885440">
    <ele>61.0</ele>
   </trkpt>
   <trkpt lat="56.0354630" lon="10.0884060">
    <ele>61.0</ele>
   </trkpt>
   <trkpt lat="56.0355100" lon="10.0882760">
    <ele>61.0</ele>
   </trkpt>
   <trkpt lat="56.0355570" lon="10.0881430">
    <ele>61.0</ele>
   </trkpt>
   <trkpt lat="56.0356050" lon="10.0880040">
    <ele>61.0</ele>
   </trkpt>
   <trkpt lat="56.0356520" lon="10.0878600">
    <ele>61.0</ele>
   </trkpt>
   <trkpt lat="56.0356990" lon="10.0877140">
    <ele>61.0</ele>
   </trkpt>
   <trkpt lat="56.0357490" lon="10.0875700">
    <ele>61.0</ele>
   </trkpt>
   <trkpt lat="56.0358020" lon="10.0874230">
    <ele>61.0</ele>
   </trkpt>
   <trkpt lat="56.0358540" lon="10.0872750">
    <ele>61.0</ele>
   </trkpt>
   <trkpt lat="56.0359020" lon="10.0871190">
    <ele>61.2</ele>
   </trkpt>
   <trkpt lat="56.0359530" lon="10.0869680">
    <ele>61.2</ele>
   </trkpt>
   <trkpt lat="56.0360050" lon="10.0868200">
    <ele>61.2</ele>
   </trkpt>
   <trkpt lat="56.0360600" lon="10.0866730">
    <ele>61.0</ele>
   </trkpt>
   <trkpt lat="56.0361170" lon="10.0865290">
    <ele>60.8</ele>
   </trkpt>
   <trkpt lat="56.0361730" lon="10.0863840">
    <ele>60.8</ele>
   </trkpt>
   <trkpt lat="56.0362220" lon="10.0862310">
    <ele>61.0</ele>
   </trkpt>
   <trkpt lat="56.0362720" lon="10.0860800">
    <ele>61.0</ele>
   </trkpt>
   <trkpt lat="56.0363230" lon="10.0859350">
    <ele>61.2</ele>
   </trkpt>
   <trkpt lat="56.0363710" lon="10.0857890">
    <ele>61.2</ele>
   </trkpt>
   <trkpt lat="56.0364200" lon="10.0856440">
    <ele>61.2</ele>
   </trkpt>
   <trkpt lat="56.0364700" lon="10.0854990">
    <ele>61.2</ele>
   </trkpt>
   <trkpt lat="56.0365190" lon="10.0853510">
    <ele>61.0</ele>
   </trkpt>
   <trkpt lat="56.0365680" lon="10.0852030">
    <ele>60.8</ele>
   </trkpt>
   <trkpt lat="56.0366160" lon="10.0850580">
    <ele>60.6</ele>
   </trkpt>
   <trkpt lat="56.0366660" lon="10.0849180">
    <ele>60.4</ele>
   </trkpt>
   <trkpt lat="56.0367160" lon="10.0847780">
    <ele>60.0</ele>
   </trkpt>
   <trkpt lat="56.0367640" lon="10.0846340">
    <ele>59.8</ele>
   </trkpt>
   <trkpt lat="56.0368140" lon="10.0844890">
    <ele>59.6</ele>
   </trkpt>
   <trkpt lat="56.0368650" lon="10.0843390">
    <ele>59.4</ele>
   </trkpt>
   <trkpt lat="56.0369140" lon="10.0841880">
    <ele>59.4</ele>
   </trkpt>
   <trkpt lat="56.0369630" lon="10.0840390">
    <ele>59.4</ele>
   </trkpt>
   <trkpt lat="56.0370120" lon="10.0838950">
    <ele>59.4</ele>
   </trkpt>
   <trkpt lat="56.0370630" lon="10.0837550">
    <ele>59.2</ele>
   </trkpt>
   <trkpt lat="56.0371130" lon="10.0836170">
    <ele>59.2</ele>
   </trkpt>
   <trkpt lat="56.0371600" lon="10.0834790">
    <ele>59.2</ele>
   </trkpt>
   <trkpt lat="56.0372060" lon="10.0833440">
    <ele>59.2</ele>
   </trkpt>
   <trkpt lat="56.0372490" lon="10.0832100">
    <ele>59.0</ele>
   </trkpt>
   <trkpt lat="56.0372930" lon="10.0830800">
    <ele>58.8</ele>
   </trkpt>
   <trkpt lat="56.0373370" lon="10.0829560">
    <ele>59.0</ele>
   </trkpt>
   <trkpt lat="56.0373790" lon="10.0828330">
    <ele>59.0</ele>
   </trkpt>
   <trkpt lat="56.0374190" lon="10.0827110">
    <ele>58.8</ele>
   </trkpt>
   <trkpt lat="56.0374590" lon="10.0825910">
    <ele>58.6</ele>
   </trkpt>
   <trkpt lat="56.0374980" lon="10.0824720">
    <ele>58.6</ele>
   </trkpt>
   <trkpt lat="56.0375370" lon="10.0823580">
    <ele>58.4</ele>
   </trkpt>
   <trkpt lat="56.0375740" lon="10.0822460">
    <ele>58.2</ele>
   </trkpt>
   <trkpt lat="56.0376130" lon="10.0821390">
    <ele>58.0</ele>
   </trkpt>
   <trkpt lat="56.0376530" lon="10.0820380">
    <ele>58.0</ele>
   </trkpt>
   <trkpt lat="56.0376960" lon="10.0819540">
    <ele>57.8</ele>
   </trkpt>
   <trkpt lat="56.0377380" lon="10.0818920">
    <ele>57.6</ele>
   </trkpt>
   <trkpt lat="56.0377720" lon="10.0818440">
    <ele>57.4</ele>
   </trkpt>
   <trkpt lat="56.0377940" lon="10.0818000">
    <ele>57.2</ele>
   </trkpt>
   <trkpt lat="56.0378070" lon="10.0817420">
    <ele>57.0</ele>
   </trkpt>
   <trkpt lat="56.0378080" lon="10.0816730">
    <ele>56.6</ele>
   </trkpt>
   <trkpt lat="56.0377920" lon="10.0816000">
    <ele>56.4</ele>
   </trkpt>
   <trkpt lat="56.0377640" lon="10.0815280">
    <ele>56.2</ele>
   </trkpt>
   <trkpt lat="56.0377280" lon="10.0814570">
    <ele>56.0</ele>
   </trkpt>
   <trkpt lat="56.0376880" lon="10.0813850">
    <ele>55.8</ele>
   </trkpt>
   <trkpt lat="56.0376460" lon="10.0813090">
    <ele>55.8</ele>
   </trkpt>
   <trkpt lat="56.0376050" lon="10.0812260">
    <ele>55.6</ele>
   </trkpt>
   <trkpt lat="56.0375630" lon="10.0811400">
    <ele>55.4</ele>
   </trkpt>
   <trkpt lat="56.0375220" lon="10.0810480">
    <ele>55.2</ele>
   </trkpt>
   <trkpt lat="56.0374810" lon="10.0809520">
    <ele>55.0</ele>
   </trkpt>
   <trkpt lat="56.0374400" lon="10.0808550">
    <ele>54.8</ele>
   </trkpt>
   <trkpt lat="56.0374010" lon="10.0807540">
    <ele>54.6</ele>
   </trkpt>
   <trkpt lat="56.0373610" lon="10.0806520">
    <ele>54.4</ele>
   </trkpt>
   <trkpt lat="56.0373190" lon="10.0805470">
    <ele>54.2</ele>
   </trkpt>
   <trkpt lat="56.0372750" lon="10.0804420">
    <ele>54.2</ele>
   </trkpt>
   <trkpt lat="56.0372340" lon="10.0803340">
    <ele>54.0</ele>
   </trkpt>
   <trkpt lat="56.0371940" lon="10.0802230">
    <ele>53.8</ele>
   </trkpt>
   <trkpt lat="56.0371530" lon="10.0801130">
    <ele>53.8</ele>
   </trkpt>
   <trkpt lat="56.0371090" lon="10.0800050">
    <ele>53.8</ele>
   </trkpt>
   <trkpt lat="56.0370640" lon="10.0799040">
    <ele>53.6</ele>
   </trkpt>
   <trkpt lat="56.0370240" lon="10.0798030">
    <ele>53.4</ele>
   </trkpt>
   <trkpt lat="56.0369980" lon="10.0796950">
    <ele>53.4</ele>
   </trkpt>
   <trkpt lat="56.0369940" lon="10.0795840">
    <ele>53.4</ele>
   </trkpt>
   <trkpt lat="56.0370160" lon="10.0794760">
    <ele>53.2</ele>
   </trkpt>
   <trkpt lat="56.0370640" lon="10.0793770">
    <ele>53.2</ele>
   </trkpt>
   <trkpt lat="56.0371170" lon="10.0793010">
    <ele>53.0</ele>
   </trkpt>
   <trkpt lat="56.0371740" lon="10.0792270">
    <ele>52.8</ele>
   </trkpt>
   <trkpt lat="56.0372300" lon="10.0791460">
    <ele>52.6</ele>
   </trkpt>
   <trkpt lat="56.0372870" lon="10.0790660">
    <ele>52.6</ele>
   </trkpt>
   <trkpt lat="56.0373440" lon="10.0789860">
    <ele>52.4</ele>
   </trkpt>
   <trkpt lat="56.0374000" lon="10.0789060">
    <ele>52.2</ele>
   </trkpt>
   <trkpt lat="56.0374570" lon="10.0788270">
    <ele>52.2</ele>
   </trkpt>
   <trkpt lat="56.0375130" lon="10.0787470">
    <ele>52.0</ele>
   </trkpt>
   <trkpt lat="56.0375680" lon="10.0786660">
    <ele>51.8</ele>
   </trkpt>
   <trkpt lat="56.0376230" lon="10.0785860">
    <ele>51.8</ele>
   </trkpt>
   <trkpt lat="56.0376790" lon="10.0785060">
    <ele>51.6</ele>
   </trkpt>
   <trkpt lat="56.0377330" lon="10.0784240">
    <ele>51.6</ele>
   </trkpt>
   <trkpt lat="56.0377850" lon="10.0783400">
    <ele>51.4</ele>
   </trkpt>
   <trkpt lat="56.0378350" lon="10.0782580">
    <ele>51.4</ele>
   </trkpt>
   <trkpt lat="56.0378840" lon="10.0781770">
    <ele>51.4</ele>
   </trkpt>
   <trkpt lat="56.0379330" lon="10.0780950">
    <ele>51.2</ele>
   </trkpt>
   <trkpt lat="56.0379760" lon="10.0780120">
    <ele>51.0</ele>
   </trkpt>
   <trkpt lat="56.0380140" lon="10.0779260">
    <ele>51.0</ele>
   </trkpt>
   <trkpt lat="56.0380510" lon="10.0778410">
    <ele>50.8</ele>
   </trkpt>
   <trkpt lat="56.0380870" lon="10.0777570">
    <ele>50.8</ele>
   </trkpt>
   <trkpt lat="56.0381220" lon="10.0776720">
    <ele>50.6</ele>
   </trkpt>
   <trkpt lat="56.0381520" lon="10.0775840">
    <ele>50.6</ele>
   </trkpt>
   <trkpt lat="56.0381820" lon="10.0774980">
    <ele>50.4</ele>
   </trkpt>
   <trkpt lat="56.0382110" lon="10.0774160">
    <ele>50.4</ele>
   </trkpt>
   <trkpt lat="56.0382370" lon="10.0773350">
    <ele>50.4</ele>
   </trkpt>
   <trkpt lat="56.0382590" lon="10.0772570">
    <ele>50.4</ele>
   </trkpt>
   <trkpt lat="56.0382770" lon="10.0771830">
    <ele>50.4</ele>
   </trkpt>
   <trkpt lat="56.0382910" lon="10.0771100">
    <ele>50.6</ele>
   </trkpt>
   <trkpt lat="56.0383070" lon="10.0770380">
    <ele>50.6</ele>
   </trkpt>
   <trkpt lat="56.0383270" lon="10.0769680">
    <ele>50.6</ele>
   </trkpt>
   <trkpt lat="56.0383440" lon="10.0768980">
    <ele>50.6</ele>
   </trkpt>
   <trkpt lat="56.0383580" lon="10.0768270">
    <ele>50.8</ele>
   </trkpt>
   <trkpt lat="56.0383720" lon="10.0767560">
    <ele>50.8</ele>
   </trkpt>
   <trkpt lat="56.0383860" lon="10.0766880">
    <ele>50.8</ele>
   </trkpt>
   <trkpt lat="56.0384000" lon="10.0766210">
    <ele>50.8</ele>
   </trkpt>
   <trkpt lat="56.0384150" lon="10.0765560">
    <ele>50.8</ele>
   </trkpt>
   <trkpt lat="56.0384290" lon="10.0764910">
    <ele>51.0</ele>
   </trkpt>
   <trkpt lat="56.0384430" lon="10.0764280">
    <ele>51.0</ele>
   </trkpt>
   <trkpt lat="56.0384570" lon="10.0763630">
    <ele>51.0</ele>
   </trkpt>
   <trkpt lat="56.0384730" lon="10.0762960">
    <ele>51.0</ele>
   </trkpt>
   <trkpt lat="56.0384870" lon="10.0762290">
    <ele>51.2</ele>
   </trkpt>
   <trkpt lat="56.0385020" lon="10.0761610">
    <ele>51.2</ele>
   </trkpt>
   <trkpt lat="56.0385140" lon="10.0760910">
    <ele>51.2</ele>
   </trkpt>
   <trkpt lat="56.0385260" lon="10.0760200">
    <ele>51.2</ele>
   </trkpt>
   <trkpt lat="56.0385400" lon="10.0759520">
    <ele>51.4</ele>
   </trkpt>
   <trkpt lat="56.0385510" lon="10.0758840">
    <ele>51.4</ele>
   </trkpt>
   <trkpt lat="56.0385610" lon="10.0758160">
    <ele>51.4</ele>
   </trkpt>
   <trkpt lat="56.0385710" lon="10.0757460">
    <ele>51.6</ele>
   </trkpt>
   <trkpt lat="56.0385810" lon="10.0756750">
    <ele>51.6</ele>
   </trkpt>
   <trkpt lat="56.0385920" lon="10.0756030">
    <ele>51.6</ele>
   </trkpt>
   <trkpt lat="56.0386070" lon="10.0755320">
    <ele>51.8</ele>
   </trkpt>
   <trkpt lat="56.0386260" lon="10.0754640">
    <ele>51.8</ele>
   </trkpt>
   <trkpt lat="56.0386480" lon="10.0753960">
    <ele>51.6</ele>
   </trkpt>
   <trkpt lat="56.0386660" lon="10.0753250">
    <ele>51.6</ele>
   </trkpt>
   <trkpt lat="56.0386820" lon="10.0752540">
    <ele>51.6</ele>
   </trkpt>
   <trkpt lat="56.0386970" lon="10.0751830">
    <ele>51.6</ele>
   </trkpt>
   <trkpt lat="56.0387140" lon="10.0751100">
    <ele>51.6</ele>
   </trkpt>
   <trkpt lat="56.0387300" lon="10.0750380">
    <ele>51.6</ele>
   </trkpt>
   <trkpt lat="56.0387440" lon="10.0749650">
    <ele>51.6</ele>
   </trkpt>
   <trkpt lat="56.0387570" lon="10.0748900">
    <ele>51.6</ele>
   </trkpt>
   <trkpt lat="56.0387740" lon="10.0748160">
    <ele>51.6</ele>
   </trkpt>
   <trkpt lat="56.0387940" lon="10.0747430">
    <ele>51.6</ele>
   </trkpt>
   <trkpt lat="56.0388140" lon="10.0746710">
    <ele>51.6</ele>
   </trkpt>
   <trkpt lat="56.0388320" lon="10.0745980">
    <ele>51.4</ele>
   </trkpt>
   <trkpt lat="56.0388520" lon="10.0745230">
    <ele>51.4</ele>
   </trkpt>
   <trkpt lat="56.0388700" lon="10.0744490">
    <ele>51.4</ele>
   </trkpt>
   <trkpt lat="56.0388890" lon="10.0743730">
    <ele>51.4</ele>
   </trkpt>
   <trkpt lat="56.0389100" lon="10.0742960">
    <ele>51.4</ele>
   </trkpt>
   <trkpt lat="56.0389320" lon="10.0742240">
    <ele>51.2</ele>
   </trkpt>
   <trkpt lat="56.0389530" lon="10.0741510">
    <ele>51.4</ele>
   </trkpt>
   <trkpt lat="56.0389760" lon="10.0740810">
    <ele>51.4</ele>
   </trkpt>
   <trkpt lat="56.0389980" lon="10.0740120">
    <ele>51.8</ele>
   </trkpt>
   <trkpt lat="56.0390220" lon="10.0739450">
    <ele>52.2</ele>
   </trkpt>
   <trkpt lat="56.0390430" lon="10.0738790">
    <ele>55.6</ele>
   </trkpt>
   <trkpt lat="56.0390630" lon="10.0738140">
    <ele>59.4</ele>
   </trkpt>
   <trkpt lat="56.0390840" lon="10.0737520">
    <ele>63.6</ele>
   </trkpt>
   <trkpt lat="56.0391050" lon="10.0736900">
    <ele>65.0</ele>
   </trkpt>
   <trkpt lat="56.0391240" lon="10.0736300">
    <ele>65.4</ele>
   </trkpt>
   <trkpt lat="56.0391480" lon="10.0735730">
    <ele>66.2</ele>
   </trkpt>
   <trkpt lat="56.0391710" lon="10.0735190">
    <ele>66.8</ele>
   </trkpt>
   <trkpt lat="56.0391930" lon="10.0734640">
    <ele>67.2</ele>
   </trkpt>
   <trkpt lat="56.0392140" lon="10.0734110">
    <ele>67.6</ele>
   </trkpt>
   <trkpt lat="56.0392330" lon="10.0733560">
    <ele>68.0</ele>
   </trkpt>
   <trkpt lat="56.0392530" lon="10.0733070">
    <ele>68.4</ele>
   </trkpt>
   <trkpt lat="56.0392730" lon="10.0732610">
    <ele>68.8</ele>
   </trkpt>
   <trkpt lat="56.0392950" lon="10.0732160">
    <ele>69.0</ele>
   </trkpt>
   <trkpt lat="56.0393170" lon="10.0731720">
    <ele>69.2</ele>
   </trkpt>
   <trkpt lat="56.0393360" lon="10.0731250">
    <ele>69.6</ele>
   </trkpt>
   <trkpt lat="56.0393540" lon="10.0730740">
    <ele>69.8</ele>
   </trkpt>
   <trkpt lat="56.0393710" lon="10.0730250">
    <ele>70.0</ele>
   </trkpt>
   <trkpt lat="56.0393880" lon="10.0729750">
    <ele>70.2</ele>
   </trkpt>
   <trkpt lat="56.0394010" lon="10.0729230">
    <ele>70.6</ele>
   </trkpt>
   <trkpt lat="56.0394140" lon="10.0728700">
    <ele>70.8</ele>
   </trkpt>
   <trkpt lat="56.0394290" lon="10.0728200">
    <ele>71.0</ele>
   </trkpt>
   <trkpt lat="56.0394420" lon="10.0727670">
    <ele>71.2</ele>
   </trkpt>
   <trkpt lat="56.0394400" lon="10.0726910">
    <ele>71.4</ele>
   </trkpt>
   <trkpt lat="56.0394750" lon="10.0726720">
    <ele>71.6</ele>
   </trkpt>
   <trkpt lat="56.0394820" lon="10.0726240">
    <ele>71.8</ele>
   </trkpt>
   <trkpt lat="56.0394880" lon="10.0725580">
    <ele>72.0</ele>
   </trkpt>
   <trkpt lat="56.0394980" lon="10.0724900">
    <ele>72.2</ele>
   </trkpt>
   <trkpt lat="56.0395100" lon="10.0724350">
    <ele>72.4</ele>
   </trkpt>
   <trkpt lat="56.0395230" lon="10.0723880">
    <ele>72.8</ele>
   </trkpt>
   <trkpt lat="56.0395370" lon="10.0723190">
    <ele>72.8</ele>
   </trkpt>
   <trkpt lat="56.0395490" lon="10.0722740">
    <ele>73.2</ele>
   </trkpt>
   <trkpt lat="56.0395670" lon="10.0722240">
    <ele>73.4</ele>
   </trkpt>
   <trkpt lat="56.0395820" lon="10.0721590">
    <ele>73.6</ele>
   </trkpt>
   <trkpt lat="56.0395980" lon="10.0720990">
    <ele>73.6</ele>
   </trkpt>
   <trkpt lat="56.0396120" lon="10.0720350">
    <ele>73.8</ele>
   </trkpt>
   <trkpt lat="56.0396270" lon="10.0719630">
    <ele>74.0</ele>
   </trkpt>
   <trkpt lat="56.0396360" lon="10.0719120">
    <ele>74.2</ele>
   </trkpt>
   <trkpt lat="56.0396460" lon="10.0718370">
    <ele>74.4</ele>
   </trkpt>
   <trkpt lat="56.0396520" lon="10.0717870">
    <ele>74.4</ele>
   </trkpt>
   <trkpt lat="56.0396590" lon="10.0717230">
    <ele>74.6</ele>
   </trkpt>
   <trkpt lat="56.0396660" lon="10.0716420">
    <ele>74.8</ele>
   </trkpt>
   <trkpt lat="56.0396700" lon="10.0715900">
    <ele>75.0</ele>
   </trkpt>
   <trkpt lat="56.0396780" lon="10.0715240">
    <ele>75.2</ele>
   </trkpt>
   <trkpt lat="56.0396860" lon="10.0714590">
    <ele>75.2</ele>
   </trkpt>
   <trkpt lat="56.0396930" lon="10.0713910">
    <ele>75.4</ele>
   </trkpt>
   <trkpt lat="56.0396990" lon="10.0713240">
    <ele>75.6</ele>
   </trkpt>
   <trkpt lat="56.0397020" lon="10.0712560">
    <ele>75.8</ele>
   </trkpt>
   <trkpt lat="56.0397060" lon="10.0711740">
    <ele>75.8</ele>
   </trkpt>
   <trkpt lat="56.0397110" lon="10.0711200">
    <ele>76.0</ele>
   </trkpt>
   <trkpt lat="56.0397180" lon="10.0710520">
    <ele>76.2</ele>
   </trkpt>
   <trkpt lat="56.0397260" lon="10.0709840">
    <ele>76.2</ele>
   </trkpt>
   <trkpt lat="56.0397350" lon="10.0709130">
    <ele>76.4</ele>
   </trkpt>
   <trkpt lat="56.0397430" lon="10.0708460">
    <ele>76.4</ele>
   </trkpt>
   <trkpt lat="56.0397490" lon="10.0707640">
    <ele>76.6</ele>
   </trkpt>
   <trkpt lat="56.0397510" lon="10.0707070">
    <ele>76.8</ele>
   </trkpt>
   <trkpt lat="56.0397540" lon="10.0706190">
    <ele>76.8</ele>
   </trkpt>
   <trkpt lat="56.0397590" lon="10.0705610">
    <ele>77.0</ele>
   </trkpt>
   <trkpt lat="56.0397670" lon="10.0704920">
    <ele>77.2</ele>
   </trkpt>
   <trkpt lat="56.0397760" lon="10.0704070">
    <ele>77.2</ele>
   </trkpt>
   <trkpt lat="56.0397810" lon="10.0703480">
    <ele>77.4</ele>
   </trkpt>
   <trkpt lat="56.0397850" lon="10.0702740">
    <ele>77.6</ele>
   </trkpt>
   <trkpt lat="56.0397900" lon="10.0701920">
    <ele>77.6</ele>
   </trkpt>
   <trkpt lat="56.0397930" lon="10.0701360">
    <ele>77.8</ele>
   </trkpt>
   <trkpt lat="56.0397960" lon="10.0700660">
    <ele>78.0</ele>
   </trkpt>
   <trkpt lat="56.0398010" lon="10.0699940">
    <ele>78.2</ele>
   </trkpt>
   <trkpt lat="56.0398080" lon="10.0699180">
    <ele>78.2</ele>
   </trkpt>
   <trkpt lat="56.0398150" lon="10.0698380">
    <ele>78.4</ele>
   </trkpt>
   <trkpt lat="56.0398210" lon="10.0697390">
    <ele>78.4</ele>
   </trkpt>
   <trkpt lat="56.0398260" lon="10.0696740">
    <ele>78.6</ele>
   </trkpt>
   <trkpt lat="56.0398330" lon="10.0695930">
    <ele>78.6</ele>
   </trkpt>
   <trkpt lat="56.0398450" lon="10.0694990">
    <ele>78.8</ele>
   </trkpt>
   <trkpt lat="56.0398520" lon="10.0694350">
    <ele>78.8</ele>
   </trkpt>
   <trkpt lat="56.0398600" lon="10.0693540">
    <ele>79.0</ele>
   </trkpt>
   <trkpt lat="56.0398680" lon="10.0692570">
    <ele>79.0</ele>
   </trkpt>
   <trkpt lat="56.0398730" lon="10.0691910">
    <ele>79.2</ele>
   </trkpt>
   <trkpt lat="56.0398790" lon="10.0691080">
    <ele>79.4</ele>
   </trkpt>
   <trkpt lat="56.0398900" lon="10.0690090">
    <ele>79.4</ele>
   </trkpt>
   <trkpt lat="56.0398990" lon="10.0689440">
    <ele>79.6</ele>
   </trkpt>
   <trkpt lat="56.0399120" lon="10.0688640">
    <ele>79.8</ele>
   </trkpt>
   <trkpt lat="56.0399250" lon="10.0687640">
    <ele>79.8</ele>
   </trkpt>
   <trkpt lat="56.0399350" lon="10.0686960">
    <ele>80.0</ele>
   </trkpt>
   <trkpt lat="56.0399520" lon="10.0685950">
    <ele>80.0</ele>
   </trkpt>
   <trkpt lat="56.0399670" lon="10.0685270">
    <ele>80.2</ele>
   </trkpt>
   <trkpt lat="56.0399880" lon="10.0684230">
    <ele>80.2</ele>
   </trkpt>
   <trkpt lat="56.0400020" lon="10.0683560">
    <ele>80.2</ele>
   </trkpt>
   <trkpt lat="56.0400190" lon="10.0682690">
    <ele>80.4</ele>
   </trkpt>
   <trkpt lat="56.0400350" lon="10.0681760">
    <ele>80.4</ele>
   </trkpt>
   <trkpt lat="56.0400570" lon="10.0680660">
    <ele>80.6</ele>
   </trkpt>
   <trkpt lat="56.0400760" lon="10.0679950">
    <ele>80.6</ele>
   </trkpt>
   <trkpt lat="56.0400990" lon="10.0679060">
    <ele>80.8</ele>
   </trkpt>
   <trkpt lat="56.0401210" lon="10.0678170">
    <ele>80.8</ele>
   </trkpt>
   <trkpt lat="56.0401420" lon="10.0677280">
    <ele>80.8</ele>
   </trkpt>
   <trkpt lat="56.0401620" lon="10.0676370">
    <ele>80.8</ele>
   </trkpt>
   <trkpt lat="56.0401820" lon="10.0675470">
    <ele>80.8</ele>
   </trkpt>
   <trkpt lat="56.0401990" lon="10.0674530">
    <ele>81.0</ele>
   </trkpt>
   <trkpt lat="56.0402160" lon="10.0673600">
    <ele>81.0</ele>
   </trkpt>
   <trkpt lat="56.0402400" lon="10.0672490">
    <ele>81.0</ele>
   </trkpt>
   <trkpt lat="56.0402550" lon="10.0671750">
    <ele>81.2</ele>
   </trkpt>
   <trkpt lat="56.0402800" lon="10.0670650">
    <ele>81.2</ele>
   </trkpt>
   <trkpt lat="56.0402990" lon="10.0669700">
    <ele>81.2</ele>
   </trkpt>
   <trkpt lat="56.0403170" lon="10.0668960">
    <ele>81.2</ele>
   </trkpt>
   <trkpt lat="56.0403440" lon="10.0667820">
    <ele>81.4</ele>
   </trkpt>
   <trkpt lat="56.0403640" lon="10.0666850">
    <ele>81.4</ele>
   </trkpt>
   <trkpt lat="56.0403790" lon="10.0666070">
    <ele>81.4</ele>
   </trkpt>
   <trkpt lat="56.0404000" lon="10.0664910">
    <ele>81.4</ele>
   </trkpt>
   <trkpt lat="56.0404150" lon="10.0664140">
    <ele>81.4</ele>
   </trkpt>
   <trkpt lat="56.0404350" lon="10.0663190">
    <ele>81.6</ele>
   </trkpt>
   <trkpt lat="56.0404520" lon="10.0662220">
    <ele>81.4</ele>
   </trkpt>
   <trkpt lat="56.0404730" lon="10.0661010">
    <ele>81.6</ele>
   </trkpt>
   <trkpt lat="56.0404880" lon="10.0660210">
    <ele>81.6</ele>
   </trkpt>
   <trkpt lat="56.0405130" lon="10.0659040">
    <ele>81.6</ele>
   </trkpt>
   <trkpt lat="56.0405290" lon="10.0658270">
    <ele>81.8</ele>
   </trkpt>
   <trkpt lat="56.0405470" lon="10.0657260">
    <ele>81.8</ele>
   </trkpt>
   <trkpt lat="56.0405690" lon="10.0656030">
    <ele>82.0</ele>
   </trkpt>
   <trkpt lat="56.0405840" lon="10.0655230">
    <ele>82.0</ele>
   </trkpt>
   <trkpt lat="56.0406050" lon="10.0654240">
    <ele>82.0</ele>
   </trkpt>
   <trkpt lat="56.0406300" lon="10.0653060">
    <ele>82.0</ele>
   </trkpt>
   <trkpt lat="56.0406460" lon="10.0652250">
    <ele>82.2</ele>
   </trkpt>
   <trkpt lat="56.0406650" lon="10.0651240">
    <ele>82.2</ele>
   </trkpt>
   <trkpt lat="56.0406880" lon="10.0650020">
    <ele>82.2</ele>
   </trkpt>
   <trkpt lat="56.0407050" lon="10.0649220">
    <ele>82.4</ele>
   </trkpt>
   <trkpt lat="56.0407250" lon="10.0648210">
    <ele>82.4</ele>
   </trkpt>
   <trkpt lat="56.0407460" lon="10.0646930">
    <ele>82.6</ele>
   </trkpt>
   <trkpt lat="56.0407610" lon="10.0646080">
    <ele>82.6</ele>
   </trkpt>
   <trkpt lat="56.0407810" lon="10.0645020">
    <ele>82.6</ele>
   </trkpt>
   <trkpt lat="56.0408050" lon="10.0643740">
    <ele>82.6</ele>
   </trkpt>
   <trkpt lat="56.0408220" lon="10.0642920">
    <ele>82.6</ele>
   </trkpt>
   <trkpt lat="56.0408450" lon="10.0641890">
    <ele>82.6</ele>
   </trkpt>
   <trkpt lat="56.0408660" lon="10.0640830">
    <ele>82.6</ele>
   </trkpt>
   <trkpt lat="56.0408890" lon="10.0639760">
    <ele>82.8</ele>
   </trkpt>
   <trkpt lat="56.0409200" lon="10.0638520">
    <ele>82.8</ele>
   </trkpt>
   <trkpt lat="56.0409440" lon="10.0637700">
    <ele>82.8</ele>
   </trkpt>
   <trkpt lat="56.0409730" lon="10.0636670">
    <ele>82.8</ele>
   </trkpt>
   <trkpt lat="56.0410110" lon="10.0635440">
    <ele>82.8</ele>
   </trkpt>
   <trkpt lat="56.0410390" lon="10.0634620">
    <ele>82.8</ele>
   </trkpt>
   <trkpt lat="56.0410820" lon="10.0633400">
    <ele>82.8</ele>
   </trkpt>
   <trkpt lat="56.0411210" lon="10.0632380">
    <ele>82.6</ele>
   </trkpt>
   <trkpt lat="56.0411540" lon="10.0631560">
    <ele>82.6</ele>
   </trkpt>
   <trkpt lat="56.0412070" lon="10.0630340">
    <ele>82.6</ele>
   </trkpt>
   <trkpt lat="56.0412550" lon="10.0629320">
    <ele>82.4</ele>
   </trkpt>
   <trkpt lat="56.0412960" lon="10.0628500">
    <ele>82.4</ele>
   </trkpt>
   <trkpt lat="56.0413610" lon="10.0627260">
    <ele>82.2</ele>
   </trkpt>
   <trkpt lat="56.0414210" lon="10.0626260">
    <ele>81.8</ele>
   </trkpt>
   <trkpt lat="56.0414730" lon="10.0625470">
    <ele>81.4</ele>
   </trkpt>
   <trkpt lat="56.0415540" lon="10.0624260">
    <ele>80.8</ele>
   </trkpt>
   <trkpt lat="56.0416250" lon="10.0623260">
    <ele>80.4</ele>
   </trkpt>
   <trkpt lat="56.0416860" lon="10.0622500">
    <ele>79.8</ele>
   </trkpt>
   <trkpt lat="56.0417820" lon="10.0621420">
    <ele>79.4</ele>
   </trkpt>
   <trkpt lat="56.0418660" lon="10.0620580">
    <ele>78.8</ele>
   </trkpt>
   <trkpt lat="56.0419330" lon="10.0619910">
    <ele>78.4</ele>
   </trkpt>
   <trkpt lat="56.0420180" lon="10.0619090">
    <ele>77.8</ele>
   </trkpt>
   <trkpt lat="56.0421040" lon="10.0618320">
    <ele>77.6</ele>
   </trkpt>
   <trkpt lat="56.0421900" lon="10.0617560">
    <ele>77.2</ele>
   </trkpt>
   <trkpt lat="56.0422920" lon="10.0616630">
    <ele>77.0</ele>
   </trkpt>
   <trkpt lat="56.0423760" lon="10.0615840">
    <ele>76.8</ele>
   </trkpt>
   <trkpt lat="56.0424440" lon="10.0615260">
    <ele>76.6</ele>
   </trkpt>
   <trkpt lat="56.0425480" lon="10.0614520">
    <ele>76.4</ele>
   </trkpt>
   <trkpt lat="56.0426380" lon="10.0614070">
    <ele>76.2</ele>
   </trkpt>
   <trkpt lat="56.0427110" lon="10.0613800">
    <ele>75.8</ele>
   </trkpt>
   <trkpt lat="56.0428210" lon="10.0613480">
    <ele>75.8</ele>
   </trkpt>
   <trkpt lat="56.0429160" lon="10.0613270">
    <ele>75.6</ele>
   </trkpt>
   <trkpt lat="56.0429930" lon="10.0613130">
    <ele>75.4</ele>
   </trkpt>
   <trkpt lat="56.0431110" lon="10.0612880">
    <ele>75.0</ele>
   </trkpt>
   <trkpt lat="56.0432100" lon="10.0612610">
    <ele>74.6</ele>
   </trkpt>
   <trkpt lat="56.0432910" lon="10.0612340">
    <ele>74.0</ele>
   </trkpt>
   <trkpt lat="56.0434110" lon="10.0611840">
    <ele>73.4</ele>
   </trkpt>
   <trkpt lat="56.0435110" lon="10.0611330">
    <ele>73.0</ele>
   </trkpt>
   <trkpt lat="56.0435930" lon="10.0610860">
    <ele>72.4</ele>
   </trkpt>
   <trkpt lat="56.0437150" lon="10.0610020">
    <ele>71.6</ele>
   </trkpt>
   <trkpt lat="56.0438160" lon="10.0609160">
    <ele>70.8</ele>
   </trkpt>
   <trkpt lat="56.0438970" lon="10.0608360">
    <ele>69.8</ele>
   </trkpt>
   <trkpt lat="56.0439940" lon="10.0607270">
    <ele>68.8</ele>
   </trkpt>
   <trkpt lat="56.0440850" lon="10.0606020">
    <ele>67.8</ele>
   </trkpt>
   <trkpt lat="56.0441670" lon="10.0604570">
    <ele>67.0</ele>
   </trkpt>
   <trkpt lat="56.0442550" lon="10.0602620">
    <ele>66.0</ele>
   </trkpt>
   <trkpt lat="56.0443220" lon="10.0600840">
    <ele>65.2</ele>
   </trkpt>
   <trkpt lat="56.0443700" lon="10.0599320">
    <ele>64.4</ele>
   </trkpt>
   <trkpt lat="56.0444440" lon="10.0596970">
    <ele>63.2</ele>
   </trkpt>
   <trkpt lat="56.0445030" lon="10.0594900">
    <ele>62.2</ele>
   </trkpt>
   <trkpt lat="56.0445490" lon="10.0593190">
    <ele>61.0</ele>
   </trkpt>
   <trkpt lat="56.0446160" lon="10.0590570">
    <ele>59.8</ele>
   </trkpt>
   <trkpt lat="56.0446660" lon="10.0588350">
    <ele>58.6</ele>
   </trkpt>
   <trkpt lat="56.0447020" lon="10.0586530">
    <ele>57.6</ele>
   </trkpt>
   <trkpt lat="56.0447550" lon="10.0583830">
    <ele>56.6</ele>
   </trkpt>
   <trkpt lat="56.0447970" lon="10.0581570">
    <ele>55.8</ele>
   </trkpt>
   <trkpt lat="56.0448270" lon="10.0579770">
    <ele>55.2</ele>
   </trkpt>
   <trkpt lat="56.0448650" lon="10.0577060">
    <ele>54.6</ele>
   </trkpt>
   <trkpt lat="56.0448880" lon="10.0574800">
    <ele>54.2</ele>
   </trkpt>
   <trkpt lat="56.0448990" lon="10.0573000">
    <ele>53.8</ele>
   </trkpt>
   <trkpt lat="56.0449090" lon="10.0570350">
    <ele>53.6</ele>
   </trkpt>
   <trkpt lat="56.0449110" lon="10.0568180">
    <ele>53.4</ele>
   </trkpt>
   <trkpt lat="56.0449140" lon="10.0566490">
    <ele>53.2</ele>
   </trkpt>
   <trkpt lat="56.0449180" lon="10.0564410">
    <ele>53.0</ele>
   </trkpt>
   <trkpt lat="56.0449230" lon="10.0562370">
    <ele>52.8</ele>
   </trkpt>
   <trkpt lat="56.0449340" lon="10.0559980">
    <ele>52.6</ele>
   </trkpt>
   <trkpt lat="56.0449550" lon="10.0558080">
    <ele>52.4</ele>
   </trkpt>
   <trkpt lat="56.0449850" lon="10.0556230">
    <ele>52.2</ele>
   </trkpt>
   <trkpt lat="56.0450230" lon="10.0554480">
    <ele>52.2</ele>
   </trkpt>
   <trkpt lat="56.0450590" lon="10.0553140">
    <ele>52.2</ele>
   </trkpt>
   <trkpt lat="56.0451170" lon="10.0551230">
    <ele>52.0</ele>
   </trkpt>
   <trkpt lat="56.0451680" lon="10.0549720">
    <ele>52.0</ele>
   </trkpt>
   <trkpt lat="56.0452120" lon="10.0548550">
    <ele>52.0</ele>
   </trkpt>
   <trkpt lat="56.0452690" lon="10.0547120">
    <ele>52.2</ele>
   </trkpt>
   <trkpt lat="56.0453360" lon="10.0545490">
    <ele>52.4</ele>
   </trkpt>
   <trkpt lat="56.0453810" lon="10.0544450">
    <ele>52.6</ele>
   </trkpt>
   <trkpt lat="56.0454470" lon="10.0542870">
    <ele>52.8</ele>
   </trkpt>
   <trkpt lat="56.0455030" lon="10.0541600">
    <ele>52.8</ele>
   </trkpt>
   <trkpt lat="56.0455480" lon="10.0540640">
    <ele>53.0</ele>
   </trkpt>
   <trkpt lat="56.0456130" lon="10.0539210">
    <ele>53.2</ele>
   </trkpt>
   <trkpt lat="56.0456630" lon="10.0538070">
    <ele>53.4</ele>
   </trkpt>
   <trkpt lat="56.0457010" lon="10.0537160">
    <ele>53.6</ele>
   </trkpt>
   <trkpt lat="56.0457560" lon="10.0535850">
    <ele>54.0</ele>
   </trkpt>
   <trkpt lat="56.0457990" lon="10.0534830">
    <ele>54.6</ele>
   </trkpt>
   <trkpt lat="56.0458310" lon="10.0534060">
    <ele>55.2</ele>
   </trkpt>
   <trkpt lat="56.0458680" lon="10.0533110">
    <ele>55.6</ele>
   </trkpt>
   <trkpt lat="56.0459020" lon="10.0532200">
    <ele>56.2</ele>
   </trkpt>
   <trkpt lat="56.0459330" lon="10.0531290">
    <ele>56.8</ele>
   </trkpt>
   <trkpt lat="56.0459660" lon="10.0530190">
    <ele>57.4</ele>
   </trkpt>
   <trkpt lat="56.0459900" lon="10.0529310">
    <ele>58.0</ele>
   </trkpt>
   <trkpt lat="56.0460050" lon="10.0528600">
    <ele>58.6</ele>
   </trkpt>
   <trkpt lat="56.0460240" lon="10.0527490">
    <ele>59.0</ele>
   </trkpt>
   <trkpt lat="56.0460370" lon="10.0526560">
    <ele>59.4</ele>
   </trkpt>
   <trkpt lat="56.0460460" lon="10.0525830">
    <ele>59.6</ele>
   </trkpt>
   <trkpt lat="56.0460580" lon="10.0524700">
    <ele>59.8</ele>
   </trkpt>
   <trkpt lat="56.0460670" lon="10.0523750">
    <ele>60.0</ele>
   </trkpt>
   <trkpt lat="56.0460750" lon="10.0522980">
    <ele>60.2</ele>
   </trkpt>
   <trkpt lat="56.0460840" lon="10.0521860">
    <ele>60.2</ele>
   </trkpt>
   <trkpt lat="56.0460900" lon="10.0520950">
    <ele>60.2</ele>
   </trkpt>
   <trkpt lat="56.0460980" lon="10.0520070">
    <ele>60.4</ele>
   </trkpt>
   <trkpt lat="56.0461060" lon="10.0519170">
    <ele>60.6</ele>
   </trkpt>
   <trkpt lat="56.0461130" lon="10.0518300">
    <ele>60.6</ele>
   </trkpt>
   <trkpt lat="56.0461200" lon="10.0517440">
    <ele>60.8</ele>
   </trkpt>
   <trkpt lat="56.0461270" lon="10.0516570">
    <ele>61.0</ele>
   </trkpt>
   <trkpt lat="56.0461330" lon="10.0515890">
    <ele>61.2</ele>
   </trkpt>
   <trkpt lat="56.0461400" lon="10.0514870">
    <ele>61.4</ele>
   </trkpt>
   <trkpt lat="56.0461450" lon="10.0514150">
    <ele>61.4</ele>
   </trkpt>
   <trkpt lat="56.0461510" lon="10.0513240">
    <ele>61.6</ele>
   </trkpt>
   <trkpt lat="56.0461570" lon="10.0512140">
    <ele>61.8</ele>
   </trkpt>
   <trkpt lat="56.0461620" lon="10.0511260">
    <ele>61.8</ele>
   </trkpt>
   <trkpt lat="56.0461680" lon="10.0510530">
    <ele>61.8</ele>
   </trkpt>
   <trkpt lat="56.0461740" lon="10.0509590">
    <ele>61.8</ele>
   </trkpt>
   <trkpt lat="56.0461830" lon="10.0508440">
    <ele>61.8</ele>
   </trkpt>
   <trkpt lat="56.0461900" lon="10.0507670">
    <ele>61.8</ele>
   </trkpt>
   <trkpt lat="56.0461990" lon="10.0506520">
    <ele>61.8</ele>
   </trkpt>
   <trkpt lat="56.0462050" lon="10.0505550">
    <ele>61.8</ele>
   </trkpt>
   <trkpt lat="56.0462110" lon="10.0504790">
    <ele>61.8</ele>
   </trkpt>
   <trkpt lat="56.0462180" lon="10.0503620">
    <ele>61.8</ele>
   </trkpt>
   <trkpt lat="56.0462250" lon="10.0502650">
    <ele>62.0</ele>
   </trkpt>
   <trkpt lat="56.0462310" lon="10.0501890">
    <ele>62.0</ele>
   </trkpt>
   <trkpt lat="56.0462390" lon="10.0500750">
    <ele>62.2</ele>
   </trkpt>
   <trkpt lat="56.0462440" lon="10.0499860">
    <ele>62.2</ele>
   </trkpt>
   <trkpt lat="56.0462480" lon="10.0499150">
    <ele>62.4</ele>
   </trkpt>
   <trkpt lat="56.0462560" lon="10.0498070">
    <ele>62.6</ele>
   </trkpt>
   <trkpt lat="56.0462650" lon="10.0497160">
    <ele>62.6</ele>
   </trkpt>
   <trkpt lat="56.0462730" lon="10.0496450">
    <ele>62.8</ele>
   </trkpt>
   <trkpt lat="56.0462810" lon="10.0495390">
    <ele>62.8</ele>
   </trkpt>
   <trkpt lat="56.0462860" lon="10.0494700">
    <ele>63.0</ele>
   </trkpt>
   <trkpt lat="56.0462920" lon="10.0493830">
    <ele>63.2</ele>
   </trkpt>
   <trkpt lat="56.0462980" lon="10.0492960">
    <ele>63.2</ele>
   </trkpt>
   <trkpt lat="56.0463070" lon="10.0491910">
    <ele>63.4</ele>
   </trkpt>
   <trkpt lat="56.0463120" lon="10.0491220">
    <ele>63.6</ele>
   </trkpt>
   <trkpt lat="56.0463200" lon="10.0490180">
    <ele>63.8</ele>
   </trkpt>
   <trkpt lat="56.0463270" lon="10.0489300">
    <ele>63.8</ele>
   </trkpt>
   <trkpt lat="56.0463330" lon="10.0488590">
    <ele>63.8</ele>
   </trkpt>
   <trkpt lat="56.0463410" lon="10.0487560">
    <ele>64.0</ele>
   </trkpt>
   <trkpt lat="56.0463490" lon="10.0486730">
    <ele>64.2</ele>
   </trkpt>
   <trkpt lat="56.0463540" lon="10.0486090">
    <ele>64.2</ele>
   </trkpt>
   <trkpt lat="56.0463600" lon="10.0485110">
    <ele>64.4</ele>
   </trkpt>
   <trkpt lat="56.0463650" lon="10.0484300">
    <ele>64.6</ele>
   </trkpt>
   <trkpt lat="56.0463680" lon="10.0483670">
    <ele>64.8</ele>
   </trkpt>
   <trkpt lat="56.0463760" lon="10.0482720">
    <ele>64.8</ele>
   </trkpt>
   <trkpt lat="56.0463820" lon="10.0481910">
    <ele>64.8</ele>
   </trkpt>
   <trkpt lat="56.0463870" lon="10.0481280">
    <ele>65.0</ele>
   </trkpt>
   <trkpt lat="56.0463960" lon="10.0480310">
    <ele>65.0</ele>
   </trkpt>
   <trkpt lat="56.0464020" lon="10.0479510">
    <ele>65.0</ele>
   </trkpt>
   <trkpt lat="56.0464080" lon="10.0478880">
    <ele>65.2</ele>
   </trkpt>
   <trkpt lat="56.0464140" lon="10.0477890">
    <ele>65.2</ele>
   </trkpt>
   <trkpt lat="56.0464200" lon="10.0477240">
    <ele>65.4</ele>
   </trkpt>
   <trkpt lat="56.0464300" lon="10.0476260">
    <ele>65.6</ele>
   </trkpt>
   <trkpt lat="56.0464360" lon="10.0475630">
    <ele>65.6</ele>
   </trkpt>
   <trkpt lat="56.0464410" lon="10.0474820">
    <ele>65.8</ele>
   </trkpt>
   <trkpt lat="56.0464470" lon="10.0473840">
    <ele>66.0</ele>
   </trkpt>
   <trkpt lat="56.0464530" lon="10.0473060">
    <ele>66.2</ele>
   </trkpt>
   <trkpt lat="56.0464570" lon="10.0472460">
    <ele>66.4</ele>
   </trkpt>
   <trkpt lat="56.0464630" lon="10.0471560">
    <ele>66.6</ele>
   </trkpt>
   <trkpt lat="56.0464680" lon="10.0470800">
    <ele>66.8</ele>
   </trkpt>
   <trkpt lat="56.0464720" lon="10.0470200">
    <ele>67.0</ele>
   </trkpt>
   <trkpt lat="56.0464780" lon="10.0469290">
    <ele>67.2</ele>
   </trkpt>
   <trkpt lat="56.0464830" lon="10.0468500">
    <ele>67.4</ele>
   </trkpt>
   <trkpt lat="56.0464890" lon="10.0467880">
    <ele>67.6</ele>
   </trkpt>
   <trkpt lat="56.0464960" lon="10.0466950">
    <ele>67.8</ele>
   </trkpt>
   <trkpt lat="56.0464980" lon="10.0466170">
    <ele>68.0</ele>
   </trkpt>
   <trkpt lat="56.0465020" lon="10.0465530">
    <ele>68.2</ele>
   </trkpt>
   <trkpt lat="56.0465090" lon="10.0464510">
    <ele>68.4</ele>
   </trkpt>
   <trkpt lat="56.0465170" lon="10.0463670">
    <ele>68.4</ele>
   </trkpt>
   <trkpt lat="56.0465230" lon="10.0462980">
    <ele>68.4</ele>
   </trkpt>
   <trkpt lat="56.0465320" lon="10.0461950">
    <ele>68.6</ele>
   </trkpt>
   <trkpt lat="56.0465380" lon="10.0461050">
    <ele>68.6</ele>
   </trkpt>
   <trkpt lat="56.0465400" lon="10.0460300">
    <ele>68.6</ele>
   </trkpt>
   <trkpt lat="56.0465440" lon="10.0459350">
    <ele>68.8</ele>
   </trkpt>
   <trkpt lat="56.0465520" lon="10.0458400">
    <ele>68.8</ele>
   </trkpt>
   <trkpt lat="56.0465600" lon="10.0457450">
    <ele>68.8</ele>
   </trkpt>
   <trkpt lat="56.0465700" lon="10.0456350">
    <ele>68.8</ele>
   </trkpt>
   <trkpt lat="56.0465770" lon="10.0455440">
    <ele>69.0</ele>
   </trkpt>
   <trkpt lat="56.0465830" lon="10.0454730">
    <ele>69.0</ele>
   </trkpt>
   <trkpt lat="56.0465900" lon="10.0453680">
    <ele>69.0</ele>
   </trkpt>
   <trkpt lat="56.0465960" lon="10.0452840">
    <ele>69.2</ele>
   </trkpt>
   <trkpt lat="56.0466000" lon="10.0452170">
    <ele>69.2</ele>
   </trkpt>
   <trkpt lat="56.0466070" lon="10.0451170">
    <ele>69.4</ele>
   </trkpt>
   <trkpt lat="56.0466150" lon="10.0450360">
    <ele>69.6</ele>
   </trkpt>
   <trkpt lat="56.0466200" lon="10.0449720">
    <ele>69.8</ele>
   </trkpt>
   <trkpt lat="56.0466280" lon="10.0448750">
    <ele>70.0</ele>
   </trkpt>
   <trkpt lat="56.0466360" lon="10.0447960">
    <ele>70.2</ele>
   </trkpt>
   <trkpt lat="56.0466390" lon="10.0447330">
    <ele>70.4</ele>
   </trkpt>
   <trkpt lat="56.0466440" lon="10.0446380">
    <ele>70.6</ele>
   </trkpt>
   <trkpt lat="56.0466500" lon="10.0445560">
    <ele>70.8</ele>
   </trkpt>
   <trkpt lat="56.0466530" lon="10.0444890">
    <ele>71.0</ele>
   </trkpt>
   <trkpt lat="56.0466590" lon="10.0443890">
    <ele>71.0</ele>
   </trkpt>
   <trkpt lat="56.0466650" lon="10.0443060">
    <ele>71.2</ele>
   </trkpt>
   <trkpt lat="56.0466700" lon="10.0442390">
    <ele>71.2</ele>
   </trkpt>
   <trkpt lat="56.0466780" lon="10.0441360">
    <ele>71.2</ele>
   </trkpt>
   <trkpt lat="56.0466850" lon="10.0440660">
    <ele>71.2</ele>
   </trkpt>
   <trkpt lat="56.0466920" lon="10.0439770">
    <ele>71.2</ele>
   </trkpt>
   <trkpt lat="56.0466980" lon="10.0438880">
    <ele>71.2</ele>
   </trkpt>
   <trkpt lat="56.0467050" lon="10.0437820">
    <ele>71.2</ele>
   </trkpt>
   <trkpt lat="56.0467120" lon="10.0436950">
    <ele>71.2</ele>
   </trkpt>
   <trkpt lat="56.0467180" lon="10.0436060">
    <ele>71.2</ele>
   </trkpt>
   <trkpt lat="56.0467220" lon="10.0435350">
    <ele>71.2</ele>
   </trkpt>
   <trkpt lat="56.0467280" lon="10.0434290">
    <ele>71.2</ele>
   </trkpt>
   <trkpt lat="56.0467350" lon="10.0433610">
    <ele>71.2</ele>
   </trkpt>
   <trkpt lat="56.0467450" lon="10.0432710">
    <ele>71.4</ele>
   </trkpt>
   <trkpt lat="56.0467520" lon="10.0431630">
    <ele>71.4</ele>
   </trkpt>
   <trkpt lat="56.0467560" lon="10.0430740">
    <ele>71.4</ele>
   </trkpt>
   <trkpt lat="56.0467610" lon="10.0430050">
    <ele>71.6</ele>
   </trkpt>
   <trkpt lat="56.0467680" lon="10.0429000">
    <ele>71.8</ele>
   </trkpt>
   <trkpt lat="56.0467740" lon="10.0428140">
    <ele>71.8</ele>
   </trkpt>
   <trkpt lat="56.0467790" lon="10.0427470">
    <ele>72.0</ele>
   </trkpt>
   <trkpt lat="56.0467860" lon="10.0426460">
    <ele>72.0</ele>
   </trkpt>
   <trkpt lat="56.0467940" lon="10.0425640">
    <ele>72.2</ele>
   </trkpt>
   <trkpt lat="56.0468000" lon="10.0424960">
    <ele>72.4</ele>
   </trkpt>
   <trkpt lat="56.0468070" lon="10.0423950">
    <ele>72.6</ele>
   </trkpt>
   <trkpt lat="56.0468140" lon="10.0423120">
    <ele>72.8</ele>
   </trkpt>
   <trkpt lat="56.0468200" lon="10.0422480">
    <ele>73.0</ele>
   </trkpt>
   <trkpt lat="56.0468260" lon="10.0421680">
    <ele>73.0</ele>
   </trkpt>
   <trkpt lat="56.0468310" lon="10.0420820">
    <ele>73.2</ele>
   </trkpt>
   <trkpt lat="56.0468360" lon="10.0420000">
    <ele>73.4</ele>
   </trkpt>
   <trkpt lat="56.0468440" lon="10.0419070">
    <ele>73.4</ele>
   </trkpt>
   <trkpt lat="56.0468520" lon="10.0418340">
    <ele>73.8</ele>
   </trkpt>
   <trkpt lat="56.0468560" lon="10.0417740">
    <ele>74.0</ele>
   </trkpt>
   <trkpt lat="56.0468630" lon="10.0416810">
    <ele>74.4</ele>
   </trkpt>
   <trkpt lat="56.0468690" lon="10.0416000">
    <ele>74.6</ele>
   </trkpt>
   <trkpt lat="56.0468730" lon="10.0415350">
    <ele>74.8</ele>
   </trkpt>
   <trkpt lat="56.0468830" lon="10.0414320">
    <ele>75.0</ele>
   </trkpt>
   <trkpt lat="56.0468900" lon="10.0413410">
    <ele>75.2</ele>
   </trkpt>
   <trkpt lat="56.0468950" lon="10.0412690">
    <ele>75.2</ele>
   </trkpt>
   <trkpt lat="56.0469020" lon="10.0411630">
    <ele>75.2</ele>
   </trkpt>
   <trkpt lat="56.0469080" lon="10.0410720">
    <ele>75.2</ele>
   </trkpt>
   <trkpt lat="56.0469140" lon="10.0409980">
    <ele>75.2</ele>
   </trkpt>
   <trkpt lat="56.0469220" lon="10.0408860">
    <ele>75.4</ele>
   </trkpt>
   <trkpt lat="56.0469280" lon="10.0407900">
    <ele>75.6</ele>
   </trkpt>
   <trkpt lat="56.0469330" lon="10.0407140">
    <ele>75.8</ele>
   </trkpt>
   <trkpt lat="56.0469410" lon="10.0406180">
    <ele>76.0</ele>
   </trkpt>
   <trkpt lat="56.0469510" lon="10.0405050">
    <ele>76.0</ele>
   </trkpt>
   <trkpt lat="56.0469570" lon="10.0404290">
    <ele>76.2</ele>
   </trkpt>
   <trkpt lat="56.0469650" lon="10.0403330">
    <ele>76.2</ele>
   </trkpt>
   <trkpt lat="56.0469710" lon="10.0402380">
    <ele>76.2</ele>
   </trkpt>
   <trkpt lat="56.0469760" lon="10.0401390">
    <ele>76.4</ele>
   </trkpt>
   <trkpt lat="56.0469820" lon="10.0400190">
    <ele>76.4</ele>
   </trkpt>
   <trkpt lat="56.0469860" lon="10.0399380">
    <ele>76.6</ele>
   </trkpt>
   <trkpt lat="56.0469880" lon="10.0398350">
    <ele>76.6</ele>
   </trkpt>
   <trkpt lat="56.0469910" lon="10.0397130">
    <ele>76.8</ele>
   </trkpt>
   <trkpt lat="56.0469940" lon="10.0396300">
    <ele>76.8</ele>
   </trkpt>
   <trkpt lat="56.0470000" lon="10.0395080">
    <ele>77.0</ele>
   </trkpt>
   <trkpt lat="56.0470020" lon="10.0394060">
    <ele>77.0</ele>
   </trkpt>
   <trkpt lat="56.0470020" lon="10.0393240">
    <ele>77.0</ele>
   </trkpt>
   <trkpt lat="56.0470060" lon="10.0392090">
    <ele>77.2</ele>
   </trkpt>
   <trkpt lat="56.0470100" lon="10.0391180">
    <ele>77.4</ele>
   </trkpt>
   <trkpt lat="56.0470120" lon="10.0390490">
    <ele>77.6</ele>
   </trkpt>
   <trkpt lat="56.0470150" lon="10.0389450">
    <ele>77.8</ele>
   </trkpt>
   <trkpt lat="56.0470160" lon="10.0388640">
    <ele>78.0</ele>
   </trkpt>
   <trkpt lat="56.0470210" lon="10.0387920">
    <ele>78.2</ele>
   </trkpt>
   <trkpt lat="56.0470270" lon="10.0386800">
    <ele>78.2</ele>
   </trkpt>
   <trkpt lat="56.0470300" lon="10.0386030">
    <ele>78.2</ele>
   </trkpt>
   <trkpt lat="56.0470320" lon="10.0385080">
    <ele>78.4</ele>
   </trkpt>
   <trkpt lat="56.0470350" lon="10.0383910">
    <ele>78.2</ele>
   </trkpt>
   <trkpt lat="56.0470390" lon="10.0382930">
    <ele>78.2</ele>
   </trkpt>
   <trkpt lat="56.0470410" lon="10.0382140">
    <ele>78.2</ele>
   </trkpt>
   <trkpt lat="56.0470380" lon="10.0381160">
    <ele>78.2</ele>
   </trkpt>
   <trkpt lat="56.0470280" lon="10.0380000">
    <ele>78.2</ele>
   </trkpt>
   <trkpt lat="56.0470200" lon="10.0379260">
    <ele>78.2</ele>
   </trkpt>
   <trkpt lat="56.0470040" lon="10.0378190">
    <ele>78.2</ele>
   </trkpt>
   <trkpt lat="56.0469860" lon="10.0377360">
    <ele>78.2</ele>
   </trkpt>
   <trkpt lat="56.0469750" lon="10.0376730">
    <ele>78.2</ele>
   </trkpt>
   <trkpt lat="56.0469660" lon="10.0375810">
    <ele>78.4</ele>
   </trkpt>
   <trkpt lat="56.0469740" lon="10.0374990">
    <ele>78.4</ele>
   </trkpt>
   <trkpt lat="56.0469920" lon="10.0374340">
    <ele>78.4</ele>
   </trkpt>
   <trkpt lat="56.0470320" lon="10.0373470">
    <ele>78.6</ele>
   </trkpt>
   <trkpt lat="56.0470720" lon="10.0372750">
    <ele>78.4</ele>
   </trkpt>
   <trkpt lat="56.0471060" lon="10.0372110">
    <ele>78.4</ele>
   </trkpt>
   <trkpt lat="56.0471560" lon="10.0371140">
    <ele>78.2</ele>
   </trkpt>
   <trkpt lat="56.0471980" lon="10.0370320">
    <ele>78.2</ele>
   </trkpt>
   <trkpt lat="56.0472320" lon="10.0369670">
    <ele>78.2</ele>
   </trkpt>
   <trkpt lat="56.0472870" lon="10.0368730">
    <ele>78.2</ele>
   </trkpt>
   <trkpt lat="56.0473300" lon="10.0367950">
    <ele>78.2</ele>
   </trkpt>
   <trkpt lat="56.0473630" lon="10.0367320">
    <ele>78.2</ele>
   </trkpt>
   <trkpt lat="56.0474130" lon="10.0366380">
    <ele>78.4</ele>
   </trkpt>
   <trkpt lat="56.0474550" lon="10.0365610">
    <ele>78.4</ele>
   </trkpt>
   <trkpt lat="56.0474890" lon="10.0365000">
    <ele>78.4</ele>
   </trkpt>
   <trkpt lat="56.0475290" lon="10.0364250">
    <ele>78.6</ele>
   </trkpt>
   <trkpt lat="56.0475690" lon="10.0363490">
    <ele>78.8</ele>
   </trkpt>
   <trkpt lat="56.0476080" lon="10.0362760">
    <ele>79.0</ele>
   </trkpt>
   <trkpt lat="56.0476550" lon="10.0361850">
    <ele>79.2</ele>
   </trkpt>
   <trkpt lat="56.0476950" lon="10.0361080">
    <ele>79.4</ele>
   </trkpt>
   <trkpt lat="56.0477260" lon="10.0360460">
    <ele>79.8</ele>
   </trkpt>
   <trkpt lat="56.0477750" lon="10.0359570">
    <ele>80.0</ele>
   </trkpt>
   <trkpt lat="56.0478160" lon="10.0358810">
    <ele>80.2</ele>
   </trkpt>
   <trkpt lat="56.0478490" lon="10.0358170">
    <ele>80.4</ele>
   </trkpt>
   <trkpt lat="56.0478980" lon="10.0357220">
    <ele>80.4</ele>
   </trkpt>
   <trkpt lat="56.0479320" lon="10.0356600">
    <ele>80.6</ele>
   </trkpt>
   <trkpt lat="56.0479830" lon="10.0355670">
    <ele>80.8</ele>
   </trkpt>
   <trkpt lat="56.0480240" lon="10.0354900">
    <ele>80.8</ele>
   </trkpt>
   <trkpt lat="56.0480570" lon="10.0354300">
    <ele>81.0</ele>
   </trkpt>
   <trkpt lat="56.0481050" lon="10.0353390">
    <ele>81.2</ele>
   </trkpt>
   <trkpt lat="56.0481380" lon="10.0352800">
    <ele>81.4</ele>
   </trkpt>
   <trkpt lat="56.0481780" lon="10.0352070">
    <ele>81.6</ele>
   </trkpt>
   <trkpt lat="56.0482250" lon="10.0351210">
    <ele>81.8</ele>
   </trkpt>
   <trkpt lat="56.0482640" lon="10.0350490">
    <ele>82.0</ele>
   </trkpt>
   <trkpt lat="56.0482930" lon="10.0349900">
    <ele>82.2</ele>
   </trkpt>
   <trkpt lat="56.0483380" lon="10.0349000">
    <ele>82.4</ele>
   </trkpt>
   <trkpt lat="56.0483680" lon="10.0348410">
    <ele>82.4</ele>
   </trkpt>
   <trkpt lat="56.0484070" lon="10.0347710">
    <ele>82.6</ele>
   </trkpt>
   <trkpt lat="56.0484470" lon="10.0346990">
    <ele>82.6</ele>
   </trkpt>
   <trkpt lat="56.0484930" lon="10.0346090">
    <ele>82.8</ele>
   </trkpt>
   <trkpt lat="56.0485240" lon="10.0345480">
    <ele>82.8</ele>
   </trkpt>
   <trkpt lat="56.0485710" lon="10.0344550">
    <ele>82.6</ele>
   </trkpt>
   <trkpt lat="56.0486100" lon="10.0343780">
    <ele>82.6</ele>
   </trkpt>
   <trkpt lat="56.0486420" lon="10.0343180">
    <ele>82.4</ele>
   </trkpt>
   <trkpt lat="56.0486900" lon="10.0342250">
    <ele>82.4</ele>
   </trkpt>
   <trkpt lat="56.0487310" lon="10.0341500">
    <ele>82.2</ele>
   </trkpt>
   <trkpt lat="56.0487620" lon="10.0340880">
    <ele>82.2</ele>
   </trkpt>
   <trkpt lat="56.0488080" lon="10.0339960">
    <ele>82.2</ele>
   </trkpt>
   <trkpt lat="56.0488490" lon="10.0339210">
    <ele>82.2</ele>
   </trkpt>
   <trkpt lat="56.0488830" lon="10.0338610">
    <ele>82.2</ele>
   </trkpt>
   <trkpt lat="56.0489320" lon="10.0337700">
    <ele>82.2</ele>
   </trkpt>
   <trkpt lat="56.0489710" lon="10.0336930">
    <ele>82.2</ele>
   </trkpt>
   <trkpt lat="56.0490050" lon="10.0336330">
    <ele>82.2</ele>
   </trkpt>
   <trkpt lat="56.0490550" lon="10.0335450">
    <ele>82.2</ele>
   </trkpt>
   <trkpt lat="56.0490880" lon="10.0334860">
    <ele>82.4</ele>
   </trkpt>
   <trkpt lat="56.0491280" lon="10.0334090">
    <ele>82.4</ele>
   </trkpt>
   <trkpt lat="56.0491760" lon="10.0333170">
    <ele>82.4</ele>
   </trkpt>
   <trkpt lat="56.0492080" lon="10.0332560">
    <ele>82.6</ele>
   </trkpt>
   <trkpt lat="56.0492480" lon="10.0331800">
    <ele>82.6</ele>
   </trkpt>
   <trkpt lat="56.0492870" lon="10.0331060">
    <ele>82.8</ele>
   </trkpt>
   <trkpt lat="56.0493330" lon="10.0330140">
    <ele>82.8</ele>
   </trkpt>
   <trkpt lat="56.0493620" lon="10.0329510">
    <ele>83.0</ele>
   </trkpt>
   <trkpt lat="56.0494070" lon="10.0328650">
    <ele>83.0</ele>
   </trkpt>
   <trkpt lat="56.0494470" lon="10.0327960">
    <ele>83.2</ele>
   </trkpt>
   <trkpt lat="56.0494780" lon="10.0327400">
    <ele>83.2</ele>
   </trkpt>
   <trkpt lat="56.0495220" lon="10.0326570">
    <ele>83.4</ele>
   </trkpt>
   <trkpt lat="56.0495580" lon="10.0325910">
    <ele>83.6</ele>
   </trkpt>
   <trkpt lat="56.0495850" lon="10.0325390">
    <ele>83.8</ele>
   </trkpt>
   <trkpt lat="56.0496270" lon="10.0324630">
    <ele>84.2</ele>
   </trkpt>
   <trkpt lat="56.0496580" lon="10.0324000">
    <ele>84.4</ele>
   </trkpt>
   <trkpt lat="56.0496840" lon="10.0323520">
    <ele>84.8</ele>
   </trkpt>
   <trkpt lat="56.0497230" lon="10.0322830">
    <ele>85.2</ele>
   </trkpt>
   <trkpt lat="56.0497540" lon="10.0322240">
    <ele>85.6</ele>
   </trkpt>
   <trkpt lat="56.0497870" lon="10.0321680">
    <ele>86.0</ele>
   </trkpt>
   <trkpt lat="56.0498190" lon="10.0321130">
    <ele>86.4</ele>
   </trkpt>
   <trkpt lat="56.0498470" lon="10.0320690">
    <ele>86.8</ele>
   </trkpt>
   <trkpt lat="56.0498850" lon="10.0320000">
    <ele>87.2</ele>
   </trkpt>
   <trkpt lat="56.0499140" lon="10.0319410">
    <ele>87.4</ele>
   </trkpt>
   <trkpt lat="56.0499390" lon="10.0318970">
    <ele>87.8</ele>
   </trkpt>
   <trkpt lat="56.0499710" lon="10.0318430">
    <ele>88.2</ele>
   </trkpt>
   <trkpt lat="56.0500000" lon="10.0317830">
    <ele>88.6</ele>
   </trkpt>
   <trkpt lat="56.0500310" lon="10.0317210">
    <ele>88.8</ele>
   </trkpt>
   <trkpt lat="56.0500640" lon="10.0316620">
    <ele>89.2</ele>
   </trkpt>
   <trkpt lat="56.0501020" lon="10.0315940">
    <ele>89.4</ele>
   </trkpt>
   <trkpt lat="56.0501310" lon="10.0315380">
    <ele>89.6</ele>
   </trkpt>
   <trkpt lat="56.0501600" lon="10.0314770">
    <ele>90.0</ele>
   </trkpt>
   <trkpt lat="56.0501910" lon="10.0314190">
    <ele>90.2</ele>
   </trkpt>
   <trkpt lat="56.0502140" lon="10.0313720">
    <ele>90.4</ele>
   </trkpt>
   <trkpt lat="56.0502500" lon="10.0312990">
    <ele>90.6</ele>
   </trkpt>
   <trkpt lat="56.0502810" lon="10.0312400">
    <ele>90.8</ele>
   </trkpt>
   <trkpt lat="56.0503060" lon="10.0311890">
    <ele>91.0</ele>
   </trkpt>
   <trkpt lat="56.0503440" lon="10.0311140">
    <ele>91.0</ele>
   </trkpt>
   <trkpt lat="56.0503770" lon="10.0310500">
    <ele>91.2</ele>
   </trkpt>
   <trkpt lat="56.0504040" lon="10.0309970">
    <ele>91.4</ele>
   </trkpt>
   <trkpt lat="56.0504460" lon="10.0309160">
    <ele>91.4</ele>
   </trkpt>
   <trkpt lat="56.0504810" lon="10.0308480">
    <ele>91.6</ele>
   </trkpt>
   <trkpt lat="56.0505100" lon="10.0307960">
    <ele>91.6</ele>
   </trkpt>
   <trkpt lat="56.0505520" lon="10.0307120">
    <ele>91.6</ele>
   </trkpt>
   <trkpt lat="56.0505870" lon="10.0306420">
    <ele>91.8</ele>
   </trkpt>
   <trkpt lat="56.0506150" lon="10.0305860">
    <ele>91.8</ele>
   </trkpt>
   <trkpt lat="56.0506500" lon="10.0305180">
    <ele>91.8</ele>
   </trkpt>
   <trkpt lat="56.0506850" lon="10.0304520">
    <ele>92.0</ele>
   </trkpt>
   <trkpt lat="56.0507190" lon="10.0303850">
    <ele>92.2</ele>
   </trkpt>
   <trkpt lat="56.0507590" lon="10.0303030">
    <ele>92.4</ele>
   </trkpt>
   <trkpt lat="56.0507930" lon="10.0302330">
    <ele>92.4</ele>
   </trkpt>
   <trkpt lat="56.0508190" lon="10.0301760">
    <ele>92.6</ele>
   </trkpt>
   <trkpt lat="56.0508620" lon="10.0300970">
    <ele>92.8</ele>
   </trkpt>
   <trkpt lat="56.0508980" lon="10.0300320">
    <ele>92.8</ele>
   </trkpt>
   <trkpt lat="56.0509260" lon="10.0299770">
    <ele>93.0</ele>
   </trkpt>
   <trkpt lat="56.0509670" lon="10.0298910">
    <ele>93.2</ele>
   </trkpt>
   <trkpt lat="56.0510000" lon="10.0298210">
    <ele>93.2</ele>
   </trkpt>
   <trkpt lat="56.0510290" lon="10.0297670">
    <ele>93.4</ele>
   </trkpt>
   <trkpt lat="56.0510740" lon="10.0296920">
    <ele>93.6</ele>
   </trkpt>
   <trkpt lat="56.0511110" lon="10.0296330">
    <ele>93.8</ele>
   </trkpt>
   <trkpt lat="56.0511390" lon="10.0295820">
    <ele>94.0</ele>
   </trkpt>
   <trkpt lat="56.0511810" lon="10.0295060">
    <ele>94.2</ele>
   </trkpt>
   <trkpt lat="56.0512140" lon="10.0294430">
    <ele>94.4</ele>
   </trkpt>
   <trkpt lat="56.0512380" lon="10.0293930">
    <ele>94.6</ele>
   </trkpt>
   <trkpt lat="56.0512760" lon="10.0293180">
    <ele>95.0</ele>
   </trkpt>
   <trkpt lat="56.0513090" lon="10.0292560">
    <ele>95.2</ele>
   </trkpt>
   <trkpt lat="56.0513340" lon="10.0292080">
    <ele>95.6</ele>
   </trkpt>
   <trkpt lat="56.0513750" lon="10.0291350">
    <ele>95.8</ele>
   </trkpt>
   <trkpt lat="56.0514020" lon="10.0290870">
    <ele>96.0</ele>
   </trkpt>
   <trkpt lat="56.0514360" lon="10.0290250">
    <ele>96.0</ele>
   </trkpt>
   <trkpt lat="56.0514690" lon="10.0289610">
    <ele>96.2</ele>
   </trkpt>
   <trkpt lat="56.0515030" lon="10.0288960">
    <ele>96.4</ele>
   </trkpt>
   <trkpt lat="56.0515400" lon="10.0288290">
    <ele>96.6</ele>
   </trkpt>
   <trkpt lat="56.0515780" lon="10.0287610">
    <ele>96.6</ele>
   </trkpt>
   <trkpt lat="56.0516170" lon="10.0286890">
    <ele>96.6</ele>
   </trkpt>
   <trkpt lat="56.0516650" lon="10.0286000">
    <ele>96.4</ele>
   </trkpt>
   <trkpt lat="56.0516980" lon="10.0285380">
    <ele>96.4</ele>
   </trkpt>
   <trkpt lat="56.0517380" lon="10.0284590">
    <ele>96.2</ele>
   </trkpt>
   <trkpt lat="56.0517890" lon="10.0283630">
    <ele>96.2</ele>
   </trkpt>
   <trkpt lat="56.0518230" lon="10.0282980">
    <ele>96.0</ele>
   </trkpt>
   <trkpt lat="56.0518740" lon="10.0282000">
    <ele>96.0</ele>
   </trkpt>
   <trkpt lat="56.0519080" lon="10.0281320">
    <ele>95.8</ele>
   </trkpt>
   <trkpt lat="56.0519520" lon="10.0280460">
    <ele>95.8</ele>
   </trkpt>
   <trkpt lat="56.0519980" lon="10.0279610">
    <ele>95.6</ele>
   </trkpt>
   <trkpt lat="56.0520440" lon="10.0278750">
    <ele>95.6</ele>
   </trkpt>
   <trkpt lat="56.0520910" lon="10.0277900">
    <ele>95.4</ele>
   </trkpt>
   <trkpt lat="56.0521430" lon="10.0276880">
    <ele>95.4</ele>
   </trkpt>
   <trkpt lat="56.0521770" lon="10.0276200">
    <ele>95.4</ele>
   </trkpt>
   <trkpt lat="56.0522190" lon="10.0275390">
    <ele>95.4</ele>
   </trkpt>
   <trkpt lat="56.0522600" lon="10.0274610">
    <ele>95.6</ele>
   </trkpt>
   <trkpt lat="56.0523000" lon="10.0273860">
    <ele>95.6</ele>
   </trkpt>
   <trkpt lat="56.0523390" lon="10.0273150">
    <ele>95.8</ele>
   </trkpt>
   <trkpt lat="56.0523780" lon="10.0272470">
    <ele>96.0</ele>
   </trkpt>
   <trkpt lat="56.0524220" lon="10.0271650">
    <ele>96.4</ele>
   </trkpt>
   <trkpt lat="56.0524490" lon="10.0271090">
    <ele>96.6</ele>
   </trkpt>
   <trkpt lat="56.0524850" lon="10.0270420">
    <ele>96.8</ele>
   </trkpt>
   <trkpt lat="56.0525280" lon="10.0269630">
    <ele>97.2</ele>
   </trkpt>
   <trkpt lat="56.0525560" lon="10.0269090">
    <ele>97.4</ele>
   </trkpt>
   <trkpt lat="56.0525910" lon="10.0268390">
    <ele>97.4</ele>
   </trkpt>
   <trkpt lat="56.0526250" lon="10.0267680">
    <ele>97.6</ele>
   </trkpt>
   <trkpt lat="56.0526610" lon="10.0266960">
    <ele>97.6</ele>
   </trkpt>
   <trkpt lat="56.0526980" lon="10.0266230">
    <ele>97.6</ele>
   </trkpt>
   <trkpt lat="56.0527380" lon="10.0265500">
    <ele>97.6</ele>
   </trkpt>
   <trkpt lat="56.0527800" lon="10.0264780">
    <ele>97.6</ele>
   </trkpt>
   <trkpt lat="56.0528220" lon="10.0263990">
    <ele>97.6</ele>
   </trkpt>
   <trkpt lat="56.0528650" lon="10.0263170">
    <ele>97.4</ele>
   </trkpt>
   <trkpt lat="56.0529070" lon="10.0262350">
    <ele>97.4</ele>
   </trkpt>
   <trkpt lat="56.0529490" lon="10.0261500">
    <ele>97.2</ele>
   </trkpt>
   <trkpt lat="56.0529910" lon="10.0260670">
    <ele>97.2</ele>
   </trkpt>
   <trkpt lat="56.0530320" lon="10.0259850">
    <ele>97.2</ele>
   </trkpt>
   <trkpt lat="56.0530810" lon="10.0258890">
    <ele>97.2</ele>
   </trkpt>
   <trkpt lat="56.0531140" lon="10.0258230">
    <ele>97.4</ele>
   </trkpt>
   <trkpt lat="56.0531560" lon="10.0257440">
    <ele>97.4</ele>
   </trkpt>
   <trkpt lat="56.0531980" lon="10.0256670">
    <ele>97.6</ele>
   </trkpt>
   <trkpt lat="56.0532480" lon="10.0255690">
    <ele>97.6</ele>
   </trkpt>
   <trkpt lat="56.0532840" lon="10.0255050">
    <ele>97.8</ele>
   </trkpt>
   <trkpt lat="56.0533280" lon="10.0254220">
    <ele>97.8</ele>
   </trkpt>
   <trkpt lat="56.0533710" lon="10.0253390">
    <ele>97.8</ele>
   </trkpt>
   <trkpt lat="56.0534150" lon="10.0252560">
    <ele>97.6</ele>
   </trkpt>
   <trkpt lat="56.0534580" lon="10.0251730">
    <ele>97.6</ele>
   </trkpt>
   <trkpt lat="56.0535000" lon="10.0250880">
    <ele>97.6</ele>
   </trkpt>
   <trkpt lat="56.0535410" lon="10.0249990">
    <ele>97.8</ele>
   </trkpt>
   <trkpt lat="56.0535840" lon="10.0249120">
    <ele>97.8</ele>
   </trkpt>
   <trkpt lat="56.0536300" lon="10.0248280">
    <ele>97.8</ele>
   </trkpt>
   <trkpt lat="56.0536750" lon="10.0247470">
    <ele>97.8</ele>
   </trkpt>
   <trkpt lat="56.0537270" lon="10.0246480">
    <ele>97.8</ele>
   </trkpt>
   <trkpt lat="56.0537600" lon="10.0245820">
    <ele>98.0</ele>
   </trkpt>
   <trkpt lat="56.0538020" lon="10.0245030">
    <ele>98.0</ele>
   </trkpt>
   <trkpt lat="56.0538450" lon="10.0244200">
    <ele>98.0</ele>
   </trkpt>
   <trkpt lat="56.0538880" lon="10.0243370">
    <ele>98.0</ele>
   </trkpt>
   <trkpt lat="56.0539320" lon="10.0242540">
    <ele>98.0</ele>
   </trkpt>
   <trkpt lat="56.0539870" lon="10.0241520">
    <ele>98.0</ele>
   </trkpt>
   <trkpt lat="56.0540220" lon="10.0240840">
    <ele>98.0</ele>
   </trkpt>
   <trkpt lat="56.0540680" lon="10.0239990">
    <ele>98.0</ele>
   </trkpt>
   <trkpt lat="56.0541110" lon="10.0239130">
    <ele>98.0</ele>
   </trkpt>
   <trkpt lat="56.0541540" lon="10.0238280">
    <ele>98.0</ele>
   </trkpt>
   <trkpt lat="56.0541970" lon="10.0237460">
    <ele>98.0</ele>
   </trkpt>
   <trkpt lat="56.0542500" lon="10.0236500">
    <ele>98.2</ele>
   </trkpt>
   <trkpt lat="56.0542850" lon="10.0235860">
    <ele>98.2</ele>
   </trkpt>
   <trkpt lat="56.0543280" lon="10.0235050">
    <ele>98.4</ele>
   </trkpt>
   <trkpt lat="56.0543790" lon="10.0234110">
    <ele>98.6</ele>
   </trkpt>
   <trkpt lat="56.0544120" lon="10.0233480">
    <ele>98.8</ele>
   </trkpt>
   <trkpt lat="56.0544530" lon="10.0232710">
    <ele>98.8</ele>
   </trkpt>
   <trkpt lat="56.0545010" lon="10.0231770">
    <ele>99.0</ele>
   </trkpt>
   <trkpt lat="56.0545340" lon="10.0231140">
    <ele>99.0</ele>
   </trkpt>
   <trkpt lat="56.0545760" lon="10.0230340">
    <ele>99.2</ele>
   </trkpt>
   <trkpt lat="56.0546190" lon="10.0229530">
    <ele>99.2</ele>
   </trkpt>
   <trkpt lat="56.0546620" lon="10.0228690">
    <ele>99.2</ele>
   </trkpt>
   <trkpt lat="56.0547060" lon="10.0227840">
    <ele>99.2</ele>
   </trkpt>
   <trkpt lat="56.0547520" lon="10.0226990">
    <ele>99.0</ele>
   </trkpt>
   <trkpt lat="56.0547990" lon="10.0226130">
    <ele>98.8</ele>
   </trkpt>
   <trkpt lat="56.0548450" lon="10.0225250">
    <ele>98.8</ele>
   </trkpt>
   <trkpt lat="56.0548900" lon="10.0224350">
    <ele>98.6</ele>
   </trkpt>
   <trkpt lat="56.0549360" lon="10.0223430">
    <ele>98.4</ele>
   </trkpt>
   <trkpt lat="56.0549840" lon="10.0222500">
    <ele>98.2</ele>
   </trkpt>
   <trkpt lat="56.0550340" lon="10.0221610">
    <ele>97.8</ele>
   </trkpt>
   <trkpt lat="56.0550860" lon="10.0220680">
    <ele>97.6</ele>
   </trkpt>
   <trkpt lat="56.0551400" lon="10.0219710">
    <ele>97.4</ele>
   </trkpt>
   <trkpt lat="56.0551930" lon="10.0218690">
    <ele>97.0</ele>
   </trkpt>
   <trkpt lat="56.0552480" lon="10.0217660">
    <ele>96.6</ele>
   </trkpt>
   <trkpt lat="56.0553010" lon="10.0216590">
    <ele>96.2</ele>
   </trkpt>
   <trkpt lat="56.0553570" lon="10.0215530">
    <ele>95.8</ele>
   </trkpt>
   <trkpt lat="56.0554130" lon="10.0214430">
    <ele>95.6</ele>
   </trkpt>
   <trkpt lat="56.0554690" lon="10.0213310">
    <ele>95.2</ele>
   </trkpt>
   <trkpt lat="56.0555250" lon="10.0212220">
    <ele>94.8</ele>
   </trkpt>
   <trkpt lat="56.0555790" lon="10.0211150">
    <ele>94.4</ele>
   </trkpt>
   <trkpt lat="56.0556360" lon="10.0210070">
    <ele>94.0</ele>
   </trkpt>
   <trkpt lat="56.0556980" lon="10.0208960">
    <ele>93.4</ele>
   </trkpt>
   <trkpt lat="56.0557600" lon="10.0207820">
    <ele>93.0</ele>
   </trkpt>
   <trkpt lat="56.0558180" lon="10.0206630">
    <ele>92.4</ele>
   </trkpt>
   <trkpt lat="56.0558640" lon="10.0205330">
    <ele>91.6</ele>
   </trkpt>
   <trkpt lat="56.0558900" lon="10.0203920">
    <ele>91.0</ele>
   </trkpt>
   <trkpt lat="56.0558900" lon="10.0202110">
    <ele>90.2</ele>
   </trkpt>
   <trkpt lat="56.0558630" lon="10.0200890">
    <ele>89.4</ele>
   </trkpt>
   <trkpt lat="56.0558150" lon="10.0199490">
    <ele>88.8</ele>
   </trkpt>
   <trkpt lat="56.0557580" lon="10.0198180">
    <ele>88.2</ele>
   </trkpt>
   <trkpt lat="56.0557010" lon="10.0196940">
    <ele>87.8</ele>
   </trkpt>
   <trkpt lat="56.0556420" lon="10.0195800">
    <ele>87.4</ele>
   </trkpt>
   <trkpt lat="56.0555840" lon="10.0194720">
    <ele>87.2</ele>
   </trkpt>
   <trkpt lat="56.0555290" lon="10.0193600">
    <ele>87.2</ele>
   </trkpt>
   <trkpt lat="56.0554740" lon="10.0192500">
    <ele>87.2</ele>
   </trkpt>
   <trkpt lat="56.0554200" lon="10.0191400">
    <ele>87.0</ele>
   </trkpt>
   <trkpt lat="56.0553680" lon="10.0190300">
    <ele>86.8</ele>
   </trkpt>
   <trkpt lat="56.0553210" lon="10.0189130">
    <ele>86.6</ele>
   </trkpt>
   <trkpt lat="56.0552800" lon="10.0187910">
    <ele>86.4</ele>
   </trkpt>
   <trkpt lat="56.0552460" lon="10.0186610">
    <ele>86.2</ele>
   </trkpt>
   <trkpt lat="56.0552200" lon="10.0185170">
    <ele>85.8</ele>
   </trkpt>
   <trkpt lat="56.0552020" lon="10.0183640">
    <ele>85.4</ele>
   </trkpt>
   <trkpt lat="56.0551900" lon="10.0182020">
    <ele>84.6</ele>
   </trkpt>
   <trkpt lat="56.0551830" lon="10.0180330">
    <ele>84.0</ele>
   </trkpt>
   <trkpt lat="56.0551760" lon="10.0178560">
    <ele>83.4</ele>
   </trkpt>
   <trkpt lat="56.0551660" lon="10.0176720">
    <ele>82.6</ele>
   </trkpt>
   <trkpt lat="56.0551510" lon="10.0174830">
    <ele>81.8</ele>
   </trkpt>
   <trkpt lat="56.0551300" lon="10.0172900">
    <ele>81.0</ele>
   </trkpt>
   <trkpt lat="56.0551010" lon="10.0170910">
    <ele>80.0</ele>
   </trkpt>
   <trkpt lat="56.0550590" lon="10.0168450">
    <ele>79.0</ele>
   </trkpt>
   <trkpt lat="56.0550280" lon="10.0166760">
    <ele>78.2</ele>
   </trkpt>
   <trkpt lat="56.0549870" lon="10.0164650">
    <ele>77.0</ele>
   </trkpt>
   <trkpt lat="56.0549430" lon="10.0162530">
    <ele>75.8</ele>
   </trkpt>
   <trkpt lat="56.0548880" lon="10.0160050">
    <ele>74.8</ele>
   </trkpt>
   <trkpt lat="56.0548460" lon="10.0158450">
    <ele>73.6</ele>
   </trkpt>
   <trkpt lat="56.0547800" lon="10.0156080">
    <ele>73.0</ele>
   </trkpt>
   <trkpt lat="56.0547200" lon="10.0154100">
    <ele>72.0</ele>
   </trkpt>
   <trkpt lat="56.0546700" lon="10.0152510">
    <ele>71.2</ele>
   </trkpt>
   <trkpt lat="56.0545950" lon="10.0150100">
    <ele>70.2</ele>
   </trkpt>
   <trkpt lat="56.0545470" lon="10.0148480">
    <ele>69.4</ele>
   </trkpt>
   <trkpt lat="56.0544880" lon="10.0146400">
    <ele>68.4</ele>
   </trkpt>
   <trkpt lat="56.0544300" lon="10.0144340">
    <ele>67.4</ele>
   </trkpt>
   <trkpt lat="56.0543710" lon="10.0142240">
    <ele>66.4</ele>
   </trkpt>
   <trkpt lat="56.0543170" lon="10.0140120">
    <ele>65.4</ele>
   </trkpt>
   <trkpt lat="56.0542720" lon="10.0137920">
    <ele>64.6</ele>
   </trkpt>
   <trkpt lat="56.0542380" lon="10.0135610">
    <ele>63.6</ele>
   </trkpt>
   <trkpt lat="56.0542150" lon="10.0133220">
    <ele>62.4</ele>
   </trkpt>
   <trkpt lat="56.0541960" lon="10.0130310">
    <ele>61.2</ele>
   </trkpt>
   <trkpt lat="56.0541850" lon="10.0128340">
    <ele>60.2</ele>
   </trkpt>
   <trkpt lat="56.0541710" lon="10.0125930">
    <ele>59.4</ele>
   </trkpt>
   <trkpt lat="56.0541560" lon="10.0123560">
    <ele>58.8</ele>
   </trkpt>
   <trkpt lat="56.0541390" lon="10.0120740">
    <ele>58.2</ele>
   </trkpt>
   <trkpt lat="56.0541280" lon="10.0118900">
    <ele>57.6</ele>
   </trkpt>
   <trkpt lat="56.0541130" lon="10.0116600">
    <ele>57.0</ele>
   </trkpt>
   <trkpt lat="56.0540970" lon="10.0114340">
    <ele>56.4</ele>
   </trkpt>
   <trkpt lat="56.0540810" lon="10.0112100">
    <ele>55.8</ele>
   </trkpt>
   <trkpt lat="56.0540670" lon="10.0109880">
    <ele>55.4</ele>
   </trkpt>
   <trkpt lat="56.0540550" lon="10.0107660">
    <ele>55.0</ele>
   </trkpt>
   <trkpt lat="56.0540460" lon="10.0105450">
    <ele>54.4</ele>
   </trkpt>
   <trkpt lat="56.0540450" lon="10.0103240">
    <ele>54.0</ele>
   </trkpt>
   <trkpt lat="56.0540530" lon="10.0101150">
    <ele>53.6</ele>
   </trkpt>
   <trkpt lat="56.0540690" lon="10.0099180">
    <ele>53.4</ele>
   </trkpt>
   <trkpt lat="56.0540880" lon="10.0097340">
    <ele>53.4</ele>
   </trkpt>
   <trkpt lat="56.0541090" lon="10.0095640">
    <ele>54.0</ele>
   </trkpt>
   <trkpt lat="56.0541330" lon="10.0094060">
    <ele>54.6</ele>
   </trkpt>
   <trkpt lat="56.0541590" lon="10.0092550">
    <ele>55.2</ele>
   </trkpt>
   <trkpt lat="56.0541840" lon="10.0091090">
    <ele>55.6</ele>
   </trkpt>
   <trkpt lat="56.0542080" lon="10.0089650">
    <ele>56.2</ele>
   </trkpt>
   <trkpt lat="56.0542320" lon="10.0088210">
    <ele>56.4</ele>
   </trkpt>
   <trkpt lat="56.0542530" lon="10.0086770">
    <ele>56.6</ele>
   </trkpt>
   <trkpt lat="56.0542760" lon="10.0085340">
    <ele>56.6</ele>
   </trkpt>
   <trkpt lat="56.0543020" lon="10.0083930">
    <ele>56.8</ele>
   </trkpt>
   <trkpt lat="56.0543280" lon="10.0082490">
    <ele>56.6</ele>
   </trkpt>
   <trkpt lat="56.0543540" lon="10.0081010">
    <ele>56.4</ele>
   </trkpt>
   <trkpt lat="56.0543810" lon="10.0079500">
    <ele>56.0</ele>
   </trkpt>
   <trkpt lat="56.0544100" lon="10.0077970">
    <ele>55.8</ele>
   </trkpt>
   <trkpt lat="56.0544380" lon="10.0076420">
    <ele>55.4</ele>
   </trkpt>
   <trkpt lat="56.0544620" lon="10.0074820">
    <ele>55.2</ele>
   </trkpt>
   <trkpt lat="56.0544860" lon="10.0073200">
    <ele>54.8</ele>
   </trkpt>
   <trkpt lat="56.0545160" lon="10.0071610">
    <ele>54.4</ele>
   </trkpt>
   <trkpt lat="56.0545490" lon="10.0070040">
    <ele>54.2</ele>
   </trkpt>
   <trkpt lat="56.0545830" lon="10.0068470">
    <ele>54.0</ele>
   </trkpt>
   <trkpt lat="56.0546170" lon="10.0066950">
    <ele>54.0</ele>
   </trkpt>
   <trkpt lat="56.0546630" lon="10.0065230">
    <ele>54.0</ele>
   </trkpt>
   <trkpt lat="56.0546940" lon="10.0064080">
    <ele>53.8</ele>
   </trkpt>
   <trkpt lat="56.0547300" lon="10.0062640">
    <ele>53.8</ele>
   </trkpt>
   <trkpt lat="56.0547740" lon="10.0060980">
    <ele>54.0</ele>
   </trkpt>
   <trkpt lat="56.0548040" lon="10.0059850">
    <ele>54.0</ele>
   </trkpt>
   <trkpt lat="56.0548450" lon="10.0058500">
    <ele>54.2</ele>
   </trkpt>
   <trkpt lat="56.0548850" lon="10.0057210">
    <ele>54.2</ele>
   </trkpt>
   <trkpt lat="56.0549240" lon="10.0055900">
    <ele>54.2</ele>
   </trkpt>
   <trkpt lat="56.0549670" lon="10.0054550">
    <ele>54.2</ele>
   </trkpt>
   <trkpt lat="56.0550100" lon="10.0053200">
    <ele>54.2</ele>
   </trkpt>
   <trkpt lat="56.0550540" lon="10.0051850">
    <ele>54.2</ele>
   </trkpt>
   <trkpt lat="56.0551030" lon="10.0050510">
    <ele>54.2</ele>
   </trkpt>
   <trkpt lat="56.0551500" lon="10.0049170">
    <ele>54.2</ele>
   </trkpt>
   <trkpt lat="56.0551950" lon="10.0047830">
    <ele>54.2</ele>
   </trkpt>
   <trkpt lat="56.0552400" lon="10.0046490">
    <ele>54.2</ele>
   </trkpt>
   <trkpt lat="56.0552930" lon="10.0044930">
    <ele>54.2</ele>
   </trkpt>
   <trkpt lat="56.0553350" lon="10.0043660">
    <ele>54.4</ele>
   </trkpt>
   <trkpt lat="56.0553700" lon="10.0042640">
    <ele>54.4</ele>
   </trkpt>
   <trkpt lat="56.0554250" lon="10.0041170">
    <ele>54.6</ele>
   </trkpt>
   <trkpt lat="56.0554680" lon="10.0039910">
    <ele>54.6</ele>
   </trkpt>
   <trkpt lat="56.0555030" lon="10.0038920">
    <ele>54.6</ele>
   </trkpt>
   <trkpt lat="56.0555510" lon="10.0037390">
    <ele>54.4</ele>
   </trkpt>
   <trkpt lat="56.0555930" lon="10.0036110">
    <ele>54.2</ele>
   </trkpt>
   <trkpt lat="56.0556290" lon="10.0035090">
    <ele>54.2</ele>
   </trkpt>
   <trkpt lat="56.0556850" lon="10.0033540">
    <ele>54.2</ele>
   </trkpt>
   <trkpt lat="56.0557290" lon="10.0032220">
    <ele>54.4</ele>
   </trkpt>
   <trkpt lat="56.0557610" lon="10.0031160">
    <ele>54.4</ele>
   </trkpt>
   <trkpt lat="56.0558120" lon="10.0029600">
    <ele>54.4</ele>
   </trkpt>
   <trkpt lat="56.0558550" lon="10.0028290">
    <ele>54.4</ele>
   </trkpt>
   <trkpt lat="56.0558980" lon="10.0027000">
    <ele>54.4</ele>
   </trkpt>
   <trkpt lat="56.0559410" lon="10.0025750">
    <ele>54.6</ele>
   </trkpt>
   <trkpt lat="56.0559840" lon="10.0024540">
    <ele>54.6</ele>
   </trkpt>
   <trkpt lat="56.0560200" lon="10.0023600">
    <ele>54.8</ele>
   </trkpt>
   <trkpt lat="56.0560630" lon="10.0022470">
    <ele>55.0</ele>
   </trkpt>
   <trkpt lat="56.0561070" lon="10.0021350">
    <ele>55.0</ele>
   </trkpt>
   <trkpt lat="56.0561480" lon="10.0020250">
    <ele>55.2</ele>
   </trkpt>
   <trkpt lat="56.0561970" lon="10.0019040">
    <ele>55.4</ele>
   </trkpt>
   <trkpt lat="56.0562320" lon="10.0018010">
    <ele>55.6</ele>
   </trkpt>
   <trkpt lat="56.0562620" lon="10.0017190">
    <ele>55.8</ele>
   </trkpt>
   <trkpt lat="56.0563050" lon="10.0015930">
    <ele>56.2</ele>
   </trkpt>
   <trkpt lat="56.0563390" lon="10.0014870">
    <ele>56.4</ele>
   </trkpt>
   <trkpt lat="56.0563690" lon="10.0014020">
    <ele>56.6</ele>
   </trkpt>
   <trkpt lat="56.0564140" lon="10.0012790">
    <ele>56.8</ele>
   </trkpt>
   <trkpt lat="56.0564490" lon="10.0011760">
    <ele>56.8</ele>
   </trkpt>
   <trkpt lat="56.0564790" lon="10.0010930">
    <ele>57.0</ele>
   </trkpt>
   <trkpt lat="56.0565200" lon="10.0009700">
    <ele>57.2</ele>
   </trkpt>
   <trkpt lat="56.0565530" lon="10.0008730">
    <ele>57.2</ele>
   </trkpt>
   <trkpt lat="56.0565850" lon="10.0007940">
    <ele>57.4</ele>
   </trkpt>
   <trkpt lat="56.0566330" lon="10.0006680">
    <ele>57.4</ele>
   </trkpt>
   <trkpt lat="56.0566690" lon="10.0005570">
    <ele>57.2</ele>
   </trkpt>
   <trkpt lat="56.0566960" lon="10.0004630">
    <ele>57.0</ele>
   </trkpt>
   <trkpt lat="56.0567350" lon="10.0003120">
    <ele>56.8</ele>
   </trkpt>
   <trkpt lat="56.0567630" lon="10.0001740">
    <ele>56.6</ele>
   </trkpt>
   <trkpt lat="56.0567820" lon="10.0000590">
    <ele>56.4</ele>
   </trkpt>
   <trkpt lat="56.0568180" lon="9.9998930">
    <ele>56.2</ele>
   </trkpt>
   <trkpt lat="56.0568470" lon="9.9997850">
    <ele>55.8</ele>
   </trkpt>
   <trkpt lat="56.0568900" lon="9.9996600">
    <ele>55.6</ele>
   </trkpt>
   <trkpt lat="56.0569340" lon="9.9995330">
    <ele>55.4</ele>
   </trkpt>
   <trkpt lat="56.0569780" lon="9.9993720">
    <ele>55.2</ele>
   </trkpt>
   <trkpt lat="56.0570100" lon="9.9992630">
    <ele>55.0</ele>
   </trkpt>
   <trkpt lat="56.0570570" lon="9.9991000">
    <ele>54.8</ele>
   </trkpt>
   <trkpt lat="56.0570960" lon="9.9989610">
    <ele>54.6</ele>
   </trkpt>
   <trkpt lat="56.0571300" lon="9.9988530">
    <ele>54.4</ele>
   </trkpt>
   <trkpt lat="56.0571710" lon="9.9987190">
    <ele>54.2</ele>
   </trkpt>
   <trkpt lat="56.0572130" lon="9.9985500">
    <ele>54.2</ele>
   </trkpt>
   <trkpt lat="56.0572400" lon="9.9984360">
    <ele>54.0</ele>
   </trkpt>
   <trkpt lat="56.0572820" lon="9.9983060">
    <ele>54.2</ele>
   </trkpt>
   <trkpt lat="56.0573280" lon="9.9981540">
    <ele>54.2</ele>
   </trkpt>
   <trkpt lat="56.0573590" lon="9.9980520">
    <ele>54.2</ele>
   </trkpt>
   <trkpt lat="56.0574030" lon="9.9979060">
    <ele>54.2</ele>
   </trkpt>
   <trkpt lat="56.0574350" lon="9.9977840">
    <ele>54.4</ele>
   </trkpt>
   <trkpt lat="56.0574710" lon="9.9976770">
    <ele>54.4</ele>
   </trkpt>
   <trkpt lat="56.0575090" lon="9.9975810">
    <ele>54.6</ele>
   </trkpt>
   <trkpt lat="56.0575470" lon="9.9974890">
    <ele>54.8</ele>
   </trkpt>
   <trkpt lat="56.0575790" lon="9.9974160">
    <ele>54.8</ele>
   </trkpt>
   <trkpt lat="56.0576280" lon="9.9973020">
    <ele>54.8</ele>
   </trkpt>
   <trkpt lat="56.0576730" lon="9.9972020">
    <ele>54.8</ele>
   </trkpt>
   <trkpt lat="56.0577090" lon="9.9971210">
    <ele>55.0</ele>
   </trkpt>
   <trkpt lat="56.0577590" lon="9.9970060">
    <ele>55.0</ele>
   </trkpt>
   <trkpt lat="56.0577930" lon="9.9969080">
    <ele>55.0</ele>
   </trkpt>
   <trkpt lat="56.0578110" lon="9.9968230">
    <ele>55.0</ele>
   </trkpt>
   <trkpt lat="56.0578510" lon="9.9966940">
    <ele>55.0</ele>
   </trkpt>
   <trkpt lat="56.0578870" lon="9.9965810">
    <ele>55.0</ele>
   </trkpt>
   <trkpt lat="56.0579140" lon="9.9964870">
    <ele>55.0</ele>
   </trkpt>
   <trkpt lat="56.0579580" lon="9.9963570">
    <ele>55.0</ele>
   </trkpt>
   <trkpt lat="56.0579940" lon="9.9962480">
    <ele>55.0</ele>
   </trkpt>
   <trkpt lat="56.0580270" lon="9.9961290">
    <ele>55.0</ele>
   </trkpt>
   <trkpt lat="56.0580490" lon="9.9959850">
    <ele>55.0</ele>
   </trkpt>
   <trkpt lat="56.0580590" lon="9.9958580">
    <ele>55.0</ele>
   </trkpt>
   <trkpt lat="56.0580770" lon="9.9957060">
    <ele>54.8</ele>
   </trkpt>
   <trkpt lat="56.0580980" lon="9.9955260">
    <ele>54.8</ele>
   </trkpt>
   <trkpt lat="56.0581170" lon="9.9953670">
    <ele>55.0</ele>
   </trkpt>
   <trkpt lat="56.0581330" lon="9.9952390">
    <ele>55.0</ele>
   </trkpt>
   <trkpt lat="56.0581550" lon="9.9950730">
    <ele>55.0</ele>
   </trkpt>
   <trkpt lat="56.0581740" lon="9.9949350">
    <ele>55.0</ele>
   </trkpt>
   <trkpt lat="56.0581870" lon="9.9948270">
    <ele>55.0</ele>
   </trkpt>
   <trkpt lat="56.0582060" lon="9.9946990">
    <ele>55.0</ele>
   </trkpt>
   <trkpt lat="56.0582270" lon="9.9945380">
    <ele>55.0</ele>
   </trkpt>
   <trkpt lat="56.0582380" lon="9.9944240">
    <ele>55.2</ele>
   </trkpt>
   <trkpt lat="56.0582620" lon="9.9942900">
    <ele>55.2</ele>
   </trkpt>
   <trkpt lat="56.0582920" lon="9.9941280">
    <ele>55.0</ele>
   </trkpt>
   <trkpt lat="56.0583100" lon="9.9940050">
    <ele>55.0</ele>
   </trkpt>
   <trkpt lat="56.0583340" lon="9.9938460">
    <ele>55.2</ele>
   </trkpt>
   <trkpt lat="56.0583440" lon="9.9937100">
    <ele>55.2</ele>
   </trkpt>
   <trkpt lat="56.0583580" lon="9.9935990">
    <ele>55.2</ele>
   </trkpt>
   <trkpt lat="56.0583760" lon="9.9934320">
    <ele>55.2</ele>
   </trkpt>
   <trkpt lat="56.0583920" lon="9.9932990">
    <ele>55.2</ele>
   </trkpt>
   <trkpt lat="56.0583970" lon="9.9931880">
    <ele>55.4</ele>
   </trkpt>
   <trkpt lat="56.0584010" lon="9.9930160">
    <ele>55.4</ele>
   </trkpt>
   <trkpt lat="56.0584160" lon="9.9928850">
    <ele>55.4</ele>
   </trkpt>
   <trkpt lat="56.0584260" lon="9.9927680">
    <ele>55.4</ele>
   </trkpt>
   <trkpt lat="56.0584560" lon="9.9925980">
    <ele>55.6</ele>
   </trkpt>
   <trkpt lat="56.0584790" lon="9.9924490">
    <ele>55.4</ele>
   </trkpt>
   <trkpt lat="56.0584970" lon="9.9923380">
    <ele>55.4</ele>
   </trkpt>
   <trkpt lat="56.0585240" lon="9.9921680">
    <ele>55.4</ele>
   </trkpt>
   <trkpt lat="56.0585470" lon="9.9920330">
    <ele>55.2</ele>
   </trkpt>
   <trkpt lat="56.0585660" lon="9.9919260">
    <ele>55.2</ele>
   </trkpt>
   <trkpt lat="56.0585970" lon="9.9917710">
    <ele>55.2</ele>
   </trkpt>
   <trkpt lat="56.0586240" lon="9.9916440">
    <ele>55.2</ele>
   </trkpt>
   <trkpt lat="56.0586430" lon="9.9915450">
    <ele>55.4</ele>
   </trkpt>
   <trkpt lat="56.0586650" lon="9.9914220">
    <ele>55.4</ele>
   </trkpt>
   <trkpt lat="56.0586850" lon="9.9913020">
    <ele>55.6</ele>
   </trkpt>
   <trkpt lat="56.0587050" lon="9.9911840">
    <ele>55.6</ele>
   </trkpt>
   <trkpt lat="56.0587320" lon="9.9910470">
    <ele>55.8</ele>
   </trkpt>
   <trkpt lat="56.0587570" lon="9.9909380">
    <ele>55.8</ele>
   </trkpt>
   <trkpt lat="56.0587750" lon="9.9908510">
    <ele>56.0</ele>
   </trkpt>
   <trkpt lat="56.0588030" lon="9.9907240">
    <ele>56.0</ele>
   </trkpt>
   <trkpt lat="56.0588210" lon="9.9906390">
    <ele>56.2</ele>
   </trkpt>
   <trkpt lat="56.0588440" lon="9.9905330">
    <ele>56.2</ele>
   </trkpt>
   <trkpt lat="56.0588680" lon="9.9904290">
    <ele>56.4</ele>
   </trkpt>
   <trkpt lat="56.0588950" lon="9.9903040">
    <ele>56.6</ele>
   </trkpt>
   <trkpt lat="56.0589120" lon="9.9902210">
    <ele>56.6</ele>
   </trkpt>
   <trkpt lat="56.0589380" lon="9.9900960">
    <ele>56.8</ele>
   </trkpt>
   <trkpt lat="56.0589590" lon="9.9899950">
    <ele>57.0</ele>
   </trkpt>
   <trkpt lat="56.0589760" lon="9.9899150">
    <ele>57.2</ele>
   </trkpt>
   <trkpt lat="56.0590000" lon="9.9897980">
    <ele>57.4</ele>
   </trkpt>
   <trkpt lat="56.0590200" lon="9.9897060">
    <ele>57.6</ele>
   </trkpt>
   <trkpt lat="56.0590370" lon="9.9896340">
    <ele>57.8</ele>
   </trkpt>
   <trkpt lat="56.0590600" lon="9.9895280">
    <ele>58.0</ele>
   </trkpt>
   <trkpt lat="56.0590750" lon="9.9894580">
    <ele>58.2</ele>
   </trkpt>
   <trkpt lat="56.0590920" lon="9.9893690">
    <ele>58.4</ele>
   </trkpt>
   <trkpt lat="56.0591090" lon="9.9892800">
    <ele>58.6</ele>
   </trkpt>
   <trkpt lat="56.0591310" lon="9.9891780">
    <ele>59.0</ele>
   </trkpt>
   <trkpt lat="56.0591460" lon="9.9891110">
    <ele>59.2</ele>
   </trkpt>
   <trkpt lat="56.0591670" lon="9.9890090">
    <ele>59.6</ele>
   </trkpt>
   <trkpt lat="56.0591840" lon="9.9889240">
    <ele>59.8</ele>
   </trkpt>
   <trkpt lat="56.0591980" lon="9.9888570">
    <ele>60.0</ele>
   </trkpt>
   <trkpt lat="56.0592160" lon="9.9887740">
    <ele>60.2</ele>
   </trkpt>
   <trkpt lat="56.0592380" lon="9.9886770">
    <ele>60.4</ele>
   </trkpt>
   <trkpt lat="56.0592540" lon="9.9886140">
    <ele>60.8</ele>
   </trkpt>
   <trkpt lat="56.0592760" lon="9.9885180">
    <ele>61.0</ele>
   </trkpt>
   <trkpt lat="56.0592880" lon="9.9884520">
    <ele>61.2</ele>
   </trkpt>
   <trkpt lat="56.0593040" lon="9.9883750">
    <ele>61.4</ele>
   </trkpt>
   <trkpt lat="56.0593200" lon="9.9883000">
    <ele>61.6</ele>
   </trkpt>
   <trkpt lat="56.0593360" lon="9.9882290">
    <ele>62.0</ele>
   </trkpt>
   <trkpt lat="56.0593490" lon="9.9881550">
    <ele>62.2</ele>
   </trkpt>
   <trkpt lat="56.0593630" lon="9.9880840">
    <ele>62.4</ele>
   </trkpt>
   <trkpt lat="56.0593790" lon="9.9880020">
    <ele>62.6</ele>
   </trkpt>
   <trkpt lat="56.0593920" lon="9.9879470">
    <ele>62.8</ele>
   </trkpt>
   <trkpt lat="56.0594060" lon="9.9878770">
    <ele>63.0</ele>
   </trkpt>
   <trkpt lat="56.0594240" lon="9.9877940">
    <ele>63.2</ele>
   </trkpt>
   <trkpt lat="56.0594350" lon="9.9877400">
    <ele>63.4</ele>
   </trkpt>
   <trkpt lat="56.0594500" lon="9.9876710">
    <ele>63.6</ele>
   </trkpt>
   <trkpt lat="56.0594620" lon="9.9876040">
    <ele>63.8</ele>
   </trkpt>
   <trkpt lat="56.0594760" lon="9.9875350">
    <ele>64.2</ele>
   </trkpt>
   <trkpt lat="56.0594890" lon="9.9874700">
    <ele>64.4</ele>
   </trkpt>
   <trkpt lat="56.0595050" lon="9.9873920">
    <ele>64.6</ele>
   </trkpt>
   <trkpt lat="56.0595190" lon="9.9873290">
    <ele>65.0</ele>
   </trkpt>
   <trkpt lat="56.0595280" lon="9.9872800">
    <ele>65.2</ele>
   </trkpt>
   <trkpt lat="56.0595430" lon="9.9872060">
    <ele>65.4</ele>
   </trkpt>
   <trkpt lat="56.0595520" lon="9.9871570">
    <ele>65.6</ele>
   </trkpt>
   <trkpt lat="56.0595620" lon="9.9870930">
    <ele>65.8</ele>
   </trkpt>
   <trkpt lat="56.0595730" lon="9.9870300">
    <ele>66.0</ele>
   </trkpt>
   <trkpt lat="56.0595860" lon="9.9869730">
    <ele>66.2</ele>
   </trkpt>
   <trkpt lat="56.0596040" lon="9.9869190">
    <ele>66.4</ele>
   </trkpt>
   <trkpt lat="56.0596260" lon="9.9868690">
    <ele>66.6</ele>
   </trkpt>
   <trkpt lat="56.0596510" lon="9.9868310">
    <ele>66.8</ele>
   </trkpt>
   <trkpt lat="56.0596850" lon="9.9868120">
    <ele>67.0</ele>
   </trkpt>
   <trkpt lat="56.0597120" lon="9.9868340">
    <ele>67.4</ele>
   </trkpt>
   <trkpt lat="56.0597300" lon="9.9868650">
    <ele>67.6</ele>
   </trkpt>
   <trkpt lat="56.0597490" lon="9.9869110">
    <ele>67.8</ele>
   </trkpt>
   <trkpt lat="56.0597700" lon="9.9869660">
    <ele>68.2</ele>
   </trkpt>
   <trkpt lat="56.0597840" lon="9.9870050">
    <ele>68.4</ele>
   </trkpt>
   <trkpt lat="56.0598020" lon="9.9870550">
    <ele>68.6</ele>
   </trkpt>
   <trkpt lat="56.0598180" lon="9.9871060">
    <ele>68.8</ele>
   </trkpt>
   <trkpt lat="56.0598350" lon="9.9871550">
    <ele>69.0</ele>
   </trkpt>
   <trkpt lat="56.0598520" lon="9.9872050">
    <ele>69.2</ele>
   </trkpt>
   <trkpt lat="56.0598720" lon="9.9872650">
    <ele>69.6</ele>
   </trkpt>
   <trkpt lat="56.0598850" lon="9.9873040">
    <ele>69.8</ele>
   </trkpt>
   <trkpt lat="56.0599020" lon="9.9873520">
    <ele>70.2</ele>
   </trkpt>
   <trkpt lat="56.0599240" lon="9.9874090">
    <ele>70.4</ele>
   </trkpt>
   <trkpt lat="56.0599400" lon="9.9874460">
    <ele>70.6</ele>
   </trkpt>
   <trkpt lat="56.0599600" lon="9.9874920">
    <ele>71.0</ele>
   </trkpt>
   <trkpt lat="56.0599800" lon="9.9875350">
    <ele>71.2</ele>
   </trkpt>
   <trkpt lat="56.0600070" lon="9.9875860">
    <ele>71.4</ele>
   </trkpt>
   <trkpt lat="56.0600270" lon="9.9876200">
    <ele>71.6</ele>
   </trkpt>
   <trkpt lat="56.0600510" lon="9.9876580">
    <ele>72.0</ele>
   </trkpt>
   <trkpt lat="56.0600840" lon="9.9877010">
    <ele>72.2</ele>
   </trkpt>
   <trkpt lat="56.0601050" lon="9.9877290">
    <ele>72.4</ele>
   </trkpt>
   <trkpt lat="56.0601350" lon="9.9877570">
    <ele>72.6</ele>
   </trkpt>
   <trkpt lat="56.0601670" lon="9.9877760">
    <ele>73.0</ele>
   </trkpt>
   <trkpt lat="56.0602050" lon="9.9877820">
    <ele>73.2</ele>
   </trkpt>
   <trkpt lat="56.0602310" lon="9.9877790">
    <ele>73.4</ele>
   </trkpt>
   <trkpt lat="56.0602690" lon="9.9877820">
    <ele>73.6</ele>
   </trkpt>
   <trkpt lat="56.0602940" lon="9.9877930">
    <ele>73.8</ele>
   </trkpt>
   <trkpt lat="56.0603240" lon="9.9878120">
    <ele>74.0</ele>
   </trkpt>
   <trkpt lat="56.0603550" lon="9.9878240">
    <ele>74.2</ele>
   </trkpt>
   <trkpt lat="56.0603860" lon="9.9878260">
    <ele>74.4</ele>
   </trkpt>
   <trkpt lat="56.0604190" lon="9.9878230">
    <ele>74.8</ele>
   </trkpt>
   <trkpt lat="56.0604540" lon="9.9878170">
    <ele>74.8</ele>
   </trkpt>
   <trkpt lat="56.0604900" lon="9.9878050">
    <ele>75.0</ele>
   </trkpt>
   <trkpt lat="56.0605250" lon="9.9877950">
    <ele>75.2</ele>
   </trkpt>
   <trkpt lat="56.0605610" lon="9.9877910">
    <ele>75.4</ele>
   </trkpt>
   <trkpt lat="56.0606050" lon="9.9877860">
    <ele>75.6</ele>
   </trkpt>
   <trkpt lat="56.0606360" lon="9.9877800">
    <ele>75.6</ele>
   </trkpt>
   <trkpt lat="56.0606730" lon="9.9877690">
    <ele>75.8</ele>
   </trkpt>
   <trkpt lat="56.0607110" lon="9.9877560">
    <ele>75.8</ele>
   </trkpt>
   <trkpt lat="56.0607510" lon="9.9877480">
    <ele>75.8</ele>
   </trkpt>
   <trkpt lat="56.0608000" lon="9.9877390">
    <ele>75.8</ele>
   </trkpt>
   <trkpt lat="56.0608330" lon="9.9877290">
    <ele>76.0</ele>
   </trkpt>
   <trkpt lat="56.0608750" lon="9.9877210">
    <ele>76.0</ele>
   </trkpt>
   <trkpt lat="56.0609210" lon="9.9877140">
    <ele>76.0</ele>
   </trkpt>
   <trkpt lat="56.0609760" lon="9.9877040">
    <ele>76.0</ele>
   </trkpt>
   <trkpt lat="56.0610130" lon="9.9876940">
    <ele>76.2</ele>
   </trkpt>
   <trkpt lat="56.0610600" lon="9.9876800">
    <ele>76.2</ele>
   </trkpt>
   <trkpt lat="56.0611050" lon="9.9876710">
    <ele>76.2</ele>
   </trkpt>
   <trkpt lat="56.0611510" lon="9.9876660">
    <ele>76.2</ele>
   </trkpt>
   <trkpt lat="56.0611980" lon="9.9876600">
    <ele>76.4</ele>
   </trkpt>
   <trkpt lat="56.0612450" lon="9.9876550">
    <ele>76.4</ele>
   </trkpt>
   <trkpt lat="56.0612920" lon="9.9876460">
    <ele>76.4</ele>
   </trkpt>
   <trkpt lat="56.0613390" lon="9.9876360">
    <ele>76.6</ele>
   </trkpt>
   <trkpt lat="56.0613880" lon="9.9876250">
    <ele>76.6</ele>
   </trkpt>
   <trkpt lat="56.0614350" lon="9.9876090">
    <ele>76.8</ele>
   </trkpt>
   <trkpt lat="56.0614790" lon="9.9875800">
    <ele>76.8</ele>
   </trkpt>
   <trkpt lat="56.0615210" lon="9.9875420">
    <ele>77.0</ele>
   </trkpt>
   <trkpt lat="56.0615620" lon="9.9874830">
    <ele>77.0</ele>
   </trkpt>
   <trkpt lat="56.0615820" lon="9.9874350">
    <ele>77.2</ele>
   </trkpt>
   <trkpt lat="56.0616010" lon="9.9873720">
    <ele>77.4</ele>
   </trkpt>
   <trkpt lat="56.0616220" lon="9.9873010">
    <ele>77.4</ele>
   </trkpt>
   <trkpt lat="56.0616340" lon="9.9872560">
    <ele>77.6</ele>
   </trkpt>
   <trkpt lat="56.0616440" lon="9.9872020">
    <ele>77.6</ele>
   </trkpt>
   <trkpt lat="56.0616460" lon="9.9871370">
    <ele>77.6</ele>
   </trkpt>
   <trkpt lat="56.0616480" lon="9.9870950">
    <ele>77.6</ele>
   </trkpt>
   <trkpt lat="56.0616540" lon="9.9870500">
    <ele>77.6</ele>
   </trkpt>
   <trkpt lat="56.0616630" lon="9.9870020">
    <ele>77.8</ele>
   </trkpt>
   <trkpt lat="56.0616680" lon="9.9869750">
    <ele>77.8</ele>
   </trkpt>
   <trkpt lat="56.0616740" lon="9.9869440">
    <ele>77.8</ele>
   </trkpt>
   <trkpt lat="56.0616870" lon="9.9869160">
    <ele>77.8</ele>
   </trkpt>
   <trkpt lat="56.0617030" lon="9.9868900">
    <ele>77.8</ele>
   </trkpt>
   <trkpt lat="56.0617230" lon="9.9868720">
    <ele>77.8</ele>
   </trkpt>
   <trkpt lat="56.0617510" lon="9.9868600">
    <ele>77.8</ele>
   </trkpt>
   <trkpt lat="56.0617690" lon="9.9868550">
    <ele>77.8</ele>
   </trkpt>
   <trkpt lat="56.0617870" lon="9.9868510">
    <ele>77.8</ele>
   </trkpt>
   <trkpt lat="56.0617970" lon="9.9868510">
    <ele>77.8</ele>
   </trkpt>
   <trkpt lat="56.0617970" lon="9.9868510">
    <ele>78.0</ele>
   </trkpt>
   <trkpt lat="56.0617970" lon="9.9868510">
    <ele>78.0</ele>
   </trkpt>
   <trkpt lat="56.0618770" lon="9.9868840">
    <ele>78.0</ele>
   </trkpt>
   <trkpt lat="56.0619010" lon="9.9869090">
    <ele>78.0</ele>
   </trkpt>
   <trkpt lat="56.0619260" lon="9.9869340">
    <ele>77.8</ele>
   </trkpt>
   <trkpt lat="56.0619550" lon="9.9869550">
    <ele>77.8</ele>
   </trkpt>
   <trkpt lat="56.0619840" lon="9.9869760">
    <ele>77.8</ele>
   </trkpt>
   <trkpt lat="56.0620130" lon="9.9870070">
    <ele>77.6</ele>
   </trkpt>
   <trkpt lat="56.0620410" lon="9.9870450">
    <ele>77.6</ele>
   </trkpt>
   <trkpt lat="56.0620700" lon="9.9870860">
    <ele>77.4</ele>
   </trkpt>
   <trkpt lat="56.0621060" lon="9.9871220">
    <ele>77.4</ele>
   </trkpt>
   <trkpt lat="56.0621440" lon="9.9871520">
    <ele>77.2</ele>
   </trkpt>
   <trkpt lat="56.0621830" lon="9.9871840">
    <ele>77.0</ele>
   </trkpt>
   <trkpt lat="56.0622220" lon="9.9872150">
    <ele>77.0</ele>
   </trkpt>
   <trkpt lat="56.0622650" lon="9.9872460">
    <ele>76.8</ele>
   </trkpt>
   <trkpt lat="56.0623100" lon="9.9872780">
    <ele>76.6</ele>
   </trkpt>
   <trkpt lat="56.0623550" lon="9.9873140">
    <ele>76.6</ele>
   </trkpt>
   <trkpt lat="56.0624020" lon="9.9873490">
    <ele>76.4</ele>
   </trkpt>
   <trkpt lat="56.0624510" lon="9.9873820">
    <ele>76.2</ele>
   </trkpt>
   <trkpt lat="56.0625000" lon="9.9874170">
    <ele>76.2</ele>
   </trkpt>
   <trkpt lat="56.0625480" lon="9.9874650">
    <ele>76.0</ele>
   </trkpt>
   <trkpt lat="56.0625950" lon="9.9875250">
    <ele>75.8</ele>
   </trkpt>
   <trkpt lat="56.0626420" lon="9.9875950">
    <ele>75.6</ele>
   </trkpt>
   <trkpt lat="56.0626900" lon="9.9876700">
    <ele>75.6</ele>
   </trkpt>
   <trkpt lat="56.0627380" lon="9.9877500">
    <ele>75.4</ele>
   </trkpt>
   <trkpt lat="56.0627850" lon="9.9878340">
    <ele>75.0</ele>
   </trkpt>
   <trkpt lat="56.0628320" lon="9.9879220">
    <ele>74.6</ele>
   </trkpt>
   <trkpt lat="56.0628790" lon="9.9880100">
    <ele>74.0</ele>
   </trkpt>
   <trkpt lat="56.0629270" lon="9.9881000">
    <ele>73.6</ele>
   </trkpt>
   <trkpt lat="56.0629740" lon="9.9881960">
    <ele>73.4</ele>
   </trkpt>
   <trkpt lat="56.0630170" lon="9.9882980">
    <ele>73.2</ele>
   </trkpt>
   <trkpt lat="56.0630550" lon="9.9884050">
    <ele>73.0</ele>
   </trkpt>
   <trkpt lat="56.0630900" lon="9.9885150">
    <ele>72.8</ele>
   </trkpt>
   <trkpt lat="56.0631180" lon="9.9886280">
    <ele>72.6</ele>
   </trkpt>
   <trkpt lat="56.0631430" lon="9.9887450">
    <ele>72.6</ele>
   </trkpt>
   <trkpt lat="56.0631690" lon="9.9888610">
    <ele>72.4</ele>
   </trkpt>
   <trkpt lat="56.0631960" lon="9.9889760">
    <ele>72.4</ele>
   </trkpt>
   <trkpt lat="56.0632240" lon="9.9890900">
    <ele>72.4</ele>
   </trkpt>
   <trkpt lat="56.0632520" lon="9.9892040">
    <ele>72.6</ele>
   </trkpt>
   <trkpt lat="56.0632790" lon="9.9893170">
    <ele>72.6</ele>
   </trkpt>
   <trkpt lat="56.0633060" lon="9.9894290">
    <ele>72.8</ele>
   </trkpt>
   <trkpt lat="56.0633350" lon="9.9895410">
    <ele>72.8</ele>
   </trkpt>
   <trkpt lat="56.0633640" lon="9.9896520">
    <ele>72.8</ele>
   </trkpt>
   <trkpt lat="56.0633920" lon="9.9897640">
    <ele>72.8</ele>
   </trkpt>
   <trkpt lat="56.0634190" lon="9.9898760">
    <ele>73.0</ele>
   </trkpt>
   <trkpt lat="56.0634440" lon="9.9899890">
    <ele>73.0</ele>
   </trkpt>
   <trkpt lat="56.0634700" lon="9.9901040">
    <ele>73.0</ele>
   </trkpt>
   <trkpt lat="56.0634970" lon="9.9902170">
    <ele>73.2</ele>
   </trkpt>
   <trkpt lat="56.0635240" lon="9.9903300">
    <ele>73.4</ele>
   </trkpt>
   <trkpt lat="56.0635520" lon="9.9904440">
    <ele>73.4</ele>
   </trkpt>
   <trkpt lat="56.0635780" lon="9.9905600">
    <ele>73.6</ele>
   </trkpt>
   <trkpt lat="56.0636010" lon="9.9906770">
    <ele>73.6</ele>
   </trkpt>
   <trkpt lat="56.0636250" lon="9.9907920">
    <ele>73.6</ele>
   </trkpt>
   <trkpt lat="56.0636480" lon="9.9909090">
    <ele>73.6</ele>
   </trkpt>
   <trkpt lat="56.0636720" lon="9.9910240">
    <ele>73.6</ele>
   </trkpt>
   <trkpt lat="56.0636980" lon="9.9911380">
    <ele>73.6</ele>
   </trkpt>
   <trkpt lat="56.0637250" lon="9.9912510">
    <ele>73.6</ele>
   </trkpt>
   <trkpt lat="56.0637530" lon="9.9913620">
    <ele>73.6</ele>
   </trkpt>
   <trkpt lat="56.0637810" lon="9.9914720">
    <ele>73.8</ele>
   </trkpt>
   <trkpt lat="56.0638080" lon="9.9915800">
    <ele>73.6</ele>
   </trkpt>
   <trkpt lat="56.0638360" lon="9.9916850">
    <ele>73.8</ele>
   </trkpt>
   <trkpt lat="56.0638650" lon="9.9917910">
    <ele>73.8</ele>
   </trkpt>
   <trkpt lat="56.0638940" lon="9.9918970">
    <ele>74.0</ele>
   </trkpt>
   <trkpt lat="56.0639210" lon="9.9920030">
    <ele>74.0</ele>
   </trkpt>
   <trkpt lat="56.0639450" lon="9.9921080">
    <ele>74.2</ele>
   </trkpt>
   <trkpt lat="56.0639700" lon="9.9922170">
    <ele>74.2</ele>
   </trkpt>
   <trkpt lat="56.0639970" lon="9.9923280">
    <ele>74.4</ele>
   </trkpt>
   <trkpt lat="56.0640240" lon="9.9924390">
    <ele>74.4</ele>
   </trkpt>
   <trkpt lat="56.0640530" lon="9.9925520">
    <ele>74.4</ele>
   </trkpt>
   <trkpt lat="56.0640830" lon="9.9926640">
    <ele>74.2</ele>
   </trkpt>
   <trkpt lat="56.0641120" lon="9.9927790">
    <ele>73.8</ele>
   </trkpt>
   <trkpt lat="56.0641400" lon="9.9928980">
    <ele>73.6</ele>
   </trkpt>
   <trkpt lat="56.0641690" lon="9.9930180">
    <ele>73.4</ele>
   </trkpt>
   <trkpt lat="56.0642000" lon="9.9931370">
    <ele>73.0</ele>
   </trkpt>
   <trkpt lat="56.0642320" lon="9.9932560">
    <ele>73.0</ele>
   </trkpt>
   <trkpt lat="56.0642630" lon="9.9933770">
    <ele>72.8</ele>
   </trkpt>
   <trkpt lat="56.0642910" lon="9.9935010">
    <ele>72.6</ele>
   </trkpt>
   <trkpt lat="56.0643190" lon="9.9936250">
    <ele>72.4</ele>
   </trkpt>
   <trkpt lat="56.0643450" lon="9.9937500">
    <ele>72.2</ele>
   </trkpt>
   <trkpt lat="56.0643720" lon="9.9938740">
    <ele>72.0</ele>
   </trkpt>
   <trkpt lat="56.0643970" lon="9.9939990">
    <ele>71.8</ele>
   </trkpt>
   <trkpt lat="56.0644200" lon="9.9941270">
    <ele>71.6</ele>
   </trkpt>
   <trkpt lat="56.0644420" lon="9.9942560">
    <ele>71.6</ele>
   </trkpt>
   <trkpt lat="56.0644710" lon="9.9943800">
    <ele>71.6</ele>
   </trkpt>
   <trkpt lat="56.0645100" lon="9.9944910">
    <ele>71.4</ele>
   </trkpt>
   <trkpt lat="56.0645570" lon="9.9945930">
    <ele>71.2</ele>
   </trkpt>
   <trkpt lat="56.0646050" lon="9.9946940">
    <ele>71.0</ele>
   </trkpt>
   <trkpt lat="56.0646520" lon="9.9947940">
    <ele>70.8</ele>
   </trkpt>
   <trkpt lat="56.0646940" lon="9.9948990">
    <ele>70.6</ele>
   </trkpt>
   <trkpt lat="56.0647320" lon="9.9950070">
    <ele>70.4</ele>
   </trkpt>
   <trkpt lat="56.0647720" lon="9.9951140">
    <ele>70.2</ele>
   </trkpt>
   <trkpt lat="56.0648120" lon="9.9952220">
    <ele>70.2</ele>
   </trkpt>
   <trkpt lat="56.0648500" lon="9.9953300">
    <ele>70.0</ele>
   </trkpt>
   <trkpt lat="56.0648910" lon="9.9954350">
    <ele>69.8</ele>
   </trkpt>
   <trkpt lat="56.0649320" lon="9.9955360">
    <ele>69.8</ele>
   </trkpt>
   <trkpt lat="56.0649710" lon="9.9956280">
    <ele>69.6</ele>
   </trkpt>
   <trkpt lat="56.0650040" lon="9.9957130">
    <ele>69.6</ele>
   </trkpt>
   <trkpt lat="56.0650370" lon="9.9957820">
    <ele>69.4</ele>
   </trkpt>
   <trkpt lat="56.0650780" lon="9.9958240">
    <ele>69.4</ele>
   </trkpt>
   <trkpt lat="56.0651290" lon="9.9958250">
    <ele>69.4</ele>
   </trkpt>
   <trkpt lat="56.0651870" lon="9.9957950">
    <ele>69.4</ele>
   </trkpt>
   <trkpt lat="56.0652470" lon="9.9957500">
    <ele>69.2</ele>
   </trkpt>
   <trkpt lat="56.0653110" lon="9.9957080">
    <ele>69.2</ele>
   </trkpt>
   <trkpt lat="56.0653770" lon="9.9956740">
    <ele>69.0</ele>
   </trkpt>
   <trkpt lat="56.0654450" lon="9.9956510">
    <ele>69.0</ele>
   </trkpt>
   <trkpt lat="56.0655150" lon="9.9956440">
    <ele>69.0</ele>
   </trkpt>
   <trkpt lat="56.0655860" lon="9.9956450">
    <ele>69.0</ele>
   </trkpt>
   <trkpt lat="56.0656570" lon="9.9956480">
    <ele>69.2</ele>
   </trkpt>
   <trkpt lat="56.0657280" lon="9.9956500">
    <ele>69.2</ele>
   </trkpt>
   <trkpt lat="56.0658000" lon="9.9956550">
    <ele>69.2</ele>
   </trkpt>
   <trkpt lat="56.0658700" lon="9.9956740">
    <ele>69.2</ele>
   </trkpt>
   <trkpt lat="56.0659390" lon="9.9957100">
    <ele>69.4</ele>
   </trkpt>
   <trkpt lat="56.0660040" lon="9.9957630">
    <ele>69.4</ele>
   </trkpt>
   <trkpt lat="56.0660640" lon="9.9958290">
    <ele>69.4</ele>
   </trkpt>
   <trkpt lat="56.0661200" lon="9.9959090">
    <ele>69.6</ele>
   </trkpt>
   <trkpt lat="56.0661660" lon="9.9960030">
    <ele>69.6</ele>
   </trkpt>
   <trkpt lat="56.0662070" lon="9.9961070">
    <ele>69.6</ele>
   </trkpt>
   <trkpt lat="56.0662460" lon="9.9962140">
    <ele>69.6</ele>
   </trkpt>
   <trkpt lat="56.0662860" lon="9.9963210">
    <ele>69.6</ele>
   </trkpt>
   <trkpt lat="56.0663270" lon="9.9964290">
    <ele>69.6</ele>
   </trkpt>
   <trkpt lat="56.0663690" lon="9.9965340">
    <ele>69.8</ele>
   </trkpt>
   <trkpt lat="56.0664110" lon="9.9966400">
    <ele>69.8</ele>
   </trkpt>
   <trkpt lat="56.0664530" lon="9.9967460">
    <ele>69.6</ele>
   </trkpt>
   <trkpt lat="56.0664950" lon="9.9968550">
    <ele>69.6</ele>
   </trkpt>
   <trkpt lat="56.0665370" lon="9.9969640">
    <ele>69.6</ele>
   </trkpt>
   <trkpt lat="56.0665800" lon="9.9970730">
    <ele>69.6</ele>
   </trkpt>
   <trkpt lat="56.0666230" lon="9.9971810">
    <ele>69.6</ele>
   </trkpt>
   <trkpt lat="56.0666650" lon="9.9972870">
    <ele>69.6</ele>
   </trkpt>
   <trkpt lat="56.0667060" lon="9.9973970">
    <ele>69.4</ele>
   </trkpt>
   <trkpt lat="56.0667470" lon="9.9975080">
    <ele>69.4</ele>
   </trkpt>
   <trkpt lat="56.0667860" lon="9.9976220">
    <ele>69.4</ele>
   </trkpt>
   <trkpt lat="56.0668260" lon="9.9977360">
    <ele>69.4</ele>
   </trkpt>
   <trkpt lat="56.0668680" lon="9.9978480">
    <ele>69.4</ele>
   </trkpt>
   <trkpt lat="56.0669110" lon="9.9979580">
    <ele>69.4</ele>
   </trkpt>
   <trkpt lat="56.0669560" lon="9.9980680">
    <ele>69.2</ele>
   </trkpt>
   <trkpt lat="56.0670000" lon="9.9981770">
    <ele>69.2</ele>
   </trkpt>
   <trkpt lat="56.0670440" lon="9.9982860">
    <ele>69.2</ele>
   </trkpt>
   <trkpt lat="56.0670850" lon="9.9983970">
    <ele>69.4</ele>
   </trkpt>
   <trkpt lat="56.0671230" lon="9.9985130">
    <ele>69.4</ele>
   </trkpt>
   <trkpt lat="56.0671620" lon="9.9986260">
    <ele>69.4</ele>
   </trkpt>
   <trkpt lat="56.0672050" lon="9.9987360">
    <ele>69.4</ele>
   </trkpt>
   <trkpt lat="56.0672490" lon="9.9988450">
    <ele>69.4</ele>
   </trkpt>
   <trkpt lat="56.0672940" lon="9.9989530">
    <ele>69.4</ele>
   </trkpt>
   <trkpt lat="56.0673370" lon="9.9990640">
    <ele>69.4</ele>
   </trkpt>
   <trkpt lat="56.0673800" lon="9.9991730">
    <ele>69.4</ele>
   </trkpt>
   <trkpt lat="56.0674200" lon="9.9992850">
    <ele>69.4</ele>
   </trkpt>
   <trkpt lat="56.0674590" lon="9.9993960">
    <ele>69.4</ele>
   </trkpt>
   <trkpt lat="56.0675010" lon="9.9995070">
    <ele>69.4</ele>
   </trkpt>
   <trkpt lat="56.0675470" lon="9.9996170">
    <ele>69.4</ele>
   </trkpt>
   <trkpt lat="56.0675930" lon="9.9997270">
    <ele>69.4</ele>
   </trkpt>
   <trkpt lat="56.0676360" lon="9.9998390">
    <ele>69.4</ele>
   </trkpt>
   <trkpt lat="56.0676780" lon="9.9999510">
    <ele>69.4</ele>
   </trkpt>
   <trkpt lat="56.0677220" lon="10.0000630">
    <ele>69.4</ele>
   </trkpt>
   <trkpt lat="56.0677670" lon="10.0001750">
    <ele>69.4</ele>
   </trkpt>
   <trkpt lat="56.0678130" lon="10.0002900">
    <ele>69.2</ele>
   </trkpt>
   <trkpt lat="56.0678550" lon="10.0004060">
    <ele>69.2</ele>
   </trkpt>
   <trkpt lat="56.0678960" lon="10.0005240">
    <ele>69.2</ele>
   </trkpt>
   <trkpt lat="56.0679350" lon="10.0006440">
    <ele>69.0</ele>
   </trkpt>
   <trkpt lat="56.0679750" lon="10.0007630">
    <ele>69.0</ele>
   </trkpt>
   <trkpt lat="56.0680190" lon="10.0008800">
    <ele>69.0</ele>
   </trkpt>
   <trkpt lat="56.0680650" lon="10.0009960">
    <ele>68.8</ele>
   </trkpt>
   <trkpt lat="56.0681110" lon="10.0011110">
    <ele>68.8</ele>
   </trkpt>
   <trkpt lat="56.0681570" lon="10.0012270">
    <ele>68.6</ele>
   </trkpt>
   <trkpt lat="56.0682020" lon="10.0013420">
    <ele>68.6</ele>
   </trkpt>
   <trkpt lat="56.0682460" lon="10.0014570">
    <ele>68.6</ele>
   </trkpt>
   <trkpt lat="56.0682880" lon="10.0015660">
    <ele>68.6</ele>
   </trkpt>
   <trkpt lat="56.0683300" lon="10.0016660">
    <ele>68.6</ele>
   </trkpt>
   <trkpt lat="56.0683760" lon="10.0017430">
    <ele>68.6</ele>
   </trkpt>
   <trkpt lat="56.0684300" lon="10.0017860">
    <ele>68.6</ele>
   </trkpt>
   <trkpt lat="56.0684860" lon="10.0017910">
    <ele>68.6</ele>
   </trkpt>
   <trkpt lat="56.0685400" lon="10.0017610">
    <ele>68.6</ele>
   </trkpt>
   <trkpt lat="56.0685870" lon="10.0017110">
    <ele>68.6</ele>
   </trkpt>
   <trkpt lat="56.0686350" lon="10.0016600">
    <ele>68.6</ele>
   </trkpt>
   <trkpt lat="56.0686890" lon="10.0016240">
    <ele>68.6</ele>
   </trkpt>
   <trkpt lat="56.0687470" lon="10.0016140">
    <ele>68.6</ele>
   </trkpt>
   <trkpt lat="56.0688040" lon="10.0016320">
    <ele>68.6</ele>
   </trkpt>
   <trkpt lat="56.0688580" lon="10.0016790">
    <ele>68.6</ele>
   </trkpt>
   <trkpt lat="56.0689040" lon="10.0017500">
    <ele>68.8</ele>
   </trkpt>
   <trkpt lat="56.0689420" lon="10.0018360">
    <ele>68.8</ele>
   </trkpt>
   <trkpt lat="56.0689760" lon="10.0019290">
    <ele>68.8</ele>
   </trkpt>
   <trkpt lat="56.0690110" lon="10.0020260">
    <ele>69.0</ele>
   </trkpt>
   <trkpt lat="56.0690460" lon="10.0021240">
    <ele>69.0</ele>
   </trkpt>
   <trkpt lat="56.0690830" lon="10.0022220">
    <ele>69.0</ele>
   </trkpt>
   <trkpt lat="56.0691210" lon="10.0023220">
    <ele>68.8</ele>
   </trkpt>
   <trkpt lat="56.0691590" lon="10.0024220">
    <ele>68.8</ele>
   </trkpt>
   <trkpt lat="56.0691970" lon="10.0025230">
    <ele>68.6</ele>
   </trkpt>
   <trkpt lat="56.0692340" lon="10.0026240">
    <ele>68.4</ele>
   </trkpt>
   <trkpt lat="56.0692690" lon="10.0027260">
    <ele>68.4</ele>
   </trkpt>
   <trkpt lat="56.0693060" lon="10.0028290">
    <ele>68.2</ele>
   </trkpt>
   <trkpt lat="56.0693440" lon="10.0029310">
    <ele>68.0</ele>
   </trkpt>
   <trkpt lat="56.0693830" lon="10.0030330">
    <ele>67.8</ele>
   </trkpt>
   <trkpt lat="56.0694180" lon="10.0031340">
    <ele>67.8</ele>
   </trkpt>
   <trkpt lat="56.0694530" lon="10.0032290">
    <ele>67.6</ele>
   </trkpt>
   <trkpt lat="56.0694880" lon="10.0033110">
    <ele>67.6</ele>
   </trkpt>
   <trkpt lat="56.0695200" lon="10.0033860">
    <ele>67.6</ele>
   </trkpt>
   <trkpt lat="56.0695490" lon="10.0034590">
    <ele>67.4</ele>
   </trkpt>
   <trkpt lat="56.0695770" lon="10.0035280">
    <ele>67.4</ele>
   </trkpt>
   <trkpt lat="56.0696020" lon="10.0035890">
    <ele>67.2</ele>
   </trkpt>
   <trkpt lat="56.0696210" lon="10.0036360">
    <ele>67.2</ele>
   </trkpt>
   <trkpt lat="56.0696360" lon="10.0036740">
    <ele>67.2</ele>
   </trkpt>
   <trkpt lat="56.0696490" lon="10.0037060">
    <ele>67.2</ele>
   </trkpt>
   <trkpt lat="56.0696590" lon="10.0037340">
    <ele>67.4</ele>
   </trkpt>
   <trkpt lat="56.0696710" lon="10.0037650">
    <ele>67.4</ele>
   </trkpt>
   <trkpt lat="56.0696880" lon="10.0038060">
    <ele>67.4</ele>
   </trkpt>
   <trkpt lat="56.0697090" lon="10.0038570">
    <ele>67.4</ele>
   </trkpt>
   <trkpt lat="56.0697330" lon="10.0039180">
    <ele>67.4</ele>
   </trkpt>
   <trkpt lat="56.0697590" lon="10.0039860">
    <ele>67.2</ele>
   </trkpt>
   <trkpt lat="56.0697870" lon="10.0040610">
    <ele>67.2</ele>
   </trkpt>
   <trkpt lat="56.0698190" lon="10.0041420">
    <ele>67.0</ele>
   </trkpt>
   <trkpt lat="56.0698530" lon="10.0042250">
    <ele>66.8</ele>
   </trkpt>
   <trkpt lat="56.0698870" lon="10.0043120">
    <ele>66.6</ele>
   </trkpt>
   <trkpt lat="56.0699200" lon="10.0044030">
    <ele>66.4</ele>
   </trkpt>
   <trkpt lat="56.0699550" lon="10.0044970">
    <ele>66.2</ele>
   </trkpt>
   <trkpt lat="56.0699890" lon="10.0045930">
    <ele>66.0</ele>
   </trkpt>
   <trkpt lat="56.0700240" lon="10.0046910">
    <ele>66.0</ele>
   </trkpt>
   <trkpt lat="56.0700610" lon="10.0047890">
    <ele>66.0</ele>
   </trkpt>
   <trkpt lat="56.0700990" lon="10.0048850">
    <ele>65.8</ele>
   </trkpt>
   <trkpt lat="56.0701370" lon="10.0049790">
    <ele>65.8</ele>
   </trkpt>
   <trkpt lat="56.0701760" lon="10.0050730">
    <ele>65.8</ele>
   </trkpt>
   <trkpt lat="56.0702160" lon="10.0051620">
    <ele>65.8</ele>
   </trkpt>
   <trkpt lat="56.0702570" lon="10.0052480">
    <ele>65.8</ele>
   </trkpt>
   <trkpt lat="56.0703000" lon="10.0053320">
    <ele>65.8</ele>
   </trkpt>
   <trkpt lat="56.0703410" lon="10.0054200">
    <ele>66.0</ele>
   </trkpt>
   <trkpt lat="56.0703780" lon="10.0055110">
    <ele>66.0</ele>
   </trkpt>
   <trkpt lat="56.0704180" lon="10.0056030">
    <ele>66.2</ele>
   </trkpt>
   <trkpt lat="56.0704600" lon="10.0056920">
    <ele>66.2</ele>
   </trkpt>
   <trkpt lat="56.0705030" lon="10.0057750">
    <ele>66.2</ele>
   </trkpt>
   <trkpt lat="56.0705470" lon="10.0058580">
    <ele>66.4</ele>
   </trkpt>
   <trkpt lat="56.0705900" lon="10.0059440">
    <ele>66.4</ele>
   </trkpt>
   <trkpt lat="56.0706330" lon="10.0060300">
    <ele>66.4</ele>
   </trkpt>
   <trkpt lat="56.0706730" lon="10.0061180">
    <ele>66.4</ele>
   </trkpt>
   <trkpt lat="56.0707120" lon="10.0062080">
    <ele>66.4</ele>
   </trkpt>
   <trkpt lat="56.0707530" lon="10.0062960">
    <ele>66.4</ele>
   </trkpt>
   <trkpt lat="56.0707940" lon="10.0063830">
    <ele>66.4</ele>
   </trkpt>
   <trkpt lat="56.0708350" lon="10.0064710">
    <ele>66.6</ele>
   </trkpt>
   <trkpt lat="56.0708750" lon="10.0065580">
    <ele>66.8</ele>
   </trkpt>
   <trkpt lat="56.0709160" lon="10.0066470">
    <ele>66.8</ele>
   </trkpt>
   <trkpt lat="56.0709610" lon="10.0067350">
    <ele>67.0</ele>
   </trkpt>
   <trkpt lat="56.0710080" lon="10.0068210">
    <ele>67.0</ele>
   </trkpt>
   <trkpt lat="56.0710540" lon="10.0069070">
    <ele>67.0</ele>
   </trkpt>
   <trkpt lat="56.0710990" lon="10.0069930">
    <ele>67.0</ele>
   </trkpt>
   <trkpt lat="56.0711420" lon="10.0070810">
    <ele>67.0</ele>
   </trkpt>
   <trkpt lat="56.0711830" lon="10.0071720">
    <ele>67.0</ele>
   </trkpt>
   <trkpt lat="56.0712240" lon="10.0072640">
    <ele>67.0</ele>
   </trkpt>
   <trkpt lat="56.0712660" lon="10.0073540">
    <ele>67.0</ele>
   </trkpt>
   <trkpt lat="56.0713070" lon="10.0074440">
    <ele>67.0</ele>
   </trkpt>
   <trkpt lat="56.0713480" lon="10.0075330">
    <ele>67.2</ele>
   </trkpt>
   <trkpt lat="56.0713910" lon="10.0076190">
    <ele>67.2</ele>
   </trkpt>
   <trkpt lat="56.0714330" lon="10.0077060">
    <ele>67.2</ele>
   </trkpt>
   <trkpt lat="56.0714740" lon="10.0077940">
    <ele>67.4</ele>
   </trkpt>
   <trkpt lat="56.0715160" lon="10.0078810">
    <ele>67.4</ele>
   </trkpt>
   <trkpt lat="56.0715590" lon="10.0079680">
    <ele>67.4</ele>
   </trkpt>
   <trkpt lat="56.0716020" lon="10.0080540">
    <ele>67.4</ele>
   </trkpt>
   <trkpt lat="56.0716430" lon="10.0081400">
    <ele>67.6</ele>
   </trkpt>
   <trkpt lat="56.0716860" lon="10.0082280">
    <ele>67.6</ele>
   </trkpt>
   <trkpt lat="56.0717300" lon="10.0083160">
    <ele>67.8</ele>
   </trkpt>
   <trkpt lat="56.0717740" lon="10.0084020">
    <ele>68.0</ele>
   </trkpt>
   <trkpt lat="56.0718170" lon="10.0084890">
    <ele>68.0</ele>
   </trkpt>
   <trkpt lat="56.0718570" lon="10.0085750">
    <ele>68.0</ele>
   </trkpt>
   <trkpt lat="56.0718990" lon="10.0086610">
    <ele>68.0</ele>
   </trkpt>
   <trkpt lat="56.0719400" lon="10.0087480">
    <ele>68.0</ele>
   </trkpt>
   <trkpt lat="56.0719810" lon="10.0088350">
    <ele>68.0</ele>
   </trkpt>
   <trkpt lat="56.0720210" lon="10.0089230">
    <ele>68.0</ele>
   </trkpt>
   <trkpt lat="56.0720620" lon="10.0090110">
    <ele>68.0</ele>
   </trkpt>
   <trkpt lat="56.0721040" lon="10.0091020">
    <ele>68.2</ele>
   </trkpt>
   <trkpt lat="56.0721430" lon="10.0091930">
    <ele>68.0</ele>
   </trkpt>
   <trkpt lat="56.0721820" lon="10.0092790">
    <ele>68.0</ele>
   </trkpt>
   <trkpt lat="56.0722220" lon="10.0093620">
    <ele>68.2</ele>
   </trkpt>
   <trkpt lat="56.0722620" lon="10.0094430">
    <ele>68.2</ele>
   </trkpt>
   <trkpt lat="56.0723000" lon="10.0095280">
    <ele>68.2</ele>
   </trkpt>
   <trkpt lat="56.0723370" lon="10.0096200">
    <ele>68.4</ele>
   </trkpt>
   <trkpt lat="56.0723660" lon="10.0097200">
    <ele>68.4</ele>
   </trkpt>
   <trkpt lat="56.0723860" lon="10.0098320">
    <ele>68.2</ele>
   </trkpt>
   <trkpt lat="56.0723940" lon="10.0099510">
    <ele>68.2</ele>
   </trkpt>
   <trkpt lat="56.0723900" lon="10.0100740">
    <ele>68.0</ele>
   </trkpt>
   <trkpt lat="56.0723730" lon="10.0101930">
    <ele>68.0</ele>
   </trkpt>
   <trkpt lat="56.0723450" lon="10.0103010">
    <ele>67.8</ele>
   </trkpt>
   <trkpt lat="56.0723050" lon="10.0104010">
    <ele>67.8</ele>
   </trkpt>
   <trkpt lat="56.0722590" lon="10.0104910">
    <ele>67.6</ele>
   </trkpt>
   <trkpt lat="56.0722060" lon="10.0105710">
    <ele>67.4</ele>
   </trkpt>
   <trkpt lat="56.0721510" lon="10.0106470">
    <ele>67.4</ele>
   </trkpt>
   <trkpt lat="56.0720960" lon="10.0107260">
    <ele>67.2</ele>
   </trkpt>
   <trkpt lat="56.0720420" lon="10.0108030">
    <ele>67.2</ele>
   </trkpt>
   <trkpt lat="56.0719890" lon="10.0108830">
    <ele>67.0</ele>
   </trkpt>
   <trkpt lat="56.0719360" lon="10.0109620">
    <ele>67.0</ele>
   </trkpt>
   <trkpt lat="56.0718820" lon="10.0110380">
    <ele>66.8</ele>
   </trkpt>
   <trkpt lat="56.0718240" lon="10.0111050">
    <ele>67.0</ele>
   </trkpt>
   <trkpt lat="56.0717650" lon="10.0111380">
    <ele>67.0</ele>
   </trkpt>
   <trkpt lat="56.0716890" lon="10.0111540">
    <ele>67.0</ele>
   </trkpt>
   <trkpt lat="56.0716420" lon="10.0111690">
    <ele>66.8</ele>
   </trkpt>
   <trkpt lat="56.0715890" lon="10.0112110">
    <ele>66.8</ele>
   </trkpt>
   <trkpt lat="56.0715490" lon="10.0112880">
    <ele>66.8</ele>
   </trkpt>
   <trkpt lat="56.0715300" lon="10.0113870">
    <ele>66.8</ele>
   </trkpt>
   <trkpt lat="56.0715350" lon="10.0114920">
    <ele>66.8</ele>
   </trkpt>
   <trkpt lat="56.0715690" lon="10.0115990">
    <ele>67.0</ele>
   </trkpt>
   <trkpt lat="56.0716080" lon="10.0116550">
    <ele>67.2</ele>
   </trkpt>
   <trkpt lat="56.0716760" lon="10.0117250">
    <ele>67.2</ele>
   </trkpt>
   <trkpt lat="56.0717370" lon="10.0117860">
    <ele>67.0</ele>
   </trkpt>
   <trkpt lat="56.0717810" lon="10.0118470">
    <ele>67.0</ele>
   </trkpt>
   <trkpt lat="56.0718290" lon="10.0119360">
    <ele>67.0</ele>
   </trkpt>
   <trkpt lat="56.0718820" lon="10.0120580">
    <ele>66.8</ele>
   </trkpt>
   <trkpt lat="56.0719170" lon="10.0121410">
    <ele>66.8</ele>
   </trkpt>
   <trkpt lat="56.0719730" lon="10.0122630">
    <ele>66.6</ele>
   </trkpt>
   <trkpt lat="56.0720140" lon="10.0123420">
    <ele>66.6</ele>
   </trkpt>
   <trkpt lat="56.0720700" lon="10.0124340">
    <ele>66.4</ele>
   </trkpt>
   <trkpt lat="56.0721290" lon="10.0125210">
    <ele>66.4</ele>
   </trkpt>
   <trkpt lat="56.0721970" lon="10.0126340">
    <ele>66.4</ele>
   </trkpt>
   <trkpt lat="56.0722390" lon="10.0127190">
    <ele>66.4</ele>
   </trkpt>
   <trkpt lat="56.0722990" lon="10.0128460">
    <ele>66.4</ele>
   </trkpt>
   <trkpt lat="56.0723390" lon="10.0129280">
    <ele>66.2</ele>
   </trkpt>
   <trkpt lat="56.0723890" lon="10.0130310">
    <ele>66.2</ele>
   </trkpt>
   <trkpt lat="56.0724500" lon="10.0131540">
    <ele>66.0</ele>
   </trkpt>
   <trkpt lat="56.0725020" lon="10.0132610">
    <ele>65.8</ele>
   </trkpt>
   <trkpt lat="56.0725440" lon="10.0133450">
    <ele>65.8</ele>
   </trkpt>
   <trkpt lat="56.0726070" lon="10.0134730">
    <ele>65.6</ele>
   </trkpt>
   <trkpt lat="56.0726610" lon="10.0135820">
    <ele>65.4</ele>
   </trkpt>
   <trkpt lat="56.0727040" lon="10.0136710">
    <ele>65.2</ele>
   </trkpt>
   <trkpt lat="56.0727700" lon="10.0138020">
    <ele>65.0</ele>
   </trkpt>
   <trkpt lat="56.0728270" lon="10.0139130">
    <ele>65.0</ele>
   </trkpt>
   <trkpt lat="56.0728730" lon="10.0140050">
    <ele>64.8</ele>
   </trkpt>
   <trkpt lat="56.0729400" lon="10.0141410">
    <ele>64.8</ele>
   </trkpt>
   <trkpt lat="56.0729950" lon="10.0142560">
    <ele>64.8</ele>
   </trkpt>
   <trkpt lat="56.0730400" lon="10.0143490">
    <ele>64.8</ele>
   </trkpt>
   <trkpt lat="56.0731090" lon="10.0144880">
    <ele>64.8</ele>
   </trkpt>
   <trkpt lat="56.0731570" lon="10.0145800">
    <ele>64.8</ele>
   </trkpt>
   <trkpt lat="56.0732140" lon="10.0146960">
    <ele>64.8</ele>
   </trkpt>
   <trkpt lat="56.0732730" lon="10.0148130">
    <ele>64.6</ele>
   </trkpt>
   <trkpt lat="56.0733290" lon="10.0149310">
    <ele>64.6</ele>
   </trkpt>
   <trkpt lat="56.0733890" lon="10.0150530">
    <ele>64.6</ele>
   </trkpt>
   <trkpt lat="56.0734600" lon="10.0151990">
    <ele>64.4</ele>
   </trkpt>
   <trkpt lat="56.0735100" lon="10.0152980">
    <ele>64.4</ele>
   </trkpt>
   <trkpt lat="56.0735740" lon="10.0154240">
    <ele>64.4</ele>
   </trkpt>
   <trkpt lat="56.0736380" lon="10.0155510">
    <ele>64.4</ele>
   </trkpt>
   <trkpt lat="56.0737030" lon="10.0156750">
    <ele>64.4</ele>
   </trkpt>
   <trkpt lat="56.0737700" lon="10.0157970">
    <ele>64.4</ele>
   </trkpt>
   <trkpt lat="56.0738540" lon="10.0159410">
    <ele>64.2</ele>
   </trkpt>
   <trkpt lat="56.0739270" lon="10.0160590">
    <ele>64.2</ele>
   </trkpt>
   <trkpt lat="56.0739870" lon="10.0161530">
    <ele>64.0</ele>
   </trkpt>
   <trkpt lat="56.0740770" lon="10.0162890">
    <ele>63.8</ele>
   </trkpt>
   <trkpt lat="56.0741370" lon="10.0163760">
    <ele>63.8</ele>
   </trkpt>
   <trkpt lat="56.0742120" lon="10.0164840">
    <ele>63.6</ele>
   </trkpt>
   <trkpt lat="56.0743020" lon="10.0166120">
    <ele>63.6</ele>
   </trkpt>
   <trkpt lat="56.0743620" lon="10.0166940">
    <ele>63.4</ele>
   </trkpt>
   <trkpt lat="56.0744380" lon="10.0167930">
    <ele>63.4</ele>
   </trkpt>
   <trkpt lat="56.0745300" lon="10.0169060">
    <ele>63.4</ele>
   </trkpt>
   <trkpt lat="56.0746060" lon="10.0169940">
    <ele>63.4</ele>
   </trkpt>
   <trkpt lat="56.0746820" lon="10.0170830">
    <ele>63.4</ele>
   </trkpt>
   <trkpt lat="56.0747440" lon="10.0171520">
    <ele>63.6</ele>
   </trkpt>
   <trkpt lat="56.0748230" lon="10.0172390">
    <ele>64.0</ele>
   </trkpt>
   <trkpt lat="56.0749030" lon="10.0173240">
    <ele>64.2</ele>
   </trkpt>
   <trkpt lat="56.0749990" lon="10.0174220">
    <ele>64.6</ele>
   </trkpt>
   <trkpt lat="56.0750790" lon="10.0175030">
    <ele>64.8</ele>
   </trkpt>
   <trkpt lat="56.0751440" lon="10.0175680">
    <ele>64.8</ele>
   </trkpt>
   <trkpt lat="56.0752260" lon="10.0176500">
    <ele>64.8</ele>
   </trkpt>
   <trkpt lat="56.0753240" lon="10.0177490">
    <ele>64.8</ele>
   </trkpt>
   <trkpt lat="56.0753880" lon="10.0178180">
    <ele>64.8</ele>
   </trkpt>
   <trkpt lat="56.0754680" lon="10.0179090">
    <ele>65.0</ele>
   </trkpt>
   <trkpt lat="56.0755650" lon="10.0180240">
    <ele>65.0</ele>
   </trkpt>
   <trkpt lat="56.0756290" lon="10.0181030">
    <ele>65.0</ele>
   </trkpt>
   <trkpt lat="56.0757110" lon="10.0182110">
    <ele>65.2</ele>
   </trkpt>
   <trkpt lat="56.0758030" lon="10.0183500">
    <ele>65.0</ele>
   </trkpt>
   <trkpt lat="56.0758620" lon="10.0184450">
    <ele>64.8</ele>
   </trkpt>
   <trkpt lat="56.0759330" lon="10.0185620">
    <ele>64.6</ele>
   </trkpt>
   <trkpt lat="56.0760130" lon="10.0187070">
    <ele>64.4</ele>
   </trkpt>
   <trkpt lat="56.0760590" lon="10.0188140">
    <ele>64.2</ele>
   </trkpt>
   <trkpt lat="56.0761160" lon="10.0189560">
    <ele>64.0</ele>
   </trkpt>
   <trkpt lat="56.0761890" lon="10.0191190">
    <ele>63.8</ele>
   </trkpt>
   <trkpt lat="56.0762570" lon="10.0192440">
    <ele>63.8</ele>
   </trkpt>
   <trkpt lat="56.0763150" lon="10.0193360">
    <ele>63.8</ele>
   </trkpt>
   <trkpt lat="56.0763840" lon="10.0194550">
    <ele>63.6</ele>
   </trkpt>
   <trkpt lat="56.0764430" lon="10.0195910">
    <ele>63.6</ele>
   </trkpt>
   <trkpt lat="56.0765120" lon="10.0197650">
    <ele>63.4</ele>
   </trkpt>
   <trkpt lat="56.0765570" lon="10.0198840">
    <ele>63.4</ele>
   </trkpt>
   <trkpt lat="56.0766220" lon="10.0200650">
    <ele>63.4</ele>
   </trkpt>
   <trkpt lat="56.0766750" lon="10.0202190">
    <ele>63.2</ele>
   </trkpt>
   <trkpt lat="56.0767150" lon="10.0203420">
    <ele>63.2</ele>
   </trkpt>
   <trkpt lat="56.0767660" lon="10.0204960">
    <ele>63.2</ele>
   </trkpt>
   <trkpt lat="56.0768270" lon="10.0206850">
    <ele>63.2</ele>
   </trkpt>
   <trkpt lat="56.0768640" lon="10.0208170">
    <ele>63.4</ele>
   </trkpt>
   <trkpt lat="56.0769190" lon="10.0210190">
    <ele>63.4</ele>
   </trkpt>
   <trkpt lat="56.0769540" lon="10.0211550">
    <ele>63.4</ele>
   </trkpt>
   <trkpt lat="56.0769970" lon="10.0213230">
    <ele>63.6</ele>
   </trkpt>
   <trkpt lat="56.0770490" lon="10.0215240">
    <ele>63.6</ele>
   </trkpt>
   <trkpt lat="56.0770920" lon="10.0216910">
    <ele>64.0</ele>
   </trkpt>
   <trkpt lat="56.0771290" lon="10.0218240">
    <ele>64.2</ele>
   </trkpt>
   <trkpt lat="56.0771820" lon="10.0220190">
    <ele>64.2</ele>
   </trkpt>
   <trkpt lat="56.0772190" lon="10.0221500">
    <ele>64.2</ele>
   </trkpt>
   <trkpt lat="56.0772650" lon="10.0223130">
    <ele>64.0</ele>
   </trkpt>
   <trkpt lat="56.0773220" lon="10.0225050">
    <ele>63.6</ele>
   </trkpt>
   <trkpt lat="56.0773700" lon="10.0226620">
    <ele>63.4</ele>
   </trkpt>
   <trkpt lat="56.0774090" lon="10.0227840">
    <ele>63.0</ele>
   </trkpt>
   <trkpt lat="56.0774580" lon="10.0229350">
    <ele>63.0</ele>
   </trkpt>
   <trkpt lat="56.0775150" lon="10.0231150">
    <ele>62.6</ele>
   </trkpt>
   <trkpt lat="56.0775550" lon="10.0232330">
    <ele>62.6</ele>
   </trkpt>
   <trkpt lat="56.0776140" lon="10.0234080">
    <ele>62.6</ele>
   </trkpt>
   <trkpt lat="56.0776550" lon="10.0235240">
    <ele>62.8</ele>
   </trkpt>
   <trkpt lat="56.0777050" lon="10.0236650">
    <ele>63.0</ele>
   </trkpt>
   <trkpt lat="56.0777650" lon="10.0238350">
    <ele>63.2</ele>
   </trkpt>
   <trkpt lat="56.0778070" lon="10.0239470">
    <ele>63.4</ele>
   </trkpt>
   <trkpt lat="56.0778600" lon="10.0240840">
    <ele>63.4</ele>
   </trkpt>
   <trkpt lat="56.0779230" lon="10.0242490">
    <ele>63.4</ele>
   </trkpt>
   <trkpt lat="56.0779760" lon="10.0243860">
    <ele>63.2</ele>
   </trkpt>
   <trkpt lat="56.0780200" lon="10.0244930">
    <ele>63.2</ele>
   </trkpt>
   <trkpt lat="56.0780860" lon="10.0246510">
    <ele>63.2</ele>
   </trkpt>
   <trkpt lat="56.0781420" lon="10.0247830">
    <ele>63.0</ele>
   </trkpt>
   <trkpt lat="56.0781850" lon="10.0248880">
    <ele>63.0</ele>
   </trkpt>
   <trkpt lat="56.0782550" lon="10.0250420">
    <ele>63.0</ele>
   </trkpt>
   <trkpt lat="56.0783160" lon="10.0251680">
    <ele>62.8</ele>
   </trkpt>
   <trkpt lat="56.0783600" lon="10.0252670">
    <ele>62.6</ele>
   </trkpt>
   <trkpt lat="56.0784310" lon="10.0254180">
    <ele>62.4</ele>
   </trkpt>
   <trkpt lat="56.0784950" lon="10.0255420">
    <ele>62.2</ele>
   </trkpt>
   <trkpt lat="56.0785440" lon="10.0256430">
    <ele>62.0</ele>
   </trkpt>
   <trkpt lat="56.0786030" lon="10.0257680">
    <ele>61.8</ele>
   </trkpt>
   <trkpt lat="56.0786640" lon="10.0258940">
    <ele>61.6</ele>
   </trkpt>
   <trkpt lat="56.0787220" lon="10.0260190">
    <ele>61.4</ele>
   </trkpt>
   <trkpt lat="56.0787870" lon="10.0261710">
    <ele>61.2</ele>
   </trkpt>
   <trkpt lat="56.0788280" lon="10.0262750">
    <ele>61.0</ele>
   </trkpt>
   <trkpt lat="56.0788780" lon="10.0264030">
    <ele>60.8</ele>
   </trkpt>
   <trkpt lat="56.0789420" lon="10.0265540">
    <ele>60.6</ele>
   </trkpt>
   <trkpt lat="56.0789920" lon="10.0266490">
    <ele>60.4</ele>
   </trkpt>
   <trkpt lat="56.0790600" lon="10.0267610">
    <ele>60.2</ele>
   </trkpt>
   <trkpt lat="56.0791440" lon="10.0268950">
    <ele>59.8</ele>
   </trkpt>
   <trkpt lat="56.0791970" lon="10.0269950">
    <ele>59.8</ele>
   </trkpt>
   <trkpt lat="56.0792580" lon="10.0271210">
    <ele>59.6</ele>
   </trkpt>
   <trkpt lat="56.0793340" lon="10.0272750">
    <ele>59.4</ele>
   </trkpt>
   <trkpt lat="56.0793840" lon="10.0273790">
    <ele>59.4</ele>
   </trkpt>
   <trkpt lat="56.0794450" lon="10.0275060">
    <ele>59.4</ele>
   </trkpt>
   <trkpt lat="56.0795190" lon="10.0276560">
    <ele>59.4</ele>
   </trkpt>
   <trkpt lat="56.0795820" lon="10.0277810">
    <ele>59.2</ele>
   </trkpt>
   <trkpt lat="56.0796440" lon="10.0279050">
    <ele>59.2</ele>
   </trkpt>
   <trkpt lat="56.0797060" lon="10.0280280">
    <ele>59.0</ele>
   </trkpt>
   <trkpt lat="56.0797530" lon="10.0281270">
    <ele>59.2</ele>
   </trkpt>
   <trkpt lat="56.0798240" lon="10.0282740">
    <ele>59.2</ele>
   </trkpt>
   <trkpt lat="56.0798710" lon="10.0283720">
    <ele>59.4</ele>
   </trkpt>
   <trkpt lat="56.0799310" lon="10.0284940">
    <ele>59.6</ele>
   </trkpt>
   <trkpt lat="56.0800020" lon="10.0286380">
    <ele>60.0</ele>
   </trkpt>
   <trkpt lat="56.0800480" lon="10.0287330">
    <ele>60.2</ele>
   </trkpt>
   <trkpt lat="56.0801170" lon="10.0288760">
    <ele>60.4</ele>
   </trkpt>
   <trkpt lat="56.0801630" lon="10.0289730">
    <ele>60.6</ele>
   </trkpt>
   <trkpt lat="56.0802190" lon="10.0290930">
    <ele>60.8</ele>
   </trkpt>
   <trkpt lat="56.0802870" lon="10.0292340">
    <ele>61.0</ele>
   </trkpt>
   <trkpt lat="56.0803430" lon="10.0293500">
    <ele>61.2</ele>
   </trkpt>
   <trkpt lat="56.0803890" lon="10.0294440">
    <ele>61.2</ele>
   </trkpt>
   <trkpt lat="56.0804590" lon="10.0295860">
    <ele>61.4</ele>
   </trkpt>
   <trkpt lat="56.0805150" lon="10.0297030">
    <ele>61.4</ele>
   </trkpt>
   <trkpt lat="56.0805600" lon="10.0297960">
    <ele>61.6</ele>
   </trkpt>
   <trkpt lat="56.0806190" lon="10.0299120">
    <ele>61.8</ele>
   </trkpt>
   <trkpt lat="56.0806880" lon="10.0300520">
    <ele>61.8</ele>
   </trkpt>
   <trkpt lat="56.0807350" lon="10.0301460">
    <ele>62.0</ele>
   </trkpt>
   <trkpt lat="56.0808040" lon="10.0302870">
    <ele>62.0</ele>
   </trkpt>
   <trkpt lat="56.0808620" lon="10.0304070">
    <ele>62.2</ele>
   </trkpt>
   <trkpt lat="56.0809090" lon="10.0305010">
    <ele>62.2</ele>
   </trkpt>
   <trkpt lat="56.0809800" lon="10.0306430">
    <ele>62.2</ele>
   </trkpt>
   <trkpt lat="56.0810270" lon="10.0307390">
    <ele>62.2</ele>
   </trkpt>
   <trkpt lat="56.0810840" lon="10.0308580">
    <ele>62.4</ele>
   </trkpt>
   <trkpt lat="56.0811410" lon="10.0309760">
    <ele>62.4</ele>
   </trkpt>
   <trkpt lat="56.0812000" lon="10.0310920">
    <ele>62.4</ele>
   </trkpt>
   <trkpt lat="56.0812570" lon="10.0312050">
    <ele>62.4</ele>
   </trkpt>
   <trkpt lat="56.0813240" lon="10.0313420">
    <ele>62.6</ele>
   </trkpt>
   <trkpt lat="56.0813810" lon="10.0314570">
    <ele>62.6</ele>
   </trkpt>
   <trkpt lat="56.0814260" lon="10.0315480">
    <ele>62.8</ele>
   </trkpt>
   <trkpt lat="56.0814930" lon="10.0316860">
    <ele>62.8</ele>
   </trkpt>
   <trkpt lat="56.0815360" lon="10.0317790">
    <ele>63.0</ele>
   </trkpt>
   <trkpt lat="56.0815910" lon="10.0318920">
    <ele>62.8</ele>
   </trkpt>
   <trkpt lat="56.0816460" lon="10.0320040">
    <ele>62.8</ele>
   </trkpt>
   <trkpt lat="56.0817000" lon="10.0321150">
    <ele>63.0</ele>
   </trkpt>
   <trkpt lat="56.0817550" lon="10.0322240">
    <ele>63.0</ele>
   </trkpt>
   <trkpt lat="56.0818210" lon="10.0323520">
    <ele>63.2</ele>
   </trkpt>
   <trkpt lat="56.0818690" lon="10.0324310">
    <ele>63.4</ele>
   </trkpt>
   <trkpt lat="56.0819220" lon="10.0325340">
    <ele>63.6</ele>
   </trkpt>
   <trkpt lat="56.0819720" lon="10.0326430">
    <ele>63.8</ele>
   </trkpt>
   <trkpt lat="56.0820180" lon="10.0327580">
    <ele>64.0</ele>
   </trkpt>
   <trkpt lat="56.0820630" lon="10.0328730">
    <ele>64.0</ele>
   </trkpt>
   <trkpt lat="56.0821110" lon="10.0329850">
    <ele>64.0</ele>
   </trkpt>
   <trkpt lat="56.0821630" lon="10.0330890">
    <ele>64.2</ele>
   </trkpt>
   <trkpt lat="56.0822180" lon="10.0331880">
    <ele>64.2</ele>
   </trkpt>
   <trkpt lat="56.0822710" lon="10.0332890">
    <ele>64.4</ele>
   </trkpt>
   <trkpt lat="56.0823230" lon="10.0333940">
    <ele>64.6</ele>
   </trkpt>
   <trkpt lat="56.0823730" lon="10.0335000">
    <ele>64.6</ele>
   </trkpt>
   <trkpt lat="56.0824240" lon="10.0336050">
    <ele>64.8</ele>
   </trkpt>
   <trkpt lat="56.0824840" lon="10.0337320">
    <ele>65.0</ele>
   </trkpt>
   <trkpt lat="56.0825260" lon="10.0338170">
    <ele>65.0</ele>
   </trkpt>
   <trkpt lat="56.0825770" lon="10.0339210">
    <ele>65.2</ele>
   </trkpt>
   <trkpt lat="56.0826390" lon="10.0340470">
    <ele>65.2</ele>
   </trkpt>
   <trkpt lat="56.0826800" lon="10.0341330">
    <ele>65.2</ele>
   </trkpt>
   <trkpt lat="56.0827300" lon="10.0342380">
    <ele>65.4</ele>
   </trkpt>
   <trkpt lat="56.0827920" lon="10.0343650">
    <ele>65.4</ele>
   </trkpt>
   <trkpt lat="56.0828350" lon="10.0344490">
    <ele>65.4</ele>
   </trkpt>
   <trkpt lat="56.0828860" lon="10.0345560">
    <ele>65.6</ele>
   </trkpt>
   <trkpt lat="56.0829340" lon="10.0346640">
    <ele>65.6</ele>
   </trkpt>
   <trkpt lat="56.0829830" lon="10.0347710">
    <ele>65.6</ele>
   </trkpt>
   <trkpt lat="56.0830340" lon="10.0348780">
    <ele>65.6</ele>
   </trkpt>
   <trkpt lat="56.0830960" lon="10.0350070">
    <ele>65.6</ele>
   </trkpt>
   <trkpt lat="56.0831380" lon="10.0350950">
    <ele>65.6</ele>
   </trkpt>
   <trkpt lat="56.0831990" lon="10.0352250">
    <ele>65.6</ele>
   </trkpt>
   <trkpt lat="56.0832390" lon="10.0353080">
    <ele>65.8</ele>
   </trkpt>
   <trkpt lat="56.0832910" lon="10.0354100">
    <ele>66.0</ele>
   </trkpt>
   <trkpt lat="56.0833450" lon="10.0355100">
    <ele>66.0</ele>
   </trkpt>
   <trkpt lat="56.0834000" lon="10.0356100">
    <ele>66.0</ele>
   </trkpt>
   <trkpt lat="56.0834550" lon="10.0357130">
    <ele>66.0</ele>
   </trkpt>
   <trkpt lat="56.0835180" lon="10.0358390">
    <ele>65.8</ele>
   </trkpt>
   <trkpt lat="56.0835580" lon="10.0359250">
    <ele>65.8</ele>
   </trkpt>
   <trkpt lat="56.0836090" lon="10.0360320">
    <ele>65.8</ele>
   </trkpt>
   <trkpt lat="56.0836600" lon="10.0361400">
    <ele>65.6</ele>
   </trkpt>
   <trkpt lat="56.0837210" lon="10.0362760">
    <ele>65.6</ele>
   </trkpt>
   <trkpt lat="56.0837610" lon="10.0363700">
    <ele>65.6</ele>
   </trkpt>
   <trkpt lat="56.0838220" lon="10.0365090">
    <ele>65.8</ele>
   </trkpt>
   <trkpt lat="56.0838660" lon="10.0365980">
    <ele>65.8</ele>
   </trkpt>
   <trkpt lat="56.0839220" lon="10.0367060">
    <ele>65.6</ele>
   </trkpt>
   <trkpt lat="56.0839760" lon="10.0368160">
    <ele>65.6</ele>
   </trkpt>
   <trkpt lat="56.0840420" lon="10.0369500">
    <ele>65.6</ele>
   </trkpt>
   <trkpt lat="56.0840830" lon="10.0370350">
    <ele>65.4</ele>
   </trkpt>
   <trkpt lat="56.0841300" lon="10.0371310">
    <ele>65.2</ele>
   </trkpt>
   <trkpt lat="56.0841740" lon="10.0372270">
    <ele>65.2</ele>
   </trkpt>
   <trkpt lat="56.0842180" lon="10.0373280">
    <ele>65.2</ele>
   </trkpt>
   <trkpt lat="56.0842660" lon="10.0374300">
    <ele>64.8</ele>
   </trkpt>
   <trkpt lat="56.0843150" lon="10.0375320">
    <ele>64.6</ele>
   </trkpt>
   <trkpt lat="56.0843660" lon="10.0376400">
    <ele>64.6</ele>
   </trkpt>
   <trkpt lat="56.0844130" lon="10.0377550">
    <ele>64.4</ele>
   </trkpt>
   <trkpt lat="56.0844610" lon="10.0378750">
    <ele>64.2</ele>
   </trkpt>
   <trkpt lat="56.0845100" lon="10.0379970">
    <ele>64.0</ele>
   </trkpt>
   <trkpt lat="56.0845620" lon="10.0381180">
    <ele>63.8</ele>
   </trkpt>
   <trkpt lat="56.0846270" lon="10.0382630">
    <ele>63.6</ele>
   </trkpt>
   <trkpt lat="56.0846700" lon="10.0383590">
    <ele>63.4</ele>
   </trkpt>
   <trkpt lat="56.0847360" lon="10.0385050">
    <ele>63.2</ele>
   </trkpt>
   <trkpt lat="56.0847910" lon="10.0386270">
    <ele>63.2</ele>
   </trkpt>
   <trkpt lat="56.0848350" lon="10.0387240">
    <ele>63.0</ele>
   </trkpt>
   <trkpt lat="56.0849020" lon="10.0388710">
    <ele>62.8</ele>
   </trkpt>
   <trkpt lat="56.0849460" lon="10.0389700">
    <ele>62.6</ele>
   </trkpt>
   <trkpt lat="56.0850020" lon="10.0390900">
    <ele>62.6</ele>
   </trkpt>
   <trkpt lat="56.0850700" lon="10.0392290">
    <ele>62.4</ele>
   </trkpt>
   <trkpt lat="56.0851140" lon="10.0393200">
    <ele>62.4</ele>
   </trkpt>
   <trkpt lat="56.0851710" lon="10.0394290">
    <ele>62.4</ele>
   </trkpt>
   <trkpt lat="56.0852440" lon="10.0395540">
    <ele>62.4</ele>
   </trkpt>
   <trkpt lat="56.0852970" lon="10.0396350">
    <ele>62.2</ele>
   </trkpt>
   <trkpt lat="56.0853660" lon="10.0397320">
    <ele>62.0</ele>
   </trkpt>
   <trkpt lat="56.0854510" lon="10.0398440">
    <ele>62.0</ele>
   </trkpt>
   <trkpt lat="56.0855100" lon="10.0399130">
    <ele>61.8</ele>
   </trkpt>
   <trkpt lat="56.0855860" lon="10.0399980">
    <ele>61.8</ele>
   </trkpt>
   <trkpt lat="56.0856770" lon="10.0400960">
    <ele>61.8</ele>
   </trkpt>
   <trkpt lat="56.0857390" lon="10.0401590">
    <ele>61.8</ele>
   </trkpt>
   <trkpt lat="56.0858180" lon="10.0402400">
    <ele>61.6</ele>
   </trkpt>
   <trkpt lat="56.0858950" lon="10.0403210">
    <ele>61.6</ele>
   </trkpt>
   <trkpt lat="56.0859710" lon="10.0404040">
    <ele>61.4</ele>
   </trkpt>
   <trkpt lat="56.0860430" lon="10.0404840">
    <ele>61.4</ele>
   </trkpt>
   <trkpt lat="56.0861270" lon="10.0405780">
    <ele>61.2</ele>
   </trkpt>
   <trkpt lat="56.0861800" lon="10.0406360">
    <ele>61.2</ele>
   </trkpt>
   <trkpt lat="56.0862410" lon="10.0407100">
    <ele>61.2</ele>
   </trkpt>
   <trkpt lat="56.0863010" lon="10.0408090">
    <ele>61.2</ele>
   </trkpt>
   <trkpt lat="56.0863290" lon="10.0408830">
    <ele>61.0</ele>
   </trkpt>
   <trkpt lat="56.0863650" lon="10.0409760">
    <ele>61.2</ele>
   </trkpt>
   <trkpt lat="56.0864260" lon="10.0410630">
    <ele>61.2</ele>
   </trkpt>
   <trkpt lat="56.0864790" lon="10.0410860">
    <ele>61.0</ele>
   </trkpt>
   <trkpt lat="56.0865450" lon="10.0410920">
    <ele>61.0</ele>
   </trkpt>
   <trkpt lat="56.0866220" lon="10.0411060">
    <ele>61.0</ele>
   </trkpt>
   <trkpt lat="56.0866690" lon="10.0411460">
    <ele>61.0</ele>
   </trkpt>
   <trkpt lat="56.0867230" lon="10.0412140">
    <ele>60.8</ele>
   </trkpt>
   <trkpt lat="56.0867890" lon="10.0413030">
    <ele>60.8</ele>
   </trkpt>
   <trkpt lat="56.0868370" lon="10.0413600">
    <ele>60.8</ele>
   </trkpt>
   <trkpt lat="56.0869000" lon="10.0414290">
    <ele>60.6</ele>
   </trkpt>
   <trkpt lat="56.0869800" lon="10.0415080">
    <ele>60.4</ele>
   </trkpt>
   <trkpt lat="56.0870350" lon="10.0415530">
    <ele>60.4</ele>
   </trkpt>
   <trkpt lat="56.0871040" lon="10.0416100">
    <ele>60.4</ele>
   </trkpt>
   <trkpt lat="56.0871710" lon="10.0416760">
    <ele>60.4</ele>
   </trkpt>
   <trkpt lat="56.0872400" lon="10.0417550">
    <ele>60.2</ele>
   </trkpt>
   <trkpt lat="56.0873100" lon="10.0418380">
    <ele>60.0</ele>
   </trkpt>
   <trkpt lat="56.0873940" lon="10.0419360">
    <ele>59.8</ele>
   </trkpt>
   <trkpt lat="56.0874490" lon="10.0420040">
    <ele>59.6</ele>
   </trkpt>
   <trkpt lat="56.0875180" lon="10.0420870">
    <ele>59.4</ele>
   </trkpt>
   <trkpt lat="56.0876020" lon="10.0421850">
    <ele>59.2</ele>
   </trkpt>
   <trkpt lat="56.0876590" lon="10.0422540">
    <ele>59.2</ele>
   </trkpt>
   <trkpt lat="56.0877280" lon="10.0423380">
    <ele>59.0</ele>
   </trkpt>
   <trkpt lat="56.0878130" lon="10.0424390">
    <ele>59.0</ele>
   </trkpt>
   <trkpt lat="56.0878670" lon="10.0425070">
    <ele>59.0</ele>
   </trkpt>
   <trkpt lat="56.0879380" lon="10.0425910">
    <ele>59.0</ele>
   </trkpt>
   <trkpt lat="56.0880250" lon="10.0426940">
    <ele>59.0</ele>
   </trkpt>
   <trkpt lat="56.0880860" lon="10.0427660">
    <ele>59.0</ele>
   </trkpt>
   <trkpt lat="56.0881620" lon="10.0428580">
    <ele>59.0</ele>
   </trkpt>
   <trkpt lat="56.0882520" lon="10.0429700">
    <ele>59.0</ele>
   </trkpt>
   <trkpt lat="56.0883130" lon="10.0430440">
    <ele>59.0</ele>
   </trkpt>
   <trkpt lat="56.0883890" lon="10.0431360">
    <ele>59.0</ele>
   </trkpt>
   <trkpt lat="56.0884800" lon="10.0432480">
    <ele>59.0</ele>
   </trkpt>
   <trkpt lat="56.0885400" lon="10.0433230">
    <ele>59.0</ele>
   </trkpt>
   <trkpt lat="56.0886160" lon="10.0434190">
    <ele>59.0</ele>
   </trkpt>
   <trkpt lat="56.0886910" lon="10.0435200">
    <ele>58.8</ele>
   </trkpt>
   <trkpt lat="56.0887660" lon="10.0436230">
    <ele>58.8</ele>
   </trkpt>
   <trkpt lat="56.0888450" lon="10.0437270">
    <ele>58.8</ele>
   </trkpt>
   <trkpt lat="56.0889400" lon="10.0438450">
    <ele>58.6</ele>
   </trkpt>
   <trkpt lat="56.0890040" lon="10.0439220">
    <ele>58.6</ele>
   </trkpt>
   <trkpt lat="56.0890830" lon="10.0440170">
    <ele>58.6</ele>
   </trkpt>
   <trkpt lat="56.0891800" lon="10.0441300">
    <ele>58.4</ele>
   </trkpt>
   <trkpt lat="56.0892450" lon="10.0442040">
    <ele>58.4</ele>
   </trkpt>
   <trkpt lat="56.0893260" lon="10.0442950">
    <ele>58.4</ele>
   </trkpt>
   <trkpt lat="56.0894060" lon="10.0443860">
    <ele>58.6</ele>
   </trkpt>
   <trkpt lat="56.0894970" lon="10.0444950">
    <ele>58.8</ele>
   </trkpt>
   <trkpt lat="56.0895570" lon="10.0445670">
    <ele>59.0</ele>
   </trkpt>
   <trkpt lat="56.0896270" lon="10.0446570">
    <ele>59.0</ele>
   </trkpt>
   <trkpt lat="56.0897100" lon="10.0447740">
    <ele>59.2</ele>
   </trkpt>
   <trkpt lat="56.0897650" lon="10.0448560">
    <ele>59.2</ele>
   </trkpt>
   <trkpt lat="56.0898360" lon="10.0449520">
    <ele>59.4</ele>
   </trkpt>
   <trkpt lat="56.0899240" lon="10.0450570">
    <ele>59.4</ele>
   </trkpt>
   <trkpt lat="56.0899850" lon="10.0451220">
    <ele>59.4</ele>
   </trkpt>
   <trkpt lat="56.0900650" lon="10.0451970">
    <ele>59.6</ele>
   </trkpt>
   <trkpt lat="56.0901590" lon="10.0452900">
    <ele>59.6</ele>
   </trkpt>
   <trkpt lat="56.0902190" lon="10.0453570">
    <ele>59.6</ele>
   </trkpt>
   <trkpt lat="56.0902950" lon="10.0454440">
    <ele>59.8</ele>
   </trkpt>
   <trkpt lat="56.0903680" lon="10.0455330">
    <ele>59.8</ele>
   </trkpt>
   <trkpt lat="56.0904400" lon="10.0456240">
    <ele>60.0</ele>
   </trkpt>
   <trkpt lat="56.0905160" lon="10.0457130">
    <ele>60.0</ele>
   </trkpt>
   <trkpt lat="56.0906080" lon="10.0458180">
    <ele>59.8</ele>
   </trkpt>
   <trkpt lat="56.0906720" lon="10.0458870">
    <ele>59.6</ele>
   </trkpt>
   <trkpt lat="56.0907510" lon="10.0459720">
    <ele>59.6</ele>
   </trkpt>
   <trkpt lat="56.0908460" lon="10.0460720">
    <ele>59.4</ele>
   </trkpt>
   <trkpt lat="56.0909110" lon="10.0461390">
    <ele>59.2</ele>
   </trkpt>
   <trkpt lat="56.0909860" lon="10.0462300">
    <ele>59.2</ele>
   </trkpt>
   <trkpt lat="56.0910730" lon="10.0463530">
    <ele>59.2</ele>
   </trkpt>
   <trkpt lat="56.0911330" lon="10.0464370">
    <ele>59.2</ele>
   </trkpt>
   <trkpt lat="56.0912090" lon="10.0465370">
    <ele>59.2</ele>
   </trkpt>
   <trkpt lat="56.0913040" lon="10.0466480">
    <ele>59.0</ele>
   </trkpt>
   <trkpt lat="56.0913720" lon="10.0467140">
    <ele>59.0</ele>
   </trkpt>
   <trkpt lat="56.0914570" lon="10.0467920">
    <ele>58.8</ele>
   </trkpt>
   <trkpt lat="56.0915530" lon="10.0468960">
    <ele>58.8</ele>
   </trkpt>
   <trkpt lat="56.0916170" lon="10.0469710">
    <ele>58.8</ele>
   </trkpt>
   <trkpt lat="56.0916960" lon="10.0470640">
    <ele>58.6</ele>
   </trkpt>
   <trkpt lat="56.0917920" lon="10.0471780">
    <ele>58.4</ele>
   </trkpt>
   <trkpt lat="56.0918550" lon="10.0472550">
    <ele>58.4</ele>
   </trkpt>
   <trkpt lat="56.0919360" lon="10.0473510">
    <ele>58.4</ele>
   </trkpt>
   <trkpt lat="56.0920170" lon="10.0474460">
    <ele>58.2</ele>
   </trkpt>
   <trkpt lat="56.0920970" lon="10.0475430">
    <ele>58.2</ele>
   </trkpt>
   <trkpt lat="56.0921950" lon="10.0476590">
    <ele>58.0</ele>
   </trkpt>
   <trkpt lat="56.0922610" lon="10.0477370">
    <ele>58.0</ele>
   </trkpt>
   <trkpt lat="56.0923450" lon="10.0478320">
    <ele>57.8</ele>
   </trkpt>
   <trkpt lat="56.0924300" lon="10.0479240">
    <ele>57.6</ele>
   </trkpt>
   <trkpt lat="56.0925150" lon="10.0480130">
    <ele>57.4</ele>
   </trkpt>
   <trkpt lat="56.0926190" lon="10.0481160">
    <ele>57.4</ele>
   </trkpt>
   <trkpt lat="56.0926910" lon="10.0481820">
    <ele>57.2</ele>
   </trkpt>
   <trkpt lat="56.0927850" lon="10.0482600">
    <ele>57.0</ele>
   </trkpt>
   <trkpt lat="56.0928800" lon="10.0483380">
    <ele>56.8</ele>
   </trkpt>
   <trkpt lat="56.0929760" lon="10.0484160">
    <ele>56.4</ele>
   </trkpt>
   <trkpt lat="56.0930740" lon="10.0484940">
    <ele>56.0</ele>
   </trkpt>
   <trkpt lat="56.0931720" lon="10.0485700">
    <ele>55.8</ele>
   </trkpt>
   <trkpt lat="56.0932720" lon="10.0486460">
    <ele>55.4</ele>
   </trkpt>
   <trkpt lat="56.0933750" lon="10.0487250">
    <ele>55.0</ele>
   </trkpt>
   <trkpt lat="56.0934970" lon="10.0488140">
    <ele>54.6</ele>
   </trkpt>
   <trkpt lat="56.0935740" lon="10.0488720">
    <ele>54.2</ele>
   </trkpt>
   <trkpt lat="56.0936680" lon="10.0489440">
    <ele>53.8</ele>
   </trkpt>
   <trkpt lat="56.0937610" lon="10.0490150">
    <ele>53.2</ele>
   </trkpt>
   <trkpt lat="56.0938510" lon="10.0490940">
    <ele>52.8</ele>
   </trkpt>
   <trkpt lat="56.0939350" lon="10.0491830">
    <ele>52.4</ele>
   </trkpt>
   <trkpt lat="56.0940180" lon="10.0492640">
    <ele>52.0</ele>
   </trkpt>
   <trkpt lat="56.0941040" lon="10.0493300">
    <ele>51.8</ele>
   </trkpt>
   <trkpt lat="56.0941930" lon="10.0493760">
    <ele>51.6</ele>
   </trkpt>
   <trkpt lat="56.0943010" lon="10.0494220">
    <ele>51.2</ele>
   </trkpt>
   <trkpt lat="56.0943720" lon="10.0494670">
    <ele>51.0</ele>
   </trkpt>
   <trkpt lat="56.0944590" lon="10.0495340">
    <ele>50.6</ele>
   </trkpt>
   <trkpt lat="56.0945630" lon="10.0496220">
    <ele>50.2</ele>
   </trkpt>
   <trkpt lat="56.0946340" lon="10.0496840">
    <ele>49.8</ele>
   </trkpt>
   <trkpt lat="56.0947220" lon="10.0497660">
    <ele>49.4</ele>
   </trkpt>
   <trkpt lat="56.0948120" lon="10.0498510">
    <ele>48.8</ele>
   </trkpt>
   <trkpt lat="56.0948970" lon="10.0499480">
    <ele>48.4</ele>
   </trkpt>
   <trkpt lat="56.0949800" lon="10.0500560">
    <ele>48.0</ele>
   </trkpt>
   <trkpt lat="56.0950760" lon="10.0501850">
    <ele>47.6</ele>
   </trkpt>
   <trkpt lat="56.0951410" lon="10.0502650">
    <ele>47.0</ele>
   </trkpt>
   <trkpt lat="56.0952270" lon="10.0503570">
    <ele>46.8</ele>
   </trkpt>
   <trkpt lat="56.0953160" lon="10.0504460">
    <ele>46.4</ele>
   </trkpt>
   <trkpt lat="56.0954060" lon="10.0505400">
    <ele>46.2</ele>
   </trkpt>
   <trkpt lat="56.0954910" lon="10.0506420">
    <ele>45.8</ele>
   </trkpt>
   <trkpt lat="56.0955930" lon="10.0507680">
    <ele>45.6</ele>
   </trkpt>
   <trkpt lat="56.0956600" lon="10.0508540">
    <ele>45.2</ele>
   </trkpt>
   <trkpt lat="56.0957450" lon="10.0509620">
    <ele>45.0</ele>
   </trkpt>
   <trkpt lat="56.0958290" lon="10.0510690">
    <ele>44.8</ele>
   </trkpt>
   <trkpt lat="56.0959120" lon="10.0511730">
    <ele>44.8</ele>
   </trkpt>
   <trkpt lat="56.0959940" lon="10.0512740">
    <ele>44.8</ele>
   </trkpt>
   <trkpt lat="56.0960700" lon="10.0513710">
    <ele>45.2</ele>
   </trkpt>
   <trkpt lat="56.0961430" lon="10.0514630">
    <ele>45.4</ele>
   </trkpt>
   <trkpt lat="56.0962300" lon="10.0515720">
    <ele>45.6</ele>
   </trkpt>
   <trkpt lat="56.0962860" lon="10.0516440">
    <ele>45.8</ele>
   </trkpt>
   <trkpt lat="56.0963610" lon="10.0517490">
    <ele>46.2</ele>
   </trkpt>
   <trkpt lat="56.0964060" lon="10.0518170">
    <ele>46.4</ele>
   </trkpt>
   <trkpt lat="56.0964640" lon="10.0519010">
    <ele>47.0</ele>
   </trkpt>
   <trkpt lat="56.0965170" lon="10.0519850">
    <ele>47.4</ele>
   </trkpt>
   <trkpt lat="56.0965670" lon="10.0520630">
    <ele>48.0</ele>
   </trkpt>
   <trkpt lat="56.0966130" lon="10.0521390">
    <ele>48.6</ele>
   </trkpt>
   <trkpt lat="56.0966570" lon="10.0522160">
    <ele>49.0</ele>
   </trkpt>
   <trkpt lat="56.0966990" lon="10.0522930">
    <ele>49.6</ele>
   </trkpt>
   <trkpt lat="56.0967390" lon="10.0523720">
    <ele>50.0</ele>
   </trkpt>
   <trkpt lat="56.0967860" lon="10.0524700">
    <ele>50.4</ele>
   </trkpt>
   <trkpt lat="56.0968170" lon="10.0525380">
    <ele>50.8</ele>
   </trkpt>
   <trkpt lat="56.0968600" lon="10.0526290">
    <ele>51.2</ele>
   </trkpt>
   <trkpt lat="56.0969040" lon="10.0527220">
    <ele>51.4</ele>
   </trkpt>
   <trkpt lat="56.0969480" lon="10.0528190">
    <ele>51.8</ele>
   </trkpt>
   <trkpt lat="56.0969920" lon="10.0529180">
    <ele>52.0</ele>
   </trkpt>
   <trkpt lat="56.0970370" lon="10.0530140">
    <ele>52.2</ele>
   </trkpt>
   <trkpt lat="56.0970820" lon="10.0531100">
    <ele>52.2</ele>
   </trkpt>
   <trkpt lat="56.0971260" lon="10.0532070">
    <ele>52.4</ele>
   </trkpt>
   <trkpt lat="56.0971700" lon="10.0533040">
    <ele>52.6</ele>
   </trkpt>
   <trkpt lat="56.0972160" lon="10.0534020">
    <ele>52.8</ele>
   </trkpt>
   <trkpt lat="56.0972610" lon="10.0535020">
    <ele>53.0</ele>
   </trkpt>
   <trkpt lat="56.0973070" lon="10.0536010">
    <ele>53.2</ele>
   </trkpt>
   <trkpt lat="56.0973530" lon="10.0536970">
    <ele>53.4</ele>
   </trkpt>
   <trkpt lat="56.0973990" lon="10.0537950">
    <ele>53.4</ele>
   </trkpt>
   <trkpt lat="56.0974440" lon="10.0538920">
    <ele>53.6</ele>
   </trkpt>
   <trkpt lat="56.0974870" lon="10.0539910">
    <ele>53.8</ele>
   </trkpt>
   <trkpt lat="56.0975310" lon="10.0540880">
    <ele>54.0</ele>
   </trkpt>
   <trkpt lat="56.0975850" lon="10.0542030">
    <ele>54.2</ele>
   </trkpt>
   <trkpt lat="56.0976210" lon="10.0542810">
    <ele>54.4</ele>
   </trkpt>
   <trkpt lat="56.0976660" lon="10.0543750">
    <ele>54.6</ele>
   </trkpt>
   <trkpt lat="56.0977180" lon="10.0544870">
    <ele>54.8</ele>
   </trkpt>
   <trkpt lat="56.0977530" lon="10.0545630">
    <ele>55.0</ele>
   </trkpt>
   <trkpt lat="56.0977980" lon="10.0546590">
    <ele>55.0</ele>
   </trkpt>
   <trkpt lat="56.0978430" lon="10.0547540">
    <ele>55.2</ele>
   </trkpt>
   <trkpt lat="56.0978890" lon="10.0548490">
    <ele>55.4</ele>
   </trkpt>
   <trkpt lat="56.0979360" lon="10.0549420">
    <ele>55.6</ele>
   </trkpt>
   <trkpt lat="56.0979790" lon="10.0550360">
    <ele>55.8</ele>
   </trkpt>
   <trkpt lat="56.0980240" lon="10.0551310">
    <ele>56.0</ele>
   </trkpt>
   <trkpt lat="56.0980740" lon="10.0552440">
    <ele>56.0</ele>
   </trkpt>
   <trkpt lat="56.0981070" lon="10.0553180">
    <ele>56.2</ele>
   </trkpt>
   <trkpt lat="56.0981490" lon="10.0554110">
    <ele>56.2</ele>
   </trkpt>
   <trkpt lat="56.0981900" lon="10.0555020">
    <ele>56.4</ele>
   </trkpt>
   <trkpt lat="56.0982280" lon="10.0555960">
    <ele>56.6</ele>
   </trkpt>
   <trkpt lat="56.0982700" lon="10.0556890">
    <ele>56.6</ele>
   </trkpt>
   <trkpt lat="56.0983120" lon="10.0557820">
    <ele>56.8</ele>
   </trkpt>
   <trkpt lat="56.0983520" lon="10.0558730">
    <ele>57.0</ele>
   </trkpt>
   <trkpt lat="56.0983900" lon="10.0559640">
    <ele>57.2</ele>
   </trkpt>
   <trkpt lat="56.0984280" lon="10.0560490">
    <ele>57.4</ele>
   </trkpt>
   <trkpt lat="56.0984670" lon="10.0561330">
    <ele>57.6</ele>
   </trkpt>
   <trkpt lat="56.0985080" lon="10.0562190">
    <ele>57.8</ele>
   </trkpt>
   <trkpt lat="56.0985500" lon="10.0563060">
    <ele>58.0</ele>
   </trkpt>
   <trkpt lat="56.0985920" lon="10.0563960">
    <ele>58.2</ele>
   </trkpt>
   <trkpt lat="56.0986420" lon="10.0565070">
    <ele>58.2</ele>
   </trkpt>
   <trkpt lat="56.0986750" lon="10.0565820">
    <ele>58.4</ele>
   </trkpt>
   <trkpt lat="56.0987160" lon="10.0566770">
    <ele>58.4</ele>
   </trkpt>
   <trkpt lat="56.0987650" lon="10.0567910">
    <ele>58.4</ele>
   </trkpt>
   <trkpt lat="56.0987960" lon="10.0568680">
    <ele>58.4</ele>
   </trkpt>
   <trkpt lat="56.0988330" lon="10.0569650">
    <ele>58.6</ele>
   </trkpt>
   <trkpt lat="56.0988710" lon="10.0570630">
    <ele>58.6</ele>
   </trkpt>
   <trkpt lat="56.0989080" lon="10.0571630">
    <ele>58.8</ele>
   </trkpt>
   <trkpt lat="56.0989440" lon="10.0572650">
    <ele>58.8</ele>
   </trkpt>
   <trkpt lat="56.0989900" lon="10.0573840">
    <ele>59.0</ele>
   </trkpt>
   <trkpt lat="56.0990190" lon="10.0574640">
    <ele>59.0</ele>
   </trkpt>
   <trkpt lat="56.0990540" lon="10.0575650">
    <ele>59.0</ele>
   </trkpt>
   <trkpt lat="56.0990960" lon="10.0576910">
    <ele>59.0</ele>
   </trkpt>
   <trkpt lat="56.0991220" lon="10.0577750">
    <ele>59.0</ele>
   </trkpt>
   <trkpt lat="56.0991560" lon="10.0578790">
    <ele>59.2</ele>
   </trkpt>
   <trkpt lat="56.0991890" lon="10.0579840">
    <ele>59.2</ele>
   </trkpt>
   <trkpt lat="56.0992220" lon="10.0580890">
    <ele>59.4</ele>
   </trkpt>
   <trkpt lat="56.0992530" lon="10.0581930">
    <ele>59.4</ele>
   </trkpt>
   <trkpt lat="56.0992820" lon="10.0583010">
    <ele>59.6</ele>
   </trkpt>
   <trkpt lat="56.0993110" lon="10.0584090">
    <ele>59.6</ele>
   </trkpt>
   <trkpt lat="56.0993380" lon="10.0585180">
    <ele>59.6</ele>
   </trkpt>
   <trkpt lat="56.0993710" lon="10.0586480">
    <ele>59.8</ele>
   </trkpt>
   <trkpt lat="56.0993900" lon="10.0587370">
    <ele>59.8</ele>
   </trkpt>
   <trkpt lat="56.0994140" lon="10.0588450">
    <ele>59.8</ele>
   </trkpt>
   <trkpt lat="56.0994440" lon="10.0589770">
    <ele>59.8</ele>
   </trkpt>
   <trkpt lat="56.0994640" lon="10.0590670">
    <ele>60.0</ele>
   </trkpt>
   <trkpt lat="56.0994900" lon="10.0591760">
    <ele>60.0</ele>
   </trkpt>
   <trkpt lat="56.0995130" lon="10.0592870">
    <ele>60.2</ele>
   </trkpt>
   <trkpt lat="56.0995370" lon="10.0593970">
    <ele>60.2</ele>
   </trkpt>
   <trkpt lat="56.0995630" lon="10.0595050">
    <ele>60.4</ele>
   </trkpt>
   <trkpt lat="56.0995890" lon="10.0596120">
    <ele>60.6</ele>
   </trkpt>
   <trkpt lat="56.0996170" lon="10.0597180">
    <ele>60.6</ele>
   </trkpt>
   <trkpt lat="56.0996530" lon="10.0598400">
    <ele>60.8</ele>
   </trkpt>
   <trkpt lat="56.0996750" lon="10.0599190">
    <ele>60.8</ele>
   </trkpt>
   <trkpt lat="56.0997030" lon="10.0600180">
    <ele>61.0</ele>
   </trkpt>
   <trkpt lat="56.0997300" lon="10.0601180">
    <ele>61.2</ele>
   </trkpt>
   <trkpt lat="56.0997560" lon="10.0602180">
    <ele>61.4</ele>
   </trkpt>
   <trkpt lat="56.0997830" lon="10.0603150">
    <ele>61.6</ele>
   </trkpt>
   <trkpt lat="56.0998090" lon="10.0604110">
    <ele>61.8</ele>
   </trkpt>
   <trkpt lat="56.0998350" lon="10.0605070">
    <ele>62.0</ele>
   </trkpt>
   <trkpt lat="56.0998590" lon="10.0606020">
    <ele>62.2</ele>
   </trkpt>
   <trkpt lat="56.0998820" lon="10.0606970">
    <ele>62.4</ele>
   </trkpt>
   <trkpt lat="56.0999100" lon="10.0607880">
    <ele>62.6</ele>
   </trkpt>
   <trkpt lat="56.0999410" lon="10.0608740">
    <ele>62.6</ele>
   </trkpt>
   <trkpt lat="56.0999680" lon="10.0609560">
    <ele>62.8</ele>
   </trkpt>
   <trkpt lat="56.0999930" lon="10.0610370">
    <ele>63.0</ele>
   </trkpt>
   <trkpt lat="56.1000210" lon="10.0611270">
    <ele>63.2</ele>
   </trkpt>
   <trkpt lat="56.1000410" lon="10.0611840">
    <ele>63.4</ele>
   </trkpt>
   <trkpt lat="56.1000660" lon="10.0612560">
    <ele>63.4</ele>
   </trkpt>
   <trkpt lat="56.1000910" lon="10.0613340">
    <ele>63.6</ele>
   </trkpt>
   <trkpt lat="56.1001220" lon="10.0614320">
    <ele>63.8</ele>
   </trkpt>
   <trkpt lat="56.1001410" lon="10.0615020">
    <ele>63.8</ele>
   </trkpt>
   <trkpt lat="56.1001630" lon="10.0615910">
    <ele>64.0</ele>
   </trkpt>
   <trkpt lat="56.1001840" lon="10.0616820">
    <ele>64.0</ele>
   </trkpt>
   <trkpt lat="56.1002080" lon="10.0617720">
    <ele>64.0</ele>
   </trkpt>
   <trkpt lat="56.1002340" lon="10.0618620">
    <ele>64.2</ele>
   </trkpt>
   <trkpt lat="56.1002590" lon="10.0619530">
    <ele>64.2</ele>
   </trkpt>
   <trkpt lat="56.1002850" lon="10.0620440">
    <ele>64.2</ele>
   </trkpt>
   <trkpt lat="56.1003120" lon="10.0621360">
    <ele>64.4</ele>
   </trkpt>
   <trkpt lat="56.1003410" lon="10.0622260">
    <ele>64.4</ele>
   </trkpt>
   <trkpt lat="56.1003720" lon="10.0623190">
    <ele>64.6</ele>
   </trkpt>
   <trkpt lat="56.1004030" lon="10.0624090">
    <ele>64.6</ele>
   </trkpt>
   <trkpt lat="56.1004360" lon="10.0624990">
    <ele>64.6</ele>
   </trkpt>
   <trkpt lat="56.1004730" lon="10.0625830">
    <ele>64.6</ele>
   </trkpt>
   <trkpt lat="56.1005150" lon="10.0626610">
    <ele>64.8</ele>
   </trkpt>
   <trkpt lat="56.1005590" lon="10.0627380">
    <ele>64.8</ele>
   </trkpt>
   <trkpt lat="56.1006000" lon="10.0628270">
    <ele>65.0</ele>
   </trkpt>
   <trkpt lat="56.1006340" lon="10.0629240">
    <ele>65.0</ele>
   </trkpt>
   <trkpt lat="56.1006650" lon="10.0630250">
    <ele>65.2</ele>
   </trkpt>
   <trkpt lat="56.1006970" lon="10.0631250">
    <ele>65.2</ele>
   </trkpt>
   <trkpt lat="56.1007300" lon="10.0632270">
    <ele>65.4</ele>
   </trkpt>
   <trkpt lat="56.1007610" lon="10.0633300">
    <ele>65.4</ele>
   </trkpt>
   <trkpt lat="56.1007920" lon="10.0634330">
    <ele>65.6</ele>
   </trkpt>
   <trkpt lat="56.1008220" lon="10.0635350">
    <ele>65.6</ele>
   </trkpt>
   <trkpt lat="56.1008530" lon="10.0636370">
    <ele>65.8</ele>
   </trkpt>
   <trkpt lat="56.1008840" lon="10.0637390">
    <ele>66.0</ele>
   </trkpt>
   <trkpt lat="56.1009160" lon="10.0638390">
    <ele>66.2</ele>
   </trkpt>
   <trkpt lat="56.1009560" lon="10.0639610">
    <ele>66.4</ele>
   </trkpt>
   <trkpt lat="56.1009810" lon="10.0640440">
    <ele>66.6</ele>
   </trkpt>
   <trkpt lat="56.1010090" lon="10.0641480">
    <ele>66.8</ele>
   </trkpt>
   <trkpt lat="56.1010440" lon="10.0642700">
    <ele>67.0</ele>
   </trkpt>
   <trkpt lat="56.1010680" lon="10.0643510">
    <ele>67.2</ele>
   </trkpt>
   <trkpt lat="56.1010960" lon="10.0644510">
    <ele>67.4</ele>
   </trkpt>
   <trkpt lat="56.1011220" lon="10.0645560">
    <ele>67.4</ele>
   </trkpt>
   <trkpt lat="56.1011480" lon="10.0646590">
    <ele>67.6</ele>
   </trkpt>
   <trkpt lat="56.1011720" lon="10.0647620">
    <ele>67.8</ele>
   </trkpt>
   <trkpt lat="56.1011940" lon="10.0648680">
    <ele>68.0</ele>
   </trkpt>
   <trkpt lat="56.1012160" lon="10.0649740">
    <ele>68.2</ele>
   </trkpt>
   <trkpt lat="56.1012430" lon="10.0651030">
    <ele>68.4</ele>
   </trkpt>
   <trkpt lat="56.1012610" lon="10.0651890">
    <ele>68.6</ele>
   </trkpt>
   <trkpt lat="56.1012820" lon="10.0652970">
    <ele>68.8</ele>
   </trkpt>
   <trkpt lat="56.1013020" lon="10.0654090">
    <ele>69.0</ele>
   </trkpt>
   <trkpt lat="56.1013200" lon="10.0655240">
    <ele>69.0</ele>
   </trkpt>
   <trkpt lat="56.1013370" lon="10.0656390">
    <ele>69.2</ele>
   </trkpt>
   <trkpt lat="56.1013550" lon="10.0657550">
    <ele>69.2</ele>
   </trkpt>
   <trkpt lat="56.1013740" lon="10.0658690">
    <ele>69.2</ele>
   </trkpt>
   <trkpt lat="56.1013920" lon="10.0659830">
    <ele>69.4</ele>
   </trkpt>
   <trkpt lat="56.1014140" lon="10.0661210">
    <ele>69.4</ele>
   </trkpt>
   <trkpt lat="56.1014290" lon="10.0662130">
    <ele>69.6</ele>
   </trkpt>
   <trkpt lat="56.1014470" lon="10.0663270">
    <ele>69.6</ele>
   </trkpt>
   <trkpt lat="56.1014670" lon="10.0664640">
    <ele>69.8</ele>
   </trkpt>
   <trkpt lat="56.1014810" lon="10.0665560">
    <ele>69.8</ele>
   </trkpt>
   <trkpt lat="56.1014970" lon="10.0666740">
    <ele>70.0</ele>
   </trkpt>
   <trkpt lat="56.1015180" lon="10.0668140">
    <ele>70.0</ele>
   </trkpt>
   <trkpt lat="56.1015350" lon="10.0669310">
    <ele>70.2</ele>
   </trkpt>
   <trkpt lat="56.1015480" lon="10.0670240">
    <ele>70.2</ele>
   </trkpt>
   <trkpt lat="56.1015690" lon="10.0671630">
    <ele>70.2</ele>
   </trkpt>
   <trkpt lat="56.1015840" lon="10.0672540">
    <ele>70.4</ele>
   </trkpt>
   <trkpt lat="56.1016020" lon="10.0673730">
    <ele>70.4</ele>
   </trkpt>
   <trkpt lat="56.1016230" lon="10.0675150">
    <ele>70.4</ele>
   </trkpt>
   <trkpt lat="56.1016360" lon="10.0676090">
    <ele>70.4</ele>
   </trkpt>
   <trkpt lat="56.1016540" lon="10.0677270">
    <ele>70.4</ele>
   </trkpt>
   <trkpt lat="56.1016730" lon="10.0678460">
    <ele>70.4</ele>
   </trkpt>
   <trkpt lat="56.1016920" lon="10.0679650">
    <ele>70.6</ele>
   </trkpt>
   <trkpt lat="56.1017110" lon="10.0680800">
    <ele>70.6</ele>
   </trkpt>
   <trkpt lat="56.1017280" lon="10.0681950">
    <ele>70.8</ele>
   </trkpt>
   <trkpt lat="56.1017440" lon="10.0683110">
    <ele>70.8</ele>
   </trkpt>
   <trkpt lat="56.1017600" lon="10.0684270">
    <ele>70.8</ele>
   </trkpt>
   <trkpt lat="56.1017810" lon="10.0685670">
    <ele>70.8</ele>
   </trkpt>
   <trkpt lat="56.1017980" lon="10.0686820">
    <ele>71.0</ele>
   </trkpt>
   <trkpt lat="56.1018100" lon="10.0687740">
    <ele>71.0</ele>
   </trkpt>
   <trkpt lat="56.1018260" lon="10.0688890">
    <ele>71.2</ele>
   </trkpt>
   <trkpt lat="56.1018460" lon="10.0690250">
    <ele>71.4</ele>
   </trkpt>
   <trkpt lat="56.1018590" lon="10.0691150">
    <ele>71.4</ele>
   </trkpt>
   <trkpt lat="56.1018790" lon="10.0692410">
    <ele>71.6</ele>
   </trkpt>
   <trkpt lat="56.1018980" lon="10.0693100">
    <ele>71.6</ele>
   </trkpt>
   <trkpt lat="56.1019230" lon="10.0693850">
    <ele>71.8</ele>
   </trkpt>
   <trkpt lat="56.1019530" lon="10.0694680">
    <ele>72.0</ele>
   </trkpt>
   <trkpt lat="56.1019730" lon="10.0695260">
    <ele>72.0</ele>
   </trkpt>
   <trkpt lat="56.1019990" lon="10.0696020">
    <ele>72.2</ele>
   </trkpt>
   <trkpt lat="56.1020300" lon="10.0697010">
    <ele>72.2</ele>
   </trkpt>
   <trkpt lat="56.1020510" lon="10.0697720">
    <ele>72.4</ele>
   </trkpt>
   <trkpt lat="56.1020800" lon="10.0698610">
    <ele>72.4</ele>
   </trkpt>
   <trkpt lat="56.1021190" lon="10.0699440">
    <ele>72.4</ele>
   </trkpt>
   <trkpt lat="56.1021670" lon="10.0700140">
    <ele>72.4</ele>
   </trkpt>
   <trkpt lat="56.1022230" lon="10.0700680">
    <ele>72.2</ele>
   </trkpt>
   <trkpt lat="56.1022960" lon="10.0701100">
    <ele>72.2</ele>
   </trkpt>
   <trkpt lat="56.1023470" lon="10.0701190">
    <ele>72.0</ele>
   </trkpt>
   <trkpt lat="56.1024110" lon="10.0701150">
    <ele>72.0</ele>
   </trkpt>
   <trkpt lat="56.1024830" lon="10.0700930">
    <ele>72.0</ele>
   </trkpt>
   <trkpt lat="56.1025220" lon="10.0700740">
    <ele>72.2</ele>
   </trkpt>
   <trkpt lat="56.1025660" lon="10.0700570">
    <ele>72.2</ele>
   </trkpt>
   <trkpt lat="56.1026090" lon="10.0700540">
    <ele>72.4</ele>
   </trkpt>
   <trkpt lat="56.1026270" lon="10.0700720">
    <ele>72.6</ele>
   </trkpt>
   <trkpt lat="56.1026440" lon="10.0701090">
    <ele>72.8</ele>
   </trkpt>
   <trkpt lat="56.1026570" lon="10.0701740">
    <ele>72.8</ele>
   </trkpt>
   <trkpt lat="56.1026630" lon="10.0702420">
    <ele>72.6</ele>
   </trkpt>
   <trkpt lat="56.1026680" lon="10.0703000">
    <ele>72.6</ele>
   </trkpt>
   <trkpt lat="56.1026760" lon="10.0703750">
    <ele>72.4</ele>
   </trkpt>
   <trkpt lat="56.1026880" lon="10.0704690">
    <ele>72.2</ele>
   </trkpt>
   <trkpt lat="56.1027000" lon="10.0705390">
    <ele>72.0</ele>
   </trkpt>
   <trkpt lat="56.1027170" lon="10.0706320">
    <ele>72.0</ele>
   </trkpt>
   <trkpt lat="56.1027390" lon="10.0707510">
    <ele>71.8</ele>
   </trkpt>
   <trkpt lat="56.1027550" lon="10.0708380">
    <ele>71.6</ele>
   </trkpt>
   <trkpt lat="56.1027740" lon="10.0709540">
    <ele>71.2</ele>
   </trkpt>
   <trkpt lat="56.1027940" lon="10.0710780">
    <ele>71.0</ele>
   </trkpt>
   <trkpt lat="56.1028140" lon="10.0712060">
    <ele>70.8</ele>
   </trkpt>
   <trkpt lat="56.1028350" lon="10.0713350">
    <ele>70.6</ele>
   </trkpt>
   <trkpt lat="56.1028560" lon="10.0714610">
    <ele>70.4</ele>
   </trkpt>
   <trkpt lat="56.1028790" lon="10.0716140">
    <ele>70.4</ele>
   </trkpt>
   <trkpt lat="56.1028960" lon="10.0717180">
    <ele>70.4</ele>
   </trkpt>
   <trkpt lat="56.1029170" lon="10.0718460">
    <ele>70.2</ele>
   </trkpt>
   <trkpt lat="56.1029360" lon="10.0719740">
    <ele>70.2</ele>
   </trkpt>
   <trkpt lat="56.1029550" lon="10.0721020">
    <ele>70.2</ele>
   </trkpt>
   <trkpt lat="56.1029780" lon="10.0722550">
    <ele>70.2</ele>
   </trkpt>
   <trkpt lat="56.1029960" lon="10.0723810">
    <ele>70.2</ele>
   </trkpt>
   <trkpt lat="56.1030090" lon="10.0724800">
    <ele>70.2</ele>
   </trkpt>
   <trkpt lat="56.1030310" lon="10.0726290">
    <ele>70.4</ele>
   </trkpt>
   <trkpt lat="56.1030450" lon="10.0727280">
    <ele>70.2</ele>
   </trkpt>
   <trkpt lat="56.1030640" lon="10.0728530">
    <ele>70.2</ele>
   </trkpt>
   <trkpt lat="56.1030880" lon="10.0730030">
    <ele>70.2</ele>
   </trkpt>
   <trkpt lat="56.1031080" lon="10.0731280">
    <ele>70.2</ele>
   </trkpt>
   <trkpt lat="56.1031240" lon="10.0732270">
    <ele>70.2</ele>
   </trkpt>
   <trkpt lat="56.1031470" lon="10.0733760">
    <ele>70.2</ele>
   </trkpt>
   <trkpt lat="56.1031620" lon="10.0734730">
    <ele>70.2</ele>
   </trkpt>
   <trkpt lat="56.1031790" lon="10.0735960">
    <ele>70.2</ele>
   </trkpt>
   <trkpt lat="56.1031980" lon="10.0737220">
    <ele>70.2</ele>
   </trkpt>
   <trkpt lat="56.1032150" lon="10.0738470">
    <ele>70.2</ele>
   </trkpt>
   <trkpt lat="56.1032340" lon="10.0739690">
    <ele>70.2</ele>
   </trkpt>
   <trkpt lat="56.1032570" lon="10.0741130">
    <ele>70.2</ele>
   </trkpt>
   <trkpt lat="56.1032730" lon="10.0742070">
    <ele>70.2</ele>
   </trkpt>
   <trkpt lat="56.1032940" lon="10.0743250">
    <ele>70.2</ele>
   </trkpt>
   <trkpt lat="56.1033160" lon="10.0744670">
    <ele>70.4</ele>
   </trkpt>
   <trkpt lat="56.1033270" lon="10.0745630">
    <ele>70.6</ele>
   </trkpt>
   <trkpt lat="56.1033440" lon="10.0746770">
    <ele>70.6</ele>
   </trkpt>
   <trkpt lat="56.1033670" lon="10.0748130">
    <ele>70.8</ele>
   </trkpt>
   <trkpt lat="56.1033810" lon="10.0749020">
    <ele>71.0</ele>
   </trkpt>
   <trkpt lat="56.1034010" lon="10.0750120">
    <ele>71.2</ele>
   </trkpt>
   <trkpt lat="56.1034250" lon="10.0751440">
    <ele>71.4</ele>
   </trkpt>
   <trkpt lat="56.1034410" lon="10.0752540">
    <ele>71.6</ele>
   </trkpt>
   <trkpt lat="56.1034540" lon="10.0753430">
    <ele>71.6</ele>
   </trkpt>
   <trkpt lat="56.1034760" lon="10.0754730">
    <ele>71.8</ele>
   </trkpt>
   <trkpt lat="56.1034910" lon="10.0755540">
    <ele>72.0</ele>
   </trkpt>
   <trkpt lat="56.1035070" lon="10.0756550">
    <ele>72.2</ele>
   </trkpt>
   <trkpt lat="56.1035230" lon="10.0757800">
    <ele>72.6</ele>
   </trkpt>
   <trkpt lat="56.1035320" lon="10.0758670">
    <ele>72.8</ele>
   </trkpt>
   <trkpt lat="56.1035430" lon="10.0759750">
    <ele>73.0</ele>
   </trkpt>
   <trkpt lat="56.1035580" lon="10.0760800">
    <ele>73.2</ele>
   </trkpt>
   <trkpt lat="56.1035750" lon="10.0761830">
    <ele>73.4</ele>
   </trkpt>
   <trkpt lat="56.1035910" lon="10.0762870">
    <ele>73.6</ele>
   </trkpt>
   <trkpt lat="56.1036070" lon="10.0764090">
    <ele>73.8</ele>
   </trkpt>
   <trkpt lat="56.1036230" lon="10.0765130">
    <ele>74.0</ele>
   </trkpt>
   <trkpt lat="56.1036370" lon="10.0765970">
    <ele>74.0</ele>
   </trkpt>
   <trkpt lat="56.1036540" lon="10.0767020">
    <ele>74.2</ele>
   </trkpt>
   <trkpt lat="56.1036740" lon="10.0768310">
    <ele>74.2</ele>
   </trkpt>
   <trkpt lat="56.1036870" lon="10.0769210">
    <ele>74.2</ele>
   </trkpt>
   <trkpt lat="56.1037050" lon="10.0770310">
    <ele>74.2</ele>
   </trkpt>
   <trkpt lat="56.1037270" lon="10.0771620">
    <ele>74.0</ele>
   </trkpt>
   <trkpt lat="56.1037380" lon="10.0772560">
    <ele>74.0</ele>
   </trkpt>
   <trkpt lat="56.1037560" lon="10.0773730">
    <ele>73.8</ele>
   </trkpt>
   <trkpt lat="56.1037770" lon="10.0775170">
    <ele>73.8</ele>
   </trkpt>
   <trkpt lat="56.1037930" lon="10.0776140">
    <ele>73.6</ele>
   </trkpt>
   <trkpt lat="56.1038080" lon="10.0777380">
    <ele>73.6</ele>
   </trkpt>
   <trkpt lat="56.1038200" lon="10.0778620">
    <ele>73.4</ele>
   </trkpt>
   <trkpt lat="56.1038310" lon="10.0779840">
    <ele>73.4</ele>
   </trkpt>
   <trkpt lat="56.1038400" lon="10.0780990">
    <ele>73.2</ele>
   </trkpt>
   <trkpt lat="56.1038540" lon="10.0782180">
    <ele>73.2</ele>
   </trkpt>
   <trkpt lat="56.1038600" lon="10.0782760">
    <ele>73.4</ele>
   </trkpt>
   <trkpt lat="56.1038670" lon="10.0783340">
    <ele>73.4</ele>
   </trkpt>
   <trkpt lat="56.1038720" lon="10.0783750">
    <ele>73.6</ele>
   </trkpt>
   <trkpt lat="56.1038750" lon="10.0784030">
    <ele>73.6</ele>
   </trkpt>
   <trkpt lat="56.1038760" lon="10.0784240">
    <ele>73.8</ele>
   </trkpt>
   <trkpt lat="56.1038780" lon="10.0784360">
    <ele>73.8</ele>
   </trkpt>
   <trkpt lat="56.1038780" lon="10.0784360">
    <ele>73.8</ele>
   </trkpt>
   <trkpt lat="56.1038640" lon="10.0785190">
    <ele>73.8</ele>
   </trkpt>
   <trkpt lat="56.1038450" lon="10.0785250">
    <ele>73.6</ele>
   </trkpt>
   <trkpt lat="56.1038160" lon="10.0785310">
    <ele>73.6</ele>
   </trkpt>
   <trkpt lat="56.1037750" lon="10.0785460">
    <ele>73.4</ele>
   </trkpt>
   <trkpt lat="56.1037360" lon="10.0785640">
    <ele>73.4</ele>
   </trkpt>
   <trkpt lat="56.1036970" lon="10.0785840">
    <ele>73.2</ele>
   </trkpt>
   <trkpt lat="56.1036630" lon="10.0786080">
    <ele>73.0</ele>
   </trkpt>
   <trkpt lat="56.1036190" lon="10.0786420">
    <ele>73.0</ele>
   </trkpt>
   <trkpt lat="56.1035740" lon="10.0786750">
    <ele>72.8</ele>
   </trkpt>
   <trkpt lat="56.1035330" lon="10.0787050">
    <ele>73.0</ele>
   </trkpt>
   <trkpt lat="56.1034960" lon="10.0787280">
    <ele>73.0</ele>
   </trkpt>
   <trkpt lat="56.1034640" lon="10.0787500">
    <ele>73.2</ele>
   </trkpt>
   <trkpt lat="56.1034310" lon="10.0787790">
    <ele>73.2</ele>
   </trkpt>
   <trkpt lat="56.1034050" lon="10.0788060">
    <ele>73.4</ele>
   </trkpt>
   <trkpt lat="56.1033870" lon="10.0788360">
    <ele>73.4</ele>
   </trkpt>
   <trkpt lat="56.1033610" lon="10.0788960">
    <ele>73.4</ele>
   </trkpt>
   <trkpt lat="56.1033390" lon="10.0789630">
    <ele>73.4</ele>
   </trkpt>
   <trkpt lat="56.1033240" lon="10.0790240">
    <ele>73.4</ele>
   </trkpt>
   <trkpt lat="56.1033110" lon="10.0791090">
    <ele>73.4</ele>
   </trkpt>
   <trkpt lat="56.1033070" lon="10.0792010">
    <ele>73.2</ele>
   </trkpt>
   <trkpt lat="56.1033130" lon="10.0793230">
    <ele>73.2</ele>
   </trkpt>
   <trkpt lat="56.1033260" lon="10.0794300">
    <ele>73.0</ele>
   </trkpt>
   <trkpt lat="56.1033350" lon="10.0795200">
    <ele>73.0</ele>
   </trkpt>
   <trkpt lat="56.1033510" lon="10.0796590">
    <ele>73.0</ele>
   </trkpt>
   <trkpt lat="56.1033640" lon="10.0797540">
    <ele>73.0</ele>
   </trkpt>
   <trkpt lat="56.1033840" lon="10.0798720">
    <ele>73.0</ele>
   </trkpt>
   <trkpt lat="56.1034080" lon="10.0799890">
    <ele>73.0</ele>
   </trkpt>
   <trkpt lat="56.1034320" lon="10.0801340">
    <ele>73.0</ele>
   </trkpt>
   <trkpt lat="56.1034450" lon="10.0802320">
    <ele>73.0</ele>
   </trkpt>
   <trkpt lat="56.1034610" lon="10.0803580">
    <ele>73.2</ele>
   </trkpt>
   <trkpt lat="56.1034750" lon="10.0804850">
    <ele>73.2</ele>
   </trkpt>
   <trkpt lat="56.1034890" lon="10.0806120">
    <ele>73.4</ele>
   </trkpt>
   <trkpt lat="56.1035070" lon="10.0807640">
    <ele>73.4</ele>
   </trkpt>
   <trkpt lat="56.1035220" lon="10.0808940">
    <ele>73.4</ele>
   </trkpt>
   <trkpt lat="56.1035330" lon="10.0809990">
    <ele>73.4</ele>
   </trkpt>
   <trkpt lat="56.1035510" lon="10.0811580">
    <ele>73.6</ele>
   </trkpt>
   <trkpt lat="56.1035690" lon="10.0812920">
    <ele>73.6</ele>
   </trkpt>
   <trkpt lat="56.1035840" lon="10.0814010">
    <ele>73.6</ele>
   </trkpt>
   <trkpt lat="56.1036030" lon="10.0815630">
    <ele>73.6</ele>
   </trkpt>
   <trkpt lat="56.1036180" lon="10.0816730">
    <ele>73.8</ele>
   </trkpt>
   <trkpt lat="56.1036350" lon="10.0818080">
    <ele>73.8</ele>
   </trkpt>
   <trkpt lat="56.1036540" lon="10.0819690">
    <ele>74.0</ele>
   </trkpt>
   <trkpt lat="56.1036660" lon="10.0820760">
    <ele>74.2</ele>
   </trkpt>
   <trkpt lat="56.1036840" lon="10.0822120">
    <ele>74.4</ele>
   </trkpt>
   <trkpt lat="56.1037030" lon="10.0823740">
    <ele>74.4</ele>
   </trkpt>
   <trkpt lat="56.1037160" lon="10.0824820">
    <ele>74.6</ele>
   </trkpt>
   <trkpt lat="56.1037290" lon="10.0826150">
    <ele>74.6</ele>
   </trkpt>
   <trkpt lat="56.1037450" lon="10.0827720">
    <ele>74.8</ele>
   </trkpt>
   <trkpt lat="56.1037560" lon="10.0828780">
    <ele>74.8</ele>
   </trkpt>
   <trkpt lat="56.1037690" lon="10.0830100">
    <ele>74.8</ele>
   </trkpt>
   <trkpt lat="56.1037830" lon="10.0831400">
    <ele>74.8</ele>
   </trkpt>
   <trkpt lat="56.1037970" lon="10.0832680">
    <ele>74.8</ele>
   </trkpt>
   <trkpt lat="56.1038090" lon="10.0833970">
    <ele>74.8</ele>
   </trkpt>
   <trkpt lat="56.1038240" lon="10.0835500">
    <ele>74.8</ele>
   </trkpt>
   <trkpt lat="56.1038340" lon="10.0836780">
    <ele>74.8</ele>
   </trkpt>
   <trkpt lat="56.1038390" lon="10.0837810">
    <ele>74.8</ele>
   </trkpt>
   <trkpt lat="56.1038460" lon="10.0839350">
    <ele>74.8</ele>
   </trkpt>
   <trkpt lat="56.1038540" lon="10.0840620">
    <ele>74.8</ele>
   </trkpt>
   <trkpt lat="56.1038630" lon="10.0841610">
    <ele>74.8</ele>
   </trkpt>
   <trkpt lat="56.1038790" lon="10.0843080">
    <ele>75.0</ele>
   </trkpt>
   <trkpt lat="56.1038890" lon="10.0844030">
    <ele>75.0</ele>
   </trkpt>
   <trkpt lat="56.1039020" lon="10.0845210">
    <ele>75.0</ele>
   </trkpt>
   <trkpt lat="56.1039210" lon="10.0846570">
    <ele>75.2</ele>
   </trkpt>
   <trkpt lat="56.1039400" lon="10.0847650">
    <ele>75.2</ele>
   </trkpt>
   <trkpt lat="56.1039560" lon="10.0848540">
    <ele>75.4</ele>
   </trkpt>
   <trkpt lat="56.1039780" lon="10.0849880">
    <ele>75.4</ele>
   </trkpt>
   <trkpt lat="56.1039900" lon="10.0850800">
    <ele>75.4</ele>
   </trkpt>
   <trkpt lat="56.1040030" lon="10.0851940">
    <ele>75.4</ele>
   </trkpt>
   <trkpt lat="56.1040170" lon="10.0853300">
    <ele>75.6</ele>
   </trkpt>
   <trkpt lat="56.1040280" lon="10.0854440">
    <ele>75.6</ele>
   </trkpt>
   <trkpt lat="56.1040360" lon="10.0855360">
    <ele>75.6</ele>
   </trkpt>
   <trkpt lat="56.1040450" lon="10.0856520">
    <ele>75.6</ele>
   </trkpt>
   <trkpt lat="56.1040540" lon="10.0857690">
    <ele>75.6</ele>
   </trkpt>
   <trkpt lat="56.1040630" lon="10.0858880">
    <ele>75.8</ele>
   </trkpt>
   <trkpt lat="56.1040740" lon="10.0860310">
    <ele>75.8</ele>
   </trkpt>
   <trkpt lat="56.1040850" lon="10.0861520">
    <ele>75.8</ele>
   </trkpt>
   <trkpt lat="56.1040950" lon="10.0862460">
    <ele>75.8</ele>
   </trkpt>
   <trkpt lat="56.1041110" lon="10.0863890">
    <ele>76.0</ele>
   </trkpt>
   <trkpt lat="56.1041220" lon="10.0864830">
    <ele>76.0</ele>
   </trkpt>
   <trkpt lat="56.1041350" lon="10.0866010">
    <ele>76.0</ele>
   </trkpt>
   <trkpt lat="56.1041470" lon="10.0867450">
    <ele>76.0</ele>
   </trkpt>
   <trkpt lat="56.1041580" lon="10.0868650">
    <ele>76.0</ele>
   </trkpt>
   <trkpt lat="56.1041670" lon="10.0869600">
    <ele>76.0</ele>
   </trkpt>
   <trkpt lat="56.1041810" lon="10.0871050">
    <ele>76.2</ele>
   </trkpt>
   <trkpt lat="56.1041870" lon="10.0872010">
    <ele>76.2</ele>
   </trkpt>
   <trkpt lat="56.1041910" lon="10.0873500">
    <ele>76.2</ele>
   </trkpt>
   <trkpt lat="56.1041940" lon="10.0874730">
    <ele>76.2</ele>
   </trkpt>
   <trkpt lat="56.1042000" lon="10.0875960">
    <ele>76.2</ele>
   </trkpt>
   <trkpt lat="56.1042090" lon="10.0877190">
    <ele>76.4</ele>
   </trkpt>
   <trkpt lat="56.1042180" lon="10.0878190">
    <ele>76.6</ele>
   </trkpt>
   <trkpt lat="56.1042390" lon="10.0879670">
    <ele>76.6</ele>
   </trkpt>
   <trkpt lat="56.1042600" lon="10.0880930">
    <ele>76.8</ele>
   </trkpt>
   <trkpt lat="56.1042770" lon="10.0881940">
    <ele>76.8</ele>
   </trkpt>
   <trkpt lat="56.1042980" lon="10.0883220">
    <ele>77.0</ele>
   </trkpt>
   <trkpt lat="56.1043170" lon="10.0884530">
    <ele>77.0</ele>
   </trkpt>
   <trkpt lat="56.1043350" lon="10.0885850">
    <ele>77.0</ele>
   </trkpt>
   <trkpt lat="56.1043570" lon="10.0887420">
    <ele>77.2</ele>
   </trkpt>
   <trkpt lat="56.1043740" lon="10.0888750">
    <ele>77.2</ele>
   </trkpt>
   <trkpt lat="56.1043860" lon="10.0889810">
    <ele>77.4</ele>
   </trkpt>
   <trkpt lat="56.1044030" lon="10.0891420">
    <ele>77.4</ele>
   </trkpt>
   <trkpt lat="56.1044170" lon="10.0892750">
    <ele>77.4</ele>
   </trkpt>
   <trkpt lat="56.1044300" lon="10.0893820">
    <ele>77.6</ele>
   </trkpt>
   <trkpt lat="56.1044490" lon="10.0895420">
    <ele>77.6</ele>
   </trkpt>
   <trkpt lat="56.1044620" lon="10.0896750">
    <ele>77.6</ele>
   </trkpt>
   <trkpt lat="56.1044740" lon="10.0897790">
    <ele>77.6</ele>
   </trkpt>
   <trkpt lat="56.1044870" lon="10.0899130">
    <ele>77.6</ele>
   </trkpt>
   <trkpt lat="56.1045040" lon="10.0900730">
    <ele>77.6</ele>
   </trkpt>
   <trkpt lat="56.1045160" lon="10.0901810">
    <ele>77.6</ele>
   </trkpt>
   <trkpt lat="56.1045310" lon="10.0903420">
    <ele>77.8</ele>
   </trkpt>
   <trkpt lat="56.1045440" lon="10.0904780">
    <ele>78.0</ele>
   </trkpt>
   <trkpt lat="56.1045540" lon="10.0905850">
    <ele>78.0</ele>
   </trkpt>
   <trkpt lat="56.1045700" lon="10.0907480">
    <ele>78.0</ele>
   </trkpt>
   <trkpt lat="56.1045820" lon="10.0908560">
    <ele>78.2</ele>
   </trkpt>
   <trkpt lat="56.1045950" lon="10.0909880">
    <ele>78.2</ele>
   </trkpt>
   <trkpt lat="56.1046090" lon="10.0911210">
    <ele>78.4</ele>
   </trkpt>
   <trkpt lat="56.1046240" lon="10.0912530">
    <ele>78.8</ele>
   </trkpt>
   <trkpt lat="56.1046390" lon="10.0913840">
    <ele>79.0</ele>
   </trkpt>
   <trkpt lat="56.1046560" lon="10.0915400">
    <ele>79.2</ele>
   </trkpt>
   <trkpt lat="56.1046710" lon="10.0916670">
    <ele>79.4</ele>
   </trkpt>
   <trkpt lat="56.1046820" lon="10.0917690">
    <ele>79.6</ele>
   </trkpt>
   <trkpt lat="56.1046960" lon="10.0918910">
    <ele>79.8</ele>
   </trkpt>
   <trkpt lat="56.1047110" lon="10.0920350">
    <ele>80.0</ele>
   </trkpt>
   <trkpt lat="56.1047200" lon="10.0921310">
    <ele>80.2</ele>
   </trkpt>
   <trkpt lat="56.1047320" lon="10.0922510">
    <ele>80.6</ele>
   </trkpt>
   <trkpt lat="56.1047450" lon="10.0923940">
    <ele>80.8</ele>
   </trkpt>
   <trkpt lat="56.1047550" lon="10.0924830">
    <ele>81.0</ele>
   </trkpt>
   <trkpt lat="56.1047700" lon="10.0926190">
    <ele>81.2</ele>
   </trkpt>
   <trkpt lat="56.1047830" lon="10.0927300">
    <ele>81.4</ele>
   </trkpt>
   <trkpt lat="56.1047920" lon="10.0928200">
    <ele>81.6</ele>
   </trkpt>
   <trkpt lat="56.1048070" lon="10.0929580">
    <ele>81.8</ele>
   </trkpt>
   <trkpt lat="56.1048190" lon="10.0930700">
    <ele>82.0</ele>
   </trkpt>
   <trkpt lat="56.1048290" lon="10.0931580">
    <ele>82.4</ele>
   </trkpt>
   <trkpt lat="56.1048430" lon="10.0932890">
    <ele>82.4</ele>
   </trkpt>
   <trkpt lat="56.1048540" lon="10.0934020">
    <ele>82.6</ele>
   </trkpt>
   <trkpt lat="56.1048630" lon="10.0934940">
    <ele>82.6</ele>
   </trkpt>
   <trkpt lat="56.1048740" lon="10.0936070">
    <ele>82.6</ele>
   </trkpt>
   <trkpt lat="56.1048870" lon="10.0937200">
    <ele>82.6</ele>
   </trkpt>
   <trkpt lat="56.1049000" lon="10.0938320">
    <ele>82.8</ele>
   </trkpt>
   <trkpt lat="56.1049110" lon="10.0939400">
    <ele>82.8</ele>
   </trkpt>
   <trkpt lat="56.1049250" lon="10.0940710">
    <ele>83.0</ele>
   </trkpt>
   <trkpt lat="56.1049350" lon="10.0941780">
    <ele>83.2</ele>
   </trkpt>
   <trkpt lat="56.1049440" lon="10.0942850">
    <ele>83.4</ele>
   </trkpt>
   <trkpt lat="56.1049520" lon="10.0943910">
    <ele>83.8</ele>
   </trkpt>
   <trkpt lat="56.1049600" lon="10.0944940">
    <ele>84.0</ele>
   </trkpt>
   <trkpt lat="56.1049680" lon="10.0945760">
    <ele>84.2</ele>
   </trkpt>
   <trkpt lat="56.1049780" lon="10.0946980">
    <ele>84.4</ele>
   </trkpt>
   <trkpt lat="56.1049860" lon="10.0948000">
    <ele>84.6</ele>
   </trkpt>
   <trkpt lat="56.1049920" lon="10.0949040">
    <ele>84.8</ele>
   </trkpt>
   <trkpt lat="56.1049950" lon="10.0949830">
    <ele>84.8</ele>
   </trkpt>
   <trkpt lat="56.1049990" lon="10.0950820">
    <ele>85.0</ele>
   </trkpt>
   <trkpt lat="56.1050070" lon="10.0951990">
    <ele>85.0</ele>
   </trkpt>
   <trkpt lat="56.1050140" lon="10.0952970">
    <ele>85.2</ele>
   </trkpt>
   <trkpt lat="56.1050200" lon="10.0953940">
    <ele>85.4</ele>
   </trkpt>
   <trkpt lat="56.1050280" lon="10.0954710">
    <ele>85.6</ele>
   </trkpt>
   <trkpt lat="56.1050420" lon="10.0955840">
    <ele>85.6</ele>
   </trkpt>
   <trkpt lat="56.1050520" lon="10.0956630">
    <ele>85.8</ele>
   </trkpt>
   <trkpt lat="56.1050660" lon="10.0957610">
    <ele>86.0</ele>
   </trkpt>
   <trkpt lat="56.1050840" lon="10.0958580">
    <ele>86.0</ele>
   </trkpt>
   <trkpt lat="56.1051050" lon="10.0959540">
    <ele>86.0</ele>
   </trkpt>
   <trkpt lat="56.1051280" lon="10.0960670">
    <ele>86.2</ele>
   </trkpt>
   <trkpt lat="56.1051460" lon="10.0961660">
    <ele>86.2</ele>
   </trkpt>
   <trkpt lat="56.1051600" lon="10.0962680">
    <ele>86.4</ele>
   </trkpt>
   <trkpt lat="56.1051690" lon="10.0963510">
    <ele>86.4</ele>
   </trkpt>
   <trkpt lat="56.1051820" lon="10.0964790">
    <ele>86.4</ele>
   </trkpt>
   <trkpt lat="56.1051930" lon="10.0965870">
    <ele>86.4</ele>
   </trkpt>
   <trkpt lat="56.1052030" lon="10.0966740">
    <ele>86.4</ele>
   </trkpt>
   <trkpt lat="56.1052190" lon="10.0968080">
    <ele>86.4</ele>
   </trkpt>
   <trkpt lat="56.1052330" lon="10.0969190">
    <ele>86.2</ele>
   </trkpt>
   <trkpt lat="56.1052470" lon="10.0970090">
    <ele>86.2</ele>
   </trkpt>
   <trkpt lat="56.1052660" lon="10.0971470">
    <ele>86.2</ele>
   </trkpt>
   <trkpt lat="56.1052820" lon="10.0972650">
    <ele>86.0</ele>
   </trkpt>
   <trkpt lat="56.1052930" lon="10.0973630">
    <ele>86.0</ele>
   </trkpt>
   <trkpt lat="56.1053100" lon="10.0975110">
    <ele>85.8</ele>
   </trkpt>
   <trkpt lat="56.1053260" lon="10.0976340">
    <ele>85.8</ele>
   </trkpt>
   <trkpt lat="56.1053400" lon="10.0977310">
    <ele>85.6</ele>
   </trkpt>
   <trkpt lat="56.1053610" lon="10.0978780">
    <ele>85.4</ele>
   </trkpt>
   <trkpt lat="56.1053780" lon="10.0980050">
    <ele>85.4</ele>
   </trkpt>
   <trkpt lat="56.1053910" lon="10.0981060">
    <ele>85.2</ele>
   </trkpt>
   <trkpt lat="56.1054100" lon="10.0982320">
    <ele>85.0</ele>
   </trkpt>
   <trkpt lat="56.1054260" lon="10.0983650">
    <ele>84.8</ele>
   </trkpt>
   <trkpt lat="56.1054420" lon="10.0985000">
    <ele>84.4</ele>
   </trkpt>
   <trkpt lat="56.1054630" lon="10.0986640">
    <ele>84.2</ele>
   </trkpt>
   <trkpt lat="56.1054820" lon="10.0988030">
    <ele>84.0</ele>
   </trkpt>
   <trkpt lat="56.1054970" lon="10.0989140">
    <ele>83.8</ele>
   </trkpt>
   <trkpt lat="56.1055210" lon="10.0990800">
    <ele>83.6</ele>
   </trkpt>
   <trkpt lat="56.1055410" lon="10.0992240">
    <ele>83.4</ele>
   </trkpt>
   <trkpt lat="56.1055560" lon="10.0993400">
    <ele>83.0</ele>
   </trkpt>
   <trkpt lat="56.1055780" lon="10.0995160">
    <ele>82.8</ele>
   </trkpt>
   <trkpt lat="56.1055940" lon="10.0996320">
    <ele>82.6</ele>
   </trkpt>
   <trkpt lat="56.1056140" lon="10.0997800">
    <ele>82.4</ele>
   </trkpt>
   <trkpt lat="56.1056390" lon="10.0999590">
    <ele>82.0</ele>
   </trkpt>
   <trkpt lat="56.1056550" lon="10.1000780">
    <ele>81.6</ele>
   </trkpt>
   <trkpt lat="56.1056740" lon="10.1002260">
    <ele>81.4</ele>
   </trkpt>
   <trkpt lat="56.1056930" lon="10.1003750">
    <ele>81.2</ele>
   </trkpt>
   <trkpt lat="56.1057120" lon="10.1005220">
    <ele>81.0</ele>
   </trkpt>
   <trkpt lat="56.1057270" lon="10.1006730">
    <ele>80.8</ele>
   </trkpt>
   <trkpt lat="56.1057460" lon="10.1008580">
    <ele>80.6</ele>
   </trkpt>
   <trkpt lat="56.1057620" lon="10.1009820">
    <ele>80.4</ele>
   </trkpt>
   <trkpt lat="56.1057890" lon="10.1011330">
    <ele>80.2</ele>
   </trkpt>
   <trkpt lat="56.1058260" lon="10.1013130">
    <ele>80.0</ele>
   </trkpt>
   <trkpt lat="56.1058510" lon="10.1014330">
    <ele>79.8</ele>
   </trkpt>
   <trkpt lat="56.1058790" lon="10.1015830">
    <ele>79.6</ele>
   </trkpt>
   <trkpt lat="56.1059030" lon="10.1017360">
    <ele>79.6</ele>
   </trkpt>
   <trkpt lat="56.1059270" lon="10.1018890">
    <ele>79.6</ele>
   </trkpt>
   <trkpt lat="56.1059550" lon="10.1020710">
    <ele>79.4</ele>
   </trkpt>
   <trkpt lat="56.1059720" lon="10.1021910">
    <ele>79.4</ele>
   </trkpt>
   <trkpt lat="56.1059940" lon="10.1023400">
    <ele>79.6</ele>
   </trkpt>
   <trkpt lat="56.1060160" lon="10.1024840">
    <ele>79.6</ele>
   </trkpt>
   <trkpt lat="56.1060330" lon="10.1026230">
    <ele>79.6</ele>
   </trkpt>
   <trkpt lat="56.1060490" lon="10.1027580">
    <ele>79.8</ele>
   </trkpt>
   <trkpt lat="56.1060680" lon="10.1028780">
    <ele>79.8</ele>
   </trkpt>
   <trkpt lat="56.1060840" lon="10.1029730">
    <ele>80.2</ele>
   </trkpt>
   <trkpt lat="56.1060970" lon="10.1030490">
    <ele>80.4</ele>
   </trkpt>
   <trkpt lat="56.1061010" lon="10.1030750">
    <ele>80.6</ele>
   </trkpt>
   <trkpt lat="56.1061030" lon="10.1030890">
    <ele>80.8</ele>
   </trkpt>
   <trkpt lat="56.1061030" lon="10.1030890">
    <ele>81.0</ele>
   </trkpt>
   <trkpt lat="56.1061030" lon="10.1030890">
    <ele>81.2</ele>
   </trkpt>
   <trkpt lat="56.1061190" lon="10.1031570">
    <ele>81.2</ele>
   </trkpt>
   <trkpt lat="56.1061220" lon="10.1031840">
    <ele>81.2</ele>
   </trkpt>
   <trkpt lat="56.1061280" lon="10.1032300">
    <ele>81.2</ele>
   </trkpt>
   <trkpt lat="56.1061310" lon="10.1032710">
    <ele>81.2</ele>
   </trkpt>
   <trkpt lat="56.1061350" lon="10.1033280">
    <ele>81.2</ele>
   </trkpt>
   <trkpt lat="56.1061430" lon="10.1034060">
    <ele>81.2</ele>
   </trkpt>
   <trkpt lat="56.1061480" lon="10.1034650">
    <ele>81.0</ele>
   </trkpt>
   <trkpt lat="56.1061570" lon="10.1035440">
    <ele>81.0</ele>
   </trkpt>
   <trkpt lat="56.1061730" lon="10.1036450">
    <ele>81.0</ele>
   </trkpt>
   <trkpt lat="56.1061870" lon="10.1037210">
    <ele>81.0</ele>
   </trkpt>
   <trkpt lat="56.1062040" lon="10.1038190">
    <ele>81.0</ele>
   </trkpt>
   <trkpt lat="56.1062250" lon="10.1039430">
    <ele>81.0</ele>
   </trkpt>
   <trkpt lat="56.1062390" lon="10.1040320">
    <ele>81.0</ele>
   </trkpt>
   <trkpt lat="56.1062560" lon="10.1041460">
    <ele>81.0</ele>
   </trkpt>
   <trkpt lat="56.1062740" lon="10.1042600">
    <ele>80.8</ele>
   </trkpt>
   <trkpt lat="56.1062920" lon="10.1043760">
    <ele>80.8</ele>
   </trkpt>
   <trkpt lat="56.1063100" lon="10.1044940">
    <ele>80.8</ele>
   </trkpt>
   <trkpt lat="56.1063310" lon="10.1046380">
    <ele>80.8</ele>
   </trkpt>
   <trkpt lat="56.1063470" lon="10.1047360">
    <ele>80.8</ele>
   </trkpt>
   <trkpt lat="56.1063650" lon="10.1048620">
    <ele>80.8</ele>
   </trkpt>
   <trkpt lat="56.1063920" lon="10.1050160">
    <ele>80.8</ele>
   </trkpt>
   <trkpt lat="56.1064090" lon="10.1051190">
    <ele>80.6</ele>
   </trkpt>
   <trkpt lat="56.1064260" lon="10.1052480">
    <ele>80.6</ele>
   </trkpt>
   <trkpt lat="56.1064510" lon="10.1054010">
    <ele>80.4</ele>
   </trkpt>
   <trkpt lat="56.1064710" lon="10.1055090">
    <ele>80.4</ele>
   </trkpt>
   <trkpt lat="56.1064930" lon="10.1056420">
    <ele>80.2</ele>
   </trkpt>
   <trkpt lat="56.1065180" lon="10.1057990">
    <ele>80.2</ele>
   </trkpt>
   <trkpt lat="56.1065400" lon="10.1059080">
    <ele>80.2</ele>
   </trkpt>
   <trkpt lat="56.1065640" lon="10.1060490">
    <ele>80.0</ele>
   </trkpt>
   <trkpt lat="56.1065940" lon="10.1062190">
    <ele>80.0</ele>
   </trkpt>
   <trkpt lat="56.1066200" lon="10.1063660">
    <ele>80.0</ele>
   </trkpt>
   <trkpt lat="56.1066420" lon="10.1065100">
    <ele>79.8</ele>
   </trkpt>
   <trkpt lat="56.1066640" lon="10.1066560">
    <ele>79.8</ele>
   </trkpt>
   <trkpt lat="56.1066790" lon="10.1067750">
    <ele>79.6</ele>
   </trkpt>
   <trkpt lat="56.1067000" lon="10.1069540">
    <ele>79.6</ele>
   </trkpt>
   <trkpt lat="56.1067150" lon="10.1070740">
    <ele>79.6</ele>
   </trkpt>
   <trkpt lat="56.1067350" lon="10.1072240">
    <ele>79.6</ele>
   </trkpt>
   <trkpt lat="56.1067570" lon="10.1073730">
    <ele>79.6</ele>
   </trkpt>
   <trkpt lat="56.1067830" lon="10.1075220">
    <ele>79.6</ele>
   </trkpt>
   <trkpt lat="56.1068120" lon="10.1076990">
    <ele>79.4</ele>
   </trkpt>
   <trkpt lat="56.1068270" lon="10.1078170">
    <ele>79.4</ele>
   </trkpt>
   <trkpt lat="56.1068460" lon="10.1079660">
    <ele>79.4</ele>
   </trkpt>
   <trkpt lat="56.1068740" lon="10.1081460">
    <ele>79.2</ele>
   </trkpt>
   <trkpt lat="56.1068940" lon="10.1082660">
    <ele>79.2</ele>
   </trkpt>
   <trkpt lat="56.1069190" lon="10.1084150">
    <ele>79.2</ele>
   </trkpt>
   <trkpt lat="56.1069470" lon="10.1085930">
    <ele>79.0</ele>
   </trkpt>
   <trkpt lat="56.1069680" lon="10.1087100">
    <ele>79.0</ele>
   </trkpt>
   <trkpt lat="56.1069920" lon="10.1088570">
    <ele>78.8</ele>
   </trkpt>
   <trkpt lat="56.1070180" lon="10.1090310">
    <ele>78.8</ele>
   </trkpt>
   <trkpt lat="56.1070350" lon="10.1091460">
    <ele>79.0</ele>
   </trkpt>
   <trkpt lat="56.1070580" lon="10.1092880">
    <ele>79.0</ele>
   </trkpt>
   <trkpt lat="56.1070870" lon="10.1094550">
    <ele>79.2</ele>
   </trkpt>
   <trkpt lat="56.1071070" lon="10.1095660">
    <ele>79.4</ele>
   </trkpt>
   <trkpt lat="56.1071350" lon="10.1097040">
    <ele>79.4</ele>
   </trkpt>
   <trkpt lat="56.1071610" lon="10.1098440">
    <ele>79.4</ele>
   </trkpt>
   <trkpt lat="56.1071830" lon="10.1099830">
    <ele>79.2</ele>
   </trkpt>
   <trkpt lat="56.1072040" lon="10.1101210">
    <ele>79.2</ele>
   </trkpt>
   <trkpt lat="56.1072220" lon="10.1102600">
    <ele>79.2</ele>
   </trkpt>
   <trkpt lat="56.1072380" lon="10.1103980">
    <ele>79.2</ele>
   </trkpt>
   <trkpt lat="56.1072570" lon="10.1105320">
    <ele>79.2</ele>
   </trkpt>
   <trkpt lat="56.1072840" lon="10.1106860">
    <ele>79.4</ele>
   </trkpt>
   <trkpt lat="56.1073030" lon="10.1107850">
    <ele>79.4</ele>
   </trkpt>
   <trkpt lat="56.1073260" lon="10.1109060">
    <ele>79.6</ele>
   </trkpt>
   <trkpt lat="56.1073490" lon="10.1110240">
    <ele>79.8</ele>
   </trkpt>
   <trkpt lat="56.1073780" lon="10.1111670">
    <ele>79.8</ele>
   </trkpt>
   <trkpt lat="56.1073940" lon="10.1112640">
    <ele>79.8</ele>
   </trkpt>
   <trkpt lat="56.1074150" lon="10.1113870">
    <ele>79.8</ele>
   </trkpt>
   <trkpt lat="56.1074400" lon="10.1115340">
    <ele>79.8</ele>
   </trkpt>
   <trkpt lat="56.1074580" lon="10.1116320">
    <ele>79.8</ele>
   </trkpt>
   <trkpt lat="56.1074810" lon="10.1117540">
    <ele>79.8</ele>
   </trkpt>
   <trkpt lat="56.1075080" lon="10.1119010">
    <ele>79.6</ele>
   </trkpt>
   <trkpt lat="56.1075270" lon="10.1119990">
    <ele>79.6</ele>
   </trkpt>
   <trkpt lat="56.1075550" lon="10.1121200">
    <ele>79.6</ele>
   </trkpt>
   <trkpt lat="56.1075930" lon="10.1122610">
    <ele>79.6</ele>
   </trkpt>
   <trkpt lat="56.1076240" lon="10.1123810">
    <ele>79.6</ele>
   </trkpt>
   <trkpt lat="56.1076440" lon="10.1124780">
    <ele>79.6</ele>
   </trkpt>
   <trkpt lat="56.1076710" lon="10.1126260">
    <ele>79.6</ele>
   </trkpt>
   <trkpt lat="56.1076870" lon="10.1127300">
    <ele>79.6</ele>
   </trkpt>
   <trkpt lat="56.1077110" lon="10.1128600">
    <ele>79.6</ele>
   </trkpt>
   <trkpt lat="56.1077340" lon="10.1129920">
    <ele>79.4</ele>
   </trkpt>
   <trkpt lat="56.1077570" lon="10.1131270">
    <ele>79.4</ele>
   </trkpt>
   <trkpt lat="56.1077790" lon="10.1132640">
    <ele>79.4</ele>
   </trkpt>
   <trkpt lat="56.1078050" lon="10.1134360">
    <ele>79.2</ele>
   </trkpt>
   <trkpt lat="56.1078300" lon="10.1135840">
    <ele>79.0</ele>
   </trkpt>
   <trkpt lat="56.1078510" lon="10.1137070">
    <ele>79.0</ele>
   </trkpt>
   <trkpt lat="56.1078820" lon="10.1138940">
    <ele>78.8</ele>
   </trkpt>
   <trkpt lat="56.1079090" lon="10.1140530">
    <ele>78.6</ele>
   </trkpt>
   <trkpt lat="56.1079300" lon="10.1141830">
    <ele>78.2</ele>
   </trkpt>
   <trkpt lat="56.1079620" lon="10.1143820">
    <ele>77.8</ele>
   </trkpt>
   <trkpt lat="56.1079850" lon="10.1145170">
    <ele>77.6</ele>
   </trkpt>
   <trkpt lat="56.1080140" lon="10.1146880">
    <ele>77.0</ele>
   </trkpt>
   <trkpt lat="56.1080490" lon="10.1148950">
    <ele>76.8</ele>
   </trkpt>
   <trkpt lat="56.1080710" lon="10.1150340">
    <ele>76.4</ele>
   </trkpt>
   <trkpt lat="56.1081000" lon="10.1152050">
    <ele>76.4</ele>
   </trkpt>
   <trkpt lat="56.1081340" lon="10.1154070">
    <ele>76.2</ele>
   </trkpt>
   <trkpt lat="56.1081630" lon="10.1155700">
    <ele>76.4</ele>
   </trkpt>
   <trkpt lat="56.1081880" lon="10.1156990">
    <ele>76.4</ele>
   </trkpt>
   <trkpt lat="56.1082210" lon="10.1158860">
    <ele>76.6</ele>
   </trkpt>
   <trkpt lat="56.1082490" lon="10.1160400">
    <ele>76.6</ele>
   </trkpt>
   <trkpt lat="56.1082710" lon="10.1161640">
    <ele>76.6</ele>
   </trkpt>
   <trkpt lat="56.1082920" lon="10.1163220">
    <ele>76.6</ele>
   </trkpt>
   <trkpt lat="56.1083090" lon="10.1164840">
    <ele>76.6</ele>
   </trkpt>
   <trkpt lat="56.1083270" lon="10.1166460">
    <ele>76.6</ele>
   </trkpt>
   <trkpt lat="56.1083550" lon="10.1168370">
    <ele>76.4</ele>
   </trkpt>
   <trkpt lat="56.1083810" lon="10.1169570">
    <ele>76.2</ele>
   </trkpt>
   <trkpt lat="56.1084180" lon="10.1171020">
    <ele>76.0</ele>
   </trkpt>
   <trkpt lat="56.1084670" lon="10.1172710">
    <ele>76.0</ele>
   </trkpt>
   <trkpt lat="56.1085010" lon="10.1173820">
    <ele>76.0</ele>
   </trkpt>
   <trkpt lat="56.1085490" lon="10.1175160">
    <ele>76.0</ele>
   </trkpt>
   <trkpt lat="56.1086110" lon="10.1176690">
    <ele>76.0</ele>
   </trkpt>
   <trkpt lat="56.1086550" lon="10.1177650">
    <ele>76.0</ele>
   </trkpt>
   <trkpt lat="56.1087050" lon="10.1178840">
    <ele>76.0</ele>
   </trkpt>
   <trkpt lat="56.1087590" lon="10.1180290">
    <ele>76.2</ele>
   </trkpt>
   <trkpt lat="56.1087910" lon="10.1181260">
    <ele>76.2</ele>
   </trkpt>
   <trkpt lat="56.1088310" lon="10.1182430">
    <ele>76.2</ele>
   </trkpt>
   <trkpt lat="56.1088760" lon="10.1183720">
    <ele>76.4</ele>
   </trkpt>
   <trkpt lat="56.1089090" lon="10.1184600">
    <ele>76.6</ele>
   </trkpt>
   <trkpt lat="56.1089270" lon="10.1185170">
    <ele>76.6</ele>
   </trkpt>
   <trkpt lat="56.1089500" lon="10.1185820">
    <ele>76.8</ele>
   </trkpt>
   <trkpt lat="56.1089600" lon="10.1186100">
    <ele>77.0</ele>
   </trkpt>
   <trkpt lat="56.1089660" lon="10.1186270">
    <ele>77.0</ele>
   </trkpt>
   <trkpt lat="56.1089660" lon="10.1186270">
    <ele>77.2</ele>
   </trkpt>
   <trkpt lat="56.1089660" lon="10.1186270">
    <ele>77.2</ele>
   </trkpt>
   <trkpt lat="56.1090030" lon="10.1187040">
    <ele>77.2</ele>
   </trkpt>
   <trkpt lat="56.1090140" lon="10.1187350">
    <ele>77.2</ele>
   </trkpt>
   <trkpt lat="56.1090260" lon="10.1187660">
    <ele>77.2</ele>
   </trkpt>
   <trkpt lat="56.1090420" lon="10.1188120">
    <ele>77.2</ele>
   </trkpt>
   <trkpt lat="56.1090580" lon="10.1188660">
    <ele>77.0</ele>
   </trkpt>
   <trkpt lat="56.1090780" lon="10.1189270">
    <ele>77.0</ele>
   </trkpt>
   <trkpt lat="56.1091060" lon="10.1190040">
    <ele>76.8</ele>
   </trkpt>
   <trkpt lat="56.1091290" lon="10.1190780">
    <ele>76.8</ele>
   </trkpt>
   <trkpt lat="56.1091500" lon="10.1191390">
    <ele>76.8</ele>
   </trkpt>
   <trkpt lat="56.1091860" lon="10.1192330">
    <ele>76.6</ele>
   </trkpt>
   <trkpt lat="56.1092160" lon="10.1193150">
    <ele>76.6</ele>
   </trkpt>
   <trkpt lat="56.1092470" lon="10.1194000">
    <ele>76.6</ele>
   </trkpt>
   <trkpt lat="56.1092740" lon="10.1194710">
    <ele>76.4</ele>
   </trkpt>
   <trkpt lat="56.1093160" lon="10.1195800">
    <ele>76.4</ele>
   </trkpt>
   <trkpt lat="56.1093570" lon="10.1196670">
    <ele>76.4</ele>
   </trkpt>
   <trkpt lat="56.1093940" lon="10.1197360">
    <ele>76.4</ele>
   </trkpt>
   <trkpt lat="56.1094470" lon="10.1198450">
    <ele>76.4</ele>
   </trkpt>
   <trkpt lat="56.1094890" lon="10.1199450">
    <ele>76.2</ele>
   </trkpt>
   <trkpt lat="56.1095230" lon="10.1200300">
    <ele>76.2</ele>
   </trkpt>
   <trkpt lat="56.1095750" lon="10.1201590">
    <ele>76.2</ele>
   </trkpt>
   <trkpt lat="56.1096110" lon="10.1202490">
    <ele>76.0</ele>
   </trkpt>
   <trkpt lat="56.1096570" lon="10.1203630">
    <ele>75.6</ele>
   </trkpt>
   <trkpt lat="56.1097130" lon="10.1205010">
    <ele>75.4</ele>
   </trkpt>
   <trkpt lat="56.1097520" lon="10.1205930">
    <ele>75.0</ele>
   </trkpt>
   <trkpt lat="56.1098030" lon="10.1207090">
    <ele>74.8</ele>
   </trkpt>
   <trkpt lat="56.1098550" lon="10.1208290">
    <ele>74.4</ele>
   </trkpt>
   <trkpt lat="56.1099070" lon="10.1209510">
    <ele>74.0</ele>
   </trkpt>
   <trkpt lat="56.1099590" lon="10.1210770">
    <ele>73.6</ele>
   </trkpt>
   <trkpt lat="56.1100240" lon="10.1212330">
    <ele>73.2</ele>
   </trkpt>
   <trkpt lat="56.1100820" lon="10.1213670">
    <ele>72.6</ele>
   </trkpt>
   <trkpt lat="56.1101290" lon="10.1214770">
    <ele>72.0</ele>
   </trkpt>
   <trkpt lat="56.1102000" lon="10.1216470">
    <ele>71.4</ele>
   </trkpt>
   <trkpt lat="56.1102500" lon="10.1217620">
    <ele>70.8</ele>
   </trkpt>
   <trkpt lat="56.1103130" lon="10.1219070">
    <ele>70.2</ele>
   </trkpt>
   <trkpt lat="56.1103900" lon="10.1220840">
    <ele>69.6</ele>
   </trkpt>
   <trkpt lat="56.1104400" lon="10.1222030">
    <ele>69.0</ele>
   </trkpt>
   <trkpt lat="56.1105050" lon="10.1223530">
    <ele>68.6</ele>
   </trkpt>
   <trkpt lat="56.1105850" lon="10.1225290">
    <ele>68.4</ele>
   </trkpt>
   <trkpt lat="56.1106350" lon="10.1226480">
    <ele>68.0</ele>
   </trkpt>
   <trkpt lat="56.1106960" lon="10.1227960">
    <ele>67.8</ele>
   </trkpt>
   <trkpt lat="56.1107690" lon="10.1229710">
    <ele>67.6</ele>
   </trkpt>
   <trkpt lat="56.1108190" lon="10.1230830">
    <ele>67.4</ele>
   </trkpt>
   <trkpt lat="56.1108810" lon="10.1232220">
    <ele>67.2</ele>
   </trkpt>
   <trkpt lat="56.1109520" lon="10.1233900">
    <ele>67.2</ele>
   </trkpt>
   <trkpt lat="56.1109980" lon="10.1235040">
    <ele>67.0</ele>
   </trkpt>
   <trkpt lat="56.1110580" lon="10.1236450">
    <ele>67.0</ele>
   </trkpt>
   <trkpt lat="56.1111190" lon="10.1237840">
    <ele>66.8</ele>
   </trkpt>
   <trkpt lat="56.1111790" lon="10.1239250">
    <ele>66.6</ele>
   </trkpt>
   <trkpt lat="56.1112340" lon="10.1240670">
    <ele>66.4</ele>
   </trkpt>
   <trkpt lat="56.1112930" lon="10.1242350">
    <ele>66.2</ele>
   </trkpt>
   <trkpt lat="56.1113280" lon="10.1243400">
    <ele>66.2</ele>
   </trkpt>
   <trkpt lat="56.1113680" lon="10.1244650">
    <ele>66.0</ele>
   </trkpt>
   <trkpt lat="56.1114170" lon="10.1246060">
    <ele>66.0</ele>
   </trkpt>
   <trkpt lat="56.1114580" lon="10.1247120">
    <ele>65.8</ele>
   </trkpt>
   <trkpt lat="56.1114880" lon="10.1247920">
    <ele>65.8</ele>
   </trkpt>
   <trkpt lat="56.1115320" lon="10.1249090">
    <ele>65.8</ele>
   </trkpt>
   <trkpt lat="56.1115590" lon="10.1249780">
    <ele>65.8</ele>
   </trkpt>
   <trkpt lat="56.1115900" lon="10.1250540">
    <ele>65.8</ele>
   </trkpt>
   <trkpt lat="56.1116190" lon="10.1251300">
    <ele>65.6</ele>
   </trkpt>
   <trkpt lat="56.1116360" lon="10.1251780">
    <ele>65.6</ele>
   </trkpt>
   <trkpt lat="56.1116470" lon="10.1252050">
    <ele>65.6</ele>
   </trkpt>
   <trkpt lat="56.1116570" lon="10.1252360">
    <ele>65.4</ele>
   </trkpt>
   <trkpt lat="56.1116720" lon="10.1252810">
    <ele>65.4</ele>
   </trkpt>
   <trkpt lat="56.1116840" lon="10.1253080">
    <ele>65.4</ele>
   </trkpt>
   <trkpt lat="56.1116950" lon="10.1253360">
    <ele>65.2</ele>
   </trkpt>
   <trkpt lat="56.1117060" lon="10.1253640">
    <ele>65.2</ele>
   </trkpt>
   <trkpt lat="56.1117180" lon="10.1253910">
    <ele>65.2</ele>
   </trkpt>
   <trkpt lat="56.1117290" lon="10.1254190">
    <ele>65.0</ele>
   </trkpt>
   <trkpt lat="56.1117500" lon="10.1254650">
    <ele>64.8</ele>
   </trkpt>
   <trkpt lat="56.1117810" lon="10.1255230">
    <ele>64.6</ele>
   </trkpt>
   <trkpt lat="56.1118140" lon="10.1255870">
    <ele>64.6</ele>
   </trkpt>
   <trkpt lat="56.1118480" lon="10.1256630">
    <ele>64.4</ele>
   </trkpt>
   <trkpt lat="56.1118840" lon="10.1257470">
    <ele>64.2</ele>
   </trkpt>
   <trkpt lat="56.1119280" lon="10.1258550">
    <ele>64.0</ele>
   </trkpt>
   <trkpt lat="56.1119580" lon="10.1259290">
    <ele>63.8</ele>
   </trkpt>
   <trkpt lat="56.1119970" lon="10.1260220">
    <ele>63.6</ele>
   </trkpt>
   <trkpt lat="56.1120350" lon="10.1261170">
    <ele>63.4</ele>
   </trkpt>
   <trkpt lat="56.1120740" lon="10.1262210">
    <ele>63.2</ele>
   </trkpt>
   <trkpt lat="56.1121110" lon="10.1263310">
    <ele>62.8</ele>
   </trkpt>
   <trkpt lat="56.1121540" lon="10.1264420">
    <ele>62.6</ele>
   </trkpt>
   <trkpt lat="56.1122010" lon="10.1265500">
    <ele>62.4</ele>
   </trkpt>
   <trkpt lat="56.1122620" lon="10.1266840">
    <ele>62.2</ele>
   </trkpt>
   <trkpt lat="56.1123080" lon="10.1267720">
    <ele>62.0</ele>
   </trkpt>
   <trkpt lat="56.1123670" lon="10.1268770">
    <ele>61.6</ele>
   </trkpt>
   <trkpt lat="56.1124370" lon="10.1270060">
    <ele>61.4</ele>
   </trkpt>
   <trkpt lat="56.1124800" lon="10.1271020">
    <ele>61.0</ele>
   </trkpt>
   <trkpt lat="56.1125330" lon="10.1272270">
    <ele>60.8</ele>
   </trkpt>
   <trkpt lat="56.1125970" lon="10.1273830">
    <ele>60.4</ele>
   </trkpt>
   <trkpt lat="56.1126420" lon="10.1274890">
    <ele>60.0</ele>
   </trkpt>
   <trkpt lat="56.1126970" lon="10.1276220">
    <ele>59.8</ele>
   </trkpt>
   <trkpt lat="56.1127630" lon="10.1277830">
    <ele>59.4</ele>
   </trkpt>
   <trkpt lat="56.1128060" lon="10.1278910">
    <ele>59.2</ele>
   </trkpt>
   <trkpt lat="56.1128630" lon="10.1280270">
    <ele>58.8</ele>
   </trkpt>
   <trkpt lat="56.1129200" lon="10.1281650">
    <ele>58.4</ele>
   </trkpt>
   <trkpt lat="56.1129880" lon="10.1283320">
    <ele>58.2</ele>
   </trkpt>
   <trkpt lat="56.1130340" lon="10.1284440">
    <ele>57.8</ele>
   </trkpt>
   <trkpt lat="56.1131040" lon="10.1286130">
    <ele>57.4</ele>
   </trkpt>
   <trkpt lat="56.1131510" lon="10.1287250">
    <ele>57.2</ele>
   </trkpt>
   <trkpt lat="56.1132090" lon="10.1288650">
    <ele>57.0</ele>
   </trkpt>
   <trkpt lat="56.1132770" lon="10.1290330">
    <ele>56.8</ele>
   </trkpt>
   <trkpt lat="56.1133330" lon="10.1291740">
    <ele>56.8</ele>
   </trkpt>
   <trkpt lat="56.1133770" lon="10.1292850">
    <ele>56.6</ele>
   </trkpt>
   <trkpt lat="56.1134440" lon="10.1294540">
    <ele>56.6</ele>
   </trkpt>
   <trkpt lat="56.1134890" lon="10.1295660">
    <ele>56.6</ele>
   </trkpt>
   <trkpt lat="56.1135440" lon="10.1297030">
    <ele>56.6</ele>
   </trkpt>
   <trkpt lat="56.1136150" lon="10.1298680">
    <ele>56.4</ele>
   </trkpt>
   <trkpt lat="56.1136720" lon="10.1300020">
    <ele>56.4</ele>
   </trkpt>
   <trkpt lat="56.1137170" lon="10.1301100">
    <ele>56.4</ele>
   </trkpt>
   <trkpt lat="56.1137800" lon="10.1302700">
    <ele>56.4</ele>
   </trkpt>
   <trkpt lat="56.1138200" lon="10.1303750">
    <ele>56.4</ele>
   </trkpt>
   <trkpt lat="56.1138720" lon="10.1305080">
    <ele>56.4</ele>
   </trkpt>
   <trkpt lat="56.1139350" lon="10.1306670">
    <ele>56.2</ele>
   </trkpt>
   <trkpt lat="56.1139770" lon="10.1307720">
    <ele>56.2</ele>
   </trkpt>
   <trkpt lat="56.1140320" lon="10.1309020">
    <ele>56.2</ele>
   </trkpt>
   <trkpt lat="56.1140850" lon="10.1310320">
    <ele>56.2</ele>
   </trkpt>
   <trkpt lat="56.1141380" lon="10.1311610">
    <ele>56.2</ele>
   </trkpt>
   <trkpt lat="56.1141910" lon="10.1312920">
    <ele>56.2</ele>
   </trkpt>
   <trkpt lat="56.1142540" lon="10.1314440">
    <ele>56.0</ele>
   </trkpt>
   <trkpt lat="56.1142970" lon="10.1315450">
    <ele>56.0</ele>
   </trkpt>
   <trkpt lat="56.1143490" lon="10.1316710">
    <ele>56.0</ele>
   </trkpt>
   <trkpt lat="56.1144110" lon="10.1318250">
    <ele>56.0</ele>
   </trkpt>
   <trkpt lat="56.1144500" lon="10.1319270">
    <ele>56.0</ele>
   </trkpt>
   <trkpt lat="56.1144990" lon="10.1320530">
    <ele>56.0</ele>
   </trkpt>
   <trkpt lat="56.1145570" lon="10.1322040">
    <ele>56.2</ele>
   </trkpt>
   <trkpt lat="56.1146040" lon="10.1323300">
    <ele>56.2</ele>
   </trkpt>
   <trkpt lat="56.1146400" lon="10.1324330">
    <ele>56.4</ele>
   </trkpt>
   <trkpt lat="56.1146930" lon="10.1325880">
    <ele>56.4</ele>
   </trkpt>
   <trkpt lat="56.1147400" lon="10.1327140">
    <ele>56.6</ele>
   </trkpt>
   <trkpt lat="56.1147790" lon="10.1328140">
    <ele>56.4</ele>
   </trkpt>
   <trkpt lat="56.1148370" lon="10.1329640">
    <ele>56.4</ele>
   </trkpt>
   <trkpt lat="56.1148770" lon="10.1330640">
    <ele>56.4</ele>
   </trkpt>
   <trkpt lat="56.1149380" lon="10.1332130">
    <ele>56.2</ele>
   </trkpt>
   <trkpt lat="56.1149920" lon="10.1333320">
    <ele>56.2</ele>
   </trkpt>
   <trkpt lat="56.1150360" lon="10.1334270">
    <ele>56.0</ele>
   </trkpt>
   <trkpt lat="56.1150890" lon="10.1335480">
    <ele>56.0</ele>
   </trkpt>
   <trkpt lat="56.1151410" lon="10.1336740">
    <ele>55.8</ele>
   </trkpt>
   <trkpt lat="56.1151940" lon="10.1337980">
    <ele>55.8</ele>
   </trkpt>
   <trkpt lat="56.1152570" lon="10.1339470">
    <ele>55.8</ele>
   </trkpt>
   <trkpt lat="56.1153050" lon="10.1340760">
    <ele>55.6</ele>
   </trkpt>
   <trkpt lat="56.1153520" lon="10.1342090">
    <ele>55.6</ele>
   </trkpt>
   <trkpt lat="56.1153920" lon="10.1343130">
    <ele>55.6</ele>
   </trkpt>
   <trkpt lat="56.1154450" lon="10.1344390">
    <ele>55.6</ele>
   </trkpt>
   <trkpt lat="56.1155140" lon="10.1345810">
    <ele>55.4</ele>
   </trkpt>
   <trkpt lat="56.1155740" lon="10.1346960">
    <ele>55.4</ele>
   </trkpt>
   <trkpt lat="56.1156230" lon="10.1347890">
    <ele>55.2</ele>
   </trkpt>
   <trkpt lat="56.1156930" lon="10.1349330">
    <ele>55.2</ele>
   </trkpt>
   <trkpt lat="56.1157470" lon="10.1350590">
    <ele>55.2</ele>
   </trkpt>
   <trkpt lat="56.1157900" lon="10.1351610">
    <ele>55.2</ele>
   </trkpt>
   <trkpt lat="56.1158530" lon="10.1353130">
    <ele>55.0</ele>
   </trkpt>
   <trkpt lat="56.1158940" lon="10.1354150">
    <ele>55.0</ele>
   </trkpt>
   <trkpt lat="56.1159460" lon="10.1355440">
    <ele>54.8</ele>
   </trkpt>
   <trkpt lat="56.1160090" lon="10.1356990">
    <ele>54.8</ele>
   </trkpt>
   <trkpt lat="56.1160580" lon="10.1358280">
    <ele>54.8</ele>
   </trkpt>
   <trkpt lat="56.1160980" lon="10.1359310">
    <ele>54.8</ele>
   </trkpt>
   <trkpt lat="56.1161580" lon="10.1360850">
    <ele>54.8</ele>
   </trkpt>
   <trkpt lat="56.1161990" lon="10.1361900">
    <ele>54.8</ele>
   </trkpt>
   <trkpt lat="56.1162520" lon="10.1363190">
    <ele>54.8</ele>
   </trkpt>
   <trkpt lat="56.1163060" lon="10.1364470">
    <ele>54.8</ele>
   </trkpt>
   <trkpt lat="56.1163710" lon="10.1366050">
    <ele>54.8</ele>
   </trkpt>
   <trkpt lat="56.1164140" lon="10.1367100">
    <ele>54.8</ele>
   </trkpt>
   <trkpt lat="56.1164800" lon="10.1368680">
    <ele>54.8</ele>
   </trkpt>
   <trkpt lat="56.1165240" lon="10.1369750">
    <ele>54.6</ele>
   </trkpt>
   <trkpt lat="56.1165800" lon="10.1371080">
    <ele>54.6</ele>
   </trkpt>
   <trkpt lat="56.1166480" lon="10.1372680">
    <ele>54.4</ele>
   </trkpt>
   <trkpt lat="56.1166920" lon="10.1373750">
    <ele>54.4</ele>
   </trkpt>
   <trkpt lat="56.1167480" lon="10.1375070">
    <ele>54.4</ele>
   </trkpt>
   <trkpt lat="56.1168130" lon="10.1376650">
    <ele>54.4</ele>
   </trkpt>
   <trkpt lat="56.1168660" lon="10.1377960">
    <ele>54.4</ele>
   </trkpt>
   <trkpt lat="56.1169090" lon="10.1379010">
    <ele>54.4</ele>
   </trkpt>
   <trkpt lat="56.1169730" lon="10.1380600">
    <ele>54.4</ele>
   </trkpt>
   <trkpt lat="56.1170180" lon="10.1381660">
    <ele>54.2</ele>
   </trkpt>
   <trkpt lat="56.1170730" lon="10.1382990">
    <ele>54.2</ele>
   </trkpt>
   <trkpt lat="56.1171280" lon="10.1384360">
    <ele>54.2</ele>
   </trkpt>
   <trkpt lat="56.1171840" lon="10.1385750">
    <ele>54.0</ele>
   </trkpt>
   <trkpt lat="56.1172400" lon="10.1387120">
    <ele>53.8</ele>
   </trkpt>
   <trkpt lat="56.1173080" lon="10.1388790">
    <ele>53.6</ele>
   </trkpt>
   <trkpt lat="56.1173550" lon="10.1389910">
    <ele>53.2</ele>
   </trkpt>
   <trkpt lat="56.1174150" lon="10.1391310">
    <ele>53.0</ele>
   </trkpt>
   <trkpt lat="56.1174750" lon="10.1392730">
    <ele>52.6</ele>
   </trkpt>
   <trkpt lat="56.1175340" lon="10.1394170">
    <ele>52.4</ele>
   </trkpt>
   <trkpt lat="56.1175950" lon="10.1395640">
    <ele>52.0</ele>
   </trkpt>
   <trkpt lat="56.1176570" lon="10.1397130">
    <ele>51.6</ele>
   </trkpt>
   <trkpt lat="56.1177320" lon="10.1398910">
    <ele>51.2</ele>
   </trkpt>
   <trkpt lat="56.1177820" lon="10.1400100">
    <ele>50.6</ele>
   </trkpt>
   <trkpt lat="56.1178450" lon="10.1401610">
    <ele>50.2</ele>
   </trkpt>
   <trkpt lat="56.1179080" lon="10.1403140">
    <ele>49.8</ele>
   </trkpt>
   <trkpt lat="56.1179720" lon="10.1404670">
    <ele>49.4</ele>
   </trkpt>
   <trkpt lat="56.1180370" lon="10.1406220">
    <ele>49.0</ele>
   </trkpt>
   <trkpt lat="56.1181120" lon="10.1408070">
    <ele>48.8</ele>
   </trkpt>
   <trkpt lat="56.1181640" lon="10.1409310">
    <ele>48.4</ele>
   </trkpt>
   <trkpt lat="56.1182410" lon="10.1411200">
    <ele>48.2</ele>
   </trkpt>
   <trkpt lat="56.1182930" lon="10.1412460">
    <ele>47.8</ele>
   </trkpt>
   <trkpt lat="56.1183590" lon="10.1414040">
    <ele>47.4</ele>
   </trkpt>
   <trkpt lat="56.1184250" lon="10.1415620">
    <ele>47.0</ele>
   </trkpt>
   <trkpt lat="56.1184910" lon="10.1417210">
    <ele>46.4</ele>
   </trkpt>
   <trkpt lat="56.1185570" lon="10.1418800">
    <ele>46.0</ele>
   </trkpt>
   <trkpt lat="56.1186360" lon="10.1420700">
    <ele>45.6</ele>
   </trkpt>
   <trkpt lat="56.1186880" lon="10.1421980">
    <ele>45.2</ele>
   </trkpt>
   <trkpt lat="56.1187540" lon="10.1423590">
    <ele>45.0</ele>
   </trkpt>
   <trkpt lat="56.1188190" lon="10.1425180">
    <ele>44.6</ele>
   </trkpt>
   <trkpt lat="56.1188840" lon="10.1426740">
    <ele>44.4</ele>
   </trkpt>
   <trkpt lat="56.1189500" lon="10.1428310">
    <ele>44.0</ele>
   </trkpt>
   <trkpt lat="56.1190280" lon="10.1430190">
    <ele>43.8</ele>
   </trkpt>
   <trkpt lat="56.1190790" lon="10.1431430">
    <ele>43.4</ele>
   </trkpt>
   <trkpt lat="56.1191410" lon="10.1432990">
    <ele>43.2</ele>
   </trkpt>
   <trkpt lat="56.1192160" lon="10.1434860">
    <ele>42.8</ele>
   </trkpt>
   <trkpt lat="56.1192670" lon="10.1436100">
    <ele>42.6</ele>
   </trkpt>
   <trkpt lat="56.1193280" lon="10.1437680">
    <ele>42.2</ele>
   </trkpt>
   <trkpt lat="56.1193870" lon="10.1439280">
    <ele>42.0</ele>
   </trkpt>
   <trkpt lat="56.1194430" lon="10.1440890">
    <ele>41.6</ele>
   </trkpt>
   <trkpt lat="56.1195020" lon="10.1442490">
    <ele>41.2</ele>
   </trkpt>
   <trkpt lat="56.1195640" lon="10.1444010">
    <ele>40.8</ele>
   </trkpt>
   <trkpt lat="56.1196290" lon="10.1445450">
    <ele>40.6</ele>
   </trkpt>
   <trkpt lat="56.1196990" lon="10.1446820">
    <ele>40.2</ele>
   </trkpt>
   <trkpt lat="56.1197680" lon="10.1448210">
    <ele>40.0</ele>
   </trkpt>
   <trkpt lat="56.1198300" lon="10.1449650">
    <ele>39.8</ele>
   </trkpt>
   <trkpt lat="56.1198910" lon="10.1451140">
    <ele>39.4</ele>
   </trkpt>
   <trkpt lat="56.1199600" lon="10.1452940">
    <ele>39.2</ele>
   </trkpt>
   <trkpt lat="56.1200050" lon="10.1454130">
    <ele>39.0</ele>
   </trkpt>
   <trkpt lat="56.1200630" lon="10.1455610">
    <ele>38.6</ele>
   </trkpt>
   <trkpt lat="56.1201200" lon="10.1457020">
    <ele>38.4</ele>
   </trkpt>
   <trkpt lat="56.1201720" lon="10.1458300">
    <ele>38.2</ele>
   </trkpt>
   <trkpt lat="56.1202180" lon="10.1459440">
    <ele>38.2</ele>
   </trkpt>
   <trkpt lat="56.1202580" lon="10.1460420">
    <ele>38.4</ele>
   </trkpt>
   <trkpt lat="56.1202960" lon="10.1461360">
    <ele>38.4</ele>
   </trkpt>
   <trkpt lat="56.1203120" lon="10.1461820">
    <ele>38.6</ele>
   </trkpt>
   <trkpt lat="56.1203300" lon="10.1462330">
    <ele>38.6</ele>
   </trkpt>
   <trkpt lat="56.1203350" lon="10.1462530">
    <ele>38.6</ele>
   </trkpt>
   <trkpt lat="56.1203400" lon="10.1462680">
    <ele>38.6</ele>
   </trkpt>
   <trkpt lat="56.1203400" lon="10.1462740">
    <ele>38.6</ele>
   </trkpt>
   <trkpt lat="56.1203400" lon="10.1462740">
    <ele>38.4</ele>
   </trkpt>
   <trkpt lat="56.1203760" lon="10.1463560">
    <ele>37.8</ele>
   </trkpt>
   <trkpt lat="56.1203890" lon="10.1463950">
    <ele>37.6</ele>
   </trkpt>
   <trkpt lat="56.1204070" lon="10.1464400">
    <ele>37.6</ele>
   </trkpt>
   <trkpt lat="56.1204270" lon="10.1464930">
    <ele>37.4</ele>
   </trkpt>
   <trkpt lat="56.1204480" lon="10.1465540">
    <ele>37.2</ele>
   </trkpt>
   <trkpt lat="56.1204710" lon="10.1466230">
    <ele>37.0</ele>
   </trkpt>
   <trkpt lat="56.1204970" lon="10.1466990">
    <ele>36.8</ele>
   </trkpt>
   <trkpt lat="56.1205250" lon="10.1467790">
    <ele>36.8</ele>
   </trkpt>
   <trkpt lat="56.1205540" lon="10.1468610">
    <ele>36.6</ele>
   </trkpt>
   <trkpt lat="56.1205890" lon="10.1469400">
    <ele>36.4</ele>
   </trkpt>
   <trkpt lat="56.1206230" lon="10.1470200">
    <ele>36.2</ele>
   </trkpt>
   <trkpt lat="56.1206600" lon="10.1471050">
    <ele>36.2</ele>
   </trkpt>
   <trkpt lat="56.1206980" lon="10.1471920">
    <ele>36.0</ele>
   </trkpt>
   <trkpt lat="56.1207380" lon="10.1472820">
    <ele>35.8</ele>
   </trkpt>
   <trkpt lat="56.1207820" lon="10.1473710">
    <ele>35.6</ele>
   </trkpt>
   <trkpt lat="56.1208290" lon="10.1474520">
    <ele>35.4</ele>
   </trkpt>
   <trkpt lat="56.1208790" lon="10.1475320">
    <ele>35.2</ele>
   </trkpt>
   <trkpt lat="56.1209270" lon="10.1476180">
    <ele>35.0</ele>
   </trkpt>
   <trkpt lat="56.1209720" lon="10.1477100">
    <ele>35.0</ele>
   </trkpt>
   <trkpt lat="56.1210160" lon="10.1478080">
    <ele>34.8</ele>
   </trkpt>
   <trkpt lat="56.1210620" lon="10.1479090">
    <ele>34.6</ele>
   </trkpt>
   <trkpt lat="56.1211090" lon="10.1480100">
    <ele>34.2</ele>
   </trkpt>
   <trkpt lat="56.1211570" lon="10.1481120">
    <ele>34.0</ele>
   </trkpt>
   <trkpt lat="56.1212040" lon="10.1482150">
    <ele>33.8</ele>
   </trkpt>
   <trkpt lat="56.1212510" lon="10.1483180">
    <ele>33.6</ele>
   </trkpt>
   <trkpt lat="56.1213000" lon="10.1484220">
    <ele>33.4</ele>
   </trkpt>
   <trkpt lat="56.1213500" lon="10.1485280">
    <ele>33.2</ele>
   </trkpt>
   <trkpt lat="56.1214010" lon="10.1486360">
    <ele>33.0</ele>
   </trkpt>
   <trkpt lat="56.1214540" lon="10.1487470">
    <ele>32.8</ele>
   </trkpt>
   <trkpt lat="56.1215050" lon="10.1488610">
    <ele>32.6</ele>
   </trkpt>
   <trkpt lat="56.1215520" lon="10.1489850">
    <ele>32.2</ele>
   </trkpt>
   <trkpt lat="56.1216010" lon="10.1491130">
    <ele>31.8</ele>
   </trkpt>
   <trkpt lat="56.1216580" lon="10.1492380">
    <ele>31.4</ele>
   </trkpt>
   <trkpt lat="56.1217190" lon="10.1493600">
    <ele>31.0</ele>
   </trkpt>
   <trkpt lat="56.1217850" lon="10.1494810">
    <ele>30.6</ele>
   </trkpt>
   <trkpt lat="56.1218530" lon="10.1496020">
    <ele>30.2</ele>
   </trkpt>
   <trkpt lat="56.1219180" lon="10.1497310">
    <ele>29.6</ele>
   </trkpt>
   <trkpt lat="56.1219820" lon="10.1498640">
    <ele>29.2</ele>
   </trkpt>
   <trkpt lat="56.1220460" lon="10.1500000">
    <ele>28.8</ele>
   </trkpt>
   <trkpt lat="56.1221090" lon="10.1501380">
    <ele>28.2</ele>
   </trkpt>
   <trkpt lat="56.1221740" lon="10.1502790">
    <ele>27.8</ele>
   </trkpt>
   <trkpt lat="56.1222400" lon="10.1504210">
    <ele>27.2</ele>
   </trkpt>
   <trkpt lat="56.1223070" lon="10.1505650">
    <ele>26.8</ele>
   </trkpt>
   <trkpt lat="56.1223740" lon="10.1507100">
    <ele>26.2</ele>
   </trkpt>
   <trkpt lat="56.1224410" lon="10.1508540">
    <ele>25.8</ele>
   </trkpt>
   <trkpt lat="56.1225080" lon="10.1509990">
    <ele>25.4</ele>
   </trkpt>
   <trkpt lat="56.1225760" lon="10.1511460">
    <ele>24.8</ele>
   </trkpt>
   <trkpt lat="56.1226450" lon="10.1512960">
    <ele>24.2</ele>
   </trkpt>
   <trkpt lat="56.1227150" lon="10.1514440">
    <ele>23.8</ele>
   </trkpt>
   <trkpt lat="56.1227850" lon="10.1515900">
    <ele>23.4</ele>
   </trkpt>
   <trkpt lat="56.1228530" lon="10.1517330">
    <ele>22.8</ele>
   </trkpt>
   <trkpt lat="56.1229180" lon="10.1518740">
    <ele>22.4</ele>
   </trkpt>
   <trkpt lat="56.1229850" lon="10.1520180">
    <ele>22.0</ele>
   </trkpt>
   <trkpt lat="56.1230500" lon="10.1521660">
    <ele>21.6</ele>
   </trkpt>
   <trkpt lat="56.1231110" lon="10.1523200">
    <ele>21.2</ele>
   </trkpt>
   <trkpt lat="56.1231730" lon="10.1524740">
    <ele>20.6</ele>
   </trkpt>
   <trkpt lat="56.1232420" lon="10.1526220">
    <ele>20.2</ele>
   </trkpt>
   <trkpt lat="56.1233130" lon="10.1527680">
    <ele>19.8</ele>
   </trkpt>
   <trkpt lat="56.1233910" lon="10.1529100">
    <ele>19.4</ele>
   </trkpt>
   <trkpt lat="56.1234660" lon="10.1530520">
    <ele>18.8</ele>
   </trkpt>
   <trkpt lat="56.1235390" lon="10.1532020">
    <ele>18.4</ele>
   </trkpt>
   <trkpt lat="56.1236110" lon="10.1533560">
    <ele>18.0</ele>
   </trkpt>
   <trkpt lat="56.1236830" lon="10.1535100">
    <ele>17.4</ele>
   </trkpt>
   <trkpt lat="56.1237560" lon="10.1536660">
    <ele>16.8</ele>
   </trkpt>
   <trkpt lat="56.1238290" lon="10.1538210">
    <ele>16.4</ele>
   </trkpt>
   <trkpt lat="56.1239020" lon="10.1539750">
    <ele>15.8</ele>
   </trkpt>
   <trkpt lat="56.1239760" lon="10.1541320">
    <ele>15.4</ele>
   </trkpt>
   <trkpt lat="56.1240500" lon="10.1542890">
    <ele>14.8</ele>
   </trkpt>
   <trkpt lat="56.1241230" lon="10.1544450">
    <ele>14.2</ele>
   </trkpt>
   <trkpt lat="56.1241950" lon="10.1545980">
    <ele>14.0</ele>
   </trkpt>
   <trkpt lat="56.1242670" lon="10.1547540">
    <ele>13.4</ele>
   </trkpt>
   <trkpt lat="56.1243370" lon="10.1549130">
    <ele>13.0</ele>
   </trkpt>
   <trkpt lat="56.1244100" lon="10.1550690">
    <ele>12.8</ele>
   </trkpt>
   <trkpt lat="56.1244830" lon="10.1552220">
    <ele>12.4</ele>
   </trkpt>
   <trkpt lat="56.1245560" lon="10.1553730">
    <ele>12.0</ele>
   </trkpt>
   <trkpt lat="56.1246280" lon="10.1555270">
    <ele>11.6</ele>
   </trkpt>
   <trkpt lat="56.1246940" lon="10.1556830">
    <ele>11.4</ele>
   </trkpt>
   <trkpt lat="56.1247560" lon="10.1558420">
    <ele>11.2</ele>
   </trkpt>
   <trkpt lat="56.1248190" lon="10.1559980">
    <ele>11.0</ele>
   </trkpt>
   <trkpt lat="56.1248880" lon="10.1561430">
    <ele>10.8</ele>
   </trkpt>
   <trkpt lat="56.1249600" lon="10.1562800">
    <ele>10.8</ele>
   </trkpt>
   <trkpt lat="56.1250310" lon="10.1564130">
    <ele>10.8</ele>
   </trkpt>
   <trkpt lat="56.1250990" lon="10.1565500">
    <ele>10.8</ele>
   </trkpt>
   <trkpt lat="56.1251640" lon="10.1566870">
    <ele>10.6</ele>
   </trkpt>
   <trkpt lat="56.1252290" lon="10.1568220">
    <ele>10.6</ele>
   </trkpt>
   <trkpt lat="56.1252910" lon="10.1569570">
    <ele>10.6</ele>
   </trkpt>
   <trkpt lat="56.1253520" lon="10.1570890">
    <ele>10.6</ele>
   </trkpt>
   <trkpt lat="56.1254090" lon="10.1572220">
    <ele>10.4</ele>
   </trkpt>
   <trkpt lat="56.1254650" lon="10.1573540">
    <ele>10.4</ele>
   </trkpt>
   <trkpt lat="56.1255200" lon="10.1574850">
    <ele>10.6</ele>
   </trkpt>
   <trkpt lat="56.1255750" lon="10.1576120">
    <ele>10.4</ele>
   </trkpt>
   <trkpt lat="56.1256300" lon="10.1577390">
    <ele>10.4</ele>
   </trkpt>
   <trkpt lat="56.1256830" lon="10.1578680">
    <ele>10.4</ele>
   </trkpt>
   <trkpt lat="56.1257360" lon="10.1579970">
    <ele>10.4</ele>
   </trkpt>
   <trkpt lat="56.1257880" lon="10.1581240">
    <ele>10.4</ele>
   </trkpt>
   <trkpt lat="56.1258350" lon="10.1582540">
    <ele>10.6</ele>
   </trkpt>
   <trkpt lat="56.1258810" lon="10.1583810">
    <ele>10.6</ele>
   </trkpt>
   <trkpt lat="56.1259280" lon="10.1585020">
    <ele>10.6</ele>
   </trkpt>
   <trkpt lat="56.1259750" lon="10.1586220">
    <ele>10.8</ele>
   </trkpt>
   <trkpt lat="56.1260210" lon="10.1587400">
    <ele>10.8</ele>
   </trkpt>
   <trkpt lat="56.1260640" lon="10.1588620">
    <ele>10.8</ele>
   </trkpt>
   <trkpt lat="56.1261010" lon="10.1589880">
    <ele>11.0</ele>
   </trkpt>
   <trkpt lat="56.1261370" lon="10.1591150">
    <ele>11.2</ele>
   </trkpt>
   <trkpt lat="56.1261780" lon="10.1592340">
    <ele>11.2</ele>
   </trkpt>
   <trkpt lat="56.1262210" lon="10.1593450">
    <ele>11.4</ele>
   </trkpt>
   <trkpt lat="56.1262660" lon="10.1594540">
    <ele>11.4</ele>
   </trkpt>
   <trkpt lat="56.1263160" lon="10.1595500">
    <ele>11.6</ele>
   </trkpt>
   <trkpt lat="56.1263680" lon="10.1596370">
    <ele>11.8</ele>
   </trkpt>
   <trkpt lat="56.1264170" lon="10.1597300">
    <ele>12.0</ele>
   </trkpt>
   <trkpt lat="56.1264610" lon="10.1598260">
    <ele>12.2</ele>
   </trkpt>
   <trkpt lat="56.1265070" lon="10.1599220">
    <ele>12.2</ele>
   </trkpt>
   <trkpt lat="56.1265560" lon="10.1600170">
    <ele>12.2</ele>
   </trkpt>
   <trkpt lat="56.1266070" lon="10.1601100">
    <ele>12.2</ele>
   </trkpt>
   <trkpt lat="56.1266580" lon="10.1602000">
    <ele>12.2</ele>
   </trkpt>
   <trkpt lat="56.1267100" lon="10.1602890">
    <ele>12.2</ele>
   </trkpt>
   <trkpt lat="56.1267660" lon="10.1603780">
    <ele>12.2</ele>
   </trkpt>
   <trkpt lat="56.1268220" lon="10.1604660">
    <ele>12.2</ele>
   </trkpt>
   <trkpt lat="56.1268770" lon="10.1605530">
    <ele>12.2</ele>
   </trkpt>
   <trkpt lat="56.1269360" lon="10.1606380">
    <ele>12.2</ele>
   </trkpt>
   <trkpt lat="56.1269960" lon="10.1607230">
    <ele>12.2</ele>
   </trkpt>
   <trkpt lat="56.1270560" lon="10.1608070">
    <ele>12.2</ele>
   </trkpt>
   <trkpt lat="56.1271170" lon="10.1608860">
    <ele>12.4</ele>
   </trkpt>
   <trkpt lat="56.1271790" lon="10.1609610">
    <ele>12.4</ele>
   </trkpt>
   <trkpt lat="56.1272440" lon="10.1610330">
    <ele>12.4</ele>
   </trkpt>
   <trkpt lat="56.1273060" lon="10.1611030">
    <ele>12.6</ele>
   </trkpt>
   <trkpt lat="56.1273600" lon="10.1611670">
    <ele>12.6</ele>
   </trkpt>
   <trkpt lat="56.1274070" lon="10.1612230">
    <ele>12.6</ele>
   </trkpt>
   <trkpt lat="56.1274470" lon="10.1612690">
    <ele>12.6</ele>
   </trkpt>
   <trkpt lat="56.1274780" lon="10.1613020">
    <ele>12.6</ele>
   </trkpt>
   <trkpt lat="56.1274990" lon="10.1613230">
    <ele>12.6</ele>
   </trkpt>
   <trkpt lat="56.1275080" lon="10.1613370">
    <ele>12.6</ele>
   </trkpt>
   <trkpt lat="56.1275110" lon="10.1613410">
    <ele>12.6</ele>
   </trkpt>
   <trkpt lat="56.1275110" lon="10.1613410">
    <ele>12.6</ele>
   </trkpt>
   <trkpt lat="56.1275640" lon="10.1613880">
    <ele>12.6</ele>
   </trkpt>
   <trkpt lat="56.1275930" lon="10.1614120">
    <ele>12.4</ele>
   </trkpt>
   <trkpt lat="56.1276280" lon="10.1614420">
    <ele>12.4</ele>
   </trkpt>
   <trkpt lat="56.1276670" lon="10.1614830">
    <ele>12.2</ele>
   </trkpt>
   <trkpt lat="56.1277080" lon="10.1615280">
    <ele>12.0</ele>
   </trkpt>
   <trkpt lat="56.1277530" lon="10.1615770">
    <ele>12.0</ele>
   </trkpt>
   <trkpt lat="56.1278030" lon="10.1616310">
    <ele>11.8</ele>
   </trkpt>
   <trkpt lat="56.1278550" lon="10.1616910">
    <ele>11.8</ele>
   </trkpt>
   <trkpt lat="56.1279070" lon="10.1617550">
    <ele>11.8</ele>
   </trkpt>
   <trkpt lat="56.1279610" lon="10.1618180">
    <ele>11.6</ele>
   </trkpt>
   <trkpt lat="56.1280150" lon="10.1618790">
    <ele>11.6</ele>
   </trkpt>
   <trkpt lat="56.1280670" lon="10.1619380">
    <ele>11.6</ele>
   </trkpt>
   <trkpt lat="56.1281170" lon="10.1619980">
    <ele>11.6</ele>
   </trkpt>
   <trkpt lat="56.1281650" lon="10.1620550">
    <ele>11.4</ele>
   </trkpt>
   <trkpt lat="56.1282130" lon="10.1621140">
    <ele>11.4</ele>
   </trkpt>
   <trkpt lat="56.1282580" lon="10.1621740">
    <ele>11.4</ele>
   </trkpt>
   <trkpt lat="56.1283020" lon="10.1622250">
    <ele>11.4</ele>
   </trkpt>
   <trkpt lat="56.1283380" lon="10.1622650">
    <ele>11.4</ele>
   </trkpt>
   <trkpt lat="56.1283650" lon="10.1622960">
    <ele>11.4</ele>
   </trkpt>
   <trkpt lat="56.1283860" lon="10.1623210">
    <ele>11.6</ele>
   </trkpt>
   <trkpt lat="56.1284000" lon="10.1623390">
    <ele>11.6</ele>
   </trkpt>
   <trkpt lat="56.1284110" lon="10.1623490">
    <ele>11.6</ele>
   </trkpt>
   <trkpt lat="56.1284240" lon="10.1623630">
    <ele>11.6</ele>
   </trkpt>
   <trkpt lat="56.1284300" lon="10.1623830">
    <ele>11.6</ele>
   </trkpt>
   <trkpt lat="56.1284330" lon="10.1623900">
    <ele>11.8</ele>
   </trkpt>
   <trkpt lat="56.1284330" lon="10.1623900">
    <ele>11.8</ele>
   </trkpt>
   <trkpt lat="56.1284840" lon="10.1624450">
    <ele>11.6</ele>
   </trkpt>
   <trkpt lat="56.1285100" lon="10.1624840">
    <ele>11.6</ele>
   </trkpt>
   <trkpt lat="56.1285380" lon="10.1625310">
    <ele>11.4</ele>
   </trkpt>
   <trkpt lat="56.1285710" lon="10.1625810">
    <ele>11.4</ele>
   </trkpt>
   <trkpt lat="56.1286080" lon="10.1626330">
    <ele>11.2</ele>
   </trkpt>
   <trkpt lat="56.1286470" lon="10.1626860">
    <ele>11.2</ele>
   </trkpt>
   <trkpt lat="56.1286860" lon="10.1627440">
    <ele>11.0</ele>
   </trkpt>
   <trkpt lat="56.1287230" lon="10.1628090">
    <ele>10.8</ele>
   </trkpt>
   <trkpt lat="56.1287610" lon="10.1628770">
    <ele>10.8</ele>
   </trkpt>
   <trkpt lat="56.1287990" lon="10.1629470">
    <ele>10.8</ele>
   </trkpt>
   <trkpt lat="56.1288410" lon="10.1630190">
    <ele>10.8</ele>
   </trkpt>
   <trkpt lat="56.1288830" lon="10.1630940">
    <ele>10.8</ele>
   </trkpt>
   <trkpt lat="56.1289260" lon="10.1631710">
    <ele>10.8</ele>
   </trkpt>
   <trkpt lat="56.1289690" lon="10.1632480">
    <ele>10.8</ele>
   </trkpt>
   <trkpt lat="56.1290110" lon="10.1633280">
    <ele>10.8</ele>
   </trkpt>
   <trkpt lat="56.1290520" lon="10.1634080">
    <ele>10.8</ele>
   </trkpt>
   <trkpt lat="56.1290970" lon="10.1634890">
    <ele>10.8</ele>
   </trkpt>
   <trkpt lat="56.1291430" lon="10.1635700">
    <ele>10.8</ele>
   </trkpt>
   <trkpt lat="56.1291900" lon="10.1636520">
    <ele>10.8</ele>
   </trkpt>
   <trkpt lat="56.1292360" lon="10.1637330">
    <ele>11.0</ele>
   </trkpt>
   <trkpt lat="56.1292830" lon="10.1638150">
    <ele>11.0</ele>
   </trkpt>
   <trkpt lat="56.1293290" lon="10.1638980">
    <ele>11.0</ele>
   </trkpt>
   <trkpt lat="56.1293750" lon="10.1639840">
    <ele>11.0</ele>
   </trkpt>
   <trkpt lat="56.1294200" lon="10.1640690">
    <ele>11.0</ele>
   </trkpt>
   <trkpt lat="56.1294640" lon="10.1641540">
    <ele>10.8</ele>
   </trkpt>
   <trkpt lat="56.1295060" lon="10.1642390">
    <ele>10.8</ele>
   </trkpt>
   <trkpt lat="56.1295550" lon="10.1643230">
    <ele>10.8</ele>
   </trkpt>
   <trkpt lat="56.1296050" lon="10.1644070">
    <ele>10.8</ele>
   </trkpt>
   <trkpt lat="56.1296540" lon="10.1644880">
    <ele>11.0</ele>
   </trkpt>
   <trkpt lat="56.1297010" lon="10.1645680">
    <ele>11.2</ele>
   </trkpt>
   <trkpt lat="56.1297520" lon="10.1646450">
    <ele>11.2</ele>
   </trkpt>
   <trkpt lat="56.1298000" lon="10.1647200">
    <ele>11.0</ele>
   </trkpt>
   <trkpt lat="56.1298460" lon="10.1647940">
    <ele>11.0</ele>
   </trkpt>
   <trkpt lat="56.1298860" lon="10.1648640">
    <ele>11.0</ele>
   </trkpt>
   <trkpt lat="56.1299260" lon="10.1649280">
    <ele>11.0</ele>
   </trkpt>
   <trkpt lat="56.1299650" lon="10.1649860">
    <ele>11.2</ele>
   </trkpt>
   <trkpt lat="56.1299950" lon="10.1650330">
    <ele>11.4</ele>
   </trkpt>
   <trkpt lat="56.1300170" lon="10.1650710">
    <ele>11.8</ele>
   </trkpt>
   <trkpt lat="56.1300330" lon="10.1651010">
    <ele>12.0</ele>
   </trkpt>
   <trkpt lat="56.1300430" lon="10.1651190">
    <ele>12.2</ele>
   </trkpt>
   <trkpt lat="56.1300480" lon="10.1651250">
    <ele>12.4</ele>
   </trkpt>
   <trkpt lat="56.1300480" lon="10.1651250">
    <ele>12.6</ele>
   </trkpt>
   <trkpt lat="56.1300480" lon="10.1651250">
    <ele>12.6</ele>
   </trkpt>
   <trkpt lat="56.1300850" lon="10.1651900">
    <ele>12.8</ele>
   </trkpt>
   <trkpt lat="56.1301070" lon="10.1652240">
    <ele>12.6</ele>
   </trkpt>
   <trkpt lat="56.1301340" lon="10.1652650">
    <ele>12.6</ele>
   </trkpt>
   <trkpt lat="56.1301630" lon="10.1653080">
    <ele>12.6</ele>
   </trkpt>
   <trkpt lat="56.1301990" lon="10.1653480">
    <ele>12.6</ele>
   </trkpt>
   <trkpt lat="56.1302380" lon="10.1653910">
    <ele>12.4</ele>
   </trkpt>
   <trkpt lat="56.1302750" lon="10.1654400">
    <ele>12.4</ele>
   </trkpt>
   <trkpt lat="56.1303150" lon="10.1654920">
    <ele>12.4</ele>
   </trkpt>
   <trkpt lat="56.1303520" lon="10.1655490">
    <ele>12.4</ele>
   </trkpt>
   <trkpt lat="56.1303910" lon="10.1656100">
    <ele>12.4</ele>
   </trkpt>
   <trkpt lat="56.1304310" lon="10.1656720">
    <ele>12.6</ele>
   </trkpt>
   <trkpt lat="56.1304730" lon="10.1657350">
    <ele>12.8</ele>
   </trkpt>
   <trkpt lat="56.1305140" lon="10.1657970">
    <ele>13.0</ele>
   </trkpt>
   <trkpt lat="56.1305560" lon="10.1658600">
    <ele>13.2</ele>
   </trkpt>
   <trkpt lat="56.1306010" lon="10.1659280">
    <ele>13.2</ele>
   </trkpt>
   <trkpt lat="56.1306450" lon="10.1659960">
    <ele>13.4</ele>
   </trkpt>
   <trkpt lat="56.1306880" lon="10.1660600">
    <ele>13.6</ele>
   </trkpt>
   <trkpt lat="56.1307310" lon="10.1661280">
    <ele>13.8</ele>
   </trkpt>
   <trkpt lat="56.1307730" lon="10.1661980">
    <ele>14.0</ele>
   </trkpt>
   <trkpt lat="56.1308150" lon="10.1662720">
    <ele>14.2</ele>
   </trkpt>
   <trkpt lat="56.1308550" lon="10.1663520">
    <ele>14.4</ele>
   </trkpt>
   <trkpt lat="56.1308930" lon="10.1664320">
    <ele>14.4</ele>
   </trkpt>
   <trkpt lat="56.1309370" lon="10.1665060">
    <ele>14.4</ele>
   </trkpt>
   <trkpt lat="56.1309820" lon="10.1665770">
    <ele>14.4</ele>
   </trkpt>
   <trkpt lat="56.1310260" lon="10.1666510">
    <ele>14.6</ele>
   </trkpt>
   <trkpt lat="56.1310700" lon="10.1667240">
    <ele>14.6</ele>
   </trkpt>
   <trkpt lat="56.1311160" lon="10.1667960">
    <ele>14.6</ele>
   </trkpt>
   <trkpt lat="56.1311640" lon="10.1668660">
    <ele>14.8</ele>
   </trkpt>
   <trkpt lat="56.1312090" lon="10.1669390">
    <ele>15.0</ele>
   </trkpt>
   <trkpt lat="56.1312540" lon="10.1670140">
    <ele>15.0</ele>
   </trkpt>
   <trkpt lat="56.1313010" lon="10.1670890">
    <ele>15.0</ele>
   </trkpt>
   <trkpt lat="56.1313500" lon="10.1671620">
    <ele>15.2</ele>
   </trkpt>
   <trkpt lat="56.1313990" lon="10.1672290">
    <ele>15.2</ele>
   </trkpt>
   <trkpt lat="56.1314500" lon="10.1672920">
    <ele>15.4</ele>
   </trkpt>
   <trkpt lat="56.1315010" lon="10.1673530">
    <ele>15.6</ele>
   </trkpt>
   <trkpt lat="56.1315500" lon="10.1674220">
    <ele>15.8</ele>
   </trkpt>
   <trkpt lat="56.1315970" lon="10.1674940">
    <ele>16.0</ele>
   </trkpt>
   <trkpt lat="56.1316420" lon="10.1675650">
    <ele>16.2</ele>
   </trkpt>
   <trkpt lat="56.1316890" lon="10.1676340">
    <ele>16.2</ele>
   </trkpt>
   <trkpt lat="56.1317360" lon="10.1677030">
    <ele>16.4</ele>
   </trkpt>
   <trkpt lat="56.1317820" lon="10.1677720">
    <ele>16.6</ele>
   </trkpt>
   <trkpt lat="56.1318270" lon="10.1678390">
    <ele>16.8</ele>
   </trkpt>
   <trkpt lat="56.1318730" lon="10.1679080">
    <ele>17.0</ele>
   </trkpt>
   <trkpt lat="56.1319290" lon="10.1679920">
    <ele>17.2</ele>
   </trkpt>
   <trkpt lat="56.1319670" lon="10.1680490">
    <ele>17.2</ele>
   </trkpt>
   <trkpt lat="56.1320240" lon="10.1681330">
    <ele>17.4</ele>
   </trkpt>
   <trkpt lat="56.1320600" lon="10.1681880">
    <ele>17.4</ele>
   </trkpt>
   <trkpt lat="56.1321050" lon="10.1682570">
    <ele>17.6</ele>
   </trkpt>
   <trkpt lat="56.1321510" lon="10.1683230">
    <ele>17.8</ele>
   </trkpt>
   <trkpt lat="56.1321970" lon="10.1683890">
    <ele>18.0</ele>
   </trkpt>
   <trkpt lat="56.1322440" lon="10.1684550">
    <ele>18.2</ele>
   </trkpt>
   <trkpt lat="56.1322900" lon="10.1685210">
    <ele>18.4</ele>
   </trkpt>
   <trkpt lat="56.1323350" lon="10.1685890">
    <ele>18.6</ele>
   </trkpt>
   <trkpt lat="56.1323790" lon="10.1686570">
    <ele>18.6</ele>
   </trkpt>
   <trkpt lat="56.1324320" lon="10.1687340">
    <ele>18.8</ele>
   </trkpt>
   <trkpt lat="56.1324670" lon="10.1687850">
    <ele>19.0</ele>
   </trkpt>
   <trkpt lat="56.1325110" lon="10.1688520">
    <ele>19.0</ele>
   </trkpt>
   <trkpt lat="56.1325540" lon="10.1689200">
    <ele>19.0</ele>
   </trkpt>
   <trkpt lat="56.1325980" lon="10.1689830">
    <ele>19.2</ele>
   </trkpt>
   <trkpt lat="56.1326450" lon="10.1690420">
    <ele>19.4</ele>
   </trkpt>
   <trkpt lat="56.1326890" lon="10.1691060">
    <ele>19.6</ele>
   </trkpt>
   <trkpt lat="56.1327330" lon="10.1691760">
    <ele>19.6</ele>
   </trkpt>
   <trkpt lat="56.1327760" lon="10.1692450">
    <ele>19.8</ele>
   </trkpt>
   <trkpt lat="56.1328230" lon="10.1693150">
    <ele>20.0</ele>
   </trkpt>
   <trkpt lat="56.1328690" lon="10.1693850">
    <ele>20.0</ele>
   </trkpt>
   <trkpt lat="56.1329130" lon="10.1694500">
    <ele>20.2</ele>
   </trkpt>
   <trkpt lat="56.1329550" lon="10.1695160">
    <ele>20.4</ele>
   </trkpt>
   <trkpt lat="56.1329950" lon="10.1695850">
    <ele>20.4</ele>
   </trkpt>
   <trkpt lat="56.1330350" lon="10.1696570">
    <ele>20.6</ele>
   </trkpt>
   <trkpt lat="56.1330760" lon="10.1697290">
    <ele>20.8</ele>
   </trkpt>
   <trkpt lat="56.1331180" lon="10.1698000">
    <ele>20.8</ele>
   </trkpt>
   <trkpt lat="56.1331590" lon="10.1698690">
    <ele>21.0</ele>
   </trkpt>
   <trkpt lat="56.1332010" lon="10.1699340">
    <ele>21.2</ele>
   </trkpt>
   <trkpt lat="56.1332440" lon="10.1699950">
    <ele>21.4</ele>
   </trkpt>
   <trkpt lat="56.1332920" lon="10.1700540">
    <ele>21.6</ele>
   </trkpt>
   <trkpt lat="56.1333400" lon="10.1701130">
    <ele>21.6</ele>
   </trkpt>
   <trkpt lat="56.1333860" lon="10.1701690">
    <ele>21.8</ele>
   </trkpt>
   <trkpt lat="56.1334310" lon="10.1702250">
    <ele>22.0</ele>
   </trkpt>
   <trkpt lat="56.1334750" lon="10.1702880">
    <ele>22.2</ele>
   </trkpt>
   <trkpt lat="56.1335170" lon="10.1703570">
    <ele>22.2</ele>
   </trkpt>
   <trkpt lat="56.1335590" lon="10.1704290">
    <ele>22.4</ele>
   </trkpt>
   <trkpt lat="56.1336020" lon="10.1705000">
    <ele>22.4</ele>
   </trkpt>
   <trkpt lat="56.1336430" lon="10.1705730">
    <ele>22.6</ele>
   </trkpt>
   <trkpt lat="56.1336870" lon="10.1706460">
    <ele>22.6</ele>
   </trkpt>
   <trkpt lat="56.1337320" lon="10.1707180">
    <ele>22.8</ele>
   </trkpt>
   <trkpt lat="56.1337740" lon="10.1707920">
    <ele>22.8</ele>
   </trkpt>
   <trkpt lat="56.1338150" lon="10.1708650">
    <ele>23.0</ele>
   </trkpt>
   <trkpt lat="56.1338540" lon="10.1709390">
    <ele>23.2</ele>
   </trkpt>
   <trkpt lat="56.1338920" lon="10.1710160">
    <ele>23.2</ele>
   </trkpt>
   <trkpt lat="56.1339330" lon="10.1710940">
    <ele>23.2</ele>
   </trkpt>
   <trkpt lat="56.1339750" lon="10.1711680">
    <ele>23.2</ele>
   </trkpt>
   <trkpt lat="56.1340200" lon="10.1712450">
    <ele>23.4</ele>
   </trkpt>
   <trkpt lat="56.1340650" lon="10.1713240">
    <ele>23.4</ele>
   </trkpt>
   <trkpt lat="56.1341080" lon="10.1714060">
    <ele>23.4</ele>
   </trkpt>
   <trkpt lat="56.1341500" lon="10.1714890">
    <ele>23.6</ele>
   </trkpt>
   <trkpt lat="56.1341920" lon="10.1715700">
    <ele>23.6</ele>
   </trkpt>
   <trkpt lat="56.1342350" lon="10.1716460">
    <ele>23.6</ele>
   </trkpt>
   <trkpt lat="56.1342790" lon="10.1717220">
    <ele>23.6</ele>
   </trkpt>
   <trkpt lat="56.1343220" lon="10.1717990">
    <ele>23.6</ele>
   </trkpt>
   <trkpt lat="56.1343620" lon="10.1718800">
    <ele>23.6</ele>
   </trkpt>
   <trkpt lat="56.1343970" lon="10.1719660">
    <ele>23.6</ele>
   </trkpt>
   <trkpt lat="56.1344340" lon="10.1720550">
    <ele>23.6</ele>
   </trkpt>
   <trkpt lat="56.1344740" lon="10.1721390">
    <ele>23.6</ele>
   </trkpt>
   <trkpt lat="56.1345130" lon="10.1722200">
    <ele>23.6</ele>
   </trkpt>
   <trkpt lat="56.1345520" lon="10.1722980">
    <ele>23.6</ele>
   </trkpt>
   <trkpt lat="56.1345910" lon="10.1723730">
    <ele>23.6</ele>
   </trkpt>
   <trkpt lat="56.1346300" lon="10.1724450">
    <ele>23.6</ele>
   </trkpt>
   <trkpt lat="56.1346680" lon="10.1725160">
    <ele>23.6</ele>
   </trkpt>
   <trkpt lat="56.1347030" lon="10.1725900">
    <ele>23.6</ele>
   </trkpt>
   <trkpt lat="56.1347300" lon="10.1726580">
    <ele>23.6</ele>
   </trkpt>
   <trkpt lat="56.1347530" lon="10.1727100">
    <ele>23.8</ele>
   </trkpt>
   <trkpt lat="56.1347730" lon="10.1727380">
    <ele>23.8</ele>
   </trkpt>
   <trkpt lat="56.1347870" lon="10.1727490">
    <ele>24.0</ele>
   </trkpt>
   <trkpt lat="56.1347900" lon="10.1727520">
    <ele>24.0</ele>
   </trkpt>
   <trkpt lat="56.1347900" lon="10.1727520">
    <ele>24.2</ele>
   </trkpt>
   <trkpt lat="56.1348210" lon="10.1727200">
    <ele>23.8</ele>
   </trkpt>
   <trkpt lat="56.1348380" lon="10.1726920">
    <ele>23.8</ele>
   </trkpt>
   <trkpt lat="56.1348580" lon="10.1726550">
    <ele>23.8</ele>
   </trkpt>
   <trkpt lat="56.1348800" lon="10.1726140">
    <ele>23.8</ele>
   </trkpt>
   <trkpt lat="56.1349030" lon="10.1725650">
    <ele>23.6</ele>
   </trkpt>
   <trkpt lat="56.1349290" lon="10.1725120">
    <ele>23.6</ele>
   </trkpt>
   <trkpt lat="56.1349560" lon="10.1724550">
    <ele>23.6</ele>
   </trkpt>
   <trkpt lat="56.1349830" lon="10.1723950">
    <ele>23.4</ele>
   </trkpt>
   <trkpt lat="56.1350140" lon="10.1723420">
    <ele>23.4</ele>
   </trkpt>
   <trkpt lat="56.1350540" lon="10.1723170">
    <ele>23.2</ele>
   </trkpt>
   <trkpt lat="56.1350980" lon="10.1723350">
    <ele>23.0</ele>
   </trkpt>
   <trkpt lat="56.1351410" lon="10.1723860">
    <ele>22.8</ele>
   </trkpt>
   <trkpt lat="56.1351810" lon="10.1724530">
    <ele>22.6</ele>
   </trkpt>
   <trkpt lat="56.1352200" lon="10.1725300">
    <ele>22.2</ele>
   </trkpt>
   <trkpt lat="56.1352620" lon="10.1726120">
    <ele>21.8</ele>
   </trkpt>
   <trkpt lat="56.1353040" lon="10.1726990">
    <ele>21.4</ele>
   </trkpt>
   <trkpt lat="56.1353530" lon="10.1727890">
    <ele>21.0</ele>
   </trkpt>
   <trkpt lat="56.1354080" lon="10.1728800">
    <ele>20.6</ele>
   </trkpt>
   <trkpt lat="56.1354650" lon="10.1729750">
    <ele>20.0</ele>
   </trkpt>
   <trkpt lat="56.1355250" lon="10.1730710">
    <ele>19.4</ele>
   </trkpt>
   <trkpt lat="56.1355940" lon="10.1731510">
    <ele>19.0</ele>
   </trkpt>
   <trkpt lat="56.1356690" lon="10.1732010">
    <ele>18.6</ele>
   </trkpt>
   <trkpt lat="56.1357490" lon="10.1732210">
    <ele>18.2</ele>
   </trkpt>
   <trkpt lat="56.1358290" lon="10.1732120">
    <ele>17.8</ele>
   </trkpt>
   <trkpt lat="56.1359070" lon="10.1731740">
    <ele>17.6</ele>
   </trkpt>
   <trkpt lat="56.1359810" lon="10.1731260">
    <ele>17.4</ele>
   </trkpt>
   <trkpt lat="56.1360560" lon="10.1730790">
    <ele>17.0</ele>
   </trkpt>
   <trkpt lat="56.1361330" lon="10.1730330">
    <ele>16.8</ele>
   </trkpt>
   <trkpt lat="56.1362090" lon="10.1729890">
    <ele>16.6</ele>
   </trkpt>
   <trkpt lat="56.1362870" lon="10.1729480">
    <ele>16.4</ele>
   </trkpt>
   <trkpt lat="56.1363650" lon="10.1729110">
    <ele>16.2</ele>
   </trkpt>
   <trkpt lat="56.1364440" lon="10.1728770">
    <ele>16.2</ele>
   </trkpt>
   <trkpt lat="56.1365230" lon="10.1728490">
    <ele>16.0</ele>
   </trkpt>
   <trkpt lat="56.1366020" lon="10.1728210">
    <ele>16.0</ele>
   </trkpt>
   <trkpt lat="56.1366830" lon="10.1727960">
    <ele>15.8</ele>
   </trkpt>
   <trkpt lat="56.1367630" lon="10.1727750">
    <ele>15.6</ele>
   </trkpt>
   <trkpt lat="56.1368440" lon="10.1727560">
    <ele>15.4</ele>
   </trkpt>
   <trkpt lat="56.1369260" lon="10.1727390">
    <ele>15.4</ele>
   </trkpt>
   <trkpt lat="56.1370060" lon="10.1727180">
    <ele>15.0</ele>
   </trkpt>
   <trkpt lat="56.1370860" lon="10.1726970">
    <ele>15.0</ele>
   </trkpt>
   <trkpt lat="56.1371670" lon="10.1726780">
    <ele>14.8</ele>
   </trkpt>
   <trkpt lat="56.1372470" lon="10.1726590">
    <ele>14.8</ele>
   </trkpt>
   <trkpt lat="56.1373270" lon="10.1726470">
    <ele>14.8</ele>
   </trkpt>
   <trkpt lat="56.1374070" lon="10.1726330">
    <ele>15.0</ele>
   </trkpt>
   <trkpt lat="56.1374860" lon="10.1726120">
    <ele>14.8</ele>
   </trkpt>
   <trkpt lat="56.1375620" lon="10.1725850">
    <ele>14.6</ele>
   </trkpt>
   <trkpt lat="56.1376380" lon="10.1725520">
    <ele>14.2</ele>
   </trkpt>
   <trkpt lat="56.1377160" lon="10.1725210">
    <ele>14.0</ele>
   </trkpt>
   <trkpt lat="56.1377980" lon="10.1725020">
    <ele>13.6</ele>
   </trkpt>
   <trkpt lat="56.1378820" lon="10.1724910">
    <ele>13.2</ele>
   </trkpt>
   <trkpt lat="56.1379660" lon="10.1724790">
    <ele>13.0</ele>
   </trkpt>
   <trkpt lat="56.1380500" lon="10.1724640">
    <ele>12.4</ele>
   </trkpt>
   <trkpt lat="56.1381300" lon="10.1724510">
    <ele>11.8</ele>
   </trkpt>
   <trkpt lat="56.1382070" lon="10.1724330">
    <ele>11.2</ele>
   </trkpt>
   <trkpt lat="56.1382770" lon="10.1724030">
    <ele>10.6</ele>
   </trkpt>
   <trkpt lat="56.1383370" lon="10.1723730">
    <ele>10.4</ele>
   </trkpt>
   <trkpt lat="56.1383900" lon="10.1723580">
    <ele>10.2</ele>
   </trkpt>
   <trkpt lat="56.1384380" lon="10.1723710">
    <ele>10.0</ele>
   </trkpt>
   <trkpt lat="56.1384830" lon="10.1724140">
    <ele>9.8</ele>
   </trkpt>
   <trkpt lat="56.1385250" lon="10.1724780">
    <ele>9.8</ele>
   </trkpt>
   <trkpt lat="56.1385680" lon="10.1725470">
    <ele>9.6</ele>
   </trkpt>
   <trkpt lat="56.1386170" lon="10.1726130">
    <ele>9.4</ele>
   </trkpt>
   <trkpt lat="56.1386680" lon="10.1726780">
    <ele>9.4</ele>
   </trkpt>
   <trkpt lat="56.1387170" lon="10.1727430">
    <ele>9.2</ele>
   </trkpt>
   <trkpt lat="56.1387650" lon="10.1728090">
    <ele>9.2</ele>
   </trkpt>
   <trkpt lat="56.1388140" lon="10.1728730">
    <ele>9.0</ele>
   </trkpt>
   <trkpt lat="56.1388640" lon="10.1729370">
    <ele>9.0</ele>
   </trkpt>
   <trkpt lat="56.1389140" lon="10.1730010">
    <ele>9.0</ele>
   </trkpt>
   <trkpt lat="56.1389630" lon="10.1730690">
    <ele>9.0</ele>
   </trkpt>
   <trkpt lat="56.1390120" lon="10.1731370">
    <ele>9.0</ele>
   </trkpt>
   <trkpt lat="56.1390640" lon="10.1732020">
    <ele>9.0</ele>
   </trkpt>
   <trkpt lat="56.1391140" lon="10.1732690">
    <ele>9.0</ele>
   </trkpt>
   <trkpt lat="56.1391640" lon="10.1733380">
    <ele>9.2</ele>
   </trkpt>
   <trkpt lat="56.1392160" lon="10.1734030">
    <ele>9.2</ele>
   </trkpt>
   <trkpt lat="56.1392690" lon="10.1734610">
    <ele>9.4</ele>
   </trkpt>
   <trkpt lat="56.1393250" lon="10.1735080">
    <ele>9.4</ele>
   </trkpt>
   <trkpt lat="56.1393870" lon="10.1735380">
    <ele>9.4</ele>
   </trkpt>
   <trkpt lat="56.1394470" lon="10.1735550">
    <ele>9.6</ele>
   </trkpt>
   <trkpt lat="56.1395100" lon="10.1735620">
    <ele>9.6</ele>
   </trkpt>
   <trkpt lat="56.1395720" lon="10.1735660">
    <ele>9.8</ele>
   </trkpt>
   <trkpt lat="56.1396350" lon="10.1735720">
    <ele>9.8</ele>
   </trkpt>
   <trkpt lat="56.1396970" lon="10.1735760">
    <ele>9.8</ele>
   </trkpt>
   <trkpt lat="56.1397610" lon="10.1735840">
    <ele>9.8</ele>
   </trkpt>
   <trkpt lat="56.1398240" lon="10.1735980">
    <ele>9.8</ele>
   </trkpt>
   <trkpt lat="56.1398870" lon="10.1736140">
    <ele>9.8</ele>
   </trkpt>
   <trkpt lat="56.1399470" lon="10.1736300">
    <ele>9.8</ele>
   </trkpt>
   <trkpt lat="56.1400060" lon="10.1736470">
    <ele>9.8</ele>
   </trkpt>
   <trkpt lat="56.1400620" lon="10.1736650">
    <ele>9.8</ele>
   </trkpt>
   <trkpt lat="56.1401200" lon="10.1736820">
    <ele>9.8</ele>
   </trkpt>
   <trkpt lat="56.1401770" lon="10.1737020">
    <ele>9.8</ele>
   </trkpt>
   <trkpt lat="56.1402320" lon="10.1737240">
    <ele>9.8</ele>
   </trkpt>
   <trkpt lat="56.1402860" lon="10.1737460">
    <ele>9.8</ele>
   </trkpt>
   <trkpt lat="56.1403390" lon="10.1737690">
    <ele>9.6</ele>
   </trkpt>
   <trkpt lat="56.1403930" lon="10.1737940">
    <ele>9.6</ele>
   </trkpt>
   <trkpt lat="56.1404510" lon="10.1738170">
    <ele>9.4</ele>
   </trkpt>
   <trkpt lat="56.1405110" lon="10.1738400">
    <ele>9.2</ele>
   </trkpt>
   <trkpt lat="56.1405750" lon="10.1738590">
    <ele>9.0</ele>
   </trkpt>
   <trkpt lat="56.1406420" lon="10.1738780">
    <ele>8.6</ele>
   </trkpt>
   <trkpt lat="56.1407080" lon="10.1738930">
    <ele>8.2</ele>
   </trkpt>
   <trkpt lat="56.1407770" lon="10.1739040">
    <ele>7.8</ele>
   </trkpt>
   <trkpt lat="56.1408510" lon="10.1739150">
    <ele>7.2</ele>
   </trkpt>
   <trkpt lat="56.1409260" lon="10.1739160">
    <ele>6.8</ele>
   </trkpt>
   <trkpt lat="56.1409990" lon="10.1738900">
    <ele>6.4</ele>
   </trkpt>
   <trkpt lat="56.1410600" lon="10.1738080">
    <ele>5.8</ele>
   </trkpt>
   <trkpt lat="56.1411060" lon="10.1736880">
    <ele>5.4</ele>
   </trkpt>
   <trkpt lat="56.1411250" lon="10.1735520">
    <ele>5.0</ele>
   </trkpt>
   <trkpt lat="56.1411180" lon="10.1734210">
    <ele>4.6</ele>
   </trkpt>
   <trkpt lat="56.1410880" lon="10.1733090">
    <ele>4.4</ele>
   </trkpt>
   <trkpt lat="56.1410540" lon="10.1732070">
    <ele>4.2</ele>
   </trkpt>
   <trkpt lat="56.1410330" lon="10.1730940">
    <ele>4.0</ele>
   </trkpt>
   <trkpt lat="56.1410250" lon="10.1729770">
    <ele>4.0</ele>
   </trkpt>
   <trkpt lat="56.1410290" lon="10.1728640">
    <ele>3.8</ele>
   </trkpt>
   <trkpt lat="56.1410420" lon="10.1727680">
    <ele>3.8</ele>
   </trkpt>
   <trkpt lat="56.1410600" lon="10.1727010">
    <ele>3.6</ele>
   </trkpt>
   <trkpt lat="56.1410850" lon="10.1726790">
    <ele>3.6</ele>
   </trkpt>
   <trkpt lat="56.1411150" lon="10.1726950">
    <ele>3.4</ele>
   </trkpt>
   <trkpt lat="56.1411490" lon="10.1727290">
    <ele>3.4</ele>
   </trkpt>
   <trkpt lat="56.1411860" lon="10.1727670">
    <ele>3.4</ele>
   </trkpt>
   <trkpt lat="56.1412270" lon="10.1728020">
    <ele>3.4</ele>
   </trkpt>
   <trkpt lat="56.1412710" lon="10.1728290">
    <ele>3.4</ele>
   </trkpt>
   <trkpt lat="56.1413190" lon="10.1728540">
    <ele>3.4</ele>
   </trkpt>
   <trkpt lat="56.1413690" lon="10.1728840">
    <ele>3.4</ele>
   </trkpt>
   <trkpt lat="56.1414200" lon="10.1729200">
    <ele>3.4</ele>
   </trkpt>
   <trkpt lat="56.1414720" lon="10.1729560">
    <ele>3.2</ele>
   </trkpt>
   <trkpt lat="56.1415250" lon="10.1729930">
    <ele>3.2</ele>
   </trkpt>
   <trkpt lat="56.1415790" lon="10.1730340">
    <ele>3.2</ele>
   </trkpt>
   <trkpt lat="56.1416350" lon="10.1730750">
    <ele>3.2</ele>
   </trkpt>
   <trkpt lat="56.1416910" lon="10.1731120">
    <ele>3.2</ele>
   </trkpt>
   <trkpt lat="56.1417500" lon="10.1731510">
    <ele>3.2</ele>
   </trkpt>
   <trkpt lat="56.1418070" lon="10.1731920">
    <ele>3.0</ele>
   </trkpt>
   <trkpt lat="56.1418640" lon="10.1732340">
    <ele>3.2</ele>
   </trkpt>
   <trkpt lat="56.1419230" lon="10.1732750">
    <ele>3.2</ele>
   </trkpt>
   <trkpt lat="56.1419820" lon="10.1733130">
    <ele>3.2</ele>
   </trkpt>
   <trkpt lat="56.1420430" lon="10.1733520">
    <ele>3.2</ele>
   </trkpt>
   <trkpt lat="56.1421040" lon="10.1733920">
    <ele>3.2</ele>
   </trkpt>
   <trkpt lat="56.1421670" lon="10.1734310">
    <ele>3.2</ele>
   </trkpt>
   <trkpt lat="56.1422310" lon="10.1734650">
    <ele>3.2</ele>
   </trkpt>
   <trkpt lat="56.1422940" lon="10.1735000">
    <ele>3.2</ele>
   </trkpt>
   <trkpt lat="56.1423570" lon="10.1735350">
    <ele>3.2</ele>
   </trkpt>
   <trkpt lat="56.1424210" lon="10.1735660">
    <ele>3.2</ele>
   </trkpt>
   <trkpt lat="56.1424860" lon="10.1735920">
    <ele>3.2</ele>
   </trkpt>
   <trkpt lat="56.1425500" lon="10.1736190">
    <ele>3.2</ele>
   </trkpt>
   <trkpt lat="56.1426140" lon="10.1736460">
    <ele>3.2</ele>
   </trkpt>
   <trkpt lat="56.1426780" lon="10.1736760">
    <ele>3.4</ele>
   </trkpt>
   <trkpt lat="56.1427410" lon="10.1737050">
    <ele>3.4</ele>
   </trkpt>
   <trkpt lat="56.1428070" lon="10.1737310">
    <ele>3.4</ele>
   </trkpt>
   <trkpt lat="56.1428710" lon="10.1737560">
    <ele>3.6</ele>
   </trkpt>
   <trkpt lat="56.1429350" lon="10.1737780">
    <ele>3.6</ele>
   </trkpt>
   <trkpt lat="56.1429990" lon="10.1737970">
    <ele>3.8</ele>
   </trkpt>
   <trkpt lat="56.1430640" lon="10.1738080">
    <ele>4.0</ele>
   </trkpt>
   <trkpt lat="56.1431280" lon="10.1738090">
    <ele>4.0</ele>
   </trkpt>
   <trkpt lat="56.1431880" lon="10.1738110">
    <ele>4.2</ele>
   </trkpt>
   <trkpt lat="56.1432460" lon="10.1738160">
    <ele>4.2</ele>
   </trkpt>
   <trkpt lat="56.1433060" lon="10.1738140">
    <ele>4.2</ele>
   </trkpt>
   <trkpt lat="56.1433650" lon="10.1737950">
    <ele>4.4</ele>
   </trkpt>
   <trkpt lat="56.1434200" lon="10.1737540">
    <ele>4.4</ele>
   </trkpt>
   <trkpt lat="56.1434660" lon="10.1736630">
    <ele>4.2</ele>
   </trkpt>
   <trkpt lat="56.1435190" lon="10.1736090">
    <ele>4.2</ele>
   </trkpt>
   <trkpt lat="56.1435790" lon="10.1735920">
    <ele>4.2</ele>
   </trkpt>
   <trkpt lat="56.1436380" lon="10.1735750">
    <ele>4.0</ele>
   </trkpt>
   <trkpt lat="56.1436970" lon="10.1735670">
    <ele>4.0</ele>
   </trkpt>
   <trkpt lat="56.1437550" lon="10.1735540">
    <ele>4.0</ele>
   </trkpt>
   <trkpt lat="56.1438170" lon="10.1735360">
    <ele>4.0</ele>
   </trkpt>
   <trkpt lat="56.1438770" lon="10.1735290">
    <ele>4.0</ele>
   </trkpt>
   <trkpt lat="56.1439350" lon="10.1735330">
    <ele>3.8</ele>
   </trkpt>
   <trkpt lat="56.1439960" lon="10.1735410">
    <ele>3.8</ele>
   </trkpt>
   <trkpt lat="56.1440570" lon="10.1735280">
    <ele>3.8</ele>
   </trkpt>
   <trkpt lat="56.1441210" lon="10.1735190">
    <ele>3.8</ele>
   </trkpt>
   <trkpt lat="56.1441780" lon="10.1735510">
    <ele>3.8</ele>
   </trkpt>
   <trkpt lat="56.1442200" lon="10.1736250">
    <ele>4.0</ele>
   </trkpt>
   <trkpt lat="56.1442530" lon="10.1737090">
    <ele>4.0</ele>
   </trkpt>
   <trkpt lat="56.1442790" lon="10.1737920">
    <ele>4.0</ele>
   </trkpt>
   <trkpt lat="56.1443130" lon="10.1738820">
    <ele>4.0</ele>
   </trkpt>
   <trkpt lat="56.1443530" lon="10.1739720">
    <ele>4.0</ele>
   </trkpt>
   <trkpt lat="56.1443930" lon="10.1740610">
    <ele>4.0</ele>
   </trkpt>
   <trkpt lat="56.1444310" lon="10.1741510">
    <ele>4.0</ele>
   </trkpt>
   <trkpt lat="56.1444740" lon="10.1742390">
    <ele>4.0</ele>
   </trkpt>
   <trkpt lat="56.1445220" lon="10.1743330">
    <ele>4.0</ele>
   </trkpt>
   <trkpt lat="56.1445680" lon="10.1744300">
    <ele>4.0</ele>
   </trkpt>
   <trkpt lat="56.1446170" lon="10.1745210">
    <ele>4.0</ele>
   </trkpt>
   <trkpt lat="56.1446680" lon="10.1746090">
    <ele>4.0</ele>
   </trkpt>
   <trkpt lat="56.1447180" lon="10.1746970">
    <ele>4.0</ele>
   </trkpt>
   <trkpt lat="56.1447640" lon="10.1747900">
    <ele>4.0</ele>
   </trkpt>
   <trkpt lat="56.1448070" lon="10.1748930">
    <ele>4.0</ele>
   </trkpt>
   <trkpt lat="56.1448460" lon="10.1749950">
    <ele>4.0</ele>
   </trkpt>
   <trkpt lat="56.1448910" lon="10.1750920">
    <ele>4.0</ele>
   </trkpt>
   <trkpt lat="56.1449360" lon="10.1751870">
    <ele>4.0</ele>
   </trkpt>
   <trkpt lat="56.1449850" lon="10.1752810">
    <ele>4.0</ele>
   </trkpt>
   <trkpt lat="56.1450340" lon="10.1753650">
    <ele>4.0</ele>
   </trkpt>
   <trkpt lat="56.1450890" lon="10.1754470">
    <ele>4.2</ele>
   </trkpt>
   <trkpt lat="56.1451480" lon="10.1755180">
    <ele>4.4</ele>
   </trkpt>
   <trkpt lat="56.1452080" lon="10.1755780">
    <ele>4.6</ele>
   </trkpt>
   <trkpt lat="56.1452690" lon="10.1756320">
    <ele>4.8</ele>
   </trkpt>
   <trkpt lat="56.1453250" lon="10.1756770">
    <ele>5.0</ele>
   </trkpt>
   <trkpt lat="56.1453830" lon="10.1757170">
    <ele>5.2</ele>
   </trkpt>
   <trkpt lat="56.1454450" lon="10.1757600">
    <ele>5.6</ele>
   </trkpt>
   <trkpt lat="56.1455000" lon="10.1758070">
    <ele>5.8</ele>
   </trkpt>
   <trkpt lat="56.1455560" lon="10.1758560">
    <ele>6.0</ele>
   </trkpt>
   <trkpt lat="56.1456100" lon="10.1759070">
    <ele>6.2</ele>
   </trkpt>
   <trkpt lat="56.1456630" lon="10.1759600">
    <ele>6.4</ele>
   </trkpt>
   <trkpt lat="56.1457190" lon="10.1760080">
    <ele>6.6</ele>
   </trkpt>
   <trkpt lat="56.1457770" lon="10.1760470">
    <ele>6.6</ele>
   </trkpt>
   <trkpt lat="56.1458370" lon="10.1760770">
    <ele>6.6</ele>
   </trkpt>
   <trkpt lat="56.1458970" lon="10.1761050">
    <ele>6.8</ele>
   </trkpt>
   <trkpt lat="56.1459570" lon="10.1761440">
    <ele>6.8</ele>
   </trkpt>
   <trkpt lat="56.1460150" lon="10.1761920">
    <ele>6.8</ele>
   </trkpt>
   <trkpt lat="56.1460730" lon="10.1762420">
    <ele>6.6</ele>
   </trkpt>
   <trkpt lat="56.1461310" lon="10.1762970">
    <ele>6.6</ele>
   </trkpt>
   <trkpt lat="56.1461880" lon="10.1763580">
    <ele>6.6</ele>
   </trkpt>
   <trkpt lat="56.1462470" lon="10.1764210">
    <ele>6.6</ele>
   </trkpt>
   <trkpt lat="56.1463050" lon="10.1764850">
    <ele>6.4</ele>
   </trkpt>
   <trkpt lat="56.1463640" lon="10.1765540">
    <ele>6.4</ele>
   </trkpt>
   <trkpt lat="56.1464200" lon="10.1766300">
    <ele>6.4</ele>
   </trkpt>
   <trkpt lat="56.1464750" lon="10.1767090">
    <ele>6.4</ele>
   </trkpt>
   <trkpt lat="56.1465270" lon="10.1767890">
    <ele>6.2</ele>
   </trkpt>
   <trkpt lat="56.1465790" lon="10.1768740">
    <ele>6.2</ele>
   </trkpt>
   <trkpt lat="56.1466330" lon="10.1769600">
    <ele>6.0</ele>
   </trkpt>
   <trkpt lat="56.1466840" lon="10.1770480">
    <ele>6.0</ele>
   </trkpt>
   <trkpt lat="56.1467260" lon="10.1771410">
    <ele>6.0</ele>
   </trkpt>
   <trkpt lat="56.1467500" lon="10.1772440">
    <ele>6.0</ele>
   </trkpt>
   <trkpt lat="56.1467740" lon="10.1773640">
    <ele>6.0</ele>
   </trkpt>
   <trkpt lat="56.1468060" lon="10.1774860">
    <ele>6.0</ele>
   </trkpt>
   <trkpt lat="56.1468480" lon="10.1775980">
    <ele>6.0</ele>
   </trkpt>
   <trkpt lat="56.1468960" lon="10.1776950">
    <ele>6.0</ele>
   </trkpt>
   <trkpt lat="56.1469440" lon="10.1777900">
    <ele>6.0</ele>
   </trkpt>
   <trkpt lat="56.1469950" lon="10.1778830">
    <ele>6.0</ele>
   </trkpt>
   <trkpt lat="56.1470460" lon="10.1779710">
    <ele>6.0</ele>
   </trkpt>
   <trkpt lat="56.1470970" lon="10.1780610">
    <ele>6.0</ele>
   </trkpt>
   <trkpt lat="56.1471490" lon="10.1781550">
    <ele>6.0</ele>
   </trkpt>
   <trkpt lat="56.1472030" lon="10.1782500">
    <ele>6.0</ele>
   </trkpt>
   <trkpt lat="56.1472550" lon="10.1783420">
    <ele>5.8</ele>
   </trkpt>
   <trkpt lat="56.1473040" lon="10.1784430">
    <ele>5.8</ele>
   </trkpt>
   <trkpt lat="56.1473470" lon="10.1785600">
    <ele>5.8</ele>
   </trkpt>
   <trkpt lat="56.1473880" lon="10.1786770">
    <ele>5.6</ele>
   </trkpt>
   <trkpt lat="56.1474240" lon="10.1787870">
    <ele>5.6</ele>
   </trkpt>
   <trkpt lat="56.1474690" lon="10.1788850">
    <ele>5.6</ele>
   </trkpt>
   <trkpt lat="56.1475170" lon="10.1789770">
    <ele>5.4</ele>
   </trkpt>
   <trkpt lat="56.1475680" lon="10.1790700">
    <ele>5.4</ele>
   </trkpt>
   <trkpt lat="56.1476080" lon="10.1791640">
    <ele>5.4</ele>
   </trkpt>
   <trkpt lat="56.1476520" lon="10.1792650">
    <ele>5.4</ele>
   </trkpt>
   <trkpt lat="56.1476970" lon="10.1793760">
    <ele>5.4</ele>
   </trkpt>
   <trkpt lat="56.1477510" lon="10.1794930">
    <ele>5.4</ele>
   </trkpt>
   <trkpt lat="56.1477930" lon="10.1796090">
    <ele>5.4</ele>
   </trkpt>
   <trkpt lat="56.1478280" lon="10.1797240">
    <ele>5.4</ele>
   </trkpt>
   <trkpt lat="56.1478710" lon="10.1798280">
    <ele>5.4</ele>
   </trkpt>
   <trkpt lat="56.1479270" lon="10.1799250">
    <ele>5.2</ele>
   </trkpt>
   <trkpt lat="56.1479890" lon="10.1800200">
    <ele>5.4</ele>
   </trkpt>
   <trkpt lat="56.1480310" lon="10.1801070">
    <ele>5.4</ele>
   </trkpt>
   <trkpt lat="56.1480750" lon="10.1801960">
    <ele>5.4</ele>
   </trkpt>
   <trkpt lat="56.1481160" lon="10.1802890">
    <ele>5.4</ele>
   </trkpt>
   <trkpt lat="56.1481490" lon="10.1803800">
    <ele>5.2</ele>
   </trkpt>
   <trkpt lat="56.1481790" lon="10.1804720">
    <ele>5.2</ele>
   </trkpt>
   <trkpt lat="56.1482130" lon="10.1805710">
    <ele>5.2</ele>
   </trkpt>
   <trkpt lat="56.1482760" lon="10.1806710">
    <ele>5.0</ele>
   </trkpt>
   <trkpt lat="56.1483340" lon="10.1807740">
    <ele>5.0</ele>
   </trkpt>
   <trkpt lat="56.1483870" lon="10.1808930">
    <ele>5.0</ele>
   </trkpt>
   <trkpt lat="56.1484420" lon="10.1810100">
    <ele>5.0</ele>
   </trkpt>
   <trkpt lat="56.1485050" lon="10.1811260">
    <ele>5.0</ele>
   </trkpt>
   <trkpt lat="56.1485580" lon="10.1812380">
    <ele>5.0</ele>
   </trkpt>
   <trkpt lat="56.1486040" lon="10.1813500">
    <ele>5.0</ele>
   </trkpt>
   <trkpt lat="56.1486510" lon="10.1814640">
    <ele>5.0</ele>
   </trkpt>
   <trkpt lat="56.1487030" lon="10.1815770">
    <ele>5.2</ele>
   </trkpt>
   <trkpt lat="56.1487500" lon="10.1816910">
    <ele>5.2</ele>
   </trkpt>
   <trkpt lat="56.1488010" lon="10.1818070">
    <ele>5.2</ele>
   </trkpt>
   <trkpt lat="56.1488510" lon="10.1819190">
    <ele>5.2</ele>
   </trkpt>
   <trkpt lat="56.1488990" lon="10.1820290">
    <ele>5.2</ele>
   </trkpt>
   <trkpt lat="56.1489540" lon="10.1821400">
    <ele>5.2</ele>
   </trkpt>
   <trkpt lat="56.1490090" lon="10.1822480">
    <ele>5.2</ele>
   </trkpt>
   <trkpt lat="56.1490580" lon="10.1823550">
    <ele>5.0</ele>
   </trkpt>
   <trkpt lat="56.1490850" lon="10.1824530">
    <ele>5.0</ele>
   </trkpt>
   <trkpt lat="56.1491310" lon="10.1825550">
    <ele>5.0</ele>
   </trkpt>
   <trkpt lat="56.1491750" lon="10.1826550">
    <ele>5.2</ele>
   </trkpt>
   <trkpt lat="56.1492140" lon="10.1827470">
    <ele>5.2</ele>
   </trkpt>
   <trkpt lat="56.1492400" lon="10.1828290">
    <ele>5.2</ele>
   </trkpt>
   <trkpt lat="56.1492760" lon="10.1829110">
    <ele>5.4</ele>
   </trkpt>
   <trkpt lat="56.1493150" lon="10.1829990">
    <ele>5.4</ele>
   </trkpt>
   <trkpt lat="56.1493580" lon="10.1830890">
    <ele>5.4</ele>
   </trkpt>
   <trkpt lat="56.1493960" lon="10.1831740">
    <ele>5.6</ele>
   </trkpt>
   <trkpt lat="56.1494320" lon="10.1832550">
    <ele>5.6</ele>
   </trkpt>
   <trkpt lat="56.1494500" lon="10.1833250">
    <ele>5.8</ele>
   </trkpt>
   <trkpt lat="56.1494570" lon="10.1833950">
    <ele>5.8</ele>
   </trkpt>
   <trkpt lat="56.1494830" lon="10.1834590">
    <ele>6.0</ele>
   </trkpt>
   <trkpt lat="56.1495180" lon="10.1835160">
    <ele>6.2</ele>
   </trkpt>
   <trkpt lat="56.1495530" lon="10.1835760">
    <ele>6.4</ele>
   </trkpt>
   <trkpt lat="56.1495700" lon="10.1836340">
    <ele>6.4</ele>
   </trkpt>
   <trkpt lat="56.1495850" lon="10.1836800">
    <ele>6.4</ele>
   </trkpt>
   <trkpt lat="56.1496010" lon="10.1837180">
    <ele>6.6</ele>
   </trkpt>
   <trkpt lat="56.1496070" lon="10.1837550">
    <ele>6.6</ele>
   </trkpt>
   <trkpt lat="56.1496010" lon="10.1837920">
    <ele>6.6</ele>
   </trkpt>
   <trkpt lat="56.1495920" lon="10.1838230">
    <ele>6.4</ele>
   </trkpt>
   <trkpt lat="56.1495920" lon="10.1838590">
    <ele>6.4</ele>
   </trkpt>
   <trkpt lat="56.1495990" lon="10.1839060">
    <ele>6.4</ele>
   </trkpt>
   <trkpt lat="56.1496110" lon="10.1839480">
    <ele>6.2</ele>
   </trkpt>
   <trkpt lat="56.1496310" lon="10.1839780">
    <ele>6.2</ele>
   </trkpt>
   <trkpt lat="56.1496620" lon="10.1840010">
    <ele>6.2</ele>
   </trkpt>
   <trkpt lat="56.1496970" lon="10.1840350">
    <ele>6.2</ele>
   </trkpt>
   <trkpt lat="56.1497400" lon="10.1840890">
    <ele>6.0</ele>
   </trkpt>
   <trkpt lat="56.1497840" lon="10.1841490">
    <ele>6.0</ele>
   </trkpt>
   <trkpt lat="56.1498290" lon="10.1842080">
    <ele>6.2</ele>
   </trkpt>
   <trkpt lat="56.1498690" lon="10.1842580">
    <ele>6.0</ele>
   </trkpt>
   <trkpt lat="56.1499130" lon="10.1843050">
    <ele>6.0</ele>
   </trkpt>
   <trkpt lat="56.1499530" lon="10.1843500">
    <ele>6.0</ele>
   </trkpt>
   <trkpt lat="56.1499910" lon="10.1843920">
    <ele>6.0</ele>
   </trkpt>
   <trkpt lat="56.1500310" lon="10.1844290">
    <ele>6.0</ele>
   </trkpt>
   <trkpt lat="56.1500680" lon="10.1844710">
    <ele>6.0</ele>
   </trkpt>
   <trkpt lat="56.1501040" lon="10.1845210">
    <ele>6.0</ele>
   </trkpt>
   <trkpt lat="56.1501390" lon="10.1845780">
    <ele>6.0</ele>
   </trkpt>
   <trkpt lat="56.1501770" lon="10.1846410">
    <ele>6.0</ele>
   </trkpt>
   <trkpt lat="56.1502140" lon="10.1847080">
    <ele>5.8</ele>
   </trkpt>
   <trkpt lat="56.1502520" lon="10.1847750">
    <ele>5.8</ele>
   </trkpt>
   <trkpt lat="56.1502920" lon="10.1848460">
    <ele>5.8</ele>
   </trkpt>
   <trkpt lat="56.1503360" lon="10.1849220">
    <ele>5.6</ele>
   </trkpt>
   <trkpt lat="56.1503840" lon="10.1850050">
    <ele>5.4</ele>
   </trkpt>
   <trkpt lat="56.1504310" lon="10.1850910">
    <ele>5.4</ele>
   </trkpt>
   <trkpt lat="56.1504740" lon="10.1851800">
    <ele>5.4</ele>
   </trkpt>
   <trkpt lat="56.1505160" lon="10.1852700">
    <ele>5.2</ele>
   </trkpt>
   <trkpt lat="56.1505590" lon="10.1853620">
    <ele>5.2</ele>
   </trkpt>
   <trkpt lat="56.1506000" lon="10.1854530">
    <ele>5.2</ele>
   </trkpt>
   <trkpt lat="56.1506420" lon="10.1855460">
    <ele>5.2</ele>
   </trkpt>
   <trkpt lat="56.1506880" lon="10.1856380">
    <ele>5.2</ele>
   </trkpt>
   <trkpt lat="56.1507350" lon="10.1857340">
    <ele>5.0</ele>
   </trkpt>
   <trkpt lat="56.1507810" lon="10.1858330">
    <ele>4.8</ele>
   </trkpt>
   <trkpt lat="56.1508250" lon="10.1859310">
    <ele>4.8</ele>
   </trkpt>
   <trkpt lat="56.1508710" lon="10.1860330">
    <ele>4.6</ele>
   </trkpt>
   <trkpt lat="56.1509170" lon="10.1861320">
    <ele>4.6</ele>
   </trkpt>
   <trkpt lat="56.1509610" lon="10.1862350">
    <ele>4.4</ele>
   </trkpt>
   <trkpt lat="56.1510070" lon="10.1863360">
    <ele>4.4</ele>
   </trkpt>
   <trkpt lat="56.1510500" lon="10.1864390">
    <ele>4.4</ele>
   </trkpt>
   <trkpt lat="56.1510930" lon="10.1865420">
    <ele>4.4</ele>
   </trkpt>
   <trkpt lat="56.1511370" lon="10.1866490">
    <ele>4.4</ele>
   </trkpt>
   <trkpt lat="56.1511750" lon="10.1867630">
    <ele>4.2</ele>
   </trkpt>
   <trkpt lat="56.1512050" lon="10.1868820">
    <ele>4.2</ele>
   </trkpt>
   <trkpt lat="56.1512290" lon="10.1870040">
    <ele>4.0</ele>
   </trkpt>
   <trkpt lat="56.1512520" lon="10.1871260">
    <ele>3.8</ele>
   </trkpt>
   <trkpt lat="56.1512720" lon="10.1872470">
    <ele>3.8</ele>
   </trkpt>
   <trkpt lat="56.1512870" lon="10.1873730">
    <ele>3.8</ele>
   </trkpt>
   <trkpt lat="56.1512940" lon="10.1875020">
    <ele>3.8</ele>
   </trkpt>
   <trkpt lat="56.1513010" lon="10.1876310">
    <ele>3.8</ele>
   </trkpt>
   <trkpt lat="56.1513130" lon="10.1877590">
    <ele>3.8</ele>
   </trkpt>
   <trkpt lat="56.1513330" lon="10.1878840">
    <ele>4.0</ele>
   </trkpt>
   <trkpt lat="56.1513580" lon="10.1880020">
    <ele>4.0</ele>
   </trkpt>
   <trkpt lat="56.1513860" lon="10.1881140">
    <ele>4.2</ele>
   </trkpt>
   <trkpt lat="56.1514210" lon="10.1882190">
    <ele>4.4</ele>
   </trkpt>
   <trkpt lat="56.1514610" lon="10.1883200">
    <ele>4.6</ele>
   </trkpt>
   <trkpt lat="56.1515050" lon="10.1884170">
    <ele>4.8</ele>
   </trkpt>
   <trkpt lat="56.1515510" lon="10.1885100">
    <ele>4.8</ele>
   </trkpt>
   <trkpt lat="56.1515970" lon="10.1885970">
    <ele>5.0</ele>
   </trkpt>
   <trkpt lat="56.1516420" lon="10.1886840">
    <ele>5.0</ele>
   </trkpt>
   <trkpt lat="56.1516850" lon="10.1887720">
    <ele>5.0</ele>
   </trkpt>
   <trkpt lat="56.1517280" lon="10.1888580">
    <ele>5.0</ele>
   </trkpt>
   <trkpt lat="56.1517710" lon="10.1889400">
    <ele>5.0</ele>
   </trkpt>
   <trkpt lat="56.1518150" lon="10.1890200">
    <ele>4.8</ele>
   </trkpt>
   <trkpt lat="56.1518630" lon="10.1890970">
    <ele>4.8</ele>
   </trkpt>
   <trkpt lat="56.1519100" lon="10.1891720">
    <ele>4.8</ele>
   </trkpt>
   <trkpt lat="56.1519540" lon="10.1892450">
    <ele>4.6</ele>
   </trkpt>
   <trkpt lat="56.1519950" lon="10.1893110">
    <ele>4.6</ele>
   </trkpt>
   <trkpt lat="56.1520270" lon="10.1893630">
    <ele>4.6</ele>
   </trkpt>
   <trkpt lat="56.1520580" lon="10.1894140">
    <ele>4.6</ele>
   </trkpt>
   <trkpt lat="56.1520780" lon="10.1894440">
    <ele>4.4</ele>
   </trkpt>
   <trkpt lat="56.1521120" lon="10.1894850">
    <ele>4.4</ele>
   </trkpt>
   <trkpt lat="56.1521580" lon="10.1895410">
    <ele>4.4</ele>
   </trkpt>
   <trkpt lat="56.1521980" lon="10.1895670">
    <ele>4.2</ele>
   </trkpt>
   <trkpt lat="56.1522330" lon="10.1896510">
    <ele>4.0</ele>
   </trkpt>
   <trkpt lat="56.1522730" lon="10.1897240">
    <ele>4.0</ele>
   </trkpt>
   <trkpt lat="56.1523030" lon="10.1898080">
    <ele>3.8</ele>
   </trkpt>
   <trkpt lat="56.1523310" lon="10.1898960">
    <ele>3.6</ele>
   </trkpt>
   <trkpt lat="56.1523720" lon="10.1899780">
    <ele>3.6</ele>
   </trkpt>
   <trkpt lat="56.1524240" lon="10.1900530">
    <ele>3.6</ele>
   </trkpt>
   <trkpt lat="56.1524740" lon="10.1901270">
    <ele>3.6</ele>
   </trkpt>
   <trkpt lat="56.1525230" lon="10.1901960">
    <ele>3.6</ele>
   </trkpt>
   <trkpt lat="56.1525730" lon="10.1902680">
    <ele>3.6</ele>
   </trkpt>
   <trkpt lat="56.1526200" lon="10.1903480">
    <ele>3.6</ele>
   </trkpt>
   <trkpt lat="56.1526690" lon="10.1904240">
    <ele>3.6</ele>
   </trkpt>
   <trkpt lat="56.1527200" lon="10.1904940">
    <ele>3.6</ele>
   </trkpt>
   <trkpt lat="56.1527730" lon="10.1905660">
    <ele>3.6</ele>
   </trkpt>
   <trkpt lat="56.1528290" lon="10.1906410">
    <ele>3.6</ele>
   </trkpt>
   <trkpt lat="56.1528690" lon="10.1907440">
    <ele>3.6</ele>
   </trkpt>
   <trkpt lat="56.1529090" lon="10.1908410">
    <ele>3.8</ele>
   </trkpt>
   <trkpt lat="56.1529480" lon="10.1909390">
    <ele>3.8</ele>
   </trkpt>
   <trkpt lat="56.1530010" lon="10.1910220">
    <ele>3.8</ele>
   </trkpt>
   <trkpt lat="56.1530580" lon="10.1910900">
    <ele>3.8</ele>
   </trkpt>
   <trkpt lat="56.1531120" lon="10.1911620">
    <ele>3.6</ele>
   </trkpt>
   <trkpt lat="56.1531620" lon="10.1912450">
    <ele>3.8</ele>
   </trkpt>
   <trkpt lat="56.1532110" lon="10.1913290">
    <ele>3.8</ele>
   </trkpt>
   <trkpt lat="56.1532600" lon="10.1914140">
    <ele>3.8</ele>
   </trkpt>
   <trkpt lat="56.1533110" lon="10.1914980">
    <ele>4.0</ele>
   </trkpt>
   <trkpt lat="56.1533600" lon="10.1915790">
    <ele>4.0</ele>
   </trkpt>
   <trkpt lat="56.1534070" lon="10.1916610">
    <ele>4.0</ele>
   </trkpt>
   <trkpt lat="56.1534550" lon="10.1917450">
    <ele>4.0</ele>
   </trkpt>
   <trkpt lat="56.1535040" lon="10.1918290">
    <ele>4.2</ele>
   </trkpt>
   <trkpt lat="56.1535540" lon="10.1919190">
    <ele>4.2</ele>
   </trkpt>
   <trkpt lat="56.1536050" lon="10.1920080">
    <ele>4.2</ele>
   </trkpt>
   <trkpt lat="56.1536560" lon="10.1921000">
    <ele>4.2</ele>
   </trkpt>
   <trkpt lat="56.1537060" lon="10.1921860">
    <ele>4.2</ele>
   </trkpt>
   <trkpt lat="56.1537520" lon="10.1922730">
    <ele>4.2</ele>
   </trkpt>
   <trkpt lat="56.1538020" lon="10.1923580">
    <ele>4.2</ele>
   </trkpt>
   <trkpt lat="56.1538520" lon="10.1924390">
    <ele>4.2</ele>
   </trkpt>
   <trkpt lat="56.1539000" lon="10.1925210">
    <ele>4.2</ele>
   </trkpt>
   <trkpt lat="56.1539490" lon="10.1926020">
    <ele>4.4</ele>
   </trkpt>
   <trkpt lat="56.1540010" lon="10.1926840">
    <ele>4.4</ele>
   </trkpt>
   <trkpt lat="56.1540620" lon="10.1927810">
    <ele>4.4</ele>
   </trkpt>
   <trkpt lat="56.1541040" lon="10.1928430">
    <ele>4.4</ele>
   </trkpt>
   <trkpt lat="56.1541580" lon="10.1929220">
    <ele>4.4</ele>
   </trkpt>
   <trkpt lat="56.1542250" lon="10.1930170">
    <ele>4.4</ele>
   </trkpt>
   <trkpt lat="56.1542670" lon="10.1930790">
    <ele>4.2</ele>
   </trkpt>
   <trkpt lat="56.1543170" lon="10.1931570">
    <ele>4.2</ele>
   </trkpt>
   <trkpt lat="56.1543600" lon="10.1932360">
    <ele>4.2</ele>
   </trkpt>
   <trkpt lat="56.1544040" lon="10.1933220">
    <ele>4.2</ele>
   </trkpt>
   <trkpt lat="56.1544520" lon="10.1933960">
    <ele>4.2</ele>
   </trkpt>
   <trkpt lat="56.1544980" lon="10.1934690">
    <ele>4.2</ele>
   </trkpt>
   <trkpt lat="56.1545430" lon="10.1935370">
    <ele>4.2</ele>
   </trkpt>
   <trkpt lat="56.1545830" lon="10.1935920">
    <ele>4.4</ele>
   </trkpt>
   <trkpt lat="56.1546240" lon="10.1936480">
    <ele>4.4</ele>
   </trkpt>
   <trkpt lat="56.1546460" lon="10.1936820">
    <ele>4.6</ele>
   </trkpt>
   <trkpt lat="56.1546570" lon="10.1936990">
    <ele>4.8</ele>
   </trkpt>
   <trkpt lat="56.1546670" lon="10.1937150">
    <ele>4.8</ele>
   </trkpt>
   <trkpt lat="56.1546690" lon="10.1937210">
    <ele>5.0</ele>
   </trkpt>
   <trkpt lat="56.1546690" lon="10.1937210">
    <ele>5.0</ele>
   </trkpt>
   <trkpt lat="56.1547050" lon="10.1937580">
    <ele>5.2</ele>
   </trkpt>
   <trkpt lat="56.1547220" lon="10.1937830">
    <ele>5.0</ele>
   </trkpt>
   <trkpt lat="56.1547470" lon="10.1938170">
    <ele>5.0</ele>
   </trkpt>
   <trkpt lat="56.1547840" lon="10.1938600">
    <ele>4.8</ele>
   </trkpt>
   <trkpt lat="56.1548120" lon="10.1938860">
    <ele>4.8</ele>
   </trkpt>
   <trkpt lat="56.1548520" lon="10.1939160">
    <ele>4.6</ele>
   </trkpt>
   <trkpt lat="56.1548950" lon="10.1939490">
    <ele>4.6</ele>
   </trkpt>
   <trkpt lat="56.1549390" lon="10.1939940">
    <ele>4.6</ele>
   </trkpt>
   <trkpt lat="56.1549820" lon="10.1940500">
    <ele>4.6</ele>
   </trkpt>
   <trkpt lat="56.1550250" lon="10.1941100">
    <ele>4.4</ele>
   </trkpt>
   <trkpt lat="56.1550710" lon="10.1941740">
    <ele>4.4</ele>
   </trkpt>
   <trkpt lat="56.1551180" lon="10.1942410">
    <ele>4.4</ele>
   </trkpt>
   <trkpt lat="56.1551650" lon="10.1943120">
    <ele>4.2</ele>
   </trkpt>
   <trkpt lat="56.1552230" lon="10.1943930">
    <ele>4.2</ele>
   </trkpt>
   <trkpt lat="56.1552630" lon="10.1944460">
    <ele>4.2</ele>
   </trkpt>
   <trkpt lat="56.1553150" lon="10.1945140">
    <ele>4.2</ele>
   </trkpt>
   <trkpt lat="56.1553670" lon="10.1945840">
    <ele>4.2</ele>
   </trkpt>
   <trkpt lat="56.1554150" lon="10.1946540">
    <ele>4.2</ele>
   </trkpt>
   <trkpt lat="56.1554670" lon="10.1947260">
    <ele>4.0</ele>
   </trkpt>
   <trkpt lat="56.1555230" lon="10.1948010">
    <ele>4.0</ele>
   </trkpt>
   <trkpt lat="56.1555780" lon="10.1948730">
    <ele>4.0</ele>
   </trkpt>
   <trkpt lat="56.1556310" lon="10.1949430">
    <ele>4.0</ele>
   </trkpt>
   <trkpt lat="56.1556980" lon="10.1950290">
    <ele>4.0</ele>
   </trkpt>
   <trkpt lat="56.1557400" lon="10.1950850">
    <ele>4.0</ele>
   </trkpt>
   <trkpt lat="56.1557870" lon="10.1951590">
    <ele>4.0</ele>
   </trkpt>
   <trkpt lat="56.1558380" lon="10.1952320">
    <ele>4.0</ele>
   </trkpt>
   <trkpt lat="56.1558910" lon="10.1953010">
    <ele>4.0</ele>
   </trkpt>
   <trkpt lat="56.1559450" lon="10.1953680">
    <ele>4.0</ele>
   </trkpt>
   <trkpt lat="56.1559980" lon="10.1954300">
    <ele>4.0</ele>
   </trkpt>
   <trkpt lat="56.1560450" lon="10.1954950">
    <ele>4.0</ele>
   </trkpt>
   <trkpt lat="56.1560910" lon="10.1955610">
    <ele>4.0</ele>
   </trkpt>
   <trkpt lat="56.1561380" lon="10.1956230">
    <ele>4.2</ele>
   </trkpt>
   <trkpt lat="56.1561830" lon="10.1956780">
    <ele>4.0</ele>
   </trkpt>
   <trkpt lat="56.1562230" lon="10.1957240">
    <ele>4.2</ele>
   </trkpt>
   <trkpt lat="56.1562540" lon="10.1957580">
    <ele>4.2</ele>
   </trkpt>
   <trkpt lat="56.1562730" lon="10.1957840">
    <ele>4.4</ele>
   </trkpt>
   <trkpt lat="56.1562800" lon="10.1958020">
    <ele>4.6</ele>
   </trkpt>
   <trkpt lat="56.1562800" lon="10.1958070">
    <ele>4.6</ele>
   </trkpt>
   <trkpt lat="56.1562800" lon="10.1958070">
    <ele>4.6</ele>
   </trkpt>
   <trkpt lat="56.1563130" lon="10.1958930">
    <ele>4.4</ele>
   </trkpt>
   <trkpt lat="56.1563290" lon="10.1959310">
    <ele>4.4</ele>
   </trkpt>
   <trkpt lat="56.1563510" lon="10.1959800">
    <ele>4.4</ele>
   </trkpt>
   <trkpt lat="56.1563680" lon="10.1960180">
    <ele>4.4</ele>
   </trkpt>
   <trkpt lat="56.1563930" lon="10.1960690">
    <ele>4.4</ele>
   </trkpt>
   <trkpt lat="56.1564220" lon="10.1961240">
    <ele>4.4</ele>
   </trkpt>
   <trkpt lat="56.1564540" lon="10.1961780">
    <ele>4.2</ele>
   </trkpt>
   <trkpt lat="56.1564890" lon="10.1962350">
    <ele>4.0</ele>
   </trkpt>
   <trkpt lat="56.1565240" lon="10.1963020">
    <ele>4.0</ele>
   </trkpt>
   <trkpt lat="56.1565570" lon="10.1963790">
    <ele>3.8</ele>
   </trkpt>
   <trkpt lat="56.1565910" lon="10.1964600">
    <ele>3.8</ele>
   </trkpt>
   <trkpt lat="56.1566250" lon="10.1965470">
    <ele>3.8</ele>
   </trkpt>
   <trkpt lat="56.1566590" lon="10.1966360">
    <ele>3.6</ele>
   </trkpt>
   <trkpt lat="56.1566930" lon="10.1967240">
    <ele>3.6</ele>
   </trkpt>
   <trkpt lat="56.1567290" lon="10.1968070">
    <ele>3.6</ele>
   </trkpt>
   <trkpt lat="56.1567610" lon="10.1968830">
    <ele>3.6</ele>
   </trkpt>
   <trkpt lat="56.1567950" lon="10.1969640">
    <ele>3.8</ele>
   </trkpt>
   <trkpt lat="56.1568160" lon="10.1970140">
    <ele>3.8</ele>
   </trkpt>
   <trkpt lat="56.1568420" lon="10.1970690">
    <ele>3.8</ele>
   </trkpt>
   <trkpt lat="56.1568640" lon="10.1971170">
    <ele>4.0</ele>
   </trkpt>
   <trkpt lat="56.1568800" lon="10.1971700">
    <ele>4.2</ele>
   </trkpt>
   <trkpt lat="56.1568850" lon="10.1972100">
    <ele>4.4</ele>
   </trkpt>
   <trkpt lat="56.1568900" lon="10.1972720">
    <ele>4.4</ele>
   </trkpt>
   <trkpt lat="56.1568970" lon="10.1973420">
    <ele>4.4</ele>
   </trkpt>
   <trkpt lat="56.1569080" lon="10.1974170">
    <ele>4.4</ele>
   </trkpt>
   <trkpt lat="56.1569220" lon="10.1974990">
    <ele>4.4</ele>
   </trkpt>
   <trkpt lat="56.1569360" lon="10.1975890">
    <ele>4.4</ele>
   </trkpt>
   <trkpt lat="56.1569470" lon="10.1976820">
    <ele>4.4</ele>
   </trkpt>
   <trkpt lat="56.1569600" lon="10.1977900">
    <ele>4.4</ele>
   </trkpt>
   <trkpt lat="56.1569700" lon="10.1978610">
    <ele>4.4</ele>
   </trkpt>
   <trkpt lat="56.1569830" lon="10.1979500">
    <ele>4.4</ele>
   </trkpt>
   <trkpt lat="56.1569910" lon="10.1980380">
    <ele>4.4</ele>
   </trkpt>
   <trkpt lat="56.1569960" lon="10.1981250">
    <ele>4.2</ele>
   </trkpt>
   <trkpt lat="56.1570080" lon="10.1982110">
    <ele>4.2</ele>
   </trkpt>
   <trkpt lat="56.1570220" lon="10.1982970">
    <ele>4.2</ele>
   </trkpt>
   <trkpt lat="56.1570340" lon="10.1983800">
    <ele>4.2</ele>
   </trkpt>
   <trkpt lat="56.1570450" lon="10.1984640">
    <ele>4.2</ele>
   </trkpt>
   <trkpt lat="56.1570530" lon="10.1985450">
    <ele>4.2</ele>
   </trkpt>
   <trkpt lat="56.1570590" lon="10.1986250">
    <ele>4.2</ele>
   </trkpt>
   <trkpt lat="56.1570640" lon="10.1986940">
    <ele>4.2</ele>
   </trkpt>
   <trkpt lat="56.1570690" lon="10.1987550">
    <ele>4.2</ele>
   </trkpt>
   <trkpt lat="56.1570740" lon="10.1988070">
    <ele>4.2</ele>
   </trkpt>
   <trkpt lat="56.1570780" lon="10.1988460">
    <ele>4.2</ele>
   </trkpt>
   <trkpt lat="56.1570820" lon="10.1988700">
    <ele>4.2</ele>
   </trkpt>
   <trkpt lat="56.1570830" lon="10.1988780">
    <ele>4.2</ele>
   </trkpt>
   <trkpt lat="56.1570830" lon="10.1988780">
    <ele>4.4</ele>
   </trkpt>
   <trkpt lat="56.1570830" lon="10.1988780">
    <ele>4.4</ele>
   </trkpt>
   <trkpt lat="56.1571450" lon="10.1989310">
    <ele>4.4</ele>
   </trkpt>
   <trkpt lat="56.1571730" lon="10.1989340">
    <ele>4.6</ele>
   </trkpt>
   <trkpt lat="56.1572050" lon="10.1989230">
    <ele>4.4</ele>
   </trkpt>
   <trkpt lat="56.1572390" lon="10.1989030">
    <ele>4.4</ele>
   </trkpt>
   <trkpt lat="56.1572720" lon="10.1988840">
    <ele>4.4</ele>
   </trkpt>
   <trkpt lat="56.1573070" lon="10.1988690">
    <ele>4.4</ele>
   </trkpt>
   <trkpt lat="56.1573490" lon="10.1988440">
    <ele>4.4</ele>
   </trkpt>
   <trkpt lat="56.1573920" lon="10.1988030">
    <ele>4.4</ele>
   </trkpt>
   <trkpt lat="56.1574280" lon="10.1987570">
    <ele>4.4</ele>
   </trkpt>
   <trkpt lat="56.1574680" lon="10.1987190">
    <ele>4.4</ele>
   </trkpt>
   <trkpt lat="56.1575150" lon="10.1986840">
    <ele>4.6</ele>
   </trkpt>
   <trkpt lat="56.1575650" lon="10.1986490">
    <ele>4.6</ele>
   </trkpt>
   <trkpt lat="56.1576160" lon="10.1986130">
    <ele>4.6</ele>
   </trkpt>
   <trkpt lat="56.1576630" lon="10.1985780">
    <ele>4.6</ele>
   </trkpt>
   <trkpt lat="56.1577040" lon="10.1985500">
    <ele>4.8</ele>
   </trkpt>
   <trkpt lat="56.1577420" lon="10.1985230">
    <ele>5.0</ele>
   </trkpt>
   <trkpt lat="56.1577910" lon="10.1985140">
    <ele>5.2</ele>
   </trkpt>
   <trkpt lat="56.1578250" lon="10.1985280">
    <ele>5.4</ele>
   </trkpt>
   <trkpt lat="56.1578600" lon="10.1985540">
    <ele>5.6</ele>
   </trkpt>
   <trkpt lat="56.1578950" lon="10.1986020">
    <ele>5.6</ele>
   </trkpt>
   <trkpt lat="56.1579260" lon="10.1986670">
    <ele>5.6</ele>
   </trkpt>
   <trkpt lat="56.1579540" lon="10.1987350">
    <ele>5.8</ele>
   </trkpt>
   <trkpt lat="56.1579870" lon="10.1988090">
    <ele>5.8</ele>
   </trkpt>
   <trkpt lat="56.1580290" lon="10.1988820">
    <ele>5.8</ele>
   </trkpt>
   <trkpt lat="56.1580620" lon="10.1989630">
    <ele>6.0</ele>
   </trkpt>
   <trkpt lat="56.1580930" lon="10.1990600">
    <ele>6.0</ele>
   </trkpt>
   <trkpt lat="56.1581320" lon="10.1991610">
    <ele>5.8</ele>
   </trkpt>
   <trkpt lat="56.1581520" lon="10.1992530">
    <ele>5.8</ele>
   </trkpt>
   <trkpt lat="56.1581780" lon="10.1993340">
    <ele>5.8</ele>
   </trkpt>
   <trkpt lat="56.1582220" lon="10.1994220">
    <ele>5.8</ele>
   </trkpt>
   <trkpt lat="56.1582380" lon="10.1995010">
    <ele>6.0</ele>
   </trkpt>
   <trkpt lat="56.1582520" lon="10.1995730">
    <ele>6.0</ele>
   </trkpt>
   <trkpt lat="56.1582830" lon="10.1996810">
    <ele>6.2</ele>
   </trkpt>
   <trkpt lat="56.1583110" lon="10.1997650">
    <ele>6.2</ele>
   </trkpt>
   <trkpt lat="56.1583470" lon="10.1998320">
    <ele>6.4</ele>
   </trkpt>
   <trkpt lat="56.1583810" lon="10.1998950">
    <ele>6.4</ele>
   </trkpt>
   <trkpt lat="56.1584150" lon="10.1999510">
    <ele>6.4</ele>
   </trkpt>
   <trkpt lat="56.1584480" lon="10.2000110">
    <ele>6.4</ele>
   </trkpt>
   <trkpt lat="56.1584870" lon="10.2000790">
    <ele>6.4</ele>
   </trkpt>
   <trkpt lat="56.1585270" lon="10.2001530">
    <ele>6.4</ele>
   </trkpt>
   <trkpt lat="56.1585660" lon="10.2002290">
    <ele>6.4</ele>
   </trkpt>
   <trkpt lat="56.1586090" lon="10.2003040">
    <ele>6.4</ele>
   </trkpt>
   <trkpt lat="56.1586550" lon="10.2003770">
    <ele>6.2</ele>
   </trkpt>
   <trkpt lat="56.1586970" lon="10.2004540">
    <ele>6.2</ele>
   </trkpt>
   <trkpt lat="56.1587380" lon="10.2005370">
    <ele>6.2</ele>
   </trkpt>
   <trkpt lat="56.1587790" lon="10.2006250">
    <ele>6.0</ele>
   </trkpt>
   <trkpt lat="56.1588210" lon="10.2007090">
    <ele>6.0</ele>
   </trkpt>
   <trkpt lat="56.1588640" lon="10.2007930">
    <ele>5.8</ele>
   </trkpt>
   <trkpt lat="56.1589120" lon="10.2008740">
    <ele>5.8</ele>
   </trkpt>
   <trkpt lat="56.1589570" lon="10.2009600">
    <ele>5.8</ele>
   </trkpt>
   <trkpt lat="56.1590020" lon="10.2010450">
    <ele>5.8</ele>
   </trkpt>
   <trkpt lat="56.1590570" lon="10.2011500">
    <ele>5.8</ele>
   </trkpt>
   <trkpt lat="56.1590940" lon="10.2012220">
    <ele>5.8</ele>
   </trkpt>
   <trkpt lat="56.1591380" lon="10.2013130">
    <ele>5.8</ele>
   </trkpt>
   <trkpt lat="56.1591860" lon="10.2014280">
    <ele>5.6</ele>
   </trkpt>
   <trkpt lat="56.1592210" lon="10.2015030">
    <ele>5.6</ele>
   </trkpt>
   <trkpt lat="56.1592750" lon="10.2016100">
    <ele>5.6</ele>
   </trkpt>
   <trkpt lat="56.1593200" lon="10.2017030">
    <ele>5.6</ele>
   </trkpt>
   <trkpt lat="56.1593550" lon="10.2017750">
    <ele>5.6</ele>
   </trkpt>
   <trkpt lat="56.1594080" lon="10.2018840">
    <ele>5.6</ele>
   </trkpt>
   <trkpt lat="56.1594420" lon="10.2019780">
    <ele>5.6</ele>
   </trkpt>
   <trkpt lat="56.1594680" lon="10.2020620">
    <ele>5.6</ele>
   </trkpt>
   <trkpt lat="56.1595130" lon="10.2021980">
    <ele>5.4</ele>
   </trkpt>
   <trkpt lat="56.1595390" lon="10.2022850">
    <ele>5.4</ele>
   </trkpt>
   <trkpt lat="56.1595670" lon="10.2023960">
    <ele>5.4</ele>
   </trkpt>
   <trkpt lat="56.1596020" lon="10.2025080">
    <ele>5.4</ele>
   </trkpt>
   <trkpt lat="56.1596380" lon="10.2026360">
    <ele>5.4</ele>
   </trkpt>
   <trkpt lat="56.1596640" lon="10.2027270">
    <ele>5.4</ele>
   </trkpt>
   <trkpt lat="56.1596930" lon="10.2028410">
    <ele>5.4</ele>
   </trkpt>
   <trkpt lat="56.1597260" lon="10.2029800">
    <ele>5.4</ele>
   </trkpt>
   <trkpt lat="56.1597480" lon="10.2030700">
    <ele>5.6</ele>
   </trkpt>
   <trkpt lat="56.1597800" lon="10.2032080">
    <ele>5.8</ele>
   </trkpt>
   <trkpt lat="56.1597990" lon="10.2032940">
    <ele>5.8</ele>
   </trkpt>
   <trkpt lat="56.1598250" lon="10.2034050">
    <ele>6.0</ele>
   </trkpt>
   <trkpt lat="56.1598580" lon="10.2035410">
    <ele>6.2</ele>
   </trkpt>
   <trkpt lat="56.1598900" lon="10.2036470">
    <ele>6.2</ele>
   </trkpt>
   <trkpt lat="56.1599140" lon="10.2037330">
    <ele>6.4</ele>
   </trkpt>
   <trkpt lat="56.1599330" lon="10.2038490">
    <ele>6.4</ele>
   </trkpt>
   <trkpt lat="56.1599460" lon="10.2039700">
    <ele>6.6</ele>
   </trkpt>
   <trkpt lat="56.1599640" lon="10.2040930">
    <ele>6.6</ele>
   </trkpt>
   <trkpt lat="56.1599760" lon="10.2042210">
    <ele>6.6</ele>
   </trkpt>
   <trkpt lat="56.1599850" lon="10.2043530">
    <ele>6.6</ele>
   </trkpt>
   <trkpt lat="56.1599880" lon="10.2044890">
    <ele>6.4</ele>
   </trkpt>
   <trkpt lat="56.1600070" lon="10.2046480">
    <ele>6.4</ele>
   </trkpt>
   <trkpt lat="56.1600190" lon="10.2047540">
    <ele>6.2</ele>
   </trkpt>
   <trkpt lat="56.1600320" lon="10.2048910">
    <ele>6.2</ele>
   </trkpt>
   <trkpt lat="56.1600440" lon="10.2050550">
    <ele>6.0</ele>
   </trkpt>
   <trkpt lat="56.1600530" lon="10.2051650">
    <ele>6.0</ele>
   </trkpt>
   <trkpt lat="56.1600690" lon="10.2053010">
    <ele>5.8</ele>
   </trkpt>
   <trkpt lat="56.1600850" lon="10.2054340">
    <ele>5.8</ele>
   </trkpt>
   <trkpt lat="56.1601060" lon="10.2055650">
    <ele>5.6</ele>
   </trkpt>
   <trkpt lat="56.1601280" lon="10.2056910">
    <ele>5.6</ele>
   </trkpt>
   <trkpt lat="56.1601490" lon="10.2058410">
    <ele>5.6</ele>
   </trkpt>
   <trkpt lat="56.1601540" lon="10.2059420">
    <ele>5.6</ele>
   </trkpt>
   <trkpt lat="56.1601610" lon="10.2060750">
    <ele>5.6</ele>
   </trkpt>
   <trkpt lat="56.1601720" lon="10.2062340">
    <ele>5.6</ele>
   </trkpt>
   <trkpt lat="56.1601830" lon="10.2063420">
    <ele>5.6</ele>
   </trkpt>
   <trkpt lat="56.1601920" lon="10.2064740">
    <ele>5.6</ele>
   </trkpt>
   <trkpt lat="56.1602090" lon="10.2066090">
    <ele>5.6</ele>
   </trkpt>
   <trkpt lat="56.1602270" lon="10.2067480">
    <ele>5.4</ele>
   </trkpt>
   <trkpt lat="56.1602430" lon="10.2068890">
    <ele>5.4</ele>
   </trkpt>
   <trkpt lat="56.1602610" lon="10.2070590">
    <ele>5.4</ele>
   </trkpt>
   <trkpt lat="56.1602730" lon="10.2071720">
    <ele>5.4</ele>
   </trkpt>
   <trkpt lat="56.1602900" lon="10.2073160">
    <ele>5.4</ele>
   </trkpt>
   <trkpt lat="56.1603080" lon="10.2074510">
    <ele>5.4</ele>
   </trkpt>
   <trkpt lat="56.1603290" lon="10.2075830">
    <ele>5.6</ele>
   </trkpt>
   <trkpt lat="56.1603430" lon="10.2077060">
    <ele>5.6</ele>
   </trkpt>
   <trkpt lat="56.1603590" lon="10.2078520">
    <ele>5.8</ele>
   </trkpt>
   <trkpt lat="56.1603740" lon="10.2079500">
    <ele>5.8</ele>
   </trkpt>
   <trkpt lat="56.1603930" lon="10.2080680">
    <ele>6.0</ele>
   </trkpt>
   <trkpt lat="56.1604080" lon="10.2081870">
    <ele>6.0</ele>
   </trkpt>
   <trkpt lat="56.1604210" lon="10.2083090">
    <ele>6.2</ele>
   </trkpt>
   <trkpt lat="56.1604330" lon="10.2084310">
    <ele>6.2</ele>
   </trkpt>
   <trkpt lat="56.1604510" lon="10.2085820">
    <ele>6.2</ele>
   </trkpt>
   <trkpt lat="56.1604610" lon="10.2086820">
    <ele>6.2</ele>
   </trkpt>
   <trkpt lat="56.1604710" lon="10.2088000">
    <ele>6.2</ele>
   </trkpt>
   <trkpt lat="56.1604790" lon="10.2089390">
    <ele>6.0</ele>
   </trkpt>
   <trkpt lat="56.1604960" lon="10.2090300">
    <ele>5.8</ele>
   </trkpt>
   <trkpt lat="56.1605400" lon="10.2091330">
    <ele>5.8</ele>
   </trkpt>
   <trkpt lat="56.1605990" lon="10.2092430">
    <ele>5.8</ele>
   </trkpt>
   <trkpt lat="56.1606470" lon="10.2093100">
    <ele>5.8</ele>
   </trkpt>
   <trkpt lat="56.1607040" lon="10.2093900">
    <ele>5.8</ele>
   </trkpt>
   <trkpt lat="56.1607590" lon="10.2094700">
    <ele>6.0</ele>
   </trkpt>
   <trkpt lat="56.1608110" lon="10.2095520">
    <ele>6.0</ele>
   </trkpt>
   <trkpt lat="56.1608660" lon="10.2096320">
    <ele>6.0</ele>
   </trkpt>
   <trkpt lat="56.1609300" lon="10.2097260">
    <ele>6.2</ele>
   </trkpt>
   <trkpt lat="56.1609750" lon="10.2097880">
    <ele>6.2</ele>
   </trkpt>
   <trkpt lat="56.1610250" lon="10.2098690">
    <ele>6.2</ele>
   </trkpt>
   <trkpt lat="56.1610780" lon="10.2099460">
    <ele>6.4</ele>
   </trkpt>
   <trkpt lat="56.1611320" lon="10.2100210">
    <ele>6.4</ele>
   </trkpt>
   <trkpt lat="56.1611850" lon="10.2100960">
    <ele>6.4</ele>
   </trkpt>
   <trkpt lat="56.1612390" lon="10.2101690">
    <ele>6.6</ele>
   </trkpt>
   <trkpt lat="56.1612930" lon="10.2102420">
    <ele>6.6</ele>
   </trkpt>
   <trkpt lat="56.1613480" lon="10.2103140">
    <ele>6.6</ele>
   </trkpt>
   <trkpt lat="56.1614000" lon="10.2103840">
    <ele>6.8</ele>
   </trkpt>
   <trkpt lat="56.1614520" lon="10.2104450">
    <ele>6.8</ele>
   </trkpt>
   <trkpt lat="56.1615090" lon="10.2104830">
    <ele>6.8</ele>
   </trkpt>
   <trkpt lat="56.1615780" lon="10.2104960">
    <ele>6.8</ele>
   </trkpt>
   <trkpt lat="56.1616210" lon="10.2104750">
    <ele>7.0</ele>
   </trkpt>
   <trkpt lat="56.1616670" lon="10.2104360">
    <ele>7.0</ele>
   </trkpt>
   <trkpt lat="56.1616970" lon="10.2103790">
    <ele>7.4</ele>
   </trkpt>
   <trkpt lat="56.1617190" lon="10.2103190">
    <ele>7.8</ele>
   </trkpt>
   <trkpt lat="56.1617370" lon="10.2102680">
    <ele>8.2</ele>
   </trkpt>
   <trkpt lat="56.1617570" lon="10.2102250">
    <ele>8.2</ele>
   </trkpt>
   <trkpt lat="56.1617800" lon="10.2101840">
    <ele>8.4</ele>
   </trkpt>
   <trkpt lat="56.1618020" lon="10.2101350">
    <ele>8.6</ele>
   </trkpt>
   <trkpt lat="56.1618230" lon="10.2100770">
    <ele>8.8</ele>
   </trkpt>
   <trkpt lat="56.1618450" lon="10.2100170">
    <ele>9.2</ele>
   </trkpt>
   <trkpt lat="56.1618670" lon="10.2099580">
    <ele>9.6</ele>
   </trkpt>
   <trkpt lat="56.1618880" lon="10.2099010">
    <ele>10.0</ele>
   </trkpt>
   <trkpt lat="56.1619080" lon="10.2098430">
    <ele>10.2</ele>
   </trkpt>
   <trkpt lat="56.1619290" lon="10.2097880">
    <ele>10.6</ele>
   </trkpt>
   <trkpt lat="56.1619500" lon="10.2097350">
    <ele>10.8</ele>
   </trkpt>
   <trkpt lat="56.1619710" lon="10.2096840">
    <ele>10.8</ele>
   </trkpt>
   <trkpt lat="56.1619910" lon="10.2096360">
    <ele>11.0</ele>
   </trkpt>
   <trkpt lat="56.1620090" lon="10.2095870">
    <ele>11.2</ele>
   </trkpt>
   <trkpt lat="56.1620250" lon="10.2095390">
    <ele>11.4</ele>
   </trkpt>
   <trkpt lat="56.1620410" lon="10.2095010">
    <ele>11.4</ele>
   </trkpt>
  </trkseg>
 </trk>
</gpx>
