<?xml version="1.0" encoding="UTF-8"?>
<gpx creator="StravaGPX" version="1.1" xmlns="http://www.topografix.com/GPX/1/1" xmlns:xsi="http://www.w3.org/2001/XMLSchema-instance" xsi:schemaLocation="http://www.topografix.com/GPX/1/1 http://www.topografix.com/GPX/1/1/gpx.xsd">
 <trk>
  <name>Before take off</name>
  <type>cycling</type>
  <trkseg>
   <trkpt lat="56.1620580" lon="10.2093800">
    <ele>9.4</ele>
   </trkpt>
   <trkpt lat="56.1620570" lon="10.2093800">
    <ele>9.4</ele>
   </trkpt>
   <trkpt lat="56.1620890" lon="10.2093220">
    <ele>9.4</ele>
   </trkpt>
   <trkpt lat="56.1621080" lon="10.2093060">
    <ele>9.4</ele>
   </trkpt>
   <trkpt lat="56.1621280" lon="10.2092730">
    <ele>9.4</ele>
   </trkpt>
   <trkpt lat="56.1621450" lon="10.2092340">
    <ele>9.4</ele>
   </trkpt>
   <trkpt lat="56.1621580" lon="10.2091830">
    <ele>9.4</ele>
   </trkpt>
   <trkpt lat="56.1621750" lon="10.2091330">
    <ele>9.4</ele>
   </trkpt>
   <trkpt lat="56.1621980" lon="10.2090850">
    <ele>9.6</ele>
   </trkpt>
   <trkpt lat="56.1622200" lon="10.2090330">
    <ele>9.6</ele>
   </trkpt>
   <trkpt lat="56.1622430" lon="10.2089840">
    <ele>9.6</ele>
   </trkpt>
   <trkpt lat="56.1622640" lon="10.2089310">
    <ele>9.8</ele>
   </trkpt>
   <trkpt lat="56.1622860" lon="10.2088730">
    <ele>10.0</ele>
   </trkpt>
   <trkpt lat="56.1623080" lon="10.2088120">
    <ele>10.0</ele>
   </trkpt>
   <trkpt lat="56.1623210" lon="10.2087510">
    <ele>10.4</ele>
   </trkpt>
   <trkpt lat="56.1623280" lon="10.2086920">
    <ele>11.0</ele>
   </trkpt>
   <trkpt lat="56.1623200" lon="10.2086420">
    <ele>11.2</ele>
   </trkpt>
   <trkpt lat="56.1623040" lon="10.2086120">
    <ele>11.4</ele>
   </trkpt>
   <trkpt lat="56.1622890" lon="10.2086050">
    <ele>11.6</ele>
   </trkpt>
   <trkpt lat="56.1622800" lon="10.2086030">
    <ele>11.6</ele>
   </trkpt>
   <trkpt lat="56.1622790" lon="10.2086050">
    <ele>11.6</ele>
   </trkpt>
   <trkpt lat="56.1622790" lon="10.2086060">
    <ele>11.6</ele>
   </trkpt>
   <trkpt lat="56.1620740" lon="10.2094110">
    <ele>9.8</ele>
   </trkpt>
   <trkpt lat="56.1620740" lon="10.2094110">
    <ele>9.8</ele>
   </trkpt>
   <trkpt lat="56.1621000" lon="10.2093640">
    <ele>9.4</ele>
   </trkpt>
   <trkpt lat="56.1621190" lon="10.2093300">
    <ele>9.4</ele>
   </trkpt>
   <trkpt lat="56.1621430" lon="10.2092910">
    <ele>9.4</ele>
   </trkpt>
   <trkpt lat="56.1621630" lon="10.2092420">
    <ele>9.4</ele>
   </trkpt>
   <trkpt lat="56.1621820" lon="10.2091890">
    <ele>9.4</ele>
   </trkpt>
   <trkpt lat="56.1622000" lon="10.2091330">
    <ele>9.4</ele>
   </trkpt>
   <trkpt lat="56.1622120" lon="10.2090700">
    <ele>9.4</ele>
   </trkpt>
   <trkpt lat="56.1622290" lon="10.2090190">
    <ele>9.6</ele>
   </trkpt>
   <trkpt lat="56.1622510" lon="10.2089680">
    <ele>9.8</ele>
   </trkpt>
   <trkpt lat="56.1622740" lon="10.2089200">
    <ele>10.2</ele>
   </trkpt>
   <trkpt lat="56.1622960" lon="10.2088710">
    <ele>10.4</ele>
   </trkpt>
   <trkpt lat="56.1623160" lon="10.2088200">
    <ele>10.6</ele>
   </trkpt>
   <trkpt lat="56.1623230" lon="10.2087610">
    <ele>10.8</ele>
   </trkpt>
   <trkpt lat="56.1623180" lon="10.2086930">
    <ele>10.8</ele>
   </trkpt>
   <trkpt lat="56.1623030" lon="10.2086240">
    <ele>11.2</ele>
   </trkpt>
   <trkpt lat="56.1622900" lon="10.2085600">
    <ele>11.4</ele>
   </trkpt>
   <trkpt lat="56.1622720" lon="10.2084900">
    <ele>11.8</ele>
   </trkpt>
   <trkpt lat="56.1622530" lon="10.2084150">
    <ele>12.0</ele>
   </trkpt>
   <trkpt lat="56.1622350" lon="10.2083390">
    <ele>12.0</ele>
   </trkpt>
   <trkpt lat="56.1622190" lon="10.2082540">
    <ele>12.0</ele>
   </trkpt>
   <trkpt lat="56.1622130" lon="10.2081680">
    <ele>12.0</ele>
   </trkpt>
   <trkpt lat="56.1622070" lon="10.2080810">
    <ele>12.0</ele>
   </trkpt>
   <trkpt lat="56.1621930" lon="10.2079990">
    <ele>11.8</ele>
   </trkpt>
   <trkpt lat="56.1621580" lon="10.2079260">
    <ele>11.8</ele>
   </trkpt>
   <trkpt lat="56.1621160" lon="10.2078640">
    <ele>11.6</ele>
   </trkpt>
   <trkpt lat="56.1620750" lon="10.2078100">
    <ele>11.6</ele>
   </trkpt>
   <trkpt lat="56.1620390" lon="10.2077610">
    <ele>11.4</ele>
   </trkpt>
   <trkpt lat="56.1620120" lon="10.2077190">
    <ele>11.0</ele>
   </trkpt>
   <trkpt lat="56.1619870" lon="10.2076800">
    <ele>10.8</ele>
   </trkpt>
   <trkpt lat="56.1619560" lon="10.2076290">
    <ele>10.8</ele>
   </trkpt>
   <trkpt lat="56.1619220" lon="10.2075740">
    <ele>10.8</ele>
   </trkpt>
   <trkpt lat="56.1618860" lon="10.2075220">
    <ele>10.8</ele>
   </trkpt>
   <trkpt lat="56.1618500" lon="10.2074660">
    <ele>10.6</ele>
   </trkpt>
   <trkpt lat="56.1618110" lon="10.2074040">
    <ele>10.4</ele>
   </trkpt>
   <trkpt lat="56.1617660" lon="10.2073450">
    <ele>10.0</ele>
   </trkpt>
   <trkpt lat="56.1617210" lon="10.2072910">
    <ele>10.0</ele>
   </trkpt>
   <trkpt lat="56.1616800" lon="10.2072330">
    <ele>10.0</ele>
   </trkpt>
   <trkpt lat="56.1616440" lon="10.2071680">
    <ele>10.0</ele>
   </trkpt>
   <trkpt lat="56.1616130" lon="10.2070920">
    <ele>10.0</ele>
   </trkpt>
   <trkpt lat="56.1615900" lon="10.2070000">
    <ele>10.0</ele>
   </trkpt>
   <trkpt lat="56.1615730" lon="10.2069020">
    <ele>10.2</ele>
   </trkpt>
   <trkpt lat="56.1615570" lon="10.2068050">
    <ele>10.4</ele>
   </trkpt>
   <trkpt lat="56.1615420" lon="10.2067090">
    <ele>10.6</ele>
   </trkpt>
   <trkpt lat="56.1615280" lon="10.2066130">
    <ele>10.6</ele>
   </trkpt>
   <trkpt lat="56.1615130" lon="10.2065180">
    <ele>10.8</ele>
   </trkpt>
   <trkpt lat="56.1614970" lon="10.2064240">
    <ele>11.0</ele>
   </trkpt>
   <trkpt lat="56.1614770" lon="10.2063330">
    <ele>11.0</ele>
   </trkpt>
   <trkpt lat="56.1614580" lon="10.2062410">
    <ele>11.0</ele>
   </trkpt>
   <trkpt lat="56.1614410" lon="10.2061520">
    <ele>11.0</ele>
   </trkpt>
   <trkpt lat="56.1614260" lon="10.2060610">
    <ele>11.0</ele>
   </trkpt>
   <trkpt lat="56.1614120" lon="10.2059670">
    <ele>11.2</ele>
   </trkpt>
   <trkpt lat="56.1613950" lon="10.2058740">
    <ele>11.2</ele>
   </trkpt>
   <trkpt lat="56.1613790" lon="10.2057760">
    <ele>11.4</ele>
   </trkpt>
   <trkpt lat="56.1613630" lon="10.2056780">
    <ele>11.4</ele>
   </trkpt>
   <trkpt lat="56.1613510" lon="10.2055790">
    <ele>11.6</ele>
   </trkpt>
   <trkpt lat="56.1613380" lon="10.2054810">
    <ele>11.6</ele>
   </trkpt>
   <trkpt lat="56.1613250" lon="10.2053840">
    <ele>11.8</ele>
   </trkpt>
   <trkpt lat="56.1613120" lon="10.2052900">
    <ele>12.2</ele>
   </trkpt>
   <trkpt lat="56.1612980" lon="10.2052000">
    <ele>12.4</ele>
   </trkpt>
   <trkpt lat="56.1612800" lon="10.2051100">
    <ele>12.6</ele>
   </trkpt>
   <trkpt lat="56.1612620" lon="10.2050190">
    <ele>12.6</ele>
   </trkpt>
   <trkpt lat="56.1612460" lon="10.2049240">
    <ele>12.8</ele>
   </trkpt>
   <trkpt lat="56.1612310" lon="10.2048280">
    <ele>12.8</ele>
   </trkpt>
   <trkpt lat="56.1612160" lon="10.2047350">
    <ele>12.8</ele>
   </trkpt>
   <trkpt lat="56.1611970" lon="10.2046410">
    <ele>12.8</ele>
   </trkpt>
   <trkpt lat="56.1611810" lon="10.2045470">
    <ele>12.8</ele>
   </trkpt>
   <trkpt lat="56.1611650" lon="10.2044500">
    <ele>12.8</ele>
   </trkpt>
   <trkpt lat="56.1611470" lon="10.2043550">
    <ele>12.8</ele>
   </trkpt>
   <trkpt lat="56.1611310" lon="10.2042590">
    <ele>12.8</ele>
   </trkpt>
   <trkpt lat="56.1611150" lon="10.2041640">
    <ele>12.8</ele>
   </trkpt>
   <trkpt lat="56.1610970" lon="10.2040700">
    <ele>12.6</ele>
   </trkpt>
   <trkpt lat="56.1610810" lon="10.2039760">
    <ele>12.6</ele>
   </trkpt>
   <trkpt lat="56.1610670" lon="10.2038880">
    <ele>12.6</ele>
   </trkpt>
   <trkpt lat="56.1610530" lon="10.2038160">
    <ele>12.6</ele>
   </trkpt>
   <trkpt lat="56.1610380" lon="10.2037620">
    <ele>12.6</ele>
   </trkpt>
   <trkpt lat="56.1610220" lon="10.2037220">
    <ele>12.6</ele>
   </trkpt>
   <trkpt lat="56.1609960" lon="10.2036860">
    <ele>12.6</ele>
   </trkpt>
   <trkpt lat="56.1609550" lon="10.2036660">
    <ele>12.8</ele>
   </trkpt>
   <trkpt lat="56.1609070" lon="10.2036600">
    <ele>12.8</ele>
   </trkpt>
   <trkpt lat="56.1608540" lon="10.2036750">
    <ele>12.6</ele>
   </trkpt>
   <trkpt lat="56.1607930" lon="10.2037050">
    <ele>12.4</ele>
   </trkpt>
   <trkpt lat="56.1607280" lon="10.2037380">
    <ele>11.6</ele>
   </trkpt>
   <trkpt lat="56.1606610" lon="10.2037680">
    <ele>10.8</ele>
   </trkpt>
   <trkpt lat="56.1605950" lon="10.2038030">
    <ele>10.0</ele>
   </trkpt>
   <trkpt lat="56.1605270" lon="10.2038400">
    <ele>9.4</ele>
   </trkpt>
   <trkpt lat="56.1604580" lon="10.2038770">
    <ele>9.2</ele>
   </trkpt>
   <trkpt lat="56.1603940" lon="10.2039160">
    <ele>9.2</ele>
   </trkpt>
   <trkpt lat="56.1603340" lon="10.2039440">
    <ele>8.8</ele>
   </trkpt>
   <trkpt lat="56.1602780" lon="10.2039670">
    <ele>8.4</ele>
   </trkpt>
   <trkpt lat="56.1602330" lon="10.2039890">
    <ele>8.2</ele>
   </trkpt>
   <trkpt lat="56.1601990" lon="10.2040110">
    <ele>7.8</ele>
   </trkpt>
   <trkpt lat="56.1601700" lon="10.2040290">
    <ele>7.4</ele>
   </trkpt>
   <trkpt lat="56.1601450" lon="10.2040410">
    <ele>7.2</ele>
   </trkpt>
   <trkpt lat="56.1601220" lon="10.2040500">
    <ele>7.0</ele>
   </trkpt>
   <trkpt lat="56.1601070" lon="10.2040590">
    <ele>6.8</ele>
   </trkpt>
   <trkpt lat="56.1601030" lon="10.2040640">
    <ele>6.8</ele>
   </trkpt>
   <trkpt lat="56.1600980" lon="10.2040650">
    <ele>6.6</ele>
   </trkpt>
   <trkpt lat="56.1600450" lon="10.2040820">
    <ele>6.4</ele>
   </trkpt>
   <trkpt lat="56.1600180" lon="10.2040860">
    <ele>6.2</ele>
   </trkpt>
   <trkpt lat="56.1599900" lon="10.2040920">
    <ele>6.0</ele>
   </trkpt>
   <trkpt lat="56.1599550" lon="10.2041010">
    <ele>5.8</ele>
   </trkpt>
   <trkpt lat="56.1599400" lon="10.2041020">
    <ele>5.4</ele>
   </trkpt>
   <trkpt lat="56.1599410" lon="10.2040780">
    <ele>5.2</ele>
   </trkpt>
   <trkpt lat="56.1599430" lon="10.2040240">
    <ele>4.8</ele>
   </trkpt>
   <trkpt lat="56.1599340" lon="10.2039240">
    <ele>4.6</ele>
   </trkpt>
   <trkpt lat="56.1599210" lon="10.2038110">
    <ele>4.0</ele>
   </trkpt>
   <trkpt lat="56.1599060" lon="10.2037200">
    <ele>3.4</ele>
   </trkpt>
   <trkpt lat="56.1598780" lon="10.2035900">
    <ele>3.2</ele>
   </trkpt>
   <trkpt lat="56.1598530" lon="10.2034810">
    <ele>3.0</ele>
   </trkpt>
   <trkpt lat="56.1598240" lon="10.2033720">
    <ele>3.0</ele>
   </trkpt>
   <trkpt lat="56.1597980" lon="10.2032590">
    <ele>3.0</ele>
   </trkpt>
   <trkpt lat="56.1597690" lon="10.2031470">
    <ele>3.2</ele>
   </trkpt>
   <trkpt lat="56.1597360" lon="10.2030340">
    <ele>3.2</ele>
   </trkpt>
   <trkpt lat="56.1597070" lon="10.2029170">
    <ele>3.4</ele>
   </trkpt>
   <trkpt lat="56.1596800" lon="10.2027980">
    <ele>3.6</ele>
   </trkpt>
   <trkpt lat="56.1596500" lon="10.2026860">
    <ele>3.6</ele>
   </trkpt>
   <trkpt lat="56.1596260" lon="10.2025740">
    <ele>3.8</ele>
   </trkpt>
   <trkpt lat="56.1595980" lon="10.2024700">
    <ele>3.8</ele>
   </trkpt>
   <trkpt lat="56.1595650" lon="10.2023640">
    <ele>3.6</ele>
   </trkpt>
   <trkpt lat="56.1595250" lon="10.2022530">
    <ele>3.6</ele>
   </trkpt>
   <trkpt lat="56.1594870" lon="10.2021450">
    <ele>3.6</ele>
   </trkpt>
   <trkpt lat="56.1594530" lon="10.2020370">
    <ele>3.6</ele>
   </trkpt>
   <trkpt lat="56.1594220" lon="10.2019510">
    <ele>3.6</ele>
   </trkpt>
   <trkpt lat="56.1593840" lon="10.2018470">
    <ele>3.6</ele>
   </trkpt>
   <trkpt lat="56.1593370" lon="10.2017290">
    <ele>3.4</ele>
   </trkpt>
   <trkpt lat="56.1592950" lon="10.2016350">
    <ele>3.4</ele>
   </trkpt>
   <trkpt lat="56.1592500" lon="10.2015550">
    <ele>3.4</ele>
   </trkpt>
   <trkpt lat="56.1592040" lon="10.2014810">
    <ele>3.4</ele>
   </trkpt>
   <trkpt lat="56.1591600" lon="10.2013980">
    <ele>3.6</ele>
   </trkpt>
   <trkpt lat="56.1591170" lon="10.2013030">
    <ele>3.6</ele>
   </trkpt>
   <trkpt lat="56.1590800" lon="10.2012300">
    <ele>3.6</ele>
   </trkpt>
   <trkpt lat="56.1590240" lon="10.2011240">
    <ele>3.6</ele>
   </trkpt>
   <trkpt lat="56.1589870" lon="10.2010550">
    <ele>3.6</ele>
   </trkpt>
   <trkpt lat="56.1589320" lon="10.2009470">
    <ele>3.6</ele>
   </trkpt>
   <trkpt lat="56.1588880" lon="10.2008580">
    <ele>3.6</ele>
   </trkpt>
   <trkpt lat="56.1588440" lon="10.2007670">
    <ele>3.6</ele>
   </trkpt>
   <trkpt lat="56.1588010" lon="10.2006780">
    <ele>3.8</ele>
   </trkpt>
   <trkpt lat="56.1587540" lon="10.2005970">
    <ele>3.8</ele>
   </trkpt>
   <trkpt lat="56.1587070" lon="10.2005150">
    <ele>4.2</ele>
   </trkpt>
   <trkpt lat="56.1586620" lon="10.2004370">
    <ele>4.2</ele>
   </trkpt>
   <trkpt lat="56.1586150" lon="10.2003560">
    <ele>4.4</ele>
   </trkpt>
   <trkpt lat="56.1585710" lon="10.2002760">
    <ele>4.4</ele>
   </trkpt>
   <trkpt lat="56.1585230" lon="10.2002060">
    <ele>4.6</ele>
   </trkpt>
   <trkpt lat="56.1584800" lon="10.2001400">
    <ele>4.6</ele>
   </trkpt>
   <trkpt lat="56.1584410" lon="10.2000810">
    <ele>4.8</ele>
   </trkpt>
   <trkpt lat="56.1584080" lon="10.2000240">
    <ele>4.8</ele>
   </trkpt>
   <trkpt lat="56.1583870" lon="10.1999660">
    <ele>5.0</ele>
   </trkpt>
   <trkpt lat="56.1583750" lon="10.1999270">
    <ele>5.2</ele>
   </trkpt>
   <trkpt lat="56.1583720" lon="10.1999170">
    <ele>5.2</ele>
   </trkpt>
   <trkpt lat="56.1583720" lon="10.1999170">
    <ele>5.4</ele>
   </trkpt>
   <trkpt lat="56.1583720" lon="10.1999170">
    <ele>5.8</ele>
   </trkpt>
   <trkpt lat="56.1583460" lon="10.1998490">
    <ele>6.8</ele>
   </trkpt>
   <trkpt lat="56.1583330" lon="10.1998140">
    <ele>6.8</ele>
   </trkpt>
   <trkpt lat="56.1583180" lon="10.1997660">
    <ele>6.8</ele>
   </trkpt>
   <trkpt lat="56.1583000" lon="10.1997160">
    <ele>6.8</ele>
   </trkpt>
   <trkpt lat="56.1582760" lon="10.1996620">
    <ele>6.8</ele>
   </trkpt>
   <trkpt lat="56.1582480" lon="10.1996020">
    <ele>6.8</ele>
   </trkpt>
   <trkpt lat="56.1582190" lon="10.1995340">
    <ele>6.8</ele>
   </trkpt>
   <trkpt lat="56.1581850" lon="10.1994570">
    <ele>6.4</ele>
   </trkpt>
   <trkpt lat="56.1581570" lon="10.1993660">
    <ele>6.2</ele>
   </trkpt>
   <trkpt lat="56.1581310" lon="10.1992680">
    <ele>6.0</ele>
   </trkpt>
   <trkpt lat="56.1581010" lon="10.1991710">
    <ele>5.4</ele>
   </trkpt>
   <trkpt lat="56.1580690" lon="10.1990720">
    <ele>4.8</ele>
   </trkpt>
   <trkpt lat="56.1580420" lon="10.1989710">
    <ele>4.6</ele>
   </trkpt>
   <trkpt lat="56.1580160" lon="10.1988700">
    <ele>4.6</ele>
   </trkpt>
   <trkpt lat="56.1579870" lon="10.1987680">
    <ele>4.6</ele>
   </trkpt>
   <trkpt lat="56.1579590" lon="10.1986620">
    <ele>4.4</ele>
   </trkpt>
   <trkpt lat="56.1579270" lon="10.1985580">
    <ele>4.4</ele>
   </trkpt>
   <trkpt lat="56.1578940" lon="10.1984590">
    <ele>4.4</ele>
   </trkpt>
   <trkpt lat="56.1578580" lon="10.1983680">
    <ele>4.4</ele>
   </trkpt>
   <trkpt lat="56.1578150" lon="10.1982850">
    <ele>4.4</ele>
   </trkpt>
   <trkpt lat="56.1577730" lon="10.1982050">
    <ele>4.4</ele>
   </trkpt>
   <trkpt lat="56.1577290" lon="10.1981260">
    <ele>4.4</ele>
   </trkpt>
   <trkpt lat="56.1576930" lon="10.1980650">
    <ele>4.4</ele>
   </trkpt>
   <trkpt lat="56.1576410" lon="10.1979820">
    <ele>4.4</ele>
   </trkpt>
   <trkpt lat="56.1576040" lon="10.1979190">
    <ele>4.4</ele>
   </trkpt>
   <trkpt lat="56.1575680" lon="10.1978640">
    <ele>4.4</ele>
   </trkpt>
   <trkpt lat="56.1575360" lon="10.1978130">
    <ele>4.4</ele>
   </trkpt>
   <trkpt lat="56.1575130" lon="10.1977760">
    <ele>4.6</ele>
   </trkpt>
   <trkpt lat="56.1574750" lon="10.1977270">
    <ele>4.6</ele>
   </trkpt>
   <trkpt lat="56.1574430" lon="10.1976930">
    <ele>4.8</ele>
   </trkpt>
   <trkpt lat="56.1574170" lon="10.1976650">
    <ele>4.8</ele>
   </trkpt>
   <trkpt lat="56.1573840" lon="10.1976290">
    <ele>4.8</ele>
   </trkpt>
   <trkpt lat="56.1573400" lon="10.1975830">
    <ele>4.8</ele>
   </trkpt>
   <trkpt lat="56.1573010" lon="10.1975520">
    <ele>4.8</ele>
   </trkpt>
   <trkpt lat="56.1572710" lon="10.1975290">
    <ele>4.8</ele>
   </trkpt>
   <trkpt lat="56.1572230" lon="10.1974950">
    <ele>4.8</ele>
   </trkpt>
   <trkpt lat="56.1571870" lon="10.1974640">
    <ele>4.8</ele>
   </trkpt>
   <trkpt lat="56.1571570" lon="10.1974340">
    <ele>4.6</ele>
   </trkpt>
   <trkpt lat="56.1571320" lon="10.1974090">
    <ele>4.6</ele>
   </trkpt>
   <trkpt lat="56.1571070" lon="10.1973800">
    <ele>4.6</ele>
   </trkpt>
   <trkpt lat="56.1570840" lon="10.1973520">
    <ele>4.8</ele>
   </trkpt>
   <trkpt lat="56.1570670" lon="10.1973270">
    <ele>5.0</ele>
   </trkpt>
   <trkpt lat="56.1570500" lon="10.1973050">
    <ele>5.0</ele>
   </trkpt>
   <trkpt lat="56.1570330" lon="10.1972840">
    <ele>5.0</ele>
   </trkpt>
   <trkpt lat="56.1570150" lon="10.1972630">
    <ele>5.0</ele>
   </trkpt>
   <trkpt lat="56.1569930" lon="10.1972410">
    <ele>4.8</ele>
   </trkpt>
   <trkpt lat="56.1569690" lon="10.1972150">
    <ele>4.8</ele>
   </trkpt>
   <trkpt lat="56.1569410" lon="10.1971870">
    <ele>4.6</ele>
   </trkpt>
   <trkpt lat="56.1569110" lon="10.1971560">
    <ele>4.6</ele>
   </trkpt>
   <trkpt lat="56.1568770" lon="10.1971250">
    <ele>4.4</ele>
   </trkpt>
   <trkpt lat="56.1568460" lon="10.1970910">
    <ele>4.0</ele>
   </trkpt>
   <trkpt lat="56.1568140" lon="10.1970440">
    <ele>4.0</ele>
   </trkpt>
   <trkpt lat="56.1567840" lon="10.1969870">
    <ele>3.8</ele>
   </trkpt>
   <trkpt lat="56.1567540" lon="10.1969210">
    <ele>3.6</ele>
   </trkpt>
   <trkpt lat="56.1567230" lon="10.1968430">
    <ele>3.4</ele>
   </trkpt>
   <trkpt lat="56.1566950" lon="10.1967580">
    <ele>3.4</ele>
   </trkpt>
   <trkpt lat="56.1566630" lon="10.1966700">
    <ele>3.4</ele>
   </trkpt>
   <trkpt lat="56.1566300" lon="10.1965820">
    <ele>3.2</ele>
   </trkpt>
   <trkpt lat="56.1566000" lon="10.1964950">
    <ele>3.2</ele>
   </trkpt>
   <trkpt lat="56.1565720" lon="10.1964110">
    <ele>3.2</ele>
   </trkpt>
   <trkpt lat="56.1565470" lon="10.1963330">
    <ele>3.2</ele>
   </trkpt>
   <trkpt lat="56.1565280" lon="10.1962640">
    <ele>3.2</ele>
   </trkpt>
   <trkpt lat="56.1565140" lon="10.1962080">
    <ele>3.2</ele>
   </trkpt>
   <trkpt lat="56.1565020" lon="10.1961670">
    <ele>3.4</ele>
   </trkpt>
   <trkpt lat="56.1564950" lon="10.1961420">
    <ele>3.8</ele>
   </trkpt>
   <trkpt lat="56.1564940" lon="10.1961360">
    <ele>4.2</ele>
   </trkpt>
   <trkpt lat="56.1564940" lon="10.1961360">
    <ele>4.6</ele>
   </trkpt>
   <trkpt lat="56.1564560" lon="10.1960590">
    <ele>5.2</ele>
   </trkpt>
   <trkpt lat="56.1564350" lon="10.1960110">
    <ele>5.2</ele>
   </trkpt>
   <trkpt lat="56.1564110" lon="10.1959520">
    <ele>5.0</ele>
   </trkpt>
   <trkpt lat="56.1563870" lon="10.1958850">
    <ele>5.0</ele>
   </trkpt>
   <trkpt lat="56.1563590" lon="10.1958140">
    <ele>4.6</ele>
   </trkpt>
   <trkpt lat="56.1563260" lon="10.1957410">
    <ele>4.4</ele>
   </trkpt>
   <trkpt lat="56.1562890" lon="10.1956650">
    <ele>4.2</ele>
   </trkpt>
   <trkpt lat="56.1562470" lon="10.1955930">
    <ele>3.8</ele>
   </trkpt>
   <trkpt lat="56.1562020" lon="10.1955260">
    <ele>3.6</ele>
   </trkpt>
   <trkpt lat="56.1561550" lon="10.1954590">
    <ele>3.6</ele>
   </trkpt>
   <trkpt lat="56.1561060" lon="10.1953970">
    <ele>3.6</ele>
   </trkpt>
   <trkpt lat="56.1560560" lon="10.1953330">
    <ele>3.6</ele>
   </trkpt>
   <trkpt lat="56.1560050" lon="10.1952680">
    <ele>3.6</ele>
   </trkpt>
   <trkpt lat="56.1559520" lon="10.1952050">
    <ele>3.6</ele>
   </trkpt>
   <trkpt lat="56.1559000" lon="10.1951440">
    <ele>3.6</ele>
   </trkpt>
   <trkpt lat="56.1558490" lon="10.1950850">
    <ele>3.6</ele>
   </trkpt>
   <trkpt lat="56.1557980" lon="10.1950160">
    <ele>3.6</ele>
   </trkpt>
   <trkpt lat="56.1557500" lon="10.1949460">
    <ele>3.6</ele>
   </trkpt>
   <trkpt lat="56.1557020" lon="10.1948780">
    <ele>3.6</ele>
   </trkpt>
   <trkpt lat="56.1556530" lon="10.1948120">
    <ele>3.6</ele>
   </trkpt>
   <trkpt lat="56.1556050" lon="10.1947450">
    <ele>3.8</ele>
   </trkpt>
   <trkpt lat="56.1555560" lon="10.1946830">
    <ele>4.0</ele>
   </trkpt>
   <trkpt lat="56.1555060" lon="10.1946180">
    <ele>4.2</ele>
   </trkpt>
   <trkpt lat="56.1554550" lon="10.1945500">
    <ele>4.2</ele>
   </trkpt>
   <trkpt lat="56.1554030" lon="10.1944780">
    <ele>4.2</ele>
   </trkpt>
   <trkpt lat="56.1553520" lon="10.1944040">
    <ele>4.2</ele>
   </trkpt>
   <trkpt lat="56.1552990" lon="10.1943300">
    <ele>4.2</ele>
   </trkpt>
   <trkpt lat="56.1552480" lon="10.1942530">
    <ele>4.2</ele>
   </trkpt>
   <trkpt lat="56.1551990" lon="10.1941780">
    <ele>4.0</ele>
   </trkpt>
   <trkpt lat="56.1551490" lon="10.1941110">
    <ele>4.0</ele>
   </trkpt>
   <trkpt lat="56.1551010" lon="10.1940410">
    <ele>3.8</ele>
   </trkpt>
   <trkpt lat="56.1550550" lon="10.1939690">
    <ele>3.8</ele>
   </trkpt>
   <trkpt lat="56.1550160" lon="10.1939060">
    <ele>3.8</ele>
   </trkpt>
   <trkpt lat="56.1549750" lon="10.1938590">
    <ele>3.8</ele>
   </trkpt>
   <trkpt lat="56.1549350" lon="10.1938100">
    <ele>4.0</ele>
   </trkpt>
   <trkpt lat="56.1548990" lon="10.1937620">
    <ele>4.2</ele>
   </trkpt>
   <trkpt lat="56.1548650" lon="10.1937120">
    <ele>4.2</ele>
   </trkpt>
   <trkpt lat="56.1548290" lon="10.1936660">
    <ele>4.2</ele>
   </trkpt>
   <trkpt lat="56.1547910" lon="10.1936190">
    <ele>4.2</ele>
   </trkpt>
   <trkpt lat="56.1547520" lon="10.1935650">
    <ele>4.2</ele>
   </trkpt>
   <trkpt lat="56.1547100" lon="10.1935060">
    <ele>4.2</ele>
   </trkpt>
   <trkpt lat="56.1546660" lon="10.1934470">
    <ele>4.0</ele>
   </trkpt>
   <trkpt lat="56.1546230" lon="10.1933860">
    <ele>3.8</ele>
   </trkpt>
   <trkpt lat="56.1545800" lon="10.1933160">
    <ele>3.4</ele>
   </trkpt>
   <trkpt lat="56.1545350" lon="10.1932440">
    <ele>3.4</ele>
   </trkpt>
   <trkpt lat="56.1544880" lon="10.1931800">
    <ele>3.2</ele>
   </trkpt>
   <trkpt lat="56.1544380" lon="10.1931200">
    <ele>3.2</ele>
   </trkpt>
   <trkpt lat="56.1543860" lon="10.1930620">
    <ele>3.2</ele>
   </trkpt>
   <trkpt lat="56.1543390" lon="10.1930010">
    <ele>3.2</ele>
   </trkpt>
   <trkpt lat="56.1542930" lon="10.1929340">
    <ele>3.2</ele>
   </trkpt>
   <trkpt lat="56.1542480" lon="10.1928700">
    <ele>3.8</ele>
   </trkpt>
   <trkpt lat="56.1542020" lon="10.1928070">
    <ele>3.8</ele>
   </trkpt>
   <trkpt lat="56.1541550" lon="10.1927450">
    <ele>3.8</ele>
   </trkpt>
   <trkpt lat="56.1541080" lon="10.1926820">
    <ele>4.0</ele>
   </trkpt>
   <trkpt lat="56.1540590" lon="10.1926180">
    <ele>4.2</ele>
   </trkpt>
   <trkpt lat="56.1540100" lon="10.1925520">
    <ele>4.2</ele>
   </trkpt>
   <trkpt lat="56.1539600" lon="10.1924810">
    <ele>4.4</ele>
   </trkpt>
   <trkpt lat="56.1539120" lon="10.1924080">
    <ele>4.2</ele>
   </trkpt>
   <trkpt lat="56.1538640" lon="10.1923370">
    <ele>4.2</ele>
   </trkpt>
   <trkpt lat="56.1538160" lon="10.1922640">
    <ele>4.2</ele>
   </trkpt>
   <trkpt lat="56.1537670" lon="10.1921860">
    <ele>4.0</ele>
   </trkpt>
   <trkpt lat="56.1537200" lon="10.1920990">
    <ele>3.6</ele>
   </trkpt>
   <trkpt lat="56.1536710" lon="10.1920100">
    <ele>4.0</ele>
   </trkpt>
   <trkpt lat="56.1536230" lon="10.1919380">
    <ele>3.8</ele>
   </trkpt>
   <trkpt lat="56.1535760" lon="10.1918690">
    <ele>3.8</ele>
   </trkpt>
   <trkpt lat="56.1535250" lon="10.1917910">
    <ele>3.6</ele>
   </trkpt>
   <trkpt lat="56.1534800" lon="10.1917110">
    <ele>3.6</ele>
   </trkpt>
   <trkpt lat="56.1534320" lon="10.1916280">
    <ele>3.2</ele>
   </trkpt>
   <trkpt lat="56.1533820" lon="10.1915410">
    <ele>3.0</ele>
   </trkpt>
   <trkpt lat="56.1533290" lon="10.1914480">
    <ele>2.8</ele>
   </trkpt>
   <trkpt lat="56.1532750" lon="10.1913550">
    <ele>2.6</ele>
   </trkpt>
   <trkpt lat="56.1532260" lon="10.1912690">
    <ele>2.4</ele>
   </trkpt>
   <trkpt lat="56.1531800" lon="10.1911850">
    <ele>2.4</ele>
   </trkpt>
   <trkpt lat="56.1531340" lon="10.1910970">
    <ele>2.4</ele>
   </trkpt>
   <trkpt lat="56.1530840" lon="10.1910060">
    <ele>2.4</ele>
   </trkpt>
   <trkpt lat="56.1530350" lon="10.1909170">
    <ele>2.4</ele>
   </trkpt>
   <trkpt lat="56.1529890" lon="10.1908280">
    <ele>2.2</ele>
   </trkpt>
   <trkpt lat="56.1529390" lon="10.1907460">
    <ele>2.2</ele>
   </trkpt>
   <trkpt lat="56.1528890" lon="10.1906640">
    <ele>2.4</ele>
   </trkpt>
   <trkpt lat="56.1528410" lon="10.1905750">
    <ele>2.4</ele>
   </trkpt>
   <trkpt lat="56.1527980" lon="10.1904800">
    <ele>2.2</ele>
   </trkpt>
   <trkpt lat="56.1527590" lon="10.1903800">
    <ele>2.4</ele>
   </trkpt>
   <trkpt lat="56.1527160" lon="10.1902890">
    <ele>2.4</ele>
   </trkpt>
   <trkpt lat="56.1526700" lon="10.1902080">
    <ele>2.4</ele>
   </trkpt>
   <trkpt lat="56.1526240" lon="10.1901300">
    <ele>2.4</ele>
   </trkpt>
   <trkpt lat="56.1525830" lon="10.1900490">
    <ele>2.4</ele>
   </trkpt>
   <trkpt lat="56.1525440" lon="10.1899710">
    <ele>2.4</ele>
   </trkpt>
   <trkpt lat="56.1525100" lon="10.1899110">
    <ele>2.6</ele>
   </trkpt>
   <trkpt lat="56.1524840" lon="10.1898700">
    <ele>2.6</ele>
   </trkpt>
   <trkpt lat="56.1524690" lon="10.1898460">
    <ele>2.8</ele>
   </trkpt>
   <trkpt lat="56.1524580" lon="10.1898220">
    <ele>3.0</ele>
   </trkpt>
   <trkpt lat="56.1524480" lon="10.1898030">
    <ele>3.2</ele>
   </trkpt>
   <trkpt lat="56.1524410" lon="10.1897870">
    <ele>3.2</ele>
   </trkpt>
   <trkpt lat="56.1524370" lon="10.1897810">
    <ele>3.2</ele>
   </trkpt>
   <trkpt lat="56.1524370" lon="10.1897810">
    <ele>3.2</ele>
   </trkpt>
   <trkpt lat="56.1524370" lon="10.1897810">
    <ele>3.2</ele>
   </trkpt>
   <trkpt lat="56.1523990" lon="10.1897020">
    <ele>2.8</ele>
   </trkpt>
   <trkpt lat="56.1523780" lon="10.1896670">
    <ele>2.8</ele>
   </trkpt>
   <trkpt lat="56.1523510" lon="10.1896210">
    <ele>2.8</ele>
   </trkpt>
   <trkpt lat="56.1523170" lon="10.1895680">
    <ele>2.8</ele>
   </trkpt>
   <trkpt lat="56.1522810" lon="10.1895140">
    <ele>2.8</ele>
   </trkpt>
   <trkpt lat="56.1522410" lon="10.1894570">
    <ele>3.0</ele>
   </trkpt>
   <trkpt lat="56.1521990" lon="10.1894000">
    <ele>3.2</ele>
   </trkpt>
   <trkpt lat="56.1521540" lon="10.1893440">
    <ele>3.4</ele>
   </trkpt>
   <trkpt lat="56.1521140" lon="10.1892910">
    <ele>3.4</ele>
   </trkpt>
   <trkpt lat="56.1520760" lon="10.1892320">
    <ele>3.6</ele>
   </trkpt>
   <trkpt lat="56.1520330" lon="10.1891780">
    <ele>3.6</ele>
   </trkpt>
   <trkpt lat="56.1519860" lon="10.1891240">
    <ele>3.6</ele>
   </trkpt>
   <trkpt lat="56.1519410" lon="10.1890560">
    <ele>3.8</ele>
   </trkpt>
   <trkpt lat="56.1518970" lon="10.1889840">
    <ele>3.8</ele>
   </trkpt>
   <trkpt lat="56.1518550" lon="10.1889090">
    <ele>3.8</ele>
   </trkpt>
   <trkpt lat="56.1518110" lon="10.1888330">
    <ele>3.8</ele>
   </trkpt>
   <trkpt lat="56.1517700" lon="10.1887550">
    <ele>3.8</ele>
   </trkpt>
   <trkpt lat="56.1517320" lon="10.1886870">
    <ele>3.8</ele>
   </trkpt>
   <trkpt lat="56.1516900" lon="10.1886110">
    <ele>3.8</ele>
   </trkpt>
   <trkpt lat="56.1516470" lon="10.1885260">
    <ele>3.8</ele>
   </trkpt>
   <trkpt lat="56.1516020" lon="10.1884430">
    <ele>4.2</ele>
   </trkpt>
   <trkpt lat="56.1515560" lon="10.1883600">
    <ele>4.2</ele>
   </trkpt>
   <trkpt lat="56.1515100" lon="10.1882720">
    <ele>4.2</ele>
   </trkpt>
   <trkpt lat="56.1514680" lon="10.1881700">
    <ele>4.2</ele>
   </trkpt>
   <trkpt lat="56.1514300" lon="10.1880640">
    <ele>4.0</ele>
   </trkpt>
   <trkpt lat="56.1513970" lon="10.1879520">
    <ele>3.8</ele>
   </trkpt>
   <trkpt lat="56.1513690" lon="10.1878320">
    <ele>3.8</ele>
   </trkpt>
   <trkpt lat="56.1513440" lon="10.1877090">
    <ele>3.8</ele>
   </trkpt>
   <trkpt lat="56.1513240" lon="10.1875800">
    <ele>3.6</ele>
   </trkpt>
   <trkpt lat="56.1513110" lon="10.1874480">
    <ele>3.4</ele>
   </trkpt>
   <trkpt lat="56.1513000" lon="10.1873150">
    <ele>3.2</ele>
   </trkpt>
   <trkpt lat="56.1512900" lon="10.1871850">
    <ele>3.0</ele>
   </trkpt>
   <trkpt lat="56.1512760" lon="10.1870540">
    <ele>3.0</ele>
   </trkpt>
   <trkpt lat="56.1512570" lon="10.1869230">
    <ele>3.0</ele>
   </trkpt>
   <trkpt lat="56.1512320" lon="10.1867980">
    <ele>3.2</ele>
   </trkpt>
   <trkpt lat="56.1511990" lon="10.1866780">
    <ele>3.4</ele>
   </trkpt>
   <trkpt lat="56.1511620" lon="10.1865630">
    <ele>3.4</ele>
   </trkpt>
   <trkpt lat="56.1511200" lon="10.1864520">
    <ele>3.6</ele>
   </trkpt>
   <trkpt lat="56.1510760" lon="10.1863480">
    <ele>3.6</ele>
   </trkpt>
   <trkpt lat="56.1510260" lon="10.1862500">
    <ele>3.6</ele>
   </trkpt>
   <trkpt lat="56.1509760" lon="10.1861530">
    <ele>3.6</ele>
   </trkpt>
   <trkpt lat="56.1509270" lon="10.1860550">
    <ele>3.8</ele>
   </trkpt>
   <trkpt lat="56.1508780" lon="10.1859560">
    <ele>3.8</ele>
   </trkpt>
   <trkpt lat="56.1508310" lon="10.1858570">
    <ele>4.0</ele>
   </trkpt>
   <trkpt lat="56.1507820" lon="10.1857580">
    <ele>4.0</ele>
   </trkpt>
   <trkpt lat="56.1507340" lon="10.1856590">
    <ele>3.8</ele>
   </trkpt>
   <trkpt lat="56.1506860" lon="10.1855610">
    <ele>3.8</ele>
   </trkpt>
   <trkpt lat="56.1506370" lon="10.1854640">
    <ele>3.6</ele>
   </trkpt>
   <trkpt lat="56.1505890" lon="10.1853690">
    <ele>3.6</ele>
   </trkpt>
   <trkpt lat="56.1505410" lon="10.1852740">
    <ele>3.6</ele>
   </trkpt>
   <trkpt lat="56.1504930" lon="10.1851760">
    <ele>3.6</ele>
   </trkpt>
   <trkpt lat="56.1504440" lon="10.1850760">
    <ele>3.8</ele>
   </trkpt>
   <trkpt lat="56.1503960" lon="10.1849770">
    <ele>4.2</ele>
   </trkpt>
   <trkpt lat="56.1503460" lon="10.1848810">
    <ele>4.6</ele>
   </trkpt>
   <trkpt lat="56.1502970" lon="10.1847900">
    <ele>4.6</ele>
   </trkpt>
   <trkpt lat="56.1502460" lon="10.1847080">
    <ele>4.8</ele>
   </trkpt>
   <trkpt lat="56.1501900" lon="10.1846350">
    <ele>4.8</ele>
   </trkpt>
   <trkpt lat="56.1501320" lon="10.1845620">
    <ele>4.8</ele>
   </trkpt>
   <trkpt lat="56.1500710" lon="10.1844890">
    <ele>4.8</ele>
   </trkpt>
   <trkpt lat="56.1500090" lon="10.1844140">
    <ele>4.8</ele>
   </trkpt>
   <trkpt lat="56.1499470" lon="10.1843420">
    <ele>4.6</ele>
   </trkpt>
   <trkpt lat="56.1498860" lon="10.1842670">
    <ele>4.4</ele>
   </trkpt>
   <trkpt lat="56.1498240" lon="10.1841920">
    <ele>4.4</ele>
   </trkpt>
   <trkpt lat="56.1497620" lon="10.1841240">
    <ele>4.2</ele>
   </trkpt>
   <trkpt lat="56.1497000" lon="10.1840660">
    <ele>4.2</ele>
   </trkpt>
   <trkpt lat="56.1496450" lon="10.1840100">
    <ele>4.4</ele>
   </trkpt>
   <trkpt lat="56.1496030" lon="10.1839560">
    <ele>4.4</ele>
   </trkpt>
   <trkpt lat="56.1495720" lon="10.1839040">
    <ele>4.8</ele>
   </trkpt>
   <trkpt lat="56.1495540" lon="10.1838640">
    <ele>5.0</ele>
   </trkpt>
   <trkpt lat="56.1495400" lon="10.1838390">
    <ele>5.2</ele>
   </trkpt>
   <trkpt lat="56.1495320" lon="10.1838110">
    <ele>5.2</ele>
   </trkpt>
   <trkpt lat="56.1495230" lon="10.1837790">
    <ele>5.4</ele>
   </trkpt>
   <trkpt lat="56.1495100" lon="10.1837450">
    <ele>5.4</ele>
   </trkpt>
   <trkpt lat="56.1494970" lon="10.1837090">
    <ele>5.4</ele>
   </trkpt>
   <trkpt lat="56.1494900" lon="10.1836710">
    <ele>5.6</ele>
   </trkpt>
   <trkpt lat="56.1494780" lon="10.1836360">
    <ele>5.6</ele>
   </trkpt>
   <trkpt lat="56.1494580" lon="10.1836010">
    <ele>5.6</ele>
   </trkpt>
   <trkpt lat="56.1494320" lon="10.1835480">
    <ele>5.6</ele>
   </trkpt>
   <trkpt lat="56.1494060" lon="10.1834810">
    <ele>5.6</ele>
   </trkpt>
   <trkpt lat="56.1493770" lon="10.1834060">
    <ele>5.4</ele>
   </trkpt>
   <trkpt lat="56.1493470" lon="10.1833340">
    <ele>5.2</ele>
   </trkpt>
   <trkpt lat="56.1493170" lon="10.1832530">
    <ele>5.0</ele>
   </trkpt>
   <trkpt lat="56.1492840" lon="10.1831630">
    <ele>5.0</ele>
   </trkpt>
   <trkpt lat="56.1492450" lon="10.1830650">
    <ele>5.0</ele>
   </trkpt>
   <trkpt lat="56.1491870" lon="10.1829580">
    <ele>5.0</ele>
   </trkpt>
   <trkpt lat="56.1491340" lon="10.1828490">
    <ele>4.8</ele>
   </trkpt>
   <trkpt lat="56.1490900" lon="10.1827410">
    <ele>4.8</ele>
   </trkpt>
   <trkpt lat="56.1490400" lon="10.1826120">
    <ele>4.8</ele>
   </trkpt>
   <trkpt lat="56.1490000" lon="10.1825030">
    <ele>4.8</ele>
   </trkpt>
   <trkpt lat="56.1489630" lon="10.1824050">
    <ele>4.6</ele>
   </trkpt>
   <trkpt lat="56.1489180" lon="10.1822940">
    <ele>4.6</ele>
   </trkpt>
   <trkpt lat="56.1488730" lon="10.1821770">
    <ele>4.4</ele>
   </trkpt>
   <trkpt lat="56.1488270" lon="10.1820690">
    <ele>4.4</ele>
   </trkpt>
   <trkpt lat="56.1487840" lon="10.1819590">
    <ele>4.2</ele>
   </trkpt>
   <trkpt lat="56.1487300" lon="10.1818400">
    <ele>4.2</ele>
   </trkpt>
   <trkpt lat="56.1486830" lon="10.1817260">
    <ele>4.2</ele>
   </trkpt>
   <trkpt lat="56.1486430" lon="10.1816170">
    <ele>4.2</ele>
   </trkpt>
   <trkpt lat="56.1486030" lon="10.1815150">
    <ele>4.2</ele>
   </trkpt>
   <trkpt lat="56.1485590" lon="10.1814120">
    <ele>4.4</ele>
   </trkpt>
   <trkpt lat="56.1485170" lon="10.1813130">
    <ele>4.4</ele>
   </trkpt>
   <trkpt lat="56.1484690" lon="10.1812140">
    <ele>4.4</ele>
   </trkpt>
   <trkpt lat="56.1484160" lon="10.1810980">
    <ele>4.4</ele>
   </trkpt>
   <trkpt lat="56.1483690" lon="10.1809930">
    <ele>4.4</ele>
   </trkpt>
   <trkpt lat="56.1483240" lon="10.1808830">
    <ele>4.4</ele>
   </trkpt>
   <trkpt lat="56.1482790" lon="10.1807760">
    <ele>4.6</ele>
   </trkpt>
   <trkpt lat="56.1482380" lon="10.1806730">
    <ele>4.6</ele>
   </trkpt>
   <trkpt lat="56.1481960" lon="10.1805730">
    <ele>4.6</ele>
   </trkpt>
   <trkpt lat="56.1481540" lon="10.1804730">
    <ele>4.6</ele>
   </trkpt>
   <trkpt lat="56.1481090" lon="10.1803810">
    <ele>4.6</ele>
   </trkpt>
   <trkpt lat="56.1480620" lon="10.1803020">
    <ele>4.6</ele>
   </trkpt>
   <trkpt lat="56.1480130" lon="10.1802240">
    <ele>4.6</ele>
   </trkpt>
   <trkpt lat="56.1479660" lon="10.1801380">
    <ele>4.6</ele>
   </trkpt>
   <trkpt lat="56.1479190" lon="10.1800530">
    <ele>4.6</ele>
   </trkpt>
   <trkpt lat="56.1478760" lon="10.1799670">
    <ele>4.6</ele>
   </trkpt>
   <trkpt lat="56.1478350" lon="10.1798790">
    <ele>4.6</ele>
   </trkpt>
   <trkpt lat="56.1477980" lon="10.1797920">
    <ele>4.6</ele>
   </trkpt>
   <trkpt lat="56.1477660" lon="10.1796930">
    <ele>4.8</ele>
   </trkpt>
   <trkpt lat="56.1477380" lon="10.1795770">
    <ele>4.8</ele>
   </trkpt>
   <trkpt lat="56.1477110" lon="10.1794490">
    <ele>4.8</ele>
   </trkpt>
   <trkpt lat="56.1476810" lon="10.1793230">
    <ele>4.6</ele>
   </trkpt>
   <trkpt lat="56.1476410" lon="10.1792050">
    <ele>4.6</ele>
   </trkpt>
   <trkpt lat="56.1475980" lon="10.1791100">
    <ele>4.6</ele>
   </trkpt>
   <trkpt lat="56.1475520" lon="10.1790200">
    <ele>4.6</ele>
   </trkpt>
   <trkpt lat="56.1474990" lon="10.1789200">
    <ele>4.6</ele>
   </trkpt>
   <trkpt lat="56.1474450" lon="10.1788110">
    <ele>4.6</ele>
   </trkpt>
   <trkpt lat="56.1473980" lon="10.1787000">
    <ele>4.6</ele>
   </trkpt>
   <trkpt lat="56.1473560" lon="10.1785860">
    <ele>4.6</ele>
   </trkpt>
   <trkpt lat="56.1473180" lon="10.1784700">
    <ele>4.6</ele>
   </trkpt>
   <trkpt lat="56.1472760" lon="10.1783590">
    <ele>4.6</ele>
   </trkpt>
   <trkpt lat="56.1472280" lon="10.1782540">
    <ele>4.6</ele>
   </trkpt>
   <trkpt lat="56.1471680" lon="10.1781520">
    <ele>4.6</ele>
   </trkpt>
   <trkpt lat="56.1471160" lon="10.1780630">
    <ele>4.6</ele>
   </trkpt>
   <trkpt lat="56.1470680" lon="10.1779760">
    <ele>4.8</ele>
   </trkpt>
   <trkpt lat="56.1470180" lon="10.1778860">
    <ele>4.8</ele>
   </trkpt>
   <trkpt lat="56.1469630" lon="10.1777930">
    <ele>4.8</ele>
   </trkpt>
   <trkpt lat="56.1469120" lon="10.1777070">
    <ele>4.8</ele>
   </trkpt>
   <trkpt lat="56.1468640" lon="10.1776220">
    <ele>4.8</ele>
   </trkpt>
   <trkpt lat="56.1468210" lon="10.1775340">
    <ele>4.8</ele>
   </trkpt>
   <trkpt lat="56.1467870" lon="10.1774400">
    <ele>4.8</ele>
   </trkpt>
   <trkpt lat="56.1467600" lon="10.1773350">
    <ele>4.8</ele>
   </trkpt>
   <trkpt lat="56.1467360" lon="10.1772250">
    <ele>4.8</ele>
   </trkpt>
   <trkpt lat="56.1467080" lon="10.1771120">
    <ele>4.8</ele>
   </trkpt>
   <trkpt lat="56.1466660" lon="10.1769990">
    <ele>5.0</ele>
   </trkpt>
   <trkpt lat="56.1466160" lon="10.1769000">
    <ele>5.0</ele>
   </trkpt>
   <trkpt lat="56.1465610" lon="10.1768170">
    <ele>5.0</ele>
   </trkpt>
   <trkpt lat="56.1465080" lon="10.1767390">
    <ele>5.0</ele>
   </trkpt>
   <trkpt lat="56.1464530" lon="10.1766660">
    <ele>5.0</ele>
   </trkpt>
   <trkpt lat="56.1464000" lon="10.1765960">
    <ele>5.0</ele>
   </trkpt>
   <trkpt lat="56.1463440" lon="10.1765290">
    <ele>5.0</ele>
   </trkpt>
   <trkpt lat="56.1462870" lon="10.1764630">
    <ele>5.2</ele>
   </trkpt>
   <trkpt lat="56.1462270" lon="10.1763940">
    <ele>5.4</ele>
   </trkpt>
   <trkpt lat="56.1461670" lon="10.1763230">
    <ele>5.4</ele>
   </trkpt>
   <trkpt lat="56.1461050" lon="10.1762510">
    <ele>5.4</ele>
   </trkpt>
   <trkpt lat="56.1460420" lon="10.1761890">
    <ele>5.4</ele>
   </trkpt>
   <trkpt lat="56.1459750" lon="10.1761330">
    <ele>5.4</ele>
   </trkpt>
   <trkpt lat="56.1459080" lon="10.1760820">
    <ele>5.4</ele>
   </trkpt>
   <trkpt lat="56.1458390" lon="10.1760340">
    <ele>5.4</ele>
   </trkpt>
   <trkpt lat="56.1457680" lon="10.1759900">
    <ele>5.4</ele>
   </trkpt>
   <trkpt lat="56.1456970" lon="10.1759470">
    <ele>5.4</ele>
   </trkpt>
   <trkpt lat="56.1456290" lon="10.1758920">
    <ele>5.4</ele>
   </trkpt>
   <trkpt lat="56.1455650" lon="10.1758320">
    <ele>5.4</ele>
   </trkpt>
   <trkpt lat="56.1455010" lon="10.1757750">
    <ele>5.4</ele>
   </trkpt>
   <trkpt lat="56.1454340" lon="10.1757170">
    <ele>5.4</ele>
   </trkpt>
   <trkpt lat="56.1453640" lon="10.1756590">
    <ele>5.4</ele>
   </trkpt>
   <trkpt lat="56.1452950" lon="10.1755980">
    <ele>5.2</ele>
   </trkpt>
   <trkpt lat="56.1452210" lon="10.1755390">
    <ele>5.0</ele>
   </trkpt>
   <trkpt lat="56.1451490" lon="10.1754720">
    <ele>4.6</ele>
   </trkpt>
   <trkpt lat="56.1450810" lon="10.1753900">
    <ele>4.2</ele>
   </trkpt>
   <trkpt lat="56.1450230" lon="10.1753020">
    <ele>4.0</ele>
   </trkpt>
   <trkpt lat="56.1449710" lon="10.1752180">
    <ele>3.8</ele>
   </trkpt>
   <trkpt lat="56.1449350" lon="10.1751510">
    <ele>3.6</ele>
   </trkpt>
   <trkpt lat="56.1449110" lon="10.1751010">
    <ele>3.6</ele>
   </trkpt>
   <trkpt lat="56.1448980" lon="10.1750640">
    <ele>3.6</ele>
   </trkpt>
   <trkpt lat="56.1448910" lon="10.1750400">
    <ele>3.6</ele>
   </trkpt>
   <trkpt lat="56.1448850" lon="10.1750210">
    <ele>3.6</ele>
   </trkpt>
   <trkpt lat="56.1448850" lon="10.1750000">
    <ele>3.6</ele>
   </trkpt>
   <trkpt lat="56.1448880" lon="10.1749710">
    <ele>3.6</ele>
   </trkpt>
   <trkpt lat="56.1448790" lon="10.1749320">
    <ele>3.6</ele>
   </trkpt>
   <trkpt lat="56.1448570" lon="10.1748790">
    <ele>3.4</ele>
   </trkpt>
   <trkpt lat="56.1448250" lon="10.1748120">
    <ele>3.2</ele>
   </trkpt>
   <trkpt lat="56.1447880" lon="10.1747380">
    <ele>3.2</ele>
   </trkpt>
   <trkpt lat="56.1447470" lon="10.1746570">
    <ele>3.0</ele>
   </trkpt>
   <trkpt lat="56.1447020" lon="10.1745700">
    <ele>3.0</ele>
   </trkpt>
   <trkpt lat="56.1446550" lon="10.1744820">
    <ele>3.0</ele>
   </trkpt>
   <trkpt lat="56.1446100" lon="10.1744020">
    <ele>3.0</ele>
   </trkpt>
   <trkpt lat="56.1445630" lon="10.1743180">
    <ele>3.0</ele>
   </trkpt>
   <trkpt lat="56.1445180" lon="10.1742330">
    <ele>3.0</ele>
   </trkpt>
   <trkpt lat="56.1444650" lon="10.1741420">
    <ele>2.8</ele>
   </trkpt>
   <trkpt lat="56.1444190" lon="10.1740500">
    <ele>2.8</ele>
   </trkpt>
   <trkpt lat="56.1443760" lon="10.1739530">
    <ele>2.8</ele>
   </trkpt>
   <trkpt lat="56.1443390" lon="10.1738580">
    <ele>2.6</ele>
   </trkpt>
   <trkpt lat="56.1443000" lon="10.1737590">
    <ele>2.4</ele>
   </trkpt>
   <trkpt lat="56.1442630" lon="10.1736640">
    <ele>2.4</ele>
   </trkpt>
   <trkpt lat="56.1442330" lon="10.1735830">
    <ele>2.4</ele>
   </trkpt>
   <trkpt lat="56.1442040" lon="10.1735090">
    <ele>2.4</ele>
   </trkpt>
   <trkpt lat="56.1441700" lon="10.1734600">
    <ele>2.4</ele>
   </trkpt>
   <trkpt lat="56.1441240" lon="10.1734390">
    <ele>3.2</ele>
   </trkpt>
   <trkpt lat="56.1440700" lon="10.1734270">
    <ele>3.2</ele>
   </trkpt>
   <trkpt lat="56.1440140" lon="10.1734260">
    <ele>3.2</ele>
   </trkpt>
   <trkpt lat="56.1439650" lon="10.1734070">
    <ele>3.2</ele>
   </trkpt>
   <trkpt lat="56.1439240" lon="10.1733950">
    <ele>3.2</ele>
   </trkpt>
   <trkpt lat="56.1438800" lon="10.1734020">
    <ele>3.2</ele>
   </trkpt>
   <trkpt lat="56.1438360" lon="10.1734110">
    <ele>3.2</ele>
   </trkpt>
   <trkpt lat="56.1437960" lon="10.1734120">
    <ele>3.0</ele>
   </trkpt>
   <trkpt lat="56.1437590" lon="10.1734190">
    <ele>3.0</ele>
   </trkpt>
   <trkpt lat="56.1437190" lon="10.1734270">
    <ele>3.0</ele>
   </trkpt>
   <trkpt lat="56.1436700" lon="10.1734350">
    <ele>3.0</ele>
   </trkpt>
   <trkpt lat="56.1436230" lon="10.1734420">
    <ele>3.0</ele>
   </trkpt>
   <trkpt lat="56.1435830" lon="10.1734420">
    <ele>3.0</ele>
   </trkpt>
   <trkpt lat="56.1435480" lon="10.1734400">
    <ele>2.8</ele>
   </trkpt>
   <trkpt lat="56.1435130" lon="10.1734530">
    <ele>2.8</ele>
   </trkpt>
   <trkpt lat="56.1434740" lon="10.1734960">
    <ele>2.8</ele>
   </trkpt>
   <trkpt lat="56.1434410" lon="10.1735540">
    <ele>2.8</ele>
   </trkpt>
   <trkpt lat="56.1434100" lon="10.1736080">
    <ele>2.8</ele>
   </trkpt>
   <trkpt lat="56.1433660" lon="10.1736570">
    <ele>2.8</ele>
   </trkpt>
   <trkpt lat="56.1433140" lon="10.1736720">
    <ele>2.8</ele>
   </trkpt>
   <trkpt lat="56.1432640" lon="10.1736830">
    <ele>2.6</ele>
   </trkpt>
   <trkpt lat="56.1432020" lon="10.1736880">
    <ele>2.6</ele>
   </trkpt>
   <trkpt lat="56.1431370" lon="10.1737020">
    <ele>2.4</ele>
   </trkpt>
   <trkpt lat="56.1430690" lon="10.1737120">
    <ele>2.6</ele>
   </trkpt>
   <trkpt lat="56.1429960" lon="10.1737090">
    <ele>2.4</ele>
   </trkpt>
   <trkpt lat="56.1429250" lon="10.1737140">
    <ele>2.4</ele>
   </trkpt>
   <trkpt lat="56.1428500" lon="10.1737010">
    <ele>2.4</ele>
   </trkpt>
   <trkpt lat="56.1427700" lon="10.1736740">
    <ele>2.2</ele>
   </trkpt>
   <trkpt lat="56.1426930" lon="10.1736470">
    <ele>2.2</ele>
   </trkpt>
   <trkpt lat="56.1426190" lon="10.1736150">
    <ele>2.0</ele>
   </trkpt>
   <trkpt lat="56.1425460" lon="10.1735800">
    <ele>1.4</ele>
   </trkpt>
   <trkpt lat="56.1424710" lon="10.1735400">
    <ele>1.0</ele>
   </trkpt>
   <trkpt lat="56.1423930" lon="10.1735030">
    <ele>0.6</ele>
   </trkpt>
   <trkpt lat="56.1423170" lon="10.1734670">
    <ele>0.6</ele>
   </trkpt>
   <trkpt lat="56.1422420" lon="10.1734290">
    <ele>0.4</ele>
   </trkpt>
   <trkpt lat="56.1421670" lon="10.1733860">
    <ele>0.4</ele>
   </trkpt>
   <trkpt lat="56.1420940" lon="10.1733440">
    <ele>0.4</ele>
   </trkpt>
   <trkpt lat="56.1420200" lon="10.1733010">
    <ele>0.4</ele>
   </trkpt>
   <trkpt lat="56.1419480" lon="10.1732560">
    <ele>0.2</ele>
   </trkpt>
   <trkpt lat="56.1418780" lon="10.1732130">
    <ele>0.2</ele>
   </trkpt>
   <trkpt lat="56.1418090" lon="10.1731670">
    <ele>0.2</ele>
   </trkpt>
   <trkpt lat="56.1417360" lon="10.1731160">
    <ele>0.2</ele>
   </trkpt>
   <trkpt lat="56.1416640" lon="10.1730670">
    <ele>0.2</ele>
   </trkpt>
   <trkpt lat="56.1415950" lon="10.1730180">
    <ele>0.0</ele>
   </trkpt>
   <trkpt lat="56.1415220" lon="10.1729690">
    <ele>0.0</ele>
   </trkpt>
   <trkpt lat="56.1414500" lon="10.1729200">
    <ele>0.0</ele>
   </trkpt>
   <trkpt lat="56.1413780" lon="10.1728700">
    <ele>0.0</ele>
   </trkpt>
   <trkpt lat="56.1413070" lon="10.1728220">
    <ele>0.0</ele>
   </trkpt>
   <trkpt lat="56.1412340" lon="10.1727770">
    <ele>0.0</ele>
   </trkpt>
   <trkpt lat="56.1411620" lon="10.1727290">
    <ele>0.0</ele>
   </trkpt>
   <trkpt lat="56.1410920" lon="10.1726780">
    <ele>0.0</ele>
   </trkpt>
   <trkpt lat="56.1410230" lon="10.1726220">
    <ele>0.0</ele>
   </trkpt>
   <trkpt lat="56.1409580" lon="10.1725620">
    <ele>-0.2</ele>
   </trkpt>
   <trkpt lat="56.1408920" lon="10.1725000">
    <ele>-0.2</ele>
   </trkpt>
   <trkpt lat="56.1408280" lon="10.1724330">
    <ele>-0.2</ele>
   </trkpt>
   <trkpt lat="56.1407660" lon="10.1723570">
    <ele>-0.2</ele>
   </trkpt>
   <trkpt lat="56.1407080" lon="10.1722780">
    <ele>-0.2</ele>
   </trkpt>
   <trkpt lat="56.1406500" lon="10.1721970">
    <ele>-0.4</ele>
   </trkpt>
   <trkpt lat="56.1405970" lon="10.1721150">
    <ele>-0.4</ele>
   </trkpt>
   <trkpt lat="56.1405490" lon="10.1720220">
    <ele>-0.6</ele>
   </trkpt>
   <trkpt lat="56.1405110" lon="10.1719190">
    <ele>-0.6</ele>
   </trkpt>
   <trkpt lat="56.1404780" lon="10.1718110">
    <ele>-0.6</ele>
   </trkpt>
   <trkpt lat="56.1404460" lon="10.1717010">
    <ele>-0.4</ele>
   </trkpt>
   <trkpt lat="56.1404130" lon="10.1715910">
    <ele>0.0</ele>
   </trkpt>
   <trkpt lat="56.1403840" lon="10.1714780">
    <ele>0.2</ele>
   </trkpt>
   <trkpt lat="56.1403580" lon="10.1713640">
    <ele>0.2</ele>
   </trkpt>
   <trkpt lat="56.1403300" lon="10.1712490">
    <ele>0.2</ele>
   </trkpt>
   <trkpt lat="56.1403010" lon="10.1711360">
    <ele>0.2</ele>
   </trkpt>
   <trkpt lat="56.1402710" lon="10.1710240">
    <ele>0.2</ele>
   </trkpt>
   <trkpt lat="56.1402400" lon="10.1709120">
    <ele>0.0</ele>
   </trkpt>
   <trkpt lat="56.1402110" lon="10.1708000">
    <ele>0.0</ele>
   </trkpt>
   <trkpt lat="56.1401850" lon="10.1706880">
    <ele>0.0</ele>
   </trkpt>
   <trkpt lat="56.1401610" lon="10.1705770">
    <ele>0.0</ele>
   </trkpt>
   <trkpt lat="56.1401380" lon="10.1704620">
    <ele>0.0</ele>
   </trkpt>
   <trkpt lat="56.1401150" lon="10.1703470">
    <ele>0.2</ele>
   </trkpt>
   <trkpt lat="56.1400930" lon="10.1702290">
    <ele>0.2</ele>
   </trkpt>
   <trkpt lat="56.1400710" lon="10.1701120">
    <ele>0.2</ele>
   </trkpt>
   <trkpt lat="56.1400520" lon="10.1699930">
    <ele>0.2</ele>
   </trkpt>
   <trkpt lat="56.1400360" lon="10.1698750">
    <ele>0.2</ele>
   </trkpt>
   <trkpt lat="56.1400190" lon="10.1697570">
    <ele>0.2</ele>
   </trkpt>
   <trkpt lat="56.1400030" lon="10.1696420">
    <ele>0.2</ele>
   </trkpt>
   <trkpt lat="56.1399890" lon="10.1695280">
    <ele>0.2</ele>
   </trkpt>
   <trkpt lat="56.1399740" lon="10.1694130">
    <ele>0.0</ele>
   </trkpt>
   <trkpt lat="56.1399610" lon="10.1693020">
    <ele>-0.2</ele>
   </trkpt>
   <trkpt lat="56.1399470" lon="10.1691930">
    <ele>-0.6</ele>
   </trkpt>
   <trkpt lat="56.1399330" lon="10.1690820">
    <ele>-0.8</ele>
   </trkpt>
   <trkpt lat="56.1399180" lon="10.1689760">
    <ele>-0.8</ele>
   </trkpt>
   <trkpt lat="56.1399010" lon="10.1688730">
    <ele>-0.8</ele>
   </trkpt>
   <trkpt lat="56.1398800" lon="10.1687720">
    <ele>-0.6</ele>
   </trkpt>
   <trkpt lat="56.1398570" lon="10.1686770">
    <ele>-0.6</ele>
   </trkpt>
   <trkpt lat="56.1398320" lon="10.1685860">
    <ele>-0.4</ele>
   </trkpt>
   <trkpt lat="56.1398060" lon="10.1685000">
    <ele>-0.2</ele>
   </trkpt>
   <trkpt lat="56.1397770" lon="10.1684210">
    <ele>0.0</ele>
   </trkpt>
   <trkpt lat="56.1397460" lon="10.1683490">
    <ele>0.0</ele>
   </trkpt>
   <trkpt lat="56.1397120" lon="10.1682830">
    <ele>0.8</ele>
   </trkpt>
   <trkpt lat="56.1396820" lon="10.1682160">
    <ele>1.8</ele>
   </trkpt>
   <trkpt lat="56.1396510" lon="10.1681460">
    <ele>2.4</ele>
   </trkpt>
   <trkpt lat="56.1396130" lon="10.1680790">
    <ele>2.6</ele>
   </trkpt>
   <trkpt lat="56.1395660" lon="10.1680270">
    <ele>2.8</ele>
   </trkpt>
   <trkpt lat="56.1395120" lon="10.1679910">
    <ele>2.8</ele>
   </trkpt>
   <trkpt lat="56.1394620" lon="10.1679510">
    <ele>2.8</ele>
   </trkpt>
   <trkpt lat="56.1394230" lon="10.1678840">
    <ele>2.6</ele>
   </trkpt>
   <trkpt lat="56.1393960" lon="10.1677960">
    <ele>2.6</ele>
   </trkpt>
   <trkpt lat="56.1393770" lon="10.1676950">
    <ele>2.6</ele>
   </trkpt>
   <trkpt lat="56.1393600" lon="10.1675900">
    <ele>2.6</ele>
   </trkpt>
   <trkpt lat="56.1393370" lon="10.1674870">
    <ele>2.6</ele>
   </trkpt>
   <trkpt lat="56.1393070" lon="10.1673900">
    <ele>2.6</ele>
   </trkpt>
   <trkpt lat="56.1392740" lon="10.1672950">
    <ele>2.8</ele>
   </trkpt>
   <trkpt lat="56.1392420" lon="10.1671980">
    <ele>2.8</ele>
   </trkpt>
   <trkpt lat="56.1392080" lon="10.1671030">
    <ele>2.6</ele>
   </trkpt>
   <trkpt lat="56.1391750" lon="10.1670080">
    <ele>2.6</ele>
   </trkpt>
   <trkpt lat="56.1391450" lon="10.1669130">
    <ele>2.6</ele>
   </trkpt>
   <trkpt lat="56.1391150" lon="10.1668130">
    <ele>2.6</ele>
   </trkpt>
   <trkpt lat="56.1390870" lon="10.1667110">
    <ele>2.6</ele>
   </trkpt>
   <trkpt lat="56.1390600" lon="10.1666090">
    <ele>2.6</ele>
   </trkpt>
   <trkpt lat="56.1390330" lon="10.1665110">
    <ele>3.0</ele>
   </trkpt>
   <trkpt lat="56.1390060" lon="10.1664130">
    <ele>3.0</ele>
   </trkpt>
   <trkpt lat="56.1389800" lon="10.1663160">
    <ele>3.2</ele>
   </trkpt>
   <trkpt lat="56.1389530" lon="10.1662170">
    <ele>3.4</ele>
   </trkpt>
   <trkpt lat="56.1389320" lon="10.1661200">
    <ele>3.8</ele>
   </trkpt>
   <trkpt lat="56.1389120" lon="10.1660190">
    <ele>4.0</ele>
   </trkpt>
   <trkpt lat="56.1388920" lon="10.1659170">
    <ele>4.2</ele>
   </trkpt>
   <trkpt lat="56.1388760" lon="10.1658140">
    <ele>4.2</ele>
   </trkpt>
   <trkpt lat="56.1388610" lon="10.1657140">
    <ele>4.4</ele>
   </trkpt>
   <trkpt lat="56.1388460" lon="10.1656180">
    <ele>4.6</ele>
   </trkpt>
   <trkpt lat="56.1388310" lon="10.1655190">
    <ele>4.6</ele>
   </trkpt>
   <trkpt lat="56.1388190" lon="10.1654160">
    <ele>4.6</ele>
   </trkpt>
   <trkpt lat="56.1388040" lon="10.1653130">
    <ele>4.6</ele>
   </trkpt>
   <trkpt lat="56.1387850" lon="10.1652070">
    <ele>4.6</ele>
   </trkpt>
   <trkpt lat="56.1387610" lon="10.1651010">
    <ele>4.4</ele>
   </trkpt>
   <trkpt lat="56.1387430" lon="10.1649990">
    <ele>4.4</ele>
   </trkpt>
   <trkpt lat="56.1387230" lon="10.1648930">
    <ele>4.2</ele>
   </trkpt>
   <trkpt lat="56.1387060" lon="10.1647890">
    <ele>4.2</ele>
   </trkpt>
   <trkpt lat="56.1386880" lon="10.1646850">
    <ele>4.0</ele>
   </trkpt>
   <trkpt lat="56.1386720" lon="10.1645810">
    <ele>4.0</ele>
   </trkpt>
   <trkpt lat="56.1386510" lon="10.1644670">
    <ele>4.0</ele>
   </trkpt>
   <trkpt lat="56.1386310" lon="10.1643520">
    <ele>4.2</ele>
   </trkpt>
   <trkpt lat="56.1386120" lon="10.1642380">
    <ele>4.2</ele>
   </trkpt>
   <trkpt lat="56.1385940" lon="10.1641250">
    <ele>4.4</ele>
   </trkpt>
   <trkpt lat="56.1385740" lon="10.1640120">
    <ele>4.4</ele>
   </trkpt>
   <trkpt lat="56.1385540" lon="10.1638920">
    <ele>4.4</ele>
   </trkpt>
   <trkpt lat="56.1385340" lon="10.1637730">
    <ele>4.4</ele>
   </trkpt>
   <trkpt lat="56.1385120" lon="10.1636520">
    <ele>4.4</ele>
   </trkpt>
   <trkpt lat="56.1384900" lon="10.1635320">
    <ele>4.4</ele>
   </trkpt>
   <trkpt lat="56.1384690" lon="10.1634130">
    <ele>4.2</ele>
   </trkpt>
   <trkpt lat="56.1384500" lon="10.1632930">
    <ele>4.2</ele>
   </trkpt>
   <trkpt lat="56.1384310" lon="10.1631720">
    <ele>4.2</ele>
   </trkpt>
   <trkpt lat="56.1384140" lon="10.1630530">
    <ele>4.0</ele>
   </trkpt>
   <trkpt lat="56.1383940" lon="10.1629330">
    <ele>4.0</ele>
   </trkpt>
   <trkpt lat="56.1383730" lon="10.1628140">
    <ele>3.8</ele>
   </trkpt>
   <trkpt lat="56.1383530" lon="10.1626940">
    <ele>3.8</ele>
   </trkpt>
   <trkpt lat="56.1383330" lon="10.1625740">
    <ele>3.8</ele>
   </trkpt>
   <trkpt lat="56.1383150" lon="10.1624530">
    <ele>3.8</ele>
   </trkpt>
   <trkpt lat="56.1382980" lon="10.1623320">
    <ele>3.8</ele>
   </trkpt>
   <trkpt lat="56.1382790" lon="10.1622110">
    <ele>4.0</ele>
   </trkpt>
   <trkpt lat="56.1382630" lon="10.1620910">
    <ele>4.0</ele>
   </trkpt>
   <trkpt lat="56.1382460" lon="10.1619690">
    <ele>4.0</ele>
   </trkpt>
   <trkpt lat="56.1382300" lon="10.1618470">
    <ele>4.0</ele>
   </trkpt>
   <trkpt lat="56.1382180" lon="10.1617270">
    <ele>4.0</ele>
   </trkpt>
   <trkpt lat="56.1382070" lon="10.1616060">
    <ele>4.0</ele>
   </trkpt>
   <trkpt lat="56.1381950" lon="10.1614810">
    <ele>4.0</ele>
   </trkpt>
   <trkpt lat="56.1381840" lon="10.1613590">
    <ele>4.0</ele>
   </trkpt>
   <trkpt lat="56.1381740" lon="10.1612420">
    <ele>4.0</ele>
   </trkpt>
   <trkpt lat="56.1381630" lon="10.1611220">
    <ele>4.0</ele>
   </trkpt>
   <trkpt lat="56.1381510" lon="10.1610010">
    <ele>3.8</ele>
   </trkpt>
   <trkpt lat="56.1381400" lon="10.1608790">
    <ele>3.8</ele>
   </trkpt>
   <trkpt lat="56.1381290" lon="10.1607570">
    <ele>3.8</ele>
   </trkpt>
   <trkpt lat="56.1381190" lon="10.1606340">
    <ele>3.8</ele>
   </trkpt>
   <trkpt lat="56.1381070" lon="10.1605100">
    <ele>3.8</ele>
   </trkpt>
   <trkpt lat="56.1380990" lon="10.1603870">
    <ele>3.6</ele>
   </trkpt>
   <trkpt lat="56.1380920" lon="10.1602590">
    <ele>3.8</ele>
   </trkpt>
   <trkpt lat="56.1380910" lon="10.1601320">
    <ele>3.8</ele>
   </trkpt>
   <trkpt lat="56.1380950" lon="10.1600050">
    <ele>3.6</ele>
   </trkpt>
   <trkpt lat="56.1381090" lon="10.1598800">
    <ele>3.6</ele>
   </trkpt>
   <trkpt lat="56.1381290" lon="10.1597590">
    <ele>3.6</ele>
   </trkpt>
   <trkpt lat="56.1381550" lon="10.1596420">
    <ele>3.4</ele>
   </trkpt>
   <trkpt lat="56.1381900" lon="10.1595270">
    <ele>3.4</ele>
   </trkpt>
   <trkpt lat="56.1382260" lon="10.1594100">
    <ele>3.2</ele>
   </trkpt>
   <trkpt lat="56.1382640" lon="10.1593000">
    <ele>3.0</ele>
   </trkpt>
   <trkpt lat="56.1383040" lon="10.1591950">
    <ele>2.6</ele>
   </trkpt>
   <trkpt lat="56.1383390" lon="10.1590800">
    <ele>2.6</ele>
   </trkpt>
   <trkpt lat="56.1383530" lon="10.1589620">
    <ele>2.2</ele>
   </trkpt>
   <trkpt lat="56.1383440" lon="10.1588590">
    <ele>1.8</ele>
   </trkpt>
   <trkpt lat="56.1383260" lon="10.1587650">
    <ele>1.6</ele>
   </trkpt>
   <trkpt lat="56.1382900" lon="10.1586850">
    <ele>1.4</ele>
   </trkpt>
   <trkpt lat="56.1382290" lon="10.1586170">
    <ele>1.2</ele>
   </trkpt>
   <trkpt lat="56.1381690" lon="10.1585610">
    <ele>1.0</ele>
   </trkpt>
   <trkpt lat="56.1380910" lon="10.1584740">
    <ele>1.0</ele>
   </trkpt>
   <trkpt lat="56.1380280" lon="10.1583990">
    <ele>0.8</ele>
   </trkpt>
   <trkpt lat="56.1379750" lon="10.1583250">
    <ele>0.4</ele>
   </trkpt>
   <trkpt lat="56.1379240" lon="10.1582420">
    <ele>0.2</ele>
   </trkpt>
   <trkpt lat="56.1378820" lon="10.1581550">
    <ele>0.0</ele>
   </trkpt>
   <trkpt lat="56.1378420" lon="10.1580540">
    <ele>0.0</ele>
   </trkpt>
   <trkpt lat="56.1378050" lon="10.1579600">
    <ele>0.0</ele>
   </trkpt>
   <trkpt lat="56.1377660" lon="10.1578580">
    <ele>0.0</ele>
   </trkpt>
   <trkpt lat="56.1377240" lon="10.1577490">
    <ele>0.0</ele>
   </trkpt>
   <trkpt lat="56.1376840" lon="10.1576410">
    <ele>0.0</ele>
   </trkpt>
   <trkpt lat="56.1376410" lon="10.1575310">
    <ele>0.2</ele>
   </trkpt>
   <trkpt lat="56.1375990" lon="10.1574200">
    <ele>0.4</ele>
   </trkpt>
   <trkpt lat="56.1375580" lon="10.1573120">
    <ele>0.6</ele>
   </trkpt>
   <trkpt lat="56.1375170" lon="10.1572040">
    <ele>0.6</ele>
   </trkpt>
   <trkpt lat="56.1374850" lon="10.1571210">
    <ele>0.6</ele>
   </trkpt>
   <trkpt lat="56.1374380" lon="10.1569960">
    <ele>0.6</ele>
   </trkpt>
   <trkpt lat="56.1374050" lon="10.1569100">
    <ele>0.4</ele>
   </trkpt>
   <trkpt lat="56.1373650" lon="10.1568050">
    <ele>0.4</ele>
   </trkpt>
   <trkpt lat="56.1373220" lon="10.1567000">
    <ele>0.2</ele>
   </trkpt>
   <trkpt lat="56.1372840" lon="10.1565970">
    <ele>0.2</ele>
   </trkpt>
   <trkpt lat="56.1372480" lon="10.1564920">
    <ele>0.2</ele>
   </trkpt>
   <trkpt lat="56.1372100" lon="10.1563910">
    <ele>0.2</ele>
   </trkpt>
   <trkpt lat="56.1371700" lon="10.1562850">
    <ele>0.2</ele>
   </trkpt>
   <trkpt lat="56.1371310" lon="10.1561800">
    <ele>0.0</ele>
   </trkpt>
   <trkpt lat="56.1370860" lon="10.1560530">
    <ele>0.0</ele>
   </trkpt>
   <trkpt lat="56.1370570" lon="10.1559680">
    <ele>0.0</ele>
   </trkpt>
   <trkpt lat="56.1370180" lon="10.1558640">
    <ele>0.0</ele>
   </trkpt>
   <trkpt lat="56.1369730" lon="10.1557390">
    <ele>-0.4</ele>
   </trkpt>
   <trkpt lat="56.1369410" lon="10.1556330">
    <ele>-0.4</ele>
   </trkpt>
   <trkpt lat="56.1369110" lon="10.1555540">
    <ele>-0.6</ele>
   </trkpt>
   <trkpt lat="56.1368750" lon="10.1554420">
    <ele>-0.6</ele>
   </trkpt>
   <trkpt lat="56.1368510" lon="10.1553580">
    <ele>-0.8</ele>
   </trkpt>
   <trkpt lat="56.1368110" lon="10.1552490">
    <ele>-0.8</ele>
   </trkpt>
   <trkpt lat="56.1367790" lon="10.1551390">
    <ele>-0.8</ele>
   </trkpt>
   <trkpt lat="56.1367440" lon="10.1550120">
    <ele>-0.8</ele>
   </trkpt>
   <trkpt lat="56.1367210" lon="10.1549270">
    <ele>-0.8</ele>
   </trkpt>
   <trkpt lat="56.1366910" lon="10.1548200">
    <ele>-0.8</ele>
   </trkpt>
   <trkpt lat="56.1366570" lon="10.1546910">
    <ele>-0.6</ele>
   </trkpt>
   <trkpt lat="56.1366300" lon="10.1545830">
    <ele>-0.4</ele>
   </trkpt>
   <trkpt lat="56.1366050" lon="10.1544740">
    <ele>-0.4</ele>
   </trkpt>
   <trkpt lat="56.1365780" lon="10.1543640">
    <ele>-0.2</ele>
   </trkpt>
   <trkpt lat="56.1365490" lon="10.1542530">
    <ele>-0.2</ele>
   </trkpt>
   <trkpt lat="56.1365180" lon="10.1541420">
    <ele>-0.2</ele>
   </trkpt>
   <trkpt lat="56.1364880" lon="10.1540290">
    <ele>-0.2</ele>
   </trkpt>
   <trkpt lat="56.1364580" lon="10.1539150">
    <ele>0.0</ele>
   </trkpt>
   <trkpt lat="56.1364290" lon="10.1538030">
    <ele>0.0</ele>
   </trkpt>
   <trkpt lat="56.1363990" lon="10.1536930">
    <ele>0.0</ele>
   </trkpt>
   <trkpt lat="56.1363710" lon="10.1535860">
    <ele>0.0</ele>
   </trkpt>
   <trkpt lat="56.1363440" lon="10.1534790">
    <ele>0.0</ele>
   </trkpt>
   <trkpt lat="56.1363140" lon="10.1533720">
    <ele>0.2</ele>
   </trkpt>
   <trkpt lat="56.1362860" lon="10.1532670">
    <ele>0.2</ele>
   </trkpt>
   <trkpt lat="56.1362650" lon="10.1531810">
    <ele>0.6</ele>
   </trkpt>
   <trkpt lat="56.1362320" lon="10.1530520">
    <ele>0.8</ele>
   </trkpt>
   <trkpt lat="56.1362050" lon="10.1529470">
    <ele>0.8</ele>
   </trkpt>
   <trkpt lat="56.1361780" lon="10.1528440">
    <ele>0.8</ele>
   </trkpt>
   <trkpt lat="56.1361520" lon="10.1527450">
    <ele>0.8</ele>
   </trkpt>
   <trkpt lat="56.1361250" lon="10.1526460">
    <ele>0.6</ele>
   </trkpt>
   <trkpt lat="56.1360980" lon="10.1525470">
    <ele>0.6</ele>
   </trkpt>
   <trkpt lat="56.1360750" lon="10.1524650">
    <ele>0.6</ele>
   </trkpt>
   <trkpt lat="56.1360400" lon="10.1523430">
    <ele>1.0</ele>
   </trkpt>
   <trkpt lat="56.1360110" lon="10.1522450">
    <ele>1.2</ele>
   </trkpt>
   <trkpt lat="56.1359820" lon="10.1521460">
    <ele>1.2</ele>
   </trkpt>
   <trkpt lat="56.1359530" lon="10.1520490">
    <ele>1.4</ele>
   </trkpt>
   <trkpt lat="56.1359200" lon="10.1519540">
    <ele>1.6</ele>
   </trkpt>
   <trkpt lat="56.1358870" lon="10.1518650">
    <ele>1.6</ele>
   </trkpt>
   <trkpt lat="56.1358550" lon="10.1517750">
    <ele>1.6</ele>
   </trkpt>
   <trkpt lat="56.1358210" lon="10.1516850">
    <ele>1.6</ele>
   </trkpt>
   <trkpt lat="56.1357840" lon="10.1515980">
    <ele>1.6</ele>
   </trkpt>
   <trkpt lat="56.1357470" lon="10.1515130">
    <ele>1.6</ele>
   </trkpt>
   <trkpt lat="56.1357100" lon="10.1514280">
    <ele>1.4</ele>
   </trkpt>
   <trkpt lat="56.1356740" lon="10.1513420">
    <ele>1.2</ele>
   </trkpt>
   <trkpt lat="56.1356380" lon="10.1512540">
    <ele>1.2</ele>
   </trkpt>
   <trkpt lat="56.1356040" lon="10.1511680">
    <ele>1.2</ele>
   </trkpt>
   <trkpt lat="56.1355700" lon="10.1510820">
    <ele>1.2</ele>
   </trkpt>
   <trkpt lat="56.1355370" lon="10.1509930">
    <ele>1.0</ele>
   </trkpt>
   <trkpt lat="56.1355060" lon="10.1509030">
    <ele>1.0</ele>
   </trkpt>
   <trkpt lat="56.1354760" lon="10.1508120">
    <ele>1.0</ele>
   </trkpt>
   <trkpt lat="56.1354450" lon="10.1507220">
    <ele>1.2</ele>
   </trkpt>
   <trkpt lat="56.1354160" lon="10.1506320">
    <ele>1.2</ele>
   </trkpt>
   <trkpt lat="56.1353900" lon="10.1505400">
    <ele>1.2</ele>
   </trkpt>
   <trkpt lat="56.1353660" lon="10.1504460">
    <ele>1.2</ele>
   </trkpt>
   <trkpt lat="56.1353440" lon="10.1503500">
    <ele>1.2</ele>
   </trkpt>
   <trkpt lat="56.1353240" lon="10.1502540">
    <ele>1.4</ele>
   </trkpt>
   <trkpt lat="56.1353060" lon="10.1501600">
    <ele>1.6</ele>
   </trkpt>
   <trkpt lat="56.1352880" lon="10.1500650">
    <ele>1.6</ele>
   </trkpt>
   <trkpt lat="56.1352700" lon="10.1499690">
    <ele>1.8</ele>
   </trkpt>
   <trkpt lat="56.1352520" lon="10.1498750">
    <ele>1.8</ele>
   </trkpt>
   <trkpt lat="56.1352350" lon="10.1497800">
    <ele>2.0</ele>
   </trkpt>
   <trkpt lat="56.1352190" lon="10.1496850">
    <ele>2.0</ele>
   </trkpt>
   <trkpt lat="56.1352010" lon="10.1495890">
    <ele>2.0</ele>
   </trkpt>
   <trkpt lat="56.1351830" lon="10.1494920">
    <ele>2.2</ele>
   </trkpt>
   <trkpt lat="56.1351650" lon="10.1493940">
    <ele>2.4</ele>
   </trkpt>
   <trkpt lat="56.1351450" lon="10.1492960">
    <ele>2.6</ele>
   </trkpt>
   <trkpt lat="56.1351260" lon="10.1491970">
    <ele>2.8</ele>
   </trkpt>
   <trkpt lat="56.1351060" lon="10.1490980">
    <ele>3.0</ele>
   </trkpt>
   <trkpt lat="56.1350860" lon="10.1489980">
    <ele>3.0</ele>
   </trkpt>
   <trkpt lat="56.1350680" lon="10.1488990">
    <ele>3.2</ele>
   </trkpt>
   <trkpt lat="56.1350480" lon="10.1487990">
    <ele>3.2</ele>
   </trkpt>
   <trkpt lat="56.1350290" lon="10.1486970">
    <ele>3.2</ele>
   </trkpt>
   <trkpt lat="56.1350110" lon="10.1485920">
    <ele>3.2</ele>
   </trkpt>
   <trkpt lat="56.1349920" lon="10.1484870">
    <ele>3.0</ele>
   </trkpt>
   <trkpt lat="56.1349740" lon="10.1483790">
    <ele>3.0</ele>
   </trkpt>
   <trkpt lat="56.1349590" lon="10.1482700">
    <ele>2.8</ele>
   </trkpt>
   <trkpt lat="56.1349450" lon="10.1481610">
    <ele>2.8</ele>
   </trkpt>
   <trkpt lat="56.1349350" lon="10.1480490">
    <ele>2.8</ele>
   </trkpt>
   <trkpt lat="56.1349240" lon="10.1479380">
    <ele>2.6</ele>
   </trkpt>
   <trkpt lat="56.1349130" lon="10.1478250">
    <ele>2.6</ele>
   </trkpt>
   <trkpt lat="56.1349070" lon="10.1477110">
    <ele>2.6</ele>
   </trkpt>
   <trkpt lat="56.1349020" lon="10.1475990">
    <ele>2.6</ele>
   </trkpt>
   <trkpt lat="56.1348940" lon="10.1474810">
    <ele>2.4</ele>
   </trkpt>
   <trkpt lat="56.1348860" lon="10.1473610">
    <ele>2.2</ele>
   </trkpt>
   <trkpt lat="56.1348770" lon="10.1472420">
    <ele>2.0</ele>
   </trkpt>
   <trkpt lat="56.1348690" lon="10.1471240">
    <ele>2.0</ele>
   </trkpt>
   <trkpt lat="56.1348620" lon="10.1470050">
    <ele>1.8</ele>
   </trkpt>
   <trkpt lat="56.1348550" lon="10.1468890">
    <ele>1.8</ele>
   </trkpt>
   <trkpt lat="56.1348480" lon="10.1467710">
    <ele>1.8</ele>
   </trkpt>
   <trkpt lat="56.1348430" lon="10.1466540">
    <ele>1.8</ele>
   </trkpt>
   <trkpt lat="56.1348360" lon="10.1465380">
    <ele>1.8</ele>
   </trkpt>
   <trkpt lat="56.1348280" lon="10.1464250">
    <ele>1.8</ele>
   </trkpt>
   <trkpt lat="56.1348200" lon="10.1463130">
    <ele>1.8</ele>
   </trkpt>
   <trkpt lat="56.1348110" lon="10.1462050">
    <ele>1.6</ele>
   </trkpt>
   <trkpt lat="56.1347940" lon="10.1461090">
    <ele>1.8</ele>
   </trkpt>
   <trkpt lat="56.1347570" lon="10.1460420">
    <ele>1.8</ele>
   </trkpt>
   <trkpt lat="56.1347070" lon="10.1460170">
    <ele>1.8</ele>
   </trkpt>
   <trkpt lat="56.1346530" lon="10.1460190">
    <ele>1.8</ele>
   </trkpt>
   <trkpt lat="56.1346020" lon="10.1460160">
    <ele>1.8</ele>
   </trkpt>
   <trkpt lat="56.1345530" lon="10.1459800">
    <ele>1.6</ele>
   </trkpt>
   <trkpt lat="56.1345120" lon="10.1459140">
    <ele>1.6</ele>
   </trkpt>
   <trkpt lat="56.1344830" lon="10.1458260">
    <ele>1.4</ele>
   </trkpt>
   <trkpt lat="56.1344660" lon="10.1457200">
    <ele>1.2</ele>
   </trkpt>
   <trkpt lat="56.1344540" lon="10.1456070">
    <ele>1.2</ele>
   </trkpt>
   <trkpt lat="56.1344460" lon="10.1454950">
    <ele>1.0</ele>
   </trkpt>
   <trkpt lat="56.1344390" lon="10.1453770">
    <ele>1.0</ele>
   </trkpt>
   <trkpt lat="56.1344320" lon="10.1452560">
    <ele>0.8</ele>
   </trkpt>
   <trkpt lat="56.1344270" lon="10.1451330">
    <ele>0.8</ele>
   </trkpt>
   <trkpt lat="56.1344230" lon="10.1450100">
    <ele>0.8</ele>
   </trkpt>
   <trkpt lat="56.1344190" lon="10.1448870">
    <ele>0.8</ele>
   </trkpt>
   <trkpt lat="56.1344150" lon="10.1447610">
    <ele>0.8</ele>
   </trkpt>
   <trkpt lat="56.1344090" lon="10.1446360">
    <ele>0.8</ele>
   </trkpt>
   <trkpt lat="56.1344030" lon="10.1445130">
    <ele>1.0</ele>
   </trkpt>
   <trkpt lat="56.1343980" lon="10.1443920">
    <ele>1.0</ele>
   </trkpt>
   <trkpt lat="56.1343920" lon="10.1442720">
    <ele>1.0</ele>
   </trkpt>
   <trkpt lat="56.1343840" lon="10.1441520">
    <ele>1.0</ele>
   </trkpt>
   <trkpt lat="56.1343770" lon="10.1440310">
    <ele>0.8</ele>
   </trkpt>
   <trkpt lat="56.1343670" lon="10.1439060">
    <ele>0.8</ele>
   </trkpt>
   <trkpt lat="56.1343590" lon="10.1437810">
    <ele>0.8</ele>
   </trkpt>
   <trkpt lat="56.1343550" lon="10.1436560">
    <ele>0.6</ele>
   </trkpt>
   <trkpt lat="56.1343500" lon="10.1435320">
    <ele>0.6</ele>
   </trkpt>
   <trkpt lat="56.1343430" lon="10.1434070">
    <ele>0.6</ele>
   </trkpt>
   <trkpt lat="56.1343370" lon="10.1432830">
    <ele>0.4</ele>
   </trkpt>
   <trkpt lat="56.1343310" lon="10.1431610">
    <ele>0.2</ele>
   </trkpt>
   <trkpt lat="56.1343240" lon="10.1430380">
    <ele>0.0</ele>
   </trkpt>
   <trkpt lat="56.1343170" lon="10.1429110">
    <ele>0.0</ele>
   </trkpt>
   <trkpt lat="56.1343100" lon="10.1427890">
    <ele>0.0</ele>
   </trkpt>
   <trkpt lat="56.1343030" lon="10.1426660">
    <ele>0.0</ele>
   </trkpt>
   <trkpt lat="56.1342950" lon="10.1425470">
    <ele>0.0</ele>
   </trkpt>
   <trkpt lat="56.1342880" lon="10.1424300">
    <ele>0.0</ele>
   </trkpt>
   <trkpt lat="56.1342830" lon="10.1423140">
    <ele>0.0</ele>
   </trkpt>
   <trkpt lat="56.1342780" lon="10.1422020">
    <ele>0.0</ele>
   </trkpt>
   <trkpt lat="56.1342730" lon="10.1420910">
    <ele>0.2</ele>
   </trkpt>
   <trkpt lat="56.1342670" lon="10.1419800">
    <ele>0.8</ele>
   </trkpt>
   <trkpt lat="56.1342590" lon="10.1418690">
    <ele>1.0</ele>
   </trkpt>
   <trkpt lat="56.1342530" lon="10.1417590">
    <ele>1.2</ele>
   </trkpt>
   <trkpt lat="56.1342490" lon="10.1416530">
    <ele>1.4</ele>
   </trkpt>
   <trkpt lat="56.1342450" lon="10.1415490">
    <ele>1.6</ele>
   </trkpt>
   <trkpt lat="56.1342390" lon="10.1414450">
    <ele>2.2</ele>
   </trkpt>
   <trkpt lat="56.1342340" lon="10.1413390">
    <ele>2.4</ele>
   </trkpt>
   <trkpt lat="56.1342280" lon="10.1412350">
    <ele>2.6</ele>
   </trkpt>
   <trkpt lat="56.1342220" lon="10.1411300">
    <ele>2.8</ele>
   </trkpt>
   <trkpt lat="56.1342170" lon="10.1410230">
    <ele>3.2</ele>
   </trkpt>
   <trkpt lat="56.1342120" lon="10.1409150">
    <ele>3.4</ele>
   </trkpt>
   <trkpt lat="56.1342070" lon="10.1408070">
    <ele>3.4</ele>
   </trkpt>
   <trkpt lat="56.1342000" lon="10.1407000">
    <ele>3.4</ele>
   </trkpt>
   <trkpt lat="56.1341950" lon="10.1405920">
    <ele>3.4</ele>
   </trkpt>
   <trkpt lat="56.1341900" lon="10.1404850">
    <ele>3.4</ele>
   </trkpt>
   <trkpt lat="56.1341830" lon="10.1403790">
    <ele>3.4</ele>
   </trkpt>
   <trkpt lat="56.1341760" lon="10.1402750">
    <ele>3.4</ele>
   </trkpt>
   <trkpt lat="56.1341700" lon="10.1401700">
    <ele>3.4</ele>
   </trkpt>
   <trkpt lat="56.1341640" lon="10.1400640">
    <ele>3.4</ele>
   </trkpt>
   <trkpt lat="56.1341580" lon="10.1399610">
    <ele>3.4</ele>
   </trkpt>
   <trkpt lat="56.1341530" lon="10.1398570">
    <ele>3.6</ele>
   </trkpt>
   <trkpt lat="56.1341460" lon="10.1397510">
    <ele>3.6</ele>
   </trkpt>
   <trkpt lat="56.1341420" lon="10.1396460">
    <ele>3.6</ele>
   </trkpt>
   <trkpt lat="56.1341360" lon="10.1395450">
    <ele>3.6</ele>
   </trkpt>
   <trkpt lat="56.1341290" lon="10.1394430">
    <ele>3.8</ele>
   </trkpt>
   <trkpt lat="56.1341240" lon="10.1393380">
    <ele>4.0</ele>
   </trkpt>
   <trkpt lat="56.1341210" lon="10.1392320">
    <ele>4.0</ele>
   </trkpt>
   <trkpt lat="56.1341160" lon="10.1391270">
    <ele>4.0</ele>
   </trkpt>
   <trkpt lat="56.1341100" lon="10.1390190">
    <ele>4.0</ele>
   </trkpt>
   <trkpt lat="56.1341050" lon="10.1389090">
    <ele>4.0</ele>
   </trkpt>
   <trkpt lat="56.1340990" lon="10.1387970">
    <ele>4.0</ele>
   </trkpt>
   <trkpt lat="56.1340940" lon="10.1386830">
    <ele>4.0</ele>
   </trkpt>
   <trkpt lat="56.1340870" lon="10.1385680">
    <ele>4.0</ele>
   </trkpt>
   <trkpt lat="56.1340800" lon="10.1384520">
    <ele>3.8</ele>
   </trkpt>
   <trkpt lat="56.1340740" lon="10.1383360">
    <ele>3.2</ele>
   </trkpt>
   <trkpt lat="56.1340680" lon="10.1382190">
    <ele>3.2</ele>
   </trkpt>
   <trkpt lat="56.1340610" lon="10.1381020">
    <ele>3.0</ele>
   </trkpt>
   <trkpt lat="56.1340540" lon="10.1379850">
    <ele>3.0</ele>
   </trkpt>
   <trkpt lat="56.1340470" lon="10.1378660">
    <ele>3.0</ele>
   </trkpt>
   <trkpt lat="56.1340340" lon="10.1377470">
    <ele>2.8</ele>
   </trkpt>
   <trkpt lat="56.1340160" lon="10.1376260">
    <ele>2.6</ele>
   </trkpt>
   <trkpt lat="56.1339930" lon="10.1375070">
    <ele>2.2</ele>
   </trkpt>
   <trkpt lat="56.1339630" lon="10.1373900">
    <ele>2.0</ele>
   </trkpt>
   <trkpt lat="56.1339280" lon="10.1372790">
    <ele>1.8</ele>
   </trkpt>
   <trkpt lat="56.1338890" lon="10.1371680">
    <ele>1.4</ele>
   </trkpt>
   <trkpt lat="56.1338500" lon="10.1370570">
    <ele>1.2</ele>
   </trkpt>
   <trkpt lat="56.1338130" lon="10.1369470">
    <ele>1.2</ele>
   </trkpt>
   <trkpt lat="56.1337810" lon="10.1368380">
    <ele>0.8</ele>
   </trkpt>
   <trkpt lat="56.1337510" lon="10.1367230">
    <ele>0.6</ele>
   </trkpt>
   <trkpt lat="56.1337230" lon="10.1366040">
    <ele>0.4</ele>
   </trkpt>
   <trkpt lat="56.1337000" lon="10.1364830">
    <ele>0.2</ele>
   </trkpt>
   <trkpt lat="56.1336790" lon="10.1363610">
    <ele>0.2</ele>
   </trkpt>
   <trkpt lat="56.1336630" lon="10.1362380">
    <ele>0.0</ele>
   </trkpt>
   <trkpt lat="56.1336560" lon="10.1361110">
    <ele>-0.2</ele>
   </trkpt>
   <trkpt lat="56.1336550" lon="10.1359840">
    <ele>-0.4</ele>
   </trkpt>
   <trkpt lat="56.1336600" lon="10.1358580">
    <ele>-0.4</ele>
   </trkpt>
   <trkpt lat="56.1336680" lon="10.1357330">
    <ele>-0.4</ele>
   </trkpt>
   <trkpt lat="56.1336750" lon="10.1356080">
    <ele>-0.4</ele>
   </trkpt>
   <trkpt lat="56.1336810" lon="10.1354820">
    <ele>-0.4</ele>
   </trkpt>
   <trkpt lat="56.1336890" lon="10.1353570">
    <ele>-0.4</ele>
   </trkpt>
   <trkpt lat="56.1336970" lon="10.1352310">
    <ele>-0.4</ele>
   </trkpt>
   <trkpt lat="56.1337040" lon="10.1351050">
    <ele>-0.4</ele>
   </trkpt>
   <trkpt lat="56.1337110" lon="10.1349800">
    <ele>-0.4</ele>
   </trkpt>
   <trkpt lat="56.1337220" lon="10.1348550">
    <ele>-0.4</ele>
   </trkpt>
   <trkpt lat="56.1337350" lon="10.1347310">
    <ele>-0.4</ele>
   </trkpt>
   <trkpt lat="56.1337500" lon="10.1346070">
    <ele>-0.4</ele>
   </trkpt>
   <trkpt lat="56.1337690" lon="10.1344860">
    <ele>-0.4</ele>
   </trkpt>
   <trkpt lat="56.1337910" lon="10.1343680">
    <ele>-0.2</ele>
   </trkpt>
   <trkpt lat="56.1338130" lon="10.1342520">
    <ele>-0.2</ele>
   </trkpt>
   <trkpt lat="56.1338330" lon="10.1341320">
    <ele>-0.2</ele>
   </trkpt>
   <trkpt lat="56.1338520" lon="10.1340070">
    <ele>0.0</ele>
   </trkpt>
   <trkpt lat="56.1338740" lon="10.1338860">
    <ele>0.0</ele>
   </trkpt>
   <trkpt lat="56.1338990" lon="10.1337650">
    <ele>0.0</ele>
   </trkpt>
   <trkpt lat="56.1339270" lon="10.1336470">
    <ele>0.0</ele>
   </trkpt>
   <trkpt lat="56.1339560" lon="10.1335300">
    <ele>0.0</ele>
   </trkpt>
   <trkpt lat="56.1339870" lon="10.1334120">
    <ele>0.0</ele>
   </trkpt>
   <trkpt lat="56.1340180" lon="10.1332960">
    <ele>0.0</ele>
   </trkpt>
   <trkpt lat="56.1340520" lon="10.1331840">
    <ele>-0.2</ele>
   </trkpt>
   <trkpt lat="56.1340870" lon="10.1330710">
    <ele>-0.2</ele>
   </trkpt>
   <trkpt lat="56.1341220" lon="10.1329580">
    <ele>-0.2</ele>
   </trkpt>
   <trkpt lat="56.1341570" lon="10.1328460">
    <ele>-0.2</ele>
   </trkpt>
   <trkpt lat="56.1341920" lon="10.1327340">
    <ele>0.0</ele>
   </trkpt>
   <trkpt lat="56.1342270" lon="10.1326210">
    <ele>0.2</ele>
   </trkpt>
   <trkpt lat="56.1342620" lon="10.1325090">
    <ele>0.2</ele>
   </trkpt>
   <trkpt lat="56.1342980" lon="10.1323970">
    <ele>0.4</ele>
   </trkpt>
   <trkpt lat="56.1343330" lon="10.1322870">
    <ele>0.4</ele>
   </trkpt>
   <trkpt lat="56.1343690" lon="10.1321800">
    <ele>0.4</ele>
   </trkpt>
   <trkpt lat="56.1344050" lon="10.1320710">
    <ele>0.4</ele>
   </trkpt>
   <trkpt lat="56.1344420" lon="10.1319660">
    <ele>0.4</ele>
   </trkpt>
   <trkpt lat="56.1344790" lon="10.1318640">
    <ele>0.2</ele>
   </trkpt>
   <trkpt lat="56.1345150" lon="10.1317650">
    <ele>0.4</ele>
   </trkpt>
   <trkpt lat="56.1345480" lon="10.1316680">
    <ele>0.4</ele>
   </trkpt>
   <trkpt lat="56.1345840" lon="10.1315690">
    <ele>0.4</ele>
   </trkpt>
   <trkpt lat="56.1346220" lon="10.1314680">
    <ele>0.4</ele>
   </trkpt>
   <trkpt lat="56.1346610" lon="10.1313680">
    <ele>0.6</ele>
   </trkpt>
   <trkpt lat="56.1347030" lon="10.1312740">
    <ele>1.0</ele>
   </trkpt>
   <trkpt lat="56.1347430" lon="10.1311760">
    <ele>1.2</ele>
   </trkpt>
   <trkpt lat="56.1347810" lon="10.1310770">
    <ele>1.2</ele>
   </trkpt>
   <trkpt lat="56.1348200" lon="10.1309800">
    <ele>1.2</ele>
   </trkpt>
   <trkpt lat="56.1348620" lon="10.1308850">
    <ele>1.2</ele>
   </trkpt>
   <trkpt lat="56.1349050" lon="10.1307930">
    <ele>1.4</ele>
   </trkpt>
   <trkpt lat="56.1349510" lon="10.1307100">
    <ele>1.4</ele>
   </trkpt>
   <trkpt lat="56.1349990" lon="10.1306330">
    <ele>1.4</ele>
   </trkpt>
   <trkpt lat="56.1350390" lon="10.1305510">
    <ele>1.4</ele>
   </trkpt>
   <trkpt lat="56.1350790" lon="10.1304690">
    <ele>1.6</ele>
   </trkpt>
   <trkpt lat="56.1351200" lon="10.1303790">
    <ele>1.6</ele>
   </trkpt>
   <trkpt lat="56.1351580" lon="10.1302920">
    <ele>1.6</ele>
   </trkpt>
   <trkpt lat="56.1352010" lon="10.1302070">
    <ele>1.8</ele>
   </trkpt>
   <trkpt lat="56.1352500" lon="10.1301250">
    <ele>1.8</ele>
   </trkpt>
   <trkpt lat="56.1353010" lon="10.1300450">
    <ele>1.8</ele>
   </trkpt>
   <trkpt lat="56.1353480" lon="10.1299670">
    <ele>1.8</ele>
   </trkpt>
   <trkpt lat="56.1353930" lon="10.1298970">
    <ele>2.0</ele>
   </trkpt>
   <trkpt lat="56.1354450" lon="10.1298250">
    <ele>2.0</ele>
   </trkpt>
   <trkpt lat="56.1354990" lon="10.1297510">
    <ele>2.2</ele>
   </trkpt>
   <trkpt lat="56.1355490" lon="10.1296680">
    <ele>2.4</ele>
   </trkpt>
   <trkpt lat="56.1355930" lon="10.1295710">
    <ele>2.4</ele>
   </trkpt>
   <trkpt lat="56.1356310" lon="10.1294730">
    <ele>2.4</ele>
   </trkpt>
   <trkpt lat="56.1356640" lon="10.1293790">
    <ele>2.6</ele>
   </trkpt>
   <trkpt lat="56.1356920" lon="10.1292880">
    <ele>2.8</ele>
   </trkpt>
   <trkpt lat="56.1357240" lon="10.1291800">
    <ele>2.8</ele>
   </trkpt>
   <trkpt lat="56.1357570" lon="10.1290600">
    <ele>2.8</ele>
   </trkpt>
   <trkpt lat="56.1357970" lon="10.1289620">
    <ele>2.8</ele>
   </trkpt>
   <trkpt lat="56.1358400" lon="10.1288850">
    <ele>2.8</ele>
   </trkpt>
   <trkpt lat="56.1358810" lon="10.1288030">
    <ele>2.8</ele>
   </trkpt>
   <trkpt lat="56.1359150" lon="10.1287180">
    <ele>2.8</ele>
   </trkpt>
   <trkpt lat="56.1359600" lon="10.1286230">
    <ele>2.6</ele>
   </trkpt>
   <trkpt lat="56.1360010" lon="10.1285370">
    <ele>2.4</ele>
   </trkpt>
   <trkpt lat="56.1360420" lon="10.1284420">
    <ele>2.2</ele>
   </trkpt>
   <trkpt lat="56.1360880" lon="10.1283370">
    <ele>2.0</ele>
   </trkpt>
   <trkpt lat="56.1361360" lon="10.1282290">
    <ele>2.0</ele>
   </trkpt>
   <trkpt lat="56.1361840" lon="10.1281270">
    <ele>1.8</ele>
   </trkpt>
   <trkpt lat="56.1362260" lon="10.1280250">
    <ele>1.8</ele>
   </trkpt>
   <trkpt lat="56.1362750" lon="10.1279220">
    <ele>1.6</ele>
   </trkpt>
   <trkpt lat="56.1363220" lon="10.1278320">
    <ele>1.4</ele>
   </trkpt>
   <trkpt lat="56.1363650" lon="10.1277370">
    <ele>1.4</ele>
   </trkpt>
   <trkpt lat="56.1364160" lon="10.1276250">
    <ele>1.4</ele>
   </trkpt>
   <trkpt lat="56.1364650" lon="10.1275030">
    <ele>1.4</ele>
   </trkpt>
   <trkpt lat="56.1365140" lon="10.1273910">
    <ele>1.4</ele>
   </trkpt>
   <trkpt lat="56.1365590" lon="10.1272830">
    <ele>1.6</ele>
   </trkpt>
   <trkpt lat="56.1366070" lon="10.1271860">
    <ele>2.0</ele>
   </trkpt>
   <trkpt lat="56.1366490" lon="10.1270940">
    <ele>2.0</ele>
   </trkpt>
   <trkpt lat="56.1366910" lon="10.1270010">
    <ele>2.2</ele>
   </trkpt>
   <trkpt lat="56.1367370" lon="10.1269070">
    <ele>2.2</ele>
   </trkpt>
   <trkpt lat="56.1367820" lon="10.1268140">
    <ele>2.6</ele>
   </trkpt>
   <trkpt lat="56.1368260" lon="10.1267230">
    <ele>2.6</ele>
   </trkpt>
   <trkpt lat="56.1368710" lon="10.1266340">
    <ele>2.8</ele>
   </trkpt>
   <trkpt lat="56.1369180" lon="10.1265430">
    <ele>2.8</ele>
   </trkpt>
   <trkpt lat="56.1369640" lon="10.1264520">
    <ele>3.0</ele>
   </trkpt>
   <trkpt lat="56.1370050" lon="10.1263600">
    <ele>3.0</ele>
   </trkpt>
   <trkpt lat="56.1370470" lon="10.1262670">
    <ele>3.0</ele>
   </trkpt>
   <trkpt lat="56.1370900" lon="10.1261710">
    <ele>3.0</ele>
   </trkpt>
   <trkpt lat="56.1371320" lon="10.1260790">
    <ele>3.2</ele>
   </trkpt>
   <trkpt lat="56.1371740" lon="10.1259870">
    <ele>3.2</ele>
   </trkpt>
   <trkpt lat="56.1372180" lon="10.1258950">
    <ele>3.4</ele>
   </trkpt>
   <trkpt lat="56.1372600" lon="10.1258050">
    <ele>3.4</ele>
   </trkpt>
   <trkpt lat="56.1373020" lon="10.1257100">
    <ele>3.6</ele>
   </trkpt>
   <trkpt lat="56.1373450" lon="10.1256120">
    <ele>3.6</ele>
   </trkpt>
   <trkpt lat="56.1373870" lon="10.1255170">
    <ele>3.8</ele>
   </trkpt>
   <trkpt lat="56.1374330" lon="10.1254270">
    <ele>3.8</ele>
   </trkpt>
   <trkpt lat="56.1374770" lon="10.1253390">
    <ele>4.0</ele>
   </trkpt>
   <trkpt lat="56.1375200" lon="10.1252430">
    <ele>4.0</ele>
   </trkpt>
   <trkpt lat="56.1375630" lon="10.1251520">
    <ele>4.0</ele>
   </trkpt>
   <trkpt lat="56.1376050" lon="10.1250670">
    <ele>4.0</ele>
   </trkpt>
   <trkpt lat="56.1376430" lon="10.1249740">
    <ele>4.0</ele>
   </trkpt>
   <trkpt lat="56.1376840" lon="10.1248810">
    <ele>4.0</ele>
   </trkpt>
   <trkpt lat="56.1377270" lon="10.1247900">
    <ele>4.2</ele>
   </trkpt>
   <trkpt lat="56.1377700" lon="10.1246990">
    <ele>4.4</ele>
   </trkpt>
   <trkpt lat="56.1378100" lon="10.1246030">
    <ele>5.0</ele>
   </trkpt>
   <trkpt lat="56.1378520" lon="10.1245090">
    <ele>5.2</ele>
   </trkpt>
   <trkpt lat="56.1378940" lon="10.1244120">
    <ele>5.2</ele>
   </trkpt>
   <trkpt lat="56.1379400" lon="10.1243240">
    <ele>5.2</ele>
   </trkpt>
   <trkpt lat="56.1379850" lon="10.1242370">
    <ele>5.2</ele>
   </trkpt>
   <trkpt lat="56.1380290" lon="10.1241530">
    <ele>5.2</ele>
   </trkpt>
   <trkpt lat="56.1380720" lon="10.1240640">
    <ele>5.2</ele>
   </trkpt>
   <trkpt lat="56.1381140" lon="10.1239670">
    <ele>5.2</ele>
   </trkpt>
   <trkpt lat="56.1381520" lon="10.1238750">
    <ele>5.2</ele>
   </trkpt>
   <trkpt lat="56.1381890" lon="10.1237820">
    <ele>5.4</ele>
   </trkpt>
   <trkpt lat="56.1382240" lon="10.1236790">
    <ele>5.4</ele>
   </trkpt>
   <trkpt lat="56.1382570" lon="10.1235770">
    <ele>5.4</ele>
   </trkpt>
   <trkpt lat="56.1382890" lon="10.1234690">
    <ele>5.6</ele>
   </trkpt>
   <trkpt lat="56.1383200" lon="10.1233620">
    <ele>6.0</ele>
   </trkpt>
   <trkpt lat="56.1383510" lon="10.1232500">
    <ele>6.2</ele>
   </trkpt>
   <trkpt lat="56.1383820" lon="10.1231490">
    <ele>6.4</ele>
   </trkpt>
   <trkpt lat="56.1384130" lon="10.1230560">
    <ele>6.4</ele>
   </trkpt>
   <trkpt lat="56.1384430" lon="10.1229560">
    <ele>6.4</ele>
   </trkpt>
   <trkpt lat="56.1384730" lon="10.1228450">
    <ele>6.6</ele>
   </trkpt>
   <trkpt lat="56.1385020" lon="10.1227310">
    <ele>6.6</ele>
   </trkpt>
   <trkpt lat="56.1385350" lon="10.1226250">
    <ele>6.6</ele>
   </trkpt>
   <trkpt lat="56.1385660" lon="10.1225180">
    <ele>6.6</ele>
   </trkpt>
   <trkpt lat="56.1385980" lon="10.1224070">
    <ele>6.6</ele>
   </trkpt>
   <trkpt lat="56.1386300" lon="10.1222970">
    <ele>6.8</ele>
   </trkpt>
   <trkpt lat="56.1386600" lon="10.1221920">
    <ele>6.8</ele>
   </trkpt>
   <trkpt lat="56.1386910" lon="10.1220820">
    <ele>6.8</ele>
   </trkpt>
   <trkpt lat="56.1387180" lon="10.1219660">
    <ele>6.8</ele>
   </trkpt>
   <trkpt lat="56.1387460" lon="10.1218530">
    <ele>6.8</ele>
   </trkpt>
   <trkpt lat="56.1387760" lon="10.1217450">
    <ele>6.8</ele>
   </trkpt>
   <trkpt lat="56.1388120" lon="10.1216560">
    <ele>6.8</ele>
   </trkpt>
   <trkpt lat="56.1388510" lon="10.1215770">
    <ele>6.6</ele>
   </trkpt>
   <trkpt lat="56.1388860" lon="10.1214940">
    <ele>6.6</ele>
   </trkpt>
   <trkpt lat="56.1389150" lon="10.1213810">
    <ele>6.4</ele>
   </trkpt>
   <trkpt lat="56.1389410" lon="10.1212630">
    <ele>6.2</ele>
   </trkpt>
   <trkpt lat="56.1389640" lon="10.1211420">
    <ele>6.2</ele>
   </trkpt>
   <trkpt lat="56.1389830" lon="10.1210160">
    <ele>6.0</ele>
   </trkpt>
   <trkpt lat="56.1390010" lon="10.1208920">
    <ele>6.0</ele>
   </trkpt>
   <trkpt lat="56.1390160" lon="10.1207600">
    <ele>6.0</ele>
   </trkpt>
   <trkpt lat="56.1390340" lon="10.1206300">
    <ele>6.0</ele>
   </trkpt>
   <trkpt lat="56.1390510" lon="10.1205040">
    <ele>6.0</ele>
   </trkpt>
   <trkpt lat="56.1390740" lon="10.1203830">
    <ele>6.0</ele>
   </trkpt>
   <trkpt lat="56.1390950" lon="10.1202570">
    <ele>5.8</ele>
   </trkpt>
   <trkpt lat="56.1391110" lon="10.1201360">
    <ele>5.8</ele>
   </trkpt>
   <trkpt lat="56.1391330" lon="10.1200250">
    <ele>5.8</ele>
   </trkpt>
   <trkpt lat="56.1391630" lon="10.1199120">
    <ele>5.8</ele>
   </trkpt>
   <trkpt lat="56.1392020" lon="10.1198110">
    <ele>5.8</ele>
   </trkpt>
   <trkpt lat="56.1392440" lon="10.1197090">
    <ele>5.8</ele>
   </trkpt>
   <trkpt lat="56.1392860" lon="10.1195940">
    <ele>5.8</ele>
   </trkpt>
   <trkpt lat="56.1393250" lon="10.1194810">
    <ele>5.6</ele>
   </trkpt>
   <trkpt lat="56.1393620" lon="10.1193750">
    <ele>5.6</ele>
   </trkpt>
   <trkpt lat="56.1394000" lon="10.1192760">
    <ele>5.6</ele>
   </trkpt>
   <trkpt lat="56.1394470" lon="10.1191990">
    <ele>5.6</ele>
   </trkpt>
   <trkpt lat="56.1395000" lon="10.1191450">
    <ele>5.4</ele>
   </trkpt>
   <trkpt lat="56.1395570" lon="10.1190900">
    <ele>5.4</ele>
   </trkpt>
   <trkpt lat="56.1396210" lon="10.1190360">
    <ele>5.4</ele>
   </trkpt>
   <trkpt lat="56.1396850" lon="10.1189840">
    <ele>5.2</ele>
   </trkpt>
   <trkpt lat="56.1397480" lon="10.1189430">
    <ele>5.2</ele>
   </trkpt>
   <trkpt lat="56.1398190" lon="10.1189170">
    <ele>5.0</ele>
   </trkpt>
   <trkpt lat="56.1398870" lon="10.1189080">
    <ele>5.0</ele>
   </trkpt>
   <trkpt lat="56.1399540" lon="10.1189240">
    <ele>4.8</ele>
   </trkpt>
   <trkpt lat="56.1400290" lon="10.1189580">
    <ele>4.8</ele>
   </trkpt>
   <trkpt lat="56.1400990" lon="10.1189980">
    <ele>4.8</ele>
   </trkpt>
   <trkpt lat="56.1401710" lon="10.1190420">
    <ele>4.8</ele>
   </trkpt>
   <trkpt lat="56.1402330" lon="10.1190800">
    <ele>4.6</ele>
   </trkpt>
   <trkpt lat="56.1402980" lon="10.1190990">
    <ele>4.4</ele>
   </trkpt>
   <trkpt lat="56.1403630" lon="10.1190900">
    <ele>4.2</ele>
   </trkpt>
   <trkpt lat="56.1404300" lon="10.1190530">
    <ele>4.2</ele>
   </trkpt>
   <trkpt lat="56.1404840" lon="10.1190010">
    <ele>4.0</ele>
   </trkpt>
   <trkpt lat="56.1405360" lon="10.1189160">
    <ele>4.0</ele>
   </trkpt>
   <trkpt lat="56.1405760" lon="10.1187930">
    <ele>3.8</ele>
   </trkpt>
   <trkpt lat="56.1406080" lon="10.1186670">
    <ele>3.8</ele>
   </trkpt>
   <trkpt lat="56.1406390" lon="10.1185200">
    <ele>3.6</ele>
   </trkpt>
   <trkpt lat="56.1406740" lon="10.1183730">
    <ele>3.6</ele>
   </trkpt>
   <trkpt lat="56.1407140" lon="10.1182430">
    <ele>3.6</ele>
   </trkpt>
   <trkpt lat="56.1407580" lon="10.1181250">
    <ele>3.6</ele>
   </trkpt>
   <trkpt lat="56.1408200" lon="10.1180110">
    <ele>3.6</ele>
   </trkpt>
   <trkpt lat="56.1408810" lon="10.1179140">
    <ele>3.6</ele>
   </trkpt>
   <trkpt lat="56.1409470" lon="10.1178190">
    <ele>3.6</ele>
   </trkpt>
   <trkpt lat="56.1410180" lon="10.1177530">
    <ele>3.6</ele>
   </trkpt>
   <trkpt lat="56.1410750" lon="10.1176860">
    <ele>3.6</ele>
   </trkpt>
   <trkpt lat="56.1411310" lon="10.1175980">
    <ele>3.6</ele>
   </trkpt>
   <trkpt lat="56.1411820" lon="10.1174850">
    <ele>3.6</ele>
   </trkpt>
   <trkpt lat="56.1412360" lon="10.1173710">
    <ele>3.6</ele>
   </trkpt>
   <trkpt lat="56.1412810" lon="10.1172520">
    <ele>3.4</ele>
   </trkpt>
   <trkpt lat="56.1413350" lon="10.1171400">
    <ele>3.2</ele>
   </trkpt>
   <trkpt lat="56.1414000" lon="10.1170520">
    <ele>3.2</ele>
   </trkpt>
   <trkpt lat="56.1414610" lon="10.1169670">
    <ele>3.2</ele>
   </trkpt>
   <trkpt lat="56.1415330" lon="10.1168780">
    <ele>3.2</ele>
   </trkpt>
   <trkpt lat="56.1415980" lon="10.1168050">
    <ele>3.2</ele>
   </trkpt>
   <trkpt lat="56.1416500" lon="10.1167060">
    <ele>3.2</ele>
   </trkpt>
   <trkpt lat="56.1417040" lon="10.1166210">
    <ele>3.2</ele>
   </trkpt>
   <trkpt lat="56.1417630" lon="10.1165350">
    <ele>3.2</ele>
   </trkpt>
   <trkpt lat="56.1418170" lon="10.1164520">
    <ele>3.2</ele>
   </trkpt>
   <trkpt lat="56.1418700" lon="10.1163630">
    <ele>3.2</ele>
   </trkpt>
   <trkpt lat="56.1419230" lon="10.1162720">
    <ele>3.2</ele>
   </trkpt>
   <trkpt lat="56.1419770" lon="10.1161890">
    <ele>3.4</ele>
   </trkpt>
   <trkpt lat="56.1420370" lon="10.1161040">
    <ele>3.4</ele>
   </trkpt>
   <trkpt lat="56.1420890" lon="10.1160190">
    <ele>3.4</ele>
   </trkpt>
   <trkpt lat="56.1421450" lon="10.1159380">
    <ele>3.4</ele>
   </trkpt>
   <trkpt lat="56.1422020" lon="10.1158650">
    <ele>3.4</ele>
   </trkpt>
   <trkpt lat="56.1422480" lon="10.1158030">
    <ele>3.4</ele>
   </trkpt>
   <trkpt lat="56.1422950" lon="10.1157410">
    <ele>3.4</ele>
   </trkpt>
   <trkpt lat="56.1423520" lon="10.1156720">
    <ele>3.2</ele>
   </trkpt>
   <trkpt lat="56.1424140" lon="10.1156080">
    <ele>3.0</ele>
   </trkpt>
   <trkpt lat="56.1424740" lon="10.1155360">
    <ele>2.8</ele>
   </trkpt>
   <trkpt lat="56.1425410" lon="10.1154600">
    <ele>2.6</ele>
   </trkpt>
   <trkpt lat="56.1426160" lon="10.1153920">
    <ele>2.6</ele>
   </trkpt>
   <trkpt lat="56.1426930" lon="10.1153250">
    <ele>2.6</ele>
   </trkpt>
   <trkpt lat="56.1427640" lon="10.1152650">
    <ele>2.6</ele>
   </trkpt>
   <trkpt lat="56.1428330" lon="10.1151920">
    <ele>2.6</ele>
   </trkpt>
   <trkpt lat="56.1428940" lon="10.1151060">
    <ele>2.6</ele>
   </trkpt>
   <trkpt lat="56.1429490" lon="10.1150190">
    <ele>2.6</ele>
   </trkpt>
   <trkpt lat="56.1430000" lon="10.1149260">
    <ele>2.4</ele>
   </trkpt>
   <trkpt lat="56.1430430" lon="10.1148210">
    <ele>2.4</ele>
   </trkpt>
   <trkpt lat="56.1430820" lon="10.1147000">
    <ele>2.2</ele>
   </trkpt>
   <trkpt lat="56.1431170" lon="10.1145650">
    <ele>2.2</ele>
   </trkpt>
   <trkpt lat="56.1431510" lon="10.1144300">
    <ele>2.0</ele>
   </trkpt>
   <trkpt lat="56.1431820" lon="10.1142830">
    <ele>1.8</ele>
   </trkpt>
   <trkpt lat="56.1432130" lon="10.1141430">
    <ele>1.6</ele>
   </trkpt>
   <trkpt lat="56.1432430" lon="10.1139990">
    <ele>1.4</ele>
   </trkpt>
   <trkpt lat="56.1432690" lon="10.1138630">
    <ele>1.4</ele>
   </trkpt>
   <trkpt lat="56.1432990" lon="10.1137310">
    <ele>1.2</ele>
   </trkpt>
   <trkpt lat="56.1433260" lon="10.1136100">
    <ele>1.2</ele>
   </trkpt>
   <trkpt lat="56.1433550" lon="10.1134810">
    <ele>1.2</ele>
   </trkpt>
   <trkpt lat="56.1433760" lon="10.1133370">
    <ele>1.2</ele>
   </trkpt>
   <trkpt lat="56.1434010" lon="10.1132090">
    <ele>1.2</ele>
   </trkpt>
   <trkpt lat="56.1434190" lon="10.1130570">
    <ele>1.0</ele>
   </trkpt>
   <trkpt lat="56.1434240" lon="10.1128960">
    <ele>0.8</ele>
   </trkpt>
   <trkpt lat="56.1434220" lon="10.1127540">
    <ele>0.6</ele>
   </trkpt>
   <trkpt lat="56.1434220" lon="10.1126130">
    <ele>0.6</ele>
   </trkpt>
   <trkpt lat="56.1434260" lon="10.1124770">
    <ele>0.4</ele>
   </trkpt>
   <trkpt lat="56.1434290" lon="10.1123480">
    <ele>0.4</ele>
   </trkpt>
   <trkpt lat="56.1434340" lon="10.1122180">
    <ele>0.4</ele>
   </trkpt>
   <trkpt lat="56.1434360" lon="10.1120760">
    <ele>0.4</ele>
   </trkpt>
   <trkpt lat="56.1434380" lon="10.1119500">
    <ele>0.6</ele>
   </trkpt>
   <trkpt lat="56.1434410" lon="10.1118290">
    <ele>1.0</ele>
   </trkpt>
   <trkpt lat="56.1434460" lon="10.1117080">
    <ele>1.0</ele>
   </trkpt>
   <trkpt lat="56.1434520" lon="10.1115900">
    <ele>1.0</ele>
   </trkpt>
   <trkpt lat="56.1434560" lon="10.1114710">
    <ele>1.0</ele>
   </trkpt>
   <trkpt lat="56.1434600" lon="10.1113550">
    <ele>1.0</ele>
   </trkpt>
   <trkpt lat="56.1434660" lon="10.1112420">
    <ele>1.2</ele>
   </trkpt>
   <trkpt lat="56.1434700" lon="10.1111280">
    <ele>1.4</ele>
   </trkpt>
   <trkpt lat="56.1434730" lon="10.1110170">
    <ele>1.6</ele>
   </trkpt>
   <trkpt lat="56.1434760" lon="10.1109040">
    <ele>2.2</ele>
   </trkpt>
   <trkpt lat="56.1434810" lon="10.1107930">
    <ele>2.6</ele>
   </trkpt>
   <trkpt lat="56.1434870" lon="10.1106860">
    <ele>2.8</ele>
   </trkpt>
   <trkpt lat="56.1434910" lon="10.1105780">
    <ele>2.8</ele>
   </trkpt>
   <trkpt lat="56.1434940" lon="10.1104700">
    <ele>3.0</ele>
   </trkpt>
   <trkpt lat="56.1434960" lon="10.1103570">
    <ele>3.2</ele>
   </trkpt>
   <trkpt lat="56.1435010" lon="10.1102470">
    <ele>3.2</ele>
   </trkpt>
   <trkpt lat="56.1435050" lon="10.1101360">
    <ele>3.4</ele>
   </trkpt>
   <trkpt lat="56.1435090" lon="10.1100220">
    <ele>3.6</ele>
   </trkpt>
   <trkpt lat="56.1435160" lon="10.1099100">
    <ele>3.6</ele>
   </trkpt>
   <trkpt lat="56.1435210" lon="10.1097970">
    <ele>3.8</ele>
   </trkpt>
   <trkpt lat="56.1435290" lon="10.1096880">
    <ele>3.6</ele>
   </trkpt>
   <trkpt lat="56.1435380" lon="10.1095770">
    <ele>3.6</ele>
   </trkpt>
   <trkpt lat="56.1435480" lon="10.1094630">
    <ele>3.6</ele>
   </trkpt>
   <trkpt lat="56.1435580" lon="10.1093490">
    <ele>3.6</ele>
   </trkpt>
   <trkpt lat="56.1435660" lon="10.1092310">
    <ele>3.6</ele>
   </trkpt>
   <trkpt lat="56.1435760" lon="10.1091150">
    <ele>3.6</ele>
   </trkpt>
   <trkpt lat="56.1435870" lon="10.1089940">
    <ele>3.4</ele>
   </trkpt>
   <trkpt lat="56.1435990" lon="10.1088710">
    <ele>3.4</ele>
   </trkpt>
   <trkpt lat="56.1436080" lon="10.1087450">
    <ele>3.4</ele>
   </trkpt>
   <trkpt lat="56.1436190" lon="10.1086170">
    <ele>3.2</ele>
   </trkpt>
   <trkpt lat="56.1436300" lon="10.1084880">
    <ele>3.2</ele>
   </trkpt>
   <trkpt lat="56.1436430" lon="10.1083620">
    <ele>3.2</ele>
   </trkpt>
   <trkpt lat="56.1436530" lon="10.1082350">
    <ele>3.2</ele>
   </trkpt>
   <trkpt lat="56.1436630" lon="10.1081090">
    <ele>3.2</ele>
   </trkpt>
   <trkpt lat="56.1436740" lon="10.1079860">
    <ele>3.2</ele>
   </trkpt>
   <trkpt lat="56.1436840" lon="10.1078590">
    <ele>3.4</ele>
   </trkpt>
   <trkpt lat="56.1436930" lon="10.1077350">
    <ele>3.4</ele>
   </trkpt>
   <trkpt lat="56.1437030" lon="10.1076190">
    <ele>3.4</ele>
   </trkpt>
   <trkpt lat="56.1437170" lon="10.1075110">
    <ele>3.6</ele>
   </trkpt>
   <trkpt lat="56.1437330" lon="10.1074120">
    <ele>3.6</ele>
   </trkpt>
   <trkpt lat="56.1437480" lon="10.1073070">
    <ele>3.6</ele>
   </trkpt>
   <trkpt lat="56.1437590" lon="10.1071930">
    <ele>3.6</ele>
   </trkpt>
   <trkpt lat="56.1437680" lon="10.1070770">
    <ele>3.6</ele>
   </trkpt>
   <trkpt lat="56.1437760" lon="10.1069500">
    <ele>3.6</ele>
   </trkpt>
   <trkpt lat="56.1437740" lon="10.1068130">
    <ele>3.6</ele>
   </trkpt>
   <trkpt lat="56.1437720" lon="10.1066810">
    <ele>3.8</ele>
   </trkpt>
   <trkpt lat="56.1437690" lon="10.1065470">
    <ele>3.8</ele>
   </trkpt>
   <trkpt lat="56.1437590" lon="10.1064150">
    <ele>4.0</ele>
   </trkpt>
   <trkpt lat="56.1437560" lon="10.1062910">
    <ele>4.0</ele>
   </trkpt>
   <trkpt lat="56.1437690" lon="10.1061790">
    <ele>4.2</ele>
   </trkpt>
   <trkpt lat="56.1438010" lon="10.1060860">
    <ele>4.2</ele>
   </trkpt>
   <trkpt lat="56.1438340" lon="10.1059920">
    <ele>4.2</ele>
   </trkpt>
   <trkpt lat="56.1438640" lon="10.1058650">
    <ele>4.2</ele>
   </trkpt>
   <trkpt lat="56.1438790" lon="10.1057300">
    <ele>4.2</ele>
   </trkpt>
   <trkpt lat="56.1438950" lon="10.1056180">
    <ele>4.0</ele>
   </trkpt>
   <trkpt lat="56.1439020" lon="10.1054840">
    <ele>3.8</ele>
   </trkpt>
   <trkpt lat="56.1439040" lon="10.1053450">
    <ele>3.8</ele>
   </trkpt>
   <trkpt lat="56.1438950" lon="10.1052230">
    <ele>3.8</ele>
   </trkpt>
   <trkpt lat="56.1438850" lon="10.1051100">
    <ele>3.8</ele>
   </trkpt>
   <trkpt lat="56.1438740" lon="10.1049790">
    <ele>3.8</ele>
   </trkpt>
   <trkpt lat="56.1438650" lon="10.1048600">
    <ele>4.0</ele>
   </trkpt>
   <trkpt lat="56.1438680" lon="10.1047400">
    <ele>4.0</ele>
   </trkpt>
   <trkpt lat="56.1438670" lon="10.1046130">
    <ele>4.2</ele>
   </trkpt>
   <trkpt lat="56.1438710" lon="10.1045050">
    <ele>4.2</ele>
   </trkpt>
   <trkpt lat="56.1438600" lon="10.1043710">
    <ele>4.2</ele>
   </trkpt>
   <trkpt lat="56.1438570" lon="10.1042450">
    <ele>4.4</ele>
   </trkpt>
   <trkpt lat="56.1438560" lon="10.1040950">
    <ele>4.4</ele>
   </trkpt>
   <trkpt lat="56.1438590" lon="10.1039500">
    <ele>4.6</ele>
   </trkpt>
   <trkpt lat="56.1438640" lon="10.1037990">
    <ele>4.8</ele>
   </trkpt>
   <trkpt lat="56.1438640" lon="10.1036620">
    <ele>5.0</ele>
   </trkpt>
   <trkpt lat="56.1438690" lon="10.1035390">
    <ele>5.0</ele>
   </trkpt>
   <trkpt lat="56.1438800" lon="10.1034090">
    <ele>5.2</ele>
   </trkpt>
   <trkpt lat="56.1438890" lon="10.1032870">
    <ele>5.2</ele>
   </trkpt>
   <trkpt lat="56.1439050" lon="10.1031640">
    <ele>5.2</ele>
   </trkpt>
   <trkpt lat="56.1439370" lon="10.1030590">
    <ele>5.2</ele>
   </trkpt>
   <trkpt lat="56.1439790" lon="10.1029590">
    <ele>5.2</ele>
   </trkpt>
   <trkpt lat="56.1440220" lon="10.1028620">
    <ele>5.2</ele>
   </trkpt>
   <trkpt lat="56.1440530" lon="10.1027790">
    <ele>5.0</ele>
   </trkpt>
   <trkpt lat="56.1440850" lon="10.1027150">
    <ele>4.8</ele>
   </trkpt>
   <trkpt lat="56.1441060" lon="10.1025850">
    <ele>4.8</ele>
   </trkpt>
   <trkpt lat="56.1441210" lon="10.1024440">
    <ele>4.6</ele>
   </trkpt>
   <trkpt lat="56.1441360" lon="10.1023140">
    <ele>4.4</ele>
   </trkpt>
   <trkpt lat="56.1441420" lon="10.1021840">
    <ele>4.2</ele>
   </trkpt>
   <trkpt lat="56.1441440" lon="10.1020410">
    <ele>4.2</ele>
   </trkpt>
   <trkpt lat="56.1441510" lon="10.1019090">
    <ele>4.0</ele>
   </trkpt>
   <trkpt lat="56.1441540" lon="10.1017710">
    <ele>3.8</ele>
   </trkpt>
   <trkpt lat="56.1441580" lon="10.1016370">
    <ele>3.6</ele>
   </trkpt>
   <trkpt lat="56.1441630" lon="10.1015160">
    <ele>3.4</ele>
   </trkpt>
   <trkpt lat="56.1441670" lon="10.1013880">
    <ele>3.4</ele>
   </trkpt>
   <trkpt lat="56.1441650" lon="10.1012510">
    <ele>3.2</ele>
   </trkpt>
   <trkpt lat="56.1441610" lon="10.1011160">
    <ele>3.2</ele>
   </trkpt>
   <trkpt lat="56.1441560" lon="10.1009830">
    <ele>3.2</ele>
   </trkpt>
   <trkpt lat="56.1441480" lon="10.1008500">
    <ele>3.2</ele>
   </trkpt>
   <trkpt lat="56.1441390" lon="10.1007210">
    <ele>2.8</ele>
   </trkpt>
   <trkpt lat="56.1441290" lon="10.1005890">
    <ele>2.4</ele>
   </trkpt>
   <trkpt lat="56.1441160" lon="10.1004590">
    <ele>2.4</ele>
   </trkpt>
   <trkpt lat="56.1441000" lon="10.1003200">
    <ele>2.4</ele>
   </trkpt>
   <trkpt lat="56.1440840" lon="10.1001970">
    <ele>2.4</ele>
   </trkpt>
   <trkpt lat="56.1440690" lon="10.1000780">
    <ele>2.4</ele>
   </trkpt>
   <trkpt lat="56.1440520" lon="10.0999620">
    <ele>2.4</ele>
   </trkpt>
   <trkpt lat="56.1440360" lon="10.0998490">
    <ele>2.6</ele>
   </trkpt>
   <trkpt lat="56.1440190" lon="10.0997380">
    <ele>2.6</ele>
   </trkpt>
   <trkpt lat="56.1440030" lon="10.0996270">
    <ele>2.8</ele>
   </trkpt>
   <trkpt lat="56.1439880" lon="10.0995190">
    <ele>2.8</ele>
   </trkpt>
   <trkpt lat="56.1439740" lon="10.0994150">
    <ele>3.0</ele>
   </trkpt>
   <trkpt lat="56.1439590" lon="10.0993130">
    <ele>3.2</ele>
   </trkpt>
   <trkpt lat="56.1439420" lon="10.0992130">
    <ele>3.4</ele>
   </trkpt>
   <trkpt lat="56.1439270" lon="10.0991140">
    <ele>3.6</ele>
   </trkpt>
   <trkpt lat="56.1439130" lon="10.0990130">
    <ele>4.0</ele>
   </trkpt>
   <trkpt lat="56.1438980" lon="10.0989100">
    <ele>4.2</ele>
   </trkpt>
   <trkpt lat="56.1438820" lon="10.0988050">
    <ele>4.6</ele>
   </trkpt>
   <trkpt lat="56.1438650" lon="10.0987010">
    <ele>4.6</ele>
   </trkpt>
   <trkpt lat="56.1438480" lon="10.0986000">
    <ele>4.8</ele>
   </trkpt>
   <trkpt lat="56.1438310" lon="10.0985000">
    <ele>4.8</ele>
   </trkpt>
   <trkpt lat="56.1438130" lon="10.0983980">
    <ele>5.0</ele>
   </trkpt>
   <trkpt lat="56.1437940" lon="10.0982960">
    <ele>4.8</ele>
   </trkpt>
   <trkpt lat="56.1437730" lon="10.0981930">
    <ele>4.8</ele>
   </trkpt>
   <trkpt lat="56.1437530" lon="10.0980930">
    <ele>5.0</ele>
   </trkpt>
   <trkpt lat="56.1437320" lon="10.0979930">
    <ele>4.8</ele>
   </trkpt>
   <trkpt lat="56.1437110" lon="10.0978920">
    <ele>4.8</ele>
   </trkpt>
   <trkpt lat="56.1436860" lon="10.0977960">
    <ele>4.6</ele>
   </trkpt>
   <trkpt lat="56.1436620" lon="10.0977010">
    <ele>4.6</ele>
   </trkpt>
   <trkpt lat="56.1436370" lon="10.0976060">
    <ele>4.6</ele>
   </trkpt>
   <trkpt lat="56.1436150" lon="10.0975120">
    <ele>4.6</ele>
   </trkpt>
   <trkpt lat="56.1435910" lon="10.0974160">
    <ele>4.6</ele>
   </trkpt>
   <trkpt lat="56.1435690" lon="10.0973200">
    <ele>4.6</ele>
   </trkpt>
   <trkpt lat="56.1435440" lon="10.0972220">
    <ele>4.8</ele>
   </trkpt>
   <trkpt lat="56.1435180" lon="10.0971220">
    <ele>4.8</ele>
   </trkpt>
   <trkpt lat="56.1434940" lon="10.0970230">
    <ele>5.0</ele>
   </trkpt>
   <trkpt lat="56.1434710" lon="10.0969270">
    <ele>5.0</ele>
   </trkpt>
   <trkpt lat="56.1434490" lon="10.0968320">
    <ele>5.0</ele>
   </trkpt>
   <trkpt lat="56.1434260" lon="10.0967390">
    <ele>5.0</ele>
   </trkpt>
   <trkpt lat="56.1434010" lon="10.0966500">
    <ele>5.2</ele>
   </trkpt>
   <trkpt lat="56.1433780" lon="10.0965640">
    <ele>5.2</ele>
   </trkpt>
   <trkpt lat="56.1433540" lon="10.0964760">
    <ele>5.2</ele>
   </trkpt>
   <trkpt lat="56.1433280" lon="10.0963890">
    <ele>5.6</ele>
   </trkpt>
   <trkpt lat="56.1433010" lon="10.0963060">
    <ele>5.8</ele>
   </trkpt>
   <trkpt lat="56.1432750" lon="10.0962230">
    <ele>5.8</ele>
   </trkpt>
   <trkpt lat="56.1432480" lon="10.0961370">
    <ele>6.0</ele>
   </trkpt>
   <trkpt lat="56.1432200" lon="10.0960520">
    <ele>6.2</ele>
   </trkpt>
   <trkpt lat="56.1431900" lon="10.0959710">
    <ele>6.4</ele>
   </trkpt>
   <trkpt lat="56.1431580" lon="10.0958890">
    <ele>6.6</ele>
   </trkpt>
   <trkpt lat="56.1431260" lon="10.0958080">
    <ele>6.8</ele>
   </trkpt>
   <trkpt lat="56.1430940" lon="10.0957240">
    <ele>6.8</ele>
   </trkpt>
   <trkpt lat="56.1430610" lon="10.0956420">
    <ele>6.8</ele>
   </trkpt>
   <trkpt lat="56.1430260" lon="10.0955570">
    <ele>6.8</ele>
   </trkpt>
   <trkpt lat="56.1429910" lon="10.0954710">
    <ele>6.8</ele>
   </trkpt>
   <trkpt lat="56.1429530" lon="10.0953840">
    <ele>6.8</ele>
   </trkpt>
   <trkpt lat="56.1429140" lon="10.0952980">
    <ele>6.6</ele>
   </trkpt>
   <trkpt lat="56.1428740" lon="10.0952180">
    <ele>6.6</ele>
   </trkpt>
   <trkpt lat="56.1428340" lon="10.0951300">
    <ele>6.4</ele>
   </trkpt>
   <trkpt lat="56.1427930" lon="10.0950390">
    <ele>6.4</ele>
   </trkpt>
   <trkpt lat="56.1427540" lon="10.0949510">
    <ele>6.4</ele>
   </trkpt>
   <trkpt lat="56.1427180" lon="10.0948610">
    <ele>6.2</ele>
   </trkpt>
   <trkpt lat="56.1426820" lon="10.0947700">
    <ele>6.2</ele>
   </trkpt>
   <trkpt lat="56.1426460" lon="10.0946730">
    <ele>6.0</ele>
   </trkpt>
   <trkpt lat="56.1426110" lon="10.0945680">
    <ele>6.0</ele>
   </trkpt>
   <trkpt lat="56.1425760" lon="10.0944580">
    <ele>5.8</ele>
   </trkpt>
   <trkpt lat="56.1425460" lon="10.0943440">
    <ele>5.4</ele>
   </trkpt>
   <trkpt lat="56.1425170" lon="10.0942290">
    <ele>5.4</ele>
   </trkpt>
   <trkpt lat="56.1424910" lon="10.0941110">
    <ele>5.0</ele>
   </trkpt>
   <trkpt lat="56.1424670" lon="10.0939930">
    <ele>5.0</ele>
   </trkpt>
   <trkpt lat="56.1424460" lon="10.0938730">
    <ele>4.8</ele>
   </trkpt>
   <trkpt lat="56.1424280" lon="10.0937530">
    <ele>4.6</ele>
   </trkpt>
   <trkpt lat="56.1424110" lon="10.0936340">
    <ele>4.6</ele>
   </trkpt>
   <trkpt lat="56.1423970" lon="10.0935180">
    <ele>4.6</ele>
   </trkpt>
   <trkpt lat="56.1423880" lon="10.0934000">
    <ele>4.4</ele>
   </trkpt>
   <trkpt lat="56.1423840" lon="10.0932820">
    <ele>4.4</ele>
   </trkpt>
   <trkpt lat="56.1423800" lon="10.0931640">
    <ele>4.4</ele>
   </trkpt>
   <trkpt lat="56.1423740" lon="10.0930490">
    <ele>4.4</ele>
   </trkpt>
   <trkpt lat="56.1423670" lon="10.0929330">
    <ele>4.4</ele>
   </trkpt>
   <trkpt lat="56.1423600" lon="10.0928180">
    <ele>4.2</ele>
   </trkpt>
   <trkpt lat="56.1423540" lon="10.0927040">
    <ele>4.2</ele>
   </trkpt>
   <trkpt lat="56.1423510" lon="10.0925900">
    <ele>4.0</ele>
   </trkpt>
   <trkpt lat="56.1423480" lon="10.0924780">
    <ele>3.6</ele>
   </trkpt>
   <trkpt lat="56.1423450" lon="10.0923690">
    <ele>3.4</ele>
   </trkpt>
   <trkpt lat="56.1423410" lon="10.0922550">
    <ele>3.2</ele>
   </trkpt>
   <trkpt lat="56.1423360" lon="10.0921390">
    <ele>3.2</ele>
   </trkpt>
   <trkpt lat="56.1423300" lon="10.0920210">
    <ele>3.2</ele>
   </trkpt>
   <trkpt lat="56.1423200" lon="10.0919070">
    <ele>3.2</ele>
   </trkpt>
   <trkpt lat="56.1423030" lon="10.0917950">
    <ele>3.0</ele>
   </trkpt>
   <trkpt lat="56.1422780" lon="10.0916900">
    <ele>3.0</ele>
   </trkpt>
   <trkpt lat="56.1422470" lon="10.0915920">
    <ele>3.0</ele>
   </trkpt>
   <trkpt lat="56.1422090" lon="10.0915040">
    <ele>3.0</ele>
   </trkpt>
   <trkpt lat="56.1421680" lon="10.0914210">
    <ele>3.0</ele>
   </trkpt>
   <trkpt lat="56.1421290" lon="10.0913360">
    <ele>3.2</ele>
   </trkpt>
   <trkpt lat="56.1420910" lon="10.0912520">
    <ele>3.2</ele>
   </trkpt>
   <trkpt lat="56.1420530" lon="10.0911660">
    <ele>3.2</ele>
   </trkpt>
   <trkpt lat="56.1420150" lon="10.0910810">
    <ele>3.6</ele>
   </trkpt>
   <trkpt lat="56.1419770" lon="10.0909970">
    <ele>3.6</ele>
   </trkpt>
   <trkpt lat="56.1419430" lon="10.0909120">
    <ele>3.8</ele>
   </trkpt>
   <trkpt lat="56.1419120" lon="10.0908230">
    <ele>3.8</ele>
   </trkpt>
   <trkpt lat="56.1418840" lon="10.0907310">
    <ele>3.8</ele>
   </trkpt>
   <trkpt lat="56.1418580" lon="10.0906390">
    <ele>3.8</ele>
   </trkpt>
   <trkpt lat="56.1418370" lon="10.0905430">
    <ele>3.8</ele>
   </trkpt>
   <trkpt lat="56.1418170" lon="10.0904460">
    <ele>3.8</ele>
   </trkpt>
   <trkpt lat="56.1417950" lon="10.0903490">
    <ele>3.8</ele>
   </trkpt>
   <trkpt lat="56.1417750" lon="10.0902530">
    <ele>3.8</ele>
   </trkpt>
   <trkpt lat="56.1417570" lon="10.0901540">
    <ele>3.8</ele>
   </trkpt>
   <trkpt lat="56.1417410" lon="10.0900550">
    <ele>3.8</ele>
   </trkpt>
   <trkpt lat="56.1417240" lon="10.0899590">
    <ele>3.8</ele>
   </trkpt>
   <trkpt lat="56.1417030" lon="10.0898660">
    <ele>4.2</ele>
   </trkpt>
   <trkpt lat="56.1416770" lon="10.0897820">
    <ele>4.2</ele>
   </trkpt>
   <trkpt lat="56.1416470" lon="10.0897100">
    <ele>4.4</ele>
   </trkpt>
   <trkpt lat="56.1416100" lon="10.0896580">
    <ele>4.8</ele>
   </trkpt>
   <trkpt lat="56.1415720" lon="10.0896250">
    <ele>5.6</ele>
   </trkpt>
   <trkpt lat="56.1415300" lon="10.0896100">
    <ele>5.8</ele>
   </trkpt>
   <trkpt lat="56.1414840" lon="10.0896080">
    <ele>6.6</ele>
   </trkpt>
   <trkpt lat="56.1414380" lon="10.0896140">
    <ele>7.0</ele>
   </trkpt>
   <trkpt lat="56.1413940" lon="10.0896240">
    <ele>7.2</ele>
   </trkpt>
   <trkpt lat="56.1413490" lon="10.0896340">
    <ele>7.8</ele>
   </trkpt>
   <trkpt lat="56.1413030" lon="10.0896400">
    <ele>8.2</ele>
   </trkpt>
   <trkpt lat="56.1412560" lon="10.0896490">
    <ele>8.6</ele>
   </trkpt>
   <trkpt lat="56.1412100" lon="10.0896580">
    <ele>9.0</ele>
   </trkpt>
   <trkpt lat="56.1411660" lon="10.0896680">
    <ele>9.2</ele>
   </trkpt>
   <trkpt lat="56.1411240" lon="10.0896790">
    <ele>9.2</ele>
   </trkpt>
   <trkpt lat="56.1410830" lon="10.0896850">
    <ele>9.6</ele>
   </trkpt>
   <trkpt lat="56.1410400" lon="10.0896860">
    <ele>10.0</ele>
   </trkpt>
   <trkpt lat="56.1409990" lon="10.0896900">
    <ele>10.2</ele>
   </trkpt>
   <trkpt lat="56.1409580" lon="10.0896960">
    <ele>10.2</ele>
   </trkpt>
   <trkpt lat="56.1409170" lon="10.0897020">
    <ele>10.4</ele>
   </trkpt>
   <trkpt lat="56.1408750" lon="10.0897080">
    <ele>10.6</ele>
   </trkpt>
   <trkpt lat="56.1408310" lon="10.0897130">
    <ele>10.8</ele>
   </trkpt>
   <trkpt lat="56.1407880" lon="10.0897210">
    <ele>11.0</ele>
   </trkpt>
   <trkpt lat="56.1407450" lon="10.0897260">
    <ele>11.2</ele>
   </trkpt>
   <trkpt lat="56.1407040" lon="10.0897340">
    <ele>11.6</ele>
   </trkpt>
   <trkpt lat="56.1406620" lon="10.0897450">
    <ele>11.8</ele>
   </trkpt>
   <trkpt lat="56.1406220" lon="10.0897520">
    <ele>11.8</ele>
   </trkpt>
   <trkpt lat="56.1405830" lon="10.0897610">
    <ele>12.2</ele>
   </trkpt>
   <trkpt lat="56.1405460" lon="10.0897780">
    <ele>12.4</ele>
   </trkpt>
   <trkpt lat="56.1405110" lon="10.0898000">
    <ele>12.6</ele>
   </trkpt>
   <trkpt lat="56.1404800" lon="10.0898020">
    <ele>12.8</ele>
   </trkpt>
   <trkpt lat="56.1404550" lon="10.0897730">
    <ele>13.0</ele>
   </trkpt>
   <trkpt lat="56.1404340" lon="10.0897320">
    <ele>13.0</ele>
   </trkpt>
   <trkpt lat="56.1404170" lon="10.0896730">
    <ele>13.0</ele>
   </trkpt>
   <trkpt lat="56.1404080" lon="10.0895950">
    <ele>13.0</ele>
   </trkpt>
   <trkpt lat="56.1404010" lon="10.0895090">
    <ele>13.0</ele>
   </trkpt>
   <trkpt lat="56.1403940" lon="10.0894200">
    <ele>12.8</ele>
   </trkpt>
   <trkpt lat="56.1403890" lon="10.0893310">
    <ele>12.6</ele>
   </trkpt>
   <trkpt lat="56.1403810" lon="10.0892390">
    <ele>12.4</ele>
   </trkpt>
   <trkpt lat="56.1403710" lon="10.0891490">
    <ele>12.4</ele>
   </trkpt>
   <trkpt lat="56.1403620" lon="10.0890590">
    <ele>12.4</ele>
   </trkpt>
   <trkpt lat="56.1403540" lon="10.0889690">
    <ele>12.2</ele>
   </trkpt>
   <trkpt lat="56.1403450" lon="10.0888760">
    <ele>12.2</ele>
   </trkpt>
   <trkpt lat="56.1403350" lon="10.0887830">
    <ele>12.0</ele>
   </trkpt>
   <trkpt lat="56.1403280" lon="10.0886910">
    <ele>11.8</ele>
   </trkpt>
   <trkpt lat="56.1403180" lon="10.0885960">
    <ele>11.8</ele>
   </trkpt>
   <trkpt lat="56.1403090" lon="10.0884980">
    <ele>11.6</ele>
   </trkpt>
   <trkpt lat="56.1402970" lon="10.0883940">
    <ele>11.6</ele>
   </trkpt>
   <trkpt lat="56.1402860" lon="10.0882890">
    <ele>11.6</ele>
   </trkpt>
   <trkpt lat="56.1402760" lon="10.0881800">
    <ele>11.4</ele>
   </trkpt>
   <trkpt lat="56.1402640" lon="10.0880690">
    <ele>11.0</ele>
   </trkpt>
   <trkpt lat="56.1402530" lon="10.0879610">
    <ele>10.8</ele>
   </trkpt>
   <trkpt lat="56.1402400" lon="10.0878540">
    <ele>10.2</ele>
   </trkpt>
   <trkpt lat="56.1402270" lon="10.0877480">
    <ele>9.8</ele>
   </trkpt>
   <trkpt lat="56.1402130" lon="10.0876410">
    <ele>9.2</ele>
   </trkpt>
   <trkpt lat="56.1402000" lon="10.0875310">
    <ele>9.0</ele>
   </trkpt>
   <trkpt lat="56.1401890" lon="10.0874160">
    <ele>9.0</ele>
   </trkpt>
   <trkpt lat="56.1401780" lon="10.0872980">
    <ele>8.8</ele>
   </trkpt>
   <trkpt lat="56.1401650" lon="10.0871750">
    <ele>8.8</ele>
   </trkpt>
   <trkpt lat="56.1401520" lon="10.0870550">
    <ele>8.6</ele>
   </trkpt>
   <trkpt lat="56.1401430" lon="10.0869350">
    <ele>8.4</ele>
   </trkpt>
   <trkpt lat="56.1401320" lon="10.0868130">
    <ele>8.2</ele>
   </trkpt>
   <trkpt lat="56.1401190" lon="10.0866870">
    <ele>8.2</ele>
   </trkpt>
   <trkpt lat="56.1401060" lon="10.0865590">
    <ele>8.0</ele>
   </trkpt>
   <trkpt lat="56.1400910" lon="10.0864290">
    <ele>7.8</ele>
   </trkpt>
   <trkpt lat="56.1400760" lon="10.0862930">
    <ele>7.6</ele>
   </trkpt>
   <trkpt lat="56.1400580" lon="10.0861570">
    <ele>7.6</ele>
   </trkpt>
   <trkpt lat="56.1400400" lon="10.0860240">
    <ele>7.6</ele>
   </trkpt>
   <trkpt lat="56.1400250" lon="10.0858900">
    <ele>7.4</ele>
   </trkpt>
   <trkpt lat="56.1400090" lon="10.0857590">
    <ele>7.4</ele>
   </trkpt>
   <trkpt lat="56.1399940" lon="10.0856320">
    <ele>7.4</ele>
   </trkpt>
   <trkpt lat="56.1399790" lon="10.0855050">
    <ele>7.2</ele>
   </trkpt>
   <trkpt lat="56.1399640" lon="10.0853800">
    <ele>7.2</ele>
   </trkpt>
   <trkpt lat="56.1399480" lon="10.0852540">
    <ele>7.2</ele>
   </trkpt>
   <trkpt lat="56.1399310" lon="10.0851260">
    <ele>7.2</ele>
   </trkpt>
   <trkpt lat="56.1399130" lon="10.0850010">
    <ele>7.2</ele>
   </trkpt>
   <trkpt lat="56.1398930" lon="10.0848810">
    <ele>7.6</ele>
   </trkpt>
   <trkpt lat="56.1398730" lon="10.0847640">
    <ele>8.0</ele>
   </trkpt>
   <trkpt lat="56.1398520" lon="10.0846460">
    <ele>8.2</ele>
   </trkpt>
   <trkpt lat="56.1398320" lon="10.0845310">
    <ele>8.4</ele>
   </trkpt>
   <trkpt lat="56.1398140" lon="10.0844190">
    <ele>8.6</ele>
   </trkpt>
   <trkpt lat="56.1397910" lon="10.0843020">
    <ele>8.8</ele>
   </trkpt>
   <trkpt lat="56.1397680" lon="10.0841820">
    <ele>8.8</ele>
   </trkpt>
   <trkpt lat="56.1397440" lon="10.0840650">
    <ele>8.8</ele>
   </trkpt>
   <trkpt lat="56.1397180" lon="10.0839480">
    <ele>8.8</ele>
   </trkpt>
   <trkpt lat="56.1396920" lon="10.0838330">
    <ele>8.8</ele>
   </trkpt>
   <trkpt lat="56.1396660" lon="10.0837160">
    <ele>8.6</ele>
   </trkpt>
   <trkpt lat="56.1396410" lon="10.0835990">
    <ele>8.6</ele>
   </trkpt>
   <trkpt lat="56.1396140" lon="10.0834820">
    <ele>8.6</ele>
   </trkpt>
   <trkpt lat="56.1395920" lon="10.0833720">
    <ele>8.6</ele>
   </trkpt>
   <trkpt lat="56.1395720" lon="10.0832680">
    <ele>8.6</ele>
   </trkpt>
   <trkpt lat="56.1395470" lon="10.0831640">
    <ele>8.6</ele>
   </trkpt>
   <trkpt lat="56.1395210" lon="10.0830700">
    <ele>8.6</ele>
   </trkpt>
   <trkpt lat="56.1394890" lon="10.0829790">
    <ele>8.6</ele>
   </trkpt>
   <trkpt lat="56.1394580" lon="10.0828890">
    <ele>8.6</ele>
   </trkpt>
   <trkpt lat="56.1394320" lon="10.0828000">
    <ele>8.6</ele>
   </trkpt>
   <trkpt lat="56.1394040" lon="10.0827030">
    <ele>8.6</ele>
   </trkpt>
   <trkpt lat="56.1393700" lon="10.0825940">
    <ele>8.6</ele>
   </trkpt>
   <trkpt lat="56.1393420" lon="10.0824990">
    <ele>8.8</ele>
   </trkpt>
   <trkpt lat="56.1393160" lon="10.0824050">
    <ele>9.6</ele>
   </trkpt>
   <trkpt lat="56.1392890" lon="10.0823060">
    <ele>10.0</ele>
   </trkpt>
   <trkpt lat="56.1392620" lon="10.0822120">
    <ele>10.2</ele>
   </trkpt>
   <trkpt lat="56.1392340" lon="10.0821220">
    <ele>10.6</ele>
   </trkpt>
   <trkpt lat="56.1392090" lon="10.0820440">
    <ele>10.8</ele>
   </trkpt>
   <trkpt lat="56.1391870" lon="10.0819640">
    <ele>11.0</ele>
   </trkpt>
   <trkpt lat="56.1391640" lon="10.0818810">
    <ele>11.4</ele>
   </trkpt>
   <trkpt lat="56.1391410" lon="10.0817930">
    <ele>11.6</ele>
   </trkpt>
   <trkpt lat="56.1391180" lon="10.0817020">
    <ele>11.8</ele>
   </trkpt>
   <trkpt lat="56.1390930" lon="10.0816110">
    <ele>12.0</ele>
   </trkpt>
   <trkpt lat="56.1390640" lon="10.0815150">
    <ele>12.4</ele>
   </trkpt>
   <trkpt lat="56.1390350" lon="10.0814190">
    <ele>12.4</ele>
   </trkpt>
   <trkpt lat="56.1390050" lon="10.0813280">
    <ele>12.6</ele>
   </trkpt>
   <trkpt lat="56.1389730" lon="10.0812390">
    <ele>12.6</ele>
   </trkpt>
   <trkpt lat="56.1389380" lon="10.0811530">
    <ele>12.6</ele>
   </trkpt>
   <trkpt lat="56.1389010" lon="10.0810680">
    <ele>12.6</ele>
   </trkpt>
   <trkpt lat="56.1388610" lon="10.0809890">
    <ele>12.8</ele>
   </trkpt>
   <trkpt lat="56.1388230" lon="10.0809110">
    <ele>13.0</ele>
   </trkpt>
   <trkpt lat="56.1387850" lon="10.0808360">
    <ele>13.2</ele>
   </trkpt>
   <trkpt lat="56.1387440" lon="10.0807610">
    <ele>13.4</ele>
   </trkpt>
   <trkpt lat="56.1387020" lon="10.0806890">
    <ele>13.4</ele>
   </trkpt>
   <trkpt lat="56.1386570" lon="10.0806210">
    <ele>13.6</ele>
   </trkpt>
   <trkpt lat="56.1386110" lon="10.0805520">
    <ele>13.8</ele>
   </trkpt>
   <trkpt lat="56.1385670" lon="10.0804820">
    <ele>13.8</ele>
   </trkpt>
   <trkpt lat="56.1385240" lon="10.0804130">
    <ele>13.8</ele>
   </trkpt>
   <trkpt lat="56.1384830" lon="10.0803430">
    <ele>13.8</ele>
   </trkpt>
   <trkpt lat="56.1384430" lon="10.0802710">
    <ele>13.8</ele>
   </trkpt>
   <trkpt lat="56.1384040" lon="10.0801970">
    <ele>13.8</ele>
   </trkpt>
   <trkpt lat="56.1383660" lon="10.0801240">
    <ele>13.8</ele>
   </trkpt>
   <trkpt lat="56.1383290" lon="10.0800500">
    <ele>13.8</ele>
   </trkpt>
   <trkpt lat="56.1382960" lon="10.0799740">
    <ele>13.8</ele>
   </trkpt>
   <trkpt lat="56.1382640" lon="10.0798970">
    <ele>13.8</ele>
   </trkpt>
   <trkpt lat="56.1382330" lon="10.0798160">
    <ele>14.0</ele>
   </trkpt>
   <trkpt lat="56.1382030" lon="10.0797320">
    <ele>14.6</ele>
   </trkpt>
   <trkpt lat="56.1381720" lon="10.0796520">
    <ele>14.8</ele>
   </trkpt>
   <trkpt lat="56.1381410" lon="10.0795700">
    <ele>14.8</ele>
   </trkpt>
   <trkpt lat="56.1381160" lon="10.0794880">
    <ele>14.8</ele>
   </trkpt>
   <trkpt lat="56.1380920" lon="10.0794020">
    <ele>14.8</ele>
   </trkpt>
   <trkpt lat="56.1380670" lon="10.0793130">
    <ele>14.8</ele>
   </trkpt>
   <trkpt lat="56.1380420" lon="10.0792250">
    <ele>14.8</ele>
   </trkpt>
   <trkpt lat="56.1380170" lon="10.0791350">
    <ele>14.8</ele>
   </trkpt>
   <trkpt lat="56.1379950" lon="10.0790450">
    <ele>14.8</ele>
   </trkpt>
   <trkpt lat="56.1379740" lon="10.0789550">
    <ele>15.0</ele>
   </trkpt>
   <trkpt lat="56.1379540" lon="10.0788640">
    <ele>15.0</ele>
   </trkpt>
   <trkpt lat="56.1379350" lon="10.0787720">
    <ele>15.2</ele>
   </trkpt>
   <trkpt lat="56.1379190" lon="10.0786780">
    <ele>15.2</ele>
   </trkpt>
   <trkpt lat="56.1379040" lon="10.0785840">
    <ele>15.4</ele>
   </trkpt>
   <trkpt lat="56.1378890" lon="10.0784890">
    <ele>15.6</ele>
   </trkpt>
   <trkpt lat="56.1378770" lon="10.0783950">
    <ele>15.8</ele>
   </trkpt>
   <trkpt lat="56.1378650" lon="10.0783050">
    <ele>16.0</ele>
   </trkpt>
   <trkpt lat="56.1378540" lon="10.0782140">
    <ele>16.0</ele>
   </trkpt>
   <trkpt lat="56.1378440" lon="10.0781190">
    <ele>16.0</ele>
   </trkpt>
   <trkpt lat="56.1378330" lon="10.0780220">
    <ele>16.0</ele>
   </trkpt>
   <trkpt lat="56.1378240" lon="10.0779240">
    <ele>16.2</ele>
   </trkpt>
   <trkpt lat="56.1378150" lon="10.0778270">
    <ele>16.4</ele>
   </trkpt>
   <trkpt lat="56.1378060" lon="10.0777300">
    <ele>16.4</ele>
   </trkpt>
   <trkpt lat="56.1378000" lon="10.0776340">
    <ele>16.6</ele>
   </trkpt>
   <trkpt lat="56.1377920" lon="10.0775400">
    <ele>16.6</ele>
   </trkpt>
   <trkpt lat="56.1377840" lon="10.0774470">
    <ele>16.6</ele>
   </trkpt>
   <trkpt lat="56.1377750" lon="10.0773490">
    <ele>16.8</ele>
   </trkpt>
   <trkpt lat="56.1377650" lon="10.0772460">
    <ele>16.8</ele>
   </trkpt>
   <trkpt lat="56.1377550" lon="10.0771460">
    <ele>16.8</ele>
   </trkpt>
   <trkpt lat="56.1377470" lon="10.0770450">
    <ele>16.8</ele>
   </trkpt>
   <trkpt lat="56.1377390" lon="10.0769450">
    <ele>17.0</ele>
   </trkpt>
   <trkpt lat="56.1377290" lon="10.0768420">
    <ele>17.0</ele>
   </trkpt>
   <trkpt lat="56.1377190" lon="10.0767360">
    <ele>17.0</ele>
   </trkpt>
   <trkpt lat="56.1377050" lon="10.0766310">
    <ele>17.0</ele>
   </trkpt>
   <trkpt lat="56.1376890" lon="10.0765260">
    <ele>17.2</ele>
   </trkpt>
   <trkpt lat="56.1376720" lon="10.0764140">
    <ele>17.2</ele>
   </trkpt>
   <trkpt lat="56.1376530" lon="10.0763010">
    <ele>17.0</ele>
   </trkpt>
   <trkpt lat="56.1376270" lon="10.0761870">
    <ele>16.8</ele>
   </trkpt>
   <trkpt lat="56.1375990" lon="10.0760680">
    <ele>16.6</ele>
   </trkpt>
   <trkpt lat="56.1375690" lon="10.0759440">
    <ele>16.2</ele>
   </trkpt>
   <trkpt lat="56.1375370" lon="10.0758190">
    <ele>16.0</ele>
   </trkpt>
   <trkpt lat="56.1375050" lon="10.0756960">
    <ele>15.4</ele>
   </trkpt>
   <trkpt lat="56.1374730" lon="10.0755750">
    <ele>15.0</ele>
   </trkpt>
   <trkpt lat="56.1374410" lon="10.0754500">
    <ele>14.4</ele>
   </trkpt>
   <trkpt lat="56.1374110" lon="10.0753280">
    <ele>14.0</ele>
   </trkpt>
   <trkpt lat="56.1373800" lon="10.0752120">
    <ele>14.0</ele>
   </trkpt>
   <trkpt lat="56.1373530" lon="10.0751070">
    <ele>14.0</ele>
   </trkpt>
   <trkpt lat="56.1373290" lon="10.0750050">
    <ele>14.0</ele>
   </trkpt>
   <trkpt lat="56.1373040" lon="10.0749070">
    <ele>14.2</ele>
   </trkpt>
   <trkpt lat="56.1372780" lon="10.0748160">
    <ele>14.6</ele>
   </trkpt>
   <trkpt lat="56.1372530" lon="10.0747280">
    <ele>15.2</ele>
   </trkpt>
   <trkpt lat="56.1372300" lon="10.0746410">
    <ele>15.6</ele>
   </trkpt>
   <trkpt lat="56.1372070" lon="10.0745560">
    <ele>16.2</ele>
   </trkpt>
   <trkpt lat="56.1371830" lon="10.0744750">
    <ele>16.6</ele>
   </trkpt>
   <trkpt lat="56.1371610" lon="10.0743930">
    <ele>16.8</ele>
   </trkpt>
   <trkpt lat="56.1371400" lon="10.0743140">
    <ele>17.2</ele>
   </trkpt>
   <trkpt lat="56.1371190" lon="10.0742340">
    <ele>17.4</ele>
   </trkpt>
   <trkpt lat="56.1370970" lon="10.0741570">
    <ele>17.8</ele>
   </trkpt>
   <trkpt lat="56.1370730" lon="10.0740840">
    <ele>17.8</ele>
   </trkpt>
   <trkpt lat="56.1370490" lon="10.0740130">
    <ele>18.2</ele>
   </trkpt>
   <trkpt lat="56.1370230" lon="10.0739430">
    <ele>18.6</ele>
   </trkpt>
   <trkpt lat="56.1369970" lon="10.0738710">
    <ele>19.2</ele>
   </trkpt>
   <trkpt lat="56.1369690" lon="10.0738020">
    <ele>19.4</ele>
   </trkpt>
   <trkpt lat="56.1369390" lon="10.0737380">
    <ele>19.6</ele>
   </trkpt>
   <trkpt lat="56.1369060" lon="10.0736720">
    <ele>19.8</ele>
   </trkpt>
   <trkpt lat="56.1368730" lon="10.0736100">
    <ele>20.2</ele>
   </trkpt>
   <trkpt lat="56.1368430" lon="10.0735460">
    <ele>20.4</ele>
   </trkpt>
   <trkpt lat="56.1368110" lon="10.0734780">
    <ele>20.4</ele>
   </trkpt>
   <trkpt lat="56.1367750" lon="10.0734090">
    <ele>20.6</ele>
   </trkpt>
   <trkpt lat="56.1367420" lon="10.0733480">
    <ele>20.8</ele>
   </trkpt>
   <trkpt lat="56.1367090" lon="10.0732880">
    <ele>21.0</ele>
   </trkpt>
   <trkpt lat="56.1366740" lon="10.0732240">
    <ele>21.2</ele>
   </trkpt>
   <trkpt lat="56.1366410" lon="10.0731620">
    <ele>21.4</ele>
   </trkpt>
   <trkpt lat="56.1366060" lon="10.0731000">
    <ele>21.4</ele>
   </trkpt>
   <trkpt lat="56.1365690" lon="10.0730370">
    <ele>21.4</ele>
   </trkpt>
   <trkpt lat="56.1365330" lon="10.0729750">
    <ele>21.6</ele>
   </trkpt>
   <trkpt lat="56.1364980" lon="10.0729120">
    <ele>21.6</ele>
   </trkpt>
   <trkpt lat="56.1364590" lon="10.0728490">
    <ele>21.8</ele>
   </trkpt>
   <trkpt lat="56.1364200" lon="10.0727870">
    <ele>21.8</ele>
   </trkpt>
   <trkpt lat="56.1363810" lon="10.0727220">
    <ele>22.0</ele>
   </trkpt>
   <trkpt lat="56.1363410" lon="10.0726590">
    <ele>22.2</ele>
   </trkpt>
   <trkpt lat="56.1363010" lon="10.0725990">
    <ele>22.4</ele>
   </trkpt>
   <trkpt lat="56.1362640" lon="10.0725380">
    <ele>22.4</ele>
   </trkpt>
   <trkpt lat="56.1362290" lon="10.0724680">
    <ele>22.6</ele>
   </trkpt>
   <trkpt lat="56.1361960" lon="10.0723950">
    <ele>22.6</ele>
   </trkpt>
   <trkpt lat="56.1361620" lon="10.0723150">
    <ele>22.6</ele>
   </trkpt>
   <trkpt lat="56.1361330" lon="10.0722340">
    <ele>22.6</ele>
   </trkpt>
   <trkpt lat="56.1361080" lon="10.0721540">
    <ele>22.8</ele>
   </trkpt>
   <trkpt lat="56.1360850" lon="10.0720740">
    <ele>22.8</ele>
   </trkpt>
   <trkpt lat="56.1360650" lon="10.0719930">
    <ele>22.8</ele>
   </trkpt>
   <trkpt lat="56.1360470" lon="10.0719070">
    <ele>23.0</ele>
   </trkpt>
   <trkpt lat="56.1360270" lon="10.0718120">
    <ele>23.0</ele>
   </trkpt>
   <trkpt lat="56.1360130" lon="10.0717230">
    <ele>23.2</ele>
   </trkpt>
   <trkpt lat="56.1360020" lon="10.0716370">
    <ele>23.2</ele>
   </trkpt>
   <trkpt lat="56.1359840" lon="10.0715460">
    <ele>23.4</ele>
   </trkpt>
   <trkpt lat="56.1359680" lon="10.0714630">
    <ele>23.6</ele>
   </trkpt>
   <trkpt lat="56.1359470" lon="10.0713720">
    <ele>23.6</ele>
   </trkpt>
   <trkpt lat="56.1359300" lon="10.0712780">
    <ele>23.6</ele>
   </trkpt>
   <trkpt lat="56.1359140" lon="10.0711850">
    <ele>23.6</ele>
   </trkpt>
   <trkpt lat="56.1358960" lon="10.0710870">
    <ele>23.6</ele>
   </trkpt>
   <trkpt lat="56.1358810" lon="10.0709900">
    <ele>23.8</ele>
   </trkpt>
   <trkpt lat="56.1358650" lon="10.0708910">
    <ele>23.8</ele>
   </trkpt>
   <trkpt lat="56.1358540" lon="10.0708050">
    <ele>23.6</ele>
   </trkpt>
   <trkpt lat="56.1358440" lon="10.0707200">
    <ele>23.6</ele>
   </trkpt>
   <trkpt lat="56.1358370" lon="10.0706340">
    <ele>23.6</ele>
   </trkpt>
   <trkpt lat="56.1358240" lon="10.0705360">
    <ele>23.6</ele>
   </trkpt>
   <trkpt lat="56.1357960" lon="10.0704220">
    <ele>23.6</ele>
   </trkpt>
   <trkpt lat="56.1357740" lon="10.0703100">
    <ele>23.4</ele>
   </trkpt>
   <trkpt lat="56.1357550" lon="10.0702050">
    <ele>23.2</ele>
   </trkpt>
   <trkpt lat="56.1357390" lon="10.0701010">
    <ele>23.2</ele>
   </trkpt>
   <trkpt lat="56.1357230" lon="10.0699950">
    <ele>23.2</ele>
   </trkpt>
   <trkpt lat="56.1357100" lon="10.0698960">
    <ele>23.2</ele>
   </trkpt>
   <trkpt lat="56.1356980" lon="10.0698090">
    <ele>23.2</ele>
   </trkpt>
   <trkpt lat="56.1356830" lon="10.0697180">
    <ele>23.2</ele>
   </trkpt>
   <trkpt lat="56.1356620" lon="10.0696080">
    <ele>23.2</ele>
   </trkpt>
   <trkpt lat="56.1356390" lon="10.0694970">
    <ele>23.2</ele>
   </trkpt>
   <trkpt lat="56.1356170" lon="10.0693980">
    <ele>23.2</ele>
   </trkpt>
   <trkpt lat="56.1355940" lon="10.0693000">
    <ele>23.2</ele>
   </trkpt>
   <trkpt lat="56.1355710" lon="10.0692060">
    <ele>23.2</ele>
   </trkpt>
   <trkpt lat="56.1355460" lon="10.0691100">
    <ele>23.2</ele>
   </trkpt>
   <trkpt lat="56.1355240" lon="10.0690150">
    <ele>23.0</ele>
   </trkpt>
   <trkpt lat="56.1355030" lon="10.0689190">
    <ele>22.8</ele>
   </trkpt>
   <trkpt lat="56.1354800" lon="10.0688240">
    <ele>22.8</ele>
   </trkpt>
   <trkpt lat="56.1354560" lon="10.0687300">
    <ele>22.8</ele>
   </trkpt>
   <trkpt lat="56.1354320" lon="10.0686370">
    <ele>22.8</ele>
   </trkpt>
   <trkpt lat="56.1354070" lon="10.0685430">
    <ele>22.6</ele>
   </trkpt>
   <trkpt lat="56.1353830" lon="10.0684500">
    <ele>22.6</ele>
   </trkpt>
   <trkpt lat="56.1353620" lon="10.0683590">
    <ele>22.8</ele>
   </trkpt>
   <trkpt lat="56.1353410" lon="10.0682640">
    <ele>22.8</ele>
   </trkpt>
   <trkpt lat="56.1353190" lon="10.0681710">
    <ele>22.8</ele>
   </trkpt>
   <trkpt lat="56.1352970" lon="10.0680780">
    <ele>22.8</ele>
   </trkpt>
   <trkpt lat="56.1352720" lon="10.0679860">
    <ele>22.8</ele>
   </trkpt>
   <trkpt lat="56.1352480" lon="10.0679000">
    <ele>23.0</ele>
   </trkpt>
   <trkpt lat="56.1352250" lon="10.0678130">
    <ele>23.2</ele>
   </trkpt>
   <trkpt lat="56.1352020" lon="10.0677240">
    <ele>23.4</ele>
   </trkpt>
   <trkpt lat="56.1351780" lon="10.0676330">
    <ele>23.4</ele>
   </trkpt>
   <trkpt lat="56.1351560" lon="10.0675410">
    <ele>23.6</ele>
   </trkpt>
   <trkpt lat="56.1351330" lon="10.0674460">
    <ele>23.8</ele>
   </trkpt>
   <trkpt lat="56.1351080" lon="10.0673510">
    <ele>23.8</ele>
   </trkpt>
   <trkpt lat="56.1350840" lon="10.0672600">
    <ele>24.0</ele>
   </trkpt>
   <trkpt lat="56.1350600" lon="10.0671710">
    <ele>24.2</ele>
   </trkpt>
   <trkpt lat="56.1350370" lon="10.0670830">
    <ele>24.4</ele>
   </trkpt>
   <trkpt lat="56.1350150" lon="10.0669970">
    <ele>24.6</ele>
   </trkpt>
   <trkpt lat="56.1349910" lon="10.0669100">
    <ele>24.8</ele>
   </trkpt>
   <trkpt lat="56.1349690" lon="10.0668250">
    <ele>24.8</ele>
   </trkpt>
   <trkpt lat="56.1349470" lon="10.0667420">
    <ele>25.0</ele>
   </trkpt>
   <trkpt lat="56.1349240" lon="10.0666580">
    <ele>25.0</ele>
   </trkpt>
   <trkpt lat="56.1348990" lon="10.0665750">
    <ele>25.0</ele>
   </trkpt>
   <trkpt lat="56.1348730" lon="10.0664920">
    <ele>25.2</ele>
   </trkpt>
   <trkpt lat="56.1348450" lon="10.0664090">
    <ele>25.2</ele>
   </trkpt>
   <trkpt lat="56.1348150" lon="10.0663300">
    <ele>25.2</ele>
   </trkpt>
   <trkpt lat="56.1347810" lon="10.0662530">
    <ele>25.4</ele>
   </trkpt>
   <trkpt lat="56.1347480" lon="10.0661770">
    <ele>25.4</ele>
   </trkpt>
   <trkpt lat="56.1347120" lon="10.0661050">
    <ele>25.4</ele>
   </trkpt>
   <trkpt lat="56.1346740" lon="10.0660360">
    <ele>25.4</ele>
   </trkpt>
   <trkpt lat="56.1346350" lon="10.0659640">
    <ele>25.4</ele>
   </trkpt>
   <trkpt lat="56.1345950" lon="10.0658930">
    <ele>25.4</ele>
   </trkpt>
   <trkpt lat="56.1345520" lon="10.0658220">
    <ele>25.4</ele>
   </trkpt>
   <trkpt lat="56.1345100" lon="10.0657510">
    <ele>25.4</ele>
   </trkpt>
   <trkpt lat="56.1344660" lon="10.0656770">
    <ele>25.2</ele>
   </trkpt>
   <trkpt lat="56.1344220" lon="10.0655990">
    <ele>24.8</ele>
   </trkpt>
   <trkpt lat="56.1343760" lon="10.0655170">
    <ele>24.4</ele>
   </trkpt>
   <trkpt lat="56.1343310" lon="10.0654360">
    <ele>24.2</ele>
   </trkpt>
   <trkpt lat="56.1342850" lon="10.0653550">
    <ele>24.0</ele>
   </trkpt>
   <trkpt lat="56.1342390" lon="10.0652770">
    <ele>24.0</ele>
   </trkpt>
   <trkpt lat="56.1341940" lon="10.0651950">
    <ele>24.0</ele>
   </trkpt>
   <trkpt lat="56.1341500" lon="10.0651160">
    <ele>23.8</ele>
   </trkpt>
   <trkpt lat="56.1341070" lon="10.0650400">
    <ele>23.8</ele>
   </trkpt>
   <trkpt lat="56.1340630" lon="10.0649660">
    <ele>23.8</ele>
   </trkpt>
   <trkpt lat="56.1340210" lon="10.0648960">
    <ele>24.0</ele>
   </trkpt>
   <trkpt lat="56.1339830" lon="10.0648250">
    <ele>24.2</ele>
   </trkpt>
   <trkpt lat="56.1339460" lon="10.0647530">
    <ele>24.4</ele>
   </trkpt>
   <trkpt lat="56.1339100" lon="10.0646850">
    <ele>24.8</ele>
   </trkpt>
   <trkpt lat="56.1338730" lon="10.0646150">
    <ele>25.0</ele>
   </trkpt>
   <trkpt lat="56.1338350" lon="10.0645460">
    <ele>25.2</ele>
   </trkpt>
   <trkpt lat="56.1337980" lon="10.0644740">
    <ele>25.6</ele>
   </trkpt>
   <trkpt lat="56.1337620" lon="10.0643980">
    <ele>25.8</ele>
   </trkpt>
   <trkpt lat="56.1337220" lon="10.0643180">
    <ele>25.8</ele>
   </trkpt>
   <trkpt lat="56.1336830" lon="10.0642300">
    <ele>25.8</ele>
   </trkpt>
   <trkpt lat="56.1336440" lon="10.0641400">
    <ele>25.8</ele>
   </trkpt>
   <trkpt lat="56.1336060" lon="10.0640520">
    <ele>25.6</ele>
   </trkpt>
   <trkpt lat="56.1335680" lon="10.0639640">
    <ele>25.0</ele>
   </trkpt>
   <trkpt lat="56.1335300" lon="10.0638730">
    <ele>24.8</ele>
   </trkpt>
   <trkpt lat="56.1334920" lon="10.0637850">
    <ele>24.8</ele>
   </trkpt>
   <trkpt lat="56.1334540" lon="10.0636990">
    <ele>24.8</ele>
   </trkpt>
   <trkpt lat="56.1334190" lon="10.0636120">
    <ele>24.8</ele>
   </trkpt>
   <trkpt lat="56.1333850" lon="10.0635270">
    <ele>25.0</ele>
   </trkpt>
   <trkpt lat="56.1333530" lon="10.0634480">
    <ele>25.2</ele>
   </trkpt>
   <trkpt lat="56.1333230" lon="10.0633730">
    <ele>25.8</ele>
   </trkpt>
   <trkpt lat="56.1332950" lon="10.0632990">
    <ele>26.2</ele>
   </trkpt>
   <trkpt lat="56.1332600" lon="10.0632320">
    <ele>26.6</ele>
   </trkpt>
   <trkpt lat="56.1332230" lon="10.0631670">
    <ele>26.8</ele>
   </trkpt>
   <trkpt lat="56.1331930" lon="10.0631020">
    <ele>27.2</ele>
   </trkpt>
   <trkpt lat="56.1331620" lon="10.0630340">
    <ele>27.4</ele>
   </trkpt>
   <trkpt lat="56.1331290" lon="10.0629570">
    <ele>27.4</ele>
   </trkpt>
   <trkpt lat="56.1330980" lon="10.0628750">
    <ele>27.6</ele>
   </trkpt>
   <trkpt lat="56.1330660" lon="10.0627960">
    <ele>27.6</ele>
   </trkpt>
   <trkpt lat="56.1330310" lon="10.0627120">
    <ele>27.8</ele>
   </trkpt>
   <trkpt lat="56.1329960" lon="10.0626330">
    <ele>27.8</ele>
   </trkpt>
   <trkpt lat="56.1329630" lon="10.0625570">
    <ele>28.0</ele>
   </trkpt>
   <trkpt lat="56.1329310" lon="10.0624820">
    <ele>28.2</ele>
   </trkpt>
   <trkpt lat="56.1328970" lon="10.0624010">
    <ele>28.4</ele>
   </trkpt>
   <trkpt lat="56.1328640" lon="10.0623190">
    <ele>28.4</ele>
   </trkpt>
   <trkpt lat="56.1328290" lon="10.0622380">
    <ele>28.2</ele>
   </trkpt>
   <trkpt lat="56.1327950" lon="10.0621600">
    <ele>28.4</ele>
   </trkpt>
   <trkpt lat="56.1327610" lon="10.0620800">
    <ele>28.2</ele>
   </trkpt>
   <trkpt lat="56.1327270" lon="10.0619970">
    <ele>28.2</ele>
   </trkpt>
   <trkpt lat="56.1326920" lon="10.0619120">
    <ele>28.0</ele>
   </trkpt>
   <trkpt lat="56.1326550" lon="10.0618220">
    <ele>28.0</ele>
   </trkpt>
   <trkpt lat="56.1326150" lon="10.0617280">
    <ele>28.0</ele>
   </trkpt>
   <trkpt lat="56.1325760" lon="10.0616360">
    <ele>28.0</ele>
   </trkpt>
   <trkpt lat="56.1325360" lon="10.0615430">
    <ele>28.0</ele>
   </trkpt>
   <trkpt lat="56.1324960" lon="10.0614460">
    <ele>27.6</ele>
   </trkpt>
   <trkpt lat="56.1324560" lon="10.0613500">
    <ele>27.2</ele>
   </trkpt>
   <trkpt lat="56.1324140" lon="10.0612540">
    <ele>26.8</ele>
   </trkpt>
   <trkpt lat="56.1323730" lon="10.0611590">
    <ele>26.6</ele>
   </trkpt>
   <trkpt lat="56.1323320" lon="10.0610650">
    <ele>26.2</ele>
   </trkpt>
   <trkpt lat="56.1322920" lon="10.0609710">
    <ele>26.0</ele>
   </trkpt>
   <trkpt lat="56.1322480" lon="10.0608730">
    <ele>25.8</ele>
   </trkpt>
   <trkpt lat="56.1322050" lon="10.0607750">
    <ele>25.6</ele>
   </trkpt>
   <trkpt lat="56.1321620" lon="10.0606780">
    <ele>25.6</ele>
   </trkpt>
   <trkpt lat="56.1321190" lon="10.0605810">
    <ele>25.4</ele>
   </trkpt>
   <trkpt lat="56.1320780" lon="10.0604860">
    <ele>25.2</ele>
   </trkpt>
   <trkpt lat="56.1320380" lon="10.0603920">
    <ele>25.2</ele>
   </trkpt>
   <trkpt lat="56.1319950" lon="10.0602950">
    <ele>25.0</ele>
   </trkpt>
   <trkpt lat="56.1319530" lon="10.0602000">
    <ele>24.8</ele>
   </trkpt>
   <trkpt lat="56.1319120" lon="10.0601030">
    <ele>24.6</ele>
   </trkpt>
   <trkpt lat="56.1318710" lon="10.0600050">
    <ele>24.4</ele>
   </trkpt>
   <trkpt lat="56.1318270" lon="10.0599040">
    <ele>24.2</ele>
   </trkpt>
   <trkpt lat="56.1317830" lon="10.0598030">
    <ele>24.2</ele>
   </trkpt>
   <trkpt lat="56.1317380" lon="10.0597020">
    <ele>24.0</ele>
   </trkpt>
   <trkpt lat="56.1316940" lon="10.0596000">
    <ele>24.0</ele>
   </trkpt>
   <trkpt lat="56.1316500" lon="10.0594950">
    <ele>24.0</ele>
   </trkpt>
   <trkpt lat="56.1316070" lon="10.0593910">
    <ele>24.0</ele>
   </trkpt>
   <trkpt lat="56.1315680" lon="10.0592850">
    <ele>24.0</ele>
   </trkpt>
   <trkpt lat="56.1315340" lon="10.0591750">
    <ele>23.8</ele>
   </trkpt>
   <trkpt lat="56.1315010" lon="10.0590660">
    <ele>23.8</ele>
   </trkpt>
   <trkpt lat="56.1314730" lon="10.0589560">
    <ele>23.8</ele>
   </trkpt>
   <trkpt lat="56.1314460" lon="10.0588500">
    <ele>23.6</ele>
   </trkpt>
   <trkpt lat="56.1314220" lon="10.0587440">
    <ele>23.6</ele>
   </trkpt>
   <trkpt lat="56.1313980" lon="10.0586400">
    <ele>23.6</ele>
   </trkpt>
   <trkpt lat="56.1313730" lon="10.0585370">
    <ele>23.8</ele>
   </trkpt>
   <trkpt lat="56.1313480" lon="10.0584350">
    <ele>24.0</ele>
   </trkpt>
   <trkpt lat="56.1313220" lon="10.0583330">
    <ele>24.4</ele>
   </trkpt>
   <trkpt lat="56.1312980" lon="10.0582330">
    <ele>24.4</ele>
   </trkpt>
   <trkpt lat="56.1312750" lon="10.0581350">
    <ele>24.6</ele>
   </trkpt>
   <trkpt lat="56.1312540" lon="10.0580370">
    <ele>25.0</ele>
   </trkpt>
   <trkpt lat="56.1312320" lon="10.0579390">
    <ele>25.0</ele>
   </trkpt>
   <trkpt lat="56.1312100" lon="10.0578410">
    <ele>25.2</ele>
   </trkpt>
   <trkpt lat="56.1311880" lon="10.0577390">
    <ele>25.4</ele>
   </trkpt>
   <trkpt lat="56.1311650" lon="10.0576360">
    <ele>25.6</ele>
   </trkpt>
   <trkpt lat="56.1311430" lon="10.0575340">
    <ele>25.6</ele>
   </trkpt>
   <trkpt lat="56.1311220" lon="10.0574280">
    <ele>25.6</ele>
   </trkpt>
   <trkpt lat="56.1311010" lon="10.0573140">
    <ele>25.6</ele>
   </trkpt>
   <trkpt lat="56.1310800" lon="10.0571940">
    <ele>25.6</ele>
   </trkpt>
   <trkpt lat="56.1310570" lon="10.0570700">
    <ele>25.4</ele>
   </trkpt>
   <trkpt lat="56.1310350" lon="10.0569430">
    <ele>24.8</ele>
   </trkpt>
   <trkpt lat="56.1310120" lon="10.0568130">
    <ele>24.4</ele>
   </trkpt>
   <trkpt lat="56.1309880" lon="10.0566800">
    <ele>23.8</ele>
   </trkpt>
   <trkpt lat="56.1309640" lon="10.0565460">
    <ele>23.0</ele>
   </trkpt>
   <trkpt lat="56.1309390" lon="10.0564160">
    <ele>22.8</ele>
   </trkpt>
   <trkpt lat="56.1309130" lon="10.0562870">
    <ele>22.8</ele>
   </trkpt>
   <trkpt lat="56.1308880" lon="10.0561570">
    <ele>22.6</ele>
   </trkpt>
   <trkpt lat="56.1308660" lon="10.0560280">
    <ele>22.4</ele>
   </trkpt>
   <trkpt lat="56.1308420" lon="10.0559020">
    <ele>22.4</ele>
   </trkpt>
   <trkpt lat="56.1308190" lon="10.0557760">
    <ele>22.4</ele>
   </trkpt>
   <trkpt lat="56.1307960" lon="10.0556530">
    <ele>22.4</ele>
   </trkpt>
   <trkpt lat="56.1307720" lon="10.0555300">
    <ele>22.2</ele>
   </trkpt>
   <trkpt lat="56.1307500" lon="10.0554100">
    <ele>22.2</ele>
   </trkpt>
   <trkpt lat="56.1307260" lon="10.0552880">
    <ele>22.2</ele>
   </trkpt>
   <trkpt lat="56.1307040" lon="10.0551670">
    <ele>22.2</ele>
   </trkpt>
   <trkpt lat="56.1306810" lon="10.0550450">
    <ele>22.0</ele>
   </trkpt>
   <trkpt lat="56.1306570" lon="10.0549180">
    <ele>22.0</ele>
   </trkpt>
   <trkpt lat="56.1306330" lon="10.0547880">
    <ele>21.8</ele>
   </trkpt>
   <trkpt lat="56.1306090" lon="10.0546580">
    <ele>21.6</ele>
   </trkpt>
   <trkpt lat="56.1305850" lon="10.0545280">
    <ele>21.2</ele>
   </trkpt>
   <trkpt lat="56.1305650" lon="10.0544000">
    <ele>21.0</ele>
   </trkpt>
   <trkpt lat="56.1305500" lon="10.0542660">
    <ele>20.8</ele>
   </trkpt>
   <trkpt lat="56.1305440" lon="10.0541250">
    <ele>20.8</ele>
   </trkpt>
   <trkpt lat="56.1305440" lon="10.0539760">
    <ele>20.6</ele>
   </trkpt>
   <trkpt lat="56.1305460" lon="10.0538180">
    <ele>19.8</ele>
   </trkpt>
   <trkpt lat="56.1305470" lon="10.0536570">
    <ele>19.2</ele>
   </trkpt>
   <trkpt lat="56.1305470" lon="10.0534970">
    <ele>18.2</ele>
   </trkpt>
   <trkpt lat="56.1305480" lon="10.0533390">
    <ele>17.2</ele>
   </trkpt>
   <trkpt lat="56.1305480" lon="10.0531770">
    <ele>16.6</ele>
   </trkpt>
   <trkpt lat="56.1305470" lon="10.0530190">
    <ele>15.8</ele>
   </trkpt>
   <trkpt lat="56.1305420" lon="10.0528570">
    <ele>14.6</ele>
   </trkpt>
   <trkpt lat="56.1305400" lon="10.0526960">
    <ele>13.8</ele>
   </trkpt>
   <trkpt lat="56.1305390" lon="10.0525410">
    <ele>13.8</ele>
   </trkpt>
   <trkpt lat="56.1305370" lon="10.0523820">
    <ele>13.6</ele>
   </trkpt>
   <trkpt lat="56.1305360" lon="10.0522200">
    <ele>13.4</ele>
   </trkpt>
   <trkpt lat="56.1305360" lon="10.0520590">
    <ele>13.0</ele>
   </trkpt>
   <trkpt lat="56.1305380" lon="10.0518960">
    <ele>12.2</ele>
   </trkpt>
   <trkpt lat="56.1305390" lon="10.0517370">
    <ele>11.6</ele>
   </trkpt>
   <trkpt lat="56.1305380" lon="10.0515770">
    <ele>11.2</ele>
   </trkpt>
   <trkpt lat="56.1305380" lon="10.0514220">
    <ele>10.4</ele>
   </trkpt>
   <trkpt lat="56.1305380" lon="10.0512690">
    <ele>10.0</ele>
   </trkpt>
   <trkpt lat="56.1305350" lon="10.0511160">
    <ele>10.0</ele>
   </trkpt>
   <trkpt lat="56.1305290" lon="10.0509630">
    <ele>10.0</ele>
   </trkpt>
   <trkpt lat="56.1305210" lon="10.0508130">
    <ele>9.8</ele>
   </trkpt>
   <trkpt lat="56.1305100" lon="10.0506640">
    <ele>9.8</ele>
   </trkpt>
   <trkpt lat="56.1304960" lon="10.0505150">
    <ele>9.8</ele>
   </trkpt>
   <trkpt lat="56.1304790" lon="10.0503680">
    <ele>9.8</ele>
   </trkpt>
   <trkpt lat="56.1304610" lon="10.0502250">
    <ele>9.8</ele>
   </trkpt>
   <trkpt lat="56.1304410" lon="10.0500810">
    <ele>9.6</ele>
   </trkpt>
   <trkpt lat="56.1304240" lon="10.0499420">
    <ele>9.6</ele>
   </trkpt>
   <trkpt lat="56.1304070" lon="10.0498030">
    <ele>9.4</ele>
   </trkpt>
   <trkpt lat="56.1303900" lon="10.0496610">
    <ele>9.2</ele>
   </trkpt>
   <trkpt lat="56.1303730" lon="10.0495180">
    <ele>9.0</ele>
   </trkpt>
   <trkpt lat="56.1303550" lon="10.0493690">
    <ele>8.6</ele>
   </trkpt>
   <trkpt lat="56.1303310" lon="10.0492170">
    <ele>8.4</ele>
   </trkpt>
   <trkpt lat="56.1302990" lon="10.0490610">
    <ele>7.6</ele>
   </trkpt>
   <trkpt lat="56.1302610" lon="10.0489080">
    <ele>7.2</ele>
   </trkpt>
   <trkpt lat="56.1302250" lon="10.0487540">
    <ele>6.4</ele>
   </trkpt>
   <trkpt lat="56.1301940" lon="10.0486030">
    <ele>5.8</ele>
   </trkpt>
   <trkpt lat="56.1301660" lon="10.0484520">
    <ele>5.6</ele>
   </trkpt>
   <trkpt lat="56.1301410" lon="10.0483010">
    <ele>5.2</ele>
   </trkpt>
   <trkpt lat="56.1301170" lon="10.0481530">
    <ele>5.0</ele>
   </trkpt>
   <trkpt lat="56.1300960" lon="10.0480090">
    <ele>4.8</ele>
   </trkpt>
   <trkpt lat="56.1300770" lon="10.0478650">
    <ele>4.8</ele>
   </trkpt>
   <trkpt lat="56.1300540" lon="10.0477250">
    <ele>4.8</ele>
   </trkpt>
   <trkpt lat="56.1300280" lon="10.0475920">
    <ele>4.8</ele>
   </trkpt>
   <trkpt lat="56.1299990" lon="10.0474620">
    <ele>5.0</ele>
   </trkpt>
   <trkpt lat="56.1299680" lon="10.0473380">
    <ele>5.2</ele>
   </trkpt>
   <trkpt lat="56.1299340" lon="10.0472190">
    <ele>5.4</ele>
   </trkpt>
   <trkpt lat="56.1298970" lon="10.0471040">
    <ele>5.6</ele>
   </trkpt>
   <trkpt lat="56.1298600" lon="10.0469930">
    <ele>5.6</ele>
   </trkpt>
   <trkpt lat="56.1298240" lon="10.0468820">
    <ele>5.8</ele>
   </trkpt>
   <trkpt lat="56.1297910" lon="10.0467700">
    <ele>6.0</ele>
   </trkpt>
   <trkpt lat="56.1297620" lon="10.0466570">
    <ele>6.2</ele>
   </trkpt>
   <trkpt lat="56.1297360" lon="10.0465480">
    <ele>6.2</ele>
   </trkpt>
   <trkpt lat="56.1297130" lon="10.0464420">
    <ele>6.4</ele>
   </trkpt>
   <trkpt lat="56.1296890" lon="10.0463400">
    <ele>6.6</ele>
   </trkpt>
   <trkpt lat="56.1296630" lon="10.0462420">
    <ele>6.6</ele>
   </trkpt>
   <trkpt lat="56.1296390" lon="10.0461470">
    <ele>6.8</ele>
   </trkpt>
   <trkpt lat="56.1296170" lon="10.0460530">
    <ele>7.0</ele>
   </trkpt>
   <trkpt lat="56.1295950" lon="10.0459630">
    <ele>7.0</ele>
   </trkpt>
   <trkpt lat="56.1295770" lon="10.0458740">
    <ele>7.4</ele>
   </trkpt>
   <trkpt lat="56.1295620" lon="10.0457820">
    <ele>7.8</ele>
   </trkpt>
   <trkpt lat="56.1295470" lon="10.0456930">
    <ele>8.2</ele>
   </trkpt>
   <trkpt lat="56.1295300" lon="10.0456040">
    <ele>8.6</ele>
   </trkpt>
   <trkpt lat="56.1295120" lon="10.0455150">
    <ele>9.0</ele>
   </trkpt>
   <trkpt lat="56.1294960" lon="10.0454270">
    <ele>9.4</ele>
   </trkpt>
   <trkpt lat="56.1294790" lon="10.0453410">
    <ele>9.6</ele>
   </trkpt>
   <trkpt lat="56.1294630" lon="10.0452560">
    <ele>9.6</ele>
   </trkpt>
   <trkpt lat="56.1294500" lon="10.0451690">
    <ele>9.8</ele>
   </trkpt>
   <trkpt lat="56.1294380" lon="10.0450860">
    <ele>9.8</ele>
   </trkpt>
   <trkpt lat="56.1294400" lon="10.0450060">
    <ele>10.2</ele>
   </trkpt>
   <trkpt lat="56.1294580" lon="10.0449330">
    <ele>10.6</ele>
   </trkpt>
   <trkpt lat="56.1294930" lon="10.0448790">
    <ele>10.8</ele>
   </trkpt>
   <trkpt lat="56.1295400" lon="10.0448470">
    <ele>10.8</ele>
   </trkpt>
   <trkpt lat="56.1295920" lon="10.0448320">
    <ele>10.8</ele>
   </trkpt>
   <trkpt lat="56.1296480" lon="10.0448210">
    <ele>10.8</ele>
   </trkpt>
   <trkpt lat="56.1297090" lon="10.0448090">
    <ele>10.6</ele>
   </trkpt>
   <trkpt lat="56.1297720" lon="10.0447960">
    <ele>10.6</ele>
   </trkpt>
   <trkpt lat="56.1298360" lon="10.0447790">
    <ele>10.4</ele>
   </trkpt>
   <trkpt lat="56.1299030" lon="10.0447610">
    <ele>10.2</ele>
   </trkpt>
   <trkpt lat="56.1299730" lon="10.0447450">
    <ele>9.8</ele>
   </trkpt>
   <trkpt lat="56.1300450" lon="10.0447330">
    <ele>9.2</ele>
   </trkpt>
   <trkpt lat="56.1301160" lon="10.0447170">
    <ele>8.8</ele>
   </trkpt>
   <trkpt lat="56.1301900" lon="10.0446940">
    <ele>8.2</ele>
   </trkpt>
   <trkpt lat="56.1302650" lon="10.0446710">
    <ele>7.8</ele>
   </trkpt>
   <trkpt lat="56.1303430" lon="10.0446460">
    <ele>7.6</ele>
   </trkpt>
   <trkpt lat="56.1304220" lon="10.0446120">
    <ele>7.2</ele>
   </trkpt>
   <trkpt lat="56.1304980" lon="10.0445500">
    <ele>7.0</ele>
   </trkpt>
   <trkpt lat="56.1305680" lon="10.0444650">
    <ele>6.8</ele>
   </trkpt>
   <trkpt lat="56.1306310" lon="10.0443620">
    <ele>5.4</ele>
   </trkpt>
   <trkpt lat="56.1306800" lon="10.0442420">
    <ele>4.8</ele>
   </trkpt>
   <trkpt lat="56.1307070" lon="10.0441040">
    <ele>4.4</ele>
   </trkpt>
   <trkpt lat="56.1307100" lon="10.0439640">
    <ele>4.0</ele>
   </trkpt>
   <trkpt lat="56.1307050" lon="10.0438290">
    <ele>3.8</ele>
   </trkpt>
   <trkpt lat="56.1306980" lon="10.0436990">
    <ele>3.8</ele>
   </trkpt>
   <trkpt lat="56.1306940" lon="10.0435770">
    <ele>3.8</ele>
   </trkpt>
   <trkpt lat="56.1306910" lon="10.0434640">
    <ele>3.8</ele>
   </trkpt>
   <trkpt lat="56.1306890" lon="10.0433550">
    <ele>3.8</ele>
   </trkpt>
   <trkpt lat="56.1306880" lon="10.0432500">
    <ele>4.0</ele>
   </trkpt>
   <trkpt lat="56.1306820" lon="10.0431480">
    <ele>4.4</ele>
   </trkpt>
   <trkpt lat="56.1306740" lon="10.0430480">
    <ele>4.6</ele>
   </trkpt>
   <trkpt lat="56.1306690" lon="10.0429500">
    <ele>5.2</ele>
   </trkpt>
   <trkpt lat="56.1306630" lon="10.0428520">
    <ele>5.6</ele>
   </trkpt>
   <trkpt lat="56.1306560" lon="10.0427570">
    <ele>5.8</ele>
   </trkpt>
   <trkpt lat="56.1306500" lon="10.0426650">
    <ele>6.2</ele>
   </trkpt>
   <trkpt lat="56.1306440" lon="10.0425690">
    <ele>6.6</ele>
   </trkpt>
   <trkpt lat="56.1306400" lon="10.0424710">
    <ele>6.8</ele>
   </trkpt>
   <trkpt lat="56.1306330" lon="10.0423700">
    <ele>7.0</ele>
   </trkpt>
   <trkpt lat="56.1306280" lon="10.0422700">
    <ele>7.0</ele>
   </trkpt>
   <trkpt lat="56.1306230" lon="10.0421700">
    <ele>7.0</ele>
   </trkpt>
   <trkpt lat="56.1306180" lon="10.0420700">
    <ele>7.0</ele>
   </trkpt>
   <trkpt lat="56.1306100" lon="10.0419670">
    <ele>7.0</ele>
   </trkpt>
   <trkpt lat="56.1306060" lon="10.0418620">
    <ele>6.8</ele>
   </trkpt>
   <trkpt lat="56.1306040" lon="10.0417590">
    <ele>6.8</ele>
   </trkpt>
   <trkpt lat="56.1305990" lon="10.0416560">
    <ele>6.6</ele>
   </trkpt>
   <trkpt lat="56.1305940" lon="10.0415570">
    <ele>6.4</ele>
   </trkpt>
   <trkpt lat="56.1305870" lon="10.0414540">
    <ele>6.4</ele>
   </trkpt>
   <trkpt lat="56.1305810" lon="10.0413490">
    <ele>6.4</ele>
   </trkpt>
   <trkpt lat="56.1305770" lon="10.0412480">
    <ele>6.4</ele>
   </trkpt>
   <trkpt lat="56.1305820" lon="10.0411470">
    <ele>6.6</ele>
   </trkpt>
   <trkpt lat="56.1306030" lon="10.0410490">
    <ele>6.6</ele>
   </trkpt>
   <trkpt lat="56.1306430" lon="10.0409710">
    <ele>6.6</ele>
   </trkpt>
   <trkpt lat="56.1306970" lon="10.0409090">
    <ele>6.6</ele>
   </trkpt>
   <trkpt lat="56.1307580" lon="10.0408660">
    <ele>6.4</ele>
   </trkpt>
   <trkpt lat="56.1308250" lon="10.0408270">
    <ele>6.2</ele>
   </trkpt>
   <trkpt lat="56.1308930" lon="10.0407830">
    <ele>5.6</ele>
   </trkpt>
   <trkpt lat="56.1309640" lon="10.0407410">
    <ele>5.0</ele>
   </trkpt>
   <trkpt lat="56.1310380" lon="10.0406990">
    <ele>4.6</ele>
   </trkpt>
   <trkpt lat="56.1311160" lon="10.0406590">
    <ele>4.2</ele>
   </trkpt>
   <trkpt lat="56.1311960" lon="10.0406190">
    <ele>3.8</ele>
   </trkpt>
   <trkpt lat="56.1312780" lon="10.0405780">
    <ele>3.6</ele>
   </trkpt>
   <trkpt lat="56.1313600" lon="10.0405360">
    <ele>3.0</ele>
   </trkpt>
   <trkpt lat="56.1314450" lon="10.0404990">
    <ele>2.4</ele>
   </trkpt>
   <trkpt lat="56.1315310" lon="10.0404690">
    <ele>2.2</ele>
   </trkpt>
   <trkpt lat="56.1316170" lon="10.0404470">
    <ele>2.0</ele>
   </trkpt>
   <trkpt lat="56.1317020" lon="10.0404300">
    <ele>1.6</ele>
   </trkpt>
   <trkpt lat="56.1317880" lon="10.0404130">
    <ele>1.4</ele>
   </trkpt>
   <trkpt lat="56.1318750" lon="10.0404060">
    <ele>1.2</ele>
   </trkpt>
   <trkpt lat="56.1319610" lon="10.0404040">
    <ele>1.0</ele>
   </trkpt>
   <trkpt lat="56.1320460" lon="10.0403990">
    <ele>0.8</ele>
   </trkpt>
   <trkpt lat="56.1321300" lon="10.0403940">
    <ele>0.8</ele>
   </trkpt>
   <trkpt lat="56.1322110" lon="10.0403890">
    <ele>0.6</ele>
   </trkpt>
   <trkpt lat="56.1322920" lon="10.0403870">
    <ele>0.4</ele>
   </trkpt>
   <trkpt lat="56.1323710" lon="10.0403830">
    <ele>0.6</ele>
   </trkpt>
   <trkpt lat="56.1324490" lon="10.0403780">
    <ele>0.8</ele>
   </trkpt>
   <trkpt lat="56.1325250" lon="10.0403740">
    <ele>0.8</ele>
   </trkpt>
   <trkpt lat="56.1326020" lon="10.0403700">
    <ele>1.0</ele>
   </trkpt>
   <trkpt lat="56.1326800" lon="10.0403650">
    <ele>1.4</ele>
   </trkpt>
   <trkpt lat="56.1327570" lon="10.0403610">
    <ele>1.4</ele>
   </trkpt>
   <trkpt lat="56.1328350" lon="10.0403580">
    <ele>1.4</ele>
   </trkpt>
   <trkpt lat="56.1329140" lon="10.0403550">
    <ele>1.2</ele>
   </trkpt>
   <trkpt lat="56.1329920" lon="10.0403530">
    <ele>1.2</ele>
   </trkpt>
   <trkpt lat="56.1330700" lon="10.0403480">
    <ele>1.0</ele>
   </trkpt>
   <trkpt lat="56.1331480" lon="10.0403410">
    <ele>1.0</ele>
   </trkpt>
   <trkpt lat="56.1332250" lon="10.0403330">
    <ele>0.8</ele>
   </trkpt>
   <trkpt lat="56.1333020" lon="10.0403290">
    <ele>0.6</ele>
   </trkpt>
   <trkpt lat="56.1333770" lon="10.0403250">
    <ele>0.6</ele>
   </trkpt>
   <trkpt lat="56.1334520" lon="10.0403220">
    <ele>0.4</ele>
   </trkpt>
   <trkpt lat="56.1335270" lon="10.0403200">
    <ele>0.4</ele>
   </trkpt>
   <trkpt lat="56.1336020" lon="10.0403180">
    <ele>0.4</ele>
   </trkpt>
   <trkpt lat="56.1336760" lon="10.0403130">
    <ele>0.4</ele>
   </trkpt>
   <trkpt lat="56.1337490" lon="10.0403090">
    <ele>0.4</ele>
   </trkpt>
   <trkpt lat="56.1338220" lon="10.0403050">
    <ele>0.6</ele>
   </trkpt>
   <trkpt lat="56.1338940" lon="10.0402980">
    <ele>0.6</ele>
   </trkpt>
   <trkpt lat="56.1339670" lon="10.0402930">
    <ele>0.6</ele>
   </trkpt>
   <trkpt lat="56.1340410" lon="10.0402870">
    <ele>0.6</ele>
   </trkpt>
   <trkpt lat="56.1341120" lon="10.0402840">
    <ele>0.8</ele>
   </trkpt>
   <trkpt lat="56.1341850" lon="10.0402810">
    <ele>1.2</ele>
   </trkpt>
   <trkpt lat="56.1342570" lon="10.0402770">
    <ele>1.2</ele>
   </trkpt>
   <trkpt lat="56.1343290" lon="10.0402730">
    <ele>1.2</ele>
   </trkpt>
   <trkpt lat="56.1344010" lon="10.0402690">
    <ele>1.4</ele>
   </trkpt>
   <trkpt lat="56.1344740" lon="10.0402670">
    <ele>1.6</ele>
   </trkpt>
   <trkpt lat="56.1345470" lon="10.0402650">
    <ele>1.6</ele>
   </trkpt>
   <trkpt lat="56.1346200" lon="10.0402620">
    <ele>1.6</ele>
   </trkpt>
   <trkpt lat="56.1346920" lon="10.0402570">
    <ele>1.8</ele>
   </trkpt>
   <trkpt lat="56.1347630" lon="10.0402500">
    <ele>1.8</ele>
   </trkpt>
   <trkpt lat="56.1348330" lon="10.0402440">
    <ele>1.8</ele>
   </trkpt>
   <trkpt lat="56.1349030" lon="10.0402380">
    <ele>1.8</ele>
   </trkpt>
   <trkpt lat="56.1349700" lon="10.0402290">
    <ele>1.8</ele>
   </trkpt>
   <trkpt lat="56.1350360" lon="10.0402210">
    <ele>1.8</ele>
   </trkpt>
   <trkpt lat="56.1351000" lon="10.0402180">
    <ele>1.8</ele>
   </trkpt>
   <trkpt lat="56.1351620" lon="10.0402130">
    <ele>1.8</ele>
   </trkpt>
   <trkpt lat="56.1352220" lon="10.0402100">
    <ele>2.0</ele>
   </trkpt>
   <trkpt lat="56.1352830" lon="10.0402110">
    <ele>2.2</ele>
   </trkpt>
   <trkpt lat="56.1353410" lon="10.0402100">
    <ele>2.8</ele>
   </trkpt>
   <trkpt lat="56.1353960" lon="10.0402060">
    <ele>3.2</ele>
   </trkpt>
   <trkpt lat="56.1354470" lon="10.0402000">
    <ele>3.6</ele>
   </trkpt>
   <trkpt lat="56.1354950" lon="10.0401890">
    <ele>4.2</ele>
   </trkpt>
   <trkpt lat="56.1355410" lon="10.0401750">
    <ele>4.8</ele>
   </trkpt>
   <trkpt lat="56.1355890" lon="10.0401640">
    <ele>5.2</ele>
   </trkpt>
   <trkpt lat="56.1356360" lon="10.0401620">
    <ele>5.4</ele>
   </trkpt>
   <trkpt lat="56.1356810" lon="10.0401630">
    <ele>6.0</ele>
   </trkpt>
   <trkpt lat="56.1357280" lon="10.0401610">
    <ele>6.2</ele>
   </trkpt>
   <trkpt lat="56.1357780" lon="10.0401530">
    <ele>6.2</ele>
   </trkpt>
   <trkpt lat="56.1358270" lon="10.0401390">
    <ele>6.4</ele>
   </trkpt>
   <trkpt lat="56.1358750" lon="10.0401190">
    <ele>6.6</ele>
   </trkpt>
   <trkpt lat="56.1359230" lon="10.0401050">
    <ele>6.6</ele>
   </trkpt>
   <trkpt lat="56.1359680" lon="10.0401060">
    <ele>6.6</ele>
   </trkpt>
   <trkpt lat="56.1360100" lon="10.0401290">
    <ele>6.8</ele>
   </trkpt>
   <trkpt lat="56.1360440" lon="10.0401750">
    <ele>7.2</ele>
   </trkpt>
   <trkpt lat="56.1360680" lon="10.0402430">
    <ele>7.4</ele>
   </trkpt>
   <trkpt lat="56.1360790" lon="10.0403280">
    <ele>8.0</ele>
   </trkpt>
   <trkpt lat="56.1360860" lon="10.0404180">
    <ele>8.2</ele>
   </trkpt>
   <trkpt lat="56.1360920" lon="10.0405190">
    <ele>8.2</ele>
   </trkpt>
   <trkpt lat="56.1360980" lon="10.0406260">
    <ele>8.2</ele>
   </trkpt>
   <trkpt lat="56.1361060" lon="10.0407340">
    <ele>8.2</ele>
   </trkpt>
   <trkpt lat="56.1361130" lon="10.0408450">
    <ele>8.2</ele>
   </trkpt>
   <trkpt lat="56.1361190" lon="10.0409590">
    <ele>8.2</ele>
   </trkpt>
   <trkpt lat="56.1361300" lon="10.0410730">
    <ele>8.0</ele>
   </trkpt>
   <trkpt lat="56.1361420" lon="10.0411870">
    <ele>8.0</ele>
   </trkpt>
   <trkpt lat="56.1361540" lon="10.0412990">
    <ele>8.0</ele>
   </trkpt>
   <trkpt lat="56.1361640" lon="10.0414130">
    <ele>7.8</ele>
   </trkpt>
   <trkpt lat="56.1361740" lon="10.0415300">
    <ele>7.8</ele>
   </trkpt>
   <trkpt lat="56.1361840" lon="10.0416460">
    <ele>8.0</ele>
   </trkpt>
   <trkpt lat="56.1361950" lon="10.0417630">
    <ele>7.8</ele>
   </trkpt>
   <trkpt lat="56.1362070" lon="10.0418780">
    <ele>7.8</ele>
   </trkpt>
   <trkpt lat="56.1362180" lon="10.0419930">
    <ele>8.0</ele>
   </trkpt>
   <trkpt lat="56.1362290" lon="10.0421040">
    <ele>8.0</ele>
   </trkpt>
   <trkpt lat="56.1362400" lon="10.0422130">
    <ele>8.2</ele>
   </trkpt>
   <trkpt lat="56.1362490" lon="10.0423200">
    <ele>8.6</ele>
   </trkpt>
   <trkpt lat="56.1362590" lon="10.0424260">
    <ele>8.8</ele>
   </trkpt>
   <trkpt lat="56.1362700" lon="10.0425310">
    <ele>9.0</ele>
   </trkpt>
   <trkpt lat="56.1362810" lon="10.0426360">
    <ele>9.2</ele>
   </trkpt>
   <trkpt lat="56.1362930" lon="10.0427400">
    <ele>9.8</ele>
   </trkpt>
   <trkpt lat="56.1363070" lon="10.0428410">
    <ele>10.0</ele>
   </trkpt>
   <trkpt lat="56.1363210" lon="10.0429430">
    <ele>10.0</ele>
   </trkpt>
   <trkpt lat="56.1363380" lon="10.0430450">
    <ele>10.2</ele>
   </trkpt>
   <trkpt lat="56.1363570" lon="10.0431460">
    <ele>10.6</ele>
   </trkpt>
   <trkpt lat="56.1363790" lon="10.0432480">
    <ele>10.8</ele>
   </trkpt>
   <trkpt lat="56.1364020" lon="10.0433520">
    <ele>10.8</ele>
   </trkpt>
   <trkpt lat="56.1364250" lon="10.0434590">
    <ele>10.8</ele>
   </trkpt>
   <trkpt lat="56.1364490" lon="10.0435650">
    <ele>11.0</ele>
   </trkpt>
   <trkpt lat="56.1364750" lon="10.0436720">
    <ele>11.0</ele>
   </trkpt>
   <trkpt lat="56.1364990" lon="10.0437800">
    <ele>11.0</ele>
   </trkpt>
   <trkpt lat="56.1365240" lon="10.0438880">
    <ele>11.0</ele>
   </trkpt>
   <trkpt lat="56.1365510" lon="10.0439960">
    <ele>11.0</ele>
   </trkpt>
   <trkpt lat="56.1365770" lon="10.0441040">
    <ele>11.0</ele>
   </trkpt>
   <trkpt lat="56.1366040" lon="10.0442130">
    <ele>11.0</ele>
   </trkpt>
   <trkpt lat="56.1366290" lon="10.0443220">
    <ele>11.0</ele>
   </trkpt>
   <trkpt lat="56.1366560" lon="10.0444320">
    <ele>10.8</ele>
   </trkpt>
   <trkpt lat="56.1366840" lon="10.0445430">
    <ele>11.0</ele>
   </trkpt>
   <trkpt lat="56.1367100" lon="10.0446570">
    <ele>11.0</ele>
   </trkpt>
   <trkpt lat="56.1367370" lon="10.0447730">
    <ele>11.0</ele>
   </trkpt>
   <trkpt lat="56.1367640" lon="10.0448880">
    <ele>11.0</ele>
   </trkpt>
   <trkpt lat="56.1367920" lon="10.0450030">
    <ele>11.0</ele>
   </trkpt>
   <trkpt lat="56.1368200" lon="10.0451190">
    <ele>10.8</ele>
   </trkpt>
   <trkpt lat="56.1368470" lon="10.0452370">
    <ele>10.8</ele>
   </trkpt>
   <trkpt lat="56.1368750" lon="10.0453560">
    <ele>10.6</ele>
   </trkpt>
   <trkpt lat="56.1369040" lon="10.0454760">
    <ele>10.6</ele>
   </trkpt>
   <trkpt lat="56.1369350" lon="10.0455980">
    <ele>10.6</ele>
   </trkpt>
   <trkpt lat="56.1369650" lon="10.0457230">
    <ele>10.6</ele>
   </trkpt>
   <trkpt lat="56.1369940" lon="10.0458470">
    <ele>10.8</ele>
   </trkpt>
   <trkpt lat="56.1370220" lon="10.0459740">
    <ele>10.6</ele>
   </trkpt>
   <trkpt lat="56.1370540" lon="10.0461010">
    <ele>10.6</ele>
   </trkpt>
   <trkpt lat="56.1370870" lon="10.0462290">
    <ele>10.6</ele>
   </trkpt>
   <trkpt lat="56.1371190" lon="10.0463590">
    <ele>10.4</ele>
   </trkpt>
   <trkpt lat="56.1371520" lon="10.0464880">
    <ele>10.2</ele>
   </trkpt>
   <trkpt lat="56.1371850" lon="10.0466160">
    <ele>10.2</ele>
   </trkpt>
   <trkpt lat="56.1372210" lon="10.0467410">
    <ele>10.2</ele>
   </trkpt>
   <trkpt lat="56.1372600" lon="10.0468640">
    <ele>10.2</ele>
   </trkpt>
   <trkpt lat="56.1372980" lon="10.0469850">
    <ele>10.2</ele>
   </trkpt>
   <trkpt lat="56.1373380" lon="10.0471040">
    <ele>10.4</ele>
   </trkpt>
   <trkpt lat="56.1373780" lon="10.0472220">
    <ele>10.6</ele>
   </trkpt>
   <trkpt lat="56.1374140" lon="10.0473400">
    <ele>10.6</ele>
   </trkpt>
   <trkpt lat="56.1374520" lon="10.0474570">
    <ele>10.6</ele>
   </trkpt>
   <trkpt lat="56.1374900" lon="10.0475750">
    <ele>10.6</ele>
   </trkpt>
   <trkpt lat="56.1375310" lon="10.0476920">
    <ele>10.6</ele>
   </trkpt>
   <trkpt lat="56.1375720" lon="10.0478090">
    <ele>10.4</ele>
   </trkpt>
   <trkpt lat="56.1376140" lon="10.0479270">
    <ele>10.4</ele>
   </trkpt>
   <trkpt lat="56.1376560" lon="10.0480470">
    <ele>10.4</ele>
   </trkpt>
   <trkpt lat="56.1376970" lon="10.0481660">
    <ele>10.4</ele>
   </trkpt>
   <trkpt lat="56.1377400" lon="10.0482840">
    <ele>10.4</ele>
   </trkpt>
   <trkpt lat="56.1377820" lon="10.0484010">
    <ele>10.4</ele>
   </trkpt>
   <trkpt lat="56.1378220" lon="10.0485180">
    <ele>10.2</ele>
   </trkpt>
   <trkpt lat="56.1378620" lon="10.0486360">
    <ele>10.2</ele>
   </trkpt>
   <trkpt lat="56.1379020" lon="10.0487520">
    <ele>10.2</ele>
   </trkpt>
   <trkpt lat="56.1379410" lon="10.0488690">
    <ele>10.2</ele>
   </trkpt>
   <trkpt lat="56.1379830" lon="10.0489850">
    <ele>10.2</ele>
   </trkpt>
   <trkpt lat="56.1380250" lon="10.0491010">
    <ele>10.2</ele>
   </trkpt>
   <trkpt lat="56.1380680" lon="10.0492160">
    <ele>10.4</ele>
   </trkpt>
   <trkpt lat="56.1381130" lon="10.0493290">
    <ele>10.4</ele>
   </trkpt>
   <trkpt lat="56.1381590" lon="10.0494420">
    <ele>10.4</ele>
   </trkpt>
   <trkpt lat="56.1382070" lon="10.0495570">
    <ele>10.4</ele>
   </trkpt>
   <trkpt lat="56.1382540" lon="10.0496690">
    <ele>10.2</ele>
   </trkpt>
   <trkpt lat="56.1383020" lon="10.0497810">
    <ele>10.0</ele>
   </trkpt>
   <trkpt lat="56.1383480" lon="10.0498970">
    <ele>9.8</ele>
   </trkpt>
   <trkpt lat="56.1383940" lon="10.0500120">
    <ele>9.6</ele>
   </trkpt>
   <trkpt lat="56.1384410" lon="10.0501270">
    <ele>9.6</ele>
   </trkpt>
   <trkpt lat="56.1384880" lon="10.0502430">
    <ele>9.4</ele>
   </trkpt>
   <trkpt lat="56.1385340" lon="10.0503570">
    <ele>9.2</ele>
   </trkpt>
   <trkpt lat="56.1385820" lon="10.0504710">
    <ele>9.0</ele>
   </trkpt>
   <trkpt lat="56.1386300" lon="10.0505870">
    <ele>9.0</ele>
   </trkpt>
   <trkpt lat="56.1386800" lon="10.0507020">
    <ele>8.8</ele>
   </trkpt>
   <trkpt lat="56.1387310" lon="10.0508150">
    <ele>8.6</ele>
   </trkpt>
   <trkpt lat="56.1387820" lon="10.0509300">
    <ele>8.2</ele>
   </trkpt>
   <trkpt lat="56.1388370" lon="10.0510390">
    <ele>8.0</ele>
   </trkpt>
   <trkpt lat="56.1388960" lon="10.0511360">
    <ele>7.8</ele>
   </trkpt>
   <trkpt lat="56.1389630" lon="10.0512160">
    <ele>7.8</ele>
   </trkpt>
   <trkpt lat="56.1390390" lon="10.0512660">
    <ele>7.6</ele>
   </trkpt>
   <trkpt lat="56.1391180" lon="10.0512860">
    <ele>7.4</ele>
   </trkpt>
   <trkpt lat="56.1391960" lon="10.0512860">
    <ele>7.4</ele>
   </trkpt>
   <trkpt lat="56.1392720" lon="10.0512760">
    <ele>7.4</ele>
   </trkpt>
   <trkpt lat="56.1393460" lon="10.0512620">
    <ele>7.4</ele>
   </trkpt>
   <trkpt lat="56.1394200" lon="10.0512490">
    <ele>7.2</ele>
   </trkpt>
   <trkpt lat="56.1394930" lon="10.0512370">
    <ele>7.2</ele>
   </trkpt>
   <trkpt lat="56.1395680" lon="10.0512240">
    <ele>7.4</ele>
   </trkpt>
   <trkpt lat="56.1396390" lon="10.0512110">
    <ele>7.4</ele>
   </trkpt>
   <trkpt lat="56.1397100" lon="10.0511960">
    <ele>7.6</ele>
   </trkpt>
   <trkpt lat="56.1397800" lon="10.0511810">
    <ele>7.8</ele>
   </trkpt>
   <trkpt lat="56.1398500" lon="10.0511650">
    <ele>8.0</ele>
   </trkpt>
   <trkpt lat="56.1399180" lon="10.0511490">
    <ele>8.2</ele>
   </trkpt>
   <trkpt lat="56.1399860" lon="10.0511350">
    <ele>8.6</ele>
   </trkpt>
   <trkpt lat="56.1400520" lon="10.0511230">
    <ele>8.8</ele>
   </trkpt>
   <trkpt lat="56.1401180" lon="10.0511110">
    <ele>9.0</ele>
   </trkpt>
   <trkpt lat="56.1401810" lon="10.0510990">
    <ele>9.2</ele>
   </trkpt>
   <trkpt lat="56.1402440" lon="10.0510870">
    <ele>9.4</ele>
   </trkpt>
   <trkpt lat="56.1403080" lon="10.0510770">
    <ele>9.4</ele>
   </trkpt>
   <trkpt lat="56.1403720" lon="10.0510660">
    <ele>9.6</ele>
   </trkpt>
   <trkpt lat="56.1404370" lon="10.0510530">
    <ele>9.8</ele>
   </trkpt>
   <trkpt lat="56.1405020" lon="10.0510370">
    <ele>9.8</ele>
   </trkpt>
   <trkpt lat="56.1405670" lon="10.0510220">
    <ele>9.8</ele>
   </trkpt>
   <trkpt lat="56.1406330" lon="10.0510130">
    <ele>9.8</ele>
   </trkpt>
   <trkpt lat="56.1406920" lon="10.0510090">
    <ele>10.0</ele>
   </trkpt>
   <trkpt lat="56.1407510" lon="10.0509990">
    <ele>10.2</ele>
   </trkpt>
   <trkpt lat="56.1408130" lon="10.0509830">
    <ele>10.2</ele>
   </trkpt>
   <trkpt lat="56.1408790" lon="10.0509670">
    <ele>10.2</ele>
   </trkpt>
   <trkpt lat="56.1409480" lon="10.0509510">
    <ele>10.2</ele>
   </trkpt>
   <trkpt lat="56.1410170" lon="10.0509380">
    <ele>10.2</ele>
   </trkpt>
   <trkpt lat="56.1410870" lon="10.0509230">
    <ele>10.2</ele>
   </trkpt>
   <trkpt lat="56.1411560" lon="10.0509030">
    <ele>10.2</ele>
   </trkpt>
   <trkpt lat="56.1412250" lon="10.0508890">
    <ele>10.0</ele>
   </trkpt>
   <trkpt lat="56.1412930" lon="10.0508750">
    <ele>10.0</ele>
   </trkpt>
   <trkpt lat="56.1413610" lon="10.0508630">
    <ele>10.0</ele>
   </trkpt>
   <trkpt lat="56.1414310" lon="10.0508490">
    <ele>9.8</ele>
   </trkpt>
   <trkpt lat="56.1415000" lon="10.0508330">
    <ele>10.0</ele>
   </trkpt>
   <trkpt lat="56.1415700" lon="10.0508180">
    <ele>9.8</ele>
   </trkpt>
   <trkpt lat="56.1416390" lon="10.0508040">
    <ele>9.8</ele>
   </trkpt>
   <trkpt lat="56.1417080" lon="10.0507910">
    <ele>9.8</ele>
   </trkpt>
   <trkpt lat="56.1417760" lon="10.0507800">
    <ele>9.8</ele>
   </trkpt>
   <trkpt lat="56.1418450" lon="10.0507670">
    <ele>9.8</ele>
   </trkpt>
   <trkpt lat="56.1419140" lon="10.0507510">
    <ele>9.6</ele>
   </trkpt>
   <trkpt lat="56.1419830" lon="10.0507360">
    <ele>9.4</ele>
   </trkpt>
   <trkpt lat="56.1420520" lon="10.0507230">
    <ele>9.0</ele>
   </trkpt>
   <trkpt lat="56.1421200" lon="10.0507120">
    <ele>8.8</ele>
   </trkpt>
   <trkpt lat="56.1421900" lon="10.0506980">
    <ele>8.8</ele>
   </trkpt>
   <trkpt lat="56.1422610" lon="10.0506830">
    <ele>8.8</ele>
   </trkpt>
   <trkpt lat="56.1423310" lon="10.0506680">
    <ele>8.6</ele>
   </trkpt>
   <trkpt lat="56.1424030" lon="10.0506520">
    <ele>8.6</ele>
   </trkpt>
   <trkpt lat="56.1424770" lon="10.0506360">
    <ele>8.6</ele>
   </trkpt>
   <trkpt lat="56.1425510" lon="10.0506200">
    <ele>8.4</ele>
   </trkpt>
   <trkpt lat="56.1426250" lon="10.0506010">
    <ele>8.2</ele>
   </trkpt>
   <trkpt lat="56.1427040" lon="10.0505860">
    <ele>7.8</ele>
   </trkpt>
   <trkpt lat="56.1427860" lon="10.0505910">
    <ele>7.6</ele>
   </trkpt>
   <trkpt lat="56.1428720" lon="10.0506280">
    <ele>7.4</ele>
   </trkpt>
   <trkpt lat="56.1429580" lon="10.0506960">
    <ele>7.0</ele>
   </trkpt>
   <trkpt lat="56.1430430" lon="10.0507820">
    <ele>6.4</ele>
   </trkpt>
   <trkpt lat="56.1431280" lon="10.0508800">
    <ele>5.6</ele>
   </trkpt>
   <trkpt lat="56.1432090" lon="10.0509830">
    <ele>4.0</ele>
   </trkpt>
   <trkpt lat="56.1432890" lon="10.0510890">
    <ele>3.4</ele>
   </trkpt>
   <trkpt lat="56.1433690" lon="10.0511960">
    <ele>3.2</ele>
   </trkpt>
   <trkpt lat="56.1434470" lon="10.0513010">
    <ele>3.2</ele>
   </trkpt>
   <trkpt lat="56.1435220" lon="10.0514020">
    <ele>3.0</ele>
   </trkpt>
   <trkpt lat="56.1435940" lon="10.0515030">
    <ele>3.0</ele>
   </trkpt>
   <trkpt lat="56.1436670" lon="10.0516020">
    <ele>3.0</ele>
   </trkpt>
   <trkpt lat="56.1437370" lon="10.0517040">
    <ele>3.0</ele>
   </trkpt>
   <trkpt lat="56.1438060" lon="10.0518050">
    <ele>3.2</ele>
   </trkpt>
   <trkpt lat="56.1438730" lon="10.0519030">
    <ele>3.0</ele>
   </trkpt>
   <trkpt lat="56.1439390" lon="10.0520000">
    <ele>3.0</ele>
   </trkpt>
   <trkpt lat="56.1440020" lon="10.0521030">
    <ele>3.0</ele>
   </trkpt>
   <trkpt lat="56.1440620" lon="10.0522050">
    <ele>2.8</ele>
   </trkpt>
   <trkpt lat="56.1441230" lon="10.0523020">
    <ele>2.4</ele>
   </trkpt>
   <trkpt lat="56.1441840" lon="10.0523960">
    <ele>2.4</ele>
   </trkpt>
   <trkpt lat="56.1442410" lon="10.0524880">
    <ele>2.4</ele>
   </trkpt>
   <trkpt lat="56.1442970" lon="10.0525800">
    <ele>2.6</ele>
   </trkpt>
   <trkpt lat="56.1443530" lon="10.0526800">
    <ele>2.6</ele>
   </trkpt>
   <trkpt lat="56.1444090" lon="10.0527840">
    <ele>3.2</ele>
   </trkpt>
   <trkpt lat="56.1444520" lon="10.0528900">
    <ele>3.6</ele>
   </trkpt>
   <trkpt lat="56.1444900" lon="10.0529980">
    <ele>3.8</ele>
   </trkpt>
   <trkpt lat="56.1445230" lon="10.0531120">
    <ele>4.2</ele>
   </trkpt>
   <trkpt lat="56.1445510" lon="10.0532280">
    <ele>4.8</ele>
   </trkpt>
   <trkpt lat="56.1445750" lon="10.0533450">
    <ele>4.8</ele>
   </trkpt>
   <trkpt lat="56.1445970" lon="10.0534600">
    <ele>5.0</ele>
   </trkpt>
   <trkpt lat="56.1446180" lon="10.0535740">
    <ele>5.0</ele>
   </trkpt>
   <trkpt lat="56.1446380" lon="10.0536870">
    <ele>5.2</ele>
   </trkpt>
   <trkpt lat="56.1446590" lon="10.0537990">
    <ele>5.4</ele>
   </trkpt>
   <trkpt lat="56.1446790" lon="10.0539090">
    <ele>5.6</ele>
   </trkpt>
   <trkpt lat="56.1447000" lon="10.0540160">
    <ele>5.8</ele>
   </trkpt>
   <trkpt lat="56.1447220" lon="10.0541210">
    <ele>6.0</ele>
   </trkpt>
   <trkpt lat="56.1447420" lon="10.0542240">
    <ele>6.2</ele>
   </trkpt>
   <trkpt lat="56.1447600" lon="10.0543270">
    <ele>6.4</ele>
   </trkpt>
   <trkpt lat="56.1447800" lon="10.0544300">
    <ele>6.6</ele>
   </trkpt>
   <trkpt lat="56.1448000" lon="10.0545310">
    <ele>6.8</ele>
   </trkpt>
   <trkpt lat="56.1448210" lon="10.0546310">
    <ele>7.2</ele>
   </trkpt>
   <trkpt lat="56.1448450" lon="10.0547290">
    <ele>7.8</ele>
   </trkpt>
   <trkpt lat="56.1448700" lon="10.0548240">
    <ele>8.2</ele>
   </trkpt>
   <trkpt lat="56.1448990" lon="10.0549180">
    <ele>8.2</ele>
   </trkpt>
   <trkpt lat="56.1449270" lon="10.0550120">
    <ele>8.4</ele>
   </trkpt>
   <trkpt lat="56.1449570" lon="10.0551050">
    <ele>8.8</ele>
   </trkpt>
   <trkpt lat="56.1449910" lon="10.0551960">
    <ele>9.0</ele>
   </trkpt>
   <trkpt lat="56.1450250" lon="10.0552840">
    <ele>9.4</ele>
   </trkpt>
   <trkpt lat="56.1450630" lon="10.0553700">
    <ele>9.4</ele>
   </trkpt>
   <trkpt lat="56.1451000" lon="10.0554550">
    <ele>9.6</ele>
   </trkpt>
   <trkpt lat="56.1451410" lon="10.0555390">
    <ele>9.8</ele>
   </trkpt>
   <trkpt lat="56.1451830" lon="10.0556190">
    <ele>9.8</ele>
   </trkpt>
   <trkpt lat="56.1452270" lon="10.0557000">
    <ele>10.2</ele>
   </trkpt>
   <trkpt lat="56.1452700" lon="10.0557870">
    <ele>10.4</ele>
   </trkpt>
   <trkpt lat="56.1453130" lon="10.0558760">
    <ele>10.4</ele>
   </trkpt>
   <trkpt lat="56.1453540" lon="10.0559640">
    <ele>10.4</ele>
   </trkpt>
   <trkpt lat="56.1453970" lon="10.0560520">
    <ele>10.4</ele>
   </trkpt>
   <trkpt lat="56.1454420" lon="10.0561420">
    <ele>10.6</ele>
   </trkpt>
   <trkpt lat="56.1454890" lon="10.0562320">
    <ele>10.6</ele>
   </trkpt>
   <trkpt lat="56.1455360" lon="10.0563250">
    <ele>10.6</ele>
   </trkpt>
   <trkpt lat="56.1455840" lon="10.0564200">
    <ele>10.8</ele>
   </trkpt>
   <trkpt lat="56.1456320" lon="10.0565140">
    <ele>10.8</ele>
   </trkpt>
   <trkpt lat="56.1456790" lon="10.0566100">
    <ele>10.8</ele>
   </trkpt>
   <trkpt lat="56.1457270" lon="10.0567030">
    <ele>10.6</ele>
   </trkpt>
   <trkpt lat="56.1457740" lon="10.0567950">
    <ele>10.4</ele>
   </trkpt>
   <trkpt lat="56.1458230" lon="10.0568920">
    <ele>10.4</ele>
   </trkpt>
   <trkpt lat="56.1458710" lon="10.0569910">
    <ele>10.2</ele>
   </trkpt>
   <trkpt lat="56.1459200" lon="10.0570900">
    <ele>10.2</ele>
   </trkpt>
   <trkpt lat="56.1459690" lon="10.0571880">
    <ele>10.2</ele>
   </trkpt>
   <trkpt lat="56.1460190" lon="10.0572840">
    <ele>10.2</ele>
   </trkpt>
   <trkpt lat="56.1460670" lon="10.0573790">
    <ele>10.2</ele>
   </trkpt>
   <trkpt lat="56.1461160" lon="10.0574750">
    <ele>10.2</ele>
   </trkpt>
   <trkpt lat="56.1461660" lon="10.0575680">
    <ele>10.2</ele>
   </trkpt>
   <trkpt lat="56.1462140" lon="10.0576590">
    <ele>10.2</ele>
   </trkpt>
   <trkpt lat="56.1462600" lon="10.0577490">
    <ele>10.2</ele>
   </trkpt>
   <trkpt lat="56.1463010" lon="10.0578390">
    <ele>10.4</ele>
   </trkpt>
   <trkpt lat="56.1463430" lon="10.0579270">
    <ele>10.4</ele>
   </trkpt>
   <trkpt lat="56.1463890" lon="10.0580140">
    <ele>10.8</ele>
   </trkpt>
   <trkpt lat="56.1464330" lon="10.0581030">
    <ele>11.0</ele>
   </trkpt>
   <trkpt lat="56.1464760" lon="10.0581910">
    <ele>11.4</ele>
   </trkpt>
   <trkpt lat="56.1465200" lon="10.0582790">
    <ele>11.6</ele>
   </trkpt>
   <trkpt lat="56.1465620" lon="10.0583690">
    <ele>11.8</ele>
   </trkpt>
   <trkpt lat="56.1466040" lon="10.0584560">
    <ele>12.0</ele>
   </trkpt>
   <trkpt lat="56.1466480" lon="10.0585400">
    <ele>12.4</ele>
   </trkpt>
   <trkpt lat="56.1466930" lon="10.0586230">
    <ele>12.6</ele>
   </trkpt>
   <trkpt lat="56.1467380" lon="10.0587060">
    <ele>12.6</ele>
   </trkpt>
   <trkpt lat="56.1467810" lon="10.0587910">
    <ele>12.8</ele>
   </trkpt>
   <trkpt lat="56.1468230" lon="10.0588790">
    <ele>13.0</ele>
   </trkpt>
   <trkpt lat="56.1468670" lon="10.0589650">
    <ele>13.2</ele>
   </trkpt>
   <trkpt lat="56.1469100" lon="10.0590540">
    <ele>13.2</ele>
   </trkpt>
   <trkpt lat="56.1469550" lon="10.0591430">
    <ele>13.4</ele>
   </trkpt>
   <trkpt lat="56.1470000" lon="10.0592310">
    <ele>13.2</ele>
   </trkpt>
   <trkpt lat="56.1470460" lon="10.0593210">
    <ele>13.2</ele>
   </trkpt>
   <trkpt lat="56.1470940" lon="10.0594130">
    <ele>13.2</ele>
   </trkpt>
   <trkpt lat="56.1471420" lon="10.0595040">
    <ele>13.2</ele>
   </trkpt>
   <trkpt lat="56.1471900" lon="10.0595960">
    <ele>13.0</ele>
   </trkpt>
   <trkpt lat="56.1472370" lon="10.0596910">
    <ele>12.8</ele>
   </trkpt>
   <trkpt lat="56.1472860" lon="10.0597860">
    <ele>12.6</ele>
   </trkpt>
   <trkpt lat="56.1473330" lon="10.0598810">
    <ele>12.6</ele>
   </trkpt>
   <trkpt lat="56.1473820" lon="10.0599790">
    <ele>12.4</ele>
   </trkpt>
   <trkpt lat="56.1474340" lon="10.0600780">
    <ele>12.2</ele>
   </trkpt>
   <trkpt lat="56.1474880" lon="10.0601760">
    <ele>12.2</ele>
   </trkpt>
   <trkpt lat="56.1475400" lon="10.0602770">
    <ele>12.2</ele>
   </trkpt>
   <trkpt lat="56.1475920" lon="10.0603810">
    <ele>12.2</ele>
   </trkpt>
   <trkpt lat="56.1476390" lon="10.0604820">
    <ele>12.2</ele>
   </trkpt>
   <trkpt lat="56.1476850" lon="10.0605800">
    <ele>12.2</ele>
   </trkpt>
   <trkpt lat="56.1477300" lon="10.0606750">
    <ele>12.4</ele>
   </trkpt>
   <trkpt lat="56.1477780" lon="10.0607680">
    <ele>12.6</ele>
   </trkpt>
   <trkpt lat="56.1478250" lon="10.0608590">
    <ele>12.8</ele>
   </trkpt>
   <trkpt lat="56.1478710" lon="10.0609480">
    <ele>13.0</ele>
   </trkpt>
   <trkpt lat="56.1479150" lon="10.0610340">
    <ele>13.4</ele>
   </trkpt>
   <trkpt lat="56.1479590" lon="10.0611190">
    <ele>13.6</ele>
   </trkpt>
   <trkpt lat="56.1480060" lon="10.0612030">
    <ele>13.8</ele>
   </trkpt>
   <trkpt lat="56.1480530" lon="10.0612890">
    <ele>14.2</ele>
   </trkpt>
   <trkpt lat="56.1481000" lon="10.0613770">
    <ele>14.4</ele>
   </trkpt>
   <trkpt lat="56.1481460" lon="10.0614660">
    <ele>14.4</ele>
   </trkpt>
   <trkpt lat="56.1481930" lon="10.0615600">
    <ele>14.4</ele>
   </trkpt>
   <trkpt lat="56.1482440" lon="10.0616580">
    <ele>14.4</ele>
   </trkpt>
   <trkpt lat="56.1482940" lon="10.0617610">
    <ele>14.4</ele>
   </trkpt>
   <trkpt lat="56.1483450" lon="10.0618650">
    <ele>14.2</ele>
   </trkpt>
   <trkpt lat="56.1483950" lon="10.0619680">
    <ele>14.0</ele>
   </trkpt>
   <trkpt lat="56.1484420" lon="10.0620690">
    <ele>13.8</ele>
   </trkpt>
   <trkpt lat="56.1484900" lon="10.0621630">
    <ele>13.6</ele>
   </trkpt>
   <trkpt lat="56.1485370" lon="10.0622570">
    <ele>13.6</ele>
   </trkpt>
   <trkpt lat="56.1485840" lon="10.0623530">
    <ele>13.8</ele>
   </trkpt>
   <trkpt lat="56.1486300" lon="10.0624480">
    <ele>13.8</ele>
   </trkpt>
   <trkpt lat="56.1486760" lon="10.0625460">
    <ele>13.8</ele>
   </trkpt>
   <trkpt lat="56.1487230" lon="10.0626420">
    <ele>14.0</ele>
   </trkpt>
   <trkpt lat="56.1487700" lon="10.0627340">
    <ele>14.0</ele>
   </trkpt>
   <trkpt lat="56.1488170" lon="10.0628230">
    <ele>14.4</ele>
   </trkpt>
   <trkpt lat="56.1488620" lon="10.0629110">
    <ele>14.8</ele>
   </trkpt>
   <trkpt lat="56.1489050" lon="10.0630000">
    <ele>15.0</ele>
   </trkpt>
   <trkpt lat="56.1489450" lon="10.0630880">
    <ele>15.4</ele>
   </trkpt>
   <trkpt lat="56.1489850" lon="10.0631710">
    <ele>15.4</ele>
   </trkpt>
   <trkpt lat="56.1490260" lon="10.0632500">
    <ele>15.6</ele>
   </trkpt>
   <trkpt lat="56.1490640" lon="10.0633310">
    <ele>16.0</ele>
   </trkpt>
   <trkpt lat="56.1491010" lon="10.0634110">
    <ele>16.4</ele>
   </trkpt>
   <trkpt lat="56.1491390" lon="10.0634840">
    <ele>16.6</ele>
   </trkpt>
   <trkpt lat="56.1491790" lon="10.0635540">
    <ele>16.8</ele>
   </trkpt>
   <trkpt lat="56.1492190" lon="10.0636230">
    <ele>17.4</ele>
   </trkpt>
   <trkpt lat="56.1492590" lon="10.0636940">
    <ele>17.8</ele>
   </trkpt>
   <trkpt lat="56.1493000" lon="10.0637710">
    <ele>18.2</ele>
   </trkpt>
   <trkpt lat="56.1493390" lon="10.0638490">
    <ele>18.2</ele>
   </trkpt>
   <trkpt lat="56.1493780" lon="10.0639280">
    <ele>18.4</ele>
   </trkpt>
   <trkpt lat="56.1494170" lon="10.0640070">
    <ele>18.6</ele>
   </trkpt>
   <trkpt lat="56.1494570" lon="10.0640870">
    <ele>18.6</ele>
   </trkpt>
   <trkpt lat="56.1494940" lon="10.0641680">
    <ele>18.6</ele>
   </trkpt>
   <trkpt lat="56.1495350" lon="10.0642480">
    <ele>18.6</ele>
   </trkpt>
   <trkpt lat="56.1495760" lon="10.0643280">
    <ele>18.6</ele>
   </trkpt>
   <trkpt lat="56.1496150" lon="10.0644110">
    <ele>18.6</ele>
   </trkpt>
   <trkpt lat="56.1496500" lon="10.0644950">
    <ele>18.8</ele>
   </trkpt>
   <trkpt lat="56.1496830" lon="10.0645810">
    <ele>18.8</ele>
   </trkpt>
   <trkpt lat="56.1497120" lon="10.0646730">
    <ele>19.0</ele>
   </trkpt>
   <trkpt lat="56.1497340" lon="10.0647690">
    <ele>19.2</ele>
   </trkpt>
   <trkpt lat="56.1497530" lon="10.0648680">
    <ele>19.4</ele>
   </trkpt>
   <trkpt lat="56.1497700" lon="10.0649690">
    <ele>20.0</ele>
   </trkpt>
   <trkpt lat="56.1497850" lon="10.0650720">
    <ele>20.4</ele>
   </trkpt>
   <trkpt lat="56.1497980" lon="10.0651730">
    <ele>20.6</ele>
   </trkpt>
   <trkpt lat="56.1498120" lon="10.0652800">
    <ele>20.8</ele>
   </trkpt>
   <trkpt lat="56.1498250" lon="10.0653900">
    <ele>21.0</ele>
   </trkpt>
   <trkpt lat="56.1498400" lon="10.0655000">
    <ele>21.0</ele>
   </trkpt>
   <trkpt lat="56.1498540" lon="10.0656100">
    <ele>21.0</ele>
   </trkpt>
   <trkpt lat="56.1498680" lon="10.0657210">
    <ele>21.0</ele>
   </trkpt>
   <trkpt lat="56.1498820" lon="10.0658290">
    <ele>21.0</ele>
   </trkpt>
   <trkpt lat="56.1498980" lon="10.0659370">
    <ele>21.0</ele>
   </trkpt>
   <trkpt lat="56.1499130" lon="10.0660460">
    <ele>21.0</ele>
   </trkpt>
   <trkpt lat="56.1499280" lon="10.0661550">
    <ele>21.2</ele>
   </trkpt>
   <trkpt lat="56.1499430" lon="10.0662620">
    <ele>21.2</ele>
   </trkpt>
   <trkpt lat="56.1499590" lon="10.0663680">
    <ele>21.2</ele>
   </trkpt>
   <trkpt lat="56.1499730" lon="10.0664740">
    <ele>21.4</ele>
   </trkpt>
   <trkpt lat="56.1499860" lon="10.0665820">
    <ele>21.4</ele>
   </trkpt>
   <trkpt lat="56.1500000" lon="10.0666880">
    <ele>21.6</ele>
   </trkpt>
   <trkpt lat="56.1500150" lon="10.0667960">
    <ele>21.6</ele>
   </trkpt>
   <trkpt lat="56.1500290" lon="10.0669040">
    <ele>21.8</ele>
   </trkpt>
   <trkpt lat="56.1500420" lon="10.0670140">
    <ele>22.0</ele>
   </trkpt>
   <trkpt lat="56.1500560" lon="10.0671250">
    <ele>22.0</ele>
   </trkpt>
   <trkpt lat="56.1500730" lon="10.0672370">
    <ele>22.2</ele>
   </trkpt>
   <trkpt lat="56.1500850" lon="10.0673510">
    <ele>22.2</ele>
   </trkpt>
   <trkpt lat="56.1500930" lon="10.0674690">
    <ele>22.2</ele>
   </trkpt>
   <trkpt lat="56.1500960" lon="10.0675870">
    <ele>22.2</ele>
   </trkpt>
   <trkpt lat="56.1500950" lon="10.0677020">
    <ele>22.2</ele>
   </trkpt>
   <trkpt lat="56.1500910" lon="10.0678150">
    <ele>22.4</ele>
   </trkpt>
   <trkpt lat="56.1500880" lon="10.0679250">
    <ele>22.4</ele>
   </trkpt>
   <trkpt lat="56.1500800" lon="10.0680330">
    <ele>22.4</ele>
   </trkpt>
   <trkpt lat="56.1500700" lon="10.0681430">
    <ele>22.4</ele>
   </trkpt>
   <trkpt lat="56.1500640" lon="10.0682540">
    <ele>22.4</ele>
   </trkpt>
   <trkpt lat="56.1500620" lon="10.0683670">
    <ele>22.6</ele>
   </trkpt>
   <trkpt lat="56.1500610" lon="10.0684810">
    <ele>22.8</ele>
   </trkpt>
   <trkpt lat="56.1500600" lon="10.0685930">
    <ele>23.2</ele>
   </trkpt>
   <trkpt lat="56.1500630" lon="10.0687040">
    <ele>23.4</ele>
   </trkpt>
   <trkpt lat="56.1500680" lon="10.0688140">
    <ele>23.6</ele>
   </trkpt>
   <trkpt lat="56.1500730" lon="10.0689240">
    <ele>23.6</ele>
   </trkpt>
   <trkpt lat="56.1500760" lon="10.0690350">
    <ele>23.6</ele>
   </trkpt>
   <trkpt lat="56.1500810" lon="10.0691440">
    <ele>23.6</ele>
   </trkpt>
   <trkpt lat="56.1500940" lon="10.0692510">
    <ele>23.6</ele>
   </trkpt>
   <trkpt lat="56.1501190" lon="10.0693500">
    <ele>23.6</ele>
   </trkpt>
   <trkpt lat="56.1501600" lon="10.0694340">
    <ele>23.8</ele>
   </trkpt>
   <trkpt lat="56.1502080" lon="10.0694960">
    <ele>24.2</ele>
   </trkpt>
   <trkpt lat="56.1502650" lon="10.0695310">
    <ele>24.2</ele>
   </trkpt>
   <trkpt lat="56.1503250" lon="10.0695500">
    <ele>24.2</ele>
   </trkpt>
   <trkpt lat="56.1503850" lon="10.0695620">
    <ele>24.2</ele>
   </trkpt>
   <trkpt lat="56.1504420" lon="10.0695730">
    <ele>24.2</ele>
   </trkpt>
   <trkpt lat="56.1505000" lon="10.0695890">
    <ele>24.4</ele>
   </trkpt>
   <trkpt lat="56.1505560" lon="10.0696050">
    <ele>24.4</ele>
   </trkpt>
   <trkpt lat="56.1506130" lon="10.0696190">
    <ele>24.4</ele>
   </trkpt>
   <trkpt lat="56.1506700" lon="10.0696340">
    <ele>24.4</ele>
   </trkpt>
   <trkpt lat="56.1507240" lon="10.0696470">
    <ele>24.6</ele>
   </trkpt>
   <trkpt lat="56.1507790" lon="10.0696580">
    <ele>24.8</ele>
   </trkpt>
   <trkpt lat="56.1508320" lon="10.0696770">
    <ele>25.0</ele>
   </trkpt>
   <trkpt lat="56.1508850" lon="10.0696960">
    <ele>25.2</ele>
   </trkpt>
   <trkpt lat="56.1509380" lon="10.0697140">
    <ele>25.2</ele>
   </trkpt>
   <trkpt lat="56.1509920" lon="10.0697310">
    <ele>25.4</ele>
   </trkpt>
   <trkpt lat="56.1510450" lon="10.0697530">
    <ele>25.4</ele>
   </trkpt>
   <trkpt lat="56.1510970" lon="10.0697780">
    <ele>25.6</ele>
   </trkpt>
   <trkpt lat="56.1511460" lon="10.0698080">
    <ele>25.8</ele>
   </trkpt>
   <trkpt lat="56.1511950" lon="10.0698460">
    <ele>26.0</ele>
   </trkpt>
   <trkpt lat="56.1512430" lon="10.0698910">
    <ele>26.2</ele>
   </trkpt>
   <trkpt lat="56.1512900" lon="10.0699380">
    <ele>26.6</ele>
   </trkpt>
   <trkpt lat="56.1513380" lon="10.0699850">
    <ele>27.0</ele>
   </trkpt>
   <trkpt lat="56.1513860" lon="10.0700250">
    <ele>27.2</ele>
   </trkpt>
   <trkpt lat="56.1514360" lon="10.0700620">
    <ele>27.4</ele>
   </trkpt>
   <trkpt lat="56.1514860" lon="10.0700950">
    <ele>27.6</ele>
   </trkpt>
   <trkpt lat="56.1515370" lon="10.0701240">
    <ele>27.6</ele>
   </trkpt>
   <trkpt lat="56.1515870" lon="10.0701480">
    <ele>27.6</ele>
   </trkpt>
   <trkpt lat="56.1516370" lon="10.0701640">
    <ele>27.6</ele>
   </trkpt>
   <trkpt lat="56.1516860" lon="10.0701760">
    <ele>27.8</ele>
   </trkpt>
   <trkpt lat="56.1517350" lon="10.0701890">
    <ele>28.0</ele>
   </trkpt>
   <trkpt lat="56.1517810" lon="10.0702010">
    <ele>28.0</ele>
   </trkpt>
   <trkpt lat="56.1518250" lon="10.0702260">
    <ele>28.2</ele>
   </trkpt>
   <trkpt lat="56.1518590" lon="10.0702750">
    <ele>28.6</ele>
   </trkpt>
   <trkpt lat="56.1518760" lon="10.0703430">
    <ele>28.6</ele>
   </trkpt>
   <trkpt lat="56.1518790" lon="10.0704240">
    <ele>28.8</ele>
   </trkpt>
   <trkpt lat="56.1518770" lon="10.0705080">
    <ele>29.4</ele>
   </trkpt>
   <trkpt lat="56.1518730" lon="10.0705950">
    <ele>29.8</ele>
   </trkpt>
   <trkpt lat="56.1518670" lon="10.0706860">
    <ele>30.0</ele>
   </trkpt>
   <trkpt lat="56.1518610" lon="10.0707790">
    <ele>30.2</ele>
   </trkpt>
   <trkpt lat="56.1518550" lon="10.0708750">
    <ele>30.2</ele>
   </trkpt>
   <trkpt lat="56.1518500" lon="10.0709720">
    <ele>30.4</ele>
   </trkpt>
   <trkpt lat="56.1518450" lon="10.0710720">
    <ele>30.6</ele>
   </trkpt>
   <trkpt lat="56.1518430" lon="10.0711740">
    <ele>30.6</ele>
   </trkpt>
   <trkpt lat="56.1518400" lon="10.0712740">
    <ele>30.6</ele>
   </trkpt>
   <trkpt lat="56.1518380" lon="10.0713730">
    <ele>30.8</ele>
   </trkpt>
   <trkpt lat="56.1518350" lon="10.0714710">
    <ele>31.0</ele>
   </trkpt>
   <trkpt lat="56.1518320" lon="10.0715680">
    <ele>31.2</ele>
   </trkpt>
   <trkpt lat="56.1518300" lon="10.0716650">
    <ele>31.4</ele>
   </trkpt>
   <trkpt lat="56.1518290" lon="10.0717630">
    <ele>31.6</ele>
   </trkpt>
   <trkpt lat="56.1518290" lon="10.0718630">
    <ele>31.6</ele>
   </trkpt>
   <trkpt lat="56.1518290" lon="10.0719630">
    <ele>31.6</ele>
   </trkpt>
   <trkpt lat="56.1518290" lon="10.0720620">
    <ele>31.6</ele>
   </trkpt>
   <trkpt lat="56.1518300" lon="10.0721600">
    <ele>31.6</ele>
   </trkpt>
   <trkpt lat="56.1518310" lon="10.0722600">
    <ele>31.6</ele>
   </trkpt>
   <trkpt lat="56.1518320" lon="10.0723620">
    <ele>31.6</ele>
   </trkpt>
   <trkpt lat="56.1518350" lon="10.0724680">
    <ele>31.8</ele>
   </trkpt>
   <trkpt lat="56.1518380" lon="10.0725740">
    <ele>31.8</ele>
   </trkpt>
   <trkpt lat="56.1518420" lon="10.0726810">
    <ele>31.8</ele>
   </trkpt>
   <trkpt lat="56.1518470" lon="10.0727850">
    <ele>32.0</ele>
   </trkpt>
   <trkpt lat="56.1518520" lon="10.0728880">
    <ele>32.0</ele>
   </trkpt>
   <trkpt lat="56.1518590" lon="10.0729920">
    <ele>32.0</ele>
   </trkpt>
   <trkpt lat="56.1518600" lon="10.0730970">
    <ele>32.0</ele>
   </trkpt>
   <trkpt lat="56.1518430" lon="10.0731970">
    <ele>32.0</ele>
   </trkpt>
   <trkpt lat="56.1518070" lon="10.0732840">
    <ele>32.0</ele>
   </trkpt>
   <trkpt lat="56.1517610" lon="10.0733550">
    <ele>31.8</ele>
   </trkpt>
   <trkpt lat="56.1517130" lon="10.0734200">
    <ele>31.6</ele>
   </trkpt>
   <trkpt lat="56.1516690" lon="10.0734950">
    <ele>31.2</ele>
   </trkpt>
   <trkpt lat="56.1516290" lon="10.0735860">
    <ele>31.0</ele>
   </trkpt>
   <trkpt lat="56.1515940" lon="10.0736860">
    <ele>30.8</ele>
   </trkpt>
   <trkpt lat="56.1515650" lon="10.0737970">
    <ele>30.8</ele>
   </trkpt>
   <trkpt lat="56.1515460" lon="10.0739160">
    <ele>30.8</ele>
   </trkpt>
   <trkpt lat="56.1515310" lon="10.0740380">
    <ele>30.6</ele>
   </trkpt>
   <trkpt lat="56.1515140" lon="10.0741630">
    <ele>30.6</ele>
   </trkpt>
   <trkpt lat="56.1514950" lon="10.0742870">
    <ele>30.4</ele>
   </trkpt>
   <trkpt lat="56.1514750" lon="10.0744120">
    <ele>30.2</ele>
   </trkpt>
   <trkpt lat="56.1514550" lon="10.0745390">
    <ele>30.2</ele>
   </trkpt>
   <trkpt lat="56.1514340" lon="10.0746710">
    <ele>30.0</ele>
   </trkpt>
   <trkpt lat="56.1514120" lon="10.0748060">
    <ele>30.0</ele>
   </trkpt>
   <trkpt lat="56.1513920" lon="10.0749440">
    <ele>29.8</ele>
   </trkpt>
   <trkpt lat="56.1513740" lon="10.0750890">
    <ele>29.4</ele>
   </trkpt>
   <trkpt lat="56.1513550" lon="10.0752350">
    <ele>29.0</ele>
   </trkpt>
   <trkpt lat="56.1513330" lon="10.0753860">
    <ele>28.6</ele>
   </trkpt>
   <trkpt lat="56.1513130" lon="10.0755410">
    <ele>28.0</ele>
   </trkpt>
   <trkpt lat="56.1512950" lon="10.0756990">
    <ele>27.4</ele>
   </trkpt>
   <trkpt lat="56.1512770" lon="10.0758600">
    <ele>26.8</ele>
   </trkpt>
   <trkpt lat="56.1512620" lon="10.0760300">
    <ele>26.4</ele>
   </trkpt>
   <trkpt lat="56.1512500" lon="10.0762060">
    <ele>25.6</ele>
   </trkpt>
   <trkpt lat="56.1512390" lon="10.0763860">
    <ele>25.2</ele>
   </trkpt>
   <trkpt lat="56.1512260" lon="10.0765640">
    <ele>24.8</ele>
   </trkpt>
   <trkpt lat="56.1512110" lon="10.0767430">
    <ele>24.8</ele>
   </trkpt>
   <trkpt lat="56.1511990" lon="10.0769280">
    <ele>24.0</ele>
   </trkpt>
   <trkpt lat="56.1511860" lon="10.0771120">
    <ele>23.8</ele>
   </trkpt>
   <trkpt lat="56.1511630" lon="10.0772990">
    <ele>23.0</ele>
   </trkpt>
   <trkpt lat="56.1511270" lon="10.0774830">
    <ele>22.6</ele>
   </trkpt>
   <trkpt lat="56.1510830" lon="10.0776660">
    <ele>22.2</ele>
   </trkpt>
   <trkpt lat="56.1510340" lon="10.0778410">
    <ele>21.8</ele>
   </trkpt>
   <trkpt lat="56.1509890" lon="10.0780030">
    <ele>21.6</ele>
   </trkpt>
   <trkpt lat="56.1509440" lon="10.0781630">
    <ele>21.2</ele>
   </trkpt>
   <trkpt lat="56.1508970" lon="10.0783280">
    <ele>21.2</ele>
   </trkpt>
   <trkpt lat="56.1508550" lon="10.0784950">
    <ele>21.0</ele>
   </trkpt>
   <trkpt lat="56.1508150" lon="10.0786580">
    <ele>21.0</ele>
   </trkpt>
   <trkpt lat="56.1507770" lon="10.0788180">
    <ele>21.0</ele>
   </trkpt>
   <trkpt lat="56.1507410" lon="10.0789780">
    <ele>20.6</ele>
   </trkpt>
   <trkpt lat="56.1507040" lon="10.0791370">
    <ele>20.4</ele>
   </trkpt>
   <trkpt lat="56.1506660" lon="10.0792910">
    <ele>20.0</ele>
   </trkpt>
   <trkpt lat="56.1506300" lon="10.0794450">
    <ele>19.8</ele>
   </trkpt>
   <trkpt lat="56.1505940" lon="10.0795990">
    <ele>19.8</ele>
   </trkpt>
   <trkpt lat="56.1505580" lon="10.0797570">
    <ele>19.6</ele>
   </trkpt>
   <trkpt lat="56.1505200" lon="10.0799170">
    <ele>19.6</ele>
   </trkpt>
   <trkpt lat="56.1504770" lon="10.0800800">
    <ele>19.4</ele>
   </trkpt>
   <trkpt lat="56.1504310" lon="10.0802390">
    <ele>19.0</ele>
   </trkpt>
   <trkpt lat="56.1503850" lon="10.0803990">
    <ele>18.2</ele>
   </trkpt>
   <trkpt lat="56.1503440" lon="10.0805550">
    <ele>18.2</ele>
   </trkpt>
   <trkpt lat="56.1503020" lon="10.0807100">
    <ele>18.0</ele>
   </trkpt>
   <trkpt lat="56.1502620" lon="10.0808640">
    <ele>17.6</ele>
   </trkpt>
   <trkpt lat="56.1502260" lon="10.0810190">
    <ele>17.4</ele>
   </trkpt>
   <trkpt lat="56.1501950" lon="10.0811660">
    <ele>17.0</ele>
   </trkpt>
   <trkpt lat="56.1501580" lon="10.0813140">
    <ele>17.0</ele>
   </trkpt>
   <trkpt lat="56.1501160" lon="10.0814720">
    <ele>16.8</ele>
   </trkpt>
   <trkpt lat="56.1500710" lon="10.0816300">
    <ele>16.2</ele>
   </trkpt>
   <trkpt lat="56.1500260" lon="10.0817920">
    <ele>16.0</ele>
   </trkpt>
   <trkpt lat="56.1499840" lon="10.0819520">
    <ele>15.6</ele>
   </trkpt>
   <trkpt lat="56.1499440" lon="10.0821180">
    <ele>15.4</ele>
   </trkpt>
   <trkpt lat="56.1499100" lon="10.0822870">
    <ele>15.2</ele>
   </trkpt>
   <trkpt lat="56.1498860" lon="10.0824680">
    <ele>14.8</ele>
   </trkpt>
   <trkpt lat="56.1498810" lon="10.0826530">
    <ele>14.8</ele>
   </trkpt>
   <trkpt lat="56.1498890" lon="10.0828400">
    <ele>14.2</ele>
   </trkpt>
   <trkpt lat="56.1499020" lon="10.0830230">
    <ele>14.0</ele>
   </trkpt>
   <trkpt lat="56.1499150" lon="10.0832050">
    <ele>13.4</ele>
   </trkpt>
   <trkpt lat="56.1499190" lon="10.0833880">
    <ele>13.4</ele>
   </trkpt>
   <trkpt lat="56.1499120" lon="10.0835690">
    <ele>13.0</ele>
   </trkpt>
   <trkpt lat="56.1498950" lon="10.0837450">
    <ele>12.6</ele>
   </trkpt>
   <trkpt lat="56.1498720" lon="10.0839180">
    <ele>12.4</ele>
   </trkpt>
   <trkpt lat="56.1498450" lon="10.0840910">
    <ele>12.4</ele>
   </trkpt>
   <trkpt lat="56.1498250" lon="10.0842690">
    <ele>12.2</ele>
   </trkpt>
   <trkpt lat="56.1498060" lon="10.0844430">
    <ele>12.0</ele>
   </trkpt>
   <trkpt lat="56.1497900" lon="10.0846130">
    <ele>11.8</ele>
   </trkpt>
   <trkpt lat="56.1497730" lon="10.0847840">
    <ele>11.4</ele>
   </trkpt>
   <trkpt lat="56.1497540" lon="10.0849550">
    <ele>11.2</ele>
   </trkpt>
   <trkpt lat="56.1497350" lon="10.0851250">
    <ele>10.8</ele>
   </trkpt>
   <trkpt lat="56.1497150" lon="10.0852940">
    <ele>10.4</ele>
   </trkpt>
   <trkpt lat="56.1496960" lon="10.0854640">
    <ele>9.8</ele>
   </trkpt>
   <trkpt lat="56.1496790" lon="10.0856340">
    <ele>9.4</ele>
   </trkpt>
   <trkpt lat="56.1496610" lon="10.0858070">
    <ele>9.2</ele>
   </trkpt>
   <trkpt lat="56.1496400" lon="10.0859810">
    <ele>8.4</ele>
   </trkpt>
   <trkpt lat="56.1496180" lon="10.0861590">
    <ele>8.4</ele>
   </trkpt>
   <trkpt lat="56.1495960" lon="10.0863370">
    <ele>7.8</ele>
   </trkpt>
   <trkpt lat="56.1495770" lon="10.0865150">
    <ele>7.2</ele>
   </trkpt>
   <trkpt lat="56.1495630" lon="10.0866970">
    <ele>7.0</ele>
   </trkpt>
   <trkpt lat="56.1495460" lon="10.0868790">
    <ele>6.4</ele>
   </trkpt>
   <trkpt lat="56.1495240" lon="10.0870580">
    <ele>6.0</ele>
   </trkpt>
   <trkpt lat="56.1494970" lon="10.0872340">
    <ele>5.6</ele>
   </trkpt>
   <trkpt lat="56.1494780" lon="10.0874050">
    <ele>5.2</ele>
   </trkpt>
   <trkpt lat="56.1494690" lon="10.0875790">
    <ele>5.2</ele>
   </trkpt>
   <trkpt lat="56.1494630" lon="10.0877550">
    <ele>5.0</ele>
   </trkpt>
   <trkpt lat="56.1494590" lon="10.0879300">
    <ele>4.8</ele>
   </trkpt>
   <trkpt lat="56.1494560" lon="10.0881030">
    <ele>4.8</ele>
   </trkpt>
   <trkpt lat="56.1494550" lon="10.0882710">
    <ele>4.6</ele>
   </trkpt>
   <trkpt lat="56.1494530" lon="10.0884380">
    <ele>4.4</ele>
   </trkpt>
   <trkpt lat="56.1494510" lon="10.0885930">
    <ele>4.4</ele>
   </trkpt>
   <trkpt lat="56.1494480" lon="10.0887350">
    <ele>4.2</ele>
   </trkpt>
   <trkpt lat="56.1494430" lon="10.0888740">
    <ele>4.2</ele>
   </trkpt>
   <trkpt lat="56.1494380" lon="10.0890040">
    <ele>4.0</ele>
   </trkpt>
   <trkpt lat="56.1494350" lon="10.0891160">
    <ele>4.2</ele>
   </trkpt>
   <trkpt lat="56.1494360" lon="10.0892110">
    <ele>4.2</ele>
   </trkpt>
   <trkpt lat="56.1494400" lon="10.0892900">
    <ele>4.4</ele>
   </trkpt>
   <trkpt lat="56.1494430" lon="10.0893630">
    <ele>4.4</ele>
   </trkpt>
   <trkpt lat="56.1494490" lon="10.0894300">
    <ele>4.4</ele>
   </trkpt>
   <trkpt lat="56.1494530" lon="10.0895030">
    <ele>4.4</ele>
   </trkpt>
   <trkpt lat="56.1494580" lon="10.0895800">
    <ele>4.4</ele>
   </trkpt>
   <trkpt lat="56.1494610" lon="10.0896610">
    <ele>4.4</ele>
   </trkpt>
   <trkpt lat="56.1494550" lon="10.0897470">
    <ele>4.4</ele>
   </trkpt>
   <trkpt lat="56.1494440" lon="10.0898380">
    <ele>4.4</ele>
   </trkpt>
   <trkpt lat="56.1494370" lon="10.0899380">
    <ele>4.4</ele>
   </trkpt>
   <trkpt lat="56.1494340" lon="10.0900470">
    <ele>4.4</ele>
   </trkpt>
   <trkpt lat="56.1494320" lon="10.0901610">
    <ele>4.2</ele>
   </trkpt>
   <trkpt lat="56.1494350" lon="10.0902800">
    <ele>4.2</ele>
   </trkpt>
   <trkpt lat="56.1494430" lon="10.0904040">
    <ele>4.2</ele>
   </trkpt>
   <trkpt lat="56.1494560" lon="10.0905330">
    <ele>4.2</ele>
   </trkpt>
   <trkpt lat="56.1494730" lon="10.0906650">
    <ele>4.0</ele>
   </trkpt>
   <trkpt lat="56.1494930" lon="10.0907960">
    <ele>3.8</ele>
   </trkpt>
   <trkpt lat="56.1495130" lon="10.0909290">
    <ele>3.8</ele>
   </trkpt>
   <trkpt lat="56.1495350" lon="10.0910650">
    <ele>3.6</ele>
   </trkpt>
   <trkpt lat="56.1495600" lon="10.0912000">
    <ele>3.4</ele>
   </trkpt>
   <trkpt lat="56.1495930" lon="10.0913310">
    <ele>3.4</ele>
   </trkpt>
   <trkpt lat="56.1496300" lon="10.0914590">
    <ele>3.2</ele>
   </trkpt>
   <trkpt lat="56.1496700" lon="10.0915860">
    <ele>3.0</ele>
   </trkpt>
   <trkpt lat="56.1497110" lon="10.0917130">
    <ele>2.8</ele>
   </trkpt>
   <trkpt lat="56.1497520" lon="10.0918390">
    <ele>2.8</ele>
   </trkpt>
   <trkpt lat="56.1497930" lon="10.0919630">
    <ele>2.6</ele>
   </trkpt>
   <trkpt lat="56.1498330" lon="10.0920870">
    <ele>2.6</ele>
   </trkpt>
   <trkpt lat="56.1498720" lon="10.0922100">
    <ele>2.6</ele>
   </trkpt>
   <trkpt lat="56.1499090" lon="10.0923350">
    <ele>2.4</ele>
   </trkpt>
   <trkpt lat="56.1499460" lon="10.0924610">
    <ele>2.4</ele>
   </trkpt>
   <trkpt lat="56.1499840" lon="10.0925850">
    <ele>2.4</ele>
   </trkpt>
   <trkpt lat="56.1500190" lon="10.0927100">
    <ele>2.6</ele>
   </trkpt>
   <trkpt lat="56.1500530" lon="10.0928380">
    <ele>2.6</ele>
   </trkpt>
   <trkpt lat="56.1500850" lon="10.0929680">
    <ele>2.6</ele>
   </trkpt>
   <trkpt lat="56.1501180" lon="10.0930970">
    <ele>2.8</ele>
   </trkpt>
   <trkpt lat="56.1501490" lon="10.0932260">
    <ele>2.8</ele>
   </trkpt>
   <trkpt lat="56.1501780" lon="10.0933560">
    <ele>3.0</ele>
   </trkpt>
   <trkpt lat="56.1502010" lon="10.0934890">
    <ele>3.2</ele>
   </trkpt>
   <trkpt lat="56.1502220" lon="10.0936260">
    <ele>3.2</ele>
   </trkpt>
   <trkpt lat="56.1502410" lon="10.0937650">
    <ele>3.4</ele>
   </trkpt>
   <trkpt lat="56.1502550" lon="10.0939070">
    <ele>3.4</ele>
   </trkpt>
   <trkpt lat="56.1502650" lon="10.0940540">
    <ele>3.4</ele>
   </trkpt>
   <trkpt lat="56.1502710" lon="10.0942050">
    <ele>3.4</ele>
   </trkpt>
   <trkpt lat="56.1502780" lon="10.0943610">
    <ele>3.2</ele>
   </trkpt>
   <trkpt lat="56.1502860" lon="10.0945170">
    <ele>3.0</ele>
   </trkpt>
   <trkpt lat="56.1502910" lon="10.0946760">
    <ele>2.8</ele>
   </trkpt>
   <trkpt lat="56.1502940" lon="10.0948360">
    <ele>2.6</ele>
   </trkpt>
   <trkpt lat="56.1503000" lon="10.0949960">
    <ele>2.6</ele>
   </trkpt>
   <trkpt lat="56.1503050" lon="10.0951570">
    <ele>2.4</ele>
   </trkpt>
   <trkpt lat="56.1503080" lon="10.0953190">
    <ele>2.2</ele>
   </trkpt>
   <trkpt lat="56.1503100" lon="10.0954830">
    <ele>2.0</ele>
   </trkpt>
   <trkpt lat="56.1503150" lon="10.0956470">
    <ele>1.8</ele>
   </trkpt>
   <trkpt lat="56.1503250" lon="10.0958120">
    <ele>1.6</ele>
   </trkpt>
   <trkpt lat="56.1503440" lon="10.0959750">
    <ele>1.2</ele>
   </trkpt>
   <trkpt lat="56.1503740" lon="10.0961320">
    <ele>1.2</ele>
   </trkpt>
   <trkpt lat="56.1504120" lon="10.0962800">
    <ele>1.0</ele>
   </trkpt>
   <trkpt lat="56.1504540" lon="10.0964250">
    <ele>1.0</ele>
   </trkpt>
   <trkpt lat="56.1504980" lon="10.0965640">
    <ele>1.0</ele>
   </trkpt>
   <trkpt lat="56.1505410" lon="10.0967000">
    <ele>1.0</ele>
   </trkpt>
   <trkpt lat="56.1505810" lon="10.0968370">
    <ele>1.0</ele>
   </trkpt>
   <trkpt lat="56.1506180" lon="10.0969750">
    <ele>1.4</ele>
   </trkpt>
   <trkpt lat="56.1506520" lon="10.0971110">
    <ele>1.4</ele>
   </trkpt>
   <trkpt lat="56.1506830" lon="10.0972470">
    <ele>1.4</ele>
   </trkpt>
   <trkpt lat="56.1507120" lon="10.0973850">
    <ele>1.6</ele>
   </trkpt>
   <trkpt lat="56.1507410" lon="10.0975230">
    <ele>2.0</ele>
   </trkpt>
   <trkpt lat="56.1507660" lon="10.0976600">
    <ele>2.6</ele>
   </trkpt>
   <trkpt lat="56.1507840" lon="10.0978010">
    <ele>2.8</ele>
   </trkpt>
   <trkpt lat="56.1507950" lon="10.0979430">
    <ele>3.2</ele>
   </trkpt>
   <trkpt lat="56.1508050" lon="10.0980860">
    <ele>3.6</ele>
   </trkpt>
   <trkpt lat="56.1508170" lon="10.0982270">
    <ele>3.8</ele>
   </trkpt>
   <trkpt lat="56.1508300" lon="10.0983650">
    <ele>4.0</ele>
   </trkpt>
   <trkpt lat="56.1508400" lon="10.0985040">
    <ele>4.0</ele>
   </trkpt>
   <trkpt lat="56.1508520" lon="10.0986420">
    <ele>4.2</ele>
   </trkpt>
   <trkpt lat="56.1508640" lon="10.0987800">
    <ele>4.2</ele>
   </trkpt>
   <trkpt lat="56.1508790" lon="10.0989200">
    <ele>4.4</ele>
   </trkpt>
   <trkpt lat="56.1508920" lon="10.0990620">
    <ele>4.6</ele>
   </trkpt>
   <trkpt lat="56.1509050" lon="10.0992050">
    <ele>5.2</ele>
   </trkpt>
   <trkpt lat="56.1509190" lon="10.0993470">
    <ele>5.4</ele>
   </trkpt>
   <trkpt lat="56.1509350" lon="10.0994890">
    <ele>5.6</ele>
   </trkpt>
   <trkpt lat="56.1509480" lon="10.0996310">
    <ele>5.8</ele>
   </trkpt>
   <trkpt lat="56.1509600" lon="10.0997760">
    <ele>6.0</ele>
   </trkpt>
   <trkpt lat="56.1509700" lon="10.0999230">
    <ele>6.0</ele>
   </trkpt>
   <trkpt lat="56.1509800" lon="10.1000720">
    <ele>6.0</ele>
   </trkpt>
   <trkpt lat="56.1509940" lon="10.1002260">
    <ele>6.0</ele>
   </trkpt>
   <trkpt lat="56.1510090" lon="10.1003840">
    <ele>6.0</ele>
   </trkpt>
   <trkpt lat="56.1510240" lon="10.1005450">
    <ele>6.0</ele>
   </trkpt>
   <trkpt lat="56.1510360" lon="10.1007090">
    <ele>5.4</ele>
   </trkpt>
   <trkpt lat="56.1510470" lon="10.1008770">
    <ele>5.0</ele>
   </trkpt>
   <trkpt lat="56.1510580" lon="10.1010470">
    <ele>4.8</ele>
   </trkpt>
   <trkpt lat="56.1510660" lon="10.1012170">
    <ele>4.2</ele>
   </trkpt>
   <trkpt lat="56.1510700" lon="10.1013880">
    <ele>3.8</ele>
   </trkpt>
   <trkpt lat="56.1510710" lon="10.1015580">
    <ele>3.4</ele>
   </trkpt>
   <trkpt lat="56.1510690" lon="10.1017300">
    <ele>3.2</ele>
   </trkpt>
   <trkpt lat="56.1510610" lon="10.1019020">
    <ele>3.0</ele>
   </trkpt>
   <trkpt lat="56.1510500" lon="10.1020720">
    <ele>2.8</ele>
   </trkpt>
   <trkpt lat="56.1510350" lon="10.1022410">
    <ele>2.8</ele>
   </trkpt>
   <trkpt lat="56.1510180" lon="10.1024080">
    <ele>2.8</ele>
   </trkpt>
   <trkpt lat="56.1509980" lon="10.1025760">
    <ele>2.8</ele>
   </trkpt>
   <trkpt lat="56.1509740" lon="10.1027460">
    <ele>2.8</ele>
   </trkpt>
   <trkpt lat="56.1509460" lon="10.1029150">
    <ele>2.8</ele>
   </trkpt>
   <trkpt lat="56.1509140" lon="10.1030830">
    <ele>2.8</ele>
   </trkpt>
   <trkpt lat="56.1508780" lon="10.1032500">
    <ele>2.8</ele>
   </trkpt>
   <trkpt lat="56.1508390" lon="10.1034150">
    <ele>2.8</ele>
   </trkpt>
   <trkpt lat="56.1507970" lon="10.1035770">
    <ele>2.4</ele>
   </trkpt>
   <trkpt lat="56.1507530" lon="10.1037350">
    <ele>2.4</ele>
   </trkpt>
   <trkpt lat="56.1507070" lon="10.1038920">
    <ele>2.4</ele>
   </trkpt>
   <trkpt lat="56.1506600" lon="10.1040440">
    <ele>2.2</ele>
   </trkpt>
   <trkpt lat="56.1506090" lon="10.1041970">
    <ele>2.2</ele>
   </trkpt>
   <trkpt lat="56.1505600" lon="10.1043490">
    <ele>2.0</ele>
   </trkpt>
   <trkpt lat="56.1505110" lon="10.1045040">
    <ele>1.8</ele>
   </trkpt>
   <trkpt lat="56.1504630" lon="10.1046590">
    <ele>1.6</ele>
   </trkpt>
   <trkpt lat="56.1504180" lon="10.1048130">
    <ele>1.4</ele>
   </trkpt>
   <trkpt lat="56.1503770" lon="10.1049700">
    <ele>1.2</ele>
   </trkpt>
   <trkpt lat="56.1503430" lon="10.1051360">
    <ele>1.0</ele>
   </trkpt>
   <trkpt lat="56.1503170" lon="10.1053060">
    <ele>1.0</ele>
   </trkpt>
   <trkpt lat="56.1502990" lon="10.1054760">
    <ele>0.8</ele>
   </trkpt>
   <trkpt lat="56.1502800" lon="10.1056470">
    <ele>0.8</ele>
   </trkpt>
   <trkpt lat="56.1502580" lon="10.1058150">
    <ele>0.8</ele>
   </trkpt>
   <trkpt lat="56.1502340" lon="10.1059790">
    <ele>0.8</ele>
   </trkpt>
   <trkpt lat="56.1502110" lon="10.1061430">
    <ele>0.8</ele>
   </trkpt>
   <trkpt lat="56.1501910" lon="10.1063080">
    <ele>1.0</ele>
   </trkpt>
   <trkpt lat="56.1501800" lon="10.1064760">
    <ele>1.2</ele>
   </trkpt>
   <trkpt lat="56.1501790" lon="10.1066430">
    <ele>1.2</ele>
   </trkpt>
   <trkpt lat="56.1501850" lon="10.1068090">
    <ele>1.2</ele>
   </trkpt>
   <trkpt lat="56.1501920" lon="10.1069740">
    <ele>1.2</ele>
   </trkpt>
   <trkpt lat="56.1502000" lon="10.1071380">
    <ele>1.2</ele>
   </trkpt>
   <trkpt lat="56.1502090" lon="10.1073060">
    <ele>1.2</ele>
   </trkpt>
   <trkpt lat="56.1502230" lon="10.1074710">
    <ele>1.2</ele>
   </trkpt>
   <trkpt lat="56.1502480" lon="10.1076320">
    <ele>1.2</ele>
   </trkpt>
   <trkpt lat="56.1502850" lon="10.1077860">
    <ele>1.2</ele>
   </trkpt>
   <trkpt lat="56.1503280" lon="10.1079240">
    <ele>1.2</ele>
   </trkpt>
   <trkpt lat="56.1503690" lon="10.1080590">
    <ele>1.2</ele>
   </trkpt>
   <trkpt lat="56.1504050" lon="10.1082000">
    <ele>1.2</ele>
   </trkpt>
   <trkpt lat="56.1504310" lon="10.1083470">
    <ele>1.2</ele>
   </trkpt>
   <trkpt lat="56.1504420" lon="10.1084990">
    <ele>1.2</ele>
   </trkpt>
   <trkpt lat="56.1504380" lon="10.1086490">
    <ele>1.2</ele>
   </trkpt>
   <trkpt lat="56.1504160" lon="10.1087940">
    <ele>1.2</ele>
   </trkpt>
   <trkpt lat="56.1503800" lon="10.1089350">
    <ele>1.4</ele>
   </trkpt>
   <trkpt lat="56.1503360" lon="10.1090660">
    <ele>1.4</ele>
   </trkpt>
   <trkpt lat="56.1502880" lon="10.1091920">
    <ele>1.4</ele>
   </trkpt>
   <trkpt lat="56.1502430" lon="10.1093270">
    <ele>1.4</ele>
   </trkpt>
   <trkpt lat="56.1502050" lon="10.1094700">
    <ele>1.4</ele>
   </trkpt>
   <trkpt lat="56.1501740" lon="10.1096160">
    <ele>1.4</ele>
   </trkpt>
   <trkpt lat="56.1501460" lon="10.1097670">
    <ele>1.4</ele>
   </trkpt>
   <trkpt lat="56.1501190" lon="10.1099160">
    <ele>1.4</ele>
   </trkpt>
   <trkpt lat="56.1500930" lon="10.1100640">
    <ele>1.4</ele>
   </trkpt>
   <trkpt lat="56.1500670" lon="10.1102160">
    <ele>1.4</ele>
   </trkpt>
   <trkpt lat="56.1500430" lon="10.1103700">
    <ele>1.4</ele>
   </trkpt>
   <trkpt lat="56.1500180" lon="10.1105260">
    <ele>1.4</ele>
   </trkpt>
   <trkpt lat="56.1499940" lon="10.1106810">
    <ele>1.6</ele>
   </trkpt>
   <trkpt lat="56.1499710" lon="10.1108320">
    <ele>1.6</ele>
   </trkpt>
   <trkpt lat="56.1499460" lon="10.1109830">
    <ele>1.6</ele>
   </trkpt>
   <trkpt lat="56.1499220" lon="10.1111330">
    <ele>1.6</ele>
   </trkpt>
   <trkpt lat="56.1498970" lon="10.1112810">
    <ele>1.6</ele>
   </trkpt>
   <trkpt lat="56.1498700" lon="10.1114280">
    <ele>1.8</ele>
   </trkpt>
   <trkpt lat="56.1498420" lon="10.1115730">
    <ele>1.8</ele>
   </trkpt>
   <trkpt lat="56.1498140" lon="10.1117200">
    <ele>1.8</ele>
   </trkpt>
   <trkpt lat="56.1497870" lon="10.1118680">
    <ele>1.8</ele>
   </trkpt>
   <trkpt lat="56.1497590" lon="10.1120150">
    <ele>1.6</ele>
   </trkpt>
   <trkpt lat="56.1497290" lon="10.1121630">
    <ele>1.6</ele>
   </trkpt>
   <trkpt lat="56.1496990" lon="10.1123110">
    <ele>1.4</ele>
   </trkpt>
   <trkpt lat="56.1496710" lon="10.1124600">
    <ele>1.4</ele>
   </trkpt>
   <trkpt lat="56.1496420" lon="10.1126090">
    <ele>1.4</ele>
   </trkpt>
   <trkpt lat="56.1496120" lon="10.1127560">
    <ele>1.4</ele>
   </trkpt>
   <trkpt lat="56.1495810" lon="10.1129010">
    <ele>1.4</ele>
   </trkpt>
   <trkpt lat="56.1495510" lon="10.1130470">
    <ele>1.4</ele>
   </trkpt>
   <trkpt lat="56.1495220" lon="10.1131940">
    <ele>1.4</ele>
   </trkpt>
   <trkpt lat="56.1494910" lon="10.1133420">
    <ele>1.4</ele>
   </trkpt>
   <trkpt lat="56.1494590" lon="10.1134910">
    <ele>1.4</ele>
   </trkpt>
   <trkpt lat="56.1494260" lon="10.1136410">
    <ele>1.4</ele>
   </trkpt>
   <trkpt lat="56.1493930" lon="10.1137900">
    <ele>1.4</ele>
   </trkpt>
   <trkpt lat="56.1493580" lon="10.1139360">
    <ele>1.4</ele>
   </trkpt>
   <trkpt lat="56.1493240" lon="10.1140820">
    <ele>1.4</ele>
   </trkpt>
   <trkpt lat="56.1492920" lon="10.1142270">
    <ele>1.2</ele>
   </trkpt>
   <trkpt lat="56.1492590" lon="10.1143700">
    <ele>1.2</ele>
   </trkpt>
   <trkpt lat="56.1492260" lon="10.1145130">
    <ele>1.2</ele>
   </trkpt>
   <trkpt lat="56.1491930" lon="10.1146570">
    <ele>1.2</ele>
   </trkpt>
   <trkpt lat="56.1491580" lon="10.1148000">
    <ele>1.4</ele>
   </trkpt>
   <trkpt lat="56.1491220" lon="10.1149430">
    <ele>1.4</ele>
   </trkpt>
   <trkpt lat="56.1490840" lon="10.1150850">
    <ele>1.4</ele>
   </trkpt>
   <trkpt lat="56.1490490" lon="10.1152250">
    <ele>1.4</ele>
   </trkpt>
   <trkpt lat="56.1490130" lon="10.1153660">
    <ele>1.4</ele>
   </trkpt>
   <trkpt lat="56.1489750" lon="10.1155060">
    <ele>1.4</ele>
   </trkpt>
   <trkpt lat="56.1489390" lon="10.1156470">
    <ele>1.2</ele>
   </trkpt>
   <trkpt lat="56.1489030" lon="10.1157870">
    <ele>1.2</ele>
   </trkpt>
   <trkpt lat="56.1488650" lon="10.1159250">
    <ele>1.0</ele>
   </trkpt>
   <trkpt lat="56.1488270" lon="10.1160630">
    <ele>1.0</ele>
   </trkpt>
   <trkpt lat="56.1487910" lon="10.1162010">
    <ele>1.0</ele>
   </trkpt>
   <trkpt lat="56.1487520" lon="10.1163370">
    <ele>1.0</ele>
   </trkpt>
   <trkpt lat="56.1487100" lon="10.1164710">
    <ele>1.0</ele>
   </trkpt>
   <trkpt lat="56.1486620" lon="10.1166030">
    <ele>1.0</ele>
   </trkpt>
   <trkpt lat="56.1486100" lon="10.1167210">
    <ele>1.0</ele>
   </trkpt>
   <trkpt lat="56.1485520" lon="10.1168200">
    <ele>1.0</ele>
   </trkpt>
   <trkpt lat="56.1484880" lon="10.1169130">
    <ele>1.0</ele>
   </trkpt>
   <trkpt lat="56.1484190" lon="10.1170010">
    <ele>1.0</ele>
   </trkpt>
   <trkpt lat="56.1483510" lon="10.1170900">
    <ele>1.0</ele>
   </trkpt>
   <trkpt lat="56.1482800" lon="10.1171770">
    <ele>1.0</ele>
   </trkpt>
   <trkpt lat="56.1482100" lon="10.1172650">
    <ele>1.2</ele>
   </trkpt>
   <trkpt lat="56.1481420" lon="10.1173570">
    <ele>1.0</ele>
   </trkpt>
   <trkpt lat="56.1480770" lon="10.1174550">
    <ele>1.0</ele>
   </trkpt>
   <trkpt lat="56.1480150" lon="10.1175590">
    <ele>1.0</ele>
   </trkpt>
   <trkpt lat="56.1479580" lon="10.1176710">
    <ele>1.2</ele>
   </trkpt>
   <trkpt lat="56.1479080" lon="10.1177870">
    <ele>1.2</ele>
   </trkpt>
   <trkpt lat="56.1478580" lon="10.1179110">
    <ele>1.2</ele>
   </trkpt>
   <trkpt lat="56.1478120" lon="10.1180400">
    <ele>1.2</ele>
   </trkpt>
   <trkpt lat="56.1477700" lon="10.1181690">
    <ele>1.2</ele>
   </trkpt>
   <trkpt lat="56.1477330" lon="10.1183040">
    <ele>1.2</ele>
   </trkpt>
   <trkpt lat="56.1477020" lon="10.1184450">
    <ele>1.4</ele>
   </trkpt>
   <trkpt lat="56.1476770" lon="10.1185900">
    <ele>1.2</ele>
   </trkpt>
   <trkpt lat="56.1476560" lon="10.1187370">
    <ele>1.2</ele>
   </trkpt>
   <trkpt lat="56.1476380" lon="10.1188840">
    <ele>1.2</ele>
   </trkpt>
   <trkpt lat="56.1476200" lon="10.1190320">
    <ele>1.2</ele>
   </trkpt>
   <trkpt lat="56.1476060" lon="10.1191790">
    <ele>1.4</ele>
   </trkpt>
   <trkpt lat="56.1475920" lon="10.1193270">
    <ele>1.2</ele>
   </trkpt>
   <trkpt lat="56.1475760" lon="10.1194780">
    <ele>1.2</ele>
   </trkpt>
   <trkpt lat="56.1475590" lon="10.1196310">
    <ele>1.2</ele>
   </trkpt>
   <trkpt lat="56.1475400" lon="10.1197810">
    <ele>1.2</ele>
   </trkpt>
   <trkpt lat="56.1475210" lon="10.1199300">
    <ele>1.2</ele>
   </trkpt>
   <trkpt lat="56.1475040" lon="10.1200820">
    <ele>1.0</ele>
   </trkpt>
   <trkpt lat="56.1474880" lon="10.1202310">
    <ele>1.0</ele>
   </trkpt>
   <trkpt lat="56.1474710" lon="10.1203810">
    <ele>1.0</ele>
   </trkpt>
   <trkpt lat="56.1474530" lon="10.1205330">
    <ele>1.0</ele>
   </trkpt>
   <trkpt lat="56.1474370" lon="10.1206840">
    <ele>1.0</ele>
   </trkpt>
   <trkpt lat="56.1474210" lon="10.1208370">
    <ele>1.0</ele>
   </trkpt>
   <trkpt lat="56.1474080" lon="10.1209910">
    <ele>1.2</ele>
   </trkpt>
   <trkpt lat="56.1473950" lon="10.1211440">
    <ele>1.2</ele>
   </trkpt>
   <trkpt lat="56.1473840" lon="10.1212980">
    <ele>1.2</ele>
   </trkpt>
   <trkpt lat="56.1473760" lon="10.1214530">
    <ele>1.2</ele>
   </trkpt>
   <trkpt lat="56.1473690" lon="10.1216110">
    <ele>1.2</ele>
   </trkpt>
   <trkpt lat="56.1473700" lon="10.1217700">
    <ele>1.4</ele>
   </trkpt>
   <trkpt lat="56.1473740" lon="10.1219280">
    <ele>1.4</ele>
   </trkpt>
   <trkpt lat="56.1473830" lon="10.1220860">
    <ele>1.4</ele>
   </trkpt>
   <trkpt lat="56.1473960" lon="10.1222430">
    <ele>1.4</ele>
   </trkpt>
   <trkpt lat="56.1474130" lon="10.1223990">
    <ele>1.6</ele>
   </trkpt>
   <trkpt lat="56.1474340" lon="10.1225550">
    <ele>1.4</ele>
   </trkpt>
   <trkpt lat="56.1474580" lon="10.1227090">
    <ele>1.4</ele>
   </trkpt>
   <trkpt lat="56.1474840" lon="10.1228610">
    <ele>1.4</ele>
   </trkpt>
   <trkpt lat="56.1475100" lon="10.1230100">
    <ele>1.2</ele>
   </trkpt>
   <trkpt lat="56.1475340" lon="10.1231600">
    <ele>1.0</ele>
   </trkpt>
   <trkpt lat="56.1475600" lon="10.1233060">
    <ele>0.8</ele>
   </trkpt>
   <trkpt lat="56.1475860" lon="10.1234520">
    <ele>0.6</ele>
   </trkpt>
   <trkpt lat="56.1476110" lon="10.1235980">
    <ele>0.6</ele>
   </trkpt>
   <trkpt lat="56.1476380" lon="10.1237430">
    <ele>0.6</ele>
   </trkpt>
   <trkpt lat="56.1476640" lon="10.1238880">
    <ele>0.6</ele>
   </trkpt>
   <trkpt lat="56.1476890" lon="10.1240350">
    <ele>0.6</ele>
   </trkpt>
   <trkpt lat="56.1477150" lon="10.1241800">
    <ele>0.6</ele>
   </trkpt>
   <trkpt lat="56.1477410" lon="10.1243250">
    <ele>0.6</ele>
   </trkpt>
   <trkpt lat="56.1477670" lon="10.1244680">
    <ele>0.4</ele>
   </trkpt>
   <trkpt lat="56.1477890" lon="10.1246150">
    <ele>0.4</ele>
   </trkpt>
   <trkpt lat="56.1478050" lon="10.1247630">
    <ele>0.4</ele>
   </trkpt>
   <trkpt lat="56.1478090" lon="10.1249130">
    <ele>0.4</ele>
   </trkpt>
   <trkpt lat="56.1477980" lon="10.1250640">
    <ele>0.4</ele>
   </trkpt>
   <trkpt lat="56.1477780" lon="10.1252130">
    <ele>0.6</ele>
   </trkpt>
   <trkpt lat="56.1477550" lon="10.1253610">
    <ele>0.6</ele>
   </trkpt>
   <trkpt lat="56.1477330" lon="10.1255080">
    <ele>0.8</ele>
   </trkpt>
   <trkpt lat="56.1477140" lon="10.1256550">
    <ele>1.0</ele>
   </trkpt>
   <trkpt lat="56.1476930" lon="10.1258030">
    <ele>1.2</ele>
   </trkpt>
   <trkpt lat="56.1476690" lon="10.1259500">
    <ele>1.4</ele>
   </trkpt>
   <trkpt lat="56.1476450" lon="10.1260990">
    <ele>1.4</ele>
   </trkpt>
   <trkpt lat="56.1476230" lon="10.1262500">
    <ele>1.4</ele>
   </trkpt>
   <trkpt lat="56.1476030" lon="10.1264000">
    <ele>1.4</ele>
   </trkpt>
   <trkpt lat="56.1475820" lon="10.1265470">
    <ele>1.4</ele>
   </trkpt>
   <trkpt lat="56.1475590" lon="10.1266940">
    <ele>1.4</ele>
   </trkpt>
   <trkpt lat="56.1475360" lon="10.1268390">
    <ele>1.2</ele>
   </trkpt>
   <trkpt lat="56.1475130" lon="10.1269870">
    <ele>1.2</ele>
   </trkpt>
   <trkpt lat="56.1474910" lon="10.1271360">
    <ele>1.2</ele>
   </trkpt>
   <trkpt lat="56.1474680" lon="10.1272830">
    <ele>1.2</ele>
   </trkpt>
   <trkpt lat="56.1474440" lon="10.1274280">
    <ele>1.2</ele>
   </trkpt>
   <trkpt lat="56.1474180" lon="10.1275740">
    <ele>1.2</ele>
   </trkpt>
   <trkpt lat="56.1473900" lon="10.1277170">
    <ele>1.2</ele>
   </trkpt>
   <trkpt lat="56.1473610" lon="10.1278610">
    <ele>1.2</ele>
   </trkpt>
   <trkpt lat="56.1473310" lon="10.1280080">
    <ele>1.2</ele>
   </trkpt>
   <trkpt lat="56.1473010" lon="10.1281560">
    <ele>1.2</ele>
   </trkpt>
   <trkpt lat="56.1472700" lon="10.1283030">
    <ele>1.0</ele>
   </trkpt>
   <trkpt lat="56.1472440" lon="10.1284520">
    <ele>1.0</ele>
   </trkpt>
   <trkpt lat="56.1472270" lon="10.1286050">
    <ele>1.0</ele>
   </trkpt>
   <trkpt lat="56.1472230" lon="10.1287620">
    <ele>1.0</ele>
   </trkpt>
   <trkpt lat="56.1472300" lon="10.1289190">
    <ele>1.0</ele>
   </trkpt>
   <trkpt lat="56.1472420" lon="10.1290750">
    <ele>0.8</ele>
   </trkpt>
   <trkpt lat="56.1472560" lon="10.1292280">
    <ele>0.8</ele>
   </trkpt>
   <trkpt lat="56.1472650" lon="10.1293810">
    <ele>1.0</ele>
   </trkpt>
   <trkpt lat="56.1472700" lon="10.1295330">
    <ele>1.0</ele>
   </trkpt>
   <trkpt lat="56.1472690" lon="10.1296840">
    <ele>1.0</ele>
   </trkpt>
   <trkpt lat="56.1472640" lon="10.1298350">
    <ele>1.0</ele>
   </trkpt>
   <trkpt lat="56.1472570" lon="10.1299830">
    <ele>1.2</ele>
   </trkpt>
   <trkpt lat="56.1472470" lon="10.1301310">
    <ele>1.4</ele>
   </trkpt>
   <trkpt lat="56.1472360" lon="10.1302750">
    <ele>1.4</ele>
   </trkpt>
   <trkpt lat="56.1472200" lon="10.1304180">
    <ele>1.8</ele>
   </trkpt>
   <trkpt lat="56.1472010" lon="10.1305610">
    <ele>2.0</ele>
   </trkpt>
   <trkpt lat="56.1471780" lon="10.1307010">
    <ele>2.2</ele>
   </trkpt>
   <trkpt lat="56.1471520" lon="10.1308390">
    <ele>2.2</ele>
   </trkpt>
   <trkpt lat="56.1471210" lon="10.1309750">
    <ele>2.2</ele>
   </trkpt>
   <trkpt lat="56.1470850" lon="10.1311050">
    <ele>2.4</ele>
   </trkpt>
   <trkpt lat="56.1470450" lon="10.1312360">
    <ele>2.4</ele>
   </trkpt>
   <trkpt lat="56.1470000" lon="10.1313640">
    <ele>2.2</ele>
   </trkpt>
   <trkpt lat="56.1469520" lon="10.1314910">
    <ele>2.4</ele>
   </trkpt>
   <trkpt lat="56.1469020" lon="10.1316140">
    <ele>2.2</ele>
   </trkpt>
   <trkpt lat="56.1468500" lon="10.1317320">
    <ele>2.2</ele>
   </trkpt>
   <trkpt lat="56.1468000" lon="10.1318440">
    <ele>2.4</ele>
   </trkpt>
   <trkpt lat="56.1467530" lon="10.1319500">
    <ele>2.4</ele>
   </trkpt>
   <trkpt lat="56.1467020" lon="10.1320490">
    <ele>2.4</ele>
   </trkpt>
   <trkpt lat="56.1466420" lon="10.1321350">
    <ele>2.4</ele>
   </trkpt>
   <trkpt lat="56.1465790" lon="10.1322180">
    <ele>2.4</ele>
   </trkpt>
   <trkpt lat="56.1465150" lon="10.1323020">
    <ele>2.6</ele>
   </trkpt>
   <trkpt lat="56.1464490" lon="10.1323860">
    <ele>2.6</ele>
   </trkpt>
   <trkpt lat="56.1463800" lon="10.1324670">
    <ele>2.6</ele>
   </trkpt>
   <trkpt lat="56.1463080" lon="10.1325450">
    <ele>2.8</ele>
   </trkpt>
   <trkpt lat="56.1462330" lon="10.1326210">
    <ele>2.8</ele>
   </trkpt>
   <trkpt lat="56.1461590" lon="10.1326980">
    <ele>2.8</ele>
   </trkpt>
   <trkpt lat="56.1460840" lon="10.1327730">
    <ele>2.8</ele>
   </trkpt>
   <trkpt lat="56.1460090" lon="10.1328530">
    <ele>2.8</ele>
   </trkpt>
   <trkpt lat="56.1459340" lon="10.1329330">
    <ele>2.8</ele>
   </trkpt>
   <trkpt lat="56.1458570" lon="10.1330130">
    <ele>2.8</ele>
   </trkpt>
   <trkpt lat="56.1457810" lon="10.1330910">
    <ele>2.6</ele>
   </trkpt>
   <trkpt lat="56.1457050" lon="10.1331700">
    <ele>2.6</ele>
   </trkpt>
   <trkpt lat="56.1456280" lon="10.1332520">
    <ele>2.6</ele>
   </trkpt>
   <trkpt lat="56.1455510" lon="10.1333350">
    <ele>2.4</ele>
   </trkpt>
   <trkpt lat="56.1454750" lon="10.1334200">
    <ele>2.2</ele>
   </trkpt>
   <trkpt lat="56.1454000" lon="10.1335100">
    <ele>2.2</ele>
   </trkpt>
   <trkpt lat="56.1453290" lon="10.1336100">
    <ele>1.8</ele>
   </trkpt>
   <trkpt lat="56.1452610" lon="10.1337160">
    <ele>1.8</ele>
   </trkpt>
   <trkpt lat="56.1451970" lon="10.1338270">
    <ele>1.8</ele>
   </trkpt>
   <trkpt lat="56.1451380" lon="10.1339420">
    <ele>1.8</ele>
   </trkpt>
   <trkpt lat="56.1450810" lon="10.1340660">
    <ele>1.8</ele>
   </trkpt>
   <trkpt lat="56.1450270" lon="10.1341970">
    <ele>1.8</ele>
   </trkpt>
   <trkpt lat="56.1449790" lon="10.1343310">
    <ele>1.8</ele>
   </trkpt>
   <trkpt lat="56.1449380" lon="10.1344720">
    <ele>1.8</ele>
   </trkpt>
   <trkpt lat="56.1449000" lon="10.1346160">
    <ele>1.8</ele>
   </trkpt>
   <trkpt lat="56.1448630" lon="10.1347590">
    <ele>1.8</ele>
   </trkpt>
   <trkpt lat="56.1448280" lon="10.1349020">
    <ele>1.6</ele>
   </trkpt>
   <trkpt lat="56.1447930" lon="10.1350440">
    <ele>1.6</ele>
   </trkpt>
   <trkpt lat="56.1447560" lon="10.1351870">
    <ele>1.6</ele>
   </trkpt>
   <trkpt lat="56.1447190" lon="10.1353320">
    <ele>1.6</ele>
   </trkpt>
   <trkpt lat="56.1446830" lon="10.1354780">
    <ele>1.4</ele>
   </trkpt>
   <trkpt lat="56.1446470" lon="10.1356230">
    <ele>1.4</ele>
   </trkpt>
   <trkpt lat="56.1446100" lon="10.1357670">
    <ele>1.4</ele>
   </trkpt>
   <trkpt lat="56.1445730" lon="10.1359110">
    <ele>1.4</ele>
   </trkpt>
   <trkpt lat="56.1445360" lon="10.1360540">
    <ele>1.4</ele>
   </trkpt>
   <trkpt lat="56.1444990" lon="10.1361970">
    <ele>1.4</ele>
   </trkpt>
   <trkpt lat="56.1444600" lon="10.1363380">
    <ele>1.4</ele>
   </trkpt>
   <trkpt lat="56.1444180" lon="10.1364750">
    <ele>1.4</ele>
   </trkpt>
   <trkpt lat="56.1443730" lon="10.1366060">
    <ele>1.4</ele>
   </trkpt>
   <trkpt lat="56.1443240" lon="10.1367320">
    <ele>1.4</ele>
   </trkpt>
   <trkpt lat="56.1442730" lon="10.1368510">
    <ele>1.4</ele>
   </trkpt>
   <trkpt lat="56.1442210" lon="10.1369640">
    <ele>1.4</ele>
   </trkpt>
   <trkpt lat="56.1441640" lon="10.1370720">
    <ele>1.2</ele>
   </trkpt>
   <trkpt lat="56.1441050" lon="10.1371710">
    <ele>1.4</ele>
   </trkpt>
   <trkpt lat="56.1440470" lon="10.1372710">
    <ele>1.4</ele>
   </trkpt>
   <trkpt lat="56.1439900" lon="10.1373660">
    <ele>1.4</ele>
   </trkpt>
   <trkpt lat="56.1439310" lon="10.1374610">
    <ele>1.4</ele>
   </trkpt>
   <trkpt lat="56.1438720" lon="10.1375570">
    <ele>1.6</ele>
   </trkpt>
   <trkpt lat="56.1438120" lon="10.1376530">
    <ele>1.8</ele>
   </trkpt>
   <trkpt lat="56.1437510" lon="10.1377500">
    <ele>1.8</ele>
   </trkpt>
   <trkpt lat="56.1436910" lon="10.1378500">
    <ele>1.8</ele>
   </trkpt>
   <trkpt lat="56.1436310" lon="10.1379490">
    <ele>2.0</ele>
   </trkpt>
   <trkpt lat="56.1435690" lon="10.1380470">
    <ele>2.0</ele>
   </trkpt>
   <trkpt lat="56.1435050" lon="10.1381440">
    <ele>2.2</ele>
   </trkpt>
   <trkpt lat="56.1434430" lon="10.1382440">
    <ele>2.2</ele>
   </trkpt>
   <trkpt lat="56.1433820" lon="10.1383450">
    <ele>2.2</ele>
   </trkpt>
   <trkpt lat="56.1433200" lon="10.1384420">
    <ele>2.2</ele>
   </trkpt>
   <trkpt lat="56.1432580" lon="10.1385380">
    <ele>2.4</ele>
   </trkpt>
   <trkpt lat="56.1431940" lon="10.1386380">
    <ele>2.2</ele>
   </trkpt>
   <trkpt lat="56.1431330" lon="10.1387400">
    <ele>2.2</ele>
   </trkpt>
   <trkpt lat="56.1430740" lon="10.1388460">
    <ele>2.2</ele>
   </trkpt>
   <trkpt lat="56.1430140" lon="10.1389540">
    <ele>2.2</ele>
   </trkpt>
   <trkpt lat="56.1429540" lon="10.1390610">
    <ele>2.0</ele>
   </trkpt>
   <trkpt lat="56.1428900" lon="10.1391680">
    <ele>2.0</ele>
   </trkpt>
   <trkpt lat="56.1428240" lon="10.1392700">
    <ele>1.8</ele>
   </trkpt>
   <trkpt lat="56.1427540" lon="10.1393660">
    <ele>1.6</ele>
   </trkpt>
   <trkpt lat="56.1426870" lon="10.1394640">
    <ele>1.6</ele>
   </trkpt>
   <trkpt lat="56.1426190" lon="10.1395630">
    <ele>1.2</ele>
   </trkpt>
   <trkpt lat="56.1425540" lon="10.1396670">
    <ele>1.0</ele>
   </trkpt>
   <trkpt lat="56.1424910" lon="10.1397680">
    <ele>0.8</ele>
   </trkpt>
   <trkpt lat="56.1424280" lon="10.1398710">
    <ele>0.6</ele>
   </trkpt>
   <trkpt lat="56.1423650" lon="10.1399740">
    <ele>0.6</ele>
   </trkpt>
   <trkpt lat="56.1423010" lon="10.1400770">
    <ele>0.4</ele>
   </trkpt>
   <trkpt lat="56.1422380" lon="10.1401830">
    <ele>0.4</ele>
   </trkpt>
   <trkpt lat="56.1421750" lon="10.1402870">
    <ele>0.4</ele>
   </trkpt>
   <trkpt lat="56.1421130" lon="10.1403920">
    <ele>0.4</ele>
   </trkpt>
   <trkpt lat="56.1420510" lon="10.1404940">
    <ele>0.2</ele>
   </trkpt>
   <trkpt lat="56.1419880" lon="10.1405960">
    <ele>0.2</ele>
   </trkpt>
   <trkpt lat="56.1419250" lon="10.1406980">
    <ele>0.2</ele>
   </trkpt>
   <trkpt lat="56.1418610" lon="10.1407990">
    <ele>0.2</ele>
   </trkpt>
   <trkpt lat="56.1417980" lon="10.1409010">
    <ele>0.2</ele>
   </trkpt>
   <trkpt lat="56.1417380" lon="10.1410080">
    <ele>0.4</ele>
   </trkpt>
   <trkpt lat="56.1416830" lon="10.1411250">
    <ele>0.6</ele>
   </trkpt>
   <trkpt lat="56.1416320" lon="10.1412470">
    <ele>0.6</ele>
   </trkpt>
   <trkpt lat="56.1415840" lon="10.1413770">
    <ele>0.8</ele>
   </trkpt>
   <trkpt lat="56.1415400" lon="10.1415110">
    <ele>0.8</ele>
   </trkpt>
   <trkpt lat="56.1415000" lon="10.1416480">
    <ele>0.8</ele>
   </trkpt>
   <trkpt lat="56.1414670" lon="10.1417900">
    <ele>0.8</ele>
   </trkpt>
   <trkpt lat="56.1414380" lon="10.1419340">
    <ele>0.8</ele>
   </trkpt>
   <trkpt lat="56.1414120" lon="10.1420810">
    <ele>1.0</ele>
   </trkpt>
   <trkpt lat="56.1413900" lon="10.1422300">
    <ele>1.0</ele>
   </trkpt>
   <trkpt lat="56.1413730" lon="10.1423800">
    <ele>1.2</ele>
   </trkpt>
   <trkpt lat="56.1413630" lon="10.1425310">
    <ele>1.2</ele>
   </trkpt>
   <trkpt lat="56.1413540" lon="10.1426830">
    <ele>1.2</ele>
   </trkpt>
   <trkpt lat="56.1413470" lon="10.1428340">
    <ele>1.4</ele>
   </trkpt>
   <trkpt lat="56.1413400" lon="10.1429870">
    <ele>1.4</ele>
   </trkpt>
   <trkpt lat="56.1413330" lon="10.1431410">
    <ele>1.4</ele>
   </trkpt>
   <trkpt lat="56.1413240" lon="10.1432950">
    <ele>1.4</ele>
   </trkpt>
   <trkpt lat="56.1413150" lon="10.1434490">
    <ele>1.4</ele>
   </trkpt>
   <trkpt lat="56.1413090" lon="10.1436020">
    <ele>1.4</ele>
   </trkpt>
   <trkpt lat="56.1413040" lon="10.1437560">
    <ele>1.4</ele>
   </trkpt>
   <trkpt lat="56.1412990" lon="10.1439090">
    <ele>1.2</ele>
   </trkpt>
   <trkpt lat="56.1412910" lon="10.1440620">
    <ele>0.8</ele>
   </trkpt>
   <trkpt lat="56.1412810" lon="10.1442140">
    <ele>0.8</ele>
   </trkpt>
   <trkpt lat="56.1412720" lon="10.1443670">
    <ele>0.6</ele>
   </trkpt>
   <trkpt lat="56.1412630" lon="10.1445200">
    <ele>0.6</ele>
   </trkpt>
   <trkpt lat="56.1412550" lon="10.1446720">
    <ele>0.6</ele>
   </trkpt>
   <trkpt lat="56.1412480" lon="10.1448280">
    <ele>0.6</ele>
   </trkpt>
   <trkpt lat="56.1412390" lon="10.1449840">
    <ele>0.4</ele>
   </trkpt>
   <trkpt lat="56.1412310" lon="10.1451410">
    <ele>0.6</ele>
   </trkpt>
   <trkpt lat="56.1412230" lon="10.1452960">
    <ele>0.6</ele>
   </trkpt>
   <trkpt lat="56.1412160" lon="10.1454510">
    <ele>0.6</ele>
   </trkpt>
   <trkpt lat="56.1412080" lon="10.1456080">
    <ele>0.6</ele>
   </trkpt>
   <trkpt lat="56.1411990" lon="10.1457640">
    <ele>1.0</ele>
   </trkpt>
   <trkpt lat="56.1411910" lon="10.1459180">
    <ele>1.0</ele>
   </trkpt>
   <trkpt lat="56.1411830" lon="10.1460740">
    <ele>1.0</ele>
   </trkpt>
   <trkpt lat="56.1411740" lon="10.1462330">
    <ele>1.0</ele>
   </trkpt>
   <trkpt lat="56.1411650" lon="10.1463910">
    <ele>1.0</ele>
   </trkpt>
   <trkpt lat="56.1411550" lon="10.1465460">
    <ele>0.8</ele>
   </trkpt>
   <trkpt lat="56.1411450" lon="10.1467040">
    <ele>0.8</ele>
   </trkpt>
   <trkpt lat="56.1411330" lon="10.1468600">
    <ele>0.6</ele>
   </trkpt>
   <trkpt lat="56.1411180" lon="10.1470170">
    <ele>0.6</ele>
   </trkpt>
   <trkpt lat="56.1410990" lon="10.1471740">
    <ele>0.4</ele>
   </trkpt>
   <trkpt lat="56.1410790" lon="10.1473260">
    <ele>0.4</ele>
   </trkpt>
   <trkpt lat="56.1410590" lon="10.1474770">
    <ele>0.4</ele>
   </trkpt>
   <trkpt lat="56.1410370" lon="10.1476300">
    <ele>0.4</ele>
   </trkpt>
   <trkpt lat="56.1410140" lon="10.1477780">
    <ele>0.4</ele>
   </trkpt>
   <trkpt lat="56.1409910" lon="10.1479260">
    <ele>0.4</ele>
   </trkpt>
   <trkpt lat="56.1409700" lon="10.1480730">
    <ele>0.4</ele>
   </trkpt>
   <trkpt lat="56.1409450" lon="10.1482200">
    <ele>0.4</ele>
   </trkpt>
   <trkpt lat="56.1409200" lon="10.1483670">
    <ele>0.4</ele>
   </trkpt>
   <trkpt lat="56.1408940" lon="10.1485130">
    <ele>0.4</ele>
   </trkpt>
   <trkpt lat="56.1408680" lon="10.1486590">
    <ele>0.4</ele>
   </trkpt>
   <trkpt lat="56.1408430" lon="10.1488100">
    <ele>0.4</ele>
   </trkpt>
   <trkpt lat="56.1408210" lon="10.1489590">
    <ele>0.2</ele>
   </trkpt>
   <trkpt lat="56.1407960" lon="10.1491070">
    <ele>0.0</ele>
   </trkpt>
   <trkpt lat="56.1407730" lon="10.1492540">
    <ele>0.0</ele>
   </trkpt>
   <trkpt lat="56.1407500" lon="10.1494030">
    <ele>0.0</ele>
   </trkpt>
   <trkpt lat="56.1407260" lon="10.1495530">
    <ele>0.0</ele>
   </trkpt>
   <trkpt lat="56.1406990" lon="10.1497000">
    <ele>0.0</ele>
   </trkpt>
   <trkpt lat="56.1406700" lon="10.1498430">
    <ele>0.0</ele>
   </trkpt>
   <trkpt lat="56.1406380" lon="10.1499850">
    <ele>0.2</ele>
   </trkpt>
   <trkpt lat="56.1406030" lon="10.1501260">
    <ele>0.2</ele>
   </trkpt>
   <trkpt lat="56.1405680" lon="10.1502660">
    <ele>0.2</ele>
   </trkpt>
   <trkpt lat="56.1405340" lon="10.1504090">
    <ele>0.2</ele>
   </trkpt>
   <trkpt lat="56.1404990" lon="10.1505500">
    <ele>0.4</ele>
   </trkpt>
   <trkpt lat="56.1404610" lon="10.1506840">
    <ele>0.4</ele>
   </trkpt>
   <trkpt lat="56.1404280" lon="10.1508160">
    <ele>0.4</ele>
   </trkpt>
   <trkpt lat="56.1403950" lon="10.1509520">
    <ele>0.4</ele>
   </trkpt>
   <trkpt lat="56.1403590" lon="10.1510930">
    <ele>0.6</ele>
   </trkpt>
   <trkpt lat="56.1403240" lon="10.1512360">
    <ele>0.6</ele>
   </trkpt>
   <trkpt lat="56.1402850" lon="10.1513810">
    <ele>0.6</ele>
   </trkpt>
   <trkpt lat="56.1402450" lon="10.1515270">
    <ele>0.4</ele>
   </trkpt>
   <trkpt lat="56.1402090" lon="10.1516720">
    <ele>0.4</ele>
   </trkpt>
   <trkpt lat="56.1401740" lon="10.1518140">
    <ele>0.4</ele>
   </trkpt>
   <trkpt lat="56.1401400" lon="10.1519520">
    <ele>0.2</ele>
   </trkpt>
   <trkpt lat="56.1401060" lon="10.1520930">
    <ele>0.2</ele>
   </trkpt>
   <trkpt lat="56.1400700" lon="10.1522300">
    <ele>0.2</ele>
   </trkpt>
   <trkpt lat="56.1400350" lon="10.1523670">
    <ele>0.2</ele>
   </trkpt>
   <trkpt lat="56.1400070" lon="10.1525070">
    <ele>0.2</ele>
   </trkpt>
   <trkpt lat="56.1399850" lon="10.1526510">
    <ele>0.4</ele>
   </trkpt>
   <trkpt lat="56.1399750" lon="10.1527930">
    <ele>0.8</ele>
   </trkpt>
   <trkpt lat="56.1399730" lon="10.1529340">
    <ele>1.2</ele>
   </trkpt>
   <trkpt lat="56.1399780" lon="10.1530760">
    <ele>1.8</ele>
   </trkpt>
   <trkpt lat="56.1399860" lon="10.1532180">
    <ele>2.0</ele>
   </trkpt>
   <trkpt lat="56.1399990" lon="10.1533570">
    <ele>2.2</ele>
   </trkpt>
   <trkpt lat="56.1400180" lon="10.1534960">
    <ele>2.2</ele>
   </trkpt>
   <trkpt lat="56.1400460" lon="10.1536330">
    <ele>2.2</ele>
   </trkpt>
   <trkpt lat="56.1400830" lon="10.1537670">
    <ele>2.2</ele>
   </trkpt>
   <trkpt lat="56.1401240" lon="10.1539030">
    <ele>2.2</ele>
   </trkpt>
   <trkpt lat="56.1401650" lon="10.1540320">
    <ele>1.8</ele>
   </trkpt>
   <trkpt lat="56.1402090" lon="10.1541560">
    <ele>1.4</ele>
   </trkpt>
   <trkpt lat="56.1402550" lon="10.1542780">
    <ele>1.0</ele>
   </trkpt>
   <trkpt lat="56.1402990" lon="10.1544000">
    <ele>1.0</ele>
   </trkpt>
   <trkpt lat="56.1403430" lon="10.1545220">
    <ele>1.0</ele>
   </trkpt>
   <trkpt lat="56.1403800" lon="10.1546230">
    <ele>1.0</ele>
   </trkpt>
   <trkpt lat="56.1404200" lon="10.1547080">
    <ele>1.0</ele>
   </trkpt>
   <trkpt lat="56.1405210" lon="10.1547760">
    <ele>1.2</ele>
   </trkpt>
   <trkpt lat="56.1405790" lon="10.1548440">
    <ele>1.4</ele>
   </trkpt>
   <trkpt lat="56.1406520" lon="10.1548810">
    <ele>1.6</ele>
   </trkpt>
   <trkpt lat="56.1407240" lon="10.1548900">
    <ele>1.6</ele>
   </trkpt>
   <trkpt lat="56.1408020" lon="10.1548950">
    <ele>1.6</ele>
   </trkpt>
   <trkpt lat="56.1408800" lon="10.1548950">
    <ele>1.6</ele>
   </trkpt>
   <trkpt lat="56.1409550" lon="10.1548910">
    <ele>1.6</ele>
   </trkpt>
   <trkpt lat="56.1410280" lon="10.1548920">
    <ele>1.6</ele>
   </trkpt>
   <trkpt lat="56.1411030" lon="10.1548900">
    <ele>1.6</ele>
   </trkpt>
   <trkpt lat="56.1411800" lon="10.1548880">
    <ele>1.6</ele>
   </trkpt>
   <trkpt lat="56.1412580" lon="10.1548850">
    <ele>1.6</ele>
   </trkpt>
   <trkpt lat="56.1413350" lon="10.1548840">
    <ele>1.8</ele>
   </trkpt>
   <trkpt lat="56.1414160" lon="10.1548770">
    <ele>1.6</ele>
   </trkpt>
   <trkpt lat="56.1414980" lon="10.1548630">
    <ele>1.4</ele>
   </trkpt>
   <trkpt lat="56.1415790" lon="10.1548500">
    <ele>1.4</ele>
   </trkpt>
   <trkpt lat="56.1416610" lon="10.1548460">
    <ele>1.6</ele>
   </trkpt>
   <trkpt lat="56.1417460" lon="10.1548470">
    <ele>1.4</ele>
   </trkpt>
   <trkpt lat="56.1418310" lon="10.1548470">
    <ele>1.2</ele>
   </trkpt>
   <trkpt lat="56.1419150" lon="10.1548520">
    <ele>1.0</ele>
   </trkpt>
   <trkpt lat="56.1419990" lon="10.1548650">
    <ele>1.0</ele>
   </trkpt>
   <trkpt lat="56.1420810" lon="10.1548820">
    <ele>1.0</ele>
   </trkpt>
   <trkpt lat="56.1421630" lon="10.1549050">
    <ele>1.0</ele>
   </trkpt>
   <trkpt lat="56.1422430" lon="10.1549320">
    <ele>1.0</ele>
   </trkpt>
   <trkpt lat="56.1423230" lon="10.1549580">
    <ele>1.0</ele>
   </trkpt>
   <trkpt lat="56.1424020" lon="10.1549830">
    <ele>1.2</ele>
   </trkpt>
   <trkpt lat="56.1424800" lon="10.1550090">
    <ele>1.2</ele>
   </trkpt>
   <trkpt lat="56.1425600" lon="10.1550360">
    <ele>1.2</ele>
   </trkpt>
   <trkpt lat="56.1426390" lon="10.1550650">
    <ele>1.2</ele>
   </trkpt>
   <trkpt lat="56.1427130" lon="10.1551120">
    <ele>1.2</ele>
   </trkpt>
   <trkpt lat="56.1427830" lon="10.1551700">
    <ele>1.2</ele>
   </trkpt>
   <trkpt lat="56.1428480" lon="10.1552380">
    <ele>1.4</ele>
   </trkpt>
   <trkpt lat="56.1429120" lon="10.1553170">
    <ele>1.4</ele>
   </trkpt>
   <trkpt lat="56.1429760" lon="10.1553930">
    <ele>1.4</ele>
   </trkpt>
   <trkpt lat="56.1430410" lon="10.1554660">
    <ele>1.4</ele>
   </trkpt>
   <trkpt lat="56.1431060" lon="10.1555410">
    <ele>1.6</ele>
   </trkpt>
   <trkpt lat="56.1431690" lon="10.1556170">
    <ele>1.6</ele>
   </trkpt>
   <trkpt lat="56.1432310" lon="10.1556950">
    <ele>1.6</ele>
   </trkpt>
   <trkpt lat="56.1432920" lon="10.1557680">
    <ele>1.6</ele>
   </trkpt>
   <trkpt lat="56.1433520" lon="10.1558400">
    <ele>1.8</ele>
   </trkpt>
   <trkpt lat="56.1434120" lon="10.1559190">
    <ele>1.8</ele>
   </trkpt>
   <trkpt lat="56.1434640" lon="10.1560100">
    <ele>1.8</ele>
   </trkpt>
   <trkpt lat="56.1435110" lon="10.1561130">
    <ele>1.8</ele>
   </trkpt>
   <trkpt lat="56.1435560" lon="10.1562270">
    <ele>1.8</ele>
   </trkpt>
   <trkpt lat="56.1436030" lon="10.1563420">
    <ele>1.8</ele>
   </trkpt>
   <trkpt lat="56.1436490" lon="10.1564580">
    <ele>1.6</ele>
   </trkpt>
   <trkpt lat="56.1436900" lon="10.1565760">
    <ele>1.6</ele>
   </trkpt>
   <trkpt lat="56.1437280" lon="10.1566880">
    <ele>1.6</ele>
   </trkpt>
   <trkpt lat="56.1437640" lon="10.1567990">
    <ele>1.6</ele>
   </trkpt>
   <trkpt lat="56.1438010" lon="10.1569120">
    <ele>1.4</ele>
   </trkpt>
   <trkpt lat="56.1438360" lon="10.1570340">
    <ele>1.4</ele>
   </trkpt>
   <trkpt lat="56.1438700" lon="10.1571610">
    <ele>1.4</ele>
   </trkpt>
   <trkpt lat="56.1439030" lon="10.1572880">
    <ele>1.4</ele>
   </trkpt>
   <trkpt lat="56.1439380" lon="10.1574190">
    <ele>1.4</ele>
   </trkpt>
   <trkpt lat="56.1439690" lon="10.1575530">
    <ele>1.4</ele>
   </trkpt>
   <trkpt lat="56.1439950" lon="10.1576880">
    <ele>1.4</ele>
   </trkpt>
   <trkpt lat="56.1440200" lon="10.1578270">
    <ele>1.4</ele>
   </trkpt>
   <trkpt lat="56.1440380" lon="10.1579720">
    <ele>1.4</ele>
   </trkpt>
   <trkpt lat="56.1440520" lon="10.1581160">
    <ele>1.6</ele>
   </trkpt>
   <trkpt lat="56.1440640" lon="10.1582570">
    <ele>1.6</ele>
   </trkpt>
   <trkpt lat="56.1440730" lon="10.1583950">
    <ele>1.6</ele>
   </trkpt>
   <trkpt lat="56.1440800" lon="10.1585360">
    <ele>1.6</ele>
   </trkpt>
   <trkpt lat="56.1440930" lon="10.1586730">
    <ele>1.6</ele>
   </trkpt>
   <trkpt lat="56.1441050" lon="10.1588110">
    <ele>1.6</ele>
   </trkpt>
   <trkpt lat="56.1441130" lon="10.1589540">
    <ele>1.6</ele>
   </trkpt>
   <trkpt lat="56.1441180" lon="10.1590960">
    <ele>1.6</ele>
   </trkpt>
   <trkpt lat="56.1441180" lon="10.1592420">
    <ele>1.6</ele>
   </trkpt>
   <trkpt lat="56.1441040" lon="10.1593820">
    <ele>1.6</ele>
   </trkpt>
   <trkpt lat="56.1440790" lon="10.1595100">
    <ele>1.6</ele>
   </trkpt>
   <trkpt lat="56.1440480" lon="10.1596380">
    <ele>1.4</ele>
   </trkpt>
   <trkpt lat="56.1440060" lon="10.1597700">
    <ele>1.2</ele>
   </trkpt>
   <trkpt lat="56.1439570" lon="10.1599110">
    <ele>0.8</ele>
   </trkpt>
   <trkpt lat="56.1439110" lon="10.1600420">
    <ele>0.6</ele>
   </trkpt>
   <trkpt lat="56.1438700" lon="10.1601720">
    <ele>0.4</ele>
   </trkpt>
   <trkpt lat="56.1438280" lon="10.1603130">
    <ele>0.2</ele>
   </trkpt>
   <trkpt lat="56.1437870" lon="10.1604560">
    <ele>0.2</ele>
   </trkpt>
   <trkpt lat="56.1437500" lon="10.1605970">
    <ele>0.0</ele>
   </trkpt>
   <trkpt lat="56.1437160" lon="10.1607390">
    <ele>0.0</ele>
   </trkpt>
   <trkpt lat="56.1436850" lon="10.1608840">
    <ele>0.0</ele>
   </trkpt>
   <trkpt lat="56.1436550" lon="10.1610330">
    <ele>0.0</ele>
   </trkpt>
   <trkpt lat="56.1436250" lon="10.1611800">
    <ele>0.0</ele>
   </trkpt>
   <trkpt lat="56.1435950" lon="10.1613260">
    <ele>0.2</ele>
   </trkpt>
   <trkpt lat="56.1435660" lon="10.1614760">
    <ele>0.2</ele>
   </trkpt>
   <trkpt lat="56.1435380" lon="10.1616260">
    <ele>0.2</ele>
   </trkpt>
   <trkpt lat="56.1435120" lon="10.1617760">
    <ele>0.2</ele>
   </trkpt>
   <trkpt lat="56.1434880" lon="10.1619250">
    <ele>0.2</ele>
   </trkpt>
   <trkpt lat="56.1434630" lon="10.1620740">
    <ele>0.4</ele>
   </trkpt>
   <trkpt lat="56.1434380" lon="10.1622210">
    <ele>0.4</ele>
   </trkpt>
   <trkpt lat="56.1434120" lon="10.1623660">
    <ele>0.4</ele>
   </trkpt>
   <trkpt lat="56.1433840" lon="10.1625120">
    <ele>0.2</ele>
   </trkpt>
   <trkpt lat="56.1433560" lon="10.1626580">
    <ele>0.2</ele>
   </trkpt>
   <trkpt lat="56.1433310" lon="10.1628010">
    <ele>0.4</ele>
   </trkpt>
   <trkpt lat="56.1433070" lon="10.1629410">
    <ele>0.4</ele>
   </trkpt>
   <trkpt lat="56.1432810" lon="10.1630810">
    <ele>0.6</ele>
   </trkpt>
   <trkpt lat="56.1432550" lon="10.1632200">
    <ele>0.6</ele>
   </trkpt>
   <trkpt lat="56.1432290" lon="10.1633570">
    <ele>0.6</ele>
   </trkpt>
   <trkpt lat="56.1432040" lon="10.1634930">
    <ele>0.8</ele>
   </trkpt>
   <trkpt lat="56.1431770" lon="10.1636280">
    <ele>0.8</ele>
   </trkpt>
   <trkpt lat="56.1431490" lon="10.1637630">
    <ele>0.8</ele>
   </trkpt>
   <trkpt lat="56.1431210" lon="10.1638970">
    <ele>0.8</ele>
   </trkpt>
   <trkpt lat="56.1430970" lon="10.1640340">
    <ele>0.8</ele>
   </trkpt>
   <trkpt lat="56.1430760" lon="10.1641730">
    <ele>1.0</ele>
   </trkpt>
   <trkpt lat="56.1430560" lon="10.1643120">
    <ele>1.0</ele>
   </trkpt>
   <trkpt lat="56.1430340" lon="10.1644550">
    <ele>1.0</ele>
   </trkpt>
   <trkpt lat="56.1430130" lon="10.1645990">
    <ele>1.2</ele>
   </trkpt>
   <trkpt lat="56.1429950" lon="10.1647440">
    <ele>1.2</ele>
   </trkpt>
   <trkpt lat="56.1429770" lon="10.1648890">
    <ele>1.2</ele>
   </trkpt>
   <trkpt lat="56.1429590" lon="10.1650330">
    <ele>1.2</ele>
   </trkpt>
   <trkpt lat="56.1429400" lon="10.1651800">
    <ele>1.2</ele>
   </trkpt>
   <trkpt lat="56.1429200" lon="10.1653260">
    <ele>1.0</ele>
   </trkpt>
   <trkpt lat="56.1428980" lon="10.1654720">
    <ele>1.0</ele>
   </trkpt>
   <trkpt lat="56.1428780" lon="10.1656200">
    <ele>1.0</ele>
   </trkpt>
   <trkpt lat="56.1428590" lon="10.1657690">
    <ele>1.0</ele>
   </trkpt>
   <trkpt lat="56.1428410" lon="10.1659170">
    <ele>0.8</ele>
   </trkpt>
   <trkpt lat="56.1428230" lon="10.1660630">
    <ele>0.8</ele>
   </trkpt>
   <trkpt lat="56.1428070" lon="10.1662090">
    <ele>0.8</ele>
   </trkpt>
   <trkpt lat="56.1427930" lon="10.1663570">
    <ele>0.6</ele>
   </trkpt>
   <trkpt lat="56.1427820" lon="10.1665030">
    <ele>0.6</ele>
   </trkpt>
   <trkpt lat="56.1427700" lon="10.1666500">
    <ele>0.6</ele>
   </trkpt>
   <trkpt lat="56.1427580" lon="10.1667940">
    <ele>0.6</ele>
   </trkpt>
   <trkpt lat="56.1427440" lon="10.1669390">
    <ele>0.6</ele>
   </trkpt>
   <trkpt lat="56.1427290" lon="10.1670840">
    <ele>0.8</ele>
   </trkpt>
   <trkpt lat="56.1427160" lon="10.1672320">
    <ele>0.8</ele>
   </trkpt>
   <trkpt lat="56.1427050" lon="10.1673810">
    <ele>0.8</ele>
   </trkpt>
   <trkpt lat="56.1426920" lon="10.1675280">
    <ele>0.8</ele>
   </trkpt>
   <trkpt lat="56.1426820" lon="10.1676750">
    <ele>0.8</ele>
   </trkpt>
   <trkpt lat="56.1426710" lon="10.1678210">
    <ele>0.6</ele>
   </trkpt>
   <trkpt lat="56.1426680" lon="10.1679670">
    <ele>0.6</ele>
   </trkpt>
   <trkpt lat="56.1426740" lon="10.1681080">
    <ele>0.6</ele>
   </trkpt>
   <trkpt lat="56.1426830" lon="10.1682480">
    <ele>0.6</ele>
   </trkpt>
   <trkpt lat="56.1426900" lon="10.1683880">
    <ele>0.6</ele>
   </trkpt>
   <trkpt lat="56.1427000" lon="10.1685180">
    <ele>0.6</ele>
   </trkpt>
   <trkpt lat="56.1427140" lon="10.1686360">
    <ele>0.8</ele>
   </trkpt>
   <trkpt lat="56.1427290" lon="10.1687400">
    <ele>1.0</ele>
   </trkpt>
   <trkpt lat="56.1427410" lon="10.1688460">
    <ele>1.2</ele>
   </trkpt>
   <trkpt lat="56.1427450" lon="10.1689610">
    <ele>1.6</ele>
   </trkpt>
   <trkpt lat="56.1427430" lon="10.1690840">
    <ele>2.0</ele>
   </trkpt>
   <trkpt lat="56.1427450" lon="10.1692120">
    <ele>2.0</ele>
   </trkpt>
   <trkpt lat="56.1427510" lon="10.1693410">
    <ele>2.0</ele>
   </trkpt>
   <trkpt lat="56.1427570" lon="10.1694730">
    <ele>2.0</ele>
   </trkpt>
   <trkpt lat="56.1427600" lon="10.1696130">
    <ele>1.8</ele>
   </trkpt>
   <trkpt lat="56.1427630" lon="10.1697620">
    <ele>1.8</ele>
   </trkpt>
   <trkpt lat="56.1427700" lon="10.1699110">
    <ele>1.6</ele>
   </trkpt>
   <trkpt lat="56.1427780" lon="10.1700630">
    <ele>1.2</ele>
   </trkpt>
   <trkpt lat="56.1427870" lon="10.1702120">
    <ele>1.0</ele>
   </trkpt>
   <trkpt lat="56.1428000" lon="10.1703570">
    <ele>0.8</ele>
   </trkpt>
   <trkpt lat="56.1428170" lon="10.1705010">
    <ele>0.8</ele>
   </trkpt>
   <trkpt lat="56.1428370" lon="10.1706420">
    <ele>0.8</ele>
   </trkpt>
   <trkpt lat="56.1428570" lon="10.1707790">
    <ele>0.8</ele>
   </trkpt>
   <trkpt lat="56.1428790" lon="10.1709170">
    <ele>0.8</ele>
   </trkpt>
   <trkpt lat="56.1429000" lon="10.1710540">
    <ele>0.8</ele>
   </trkpt>
   <trkpt lat="56.1429230" lon="10.1711920">
    <ele>1.0</ele>
   </trkpt>
   <trkpt lat="56.1429460" lon="10.1713280">
    <ele>1.2</ele>
   </trkpt>
   <trkpt lat="56.1429670" lon="10.1714620">
    <ele>1.2</ele>
   </trkpt>
   <trkpt lat="56.1429920" lon="10.1715910">
    <ele>1.6</ele>
   </trkpt>
   <trkpt lat="56.1430140" lon="10.1717190">
    <ele>1.8</ele>
   </trkpt>
   <trkpt lat="56.1430310" lon="10.1718480">
    <ele>1.8</ele>
   </trkpt>
   <trkpt lat="56.1430510" lon="10.1719800">
    <ele>1.8</ele>
   </trkpt>
   <trkpt lat="56.1430740" lon="10.1721090">
    <ele>1.8</ele>
   </trkpt>
   <trkpt lat="56.1430990" lon="10.1722340">
    <ele>2.0</ele>
   </trkpt>
   <trkpt lat="56.1431260" lon="10.1723590">
    <ele>2.0</ele>
   </trkpt>
   <trkpt lat="56.1431530" lon="10.1724850">
    <ele>2.0</ele>
   </trkpt>
   <trkpt lat="56.1431780" lon="10.1726120">
    <ele>2.0</ele>
   </trkpt>
   <trkpt lat="56.1432020" lon="10.1727420">
    <ele>1.8</ele>
   </trkpt>
   <trkpt lat="56.1432260" lon="10.1728710">
    <ele>1.6</ele>
   </trkpt>
   <trkpt lat="56.1432550" lon="10.1730030">
    <ele>1.2</ele>
   </trkpt>
   <trkpt lat="56.1432840" lon="10.1731340">
    <ele>0.8</ele>
   </trkpt>
   <trkpt lat="56.1433160" lon="10.1732560">
    <ele>0.8</ele>
   </trkpt>
   <trkpt lat="56.1433470" lon="10.1733650">
    <ele>0.8</ele>
   </trkpt>
   <trkpt lat="56.1433820" lon="10.1734590">
    <ele>0.8</ele>
   </trkpt>
   <trkpt lat="56.1434270" lon="10.1735250">
    <ele>0.8</ele>
   </trkpt>
   <trkpt lat="56.1434750" lon="10.1735620">
    <ele>1.0</ele>
   </trkpt>
   <trkpt lat="56.1435310" lon="10.1735790">
    <ele>1.4</ele>
   </trkpt>
   <trkpt lat="56.1435970" lon="10.1735750">
    <ele>1.4</ele>
   </trkpt>
   <trkpt lat="56.1436720" lon="10.1735670">
    <ele>1.4</ele>
   </trkpt>
   <trkpt lat="56.1437500" lon="10.1735570">
    <ele>1.6</ele>
   </trkpt>
   <trkpt lat="56.1438220" lon="10.1735490">
    <ele>1.4</ele>
   </trkpt>
   <trkpt lat="56.1438880" lon="10.1735380">
    <ele>1.4</ele>
   </trkpt>
   <trkpt lat="56.1439580" lon="10.1735190">
    <ele>1.4</ele>
   </trkpt>
   <trkpt lat="56.1440280" lon="10.1735130">
    <ele>1.2</ele>
   </trkpt>
   <trkpt lat="56.1440980" lon="10.1735350">
    <ele>1.2</ele>
   </trkpt>
   <trkpt lat="56.1441610" lon="10.1736000">
    <ele>1.2</ele>
   </trkpt>
   <trkpt lat="56.1442080" lon="10.1736930">
    <ele>1.2</ele>
   </trkpt>
   <trkpt lat="56.1442430" lon="10.1737960">
    <ele>1.2</ele>
   </trkpt>
   <trkpt lat="56.1442790" lon="10.1738920">
    <ele>1.2</ele>
   </trkpt>
   <trkpt lat="56.1443120" lon="10.1739820">
    <ele>1.2</ele>
   </trkpt>
   <trkpt lat="56.1443610" lon="10.1740720">
    <ele>1.2</ele>
   </trkpt>
   <trkpt lat="56.1444210" lon="10.1741670">
    <ele>1.0</ele>
   </trkpt>
   <trkpt lat="56.1444750" lon="10.1742600">
    <ele>1.0</ele>
   </trkpt>
   <trkpt lat="56.1445240" lon="10.1743530">
    <ele>1.0</ele>
   </trkpt>
   <trkpt lat="56.1445770" lon="10.1744450">
    <ele>0.8</ele>
   </trkpt>
   <trkpt lat="56.1446410" lon="10.1745330">
    <ele>0.8</ele>
   </trkpt>
   <trkpt lat="56.1447010" lon="10.1746280">
    <ele>0.8</ele>
   </trkpt>
   <trkpt lat="56.1447530" lon="10.1747370">
    <ele>0.8</ele>
   </trkpt>
   <trkpt lat="56.1448040" lon="10.1748520">
    <ele>0.8</ele>
   </trkpt>
   <trkpt lat="56.1448480" lon="10.1749720">
    <ele>0.8</ele>
   </trkpt>
   <trkpt lat="56.1448880" lon="10.1750920">
    <ele>0.8</ele>
   </trkpt>
   <trkpt lat="56.1449350" lon="10.1752000">
    <ele>1.0</ele>
   </trkpt>
   <trkpt lat="56.1449830" lon="10.1753030">
    <ele>1.2</ele>
   </trkpt>
   <trkpt lat="56.1450410" lon="10.1753940">
    <ele>1.2</ele>
   </trkpt>
   <trkpt lat="56.1450920" lon="10.1754730">
    <ele>1.4</ele>
   </trkpt>
   <trkpt lat="56.1451470" lon="10.1755470">
    <ele>1.6</ele>
   </trkpt>
   <trkpt lat="56.1452060" lon="10.1756100">
    <ele>1.8</ele>
   </trkpt>
   <trkpt lat="56.1452670" lon="10.1756640">
    <ele>1.8</ele>
   </trkpt>
   <trkpt lat="56.1453300" lon="10.1757140">
    <ele>2.0</ele>
   </trkpt>
   <trkpt lat="56.1453960" lon="10.1757640">
    <ele>2.4</ele>
   </trkpt>
   <trkpt lat="56.1454560" lon="10.1758140">
    <ele>2.6</ele>
   </trkpt>
   <trkpt lat="56.1455110" lon="10.1758660">
    <ele>2.6</ele>
   </trkpt>
   <trkpt lat="56.1455690" lon="10.1759150">
    <ele>2.6</ele>
   </trkpt>
   <trkpt lat="56.1456230" lon="10.1759660">
    <ele>2.8</ele>
   </trkpt>
   <trkpt lat="56.1456820" lon="10.1760140">
    <ele>3.0</ele>
   </trkpt>
   <trkpt lat="56.1457450" lon="10.1760540">
    <ele>3.0</ele>
   </trkpt>
   <trkpt lat="56.1458090" lon="10.1760950">
    <ele>3.0</ele>
   </trkpt>
   <trkpt lat="56.1458790" lon="10.1761360">
    <ele>3.0</ele>
   </trkpt>
   <trkpt lat="56.1459410" lon="10.1761790">
    <ele>3.0</ele>
   </trkpt>
   <trkpt lat="56.1460010" lon="10.1762220">
    <ele>3.0</ele>
   </trkpt>
   <trkpt lat="56.1460600" lon="10.1762720">
    <ele>3.0</ele>
   </trkpt>
   <trkpt lat="56.1461190" lon="10.1763270">
    <ele>3.0</ele>
   </trkpt>
   <trkpt lat="56.1461790" lon="10.1763930">
    <ele>3.2</ele>
   </trkpt>
   <trkpt lat="56.1462380" lon="10.1764610">
    <ele>3.2</ele>
   </trkpt>
   <trkpt lat="56.1462940" lon="10.1765320">
    <ele>3.2</ele>
   </trkpt>
   <trkpt lat="56.1463500" lon="10.1766080">
    <ele>3.2</ele>
   </trkpt>
   <trkpt lat="56.1464020" lon="10.1766860">
    <ele>3.2</ele>
   </trkpt>
   <trkpt lat="56.1464610" lon="10.1767710">
    <ele>3.2</ele>
   </trkpt>
   <trkpt lat="56.1465170" lon="10.1768560">
    <ele>3.2</ele>
   </trkpt>
   <trkpt lat="56.1465720" lon="10.1769410">
    <ele>3.2</ele>
   </trkpt>
   <trkpt lat="56.1466270" lon="10.1770290">
    <ele>3.2</ele>
   </trkpt>
   <trkpt lat="56.1466790" lon="10.1771180">
    <ele>3.2</ele>
   </trkpt>
   <trkpt lat="56.1467190" lon="10.1772160">
    <ele>3.2</ele>
   </trkpt>
   <trkpt lat="56.1467440" lon="10.1773280">
    <ele>3.2</ele>
   </trkpt>
   <trkpt lat="56.1467680" lon="10.1774470">
    <ele>3.2</ele>
   </trkpt>
   <trkpt lat="56.1468000" lon="10.1775590">
    <ele>3.2</ele>
   </trkpt>
   <trkpt lat="56.1468370" lon="10.1776600">
    <ele>3.2</ele>
   </trkpt>
   <trkpt lat="56.1468780" lon="10.1777560">
    <ele>3.0</ele>
   </trkpt>
   <trkpt lat="56.1469250" lon="10.1778500">
    <ele>3.0</ele>
   </trkpt>
   <trkpt lat="56.1469720" lon="10.1779450">
    <ele>2.8</ele>
   </trkpt>
   <trkpt lat="56.1470260" lon="10.1780400">
    <ele>2.8</ele>
   </trkpt>
   <trkpt lat="56.1470800" lon="10.1781360">
    <ele>2.8</ele>
   </trkpt>
   <trkpt lat="56.1471320" lon="10.1782320">
    <ele>2.8</ele>
   </trkpt>
   <trkpt lat="56.1471870" lon="10.1783300">
    <ele>3.0</ele>
   </trkpt>
   <trkpt lat="56.1472380" lon="10.1784380">
    <ele>3.0</ele>
   </trkpt>
   <trkpt lat="56.1472790" lon="10.1785600">
    <ele>3.0</ele>
   </trkpt>
   <trkpt lat="56.1473200" lon="10.1786850">
    <ele>3.0</ele>
   </trkpt>
   <trkpt lat="56.1473580" lon="10.1788020">
    <ele>2.8</ele>
   </trkpt>
   <trkpt lat="56.1473920" lon="10.1789110">
    <ele>2.8</ele>
   </trkpt>
   <trkpt lat="56.1474370" lon="10.1790130">
    <ele>2.6</ele>
   </trkpt>
   <trkpt lat="56.1474750" lon="10.1791040">
    <ele>2.6</ele>
   </trkpt>
   <trkpt lat="56.1475140" lon="10.1792010">
    <ele>2.6</ele>
   </trkpt>
   <trkpt lat="56.1475520" lon="10.1793150">
    <ele>2.4</ele>
   </trkpt>
   <trkpt lat="56.1475750" lon="10.1794430">
    <ele>2.4</ele>
   </trkpt>
   <trkpt lat="56.1476070" lon="10.1795840">
    <ele>2.4</ele>
   </trkpt>
   <trkpt lat="56.1476550" lon="10.1797180">
    <ele>2.4</ele>
   </trkpt>
   <trkpt lat="56.1477230" lon="10.1798400">
    <ele>2.4</ele>
   </trkpt>
   <trkpt lat="56.1477900" lon="10.1799420">
    <ele>2.4</ele>
   </trkpt>
   <trkpt lat="56.1478550" lon="10.1800340">
    <ele>2.4</ele>
   </trkpt>
   <trkpt lat="56.1479130" lon="10.1801370">
    <ele>2.4</ele>
   </trkpt>
   <trkpt lat="56.1479750" lon="10.1802430">
    <ele>2.4</ele>
   </trkpt>
   <trkpt lat="56.1480430" lon="10.1803480">
    <ele>2.4</ele>
   </trkpt>
   <trkpt lat="56.1481040" lon="10.1804530">
    <ele>2.4</ele>
   </trkpt>
   <trkpt lat="56.1481690" lon="10.1805580">
    <ele>2.4</ele>
   </trkpt>
   <trkpt lat="56.1482230" lon="10.1806620">
    <ele>2.2</ele>
   </trkpt>
   <trkpt lat="56.1482780" lon="10.1807700">
    <ele>2.2</ele>
   </trkpt>
   <trkpt lat="56.1483270" lon="10.1808850">
    <ele>2.2</ele>
   </trkpt>
   <trkpt lat="56.1483730" lon="10.1810050">
    <ele>2.2</ele>
   </trkpt>
   <trkpt lat="56.1484190" lon="10.1811280">
    <ele>2.2</ele>
   </trkpt>
   <trkpt lat="56.1484690" lon="10.1812460">
    <ele>2.2</ele>
   </trkpt>
   <trkpt lat="56.1485160" lon="10.1813630">
    <ele>2.2</ele>
   </trkpt>
   <trkpt lat="56.1485670" lon="10.1814700">
    <ele>2.2</ele>
   </trkpt>
   <trkpt lat="56.1486090" lon="10.1815730">
    <ele>2.2</ele>
   </trkpt>
   <trkpt lat="56.1486510" lon="10.1816800">
    <ele>2.2</ele>
   </trkpt>
   <trkpt lat="56.1486930" lon="10.1817930">
    <ele>2.2</ele>
   </trkpt>
   <trkpt lat="56.1487420" lon="10.1819070">
    <ele>2.2</ele>
   </trkpt>
   <trkpt lat="56.1487910" lon="10.1820180">
    <ele>2.2</ele>
   </trkpt>
   <trkpt lat="56.1488410" lon="10.1821270">
    <ele>2.0</ele>
   </trkpt>
   <trkpt lat="56.1488940" lon="10.1822330">
    <ele>2.0</ele>
   </trkpt>
   <trkpt lat="56.1489470" lon="10.1823390">
    <ele>2.0</ele>
   </trkpt>
   <trkpt lat="56.1490080" lon="10.1824490">
    <ele>2.0</ele>
   </trkpt>
   <trkpt lat="56.1490570" lon="10.1825610">
    <ele>2.0</ele>
   </trkpt>
   <trkpt lat="56.1491060" lon="10.1826710">
    <ele>2.0</ele>
   </trkpt>
   <trkpt lat="56.1491560" lon="10.1827760">
    <ele>2.0</ele>
   </trkpt>
   <trkpt lat="56.1492010" lon="10.1828780">
    <ele>2.2</ele>
   </trkpt>
   <trkpt lat="56.1492470" lon="10.1829830">
    <ele>2.2</ele>
   </trkpt>
   <trkpt lat="56.1492920" lon="10.1830900">
    <ele>2.4</ele>
   </trkpt>
   <trkpt lat="56.1493280" lon="10.1831930">
    <ele>2.4</ele>
   </trkpt>
   <trkpt lat="56.1493600" lon="10.1832900">
    <ele>2.4</ele>
   </trkpt>
   <trkpt lat="56.1493920" lon="10.1833820">
    <ele>2.6</ele>
   </trkpt>
   <trkpt lat="56.1494250" lon="10.1834690">
    <ele>2.6</ele>
   </trkpt>
   <trkpt lat="56.1494560" lon="10.1835470">
    <ele>2.8</ele>
   </trkpt>
   <trkpt lat="56.1494850" lon="10.1836150">
    <ele>3.0</ele>
   </trkpt>
   <trkpt lat="56.1495040" lon="10.1836760">
    <ele>3.4</ele>
   </trkpt>
   <trkpt lat="56.1495180" lon="10.1837230">
    <ele>3.6</ele>
   </trkpt>
   <trkpt lat="56.1495330" lon="10.1837630">
    <ele>3.8</ele>
   </trkpt>
   <trkpt lat="56.1495450" lon="10.1837990">
    <ele>4.0</ele>
   </trkpt>
   <trkpt lat="56.1495590" lon="10.1838280">
    <ele>4.0</ele>
   </trkpt>
   <trkpt lat="56.1495690" lon="10.1838460">
    <ele>4.0</ele>
   </trkpt>
   <trkpt lat="56.1495710" lon="10.1838810">
    <ele>4.0</ele>
   </trkpt>
   <trkpt lat="56.1495780" lon="10.1839210">
    <ele>3.8</ele>
   </trkpt>
   <trkpt lat="56.1496020" lon="10.1839520">
    <ele>3.8</ele>
   </trkpt>
   <trkpt lat="56.1496350" lon="10.1839840">
    <ele>3.8</ele>
   </trkpt>
   <trkpt lat="56.1496810" lon="10.1840330">
    <ele>3.8</ele>
   </trkpt>
   <trkpt lat="56.1497280" lon="10.1840980">
    <ele>3.6</ele>
   </trkpt>
   <trkpt lat="56.1497760" lon="10.1841580">
    <ele>3.6</ele>
   </trkpt>
   <trkpt lat="56.1498300" lon="10.1842130">
    <ele>3.6</ele>
   </trkpt>
   <trkpt lat="56.1498870" lon="10.1842720">
    <ele>3.4</ele>
   </trkpt>
   <trkpt lat="56.1499400" lon="10.1843370">
    <ele>3.2</ele>
   </trkpt>
   <trkpt lat="56.1499940" lon="10.1844070">
    <ele>3.2</ele>
   </trkpt>
   <trkpt lat="56.1500490" lon="10.1844820">
    <ele>3.2</ele>
   </trkpt>
   <trkpt lat="56.1501020" lon="10.1845610">
    <ele>3.0</ele>
   </trkpt>
   <trkpt lat="56.1501510" lon="10.1846410">
    <ele>2.8</ele>
   </trkpt>
   <trkpt lat="56.1501970" lon="10.1847270">
    <ele>2.6</ele>
   </trkpt>
   <trkpt lat="56.1502400" lon="10.1848160">
    <ele>2.2</ele>
   </trkpt>
   <trkpt lat="56.1502810" lon="10.1849030">
    <ele>2.0</ele>
   </trkpt>
   <trkpt lat="56.1503250" lon="10.1849890">
    <ele>2.0</ele>
   </trkpt>
   <trkpt lat="56.1503670" lon="10.1850760">
    <ele>2.2</ele>
   </trkpt>
   <trkpt lat="56.1504100" lon="10.1851650">
    <ele>2.2</ele>
   </trkpt>
   <trkpt lat="56.1504550" lon="10.1852550">
    <ele>2.2</ele>
   </trkpt>
   <trkpt lat="56.1504990" lon="10.1853500">
    <ele>2.4</ele>
   </trkpt>
   <trkpt lat="56.1505450" lon="10.1854480">
    <ele>2.8</ele>
   </trkpt>
   <trkpt lat="56.1505910" lon="10.1855480">
    <ele>2.8</ele>
   </trkpt>
   <trkpt lat="56.1506410" lon="10.1856430">
    <ele>3.0</ele>
   </trkpt>
   <trkpt lat="56.1506910" lon="10.1857360">
    <ele>2.8</ele>
   </trkpt>
   <trkpt lat="56.1507400" lon="10.1858290">
    <ele>2.8</ele>
   </trkpt>
   <trkpt lat="56.1507880" lon="10.1859250">
    <ele>2.6</ele>
   </trkpt>
   <trkpt lat="56.1508320" lon="10.1860290">
    <ele>2.4</ele>
   </trkpt>
   <trkpt lat="56.1508730" lon="10.1861390">
    <ele>2.2</ele>
   </trkpt>
   <trkpt lat="56.1509160" lon="10.1862440">
    <ele>2.0</ele>
   </trkpt>
   <trkpt lat="56.1509600" lon="10.1863460">
    <ele>2.0</ele>
   </trkpt>
   <trkpt lat="56.1510060" lon="10.1864460">
    <ele>2.0</ele>
   </trkpt>
   <trkpt lat="56.1510540" lon="10.1865470">
    <ele>2.0</ele>
   </trkpt>
   <trkpt lat="56.1510940" lon="10.1866540">
    <ele>1.8</ele>
   </trkpt>
   <trkpt lat="56.1511280" lon="10.1867660">
    <ele>2.0</ele>
   </trkpt>
   <trkpt lat="56.1511530" lon="10.1868840">
    <ele>1.8</ele>
   </trkpt>
   <trkpt lat="56.1511730" lon="10.1870060">
    <ele>1.8</ele>
   </trkpt>
   <trkpt lat="56.1511900" lon="10.1871310">
    <ele>1.8</ele>
   </trkpt>
   <trkpt lat="56.1512040" lon="10.1872570">
    <ele>2.0</ele>
   </trkpt>
   <trkpt lat="56.1512160" lon="10.1873850">
    <ele>2.0</ele>
   </trkpt>
   <trkpt lat="56.1512280" lon="10.1875120">
    <ele>1.8</ele>
   </trkpt>
   <trkpt lat="56.1512400" lon="10.1876390">
    <ele>1.8</ele>
   </trkpt>
   <trkpt lat="56.1512560" lon="10.1877630">
    <ele>2.0</ele>
   </trkpt>
   <trkpt lat="56.1512770" lon="10.1878830">
    <ele>2.0</ele>
   </trkpt>
   <trkpt lat="56.1513030" lon="10.1879980">
    <ele>2.0</ele>
   </trkpt>
   <trkpt lat="56.1513350" lon="10.1881080">
    <ele>2.0</ele>
   </trkpt>
   <trkpt lat="56.1513720" lon="10.1882130">
    <ele>2.2</ele>
   </trkpt>
   <trkpt lat="56.1514130" lon="10.1883140">
    <ele>2.4</ele>
   </trkpt>
   <trkpt lat="56.1514560" lon="10.1884110">
    <ele>2.4</ele>
   </trkpt>
   <trkpt lat="56.1515030" lon="10.1885030">
    <ele>2.6</ele>
   </trkpt>
   <trkpt lat="56.1515520" lon="10.1885900">
    <ele>2.6</ele>
   </trkpt>
   <trkpt lat="56.1516020" lon="10.1886720">
    <ele>2.6</ele>
   </trkpt>
   <trkpt lat="56.1516510" lon="10.1887570">
    <ele>2.6</ele>
   </trkpt>
   <trkpt lat="56.1516980" lon="10.1888440">
    <ele>2.8</ele>
   </trkpt>
   <trkpt lat="56.1517460" lon="10.1889270">
    <ele>2.8</ele>
   </trkpt>
   <trkpt lat="56.1517920" lon="10.1890070">
    <ele>2.8</ele>
   </trkpt>
   <trkpt lat="56.1518340" lon="10.1890840">
    <ele>2.6</ele>
   </trkpt>
   <trkpt lat="56.1518790" lon="10.1891540">
    <ele>2.6</ele>
   </trkpt>
   <trkpt lat="56.1519170" lon="10.1892220">
    <ele>2.6</ele>
   </trkpt>
   <trkpt lat="56.1519460" lon="10.1892830">
    <ele>2.4</ele>
   </trkpt>
   <trkpt lat="56.1519710" lon="10.1893340">
    <ele>2.2</ele>
   </trkpt>
   <trkpt lat="56.1520000" lon="10.1893880">
    <ele>2.0</ele>
   </trkpt>
   <trkpt lat="56.1520330" lon="10.1894480">
    <ele>2.0</ele>
   </trkpt>
   <trkpt lat="56.1520650" lon="10.1894980">
    <ele>2.0</ele>
   </trkpt>
   <trkpt lat="56.1521010" lon="10.1895780">
    <ele>2.0</ele>
   </trkpt>
   <trkpt lat="56.1521420" lon="10.1896620">
    <ele>2.0</ele>
   </trkpt>
   <trkpt lat="56.1521860" lon="10.1897450">
    <ele>2.0</ele>
   </trkpt>
   <trkpt lat="56.1522280" lon="10.1898300">
    <ele>1.8</ele>
   </trkpt>
   <trkpt lat="56.1522690" lon="10.1899200">
    <ele>1.6</ele>
   </trkpt>
   <trkpt lat="56.1523100" lon="10.1900040">
    <ele>1.4</ele>
   </trkpt>
   <trkpt lat="56.1523560" lon="10.1900940">
    <ele>1.4</ele>
   </trkpt>
   <trkpt lat="56.1524040" lon="10.1901880">
    <ele>1.4</ele>
   </trkpt>
   <trkpt lat="56.1524520" lon="10.1902720">
    <ele>1.2</ele>
   </trkpt>
   <trkpt lat="56.1525010" lon="10.1903490">
    <ele>1.2</ele>
   </trkpt>
   <trkpt lat="56.1525600" lon="10.1904340">
    <ele>1.2</ele>
   </trkpt>
   <trkpt lat="56.1526300" lon="10.1905170">
    <ele>1.2</ele>
   </trkpt>
   <trkpt lat="56.1526800" lon="10.1905930">
    <ele>1.0</ele>
   </trkpt>
   <trkpt lat="56.1527370" lon="10.1907260">
    <ele>1.0</ele>
   </trkpt>
   <trkpt lat="56.1528520" lon="10.1908760">
    <ele>1.0</ele>
   </trkpt>
   <trkpt lat="56.1529210" lon="10.1909830">
    <ele>1.0</ele>
   </trkpt>
   <trkpt lat="56.1529900" lon="10.1910780">
    <ele>1.0</ele>
   </trkpt>
   <trkpt lat="56.1530560" lon="10.1911700">
    <ele>1.0</ele>
   </trkpt>
   <trkpt lat="56.1531230" lon="10.1912740">
    <ele>0.8</ele>
   </trkpt>
   <trkpt lat="56.1531960" lon="10.1913770">
    <ele>1.0</ele>
   </trkpt>
   <trkpt lat="56.1532640" lon="10.1914650">
    <ele>0.8</ele>
   </trkpt>
   <trkpt lat="56.1533250" lon="10.1915790">
    <ele>1.0</ele>
   </trkpt>
   <trkpt lat="56.1533880" lon="10.1916530">
    <ele>1.0</ele>
   </trkpt>
   <trkpt lat="56.1534270" lon="10.1917250">
    <ele>1.0</ele>
   </trkpt>
   <trkpt lat="56.1534500" lon="10.1918390">
    <ele>1.2</ele>
   </trkpt>
   <trkpt lat="56.1534620" lon="10.1919430">
    <ele>1.4</ele>
   </trkpt>
   <trkpt lat="56.1534660" lon="10.1920100">
    <ele>1.8</ele>
   </trkpt>
   <trkpt lat="56.1535180" lon="10.1921060">
    <ele>1.8</ele>
   </trkpt>
   <trkpt lat="56.1535610" lon="10.1922110">
    <ele>1.8</ele>
   </trkpt>
   <trkpt lat="56.1536000" lon="10.1923160">
    <ele>1.8</ele>
   </trkpt>
   <trkpt lat="56.1536680" lon="10.1924100">
    <ele>1.8</ele>
   </trkpt>
   <trkpt lat="56.1537420" lon="10.1925100">
    <ele>1.8</ele>
   </trkpt>
   <trkpt lat="56.1538170" lon="10.1926050">
    <ele>1.8</ele>
   </trkpt>
   <trkpt lat="56.1538810" lon="10.1927000">
    <ele>1.8</ele>
   </trkpt>
   <trkpt lat="56.1539400" lon="10.1927800">
    <ele>2.0</ele>
   </trkpt>
   <trkpt lat="56.1539880" lon="10.1928380">
    <ele>2.2</ele>
   </trkpt>
   <trkpt lat="56.1540340" lon="10.1928910">
    <ele>2.2</ele>
   </trkpt>
   <trkpt lat="56.1541140" lon="10.1929700">
    <ele>2.2</ele>
   </trkpt>
   <trkpt lat="56.1542080" lon="10.1930590">
    <ele>2.2</ele>
   </trkpt>
   <trkpt lat="56.1542660" lon="10.1931530">
    <ele>2.2</ele>
   </trkpt>
   <trkpt lat="56.1543130" lon="10.1932410">
    <ele>2.4</ele>
   </trkpt>
   <trkpt lat="56.1543570" lon="10.1933150">
    <ele>2.4</ele>
   </trkpt>
   <trkpt lat="56.1544010" lon="10.1933890">
    <ele>2.2</ele>
   </trkpt>
   <trkpt lat="56.1544540" lon="10.1934630">
    <ele>2.2</ele>
   </trkpt>
   <trkpt lat="56.1545390" lon="10.1935520">
    <ele>2.2</ele>
   </trkpt>
   <trkpt lat="56.1546050" lon="10.1936410">
    <ele>2.0</ele>
   </trkpt>
   <trkpt lat="56.1546680" lon="10.1937270">
    <ele>2.0</ele>
   </trkpt>
   <trkpt lat="56.1547380" lon="10.1938060">
    <ele>1.8</ele>
   </trkpt>
   <trkpt lat="56.1548050" lon="10.1938740">
    <ele>1.8</ele>
   </trkpt>
   <trkpt lat="56.1548720" lon="10.1939490">
    <ele>1.8</ele>
   </trkpt>
   <trkpt lat="56.1549320" lon="10.1940420">
    <ele>1.8</ele>
   </trkpt>
   <trkpt lat="56.1550060" lon="10.1941340">
    <ele>1.8</ele>
   </trkpt>
   <trkpt lat="56.1550710" lon="10.1942210">
    <ele>2.0</ele>
   </trkpt>
   <trkpt lat="56.1551340" lon="10.1943050">
    <ele>2.0</ele>
   </trkpt>
   <trkpt lat="56.1552000" lon="10.1943840">
    <ele>2.0</ele>
   </trkpt>
   <trkpt lat="56.1552650" lon="10.1944630">
    <ele>2.0</ele>
   </trkpt>
   <trkpt lat="56.1553250" lon="10.1945500">
    <ele>2.0</ele>
   </trkpt>
   <trkpt lat="56.1553880" lon="10.1946400">
    <ele>1.8</ele>
   </trkpt>
   <trkpt lat="56.1554520" lon="10.1947280">
    <ele>1.8</ele>
   </trkpt>
   <trkpt lat="56.1555170" lon="10.1948120">
    <ele>1.6</ele>
   </trkpt>
   <trkpt lat="56.1555800" lon="10.1948960">
    <ele>1.4</ele>
   </trkpt>
   <trkpt lat="56.1556480" lon="10.1949820">
    <ele>1.4</ele>
   </trkpt>
   <trkpt lat="56.1557150" lon="10.1950690">
    <ele>1.4</ele>
   </trkpt>
   <trkpt lat="56.1557840" lon="10.1951560">
    <ele>1.4</ele>
   </trkpt>
   <trkpt lat="56.1558490" lon="10.1952400">
    <ele>1.4</ele>
   </trkpt>
   <trkpt lat="56.1559120" lon="10.1953210">
    <ele>1.4</ele>
   </trkpt>
   <trkpt lat="56.1559750" lon="10.1954020">
    <ele>1.4</ele>
   </trkpt>
   <trkpt lat="56.1560380" lon="10.1954830">
    <ele>1.6</ele>
   </trkpt>
   <trkpt lat="56.1560980" lon="10.1955620">
    <ele>1.6</ele>
   </trkpt>
   <trkpt lat="56.1561540" lon="10.1956370">
    <ele>1.6</ele>
   </trkpt>
   <trkpt lat="56.1562040" lon="10.1956870">
    <ele>1.8</ele>
   </trkpt>
   <trkpt lat="56.1562400" lon="10.1957190">
    <ele>2.0</ele>
   </trkpt>
   <trkpt lat="56.1562620" lon="10.1957420">
    <ele>2.2</ele>
   </trkpt>
   <trkpt lat="56.1562700" lon="10.1957480">
    <ele>2.2</ele>
   </trkpt>
   <trkpt lat="56.1562700" lon="10.1957480">
    <ele>2.4</ele>
   </trkpt>
   <trkpt lat="56.1562700" lon="10.1957480">
    <ele>2.4</ele>
   </trkpt>
   <trkpt lat="56.1563020" lon="10.1958140">
    <ele>2.6</ele>
   </trkpt>
   <trkpt lat="56.1563210" lon="10.1958640">
    <ele>2.4</ele>
   </trkpt>
   <trkpt lat="56.1563460" lon="10.1959230">
    <ele>2.4</ele>
   </trkpt>
   <trkpt lat="56.1563780" lon="10.1959870">
    <ele>2.4</ele>
   </trkpt>
   <trkpt lat="56.1564190" lon="10.1960550">
    <ele>2.4</ele>
   </trkpt>
   <trkpt lat="56.1564550" lon="10.1961310">
    <ele>2.4</ele>
   </trkpt>
   <trkpt lat="56.1564930" lon="10.1962110">
    <ele>2.4</ele>
   </trkpt>
   <trkpt lat="56.1565260" lon="10.1962830">
    <ele>2.2</ele>
   </trkpt>
   <trkpt lat="56.1565680" lon="10.1964020">
    <ele>2.2</ele>
   </trkpt>
   <trkpt lat="56.1566030" lon="10.1965050">
    <ele>2.2</ele>
   </trkpt>
   <trkpt lat="56.1566430" lon="10.1966070">
    <ele>2.2</ele>
   </trkpt>
   <trkpt lat="56.1566840" lon="10.1967060">
    <ele>2.2</ele>
   </trkpt>
   <trkpt lat="56.1567270" lon="10.1968080">
    <ele>2.2</ele>
   </trkpt>
   <trkpt lat="56.1567660" lon="10.1969080">
    <ele>2.0</ele>
   </trkpt>
   <trkpt lat="56.1567990" lon="10.1970060">
    <ele>1.8</ele>
   </trkpt>
   <trkpt lat="56.1568270" lon="10.1971000">
    <ele>1.8</ele>
   </trkpt>
   <trkpt lat="56.1568560" lon="10.1971900">
    <ele>1.8</ele>
   </trkpt>
   <trkpt lat="56.1568820" lon="10.1972840">
    <ele>1.8</ele>
   </trkpt>
   <trkpt lat="56.1569020" lon="10.1973880">
    <ele>1.8</ele>
   </trkpt>
   <trkpt lat="56.1569090" lon="10.1974770">
    <ele>1.8</ele>
   </trkpt>
   <trkpt lat="56.1569170" lon="10.1976150">
    <ele>2.0</ele>
   </trkpt>
   <trkpt lat="56.1569260" lon="10.1977360">
    <ele>1.8</ele>
   </trkpt>
   <trkpt lat="56.1569360" lon="10.1978570">
    <ele>1.6</ele>
   </trkpt>
   <trkpt lat="56.1569430" lon="10.1979570">
    <ele>1.4</ele>
   </trkpt>
   <trkpt lat="56.1569560" lon="10.1981100">
    <ele>1.2</ele>
   </trkpt>
   <trkpt lat="56.1569680" lon="10.1982390">
    <ele>1.2</ele>
   </trkpt>
   <trkpt lat="56.1569780" lon="10.1983690">
    <ele>1.2</ele>
   </trkpt>
   <trkpt lat="56.1569910" lon="10.1985020">
    <ele>1.2</ele>
   </trkpt>
   <trkpt lat="56.1570040" lon="10.1986300">
    <ele>1.2</ele>
   </trkpt>
   <trkpt lat="56.1570160" lon="10.1987520">
    <ele>1.2</ele>
   </trkpt>
   <trkpt lat="56.1570290" lon="10.1988680">
    <ele>1.2</ele>
   </trkpt>
   <trkpt lat="56.1570460" lon="10.1989860">
    <ele>1.4</ele>
   </trkpt>
   <trkpt lat="56.1570670" lon="10.1991020">
    <ele>1.4</ele>
   </trkpt>
   <trkpt lat="56.1570940" lon="10.1992180">
    <ele>1.4</ele>
   </trkpt>
   <trkpt lat="56.1571240" lon="10.1993320">
    <ele>1.6</ele>
   </trkpt>
   <trkpt lat="56.1571580" lon="10.1994450">
    <ele>1.8</ele>
   </trkpt>
   <trkpt lat="56.1571920" lon="10.1995590">
    <ele>1.8</ele>
   </trkpt>
   <trkpt lat="56.1572130" lon="10.1996510">
    <ele>1.8</ele>
   </trkpt>
   <trkpt lat="56.1572450" lon="10.1997550">
    <ele>1.8</ele>
   </trkpt>
   <trkpt lat="56.1572820" lon="10.1998730">
    <ele>2.0</ele>
   </trkpt>
   <trkpt lat="56.1573040" lon="10.1999370">
    <ele>2.0</ele>
   </trkpt>
   <trkpt lat="56.1573240" lon="10.1999970">
    <ele>2.2</ele>
   </trkpt>
   <trkpt lat="56.1573490" lon="10.2000430">
    <ele>2.2</ele>
   </trkpt>
   <trkpt lat="56.1573630" lon="10.2000770">
    <ele>2.2</ele>
   </trkpt>
   <trkpt lat="56.1573710" lon="10.2001120">
    <ele>2.4</ele>
   </trkpt>
   <trkpt lat="56.1573800" lon="10.2001270">
    <ele>2.8</ele>
   </trkpt>
   <trkpt lat="56.1574000" lon="10.2001350">
    <ele>2.8</ele>
   </trkpt>
   <trkpt lat="56.1574210" lon="10.2001340">
    <ele>2.8</ele>
   </trkpt>
   <trkpt lat="56.1574420" lon="10.2001360">
    <ele>3.0</ele>
   </trkpt>
   <trkpt lat="56.1574680" lon="10.2001330">
    <ele>3.0</ele>
   </trkpt>
   <trkpt lat="56.1575020" lon="10.2001240">
    <ele>3.0</ele>
   </trkpt>
   <trkpt lat="56.1575200" lon="10.2001260">
    <ele>3.0</ele>
   </trkpt>
   <trkpt lat="56.1575520" lon="10.2001280">
    <ele>3.2</ele>
   </trkpt>
   <trkpt lat="56.1575800" lon="10.2001220">
    <ele>3.2</ele>
   </trkpt>
   <trkpt lat="56.1576220" lon="10.2001030">
    <ele>3.2</ele>
   </trkpt>
   <trkpt lat="56.1576510" lon="10.2000990">
    <ele>3.2</ele>
   </trkpt>
   <trkpt lat="56.1576810" lon="10.2000860">
    <ele>3.2</ele>
   </trkpt>
   <trkpt lat="56.1577160" lon="10.2000670">
    <ele>3.2</ele>
   </trkpt>
   <trkpt lat="56.1577610" lon="10.2000380">
    <ele>3.4</ele>
   </trkpt>
   <trkpt lat="56.1578140" lon="10.2000120">
    <ele>3.6</ele>
   </trkpt>
   <trkpt lat="56.1578630" lon="10.1999770">
    <ele>3.6</ele>
   </trkpt>
   <trkpt lat="56.1579220" lon="10.1999310">
    <ele>3.6</ele>
   </trkpt>
   <trkpt lat="56.1579510" lon="10.1998960">
    <ele>3.6</ele>
   </trkpt>
   <trkpt lat="56.1580100" lon="10.1998410">
    <ele>3.6</ele>
   </trkpt>
   <trkpt lat="56.1580720" lon="10.1997910">
    <ele>3.6</ele>
   </trkpt>
   <trkpt lat="56.1580870" lon="10.1997750">
    <ele>3.6</ele>
   </trkpt>
   <trkpt lat="56.1581000" lon="10.1997710">
    <ele>3.8</ele>
   </trkpt>
   <trkpt lat="56.1581360" lon="10.1997990">
    <ele>3.8</ele>
   </trkpt>
   <trkpt lat="56.1581660" lon="10.1998550">
    <ele>4.2</ele>
   </trkpt>
   <trkpt lat="56.1582070" lon="10.1999230">
    <ele>4.6</ele>
   </trkpt>
   <trkpt lat="56.1582420" lon="10.1999940">
    <ele>4.8</ele>
   </trkpt>
   <trkpt lat="56.1582820" lon="10.2000720">
    <ele>4.8</ele>
   </trkpt>
   <trkpt lat="56.1583280" lon="10.2001360">
    <ele>4.8</ele>
   </trkpt>
   <trkpt lat="56.1583870" lon="10.2002390">
    <ele>4.8</ele>
   </trkpt>
   <trkpt lat="56.1584720" lon="10.2003420">
    <ele>4.8</ele>
   </trkpt>
   <trkpt lat="56.1585230" lon="10.2004380">
    <ele>4.8</ele>
   </trkpt>
   <trkpt lat="56.1585680" lon="10.2005360">
    <ele>4.6</ele>
   </trkpt>
   <trkpt lat="56.1586230" lon="10.2006270">
    <ele>4.4</ele>
   </trkpt>
   <trkpt lat="56.1586720" lon="10.2007150">
    <ele>4.4</ele>
   </trkpt>
   <trkpt lat="56.1587190" lon="10.2008020">
    <ele>4.4</ele>
   </trkpt>
   <trkpt lat="56.1587710" lon="10.2008900">
    <ele>4.2</ele>
   </trkpt>
   <trkpt lat="56.1588320" lon="10.2009790">
    <ele>4.2</ele>
   </trkpt>
   <trkpt lat="56.1588890" lon="10.2010740">
    <ele>4.0</ele>
   </trkpt>
   <trkpt lat="56.1589700" lon="10.2011620">
    <ele>3.8</ele>
   </trkpt>
   <trkpt lat="56.1590280" lon="10.2012450">
    <ele>3.8</ele>
   </trkpt>
   <trkpt lat="56.1590930" lon="10.2013260">
    <ele>3.8</ele>
   </trkpt>
   <trkpt lat="56.1591510" lon="10.2014070">
    <ele>3.8</ele>
   </trkpt>
   <trkpt lat="56.1592030" lon="10.2014740">
    <ele>3.8</ele>
   </trkpt>
   <trkpt lat="56.1592440" lon="10.2015220">
    <ele>3.8</ele>
   </trkpt>
   <trkpt lat="56.1592610" lon="10.2015550">
    <ele>3.8</ele>
   </trkpt>
   <trkpt lat="56.1592700" lon="10.2015870">
    <ele>4.0</ele>
   </trkpt>
   <trkpt lat="56.1592740" lon="10.2015940">
    <ele>4.0</ele>
   </trkpt>
   <trkpt lat="56.1592740" lon="10.2015940">
    <ele>4.0</ele>
   </trkpt>
   <trkpt lat="56.1592740" lon="10.2015940">
    <ele>4.0</ele>
   </trkpt>
   <trkpt lat="56.1592790" lon="10.2016930">
    <ele>4.2</ele>
   </trkpt>
   <trkpt lat="56.1592770" lon="10.2017400">
    <ele>4.2</ele>
   </trkpt>
   <trkpt lat="56.1592810" lon="10.2017960">
    <ele>4.2</ele>
   </trkpt>
   <trkpt lat="56.1592930" lon="10.2018730">
    <ele>4.2</ele>
   </trkpt>
   <trkpt lat="56.1593200" lon="10.2019610">
    <ele>4.0</ele>
   </trkpt>
   <trkpt lat="56.1593440" lon="10.2020610">
    <ele>4.0</ele>
   </trkpt>
   <trkpt lat="56.1593720" lon="10.2021630">
    <ele>4.0</ele>
   </trkpt>
   <trkpt lat="56.1593970" lon="10.2022680">
    <ele>3.8</ele>
   </trkpt>
   <trkpt lat="56.1594230" lon="10.2023770">
    <ele>3.8</ele>
   </trkpt>
   <trkpt lat="56.1594520" lon="10.2024850">
    <ele>3.6</ele>
   </trkpt>
   <trkpt lat="56.1594850" lon="10.2025930">
    <ele>3.6</ele>
   </trkpt>
   <trkpt lat="56.1595220" lon="10.2027050">
    <ele>3.6</ele>
   </trkpt>
   <trkpt lat="56.1595430" lon="10.2028190">
    <ele>3.6</ele>
   </trkpt>
   <trkpt lat="56.1595500" lon="10.2029300">
    <ele>3.6</ele>
   </trkpt>
   <trkpt lat="56.1595620" lon="10.2030430">
    <ele>3.6</ele>
   </trkpt>
   <trkpt lat="56.1595900" lon="10.2031600">
    <ele>3.6</ele>
   </trkpt>
   <trkpt lat="56.1596250" lon="10.2032820">
    <ele>3.6</ele>
   </trkpt>
   <trkpt lat="56.1596640" lon="10.2033990">
    <ele>3.6</ele>
   </trkpt>
   <trkpt lat="56.1597030" lon="10.2035160">
    <ele>3.6</ele>
   </trkpt>
   <trkpt lat="56.1597440" lon="10.2036400">
    <ele>3.6</ele>
   </trkpt>
   <trkpt lat="56.1597750" lon="10.2037620">
    <ele>3.8</ele>
   </trkpt>
   <trkpt lat="56.1597970" lon="10.2038890">
    <ele>4.0</ele>
   </trkpt>
   <trkpt lat="56.1598090" lon="10.2040140">
    <ele>4.2</ele>
   </trkpt>
   <trkpt lat="56.1598280" lon="10.2041400">
    <ele>4.4</ele>
   </trkpt>
   <trkpt lat="56.1598370" lon="10.2042610">
    <ele>4.6</ele>
   </trkpt>
   <trkpt lat="56.1598550" lon="10.2043850">
    <ele>4.8</ele>
   </trkpt>
   <trkpt lat="56.1598850" lon="10.2045050">
    <ele>4.8</ele>
   </trkpt>
   <trkpt lat="56.1599060" lon="10.2046330">
    <ele>4.8</ele>
   </trkpt>
   <trkpt lat="56.1599210" lon="10.2047630">
    <ele>4.8</ele>
   </trkpt>
   <trkpt lat="56.1599340" lon="10.2048900">
    <ele>4.8</ele>
   </trkpt>
   <trkpt lat="56.1599560" lon="10.2050110">
    <ele>4.8</ele>
   </trkpt>
   <trkpt lat="56.1599830" lon="10.2051220">
    <ele>4.6</ele>
   </trkpt>
   <trkpt lat="56.1599950" lon="10.2052400">
    <ele>4.6</ele>
   </trkpt>
   <trkpt lat="56.1600090" lon="10.2053520">
    <ele>4.4</ele>
   </trkpt>
   <trkpt lat="56.1600220" lon="10.2054550">
    <ele>4.4</ele>
   </trkpt>
   <trkpt lat="56.1600250" lon="10.2055490">
    <ele>4.4</ele>
   </trkpt>
   <trkpt lat="56.1600330" lon="10.2056270">
    <ele>4.4</ele>
   </trkpt>
   <trkpt lat="56.1600420" lon="10.2057010">
    <ele>4.4</ele>
   </trkpt>
   <trkpt lat="56.1600570" lon="10.2057850">
    <ele>4.4</ele>
   </trkpt>
   <trkpt lat="56.1600700" lon="10.2058810">
    <ele>4.4</ele>
   </trkpt>
   <trkpt lat="56.1600780" lon="10.2059860">
    <ele>4.4</ele>
   </trkpt>
   <trkpt lat="56.1600830" lon="10.2061000">
    <ele>4.2</ele>
   </trkpt>
   <trkpt lat="56.1600910" lon="10.2062180">
    <ele>4.0</ele>
   </trkpt>
   <trkpt lat="56.1601030" lon="10.2063390">
    <ele>4.0</ele>
   </trkpt>
   <trkpt lat="56.1601170" lon="10.2064570">
    <ele>4.0</ele>
   </trkpt>
   <trkpt lat="56.1601340" lon="10.2065750">
    <ele>4.0</ele>
   </trkpt>
   <trkpt lat="56.1601540" lon="10.2067020">
    <ele>4.0</ele>
   </trkpt>
   <trkpt lat="56.1601670" lon="10.2068270">
    <ele>4.0</ele>
   </trkpt>
   <trkpt lat="56.1601800" lon="10.2069500">
    <ele>4.0</ele>
   </trkpt>
   <trkpt lat="56.1601930" lon="10.2070740">
    <ele>4.0</ele>
   </trkpt>
   <trkpt lat="56.1602060" lon="10.2071970">
    <ele>4.0</ele>
   </trkpt>
   <trkpt lat="56.1602190" lon="10.2073160">
    <ele>4.2</ele>
   </trkpt>
   <trkpt lat="56.1602340" lon="10.2074290">
    <ele>4.2</ele>
   </trkpt>
   <trkpt lat="56.1602480" lon="10.2075220">
    <ele>4.2</ele>
   </trkpt>
   <trkpt lat="56.1602550" lon="10.2075830">
    <ele>4.2</ele>
   </trkpt>
   <trkpt lat="56.1602560" lon="10.2076150">
    <ele>4.4</ele>
   </trkpt>
   <trkpt lat="56.1602560" lon="10.2076240">
    <ele>4.6</ele>
   </trkpt>
   <trkpt lat="56.1602560" lon="10.2076240">
    <ele>4.8</ele>
   </trkpt>
   <trkpt lat="56.1602640" lon="10.2076940">
    <ele>5.0</ele>
   </trkpt>
   <trkpt lat="56.1602500" lon="10.2077330">
    <ele>5.0</ele>
   </trkpt>
   <trkpt lat="56.1602270" lon="10.2077900">
    <ele>5.0</ele>
   </trkpt>
   <trkpt lat="56.1602140" lon="10.2078650">
    <ele>5.0</ele>
   </trkpt>
   <trkpt lat="56.1602260" lon="10.2079510">
    <ele>4.8</ele>
   </trkpt>
   <trkpt lat="56.1602390" lon="10.2080480">
    <ele>4.8</ele>
   </trkpt>
   <trkpt lat="56.1602580" lon="10.2081500">
    <ele>4.8</ele>
   </trkpt>
   <trkpt lat="56.1602740" lon="10.2082590">
    <ele>4.8</ele>
   </trkpt>
   <trkpt lat="56.1602890" lon="10.2083670">
    <ele>4.8</ele>
   </trkpt>
   <trkpt lat="56.1603090" lon="10.2084800">
    <ele>4.6</ele>
   </trkpt>
   <trkpt lat="56.1603320" lon="10.2086000">
    <ele>4.6</ele>
   </trkpt>
   <trkpt lat="56.1603480" lon="10.2087200">
    <ele>4.6</ele>
   </trkpt>
   <trkpt lat="56.1603720" lon="10.2088340">
    <ele>4.6</ele>
   </trkpt>
   <trkpt lat="56.1604130" lon="10.2089500">
    <ele>4.6</ele>
   </trkpt>
   <trkpt lat="56.1604530" lon="10.2090560">
    <ele>4.6</ele>
   </trkpt>
   <trkpt lat="56.1604910" lon="10.2091500">
    <ele>4.6</ele>
   </trkpt>
   <trkpt lat="56.1605320" lon="10.2092430">
    <ele>4.6</ele>
   </trkpt>
   <trkpt lat="56.1605710" lon="10.2093270">
    <ele>4.6</ele>
   </trkpt>
   <trkpt lat="56.1606140" lon="10.2093900">
    <ele>4.6</ele>
   </trkpt>
   <trkpt lat="56.1606490" lon="10.2094310">
    <ele>4.6</ele>
   </trkpt>
   <trkpt lat="56.1606750" lon="10.2094560">
    <ele>4.6</ele>
   </trkpt>
   <trkpt lat="56.1606940" lon="10.2094690">
    <ele>4.8</ele>
   </trkpt>
   <trkpt lat="56.1607220" lon="10.2094880">
    <ele>4.8</ele>
   </trkpt>
   <trkpt lat="56.1607470" lon="10.2095260">
    <ele>5.0</ele>
   </trkpt>
   <trkpt lat="56.1608090" lon="10.2095870">
    <ele>5.2</ele>
   </trkpt>
   <trkpt lat="56.1608490" lon="10.2096520">
    <ele>5.2</ele>
   </trkpt>
   <trkpt lat="56.1609190" lon="10.2097330">
    <ele>5.2</ele>
   </trkpt>
   <trkpt lat="56.1609680" lon="10.2098170">
    <ele>5.2</ele>
   </trkpt>
   <trkpt lat="56.1610250" lon="10.2098950">
    <ele>5.2</ele>
   </trkpt>
   <trkpt lat="56.1610750" lon="10.2099620">
    <ele>5.0</ele>
   </trkpt>
   <trkpt lat="56.1611180" lon="10.2100340">
    <ele>4.8</ele>
   </trkpt>
   <trkpt lat="56.1611660" lon="10.2101030">
    <ele>4.8</ele>
   </trkpt>
   <trkpt lat="56.1612330" lon="10.2101820">
    <ele>4.8</ele>
   </trkpt>
   <trkpt lat="56.1612970" lon="10.2102590">
    <ele>4.8</ele>
   </trkpt>
   <trkpt lat="56.1613700" lon="10.2103460">
    <ele>5.2</ele>
   </trkpt>
   <trkpt lat="56.1614260" lon="10.2104420">
    <ele>5.2</ele>
   </trkpt>
   <trkpt lat="56.1614800" lon="10.2105220">
    <ele>5.6</ele>
   </trkpt>
   <trkpt lat="56.1615140" lon="10.2106000">
    <ele>5.6</ele>
   </trkpt>
   <trkpt lat="56.1615580" lon="10.2106730">
    <ele>5.6</ele>
   </trkpt>
   <trkpt lat="56.1616180" lon="10.2107530">
    <ele>5.6</ele>
   </trkpt>
   <trkpt lat="56.1616780" lon="10.2108230">
    <ele>5.6</ele>
   </trkpt>
   <trkpt lat="56.1617230" lon="10.2108830">
    <ele>5.6</ele>
   </trkpt>
   <trkpt lat="56.1617440" lon="10.2109380">
    <ele>5.6</ele>
   </trkpt>
   <trkpt lat="56.1617400" lon="10.2109820">
    <ele>5.6</ele>
   </trkpt>
   <trkpt lat="56.1617270" lon="10.2110290">
    <ele>5.6</ele>
   </trkpt>
   <trkpt lat="56.1617270" lon="10.2110480">
    <ele>5.6</ele>
   </trkpt>
   <trkpt lat="56.1617260" lon="10.2110670">
    <ele>5.6</ele>
   </trkpt>
   <trkpt lat="56.1617260" lon="10.2110850">
    <ele>5.6</ele>
   </trkpt>
   <trkpt lat="56.1617260" lon="10.2111040">
    <ele>5.6</ele>
   </trkpt>
   <trkpt lat="56.1617260" lon="10.2111230">
    <ele>5.8</ele>
   </trkpt>
   <trkpt lat="56.1617250" lon="10.2111420">
    <ele>5.8</ele>
   </trkpt>
   <trkpt lat="56.1617250" lon="10.2111610">
    <ele>5.8</ele>
   </trkpt>
   <trkpt lat="56.1617250" lon="10.2111800">
    <ele>5.8</ele>
   </trkpt>
   <trkpt lat="56.1617250" lon="10.2111980">
    <ele>5.8</ele>
   </trkpt>
   <trkpt lat="56.1617240" lon="10.2112170">
    <ele>5.8</ele>
   </trkpt>
   <trkpt lat="56.1617240" lon="10.2112360">
    <ele>6.0</ele>
   </trkpt>
   <trkpt lat="56.1617240" lon="10.2112550">
    <ele>6.0</ele>
   </trkpt>
   <trkpt lat="56.1616830" lon="10.2112890">
    <ele>6.0</ele>
   </trkpt>
   <trkpt lat="56.1616340" lon="10.2113220">
    <ele>6.0</ele>
   </trkpt>
   <trkpt lat="56.1615780" lon="10.2113430">
    <ele>5.8</ele>
   </trkpt>
   <trkpt lat="56.1615180" lon="10.2113540">
    <ele>5.8</ele>
   </trkpt>
   <trkpt lat="56.1614550" lon="10.2113660">
    <ele>5.8</ele>
   </trkpt>
   <trkpt lat="56.1613910" lon="10.2113950">
    <ele>5.6</ele>
   </trkpt>
   <trkpt lat="56.1613250" lon="10.2114440">
    <ele>5.6</ele>
   </trkpt>
   <trkpt lat="56.1612620" lon="10.2114990">
    <ele>5.6</ele>
   </trkpt>
   <trkpt lat="56.1612020" lon="10.2115590">
    <ele>5.4</ele>
   </trkpt>
   <trkpt lat="56.1611420" lon="10.2116230">
    <ele>5.4</ele>
   </trkpt>
   <trkpt lat="56.1610810" lon="10.2116890">
    <ele>5.4</ele>
   </trkpt>
   <trkpt lat="56.1610200" lon="10.2117490">
    <ele>5.4</ele>
   </trkpt>
   <trkpt lat="56.1609520" lon="10.2118140">
    <ele>5.4</ele>
   </trkpt>
   <trkpt lat="56.1608940" lon="10.2118830">
    <ele>5.2</ele>
   </trkpt>
   <trkpt lat="56.1608450" lon="10.2119600">
    <ele>5.0</ele>
   </trkpt>
   <trkpt lat="56.1607980" lon="10.2120420">
    <ele>5.0</ele>
   </trkpt>
   <trkpt lat="56.1607480" lon="10.2121320">
    <ele>5.0</ele>
   </trkpt>
   <trkpt lat="56.1606970" lon="10.2122270">
    <ele>5.0</ele>
   </trkpt>
   <trkpt lat="56.1606580" lon="10.2123080">
    <ele>5.0</ele>
   </trkpt>
   <trkpt lat="56.1606110" lon="10.2124080">
    <ele>5.0</ele>
   </trkpt>
   <trkpt lat="56.1605650" lon="10.2125070">
    <ele>4.8</ele>
   </trkpt>
   <trkpt lat="56.1605220" lon="10.2126080">
    <ele>4.8</ele>
   </trkpt>
   <trkpt lat="56.1604820" lon="10.2127150">
    <ele>4.8</ele>
   </trkpt>
   <trkpt lat="56.1604360" lon="10.2128470">
    <ele>4.6</ele>
   </trkpt>
   <trkpt lat="56.1604110" lon="10.2129410">
    <ele>4.6</ele>
   </trkpt>
   <trkpt lat="56.1603740" lon="10.2130820">
    <ele>4.4</ele>
   </trkpt>
   <trkpt lat="56.1603430" lon="10.2131960">
    <ele>4.4</ele>
   </trkpt>
   <trkpt lat="56.1603180" lon="10.2132790">
    <ele>4.4</ele>
   </trkpt>
   <trkpt lat="56.1602770" lon="10.2133820">
    <ele>4.4</ele>
   </trkpt>
   <trkpt lat="56.1602260" lon="10.2135090">
    <ele>4.2</ele>
   </trkpt>
   <trkpt lat="56.1601970" lon="10.2135970">
    <ele>4.2</ele>
   </trkpt>
   <trkpt lat="56.1601620" lon="10.2136930">
    <ele>4.2</ele>
   </trkpt>
   <trkpt lat="56.1601250" lon="10.2137990">
    <ele>4.2</ele>
   </trkpt>
   <trkpt lat="56.1601010" lon="10.2138820">
    <ele>4.2</ele>
   </trkpt>
   <trkpt lat="56.1600880" lon="10.2139500">
    <ele>4.2</ele>
   </trkpt>
   <trkpt lat="56.1600880" lon="10.2140010">
    <ele>4.2</ele>
   </trkpt>
   <trkpt lat="56.1600820" lon="10.2140570">
    <ele>4.0</ele>
   </trkpt>
   <trkpt lat="56.1600730" lon="10.2140860">
    <ele>4.0</ele>
   </trkpt>
   <trkpt lat="56.1600650" lon="10.2141160">
    <ele>4.0</ele>
   </trkpt>
   <trkpt lat="56.1600560" lon="10.2141450">
    <ele>4.0</ele>
   </trkpt>
   <trkpt lat="56.1600470" lon="10.2141740">
    <ele>4.0</ele>
   </trkpt>
   <trkpt lat="56.1600380" lon="10.2142030">
    <ele>4.0</ele>
   </trkpt>
   <trkpt lat="56.1600150" lon="10.2142690">
    <ele>3.8</ele>
   </trkpt>
   <trkpt lat="56.1599910" lon="10.2143420">
    <ele>3.8</ele>
   </trkpt>
   <trkpt lat="56.1599730" lon="10.2144230">
    <ele>3.6</ele>
   </trkpt>
   <trkpt lat="56.1599660" lon="10.2145100">
    <ele>3.6</ele>
   </trkpt>
   <trkpt lat="56.1599620" lon="10.2145980">
    <ele>3.4</ele>
   </trkpt>
   <trkpt lat="56.1599520" lon="10.2146720">
    <ele>3.4</ele>
   </trkpt>
   <trkpt lat="56.1599390" lon="10.2147220">
    <ele>3.6</ele>
   </trkpt>
   <trkpt lat="56.1599340" lon="10.2147540">
    <ele>3.8</ele>
   </trkpt>
   <trkpt lat="56.1599330" lon="10.2147660">
    <ele>4.0</ele>
   </trkpt>
   <trkpt lat="56.1599350" lon="10.2147650">
    <ele>4.2</ele>
   </trkpt>
   <trkpt lat="56.1599370" lon="10.2147710">
    <ele>4.2</ele>
   </trkpt>
   <trkpt lat="56.1599780" lon="10.2148470">
    <ele>4.4</ele>
   </trkpt>
   <trkpt lat="56.1600070" lon="10.2148670">
    <ele>4.4</ele>
   </trkpt>
   <trkpt lat="56.1600430" lon="10.2148910">
    <ele>4.2</ele>
   </trkpt>
   <trkpt lat="56.1600830" lon="10.2149160">
    <ele>4.0</ele>
   </trkpt>
   <trkpt lat="56.1601310" lon="10.2149380">
    <ele>4.0</ele>
   </trkpt>
   <trkpt lat="56.1601830" lon="10.2149570">
    <ele>3.8</ele>
   </trkpt>
   <trkpt lat="56.1602340" lon="10.2149790">
    <ele>3.8</ele>
   </trkpt>
   <trkpt lat="56.1602870" lon="10.2150080">
    <ele>3.8</ele>
   </trkpt>
   <trkpt lat="56.1603370" lon="10.2150360">
    <ele>3.8</ele>
   </trkpt>
   <trkpt lat="56.1603870" lon="10.2150700">
    <ele>3.6</ele>
   </trkpt>
   <trkpt lat="56.1604370" lon="10.2151070">
    <ele>3.6</ele>
   </trkpt>
   <trkpt lat="56.1604910" lon="10.2151430">
    <ele>3.4</ele>
   </trkpt>
   <trkpt lat="56.1605470" lon="10.2151750">
    <ele>3.2</ele>
   </trkpt>
   <trkpt lat="56.1606050" lon="10.2152020">
    <ele>3.2</ele>
   </trkpt>
   <trkpt lat="56.1606620" lon="10.2152320">
    <ele>3.0</ele>
   </trkpt>
   <trkpt lat="56.1607170" lon="10.2152700">
    <ele>3.0</ele>
   </trkpt>
   <trkpt lat="56.1607720" lon="10.2153080">
    <ele>3.0</ele>
   </trkpt>
   <trkpt lat="56.1608280" lon="10.2153460">
    <ele>3.0</ele>
   </trkpt>
   <trkpt lat="56.1608850" lon="10.2153850">
    <ele>3.0</ele>
   </trkpt>
   <trkpt lat="56.1609430" lon="10.2154210">
    <ele>3.0</ele>
   </trkpt>
   <trkpt lat="56.1610000" lon="10.2154430">
    <ele>3.0</ele>
   </trkpt>
   <trkpt lat="56.1610600" lon="10.2154570">
    <ele>3.0</ele>
   </trkpt>
   <trkpt lat="56.1611220" lon="10.2154830">
    <ele>3.0</ele>
   </trkpt>
   <trkpt lat="56.1611810" lon="10.2155250">
    <ele>3.2</ele>
   </trkpt>
   <trkpt lat="56.1612410" lon="10.2155700">
    <ele>3.2</ele>
   </trkpt>
   <trkpt lat="56.1613010" lon="10.2156150">
    <ele>3.4</ele>
   </trkpt>
   <trkpt lat="56.1613640" lon="10.2156590">
    <ele>3.6</ele>
   </trkpt>
   <trkpt lat="56.1614260" lon="10.2157040">
    <ele>3.6</ele>
   </trkpt>
   <trkpt lat="56.1614900" lon="10.2157510">
    <ele>3.8</ele>
   </trkpt>
   <trkpt lat="56.1615530" lon="10.2157960">
    <ele>4.0</ele>
   </trkpt>
   <trkpt lat="56.1616180" lon="10.2158410">
    <ele>4.0</ele>
   </trkpt>
   <trkpt lat="56.1616860" lon="10.2158810">
    <ele>4.0</ele>
   </trkpt>
   <trkpt lat="56.1617600" lon="10.2159180">
    <ele>4.0</ele>
   </trkpt>
   <trkpt lat="56.1618310" lon="10.2159600">
    <ele>4.0</ele>
   </trkpt>
   <trkpt lat="56.1619000" lon="10.2160050">
    <ele>4.0</ele>
   </trkpt>
   <trkpt lat="56.1619690" lon="10.2160500">
    <ele>3.8</ele>
   </trkpt>
   <trkpt lat="56.1620380" lon="10.2161000">
    <ele>3.8</ele>
   </trkpt>
   <trkpt lat="56.1621090" lon="10.2161460">
    <ele>3.8</ele>
   </trkpt>
   <trkpt lat="56.1621800" lon="10.2161860">
    <ele>3.6</ele>
   </trkpt>
   <trkpt lat="56.1622530" lon="10.2162240">
    <ele>3.4</ele>
   </trkpt>
   <trkpt lat="56.1623250" lon="10.2162600">
    <ele>3.2</ele>
   </trkpt>
   <trkpt lat="56.1623960" lon="10.2162980">
    <ele>3.2</ele>
   </trkpt>
   <trkpt lat="56.1624640" lon="10.2163430">
    <ele>3.2</ele>
   </trkpt>
   <trkpt lat="56.1625330" lon="10.2163900">
    <ele>3.2</ele>
   </trkpt>
   <trkpt lat="56.1626030" lon="10.2164330">
    <ele>3.0</ele>
   </trkpt>
   <trkpt lat="56.1626710" lon="10.2164730">
    <ele>2.8</ele>
   </trkpt>
   <trkpt lat="56.1627380" lon="10.2165140">
    <ele>2.8</ele>
   </trkpt>
   <trkpt lat="56.1628040" lon="10.2165570">
    <ele>2.6</ele>
   </trkpt>
   <trkpt lat="56.1628700" lon="10.2166020">
    <ele>2.6</ele>
   </trkpt>
   <trkpt lat="56.1629320" lon="10.2166510">
    <ele>2.6</ele>
   </trkpt>
   <trkpt lat="56.1629960" lon="10.2167000">
    <ele>2.6</ele>
   </trkpt>
   <trkpt lat="56.1630580" lon="10.2167450">
    <ele>2.8</ele>
   </trkpt>
   <trkpt lat="56.1631160" lon="10.2167920">
    <ele>3.0</ele>
   </trkpt>
   <trkpt lat="56.1631690" lon="10.2168380">
    <ele>3.2</ele>
   </trkpt>
   <trkpt lat="56.1632180" lon="10.2168790">
    <ele>3.2</ele>
   </trkpt>
   <trkpt lat="56.1632620" lon="10.2169150">
    <ele>3.4</ele>
   </trkpt>
   <trkpt lat="56.1633030" lon="10.2169440">
    <ele>3.4</ele>
   </trkpt>
   <trkpt lat="56.1633380" lon="10.2169670">
    <ele>3.6</ele>
   </trkpt>
   <trkpt lat="56.1633630" lon="10.2169830">
    <ele>3.6</ele>
   </trkpt>
   <trkpt lat="56.1633710" lon="10.2169910">
    <ele>3.8</ele>
   </trkpt>
   <trkpt lat="56.1633710" lon="10.2169910">
    <ele>4.0</ele>
   </trkpt>
   <trkpt lat="56.1633710" lon="10.2169910">
    <ele>4.0</ele>
   </trkpt>
   <trkpt lat="56.1634050" lon="10.2170290">
    <ele>4.2</ele>
   </trkpt>
   <trkpt lat="56.1634250" lon="10.2170460">
    <ele>4.2</ele>
   </trkpt>
   <trkpt lat="56.1634500" lon="10.2170660">
    <ele>4.2</ele>
   </trkpt>
   <trkpt lat="56.1634730" lon="10.2170880">
    <ele>4.0</ele>
   </trkpt>
   <trkpt lat="56.1634940" lon="10.2171050">
    <ele>4.0</ele>
   </trkpt>
   <trkpt lat="56.1635130" lon="10.2171120">
    <ele>4.0</ele>
   </trkpt>
   <trkpt lat="56.1635300" lon="10.2171100">
    <ele>4.0</ele>
   </trkpt>
   <trkpt lat="56.1635400" lon="10.2171000">
    <ele>4.0</ele>
   </trkpt>
   <trkpt lat="56.1635440" lon="10.2170950">
    <ele>4.0</ele>
   </trkpt>
   <trkpt lat="56.1635440" lon="10.2170950">
    <ele>4.0</ele>
   </trkpt>
   <trkpt lat="56.1635820" lon="10.2170290">
    <ele>3.8</ele>
   </trkpt>
   <trkpt lat="56.1636000" lon="10.2170000">
    <ele>3.8</ele>
   </trkpt>
   <trkpt lat="56.1636190" lon="10.2169660">
    <ele>3.8</ele>
   </trkpt>
   <trkpt lat="56.1636360" lon="10.2169260">
    <ele>3.8</ele>
   </trkpt>
   <trkpt lat="56.1636510" lon="10.2168780">
    <ele>3.8</ele>
   </trkpt>
   <trkpt lat="56.1636670" lon="10.2168240">
    <ele>3.8</ele>
   </trkpt>
   <trkpt lat="56.1636870" lon="10.2167690">
    <ele>3.8</ele>
   </trkpt>
   <trkpt lat="56.1637150" lon="10.2167190">
    <ele>3.8</ele>
   </trkpt>
   <trkpt lat="56.1637440" lon="10.2166910">
    <ele>3.8</ele>
   </trkpt>
   <trkpt lat="56.1637770" lon="10.2167070">
    <ele>3.8</ele>
   </trkpt>
   <trkpt lat="56.1638220" lon="10.2167530">
    <ele>3.8</ele>
   </trkpt>
   <trkpt lat="56.1638690" lon="10.2168000">
    <ele>3.6</ele>
   </trkpt>
   <trkpt lat="56.1639180" lon="10.2168460">
    <ele>3.4</ele>
   </trkpt>
   <trkpt lat="56.1639710" lon="10.2168960">
    <ele>3.4</ele>
   </trkpt>
   <trkpt lat="56.1640270" lon="10.2169460">
    <ele>3.4</ele>
   </trkpt>
   <trkpt lat="56.1640840" lon="10.2170020">
    <ele>3.4</ele>
   </trkpt>
   <trkpt lat="56.1641410" lon="10.2170520">
    <ele>3.4</ele>
   </trkpt>
   <trkpt lat="56.1641990" lon="10.2171020">
    <ele>3.4</ele>
   </trkpt>
   <trkpt lat="56.1642610" lon="10.2171500">
    <ele>3.4</ele>
   </trkpt>
   <trkpt lat="56.1643190" lon="10.2172010">
    <ele>3.4</ele>
   </trkpt>
   <trkpt lat="56.1643770" lon="10.2172550">
    <ele>3.4</ele>
   </trkpt>
   <trkpt lat="56.1644370" lon="10.2173040">
    <ele>3.6</ele>
   </trkpt>
   <trkpt lat="56.1644970" lon="10.2173620">
    <ele>3.8</ele>
   </trkpt>
   <trkpt lat="56.1645570" lon="10.2174190">
    <ele>4.0</ele>
   </trkpt>
   <trkpt lat="56.1646210" lon="10.2174660">
    <ele>4.0</ele>
   </trkpt>
   <trkpt lat="56.1646870" lon="10.2175120">
    <ele>4.0</ele>
   </trkpt>
   <trkpt lat="56.1647520" lon="10.2175610">
    <ele>4.0</ele>
   </trkpt>
   <trkpt lat="56.1648160" lon="10.2176080">
    <ele>4.0</ele>
   </trkpt>
   <trkpt lat="56.1648810" lon="10.2176540">
    <ele>4.0</ele>
   </trkpt>
   <trkpt lat="56.1649450" lon="10.2177030">
    <ele>4.0</ele>
   </trkpt>
   <trkpt lat="56.1650070" lon="10.2177530">
    <ele>4.0</ele>
   </trkpt>
   <trkpt lat="56.1650670" lon="10.2178030">
    <ele>4.0</ele>
   </trkpt>
   <trkpt lat="56.1651310" lon="10.2178460">
    <ele>4.0</ele>
   </trkpt>
   <trkpt lat="56.1651950" lon="10.2178780">
    <ele>4.2</ele>
   </trkpt>
   <trkpt lat="56.1652600" lon="10.2179060">
    <ele>4.2</ele>
   </trkpt>
   <trkpt lat="56.1653240" lon="10.2179350">
    <ele>4.6</ele>
   </trkpt>
   <trkpt lat="56.1653870" lon="10.2179690">
    <ele>4.8</ele>
   </trkpt>
   <trkpt lat="56.1654480" lon="10.2180050">
    <ele>5.2</ele>
   </trkpt>
   <trkpt lat="56.1655080" lon="10.2180360">
    <ele>5.2</ele>
   </trkpt>
   <trkpt lat="56.1655680" lon="10.2180670">
    <ele>5.4</ele>
   </trkpt>
   <trkpt lat="56.1656280" lon="10.2180930">
    <ele>5.6</ele>
   </trkpt>
   <trkpt lat="56.1656860" lon="10.2181200">
    <ele>5.8</ele>
   </trkpt>
   <trkpt lat="56.1657430" lon="10.2181550">
    <ele>6.2</ele>
   </trkpt>
   <trkpt lat="56.1657990" lon="10.2181950">
    <ele>6.8</ele>
   </trkpt>
   <trkpt lat="56.1658550" lon="10.2182310">
    <ele>7.2</ele>
   </trkpt>
   <trkpt lat="56.1659150" lon="10.2182480">
    <ele>7.4</ele>
   </trkpt>
   <trkpt lat="56.1659730" lon="10.2182560">
    <ele>7.6</ele>
   </trkpt>
   <trkpt lat="56.1660280" lon="10.2182620">
    <ele>8.0</ele>
   </trkpt>
   <trkpt lat="56.1660820" lon="10.2182690">
    <ele>8.4</ele>
   </trkpt>
   <trkpt lat="56.1661420" lon="10.2182780">
    <ele>8.6</ele>
   </trkpt>
   <trkpt lat="56.1662040" lon="10.2182850">
    <ele>8.8</ele>
   </trkpt>
   <trkpt lat="56.1662650" lon="10.2182880">
    <ele>8.8</ele>
   </trkpt>
   <trkpt lat="56.1663260" lon="10.2182840">
    <ele>8.8</ele>
   </trkpt>
   <trkpt lat="56.1663860" lon="10.2182720">
    <ele>9.0</ele>
   </trkpt>
   <trkpt lat="56.1664440" lon="10.2182560">
    <ele>9.2</ele>
   </trkpt>
   <trkpt lat="56.1665010" lon="10.2182370">
    <ele>9.6</ele>
   </trkpt>
   <trkpt lat="56.1665570" lon="10.2182310">
    <ele>9.8</ele>
   </trkpt>
   <trkpt lat="56.1666100" lon="10.2182320">
    <ele>10.0</ele>
   </trkpt>
   <trkpt lat="56.1666610" lon="10.2182320">
    <ele>10.6</ele>
   </trkpt>
   <trkpt lat="56.1667110" lon="10.2182310">
    <ele>10.8</ele>
   </trkpt>
   <trkpt lat="56.1667600" lon="10.2182280">
    <ele>11.0</ele>
   </trkpt>
   <trkpt lat="56.1668060" lon="10.2182300">
    <ele>11.4</ele>
   </trkpt>
   <trkpt lat="56.1668480" lon="10.2182360">
    <ele>11.6</ele>
   </trkpt>
   <trkpt lat="56.1668910" lon="10.2182340">
    <ele>11.6</ele>
   </trkpt>
   <trkpt lat="56.1669260" lon="10.2182390">
    <ele>11.8</ele>
   </trkpt>
   <trkpt lat="56.1669520" lon="10.2182490">
    <ele>12.2</ele>
   </trkpt>
   <trkpt lat="56.1669710" lon="10.2182490">
    <ele>12.4</ele>
   </trkpt>
   <trkpt lat="56.1669950" lon="10.2182490">
    <ele>12.6</ele>
   </trkpt>
   <trkpt lat="56.1670260" lon="10.2182550">
    <ele>13.0</ele>
   </trkpt>
   <trkpt lat="56.1670580" lon="10.2182670">
    <ele>13.4</ele>
   </trkpt>
   <trkpt lat="56.1670970" lon="10.2182740">
    <ele>13.4</ele>
   </trkpt>
   <trkpt lat="56.1671300" lon="10.2182750">
    <ele>13.6</ele>
   </trkpt>
   <trkpt lat="56.1671590" lon="10.2182730">
    <ele>13.6</ele>
   </trkpt>
   <trkpt lat="56.1671740" lon="10.2182690">
    <ele>13.8</ele>
   </trkpt>
   <trkpt lat="56.1671780" lon="10.2182690">
    <ele>14.4</ele>
   </trkpt>
   <trkpt lat="56.1671780" lon="10.2182690">
    <ele>14.6</ele>
   </trkpt>
  </trkseg>
 </trk>
</gpx>
