<?xml version="1.0" encoding="UTF-8"?>
<gpx creator="StravaGPX" version="1.1" xmlns="http://www.topografix.com/GPX/1/1" xmlns:xsi="http://www.w3.org/2001/XMLSchema-instance" xsi:schemaLocation="http://www.topografix.com/GPX/1/1 http://www.topografix.com/GPX/1/1/gpx.xsd">
 <trk>
  <name>Kort kort ☀️☀️☀️</name>
  <type>cycling</type>
  <trkseg>
   <trkpt lat="56.1621460" lon="10.2093020">
    <ele>10.4</ele>
   </trkpt>
   <trkpt lat="56.1621460" lon="10.2093020">
    <ele>10.4</ele>
   </trkpt>
   <trkpt lat="56.1622150" lon="10.2092860">
    <ele>10.4</ele>
   </trkpt>
   <trkpt lat="56.1622210" lon="10.2092420">
    <ele>10.2</ele>
   </trkpt>
   <trkpt lat="56.1622340" lon="10.2091950">
    <ele>10.2</ele>
   </trkpt>
   <trkpt lat="56.1622560" lon="10.2091510">
    <ele>10.4</ele>
   </trkpt>
   <trkpt lat="56.1622820" lon="10.2091090">
    <ele>10.6</ele>
   </trkpt>
   <trkpt lat="56.1622980" lon="10.2090580">
    <ele>11.2</ele>
   </trkpt>
   <trkpt lat="56.1623140" lon="10.2090040">
    <ele>11.6</ele>
   </trkpt>
   <trkpt lat="56.1623320" lon="10.2089510">
    <ele>12.0</ele>
   </trkpt>
   <trkpt lat="56.1623550" lon="10.2089010">
    <ele>12.6</ele>
   </trkpt>
   <trkpt lat="56.1623780" lon="10.2088540">
    <ele>12.4</ele>
   </trkpt>
   <trkpt lat="56.1624010" lon="10.2088000">
    <ele>12.2</ele>
   </trkpt>
   <trkpt lat="56.1623820" lon="10.2087330">
    <ele>12.0</ele>
   </trkpt>
   <trkpt lat="56.1623530" lon="10.2086630">
    <ele>12.2</ele>
   </trkpt>
   <trkpt lat="56.1623310" lon="10.2085980">
    <ele>12.2</ele>
   </trkpt>
   <trkpt lat="56.1623110" lon="10.2085300">
    <ele>12.4</ele>
   </trkpt>
   <trkpt lat="56.1622870" lon="10.2084630">
    <ele>12.4</ele>
   </trkpt>
   <trkpt lat="56.1622620" lon="10.2083900">
    <ele>12.8</ele>
   </trkpt>
   <trkpt lat="56.1622440" lon="10.2083140">
    <ele>12.8</ele>
   </trkpt>
   <trkpt lat="56.1622230" lon="10.2082370">
    <ele>12.8</ele>
   </trkpt>
   <trkpt lat="56.1622120" lon="10.2081590">
    <ele>13.0</ele>
   </trkpt>
   <trkpt lat="56.1621990" lon="10.2080810">
    <ele>13.0</ele>
   </trkpt>
   <trkpt lat="56.1621830" lon="10.2080050">
    <ele>12.8</ele>
   </trkpt>
   <trkpt lat="56.1621570" lon="10.2079340">
    <ele>12.4</ele>
   </trkpt>
   <trkpt lat="56.1621220" lon="10.2078750">
    <ele>12.4</ele>
   </trkpt>
   <trkpt lat="56.1620800" lon="10.2078210">
    <ele>12.0</ele>
   </trkpt>
   <trkpt lat="56.1620390" lon="10.2077690">
    <ele>11.8</ele>
   </trkpt>
   <trkpt lat="56.1620040" lon="10.2077130">
    <ele>11.6</ele>
   </trkpt>
   <trkpt lat="56.1619780" lon="10.2076380">
    <ele>11.6</ele>
   </trkpt>
   <trkpt lat="56.1619820" lon="10.2075630">
    <ele>11.4</ele>
   </trkpt>
   <trkpt lat="56.1620080" lon="10.2075010">
    <ele>11.4</ele>
   </trkpt>
   <trkpt lat="56.1620370" lon="10.2074410">
    <ele>11.4</ele>
   </trkpt>
   <trkpt lat="56.1620700" lon="10.2073810">
    <ele>11.6</ele>
   </trkpt>
   <trkpt lat="56.1621000" lon="10.2073230">
    <ele>11.6</ele>
   </trkpt>
   <trkpt lat="56.1621280" lon="10.2072640">
    <ele>11.6</ele>
   </trkpt>
   <trkpt lat="56.1621600" lon="10.2072080">
    <ele>11.8</ele>
   </trkpt>
   <trkpt lat="56.1621970" lon="10.2071500">
    <ele>11.8</ele>
   </trkpt>
   <trkpt lat="56.1622300" lon="10.2070930">
    <ele>12.0</ele>
   </trkpt>
   <trkpt lat="56.1622620" lon="10.2070320">
    <ele>12.4</ele>
   </trkpt>
   <trkpt lat="56.1622970" lon="10.2069690">
    <ele>12.6</ele>
   </trkpt>
   <trkpt lat="56.1623350" lon="10.2069130">
    <ele>13.2</ele>
   </trkpt>
   <trkpt lat="56.1623880" lon="10.2068650">
    <ele>13.6</ele>
   </trkpt>
   <trkpt lat="56.1624270" lon="10.2068180">
    <ele>14.0</ele>
   </trkpt>
   <trkpt lat="56.1624430" lon="10.2067470">
    <ele>14.2</ele>
   </trkpt>
   <trkpt lat="56.1624650" lon="10.2066850">
    <ele>14.6</ele>
   </trkpt>
   <trkpt lat="56.1624870" lon="10.2066240">
    <ele>14.8</ele>
   </trkpt>
   <trkpt lat="56.1625100" lon="10.2065640">
    <ele>15.0</ele>
   </trkpt>
   <trkpt lat="56.1625360" lon="10.2065070">
    <ele>15.2</ele>
   </trkpt>
   <trkpt lat="56.1625640" lon="10.2064510">
    <ele>15.4</ele>
   </trkpt>
   <trkpt lat="56.1625990" lon="10.2064000">
    <ele>15.6</ele>
   </trkpt>
   <trkpt lat="56.1626320" lon="10.2063500">
    <ele>16.0</ele>
   </trkpt>
   <trkpt lat="56.1626620" lon="10.2062970">
    <ele>16.2</ele>
   </trkpt>
   <trkpt lat="56.1626920" lon="10.2062470">
    <ele>16.6</ele>
   </trkpt>
   <trkpt lat="56.1627040" lon="10.2062080">
    <ele>16.8</ele>
   </trkpt>
   <trkpt lat="56.1627220" lon="10.2061870">
    <ele>17.0</ele>
   </trkpt>
   <trkpt lat="56.1627420" lon="10.2061870">
    <ele>17.2</ele>
   </trkpt>
   <trkpt lat="56.1627760" lon="10.2062160">
    <ele>17.6</ele>
   </trkpt>
   <trkpt lat="56.1628080" lon="10.2062560">
    <ele>17.6</ele>
   </trkpt>
   <trkpt lat="56.1628380" lon="10.2063030">
    <ele>18.0</ele>
   </trkpt>
   <trkpt lat="56.1628650" lon="10.2063480">
    <ele>18.0</ele>
   </trkpt>
   <trkpt lat="56.1628950" lon="10.2063870">
    <ele>18.2</ele>
   </trkpt>
   <trkpt lat="56.1629270" lon="10.2064230">
    <ele>18.2</ele>
   </trkpt>
   <trkpt lat="56.1629590" lon="10.2064620">
    <ele>18.2</ele>
   </trkpt>
   <trkpt lat="56.1629870" lon="10.2065040">
    <ele>18.2</ele>
   </trkpt>
   <trkpt lat="56.1630150" lon="10.2065410">
    <ele>18.4</ele>
   </trkpt>
   <trkpt lat="56.1630440" lon="10.2065790">
    <ele>18.4</ele>
   </trkpt>
   <trkpt lat="56.1630740" lon="10.2066190">
    <ele>18.6</ele>
   </trkpt>
   <trkpt lat="56.1631040" lon="10.2066680">
    <ele>18.8</ele>
   </trkpt>
   <trkpt lat="56.1631350" lon="10.2067080">
    <ele>19.0</ele>
   </trkpt>
   <trkpt lat="56.1631630" lon="10.2067390">
    <ele>19.2</ele>
   </trkpt>
   <trkpt lat="56.1631910" lon="10.2067770">
    <ele>19.4</ele>
   </trkpt>
   <trkpt lat="56.1632200" lon="10.2068130">
    <ele>19.6</ele>
   </trkpt>
   <trkpt lat="56.1632530" lon="10.2068610">
    <ele>19.6</ele>
   </trkpt>
   <trkpt lat="56.1632910" lon="10.2069140">
    <ele>19.8</ele>
   </trkpt>
   <trkpt lat="56.1633300" lon="10.2069640">
    <ele>20.0</ele>
   </trkpt>
   <trkpt lat="56.1633710" lon="10.2070090">
    <ele>20.0</ele>
   </trkpt>
   <trkpt lat="56.1634100" lon="10.2070540">
    <ele>20.2</ele>
   </trkpt>
   <trkpt lat="56.1634420" lon="10.2071000">
    <ele>20.4</ele>
   </trkpt>
   <trkpt lat="56.1634730" lon="10.2071400">
    <ele>20.6</ele>
   </trkpt>
   <trkpt lat="56.1635050" lon="10.2071630">
    <ele>20.6</ele>
   </trkpt>
   <trkpt lat="56.1635380" lon="10.2071560">
    <ele>20.8</ele>
   </trkpt>
   <trkpt lat="56.1635710" lon="10.2071210">
    <ele>20.8</ele>
   </trkpt>
   <trkpt lat="56.1635980" lon="10.2070720">
    <ele>20.8</ele>
   </trkpt>
   <trkpt lat="56.1636130" lon="10.2070080">
    <ele>20.6</ele>
   </trkpt>
   <trkpt lat="56.1636240" lon="10.2069370">
    <ele>20.6</ele>
   </trkpt>
   <trkpt lat="56.1636400" lon="10.2068700">
    <ele>20.6</ele>
   </trkpt>
   <trkpt lat="56.1636580" lon="10.2068020">
    <ele>20.6</ele>
   </trkpt>
   <trkpt lat="56.1636700" lon="10.2067340">
    <ele>20.6</ele>
   </trkpt>
   <trkpt lat="56.1636800" lon="10.2066680">
    <ele>21.0</ele>
   </trkpt>
   <trkpt lat="56.1636920" lon="10.2066010">
    <ele>21.2</ele>
   </trkpt>
   <trkpt lat="56.1637120" lon="10.2065390">
    <ele>21.4</ele>
   </trkpt>
   <trkpt lat="56.1637370" lon="10.2064810">
    <ele>21.8</ele>
   </trkpt>
   <trkpt lat="56.1637640" lon="10.2064220">
    <ele>22.0</ele>
   </trkpt>
   <trkpt lat="56.1637870" lon="10.2063620">
    <ele>22.2</ele>
   </trkpt>
   <trkpt lat="56.1638030" lon="10.2062970">
    <ele>22.4</ele>
   </trkpt>
   <trkpt lat="56.1638070" lon="10.2062320">
    <ele>22.4</ele>
   </trkpt>
   <trkpt lat="56.1638200" lon="10.2061660">
    <ele>22.4</ele>
   </trkpt>
   <trkpt lat="56.1638370" lon="10.2061030">
    <ele>22.4</ele>
   </trkpt>
   <trkpt lat="56.1638550" lon="10.2060430">
    <ele>22.4</ele>
   </trkpt>
   <trkpt lat="56.1638790" lon="10.2059840">
    <ele>22.4</ele>
   </trkpt>
   <trkpt lat="56.1639040" lon="10.2059290">
    <ele>22.4</ele>
   </trkpt>
   <trkpt lat="56.1639250" lon="10.2058700">
    <ele>22.6</ele>
   </trkpt>
   <trkpt lat="56.1639430" lon="10.2058060">
    <ele>23.0</ele>
   </trkpt>
   <trkpt lat="56.1639610" lon="10.2057410">
    <ele>23.4</ele>
   </trkpt>
   <trkpt lat="56.1639770" lon="10.2056770">
    <ele>23.6</ele>
   </trkpt>
   <trkpt lat="56.1639960" lon="10.2056150">
    <ele>23.8</ele>
   </trkpt>
   <trkpt lat="56.1640150" lon="10.2055520">
    <ele>24.0</ele>
   </trkpt>
   <trkpt lat="56.1640340" lon="10.2054890">
    <ele>24.0</ele>
   </trkpt>
   <trkpt lat="56.1640550" lon="10.2054320">
    <ele>24.0</ele>
   </trkpt>
   <trkpt lat="56.1640780" lon="10.2053780">
    <ele>24.0</ele>
   </trkpt>
   <trkpt lat="56.1640970" lon="10.2053240">
    <ele>24.2</ele>
   </trkpt>
   <trkpt lat="56.1641160" lon="10.2052670">
    <ele>24.2</ele>
   </trkpt>
   <trkpt lat="56.1641340" lon="10.2052120">
    <ele>24.4</ele>
   </trkpt>
   <trkpt lat="56.1641520" lon="10.2051520">
    <ele>24.6</ele>
   </trkpt>
   <trkpt lat="56.1641720" lon="10.2050950">
    <ele>25.0</ele>
   </trkpt>
   <trkpt lat="56.1641880" lon="10.2050350">
    <ele>25.2</ele>
   </trkpt>
   <trkpt lat="56.1642020" lon="10.2049770">
    <ele>25.4</ele>
   </trkpt>
   <trkpt lat="56.1642200" lon="10.2049190">
    <ele>25.6</ele>
   </trkpt>
   <trkpt lat="56.1642380" lon="10.2048620">
    <ele>25.8</ele>
   </trkpt>
   <trkpt lat="56.1642590" lon="10.2048030">
    <ele>26.0</ele>
   </trkpt>
   <trkpt lat="56.1642780" lon="10.2047480">
    <ele>26.2</ele>
   </trkpt>
   <trkpt lat="56.1642980" lon="10.2046920">
    <ele>26.2</ele>
   </trkpt>
   <trkpt lat="56.1643160" lon="10.2046310">
    <ele>26.4</ele>
   </trkpt>
   <trkpt lat="56.1643330" lon="10.2045690">
    <ele>26.4</ele>
   </trkpt>
   <trkpt lat="56.1643500" lon="10.2045090">
    <ele>26.6</ele>
   </trkpt>
   <trkpt lat="56.1643680" lon="10.2044500">
    <ele>26.6</ele>
   </trkpt>
   <trkpt lat="56.1643870" lon="10.2043890">
    <ele>26.8</ele>
   </trkpt>
   <trkpt lat="56.1644050" lon="10.2043260">
    <ele>27.2</ele>
   </trkpt>
   <trkpt lat="56.1644270" lon="10.2042650">
    <ele>27.4</ele>
   </trkpt>
   <trkpt lat="56.1644490" lon="10.2042090">
    <ele>27.8</ele>
   </trkpt>
   <trkpt lat="56.1644720" lon="10.2041520">
    <ele>28.2</ele>
   </trkpt>
   <trkpt lat="56.1644930" lon="10.2040930">
    <ele>28.4</ele>
   </trkpt>
   <trkpt lat="56.1645120" lon="10.2040350">
    <ele>28.6</ele>
   </trkpt>
   <trkpt lat="56.1645320" lon="10.2039780">
    <ele>28.8</ele>
   </trkpt>
   <trkpt lat="56.1645500" lon="10.2039160">
    <ele>29.2</ele>
   </trkpt>
   <trkpt lat="56.1645670" lon="10.2038550">
    <ele>29.4</ele>
   </trkpt>
   <trkpt lat="56.1645850" lon="10.2037940">
    <ele>29.6</ele>
   </trkpt>
   <trkpt lat="56.1646060" lon="10.2037320">
    <ele>29.6</ele>
   </trkpt>
   <trkpt lat="56.1646260" lon="10.2036730">
    <ele>29.8</ele>
   </trkpt>
   <trkpt lat="56.1646480" lon="10.2036110">
    <ele>29.8</ele>
   </trkpt>
   <trkpt lat="56.1646690" lon="10.2035490">
    <ele>29.6</ele>
   </trkpt>
   <trkpt lat="56.1646880" lon="10.2034910">
    <ele>29.6</ele>
   </trkpt>
   <trkpt lat="56.1647070" lon="10.2034340">
    <ele>29.6</ele>
   </trkpt>
   <trkpt lat="56.1647280" lon="10.2033770">
    <ele>29.6</ele>
   </trkpt>
   <trkpt lat="56.1647470" lon="10.2033190">
    <ele>29.8</ele>
   </trkpt>
   <trkpt lat="56.1647660" lon="10.2032580">
    <ele>30.0</ele>
   </trkpt>
   <trkpt lat="56.1647840" lon="10.2031970">
    <ele>30.2</ele>
   </trkpt>
   <trkpt lat="56.1648020" lon="10.2031340">
    <ele>30.2</ele>
   </trkpt>
   <trkpt lat="56.1648200" lon="10.2030730">
    <ele>30.4</ele>
   </trkpt>
   <trkpt lat="56.1648410" lon="10.2030110">
    <ele>30.4</ele>
   </trkpt>
   <trkpt lat="56.1648650" lon="10.2029510">
    <ele>30.6</ele>
   </trkpt>
   <trkpt lat="56.1648860" lon="10.2028950">
    <ele>30.8</ele>
   </trkpt>
   <trkpt lat="56.1649070" lon="10.2028340">
    <ele>30.8</ele>
   </trkpt>
   <trkpt lat="56.1649270" lon="10.2027720">
    <ele>31.2</ele>
   </trkpt>
   <trkpt lat="56.1649460" lon="10.2027080">
    <ele>31.4</ele>
   </trkpt>
   <trkpt lat="56.1649670" lon="10.2026480">
    <ele>31.6</ele>
   </trkpt>
   <trkpt lat="56.1649870" lon="10.2025840">
    <ele>31.6</ele>
   </trkpt>
   <trkpt lat="56.1650080" lon="10.2025230">
    <ele>31.8</ele>
   </trkpt>
   <trkpt lat="56.1650300" lon="10.2024650">
    <ele>31.8</ele>
   </trkpt>
   <trkpt lat="56.1650490" lon="10.2024040">
    <ele>31.8</ele>
   </trkpt>
   <trkpt lat="56.1650700" lon="10.2023450">
    <ele>31.8</ele>
   </trkpt>
   <trkpt lat="56.1650940" lon="10.2022890">
    <ele>31.8</ele>
   </trkpt>
   <trkpt lat="56.1651170" lon="10.2022340">
    <ele>32.0</ele>
   </trkpt>
   <trkpt lat="56.1651360" lon="10.2021830">
    <ele>32.2</ele>
   </trkpt>
   <trkpt lat="56.1651510" lon="10.2021300">
    <ele>32.2</ele>
   </trkpt>
   <trkpt lat="56.1651610" lon="10.2020700">
    <ele>32.2</ele>
   </trkpt>
   <trkpt lat="56.1651720" lon="10.2020060">
    <ele>32.4</ele>
   </trkpt>
   <trkpt lat="56.1651930" lon="10.2019580">
    <ele>32.4</ele>
   </trkpt>
   <trkpt lat="56.1652160" lon="10.2019340">
    <ele>32.6</ele>
   </trkpt>
   <trkpt lat="56.1652450" lon="10.2019300">
    <ele>32.8</ele>
   </trkpt>
   <trkpt lat="56.1652780" lon="10.2019340">
    <ele>33.0</ele>
   </trkpt>
   <trkpt lat="56.1653170" lon="10.2019380">
    <ele>33.4</ele>
   </trkpt>
   <trkpt lat="56.1653580" lon="10.2019450">
    <ele>33.4</ele>
   </trkpt>
   <trkpt lat="56.1654000" lon="10.2019530">
    <ele>33.6</ele>
   </trkpt>
   <trkpt lat="56.1654460" lon="10.2019660">
    <ele>33.8</ele>
   </trkpt>
   <trkpt lat="56.1654880" lon="10.2019790">
    <ele>33.8</ele>
   </trkpt>
   <trkpt lat="56.1655320" lon="10.2019970">
    <ele>34.0</ele>
   </trkpt>
   <trkpt lat="56.1655770" lon="10.2020240">
    <ele>34.2</ele>
   </trkpt>
   <trkpt lat="56.1656170" lon="10.2020530">
    <ele>34.4</ele>
   </trkpt>
   <trkpt lat="56.1656520" lon="10.2020890">
    <ele>34.6</ele>
   </trkpt>
   <trkpt lat="56.1656890" lon="10.2021370">
    <ele>34.8</ele>
   </trkpt>
   <trkpt lat="56.1657280" lon="10.2021870">
    <ele>34.8</ele>
   </trkpt>
   <trkpt lat="56.1657620" lon="10.2022350">
    <ele>35.0</ele>
   </trkpt>
   <trkpt lat="56.1657960" lon="10.2022840">
    <ele>35.2</ele>
   </trkpt>
   <trkpt lat="56.1658330" lon="10.2023360">
    <ele>35.2</ele>
   </trkpt>
   <trkpt lat="56.1658670" lon="10.2023900">
    <ele>35.2</ele>
   </trkpt>
   <trkpt lat="56.1659020" lon="10.2024390">
    <ele>35.4</ele>
   </trkpt>
   <trkpt lat="56.1659440" lon="10.2024840">
    <ele>35.4</ele>
   </trkpt>
   <trkpt lat="56.1659880" lon="10.2025270">
    <ele>35.4</ele>
   </trkpt>
   <trkpt lat="56.1660330" lon="10.2025690">
    <ele>35.4</ele>
   </trkpt>
   <trkpt lat="56.1660840" lon="10.2026060">
    <ele>35.4</ele>
   </trkpt>
   <trkpt lat="56.1661410" lon="10.2026320">
    <ele>35.4</ele>
   </trkpt>
   <trkpt lat="56.1662030" lon="10.2026450">
    <ele>35.2</ele>
   </trkpt>
   <trkpt lat="56.1662630" lon="10.2026480">
    <ele>35.2</ele>
   </trkpt>
   <trkpt lat="56.1663250" lon="10.2026360">
    <ele>35.0</ele>
   </trkpt>
   <trkpt lat="56.1663870" lon="10.2026170">
    <ele>35.0</ele>
   </trkpt>
   <trkpt lat="56.1664490" lon="10.2025880">
    <ele>34.8</ele>
   </trkpt>
   <trkpt lat="56.1665070" lon="10.2025540">
    <ele>34.8</ele>
   </trkpt>
   <trkpt lat="56.1665640" lon="10.2025210">
    <ele>34.8</ele>
   </trkpt>
   <trkpt lat="56.1666190" lon="10.2024840">
    <ele>34.8</ele>
   </trkpt>
   <trkpt lat="56.1666750" lon="10.2024530">
    <ele>34.8</ele>
   </trkpt>
   <trkpt lat="56.1667320" lon="10.2024400">
    <ele>34.8</ele>
   </trkpt>
   <trkpt lat="56.1667850" lon="10.2024380">
    <ele>34.8</ele>
   </trkpt>
   <trkpt lat="56.1668380" lon="10.2024310">
    <ele>35.0</ele>
   </trkpt>
   <trkpt lat="56.1668930" lon="10.2024080">
    <ele>35.0</ele>
   </trkpt>
   <trkpt lat="56.1669460" lon="10.2023760">
    <ele>35.2</ele>
   </trkpt>
   <trkpt lat="56.1669960" lon="10.2023380">
    <ele>35.4</ele>
   </trkpt>
   <trkpt lat="56.1670450" lon="10.2022990">
    <ele>35.6</ele>
   </trkpt>
   <trkpt lat="56.1670940" lon="10.2022590">
    <ele>35.8</ele>
   </trkpt>
   <trkpt lat="56.1671420" lon="10.2022270">
    <ele>36.0</ele>
   </trkpt>
   <trkpt lat="56.1671900" lon="10.2022020">
    <ele>36.2</ele>
   </trkpt>
   <trkpt lat="56.1672370" lon="10.2021730">
    <ele>36.4</ele>
   </trkpt>
   <trkpt lat="56.1672820" lon="10.2021430">
    <ele>36.6</ele>
   </trkpt>
   <trkpt lat="56.1673260" lon="10.2021100">
    <ele>36.8</ele>
   </trkpt>
   <trkpt lat="56.1673700" lon="10.2020820">
    <ele>37.0</ele>
   </trkpt>
   <trkpt lat="56.1674120" lon="10.2020570">
    <ele>37.2</ele>
   </trkpt>
   <trkpt lat="56.1674570" lon="10.2020290">
    <ele>37.6</ele>
   </trkpt>
   <trkpt lat="56.1675030" lon="10.2019970">
    <ele>37.8</ele>
   </trkpt>
   <trkpt lat="56.1675480" lon="10.2019600">
    <ele>37.8</ele>
   </trkpt>
   <trkpt lat="56.1675880" lon="10.2019120">
    <ele>38.0</ele>
   </trkpt>
   <trkpt lat="56.1676210" lon="10.2018540">
    <ele>38.2</ele>
   </trkpt>
   <trkpt lat="56.1676550" lon="10.2018060">
    <ele>38.2</ele>
   </trkpt>
   <trkpt lat="56.1676900" lon="10.2017630">
    <ele>38.4</ele>
   </trkpt>
   <trkpt lat="56.1677250" lon="10.2017190">
    <ele>38.6</ele>
   </trkpt>
   <trkpt lat="56.1677570" lon="10.2016710">
    <ele>39.0</ele>
   </trkpt>
   <trkpt lat="56.1677950" lon="10.2016210">
    <ele>39.2</ele>
   </trkpt>
   <trkpt lat="56.1678280" lon="10.2015670">
    <ele>39.4</ele>
   </trkpt>
   <trkpt lat="56.1678630" lon="10.2015120">
    <ele>39.6</ele>
   </trkpt>
   <trkpt lat="56.1678940" lon="10.2014580">
    <ele>39.8</ele>
   </trkpt>
   <trkpt lat="56.1679250" lon="10.2013990">
    <ele>40.0</ele>
   </trkpt>
   <trkpt lat="56.1679590" lon="10.2013380">
    <ele>40.2</ele>
   </trkpt>
   <trkpt lat="56.1679930" lon="10.2012740">
    <ele>40.4</ele>
   </trkpt>
   <trkpt lat="56.1680240" lon="10.2012150">
    <ele>40.6</ele>
   </trkpt>
   <trkpt lat="56.1680520" lon="10.2011420">
    <ele>40.8</ele>
   </trkpt>
   <trkpt lat="56.1680830" lon="10.2010630">
    <ele>40.8</ele>
   </trkpt>
   <trkpt lat="56.1681180" lon="10.2010000">
    <ele>41.0</ele>
   </trkpt>
   <trkpt lat="56.1681510" lon="10.2009430">
    <ele>41.2</ele>
   </trkpt>
   <trkpt lat="56.1681810" lon="10.2008890">
    <ele>41.2</ele>
   </trkpt>
   <trkpt lat="56.1682130" lon="10.2008340">
    <ele>41.4</ele>
   </trkpt>
   <trkpt lat="56.1682480" lon="10.2007790">
    <ele>41.6</ele>
   </trkpt>
   <trkpt lat="56.1682810" lon="10.2007240">
    <ele>41.8</ele>
   </trkpt>
   <trkpt lat="56.1683170" lon="10.2006720">
    <ele>42.0</ele>
   </trkpt>
   <trkpt lat="56.1683560" lon="10.2006190">
    <ele>42.2</ele>
   </trkpt>
   <trkpt lat="56.1683930" lon="10.2005670">
    <ele>42.2</ele>
   </trkpt>
   <trkpt lat="56.1684320" lon="10.2005160">
    <ele>42.4</ele>
   </trkpt>
   <trkpt lat="56.1684670" lon="10.2004710">
    <ele>42.6</ele>
   </trkpt>
   <trkpt lat="56.1684920" lon="10.2004160">
    <ele>42.6</ele>
   </trkpt>
   <trkpt lat="56.1685160" lon="10.2003390">
    <ele>42.6</ele>
   </trkpt>
   <trkpt lat="56.1685330" lon="10.2002580">
    <ele>42.8</ele>
   </trkpt>
   <trkpt lat="56.1685390" lon="10.2001660">
    <ele>42.8</ele>
   </trkpt>
   <trkpt lat="56.1685530" lon="10.2000800">
    <ele>42.8</ele>
   </trkpt>
   <trkpt lat="56.1685640" lon="10.1999910">
    <ele>42.8</ele>
   </trkpt>
   <trkpt lat="56.1685700" lon="10.1998910">
    <ele>43.0</ele>
   </trkpt>
   <trkpt lat="56.1685810" lon="10.1998000">
    <ele>43.0</ele>
   </trkpt>
   <trkpt lat="56.1685910" lon="10.1997160">
    <ele>43.2</ele>
   </trkpt>
   <trkpt lat="56.1685980" lon="10.1996310">
    <ele>43.2</ele>
   </trkpt>
   <trkpt lat="56.1686060" lon="10.1995460">
    <ele>43.4</ele>
   </trkpt>
   <trkpt lat="56.1686180" lon="10.1994620">
    <ele>43.6</ele>
   </trkpt>
   <trkpt lat="56.1686340" lon="10.1993830">
    <ele>43.8</ele>
   </trkpt>
   <trkpt lat="56.1686520" lon="10.1993060">
    <ele>44.0</ele>
   </trkpt>
   <trkpt lat="56.1686730" lon="10.1992330">
    <ele>44.0</ele>
   </trkpt>
   <trkpt lat="56.1687000" lon="10.1991660">
    <ele>44.0</ele>
   </trkpt>
   <trkpt lat="56.1687320" lon="10.1991080">
    <ele>44.0</ele>
   </trkpt>
   <trkpt lat="56.1687670" lon="10.1990640">
    <ele>44.0</ele>
   </trkpt>
   <trkpt lat="56.1688010" lon="10.1990240">
    <ele>44.0</ele>
   </trkpt>
   <trkpt lat="56.1688350" lon="10.1989890">
    <ele>44.0</ele>
   </trkpt>
   <trkpt lat="56.1688640" lon="10.1989600">
    <ele>44.2</ele>
   </trkpt>
   <trkpt lat="56.1688930" lon="10.1989370">
    <ele>44.2</ele>
   </trkpt>
   <trkpt lat="56.1689280" lon="10.1989060">
    <ele>44.4</ele>
   </trkpt>
   <trkpt lat="56.1689630" lon="10.1988600">
    <ele>44.6</ele>
   </trkpt>
   <trkpt lat="56.1689940" lon="10.1988110">
    <ele>44.6</ele>
   </trkpt>
   <trkpt lat="56.1690190" lon="10.1987550">
    <ele>44.8</ele>
   </trkpt>
   <trkpt lat="56.1690210" lon="10.1986770">
    <ele>45.2</ele>
   </trkpt>
   <trkpt lat="56.1690180" lon="10.1985950">
    <ele>45.4</ele>
   </trkpt>
   <trkpt lat="56.1690140" lon="10.1985250">
    <ele>45.6</ele>
   </trkpt>
   <trkpt lat="56.1690050" lon="10.1984650">
    <ele>46.0</ele>
   </trkpt>
   <trkpt lat="56.1690040" lon="10.1984050">
    <ele>46.2</ele>
   </trkpt>
   <trkpt lat="56.1690080" lon="10.1983580">
    <ele>46.4</ele>
   </trkpt>
   <trkpt lat="56.1690250" lon="10.1983090">
    <ele>46.6</ele>
   </trkpt>
   <trkpt lat="56.1690570" lon="10.1982770">
    <ele>46.6</ele>
   </trkpt>
   <trkpt lat="56.1690980" lon="10.1982720">
    <ele>46.8</ele>
   </trkpt>
   <trkpt lat="56.1691430" lon="10.1982830">
    <ele>46.8</ele>
   </trkpt>
   <trkpt lat="56.1691870" lon="10.1982980">
    <ele>46.8</ele>
   </trkpt>
   <trkpt lat="56.1692340" lon="10.1983160">
    <ele>46.8</ele>
   </trkpt>
   <trkpt lat="56.1692810" lon="10.1983330">
    <ele>47.0</ele>
   </trkpt>
   <trkpt lat="56.1693290" lon="10.1983460">
    <ele>47.0</ele>
   </trkpt>
   <trkpt lat="56.1693770" lon="10.1983520">
    <ele>47.0</ele>
   </trkpt>
   <trkpt lat="56.1694280" lon="10.1983580">
    <ele>47.0</ele>
   </trkpt>
   <trkpt lat="56.1694820" lon="10.1983640">
    <ele>47.0</ele>
   </trkpt>
   <trkpt lat="56.1695340" lon="10.1983770">
    <ele>47.0</ele>
   </trkpt>
   <trkpt lat="56.1695860" lon="10.1983920">
    <ele>47.2</ele>
   </trkpt>
   <trkpt lat="56.1696380" lon="10.1984070">
    <ele>47.2</ele>
   </trkpt>
   <trkpt lat="56.1696890" lon="10.1984180">
    <ele>47.4</ele>
   </trkpt>
   <trkpt lat="56.1697410" lon="10.1984300">
    <ele>47.4</ele>
   </trkpt>
   <trkpt lat="56.1697920" lon="10.1984400">
    <ele>47.6</ele>
   </trkpt>
   <trkpt lat="56.1698430" lon="10.1984510">
    <ele>47.8</ele>
   </trkpt>
   <trkpt lat="56.1698940" lon="10.1984590">
    <ele>47.8</ele>
   </trkpt>
   <trkpt lat="56.1699430" lon="10.1984690">
    <ele>47.8</ele>
   </trkpt>
   <trkpt lat="56.1699930" lon="10.1984830">
    <ele>48.0</ele>
   </trkpt>
   <trkpt lat="56.1700430" lon="10.1985000">
    <ele>48.0</ele>
   </trkpt>
   <trkpt lat="56.1700910" lon="10.1985120">
    <ele>48.0</ele>
   </trkpt>
   <trkpt lat="56.1701380" lon="10.1985190">
    <ele>48.0</ele>
   </trkpt>
   <trkpt lat="56.1701820" lon="10.1985280">
    <ele>48.2</ele>
   </trkpt>
   <trkpt lat="56.1702220" lon="10.1985350">
    <ele>48.2</ele>
   </trkpt>
   <trkpt lat="56.1702610" lon="10.1985430">
    <ele>48.4</ele>
   </trkpt>
   <trkpt lat="56.1702940" lon="10.1985520">
    <ele>48.4</ele>
   </trkpt>
   <trkpt lat="56.1703160" lon="10.1985560">
    <ele>48.6</ele>
   </trkpt>
   <trkpt lat="56.1703240" lon="10.1985580">
    <ele>48.8</ele>
   </trkpt>
   <trkpt lat="56.1703240" lon="10.1985580">
    <ele>48.8</ele>
   </trkpt>
   <trkpt lat="56.1703580" lon="10.1985750">
    <ele>48.6</ele>
   </trkpt>
   <trkpt lat="56.1703840" lon="10.1985790">
    <ele>48.4</ele>
   </trkpt>
   <trkpt lat="56.1704190" lon="10.1985860">
    <ele>48.2</ele>
   </trkpt>
   <trkpt lat="56.1704570" lon="10.1985960">
    <ele>48.2</ele>
   </trkpt>
   <trkpt lat="56.1705000" lon="10.1986090">
    <ele>48.0</ele>
   </trkpt>
   <trkpt lat="56.1705470" lon="10.1986320">
    <ele>48.2</ele>
   </trkpt>
   <trkpt lat="56.1705950" lon="10.1986490">
    <ele>48.2</ele>
   </trkpt>
   <trkpt lat="56.1706460" lon="10.1986630">
    <ele>48.4</ele>
   </trkpt>
   <trkpt lat="56.1706980" lon="10.1986780">
    <ele>48.4</ele>
   </trkpt>
   <trkpt lat="56.1707520" lon="10.1986930">
    <ele>48.6</ele>
   </trkpt>
   <trkpt lat="56.1708070" lon="10.1987070">
    <ele>48.6</ele>
   </trkpt>
   <trkpt lat="56.1708630" lon="10.1987220">
    <ele>48.6</ele>
   </trkpt>
   <trkpt lat="56.1709200" lon="10.1987410">
    <ele>48.6</ele>
   </trkpt>
   <trkpt lat="56.1709780" lon="10.1987630">
    <ele>48.6</ele>
   </trkpt>
   <trkpt lat="56.1710340" lon="10.1987890">
    <ele>48.8</ele>
   </trkpt>
   <trkpt lat="56.1710890" lon="10.1988190">
    <ele>49.0</ele>
   </trkpt>
   <trkpt lat="56.1711450" lon="10.1988490">
    <ele>49.0</ele>
   </trkpt>
   <trkpt lat="56.1712020" lon="10.1988790">
    <ele>49.0</ele>
   </trkpt>
   <trkpt lat="56.1712570" lon="10.1989100">
    <ele>49.0</ele>
   </trkpt>
   <trkpt lat="56.1713130" lon="10.1989440">
    <ele>49.0</ele>
   </trkpt>
   <trkpt lat="56.1713680" lon="10.1989800">
    <ele>49.0</ele>
   </trkpt>
   <trkpt lat="56.1714230" lon="10.1990160">
    <ele>49.0</ele>
   </trkpt>
   <trkpt lat="56.1714760" lon="10.1990560">
    <ele>49.2</ele>
   </trkpt>
   <trkpt lat="56.1715300" lon="10.1991000">
    <ele>49.2</ele>
   </trkpt>
   <trkpt lat="56.1715810" lon="10.1991480">
    <ele>49.4</ele>
   </trkpt>
   <trkpt lat="56.1716340" lon="10.1991960">
    <ele>49.6</ele>
   </trkpt>
   <trkpt lat="56.1716880" lon="10.1992450">
    <ele>49.8</ele>
   </trkpt>
   <trkpt lat="56.1717410" lon="10.1992970">
    <ele>50.0</ele>
   </trkpt>
   <trkpt lat="56.1717930" lon="10.1993530">
    <ele>50.2</ele>
   </trkpt>
   <trkpt lat="56.1718430" lon="10.1994140">
    <ele>50.2</ele>
   </trkpt>
   <trkpt lat="56.1718940" lon="10.1994770">
    <ele>50.4</ele>
   </trkpt>
   <trkpt lat="56.1719460" lon="10.1995410">
    <ele>50.4</ele>
   </trkpt>
   <trkpt lat="56.1719970" lon="10.1996040">
    <ele>50.6</ele>
   </trkpt>
   <trkpt lat="56.1720450" lon="10.1996710">
    <ele>50.8</ele>
   </trkpt>
   <trkpt lat="56.1720910" lon="10.1997430">
    <ele>50.8</ele>
   </trkpt>
   <trkpt lat="56.1721360" lon="10.1998130">
    <ele>50.8</ele>
   </trkpt>
   <trkpt lat="56.1721830" lon="10.1998720">
    <ele>50.8</ele>
   </trkpt>
   <trkpt lat="56.1722310" lon="10.1999270">
    <ele>50.8</ele>
   </trkpt>
   <trkpt lat="56.1722770" lon="10.1999900">
    <ele>50.6</ele>
   </trkpt>
   <trkpt lat="56.1723210" lon="10.2000560">
    <ele>50.8</ele>
   </trkpt>
   <trkpt lat="56.1723630" lon="10.2001270">
    <ele>51.0</ele>
   </trkpt>
   <trkpt lat="56.1724120" lon="10.2001990">
    <ele>51.2</ele>
   </trkpt>
   <trkpt lat="56.1724600" lon="10.2002700">
    <ele>51.6</ele>
   </trkpt>
   <trkpt lat="56.1725020" lon="10.2003400">
    <ele>52.0</ele>
   </trkpt>
   <trkpt lat="56.1725450" lon="10.2004070">
    <ele>52.2</ele>
   </trkpt>
   <trkpt lat="56.1725880" lon="10.2004710">
    <ele>52.6</ele>
   </trkpt>
   <trkpt lat="56.1726320" lon="10.2005360">
    <ele>52.6</ele>
   </trkpt>
   <trkpt lat="56.1726820" lon="10.2005940">
    <ele>52.8</ele>
   </trkpt>
   <trkpt lat="56.1727310" lon="10.2006470">
    <ele>52.8</ele>
   </trkpt>
   <trkpt lat="56.1727770" lon="10.2007020">
    <ele>53.0</ele>
   </trkpt>
   <trkpt lat="56.1728220" lon="10.2007620">
    <ele>53.2</ele>
   </trkpt>
   <trkpt lat="56.1728670" lon="10.2008290">
    <ele>53.2</ele>
   </trkpt>
   <trkpt lat="56.1729070" lon="10.2008950">
    <ele>53.4</ele>
   </trkpt>
   <trkpt lat="56.1729450" lon="10.2009570">
    <ele>53.6</ele>
   </trkpt>
   <trkpt lat="56.1729850" lon="10.2010190">
    <ele>53.6</ele>
   </trkpt>
   <trkpt lat="56.1730260" lon="10.2010820">
    <ele>53.8</ele>
   </trkpt>
   <trkpt lat="56.1730690" lon="10.2011470">
    <ele>54.2</ele>
   </trkpt>
   <trkpt lat="56.1731150" lon="10.2012120">
    <ele>54.4</ele>
   </trkpt>
   <trkpt lat="56.1731600" lon="10.2012800">
    <ele>54.6</ele>
   </trkpt>
   <trkpt lat="56.1732050" lon="10.2013430">
    <ele>54.6</ele>
   </trkpt>
   <trkpt lat="56.1732500" lon="10.2014050">
    <ele>54.6</ele>
   </trkpt>
   <trkpt lat="56.1732910" lon="10.2014660">
    <ele>54.8</ele>
   </trkpt>
   <trkpt lat="56.1733340" lon="10.2015300">
    <ele>55.0</ele>
   </trkpt>
   <trkpt lat="56.1733770" lon="10.2015920">
    <ele>55.4</ele>
   </trkpt>
   <trkpt lat="56.1734160" lon="10.2016540">
    <ele>55.8</ele>
   </trkpt>
   <trkpt lat="56.1734540" lon="10.2017140">
    <ele>56.0</ele>
   </trkpt>
   <trkpt lat="56.1734920" lon="10.2017720">
    <ele>56.0</ele>
   </trkpt>
   <trkpt lat="56.1735270" lon="10.2018350">
    <ele>55.8</ele>
   </trkpt>
   <trkpt lat="56.1735590" lon="10.2018960">
    <ele>55.8</ele>
   </trkpt>
   <trkpt lat="56.1735930" lon="10.2019550">
    <ele>55.8</ele>
   </trkpt>
   <trkpt lat="56.1736230" lon="10.2020130">
    <ele>56.2</ele>
   </trkpt>
   <trkpt lat="56.1736580" lon="10.2020690">
    <ele>56.4</ele>
   </trkpt>
   <trkpt lat="56.1736980" lon="10.2021280">
    <ele>56.8</ele>
   </trkpt>
   <trkpt lat="56.1737390" lon="10.2021940">
    <ele>57.2</ele>
   </trkpt>
   <trkpt lat="56.1737900" lon="10.2022610">
    <ele>57.4</ele>
   </trkpt>
   <trkpt lat="56.1738390" lon="10.2023220">
    <ele>57.8</ele>
   </trkpt>
   <trkpt lat="56.1739010" lon="10.2023880">
    <ele>58.0</ele>
   </trkpt>
   <trkpt lat="56.1739470" lon="10.2024480">
    <ele>58.2</ele>
   </trkpt>
   <trkpt lat="56.1739930" lon="10.2025070">
    <ele>58.2</ele>
   </trkpt>
   <trkpt lat="56.1740260" lon="10.2025590">
    <ele>58.4</ele>
   </trkpt>
   <trkpt lat="56.1740470" lon="10.2026020">
    <ele>58.4</ele>
   </trkpt>
   <trkpt lat="56.1740650" lon="10.2026330">
    <ele>58.6</ele>
   </trkpt>
   <trkpt lat="56.1740790" lon="10.2026720">
    <ele>58.8</ele>
   </trkpt>
   <trkpt lat="56.1740890" lon="10.2027020">
    <ele>59.0</ele>
   </trkpt>
   <trkpt lat="56.1741000" lon="10.2027310">
    <ele>59.0</ele>
   </trkpt>
   <trkpt lat="56.1741100" lon="10.2027610">
    <ele>58.6</ele>
   </trkpt>
   <trkpt lat="56.1741200" lon="10.2027910">
    <ele>58.6</ele>
   </trkpt>
   <trkpt lat="56.1741440" lon="10.2028530">
    <ele>58.6</ele>
   </trkpt>
   <trkpt lat="56.1741640" lon="10.2029160">
    <ele>58.6</ele>
   </trkpt>
   <trkpt lat="56.1741890" lon="10.2029760">
    <ele>58.8</ele>
   </trkpt>
   <trkpt lat="56.1742060" lon="10.2030400">
    <ele>58.6</ele>
   </trkpt>
   <trkpt lat="56.1742200" lon="10.2031070">
    <ele>58.8</ele>
   </trkpt>
   <trkpt lat="56.1742340" lon="10.2031680">
    <ele>58.8</ele>
   </trkpt>
   <trkpt lat="56.1742510" lon="10.2032060">
    <ele>58.8</ele>
   </trkpt>
   <trkpt lat="56.1742640" lon="10.2032200">
    <ele>58.8</ele>
   </trkpt>
   <trkpt lat="56.1742680" lon="10.2032230">
    <ele>59.0</ele>
   </trkpt>
   <trkpt lat="56.1742680" lon="10.2032230">
    <ele>59.0</ele>
   </trkpt>
   <trkpt lat="56.1743180" lon="10.2031950">
    <ele>59.6</ele>
   </trkpt>
   <trkpt lat="56.1743440" lon="10.2031660">
    <ele>59.4</ele>
   </trkpt>
   <trkpt lat="56.1743780" lon="10.2031320">
    <ele>59.4</ele>
   </trkpt>
   <trkpt lat="56.1744150" lon="10.2030950">
    <ele>59.4</ele>
   </trkpt>
   <trkpt lat="56.1744540" lon="10.2030620">
    <ele>59.4</ele>
   </trkpt>
   <trkpt lat="56.1744950" lon="10.2030320">
    <ele>59.6</ele>
   </trkpt>
   <trkpt lat="56.1745400" lon="10.2030020">
    <ele>59.8</ele>
   </trkpt>
   <trkpt lat="56.1745860" lon="10.2029700">
    <ele>60.0</ele>
   </trkpt>
   <trkpt lat="56.1746320" lon="10.2029350">
    <ele>60.0</ele>
   </trkpt>
   <trkpt lat="56.1746790" lon="10.2028980">
    <ele>60.2</ele>
   </trkpt>
   <trkpt lat="56.1747270" lon="10.2028670">
    <ele>60.4</ele>
   </trkpt>
   <trkpt lat="56.1747770" lon="10.2028430">
    <ele>60.4</ele>
   </trkpt>
   <trkpt lat="56.1748280" lon="10.2028290">
    <ele>60.4</ele>
   </trkpt>
   <trkpt lat="56.1748790" lon="10.2028170">
    <ele>60.4</ele>
   </trkpt>
   <trkpt lat="56.1749310" lon="10.2028010">
    <ele>60.2</ele>
   </trkpt>
   <trkpt lat="56.1749810" lon="10.2027790">
    <ele>60.0</ele>
   </trkpt>
   <trkpt lat="56.1750280" lon="10.2027490">
    <ele>60.0</ele>
   </trkpt>
   <trkpt lat="56.1750750" lon="10.2027180">
    <ele>60.2</ele>
   </trkpt>
   <trkpt lat="56.1751230" lon="10.2026880">
    <ele>60.4</ele>
   </trkpt>
   <trkpt lat="56.1751710" lon="10.2026550">
    <ele>60.6</ele>
   </trkpt>
   <trkpt lat="56.1752180" lon="10.2026200">
    <ele>61.0</ele>
   </trkpt>
   <trkpt lat="56.1752650" lon="10.2025820">
    <ele>61.2</ele>
   </trkpt>
   <trkpt lat="56.1753110" lon="10.2025410">
    <ele>61.6</ele>
   </trkpt>
   <trkpt lat="56.1753550" lon="10.2024930">
    <ele>61.8</ele>
   </trkpt>
   <trkpt lat="56.1753980" lon="10.2024430">
    <ele>62.0</ele>
   </trkpt>
   <trkpt lat="56.1754430" lon="10.2023980">
    <ele>62.4</ele>
   </trkpt>
   <trkpt lat="56.1754910" lon="10.2023610">
    <ele>62.6</ele>
   </trkpt>
   <trkpt lat="56.1755390" lon="10.2023290">
    <ele>62.8</ele>
   </trkpt>
   <trkpt lat="56.1755890" lon="10.2022970">
    <ele>63.2</ele>
   </trkpt>
   <trkpt lat="56.1756380" lon="10.2022640">
    <ele>63.4</ele>
   </trkpt>
   <trkpt lat="56.1756880" lon="10.2022310">
    <ele>63.6</ele>
   </trkpt>
   <trkpt lat="56.1757370" lon="10.2021980">
    <ele>63.6</ele>
   </trkpt>
   <trkpt lat="56.1757850" lon="10.2021670">
    <ele>63.8</ele>
   </trkpt>
   <trkpt lat="56.1758330" lon="10.2021330">
    <ele>64.0</ele>
   </trkpt>
   <trkpt lat="56.1758800" lon="10.2021010">
    <ele>64.2</ele>
   </trkpt>
   <trkpt lat="56.1759280" lon="10.2020700">
    <ele>64.4</ele>
   </trkpt>
   <trkpt lat="56.1759750" lon="10.2020360">
    <ele>64.4</ele>
   </trkpt>
   <trkpt lat="56.1760230" lon="10.2020010">
    <ele>64.4</ele>
   </trkpt>
   <trkpt lat="56.1760730" lon="10.2019680">
    <ele>64.4</ele>
   </trkpt>
   <trkpt lat="56.1761200" lon="10.2019350">
    <ele>64.2</ele>
   </trkpt>
   <trkpt lat="56.1761660" lon="10.2019000">
    <ele>64.0</ele>
   </trkpt>
   <trkpt lat="56.1762130" lon="10.2018680">
    <ele>64.0</ele>
   </trkpt>
   <trkpt lat="56.1762600" lon="10.2018380">
    <ele>63.8</ele>
   </trkpt>
   <trkpt lat="56.1763040" lon="10.2018070">
    <ele>64.0</ele>
   </trkpt>
   <trkpt lat="56.1763510" lon="10.2017740">
    <ele>64.2</ele>
   </trkpt>
   <trkpt lat="56.1763980" lon="10.2017450">
    <ele>64.4</ele>
   </trkpt>
   <trkpt lat="56.1764450" lon="10.2017130">
    <ele>64.8</ele>
   </trkpt>
   <trkpt lat="56.1764920" lon="10.2016810">
    <ele>65.2</ele>
   </trkpt>
   <trkpt lat="56.1765400" lon="10.2016500">
    <ele>65.6</ele>
   </trkpt>
   <trkpt lat="56.1765870" lon="10.2016210">
    <ele>65.8</ele>
   </trkpt>
   <trkpt lat="56.1766340" lon="10.2015890">
    <ele>66.0</ele>
   </trkpt>
   <trkpt lat="56.1766800" lon="10.2015560">
    <ele>66.0</ele>
   </trkpt>
   <trkpt lat="56.1767280" lon="10.2015200">
    <ele>66.0</ele>
   </trkpt>
   <trkpt lat="56.1767750" lon="10.2014850">
    <ele>66.2</ele>
   </trkpt>
   <trkpt lat="56.1768220" lon="10.2014500">
    <ele>66.6</ele>
   </trkpt>
   <trkpt lat="56.1768710" lon="10.2014170">
    <ele>66.8</ele>
   </trkpt>
   <trkpt lat="56.1769190" lon="10.2013870">
    <ele>67.0</ele>
   </trkpt>
   <trkpt lat="56.1769660" lon="10.2013580">
    <ele>67.2</ele>
   </trkpt>
   <trkpt lat="56.1770120" lon="10.2013260">
    <ele>67.4</ele>
   </trkpt>
   <trkpt lat="56.1770580" lon="10.2012930">
    <ele>67.6</ele>
   </trkpt>
   <trkpt lat="56.1771050" lon="10.2012610">
    <ele>67.8</ele>
   </trkpt>
   <trkpt lat="56.1771520" lon="10.2012290">
    <ele>68.0</ele>
   </trkpt>
   <trkpt lat="56.1772000" lon="10.2011950">
    <ele>68.4</ele>
   </trkpt>
   <trkpt lat="56.1772490" lon="10.2011630">
    <ele>68.4</ele>
   </trkpt>
   <trkpt lat="56.1772980" lon="10.2011320">
    <ele>68.6</ele>
   </trkpt>
   <trkpt lat="56.1773450" lon="10.2010990">
    <ele>68.6</ele>
   </trkpt>
   <trkpt lat="56.1773920" lon="10.2010670">
    <ele>68.6</ele>
   </trkpt>
   <trkpt lat="56.1774400" lon="10.2010330">
    <ele>68.8</ele>
   </trkpt>
   <trkpt lat="56.1774870" lon="10.2009990">
    <ele>69.0</ele>
   </trkpt>
   <trkpt lat="56.1775350" lon="10.2009660">
    <ele>69.2</ele>
   </trkpt>
   <trkpt lat="56.1775840" lon="10.2009340">
    <ele>69.4</ele>
   </trkpt>
   <trkpt lat="56.1776300" lon="10.2009020">
    <ele>69.6</ele>
   </trkpt>
   <trkpt lat="56.1776770" lon="10.2008680">
    <ele>69.8</ele>
   </trkpt>
   <trkpt lat="56.1777230" lon="10.2008350">
    <ele>69.8</ele>
   </trkpt>
   <trkpt lat="56.1777730" lon="10.2008110">
    <ele>70.0</ele>
   </trkpt>
   <trkpt lat="56.1778230" lon="10.2007970">
    <ele>70.2</ele>
   </trkpt>
   <trkpt lat="56.1778720" lon="10.2007900">
    <ele>70.4</ele>
   </trkpt>
   <trkpt lat="56.1779190" lon="10.2007750">
    <ele>70.6</ele>
   </trkpt>
   <trkpt lat="56.1779700" lon="10.2007560">
    <ele>70.6</ele>
   </trkpt>
   <trkpt lat="56.1780200" lon="10.2007340">
    <ele>70.6</ele>
   </trkpt>
   <trkpt lat="56.1780700" lon="10.2007110">
    <ele>70.8</ele>
   </trkpt>
   <trkpt lat="56.1781200" lon="10.2006880">
    <ele>71.0</ele>
   </trkpt>
   <trkpt lat="56.1781710" lon="10.2006620">
    <ele>71.0</ele>
   </trkpt>
   <trkpt lat="56.1782220" lon="10.2006320">
    <ele>71.2</ele>
   </trkpt>
   <trkpt lat="56.1782710" lon="10.2005980">
    <ele>71.2</ele>
   </trkpt>
   <trkpt lat="56.1783160" lon="10.2005640">
    <ele>71.2</ele>
   </trkpt>
   <trkpt lat="56.1783620" lon="10.2005330">
    <ele>71.4</ele>
   </trkpt>
   <trkpt lat="56.1784120" lon="10.2005020">
    <ele>71.6</ele>
   </trkpt>
   <trkpt lat="56.1784600" lon="10.2004800">
    <ele>71.8</ele>
   </trkpt>
   <trkpt lat="56.1785090" lon="10.2004690">
    <ele>72.0</ele>
   </trkpt>
   <trkpt lat="56.1785560" lon="10.2004540">
    <ele>72.4</ele>
   </trkpt>
   <trkpt lat="56.1786020" lon="10.2004280">
    <ele>72.4</ele>
   </trkpt>
   <trkpt lat="56.1786460" lon="10.2003970">
    <ele>72.6</ele>
   </trkpt>
   <trkpt lat="56.1786900" lon="10.2003640">
    <ele>72.8</ele>
   </trkpt>
   <trkpt lat="56.1787320" lon="10.2003310">
    <ele>72.8</ele>
   </trkpt>
   <trkpt lat="56.1787750" lon="10.2002980">
    <ele>72.8</ele>
   </trkpt>
   <trkpt lat="56.1788200" lon="10.2002640">
    <ele>73.0</ele>
   </trkpt>
   <trkpt lat="56.1788660" lon="10.2002310">
    <ele>73.4</ele>
   </trkpt>
   <trkpt lat="56.1789080" lon="10.2001880">
    <ele>73.6</ele>
   </trkpt>
   <trkpt lat="56.1789470" lon="10.2001380">
    <ele>74.0</ele>
   </trkpt>
   <trkpt lat="56.1789860" lon="10.2000870">
    <ele>74.4</ele>
   </trkpt>
   <trkpt lat="56.1790240" lon="10.2000390">
    <ele>74.6</ele>
   </trkpt>
   <trkpt lat="56.1790660" lon="10.1999980">
    <ele>74.6</ele>
   </trkpt>
   <trkpt lat="56.1791090" lon="10.1999680">
    <ele>74.8</ele>
   </trkpt>
   <trkpt lat="56.1791490" lon="10.1999420">
    <ele>74.8</ele>
   </trkpt>
   <trkpt lat="56.1791890" lon="10.1999170">
    <ele>74.8</ele>
   </trkpt>
   <trkpt lat="56.1792310" lon="10.1998910">
    <ele>75.0</ele>
   </trkpt>
   <trkpt lat="56.1792740" lon="10.1998660">
    <ele>75.0</ele>
   </trkpt>
   <trkpt lat="56.1793150" lon="10.1998360">
    <ele>75.2</ele>
   </trkpt>
   <trkpt lat="56.1793550" lon="10.1998110">
    <ele>75.4</ele>
   </trkpt>
   <trkpt lat="56.1793980" lon="10.1997790">
    <ele>75.6</ele>
   </trkpt>
   <trkpt lat="56.1794400" lon="10.1997520">
    <ele>75.8</ele>
   </trkpt>
   <trkpt lat="56.1794820" lon="10.1997210">
    <ele>76.0</ele>
   </trkpt>
   <trkpt lat="56.1795210" lon="10.1996880">
    <ele>76.0</ele>
   </trkpt>
   <trkpt lat="56.1795580" lon="10.1996440">
    <ele>76.0</ele>
   </trkpt>
   <trkpt lat="56.1795940" lon="10.1995970">
    <ele>76.0</ele>
   </trkpt>
   <trkpt lat="56.1796330" lon="10.1995550">
    <ele>76.0</ele>
   </trkpt>
   <trkpt lat="56.1796730" lon="10.1995190">
    <ele>76.0</ele>
   </trkpt>
   <trkpt lat="56.1797160" lon="10.1994870">
    <ele>76.2</ele>
   </trkpt>
   <trkpt lat="56.1797590" lon="10.1994570">
    <ele>76.4</ele>
   </trkpt>
   <trkpt lat="56.1798020" lon="10.1994280">
    <ele>76.6</ele>
   </trkpt>
   <trkpt lat="56.1798460" lon="10.1994020">
    <ele>76.8</ele>
   </trkpt>
   <trkpt lat="56.1798910" lon="10.1993820">
    <ele>77.0</ele>
   </trkpt>
   <trkpt lat="56.1799360" lon="10.1993680">
    <ele>77.2</ele>
   </trkpt>
   <trkpt lat="56.1799810" lon="10.1993540">
    <ele>77.4</ele>
   </trkpt>
   <trkpt lat="56.1800260" lon="10.1993320">
    <ele>77.6</ele>
   </trkpt>
   <trkpt lat="56.1800700" lon="10.1993020">
    <ele>77.8</ele>
   </trkpt>
   <trkpt lat="56.1801120" lon="10.1992690">
    <ele>77.8</ele>
   </trkpt>
   <trkpt lat="56.1801550" lon="10.1992380">
    <ele>77.8</ele>
   </trkpt>
   <trkpt lat="56.1802000" lon="10.1992060">
    <ele>78.0</ele>
   </trkpt>
   <trkpt lat="56.1802470" lon="10.1991730">
    <ele>78.0</ele>
   </trkpt>
   <trkpt lat="56.1802930" lon="10.1991390">
    <ele>78.0</ele>
   </trkpt>
   <trkpt lat="56.1803380" lon="10.1990980">
    <ele>78.0</ele>
   </trkpt>
   <trkpt lat="56.1803800" lon="10.1990560">
    <ele>78.0</ele>
   </trkpt>
   <trkpt lat="56.1804250" lon="10.1990180">
    <ele>78.2</ele>
   </trkpt>
   <trkpt lat="56.1804720" lon="10.1989870">
    <ele>78.2</ele>
   </trkpt>
   <trkpt lat="56.1805170" lon="10.1989540">
    <ele>78.2</ele>
   </trkpt>
   <trkpt lat="56.1805610" lon="10.1989200">
    <ele>78.4</ele>
   </trkpt>
   <trkpt lat="56.1806050" lon="10.1988870">
    <ele>78.4</ele>
   </trkpt>
   <trkpt lat="56.1806510" lon="10.1988540">
    <ele>78.4</ele>
   </trkpt>
   <trkpt lat="56.1806940" lon="10.1988240">
    <ele>78.4</ele>
   </trkpt>
   <trkpt lat="56.1807370" lon="10.1987940">
    <ele>78.4</ele>
   </trkpt>
   <trkpt lat="56.1807830" lon="10.1987620">
    <ele>78.4</ele>
   </trkpt>
   <trkpt lat="56.1808320" lon="10.1987300">
    <ele>78.4</ele>
   </trkpt>
   <trkpt lat="56.1808820" lon="10.1986990">
    <ele>78.6</ele>
   </trkpt>
   <trkpt lat="56.1809300" lon="10.1986730">
    <ele>78.8</ele>
   </trkpt>
   <trkpt lat="56.1809790" lon="10.1986520">
    <ele>79.0</ele>
   </trkpt>
   <trkpt lat="56.1810260" lon="10.1986320">
    <ele>79.2</ele>
   </trkpt>
   <trkpt lat="56.1810730" lon="10.1986020">
    <ele>79.2</ele>
   </trkpt>
   <trkpt lat="56.1811160" lon="10.1985610">
    <ele>79.4</ele>
   </trkpt>
   <trkpt lat="56.1811590" lon="10.1985170">
    <ele>79.4</ele>
   </trkpt>
   <trkpt lat="56.1812030" lon="10.1984820">
    <ele>79.4</ele>
   </trkpt>
   <trkpt lat="56.1812470" lon="10.1984490">
    <ele>79.4</ele>
   </trkpt>
   <trkpt lat="56.1812900" lon="10.1984150">
    <ele>79.2</ele>
   </trkpt>
   <trkpt lat="56.1813370" lon="10.1983810">
    <ele>79.2</ele>
   </trkpt>
   <trkpt lat="56.1813840" lon="10.1983480">
    <ele>79.2</ele>
   </trkpt>
   <trkpt lat="56.1814310" lon="10.1983140">
    <ele>79.4</ele>
   </trkpt>
   <trkpt lat="56.1814780" lon="10.1982800">
    <ele>79.4</ele>
   </trkpt>
   <trkpt lat="56.1815240" lon="10.1982510">
    <ele>79.6</ele>
   </trkpt>
   <trkpt lat="56.1815710" lon="10.1982240">
    <ele>79.6</ele>
   </trkpt>
   <trkpt lat="56.1816160" lon="10.1982000">
    <ele>79.6</ele>
   </trkpt>
   <trkpt lat="56.1816630" lon="10.1981770">
    <ele>79.8</ele>
   </trkpt>
   <trkpt lat="56.1817110" lon="10.1981540">
    <ele>80.0</ele>
   </trkpt>
   <trkpt lat="56.1817590" lon="10.1981300">
    <ele>80.2</ele>
   </trkpt>
   <trkpt lat="56.1818070" lon="10.1981070">
    <ele>80.4</ele>
   </trkpt>
   <trkpt lat="56.1818550" lon="10.1980810">
    <ele>80.6</ele>
   </trkpt>
   <trkpt lat="56.1819020" lon="10.1980530">
    <ele>80.8</ele>
   </trkpt>
   <trkpt lat="56.1819480" lon="10.1980220">
    <ele>80.8</ele>
   </trkpt>
   <trkpt lat="56.1819920" lon="10.1979910">
    <ele>80.8</ele>
   </trkpt>
   <trkpt lat="56.1820390" lon="10.1979630">
    <ele>81.0</ele>
   </trkpt>
   <trkpt lat="56.1820840" lon="10.1979380">
    <ele>81.0</ele>
   </trkpt>
   <trkpt lat="56.1821270" lon="10.1979180">
    <ele>81.0</ele>
   </trkpt>
   <trkpt lat="56.1821690" lon="10.1978960">
    <ele>81.0</ele>
   </trkpt>
   <trkpt lat="56.1822100" lon="10.1978680">
    <ele>81.0</ele>
   </trkpt>
   <trkpt lat="56.1822470" lon="10.1978360">
    <ele>81.0</ele>
   </trkpt>
   <trkpt lat="56.1822780" lon="10.1978080">
    <ele>80.8</ele>
   </trkpt>
   <trkpt lat="56.1823020" lon="10.1977920">
    <ele>80.8</ele>
   </trkpt>
   <trkpt lat="56.1823330" lon="10.1977700">
    <ele>80.8</ele>
   </trkpt>
   <trkpt lat="56.1823480" lon="10.1977570">
    <ele>81.0</ele>
   </trkpt>
   <trkpt lat="56.1823630" lon="10.1977450">
    <ele>81.0</ele>
   </trkpt>
   <trkpt lat="56.1823770" lon="10.1977320">
    <ele>81.0</ele>
   </trkpt>
   <trkpt lat="56.1823920" lon="10.1977200">
    <ele>80.6</ele>
   </trkpt>
   <trkpt lat="56.1824070" lon="10.1977070">
    <ele>80.6</ele>
   </trkpt>
   <trkpt lat="56.1824530" lon="10.1976760">
    <ele>80.6</ele>
   </trkpt>
   <trkpt lat="56.1825050" lon="10.1976470">
    <ele>80.8</ele>
   </trkpt>
   <trkpt lat="56.1825600" lon="10.1976180">
    <ele>80.8</ele>
   </trkpt>
   <trkpt lat="56.1826150" lon="10.1975880">
    <ele>80.6</ele>
   </trkpt>
   <trkpt lat="56.1826730" lon="10.1975570">
    <ele>80.6</ele>
   </trkpt>
   <trkpt lat="56.1827340" lon="10.1975230">
    <ele>80.4</ele>
   </trkpt>
   <trkpt lat="56.1827940" lon="10.1974890">
    <ele>80.2</ele>
   </trkpt>
   <trkpt lat="56.1828530" lon="10.1974510">
    <ele>80.2</ele>
   </trkpt>
   <trkpt lat="56.1829140" lon="10.1974100">
    <ele>80.0</ele>
   </trkpt>
   <trkpt lat="56.1829750" lon="10.1973680">
    <ele>80.0</ele>
   </trkpt>
   <trkpt lat="56.1830360" lon="10.1973240">
    <ele>80.0</ele>
   </trkpt>
   <trkpt lat="56.1830950" lon="10.1972720">
    <ele>80.0</ele>
   </trkpt>
   <trkpt lat="56.1831540" lon="10.1972110">
    <ele>79.8</ele>
   </trkpt>
   <trkpt lat="56.1832130" lon="10.1971480">
    <ele>79.6</ele>
   </trkpt>
   <trkpt lat="56.1832770" lon="10.1970910">
    <ele>79.4</ele>
   </trkpt>
   <trkpt lat="56.1833440" lon="10.1970450">
    <ele>79.2</ele>
   </trkpt>
   <trkpt lat="56.1834110" lon="10.1970020">
    <ele>79.0</ele>
   </trkpt>
   <trkpt lat="56.1834810" lon="10.1969570">
    <ele>78.8</ele>
   </trkpt>
   <trkpt lat="56.1835510" lon="10.1969090">
    <ele>78.8</ele>
   </trkpt>
   <trkpt lat="56.1836220" lon="10.1968610">
    <ele>78.8</ele>
   </trkpt>
   <trkpt lat="56.1836920" lon="10.1968130">
    <ele>78.8</ele>
   </trkpt>
   <trkpt lat="56.1837610" lon="10.1967620">
    <ele>79.0</ele>
   </trkpt>
   <trkpt lat="56.1838320" lon="10.1967140">
    <ele>78.8</ele>
   </trkpt>
   <trkpt lat="56.1839020" lon="10.1966700">
    <ele>78.8</ele>
   </trkpt>
   <trkpt lat="56.1839710" lon="10.1966220">
    <ele>78.8</ele>
   </trkpt>
   <trkpt lat="56.1840390" lon="10.1965720">
    <ele>78.8</ele>
   </trkpt>
   <trkpt lat="56.1841080" lon="10.1965260">
    <ele>78.8</ele>
   </trkpt>
   <trkpt lat="56.1841750" lon="10.1964810">
    <ele>78.6</ele>
   </trkpt>
   <trkpt lat="56.1842420" lon="10.1964310">
    <ele>78.6</ele>
   </trkpt>
   <trkpt lat="56.1843080" lon="10.1963810">
    <ele>78.6</ele>
   </trkpt>
   <trkpt lat="56.1843740" lon="10.1963330">
    <ele>78.4</ele>
   </trkpt>
   <trkpt lat="56.1844410" lon="10.1962840">
    <ele>78.2</ele>
   </trkpt>
   <trkpt lat="56.1845100" lon="10.1962370">
    <ele>77.8</ele>
   </trkpt>
   <trkpt lat="56.1845780" lon="10.1961920">
    <ele>77.6</ele>
   </trkpt>
   <trkpt lat="56.1846440" lon="10.1961480">
    <ele>77.6</ele>
   </trkpt>
   <trkpt lat="56.1847130" lon="10.1961060">
    <ele>77.4</ele>
   </trkpt>
   <trkpt lat="56.1847810" lon="10.1960640">
    <ele>77.4</ele>
   </trkpt>
   <trkpt lat="56.1848490" lon="10.1960210">
    <ele>77.4</ele>
   </trkpt>
   <trkpt lat="56.1849160" lon="10.1959800">
    <ele>77.4</ele>
   </trkpt>
   <trkpt lat="56.1849830" lon="10.1959390">
    <ele>77.4</ele>
   </trkpt>
   <trkpt lat="56.1850490" lon="10.1958960">
    <ele>77.6</ele>
   </trkpt>
   <trkpt lat="56.1851150" lon="10.1958490">
    <ele>77.6</ele>
   </trkpt>
   <trkpt lat="56.1851810" lon="10.1958040">
    <ele>77.8</ele>
   </trkpt>
   <trkpt lat="56.1852470" lon="10.1957580">
    <ele>78.0</ele>
   </trkpt>
   <trkpt lat="56.1853140" lon="10.1957130">
    <ele>78.2</ele>
   </trkpt>
   <trkpt lat="56.1853800" lon="10.1956690">
    <ele>78.2</ele>
   </trkpt>
   <trkpt lat="56.1854460" lon="10.1956280">
    <ele>78.4</ele>
   </trkpt>
   <trkpt lat="56.1855110" lon="10.1955860">
    <ele>78.6</ele>
   </trkpt>
   <trkpt lat="56.1855750" lon="10.1955440">
    <ele>78.8</ele>
   </trkpt>
   <trkpt lat="56.1856400" lon="10.1955020">
    <ele>78.8</ele>
   </trkpt>
   <trkpt lat="56.1857030" lon="10.1954610">
    <ele>79.0</ele>
   </trkpt>
   <trkpt lat="56.1857650" lon="10.1954200">
    <ele>79.2</ele>
   </trkpt>
   <trkpt lat="56.1858250" lon="10.1953790">
    <ele>79.2</ele>
   </trkpt>
   <trkpt lat="56.1858850" lon="10.1953420">
    <ele>79.2</ele>
   </trkpt>
   <trkpt lat="56.1859460" lon="10.1953060">
    <ele>79.2</ele>
   </trkpt>
   <trkpt lat="56.1860050" lon="10.1952700">
    <ele>79.4</ele>
   </trkpt>
   <trkpt lat="56.1860630" lon="10.1952350">
    <ele>79.6</ele>
   </trkpt>
   <trkpt lat="56.1861210" lon="10.1952000">
    <ele>79.8</ele>
   </trkpt>
   <trkpt lat="56.1861790" lon="10.1951640">
    <ele>80.0</ele>
   </trkpt>
   <trkpt lat="56.1862350" lon="10.1951320">
    <ele>80.4</ele>
   </trkpt>
   <trkpt lat="56.1862920" lon="10.1951000">
    <ele>80.6</ele>
   </trkpt>
   <trkpt lat="56.1863460" lon="10.1950680">
    <ele>80.6</ele>
   </trkpt>
   <trkpt lat="56.1864010" lon="10.1950310">
    <ele>80.8</ele>
   </trkpt>
   <trkpt lat="56.1864510" lon="10.1949920">
    <ele>81.2</ele>
   </trkpt>
   <trkpt lat="56.1865000" lon="10.1949550">
    <ele>81.4</ele>
   </trkpt>
   <trkpt lat="56.1865460" lon="10.1949210">
    <ele>81.8</ele>
   </trkpt>
   <trkpt lat="56.1865860" lon="10.1948910">
    <ele>82.0</ele>
   </trkpt>
   <trkpt lat="56.1866160" lon="10.1948710">
    <ele>82.2</ele>
   </trkpt>
   <trkpt lat="56.1866360" lon="10.1948570">
    <ele>82.2</ele>
   </trkpt>
   <trkpt lat="56.1866420" lon="10.1948520">
    <ele>82.4</ele>
   </trkpt>
   <trkpt lat="56.1866420" lon="10.1948520">
    <ele>82.6</ele>
   </trkpt>
   <trkpt lat="56.1866800" lon="10.1948200">
    <ele>82.2</ele>
   </trkpt>
   <trkpt lat="56.1867090" lon="10.1948010">
    <ele>82.0</ele>
   </trkpt>
   <trkpt lat="56.1867450" lon="10.1947740">
    <ele>82.0</ele>
   </trkpt>
   <trkpt lat="56.1867860" lon="10.1947380">
    <ele>81.8</ele>
   </trkpt>
   <trkpt lat="56.1868290" lon="10.1946990">
    <ele>81.8</ele>
   </trkpt>
   <trkpt lat="56.1868770" lon="10.1946600">
    <ele>81.6</ele>
   </trkpt>
   <trkpt lat="56.1869250" lon="10.1946160">
    <ele>81.4</ele>
   </trkpt>
   <trkpt lat="56.1869720" lon="10.1945690">
    <ele>81.4</ele>
   </trkpt>
   <trkpt lat="56.1870210" lon="10.1945210">
    <ele>81.6</ele>
   </trkpt>
   <trkpt lat="56.1870720" lon="10.1944700">
    <ele>81.8</ele>
   </trkpt>
   <trkpt lat="56.1871240" lon="10.1944130">
    <ele>82.0</ele>
   </trkpt>
   <trkpt lat="56.1871750" lon="10.1943530">
    <ele>82.4</ele>
   </trkpt>
   <trkpt lat="56.1872240" lon="10.1942900">
    <ele>82.6</ele>
   </trkpt>
   <trkpt lat="56.1872740" lon="10.1942310">
    <ele>83.0</ele>
   </trkpt>
   <trkpt lat="56.1873260" lon="10.1941740">
    <ele>83.2</ele>
   </trkpt>
   <trkpt lat="56.1873810" lon="10.1941200">
    <ele>83.4</ele>
   </trkpt>
   <trkpt lat="56.1874360" lon="10.1940690">
    <ele>83.4</ele>
   </trkpt>
   <trkpt lat="56.1874920" lon="10.1940190">
    <ele>83.4</ele>
   </trkpt>
   <trkpt lat="56.1875460" lon="10.1939650">
    <ele>83.4</ele>
   </trkpt>
   <trkpt lat="56.1875990" lon="10.1939050">
    <ele>83.2</ele>
   </trkpt>
   <trkpt lat="56.1876510" lon="10.1938420">
    <ele>83.2</ele>
   </trkpt>
   <trkpt lat="56.1877030" lon="10.1937800">
    <ele>83.2</ele>
   </trkpt>
   <trkpt lat="56.1877560" lon="10.1937190">
    <ele>83.2</ele>
   </trkpt>
   <trkpt lat="56.1878080" lon="10.1936590">
    <ele>83.2</ele>
   </trkpt>
   <trkpt lat="56.1878580" lon="10.1935980">
    <ele>83.2</ele>
   </trkpt>
   <trkpt lat="56.1879100" lon="10.1935390">
    <ele>83.4</ele>
   </trkpt>
   <trkpt lat="56.1879600" lon="10.1934770">
    <ele>83.6</ele>
   </trkpt>
   <trkpt lat="56.1880110" lon="10.1934150">
    <ele>83.8</ele>
   </trkpt>
   <trkpt lat="56.1880620" lon="10.1933500">
    <ele>84.0</ele>
   </trkpt>
   <trkpt lat="56.1881120" lon="10.1932830">
    <ele>84.2</ele>
   </trkpt>
   <trkpt lat="56.1881630" lon="10.1932170">
    <ele>84.4</ele>
   </trkpt>
   <trkpt lat="56.1882150" lon="10.1931520">
    <ele>84.8</ele>
   </trkpt>
   <trkpt lat="56.1882670" lon="10.1930850">
    <ele>85.0</ele>
   </trkpt>
   <trkpt lat="56.1883190" lon="10.1930160">
    <ele>85.4</ele>
   </trkpt>
   <trkpt lat="56.1883710" lon="10.1929480">
    <ele>85.6</ele>
   </trkpt>
   <trkpt lat="56.1884220" lon="10.1928760">
    <ele>85.8</ele>
   </trkpt>
   <trkpt lat="56.1884730" lon="10.1928060">
    <ele>85.6</ele>
   </trkpt>
   <trkpt lat="56.1885230" lon="10.1927360">
    <ele>85.6</ele>
   </trkpt>
   <trkpt lat="56.1885710" lon="10.1926630">
    <ele>85.8</ele>
   </trkpt>
   <trkpt lat="56.1886210" lon="10.1925920">
    <ele>85.8</ele>
   </trkpt>
   <trkpt lat="56.1886720" lon="10.1925200">
    <ele>85.8</ele>
   </trkpt>
   <trkpt lat="56.1887230" lon="10.1924460">
    <ele>86.0</ele>
   </trkpt>
   <trkpt lat="56.1887760" lon="10.1923730">
    <ele>86.2</ele>
   </trkpt>
   <trkpt lat="56.1888290" lon="10.1922970">
    <ele>86.2</ele>
   </trkpt>
   <trkpt lat="56.1888820" lon="10.1922210">
    <ele>86.2</ele>
   </trkpt>
   <trkpt lat="56.1889340" lon="10.1921470">
    <ele>86.0</ele>
   </trkpt>
   <trkpt lat="56.1889860" lon="10.1920720">
    <ele>86.0</ele>
   </trkpt>
   <trkpt lat="56.1890400" lon="10.1919970">
    <ele>85.8</ele>
   </trkpt>
   <trkpt lat="56.1890940" lon="10.1919220">
    <ele>85.8</ele>
   </trkpt>
   <trkpt lat="56.1891470" lon="10.1918470">
    <ele>86.0</ele>
   </trkpt>
   <trkpt lat="56.1892020" lon="10.1917740">
    <ele>86.0</ele>
   </trkpt>
   <trkpt lat="56.1892560" lon="10.1916990">
    <ele>86.0</ele>
   </trkpt>
   <trkpt lat="56.1893100" lon="10.1916230">
    <ele>86.0</ele>
   </trkpt>
   <trkpt lat="56.1893620" lon="10.1915460">
    <ele>86.0</ele>
   </trkpt>
   <trkpt lat="56.1894150" lon="10.1914690">
    <ele>86.2</ele>
   </trkpt>
   <trkpt lat="56.1894680" lon="10.1913930">
    <ele>86.2</ele>
   </trkpt>
   <trkpt lat="56.1895220" lon="10.1913200">
    <ele>86.2</ele>
   </trkpt>
   <trkpt lat="56.1895750" lon="10.1912440">
    <ele>86.4</ele>
   </trkpt>
   <trkpt lat="56.1896260" lon="10.1911660">
    <ele>86.4</ele>
   </trkpt>
   <trkpt lat="56.1896790" lon="10.1910880">
    <ele>86.4</ele>
   </trkpt>
   <trkpt lat="56.1897350" lon="10.1910150">
    <ele>86.4</ele>
   </trkpt>
   <trkpt lat="56.1897900" lon="10.1909410">
    <ele>86.4</ele>
   </trkpt>
   <trkpt lat="56.1898440" lon="10.1908680">
    <ele>86.2</ele>
   </trkpt>
   <trkpt lat="56.1898970" lon="10.1907920">
    <ele>86.0</ele>
   </trkpt>
   <trkpt lat="56.1899500" lon="10.1907160">
    <ele>85.8</ele>
   </trkpt>
   <trkpt lat="56.1900050" lon="10.1906380">
    <ele>85.6</ele>
   </trkpt>
   <trkpt lat="56.1900610" lon="10.1905580">
    <ele>85.4</ele>
   </trkpt>
   <trkpt lat="56.1901180" lon="10.1904780">
    <ele>85.2</ele>
   </trkpt>
   <trkpt lat="56.1901750" lon="10.1904000">
    <ele>85.0</ele>
   </trkpt>
   <trkpt lat="56.1902330" lon="10.1903210">
    <ele>84.8</ele>
   </trkpt>
   <trkpt lat="56.1902920" lon="10.1902410">
    <ele>84.6</ele>
   </trkpt>
   <trkpt lat="56.1903510" lon="10.1901620">
    <ele>84.4</ele>
   </trkpt>
   <trkpt lat="56.1904100" lon="10.1900820">
    <ele>84.4</ele>
   </trkpt>
   <trkpt lat="56.1904690" lon="10.1899980">
    <ele>84.2</ele>
   </trkpt>
   <trkpt lat="56.1905280" lon="10.1899130">
    <ele>84.2</ele>
   </trkpt>
   <trkpt lat="56.1905890" lon="10.1898300">
    <ele>84.2</ele>
   </trkpt>
   <trkpt lat="56.1906500" lon="10.1897480">
    <ele>84.2</ele>
   </trkpt>
   <trkpt lat="56.1907130" lon="10.1896650">
    <ele>84.4</ele>
   </trkpt>
   <trkpt lat="56.1907750" lon="10.1895850">
    <ele>84.2</ele>
   </trkpt>
   <trkpt lat="56.1908400" lon="10.1895050">
    <ele>84.2</ele>
   </trkpt>
   <trkpt lat="56.1909060" lon="10.1894280">
    <ele>84.0</ele>
   </trkpt>
   <trkpt lat="56.1909730" lon="10.1893530">
    <ele>83.8</ele>
   </trkpt>
   <trkpt lat="56.1910410" lon="10.1892780">
    <ele>83.4</ele>
   </trkpt>
   <trkpt lat="56.1911090" lon="10.1892060">
    <ele>83.0</ele>
   </trkpt>
   <trkpt lat="56.1911760" lon="10.1891270">
    <ele>82.8</ele>
   </trkpt>
   <trkpt lat="56.1912430" lon="10.1890510">
    <ele>82.0</ele>
   </trkpt>
   <trkpt lat="56.1913100" lon="10.1889740">
    <ele>81.8</ele>
   </trkpt>
   <trkpt lat="56.1913760" lon="10.1888930">
    <ele>81.6</ele>
   </trkpt>
   <trkpt lat="56.1914450" lon="10.1888150">
    <ele>81.4</ele>
   </trkpt>
   <trkpt lat="56.1915170" lon="10.1887400">
    <ele>81.4</ele>
   </trkpt>
   <trkpt lat="56.1915900" lon="10.1886640">
    <ele>81.2</ele>
   </trkpt>
   <trkpt lat="56.1916640" lon="10.1885940">
    <ele>80.8</ele>
   </trkpt>
   <trkpt lat="56.1917380" lon="10.1885240">
    <ele>80.4</ele>
   </trkpt>
   <trkpt lat="56.1918130" lon="10.1884570">
    <ele>80.0</ele>
   </trkpt>
   <trkpt lat="56.1918880" lon="10.1883860">
    <ele>79.6</ele>
   </trkpt>
   <trkpt lat="56.1919630" lon="10.1883150">
    <ele>79.4</ele>
   </trkpt>
   <trkpt lat="56.1920380" lon="10.1882440">
    <ele>79.0</ele>
   </trkpt>
   <trkpt lat="56.1921140" lon="10.1881760">
    <ele>78.6</ele>
   </trkpt>
   <trkpt lat="56.1921890" lon="10.1881130">
    <ele>78.2</ele>
   </trkpt>
   <trkpt lat="56.1922620" lon="10.1880550">
    <ele>77.8</ele>
   </trkpt>
   <trkpt lat="56.1923330" lon="10.1879950">
    <ele>77.6</ele>
   </trkpt>
   <trkpt lat="56.1924050" lon="10.1879330">
    <ele>77.2</ele>
   </trkpt>
   <trkpt lat="56.1924780" lon="10.1878740">
    <ele>76.8</ele>
   </trkpt>
   <trkpt lat="56.1925520" lon="10.1878160">
    <ele>76.6</ele>
   </trkpt>
   <trkpt lat="56.1926240" lon="10.1877620">
    <ele>76.4</ele>
   </trkpt>
   <trkpt lat="56.1926930" lon="10.1877090">
    <ele>76.2</ele>
   </trkpt>
   <trkpt lat="56.1927560" lon="10.1876600">
    <ele>76.0</ele>
   </trkpt>
   <trkpt lat="56.1928070" lon="10.1876200">
    <ele>76.2</ele>
   </trkpt>
   <trkpt lat="56.1928480" lon="10.1875890">
    <ele>76.4</ele>
   </trkpt>
   <trkpt lat="56.1928800" lon="10.1875660">
    <ele>76.4</ele>
   </trkpt>
   <trkpt lat="56.1929040" lon="10.1875490">
    <ele>76.6</ele>
   </trkpt>
   <trkpt lat="56.1929170" lon="10.1875390">
    <ele>76.8</ele>
   </trkpt>
   <trkpt lat="56.1929210" lon="10.1875370">
    <ele>76.8</ele>
   </trkpt>
   <trkpt lat="56.1929210" lon="10.1875370">
    <ele>76.8</ele>
   </trkpt>
   <trkpt lat="56.1929610" lon="10.1874980">
    <ele>76.6</ele>
   </trkpt>
   <trkpt lat="56.1929940" lon="10.1874740">
    <ele>76.2</ele>
   </trkpt>
   <trkpt lat="56.1930350" lon="10.1874490">
    <ele>75.8</ele>
   </trkpt>
   <trkpt lat="56.1930790" lon="10.1874220">
    <ele>75.4</ele>
   </trkpt>
   <trkpt lat="56.1931240" lon="10.1873870">
    <ele>75.0</ele>
   </trkpt>
   <trkpt lat="56.1931750" lon="10.1873470">
    <ele>74.6</ele>
   </trkpt>
   <trkpt lat="56.1932300" lon="10.1873030">
    <ele>74.4</ele>
   </trkpt>
   <trkpt lat="56.1932850" lon="10.1872570">
    <ele>74.2</ele>
   </trkpt>
   <trkpt lat="56.1933430" lon="10.1872120">
    <ele>73.8</ele>
   </trkpt>
   <trkpt lat="56.1934010" lon="10.1871670">
    <ele>73.4</ele>
   </trkpt>
   <trkpt lat="56.1934600" lon="10.1871200">
    <ele>73.0</ele>
   </trkpt>
   <trkpt lat="56.1935170" lon="10.1870730">
    <ele>72.8</ele>
   </trkpt>
   <trkpt lat="56.1935750" lon="10.1870240">
    <ele>72.6</ele>
   </trkpt>
   <trkpt lat="56.1936350" lon="10.1869750">
    <ele>72.8</ele>
   </trkpt>
   <trkpt lat="56.1936970" lon="10.1869260">
    <ele>72.8</ele>
   </trkpt>
   <trkpt lat="56.1937610" lon="10.1868770">
    <ele>73.0</ele>
   </trkpt>
   <trkpt lat="56.1938260" lon="10.1868280">
    <ele>73.2</ele>
   </trkpt>
   <trkpt lat="56.1938920" lon="10.1867780">
    <ele>73.2</ele>
   </trkpt>
   <trkpt lat="56.1939590" lon="10.1867280">
    <ele>73.2</ele>
   </trkpt>
   <trkpt lat="56.1940250" lon="10.1866790">
    <ele>73.0</ele>
   </trkpt>
   <trkpt lat="56.1940930" lon="10.1866330">
    <ele>72.8</ele>
   </trkpt>
   <trkpt lat="56.1941620" lon="10.1865820">
    <ele>72.6</ele>
   </trkpt>
   <trkpt lat="56.1942310" lon="10.1865300">
    <ele>72.4</ele>
   </trkpt>
   <trkpt lat="56.1943000" lon="10.1864770">
    <ele>72.2</ele>
   </trkpt>
   <trkpt lat="56.1943690" lon="10.1864200">
    <ele>72.2</ele>
   </trkpt>
   <trkpt lat="56.1944380" lon="10.1863620">
    <ele>72.2</ele>
   </trkpt>
   <trkpt lat="56.1945080" lon="10.1863090">
    <ele>72.0</ele>
   </trkpt>
   <trkpt lat="56.1945770" lon="10.1862540">
    <ele>72.0</ele>
   </trkpt>
   <trkpt lat="56.1946470" lon="10.1861990">
    <ele>72.0</ele>
   </trkpt>
   <trkpt lat="56.1947170" lon="10.1861450">
    <ele>71.8</ele>
   </trkpt>
   <trkpt lat="56.1947880" lon="10.1860930">
    <ele>71.8</ele>
   </trkpt>
   <trkpt lat="56.1948610" lon="10.1860390">
    <ele>71.6</ele>
   </trkpt>
   <trkpt lat="56.1949340" lon="10.1859820">
    <ele>71.4</ele>
   </trkpt>
   <trkpt lat="56.1950060" lon="10.1859240">
    <ele>71.4</ele>
   </trkpt>
   <trkpt lat="56.1950790" lon="10.1858720">
    <ele>71.2</ele>
   </trkpt>
   <trkpt lat="56.1951510" lon="10.1858220">
    <ele>70.8</ele>
   </trkpt>
   <trkpt lat="56.1952210" lon="10.1857630">
    <ele>70.6</ele>
   </trkpt>
   <trkpt lat="56.1952930" lon="10.1857040">
    <ele>70.2</ele>
   </trkpt>
   <trkpt lat="56.1953640" lon="10.1856460">
    <ele>69.8</ele>
   </trkpt>
   <trkpt lat="56.1954340" lon="10.1855920">
    <ele>69.4</ele>
   </trkpt>
   <trkpt lat="56.1955050" lon="10.1855330">
    <ele>69.4</ele>
   </trkpt>
   <trkpt lat="56.1955760" lon="10.1854750">
    <ele>69.2</ele>
   </trkpt>
   <trkpt lat="56.1956480" lon="10.1854170">
    <ele>69.0</ele>
   </trkpt>
   <trkpt lat="56.1957190" lon="10.1853590">
    <ele>69.0</ele>
   </trkpt>
   <trkpt lat="56.1957890" lon="10.1853040">
    <ele>68.8</ele>
   </trkpt>
   <trkpt lat="56.1958580" lon="10.1852480">
    <ele>68.6</ele>
   </trkpt>
   <trkpt lat="56.1959280" lon="10.1851990">
    <ele>68.6</ele>
   </trkpt>
   <trkpt lat="56.1959990" lon="10.1851450">
    <ele>68.6</ele>
   </trkpt>
   <trkpt lat="56.1960670" lon="10.1850860">
    <ele>68.4</ele>
   </trkpt>
   <trkpt lat="56.1961390" lon="10.1850270">
    <ele>68.4</ele>
   </trkpt>
   <trkpt lat="56.1962100" lon="10.1849750">
    <ele>68.6</ele>
   </trkpt>
   <trkpt lat="56.1962820" lon="10.1849200">
    <ele>68.6</ele>
   </trkpt>
   <trkpt lat="56.1963550" lon="10.1848670">
    <ele>68.8</ele>
   </trkpt>
   <trkpt lat="56.1964290" lon="10.1848140">
    <ele>68.8</ele>
   </trkpt>
   <trkpt lat="56.1965020" lon="10.1847580">
    <ele>68.8</ele>
   </trkpt>
   <trkpt lat="56.1965770" lon="10.1847000">
    <ele>68.8</ele>
   </trkpt>
   <trkpt lat="56.1966510" lon="10.1846440">
    <ele>68.6</ele>
   </trkpt>
   <trkpt lat="56.1967240" lon="10.1845890">
    <ele>68.2</ele>
   </trkpt>
   <trkpt lat="56.1967990" lon="10.1845300">
    <ele>68.0</ele>
   </trkpt>
   <trkpt lat="56.1968720" lon="10.1844700">
    <ele>67.8</ele>
   </trkpt>
   <trkpt lat="56.1969440" lon="10.1844160">
    <ele>67.8</ele>
   </trkpt>
   <trkpt lat="56.1970150" lon="10.1843640">
    <ele>67.8</ele>
   </trkpt>
   <trkpt lat="56.1970880" lon="10.1843120">
    <ele>67.8</ele>
   </trkpt>
   <trkpt lat="56.1971630" lon="10.1842630">
    <ele>67.8</ele>
   </trkpt>
   <trkpt lat="56.1972360" lon="10.1842120">
    <ele>67.8</ele>
   </trkpt>
   <trkpt lat="56.1973100" lon="10.1841530">
    <ele>67.6</ele>
   </trkpt>
   <trkpt lat="56.1973840" lon="10.1840940">
    <ele>67.4</ele>
   </trkpt>
   <trkpt lat="56.1974580" lon="10.1840350">
    <ele>67.2</ele>
   </trkpt>
   <trkpt lat="56.1975310" lon="10.1839780">
    <ele>67.0</ele>
   </trkpt>
   <trkpt lat="56.1976030" lon="10.1839340">
    <ele>67.0</ele>
   </trkpt>
   <trkpt lat="56.1976760" lon="10.1838880">
    <ele>66.8</ele>
   </trkpt>
   <trkpt lat="56.1977490" lon="10.1838350">
    <ele>66.6</ele>
   </trkpt>
   <trkpt lat="56.1978240" lon="10.1837830">
    <ele>66.6</ele>
   </trkpt>
   <trkpt lat="56.1978990" lon="10.1837360">
    <ele>66.4</ele>
   </trkpt>
   <trkpt lat="56.1979710" lon="10.1836940">
    <ele>66.4</ele>
   </trkpt>
   <trkpt lat="56.1980410" lon="10.1836460">
    <ele>66.4</ele>
   </trkpt>
   <trkpt lat="56.1981140" lon="10.1835770">
    <ele>66.4</ele>
   </trkpt>
   <trkpt lat="56.1981860" lon="10.1835040">
    <ele>66.2</ele>
   </trkpt>
   <trkpt lat="56.1982580" lon="10.1834420">
    <ele>66.2</ele>
   </trkpt>
   <trkpt lat="56.1983280" lon="10.1833830">
    <ele>66.0</ele>
   </trkpt>
   <trkpt lat="56.1984000" lon="10.1833170">
    <ele>65.6</ele>
   </trkpt>
   <trkpt lat="56.1984720" lon="10.1832450">
    <ele>65.4</ele>
   </trkpt>
   <trkpt lat="56.1985480" lon="10.1831730">
    <ele>65.2</ele>
   </trkpt>
   <trkpt lat="56.1986210" lon="10.1831030">
    <ele>65.0</ele>
   </trkpt>
   <trkpt lat="56.1986980" lon="10.1830360">
    <ele>65.0</ele>
   </trkpt>
   <trkpt lat="56.1987760" lon="10.1829670">
    <ele>64.8</ele>
   </trkpt>
   <trkpt lat="56.1988560" lon="10.1828990">
    <ele>64.6</ele>
   </trkpt>
   <trkpt lat="56.1989350" lon="10.1828320">
    <ele>64.4</ele>
   </trkpt>
   <trkpt lat="56.1990100" lon="10.1827680">
    <ele>64.0</ele>
   </trkpt>
   <trkpt lat="56.1990880" lon="10.1826990">
    <ele>63.8</ele>
   </trkpt>
   <trkpt lat="56.1991670" lon="10.1826260">
    <ele>63.4</ele>
   </trkpt>
   <trkpt lat="56.1992460" lon="10.1825620">
    <ele>62.8</ele>
   </trkpt>
   <trkpt lat="56.1993230" lon="10.1825040">
    <ele>62.2</ele>
   </trkpt>
   <trkpt lat="56.1994040" lon="10.1824530">
    <ele>61.6</ele>
   </trkpt>
   <trkpt lat="56.1994830" lon="10.1823940">
    <ele>61.2</ele>
   </trkpt>
   <trkpt lat="56.1995600" lon="10.1823300">
    <ele>60.8</ele>
   </trkpt>
   <trkpt lat="56.1996400" lon="10.1822650">
    <ele>60.4</ele>
   </trkpt>
   <trkpt lat="56.1997190" lon="10.1822040">
    <ele>60.2</ele>
   </trkpt>
   <trkpt lat="56.1997980" lon="10.1821430">
    <ele>60.0</ele>
   </trkpt>
   <trkpt lat="56.1998730" lon="10.1820830">
    <ele>59.8</ele>
   </trkpt>
   <trkpt lat="56.1999400" lon="10.1820320">
    <ele>59.6</ele>
   </trkpt>
   <trkpt lat="56.1999990" lon="10.1819990">
    <ele>59.6</ele>
   </trkpt>
   <trkpt lat="56.2000440" lon="10.1820010">
    <ele>59.4</ele>
   </trkpt>
   <trkpt lat="56.2000790" lon="10.1820270">
    <ele>59.6</ele>
   </trkpt>
   <trkpt lat="56.2001120" lon="10.1820470">
    <ele>59.4</ele>
   </trkpt>
   <trkpt lat="56.2001440" lon="10.1820420">
    <ele>59.4</ele>
   </trkpt>
   <trkpt lat="56.2001760" lon="10.1820210">
    <ele>59.4</ele>
   </trkpt>
   <trkpt lat="56.2002100" lon="10.1820000">
    <ele>59.2</ele>
   </trkpt>
   <trkpt lat="56.2002410" lon="10.1819580">
    <ele>58.8</ele>
   </trkpt>
   <trkpt lat="56.2002630" lon="10.1818950">
    <ele>58.6</ele>
   </trkpt>
   <trkpt lat="56.2002880" lon="10.1818350">
    <ele>58.4</ele>
   </trkpt>
   <trkpt lat="56.2003280" lon="10.1817880">
    <ele>58.0</ele>
   </trkpt>
   <trkpt lat="56.2003780" lon="10.1817560">
    <ele>57.8</ele>
   </trkpt>
   <trkpt lat="56.2004350" lon="10.1817260">
    <ele>57.4</ele>
   </trkpt>
   <trkpt lat="56.2004950" lon="10.1816840">
    <ele>57.0</ele>
   </trkpt>
   <trkpt lat="56.2005560" lon="10.1816290">
    <ele>56.6</ele>
   </trkpt>
   <trkpt lat="56.2006180" lon="10.1815640">
    <ele>56.2</ele>
   </trkpt>
   <trkpt lat="56.2006820" lon="10.1814970">
    <ele>55.8</ele>
   </trkpt>
   <trkpt lat="56.2007500" lon="10.1814340">
    <ele>55.4</ele>
   </trkpt>
   <trkpt lat="56.2008200" lon="10.1813750">
    <ele>55.0</ele>
   </trkpt>
   <trkpt lat="56.2008920" lon="10.1813140">
    <ele>54.4</ele>
   </trkpt>
   <trkpt lat="56.2009620" lon="10.1812510">
    <ele>53.8</ele>
   </trkpt>
   <trkpt lat="56.2010320" lon="10.1811860">
    <ele>53.4</ele>
   </trkpt>
   <trkpt lat="56.2011030" lon="10.1811210">
    <ele>53.0</ele>
   </trkpt>
   <trkpt lat="56.2011770" lon="10.1810560">
    <ele>52.6</ele>
   </trkpt>
   <trkpt lat="56.2012510" lon="10.1809940">
    <ele>52.4</ele>
   </trkpt>
   <trkpt lat="56.2013250" lon="10.1809270">
    <ele>52.0</ele>
   </trkpt>
   <trkpt lat="56.2013990" lon="10.1808580">
    <ele>51.6</ele>
   </trkpt>
   <trkpt lat="56.2014730" lon="10.1807910">
    <ele>51.0</ele>
   </trkpt>
   <trkpt lat="56.2015480" lon="10.1807260">
    <ele>50.8</ele>
   </trkpt>
   <trkpt lat="56.2016220" lon="10.1806580">
    <ele>50.4</ele>
   </trkpt>
   <trkpt lat="56.2016970" lon="10.1805880">
    <ele>50.0</ele>
   </trkpt>
   <trkpt lat="56.2017740" lon="10.1805190">
    <ele>49.8</ele>
   </trkpt>
   <trkpt lat="56.2018520" lon="10.1804490">
    <ele>49.4</ele>
   </trkpt>
   <trkpt lat="56.2019300" lon="10.1803760">
    <ele>49.2</ele>
   </trkpt>
   <trkpt lat="56.2020080" lon="10.1802980">
    <ele>48.8</ele>
   </trkpt>
   <trkpt lat="56.2020860" lon="10.1802180">
    <ele>48.4</ele>
   </trkpt>
   <trkpt lat="56.2021670" lon="10.1801390">
    <ele>47.8</ele>
   </trkpt>
   <trkpt lat="56.2022470" lon="10.1800590">
    <ele>47.4</ele>
   </trkpt>
   <trkpt lat="56.2023270" lon="10.1799750">
    <ele>46.6</ele>
   </trkpt>
   <trkpt lat="56.2024050" lon="10.1798870">
    <ele>45.6</ele>
   </trkpt>
   <trkpt lat="56.2024800" lon="10.1797970">
    <ele>44.8</ele>
   </trkpt>
   <trkpt lat="56.2025560" lon="10.1797060">
    <ele>44.0</ele>
   </trkpt>
   <trkpt lat="56.2026340" lon="10.1796170">
    <ele>43.4</ele>
   </trkpt>
   <trkpt lat="56.2027120" lon="10.1795260">
    <ele>42.8</ele>
   </trkpt>
   <trkpt lat="56.2027880" lon="10.1794330">
    <ele>42.0</ele>
   </trkpt>
   <trkpt lat="56.2028630" lon="10.1793410">
    <ele>41.4</ele>
   </trkpt>
   <trkpt lat="56.2029380" lon="10.1792440">
    <ele>40.8</ele>
   </trkpt>
   <trkpt lat="56.2030150" lon="10.1791450">
    <ele>40.4</ele>
   </trkpt>
   <trkpt lat="56.2030900" lon="10.1790450">
    <ele>39.8</ele>
   </trkpt>
   <trkpt lat="56.2031640" lon="10.1789420">
    <ele>39.4</ele>
   </trkpt>
   <trkpt lat="56.2032380" lon="10.1788340">
    <ele>39.0</ele>
   </trkpt>
   <trkpt lat="56.2033110" lon="10.1787250">
    <ele>38.6</ele>
   </trkpt>
   <trkpt lat="56.2033820" lon="10.1786150">
    <ele>38.0</ele>
   </trkpt>
   <trkpt lat="56.2034550" lon="10.1785050">
    <ele>37.2</ele>
   </trkpt>
   <trkpt lat="56.2035280" lon="10.1783950">
    <ele>36.6</ele>
   </trkpt>
   <trkpt lat="56.2036000" lon="10.1782840">
    <ele>36.0</ele>
   </trkpt>
   <trkpt lat="56.2036750" lon="10.1781740">
    <ele>35.4</ele>
   </trkpt>
   <trkpt lat="56.2037540" lon="10.1780710">
    <ele>35.0</ele>
   </trkpt>
   <trkpt lat="56.2038400" lon="10.1779770">
    <ele>34.4</ele>
   </trkpt>
   <trkpt lat="56.2039290" lon="10.1778930">
    <ele>33.8</ele>
   </trkpt>
   <trkpt lat="56.2040220" lon="10.1778170">
    <ele>33.0</ele>
   </trkpt>
   <trkpt lat="56.2041200" lon="10.1777520">
    <ele>32.4</ele>
   </trkpt>
   <trkpt lat="56.2042190" lon="10.1776980">
    <ele>31.6</ele>
   </trkpt>
   <trkpt lat="56.2043220" lon="10.1776490">
    <ele>30.8</ele>
   </trkpt>
   <trkpt lat="56.2044270" lon="10.1775940">
    <ele>30.2</ele>
   </trkpt>
   <trkpt lat="56.2045310" lon="10.1775300">
    <ele>29.4</ele>
   </trkpt>
   <trkpt lat="56.2046320" lon="10.1774560">
    <ele>28.8</ele>
   </trkpt>
   <trkpt lat="56.2047330" lon="10.1773810">
    <ele>28.4</ele>
   </trkpt>
   <trkpt lat="56.2048340" lon="10.1773160">
    <ele>27.6</ele>
   </trkpt>
   <trkpt lat="56.2049340" lon="10.1772640">
    <ele>27.0</ele>
   </trkpt>
   <trkpt lat="56.2050320" lon="10.1772260">
    <ele>26.6</ele>
   </trkpt>
   <trkpt lat="56.2051270" lon="10.1771920">
    <ele>26.4</ele>
   </trkpt>
   <trkpt lat="56.2052230" lon="10.1771650">
    <ele>26.6</ele>
   </trkpt>
   <trkpt lat="56.2053160" lon="10.1771430">
    <ele>26.8</ele>
   </trkpt>
   <trkpt lat="56.2054110" lon="10.1771240">
    <ele>27.0</ele>
   </trkpt>
   <trkpt lat="56.2055030" lon="10.1771050">
    <ele>27.0</ele>
   </trkpt>
   <trkpt lat="56.2055940" lon="10.1770850">
    <ele>27.0</ele>
   </trkpt>
   <trkpt lat="56.2056830" lon="10.1770680">
    <ele>27.0</ele>
   </trkpt>
   <trkpt lat="56.2057710" lon="10.1770520">
    <ele>26.8</ele>
   </trkpt>
   <trkpt lat="56.2058570" lon="10.1770330">
    <ele>26.6</ele>
   </trkpt>
   <trkpt lat="56.2059420" lon="10.1770120">
    <ele>26.4</ele>
   </trkpt>
   <trkpt lat="56.2060280" lon="10.1769820">
    <ele>26.2</ele>
   </trkpt>
   <trkpt lat="56.2061120" lon="10.1769390">
    <ele>26.0</ele>
   </trkpt>
   <trkpt lat="56.2061930" lon="10.1768810">
    <ele>25.8</ele>
   </trkpt>
   <trkpt lat="56.2062730" lon="10.1768140">
    <ele>25.4</ele>
   </trkpt>
   <trkpt lat="56.2063510" lon="10.1767450">
    <ele>25.0</ele>
   </trkpt>
   <trkpt lat="56.2064310" lon="10.1766770">
    <ele>24.6</ele>
   </trkpt>
   <trkpt lat="56.2065100" lon="10.1766070">
    <ele>24.4</ele>
   </trkpt>
   <trkpt lat="56.2065890" lon="10.1765370">
    <ele>24.0</ele>
   </trkpt>
   <trkpt lat="56.2066700" lon="10.1764750">
    <ele>23.8</ele>
   </trkpt>
   <trkpt lat="56.2067530" lon="10.1764160">
    <ele>23.8</ele>
   </trkpt>
   <trkpt lat="56.2068360" lon="10.1763550">
    <ele>23.6</ele>
   </trkpt>
   <trkpt lat="56.2069190" lon="10.1762890">
    <ele>23.4</ele>
   </trkpt>
   <trkpt lat="56.2070010" lon="10.1762240">
    <ele>23.0</ele>
   </trkpt>
   <trkpt lat="56.2070860" lon="10.1761580">
    <ele>22.8</ele>
   </trkpt>
   <trkpt lat="56.2071700" lon="10.1760920">
    <ele>22.4</ele>
   </trkpt>
   <trkpt lat="56.2072550" lon="10.1760270">
    <ele>22.0</ele>
   </trkpt>
   <trkpt lat="56.2073390" lon="10.1759600">
    <ele>21.8</ele>
   </trkpt>
   <trkpt lat="56.2074240" lon="10.1758930">
    <ele>21.6</ele>
   </trkpt>
   <trkpt lat="56.2075100" lon="10.1758240">
    <ele>21.4</ele>
   </trkpt>
   <trkpt lat="56.2075950" lon="10.1757560">
    <ele>21.2</ele>
   </trkpt>
   <trkpt lat="56.2076820" lon="10.1756870">
    <ele>21.0</ele>
   </trkpt>
   <trkpt lat="56.2077680" lon="10.1756180">
    <ele>20.6</ele>
   </trkpt>
   <trkpt lat="56.2078540" lon="10.1755510">
    <ele>20.2</ele>
   </trkpt>
   <trkpt lat="56.2079390" lon="10.1754840">
    <ele>19.8</ele>
   </trkpt>
   <trkpt lat="56.2080230" lon="10.1754190">
    <ele>19.4</ele>
   </trkpt>
   <trkpt lat="56.2081070" lon="10.1753510">
    <ele>18.8</ele>
   </trkpt>
   <trkpt lat="56.2081910" lon="10.1752820">
    <ele>18.4</ele>
   </trkpt>
   <trkpt lat="56.2082770" lon="10.1752150">
    <ele>18.0</ele>
   </trkpt>
   <trkpt lat="56.2083630" lon="10.1751500">
    <ele>17.8</ele>
   </trkpt>
   <trkpt lat="56.2084490" lon="10.1750870">
    <ele>17.4</ele>
   </trkpt>
   <trkpt lat="56.2085350" lon="10.1750200">
    <ele>17.0</ele>
   </trkpt>
   <trkpt lat="56.2086210" lon="10.1749530">
    <ele>16.8</ele>
   </trkpt>
   <trkpt lat="56.2087060" lon="10.1748860">
    <ele>16.4</ele>
   </trkpt>
   <trkpt lat="56.2087920" lon="10.1748230">
    <ele>16.0</ele>
   </trkpt>
   <trkpt lat="56.2088780" lon="10.1747640">
    <ele>15.6</ele>
   </trkpt>
   <trkpt lat="56.2089650" lon="10.1747060">
    <ele>15.2</ele>
   </trkpt>
   <trkpt lat="56.2090500" lon="10.1746460">
    <ele>15.0</ele>
   </trkpt>
   <trkpt lat="56.2091360" lon="10.1745860">
    <ele>14.8</ele>
   </trkpt>
   <trkpt lat="56.2092200" lon="10.1745270">
    <ele>14.6</ele>
   </trkpt>
   <trkpt lat="56.2093040" lon="10.1744670">
    <ele>14.4</ele>
   </trkpt>
   <trkpt lat="56.2093870" lon="10.1744050">
    <ele>14.0</ele>
   </trkpt>
   <trkpt lat="56.2094690" lon="10.1743430">
    <ele>14.0</ele>
   </trkpt>
   <trkpt lat="56.2095530" lon="10.1742810">
    <ele>13.6</ele>
   </trkpt>
   <trkpt lat="56.2096370" lon="10.1742200">
    <ele>13.4</ele>
   </trkpt>
   <trkpt lat="56.2097230" lon="10.1741630">
    <ele>13.2</ele>
   </trkpt>
   <trkpt lat="56.2098110" lon="10.1741130">
    <ele>13.0</ele>
   </trkpt>
   <trkpt lat="56.2098990" lon="10.1740650">
    <ele>12.8</ele>
   </trkpt>
   <trkpt lat="56.2099880" lon="10.1740240">
    <ele>12.4</ele>
   </trkpt>
   <trkpt lat="56.2100800" lon="10.1739930">
    <ele>12.2</ele>
   </trkpt>
   <trkpt lat="56.2101710" lon="10.1739770">
    <ele>11.8</ele>
   </trkpt>
   <trkpt lat="56.2102640" lon="10.1739720">
    <ele>11.4</ele>
   </trkpt>
   <trkpt lat="56.2103580" lon="10.1739670">
    <ele>11.0</ele>
   </trkpt>
   <trkpt lat="56.2104530" lon="10.1739570">
    <ele>10.6</ele>
   </trkpt>
   <trkpt lat="56.2105480" lon="10.1739350">
    <ele>10.2</ele>
   </trkpt>
   <trkpt lat="56.2106420" lon="10.1739010">
    <ele>10.0</ele>
   </trkpt>
   <trkpt lat="56.2107330" lon="10.1738520">
    <ele>9.6</ele>
   </trkpt>
   <trkpt lat="56.2108190" lon="10.1738000">
    <ele>9.4</ele>
   </trkpt>
   <trkpt lat="56.2109020" lon="10.1737450">
    <ele>9.4</ele>
   </trkpt>
   <trkpt lat="56.2109830" lon="10.1736870">
    <ele>9.0</ele>
   </trkpt>
   <trkpt lat="56.2110630" lon="10.1736290">
    <ele>9.0</ele>
   </trkpt>
   <trkpt lat="56.2111400" lon="10.1735760">
    <ele>8.8</ele>
   </trkpt>
   <trkpt lat="56.2112170" lon="10.1735340">
    <ele>8.8</ele>
   </trkpt>
   <trkpt lat="56.2112930" lon="10.1735070">
    <ele>8.6</ele>
   </trkpt>
   <trkpt lat="56.2113710" lon="10.1734970">
    <ele>8.8</ele>
   </trkpt>
   <trkpt lat="56.2114480" lon="10.1734990">
    <ele>9.2</ele>
   </trkpt>
   <trkpt lat="56.2115210" lon="10.1735190">
    <ele>9.4</ele>
   </trkpt>
   <trkpt lat="56.2115920" lon="10.1735590">
    <ele>9.8</ele>
   </trkpt>
   <trkpt lat="56.2116590" lon="10.1736120">
    <ele>10.0</ele>
   </trkpt>
   <trkpt lat="56.2117240" lon="10.1736730">
    <ele>10.4</ele>
   </trkpt>
   <trkpt lat="56.2117920" lon="10.1737260">
    <ele>10.6</ele>
   </trkpt>
   <trkpt lat="56.2118630" lon="10.1737470">
    <ele>10.8</ele>
   </trkpt>
   <trkpt lat="56.2119370" lon="10.1737340">
    <ele>10.8</ele>
   </trkpt>
   <trkpt lat="56.2120120" lon="10.1736930">
    <ele>10.8</ele>
   </trkpt>
   <trkpt lat="56.2120830" lon="10.1736400">
    <ele>10.6</ele>
   </trkpt>
   <trkpt lat="56.2121530" lon="10.1735880">
    <ele>10.6</ele>
   </trkpt>
   <trkpt lat="56.2122170" lon="10.1735290">
    <ele>10.6</ele>
   </trkpt>
   <trkpt lat="56.2122760" lon="10.1734530">
    <ele>10.8</ele>
   </trkpt>
   <trkpt lat="56.2123220" lon="10.1733690">
    <ele>11.0</ele>
   </trkpt>
   <trkpt lat="56.2123540" lon="10.1732760">
    <ele>11.2</ele>
   </trkpt>
   <trkpt lat="56.2123790" lon="10.1731830">
    <ele>11.6</ele>
   </trkpt>
   <trkpt lat="56.2123870" lon="10.1730970">
    <ele>11.8</ele>
   </trkpt>
   <trkpt lat="56.2123580" lon="10.1730200">
    <ele>12.2</ele>
   </trkpt>
   <trkpt lat="56.2123110" lon="10.1729460">
    <ele>12.6</ele>
   </trkpt>
   <trkpt lat="56.2122550" lon="10.1728840">
    <ele>13.0</ele>
   </trkpt>
   <trkpt lat="56.2121990" lon="10.1728320">
    <ele>13.4</ele>
   </trkpt>
   <trkpt lat="56.2121470" lon="10.1727780">
    <ele>13.6</ele>
   </trkpt>
   <trkpt lat="56.2121050" lon="10.1727090">
    <ele>14.0</ele>
   </trkpt>
   <trkpt lat="56.2120770" lon="10.1726300">
    <ele>14.2</ele>
   </trkpt>
   <trkpt lat="56.2120630" lon="10.1725450">
    <ele>14.2</ele>
   </trkpt>
   <trkpt lat="56.2120640" lon="10.1724620">
    <ele>14.2</ele>
   </trkpt>
   <trkpt lat="56.2120750" lon="10.1723800">
    <ele>14.2</ele>
   </trkpt>
   <trkpt lat="56.2120950" lon="10.1723070">
    <ele>14.2</ele>
   </trkpt>
   <trkpt lat="56.2121230" lon="10.1722470">
    <ele>14.4</ele>
   </trkpt>
   <trkpt lat="56.2121590" lon="10.1722030">
    <ele>14.4</ele>
   </trkpt>
   <trkpt lat="56.2121970" lon="10.1721720">
    <ele>14.8</ele>
   </trkpt>
   <trkpt lat="56.2122350" lon="10.1721420">
    <ele>15.0</ele>
   </trkpt>
   <trkpt lat="56.2122700" lon="10.1721140">
    <ele>15.2</ele>
   </trkpt>
   <trkpt lat="56.2123060" lon="10.1720890">
    <ele>15.6</ele>
   </trkpt>
   <trkpt lat="56.2123460" lon="10.1720650">
    <ele>15.8</ele>
   </trkpt>
   <trkpt lat="56.2123850" lon="10.1720370">
    <ele>16.2</ele>
   </trkpt>
   <trkpt lat="56.2124220" lon="10.1720050">
    <ele>16.4</ele>
   </trkpt>
   <trkpt lat="56.2124610" lon="10.1719720">
    <ele>16.8</ele>
   </trkpt>
   <trkpt lat="56.2124980" lon="10.1719380">
    <ele>17.0</ele>
   </trkpt>
   <trkpt lat="56.2125340" lon="10.1719060">
    <ele>17.2</ele>
   </trkpt>
   <trkpt lat="56.2125710" lon="10.1718730">
    <ele>17.4</ele>
   </trkpt>
   <trkpt lat="56.2126080" lon="10.1718400">
    <ele>17.6</ele>
   </trkpt>
   <trkpt lat="56.2126440" lon="10.1718020">
    <ele>17.8</ele>
   </trkpt>
   <trkpt lat="56.2126790" lon="10.1717640">
    <ele>18.2</ele>
   </trkpt>
   <trkpt lat="56.2127160" lon="10.1717380">
    <ele>18.6</ele>
   </trkpt>
   <trkpt lat="56.2127550" lon="10.1717170">
    <ele>18.6</ele>
   </trkpt>
   <trkpt lat="56.2127920" lon="10.1716930">
    <ele>18.6</ele>
   </trkpt>
   <trkpt lat="56.2128310" lon="10.1716650">
    <ele>18.6</ele>
   </trkpt>
   <trkpt lat="56.2128700" lon="10.1716370">
    <ele>18.6</ele>
   </trkpt>
   <trkpt lat="56.2129090" lon="10.1716100">
    <ele>18.6</ele>
   </trkpt>
   <trkpt lat="56.2129440" lon="10.1715820">
    <ele>18.8</ele>
   </trkpt>
   <trkpt lat="56.2129810" lon="10.1715570">
    <ele>19.2</ele>
   </trkpt>
   <trkpt lat="56.2130190" lon="10.1715310">
    <ele>19.4</ele>
   </trkpt>
   <trkpt lat="56.2130570" lon="10.1715060">
    <ele>19.6</ele>
   </trkpt>
   <trkpt lat="56.2130950" lon="10.1714800">
    <ele>19.8</ele>
   </trkpt>
   <trkpt lat="56.2131310" lon="10.1714500">
    <ele>19.8</ele>
   </trkpt>
   <trkpt lat="56.2131680" lon="10.1714190">
    <ele>20.0</ele>
   </trkpt>
   <trkpt lat="56.2132030" lon="10.1713820">
    <ele>20.2</ele>
   </trkpt>
   <trkpt lat="56.2132380" lon="10.1713460">
    <ele>20.4</ele>
   </trkpt>
   <trkpt lat="56.2132760" lon="10.1713170">
    <ele>20.4</ele>
   </trkpt>
   <trkpt lat="56.2133120" lon="10.1712860">
    <ele>20.6</ele>
   </trkpt>
   <trkpt lat="56.2133460" lon="10.1712520">
    <ele>20.8</ele>
   </trkpt>
   <trkpt lat="56.2133810" lon="10.1712180">
    <ele>20.8</ele>
   </trkpt>
   <trkpt lat="56.2134150" lon="10.1711840">
    <ele>21.0</ele>
   </trkpt>
   <trkpt lat="56.2134510" lon="10.1711530">
    <ele>21.2</ele>
   </trkpt>
   <trkpt lat="56.2134890" lon="10.1711270">
    <ele>21.4</ele>
   </trkpt>
   <trkpt lat="56.2135260" lon="10.1710980">
    <ele>21.4</ele>
   </trkpt>
   <trkpt lat="56.2135630" lon="10.1710670">
    <ele>21.6</ele>
   </trkpt>
   <trkpt lat="56.2135980" lon="10.1710390">
    <ele>21.6</ele>
   </trkpt>
   <trkpt lat="56.2136350" lon="10.1710100">
    <ele>21.6</ele>
   </trkpt>
   <trkpt lat="56.2136710" lon="10.1709810">
    <ele>21.6</ele>
   </trkpt>
   <trkpt lat="56.2137060" lon="10.1709530">
    <ele>21.8</ele>
   </trkpt>
   <trkpt lat="56.2137400" lon="10.1709250">
    <ele>21.8</ele>
   </trkpt>
   <trkpt lat="56.2137730" lon="10.1708940">
    <ele>21.8</ele>
   </trkpt>
   <trkpt lat="56.2138080" lon="10.1708670">
    <ele>21.8</ele>
   </trkpt>
   <trkpt lat="56.2138440" lon="10.1708410">
    <ele>22.0</ele>
   </trkpt>
   <trkpt lat="56.2138810" lon="10.1708170">
    <ele>22.2</ele>
   </trkpt>
   <trkpt lat="56.2139160" lon="10.1707900">
    <ele>22.4</ele>
   </trkpt>
   <trkpt lat="56.2139510" lon="10.1707630">
    <ele>22.6</ele>
   </trkpt>
   <trkpt lat="56.2139850" lon="10.1707380">
    <ele>22.8</ele>
   </trkpt>
   <trkpt lat="56.2140210" lon="10.1707190">
    <ele>22.8</ele>
   </trkpt>
   <trkpt lat="56.2140560" lon="10.1706990">
    <ele>23.0</ele>
   </trkpt>
   <trkpt lat="56.2140910" lon="10.1706720">
    <ele>23.0</ele>
   </trkpt>
   <trkpt lat="56.2141230" lon="10.1706450">
    <ele>23.0</ele>
   </trkpt>
   <trkpt lat="56.2141570" lon="10.1706160">
    <ele>23.2</ele>
   </trkpt>
   <trkpt lat="56.2141900" lon="10.1705860">
    <ele>23.4</ele>
   </trkpt>
   <trkpt lat="56.2142230" lon="10.1705560">
    <ele>23.6</ele>
   </trkpt>
   <trkpt lat="56.2142550" lon="10.1705280">
    <ele>23.6</ele>
   </trkpt>
   <trkpt lat="56.2142870" lon="10.1704980">
    <ele>23.8</ele>
   </trkpt>
   <trkpt lat="56.2143210" lon="10.1704660">
    <ele>23.8</ele>
   </trkpt>
   <trkpt lat="56.2143580" lon="10.1704390">
    <ele>23.8</ele>
   </trkpt>
   <trkpt lat="56.2143940" lon="10.1704150">
    <ele>24.0</ele>
   </trkpt>
   <trkpt lat="56.2144270" lon="10.1703880">
    <ele>24.2</ele>
   </trkpt>
   <trkpt lat="56.2144580" lon="10.1703580">
    <ele>24.4</ele>
   </trkpt>
   <trkpt lat="56.2144890" lon="10.1703270">
    <ele>24.8</ele>
   </trkpt>
   <trkpt lat="56.2145220" lon="10.1703010">
    <ele>25.0</ele>
   </trkpt>
   <trkpt lat="56.2145560" lon="10.1702770">
    <ele>25.4</ele>
   </trkpt>
   <trkpt lat="56.2145900" lon="10.1702530">
    <ele>25.6</ele>
   </trkpt>
   <trkpt lat="56.2146220" lon="10.1702260">
    <ele>25.6</ele>
   </trkpt>
   <trkpt lat="56.2146550" lon="10.1702000">
    <ele>25.8</ele>
   </trkpt>
   <trkpt lat="56.2146890" lon="10.1701720">
    <ele>26.0</ele>
   </trkpt>
   <trkpt lat="56.2147230" lon="10.1701440">
    <ele>26.2</ele>
   </trkpt>
   <trkpt lat="56.2147590" lon="10.1701180">
    <ele>26.6</ele>
   </trkpt>
   <trkpt lat="56.2147920" lon="10.1700920">
    <ele>26.8</ele>
   </trkpt>
   <trkpt lat="56.2148260" lon="10.1700660">
    <ele>27.0</ele>
   </trkpt>
   <trkpt lat="56.2148610" lon="10.1700390">
    <ele>27.2</ele>
   </trkpt>
   <trkpt lat="56.2148940" lon="10.1700130">
    <ele>27.2</ele>
   </trkpt>
   <trkpt lat="56.2149270" lon="10.1699850">
    <ele>27.4</ele>
   </trkpt>
   <trkpt lat="56.2149590" lon="10.1699610">
    <ele>27.4</ele>
   </trkpt>
   <trkpt lat="56.2149900" lon="10.1699340">
    <ele>27.6</ele>
   </trkpt>
   <trkpt lat="56.2150230" lon="10.1699080">
    <ele>27.8</ele>
   </trkpt>
   <trkpt lat="56.2150570" lon="10.1698800">
    <ele>28.0</ele>
   </trkpt>
   <trkpt lat="56.2150900" lon="10.1698520">
    <ele>28.0</ele>
   </trkpt>
   <trkpt lat="56.2151230" lon="10.1698260">
    <ele>28.2</ele>
   </trkpt>
   <trkpt lat="56.2151550" lon="10.1698000">
    <ele>28.4</ele>
   </trkpt>
   <trkpt lat="56.2151880" lon="10.1697740">
    <ele>28.6</ele>
   </trkpt>
   <trkpt lat="56.2152200" lon="10.1697490">
    <ele>28.8</ele>
   </trkpt>
   <trkpt lat="56.2152540" lon="10.1697220">
    <ele>29.2</ele>
   </trkpt>
   <trkpt lat="56.2152880" lon="10.1696930">
    <ele>29.4</ele>
   </trkpt>
   <trkpt lat="56.2153230" lon="10.1696660">
    <ele>29.6</ele>
   </trkpt>
   <trkpt lat="56.2153600" lon="10.1696400">
    <ele>29.8</ele>
   </trkpt>
   <trkpt lat="56.2153950" lon="10.1696130">
    <ele>29.8</ele>
   </trkpt>
   <trkpt lat="56.2154310" lon="10.1695860">
    <ele>29.8</ele>
   </trkpt>
   <trkpt lat="56.2154660" lon="10.1695570">
    <ele>29.8</ele>
   </trkpt>
   <trkpt lat="56.2155020" lon="10.1695280">
    <ele>30.0</ele>
   </trkpt>
   <trkpt lat="56.2155350" lon="10.1694980">
    <ele>30.2</ele>
   </trkpt>
   <trkpt lat="56.2155660" lon="10.1694730">
    <ele>30.2</ele>
   </trkpt>
   <trkpt lat="56.2155990" lon="10.1694480">
    <ele>30.6</ele>
   </trkpt>
   <trkpt lat="56.2156320" lon="10.1694240">
    <ele>30.8</ele>
   </trkpt>
   <trkpt lat="56.2156650" lon="10.1693990">
    <ele>31.0</ele>
   </trkpt>
   <trkpt lat="56.2156980" lon="10.1693730">
    <ele>31.2</ele>
   </trkpt>
   <trkpt lat="56.2157320" lon="10.1693460">
    <ele>31.4</ele>
   </trkpt>
   <trkpt lat="56.2157640" lon="10.1693210">
    <ele>31.4</ele>
   </trkpt>
   <trkpt lat="56.2157950" lon="10.1692940">
    <ele>31.6</ele>
   </trkpt>
   <trkpt lat="56.2158260" lon="10.1692650">
    <ele>31.6</ele>
   </trkpt>
   <trkpt lat="56.2158590" lon="10.1692390">
    <ele>31.8</ele>
   </trkpt>
   <trkpt lat="56.2158920" lon="10.1692160">
    <ele>31.8</ele>
   </trkpt>
   <trkpt lat="56.2159240" lon="10.1691900">
    <ele>32.0</ele>
   </trkpt>
   <trkpt lat="56.2159560" lon="10.1691640">
    <ele>32.0</ele>
   </trkpt>
   <trkpt lat="56.2159900" lon="10.1691370">
    <ele>32.4</ele>
   </trkpt>
   <trkpt lat="56.2160220" lon="10.1691100">
    <ele>32.6</ele>
   </trkpt>
   <trkpt lat="56.2160540" lon="10.1690860">
    <ele>32.6</ele>
   </trkpt>
   <trkpt lat="56.2160860" lon="10.1690630">
    <ele>32.8</ele>
   </trkpt>
   <trkpt lat="56.2161180" lon="10.1690410">
    <ele>33.0</ele>
   </trkpt>
   <trkpt lat="56.2161490" lon="10.1690180">
    <ele>33.0</ele>
   </trkpt>
   <trkpt lat="56.2161810" lon="10.1689920">
    <ele>33.2</ele>
   </trkpt>
   <trkpt lat="56.2162130" lon="10.1689660">
    <ele>33.4</ele>
   </trkpt>
   <trkpt lat="56.2162460" lon="10.1689400">
    <ele>33.6</ele>
   </trkpt>
   <trkpt lat="56.2162790" lon="10.1689140">
    <ele>33.8</ele>
   </trkpt>
   <trkpt lat="56.2163110" lon="10.1688890">
    <ele>33.8</ele>
   </trkpt>
   <trkpt lat="56.2163420" lon="10.1688630">
    <ele>34.0</ele>
   </trkpt>
   <trkpt lat="56.2163760" lon="10.1688370">
    <ele>34.0</ele>
   </trkpt>
   <trkpt lat="56.2164110" lon="10.1688100">
    <ele>34.0</ele>
   </trkpt>
   <trkpt lat="56.2164450" lon="10.1687820">
    <ele>34.2</ele>
   </trkpt>
   <trkpt lat="56.2164770" lon="10.1687550">
    <ele>34.2</ele>
   </trkpt>
   <trkpt lat="56.2165100" lon="10.1687280">
    <ele>34.2</ele>
   </trkpt>
   <trkpt lat="56.2165430" lon="10.1687020">
    <ele>34.4</ele>
   </trkpt>
   <trkpt lat="56.2165770" lon="10.1686770">
    <ele>34.4</ele>
   </trkpt>
   <trkpt lat="56.2166120" lon="10.1686490">
    <ele>34.6</ele>
   </trkpt>
   <trkpt lat="56.2166460" lon="10.1686220">
    <ele>34.8</ele>
   </trkpt>
   <trkpt lat="56.2166770" lon="10.1685960">
    <ele>35.2</ele>
   </trkpt>
   <trkpt lat="56.2167080" lon="10.1685730">
    <ele>35.4</ele>
   </trkpt>
   <trkpt lat="56.2167350" lon="10.1685500">
    <ele>35.6</ele>
   </trkpt>
   <trkpt lat="56.2167650" lon="10.1685250">
    <ele>36.0</ele>
   </trkpt>
   <trkpt lat="56.2167930" lon="10.1685000">
    <ele>36.2</ele>
   </trkpt>
   <trkpt lat="56.2168220" lon="10.1684750">
    <ele>36.4</ele>
   </trkpt>
   <trkpt lat="56.2168490" lon="10.1684560">
    <ele>36.6</ele>
   </trkpt>
   <trkpt lat="56.2168780" lon="10.1684350">
    <ele>36.8</ele>
   </trkpt>
   <trkpt lat="56.2169070" lon="10.1684100">
    <ele>37.0</ele>
   </trkpt>
   <trkpt lat="56.2169350" lon="10.1683840">
    <ele>37.2</ele>
   </trkpt>
   <trkpt lat="56.2169620" lon="10.1683630">
    <ele>37.4</ele>
   </trkpt>
   <trkpt lat="56.2169900" lon="10.1683410">
    <ele>37.6</ele>
   </trkpt>
   <trkpt lat="56.2170170" lon="10.1683180">
    <ele>38.0</ele>
   </trkpt>
   <trkpt lat="56.2170460" lon="10.1682990">
    <ele>38.2</ele>
   </trkpt>
   <trkpt lat="56.2170740" lon="10.1682810">
    <ele>38.6</ele>
   </trkpt>
   <trkpt lat="56.2171020" lon="10.1682630">
    <ele>39.0</ele>
   </trkpt>
   <trkpt lat="56.2171270" lon="10.1682410">
    <ele>39.2</ele>
   </trkpt>
   <trkpt lat="56.2171530" lon="10.1682200">
    <ele>39.4</ele>
   </trkpt>
   <trkpt lat="56.2171790" lon="10.1681990">
    <ele>39.6</ele>
   </trkpt>
   <trkpt lat="56.2172050" lon="10.1681760">
    <ele>39.8</ele>
   </trkpt>
   <trkpt lat="56.2172320" lon="10.1681530">
    <ele>40.2</ele>
   </trkpt>
   <trkpt lat="56.2172580" lon="10.1681290">
    <ele>40.6</ele>
   </trkpt>
   <trkpt lat="56.2172830" lon="10.1681070">
    <ele>40.8</ele>
   </trkpt>
   <trkpt lat="56.2173070" lon="10.1680850">
    <ele>41.2</ele>
   </trkpt>
   <trkpt lat="56.2173330" lon="10.1680610">
    <ele>41.4</ele>
   </trkpt>
   <trkpt lat="56.2173610" lon="10.1680450">
    <ele>41.6</ele>
   </trkpt>
   <trkpt lat="56.2173890" lon="10.1680390">
    <ele>41.8</ele>
   </trkpt>
   <trkpt lat="56.2174190" lon="10.1680350">
    <ele>42.0</ele>
   </trkpt>
   <trkpt lat="56.2174490" lon="10.1680250">
    <ele>42.2</ele>
   </trkpt>
   <trkpt lat="56.2174800" lon="10.1680090">
    <ele>42.4</ele>
   </trkpt>
   <trkpt lat="56.2175110" lon="10.1679900">
    <ele>42.6</ele>
   </trkpt>
   <trkpt lat="56.2175370" lon="10.1679710">
    <ele>42.8</ele>
   </trkpt>
   <trkpt lat="56.2175650" lon="10.1679510">
    <ele>43.0</ele>
   </trkpt>
   <trkpt lat="56.2175940" lon="10.1679320">
    <ele>43.0</ele>
   </trkpt>
   <trkpt lat="56.2176240" lon="10.1679140">
    <ele>43.4</ele>
   </trkpt>
   <trkpt lat="56.2176550" lon="10.1678920">
    <ele>43.6</ele>
   </trkpt>
   <trkpt lat="56.2176830" lon="10.1678690">
    <ele>43.8</ele>
   </trkpt>
   <trkpt lat="56.2177110" lon="10.1678420">
    <ele>44.0</ele>
   </trkpt>
   <trkpt lat="56.2177370" lon="10.1678200">
    <ele>44.0</ele>
   </trkpt>
   <trkpt lat="56.2177660" lon="10.1677980">
    <ele>44.0</ele>
   </trkpt>
   <trkpt lat="56.2177960" lon="10.1677770">
    <ele>43.8</ele>
   </trkpt>
   <trkpt lat="56.2178270" lon="10.1677560">
    <ele>43.8</ele>
   </trkpt>
   <trkpt lat="56.2178580" lon="10.1677300">
    <ele>43.8</ele>
   </trkpt>
   <trkpt lat="56.2178900" lon="10.1677050">
    <ele>43.8</ele>
   </trkpt>
   <trkpt lat="56.2179240" lon="10.1676840">
    <ele>43.8</ele>
   </trkpt>
   <trkpt lat="56.2179580" lon="10.1676650">
    <ele>43.8</ele>
   </trkpt>
   <trkpt lat="56.2179910" lon="10.1676450">
    <ele>43.8</ele>
   </trkpt>
   <trkpt lat="56.2180250" lon="10.1676250">
    <ele>44.0</ele>
   </trkpt>
   <trkpt lat="56.2180580" lon="10.1676100">
    <ele>44.0</ele>
   </trkpt>
   <trkpt lat="56.2180930" lon="10.1675950">
    <ele>43.8</ele>
   </trkpt>
   <trkpt lat="56.2181260" lon="10.1675770">
    <ele>43.8</ele>
   </trkpt>
   <trkpt lat="56.2181610" lon="10.1675550">
    <ele>43.8</ele>
   </trkpt>
   <trkpt lat="56.2181960" lon="10.1675280">
    <ele>43.6</ele>
   </trkpt>
   <trkpt lat="56.2182310" lon="10.1674990">
    <ele>43.4</ele>
   </trkpt>
   <trkpt lat="56.2182650" lon="10.1674690">
    <ele>43.4</ele>
   </trkpt>
   <trkpt lat="56.2182960" lon="10.1674360">
    <ele>43.4</ele>
   </trkpt>
   <trkpt lat="56.2183240" lon="10.1673990">
    <ele>43.4</ele>
   </trkpt>
   <trkpt lat="56.2183530" lon="10.1673610">
    <ele>43.4</ele>
   </trkpt>
   <trkpt lat="56.2183800" lon="10.1673230">
    <ele>43.6</ele>
   </trkpt>
   <trkpt lat="56.2184070" lon="10.1672900">
    <ele>44.0</ele>
   </trkpt>
   <trkpt lat="56.2184350" lon="10.1672590">
    <ele>44.2</ele>
   </trkpt>
   <trkpt lat="56.2184640" lon="10.1672250">
    <ele>44.4</ele>
   </trkpt>
   <trkpt lat="56.2184920" lon="10.1671930">
    <ele>44.8</ele>
   </trkpt>
   <trkpt lat="56.2185190" lon="10.1671600">
    <ele>45.2</ele>
   </trkpt>
   <trkpt lat="56.2185460" lon="10.1671230">
    <ele>45.4</ele>
   </trkpt>
   <trkpt lat="56.2185740" lon="10.1670890">
    <ele>45.6</ele>
   </trkpt>
   <trkpt lat="56.2186030" lon="10.1670590">
    <ele>45.8</ele>
   </trkpt>
   <trkpt lat="56.2186330" lon="10.1670320">
    <ele>46.0</ele>
   </trkpt>
   <trkpt lat="56.2186610" lon="10.1670080">
    <ele>46.2</ele>
   </trkpt>
   <trkpt lat="56.2186880" lon="10.1669870">
    <ele>46.6</ele>
   </trkpt>
   <trkpt lat="56.2187130" lon="10.1669650">
    <ele>46.8</ele>
   </trkpt>
   <trkpt lat="56.2187400" lon="10.1669420">
    <ele>47.0</ele>
   </trkpt>
   <trkpt lat="56.2187660" lon="10.1669190">
    <ele>47.4</ele>
   </trkpt>
   <trkpt lat="56.2187920" lon="10.1668970">
    <ele>47.6</ele>
   </trkpt>
   <trkpt lat="56.2188200" lon="10.1668760">
    <ele>48.0</ele>
   </trkpt>
   <trkpt lat="56.2188470" lon="10.1668540">
    <ele>48.2</ele>
   </trkpt>
   <trkpt lat="56.2188730" lon="10.1668330">
    <ele>48.4</ele>
   </trkpt>
   <trkpt lat="56.2189010" lon="10.1668140">
    <ele>48.6</ele>
   </trkpt>
   <trkpt lat="56.2189270" lon="10.1667910">
    <ele>49.0</ele>
   </trkpt>
   <trkpt lat="56.2189520" lon="10.1667680">
    <ele>49.0</ele>
   </trkpt>
   <trkpt lat="56.2189780" lon="10.1667460">
    <ele>49.4</ele>
   </trkpt>
   <trkpt lat="56.2190050" lon="10.1667230">
    <ele>49.4</ele>
   </trkpt>
   <trkpt lat="56.2190330" lon="10.1667030">
    <ele>49.8</ele>
   </trkpt>
   <trkpt lat="56.2190600" lon="10.1666840">
    <ele>50.0</ele>
   </trkpt>
   <trkpt lat="56.2190850" lon="10.1666630">
    <ele>50.2</ele>
   </trkpt>
   <trkpt lat="56.2191110" lon="10.1666430">
    <ele>50.2</ele>
   </trkpt>
   <trkpt lat="56.2191360" lon="10.1666260">
    <ele>50.4</ele>
   </trkpt>
   <trkpt lat="56.2191610" lon="10.1666080">
    <ele>50.6</ele>
   </trkpt>
   <trkpt lat="56.2191870" lon="10.1665850">
    <ele>50.8</ele>
   </trkpt>
   <trkpt lat="56.2192130" lon="10.1665630">
    <ele>50.8</ele>
   </trkpt>
   <trkpt lat="56.2192390" lon="10.1665430">
    <ele>51.2</ele>
   </trkpt>
   <trkpt lat="56.2192640" lon="10.1665240">
    <ele>51.4</ele>
   </trkpt>
   <trkpt lat="56.2192890" lon="10.1665040">
    <ele>51.6</ele>
   </trkpt>
   <trkpt lat="56.2193140" lon="10.1664810">
    <ele>51.6</ele>
   </trkpt>
   <trkpt lat="56.2193410" lon="10.1664550">
    <ele>51.8</ele>
   </trkpt>
   <trkpt lat="56.2193680" lon="10.1664330">
    <ele>52.0</ele>
   </trkpt>
   <trkpt lat="56.2193950" lon="10.1664130">
    <ele>52.2</ele>
   </trkpt>
   <trkpt lat="56.2194220" lon="10.1663910">
    <ele>52.4</ele>
   </trkpt>
   <trkpt lat="56.2194500" lon="10.1663710">
    <ele>52.8</ele>
   </trkpt>
   <trkpt lat="56.2194780" lon="10.1663510">
    <ele>53.0</ele>
   </trkpt>
   <trkpt lat="56.2195030" lon="10.1663330">
    <ele>53.0</ele>
   </trkpt>
   <trkpt lat="56.2195290" lon="10.1663150">
    <ele>53.2</ele>
   </trkpt>
   <trkpt lat="56.2195550" lon="10.1662970">
    <ele>53.4</ele>
   </trkpt>
   <trkpt lat="56.2195810" lon="10.1662750">
    <ele>53.6</ele>
   </trkpt>
   <trkpt lat="56.2196070" lon="10.1662550">
    <ele>53.8</ele>
   </trkpt>
   <trkpt lat="56.2196310" lon="10.1662330">
    <ele>54.0</ele>
   </trkpt>
   <trkpt lat="56.2196580" lon="10.1662150">
    <ele>54.2</ele>
   </trkpt>
   <trkpt lat="56.2196850" lon="10.1661900">
    <ele>54.4</ele>
   </trkpt>
   <trkpt lat="56.2197110" lon="10.1661650">
    <ele>54.6</ele>
   </trkpt>
   <trkpt lat="56.2197390" lon="10.1661430">
    <ele>54.8</ele>
   </trkpt>
   <trkpt lat="56.2197650" lon="10.1661240">
    <ele>54.8</ele>
   </trkpt>
   <trkpt lat="56.2197920" lon="10.1661110">
    <ele>55.0</ele>
   </trkpt>
   <trkpt lat="56.2198190" lon="10.1660920">
    <ele>55.2</ele>
   </trkpt>
   <trkpt lat="56.2198470" lon="10.1660730">
    <ele>55.4</ele>
   </trkpt>
   <trkpt lat="56.2198720" lon="10.1660520">
    <ele>55.6</ele>
   </trkpt>
   <trkpt lat="56.2198960" lon="10.1660300">
    <ele>55.8</ele>
   </trkpt>
   <trkpt lat="56.2199210" lon="10.1660090">
    <ele>56.0</ele>
   </trkpt>
   <trkpt lat="56.2199490" lon="10.1659890">
    <ele>56.2</ele>
   </trkpt>
   <trkpt lat="56.2199750" lon="10.1659690">
    <ele>56.4</ele>
   </trkpt>
   <trkpt lat="56.2200010" lon="10.1659440">
    <ele>56.4</ele>
   </trkpt>
   <trkpt lat="56.2200270" lon="10.1659160">
    <ele>56.6</ele>
   </trkpt>
   <trkpt lat="56.2200520" lon="10.1658860">
    <ele>56.8</ele>
   </trkpt>
   <trkpt lat="56.2200810" lon="10.1658640">
    <ele>57.0</ele>
   </trkpt>
   <trkpt lat="56.2201080" lon="10.1658470">
    <ele>57.2</ele>
   </trkpt>
   <trkpt lat="56.2201350" lon="10.1658310">
    <ele>57.2</ele>
   </trkpt>
   <trkpt lat="56.2201620" lon="10.1658100">
    <ele>57.4</ele>
   </trkpt>
   <trkpt lat="56.2201860" lon="10.1657900">
    <ele>57.4</ele>
   </trkpt>
   <trkpt lat="56.2202120" lon="10.1657690">
    <ele>57.4</ele>
   </trkpt>
   <trkpt lat="56.2202390" lon="10.1657490">
    <ele>57.6</ele>
   </trkpt>
   <trkpt lat="56.2202650" lon="10.1657300">
    <ele>57.8</ele>
   </trkpt>
   <trkpt lat="56.2202880" lon="10.1657100">
    <ele>58.0</ele>
   </trkpt>
   <trkpt lat="56.2203140" lon="10.1656910">
    <ele>58.2</ele>
   </trkpt>
   <trkpt lat="56.2203390" lon="10.1656740">
    <ele>58.4</ele>
   </trkpt>
   <trkpt lat="56.2203660" lon="10.1656550">
    <ele>58.6</ele>
   </trkpt>
   <trkpt lat="56.2203930" lon="10.1656360">
    <ele>58.8</ele>
   </trkpt>
   <trkpt lat="56.2204200" lon="10.1656140">
    <ele>59.0</ele>
   </trkpt>
   <trkpt lat="56.2204440" lon="10.1655890">
    <ele>59.2</ele>
   </trkpt>
   <trkpt lat="56.2204700" lon="10.1655690">
    <ele>59.2</ele>
   </trkpt>
   <trkpt lat="56.2204960" lon="10.1655490">
    <ele>59.4</ele>
   </trkpt>
   <trkpt lat="56.2205240" lon="10.1655310">
    <ele>59.6</ele>
   </trkpt>
   <trkpt lat="56.2205520" lon="10.1655120">
    <ele>59.6</ele>
   </trkpt>
   <trkpt lat="56.2205800" lon="10.1654890">
    <ele>59.8</ele>
   </trkpt>
   <trkpt lat="56.2206090" lon="10.1654660">
    <ele>60.0</ele>
   </trkpt>
   <trkpt lat="56.2206370" lon="10.1654410">
    <ele>60.2</ele>
   </trkpt>
   <trkpt lat="56.2206630" lon="10.1654180">
    <ele>60.4</ele>
   </trkpt>
   <trkpt lat="56.2206910" lon="10.1653930">
    <ele>60.6</ele>
   </trkpt>
   <trkpt lat="56.2207210" lon="10.1653720">
    <ele>60.8</ele>
   </trkpt>
   <trkpt lat="56.2207500" lon="10.1653550">
    <ele>61.0</ele>
   </trkpt>
   <trkpt lat="56.2207780" lon="10.1653380">
    <ele>61.2</ele>
   </trkpt>
   <trkpt lat="56.2208080" lon="10.1653150">
    <ele>61.4</ele>
   </trkpt>
   <trkpt lat="56.2208370" lon="10.1652910">
    <ele>61.4</ele>
   </trkpt>
   <trkpt lat="56.2208640" lon="10.1652660">
    <ele>61.4</ele>
   </trkpt>
   <trkpt lat="56.2208920" lon="10.1652400">
    <ele>61.6</ele>
   </trkpt>
   <trkpt lat="56.2209200" lon="10.1652140">
    <ele>61.8</ele>
   </trkpt>
   <trkpt lat="56.2209490" lon="10.1651900">
    <ele>62.0</ele>
   </trkpt>
   <trkpt lat="56.2209760" lon="10.1651670">
    <ele>62.2</ele>
   </trkpt>
   <trkpt lat="56.2210010" lon="10.1651480">
    <ele>62.4</ele>
   </trkpt>
   <trkpt lat="56.2210270" lon="10.1651290">
    <ele>62.6</ele>
   </trkpt>
   <trkpt lat="56.2210550" lon="10.1651120">
    <ele>62.8</ele>
   </trkpt>
   <trkpt lat="56.2210830" lon="10.1650950">
    <ele>62.8</ele>
   </trkpt>
   <trkpt lat="56.2211090" lon="10.1650710">
    <ele>63.0</ele>
   </trkpt>
   <trkpt lat="56.2211350" lon="10.1650450">
    <ele>63.2</ele>
   </trkpt>
   <trkpt lat="56.2211640" lon="10.1650200">
    <ele>63.2</ele>
   </trkpt>
   <trkpt lat="56.2211910" lon="10.1649970">
    <ele>63.4</ele>
   </trkpt>
   <trkpt lat="56.2212180" lon="10.1649740">
    <ele>63.4</ele>
   </trkpt>
   <trkpt lat="56.2212470" lon="10.1649500">
    <ele>63.6</ele>
   </trkpt>
   <trkpt lat="56.2212770" lon="10.1649290">
    <ele>63.6</ele>
   </trkpt>
   <trkpt lat="56.2213050" lon="10.1649120">
    <ele>63.6</ele>
   </trkpt>
   <trkpt lat="56.2213330" lon="10.1648900">
    <ele>63.6</ele>
   </trkpt>
   <trkpt lat="56.2213610" lon="10.1648660">
    <ele>63.8</ele>
   </trkpt>
   <trkpt lat="56.2213900" lon="10.1648410">
    <ele>63.8</ele>
   </trkpt>
   <trkpt lat="56.2214220" lon="10.1648180">
    <ele>64.0</ele>
   </trkpt>
   <trkpt lat="56.2214530" lon="10.1647940">
    <ele>64.2</ele>
   </trkpt>
   <trkpt lat="56.2214840" lon="10.1647700">
    <ele>64.2</ele>
   </trkpt>
   <trkpt lat="56.2215160" lon="10.1647430">
    <ele>64.4</ele>
   </trkpt>
   <trkpt lat="56.2215480" lon="10.1647160">
    <ele>64.6</ele>
   </trkpt>
   <trkpt lat="56.2215810" lon="10.1646870">
    <ele>64.6</ele>
   </trkpt>
   <trkpt lat="56.2216110" lon="10.1646610">
    <ele>64.8</ele>
   </trkpt>
   <trkpt lat="56.2216420" lon="10.1646350">
    <ele>64.8</ele>
   </trkpt>
   <trkpt lat="56.2216730" lon="10.1646120">
    <ele>64.8</ele>
   </trkpt>
   <trkpt lat="56.2217060" lon="10.1645880">
    <ele>64.6</ele>
   </trkpt>
   <trkpt lat="56.2217390" lon="10.1645630">
    <ele>64.6</ele>
   </trkpt>
   <trkpt lat="56.2217710" lon="10.1645380">
    <ele>64.8</ele>
   </trkpt>
   <trkpt lat="56.2218020" lon="10.1645140">
    <ele>64.8</ele>
   </trkpt>
   <trkpt lat="56.2218330" lon="10.1644930">
    <ele>65.0</ele>
   </trkpt>
   <trkpt lat="56.2218660" lon="10.1644720">
    <ele>65.2</ele>
   </trkpt>
   <trkpt lat="56.2218960" lon="10.1644510">
    <ele>65.2</ele>
   </trkpt>
   <trkpt lat="56.2219260" lon="10.1644300">
    <ele>65.4</ele>
   </trkpt>
   <trkpt lat="56.2219570" lon="10.1644060">
    <ele>65.6</ele>
   </trkpt>
   <trkpt lat="56.2219910" lon="10.1643800">
    <ele>65.6</ele>
   </trkpt>
   <trkpt lat="56.2220250" lon="10.1643610">
    <ele>65.8</ele>
   </trkpt>
   <trkpt lat="56.2220590" lon="10.1643470">
    <ele>65.8</ele>
   </trkpt>
   <trkpt lat="56.2220930" lon="10.1643280">
    <ele>65.8</ele>
   </trkpt>
   <trkpt lat="56.2221250" lon="10.1643080">
    <ele>66.0</ele>
   </trkpt>
   <trkpt lat="56.2221570" lon="10.1642890">
    <ele>66.0</ele>
   </trkpt>
   <trkpt lat="56.2221880" lon="10.1642660">
    <ele>66.0</ele>
   </trkpt>
   <trkpt lat="56.2222210" lon="10.1642410">
    <ele>66.2</ele>
   </trkpt>
   <trkpt lat="56.2222540" lon="10.1642160">
    <ele>66.2</ele>
   </trkpt>
   <trkpt lat="56.2222850" lon="10.1641890">
    <ele>66.2</ele>
   </trkpt>
   <trkpt lat="56.2223160" lon="10.1641610">
    <ele>66.4</ele>
   </trkpt>
   <trkpt lat="56.2223470" lon="10.1641340">
    <ele>66.6</ele>
   </trkpt>
   <trkpt lat="56.2223770" lon="10.1641060">
    <ele>66.6</ele>
   </trkpt>
   <trkpt lat="56.2224070" lon="10.1640740">
    <ele>66.8</ele>
   </trkpt>
   <trkpt lat="56.2224380" lon="10.1640420">
    <ele>66.8</ele>
   </trkpt>
   <trkpt lat="56.2224700" lon="10.1640120">
    <ele>66.8</ele>
   </trkpt>
   <trkpt lat="56.2225040" lon="10.1639800">
    <ele>67.0</ele>
   </trkpt>
   <trkpt lat="56.2225380" lon="10.1639500">
    <ele>67.2</ele>
   </trkpt>
   <trkpt lat="56.2225710" lon="10.1639240">
    <ele>67.4</ele>
   </trkpt>
   <trkpt lat="56.2226010" lon="10.1638990">
    <ele>67.6</ele>
   </trkpt>
   <trkpt lat="56.2226300" lon="10.1638740">
    <ele>67.6</ele>
   </trkpt>
   <trkpt lat="56.2226620" lon="10.1638520">
    <ele>67.6</ele>
   </trkpt>
   <trkpt lat="56.2226930" lon="10.1638310">
    <ele>67.8</ele>
   </trkpt>
   <trkpt lat="56.2227240" lon="10.1638100">
    <ele>67.8</ele>
   </trkpt>
   <trkpt lat="56.2227550" lon="10.1637870">
    <ele>68.0</ele>
   </trkpt>
   <trkpt lat="56.2227870" lon="10.1637630">
    <ele>68.2</ele>
   </trkpt>
   <trkpt lat="56.2228200" lon="10.1637410">
    <ele>68.4</ele>
   </trkpt>
   <trkpt lat="56.2228520" lon="10.1637240">
    <ele>68.6</ele>
   </trkpt>
   <trkpt lat="56.2228820" lon="10.1637030">
    <ele>68.6</ele>
   </trkpt>
   <trkpt lat="56.2229150" lon="10.1636790">
    <ele>68.8</ele>
   </trkpt>
   <trkpt lat="56.2229490" lon="10.1636580">
    <ele>68.8</ele>
   </trkpt>
   <trkpt lat="56.2229830" lon="10.1636380">
    <ele>68.8</ele>
   </trkpt>
   <trkpt lat="56.2230170" lon="10.1636190">
    <ele>69.0</ele>
   </trkpt>
   <trkpt lat="56.2230500" lon="10.1636000">
    <ele>69.2</ele>
   </trkpt>
   <trkpt lat="56.2230840" lon="10.1635810">
    <ele>69.4</ele>
   </trkpt>
   <trkpt lat="56.2231200" lon="10.1635670">
    <ele>69.6</ele>
   </trkpt>
   <trkpt lat="56.2231570" lon="10.1635530">
    <ele>69.8</ele>
   </trkpt>
   <trkpt lat="56.2231940" lon="10.1635340">
    <ele>69.8</ele>
   </trkpt>
   <trkpt lat="56.2232300" lon="10.1635150">
    <ele>69.8</ele>
   </trkpt>
   <trkpt lat="56.2232670" lon="10.1635000">
    <ele>69.8</ele>
   </trkpt>
   <trkpt lat="56.2233030" lon="10.1634830">
    <ele>69.8</ele>
   </trkpt>
   <trkpt lat="56.2233410" lon="10.1634650">
    <ele>69.6</ele>
   </trkpt>
   <trkpt lat="56.2233800" lon="10.1634530">
    <ele>69.8</ele>
   </trkpt>
   <trkpt lat="56.2234180" lon="10.1634440">
    <ele>69.8</ele>
   </trkpt>
   <trkpt lat="56.2234550" lon="10.1634470">
    <ele>69.8</ele>
   </trkpt>
   <trkpt lat="56.2234910" lon="10.1634550">
    <ele>70.0</ele>
   </trkpt>
   <trkpt lat="56.2235290" lon="10.1634590">
    <ele>70.2</ele>
   </trkpt>
   <trkpt lat="56.2235670" lon="10.1634540">
    <ele>70.4</ele>
   </trkpt>
   <trkpt lat="56.2236050" lon="10.1634450">
    <ele>70.6</ele>
   </trkpt>
   <trkpt lat="56.2236440" lon="10.1634350">
    <ele>70.8</ele>
   </trkpt>
   <trkpt lat="56.2236800" lon="10.1634220">
    <ele>70.8</ele>
   </trkpt>
   <trkpt lat="56.2237160" lon="10.1634070">
    <ele>70.8</ele>
   </trkpt>
   <trkpt lat="56.2237510" lon="10.1633890">
    <ele>70.8</ele>
   </trkpt>
   <trkpt lat="56.2237870" lon="10.1633670">
    <ele>70.8</ele>
   </trkpt>
   <trkpt lat="56.2238200" lon="10.1633430">
    <ele>70.8</ele>
   </trkpt>
   <trkpt lat="56.2238540" lon="10.1633210">
    <ele>70.8</ele>
   </trkpt>
   <trkpt lat="56.2238890" lon="10.1633030">
    <ele>70.8</ele>
   </trkpt>
   <trkpt lat="56.2239230" lon="10.1632830">
    <ele>70.8</ele>
   </trkpt>
   <trkpt lat="56.2239590" lon="10.1632660">
    <ele>71.0</ele>
   </trkpt>
   <trkpt lat="56.2239950" lon="10.1632530">
    <ele>71.0</ele>
   </trkpt>
   <trkpt lat="56.2240310" lon="10.1632430">
    <ele>71.2</ele>
   </trkpt>
   <trkpt lat="56.2240680" lon="10.1632320">
    <ele>71.2</ele>
   </trkpt>
   <trkpt lat="56.2241050" lon="10.1632240">
    <ele>71.4</ele>
   </trkpt>
   <trkpt lat="56.2241420" lon="10.1632200">
    <ele>71.4</ele>
   </trkpt>
   <trkpt lat="56.2241780" lon="10.1632160">
    <ele>71.6</ele>
   </trkpt>
   <trkpt lat="56.2242120" lon="10.1632130">
    <ele>71.6</ele>
   </trkpt>
   <trkpt lat="56.2242420" lon="10.1632050">
    <ele>71.6</ele>
   </trkpt>
   <trkpt lat="56.2242700" lon="10.1631940">
    <ele>71.6</ele>
   </trkpt>
   <trkpt lat="56.2242940" lon="10.1631780">
    <ele>71.8</ele>
   </trkpt>
   <trkpt lat="56.2243070" lon="10.1631530">
    <ele>71.8</ele>
   </trkpt>
   <trkpt lat="56.2243110" lon="10.1631400">
    <ele>71.8</ele>
   </trkpt>
   <trkpt lat="56.2243110" lon="10.1631400">
    <ele>71.8</ele>
   </trkpt>
   <trkpt lat="56.2243110" lon="10.1631400">
    <ele>72.0</ele>
   </trkpt>
   <trkpt lat="56.2243150" lon="10.1630750">
    <ele>72.2</ele>
   </trkpt>
   <trkpt lat="56.2243140" lon="10.1630300">
    <ele>72.2</ele>
   </trkpt>
   <trkpt lat="56.2243110" lon="10.1629710">
    <ele>72.2</ele>
   </trkpt>
   <trkpt lat="56.2243100" lon="10.1629030">
    <ele>72.0</ele>
   </trkpt>
   <trkpt lat="56.2243080" lon="10.1628240">
    <ele>72.0</ele>
   </trkpt>
   <trkpt lat="56.2243090" lon="10.1627380">
    <ele>72.0</ele>
   </trkpt>
   <trkpt lat="56.2243110" lon="10.1626500">
    <ele>71.8</ele>
   </trkpt>
   <trkpt lat="56.2243120" lon="10.1625590">
    <ele>71.4</ele>
   </trkpt>
   <trkpt lat="56.2243150" lon="10.1624680">
    <ele>71.0</ele>
   </trkpt>
   <trkpt lat="56.2243180" lon="10.1623770">
    <ele>70.6</ele>
   </trkpt>
   <trkpt lat="56.2243190" lon="10.1622850">
    <ele>70.4</ele>
   </trkpt>
   <trkpt lat="56.2243190" lon="10.1621940">
    <ele>70.2</ele>
   </trkpt>
   <trkpt lat="56.2243250" lon="10.1621060">
    <ele>70.0</ele>
   </trkpt>
   <trkpt lat="56.2243310" lon="10.1620150">
    <ele>70.0</ele>
   </trkpt>
   <trkpt lat="56.2243350" lon="10.1619190">
    <ele>69.8</ele>
   </trkpt>
   <trkpt lat="56.2243400" lon="10.1618210">
    <ele>69.8</ele>
   </trkpt>
   <trkpt lat="56.2243460" lon="10.1617220">
    <ele>69.8</ele>
   </trkpt>
   <trkpt lat="56.2243520" lon="10.1616210">
    <ele>69.6</ele>
   </trkpt>
   <trkpt lat="56.2243590" lon="10.1615220">
    <ele>69.4</ele>
   </trkpt>
   <trkpt lat="56.2243670" lon="10.1614220">
    <ele>69.2</ele>
   </trkpt>
   <trkpt lat="56.2243720" lon="10.1613200">
    <ele>69.0</ele>
   </trkpt>
   <trkpt lat="56.2243740" lon="10.1612150">
    <ele>69.0</ele>
   </trkpt>
   <trkpt lat="56.2243740" lon="10.1611080">
    <ele>68.8</ele>
   </trkpt>
   <trkpt lat="56.2243750" lon="10.1610020">
    <ele>68.6</ele>
   </trkpt>
   <trkpt lat="56.2243720" lon="10.1608960">
    <ele>68.6</ele>
   </trkpt>
   <trkpt lat="56.2243670" lon="10.1607910">
    <ele>68.6</ele>
   </trkpt>
   <trkpt lat="56.2243620" lon="10.1606870">
    <ele>68.4</ele>
   </trkpt>
   <trkpt lat="56.2243580" lon="10.1605830">
    <ele>68.4</ele>
   </trkpt>
   <trkpt lat="56.2243550" lon="10.1604810">
    <ele>68.4</ele>
   </trkpt>
   <trkpt lat="56.2243520" lon="10.1603790">
    <ele>68.4</ele>
   </trkpt>
   <trkpt lat="56.2243500" lon="10.1602790">
    <ele>68.2</ele>
   </trkpt>
   <trkpt lat="56.2243490" lon="10.1601780">
    <ele>68.2</ele>
   </trkpt>
   <trkpt lat="56.2243510" lon="10.1600810">
    <ele>68.0</ele>
   </trkpt>
   <trkpt lat="56.2243520" lon="10.1599830">
    <ele>68.0</ele>
   </trkpt>
   <trkpt lat="56.2243510" lon="10.1598860">
    <ele>68.0</ele>
   </trkpt>
   <trkpt lat="56.2243510" lon="10.1597900">
    <ele>68.0</ele>
   </trkpt>
   <trkpt lat="56.2243510" lon="10.1596940">
    <ele>68.0</ele>
   </trkpt>
   <trkpt lat="56.2243520" lon="10.1595970">
    <ele>68.0</ele>
   </trkpt>
   <trkpt lat="56.2243560" lon="10.1595030">
    <ele>68.0</ele>
   </trkpt>
   <trkpt lat="56.2243560" lon="10.1594090">
    <ele>68.2</ele>
   </trkpt>
   <trkpt lat="56.2243590" lon="10.1593170">
    <ele>68.2</ele>
   </trkpt>
   <trkpt lat="56.2243620" lon="10.1592260">
    <ele>68.2</ele>
   </trkpt>
   <trkpt lat="56.2243640" lon="10.1591360">
    <ele>68.4</ele>
   </trkpt>
   <trkpt lat="56.2243660" lon="10.1590440">
    <ele>68.4</ele>
   </trkpt>
   <trkpt lat="56.2243670" lon="10.1589540">
    <ele>68.6</ele>
   </trkpt>
   <trkpt lat="56.2243680" lon="10.1588630">
    <ele>68.6</ele>
   </trkpt>
   <trkpt lat="56.2243700" lon="10.1587710">
    <ele>68.6</ele>
   </trkpt>
   <trkpt lat="56.2243730" lon="10.1586810">
    <ele>68.8</ele>
   </trkpt>
   <trkpt lat="56.2243770" lon="10.1585940">
    <ele>68.8</ele>
   </trkpt>
   <trkpt lat="56.2243830" lon="10.1585060">
    <ele>68.8</ele>
   </trkpt>
   <trkpt lat="56.2243900" lon="10.1584160">
    <ele>68.8</ele>
   </trkpt>
   <trkpt lat="56.2243980" lon="10.1583260">
    <ele>68.8</ele>
   </trkpt>
   <trkpt lat="56.2244050" lon="10.1582340">
    <ele>68.8</ele>
   </trkpt>
   <trkpt lat="56.2244150" lon="10.1581440">
    <ele>68.8</ele>
   </trkpt>
   <trkpt lat="56.2244280" lon="10.1580550">
    <ele>69.0</ele>
   </trkpt>
   <trkpt lat="56.2244430" lon="10.1579660">
    <ele>69.0</ele>
   </trkpt>
   <trkpt lat="56.2244560" lon="10.1578790">
    <ele>69.0</ele>
   </trkpt>
   <trkpt lat="56.2244700" lon="10.1577930">
    <ele>69.2</ele>
   </trkpt>
   <trkpt lat="56.2244870" lon="10.1577070">
    <ele>69.2</ele>
   </trkpt>
   <trkpt lat="56.2245060" lon="10.1576220">
    <ele>69.2</ele>
   </trkpt>
   <trkpt lat="56.2245280" lon="10.1575380">
    <ele>69.2</ele>
   </trkpt>
   <trkpt lat="56.2245510" lon="10.1574550">
    <ele>69.2</ele>
   </trkpt>
   <trkpt lat="56.2245730" lon="10.1573720">
    <ele>69.2</ele>
   </trkpt>
   <trkpt lat="56.2245950" lon="10.1572920">
    <ele>69.2</ele>
   </trkpt>
   <trkpt lat="56.2246200" lon="10.1572130">
    <ele>69.4</ele>
   </trkpt>
   <trkpt lat="56.2246470" lon="10.1571360">
    <ele>69.4</ele>
   </trkpt>
   <trkpt lat="56.2246740" lon="10.1570590">
    <ele>69.6</ele>
   </trkpt>
   <trkpt lat="56.2247010" lon="10.1569800">
    <ele>69.8</ele>
   </trkpt>
   <trkpt lat="56.2247300" lon="10.1569060">
    <ele>69.8</ele>
   </trkpt>
   <trkpt lat="56.2247580" lon="10.1568320">
    <ele>69.8</ele>
   </trkpt>
   <trkpt lat="56.2247860" lon="10.1567570">
    <ele>69.8</ele>
   </trkpt>
   <trkpt lat="56.2248140" lon="10.1566810">
    <ele>70.0</ele>
   </trkpt>
   <trkpt lat="56.2248400" lon="10.1566020">
    <ele>70.0</ele>
   </trkpt>
   <trkpt lat="56.2248660" lon="10.1565220">
    <ele>70.0</ele>
   </trkpt>
   <trkpt lat="56.2248910" lon="10.1564410">
    <ele>70.2</ele>
   </trkpt>
   <trkpt lat="56.2249150" lon="10.1563590">
    <ele>70.2</ele>
   </trkpt>
   <trkpt lat="56.2249380" lon="10.1562790">
    <ele>70.2</ele>
   </trkpt>
   <trkpt lat="56.2249630" lon="10.1561970">
    <ele>70.2</ele>
   </trkpt>
   <trkpt lat="56.2249900" lon="10.1561160">
    <ele>70.2</ele>
   </trkpt>
   <trkpt lat="56.2250160" lon="10.1560360">
    <ele>70.0</ele>
   </trkpt>
   <trkpt lat="56.2250410" lon="10.1559550">
    <ele>70.0</ele>
   </trkpt>
   <trkpt lat="56.2250650" lon="10.1558710">
    <ele>70.0</ele>
   </trkpt>
   <trkpt lat="56.2250910" lon="10.1557880">
    <ele>69.8</ele>
   </trkpt>
   <trkpt lat="56.2251190" lon="10.1557070">
    <ele>69.8</ele>
   </trkpt>
   <trkpt lat="56.2251460" lon="10.1556220">
    <ele>69.6</ele>
   </trkpt>
   <trkpt lat="56.2251730" lon="10.1555340">
    <ele>69.6</ele>
   </trkpt>
   <trkpt lat="56.2252000" lon="10.1554470">
    <ele>69.4</ele>
   </trkpt>
   <trkpt lat="56.2252280" lon="10.1553610">
    <ele>69.2</ele>
   </trkpt>
   <trkpt lat="56.2252570" lon="10.1552770">
    <ele>69.0</ele>
   </trkpt>
   <trkpt lat="56.2252870" lon="10.1551910">
    <ele>68.8</ele>
   </trkpt>
   <trkpt lat="56.2253150" lon="10.1551020">
    <ele>68.4</ele>
   </trkpt>
   <trkpt lat="56.2253440" lon="10.1550120">
    <ele>68.2</ele>
   </trkpt>
   <trkpt lat="56.2253730" lon="10.1549230">
    <ele>68.0</ele>
   </trkpt>
   <trkpt lat="56.2254020" lon="10.1548350">
    <ele>67.8</ele>
   </trkpt>
   <trkpt lat="56.2254320" lon="10.1547440">
    <ele>67.6</ele>
   </trkpt>
   <trkpt lat="56.2254600" lon="10.1546530">
    <ele>67.6</ele>
   </trkpt>
   <trkpt lat="56.2254860" lon="10.1545630">
    <ele>67.4</ele>
   </trkpt>
   <trkpt lat="56.2255120" lon="10.1544730">
    <ele>67.2</ele>
   </trkpt>
   <trkpt lat="56.2255370" lon="10.1543800">
    <ele>67.0</ele>
   </trkpt>
   <trkpt lat="56.2255630" lon="10.1542850">
    <ele>66.6</ele>
   </trkpt>
   <trkpt lat="56.2255900" lon="10.1541910">
    <ele>66.4</ele>
   </trkpt>
   <trkpt lat="56.2256160" lon="10.1541000">
    <ele>66.4</ele>
   </trkpt>
   <trkpt lat="56.2256440" lon="10.1540070">
    <ele>66.4</ele>
   </trkpt>
   <trkpt lat="56.2256740" lon="10.1539130">
    <ele>66.6</ele>
   </trkpt>
   <trkpt lat="56.2257030" lon="10.1538190">
    <ele>66.6</ele>
   </trkpt>
   <trkpt lat="56.2257290" lon="10.1537230">
    <ele>66.6</ele>
   </trkpt>
   <trkpt lat="56.2257530" lon="10.1536240">
    <ele>66.6</ele>
   </trkpt>
   <trkpt lat="56.2257780" lon="10.1535290">
    <ele>66.4</ele>
   </trkpt>
   <trkpt lat="56.2258040" lon="10.1534340">
    <ele>66.2</ele>
   </trkpt>
   <trkpt lat="56.2258290" lon="10.1533380">
    <ele>66.2</ele>
   </trkpt>
   <trkpt lat="56.2258550" lon="10.1532430">
    <ele>66.2</ele>
   </trkpt>
   <trkpt lat="56.2258810" lon="10.1531510">
    <ele>66.0</ele>
   </trkpt>
   <trkpt lat="56.2259090" lon="10.1530570">
    <ele>66.0</ele>
   </trkpt>
   <trkpt lat="56.2259370" lon="10.1529630">
    <ele>66.0</ele>
   </trkpt>
   <trkpt lat="56.2259660" lon="10.1528710">
    <ele>65.8</ele>
   </trkpt>
   <trkpt lat="56.2259970" lon="10.1527850">
    <ele>65.6</ele>
   </trkpt>
   <trkpt lat="56.2260280" lon="10.1526970">
    <ele>65.4</ele>
   </trkpt>
   <trkpt lat="56.2260590" lon="10.1526090">
    <ele>65.2</ele>
   </trkpt>
   <trkpt lat="56.2260900" lon="10.1525200">
    <ele>65.2</ele>
   </trkpt>
   <trkpt lat="56.2261200" lon="10.1524290">
    <ele>65.2</ele>
   </trkpt>
   <trkpt lat="56.2261510" lon="10.1523390">
    <ele>65.2</ele>
   </trkpt>
   <trkpt lat="56.2261800" lon="10.1522460">
    <ele>65.4</ele>
   </trkpt>
   <trkpt lat="56.2262080" lon="10.1521520">
    <ele>65.4</ele>
   </trkpt>
   <trkpt lat="56.2262360" lon="10.1520560">
    <ele>65.4</ele>
   </trkpt>
   <trkpt lat="56.2262610" lon="10.1519590">
    <ele>65.4</ele>
   </trkpt>
   <trkpt lat="56.2262880" lon="10.1518620">
    <ele>65.4</ele>
   </trkpt>
   <trkpt lat="56.2263150" lon="10.1517630">
    <ele>65.4</ele>
   </trkpt>
   <trkpt lat="56.2263410" lon="10.1516640">
    <ele>65.4</ele>
   </trkpt>
   <trkpt lat="56.2263680" lon="10.1515630">
    <ele>65.6</ele>
   </trkpt>
   <trkpt lat="56.2263930" lon="10.1514620">
    <ele>65.6</ele>
   </trkpt>
   <trkpt lat="56.2264150" lon="10.1513580">
    <ele>65.4</ele>
   </trkpt>
   <trkpt lat="56.2264380" lon="10.1512550">
    <ele>65.4</ele>
   </trkpt>
   <trkpt lat="56.2264620" lon="10.1511560">
    <ele>65.2</ele>
   </trkpt>
   <trkpt lat="56.2264840" lon="10.1510550">
    <ele>64.6</ele>
   </trkpt>
   <trkpt lat="56.2265040" lon="10.1509550">
    <ele>64.2</ele>
   </trkpt>
   <trkpt lat="56.2265230" lon="10.1508550">
    <ele>63.8</ele>
   </trkpt>
   <trkpt lat="56.2265430" lon="10.1507560">
    <ele>63.4</ele>
   </trkpt>
   <trkpt lat="56.2265630" lon="10.1506560">
    <ele>63.2</ele>
   </trkpt>
   <trkpt lat="56.2265830" lon="10.1505560">
    <ele>63.0</ele>
   </trkpt>
   <trkpt lat="56.2266060" lon="10.1504560">
    <ele>63.0</ele>
   </trkpt>
   <trkpt lat="56.2266290" lon="10.1503600">
    <ele>62.8</ele>
   </trkpt>
   <trkpt lat="56.2266510" lon="10.1502610">
    <ele>62.6</ele>
   </trkpt>
   <trkpt lat="56.2266720" lon="10.1501600">
    <ele>62.4</ele>
   </trkpt>
   <trkpt lat="56.2266940" lon="10.1500570">
    <ele>62.2</ele>
   </trkpt>
   <trkpt lat="56.2267160" lon="10.1499520">
    <ele>62.0</ele>
   </trkpt>
   <trkpt lat="56.2267380" lon="10.1498490">
    <ele>61.8</ele>
   </trkpt>
   <trkpt lat="56.2267600" lon="10.1497440">
    <ele>61.6</ele>
   </trkpt>
   <trkpt lat="56.2267790" lon="10.1496380">
    <ele>61.4</ele>
   </trkpt>
   <trkpt lat="56.2267950" lon="10.1495290">
    <ele>61.4</ele>
   </trkpt>
   <trkpt lat="56.2268120" lon="10.1494220">
    <ele>61.4</ele>
   </trkpt>
   <trkpt lat="56.2268300" lon="10.1493180">
    <ele>61.2</ele>
   </trkpt>
   <trkpt lat="56.2268490" lon="10.1492150">
    <ele>61.0</ele>
   </trkpt>
   <trkpt lat="56.2268680" lon="10.1491160">
    <ele>60.8</ele>
   </trkpt>
   <trkpt lat="56.2268860" lon="10.1490220">
    <ele>60.4</ele>
   </trkpt>
   <trkpt lat="56.2269020" lon="10.1489290">
    <ele>60.2</ele>
   </trkpt>
   <trkpt lat="56.2269190" lon="10.1488370">
    <ele>59.8</ele>
   </trkpt>
   <trkpt lat="56.2269350" lon="10.1487450">
    <ele>59.8</ele>
   </trkpt>
   <trkpt lat="56.2269520" lon="10.1486490">
    <ele>59.6</ele>
   </trkpt>
   <trkpt lat="56.2269640" lon="10.1485510">
    <ele>59.6</ele>
   </trkpt>
   <trkpt lat="56.2269740" lon="10.1484460">
    <ele>59.6</ele>
   </trkpt>
   <trkpt lat="56.2269820" lon="10.1483340">
    <ele>59.4</ele>
   </trkpt>
   <trkpt lat="56.2269860" lon="10.1482160">
    <ele>59.4</ele>
   </trkpt>
   <trkpt lat="56.2269880" lon="10.1480910">
    <ele>59.0</ele>
   </trkpt>
   <trkpt lat="56.2269840" lon="10.1479630">
    <ele>58.6</ele>
   </trkpt>
   <trkpt lat="56.2269760" lon="10.1478320">
    <ele>58.2</ele>
   </trkpt>
   <trkpt lat="56.2269650" lon="10.1477000">
    <ele>57.8</ele>
   </trkpt>
   <trkpt lat="56.2269530" lon="10.1475620">
    <ele>57.2</ele>
   </trkpt>
   <trkpt lat="56.2269490" lon="10.1474230">
    <ele>56.8</ele>
   </trkpt>
   <trkpt lat="56.2269570" lon="10.1472820">
    <ele>56.4</ele>
   </trkpt>
   <trkpt lat="56.2269880" lon="10.1471620">
    <ele>56.0</ele>
   </trkpt>
   <trkpt lat="56.2270480" lon="10.1470960">
    <ele>55.4</ele>
   </trkpt>
   <trkpt lat="56.2271260" lon="10.1470870">
    <ele>55.2</ele>
   </trkpt>
   <trkpt lat="56.2272090" lon="10.1471030">
    <ele>54.8</ele>
   </trkpt>
   <trkpt lat="56.2272840" lon="10.1471340">
    <ele>54.6</ele>
   </trkpt>
   <trkpt lat="56.2273540" lon="10.1471690">
    <ele>54.6</ele>
   </trkpt>
   <trkpt lat="56.2274220" lon="10.1472110">
    <ele>54.8</ele>
   </trkpt>
   <trkpt lat="56.2274880" lon="10.1472650">
    <ele>55.0</ele>
   </trkpt>
   <trkpt lat="56.2275490" lon="10.1473320">
    <ele>55.2</ele>
   </trkpt>
   <trkpt lat="56.2276010" lon="10.1474120">
    <ele>55.8</ele>
   </trkpt>
   <trkpt lat="56.2276510" lon="10.1474910">
    <ele>56.2</ele>
   </trkpt>
   <trkpt lat="56.2277030" lon="10.1475610">
    <ele>56.6</ele>
   </trkpt>
   <trkpt lat="56.2277580" lon="10.1476130">
    <ele>56.8</ele>
   </trkpt>
   <trkpt lat="56.2278120" lon="10.1476480">
    <ele>57.0</ele>
   </trkpt>
   <trkpt lat="56.2278680" lon="10.1476720">
    <ele>57.2</ele>
   </trkpt>
   <trkpt lat="56.2279240" lon="10.1476880">
    <ele>57.4</ele>
   </trkpt>
   <trkpt lat="56.2279800" lon="10.1476930">
    <ele>57.6</ele>
   </trkpt>
   <trkpt lat="56.2280340" lon="10.1476810">
    <ele>57.8</ele>
   </trkpt>
   <trkpt lat="56.2280860" lon="10.1476560">
    <ele>58.2</ele>
   </trkpt>
   <trkpt lat="56.2281380" lon="10.1476190">
    <ele>58.4</ele>
   </trkpt>
   <trkpt lat="56.2281900" lon="10.1475690">
    <ele>58.6</ele>
   </trkpt>
   <trkpt lat="56.2282370" lon="10.1475040">
    <ele>58.8</ele>
   </trkpt>
   <trkpt lat="56.2282790" lon="10.1474270">
    <ele>58.8</ele>
   </trkpt>
   <trkpt lat="56.2283150" lon="10.1473400">
    <ele>58.8</ele>
   </trkpt>
   <trkpt lat="56.2283520" lon="10.1472500">
    <ele>58.8</ele>
   </trkpt>
   <trkpt lat="56.2283900" lon="10.1471620">
    <ele>58.8</ele>
   </trkpt>
   <trkpt lat="56.2284290" lon="10.1470770">
    <ele>59.0</ele>
   </trkpt>
   <trkpt lat="56.2284660" lon="10.1469890">
    <ele>59.0</ele>
   </trkpt>
   <trkpt lat="56.2284970" lon="10.1468980">
    <ele>59.2</ele>
   </trkpt>
   <trkpt lat="56.2285310" lon="10.1468090">
    <ele>59.2</ele>
   </trkpt>
   <trkpt lat="56.2285640" lon="10.1467200">
    <ele>59.4</ele>
   </trkpt>
   <trkpt lat="56.2285960" lon="10.1466320">
    <ele>59.6</ele>
   </trkpt>
   <trkpt lat="56.2286290" lon="10.1465410">
    <ele>59.8</ele>
   </trkpt>
   <trkpt lat="56.2286630" lon="10.1464500">
    <ele>59.8</ele>
   </trkpt>
   <trkpt lat="56.2287000" lon="10.1463590">
    <ele>59.8</ele>
   </trkpt>
   <trkpt lat="56.2287350" lon="10.1462660">
    <ele>59.8</ele>
   </trkpt>
   <trkpt lat="56.2287710" lon="10.1461720">
    <ele>59.6</ele>
   </trkpt>
   <trkpt lat="56.2288030" lon="10.1460740">
    <ele>59.6</ele>
   </trkpt>
   <trkpt lat="56.2288330" lon="10.1459750">
    <ele>59.6</ele>
   </trkpt>
   <trkpt lat="56.2288600" lon="10.1458720">
    <ele>59.6</ele>
   </trkpt>
   <trkpt lat="56.2288860" lon="10.1457670">
    <ele>59.6</ele>
   </trkpt>
   <trkpt lat="56.2289080" lon="10.1456600">
    <ele>59.4</ele>
   </trkpt>
   <trkpt lat="56.2289320" lon="10.1455490">
    <ele>59.2</ele>
   </trkpt>
   <trkpt lat="56.2289580" lon="10.1454340">
    <ele>59.0</ele>
   </trkpt>
   <trkpt lat="56.2289850" lon="10.1453110">
    <ele>58.6</ele>
   </trkpt>
   <trkpt lat="56.2290120" lon="10.1451860">
    <ele>58.2</ele>
   </trkpt>
   <trkpt lat="56.2290380" lon="10.1450610">
    <ele>58.0</ele>
   </trkpt>
   <trkpt lat="56.2290640" lon="10.1449380">
    <ele>57.6</ele>
   </trkpt>
   <trkpt lat="56.2290890" lon="10.1448210">
    <ele>57.4</ele>
   </trkpt>
   <trkpt lat="56.2291150" lon="10.1447040">
    <ele>57.0</ele>
   </trkpt>
   <trkpt lat="56.2291420" lon="10.1445860">
    <ele>56.4</ele>
   </trkpt>
   <trkpt lat="56.2291680" lon="10.1444690">
    <ele>56.0</ele>
   </trkpt>
   <trkpt lat="56.2291950" lon="10.1443520">
    <ele>55.8</ele>
   </trkpt>
   <trkpt lat="56.2292220" lon="10.1442360">
    <ele>55.6</ele>
   </trkpt>
   <trkpt lat="56.2292550" lon="10.1441270">
    <ele>55.6</ele>
   </trkpt>
   <trkpt lat="56.2292880" lon="10.1440210">
    <ele>55.6</ele>
   </trkpt>
   <trkpt lat="56.2293230" lon="10.1439130">
    <ele>55.8</ele>
   </trkpt>
   <trkpt lat="56.2293560" lon="10.1438080">
    <ele>55.8</ele>
   </trkpt>
   <trkpt lat="56.2293900" lon="10.1437040">
    <ele>55.6</ele>
   </trkpt>
   <trkpt lat="56.2294230" lon="10.1436030">
    <ele>55.4</ele>
   </trkpt>
   <trkpt lat="56.2294560" lon="10.1435060">
    <ele>55.2</ele>
   </trkpt>
   <trkpt lat="56.2294870" lon="10.1434090">
    <ele>55.0</ele>
   </trkpt>
   <trkpt lat="56.2295160" lon="10.1433110">
    <ele>55.0</ele>
   </trkpt>
   <trkpt lat="56.2295440" lon="10.1432130">
    <ele>54.8</ele>
   </trkpt>
   <trkpt lat="56.2295710" lon="10.1431160">
    <ele>55.0</ele>
   </trkpt>
   <trkpt lat="56.2295980" lon="10.1430200">
    <ele>55.0</ele>
   </trkpt>
   <trkpt lat="56.2296200" lon="10.1429230">
    <ele>55.0</ele>
   </trkpt>
   <trkpt lat="56.2296420" lon="10.1428280">
    <ele>55.0</ele>
   </trkpt>
   <trkpt lat="56.2296630" lon="10.1427340">
    <ele>55.2</ele>
   </trkpt>
   <trkpt lat="56.2296850" lon="10.1426410">
    <ele>55.4</ele>
   </trkpt>
   <trkpt lat="56.2297050" lon="10.1425470">
    <ele>55.4</ele>
   </trkpt>
   <trkpt lat="56.2297200" lon="10.1424560">
    <ele>55.6</ele>
   </trkpt>
   <trkpt lat="56.2297350" lon="10.1423670">
    <ele>55.8</ele>
   </trkpt>
   <trkpt lat="56.2297500" lon="10.1422790">
    <ele>56.0</ele>
   </trkpt>
   <trkpt lat="56.2297650" lon="10.1421910">
    <ele>56.2</ele>
   </trkpt>
   <trkpt lat="56.2297800" lon="10.1421060">
    <ele>56.6</ele>
   </trkpt>
   <trkpt lat="56.2297950" lon="10.1420260">
    <ele>56.8</ele>
   </trkpt>
   <trkpt lat="56.2298090" lon="10.1419460">
    <ele>57.2</ele>
   </trkpt>
   <trkpt lat="56.2298190" lon="10.1418680">
    <ele>57.4</ele>
   </trkpt>
   <trkpt lat="56.2298290" lon="10.1417910">
    <ele>57.6</ele>
   </trkpt>
   <trkpt lat="56.2298420" lon="10.1417130">
    <ele>57.6</ele>
   </trkpt>
   <trkpt lat="56.2298580" lon="10.1416320">
    <ele>57.6</ele>
   </trkpt>
   <trkpt lat="56.2298760" lon="10.1415480">
    <ele>57.6</ele>
   </trkpt>
   <trkpt lat="56.2298940" lon="10.1414600">
    <ele>57.4</ele>
   </trkpt>
   <trkpt lat="56.2299110" lon="10.1413700">
    <ele>57.2</ele>
   </trkpt>
   <trkpt lat="56.2299290" lon="10.1412800">
    <ele>57.0</ele>
   </trkpt>
   <trkpt lat="56.2299470" lon="10.1411890">
    <ele>56.8</ele>
   </trkpt>
   <trkpt lat="56.2299640" lon="10.1411000">
    <ele>56.6</ele>
   </trkpt>
   <trkpt lat="56.2299810" lon="10.1410070">
    <ele>56.4</ele>
   </trkpt>
   <trkpt lat="56.2299980" lon="10.1409120">
    <ele>56.4</ele>
   </trkpt>
   <trkpt lat="56.2300160" lon="10.1408170">
    <ele>56.6</ele>
   </trkpt>
   <trkpt lat="56.2300340" lon="10.1407240">
    <ele>56.6</ele>
   </trkpt>
   <trkpt lat="56.2300530" lon="10.1406330">
    <ele>56.6</ele>
   </trkpt>
   <trkpt lat="56.2300710" lon="10.1405420">
    <ele>56.6</ele>
   </trkpt>
   <trkpt lat="56.2300910" lon="10.1404480">
    <ele>56.6</ele>
   </trkpt>
   <trkpt lat="56.2301070" lon="10.1403560">
    <ele>56.6</ele>
   </trkpt>
   <trkpt lat="56.2301210" lon="10.1402620">
    <ele>56.4</ele>
   </trkpt>
   <trkpt lat="56.2301360" lon="10.1401690">
    <ele>56.4</ele>
   </trkpt>
   <trkpt lat="56.2301530" lon="10.1400780">
    <ele>56.4</ele>
   </trkpt>
   <trkpt lat="56.2301730" lon="10.1399910">
    <ele>56.6</ele>
   </trkpt>
   <trkpt lat="56.2301910" lon="10.1399030">
    <ele>56.6</ele>
   </trkpt>
   <trkpt lat="56.2302070" lon="10.1398170">
    <ele>56.8</ele>
   </trkpt>
   <trkpt lat="56.2302210" lon="10.1397330">
    <ele>57.0</ele>
   </trkpt>
   <trkpt lat="56.2302370" lon="10.1396510">
    <ele>57.2</ele>
   </trkpt>
   <trkpt lat="56.2302530" lon="10.1395700">
    <ele>57.4</ele>
   </trkpt>
   <trkpt lat="56.2302740" lon="10.1394950">
    <ele>57.8</ele>
   </trkpt>
   <trkpt lat="56.2303060" lon="10.1394340">
    <ele>58.0</ele>
   </trkpt>
   <trkpt lat="56.2303480" lon="10.1394000">
    <ele>58.2</ele>
   </trkpt>
   <trkpt lat="56.2303960" lon="10.1393890">
    <ele>58.4</ele>
   </trkpt>
   <trkpt lat="56.2304420" lon="10.1393880">
    <ele>58.4</ele>
   </trkpt>
   <trkpt lat="56.2304910" lon="10.1393950">
    <ele>58.6</ele>
   </trkpt>
   <trkpt lat="56.2305400" lon="10.1394080">
    <ele>58.8</ele>
   </trkpt>
   <trkpt lat="56.2305860" lon="10.1394240">
    <ele>59.2</ele>
   </trkpt>
   <trkpt lat="56.2306330" lon="10.1394370">
    <ele>59.4</ele>
   </trkpt>
   <trkpt lat="56.2306800" lon="10.1394450">
    <ele>59.6</ele>
   </trkpt>
   <trkpt lat="56.2307270" lon="10.1394470">
    <ele>59.8</ele>
   </trkpt>
   <trkpt lat="56.2307760" lon="10.1394520">
    <ele>60.0</ele>
   </trkpt>
   <trkpt lat="56.2308220" lon="10.1394660">
    <ele>60.0</ele>
   </trkpt>
   <trkpt lat="56.2308670" lon="10.1394910">
    <ele>60.4</ele>
   </trkpt>
   <trkpt lat="56.2309140" lon="10.1395140">
    <ele>60.6</ele>
   </trkpt>
   <trkpt lat="56.2309620" lon="10.1395370">
    <ele>60.8</ele>
   </trkpt>
   <trkpt lat="56.2310080" lon="10.1395550">
    <ele>61.0</ele>
   </trkpt>
   <trkpt lat="56.2310560" lon="10.1395670">
    <ele>61.4</ele>
   </trkpt>
   <trkpt lat="56.2311050" lon="10.1395830">
    <ele>61.4</ele>
   </trkpt>
   <trkpt lat="56.2311550" lon="10.1395990">
    <ele>61.6</ele>
   </trkpt>
   <trkpt lat="56.2312050" lon="10.1396140">
    <ele>61.6</ele>
   </trkpt>
   <trkpt lat="56.2312580" lon="10.1396290">
    <ele>61.6</ele>
   </trkpt>
   <trkpt lat="56.2313130" lon="10.1396440">
    <ele>61.6</ele>
   </trkpt>
   <trkpt lat="56.2313670" lon="10.1396570">
    <ele>61.4</ele>
   </trkpt>
   <trkpt lat="56.2314220" lon="10.1396720">
    <ele>61.4</ele>
   </trkpt>
   <trkpt lat="56.2314760" lon="10.1396890">
    <ele>61.2</ele>
   </trkpt>
   <trkpt lat="56.2315310" lon="10.1397050">
    <ele>61.2</ele>
   </trkpt>
   <trkpt lat="56.2315860" lon="10.1397240">
    <ele>61.2</ele>
   </trkpt>
   <trkpt lat="56.2316410" lon="10.1397420">
    <ele>61.2</ele>
   </trkpt>
   <trkpt lat="56.2316940" lon="10.1397560">
    <ele>61.2</ele>
   </trkpt>
   <trkpt lat="56.2317500" lon="10.1397670">
    <ele>61.4</ele>
   </trkpt>
   <trkpt lat="56.2318050" lon="10.1397760">
    <ele>61.4</ele>
   </trkpt>
   <trkpt lat="56.2318570" lon="10.1397910">
    <ele>61.6</ele>
   </trkpt>
   <trkpt lat="56.2319070" lon="10.1398160">
    <ele>61.8</ele>
   </trkpt>
   <trkpt lat="56.2319580" lon="10.1398460">
    <ele>62.0</ele>
   </trkpt>
   <trkpt lat="56.2320090" lon="10.1398730">
    <ele>62.2</ele>
   </trkpt>
   <trkpt lat="56.2320620" lon="10.1398900">
    <ele>62.4</ele>
   </trkpt>
   <trkpt lat="56.2321130" lon="10.1399020">
    <ele>62.4</ele>
   </trkpt>
   <trkpt lat="56.2321640" lon="10.1399160">
    <ele>62.6</ele>
   </trkpt>
   <trkpt lat="56.2322150" lon="10.1399350">
    <ele>62.8</ele>
   </trkpt>
   <trkpt lat="56.2322650" lon="10.1399580">
    <ele>62.8</ele>
   </trkpt>
   <trkpt lat="56.2323150" lon="10.1399800">
    <ele>63.0</ele>
   </trkpt>
   <trkpt lat="56.2323650" lon="10.1399980">
    <ele>63.0</ele>
   </trkpt>
   <trkpt lat="56.2324160" lon="10.1400140">
    <ele>63.2</ele>
   </trkpt>
   <trkpt lat="56.2324660" lon="10.1400320">
    <ele>63.2</ele>
   </trkpt>
   <trkpt lat="56.2325160" lon="10.1400500">
    <ele>63.2</ele>
   </trkpt>
   <trkpt lat="56.2325670" lon="10.1400660">
    <ele>63.2</ele>
   </trkpt>
   <trkpt lat="56.2326210" lon="10.1400780">
    <ele>63.4</ele>
   </trkpt>
   <trkpt lat="56.2326760" lon="10.1400910">
    <ele>63.4</ele>
   </trkpt>
   <trkpt lat="56.2327330" lon="10.1401090">
    <ele>63.4</ele>
   </trkpt>
   <trkpt lat="56.2327920" lon="10.1401290">
    <ele>63.4</ele>
   </trkpt>
   <trkpt lat="56.2328510" lon="10.1401490">
    <ele>63.4</ele>
   </trkpt>
   <trkpt lat="56.2329050" lon="10.1401710">
    <ele>63.6</ele>
   </trkpt>
   <trkpt lat="56.2329590" lon="10.1401950">
    <ele>63.6</ele>
   </trkpt>
   <trkpt lat="56.2330140" lon="10.1402200">
    <ele>63.6</ele>
   </trkpt>
   <trkpt lat="56.2330710" lon="10.1402430">
    <ele>63.6</ele>
   </trkpt>
   <trkpt lat="56.2331260" lon="10.1402670">
    <ele>63.8</ele>
   </trkpt>
   <trkpt lat="56.2331780" lon="10.1402970">
    <ele>63.8</ele>
   </trkpt>
   <trkpt lat="56.2332280" lon="10.1403340">
    <ele>64.0</ele>
   </trkpt>
   <trkpt lat="56.2332790" lon="10.1403770">
    <ele>64.0</ele>
   </trkpt>
   <trkpt lat="56.2333290" lon="10.1404210">
    <ele>64.2</ele>
   </trkpt>
   <trkpt lat="56.2333780" lon="10.1404590">
    <ele>64.4</ele>
   </trkpt>
   <trkpt lat="56.2334280" lon="10.1404970">
    <ele>64.6</ele>
   </trkpt>
   <trkpt lat="56.2334780" lon="10.1405390">
    <ele>64.8</ele>
   </trkpt>
   <trkpt lat="56.2335250" lon="10.1405830">
    <ele>64.8</ele>
   </trkpt>
   <trkpt lat="56.2335730" lon="10.1406230">
    <ele>65.0</ele>
   </trkpt>
   <trkpt lat="56.2336210" lon="10.1406600">
    <ele>65.0</ele>
   </trkpt>
   <trkpt lat="56.2336670" lon="10.1406980">
    <ele>65.2</ele>
   </trkpt>
   <trkpt lat="56.2337070" lon="10.1407470">
    <ele>65.4</ele>
   </trkpt>
   <trkpt lat="56.2337450" lon="10.1408000">
    <ele>65.6</ele>
   </trkpt>
   <trkpt lat="56.2337830" lon="10.1408530">
    <ele>65.8</ele>
   </trkpt>
   <trkpt lat="56.2338210" lon="10.1408970">
    <ele>66.0</ele>
   </trkpt>
   <trkpt lat="56.2338610" lon="10.1409400">
    <ele>66.2</ele>
   </trkpt>
   <trkpt lat="56.2339050" lon="10.1409770">
    <ele>66.6</ele>
   </trkpt>
   <trkpt lat="56.2339500" lon="10.1410100">
    <ele>66.8</ele>
   </trkpt>
   <trkpt lat="56.2339930" lon="10.1410390">
    <ele>67.0</ele>
   </trkpt>
   <trkpt lat="56.2340320" lon="10.1410640">
    <ele>67.4</ele>
   </trkpt>
   <trkpt lat="56.2340680" lon="10.1410830">
    <ele>67.6</ele>
   </trkpt>
   <trkpt lat="56.2341050" lon="10.1410920">
    <ele>67.8</ele>
   </trkpt>
   <trkpt lat="56.2341430" lon="10.1410810">
    <ele>68.0</ele>
   </trkpt>
   <trkpt lat="56.2341750" lon="10.1410450">
    <ele>68.0</ele>
   </trkpt>
   <trkpt lat="56.2341970" lon="10.1409790">
    <ele>68.0</ele>
   </trkpt>
   <trkpt lat="56.2342110" lon="10.1408970">
    <ele>67.8</ele>
   </trkpt>
   <trkpt lat="56.2342190" lon="10.1408090">
    <ele>67.6</ele>
   </trkpt>
   <trkpt lat="56.2342260" lon="10.1407170">
    <ele>67.4</ele>
   </trkpt>
   <trkpt lat="56.2342330" lon="10.1406230">
    <ele>67.2</ele>
   </trkpt>
   <trkpt lat="56.2342400" lon="10.1405270">
    <ele>67.0</ele>
   </trkpt>
   <trkpt lat="56.2342430" lon="10.1404260">
    <ele>66.8</ele>
   </trkpt>
   <trkpt lat="56.2342480" lon="10.1403260">
    <ele>66.8</ele>
   </trkpt>
   <trkpt lat="56.2342560" lon="10.1402240">
    <ele>66.6</ele>
   </trkpt>
   <trkpt lat="56.2342680" lon="10.1401210">
    <ele>66.2</ele>
   </trkpt>
   <trkpt lat="56.2342790" lon="10.1400150">
    <ele>66.0</ele>
   </trkpt>
   <trkpt lat="56.2342870" lon="10.1399090">
    <ele>65.8</ele>
   </trkpt>
   <trkpt lat="56.2342950" lon="10.1398020">
    <ele>65.4</ele>
   </trkpt>
   <trkpt lat="56.2343030" lon="10.1396960">
    <ele>65.2</ele>
   </trkpt>
   <trkpt lat="56.2343110" lon="10.1395880">
    <ele>65.0</ele>
   </trkpt>
   <trkpt lat="56.2343190" lon="10.1394810">
    <ele>65.0</ele>
   </trkpt>
   <trkpt lat="56.2343290" lon="10.1393750">
    <ele>64.8</ele>
   </trkpt>
   <trkpt lat="56.2343430" lon="10.1392700">
    <ele>64.8</ele>
   </trkpt>
   <trkpt lat="56.2343530" lon="10.1391660">
    <ele>65.0</ele>
   </trkpt>
   <trkpt lat="56.2343620" lon="10.1390620">
    <ele>65.0</ele>
   </trkpt>
   <trkpt lat="56.2343690" lon="10.1389570">
    <ele>65.0</ele>
   </trkpt>
   <trkpt lat="56.2343750" lon="10.1388550">
    <ele>65.2</ele>
   </trkpt>
   <trkpt lat="56.2343810" lon="10.1387540">
    <ele>65.2</ele>
   </trkpt>
   <trkpt lat="56.2343880" lon="10.1386530">
    <ele>65.4</ele>
   </trkpt>
   <trkpt lat="56.2343980" lon="10.1385560">
    <ele>65.4</ele>
   </trkpt>
   <trkpt lat="56.2344080" lon="10.1384570">
    <ele>65.6</ele>
   </trkpt>
   <trkpt lat="56.2344170" lon="10.1383580">
    <ele>65.6</ele>
   </trkpt>
   <trkpt lat="56.2344250" lon="10.1382600">
    <ele>65.6</ele>
   </trkpt>
   <trkpt lat="56.2344310" lon="10.1381630">
    <ele>65.6</ele>
   </trkpt>
   <trkpt lat="56.2344400" lon="10.1380690">
    <ele>65.6</ele>
   </trkpt>
   <trkpt lat="56.2344490" lon="10.1379770">
    <ele>65.4</ele>
   </trkpt>
   <trkpt lat="56.2344580" lon="10.1378870">
    <ele>65.4</ele>
   </trkpt>
   <trkpt lat="56.2344670" lon="10.1377950">
    <ele>65.6</ele>
   </trkpt>
   <trkpt lat="56.2344770" lon="10.1377060">
    <ele>65.6</ele>
   </trkpt>
   <trkpt lat="56.2344840" lon="10.1376180">
    <ele>65.6</ele>
   </trkpt>
   <trkpt lat="56.2344890" lon="10.1375300">
    <ele>65.8</ele>
   </trkpt>
   <trkpt lat="56.2344970" lon="10.1374420">
    <ele>65.8</ele>
   </trkpt>
   <trkpt lat="56.2345040" lon="10.1373550">
    <ele>66.0</ele>
   </trkpt>
   <trkpt lat="56.2345120" lon="10.1372730">
    <ele>66.0</ele>
   </trkpt>
   <trkpt lat="56.2345210" lon="10.1371900">
    <ele>66.0</ele>
   </trkpt>
   <trkpt lat="56.2345280" lon="10.1371090">
    <ele>66.2</ele>
   </trkpt>
   <trkpt lat="56.2345320" lon="10.1370280">
    <ele>66.4</ele>
   </trkpt>
   <trkpt lat="56.2345390" lon="10.1369470">
    <ele>66.4</ele>
   </trkpt>
   <trkpt lat="56.2345470" lon="10.1368700">
    <ele>66.6</ele>
   </trkpt>
   <trkpt lat="56.2345530" lon="10.1367950">
    <ele>67.0</ele>
   </trkpt>
   <trkpt lat="56.2345570" lon="10.1367190">
    <ele>67.4</ele>
   </trkpt>
   <trkpt lat="56.2345640" lon="10.1366450">
    <ele>67.6</ele>
   </trkpt>
   <trkpt lat="56.2345720" lon="10.1365750">
    <ele>68.2</ele>
   </trkpt>
   <trkpt lat="56.2345790" lon="10.1365020">
    <ele>68.4</ele>
   </trkpt>
   <trkpt lat="56.2345860" lon="10.1364270">
    <ele>68.6</ele>
   </trkpt>
   <trkpt lat="56.2345920" lon="10.1363550">
    <ele>68.6</ele>
   </trkpt>
   <trkpt lat="56.2345980" lon="10.1362820">
    <ele>68.6</ele>
   </trkpt>
   <trkpt lat="56.2346030" lon="10.1362080">
    <ele>68.4</ele>
   </trkpt>
   <trkpt lat="56.2346080" lon="10.1361360">
    <ele>68.4</ele>
   </trkpt>
   <trkpt lat="56.2346140" lon="10.1360650">
    <ele>68.4</ele>
   </trkpt>
   <trkpt lat="56.2346220" lon="10.1359960">
    <ele>68.4</ele>
   </trkpt>
   <trkpt lat="56.2346280" lon="10.1359230">
    <ele>68.6</ele>
   </trkpt>
   <trkpt lat="56.2346310" lon="10.1358500">
    <ele>68.8</ele>
   </trkpt>
   <trkpt lat="56.2346370" lon="10.1357770">
    <ele>69.2</ele>
   </trkpt>
   <trkpt lat="56.2346430" lon="10.1357060">
    <ele>69.4</ele>
   </trkpt>
   <trkpt lat="56.2346490" lon="10.1356300">
    <ele>69.8</ele>
   </trkpt>
   <trkpt lat="56.2346560" lon="10.1355550">
    <ele>70.0</ele>
   </trkpt>
   <trkpt lat="56.2346640" lon="10.1354780">
    <ele>70.0</ele>
   </trkpt>
   <trkpt lat="56.2346710" lon="10.1354010">
    <ele>70.2</ele>
   </trkpt>
   <trkpt lat="56.2346780" lon="10.1353260">
    <ele>70.2</ele>
   </trkpt>
   <trkpt lat="56.2346860" lon="10.1352510">
    <ele>70.2</ele>
   </trkpt>
   <trkpt lat="56.2346940" lon="10.1351760">
    <ele>70.2</ele>
   </trkpt>
   <trkpt lat="56.2347030" lon="10.1351030">
    <ele>70.2</ele>
   </trkpt>
   <trkpt lat="56.2347120" lon="10.1350270">
    <ele>70.2</ele>
   </trkpt>
   <trkpt lat="56.2347210" lon="10.1349530">
    <ele>70.2</ele>
   </trkpt>
   <trkpt lat="56.2347330" lon="10.1348800">
    <ele>70.2</ele>
   </trkpt>
   <trkpt lat="56.2347470" lon="10.1348080">
    <ele>70.0</ele>
   </trkpt>
   <trkpt lat="56.2347620" lon="10.1347360">
    <ele>69.8</ele>
   </trkpt>
   <trkpt lat="56.2347790" lon="10.1346640">
    <ele>69.8</ele>
   </trkpt>
   <trkpt lat="56.2347940" lon="10.1345930">
    <ele>69.8</ele>
   </trkpt>
   <trkpt lat="56.2348100" lon="10.1345230">
    <ele>69.8</ele>
   </trkpt>
   <trkpt lat="56.2348280" lon="10.1344540">
    <ele>70.0</ele>
   </trkpt>
   <trkpt lat="56.2348470" lon="10.1343850">
    <ele>70.0</ele>
   </trkpt>
   <trkpt lat="56.2348670" lon="10.1343150">
    <ele>70.0</ele>
   </trkpt>
   <trkpt lat="56.2348880" lon="10.1342460">
    <ele>70.2</ele>
   </trkpt>
   <trkpt lat="56.2349100" lon="10.1341760">
    <ele>70.2</ele>
   </trkpt>
   <trkpt lat="56.2349330" lon="10.1341080">
    <ele>70.2</ele>
   </trkpt>
   <trkpt lat="56.2349570" lon="10.1340430">
    <ele>70.2</ele>
   </trkpt>
   <trkpt lat="56.2349790" lon="10.1339770">
    <ele>70.4</ele>
   </trkpt>
   <trkpt lat="56.2350010" lon="10.1339120">
    <ele>70.4</ele>
   </trkpt>
   <trkpt lat="56.2350250" lon="10.1338520">
    <ele>70.8</ele>
   </trkpt>
   <trkpt lat="56.2350490" lon="10.1337940">
    <ele>71.0</ele>
   </trkpt>
   <trkpt lat="56.2350710" lon="10.1337380">
    <ele>71.4</ele>
   </trkpt>
   <trkpt lat="56.2350930" lon="10.1336840">
    <ele>71.8</ele>
   </trkpt>
   <trkpt lat="56.2351150" lon="10.1336350">
    <ele>72.2</ele>
   </trkpt>
   <trkpt lat="56.2351350" lon="10.1335900">
    <ele>72.6</ele>
   </trkpt>
   <trkpt lat="56.2351550" lon="10.1335460">
    <ele>72.8</ele>
   </trkpt>
   <trkpt lat="56.2351740" lon="10.1334970">
    <ele>73.0</ele>
   </trkpt>
   <trkpt lat="56.2351920" lon="10.1334480">
    <ele>73.2</ele>
   </trkpt>
   <trkpt lat="56.2352130" lon="10.1334000">
    <ele>73.4</ele>
   </trkpt>
   <trkpt lat="56.2352330" lon="10.1333510">
    <ele>73.8</ele>
   </trkpt>
   <trkpt lat="56.2352530" lon="10.1333040">
    <ele>74.0</ele>
   </trkpt>
   <trkpt lat="56.2352730" lon="10.1332570">
    <ele>74.2</ele>
   </trkpt>
   <trkpt lat="56.2352940" lon="10.1332140">
    <ele>74.4</ele>
   </trkpt>
   <trkpt lat="56.2353160" lon="10.1331710">
    <ele>74.6</ele>
   </trkpt>
   <trkpt lat="56.2353390" lon="10.1331280">
    <ele>74.6</ele>
   </trkpt>
   <trkpt lat="56.2353610" lon="10.1330830">
    <ele>75.0</ele>
   </trkpt>
   <trkpt lat="56.2353810" lon="10.1330350">
    <ele>75.2</ele>
   </trkpt>
   <trkpt lat="56.2354030" lon="10.1329910">
    <ele>75.4</ele>
   </trkpt>
   <trkpt lat="56.2354260" lon="10.1329470">
    <ele>75.8</ele>
   </trkpt>
   <trkpt lat="56.2354490" lon="10.1329020">
    <ele>76.0</ele>
   </trkpt>
   <trkpt lat="56.2354720" lon="10.1328570">
    <ele>76.2</ele>
   </trkpt>
   <trkpt lat="56.2354970" lon="10.1328090">
    <ele>76.6</ele>
   </trkpt>
   <trkpt lat="56.2355240" lon="10.1327630">
    <ele>76.6</ele>
   </trkpt>
   <trkpt lat="56.2355510" lon="10.1327180">
    <ele>76.8</ele>
   </trkpt>
   <trkpt lat="56.2355780" lon="10.1326680">
    <ele>77.0</ele>
   </trkpt>
   <trkpt lat="56.2356070" lon="10.1326210">
    <ele>77.0</ele>
   </trkpt>
   <trkpt lat="56.2356350" lon="10.1325740">
    <ele>77.0</ele>
   </trkpt>
   <trkpt lat="56.2356630" lon="10.1325280">
    <ele>77.0</ele>
   </trkpt>
   <trkpt lat="56.2356920" lon="10.1324800">
    <ele>77.0</ele>
   </trkpt>
   <trkpt lat="56.2357250" lon="10.1324300">
    <ele>77.0</ele>
   </trkpt>
   <trkpt lat="56.2357590" lon="10.1323770">
    <ele>77.0</ele>
   </trkpt>
   <trkpt lat="56.2357900" lon="10.1323230">
    <ele>77.0</ele>
   </trkpt>
   <trkpt lat="56.2358240" lon="10.1322700">
    <ele>77.0</ele>
   </trkpt>
   <trkpt lat="56.2358570" lon="10.1322180">
    <ele>76.8</ele>
   </trkpt>
   <trkpt lat="56.2358890" lon="10.1321640">
    <ele>76.8</ele>
   </trkpt>
   <trkpt lat="56.2359210" lon="10.1321080">
    <ele>76.8</ele>
   </trkpt>
   <trkpt lat="56.2359520" lon="10.1320510">
    <ele>76.8</ele>
   </trkpt>
   <trkpt lat="56.2359830" lon="10.1319980">
    <ele>76.8</ele>
   </trkpt>
   <trkpt lat="56.2360160" lon="10.1319430">
    <ele>76.6</ele>
   </trkpt>
   <trkpt lat="56.2360500" lon="10.1318900">
    <ele>76.6</ele>
   </trkpt>
   <trkpt lat="56.2360820" lon="10.1318380">
    <ele>76.6</ele>
   </trkpt>
   <trkpt lat="56.2361110" lon="10.1317860">
    <ele>76.6</ele>
   </trkpt>
   <trkpt lat="56.2361410" lon="10.1317340">
    <ele>76.6</ele>
   </trkpt>
   <trkpt lat="56.2361710" lon="10.1316830">
    <ele>76.6</ele>
   </trkpt>
   <trkpt lat="56.2361990" lon="10.1316360">
    <ele>76.8</ele>
   </trkpt>
   <trkpt lat="56.2362260" lon="10.1315920">
    <ele>76.8</ele>
   </trkpt>
   <trkpt lat="56.2362520" lon="10.1315520">
    <ele>77.0</ele>
   </trkpt>
   <trkpt lat="56.2362800" lon="10.1315140">
    <ele>77.2</ele>
   </trkpt>
   <trkpt lat="56.2363070" lon="10.1314760">
    <ele>77.6</ele>
   </trkpt>
   <trkpt lat="56.2363350" lon="10.1314380">
    <ele>78.0</ele>
   </trkpt>
   <trkpt lat="56.2363620" lon="10.1314000">
    <ele>78.4</ele>
   </trkpt>
   <trkpt lat="56.2363900" lon="10.1313610">
    <ele>78.6</ele>
   </trkpt>
   <trkpt lat="56.2364170" lon="10.1313200">
    <ele>79.0</ele>
   </trkpt>
   <trkpt lat="56.2364460" lon="10.1312830">
    <ele>79.2</ele>
   </trkpt>
   <trkpt lat="56.2364790" lon="10.1312460">
    <ele>79.4</ele>
   </trkpt>
   <trkpt lat="56.2365140" lon="10.1312090">
    <ele>79.6</ele>
   </trkpt>
   <trkpt lat="56.2365480" lon="10.1311760">
    <ele>79.8</ele>
   </trkpt>
   <trkpt lat="56.2365840" lon="10.1311440">
    <ele>80.0</ele>
   </trkpt>
   <trkpt lat="56.2366170" lon="10.1311130">
    <ele>80.2</ele>
   </trkpt>
   <trkpt lat="56.2366500" lon="10.1310820">
    <ele>80.2</ele>
   </trkpt>
   <trkpt lat="56.2366840" lon="10.1310510">
    <ele>80.2</ele>
   </trkpt>
   <trkpt lat="56.2367190" lon="10.1310180">
    <ele>80.4</ele>
   </trkpt>
   <trkpt lat="56.2367550" lon="10.1309860">
    <ele>80.6</ele>
   </trkpt>
   <trkpt lat="56.2367900" lon="10.1309560">
    <ele>80.6</ele>
   </trkpt>
   <trkpt lat="56.2368260" lon="10.1309290">
    <ele>80.6</ele>
   </trkpt>
   <trkpt lat="56.2368640" lon="10.1308970">
    <ele>80.6</ele>
   </trkpt>
   <trkpt lat="56.2369020" lon="10.1308640">
    <ele>80.6</ele>
   </trkpt>
   <trkpt lat="56.2369410" lon="10.1308280">
    <ele>80.4</ele>
   </trkpt>
   <trkpt lat="56.2369840" lon="10.1307920">
    <ele>80.2</ele>
   </trkpt>
   <trkpt lat="56.2370270" lon="10.1307540">
    <ele>80.0</ele>
   </trkpt>
   <trkpt lat="56.2370740" lon="10.1307140">
    <ele>80.0</ele>
   </trkpt>
   <trkpt lat="56.2371230" lon="10.1306710">
    <ele>80.0</ele>
   </trkpt>
   <trkpt lat="56.2371750" lon="10.1306240">
    <ele>79.8</ele>
   </trkpt>
   <trkpt lat="56.2372280" lon="10.1305740">
    <ele>79.6</ele>
   </trkpt>
   <trkpt lat="56.2372820" lon="10.1305260">
    <ele>79.2</ele>
   </trkpt>
   <trkpt lat="56.2373370" lon="10.1304890">
    <ele>78.8</ele>
   </trkpt>
   <trkpt lat="56.2373920" lon="10.1304490">
    <ele>78.4</ele>
   </trkpt>
   <trkpt lat="56.2374460" lon="10.1304040">
    <ele>78.2</ele>
   </trkpt>
   <trkpt lat="56.2375010" lon="10.1303570">
    <ele>78.0</ele>
   </trkpt>
   <trkpt lat="56.2375530" lon="10.1303130">
    <ele>78.0</ele>
   </trkpt>
   <trkpt lat="56.2376020" lon="10.1302700">
    <ele>78.2</ele>
   </trkpt>
   <trkpt lat="56.2376510" lon="10.1302260">
    <ele>78.4</ele>
   </trkpt>
   <trkpt lat="56.2377000" lon="10.1301840">
    <ele>78.6</ele>
   </trkpt>
   <trkpt lat="56.2377480" lon="10.1301450">
    <ele>78.6</ele>
   </trkpt>
   <trkpt lat="56.2377950" lon="10.1301100">
    <ele>78.8</ele>
   </trkpt>
   <trkpt lat="56.2378440" lon="10.1300740">
    <ele>78.8</ele>
   </trkpt>
   <trkpt lat="56.2378940" lon="10.1300330">
    <ele>78.6</ele>
   </trkpt>
   <trkpt lat="56.2379460" lon="10.1299880">
    <ele>78.6</ele>
   </trkpt>
   <trkpt lat="56.2380010" lon="10.1299380">
    <ele>78.4</ele>
   </trkpt>
   <trkpt lat="56.2380600" lon="10.1298860">
    <ele>78.2</ele>
   </trkpt>
   <trkpt lat="56.2381210" lon="10.1298330">
    <ele>78.0</ele>
   </trkpt>
   <trkpt lat="56.2381840" lon="10.1297820">
    <ele>77.6</ele>
   </trkpt>
   <trkpt lat="56.2382480" lon="10.1297300">
    <ele>77.2</ele>
   </trkpt>
   <trkpt lat="56.2383160" lon="10.1296760">
    <ele>76.8</ele>
   </trkpt>
   <trkpt lat="56.2383830" lon="10.1296210">
    <ele>76.2</ele>
   </trkpt>
   <trkpt lat="56.2384500" lon="10.1295660">
    <ele>75.8</ele>
   </trkpt>
   <trkpt lat="56.2385150" lon="10.1295110">
    <ele>75.6</ele>
   </trkpt>
   <trkpt lat="56.2385800" lon="10.1294560">
    <ele>75.2</ele>
   </trkpt>
   <trkpt lat="56.2386450" lon="10.1294040">
    <ele>74.8</ele>
   </trkpt>
   <trkpt lat="56.2387070" lon="10.1293510">
    <ele>74.6</ele>
   </trkpt>
   <trkpt lat="56.2387670" lon="10.1292950">
    <ele>74.0</ele>
   </trkpt>
   <trkpt lat="56.2388250" lon="10.1292430">
    <ele>73.8</ele>
   </trkpt>
   <trkpt lat="56.2388850" lon="10.1291960">
    <ele>73.6</ele>
   </trkpt>
   <trkpt lat="56.2389450" lon="10.1291500">
    <ele>73.6</ele>
   </trkpt>
   <trkpt lat="56.2390040" lon="10.1291020">
    <ele>73.4</ele>
   </trkpt>
   <trkpt lat="56.2390630" lon="10.1290560">
    <ele>73.6</ele>
   </trkpt>
   <trkpt lat="56.2391240" lon="10.1290090">
    <ele>73.4</ele>
   </trkpt>
   <trkpt lat="56.2391870" lon="10.1289600">
    <ele>73.2</ele>
   </trkpt>
   <trkpt lat="56.2392510" lon="10.1289070">
    <ele>73.2</ele>
   </trkpt>
   <trkpt lat="56.2393170" lon="10.1288520">
    <ele>72.8</ele>
   </trkpt>
   <trkpt lat="56.2393830" lon="10.1287980">
    <ele>72.6</ele>
   </trkpt>
   <trkpt lat="56.2394520" lon="10.1287400">
    <ele>72.2</ele>
   </trkpt>
   <trkpt lat="56.2395220" lon="10.1286810">
    <ele>71.6</ele>
   </trkpt>
   <trkpt lat="56.2395940" lon="10.1286260">
    <ele>71.0</ele>
   </trkpt>
   <trkpt lat="56.2396690" lon="10.1285780">
    <ele>70.6</ele>
   </trkpt>
   <trkpt lat="56.2397510" lon="10.1285410">
    <ele>70.2</ele>
   </trkpt>
   <trkpt lat="56.2398340" lon="10.1285230">
    <ele>70.0</ele>
   </trkpt>
   <trkpt lat="56.2399150" lon="10.1285220">
    <ele>69.8</ele>
   </trkpt>
   <trkpt lat="56.2399950" lon="10.1285330">
    <ele>69.6</ele>
   </trkpt>
   <trkpt lat="56.2400770" lon="10.1285550">
    <ele>69.4</ele>
   </trkpt>
   <trkpt lat="56.2401570" lon="10.1285870">
    <ele>69.2</ele>
   </trkpt>
   <trkpt lat="56.2402320" lon="10.1286380">
    <ele>69.0</ele>
   </trkpt>
   <trkpt lat="56.2403040" lon="10.1287000">
    <ele>68.8</ele>
   </trkpt>
   <trkpt lat="56.2403730" lon="10.1287690">
    <ele>68.8</ele>
   </trkpt>
   <trkpt lat="56.2404350" lon="10.1288440">
    <ele>68.6</ele>
   </trkpt>
   <trkpt lat="56.2404970" lon="10.1289210">
    <ele>68.6</ele>
   </trkpt>
   <trkpt lat="56.2405580" lon="10.1289990">
    <ele>68.8</ele>
   </trkpt>
   <trkpt lat="56.2406210" lon="10.1290740">
    <ele>68.8</ele>
   </trkpt>
   <trkpt lat="56.2406830" lon="10.1291490">
    <ele>69.0</ele>
   </trkpt>
   <trkpt lat="56.2407460" lon="10.1292240">
    <ele>69.0</ele>
   </trkpt>
   <trkpt lat="56.2408070" lon="10.1292960">
    <ele>69.2</ele>
   </trkpt>
   <trkpt lat="56.2408690" lon="10.1293660">
    <ele>69.2</ele>
   </trkpt>
   <trkpt lat="56.2409330" lon="10.1294300">
    <ele>69.4</ele>
   </trkpt>
   <trkpt lat="56.2409980" lon="10.1294900">
    <ele>69.6</ele>
   </trkpt>
   <trkpt lat="56.2410660" lon="10.1295450">
    <ele>69.8</ele>
   </trkpt>
   <trkpt lat="56.2411350" lon="10.1295950">
    <ele>69.8</ele>
   </trkpt>
   <trkpt lat="56.2412060" lon="10.1296410">
    <ele>69.8</ele>
   </trkpt>
   <trkpt lat="56.2412780" lon="10.1296790">
    <ele>69.8</ele>
   </trkpt>
   <trkpt lat="56.2413510" lon="10.1297150">
    <ele>69.6</ele>
   </trkpt>
   <trkpt lat="56.2414240" lon="10.1297460">
    <ele>69.4</ele>
   </trkpt>
   <trkpt lat="56.2414960" lon="10.1297700">
    <ele>69.2</ele>
   </trkpt>
   <trkpt lat="56.2415700" lon="10.1297910">
    <ele>68.8</ele>
   </trkpt>
   <trkpt lat="56.2416460" lon="10.1298020">
    <ele>68.8</ele>
   </trkpt>
   <trkpt lat="56.2417200" lon="10.1298070">
    <ele>68.4</ele>
   </trkpt>
   <trkpt lat="56.2417960" lon="10.1298050">
    <ele>68.0</ele>
   </trkpt>
   <trkpt lat="56.2418710" lon="10.1298060">
    <ele>67.8</ele>
   </trkpt>
   <trkpt lat="56.2419480" lon="10.1298080">
    <ele>67.6</ele>
   </trkpt>
   <trkpt lat="56.2420250" lon="10.1298100">
    <ele>67.2</ele>
   </trkpt>
   <trkpt lat="56.2421020" lon="10.1298090">
    <ele>67.0</ele>
   </trkpt>
   <trkpt lat="56.2421800" lon="10.1298050">
    <ele>66.6</ele>
   </trkpt>
   <trkpt lat="56.2422580" lon="10.1298020">
    <ele>66.4</ele>
   </trkpt>
   <trkpt lat="56.2423340" lon="10.1297990">
    <ele>66.2</ele>
   </trkpt>
   <trkpt lat="56.2424110" lon="10.1297960">
    <ele>66.0</ele>
   </trkpt>
   <trkpt lat="56.2424890" lon="10.1297950">
    <ele>65.8</ele>
   </trkpt>
   <trkpt lat="56.2425690" lon="10.1297950">
    <ele>66.0</ele>
   </trkpt>
   <trkpt lat="56.2426490" lon="10.1297950">
    <ele>65.8</ele>
   </trkpt>
   <trkpt lat="56.2427310" lon="10.1297940">
    <ele>65.6</ele>
   </trkpt>
   <trkpt lat="56.2428120" lon="10.1297900">
    <ele>65.6</ele>
   </trkpt>
   <trkpt lat="56.2428950" lon="10.1297850">
    <ele>65.4</ele>
   </trkpt>
   <trkpt lat="56.2429790" lon="10.1297810">
    <ele>65.2</ele>
   </trkpt>
   <trkpt lat="56.2430640" lon="10.1297780">
    <ele>64.8</ele>
   </trkpt>
   <trkpt lat="56.2431480" lon="10.1297780">
    <ele>64.4</ele>
   </trkpt>
   <trkpt lat="56.2432320" lon="10.1297730">
    <ele>64.0</ele>
   </trkpt>
   <trkpt lat="56.2433170" lon="10.1297680">
    <ele>63.6</ele>
   </trkpt>
   <trkpt lat="56.2434000" lon="10.1297650">
    <ele>63.4</ele>
   </trkpt>
   <trkpt lat="56.2434860" lon="10.1297600">
    <ele>63.0</ele>
   </trkpt>
   <trkpt lat="56.2435720" lon="10.1297590">
    <ele>62.8</ele>
   </trkpt>
   <trkpt lat="56.2436570" lon="10.1297580">
    <ele>62.6</ele>
   </trkpt>
   <trkpt lat="56.2437410" lon="10.1297600">
    <ele>62.4</ele>
   </trkpt>
   <trkpt lat="56.2438260" lon="10.1297630">
    <ele>62.4</ele>
   </trkpt>
   <trkpt lat="56.2439110" lon="10.1297660">
    <ele>62.2</ele>
   </trkpt>
   <trkpt lat="56.2439930" lon="10.1297690">
    <ele>62.4</ele>
   </trkpt>
   <trkpt lat="56.2440750" lon="10.1297690">
    <ele>62.2</ele>
   </trkpt>
   <trkpt lat="56.2441550" lon="10.1297680">
    <ele>62.0</ele>
   </trkpt>
   <trkpt lat="56.2442360" lon="10.1297640">
    <ele>61.8</ele>
   </trkpt>
   <trkpt lat="56.2443170" lon="10.1297600">
    <ele>61.8</ele>
   </trkpt>
   <trkpt lat="56.2443980" lon="10.1297610">
    <ele>61.4</ele>
   </trkpt>
   <trkpt lat="56.2444780" lon="10.1297620">
    <ele>61.6</ele>
   </trkpt>
   <trkpt lat="56.2445580" lon="10.1297580">
    <ele>61.4</ele>
   </trkpt>
   <trkpt lat="56.2446360" lon="10.1297530">
    <ele>61.4</ele>
   </trkpt>
   <trkpt lat="56.2447130" lon="10.1297490">
    <ele>61.2</ele>
   </trkpt>
   <trkpt lat="56.2447880" lon="10.1297370">
    <ele>61.2</ele>
   </trkpt>
   <trkpt lat="56.2448570" lon="10.1297090">
    <ele>61.0</ele>
   </trkpt>
   <trkpt lat="56.2449160" lon="10.1296570">
    <ele>60.8</ele>
   </trkpt>
   <trkpt lat="56.2449570" lon="10.1295740">
    <ele>60.6</ele>
   </trkpt>
   <trkpt lat="56.2449770" lon="10.1294730">
    <ele>60.8</ele>
   </trkpt>
   <trkpt lat="56.2449750" lon="10.1293660">
    <ele>60.8</ele>
   </trkpt>
   <trkpt lat="56.2449610" lon="10.1292550">
    <ele>60.8</ele>
   </trkpt>
   <trkpt lat="56.2449440" lon="10.1291400">
    <ele>60.8</ele>
   </trkpt>
   <trkpt lat="56.2449250" lon="10.1290230">
    <ele>60.8</ele>
   </trkpt>
   <trkpt lat="56.2449070" lon="10.1289050">
    <ele>61.0</ele>
   </trkpt>
   <trkpt lat="56.2448880" lon="10.1287870">
    <ele>61.0</ele>
   </trkpt>
   <trkpt lat="56.2448690" lon="10.1286680">
    <ele>61.2</ele>
   </trkpt>
   <trkpt lat="56.2448540" lon="10.1285480">
    <ele>61.4</ele>
   </trkpt>
   <trkpt lat="56.2448400" lon="10.1284310">
    <ele>61.6</ele>
   </trkpt>
   <trkpt lat="56.2448250" lon="10.1283130">
    <ele>61.6</ele>
   </trkpt>
   <trkpt lat="56.2448060" lon="10.1281960">
    <ele>61.8</ele>
   </trkpt>
   <trkpt lat="56.2447870" lon="10.1280770">
    <ele>61.8</ele>
   </trkpt>
   <trkpt lat="56.2447700" lon="10.1279570">
    <ele>61.8</ele>
   </trkpt>
   <trkpt lat="56.2447540" lon="10.1278370">
    <ele>61.8</ele>
   </trkpt>
   <trkpt lat="56.2447330" lon="10.1277150">
    <ele>61.8</ele>
   </trkpt>
   <trkpt lat="56.2447150" lon="10.1275960">
    <ele>61.8</ele>
   </trkpt>
   <trkpt lat="56.2446990" lon="10.1274750">
    <ele>61.6</ele>
   </trkpt>
   <trkpt lat="56.2446850" lon="10.1273520">
    <ele>61.4</ele>
   </trkpt>
   <trkpt lat="56.2446750" lon="10.1272290">
    <ele>61.2</ele>
   </trkpt>
   <trkpt lat="56.2446660" lon="10.1271040">
    <ele>61.0</ele>
   </trkpt>
   <trkpt lat="56.2446570" lon="10.1269790">
    <ele>60.6</ele>
   </trkpt>
   <trkpt lat="56.2446490" lon="10.1268510">
    <ele>60.2</ele>
   </trkpt>
   <trkpt lat="56.2446410" lon="10.1267250">
    <ele>60.0</ele>
   </trkpt>
   <trkpt lat="56.2446360" lon="10.1265940">
    <ele>59.6</ele>
   </trkpt>
   <trkpt lat="56.2446330" lon="10.1264620">
    <ele>59.4</ele>
   </trkpt>
   <trkpt lat="56.2446290" lon="10.1263270">
    <ele>59.4</ele>
   </trkpt>
   <trkpt lat="56.2446280" lon="10.1261870">
    <ele>59.2</ele>
   </trkpt>
   <trkpt lat="56.2446280" lon="10.1260460">
    <ele>58.8</ele>
   </trkpt>
   <trkpt lat="56.2446310" lon="10.1259070">
    <ele>58.2</ele>
   </trkpt>
   <trkpt lat="56.2446360" lon="10.1257700">
    <ele>57.6</ele>
   </trkpt>
   <trkpt lat="56.2446430" lon="10.1256340">
    <ele>57.0</ele>
   </trkpt>
   <trkpt lat="56.2446510" lon="10.1254970">
    <ele>56.4</ele>
   </trkpt>
   <trkpt lat="56.2446590" lon="10.1253590">
    <ele>56.2</ele>
   </trkpt>
   <trkpt lat="56.2446690" lon="10.1252210">
    <ele>56.0</ele>
   </trkpt>
   <trkpt lat="56.2446830" lon="10.1250870">
    <ele>55.8</ele>
   </trkpt>
   <trkpt lat="56.2446990" lon="10.1249520">
    <ele>55.8</ele>
   </trkpt>
   <trkpt lat="56.2447160" lon="10.1248180">
    <ele>55.8</ele>
   </trkpt>
   <trkpt lat="56.2447340" lon="10.1246890">
    <ele>55.8</ele>
   </trkpt>
   <trkpt lat="56.2447530" lon="10.1245640">
    <ele>55.6</ele>
   </trkpt>
   <trkpt lat="56.2447740" lon="10.1244400">
    <ele>55.6</ele>
   </trkpt>
   <trkpt lat="56.2448000" lon="10.1243140">
    <ele>55.6</ele>
   </trkpt>
   <trkpt lat="56.2448290" lon="10.1241910">
    <ele>55.6</ele>
   </trkpt>
   <trkpt lat="56.2448560" lon="10.1240790">
    <ele>55.6</ele>
   </trkpt>
   <trkpt lat="56.2448830" lon="10.1239680">
    <ele>55.8</ele>
   </trkpt>
   <trkpt lat="56.2449070" lon="10.1238540">
    <ele>56.2</ele>
   </trkpt>
   <trkpt lat="56.2449300" lon="10.1237440">
    <ele>56.4</ele>
   </trkpt>
   <trkpt lat="56.2449540" lon="10.1236370">
    <ele>56.8</ele>
   </trkpt>
   <trkpt lat="56.2449790" lon="10.1235330">
    <ele>57.0</ele>
   </trkpt>
   <trkpt lat="56.2450050" lon="10.1234320">
    <ele>57.2</ele>
   </trkpt>
   <trkpt lat="56.2450300" lon="10.1233330">
    <ele>57.4</ele>
   </trkpt>
   <trkpt lat="56.2450540" lon="10.1232400">
    <ele>57.6</ele>
   </trkpt>
   <trkpt lat="56.2450790" lon="10.1231540">
    <ele>57.8</ele>
   </trkpt>
   <trkpt lat="56.2451030" lon="10.1230700">
    <ele>58.0</ele>
   </trkpt>
   <trkpt lat="56.2451270" lon="10.1229910">
    <ele>58.4</ele>
   </trkpt>
   <trkpt lat="56.2451500" lon="10.1229160">
    <ele>58.6</ele>
   </trkpt>
   <trkpt lat="56.2451740" lon="10.1228420">
    <ele>59.0</ele>
   </trkpt>
   <trkpt lat="56.2451970" lon="10.1227700">
    <ele>59.2</ele>
   </trkpt>
   <trkpt lat="56.2452200" lon="10.1226970">
    <ele>59.6</ele>
   </trkpt>
   <trkpt lat="56.2452400" lon="10.1226220">
    <ele>59.8</ele>
   </trkpt>
   <trkpt lat="56.2452590" lon="10.1225470">
    <ele>60.0</ele>
   </trkpt>
   <trkpt lat="56.2452820" lon="10.1224730">
    <ele>60.0</ele>
   </trkpt>
   <trkpt lat="56.2453040" lon="10.1223980">
    <ele>60.2</ele>
   </trkpt>
   <trkpt lat="56.2453240" lon="10.1223200">
    <ele>60.4</ele>
   </trkpt>
   <trkpt lat="56.2453420" lon="10.1222400">
    <ele>60.4</ele>
   </trkpt>
   <trkpt lat="56.2453610" lon="10.1221600">
    <ele>60.6</ele>
   </trkpt>
   <trkpt lat="56.2453800" lon="10.1220800">
    <ele>60.8</ele>
   </trkpt>
   <trkpt lat="56.2453990" lon="10.1220000">
    <ele>61.2</ele>
   </trkpt>
   <trkpt lat="56.2454170" lon="10.1219190">
    <ele>61.4</ele>
   </trkpt>
   <trkpt lat="56.2454340" lon="10.1218330">
    <ele>61.8</ele>
   </trkpt>
   <trkpt lat="56.2454520" lon="10.1217470">
    <ele>62.0</ele>
   </trkpt>
   <trkpt lat="56.2454680" lon="10.1216610">
    <ele>62.0</ele>
   </trkpt>
   <trkpt lat="56.2454850" lon="10.1215760">
    <ele>62.0</ele>
   </trkpt>
   <trkpt lat="56.2454980" lon="10.1214890">
    <ele>62.0</ele>
   </trkpt>
   <trkpt lat="56.2455140" lon="10.1214000">
    <ele>62.0</ele>
   </trkpt>
   <trkpt lat="56.2455300" lon="10.1213140">
    <ele>62.0</ele>
   </trkpt>
   <trkpt lat="56.2455430" lon="10.1212260">
    <ele>61.8</ele>
   </trkpt>
   <trkpt lat="56.2455580" lon="10.1211370">
    <ele>61.8</ele>
   </trkpt>
   <trkpt lat="56.2455730" lon="10.1210480">
    <ele>61.8</ele>
   </trkpt>
   <trkpt lat="56.2455860" lon="10.1209570">
    <ele>61.8</ele>
   </trkpt>
   <trkpt lat="56.2456010" lon="10.1208670">
    <ele>61.8</ele>
   </trkpt>
   <trkpt lat="56.2456160" lon="10.1207750">
    <ele>61.8</ele>
   </trkpt>
   <trkpt lat="56.2456290" lon="10.1206810">
    <ele>62.0</ele>
   </trkpt>
   <trkpt lat="56.2456410" lon="10.1205860">
    <ele>62.0</ele>
   </trkpt>
   <trkpt lat="56.2456530" lon="10.1204920">
    <ele>62.2</ele>
   </trkpt>
   <trkpt lat="56.2456660" lon="10.1203970">
    <ele>62.4</ele>
   </trkpt>
   <trkpt lat="56.2456790" lon="10.1203010">
    <ele>62.4</ele>
   </trkpt>
   <trkpt lat="56.2456920" lon="10.1202070">
    <ele>62.4</ele>
   </trkpt>
   <trkpt lat="56.2457080" lon="10.1201160">
    <ele>62.4</ele>
   </trkpt>
   <trkpt lat="56.2457230" lon="10.1200220">
    <ele>62.4</ele>
   </trkpt>
   <trkpt lat="56.2457360" lon="10.1199290">
    <ele>62.4</ele>
   </trkpt>
   <trkpt lat="56.2457500" lon="10.1198360">
    <ele>62.6</ele>
   </trkpt>
   <trkpt lat="56.2457630" lon="10.1197440">
    <ele>62.6</ele>
   </trkpt>
   <trkpt lat="56.2457740" lon="10.1196550">
    <ele>62.8</ele>
   </trkpt>
   <trkpt lat="56.2457860" lon="10.1195670">
    <ele>63.0</ele>
   </trkpt>
   <trkpt lat="56.2458020" lon="10.1194790">
    <ele>63.0</ele>
   </trkpt>
   <trkpt lat="56.2458250" lon="10.1193960">
    <ele>63.2</ele>
   </trkpt>
   <trkpt lat="56.2458580" lon="10.1193300">
    <ele>63.4</ele>
   </trkpt>
   <trkpt lat="56.2459010" lon="10.1192800">
    <ele>63.6</ele>
   </trkpt>
   <trkpt lat="56.2459510" lon="10.1192440">
    <ele>63.6</ele>
   </trkpt>
   <trkpt lat="56.2460030" lon="10.1192070">
    <ele>63.6</ele>
   </trkpt>
   <trkpt lat="56.2460490" lon="10.1191750">
    <ele>63.6</ele>
   </trkpt>
   <trkpt lat="56.2460920" lon="10.1191470">
    <ele>63.8</ele>
   </trkpt>
   <trkpt lat="56.2461410" lon="10.1191140">
    <ele>63.8</ele>
   </trkpt>
   <trkpt lat="56.2461990" lon="10.1190750">
    <ele>63.6</ele>
   </trkpt>
   <trkpt lat="56.2462630" lon="10.1190230">
    <ele>63.6</ele>
   </trkpt>
   <trkpt lat="56.2463270" lon="10.1189730">
    <ele>63.4</ele>
   </trkpt>
   <trkpt lat="56.2463900" lon="10.1189240">
    <ele>63.4</ele>
   </trkpt>
   <trkpt lat="56.2464540" lon="10.1188750">
    <ele>63.2</ele>
   </trkpt>
   <trkpt lat="56.2465170" lon="10.1188300">
    <ele>63.2</ele>
   </trkpt>
   <trkpt lat="56.2465860" lon="10.1187800">
    <ele>63.2</ele>
   </trkpt>
   <trkpt lat="56.2466520" lon="10.1187280">
    <ele>63.2</ele>
   </trkpt>
   <trkpt lat="56.2467190" lon="10.1186720">
    <ele>63.2</ele>
   </trkpt>
   <trkpt lat="56.2467810" lon="10.1186110">
    <ele>63.0</ele>
   </trkpt>
   <trkpt lat="56.2468380" lon="10.1185460">
    <ele>63.0</ele>
   </trkpt>
   <trkpt lat="56.2468970" lon="10.1184800">
    <ele>62.8</ele>
   </trkpt>
   <trkpt lat="56.2469590" lon="10.1184000">
    <ele>62.4</ele>
   </trkpt>
   <trkpt lat="56.2470200" lon="10.1183150">
    <ele>62.2</ele>
   </trkpt>
   <trkpt lat="56.2470780" lon="10.1182290">
    <ele>61.8</ele>
   </trkpt>
   <trkpt lat="56.2471350" lon="10.1181370">
    <ele>61.6</ele>
   </trkpt>
   <trkpt lat="56.2471910" lon="10.1180500">
    <ele>61.4</ele>
   </trkpt>
   <trkpt lat="56.2472490" lon="10.1179660">
    <ele>61.4</ele>
   </trkpt>
   <trkpt lat="56.2473050" lon="10.1178800">
    <ele>61.2</ele>
   </trkpt>
   <trkpt lat="56.2473610" lon="10.1177900">
    <ele>61.2</ele>
   </trkpt>
   <trkpt lat="56.2474190" lon="10.1177010">
    <ele>61.0</ele>
   </trkpt>
   <trkpt lat="56.2474770" lon="10.1176120">
    <ele>61.0</ele>
   </trkpt>
   <trkpt lat="56.2475360" lon="10.1175280">
    <ele>60.8</ele>
   </trkpt>
   <trkpt lat="56.2475910" lon="10.1174420">
    <ele>60.6</ele>
   </trkpt>
   <trkpt lat="56.2476490" lon="10.1173540">
    <ele>60.4</ele>
   </trkpt>
   <trkpt lat="56.2477080" lon="10.1172670">
    <ele>60.0</ele>
   </trkpt>
   <trkpt lat="56.2477640" lon="10.1171840">
    <ele>59.8</ele>
   </trkpt>
   <trkpt lat="56.2478200" lon="10.1171030">
    <ele>59.4</ele>
   </trkpt>
   <trkpt lat="56.2478780" lon="10.1170180">
    <ele>59.2</ele>
   </trkpt>
   <trkpt lat="56.2479350" lon="10.1169310">
    <ele>59.0</ele>
   </trkpt>
   <trkpt lat="56.2479940" lon="10.1168420">
    <ele>58.8</ele>
   </trkpt>
   <trkpt lat="56.2480520" lon="10.1167520">
    <ele>58.6</ele>
   </trkpt>
   <trkpt lat="56.2481110" lon="10.1166580">
    <ele>58.2</ele>
   </trkpt>
   <trkpt lat="56.2481690" lon="10.1165610">
    <ele>58.0</ele>
   </trkpt>
   <trkpt lat="56.2482280" lon="10.1164670">
    <ele>57.8</ele>
   </trkpt>
   <trkpt lat="56.2482910" lon="10.1163730">
    <ele>57.4</ele>
   </trkpt>
   <trkpt lat="56.2483550" lon="10.1162740">
    <ele>57.2</ele>
   </trkpt>
   <trkpt lat="56.2484200" lon="10.1161750">
    <ele>57.0</ele>
   </trkpt>
   <trkpt lat="56.2484830" lon="10.1160730">
    <ele>56.8</ele>
   </trkpt>
   <trkpt lat="56.2485480" lon="10.1159740">
    <ele>56.6</ele>
   </trkpt>
   <trkpt lat="56.2486110" lon="10.1158790">
    <ele>56.2</ele>
   </trkpt>
   <trkpt lat="56.2486720" lon="10.1157850">
    <ele>56.0</ele>
   </trkpt>
   <trkpt lat="56.2487320" lon="10.1156950">
    <ele>55.8</ele>
   </trkpt>
   <trkpt lat="56.2487910" lon="10.1156020">
    <ele>55.6</ele>
   </trkpt>
   <trkpt lat="56.2488480" lon="10.1155110">
    <ele>55.4</ele>
   </trkpt>
   <trkpt lat="56.2488990" lon="10.1154170">
    <ele>55.4</ele>
   </trkpt>
   <trkpt lat="56.2489470" lon="10.1153150">
    <ele>55.4</ele>
   </trkpt>
   <trkpt lat="56.2489920" lon="10.1152120">
    <ele>55.4</ele>
   </trkpt>
   <trkpt lat="56.2490310" lon="10.1151080">
    <ele>55.6</ele>
   </trkpt>
   <trkpt lat="56.2490670" lon="10.1150020">
    <ele>55.6</ele>
   </trkpt>
   <trkpt lat="56.2491030" lon="10.1148950">
    <ele>55.6</ele>
   </trkpt>
   <trkpt lat="56.2491390" lon="10.1147900">
    <ele>55.6</ele>
   </trkpt>
   <trkpt lat="56.2491750" lon="10.1146850">
    <ele>55.6</ele>
   </trkpt>
   <trkpt lat="56.2492120" lon="10.1145810">
    <ele>55.6</ele>
   </trkpt>
   <trkpt lat="56.2492500" lon="10.1144740">
    <ele>55.6</ele>
   </trkpt>
   <trkpt lat="56.2492940" lon="10.1143790">
    <ele>55.6</ele>
   </trkpt>
   <trkpt lat="56.2493480" lon="10.1142910">
    <ele>55.6</ele>
   </trkpt>
   <trkpt lat="56.2494120" lon="10.1142160">
    <ele>55.6</ele>
   </trkpt>
   <trkpt lat="56.2494840" lon="10.1141670">
    <ele>55.4</ele>
   </trkpt>
   <trkpt lat="56.2495610" lon="10.1141350">
    <ele>55.2</ele>
   </trkpt>
   <trkpt lat="56.2496380" lon="10.1141120">
    <ele>55.2</ele>
   </trkpt>
   <trkpt lat="56.2497180" lon="10.1140880">
    <ele>54.8</ele>
   </trkpt>
   <trkpt lat="56.2497980" lon="10.1140600">
    <ele>54.4</ele>
   </trkpt>
   <trkpt lat="56.2498750" lon="10.1140340">
    <ele>54.2</ele>
   </trkpt>
   <trkpt lat="56.2499490" lon="10.1140030">
    <ele>54.0</ele>
   </trkpt>
   <trkpt lat="56.2500210" lon="10.1139650">
    <ele>54.0</ele>
   </trkpt>
   <trkpt lat="56.2500930" lon="10.1139300">
    <ele>54.0</ele>
   </trkpt>
   <trkpt lat="56.2501670" lon="10.1138970">
    <ele>54.2</ele>
   </trkpt>
   <trkpt lat="56.2502390" lon="10.1138680">
    <ele>54.4</ele>
   </trkpt>
   <trkpt lat="56.2503100" lon="10.1138440">
    <ele>54.6</ele>
   </trkpt>
   <trkpt lat="56.2503790" lon="10.1138240">
    <ele>54.8</ele>
   </trkpt>
   <trkpt lat="56.2504480" lon="10.1138100">
    <ele>55.0</ele>
   </trkpt>
   <trkpt lat="56.2505150" lon="10.1138040">
    <ele>55.0</ele>
   </trkpt>
   <trkpt lat="56.2505820" lon="10.1138040">
    <ele>55.2</ele>
   </trkpt>
   <trkpt lat="56.2506490" lon="10.1138070">
    <ele>55.2</ele>
   </trkpt>
   <trkpt lat="56.2507130" lon="10.1138100">
    <ele>55.2</ele>
   </trkpt>
   <trkpt lat="56.2507760" lon="10.1138220">
    <ele>55.4</ele>
   </trkpt>
   <trkpt lat="56.2508380" lon="10.1138400">
    <ele>55.6</ele>
   </trkpt>
   <trkpt lat="56.2508990" lon="10.1138580">
    <ele>55.8</ele>
   </trkpt>
   <trkpt lat="56.2509560" lon="10.1138780">
    <ele>56.2</ele>
   </trkpt>
   <trkpt lat="56.2510110" lon="10.1138990">
    <ele>56.6</ele>
   </trkpt>
   <trkpt lat="56.2510620" lon="10.1139210">
    <ele>57.0</ele>
   </trkpt>
   <trkpt lat="56.2511070" lon="10.1139460">
    <ele>57.4</ele>
   </trkpt>
   <trkpt lat="56.2511500" lon="10.1139650">
    <ele>58.0</ele>
   </trkpt>
   <trkpt lat="56.2511890" lon="10.1139820">
    <ele>58.4</ele>
   </trkpt>
   <trkpt lat="56.2512250" lon="10.1140010">
    <ele>59.0</ele>
   </trkpt>
   <trkpt lat="56.2512600" lon="10.1140220">
    <ele>59.6</ele>
   </trkpt>
   <trkpt lat="56.2512960" lon="10.1140420">
    <ele>60.0</ele>
   </trkpt>
   <trkpt lat="56.2513320" lon="10.1140610">
    <ele>60.4</ele>
   </trkpt>
   <trkpt lat="56.2513660" lon="10.1140790">
    <ele>61.0</ele>
   </trkpt>
   <trkpt lat="56.2514010" lon="10.1140950">
    <ele>61.4</ele>
   </trkpt>
   <trkpt lat="56.2514380" lon="10.1141130">
    <ele>61.6</ele>
   </trkpt>
   <trkpt lat="56.2514740" lon="10.1141340">
    <ele>62.0</ele>
   </trkpt>
   <trkpt lat="56.2515120" lon="10.1141560">
    <ele>62.2</ele>
   </trkpt>
   <trkpt lat="56.2515500" lon="10.1141760">
    <ele>62.6</ele>
   </trkpt>
   <trkpt lat="56.2515850" lon="10.1141940">
    <ele>62.8</ele>
   </trkpt>
   <trkpt lat="56.2516160" lon="10.1142120">
    <ele>63.2</ele>
   </trkpt>
   <trkpt lat="56.2516500" lon="10.1142320">
    <ele>63.6</ele>
   </trkpt>
   <trkpt lat="56.2516840" lon="10.1142610">
    <ele>64.0</ele>
   </trkpt>
   <trkpt lat="56.2517210" lon="10.1142910">
    <ele>64.2</ele>
   </trkpt>
   <trkpt lat="56.2517580" lon="10.1143190">
    <ele>64.6</ele>
   </trkpt>
   <trkpt lat="56.2517980" lon="10.1143470">
    <ele>64.8</ele>
   </trkpt>
   <trkpt lat="56.2518380" lon="10.1143830">
    <ele>65.0</ele>
   </trkpt>
   <trkpt lat="56.2518880" lon="10.1144260">
    <ele>65.0</ele>
   </trkpt>
   <trkpt lat="56.2519310" lon="10.1144650">
    <ele>65.2</ele>
   </trkpt>
   <trkpt lat="56.2519720" lon="10.1145030">
    <ele>65.2</ele>
   </trkpt>
   <trkpt lat="56.2520100" lon="10.1145510">
    <ele>65.2</ele>
   </trkpt>
   <trkpt lat="56.2520540" lon="10.1145950">
    <ele>65.2</ele>
   </trkpt>
   <trkpt lat="56.2520910" lon="10.1146380">
    <ele>65.4</ele>
   </trkpt>
   <trkpt lat="56.2521340" lon="10.1146830">
    <ele>65.4</ele>
   </trkpt>
   <trkpt lat="56.2521750" lon="10.1147220">
    <ele>65.4</ele>
   </trkpt>
   <trkpt lat="56.2522200" lon="10.1147680">
    <ele>65.4</ele>
   </trkpt>
   <trkpt lat="56.2522660" lon="10.1148170">
    <ele>65.4</ele>
   </trkpt>
   <trkpt lat="56.2523190" lon="10.1148780">
    <ele>65.4</ele>
   </trkpt>
   <trkpt lat="56.2523750" lon="10.1149440">
    <ele>65.4</ele>
   </trkpt>
   <trkpt lat="56.2524230" lon="10.1150070">
    <ele>65.4</ele>
   </trkpt>
   <trkpt lat="56.2524740" lon="10.1150620">
    <ele>65.4</ele>
   </trkpt>
   <trkpt lat="56.2525260" lon="10.1151200">
    <ele>65.4</ele>
   </trkpt>
   <trkpt lat="56.2525810" lon="10.1151770">
    <ele>65.2</ele>
   </trkpt>
   <trkpt lat="56.2526330" lon="10.1152350">
    <ele>65.2</ele>
   </trkpt>
   <trkpt lat="56.2526870" lon="10.1152880">
    <ele>65.2</ele>
   </trkpt>
   <trkpt lat="56.2527390" lon="10.1153480">
    <ele>65.2</ele>
   </trkpt>
   <trkpt lat="56.2527960" lon="10.1154100">
    <ele>65.0</ele>
   </trkpt>
   <trkpt lat="56.2528520" lon="10.1154750">
    <ele>65.0</ele>
   </trkpt>
   <trkpt lat="56.2529110" lon="10.1155330">
    <ele>65.0</ele>
   </trkpt>
   <trkpt lat="56.2529700" lon="10.1155910">
    <ele>64.8</ele>
   </trkpt>
   <trkpt lat="56.2530320" lon="10.1156480">
    <ele>64.8</ele>
   </trkpt>
   <trkpt lat="56.2530930" lon="10.1156980">
    <ele>64.6</ele>
   </trkpt>
   <trkpt lat="56.2531540" lon="10.1157390">
    <ele>64.6</ele>
   </trkpt>
   <trkpt lat="56.2532180" lon="10.1157690">
    <ele>64.4</ele>
   </trkpt>
   <trkpt lat="56.2532800" lon="10.1157880">
    <ele>64.2</ele>
   </trkpt>
   <trkpt lat="56.2533430" lon="10.1158020">
    <ele>64.0</ele>
   </trkpt>
   <trkpt lat="56.2534070" lon="10.1158080">
    <ele>63.8</ele>
   </trkpt>
   <trkpt lat="56.2534720" lon="10.1158090">
    <ele>63.6</ele>
   </trkpt>
   <trkpt lat="56.2535380" lon="10.1158080">
    <ele>63.4</ele>
   </trkpt>
   <trkpt lat="56.2536050" lon="10.1158050">
    <ele>63.4</ele>
   </trkpt>
   <trkpt lat="56.2536700" lon="10.1157970">
    <ele>63.4</ele>
   </trkpt>
   <trkpt lat="56.2537350" lon="10.1157840">
    <ele>63.2</ele>
   </trkpt>
   <trkpt lat="56.2538010" lon="10.1157700">
    <ele>63.0</ele>
   </trkpt>
   <trkpt lat="56.2538690" lon="10.1157530">
    <ele>62.8</ele>
   </trkpt>
   <trkpt lat="56.2539380" lon="10.1157300">
    <ele>62.6</ele>
   </trkpt>
   <trkpt lat="56.2540080" lon="10.1157050">
    <ele>62.2</ele>
   </trkpt>
   <trkpt lat="56.2540800" lon="10.1156800">
    <ele>61.8</ele>
   </trkpt>
   <trkpt lat="56.2541560" lon="10.1156530">
    <ele>61.0</ele>
   </trkpt>
   <trkpt lat="56.2542370" lon="10.1156260">
    <ele>60.2</ele>
   </trkpt>
   <trkpt lat="56.2543210" lon="10.1155970">
    <ele>59.4</ele>
   </trkpt>
   <trkpt lat="56.2544070" lon="10.1155640">
    <ele>58.6</ele>
   </trkpt>
   <trkpt lat="56.2544920" lon="10.1155280">
    <ele>57.8</ele>
   </trkpt>
   <trkpt lat="56.2545730" lon="10.1154890">
    <ele>57.2</ele>
   </trkpt>
   <trkpt lat="56.2546520" lon="10.1154480">
    <ele>56.8</ele>
   </trkpt>
   <trkpt lat="56.2547270" lon="10.1154020">
    <ele>56.6</ele>
   </trkpt>
   <trkpt lat="56.2547970" lon="10.1153560">
    <ele>56.6</ele>
   </trkpt>
   <trkpt lat="56.2548660" lon="10.1153050">
    <ele>56.6</ele>
   </trkpt>
   <trkpt lat="56.2549320" lon="10.1152550">
    <ele>56.8</ele>
   </trkpt>
   <trkpt lat="56.2549970" lon="10.1152040">
    <ele>57.2</ele>
   </trkpt>
   <trkpt lat="56.2550620" lon="10.1151520">
    <ele>57.4</ele>
   </trkpt>
   <trkpt lat="56.2551250" lon="10.1151010">
    <ele>57.6</ele>
   </trkpt>
   <trkpt lat="56.2551840" lon="10.1150510">
    <ele>57.8</ele>
   </trkpt>
   <trkpt lat="56.2552410" lon="10.1150040">
    <ele>58.2</ele>
   </trkpt>
   <trkpt lat="56.2552930" lon="10.1149640">
    <ele>58.6</ele>
   </trkpt>
   <trkpt lat="56.2553380" lon="10.1149270">
    <ele>59.2</ele>
   </trkpt>
   <trkpt lat="56.2553800" lon="10.1148890">
    <ele>60.0</ele>
   </trkpt>
   <trkpt lat="56.2554190" lon="10.1148580">
    <ele>60.6</ele>
   </trkpt>
   <trkpt lat="56.2554560" lon="10.1148340">
    <ele>61.4</ele>
   </trkpt>
   <trkpt lat="56.2554930" lon="10.1148130">
    <ele>61.8</ele>
   </trkpt>
   <trkpt lat="56.2555300" lon="10.1147880">
    <ele>62.2</ele>
   </trkpt>
   <trkpt lat="56.2555670" lon="10.1147640">
    <ele>62.6</ele>
   </trkpt>
   <trkpt lat="56.2556040" lon="10.1147450">
    <ele>62.8</ele>
   </trkpt>
   <trkpt lat="56.2556400" lon="10.1147250">
    <ele>63.0</ele>
   </trkpt>
   <trkpt lat="56.2556780" lon="10.1147080">
    <ele>63.2</ele>
   </trkpt>
   <trkpt lat="56.2557160" lon="10.1146900">
    <ele>63.2</ele>
   </trkpt>
   <trkpt lat="56.2557570" lon="10.1146750">
    <ele>63.4</ele>
   </trkpt>
   <trkpt lat="56.2558000" lon="10.1146600">
    <ele>63.8</ele>
   </trkpt>
   <trkpt lat="56.2558410" lon="10.1146470">
    <ele>64.0</ele>
   </trkpt>
   <trkpt lat="56.2558840" lon="10.1146390">
    <ele>64.2</ele>
   </trkpt>
   <trkpt lat="56.2559250" lon="10.1146310">
    <ele>64.4</ele>
   </trkpt>
   <trkpt lat="56.2559660" lon="10.1146170">
    <ele>64.6</ele>
   </trkpt>
   <trkpt lat="56.2560050" lon="10.1146030">
    <ele>64.8</ele>
   </trkpt>
   <trkpt lat="56.2560450" lon="10.1145900">
    <ele>65.0</ele>
   </trkpt>
   <trkpt lat="56.2560840" lon="10.1145800">
    <ele>65.2</ele>
   </trkpt>
   <trkpt lat="56.2561260" lon="10.1145720">
    <ele>65.6</ele>
   </trkpt>
   <trkpt lat="56.2561660" lon="10.1145630">
    <ele>65.8</ele>
   </trkpt>
   <trkpt lat="56.2562070" lon="10.1145540">
    <ele>66.2</ele>
   </trkpt>
   <trkpt lat="56.2562490" lon="10.1145450">
    <ele>66.6</ele>
   </trkpt>
   <trkpt lat="56.2562890" lon="10.1145360">
    <ele>66.8</ele>
   </trkpt>
   <trkpt lat="56.2563270" lon="10.1145270">
    <ele>67.0</ele>
   </trkpt>
   <trkpt lat="56.2563670" lon="10.1145180">
    <ele>67.2</ele>
   </trkpt>
   <trkpt lat="56.2564090" lon="10.1145070">
    <ele>67.4</ele>
   </trkpt>
   <trkpt lat="56.2564520" lon="10.1144960">
    <ele>67.4</ele>
   </trkpt>
   <trkpt lat="56.2564960" lon="10.1144850">
    <ele>67.6</ele>
   </trkpt>
   <trkpt lat="56.2565380" lon="10.1144740">
    <ele>67.6</ele>
   </trkpt>
   <trkpt lat="56.2565810" lon="10.1144650">
    <ele>67.8</ele>
   </trkpt>
   <trkpt lat="56.2566240" lon="10.1144580">
    <ele>68.0</ele>
   </trkpt>
   <trkpt lat="56.2566660" lon="10.1144510">
    <ele>68.0</ele>
   </trkpt>
   <trkpt lat="56.2567070" lon="10.1144450">
    <ele>68.2</ele>
   </trkpt>
   <trkpt lat="56.2567490" lon="10.1144420">
    <ele>68.4</ele>
   </trkpt>
   <trkpt lat="56.2567920" lon="10.1144390">
    <ele>68.4</ele>
   </trkpt>
   <trkpt lat="56.2568350" lon="10.1144360">
    <ele>68.6</ele>
   </trkpt>
   <trkpt lat="56.2568780" lon="10.1144380">
    <ele>68.8</ele>
   </trkpt>
   <trkpt lat="56.2569220" lon="10.1144390">
    <ele>69.0</ele>
   </trkpt>
   <trkpt lat="56.2569650" lon="10.1144410">
    <ele>69.2</ele>
   </trkpt>
   <trkpt lat="56.2570070" lon="10.1144440">
    <ele>69.2</ele>
   </trkpt>
   <trkpt lat="56.2570510" lon="10.1144480">
    <ele>69.4</ele>
   </trkpt>
   <trkpt lat="56.2570960" lon="10.1144530">
    <ele>69.4</ele>
   </trkpt>
   <trkpt lat="56.2571430" lon="10.1144560">
    <ele>69.2</ele>
   </trkpt>
   <trkpt lat="56.2571900" lon="10.1144590">
    <ele>69.2</ele>
   </trkpt>
   <trkpt lat="56.2572390" lon="10.1144650">
    <ele>69.2</ele>
   </trkpt>
   <trkpt lat="56.2572880" lon="10.1144680">
    <ele>69.2</ele>
   </trkpt>
   <trkpt lat="56.2573400" lon="10.1144720">
    <ele>69.2</ele>
   </trkpt>
   <trkpt lat="56.2573900" lon="10.1144790">
    <ele>69.4</ele>
   </trkpt>
   <trkpt lat="56.2574410" lon="10.1144830">
    <ele>69.4</ele>
   </trkpt>
   <trkpt lat="56.2574930" lon="10.1144870">
    <ele>69.4</ele>
   </trkpt>
   <trkpt lat="56.2575440" lon="10.1144900">
    <ele>69.4</ele>
   </trkpt>
   <trkpt lat="56.2575940" lon="10.1144920">
    <ele>69.4</ele>
   </trkpt>
   <trkpt lat="56.2576440" lon="10.1144970">
    <ele>69.4</ele>
   </trkpt>
   <trkpt lat="56.2576930" lon="10.1145010">
    <ele>69.4</ele>
   </trkpt>
   <trkpt lat="56.2577430" lon="10.1145050">
    <ele>69.6</ele>
   </trkpt>
   <trkpt lat="56.2577930" lon="10.1145140">
    <ele>69.6</ele>
   </trkpt>
   <trkpt lat="56.2578450" lon="10.1145210">
    <ele>69.6</ele>
   </trkpt>
   <trkpt lat="56.2578970" lon="10.1145250">
    <ele>69.4</ele>
   </trkpt>
   <trkpt lat="56.2579510" lon="10.1145300">
    <ele>69.4</ele>
   </trkpt>
   <trkpt lat="56.2580050" lon="10.1145360">
    <ele>69.2</ele>
   </trkpt>
   <trkpt lat="56.2580600" lon="10.1145410">
    <ele>69.2</ele>
   </trkpt>
   <trkpt lat="56.2581150" lon="10.1145430">
    <ele>69.2</ele>
   </trkpt>
   <trkpt lat="56.2581700" lon="10.1145460">
    <ele>69.2</ele>
   </trkpt>
   <trkpt lat="56.2582260" lon="10.1145490">
    <ele>69.2</ele>
   </trkpt>
   <trkpt lat="56.2582830" lon="10.1145530">
    <ele>69.2</ele>
   </trkpt>
   <trkpt lat="56.2583400" lon="10.1145500">
    <ele>69.2</ele>
   </trkpt>
   <trkpt lat="56.2583960" lon="10.1145470">
    <ele>69.2</ele>
   </trkpt>
   <trkpt lat="56.2584530" lon="10.1145450">
    <ele>69.2</ele>
   </trkpt>
   <trkpt lat="56.2585080" lon="10.1145350">
    <ele>69.2</ele>
   </trkpt>
   <trkpt lat="56.2585640" lon="10.1145150">
    <ele>69.0</ele>
   </trkpt>
   <trkpt lat="56.2586210" lon="10.1144840">
    <ele>68.8</ele>
   </trkpt>
   <trkpt lat="56.2586770" lon="10.1144390">
    <ele>68.6</ele>
   </trkpt>
   <trkpt lat="56.2587300" lon="10.1143850">
    <ele>68.4</ele>
   </trkpt>
   <trkpt lat="56.2587820" lon="10.1143200">
    <ele>68.0</ele>
   </trkpt>
   <trkpt lat="56.2588280" lon="10.1142470">
    <ele>67.8</ele>
   </trkpt>
   <trkpt lat="56.2588760" lon="10.1141760">
    <ele>67.6</ele>
   </trkpt>
   <trkpt lat="56.2589220" lon="10.1141070">
    <ele>67.4</ele>
   </trkpt>
   <trkpt lat="56.2589700" lon="10.1140370">
    <ele>67.2</ele>
   </trkpt>
   <trkpt lat="56.2590170" lon="10.1139680">
    <ele>67.0</ele>
   </trkpt>
   <trkpt lat="56.2590630" lon="10.1138980">
    <ele>66.8</ele>
   </trkpt>
   <trkpt lat="56.2591080" lon="10.1138280">
    <ele>66.6</ele>
   </trkpt>
   <trkpt lat="56.2591540" lon="10.1137600">
    <ele>66.6</ele>
   </trkpt>
   <trkpt lat="56.2592010" lon="10.1136900">
    <ele>66.6</ele>
   </trkpt>
   <trkpt lat="56.2592470" lon="10.1136200">
    <ele>66.6</ele>
   </trkpt>
   <trkpt lat="56.2592940" lon="10.1135510">
    <ele>66.8</ele>
   </trkpt>
   <trkpt lat="56.2593420" lon="10.1134810">
    <ele>66.8</ele>
   </trkpt>
   <trkpt lat="56.2593890" lon="10.1134080">
    <ele>67.0</ele>
   </trkpt>
   <trkpt lat="56.2594370" lon="10.1133380">
    <ele>67.0</ele>
   </trkpt>
   <trkpt lat="56.2594840" lon="10.1132700">
    <ele>67.0</ele>
   </trkpt>
   <trkpt lat="56.2595320" lon="10.1132000">
    <ele>67.0</ele>
   </trkpt>
   <trkpt lat="56.2595790" lon="10.1131290">
    <ele>66.8</ele>
   </trkpt>
   <trkpt lat="56.2596280" lon="10.1130580">
    <ele>66.8</ele>
   </trkpt>
   <trkpt lat="56.2596760" lon="10.1129870">
    <ele>66.8</ele>
   </trkpt>
   <trkpt lat="56.2597240" lon="10.1129150">
    <ele>66.8</ele>
   </trkpt>
   <trkpt lat="56.2597700" lon="10.1128450">
    <ele>66.6</ele>
   </trkpt>
   <trkpt lat="56.2598190" lon="10.1127730">
    <ele>66.6</ele>
   </trkpt>
   <trkpt lat="56.2598670" lon="10.1127010">
    <ele>66.4</ele>
   </trkpt>
   <trkpt lat="56.2599130" lon="10.1126280">
    <ele>66.4</ele>
   </trkpt>
   <trkpt lat="56.2599610" lon="10.1125560">
    <ele>66.2</ele>
   </trkpt>
   <trkpt lat="56.2600100" lon="10.1124850">
    <ele>66.2</ele>
   </trkpt>
   <trkpt lat="56.2600570" lon="10.1124140">
    <ele>66.2</ele>
   </trkpt>
   <trkpt lat="56.2601050" lon="10.1123460">
    <ele>66.2</ele>
   </trkpt>
   <trkpt lat="56.2601540" lon="10.1122770">
    <ele>66.2</ele>
   </trkpt>
   <trkpt lat="56.2602020" lon="10.1122070">
    <ele>66.2</ele>
   </trkpt>
   <trkpt lat="56.2602500" lon="10.1121350">
    <ele>66.2</ele>
   </trkpt>
   <trkpt lat="56.2602970" lon="10.1120630">
    <ele>66.2</ele>
   </trkpt>
   <trkpt lat="56.2603450" lon="10.1119950">
    <ele>66.2</ele>
   </trkpt>
   <trkpt lat="56.2603930" lon="10.1119260">
    <ele>66.2</ele>
   </trkpt>
   <trkpt lat="56.2604400" lon="10.1118570">
    <ele>66.2</ele>
   </trkpt>
   <trkpt lat="56.2604870" lon="10.1117860">
    <ele>66.2</ele>
   </trkpt>
   <trkpt lat="56.2605350" lon="10.1117170">
    <ele>66.2</ele>
   </trkpt>
   <trkpt lat="56.2605820" lon="10.1116460">
    <ele>66.2</ele>
   </trkpt>
   <trkpt lat="56.2606310" lon="10.1115740">
    <ele>66.2</ele>
   </trkpt>
   <trkpt lat="56.2606800" lon="10.1115040">
    <ele>66.2</ele>
   </trkpt>
   <trkpt lat="56.2607290" lon="10.1114340">
    <ele>66.2</ele>
   </trkpt>
   <trkpt lat="56.2607790" lon="10.1113640">
    <ele>66.0</ele>
   </trkpt>
   <trkpt lat="56.2608300" lon="10.1112920">
    <ele>65.8</ele>
   </trkpt>
   <trkpt lat="56.2608810" lon="10.1112180">
    <ele>65.6</ele>
   </trkpt>
   <trkpt lat="56.2609310" lon="10.1111440">
    <ele>65.4</ele>
   </trkpt>
   <trkpt lat="56.2609790" lon="10.1110700">
    <ele>65.2</ele>
   </trkpt>
   <trkpt lat="56.2610290" lon="10.1109970">
    <ele>65.2</ele>
   </trkpt>
   <trkpt lat="56.2610780" lon="10.1109250">
    <ele>65.0</ele>
   </trkpt>
   <trkpt lat="56.2611250" lon="10.1108530">
    <ele>65.0</ele>
   </trkpt>
   <trkpt lat="56.2611750" lon="10.1107840">
    <ele>64.8</ele>
   </trkpt>
   <trkpt lat="56.2612230" lon="10.1107150">
    <ele>64.8</ele>
   </trkpt>
   <trkpt lat="56.2612710" lon="10.1106450">
    <ele>64.6</ele>
   </trkpt>
   <trkpt lat="56.2613170" lon="10.1105760">
    <ele>64.4</ele>
   </trkpt>
   <trkpt lat="56.2613630" lon="10.1105110">
    <ele>64.4</ele>
   </trkpt>
   <trkpt lat="56.2614100" lon="10.1104430">
    <ele>64.4</ele>
   </trkpt>
   <trkpt lat="56.2614570" lon="10.1103720">
    <ele>64.6</ele>
   </trkpt>
   <trkpt lat="56.2615050" lon="10.1103020">
    <ele>64.8</ele>
   </trkpt>
   <trkpt lat="56.2615540" lon="10.1102320">
    <ele>65.0</ele>
   </trkpt>
   <trkpt lat="56.2616020" lon="10.1101640">
    <ele>65.2</ele>
   </trkpt>
   <trkpt lat="56.2616480" lon="10.1100970">
    <ele>65.2</ele>
   </trkpt>
   <trkpt lat="56.2616950" lon="10.1100280">
    <ele>65.2</ele>
   </trkpt>
   <trkpt lat="56.2617420" lon="10.1099590">
    <ele>65.0</ele>
   </trkpt>
   <trkpt lat="56.2617920" lon="10.1098890">
    <ele>65.0</ele>
   </trkpt>
   <trkpt lat="56.2618390" lon="10.1098180">
    <ele>64.8</ele>
   </trkpt>
   <trkpt lat="56.2618850" lon="10.1097470">
    <ele>64.8</ele>
   </trkpt>
   <trkpt lat="56.2619320" lon="10.1096780">
    <ele>64.6</ele>
   </trkpt>
   <trkpt lat="56.2619770" lon="10.1096100">
    <ele>64.6</ele>
   </trkpt>
   <trkpt lat="56.2620210" lon="10.1095440">
    <ele>64.8</ele>
   </trkpt>
   <trkpt lat="56.2620650" lon="10.1094780">
    <ele>64.8</ele>
   </trkpt>
   <trkpt lat="56.2621060" lon="10.1094160">
    <ele>65.0</ele>
   </trkpt>
   <trkpt lat="56.2621450" lon="10.1093540">
    <ele>65.2</ele>
   </trkpt>
   <trkpt lat="56.2621860" lon="10.1092950">
    <ele>65.4</ele>
   </trkpt>
   <trkpt lat="56.2622270" lon="10.1092370">
    <ele>65.6</ele>
   </trkpt>
   <trkpt lat="56.2622670" lon="10.1091820">
    <ele>65.8</ele>
   </trkpt>
   <trkpt lat="56.2623070" lon="10.1091250">
    <ele>66.0</ele>
   </trkpt>
   <trkpt lat="56.2623470" lon="10.1090690">
    <ele>66.2</ele>
   </trkpt>
   <trkpt lat="56.2623870" lon="10.1090100">
    <ele>66.4</ele>
   </trkpt>
   <trkpt lat="56.2624260" lon="10.1089520">
    <ele>66.4</ele>
   </trkpt>
   <trkpt lat="56.2624660" lon="10.1088920">
    <ele>66.6</ele>
   </trkpt>
   <trkpt lat="56.2625080" lon="10.1088330">
    <ele>66.8</ele>
   </trkpt>
   <trkpt lat="56.2625490" lon="10.1087740">
    <ele>66.8</ele>
   </trkpt>
   <trkpt lat="56.2625910" lon="10.1087140">
    <ele>67.0</ele>
   </trkpt>
   <trkpt lat="56.2626310" lon="10.1086530">
    <ele>67.0</ele>
   </trkpt>
   <trkpt lat="56.2626720" lon="10.1085900">
    <ele>67.0</ele>
   </trkpt>
   <trkpt lat="56.2627110" lon="10.1085280">
    <ele>67.0</ele>
   </trkpt>
   <trkpt lat="56.2627510" lon="10.1084660">
    <ele>67.2</ele>
   </trkpt>
   <trkpt lat="56.2627940" lon="10.1084050">
    <ele>67.2</ele>
   </trkpt>
   <trkpt lat="56.2628370" lon="10.1083460">
    <ele>67.2</ele>
   </trkpt>
   <trkpt lat="56.2628800" lon="10.1082880">
    <ele>67.2</ele>
   </trkpt>
   <trkpt lat="56.2629230" lon="10.1082270">
    <ele>67.2</ele>
   </trkpt>
   <trkpt lat="56.2629650" lon="10.1081680">
    <ele>67.2</ele>
   </trkpt>
   <trkpt lat="56.2630080" lon="10.1081080">
    <ele>67.2</ele>
   </trkpt>
   <trkpt lat="56.2630490" lon="10.1080450">
    <ele>67.0</ele>
   </trkpt>
   <trkpt lat="56.2630900" lon="10.1079780">
    <ele>67.0</ele>
   </trkpt>
   <trkpt lat="56.2631310" lon="10.1079170">
    <ele>67.0</ele>
   </trkpt>
   <trkpt lat="56.2631730" lon="10.1078590">
    <ele>67.0</ele>
   </trkpt>
   <trkpt lat="56.2632140" lon="10.1078000">
    <ele>67.0</ele>
   </trkpt>
   <trkpt lat="56.2632560" lon="10.1077440">
    <ele>67.0</ele>
   </trkpt>
   <trkpt lat="56.2632970" lon="10.1076850">
    <ele>67.0</ele>
   </trkpt>
   <trkpt lat="56.2633380" lon="10.1076260">
    <ele>67.2</ele>
   </trkpt>
   <trkpt lat="56.2633790" lon="10.1075700">
    <ele>67.2</ele>
   </trkpt>
   <trkpt lat="56.2634190" lon="10.1075150">
    <ele>67.4</ele>
   </trkpt>
   <trkpt lat="56.2634610" lon="10.1074590">
    <ele>67.6</ele>
   </trkpt>
   <trkpt lat="56.2635020" lon="10.1074020">
    <ele>67.8</ele>
   </trkpt>
   <trkpt lat="56.2635400" lon="10.1073430">
    <ele>68.0</ele>
   </trkpt>
   <trkpt lat="56.2635790" lon="10.1072840">
    <ele>68.2</ele>
   </trkpt>
   <trkpt lat="56.2636210" lon="10.1072220">
    <ele>68.4</ele>
   </trkpt>
   <trkpt lat="56.2636640" lon="10.1071610">
    <ele>68.4</ele>
   </trkpt>
   <trkpt lat="56.2637070" lon="10.1070990">
    <ele>68.4</ele>
   </trkpt>
   <trkpt lat="56.2637510" lon="10.1070360">
    <ele>68.4</ele>
   </trkpt>
   <trkpt lat="56.2637930" lon="10.1069720">
    <ele>68.4</ele>
   </trkpt>
   <trkpt lat="56.2638360" lon="10.1069090">
    <ele>68.4</ele>
   </trkpt>
   <trkpt lat="56.2638790" lon="10.1068470">
    <ele>68.2</ele>
   </trkpt>
   <trkpt lat="56.2639220" lon="10.1067860">
    <ele>68.2</ele>
   </trkpt>
   <trkpt lat="56.2639650" lon="10.1067240">
    <ele>68.2</ele>
   </trkpt>
   <trkpt lat="56.2640080" lon="10.1066620">
    <ele>68.0</ele>
   </trkpt>
   <trkpt lat="56.2640500" lon="10.1066000">
    <ele>68.0</ele>
   </trkpt>
   <trkpt lat="56.2640930" lon="10.1065390">
    <ele>68.0</ele>
   </trkpt>
   <trkpt lat="56.2641350" lon="10.1064770">
    <ele>67.8</ele>
   </trkpt>
   <trkpt lat="56.2641780" lon="10.1064170">
    <ele>67.8</ele>
   </trkpt>
   <trkpt lat="56.2642210" lon="10.1063540">
    <ele>68.0</ele>
   </trkpt>
   <trkpt lat="56.2642640" lon="10.1062870">
    <ele>68.0</ele>
   </trkpt>
   <trkpt lat="56.2643070" lon="10.1062230">
    <ele>67.8</ele>
   </trkpt>
   <trkpt lat="56.2643490" lon="10.1061580">
    <ele>67.8</ele>
   </trkpt>
   <trkpt lat="56.2643920" lon="10.1060960">
    <ele>67.8</ele>
   </trkpt>
   <trkpt lat="56.2644350" lon="10.1060340">
    <ele>67.8</ele>
   </trkpt>
   <trkpt lat="56.2644770" lon="10.1059700">
    <ele>67.6</ele>
   </trkpt>
   <trkpt lat="56.2645200" lon="10.1059050">
    <ele>67.6</ele>
   </trkpt>
   <trkpt lat="56.2645630" lon="10.1058400">
    <ele>67.6</ele>
   </trkpt>
   <trkpt lat="56.2646060" lon="10.1057760">
    <ele>67.8</ele>
   </trkpt>
   <trkpt lat="56.2646490" lon="10.1057110">
    <ele>67.8</ele>
   </trkpt>
   <trkpt lat="56.2646920" lon="10.1056470">
    <ele>67.8</ele>
   </trkpt>
   <trkpt lat="56.2647360" lon="10.1055840">
    <ele>67.8</ele>
   </trkpt>
   <trkpt lat="56.2647780" lon="10.1055220">
    <ele>67.8</ele>
   </trkpt>
   <trkpt lat="56.2648200" lon="10.1054640">
    <ele>67.6</ele>
   </trkpt>
   <trkpt lat="56.2648610" lon="10.1054050">
    <ele>67.6</ele>
   </trkpt>
   <trkpt lat="56.2649040" lon="10.1053440">
    <ele>67.6</ele>
   </trkpt>
   <trkpt lat="56.2649450" lon="10.1052810">
    <ele>67.6</ele>
   </trkpt>
   <trkpt lat="56.2649870" lon="10.1052220">
    <ele>68.0</ele>
   </trkpt>
   <trkpt lat="56.2650310" lon="10.1051610">
    <ele>68.2</ele>
   </trkpt>
   <trkpt lat="56.2650760" lon="10.1050980">
    <ele>68.6</ele>
   </trkpt>
   <trkpt lat="56.2651200" lon="10.1050350">
    <ele>68.8</ele>
   </trkpt>
   <trkpt lat="56.2651620" lon="10.1049720">
    <ele>68.8</ele>
   </trkpt>
   <trkpt lat="56.2652050" lon="10.1049100">
    <ele>68.8</ele>
   </trkpt>
   <trkpt lat="56.2652470" lon="10.1048460">
    <ele>68.8</ele>
   </trkpt>
   <trkpt lat="56.2652880" lon="10.1047810">
    <ele>68.8</ele>
   </trkpt>
   <trkpt lat="56.2653310" lon="10.1047180">
    <ele>68.8</ele>
   </trkpt>
   <trkpt lat="56.2653760" lon="10.1046560">
    <ele>69.0</ele>
   </trkpt>
   <trkpt lat="56.2654200" lon="10.1045930">
    <ele>69.2</ele>
   </trkpt>
   <trkpt lat="56.2654650" lon="10.1045300">
    <ele>69.2</ele>
   </trkpt>
   <trkpt lat="56.2655120" lon="10.1044650">
    <ele>69.4</ele>
   </trkpt>
   <trkpt lat="56.2655590" lon="10.1043940">
    <ele>69.6</ele>
   </trkpt>
   <trkpt lat="56.2656070" lon="10.1043210">
    <ele>69.6</ele>
   </trkpt>
   <trkpt lat="56.2656560" lon="10.1042490">
    <ele>69.4</ele>
   </trkpt>
   <trkpt lat="56.2657050" lon="10.1041770">
    <ele>69.2</ele>
   </trkpt>
   <trkpt lat="56.2657540" lon="10.1041050">
    <ele>68.8</ele>
   </trkpt>
   <trkpt lat="56.2658010" lon="10.1040330">
    <ele>68.2</ele>
   </trkpt>
   <trkpt lat="56.2658480" lon="10.1039620">
    <ele>67.8</ele>
   </trkpt>
   <trkpt lat="56.2658960" lon="10.1038930">
    <ele>67.4</ele>
   </trkpt>
   <trkpt lat="56.2659450" lon="10.1038230">
    <ele>67.2</ele>
   </trkpt>
   <trkpt lat="56.2659960" lon="10.1037550">
    <ele>66.8</ele>
   </trkpt>
   <trkpt lat="56.2660450" lon="10.1036830">
    <ele>66.6</ele>
   </trkpt>
   <trkpt lat="56.2660950" lon="10.1036110">
    <ele>66.6</ele>
   </trkpt>
   <trkpt lat="56.2661460" lon="10.1035410">
    <ele>66.4</ele>
   </trkpt>
   <trkpt lat="56.2661960" lon="10.1034700">
    <ele>66.4</ele>
   </trkpt>
   <trkpt lat="56.2662470" lon="10.1033980">
    <ele>66.2</ele>
   </trkpt>
   <trkpt lat="56.2662960" lon="10.1033260">
    <ele>66.2</ele>
   </trkpt>
   <trkpt lat="56.2663450" lon="10.1032520">
    <ele>66.2</ele>
   </trkpt>
   <trkpt lat="56.2663940" lon="10.1031790">
    <ele>66.2</ele>
   </trkpt>
   <trkpt lat="56.2664460" lon="10.1031090">
    <ele>66.2</ele>
   </trkpt>
   <trkpt lat="56.2664990" lon="10.1030360">
    <ele>66.4</ele>
   </trkpt>
   <trkpt lat="56.2665490" lon="10.1029610">
    <ele>66.4</ele>
   </trkpt>
   <trkpt lat="56.2666000" lon="10.1028860">
    <ele>66.2</ele>
   </trkpt>
   <trkpt lat="56.2666500" lon="10.1028100">
    <ele>66.0</ele>
   </trkpt>
   <trkpt lat="56.2667000" lon="10.1027360">
    <ele>65.8</ele>
   </trkpt>
   <trkpt lat="56.2667510" lon="10.1026630">
    <ele>65.6</ele>
   </trkpt>
   <trkpt lat="56.2668000" lon="10.1025890">
    <ele>65.6</ele>
   </trkpt>
   <trkpt lat="56.2668500" lon="10.1025140">
    <ele>65.6</ele>
   </trkpt>
   <trkpt lat="56.2669000" lon="10.1024400">
    <ele>65.8</ele>
   </trkpt>
   <trkpt lat="56.2669520" lon="10.1023710">
    <ele>66.0</ele>
   </trkpt>
   <trkpt lat="56.2670040" lon="10.1023000">
    <ele>66.0</ele>
   </trkpt>
   <trkpt lat="56.2670540" lon="10.1022250">
    <ele>66.0</ele>
   </trkpt>
   <trkpt lat="56.2671040" lon="10.1021510">
    <ele>66.2</ele>
   </trkpt>
   <trkpt lat="56.2671530" lon="10.1020760">
    <ele>66.0</ele>
   </trkpt>
   <trkpt lat="56.2672020" lon="10.1020030">
    <ele>66.0</ele>
   </trkpt>
   <trkpt lat="56.2672530" lon="10.1019310">
    <ele>65.8</ele>
   </trkpt>
   <trkpt lat="56.2673040" lon="10.1018600">
    <ele>65.6</ele>
   </trkpt>
   <trkpt lat="56.2673530" lon="10.1017880">
    <ele>65.4</ele>
   </trkpt>
   <trkpt lat="56.2674010" lon="10.1017120">
    <ele>65.2</ele>
   </trkpt>
   <trkpt lat="56.2674480" lon="10.1016350">
    <ele>65.0</ele>
   </trkpt>
   <trkpt lat="56.2674940" lon="10.1015590">
    <ele>64.8</ele>
   </trkpt>
   <trkpt lat="56.2675440" lon="10.1014900">
    <ele>64.8</ele>
   </trkpt>
   <trkpt lat="56.2675960" lon="10.1014260">
    <ele>64.8</ele>
   </trkpt>
   <trkpt lat="56.2676520" lon="10.1013700">
    <ele>64.8</ele>
   </trkpt>
   <trkpt lat="56.2677140" lon="10.1013270">
    <ele>64.6</ele>
   </trkpt>
   <trkpt lat="56.2677830" lon="10.1013090">
    <ele>64.6</ele>
   </trkpt>
   <trkpt lat="56.2678540" lon="10.1013120">
    <ele>64.4</ele>
   </trkpt>
   <trkpt lat="56.2679260" lon="10.1013230">
    <ele>64.2</ele>
   </trkpt>
   <trkpt lat="56.2680000" lon="10.1013440">
    <ele>64.0</ele>
   </trkpt>
   <trkpt lat="56.2680710" lon="10.1013680">
    <ele>63.8</ele>
   </trkpt>
   <trkpt lat="56.2681440" lon="10.1013840">
    <ele>63.6</ele>
   </trkpt>
   <trkpt lat="56.2682230" lon="10.1013920">
    <ele>63.4</ele>
   </trkpt>
   <trkpt lat="56.2683070" lon="10.1013930">
    <ele>62.8</ele>
   </trkpt>
   <trkpt lat="56.2683910" lon="10.1013920">
    <ele>62.4</ele>
   </trkpt>
   <trkpt lat="56.2684730" lon="10.1013920">
    <ele>62.0</ele>
   </trkpt>
   <trkpt lat="56.2685410" lon="10.1014000">
    <ele>61.6</ele>
   </trkpt>
   <trkpt lat="56.2685860" lon="10.1014190">
    <ele>61.4</ele>
   </trkpt>
   <trkpt lat="56.2686160" lon="10.1014400">
    <ele>61.6</ele>
   </trkpt>
   <trkpt lat="56.2686410" lon="10.1014460">
    <ele>61.6</ele>
   </trkpt>
   <trkpt lat="56.2686670" lon="10.1014220">
    <ele>61.8</ele>
   </trkpt>
   <trkpt lat="56.2686920" lon="10.1013700">
    <ele>62.0</ele>
   </trkpt>
   <trkpt lat="56.2687150" lon="10.1012940">
    <ele>61.8</ele>
   </trkpt>
   <trkpt lat="56.2687340" lon="10.1012020">
    <ele>61.4</ele>
   </trkpt>
   <trkpt lat="56.2687530" lon="10.1011020">
    <ele>61.0</ele>
   </trkpt>
   <trkpt lat="56.2687720" lon="10.1009990">
    <ele>60.6</ele>
   </trkpt>
   <trkpt lat="56.2687920" lon="10.1008950">
    <ele>60.4</ele>
   </trkpt>
   <trkpt lat="56.2688120" lon="10.1007880">
    <ele>60.0</ele>
   </trkpt>
   <trkpt lat="56.2688350" lon="10.1006770">
    <ele>60.0</ele>
   </trkpt>
   <trkpt lat="56.2688590" lon="10.1005620">
    <ele>59.8</ele>
   </trkpt>
   <trkpt lat="56.2688840" lon="10.1004470">
    <ele>59.6</ele>
   </trkpt>
   <trkpt lat="56.2689100" lon="10.1003330">
    <ele>59.4</ele>
   </trkpt>
   <trkpt lat="56.2689320" lon="10.1002190">
    <ele>59.4</ele>
   </trkpt>
   <trkpt lat="56.2689530" lon="10.1001020">
    <ele>59.2</ele>
   </trkpt>
   <trkpt lat="56.2689730" lon="10.0999810">
    <ele>59.0</ele>
   </trkpt>
   <trkpt lat="56.2689930" lon="10.0998630">
    <ele>58.8</ele>
   </trkpt>
   <trkpt lat="56.2690150" lon="10.0997420">
    <ele>58.6</ele>
   </trkpt>
   <trkpt lat="56.2690340" lon="10.0996200">
    <ele>58.4</ele>
   </trkpt>
   <trkpt lat="56.2690500" lon="10.0994970">
    <ele>58.2</ele>
   </trkpt>
   <trkpt lat="56.2690700" lon="10.0993760">
    <ele>57.8</ele>
   </trkpt>
   <trkpt lat="56.2690980" lon="10.0992600">
    <ele>57.6</ele>
   </trkpt>
   <trkpt lat="56.2691300" lon="10.0991480">
    <ele>57.4</ele>
   </trkpt>
   <trkpt lat="56.2691570" lon="10.0990340">
    <ele>57.2</ele>
   </trkpt>
   <trkpt lat="56.2691790" lon="10.0989140">
    <ele>57.2</ele>
   </trkpt>
   <trkpt lat="56.2691960" lon="10.0987950">
    <ele>57.2</ele>
   </trkpt>
   <trkpt lat="56.2692040" lon="10.0986740">
    <ele>57.0</ele>
   </trkpt>
   <trkpt lat="56.2692090" lon="10.0985530">
    <ele>56.8</ele>
   </trkpt>
   <trkpt lat="56.2692300" lon="10.0984420">
    <ele>56.6</ele>
   </trkpt>
   <trkpt lat="56.2692670" lon="10.0983460">
    <ele>56.4</ele>
   </trkpt>
   <trkpt lat="56.2693130" lon="10.0982550">
    <ele>56.0</ele>
   </trkpt>
   <trkpt lat="56.2693580" lon="10.0981610">
    <ele>55.8</ele>
   </trkpt>
   <trkpt lat="56.2693980" lon="10.0980610">
    <ele>55.8</ele>
   </trkpt>
   <trkpt lat="56.2694340" lon="10.0979510">
    <ele>55.8</ele>
   </trkpt>
   <trkpt lat="56.2694620" lon="10.0978350">
    <ele>55.6</ele>
   </trkpt>
   <trkpt lat="56.2694870" lon="10.0977170">
    <ele>55.6</ele>
   </trkpt>
   <trkpt lat="56.2695110" lon="10.0975980">
    <ele>55.6</ele>
   </trkpt>
   <trkpt lat="56.2695330" lon="10.0974800">
    <ele>55.4</ele>
   </trkpt>
   <trkpt lat="56.2695480" lon="10.0973590">
    <ele>55.4</ele>
   </trkpt>
   <trkpt lat="56.2695600" lon="10.0972390">
    <ele>55.4</ele>
   </trkpt>
   <trkpt lat="56.2695710" lon="10.0971170">
    <ele>55.2</ele>
   </trkpt>
   <trkpt lat="56.2695820" lon="10.0969970">
    <ele>55.4</ele>
   </trkpt>
   <trkpt lat="56.2695920" lon="10.0968780">
    <ele>55.2</ele>
   </trkpt>
   <trkpt lat="56.2696010" lon="10.0967590">
    <ele>55.4</ele>
   </trkpt>
   <trkpt lat="56.2696080" lon="10.0966390">
    <ele>55.6</ele>
   </trkpt>
   <trkpt lat="56.2696130" lon="10.0965170">
    <ele>55.6</ele>
   </trkpt>
   <trkpt lat="56.2696170" lon="10.0963940">
    <ele>55.6</ele>
   </trkpt>
   <trkpt lat="56.2696220" lon="10.0962700">
    <ele>55.6</ele>
   </trkpt>
   <trkpt lat="56.2696250" lon="10.0961470">
    <ele>55.4</ele>
   </trkpt>
   <trkpt lat="56.2696260" lon="10.0960210">
    <ele>55.2</ele>
   </trkpt>
   <trkpt lat="56.2696240" lon="10.0958960">
    <ele>55.2</ele>
   </trkpt>
   <trkpt lat="56.2696170" lon="10.0957700">
    <ele>55.0</ele>
   </trkpt>
   <trkpt lat="56.2696100" lon="10.0956430">
    <ele>54.8</ele>
   </trkpt>
   <trkpt lat="56.2696000" lon="10.0955140">
    <ele>54.8</ele>
   </trkpt>
   <trkpt lat="56.2695870" lon="10.0953840">
    <ele>54.8</ele>
   </trkpt>
   <trkpt lat="56.2695680" lon="10.0952550">
    <ele>54.6</ele>
   </trkpt>
   <trkpt lat="56.2695470" lon="10.0951260">
    <ele>54.4</ele>
   </trkpt>
   <trkpt lat="56.2695260" lon="10.0949970">
    <ele>54.2</ele>
   </trkpt>
   <trkpt lat="56.2695020" lon="10.0948680">
    <ele>53.8</ele>
   </trkpt>
   <trkpt lat="56.2694800" lon="10.0947410">
    <ele>53.4</ele>
   </trkpt>
   <trkpt lat="56.2694630" lon="10.0946130">
    <ele>53.4</ele>
   </trkpt>
   <trkpt lat="56.2694520" lon="10.0944830">
    <ele>53.4</ele>
   </trkpt>
   <trkpt lat="56.2694500" lon="10.0943510">
    <ele>53.2</ele>
   </trkpt>
   <trkpt lat="56.2694510" lon="10.0942160">
    <ele>53.2</ele>
   </trkpt>
   <trkpt lat="56.2694560" lon="10.0940830">
    <ele>53.0</ele>
   </trkpt>
   <trkpt lat="56.2694640" lon="10.0939490">
    <ele>52.6</ele>
   </trkpt>
   <trkpt lat="56.2694740" lon="10.0938150">
    <ele>52.4</ele>
   </trkpt>
   <trkpt lat="56.2694840" lon="10.0936800">
    <ele>52.0</ele>
   </trkpt>
   <trkpt lat="56.2694930" lon="10.0935460">
    <ele>51.6</ele>
   </trkpt>
   <trkpt lat="56.2694980" lon="10.0934140">
    <ele>51.4</ele>
   </trkpt>
   <trkpt lat="56.2695030" lon="10.0932810">
    <ele>51.0</ele>
   </trkpt>
   <trkpt lat="56.2695060" lon="10.0931480">
    <ele>50.8</ele>
   </trkpt>
   <trkpt lat="56.2695090" lon="10.0930140">
    <ele>50.4</ele>
   </trkpt>
   <trkpt lat="56.2695140" lon="10.0928770">
    <ele>50.0</ele>
   </trkpt>
   <trkpt lat="56.2695180" lon="10.0927360">
    <ele>49.6</ele>
   </trkpt>
   <trkpt lat="56.2695260" lon="10.0925900">
    <ele>49.0</ele>
   </trkpt>
   <trkpt lat="56.2695420" lon="10.0924410">
    <ele>48.4</ele>
   </trkpt>
   <trkpt lat="56.2695660" lon="10.0922930">
    <ele>47.6</ele>
   </trkpt>
   <trkpt lat="56.2695980" lon="10.0921490">
    <ele>47.0</ele>
   </trkpt>
   <trkpt lat="56.2696370" lon="10.0920110">
    <ele>46.6</ele>
   </trkpt>
   <trkpt lat="56.2696750" lon="10.0918750">
    <ele>46.0</ele>
   </trkpt>
   <trkpt lat="56.2697170" lon="10.0917430">
    <ele>45.6</ele>
   </trkpt>
   <trkpt lat="56.2697600" lon="10.0916110">
    <ele>45.2</ele>
   </trkpt>
   <trkpt lat="56.2698040" lon="10.0914810">
    <ele>44.8</ele>
   </trkpt>
   <trkpt lat="56.2698460" lon="10.0913490">
    <ele>44.6</ele>
   </trkpt>
   <trkpt lat="56.2698880" lon="10.0912190">
    <ele>44.2</ele>
   </trkpt>
   <trkpt lat="56.2699300" lon="10.0910900">
    <ele>44.0</ele>
   </trkpt>
   <trkpt lat="56.2699730" lon="10.0909660">
    <ele>43.8</ele>
   </trkpt>
   <trkpt lat="56.2700240" lon="10.0908530">
    <ele>43.6</ele>
   </trkpt>
   <trkpt lat="56.2700780" lon="10.0907450">
    <ele>43.4</ele>
   </trkpt>
   <trkpt lat="56.2701320" lon="10.0906380">
    <ele>43.4</ele>
   </trkpt>
   <trkpt lat="56.2701850" lon="10.0905290">
    <ele>43.2</ele>
   </trkpt>
   <trkpt lat="56.2702370" lon="10.0904190">
    <ele>43.0</ele>
   </trkpt>
   <trkpt lat="56.2702890" lon="10.0903120">
    <ele>43.0</ele>
   </trkpt>
   <trkpt lat="56.2703400" lon="10.0902040">
    <ele>42.8</ele>
   </trkpt>
   <trkpt lat="56.2703910" lon="10.0900970">
    <ele>42.6</ele>
   </trkpt>
   <trkpt lat="56.2704410" lon="10.0899900">
    <ele>42.4</ele>
   </trkpt>
   <trkpt lat="56.2704910" lon="10.0898840">
    <ele>42.4</ele>
   </trkpt>
   <trkpt lat="56.2705410" lon="10.0897820">
    <ele>42.2</ele>
   </trkpt>
   <trkpt lat="56.2705930" lon="10.0896790">
    <ele>42.2</ele>
   </trkpt>
   <trkpt lat="56.2706460" lon="10.0895790">
    <ele>41.8</ele>
   </trkpt>
   <trkpt lat="56.2707010" lon="10.0894800">
    <ele>41.6</ele>
   </trkpt>
   <trkpt lat="56.2707580" lon="10.0893870">
    <ele>41.4</ele>
   </trkpt>
   <trkpt lat="56.2708180" lon="10.0893010">
    <ele>41.0</ele>
   </trkpt>
   <trkpt lat="56.2708800" lon="10.0892240">
    <ele>40.8</ele>
   </trkpt>
   <trkpt lat="56.2709430" lon="10.0891540">
    <ele>40.6</ele>
   </trkpt>
   <trkpt lat="56.2710100" lon="10.0890830">
    <ele>40.8</ele>
   </trkpt>
   <trkpt lat="56.2710780" lon="10.0890130">
    <ele>40.8</ele>
   </trkpt>
   <trkpt lat="56.2711450" lon="10.0889430">
    <ele>41.0</ele>
   </trkpt>
   <trkpt lat="56.2712140" lon="10.0888720">
    <ele>41.2</ele>
   </trkpt>
   <trkpt lat="56.2712830" lon="10.0888000">
    <ele>41.2</ele>
   </trkpt>
   <trkpt lat="56.2713520" lon="10.0887290">
    <ele>41.2</ele>
   </trkpt>
   <trkpt lat="56.2714240" lon="10.0886590">
    <ele>40.8</ele>
   </trkpt>
   <trkpt lat="56.2714960" lon="10.0885870">
    <ele>40.6</ele>
   </trkpt>
   <trkpt lat="56.2715680" lon="10.0885100">
    <ele>40.4</ele>
   </trkpt>
   <trkpt lat="56.2716400" lon="10.0884340">
    <ele>40.0</ele>
   </trkpt>
   <trkpt lat="56.2717100" lon="10.0883590">
    <ele>39.8</ele>
   </trkpt>
   <trkpt lat="56.2717830" lon="10.0882850">
    <ele>39.6</ele>
   </trkpt>
   <trkpt lat="56.2718550" lon="10.0882110">
    <ele>39.4</ele>
   </trkpt>
   <trkpt lat="56.2719270" lon="10.0881320">
    <ele>39.2</ele>
   </trkpt>
   <trkpt lat="56.2720010" lon="10.0880540">
    <ele>39.2</ele>
   </trkpt>
   <trkpt lat="56.2720750" lon="10.0879750">
    <ele>38.8</ele>
   </trkpt>
   <trkpt lat="56.2721490" lon="10.0878950">
    <ele>38.6</ele>
   </trkpt>
   <trkpt lat="56.2722260" lon="10.0878160">
    <ele>38.4</ele>
   </trkpt>
   <trkpt lat="56.2723010" lon="10.0877390">
    <ele>38.2</ele>
   </trkpt>
   <trkpt lat="56.2723770" lon="10.0876590">
    <ele>37.8</ele>
   </trkpt>
   <trkpt lat="56.2724530" lon="10.0875790">
    <ele>37.6</ele>
   </trkpt>
   <trkpt lat="56.2725300" lon="10.0874950">
    <ele>37.2</ele>
   </trkpt>
   <trkpt lat="56.2726100" lon="10.0874130">
    <ele>37.0</ele>
   </trkpt>
   <trkpt lat="56.2726840" lon="10.0873390">
    <ele>36.8</ele>
   </trkpt>
   <trkpt lat="56.2727570" lon="10.0872680">
    <ele>36.6</ele>
   </trkpt>
   <trkpt lat="56.2728260" lon="10.0871970">
    <ele>36.4</ele>
   </trkpt>
   <trkpt lat="56.2728920" lon="10.0871270">
    <ele>36.2</ele>
   </trkpt>
   <trkpt lat="56.2729640" lon="10.0870500">
    <ele>36.0</ele>
   </trkpt>
   <trkpt lat="56.2730330" lon="10.0869730">
    <ele>35.8</ele>
   </trkpt>
   <trkpt lat="56.2731050" lon="10.0868960">
    <ele>35.6</ele>
   </trkpt>
   <trkpt lat="56.2731780" lon="10.0868230">
    <ele>35.2</ele>
   </trkpt>
   <trkpt lat="56.2732500" lon="10.0867520">
    <ele>34.8</ele>
   </trkpt>
   <trkpt lat="56.2733220" lon="10.0866770">
    <ele>34.6</ele>
   </trkpt>
   <trkpt lat="56.2733930" lon="10.0865990">
    <ele>34.2</ele>
   </trkpt>
   <trkpt lat="56.2734650" lon="10.0865220">
    <ele>33.8</ele>
   </trkpt>
   <trkpt lat="56.2735370" lon="10.0864420">
    <ele>33.4</ele>
   </trkpt>
   <trkpt lat="56.2736080" lon="10.0863610">
    <ele>33.0</ele>
   </trkpt>
   <trkpt lat="56.2736790" lon="10.0862710">
    <ele>32.4</ele>
   </trkpt>
   <trkpt lat="56.2737470" lon="10.0861750">
    <ele>32.0</ele>
   </trkpt>
   <trkpt lat="56.2738130" lon="10.0860720">
    <ele>31.6</ele>
   </trkpt>
   <trkpt lat="56.2738730" lon="10.0859570">
    <ele>31.0</ele>
   </trkpt>
   <trkpt lat="56.2739300" lon="10.0858290">
    <ele>30.4</ele>
   </trkpt>
   <trkpt lat="56.2739770" lon="10.0856880">
    <ele>29.8</ele>
   </trkpt>
   <trkpt lat="56.2740160" lon="10.0855390">
    <ele>29.2</ele>
   </trkpt>
   <trkpt lat="56.2740470" lon="10.0853800">
    <ele>28.6</ele>
   </trkpt>
   <trkpt lat="56.2740670" lon="10.0852140">
    <ele>28.2</ele>
   </trkpt>
   <trkpt lat="56.2740770" lon="10.0850450">
    <ele>27.8</ele>
   </trkpt>
   <trkpt lat="56.2740780" lon="10.0848750">
    <ele>27.6</ele>
   </trkpt>
   <trkpt lat="56.2740740" lon="10.0847060">
    <ele>27.4</ele>
   </trkpt>
   <trkpt lat="56.2740650" lon="10.0845410">
    <ele>27.0</ele>
   </trkpt>
   <trkpt lat="56.2740540" lon="10.0843810">
    <ele>26.8</ele>
   </trkpt>
   <trkpt lat="56.2740420" lon="10.0842250">
    <ele>26.4</ele>
   </trkpt>
   <trkpt lat="56.2740310" lon="10.0840760">
    <ele>26.2</ele>
   </trkpt>
   <trkpt lat="56.2740170" lon="10.0839310">
    <ele>26.0</ele>
   </trkpt>
   <trkpt lat="56.2740030" lon="10.0837920">
    <ele>26.0</ele>
   </trkpt>
   <trkpt lat="56.2739870" lon="10.0836540">
    <ele>26.0</ele>
   </trkpt>
   <trkpt lat="56.2739720" lon="10.0835180">
    <ele>26.2</ele>
   </trkpt>
   <trkpt lat="56.2739580" lon="10.0833830">
    <ele>26.2</ele>
   </trkpt>
   <trkpt lat="56.2739460" lon="10.0832500">
    <ele>26.4</ele>
   </trkpt>
   <trkpt lat="56.2739330" lon="10.0831180">
    <ele>26.6</ele>
   </trkpt>
   <trkpt lat="56.2739200" lon="10.0829900">
    <ele>26.6</ele>
   </trkpt>
   <trkpt lat="56.2739060" lon="10.0828610">
    <ele>26.8</ele>
   </trkpt>
   <trkpt lat="56.2738950" lon="10.0827320">
    <ele>27.0</ele>
   </trkpt>
   <trkpt lat="56.2738840" lon="10.0826020">
    <ele>27.0</ele>
   </trkpt>
   <trkpt lat="56.2738720" lon="10.0824740">
    <ele>27.0</ele>
   </trkpt>
   <trkpt lat="56.2738600" lon="10.0823460">
    <ele>26.8</ele>
   </trkpt>
   <trkpt lat="56.2738490" lon="10.0822180">
    <ele>26.6</ele>
   </trkpt>
   <trkpt lat="56.2738400" lon="10.0820900">
    <ele>26.6</ele>
   </trkpt>
   <trkpt lat="56.2738300" lon="10.0819610">
    <ele>26.4</ele>
   </trkpt>
   <trkpt lat="56.2738200" lon="10.0818330">
    <ele>26.2</ele>
   </trkpt>
   <trkpt lat="56.2738100" lon="10.0817060">
    <ele>26.0</ele>
   </trkpt>
   <trkpt lat="56.2737990" lon="10.0815820">
    <ele>25.6</ele>
   </trkpt>
   <trkpt lat="56.2737880" lon="10.0814580">
    <ele>25.4</ele>
   </trkpt>
   <trkpt lat="56.2737780" lon="10.0813360">
    <ele>25.0</ele>
   </trkpt>
   <trkpt lat="56.2737690" lon="10.0812150">
    <ele>24.6</ele>
   </trkpt>
   <trkpt lat="56.2737600" lon="10.0810920">
    <ele>24.4</ele>
   </trkpt>
   <trkpt lat="56.2737510" lon="10.0809680">
    <ele>24.4</ele>
   </trkpt>
   <trkpt lat="56.2737400" lon="10.0808440">
    <ele>24.6</ele>
   </trkpt>
   <trkpt lat="56.2737270" lon="10.0807190">
    <ele>24.8</ele>
   </trkpt>
   <trkpt lat="56.2737120" lon="10.0805920">
    <ele>24.8</ele>
   </trkpt>
   <trkpt lat="56.2736950" lon="10.0804630">
    <ele>24.8</ele>
   </trkpt>
   <trkpt lat="56.2736770" lon="10.0803330">
    <ele>24.6</ele>
   </trkpt>
   <trkpt lat="56.2736570" lon="10.0802000">
    <ele>24.4</ele>
   </trkpt>
   <trkpt lat="56.2736390" lon="10.0800650">
    <ele>24.2</ele>
   </trkpt>
   <trkpt lat="56.2736240" lon="10.0799270">
    <ele>24.2</ele>
   </trkpt>
   <trkpt lat="56.2736120" lon="10.0797880">
    <ele>24.2</ele>
   </trkpt>
   <trkpt lat="56.2736080" lon="10.0796520">
    <ele>24.2</ele>
   </trkpt>
   <trkpt lat="56.2736090" lon="10.0795250">
    <ele>24.2</ele>
   </trkpt>
   <trkpt lat="56.2736110" lon="10.0794040">
    <ele>24.2</ele>
   </trkpt>
   <trkpt lat="56.2736100" lon="10.0792880">
    <ele>24.2</ele>
   </trkpt>
   <trkpt lat="56.2736110" lon="10.0791750">
    <ele>24.2</ele>
   </trkpt>
   <trkpt lat="56.2736210" lon="10.0790660">
    <ele>24.4</ele>
   </trkpt>
   <trkpt lat="56.2736530" lon="10.0789700">
    <ele>24.6</ele>
   </trkpt>
   <trkpt lat="56.2737070" lon="10.0788960">
    <ele>24.6</ele>
   </trkpt>
   <trkpt lat="56.2737730" lon="10.0788350">
    <ele>24.4</ele>
   </trkpt>
   <trkpt lat="56.2738430" lon="10.0787760">
    <ele>24.0</ele>
   </trkpt>
   <trkpt lat="56.2739130" lon="10.0787090">
    <ele>23.6</ele>
   </trkpt>
   <trkpt lat="56.2739760" lon="10.0786320">
    <ele>23.2</ele>
   </trkpt>
   <trkpt lat="56.2740360" lon="10.0785450">
    <ele>22.6</ele>
   </trkpt>
   <trkpt lat="56.2740950" lon="10.0784580">
    <ele>22.6</ele>
   </trkpt>
   <trkpt lat="56.2741570" lon="10.0783770">
    <ele>22.0</ele>
   </trkpt>
   <trkpt lat="56.2742190" lon="10.0783000">
    <ele>22.0</ele>
   </trkpt>
   <trkpt lat="56.2742810" lon="10.0782240">
    <ele>22.0</ele>
   </trkpt>
   <trkpt lat="56.2743440" lon="10.0781510">
    <ele>22.2</ele>
   </trkpt>
   <trkpt lat="56.2744050" lon="10.0780830">
    <ele>22.4</ele>
   </trkpt>
   <trkpt lat="56.2744660" lon="10.0780210">
    <ele>22.8</ele>
   </trkpt>
   <trkpt lat="56.2745310" lon="10.0779700">
    <ele>23.0</ele>
   </trkpt>
   <trkpt lat="56.2745980" lon="10.0779300">
    <ele>23.2</ele>
   </trkpt>
   <trkpt lat="56.2746660" lon="10.0778920">
    <ele>23.4</ele>
   </trkpt>
   <trkpt lat="56.2747330" lon="10.0778540">
    <ele>23.4</ele>
   </trkpt>
   <trkpt lat="56.2747990" lon="10.0778150">
    <ele>23.4</ele>
   </trkpt>
   <trkpt lat="56.2748620" lon="10.0777710">
    <ele>23.4</ele>
   </trkpt>
   <trkpt lat="56.2749260" lon="10.0777260">
    <ele>23.2</ele>
   </trkpt>
   <trkpt lat="56.2749850" lon="10.0776820">
    <ele>23.4</ele>
   </trkpt>
   <trkpt lat="56.2750380" lon="10.0776500">
    <ele>23.4</ele>
   </trkpt>
   <trkpt lat="56.2750930" lon="10.0776220">
    <ele>23.6</ele>
   </trkpt>
   <trkpt lat="56.2751590" lon="10.0775980">
    <ele>23.6</ele>
   </trkpt>
   <trkpt lat="56.2752280" lon="10.0775690">
    <ele>23.8</ele>
   </trkpt>
   <trkpt lat="56.2752990" lon="10.0775420">
    <ele>24.0</ele>
   </trkpt>
   <trkpt lat="56.2753690" lon="10.0775310">
    <ele>24.2</ele>
   </trkpt>
   <trkpt lat="56.2754350" lon="10.0775530">
    <ele>24.2</ele>
   </trkpt>
   <trkpt lat="56.2754960" lon="10.0775970">
    <ele>24.4</ele>
   </trkpt>
   <trkpt lat="56.2755530" lon="10.0776230">
    <ele>24.6</ele>
   </trkpt>
   <trkpt lat="56.2756070" lon="10.0776070">
    <ele>24.6</ele>
   </trkpt>
   <trkpt lat="56.2756490" lon="10.0775490">
    <ele>24.8</ele>
   </trkpt>
   <trkpt lat="56.2756660" lon="10.0774560">
    <ele>25.0</ele>
   </trkpt>
   <trkpt lat="56.2756690" lon="10.0773570">
    <ele>25.0</ele>
   </trkpt>
   <trkpt lat="56.2756860" lon="10.0772600">
    <ele>25.2</ele>
   </trkpt>
   <trkpt lat="56.2757130" lon="10.0771720">
    <ele>25.4</ele>
   </trkpt>
   <trkpt lat="56.2757450" lon="10.0770920">
    <ele>25.6</ele>
   </trkpt>
   <trkpt lat="56.2757790" lon="10.0770160">
    <ele>25.8</ele>
   </trkpt>
   <trkpt lat="56.2758110" lon="10.0769370">
    <ele>26.0</ele>
   </trkpt>
   <trkpt lat="56.2758390" lon="10.0768560">
    <ele>26.4</ele>
   </trkpt>
   <trkpt lat="56.2758650" lon="10.0767760">
    <ele>26.6</ele>
   </trkpt>
   <trkpt lat="56.2758870" lon="10.0766950">
    <ele>26.8</ele>
   </trkpt>
   <trkpt lat="56.2759040" lon="10.0766110">
    <ele>26.8</ele>
   </trkpt>
   <trkpt lat="56.2759210" lon="10.0765250">
    <ele>27.0</ele>
   </trkpt>
   <trkpt lat="56.2759350" lon="10.0764400">
    <ele>27.2</ele>
   </trkpt>
   <trkpt lat="56.2759480" lon="10.0763540">
    <ele>27.2</ele>
   </trkpt>
   <trkpt lat="56.2759580" lon="10.0762670">
    <ele>27.4</ele>
   </trkpt>
   <trkpt lat="56.2759660" lon="10.0761810">
    <ele>27.8</ele>
   </trkpt>
   <trkpt lat="56.2759690" lon="10.0760940">
    <ele>28.0</ele>
   </trkpt>
   <trkpt lat="56.2759680" lon="10.0760090">
    <ele>28.2</ele>
   </trkpt>
   <trkpt lat="56.2759680" lon="10.0759240">
    <ele>28.4</ele>
   </trkpt>
   <trkpt lat="56.2759660" lon="10.0758410">
    <ele>28.4</ele>
   </trkpt>
   <trkpt lat="56.2759670" lon="10.0757600">
    <ele>28.6</ele>
   </trkpt>
   <trkpt lat="56.2759680" lon="10.0756800">
    <ele>28.8</ele>
   </trkpt>
   <trkpt lat="56.2759670" lon="10.0755980">
    <ele>29.2</ele>
   </trkpt>
   <trkpt lat="56.2759670" lon="10.0755150">
    <ele>29.4</ele>
   </trkpt>
   <trkpt lat="56.2759680" lon="10.0754330">
    <ele>29.8</ele>
   </trkpt>
   <trkpt lat="56.2759670" lon="10.0753490">
    <ele>30.0</ele>
   </trkpt>
   <trkpt lat="56.2759650" lon="10.0752650">
    <ele>30.4</ele>
   </trkpt>
   <trkpt lat="56.2759620" lon="10.0751810">
    <ele>30.8</ele>
   </trkpt>
   <trkpt lat="56.2759580" lon="10.0750960">
    <ele>31.0</ele>
   </trkpt>
   <trkpt lat="56.2759580" lon="10.0750130">
    <ele>31.2</ele>
   </trkpt>
   <trkpt lat="56.2759570" lon="10.0749290">
    <ele>31.2</ele>
   </trkpt>
   <trkpt lat="56.2759570" lon="10.0748460">
    <ele>31.4</ele>
   </trkpt>
   <trkpt lat="56.2759540" lon="10.0747630">
    <ele>31.4</ele>
   </trkpt>
   <trkpt lat="56.2759520" lon="10.0746810">
    <ele>31.6</ele>
   </trkpt>
   <trkpt lat="56.2759520" lon="10.0746010">
    <ele>31.8</ele>
   </trkpt>
   <trkpt lat="56.2759510" lon="10.0745210">
    <ele>32.0</ele>
   </trkpt>
   <trkpt lat="56.2759510" lon="10.0744410">
    <ele>32.2</ele>
   </trkpt>
   <trkpt lat="56.2759480" lon="10.0743580">
    <ele>32.4</ele>
   </trkpt>
   <trkpt lat="56.2759440" lon="10.0742750">
    <ele>32.4</ele>
   </trkpt>
   <trkpt lat="56.2759420" lon="10.0741930">
    <ele>32.6</ele>
   </trkpt>
   <trkpt lat="56.2759410" lon="10.0741140">
    <ele>33.0</ele>
   </trkpt>
   <trkpt lat="56.2759400" lon="10.0740330">
    <ele>33.2</ele>
   </trkpt>
   <trkpt lat="56.2759410" lon="10.0739530">
    <ele>33.4</ele>
   </trkpt>
   <trkpt lat="56.2759410" lon="10.0738720">
    <ele>33.6</ele>
   </trkpt>
   <trkpt lat="56.2759400" lon="10.0737910">
    <ele>33.8</ele>
   </trkpt>
   <trkpt lat="56.2759390" lon="10.0737110">
    <ele>34.0</ele>
   </trkpt>
   <trkpt lat="56.2759380" lon="10.0736300">
    <ele>34.2</ele>
   </trkpt>
   <trkpt lat="56.2759370" lon="10.0735510">
    <ele>34.4</ele>
   </trkpt>
   <trkpt lat="56.2759340" lon="10.0734690">
    <ele>34.6</ele>
   </trkpt>
   <trkpt lat="56.2759300" lon="10.0733870">
    <ele>34.8</ele>
   </trkpt>
   <trkpt lat="56.2759270" lon="10.0733070">
    <ele>35.0</ele>
   </trkpt>
   <trkpt lat="56.2759250" lon="10.0732260">
    <ele>35.2</ele>
   </trkpt>
   <trkpt lat="56.2759220" lon="10.0731440">
    <ele>35.2</ele>
   </trkpt>
   <trkpt lat="56.2759170" lon="10.0730610">
    <ele>35.2</ele>
   </trkpt>
   <trkpt lat="56.2759130" lon="10.0729810">
    <ele>35.2</ele>
   </trkpt>
   <trkpt lat="56.2759090" lon="10.0729040">
    <ele>35.4</ele>
   </trkpt>
   <trkpt lat="56.2759010" lon="10.0728240">
    <ele>35.6</ele>
   </trkpt>
   <trkpt lat="56.2758940" lon="10.0727480">
    <ele>35.8</ele>
   </trkpt>
   <trkpt lat="56.2758840" lon="10.0726750">
    <ele>36.2</ele>
   </trkpt>
   <trkpt lat="56.2758760" lon="10.0726020">
    <ele>36.4</ele>
   </trkpt>
   <trkpt lat="56.2758740" lon="10.0725250">
    <ele>36.6</ele>
   </trkpt>
   <trkpt lat="56.2758840" lon="10.0724520">
    <ele>36.8</ele>
   </trkpt>
   <trkpt lat="56.2759080" lon="10.0723940">
    <ele>37.0</ele>
   </trkpt>
   <trkpt lat="56.2759400" lon="10.0723550">
    <ele>37.2</ele>
   </trkpt>
   <trkpt lat="56.2759750" lon="10.0723390">
    <ele>37.4</ele>
   </trkpt>
   <trkpt lat="56.2760130" lon="10.0723370">
    <ele>37.6</ele>
   </trkpt>
   <trkpt lat="56.2760490" lon="10.0723380">
    <ele>37.8</ele>
   </trkpt>
   <trkpt lat="56.2760840" lon="10.0723390">
    <ele>38.0</ele>
   </trkpt>
   <trkpt lat="56.2761160" lon="10.0723400">
    <ele>38.2</ele>
   </trkpt>
   <trkpt lat="56.2761470" lon="10.0723400">
    <ele>38.6</ele>
   </trkpt>
   <trkpt lat="56.2761780" lon="10.0723360">
    <ele>38.8</ele>
   </trkpt>
   <trkpt lat="56.2762080" lon="10.0723330">
    <ele>39.0</ele>
   </trkpt>
   <trkpt lat="56.2762380" lon="10.0723310">
    <ele>39.4</ele>
   </trkpt>
   <trkpt lat="56.2762690" lon="10.0723270">
    <ele>39.8</ele>
   </trkpt>
   <trkpt lat="56.2762970" lon="10.0723210">
    <ele>40.0</ele>
   </trkpt>
   <trkpt lat="56.2763260" lon="10.0723200">
    <ele>40.4</ele>
   </trkpt>
   <trkpt lat="56.2763540" lon="10.0723180">
    <ele>40.6</ele>
   </trkpt>
   <trkpt lat="56.2763820" lon="10.0723180">
    <ele>40.8</ele>
   </trkpt>
   <trkpt lat="56.2764140" lon="10.0723130">
    <ele>41.0</ele>
   </trkpt>
   <trkpt lat="56.2764420" lon="10.0723090">
    <ele>41.2</ele>
   </trkpt>
   <trkpt lat="56.2764710" lon="10.0723080">
    <ele>41.6</ele>
   </trkpt>
   <trkpt lat="56.2764970" lon="10.0723080">
    <ele>42.0</ele>
   </trkpt>
   <trkpt lat="56.2765240" lon="10.0723060">
    <ele>42.4</ele>
   </trkpt>
   <trkpt lat="56.2765470" lon="10.0723090">
    <ele>42.8</ele>
   </trkpt>
   <trkpt lat="56.2765700" lon="10.0723100">
    <ele>43.2</ele>
   </trkpt>
   <trkpt lat="56.2765890" lon="10.0723110">
    <ele>43.4</ele>
   </trkpt>
   <trkpt lat="56.2766090" lon="10.0723130">
    <ele>43.6</ele>
   </trkpt>
   <trkpt lat="56.2766300" lon="10.0723120">
    <ele>44.0</ele>
   </trkpt>
   <trkpt lat="56.2766510" lon="10.0723130">
    <ele>44.2</ele>
   </trkpt>
   <trkpt lat="56.2766720" lon="10.0723100">
    <ele>44.4</ele>
   </trkpt>
   <trkpt lat="56.2766890" lon="10.0723050">
    <ele>44.6</ele>
   </trkpt>
   <trkpt lat="56.2767120" lon="10.0722980">
    <ele>44.8</ele>
   </trkpt>
   <trkpt lat="56.2767420" lon="10.0722880">
    <ele>45.0</ele>
   </trkpt>
   <trkpt lat="56.2767740" lon="10.0722790">
    <ele>45.2</ele>
   </trkpt>
   <trkpt lat="56.2768030" lon="10.0722660">
    <ele>45.4</ele>
   </trkpt>
   <trkpt lat="56.2768220" lon="10.0722550">
    <ele>45.4</ele>
   </trkpt>
   <trkpt lat="56.2768360" lon="10.0722530">
    <ele>45.6</ele>
   </trkpt>
   <trkpt lat="56.2768520" lon="10.0722450">
    <ele>45.8</ele>
   </trkpt>
   <trkpt lat="56.2768760" lon="10.0722330">
    <ele>46.2</ele>
   </trkpt>
   <trkpt lat="56.2769010" lon="10.0722230">
    <ele>46.4</ele>
   </trkpt>
   <trkpt lat="56.2769250" lon="10.0722120">
    <ele>46.6</ele>
   </trkpt>
   <trkpt lat="56.2769510" lon="10.0722010">
    <ele>47.0</ele>
   </trkpt>
   <trkpt lat="56.2769790" lon="10.0721820">
    <ele>47.4</ele>
   </trkpt>
   <trkpt lat="56.2770020" lon="10.0721680">
    <ele>47.6</ele>
   </trkpt>
   <trkpt lat="56.2770230" lon="10.0721540">
    <ele>48.0</ele>
   </trkpt>
   <trkpt lat="56.2770480" lon="10.0721400">
    <ele>48.4</ele>
   </trkpt>
   <trkpt lat="56.2770680" lon="10.0721280">
    <ele>48.8</ele>
   </trkpt>
   <trkpt lat="56.2770910" lon="10.0721150">
    <ele>49.0</ele>
   </trkpt>
   <trkpt lat="56.2771190" lon="10.0721000">
    <ele>49.2</ele>
   </trkpt>
   <trkpt lat="56.2771470" lon="10.0720750">
    <ele>49.4</ele>
   </trkpt>
   <trkpt lat="56.2771780" lon="10.0720460">
    <ele>49.4</ele>
   </trkpt>
   <trkpt lat="56.2772070" lon="10.0720180">
    <ele>49.6</ele>
   </trkpt>
   <trkpt lat="56.2772360" lon="10.0719940">
    <ele>49.8</ele>
   </trkpt>
   <trkpt lat="56.2772620" lon="10.0719710">
    <ele>50.0</ele>
   </trkpt>
   <trkpt lat="56.2772890" lon="10.0719470">
    <ele>50.0</ele>
   </trkpt>
   <trkpt lat="56.2773100" lon="10.0719350">
    <ele>50.2</ele>
   </trkpt>
   <trkpt lat="56.2773340" lon="10.0719220">
    <ele>50.4</ele>
   </trkpt>
   <trkpt lat="56.2773630" lon="10.0719000">
    <ele>50.6</ele>
   </trkpt>
   <trkpt lat="56.2773920" lon="10.0718800">
    <ele>51.0</ele>
   </trkpt>
   <trkpt lat="56.2774190" lon="10.0718600">
    <ele>51.2</ele>
   </trkpt>
   <trkpt lat="56.2774460" lon="10.0718380">
    <ele>51.4</ele>
   </trkpt>
   <trkpt lat="56.2774750" lon="10.0718240">
    <ele>51.8</ele>
   </trkpt>
   <trkpt lat="56.2775000" lon="10.0718130">
    <ele>52.2</ele>
   </trkpt>
   <trkpt lat="56.2775240" lon="10.0718030">
    <ele>52.4</ele>
   </trkpt>
   <trkpt lat="56.2775460" lon="10.0717920">
    <ele>52.8</ele>
   </trkpt>
   <trkpt lat="56.2775690" lon="10.0717800">
    <ele>53.0</ele>
   </trkpt>
   <trkpt lat="56.2775970" lon="10.0717720">
    <ele>53.2</ele>
   </trkpt>
   <trkpt lat="56.2776230" lon="10.0717660">
    <ele>53.6</ele>
   </trkpt>
   <trkpt lat="56.2776460" lon="10.0717560">
    <ele>53.8</ele>
   </trkpt>
   <trkpt lat="56.2776680" lon="10.0717440">
    <ele>54.0</ele>
   </trkpt>
   <trkpt lat="56.2776930" lon="10.0717380">
    <ele>54.2</ele>
   </trkpt>
   <trkpt lat="56.2777190" lon="10.0717330">
    <ele>54.4</ele>
   </trkpt>
   <trkpt lat="56.2777450" lon="10.0717260">
    <ele>54.6</ele>
   </trkpt>
   <trkpt lat="56.2777720" lon="10.0717190">
    <ele>54.8</ele>
   </trkpt>
   <trkpt lat="56.2778000" lon="10.0717090">
    <ele>55.0</ele>
   </trkpt>
   <trkpt lat="56.2778250" lon="10.0716970">
    <ele>55.0</ele>
   </trkpt>
   <trkpt lat="56.2778510" lon="10.0716860">
    <ele>55.2</ele>
   </trkpt>
   <trkpt lat="56.2778760" lon="10.0716770">
    <ele>55.4</ele>
   </trkpt>
   <trkpt lat="56.2779020" lon="10.0716740">
    <ele>55.6</ele>
   </trkpt>
   <trkpt lat="56.2779290" lon="10.0716700">
    <ele>55.8</ele>
   </trkpt>
   <trkpt lat="56.2779550" lon="10.0716670">
    <ele>56.0</ele>
   </trkpt>
   <trkpt lat="56.2779830" lon="10.0716620">
    <ele>56.2</ele>
   </trkpt>
   <trkpt lat="56.2780090" lon="10.0716520">
    <ele>56.4</ele>
   </trkpt>
   <trkpt lat="56.2780340" lon="10.0716420">
    <ele>56.6</ele>
   </trkpt>
   <trkpt lat="56.2780590" lon="10.0716300">
    <ele>56.6</ele>
   </trkpt>
   <trkpt lat="56.2780860" lon="10.0716230">
    <ele>56.8</ele>
   </trkpt>
   <trkpt lat="56.2781180" lon="10.0716170">
    <ele>57.2</ele>
   </trkpt>
   <trkpt lat="56.2781480" lon="10.0716090">
    <ele>57.4</ele>
   </trkpt>
   <trkpt lat="56.2781760" lon="10.0715980">
    <ele>57.6</ele>
   </trkpt>
   <trkpt lat="56.2782050" lon="10.0715900">
    <ele>57.8</ele>
   </trkpt>
   <trkpt lat="56.2782320" lon="10.0715850">
    <ele>58.0</ele>
   </trkpt>
   <trkpt lat="56.2782620" lon="10.0715760">
    <ele>58.0</ele>
   </trkpt>
   <trkpt lat="56.2782910" lon="10.0715670">
    <ele>58.2</ele>
   </trkpt>
   <trkpt lat="56.2783210" lon="10.0715580">
    <ele>58.2</ele>
   </trkpt>
   <trkpt lat="56.2783500" lon="10.0715500">
    <ele>58.4</ele>
   </trkpt>
   <trkpt lat="56.2783760" lon="10.0715420">
    <ele>58.4</ele>
   </trkpt>
   <trkpt lat="56.2783990" lon="10.0715370">
    <ele>58.4</ele>
   </trkpt>
   <trkpt lat="56.2784270" lon="10.0715320">
    <ele>58.4</ele>
   </trkpt>
   <trkpt lat="56.2784550" lon="10.0715270">
    <ele>58.6</ele>
   </trkpt>
   <trkpt lat="56.2784820" lon="10.0715240">
    <ele>58.8</ele>
   </trkpt>
   <trkpt lat="56.2785130" lon="10.0715210">
    <ele>59.0</ele>
   </trkpt>
   <trkpt lat="56.2785460" lon="10.0715160">
    <ele>59.0</ele>
   </trkpt>
   <trkpt lat="56.2785750" lon="10.0715110">
    <ele>59.2</ele>
   </trkpt>
   <trkpt lat="56.2786040" lon="10.0715030">
    <ele>59.2</ele>
   </trkpt>
   <trkpt lat="56.2786340" lon="10.0714940">
    <ele>59.2</ele>
   </trkpt>
   <trkpt lat="56.2786640" lon="10.0714830">
    <ele>59.4</ele>
   </trkpt>
   <trkpt lat="56.2786950" lon="10.0714770">
    <ele>59.4</ele>
   </trkpt>
   <trkpt lat="56.2787250" lon="10.0714730">
    <ele>59.6</ele>
   </trkpt>
   <trkpt lat="56.2787580" lon="10.0714680">
    <ele>59.8</ele>
   </trkpt>
   <trkpt lat="56.2787910" lon="10.0714630">
    <ele>60.2</ele>
   </trkpt>
   <trkpt lat="56.2788220" lon="10.0714570">
    <ele>60.4</ele>
   </trkpt>
   <trkpt lat="56.2788510" lon="10.0714520">
    <ele>60.6</ele>
   </trkpt>
   <trkpt lat="56.2788810" lon="10.0714500">
    <ele>60.6</ele>
   </trkpt>
   <trkpt lat="56.2789120" lon="10.0714490">
    <ele>60.8</ele>
   </trkpt>
   <trkpt lat="56.2789430" lon="10.0714450">
    <ele>61.0</ele>
   </trkpt>
   <trkpt lat="56.2789740" lon="10.0714420">
    <ele>61.0</ele>
   </trkpt>
   <trkpt lat="56.2790040" lon="10.0714360">
    <ele>61.2</ele>
   </trkpt>
   <trkpt lat="56.2790340" lon="10.0714290">
    <ele>61.4</ele>
   </trkpt>
   <trkpt lat="56.2790640" lon="10.0714240">
    <ele>61.4</ele>
   </trkpt>
   <trkpt lat="56.2790940" lon="10.0714220">
    <ele>61.6</ele>
   </trkpt>
   <trkpt lat="56.2791230" lon="10.0714230">
    <ele>61.8</ele>
   </trkpt>
   <trkpt lat="56.2791530" lon="10.0714240">
    <ele>62.0</ele>
   </trkpt>
   <trkpt lat="56.2791820" lon="10.0714200">
    <ele>62.2</ele>
   </trkpt>
   <trkpt lat="56.2792120" lon="10.0714170">
    <ele>62.4</ele>
   </trkpt>
   <trkpt lat="56.2792420" lon="10.0714190">
    <ele>62.6</ele>
   </trkpt>
   <trkpt lat="56.2792720" lon="10.0714260">
    <ele>62.8</ele>
   </trkpt>
   <trkpt lat="56.2793030" lon="10.0714350">
    <ele>62.8</ele>
   </trkpt>
   <trkpt lat="56.2793330" lon="10.0714420">
    <ele>63.0</ele>
   </trkpt>
   <trkpt lat="56.2793660" lon="10.0714480">
    <ele>63.2</ele>
   </trkpt>
   <trkpt lat="56.2793980" lon="10.0714530">
    <ele>63.4</ele>
   </trkpt>
   <trkpt lat="56.2794300" lon="10.0714560">
    <ele>63.6</ele>
   </trkpt>
   <trkpt lat="56.2794600" lon="10.0714610">
    <ele>63.8</ele>
   </trkpt>
   <trkpt lat="56.2794910" lon="10.0714670">
    <ele>63.8</ele>
   </trkpt>
   <trkpt lat="56.2795220" lon="10.0714700">
    <ele>64.0</ele>
   </trkpt>
   <trkpt lat="56.2795530" lon="10.0714710">
    <ele>64.0</ele>
   </trkpt>
   <trkpt lat="56.2795860" lon="10.0714710">
    <ele>64.0</ele>
   </trkpt>
   <trkpt lat="56.2796200" lon="10.0714770">
    <ele>64.0</ele>
   </trkpt>
   <trkpt lat="56.2796550" lon="10.0714860">
    <ele>64.0</ele>
   </trkpt>
   <trkpt lat="56.2796930" lon="10.0714920">
    <ele>64.0</ele>
   </trkpt>
   <trkpt lat="56.2797320" lon="10.0714970">
    <ele>64.0</ele>
   </trkpt>
   <trkpt lat="56.2797730" lon="10.0715040">
    <ele>64.2</ele>
   </trkpt>
   <trkpt lat="56.2798180" lon="10.0715110">
    <ele>64.2</ele>
   </trkpt>
   <trkpt lat="56.2798620" lon="10.0715150">
    <ele>64.2</ele>
   </trkpt>
   <trkpt lat="56.2799080" lon="10.0715190">
    <ele>64.2</ele>
   </trkpt>
   <trkpt lat="56.2799550" lon="10.0715250">
    <ele>64.2</ele>
   </trkpt>
   <trkpt lat="56.2800030" lon="10.0715350">
    <ele>64.2</ele>
   </trkpt>
   <trkpt lat="56.2800530" lon="10.0715430">
    <ele>64.2</ele>
   </trkpt>
   <trkpt lat="56.2801050" lon="10.0715460">
    <ele>64.0</ele>
   </trkpt>
   <trkpt lat="56.2801570" lon="10.0715500">
    <ele>64.0</ele>
   </trkpt>
   <trkpt lat="56.2802090" lon="10.0715540">
    <ele>63.8</ele>
   </trkpt>
   <trkpt lat="56.2802610" lon="10.0715580">
    <ele>63.8</ele>
   </trkpt>
   <trkpt lat="56.2803140" lon="10.0715630">
    <ele>63.6</ele>
   </trkpt>
   <trkpt lat="56.2803660" lon="10.0715670">
    <ele>63.4</ele>
   </trkpt>
   <trkpt lat="56.2804190" lon="10.0715720">
    <ele>63.2</ele>
   </trkpt>
   <trkpt lat="56.2804720" lon="10.0715810">
    <ele>63.2</ele>
   </trkpt>
   <trkpt lat="56.2805250" lon="10.0715870">
    <ele>63.0</ele>
   </trkpt>
   <trkpt lat="56.2805780" lon="10.0715910">
    <ele>63.0</ele>
   </trkpt>
   <trkpt lat="56.2806300" lon="10.0715930">
    <ele>62.8</ele>
   </trkpt>
   <trkpt lat="56.2806810" lon="10.0715960">
    <ele>62.8</ele>
   </trkpt>
   <trkpt lat="56.2807330" lon="10.0716010">
    <ele>62.8</ele>
   </trkpt>
   <trkpt lat="56.2807870" lon="10.0716020">
    <ele>62.8</ele>
   </trkpt>
   <trkpt lat="56.2808420" lon="10.0716050">
    <ele>62.6</ele>
   </trkpt>
   <trkpt lat="56.2808980" lon="10.0716080">
    <ele>62.6</ele>
   </trkpt>
   <trkpt lat="56.2809540" lon="10.0716110">
    <ele>62.6</ele>
   </trkpt>
   <trkpt lat="56.2810120" lon="10.0716170">
    <ele>62.4</ele>
   </trkpt>
   <trkpt lat="56.2810690" lon="10.0716230">
    <ele>62.4</ele>
   </trkpt>
   <trkpt lat="56.2811240" lon="10.0716280">
    <ele>62.4</ele>
   </trkpt>
   <trkpt lat="56.2811790" lon="10.0716320">
    <ele>62.4</ele>
   </trkpt>
   <trkpt lat="56.2812310" lon="10.0716310">
    <ele>62.6</ele>
   </trkpt>
   <trkpt lat="56.2812840" lon="10.0716190">
    <ele>62.6</ele>
   </trkpt>
   <trkpt lat="56.2813350" lon="10.0715920">
    <ele>62.6</ele>
   </trkpt>
   <trkpt lat="56.2813790" lon="10.0715390">
    <ele>62.4</ele>
   </trkpt>
   <trkpt lat="56.2814080" lon="10.0714620">
    <ele>62.2</ele>
   </trkpt>
   <trkpt lat="56.2814190" lon="10.0713660">
    <ele>61.8</ele>
   </trkpt>
   <trkpt lat="56.2814090" lon="10.0712710">
    <ele>61.4</ele>
   </trkpt>
   <trkpt lat="56.2813870" lon="10.0711830">
    <ele>61.2</ele>
   </trkpt>
   <trkpt lat="56.2813650" lon="10.0710970">
    <ele>61.0</ele>
   </trkpt>
   <trkpt lat="56.2813450" lon="10.0710100">
    <ele>61.2</ele>
   </trkpt>
   <trkpt lat="56.2813240" lon="10.0709220">
    <ele>61.4</ele>
   </trkpt>
   <trkpt lat="56.2813040" lon="10.0708310">
    <ele>61.4</ele>
   </trkpt>
   <trkpt lat="56.2812830" lon="10.0707380">
    <ele>61.4</ele>
   </trkpt>
   <trkpt lat="56.2812610" lon="10.0706490">
    <ele>61.6</ele>
   </trkpt>
   <trkpt lat="56.2812410" lon="10.0705600">
    <ele>61.8</ele>
   </trkpt>
   <trkpt lat="56.2812210" lon="10.0704690">
    <ele>61.8</ele>
   </trkpt>
   <trkpt lat="56.2812030" lon="10.0703760">
    <ele>62.0</ele>
   </trkpt>
   <trkpt lat="56.2811850" lon="10.0702840">
    <ele>62.2</ele>
   </trkpt>
   <trkpt lat="56.2811650" lon="10.0701940">
    <ele>62.4</ele>
   </trkpt>
   <trkpt lat="56.2811440" lon="10.0701020">
    <ele>62.4</ele>
   </trkpt>
   <trkpt lat="56.2811230" lon="10.0700100">
    <ele>62.6</ele>
   </trkpt>
   <trkpt lat="56.2811060" lon="10.0699170">
    <ele>62.6</ele>
   </trkpt>
   <trkpt lat="56.2810870" lon="10.0698260">
    <ele>62.8</ele>
   </trkpt>
   <trkpt lat="56.2810680" lon="10.0697350">
    <ele>62.8</ele>
   </trkpt>
   <trkpt lat="56.2810480" lon="10.0696430">
    <ele>63.0</ele>
   </trkpt>
   <trkpt lat="56.2810300" lon="10.0695500">
    <ele>63.0</ele>
   </trkpt>
   <trkpt lat="56.2810130" lon="10.0694560">
    <ele>63.2</ele>
   </trkpt>
   <trkpt lat="56.2809950" lon="10.0693660">
    <ele>63.2</ele>
   </trkpt>
   <trkpt lat="56.2809750" lon="10.0692760">
    <ele>63.4</ele>
   </trkpt>
   <trkpt lat="56.2809570" lon="10.0691850">
    <ele>63.6</ele>
   </trkpt>
   <trkpt lat="56.2809430" lon="10.0690930">
    <ele>63.6</ele>
   </trkpt>
   <trkpt lat="56.2809290" lon="10.0690000">
    <ele>63.8</ele>
   </trkpt>
   <trkpt lat="56.2809150" lon="10.0689080">
    <ele>63.8</ele>
   </trkpt>
   <trkpt lat="56.2809030" lon="10.0688190">
    <ele>63.8</ele>
   </trkpt>
   <trkpt lat="56.2808910" lon="10.0687300">
    <ele>64.0</ele>
   </trkpt>
   <trkpt lat="56.2808780" lon="10.0686410">
    <ele>64.0</ele>
   </trkpt>
   <trkpt lat="56.2808660" lon="10.0685510">
    <ele>64.2</ele>
   </trkpt>
   <trkpt lat="56.2808520" lon="10.0684610">
    <ele>64.4</ele>
   </trkpt>
   <trkpt lat="56.2808400" lon="10.0683710">
    <ele>64.6</ele>
   </trkpt>
   <trkpt lat="56.2808300" lon="10.0682810">
    <ele>64.6</ele>
   </trkpt>
   <trkpt lat="56.2808210" lon="10.0681910">
    <ele>64.8</ele>
   </trkpt>
   <trkpt lat="56.2808080" lon="10.0680990">
    <ele>64.8</ele>
   </trkpt>
   <trkpt lat="56.2807950" lon="10.0680080">
    <ele>64.8</ele>
   </trkpt>
   <trkpt lat="56.2807840" lon="10.0679180">
    <ele>64.8</ele>
   </trkpt>
   <trkpt lat="56.2807730" lon="10.0678270">
    <ele>64.8</ele>
   </trkpt>
   <trkpt lat="56.2807620" lon="10.0677350">
    <ele>64.8</ele>
   </trkpt>
   <trkpt lat="56.2807510" lon="10.0676430">
    <ele>64.8</ele>
   </trkpt>
   <trkpt lat="56.2807390" lon="10.0675510">
    <ele>64.8</ele>
   </trkpt>
   <trkpt lat="56.2807280" lon="10.0674590">
    <ele>64.8</ele>
   </trkpt>
   <trkpt lat="56.2807170" lon="10.0673660">
    <ele>64.8</ele>
   </trkpt>
   <trkpt lat="56.2807040" lon="10.0672730">
    <ele>64.8</ele>
   </trkpt>
   <trkpt lat="56.2806920" lon="10.0671810">
    <ele>65.0</ele>
   </trkpt>
   <trkpt lat="56.2806820" lon="10.0670890">
    <ele>65.0</ele>
   </trkpt>
   <trkpt lat="56.2806700" lon="10.0669950">
    <ele>65.2</ele>
   </trkpt>
   <trkpt lat="56.2806580" lon="10.0669000">
    <ele>65.2</ele>
   </trkpt>
   <trkpt lat="56.2806470" lon="10.0668060">
    <ele>65.2</ele>
   </trkpt>
   <trkpt lat="56.2806340" lon="10.0667090">
    <ele>65.2</ele>
   </trkpt>
   <trkpt lat="56.2806210" lon="10.0666130">
    <ele>65.2</ele>
   </trkpt>
   <trkpt lat="56.2806050" lon="10.0665180">
    <ele>65.0</ele>
   </trkpt>
   <trkpt lat="56.2805900" lon="10.0664230">
    <ele>64.8</ele>
   </trkpt>
   <trkpt lat="56.2805770" lon="10.0663270">
    <ele>64.8</ele>
   </trkpt>
   <trkpt lat="56.2805670" lon="10.0662320">
    <ele>64.8</ele>
   </trkpt>
   <trkpt lat="56.2805570" lon="10.0661360">
    <ele>64.6</ele>
   </trkpt>
   <trkpt lat="56.2805440" lon="10.0660430">
    <ele>64.6</ele>
   </trkpt>
   <trkpt lat="56.2805330" lon="10.0659500">
    <ele>64.6</ele>
   </trkpt>
   <trkpt lat="56.2805220" lon="10.0658580">
    <ele>64.8</ele>
   </trkpt>
   <trkpt lat="56.2805100" lon="10.0657640">
    <ele>64.8</ele>
   </trkpt>
   <trkpt lat="56.2804950" lon="10.0656690">
    <ele>64.8</ele>
   </trkpt>
   <trkpt lat="56.2804800" lon="10.0655750">
    <ele>64.8</ele>
   </trkpt>
   <trkpt lat="56.2804670" lon="10.0654820">
    <ele>64.8</ele>
   </trkpt>
   <trkpt lat="56.2804560" lon="10.0653900">
    <ele>64.8</ele>
   </trkpt>
   <trkpt lat="56.2804470" lon="10.0652970">
    <ele>64.8</ele>
   </trkpt>
   <trkpt lat="56.2804340" lon="10.0652030">
    <ele>64.8</ele>
   </trkpt>
   <trkpt lat="56.2804210" lon="10.0651110">
    <ele>64.8</ele>
   </trkpt>
   <trkpt lat="56.2804100" lon="10.0650180">
    <ele>64.8</ele>
   </trkpt>
   <trkpt lat="56.2803980" lon="10.0649240">
    <ele>64.8</ele>
   </trkpt>
   <trkpt lat="56.2803850" lon="10.0648290">
    <ele>65.0</ele>
   </trkpt>
   <trkpt lat="56.2803720" lon="10.0647330">
    <ele>65.0</ele>
   </trkpt>
   <trkpt lat="56.2803570" lon="10.0646370">
    <ele>65.2</ele>
   </trkpt>
   <trkpt lat="56.2803430" lon="10.0645430">
    <ele>65.2</ele>
   </trkpt>
   <trkpt lat="56.2803310" lon="10.0644500">
    <ele>65.2</ele>
   </trkpt>
   <trkpt lat="56.2803230" lon="10.0643540">
    <ele>65.2</ele>
   </trkpt>
   <trkpt lat="56.2803160" lon="10.0642590">
    <ele>65.2</ele>
   </trkpt>
   <trkpt lat="56.2803090" lon="10.0641620">
    <ele>65.2</ele>
   </trkpt>
   <trkpt lat="56.2803040" lon="10.0640660">
    <ele>65.2</ele>
   </trkpt>
   <trkpt lat="56.2803000" lon="10.0639710">
    <ele>65.2</ele>
   </trkpt>
   <trkpt lat="56.2803010" lon="10.0638760">
    <ele>65.2</ele>
   </trkpt>
   <trkpt lat="56.2803090" lon="10.0637820">
    <ele>65.0</ele>
   </trkpt>
   <trkpt lat="56.2803130" lon="10.0636880">
    <ele>65.0</ele>
   </trkpt>
   <trkpt lat="56.2803050" lon="10.0635930">
    <ele>64.8</ele>
   </trkpt>
   <trkpt lat="56.2802840" lon="10.0635000">
    <ele>64.8</ele>
   </trkpt>
   <trkpt lat="56.2802540" lon="10.0634110">
    <ele>64.6</ele>
   </trkpt>
   <trkpt lat="56.2802220" lon="10.0633190">
    <ele>64.6</ele>
   </trkpt>
   <trkpt lat="56.2801970" lon="10.0632180">
    <ele>64.6</ele>
   </trkpt>
   <trkpt lat="56.2801770" lon="10.0631110">
    <ele>64.2</ele>
   </trkpt>
   <trkpt lat="56.2801600" lon="10.0630010">
    <ele>63.8</ele>
   </trkpt>
   <trkpt lat="56.2801420" lon="10.0628910">
    <ele>63.6</ele>
   </trkpt>
   <trkpt lat="56.2801240" lon="10.0627780">
    <ele>63.2</ele>
   </trkpt>
   <trkpt lat="56.2801070" lon="10.0626630">
    <ele>62.8</ele>
   </trkpt>
   <trkpt lat="56.2800910" lon="10.0625510">
    <ele>62.6</ele>
   </trkpt>
   <trkpt lat="56.2800780" lon="10.0624410">
    <ele>62.2</ele>
   </trkpt>
   <trkpt lat="56.2800660" lon="10.0623370">
    <ele>62.0</ele>
   </trkpt>
   <trkpt lat="56.2800540" lon="10.0622320">
    <ele>61.6</ele>
   </trkpt>
   <trkpt lat="56.2800440" lon="10.0621250">
    <ele>61.4</ele>
   </trkpt>
   <trkpt lat="56.2800320" lon="10.0620210">
    <ele>61.4</ele>
   </trkpt>
   <trkpt lat="56.2800200" lon="10.0619160">
    <ele>61.4</ele>
   </trkpt>
   <trkpt lat="56.2800040" lon="10.0618110">
    <ele>61.6</ele>
   </trkpt>
   <trkpt lat="56.2799890" lon="10.0617090">
    <ele>61.8</ele>
   </trkpt>
   <trkpt lat="56.2799770" lon="10.0616090">
    <ele>62.0</ele>
   </trkpt>
   <trkpt lat="56.2799660" lon="10.0615070">
    <ele>62.0</ele>
   </trkpt>
   <trkpt lat="56.2799550" lon="10.0614060">
    <ele>62.2</ele>
   </trkpt>
   <trkpt lat="56.2799420" lon="10.0613060">
    <ele>62.4</ele>
   </trkpt>
   <trkpt lat="56.2799280" lon="10.0612070">
    <ele>62.4</ele>
   </trkpt>
   <trkpt lat="56.2799170" lon="10.0611120">
    <ele>62.6</ele>
   </trkpt>
   <trkpt lat="56.2799050" lon="10.0610190">
    <ele>62.8</ele>
   </trkpt>
   <trkpt lat="56.2798920" lon="10.0609300">
    <ele>62.8</ele>
   </trkpt>
   <trkpt lat="56.2798790" lon="10.0608430">
    <ele>63.0</ele>
   </trkpt>
   <trkpt lat="56.2798680" lon="10.0607560">
    <ele>63.0</ele>
   </trkpt>
   <trkpt lat="56.2798570" lon="10.0606710">
    <ele>63.2</ele>
   </trkpt>
   <trkpt lat="56.2798450" lon="10.0605880">
    <ele>63.6</ele>
   </trkpt>
   <trkpt lat="56.2798340" lon="10.0605060">
    <ele>63.8</ele>
   </trkpt>
   <trkpt lat="56.2798260" lon="10.0604260">
    <ele>64.2</ele>
   </trkpt>
   <trkpt lat="56.2798160" lon="10.0603470">
    <ele>64.4</ele>
   </trkpt>
   <trkpt lat="56.2798040" lon="10.0602670">
    <ele>64.8</ele>
   </trkpt>
   <trkpt lat="56.2797910" lon="10.0601890">
    <ele>64.8</ele>
   </trkpt>
   <trkpt lat="56.2797790" lon="10.0601120">
    <ele>65.0</ele>
   </trkpt>
   <trkpt lat="56.2797700" lon="10.0600330">
    <ele>65.2</ele>
   </trkpt>
   <trkpt lat="56.2797600" lon="10.0599570">
    <ele>65.4</ele>
   </trkpt>
   <trkpt lat="56.2797530" lon="10.0598860">
    <ele>65.6</ele>
   </trkpt>
   <trkpt lat="56.2797450" lon="10.0598160">
    <ele>66.0</ele>
   </trkpt>
   <trkpt lat="56.2797330" lon="10.0597470">
    <ele>66.2</ele>
   </trkpt>
   <trkpt lat="56.2797250" lon="10.0596790">
    <ele>66.6</ele>
   </trkpt>
   <trkpt lat="56.2797180" lon="10.0596110">
    <ele>66.8</ele>
   </trkpt>
   <trkpt lat="56.2797080" lon="10.0595440">
    <ele>67.0</ele>
   </trkpt>
   <trkpt lat="56.2797000" lon="10.0594780">
    <ele>67.2</ele>
   </trkpt>
   <trkpt lat="56.2796930" lon="10.0594100">
    <ele>67.4</ele>
   </trkpt>
   <trkpt lat="56.2796850" lon="10.0593420">
    <ele>67.6</ele>
   </trkpt>
   <trkpt lat="56.2796760" lon="10.0592750">
    <ele>67.8</ele>
   </trkpt>
   <trkpt lat="56.2796670" lon="10.0592080">
    <ele>67.8</ele>
   </trkpt>
   <trkpt lat="56.2796550" lon="10.0591400">
    <ele>67.8</ele>
   </trkpt>
   <trkpt lat="56.2796450" lon="10.0590720">
    <ele>67.8</ele>
   </trkpt>
   <trkpt lat="56.2796380" lon="10.0590050">
    <ele>67.8</ele>
   </trkpt>
   <trkpt lat="56.2796320" lon="10.0589380">
    <ele>67.8</ele>
   </trkpt>
   <trkpt lat="56.2796250" lon="10.0588700">
    <ele>68.0</ele>
   </trkpt>
   <trkpt lat="56.2796160" lon="10.0588040">
    <ele>68.2</ele>
   </trkpt>
   <trkpt lat="56.2796070" lon="10.0587370">
    <ele>68.4</ele>
   </trkpt>
   <trkpt lat="56.2795980" lon="10.0586710">
    <ele>68.6</ele>
   </trkpt>
   <trkpt lat="56.2795880" lon="10.0586050">
    <ele>68.8</ele>
   </trkpt>
   <trkpt lat="56.2795780" lon="10.0585400">
    <ele>69.0</ele>
   </trkpt>
   <trkpt lat="56.2795670" lon="10.0584750">
    <ele>69.2</ele>
   </trkpt>
   <trkpt lat="56.2795570" lon="10.0584100">
    <ele>69.4</ele>
   </trkpt>
   <trkpt lat="56.2795480" lon="10.0583440">
    <ele>69.6</ele>
   </trkpt>
   <trkpt lat="56.2795410" lon="10.0582770">
    <ele>69.8</ele>
   </trkpt>
   <trkpt lat="56.2795350" lon="10.0582100">
    <ele>70.0</ele>
   </trkpt>
   <trkpt lat="56.2795250" lon="10.0581410">
    <ele>70.2</ele>
   </trkpt>
   <trkpt lat="56.2795140" lon="10.0580710">
    <ele>70.6</ele>
   </trkpt>
   <trkpt lat="56.2795050" lon="10.0580000">
    <ele>70.8</ele>
   </trkpt>
   <trkpt lat="56.2794980" lon="10.0579280">
    <ele>71.0</ele>
   </trkpt>
   <trkpt lat="56.2794900" lon="10.0578520">
    <ele>71.2</ele>
   </trkpt>
   <trkpt lat="56.2794820" lon="10.0577790">
    <ele>71.6</ele>
   </trkpt>
   <trkpt lat="56.2794730" lon="10.0577080">
    <ele>71.8</ele>
   </trkpt>
   <trkpt lat="56.2794610" lon="10.0576360">
    <ele>71.8</ele>
   </trkpt>
   <trkpt lat="56.2794500" lon="10.0575650">
    <ele>71.6</ele>
   </trkpt>
   <trkpt lat="56.2794380" lon="10.0574940">
    <ele>71.4</ele>
   </trkpt>
   <trkpt lat="56.2794250" lon="10.0574250">
    <ele>71.2</ele>
   </trkpt>
   <trkpt lat="56.2794130" lon="10.0573570">
    <ele>71.0</ele>
   </trkpt>
   <trkpt lat="56.2794030" lon="10.0572870">
    <ele>71.0</ele>
   </trkpt>
   <trkpt lat="56.2793950" lon="10.0572160">
    <ele>71.0</ele>
   </trkpt>
   <trkpt lat="56.2793880" lon="10.0571460">
    <ele>71.2</ele>
   </trkpt>
   <trkpt lat="56.2793820" lon="10.0570740">
    <ele>71.2</ele>
   </trkpt>
   <trkpt lat="56.2793740" lon="10.0570030">
    <ele>71.2</ele>
   </trkpt>
   <trkpt lat="56.2793650" lon="10.0569310">
    <ele>71.2</ele>
   </trkpt>
   <trkpt lat="56.2793580" lon="10.0568590">
    <ele>71.4</ele>
   </trkpt>
   <trkpt lat="56.2793500" lon="10.0567870">
    <ele>71.4</ele>
   </trkpt>
   <trkpt lat="56.2793400" lon="10.0567160">
    <ele>71.6</ele>
   </trkpt>
   <trkpt lat="56.2793290" lon="10.0566460">
    <ele>71.8</ele>
   </trkpt>
   <trkpt lat="56.2793190" lon="10.0565800">
    <ele>72.0</ele>
   </trkpt>
   <trkpt lat="56.2793100" lon="10.0565120">
    <ele>72.2</ele>
   </trkpt>
   <trkpt lat="56.2793030" lon="10.0564470">
    <ele>72.2</ele>
   </trkpt>
   <trkpt lat="56.2792950" lon="10.0563800">
    <ele>72.4</ele>
   </trkpt>
   <trkpt lat="56.2792860" lon="10.0563130">
    <ele>72.6</ele>
   </trkpt>
   <trkpt lat="56.2792780" lon="10.0562430">
    <ele>72.8</ele>
   </trkpt>
   <trkpt lat="56.2792700" lon="10.0561750">
    <ele>73.2</ele>
   </trkpt>
   <trkpt lat="56.2792610" lon="10.0561060">
    <ele>73.4</ele>
   </trkpt>
   <trkpt lat="56.2792540" lon="10.0560360">
    <ele>73.6</ele>
   </trkpt>
   <trkpt lat="56.2792440" lon="10.0559670">
    <ele>73.6</ele>
   </trkpt>
   <trkpt lat="56.2792350" lon="10.0558990">
    <ele>73.6</ele>
   </trkpt>
   <trkpt lat="56.2792260" lon="10.0558300">
    <ele>73.6</ele>
   </trkpt>
   <trkpt lat="56.2792180" lon="10.0557610">
    <ele>73.8</ele>
   </trkpt>
   <trkpt lat="56.2792080" lon="10.0556920">
    <ele>73.8</ele>
   </trkpt>
   <trkpt lat="56.2791990" lon="10.0556220">
    <ele>74.0</ele>
   </trkpt>
   <trkpt lat="56.2791890" lon="10.0555530">
    <ele>74.0</ele>
   </trkpt>
   <trkpt lat="56.2791780" lon="10.0554810">
    <ele>74.2</ele>
   </trkpt>
   <trkpt lat="56.2791690" lon="10.0554080">
    <ele>74.2</ele>
   </trkpt>
   <trkpt lat="56.2791610" lon="10.0553370">
    <ele>74.2</ele>
   </trkpt>
   <trkpt lat="56.2791520" lon="10.0552660">
    <ele>74.2</ele>
   </trkpt>
   <trkpt lat="56.2791430" lon="10.0551950">
    <ele>74.2</ele>
   </trkpt>
   <trkpt lat="56.2791340" lon="10.0551240">
    <ele>74.4</ele>
   </trkpt>
   <trkpt lat="56.2791250" lon="10.0550540">
    <ele>74.4</ele>
   </trkpt>
   <trkpt lat="56.2791160" lon="10.0549810">
    <ele>74.6</ele>
   </trkpt>
   <trkpt lat="56.2791070" lon="10.0549100">
    <ele>74.8</ele>
   </trkpt>
   <trkpt lat="56.2790960" lon="10.0548400">
    <ele>75.0</ele>
   </trkpt>
   <trkpt lat="56.2790880" lon="10.0547680">
    <ele>75.2</ele>
   </trkpt>
   <trkpt lat="56.2790780" lon="10.0546970">
    <ele>75.4</ele>
   </trkpt>
   <trkpt lat="56.2790720" lon="10.0546230">
    <ele>75.6</ele>
   </trkpt>
   <trkpt lat="56.2790630" lon="10.0545490">
    <ele>75.8</ele>
   </trkpt>
   <trkpt lat="56.2790540" lon="10.0544730">
    <ele>76.0</ele>
   </trkpt>
   <trkpt lat="56.2790480" lon="10.0543970">
    <ele>76.2</ele>
   </trkpt>
   <trkpt lat="56.2790450" lon="10.0543210">
    <ele>76.4</ele>
   </trkpt>
   <trkpt lat="56.2790410" lon="10.0542420">
    <ele>76.6</ele>
   </trkpt>
   <trkpt lat="56.2790390" lon="10.0541660">
    <ele>76.8</ele>
   </trkpt>
   <trkpt lat="56.2790400" lon="10.0540940">
    <ele>77.0</ele>
   </trkpt>
   <trkpt lat="56.2790410" lon="10.0540200">
    <ele>77.2</ele>
   </trkpt>
   <trkpt lat="56.2790460" lon="10.0539490">
    <ele>77.4</ele>
   </trkpt>
   <trkpt lat="56.2790500" lon="10.0538790">
    <ele>77.6</ele>
   </trkpt>
   <trkpt lat="56.2790540" lon="10.0538090">
    <ele>77.8</ele>
   </trkpt>
   <trkpt lat="56.2790580" lon="10.0537410">
    <ele>78.0</ele>
   </trkpt>
   <trkpt lat="56.2790610" lon="10.0536700">
    <ele>78.2</ele>
   </trkpt>
   <trkpt lat="56.2790650" lon="10.0536010">
    <ele>78.6</ele>
   </trkpt>
   <trkpt lat="56.2790730" lon="10.0535340">
    <ele>78.8</ele>
   </trkpt>
   <trkpt lat="56.2790790" lon="10.0534650">
    <ele>79.0</ele>
   </trkpt>
   <trkpt lat="56.2790860" lon="10.0533940">
    <ele>79.2</ele>
   </trkpt>
   <trkpt lat="56.2790930" lon="10.0533240">
    <ele>79.4</ele>
   </trkpt>
   <trkpt lat="56.2790980" lon="10.0532540">
    <ele>79.4</ele>
   </trkpt>
   <trkpt lat="56.2791030" lon="10.0531840">
    <ele>79.6</ele>
   </trkpt>
   <trkpt lat="56.2791070" lon="10.0531120">
    <ele>79.8</ele>
   </trkpt>
   <trkpt lat="56.2791120" lon="10.0530410">
    <ele>80.0</ele>
   </trkpt>
   <trkpt lat="56.2791180" lon="10.0529700">
    <ele>80.0</ele>
   </trkpt>
   <trkpt lat="56.2791230" lon="10.0528980">
    <ele>80.2</ele>
   </trkpt>
   <trkpt lat="56.2791270" lon="10.0528240">
    <ele>80.4</ele>
   </trkpt>
   <trkpt lat="56.2791320" lon="10.0527510">
    <ele>80.4</ele>
   </trkpt>
   <trkpt lat="56.2791380" lon="10.0526780">
    <ele>80.6</ele>
   </trkpt>
   <trkpt lat="56.2791440" lon="10.0526040">
    <ele>80.6</ele>
   </trkpt>
   <trkpt lat="56.2791500" lon="10.0525290">
    <ele>80.6</ele>
   </trkpt>
   <trkpt lat="56.2791550" lon="10.0524550">
    <ele>80.8</ele>
   </trkpt>
   <trkpt lat="56.2791590" lon="10.0523810">
    <ele>81.0</ele>
   </trkpt>
   <trkpt lat="56.2791640" lon="10.0523070">
    <ele>81.0</ele>
   </trkpt>
   <trkpt lat="56.2791670" lon="10.0522320">
    <ele>81.2</ele>
   </trkpt>
   <trkpt lat="56.2791720" lon="10.0521560">
    <ele>81.4</ele>
   </trkpt>
   <trkpt lat="56.2791770" lon="10.0520810">
    <ele>81.6</ele>
   </trkpt>
   <trkpt lat="56.2791820" lon="10.0520070">
    <ele>81.6</ele>
   </trkpt>
   <trkpt lat="56.2791870" lon="10.0519340">
    <ele>81.8</ele>
   </trkpt>
   <trkpt lat="56.2791910" lon="10.0518590">
    <ele>81.8</ele>
   </trkpt>
   <trkpt lat="56.2791960" lon="10.0517840">
    <ele>82.0</ele>
   </trkpt>
   <trkpt lat="56.2792020" lon="10.0517100">
    <ele>82.2</ele>
   </trkpt>
   <trkpt lat="56.2792090" lon="10.0516350">
    <ele>82.2</ele>
   </trkpt>
   <trkpt lat="56.2792140" lon="10.0515610">
    <ele>82.4</ele>
   </trkpt>
   <trkpt lat="56.2792190" lon="10.0514870">
    <ele>82.4</ele>
   </trkpt>
   <trkpt lat="56.2792230" lon="10.0514140">
    <ele>82.6</ele>
   </trkpt>
   <trkpt lat="56.2792290" lon="10.0513430">
    <ele>82.6</ele>
   </trkpt>
   <trkpt lat="56.2792330" lon="10.0512720">
    <ele>82.6</ele>
   </trkpt>
   <trkpt lat="56.2792370" lon="10.0512000">
    <ele>82.8</ele>
   </trkpt>
   <trkpt lat="56.2792410" lon="10.0511280">
    <ele>82.8</ele>
   </trkpt>
   <trkpt lat="56.2792480" lon="10.0510570">
    <ele>83.0</ele>
   </trkpt>
   <trkpt lat="56.2792540" lon="10.0509830">
    <ele>83.2</ele>
   </trkpt>
   <trkpt lat="56.2792590" lon="10.0509080">
    <ele>83.4</ele>
   </trkpt>
   <trkpt lat="56.2792650" lon="10.0508300">
    <ele>83.6</ele>
   </trkpt>
   <trkpt lat="56.2792700" lon="10.0507510">
    <ele>83.6</ele>
   </trkpt>
   <trkpt lat="56.2792750" lon="10.0506700">
    <ele>83.6</ele>
   </trkpt>
   <trkpt lat="56.2792770" lon="10.0505880">
    <ele>83.6</ele>
   </trkpt>
   <trkpt lat="56.2792830" lon="10.0505050">
    <ele>83.4</ele>
   </trkpt>
   <trkpt lat="56.2792890" lon="10.0504220">
    <ele>83.2</ele>
   </trkpt>
   <trkpt lat="56.2792930" lon="10.0503370">
    <ele>83.0</ele>
   </trkpt>
   <trkpt lat="56.2792980" lon="10.0502530">
    <ele>83.0</ele>
   </trkpt>
   <trkpt lat="56.2793030" lon="10.0501690">
    <ele>82.8</ele>
   </trkpt>
   <trkpt lat="56.2793070" lon="10.0500820">
    <ele>82.8</ele>
   </trkpt>
   <trkpt lat="56.2793110" lon="10.0499960">
    <ele>82.8</ele>
   </trkpt>
   <trkpt lat="56.2793160" lon="10.0499090">
    <ele>82.6</ele>
   </trkpt>
   <trkpt lat="56.2793200" lon="10.0498230">
    <ele>82.6</ele>
   </trkpt>
   <trkpt lat="56.2793270" lon="10.0497370">
    <ele>82.6</ele>
   </trkpt>
   <trkpt lat="56.2793340" lon="10.0496440">
    <ele>82.6</ele>
   </trkpt>
   <trkpt lat="56.2793400" lon="10.0495510">
    <ele>82.6</ele>
   </trkpt>
   <trkpt lat="56.2793470" lon="10.0494560">
    <ele>82.4</ele>
   </trkpt>
   <trkpt lat="56.2793540" lon="10.0493580">
    <ele>82.2</ele>
   </trkpt>
   <trkpt lat="56.2793580" lon="10.0492590">
    <ele>82.2</ele>
   </trkpt>
   <trkpt lat="56.2793650" lon="10.0491580">
    <ele>82.0</ele>
   </trkpt>
   <trkpt lat="56.2793730" lon="10.0490560">
    <ele>81.8</ele>
   </trkpt>
   <trkpt lat="56.2793780" lon="10.0489540">
    <ele>81.8</ele>
   </trkpt>
   <trkpt lat="56.2793840" lon="10.0488490">
    <ele>81.6</ele>
   </trkpt>
   <trkpt lat="56.2793880" lon="10.0487450">
    <ele>81.2</ele>
   </trkpt>
   <trkpt lat="56.2793940" lon="10.0486400">
    <ele>80.8</ele>
   </trkpt>
   <trkpt lat="56.2794010" lon="10.0485340">
    <ele>80.6</ele>
   </trkpt>
   <trkpt lat="56.2794080" lon="10.0484260">
    <ele>80.2</ele>
   </trkpt>
   <trkpt lat="56.2794150" lon="10.0483170">
    <ele>79.8</ele>
   </trkpt>
   <trkpt lat="56.2794210" lon="10.0482070">
    <ele>79.6</ele>
   </trkpt>
   <trkpt lat="56.2794270" lon="10.0480970">
    <ele>79.6</ele>
   </trkpt>
   <trkpt lat="56.2794320" lon="10.0479840">
    <ele>79.4</ele>
   </trkpt>
   <trkpt lat="56.2794390" lon="10.0478710">
    <ele>79.0</ele>
   </trkpt>
   <trkpt lat="56.2794480" lon="10.0477600">
    <ele>78.8</ele>
   </trkpt>
   <trkpt lat="56.2794560" lon="10.0476480">
    <ele>78.6</ele>
   </trkpt>
   <trkpt lat="56.2794640" lon="10.0475340">
    <ele>78.4</ele>
   </trkpt>
   <trkpt lat="56.2794700" lon="10.0474170">
    <ele>78.4</ele>
   </trkpt>
   <trkpt lat="56.2794760" lon="10.0473030">
    <ele>78.2</ele>
   </trkpt>
   <trkpt lat="56.2794830" lon="10.0471870">
    <ele>78.2</ele>
   </trkpt>
   <trkpt lat="56.2794890" lon="10.0470710">
    <ele>78.2</ele>
   </trkpt>
   <trkpt lat="56.2794970" lon="10.0469530">
    <ele>78.2</ele>
   </trkpt>
   <trkpt lat="56.2795050" lon="10.0468330">
    <ele>78.2</ele>
   </trkpt>
   <trkpt lat="56.2795120" lon="10.0467120">
    <ele>78.2</ele>
   </trkpt>
   <trkpt lat="56.2795180" lon="10.0465910">
    <ele>78.0</ele>
   </trkpt>
   <trkpt lat="56.2795240" lon="10.0464710">
    <ele>77.8</ele>
   </trkpt>
   <trkpt lat="56.2795330" lon="10.0463510">
    <ele>77.8</ele>
   </trkpt>
   <trkpt lat="56.2795440" lon="10.0462310">
    <ele>77.6</ele>
   </trkpt>
   <trkpt lat="56.2795520" lon="10.0461120">
    <ele>77.6</ele>
   </trkpt>
   <trkpt lat="56.2795570" lon="10.0459920">
    <ele>77.4</ele>
   </trkpt>
   <trkpt lat="56.2795640" lon="10.0458730">
    <ele>77.2</ele>
   </trkpt>
   <trkpt lat="56.2795730" lon="10.0457540">
    <ele>77.2</ele>
   </trkpt>
   <trkpt lat="56.2795810" lon="10.0456340">
    <ele>77.0</ele>
   </trkpt>
   <trkpt lat="56.2795900" lon="10.0455140">
    <ele>77.0</ele>
   </trkpt>
   <trkpt lat="56.2795980" lon="10.0453950">
    <ele>77.0</ele>
   </trkpt>
   <trkpt lat="56.2796050" lon="10.0452770">
    <ele>77.0</ele>
   </trkpt>
   <trkpt lat="56.2796110" lon="10.0451570">
    <ele>77.0</ele>
   </trkpt>
   <trkpt lat="56.2796180" lon="10.0450380">
    <ele>77.2</ele>
   </trkpt>
   <trkpt lat="56.2796240" lon="10.0449190">
    <ele>77.2</ele>
   </trkpt>
   <trkpt lat="56.2796320" lon="10.0447990">
    <ele>77.2</ele>
   </trkpt>
   <trkpt lat="56.2796390" lon="10.0446800">
    <ele>77.2</ele>
   </trkpt>
   <trkpt lat="56.2796450" lon="10.0445660">
    <ele>77.2</ele>
   </trkpt>
   <trkpt lat="56.2796540" lon="10.0444530">
    <ele>77.2</ele>
   </trkpt>
   <trkpt lat="56.2796620" lon="10.0443380">
    <ele>77.2</ele>
   </trkpt>
   <trkpt lat="56.2796720" lon="10.0442270">
    <ele>77.4</ele>
   </trkpt>
   <trkpt lat="56.2796840" lon="10.0441180">
    <ele>77.4</ele>
   </trkpt>
   <trkpt lat="56.2796950" lon="10.0440090">
    <ele>77.4</ele>
   </trkpt>
   <trkpt lat="56.2797070" lon="10.0439030">
    <ele>77.4</ele>
   </trkpt>
   <trkpt lat="56.2797210" lon="10.0438020">
    <ele>77.4</ele>
   </trkpt>
   <trkpt lat="56.2797380" lon="10.0437080">
    <ele>77.0</ele>
   </trkpt>
   <trkpt lat="56.2797580" lon="10.0436170">
    <ele>76.8</ele>
   </trkpt>
   <trkpt lat="56.2797780" lon="10.0435300">
    <ele>76.6</ele>
   </trkpt>
   <trkpt lat="56.2797980" lon="10.0434440">
    <ele>76.4</ele>
   </trkpt>
   <trkpt lat="56.2798200" lon="10.0433580">
    <ele>76.2</ele>
   </trkpt>
   <trkpt lat="56.2798450" lon="10.0432680">
    <ele>76.0</ele>
   </trkpt>
   <trkpt lat="56.2798710" lon="10.0431760">
    <ele>76.0</ele>
   </trkpt>
   <trkpt lat="56.2798960" lon="10.0430780">
    <ele>75.8</ele>
   </trkpt>
   <trkpt lat="56.2799210" lon="10.0429770">
    <ele>75.6</ele>
   </trkpt>
   <trkpt lat="56.2799450" lon="10.0428700">
    <ele>75.6</ele>
   </trkpt>
   <trkpt lat="56.2799710" lon="10.0427600">
    <ele>75.6</ele>
   </trkpt>
   <trkpt lat="56.2799950" lon="10.0426470">
    <ele>75.0</ele>
   </trkpt>
   <trkpt lat="56.2800180" lon="10.0425260">
    <ele>74.4</ele>
   </trkpt>
   <trkpt lat="56.2800420" lon="10.0423980">
    <ele>73.8</ele>
   </trkpt>
   <trkpt lat="56.2800650" lon="10.0422600">
    <ele>73.2</ele>
   </trkpt>
   <trkpt lat="56.2800810" lon="10.0421120">
    <ele>72.8</ele>
   </trkpt>
   <trkpt lat="56.2800940" lon="10.0419580">
    <ele>72.2</ele>
   </trkpt>
   <trkpt lat="56.2801020" lon="10.0417970">
    <ele>71.4</ele>
   </trkpt>
   <trkpt lat="56.2801100" lon="10.0416380">
    <ele>70.8</ele>
   </trkpt>
   <trkpt lat="56.2801170" lon="10.0414940">
    <ele>70.2</ele>
   </trkpt>
   <trkpt lat="56.2801180" lon="10.0413710">
    <ele>69.6</ele>
   </trkpt>
   <trkpt lat="56.2801070" lon="10.0412710">
    <ele>69.6</ele>
   </trkpt>
   <trkpt lat="56.2800780" lon="10.0411950">
    <ele>69.6</ele>
   </trkpt>
   <trkpt lat="56.2800350" lon="10.0411500">
    <ele>69.6</ele>
   </trkpt>
   <trkpt lat="56.2799810" lon="10.0411250">
    <ele>69.8</ele>
   </trkpt>
   <trkpt lat="56.2799200" lon="10.0411190">
    <ele>69.8</ele>
   </trkpt>
   <trkpt lat="56.2798540" lon="10.0411270">
    <ele>69.8</ele>
   </trkpt>
   <trkpt lat="56.2797870" lon="10.0411420">
    <ele>69.4</ele>
   </trkpt>
   <trkpt lat="56.2797190" lon="10.0411570">
    <ele>69.2</ele>
   </trkpt>
   <trkpt lat="56.2796490" lon="10.0411710">
    <ele>68.8</ele>
   </trkpt>
   <trkpt lat="56.2795780" lon="10.0411820">
    <ele>68.6</ele>
   </trkpt>
   <trkpt lat="56.2795060" lon="10.0411750">
    <ele>68.4</ele>
   </trkpt>
   <trkpt lat="56.2794370" lon="10.0411260">
    <ele>68.2</ele>
   </trkpt>
   <trkpt lat="56.2793700" lon="10.0410430">
    <ele>68.0</ele>
   </trkpt>
   <trkpt lat="56.2793420" lon="10.0409300">
    <ele>67.6</ele>
   </trkpt>
   <trkpt lat="56.2793350" lon="10.0408040">
    <ele>67.4</ele>
   </trkpt>
   <trkpt lat="56.2793400" lon="10.0406730">
    <ele>67.0</ele>
   </trkpt>
   <trkpt lat="56.2793500" lon="10.0405380">
    <ele>66.6</ele>
   </trkpt>
   <trkpt lat="56.2793640" lon="10.0404000">
    <ele>66.2</ele>
   </trkpt>
   <trkpt lat="56.2793780" lon="10.0402580">
    <ele>65.8</ele>
   </trkpt>
   <trkpt lat="56.2793940" lon="10.0401110">
    <ele>65.2</ele>
   </trkpt>
   <trkpt lat="56.2794130" lon="10.0399600">
    <ele>64.6</ele>
   </trkpt>
   <trkpt lat="56.2794320" lon="10.0398040">
    <ele>63.8</ele>
   </trkpt>
   <trkpt lat="56.2794510" lon="10.0396490">
    <ele>63.0</ele>
   </trkpt>
   <trkpt lat="56.2794690" lon="10.0394930">
    <ele>62.2</ele>
   </trkpt>
   <trkpt lat="56.2794890" lon="10.0393370">
    <ele>61.6</ele>
   </trkpt>
   <trkpt lat="56.2795130" lon="10.0391860">
    <ele>60.8</ele>
   </trkpt>
   <trkpt lat="56.2795420" lon="10.0390390">
    <ele>60.4</ele>
   </trkpt>
   <trkpt lat="56.2795690" lon="10.0388970">
    <ele>60.0</ele>
   </trkpt>
   <trkpt lat="56.2795950" lon="10.0387580">
    <ele>59.8</ele>
   </trkpt>
   <trkpt lat="56.2796220" lon="10.0386270">
    <ele>59.6</ele>
   </trkpt>
   <trkpt lat="56.2796510" lon="10.0385010">
    <ele>59.2</ele>
   </trkpt>
   <trkpt lat="56.2796820" lon="10.0383810">
    <ele>59.2</ele>
   </trkpt>
   <trkpt lat="56.2797160" lon="10.0382660">
    <ele>59.0</ele>
   </trkpt>
   <trkpt lat="56.2797460" lon="10.0381530">
    <ele>59.0</ele>
   </trkpt>
   <trkpt lat="56.2797580" lon="10.0380360">
    <ele>58.8</ele>
   </trkpt>
   <trkpt lat="56.2797460" lon="10.0379210">
    <ele>59.0</ele>
   </trkpt>
   <trkpt lat="56.2797090" lon="10.0378190">
    <ele>59.0</ele>
   </trkpt>
   <trkpt lat="56.2796610" lon="10.0377270">
    <ele>59.0</ele>
   </trkpt>
   <trkpt lat="56.2796130" lon="10.0376310">
    <ele>59.0</ele>
   </trkpt>
   <trkpt lat="56.2795670" lon="10.0375330">
    <ele>59.0</ele>
   </trkpt>
   <trkpt lat="56.2795180" lon="10.0374420">
    <ele>58.8</ele>
   </trkpt>
   <trkpt lat="56.2794630" lon="10.0373550">
    <ele>58.6</ele>
   </trkpt>
   <trkpt lat="56.2794050" lon="10.0372680">
    <ele>58.4</ele>
   </trkpt>
   <trkpt lat="56.2793480" lon="10.0371660">
    <ele>58.0</ele>
   </trkpt>
   <trkpt lat="56.2793020" lon="10.0370470">
    <ele>57.6</ele>
   </trkpt>
   <trkpt lat="56.2792670" lon="10.0369200">
    <ele>57.0</ele>
   </trkpt>
   <trkpt lat="56.2792330" lon="10.0367870">
    <ele>56.6</ele>
   </trkpt>
   <trkpt lat="56.2791980" lon="10.0366530">
    <ele>56.2</ele>
   </trkpt>
   <trkpt lat="56.2791630" lon="10.0365210">
    <ele>55.8</ele>
   </trkpt>
   <trkpt lat="56.2791270" lon="10.0363910">
    <ele>55.6</ele>
   </trkpt>
   <trkpt lat="56.2790900" lon="10.0362630">
    <ele>55.6</ele>
   </trkpt>
   <trkpt lat="56.2790470" lon="10.0361390">
    <ele>55.8</ele>
   </trkpt>
   <trkpt lat="56.2790040" lon="10.0360140">
    <ele>55.8</ele>
   </trkpt>
   <trkpt lat="56.2789610" lon="10.0358900">
    <ele>55.8</ele>
   </trkpt>
   <trkpt lat="56.2789190" lon="10.0357700">
    <ele>55.8</ele>
   </trkpt>
   <trkpt lat="56.2788740" lon="10.0356570">
    <ele>56.0</ele>
   </trkpt>
   <trkpt lat="56.2788250" lon="10.0355530">
    <ele>56.0</ele>
   </trkpt>
   <trkpt lat="56.2787740" lon="10.0354550">
    <ele>56.2</ele>
   </trkpt>
   <trkpt lat="56.2787240" lon="10.0353580">
    <ele>56.2</ele>
   </trkpt>
   <trkpt lat="56.2786760" lon="10.0352590">
    <ele>56.4</ele>
   </trkpt>
   <trkpt lat="56.2786290" lon="10.0351630">
    <ele>56.6</ele>
   </trkpt>
   <trkpt lat="56.2785820" lon="10.0350680">
    <ele>56.6</ele>
   </trkpt>
   <trkpt lat="56.2785340" lon="10.0349780">
    <ele>56.8</ele>
   </trkpt>
   <trkpt lat="56.2784890" lon="10.0348900">
    <ele>57.0</ele>
   </trkpt>
   <trkpt lat="56.2784440" lon="10.0348050">
    <ele>57.2</ele>
   </trkpt>
   <trkpt lat="56.2783970" lon="10.0347220">
    <ele>57.4</ele>
   </trkpt>
   <trkpt lat="56.2783490" lon="10.0346430">
    <ele>57.8</ele>
   </trkpt>
   <trkpt lat="56.2783020" lon="10.0345620">
    <ele>58.2</ele>
   </trkpt>
   <trkpt lat="56.2782570" lon="10.0344810">
    <ele>58.4</ele>
   </trkpt>
   <trkpt lat="56.2782110" lon="10.0344030">
    <ele>58.6</ele>
   </trkpt>
   <trkpt lat="56.2781670" lon="10.0343260">
    <ele>59.0</ele>
   </trkpt>
   <trkpt lat="56.2781220" lon="10.0342560">
    <ele>59.2</ele>
   </trkpt>
   <trkpt lat="56.2780780" lon="10.0341890">
    <ele>59.6</ele>
   </trkpt>
   <trkpt lat="56.2780360" lon="10.0341220">
    <ele>60.0</ele>
   </trkpt>
   <trkpt lat="56.2779960" lon="10.0340550">
    <ele>60.4</ele>
   </trkpt>
   <trkpt lat="56.2779540" lon="10.0339910">
    <ele>60.6</ele>
   </trkpt>
   <trkpt lat="56.2779120" lon="10.0339290">
    <ele>61.2</ele>
   </trkpt>
   <trkpt lat="56.2778730" lon="10.0338620">
    <ele>61.4</ele>
   </trkpt>
   <trkpt lat="56.2778350" lon="10.0337980">
    <ele>61.8</ele>
   </trkpt>
   <trkpt lat="56.2777980" lon="10.0337360">
    <ele>62.0</ele>
   </trkpt>
   <trkpt lat="56.2777610" lon="10.0336740">
    <ele>62.4</ele>
   </trkpt>
   <trkpt lat="56.2777250" lon="10.0336100">
    <ele>62.8</ele>
   </trkpt>
   <trkpt lat="56.2776890" lon="10.0335450">
    <ele>63.0</ele>
   </trkpt>
   <trkpt lat="56.2776510" lon="10.0334790">
    <ele>63.2</ele>
   </trkpt>
   <trkpt lat="56.2776130" lon="10.0334100">
    <ele>63.6</ele>
   </trkpt>
   <trkpt lat="56.2775770" lon="10.0333370">
    <ele>63.6</ele>
   </trkpt>
   <trkpt lat="56.2775420" lon="10.0332610">
    <ele>63.8</ele>
   </trkpt>
   <trkpt lat="56.2775070" lon="10.0331850">
    <ele>64.0</ele>
   </trkpt>
   <trkpt lat="56.2774740" lon="10.0331070">
    <ele>64.2</ele>
   </trkpt>
   <trkpt lat="56.2774410" lon="10.0330280">
    <ele>64.4</ele>
   </trkpt>
   <trkpt lat="56.2774080" lon="10.0329490">
    <ele>64.6</ele>
   </trkpt>
   <trkpt lat="56.2773770" lon="10.0328680">
    <ele>64.6</ele>
   </trkpt>
   <trkpt lat="56.2773490" lon="10.0327830">
    <ele>64.4</ele>
   </trkpt>
   <trkpt lat="56.2773230" lon="10.0326930">
    <ele>64.6</ele>
   </trkpt>
   <trkpt lat="56.2773020" lon="10.0326040">
    <ele>64.6</ele>
   </trkpt>
   <trkpt lat="56.2772850" lon="10.0325170">
    <ele>64.8</ele>
   </trkpt>
   <trkpt lat="56.2772700" lon="10.0324300">
    <ele>64.8</ele>
   </trkpt>
   <trkpt lat="56.2772540" lon="10.0323460">
    <ele>65.0</ele>
   </trkpt>
   <trkpt lat="56.2772370" lon="10.0322630">
    <ele>65.0</ele>
   </trkpt>
   <trkpt lat="56.2772230" lon="10.0321800">
    <ele>65.0</ele>
   </trkpt>
   <trkpt lat="56.2772100" lon="10.0320960">
    <ele>65.0</ele>
   </trkpt>
   <trkpt lat="56.2771960" lon="10.0320110">
    <ele>65.2</ele>
   </trkpt>
   <trkpt lat="56.2771830" lon="10.0319270">
    <ele>65.2</ele>
   </trkpt>
   <trkpt lat="56.2771710" lon="10.0318410">
    <ele>65.2</ele>
   </trkpt>
   <trkpt lat="56.2771560" lon="10.0317560">
    <ele>65.2</ele>
   </trkpt>
   <trkpt lat="56.2771410" lon="10.0316700">
    <ele>65.2</ele>
   </trkpt>
   <trkpt lat="56.2771260" lon="10.0315830">
    <ele>65.2</ele>
   </trkpt>
   <trkpt lat="56.2771140" lon="10.0314990">
    <ele>65.2</ele>
   </trkpt>
   <trkpt lat="56.2771010" lon="10.0314160">
    <ele>65.2</ele>
   </trkpt>
   <trkpt lat="56.2770860" lon="10.0313330">
    <ele>65.4</ele>
   </trkpt>
   <trkpt lat="56.2770750" lon="10.0312530">
    <ele>65.8</ele>
   </trkpt>
   <trkpt lat="56.2770630" lon="10.0311720">
    <ele>66.0</ele>
   </trkpt>
   <trkpt lat="56.2770510" lon="10.0310970">
    <ele>66.2</ele>
   </trkpt>
   <trkpt lat="56.2770410" lon="10.0310260">
    <ele>66.4</ele>
   </trkpt>
   <trkpt lat="56.2770300" lon="10.0309600">
    <ele>66.6</ele>
   </trkpt>
   <trkpt lat="56.2770200" lon="10.0308990">
    <ele>66.6</ele>
   </trkpt>
   <trkpt lat="56.2770080" lon="10.0308390">
    <ele>66.8</ele>
   </trkpt>
   <trkpt lat="56.2769930" lon="10.0307800">
    <ele>67.0</ele>
   </trkpt>
   <trkpt lat="56.2769820" lon="10.0307190">
    <ele>67.2</ele>
   </trkpt>
   <trkpt lat="56.2769720" lon="10.0306540">
    <ele>67.2</ele>
   </trkpt>
   <trkpt lat="56.2769610" lon="10.0305880">
    <ele>67.4</ele>
   </trkpt>
   <trkpt lat="56.2769480" lon="10.0305200">
    <ele>67.4</ele>
   </trkpt>
   <trkpt lat="56.2769380" lon="10.0304530">
    <ele>67.6</ele>
   </trkpt>
   <trkpt lat="56.2769270" lon="10.0303860">
    <ele>67.6</ele>
   </trkpt>
   <trkpt lat="56.2769160" lon="10.0303180">
    <ele>67.6</ele>
   </trkpt>
   <trkpt lat="56.2769040" lon="10.0302530">
    <ele>67.6</ele>
   </trkpt>
   <trkpt lat="56.2768930" lon="10.0301900">
    <ele>67.8</ele>
   </trkpt>
   <trkpt lat="56.2768790" lon="10.0301290">
    <ele>67.8</ele>
   </trkpt>
   <trkpt lat="56.2768650" lon="10.0300670">
    <ele>68.0</ele>
   </trkpt>
   <trkpt lat="56.2768560" lon="10.0300070">
    <ele>68.0</ele>
   </trkpt>
   <trkpt lat="56.2768510" lon="10.0299460">
    <ele>68.0</ele>
   </trkpt>
   <trkpt lat="56.2768480" lon="10.0298830">
    <ele>68.0</ele>
   </trkpt>
   <trkpt lat="56.2768410" lon="10.0298190">
    <ele>68.0</ele>
   </trkpt>
   <trkpt lat="56.2768330" lon="10.0297550">
    <ele>68.0</ele>
   </trkpt>
   <trkpt lat="56.2768230" lon="10.0296900">
    <ele>68.2</ele>
   </trkpt>
   <trkpt lat="56.2768120" lon="10.0296250">
    <ele>68.2</ele>
   </trkpt>
   <trkpt lat="56.2768000" lon="10.0295610">
    <ele>68.6</ele>
   </trkpt>
   <trkpt lat="56.2767890" lon="10.0294960">
    <ele>68.8</ele>
   </trkpt>
   <trkpt lat="56.2767780" lon="10.0294290">
    <ele>68.8</ele>
   </trkpt>
   <trkpt lat="56.2767650" lon="10.0293610">
    <ele>69.0</ele>
   </trkpt>
   <trkpt lat="56.2767520" lon="10.0292950">
    <ele>69.2</ele>
   </trkpt>
   <trkpt lat="56.2767390" lon="10.0292270">
    <ele>69.2</ele>
   </trkpt>
   <trkpt lat="56.2767270" lon="10.0291580">
    <ele>69.2</ele>
   </trkpt>
   <trkpt lat="56.2767140" lon="10.0290890">
    <ele>69.4</ele>
   </trkpt>
   <trkpt lat="56.2767020" lon="10.0290170">
    <ele>69.2</ele>
   </trkpt>
   <trkpt lat="56.2766900" lon="10.0289410">
    <ele>69.2</ele>
   </trkpt>
   <trkpt lat="56.2766790" lon="10.0288650">
    <ele>69.2</ele>
   </trkpt>
   <trkpt lat="56.2766670" lon="10.0287880">
    <ele>69.2</ele>
   </trkpt>
   <trkpt lat="56.2766520" lon="10.0287080">
    <ele>69.2</ele>
   </trkpt>
   <trkpt lat="56.2766370" lon="10.0286290">
    <ele>69.0</ele>
   </trkpt>
   <trkpt lat="56.2766210" lon="10.0285480">
    <ele>69.0</ele>
   </trkpt>
   <trkpt lat="56.2766060" lon="10.0284670">
    <ele>68.8</ele>
   </trkpt>
   <trkpt lat="56.2765920" lon="10.0283830">
    <ele>68.8</ele>
   </trkpt>
   <trkpt lat="56.2765800" lon="10.0283010">
    <ele>68.6</ele>
   </trkpt>
   <trkpt lat="56.2765660" lon="10.0282200">
    <ele>68.4</ele>
   </trkpt>
   <trkpt lat="56.2765490" lon="10.0281400">
    <ele>68.4</ele>
   </trkpt>
   <trkpt lat="56.2765330" lon="10.0280590">
    <ele>68.4</ele>
   </trkpt>
   <trkpt lat="56.2765180" lon="10.0279790">
    <ele>68.6</ele>
   </trkpt>
   <trkpt lat="56.2765080" lon="10.0278980">
    <ele>68.8</ele>
   </trkpt>
   <trkpt lat="56.2764940" lon="10.0278160">
    <ele>68.8</ele>
   </trkpt>
   <trkpt lat="56.2764770" lon="10.0277320">
    <ele>68.8</ele>
   </trkpt>
   <trkpt lat="56.2764620" lon="10.0276490">
    <ele>68.8</ele>
   </trkpt>
   <trkpt lat="56.2764480" lon="10.0275640">
    <ele>68.8</ele>
   </trkpt>
   <trkpt lat="56.2764320" lon="10.0274800">
    <ele>68.6</ele>
   </trkpt>
   <trkpt lat="56.2764150" lon="10.0273980">
    <ele>68.8</ele>
   </trkpt>
   <trkpt lat="56.2764010" lon="10.0273190">
    <ele>68.8</ele>
   </trkpt>
   <trkpt lat="56.2763880" lon="10.0272380">
    <ele>68.8</ele>
   </trkpt>
   <trkpt lat="56.2763740" lon="10.0271600">
    <ele>68.8</ele>
   </trkpt>
   <trkpt lat="56.2763610" lon="10.0270830">
    <ele>69.0</ele>
   </trkpt>
   <trkpt lat="56.2763470" lon="10.0270040">
    <ele>69.0</ele>
   </trkpt>
   <trkpt lat="56.2763340" lon="10.0269230">
    <ele>69.2</ele>
   </trkpt>
   <trkpt lat="56.2763180" lon="10.0268400">
    <ele>69.2</ele>
   </trkpt>
   <trkpt lat="56.2763000" lon="10.0267580">
    <ele>69.4</ele>
   </trkpt>
   <trkpt lat="56.2762860" lon="10.0266770">
    <ele>69.6</ele>
   </trkpt>
   <trkpt lat="56.2762730" lon="10.0266000">
    <ele>69.6</ele>
   </trkpt>
   <trkpt lat="56.2762590" lon="10.0265200">
    <ele>69.8</ele>
   </trkpt>
   <trkpt lat="56.2762440" lon="10.0264400">
    <ele>70.0</ele>
   </trkpt>
   <trkpt lat="56.2762270" lon="10.0263600">
    <ele>70.0</ele>
   </trkpt>
   <trkpt lat="56.2762110" lon="10.0262780">
    <ele>70.2</ele>
   </trkpt>
   <trkpt lat="56.2761960" lon="10.0261970">
    <ele>70.4</ele>
   </trkpt>
   <trkpt lat="56.2761800" lon="10.0261160">
    <ele>70.2</ele>
   </trkpt>
   <trkpt lat="56.2761640" lon="10.0260320">
    <ele>70.2</ele>
   </trkpt>
   <trkpt lat="56.2761490" lon="10.0259470">
    <ele>70.0</ele>
   </trkpt>
   <trkpt lat="56.2761340" lon="10.0258600">
    <ele>69.8</ele>
   </trkpt>
   <trkpt lat="56.2761210" lon="10.0257720">
    <ele>69.8</ele>
   </trkpt>
   <trkpt lat="56.2761060" lon="10.0256830">
    <ele>69.4</ele>
   </trkpt>
   <trkpt lat="56.2760890" lon="10.0255970">
    <ele>69.2</ele>
   </trkpt>
   <trkpt lat="56.2760730" lon="10.0255140">
    <ele>69.0</ele>
   </trkpt>
   <trkpt lat="56.2760580" lon="10.0254280">
    <ele>69.0</ele>
   </trkpt>
   <trkpt lat="56.2760450" lon="10.0253410">
    <ele>69.2</ele>
   </trkpt>
   <trkpt lat="56.2760300" lon="10.0252560">
    <ele>69.2</ele>
   </trkpt>
   <trkpt lat="56.2760160" lon="10.0251710">
    <ele>69.4</ele>
   </trkpt>
   <trkpt lat="56.2760010" lon="10.0250850">
    <ele>69.4</ele>
   </trkpt>
   <trkpt lat="56.2759870" lon="10.0250010">
    <ele>69.2</ele>
   </trkpt>
   <trkpt lat="56.2759720" lon="10.0249160">
    <ele>69.0</ele>
   </trkpt>
   <trkpt lat="56.2759560" lon="10.0248300">
    <ele>69.0</ele>
   </trkpt>
   <trkpt lat="56.2759400" lon="10.0247460">
    <ele>69.0</ele>
   </trkpt>
   <trkpt lat="56.2759250" lon="10.0246620">
    <ele>69.0</ele>
   </trkpt>
   <trkpt lat="56.2759100" lon="10.0245780">
    <ele>69.0</ele>
   </trkpt>
   <trkpt lat="56.2758950" lon="10.0244950">
    <ele>69.4</ele>
   </trkpt>
   <trkpt lat="56.2758800" lon="10.0244100">
    <ele>69.4</ele>
   </trkpt>
   <trkpt lat="56.2758660" lon="10.0243290">
    <ele>69.4</ele>
   </trkpt>
   <trkpt lat="56.2758500" lon="10.0242480">
    <ele>69.6</ele>
   </trkpt>
   <trkpt lat="56.2758380" lon="10.0241690">
    <ele>69.8</ele>
   </trkpt>
   <trkpt lat="56.2758250" lon="10.0240900">
    <ele>69.8</ele>
   </trkpt>
   <trkpt lat="56.2758120" lon="10.0240130">
    <ele>70.0</ele>
   </trkpt>
   <trkpt lat="56.2757990" lon="10.0239350">
    <ele>70.0</ele>
   </trkpt>
   <trkpt lat="56.2757860" lon="10.0238570">
    <ele>70.2</ele>
   </trkpt>
   <trkpt lat="56.2757710" lon="10.0237790">
    <ele>70.4</ele>
   </trkpt>
   <trkpt lat="56.2757580" lon="10.0237030">
    <ele>70.4</ele>
   </trkpt>
   <trkpt lat="56.2757450" lon="10.0236290">
    <ele>70.6</ele>
   </trkpt>
   <trkpt lat="56.2757320" lon="10.0235560">
    <ele>70.6</ele>
   </trkpt>
   <trkpt lat="56.2757180" lon="10.0234790">
    <ele>70.8</ele>
   </trkpt>
   <trkpt lat="56.2757050" lon="10.0234010">
    <ele>70.8</ele>
   </trkpt>
   <trkpt lat="56.2756920" lon="10.0233230">
    <ele>71.0</ele>
   </trkpt>
   <trkpt lat="56.2756780" lon="10.0232430">
    <ele>71.2</ele>
   </trkpt>
   <trkpt lat="56.2756650" lon="10.0231630">
    <ele>71.6</ele>
   </trkpt>
   <trkpt lat="56.2756530" lon="10.0230840">
    <ele>71.8</ele>
   </trkpt>
   <trkpt lat="56.2756400" lon="10.0230040">
    <ele>71.8</ele>
   </trkpt>
   <trkpt lat="56.2756240" lon="10.0229220">
    <ele>71.8</ele>
   </trkpt>
   <trkpt lat="56.2756090" lon="10.0228390">
    <ele>71.4</ele>
   </trkpt>
   <trkpt lat="56.2755940" lon="10.0227550">
    <ele>71.4</ele>
   </trkpt>
   <trkpt lat="56.2755790" lon="10.0226700">
    <ele>71.2</ele>
   </trkpt>
   <trkpt lat="56.2755640" lon="10.0225830">
    <ele>71.0</ele>
   </trkpt>
   <trkpt lat="56.2755490" lon="10.0224980">
    <ele>71.0</ele>
   </trkpt>
   <trkpt lat="56.2755330" lon="10.0224140">
    <ele>71.0</ele>
   </trkpt>
   <trkpt lat="56.2755170" lon="10.0223300">
    <ele>70.8</ele>
   </trkpt>
   <trkpt lat="56.2755020" lon="10.0222470">
    <ele>70.8</ele>
   </trkpt>
   <trkpt lat="56.2754880" lon="10.0221610">
    <ele>70.6</ele>
   </trkpt>
   <trkpt lat="56.2754740" lon="10.0220730">
    <ele>70.6</ele>
   </trkpt>
   <trkpt lat="56.2754590" lon="10.0219840">
    <ele>70.4</ele>
   </trkpt>
   <trkpt lat="56.2754410" lon="10.0218910">
    <ele>70.8</ele>
   </trkpt>
   <trkpt lat="56.2754240" lon="10.0217940">
    <ele>71.0</ele>
   </trkpt>
   <trkpt lat="56.2754060" lon="10.0216920">
    <ele>71.0</ele>
   </trkpt>
   <trkpt lat="56.2753860" lon="10.0215890">
    <ele>71.0</ele>
   </trkpt>
   <trkpt lat="56.2753630" lon="10.0214860">
    <ele>70.8</ele>
   </trkpt>
   <trkpt lat="56.2753320" lon="10.0213850">
    <ele>70.6</ele>
   </trkpt>
   <trkpt lat="56.2752920" lon="10.0212950">
    <ele>70.0</ele>
   </trkpt>
   <trkpt lat="56.2752460" lon="10.0212150">
    <ele>69.6</ele>
   </trkpt>
   <trkpt lat="56.2751950" lon="10.0211370">
    <ele>69.2</ele>
   </trkpt>
   <trkpt lat="56.2751400" lon="10.0210600">
    <ele>68.8</ele>
   </trkpt>
   <trkpt lat="56.2750840" lon="10.0209830">
    <ele>68.4</ele>
   </trkpt>
   <trkpt lat="56.2750260" lon="10.0209010">
    <ele>68.2</ele>
   </trkpt>
   <trkpt lat="56.2749670" lon="10.0208160">
    <ele>67.6</ele>
   </trkpt>
   <trkpt lat="56.2749030" lon="10.0207280">
    <ele>66.8</ele>
   </trkpt>
   <trkpt lat="56.2748340" lon="10.0206350">
    <ele>66.4</ele>
   </trkpt>
   <trkpt lat="56.2747620" lon="10.0205390">
    <ele>65.0</ele>
   </trkpt>
   <trkpt lat="56.2746870" lon="10.0204370">
    <ele>63.6</ele>
   </trkpt>
   <trkpt lat="56.2746080" lon="10.0203320">
    <ele>62.8</ele>
   </trkpt>
   <trkpt lat="56.2745300" lon="10.0202240">
    <ele>61.6</ele>
   </trkpt>
   <trkpt lat="56.2744510" lon="10.0201130">
    <ele>61.0</ele>
   </trkpt>
   <trkpt lat="56.2743740" lon="10.0200010">
    <ele>60.4</ele>
   </trkpt>
   <trkpt lat="56.2742970" lon="10.0198880">
    <ele>59.6</ele>
   </trkpt>
   <trkpt lat="56.2742210" lon="10.0197710">
    <ele>58.4</ele>
   </trkpt>
   <trkpt lat="56.2741440" lon="10.0196520">
    <ele>57.2</ele>
   </trkpt>
   <trkpt lat="56.2740670" lon="10.0195290">
    <ele>56.4</ele>
   </trkpt>
   <trkpt lat="56.2739860" lon="10.0194020">
    <ele>55.0</ele>
   </trkpt>
   <trkpt lat="56.2739040" lon="10.0192720">
    <ele>54.4</ele>
   </trkpt>
   <trkpt lat="56.2738190" lon="10.0191390">
    <ele>52.6</ele>
   </trkpt>
   <trkpt lat="56.2737350" lon="10.0190070">
    <ele>51.0</ele>
   </trkpt>
   <trkpt lat="56.2736510" lon="10.0188750">
    <ele>49.8</ele>
   </trkpt>
   <trkpt lat="56.2735660" lon="10.0187460">
    <ele>48.6</ele>
   </trkpt>
   <trkpt lat="56.2734830" lon="10.0186160">
    <ele>48.2</ele>
   </trkpt>
   <trkpt lat="56.2734030" lon="10.0184880">
    <ele>47.2</ele>
   </trkpt>
   <trkpt lat="56.2733290" lon="10.0183600">
    <ele>46.6</ele>
   </trkpt>
   <trkpt lat="56.2732650" lon="10.0182290">
    <ele>46.2</ele>
   </trkpt>
   <trkpt lat="56.2732090" lon="10.0180970">
    <ele>45.8</ele>
   </trkpt>
   <trkpt lat="56.2731640" lon="10.0179660">
    <ele>45.8</ele>
   </trkpt>
   <trkpt lat="56.2731330" lon="10.0178410">
    <ele>46.2</ele>
   </trkpt>
   <trkpt lat="56.2731110" lon="10.0177160">
    <ele>46.4</ele>
   </trkpt>
   <trkpt lat="56.2730940" lon="10.0175960">
    <ele>46.4</ele>
   </trkpt>
   <trkpt lat="56.2730770" lon="10.0174800">
    <ele>46.8</ele>
   </trkpt>
   <trkpt lat="56.2730620" lon="10.0173690">
    <ele>47.0</ele>
   </trkpt>
   <trkpt lat="56.2730480" lon="10.0172600">
    <ele>47.2</ele>
   </trkpt>
   <trkpt lat="56.2730370" lon="10.0171570">
    <ele>48.0</ele>
   </trkpt>
   <trkpt lat="56.2730280" lon="10.0170590">
    <ele>48.6</ele>
   </trkpt>
   <trkpt lat="56.2730170" lon="10.0169690">
    <ele>49.2</ele>
   </trkpt>
   <trkpt lat="56.2730060" lon="10.0168840">
    <ele>50.0</ele>
   </trkpt>
   <trkpt lat="56.2729950" lon="10.0168060">
    <ele>50.6</ele>
   </trkpt>
   <trkpt lat="56.2729830" lon="10.0167360">
    <ele>51.0</ele>
   </trkpt>
   <trkpt lat="56.2729710" lon="10.0166690">
    <ele>51.6</ele>
   </trkpt>
   <trkpt lat="56.2729630" lon="10.0166070">
    <ele>52.2</ele>
   </trkpt>
   <trkpt lat="56.2729570" lon="10.0165540">
    <ele>52.8</ele>
   </trkpt>
   <trkpt lat="56.2729500" lon="10.0165040">
    <ele>53.0</ele>
   </trkpt>
   <trkpt lat="56.2729420" lon="10.0164520">
    <ele>53.4</ele>
   </trkpt>
   <trkpt lat="56.2729340" lon="10.0164020">
    <ele>53.6</ele>
   </trkpt>
   <trkpt lat="56.2729270" lon="10.0163530">
    <ele>53.8</ele>
   </trkpt>
   <trkpt lat="56.2729190" lon="10.0163040">
    <ele>54.0</ele>
   </trkpt>
   <trkpt lat="56.2729090" lon="10.0162550">
    <ele>54.4</ele>
   </trkpt>
   <trkpt lat="56.2728980" lon="10.0162090">
    <ele>54.6</ele>
   </trkpt>
   <trkpt lat="56.2728850" lon="10.0161650">
    <ele>55.0</ele>
   </trkpt>
   <trkpt lat="56.2728730" lon="10.0161210">
    <ele>55.4</ele>
   </trkpt>
   <trkpt lat="56.2728620" lon="10.0160760">
    <ele>55.8</ele>
   </trkpt>
   <trkpt lat="56.2728520" lon="10.0160340">
    <ele>56.0</ele>
   </trkpt>
   <trkpt lat="56.2728410" lon="10.0159940">
    <ele>56.4</ele>
   </trkpt>
   <trkpt lat="56.2728290" lon="10.0159570">
    <ele>56.6</ele>
   </trkpt>
   <trkpt lat="56.2728170" lon="10.0159220">
    <ele>57.0</ele>
   </trkpt>
   <trkpt lat="56.2728030" lon="10.0158880">
    <ele>57.2</ele>
   </trkpt>
   <trkpt lat="56.2727900" lon="10.0158620">
    <ele>57.6</ele>
   </trkpt>
   <trkpt lat="56.2727740" lon="10.0158350">
    <ele>58.0</ele>
   </trkpt>
   <trkpt lat="56.2727570" lon="10.0158010">
    <ele>58.2</ele>
   </trkpt>
   <trkpt lat="56.2727420" lon="10.0157700">
    <ele>58.4</ele>
   </trkpt>
   <trkpt lat="56.2727250" lon="10.0157360">
    <ele>58.6</ele>
   </trkpt>
   <trkpt lat="56.2727070" lon="10.0157030">
    <ele>58.8</ele>
   </trkpt>
   <trkpt lat="56.2726900" lon="10.0156700">
    <ele>59.2</ele>
   </trkpt>
   <trkpt lat="56.2726740" lon="10.0156410">
    <ele>59.6</ele>
   </trkpt>
   <trkpt lat="56.2726550" lon="10.0156130">
    <ele>60.0</ele>
   </trkpt>
   <trkpt lat="56.2726360" lon="10.0155860">
    <ele>60.4</ele>
   </trkpt>
   <trkpt lat="56.2726190" lon="10.0155570">
    <ele>61.0</ele>
   </trkpt>
   <trkpt lat="56.2726030" lon="10.0155290">
    <ele>61.4</ele>
   </trkpt>
   <trkpt lat="56.2725870" lon="10.0155000">
    <ele>61.8</ele>
   </trkpt>
   <trkpt lat="56.2725710" lon="10.0154700">
    <ele>62.2</ele>
   </trkpt>
   <trkpt lat="56.2725570" lon="10.0154440">
    <ele>62.4</ele>
   </trkpt>
   <trkpt lat="56.2725500" lon="10.0154220">
    <ele>62.8</ele>
   </trkpt>
   <trkpt lat="56.2725440" lon="10.0154000">
    <ele>63.0</ele>
   </trkpt>
   <trkpt lat="56.2725370" lon="10.0153730">
    <ele>63.4</ele>
   </trkpt>
   <trkpt lat="56.2725250" lon="10.0153470">
    <ele>63.8</ele>
   </trkpt>
   <trkpt lat="56.2725110" lon="10.0153240">
    <ele>64.0</ele>
   </trkpt>
   <trkpt lat="56.2724970" lon="10.0152990">
    <ele>64.4</ele>
   </trkpt>
   <trkpt lat="56.2724820" lon="10.0152710">
    <ele>64.8</ele>
   </trkpt>
   <trkpt lat="56.2724710" lon="10.0152410">
    <ele>65.0</ele>
   </trkpt>
   <trkpt lat="56.2724620" lon="10.0152140">
    <ele>65.2</ele>
   </trkpt>
   <trkpt lat="56.2724530" lon="10.0151840">
    <ele>65.6</ele>
   </trkpt>
   <trkpt lat="56.2724420" lon="10.0151520">
    <ele>65.8</ele>
   </trkpt>
   <trkpt lat="56.2724250" lon="10.0151180">
    <ele>66.2</ele>
   </trkpt>
   <trkpt lat="56.2724090" lon="10.0150820">
    <ele>66.4</ele>
   </trkpt>
   <trkpt lat="56.2723980" lon="10.0150460">
    <ele>66.8</ele>
   </trkpt>
   <trkpt lat="56.2723880" lon="10.0150100">
    <ele>67.0</ele>
   </trkpt>
   <trkpt lat="56.2723780" lon="10.0149750">
    <ele>67.4</ele>
   </trkpt>
   <trkpt lat="56.2723680" lon="10.0149390">
    <ele>67.4</ele>
   </trkpt>
   <trkpt lat="56.2723590" lon="10.0149010">
    <ele>67.6</ele>
   </trkpt>
   <trkpt lat="56.2723470" lon="10.0148620">
    <ele>67.8</ele>
   </trkpt>
   <trkpt lat="56.2723300" lon="10.0148240">
    <ele>68.0</ele>
   </trkpt>
   <trkpt lat="56.2723150" lon="10.0147880">
    <ele>68.2</ele>
   </trkpt>
   <trkpt lat="56.2723020" lon="10.0147520">
    <ele>68.4</ele>
   </trkpt>
   <trkpt lat="56.2722910" lon="10.0147140">
    <ele>68.6</ele>
   </trkpt>
   <trkpt lat="56.2722770" lon="10.0146750">
    <ele>68.8</ele>
   </trkpt>
   <trkpt lat="56.2722580" lon="10.0146360">
    <ele>69.0</ele>
   </trkpt>
   <trkpt lat="56.2722420" lon="10.0145940">
    <ele>69.2</ele>
   </trkpt>
   <trkpt lat="56.2722250" lon="10.0145490">
    <ele>69.2</ele>
   </trkpt>
   <trkpt lat="56.2722070" lon="10.0145050">
    <ele>69.4</ele>
   </trkpt>
   <trkpt lat="56.2721870" lon="10.0144600">
    <ele>69.4</ele>
   </trkpt>
   <trkpt lat="56.2721730" lon="10.0144150">
    <ele>69.6</ele>
   </trkpt>
   <trkpt lat="56.2721550" lon="10.0143660">
    <ele>69.8</ele>
   </trkpt>
   <trkpt lat="56.2721350" lon="10.0143140">
    <ele>69.8</ele>
   </trkpt>
   <trkpt lat="56.2721180" lon="10.0142630">
    <ele>69.8</ele>
   </trkpt>
   <trkpt lat="56.2721020" lon="10.0142120">
    <ele>70.0</ele>
   </trkpt>
   <trkpt lat="56.2720880" lon="10.0141600">
    <ele>70.0</ele>
   </trkpt>
   <trkpt lat="56.2720740" lon="10.0141090">
    <ele>70.0</ele>
   </trkpt>
   <trkpt lat="56.2720560" lon="10.0140580">
    <ele>70.2</ele>
   </trkpt>
   <trkpt lat="56.2720400" lon="10.0140050">
    <ele>70.4</ele>
   </trkpt>
   <trkpt lat="56.2720240" lon="10.0139530">
    <ele>70.6</ele>
   </trkpt>
   <trkpt lat="56.2720070" lon="10.0139020">
    <ele>70.8</ele>
   </trkpt>
   <trkpt lat="56.2719860" lon="10.0138530">
    <ele>70.8</ele>
   </trkpt>
   <trkpt lat="56.2719650" lon="10.0138010">
    <ele>70.8</ele>
   </trkpt>
   <trkpt lat="56.2719480" lon="10.0137510">
    <ele>71.0</ele>
   </trkpt>
   <trkpt lat="56.2719220" lon="10.0136930">
    <ele>71.0</ele>
   </trkpt>
   <trkpt lat="56.2718940" lon="10.0136340">
    <ele>71.2</ele>
   </trkpt>
   <trkpt lat="56.2718670" lon="10.0135740">
    <ele>71.2</ele>
   </trkpt>
   <trkpt lat="56.2718350" lon="10.0135110">
    <ele>71.2</ele>
   </trkpt>
   <trkpt lat="56.2718230" lon="10.0134540">
    <ele>71.2</ele>
   </trkpt>
   <trkpt lat="56.2718130" lon="10.0134130">
    <ele>71.2</ele>
   </trkpt>
   <trkpt lat="56.2717970" lon="10.0133670">
    <ele>71.0</ele>
   </trkpt>
   <trkpt lat="56.2717820" lon="10.0133170">
    <ele>71.2</ele>
   </trkpt>
   <trkpt lat="56.2717690" lon="10.0132620">
    <ele>71.2</ele>
   </trkpt>
   <trkpt lat="56.2717550" lon="10.0132100">
    <ele>71.2</ele>
   </trkpt>
   <trkpt lat="56.2717410" lon="10.0131560">
    <ele>71.2</ele>
   </trkpt>
   <trkpt lat="56.2717250" lon="10.0131020">
    <ele>71.2</ele>
   </trkpt>
   <trkpt lat="56.2717070" lon="10.0130480">
    <ele>71.2</ele>
   </trkpt>
   <trkpt lat="56.2716860" lon="10.0129900">
    <ele>71.2</ele>
   </trkpt>
   <trkpt lat="56.2716670" lon="10.0129300">
    <ele>71.4</ele>
   </trkpt>
   <trkpt lat="56.2716450" lon="10.0128650">
    <ele>71.4</ele>
   </trkpt>
   <trkpt lat="56.2716250" lon="10.0128020">
    <ele>71.2</ele>
   </trkpt>
   <trkpt lat="56.2716070" lon="10.0127420">
    <ele>71.4</ele>
   </trkpt>
   <trkpt lat="56.2715880" lon="10.0126750">
    <ele>71.4</ele>
   </trkpt>
   <trkpt lat="56.2715660" lon="10.0126090">
    <ele>71.2</ele>
   </trkpt>
   <trkpt lat="56.2715430" lon="10.0125440">
    <ele>71.4</ele>
   </trkpt>
   <trkpt lat="56.2715200" lon="10.0124790">
    <ele>71.4</ele>
   </trkpt>
   <trkpt lat="56.2715010" lon="10.0124150">
    <ele>71.4</ele>
   </trkpt>
   <trkpt lat="56.2714800" lon="10.0123500">
    <ele>71.4</ele>
   </trkpt>
   <trkpt lat="56.2714560" lon="10.0122800">
    <ele>71.2</ele>
   </trkpt>
   <trkpt lat="56.2714360" lon="10.0122140">
    <ele>71.4</ele>
   </trkpt>
   <trkpt lat="56.2714140" lon="10.0121460">
    <ele>71.2</ele>
   </trkpt>
   <trkpt lat="56.2713900" lon="10.0120750">
    <ele>71.2</ele>
   </trkpt>
   <trkpt lat="56.2713640" lon="10.0120010">
    <ele>71.4</ele>
   </trkpt>
   <trkpt lat="56.2713380" lon="10.0119260">
    <ele>71.4</ele>
   </trkpt>
   <trkpt lat="56.2713150" lon="10.0118510">
    <ele>71.4</ele>
   </trkpt>
   <trkpt lat="56.2712920" lon="10.0117830">
    <ele>71.4</ele>
   </trkpt>
   <trkpt lat="56.2712710" lon="10.0117180">
    <ele>71.4</ele>
   </trkpt>
   <trkpt lat="56.2712500" lon="10.0116520">
    <ele>71.4</ele>
   </trkpt>
   <trkpt lat="56.2712260" lon="10.0115840">
    <ele>71.4</ele>
   </trkpt>
   <trkpt lat="56.2712020" lon="10.0115210">
    <ele>71.4</ele>
   </trkpt>
   <trkpt lat="56.2711730" lon="10.0114580">
    <ele>71.4</ele>
   </trkpt>
   <trkpt lat="56.2711420" lon="10.0114030">
    <ele>71.6</ele>
   </trkpt>
   <trkpt lat="56.2711050" lon="10.0113570">
    <ele>71.6</ele>
   </trkpt>
   <trkpt lat="56.2710600" lon="10.0113180">
    <ele>71.2</ele>
   </trkpt>
   <trkpt lat="56.2710080" lon="10.0112960">
    <ele>71.0</ele>
   </trkpt>
   <trkpt lat="56.2709480" lon="10.0112980">
    <ele>70.8</ele>
   </trkpt>
   <trkpt lat="56.2708860" lon="10.0113200">
    <ele>70.6</ele>
   </trkpt>
   <trkpt lat="56.2708130" lon="10.0113540">
    <ele>69.8</ele>
   </trkpt>
   <trkpt lat="56.2707290" lon="10.0113950">
    <ele>68.4</ele>
   </trkpt>
   <trkpt lat="56.2706410" lon="10.0114380">
    <ele>67.0</ele>
   </trkpt>
   <trkpt lat="56.2705550" lon="10.0114800">
    <ele>65.4</ele>
   </trkpt>
   <trkpt lat="56.2704650" lon="10.0115090">
    <ele>64.8</ele>
   </trkpt>
   <trkpt lat="56.2703810" lon="10.0115110">
    <ele>64.4</ele>
   </trkpt>
   <trkpt lat="56.2702980" lon="10.0114810">
    <ele>63.8</ele>
   </trkpt>
   <trkpt lat="56.2702120" lon="10.0114190">
    <ele>63.6</ele>
   </trkpt>
   <trkpt lat="56.2701390" lon="10.0113310">
    <ele>63.4</ele>
   </trkpt>
   <trkpt lat="56.2700950" lon="10.0112370">
    <ele>63.8</ele>
   </trkpt>
   <trkpt lat="56.2700650" lon="10.0111450">
    <ele>64.2</ele>
   </trkpt>
   <trkpt lat="56.2700420" lon="10.0110640">
    <ele>64.8</ele>
   </trkpt>
   <trkpt lat="56.2700170" lon="10.0109950">
    <ele>65.6</ele>
   </trkpt>
   <trkpt lat="56.2699920" lon="10.0109340">
    <ele>66.0</ele>
   </trkpt>
   <trkpt lat="56.2699710" lon="10.0108740">
    <ele>66.6</ele>
   </trkpt>
   <trkpt lat="56.2699510" lon="10.0108140">
    <ele>67.0</ele>
   </trkpt>
   <trkpt lat="56.2699340" lon="10.0107610">
    <ele>67.6</ele>
   </trkpt>
   <trkpt lat="56.2699180" lon="10.0107090">
    <ele>68.0</ele>
   </trkpt>
   <trkpt lat="56.2699010" lon="10.0106570">
    <ele>68.6</ele>
   </trkpt>
   <trkpt lat="56.2698820" lon="10.0106030">
    <ele>69.2</ele>
   </trkpt>
   <trkpt lat="56.2698740" lon="10.0105590">
    <ele>69.8</ele>
   </trkpt>
   <trkpt lat="56.2698660" lon="10.0105170">
    <ele>70.2</ele>
   </trkpt>
   <trkpt lat="56.2698530" lon="10.0104710">
    <ele>70.4</ele>
   </trkpt>
   <trkpt lat="56.2698390" lon="10.0104190">
    <ele>70.8</ele>
   </trkpt>
   <trkpt lat="56.2698250" lon="10.0103600">
    <ele>71.2</ele>
   </trkpt>
   <trkpt lat="56.2698070" lon="10.0102970">
    <ele>71.6</ele>
   </trkpt>
   <trkpt lat="56.2697900" lon="10.0102390">
    <ele>71.8</ele>
   </trkpt>
   <trkpt lat="56.2697660" lon="10.0101780">
    <ele>72.0</ele>
   </trkpt>
   <trkpt lat="56.2697450" lon="10.0101180">
    <ele>72.2</ele>
   </trkpt>
   <trkpt lat="56.2697270" lon="10.0100500">
    <ele>72.4</ele>
   </trkpt>
   <trkpt lat="56.2696910" lon="10.0099740">
    <ele>72.4</ele>
   </trkpt>
   <trkpt lat="56.2696660" lon="10.0099150">
    <ele>72.4</ele>
   </trkpt>
   <trkpt lat="56.2696420" lon="10.0098610">
    <ele>72.4</ele>
   </trkpt>
   <trkpt lat="56.2696160" lon="10.0098100">
    <ele>72.4</ele>
   </trkpt>
   <trkpt lat="56.2695910" lon="10.0097630">
    <ele>72.6</ele>
   </trkpt>
   <trkpt lat="56.2695640" lon="10.0097160">
    <ele>72.6</ele>
   </trkpt>
   <trkpt lat="56.2695370" lon="10.0096680">
    <ele>72.6</ele>
   </trkpt>
   <trkpt lat="56.2695090" lon="10.0096140">
    <ele>72.8</ele>
   </trkpt>
   <trkpt lat="56.2694820" lon="10.0095640">
    <ele>73.0</ele>
   </trkpt>
   <trkpt lat="56.2694540" lon="10.0095190">
    <ele>73.0</ele>
   </trkpt>
   <trkpt lat="56.2694240" lon="10.0094760">
    <ele>73.2</ele>
   </trkpt>
   <trkpt lat="56.2693910" lon="10.0094280">
    <ele>73.2</ele>
   </trkpt>
   <trkpt lat="56.2693550" lon="10.0093760">
    <ele>73.2</ele>
   </trkpt>
   <trkpt lat="56.2693180" lon="10.0093220">
    <ele>73.0</ele>
   </trkpt>
   <trkpt lat="56.2692780" lon="10.0092670">
    <ele>72.8</ele>
   </trkpt>
   <trkpt lat="56.2692380" lon="10.0092090">
    <ele>72.8</ele>
   </trkpt>
   <trkpt lat="56.2691990" lon="10.0091500">
    <ele>72.6</ele>
   </trkpt>
   <trkpt lat="56.2691570" lon="10.0090910">
    <ele>72.6</ele>
   </trkpt>
   <trkpt lat="56.2691160" lon="10.0090360">
    <ele>72.8</ele>
   </trkpt>
   <trkpt lat="56.2690760" lon="10.0089790">
    <ele>73.0</ele>
   </trkpt>
   <trkpt lat="56.2690370" lon="10.0089240">
    <ele>73.2</ele>
   </trkpt>
   <trkpt lat="56.2689960" lon="10.0088670">
    <ele>73.2</ele>
   </trkpt>
   <trkpt lat="56.2689560" lon="10.0088100">
    <ele>73.2</ele>
   </trkpt>
   <trkpt lat="56.2689180" lon="10.0087530">
    <ele>73.2</ele>
   </trkpt>
   <trkpt lat="56.2688830" lon="10.0086910">
    <ele>73.2</ele>
   </trkpt>
   <trkpt lat="56.2688530" lon="10.0086230">
    <ele>73.2</ele>
   </trkpt>
   <trkpt lat="56.2688230" lon="10.0085520">
    <ele>73.2</ele>
   </trkpt>
   <trkpt lat="56.2687970" lon="10.0084780">
    <ele>73.2</ele>
   </trkpt>
   <trkpt lat="56.2687740" lon="10.0084030">
    <ele>73.2</ele>
   </trkpt>
   <trkpt lat="56.2687550" lon="10.0083270">
    <ele>73.4</ele>
   </trkpt>
   <trkpt lat="56.2687400" lon="10.0082490">
    <ele>73.4</ele>
   </trkpt>
   <trkpt lat="56.2687280" lon="10.0081690">
    <ele>73.6</ele>
   </trkpt>
   <trkpt lat="56.2687180" lon="10.0080880">
    <ele>73.8</ele>
   </trkpt>
   <trkpt lat="56.2687090" lon="10.0080050">
    <ele>73.8</ele>
   </trkpt>
   <trkpt lat="56.2687000" lon="10.0079250">
    <ele>73.8</ele>
   </trkpt>
   <trkpt lat="56.2686920" lon="10.0078430">
    <ele>73.8</ele>
   </trkpt>
   <trkpt lat="56.2686870" lon="10.0077580">
    <ele>74.2</ele>
   </trkpt>
   <trkpt lat="56.2686800" lon="10.0076720">
    <ele>74.2</ele>
   </trkpt>
   <trkpt lat="56.2686720" lon="10.0075860">
    <ele>74.4</ele>
   </trkpt>
   <trkpt lat="56.2686660" lon="10.0075020">
    <ele>74.4</ele>
   </trkpt>
   <trkpt lat="56.2686610" lon="10.0074190">
    <ele>74.4</ele>
   </trkpt>
   <trkpt lat="56.2686540" lon="10.0073370">
    <ele>74.4</ele>
   </trkpt>
   <trkpt lat="56.2686460" lon="10.0072510">
    <ele>74.6</ele>
   </trkpt>
   <trkpt lat="56.2686370" lon="10.0071670">
    <ele>74.6</ele>
   </trkpt>
   <trkpt lat="56.2686280" lon="10.0070830">
    <ele>74.6</ele>
   </trkpt>
   <trkpt lat="56.2686180" lon="10.0069990">
    <ele>74.6</ele>
   </trkpt>
   <trkpt lat="56.2686080" lon="10.0069170">
    <ele>74.4</ele>
   </trkpt>
   <trkpt lat="56.2685950" lon="10.0068350">
    <ele>74.4</ele>
   </trkpt>
   <trkpt lat="56.2685810" lon="10.0067530">
    <ele>74.4</ele>
   </trkpt>
   <trkpt lat="56.2685670" lon="10.0066700">
    <ele>74.4</ele>
   </trkpt>
   <trkpt lat="56.2685520" lon="10.0065890">
    <ele>74.4</ele>
   </trkpt>
   <trkpt lat="56.2685360" lon="10.0065110">
    <ele>74.4</ele>
   </trkpt>
   <trkpt lat="56.2685170" lon="10.0064340">
    <ele>74.4</ele>
   </trkpt>
   <trkpt lat="56.2684980" lon="10.0063580">
    <ele>74.4</ele>
   </trkpt>
   <trkpt lat="56.2684760" lon="10.0062820">
    <ele>74.4</ele>
   </trkpt>
   <trkpt lat="56.2684550" lon="10.0062050">
    <ele>74.4</ele>
   </trkpt>
   <trkpt lat="56.2684330" lon="10.0061290">
    <ele>74.4</ele>
   </trkpt>
   <trkpt lat="56.2684100" lon="10.0060530">
    <ele>74.6</ele>
   </trkpt>
   <trkpt lat="56.2683860" lon="10.0059800">
    <ele>74.4</ele>
   </trkpt>
   <trkpt lat="56.2683620" lon="10.0059090">
    <ele>74.6</ele>
   </trkpt>
   <trkpt lat="56.2683390" lon="10.0058350">
    <ele>75.0</ele>
   </trkpt>
   <trkpt lat="56.2683140" lon="10.0057620">
    <ele>74.8</ele>
   </trkpt>
   <trkpt lat="56.2682890" lon="10.0056890">
    <ele>74.8</ele>
   </trkpt>
   <trkpt lat="56.2682640" lon="10.0056200">
    <ele>74.8</ele>
   </trkpt>
   <trkpt lat="56.2682350" lon="10.0055470">
    <ele>74.8</ele>
   </trkpt>
   <trkpt lat="56.2682080" lon="10.0054760">
    <ele>74.8</ele>
   </trkpt>
   <trkpt lat="56.2681800" lon="10.0054060">
    <ele>74.8</ele>
   </trkpt>
   <trkpt lat="56.2681520" lon="10.0053350">
    <ele>74.8</ele>
   </trkpt>
   <trkpt lat="56.2681240" lon="10.0052580">
    <ele>74.8</ele>
   </trkpt>
   <trkpt lat="56.2680960" lon="10.0051800">
    <ele>74.8</ele>
   </trkpt>
   <trkpt lat="56.2680680" lon="10.0051050">
    <ele>74.8</ele>
   </trkpt>
   <trkpt lat="56.2680390" lon="10.0050310">
    <ele>74.8</ele>
   </trkpt>
   <trkpt lat="56.2680110" lon="10.0049560">
    <ele>74.8</ele>
   </trkpt>
   <trkpt lat="56.2679870" lon="10.0048800">
    <ele>74.8</ele>
   </trkpt>
   <trkpt lat="56.2679590" lon="10.0048050">
    <ele>74.8</ele>
   </trkpt>
   <trkpt lat="56.2679300" lon="10.0047310">
    <ele>74.6</ele>
   </trkpt>
   <trkpt lat="56.2679010" lon="10.0046570">
    <ele>74.6</ele>
   </trkpt>
   <trkpt lat="56.2678740" lon="10.0045810">
    <ele>74.4</ele>
   </trkpt>
   <trkpt lat="56.2678460" lon="10.0045050">
    <ele>74.4</ele>
   </trkpt>
   <trkpt lat="56.2678170" lon="10.0044290">
    <ele>74.4</ele>
   </trkpt>
   <trkpt lat="56.2677880" lon="10.0043550">
    <ele>74.2</ele>
   </trkpt>
   <trkpt lat="56.2677590" lon="10.0042800">
    <ele>74.0</ele>
   </trkpt>
   <trkpt lat="56.2677330" lon="10.0042050">
    <ele>74.0</ele>
   </trkpt>
   <trkpt lat="56.2677070" lon="10.0041310">
    <ele>73.8</ele>
   </trkpt>
   <trkpt lat="56.2676770" lon="10.0040580">
    <ele>73.8</ele>
   </trkpt>
   <trkpt lat="56.2676470" lon="10.0039850">
    <ele>73.8</ele>
   </trkpt>
   <trkpt lat="56.2676180" lon="10.0039120">
    <ele>74.0</ele>
   </trkpt>
   <trkpt lat="56.2675900" lon="10.0038380">
    <ele>74.0</ele>
   </trkpt>
   <trkpt lat="56.2675610" lon="10.0037630">
    <ele>73.8</ele>
   </trkpt>
   <trkpt lat="56.2675300" lon="10.0036880">
    <ele>73.6</ele>
   </trkpt>
   <trkpt lat="56.2674990" lon="10.0036130">
    <ele>73.2</ele>
   </trkpt>
   <trkpt lat="56.2674680" lon="10.0035350">
    <ele>73.0</ele>
   </trkpt>
   <trkpt lat="56.2674380" lon="10.0034570">
    <ele>73.0</ele>
   </trkpt>
   <trkpt lat="56.2674080" lon="10.0033770">
    <ele>73.0</ele>
   </trkpt>
   <trkpt lat="56.2673790" lon="10.0033010">
    <ele>72.8</ele>
   </trkpt>
   <trkpt lat="56.2673510" lon="10.0032240">
    <ele>72.8</ele>
   </trkpt>
   <trkpt lat="56.2673240" lon="10.0031470">
    <ele>72.6</ele>
   </trkpt>
   <trkpt lat="56.2672960" lon="10.0030660">
    <ele>72.4</ele>
   </trkpt>
   <trkpt lat="56.2672680" lon="10.0029830">
    <ele>72.2</ele>
   </trkpt>
   <trkpt lat="56.2672440" lon="10.0028980">
    <ele>72.2</ele>
   </trkpt>
   <trkpt lat="56.2672210" lon="10.0028100">
    <ele>72.2</ele>
   </trkpt>
   <trkpt lat="56.2671990" lon="10.0027260">
    <ele>72.0</ele>
   </trkpt>
   <trkpt lat="56.2671760" lon="10.0026400">
    <ele>71.8</ele>
   </trkpt>
   <trkpt lat="56.2671550" lon="10.0025530">
    <ele>71.8</ele>
   </trkpt>
   <trkpt lat="56.2671340" lon="10.0024620">
    <ele>71.6</ele>
   </trkpt>
   <trkpt lat="56.2671140" lon="10.0023710">
    <ele>71.6</ele>
   </trkpt>
   <trkpt lat="56.2670950" lon="10.0022790">
    <ele>71.2</ele>
   </trkpt>
   <trkpt lat="56.2670740" lon="10.0021900">
    <ele>71.2</ele>
   </trkpt>
   <trkpt lat="56.2670500" lon="10.0021010">
    <ele>71.0</ele>
   </trkpt>
   <trkpt lat="56.2670240" lon="10.0020130">
    <ele>70.8</ele>
   </trkpt>
   <trkpt lat="56.2669950" lon="10.0019280">
    <ele>70.6</ele>
   </trkpt>
   <trkpt lat="56.2669630" lon="10.0018490">
    <ele>70.6</ele>
   </trkpt>
   <trkpt lat="56.2669250" lon="10.0017740">
    <ele>70.4</ele>
   </trkpt>
   <trkpt lat="56.2668840" lon="10.0017050">
    <ele>70.2</ele>
   </trkpt>
   <trkpt lat="56.2668420" lon="10.0016460">
    <ele>70.2</ele>
   </trkpt>
   <trkpt lat="56.2667960" lon="10.0015950">
    <ele>70.2</ele>
   </trkpt>
   <trkpt lat="56.2667480" lon="10.0015460">
    <ele>70.2</ele>
   </trkpt>
   <trkpt lat="56.2666970" lon="10.0014970">
    <ele>70.2</ele>
   </trkpt>
   <trkpt lat="56.2666480" lon="10.0014450">
    <ele>70.2</ele>
   </trkpt>
   <trkpt lat="56.2666000" lon="10.0013930">
    <ele>70.2</ele>
   </trkpt>
   <trkpt lat="56.2665520" lon="10.0013400">
    <ele>70.0</ele>
   </trkpt>
   <trkpt lat="56.2665030" lon="10.0012810">
    <ele>70.0</ele>
   </trkpt>
   <trkpt lat="56.2664540" lon="10.0012130">
    <ele>69.8</ele>
   </trkpt>
   <trkpt lat="56.2664090" lon="10.0011380">
    <ele>69.6</ele>
   </trkpt>
   <trkpt lat="56.2663620" lon="10.0010610">
    <ele>69.6</ele>
   </trkpt>
   <trkpt lat="56.2663120" lon="10.0009860">
    <ele>69.4</ele>
   </trkpt>
   <trkpt lat="56.2662630" lon="10.0009120">
    <ele>69.4</ele>
   </trkpt>
   <trkpt lat="56.2662150" lon="10.0008370">
    <ele>69.4</ele>
   </trkpt>
   <trkpt lat="56.2661650" lon="10.0007600">
    <ele>69.4</ele>
   </trkpt>
   <trkpt lat="56.2661170" lon="10.0006850">
    <ele>69.4</ele>
   </trkpt>
   <trkpt lat="56.2660690" lon="10.0006100">
    <ele>69.4</ele>
   </trkpt>
   <trkpt lat="56.2660230" lon="10.0005390">
    <ele>69.6</ele>
   </trkpt>
   <trkpt lat="56.2659760" lon="10.0004680">
    <ele>69.6</ele>
   </trkpt>
   <trkpt lat="56.2659300" lon="10.0004000">
    <ele>69.8</ele>
   </trkpt>
   <trkpt lat="56.2658860" lon="10.0003350">
    <ele>70.2</ele>
   </trkpt>
   <trkpt lat="56.2658450" lon="10.0002660">
    <ele>70.4</ele>
   </trkpt>
   <trkpt lat="56.2658060" lon="10.0001990">
    <ele>70.8</ele>
   </trkpt>
   <trkpt lat="56.2657670" lon="10.0001380">
    <ele>70.8</ele>
   </trkpt>
   <trkpt lat="56.2657290" lon="10.0000820">
    <ele>71.0</ele>
   </trkpt>
   <trkpt lat="56.2656960" lon="10.0000280">
    <ele>71.2</ele>
   </trkpt>
   <trkpt lat="56.2656650" lon="9.9999700">
    <ele>71.4</ele>
   </trkpt>
   <trkpt lat="56.2656340" lon="9.9999050">
    <ele>71.6</ele>
   </trkpt>
   <trkpt lat="56.2656050" lon="9.9998300">
    <ele>71.8</ele>
   </trkpt>
   <trkpt lat="56.2655770" lon="9.9997520">
    <ele>71.8</ele>
   </trkpt>
   <trkpt lat="56.2655490" lon="9.9996690">
    <ele>71.6</ele>
   </trkpt>
   <trkpt lat="56.2655240" lon="9.9995850">
    <ele>71.4</ele>
   </trkpt>
   <trkpt lat="56.2655020" lon="9.9994950">
    <ele>71.4</ele>
   </trkpt>
   <trkpt lat="56.2654770" lon="9.9994050">
    <ele>71.2</ele>
   </trkpt>
   <trkpt lat="56.2654520" lon="9.9993160">
    <ele>71.4</ele>
   </trkpt>
   <trkpt lat="56.2654280" lon="9.9992290">
    <ele>71.4</ele>
   </trkpt>
   <trkpt lat="56.2654020" lon="9.9991460">
    <ele>71.8</ele>
   </trkpt>
   <trkpt lat="56.2653760" lon="9.9990650">
    <ele>72.0</ele>
   </trkpt>
   <trkpt lat="56.2653510" lon="9.9989860">
    <ele>72.4</ele>
   </trkpt>
   <trkpt lat="56.2653280" lon="9.9989080">
    <ele>72.6</ele>
   </trkpt>
   <trkpt lat="56.2653050" lon="9.9988300">
    <ele>73.0</ele>
   </trkpt>
   <trkpt lat="56.2652820" lon="9.9987550">
    <ele>73.2</ele>
   </trkpt>
   <trkpt lat="56.2652580" lon="9.9986760">
    <ele>73.2</ele>
   </trkpt>
   <trkpt lat="56.2652340" lon="9.9985980">
    <ele>73.4</ele>
   </trkpt>
   <trkpt lat="56.2652120" lon="9.9985200">
    <ele>73.6</ele>
   </trkpt>
   <trkpt lat="56.2651900" lon="9.9984430">
    <ele>73.8</ele>
   </trkpt>
   <trkpt lat="56.2651680" lon="9.9983650">
    <ele>74.0</ele>
   </trkpt>
   <trkpt lat="56.2651470" lon="9.9982920">
    <ele>74.2</ele>
   </trkpt>
   <trkpt lat="56.2651220" lon="9.9982150">
    <ele>74.4</ele>
   </trkpt>
   <trkpt lat="56.2650990" lon="9.9981360">
    <ele>74.6</ele>
   </trkpt>
   <trkpt lat="56.2650780" lon="9.9980590">
    <ele>74.8</ele>
   </trkpt>
   <trkpt lat="56.2650570" lon="9.9979790">
    <ele>75.0</ele>
   </trkpt>
   <trkpt lat="56.2650370" lon="9.9978970">
    <ele>75.2</ele>
   </trkpt>
   <trkpt lat="56.2650160" lon="9.9978120">
    <ele>75.2</ele>
   </trkpt>
   <trkpt lat="56.2649980" lon="9.9977220">
    <ele>75.2</ele>
   </trkpt>
   <trkpt lat="56.2649840" lon="9.9976250">
    <ele>75.4</ele>
   </trkpt>
   <trkpt lat="56.2649790" lon="9.9975280">
    <ele>75.4</ele>
   </trkpt>
   <trkpt lat="56.2649780" lon="9.9974300">
    <ele>75.4</ele>
   </trkpt>
   <trkpt lat="56.2649750" lon="9.9973320">
    <ele>75.2</ele>
   </trkpt>
   <trkpt lat="56.2649700" lon="9.9972350">
    <ele>75.0</ele>
   </trkpt>
   <trkpt lat="56.2649650" lon="9.9971400">
    <ele>75.0</ele>
   </trkpt>
   <trkpt lat="56.2649610" lon="9.9970430">
    <ele>74.8</ele>
   </trkpt>
   <trkpt lat="56.2649590" lon="9.9969450">
    <ele>74.8</ele>
   </trkpt>
   <trkpt lat="56.2649590" lon="9.9968480">
    <ele>74.6</ele>
   </trkpt>
   <trkpt lat="56.2649570" lon="9.9967500">
    <ele>74.6</ele>
   </trkpt>
   <trkpt lat="56.2649520" lon="9.9966510">
    <ele>74.8</ele>
   </trkpt>
   <trkpt lat="56.2649490" lon="9.9965510">
    <ele>74.8</ele>
   </trkpt>
   <trkpt lat="56.2649500" lon="9.9964530">
    <ele>74.8</ele>
   </trkpt>
   <trkpt lat="56.2649490" lon="9.9963550">
    <ele>74.8</ele>
   </trkpt>
   <trkpt lat="56.2649460" lon="9.9962570">
    <ele>74.8</ele>
   </trkpt>
   <trkpt lat="56.2649430" lon="9.9961600">
    <ele>74.8</ele>
   </trkpt>
   <trkpt lat="56.2649410" lon="9.9960630">
    <ele>74.6</ele>
   </trkpt>
   <trkpt lat="56.2649420" lon="9.9959690">
    <ele>74.8</ele>
   </trkpt>
   <trkpt lat="56.2649440" lon="9.9958740">
    <ele>74.8</ele>
   </trkpt>
   <trkpt lat="56.2649490" lon="9.9957810">
    <ele>75.2</ele>
   </trkpt>
   <trkpt lat="56.2649550" lon="9.9956890">
    <ele>75.6</ele>
   </trkpt>
   <trkpt lat="56.2649640" lon="9.9955940">
    <ele>75.8</ele>
   </trkpt>
   <trkpt lat="56.2649770" lon="9.9954980">
    <ele>76.0</ele>
   </trkpt>
   <trkpt lat="56.2649910" lon="9.9954040">
    <ele>76.0</ele>
   </trkpt>
   <trkpt lat="56.2650070" lon="9.9953140">
    <ele>75.8</ele>
   </trkpt>
   <trkpt lat="56.2650220" lon="9.9952240">
    <ele>75.8</ele>
   </trkpt>
   <trkpt lat="56.2650390" lon="9.9951360">
    <ele>75.8</ele>
   </trkpt>
   <trkpt lat="56.2650550" lon="9.9950470">
    <ele>75.8</ele>
   </trkpt>
   <trkpt lat="56.2650710" lon="9.9949580">
    <ele>76.0</ele>
   </trkpt>
   <trkpt lat="56.2650860" lon="9.9948680">
    <ele>76.0</ele>
   </trkpt>
   <trkpt lat="56.2651020" lon="9.9947820">
    <ele>76.0</ele>
   </trkpt>
   <trkpt lat="56.2651190" lon="9.9946970">
    <ele>75.8</ele>
   </trkpt>
   <trkpt lat="56.2651360" lon="9.9946100">
    <ele>75.8</ele>
   </trkpt>
   <trkpt lat="56.2651550" lon="9.9945240">
    <ele>75.8</ele>
   </trkpt>
   <trkpt lat="56.2651780" lon="9.9944380">
    <ele>75.8</ele>
   </trkpt>
   <trkpt lat="56.2652040" lon="9.9943540">
    <ele>75.8</ele>
   </trkpt>
   <trkpt lat="56.2652290" lon="9.9942710">
    <ele>75.8</ele>
   </trkpt>
   <trkpt lat="56.2652550" lon="9.9941920">
    <ele>75.8</ele>
   </trkpt>
   <trkpt lat="56.2652830" lon="9.9941140">
    <ele>76.0</ele>
   </trkpt>
   <trkpt lat="56.2653110" lon="9.9940370">
    <ele>76.0</ele>
   </trkpt>
   <trkpt lat="56.2653420" lon="9.9939630">
    <ele>76.0</ele>
   </trkpt>
   <trkpt lat="56.2653770" lon="9.9938920">
    <ele>76.0</ele>
   </trkpt>
   <trkpt lat="56.2654100" lon="9.9938190">
    <ele>76.0</ele>
   </trkpt>
   <trkpt lat="56.2654390" lon="9.9937420">
    <ele>76.0</ele>
   </trkpt>
   <trkpt lat="56.2654680" lon="9.9936680">
    <ele>76.0</ele>
   </trkpt>
   <trkpt lat="56.2654980" lon="9.9935970">
    <ele>76.0</ele>
   </trkpt>
   <trkpt lat="56.2655320" lon="9.9935310">
    <ele>76.0</ele>
   </trkpt>
   <trkpt lat="56.2655660" lon="9.9934640">
    <ele>76.2</ele>
   </trkpt>
   <trkpt lat="56.2655970" lon="9.9933940">
    <ele>76.2</ele>
   </trkpt>
   <trkpt lat="56.2656280" lon="9.9933240">
    <ele>76.4</ele>
   </trkpt>
   <trkpt lat="56.2656590" lon="9.9932540">
    <ele>76.4</ele>
   </trkpt>
   <trkpt lat="56.2656890" lon="9.9931810">
    <ele>76.4</ele>
   </trkpt>
   <trkpt lat="56.2657190" lon="9.9931090">
    <ele>76.4</ele>
   </trkpt>
   <trkpt lat="56.2657500" lon="9.9930390">
    <ele>76.4</ele>
   </trkpt>
   <trkpt lat="56.2657790" lon="9.9929640">
    <ele>76.6</ele>
   </trkpt>
   <trkpt lat="56.2658060" lon="9.9928850">
    <ele>76.6</ele>
   </trkpt>
   <trkpt lat="56.2658300" lon="9.9928040">
    <ele>76.6</ele>
   </trkpt>
   <trkpt lat="56.2658550" lon="9.9927250">
    <ele>76.8</ele>
   </trkpt>
   <trkpt lat="56.2658770" lon="9.9926430">
    <ele>77.0</ele>
   </trkpt>
   <trkpt lat="56.2658960" lon="9.9925580">
    <ele>77.0</ele>
   </trkpt>
   <trkpt lat="56.2659130" lon="9.9924700">
    <ele>77.2</ele>
   </trkpt>
   <trkpt lat="56.2659290" lon="9.9923830">
    <ele>77.2</ele>
   </trkpt>
   <trkpt lat="56.2659470" lon="9.9922990">
    <ele>77.2</ele>
   </trkpt>
   <trkpt lat="56.2659650" lon="9.9922110">
    <ele>77.2</ele>
   </trkpt>
   <trkpt lat="56.2659800" lon="9.9921240">
    <ele>77.4</ele>
   </trkpt>
   <trkpt lat="56.2659940" lon="9.9920340">
    <ele>77.4</ele>
   </trkpt>
   <trkpt lat="56.2660040" lon="9.9919440">
    <ele>77.6</ele>
   </trkpt>
   <trkpt lat="56.2660110" lon="9.9918540">
    <ele>77.6</ele>
   </trkpt>
   <trkpt lat="56.2660170" lon="9.9917630">
    <ele>77.8</ele>
   </trkpt>
   <trkpt lat="56.2660260" lon="9.9916780">
    <ele>78.0</ele>
   </trkpt>
   <trkpt lat="56.2660320" lon="9.9915910">
    <ele>78.0</ele>
   </trkpt>
   <trkpt lat="56.2660370" lon="9.9915030">
    <ele>78.2</ele>
   </trkpt>
   <trkpt lat="56.2660430" lon="9.9914160">
    <ele>78.2</ele>
   </trkpt>
   <trkpt lat="56.2660510" lon="9.9913310">
    <ele>78.4</ele>
   </trkpt>
   <trkpt lat="56.2660560" lon="9.9912450">
    <ele>78.4</ele>
   </trkpt>
   <trkpt lat="56.2660610" lon="9.9911590">
    <ele>78.6</ele>
   </trkpt>
   <trkpt lat="56.2660650" lon="9.9910730">
    <ele>78.8</ele>
   </trkpt>
   <trkpt lat="56.2660690" lon="9.9909860">
    <ele>78.8</ele>
   </trkpt>
   <trkpt lat="56.2660740" lon="9.9908990">
    <ele>79.0</ele>
   </trkpt>
   <trkpt lat="56.2660800" lon="9.9908130">
    <ele>79.2</ele>
   </trkpt>
   <trkpt lat="56.2660820" lon="9.9907260">
    <ele>79.2</ele>
   </trkpt>
   <trkpt lat="56.2660840" lon="9.9906390">
    <ele>79.4</ele>
   </trkpt>
   <trkpt lat="56.2660860" lon="9.9905530">
    <ele>79.4</ele>
   </trkpt>
   <trkpt lat="56.2660900" lon="9.9904680">
    <ele>79.6</ele>
   </trkpt>
   <trkpt lat="56.2660930" lon="9.9903810">
    <ele>79.6</ele>
   </trkpt>
   <trkpt lat="56.2660950" lon="9.9902950">
    <ele>79.8</ele>
   </trkpt>
   <trkpt lat="56.2660960" lon="9.9902100">
    <ele>79.8</ele>
   </trkpt>
   <trkpt lat="56.2660980" lon="9.9901250">
    <ele>80.0</ele>
   </trkpt>
   <trkpt lat="56.2661020" lon="9.9900420">
    <ele>80.0</ele>
   </trkpt>
   <trkpt lat="56.2661050" lon="9.9899570">
    <ele>80.2</ele>
   </trkpt>
   <trkpt lat="56.2661050" lon="9.9898720">
    <ele>80.0</ele>
   </trkpt>
   <trkpt lat="56.2661060" lon="9.9897880">
    <ele>80.0</ele>
   </trkpt>
   <trkpt lat="56.2661090" lon="9.9897050">
    <ele>80.0</ele>
   </trkpt>
   <trkpt lat="56.2661110" lon="9.9896250">
    <ele>79.8</ele>
   </trkpt>
   <trkpt lat="56.2661120" lon="9.9895450">
    <ele>79.8</ele>
   </trkpt>
   <trkpt lat="56.2661110" lon="9.9894640">
    <ele>80.0</ele>
   </trkpt>
   <trkpt lat="56.2661100" lon="9.9893830">
    <ele>80.2</ele>
   </trkpt>
   <trkpt lat="56.2661070" lon="9.9893010">
    <ele>80.4</ele>
   </trkpt>
   <trkpt lat="56.2661010" lon="9.9892180">
    <ele>80.6</ele>
   </trkpt>
   <trkpt lat="56.2660890" lon="9.9891370">
    <ele>80.8</ele>
   </trkpt>
   <trkpt lat="56.2660740" lon="9.9890570">
    <ele>81.2</ele>
   </trkpt>
   <trkpt lat="56.2660560" lon="9.9889800">
    <ele>81.6</ele>
   </trkpt>
   <trkpt lat="56.2660350" lon="9.9889050">
    <ele>81.8</ele>
   </trkpt>
   <trkpt lat="56.2660120" lon="9.9888320">
    <ele>82.0</ele>
   </trkpt>
   <trkpt lat="56.2659860" lon="9.9887630">
    <ele>82.4</ele>
   </trkpt>
   <trkpt lat="56.2659560" lon="9.9886960">
    <ele>82.4</ele>
   </trkpt>
   <trkpt lat="56.2659250" lon="9.9886300">
    <ele>82.6</ele>
   </trkpt>
   <trkpt lat="56.2658950" lon="9.9885640">
    <ele>82.8</ele>
   </trkpt>
   <trkpt lat="56.2658650" lon="9.9884990">
    <ele>82.8</ele>
   </trkpt>
   <trkpt lat="56.2658360" lon="9.9884350">
    <ele>83.0</ele>
   </trkpt>
   <trkpt lat="56.2658080" lon="9.9883690">
    <ele>83.2</ele>
   </trkpt>
   <trkpt lat="56.2657800" lon="9.9883020">
    <ele>83.2</ele>
   </trkpt>
   <trkpt lat="56.2657490" lon="9.9882370">
    <ele>83.4</ele>
   </trkpt>
   <trkpt lat="56.2657170" lon="9.9881720">
    <ele>83.4</ele>
   </trkpt>
   <trkpt lat="56.2656860" lon="9.9881080">
    <ele>83.4</ele>
   </trkpt>
   <trkpt lat="56.2656560" lon="9.9880440">
    <ele>83.4</ele>
   </trkpt>
   <trkpt lat="56.2656260" lon="9.9879780">
    <ele>83.4</ele>
   </trkpt>
   <trkpt lat="56.2655960" lon="9.9879090">
    <ele>83.6</ele>
   </trkpt>
   <trkpt lat="56.2655670" lon="9.9878370">
    <ele>83.4</ele>
   </trkpt>
   <trkpt lat="56.2655380" lon="9.9877670">
    <ele>83.4</ele>
   </trkpt>
   <trkpt lat="56.2655080" lon="9.9876970">
    <ele>83.6</ele>
   </trkpt>
   <trkpt lat="56.2654790" lon="9.9876250">
    <ele>83.6</ele>
   </trkpt>
   <trkpt lat="56.2654470" lon="9.9875510">
    <ele>83.6</ele>
   </trkpt>
   <trkpt lat="56.2654130" lon="9.9874800">
    <ele>83.6</ele>
   </trkpt>
   <trkpt lat="56.2653790" lon="9.9874090">
    <ele>83.6</ele>
   </trkpt>
   <trkpt lat="56.2653470" lon="9.9873380">
    <ele>83.8</ele>
   </trkpt>
   <trkpt lat="56.2653160" lon="9.9872640">
    <ele>83.8</ele>
   </trkpt>
   <trkpt lat="56.2652840" lon="9.9871900">
    <ele>83.8</ele>
   </trkpt>
   <trkpt lat="56.2652520" lon="9.9871160">
    <ele>84.0</ele>
   </trkpt>
   <trkpt lat="56.2652190" lon="9.9870420">
    <ele>84.0</ele>
   </trkpt>
   <trkpt lat="56.2651850" lon="9.9869670">
    <ele>84.0</ele>
   </trkpt>
   <trkpt lat="56.2651500" lon="9.9868930">
    <ele>84.0</ele>
   </trkpt>
   <trkpt lat="56.2651160" lon="9.9868200">
    <ele>84.0</ele>
   </trkpt>
   <trkpt lat="56.2650840" lon="9.9867460">
    <ele>84.0</ele>
   </trkpt>
   <trkpt lat="56.2650510" lon="9.9866700">
    <ele>84.0</ele>
   </trkpt>
   <trkpt lat="56.2650200" lon="9.9865930">
    <ele>84.2</ele>
   </trkpt>
   <trkpt lat="56.2649880" lon="9.9865150">
    <ele>84.2</ele>
   </trkpt>
   <trkpt lat="56.2649560" lon="9.9864370">
    <ele>84.2</ele>
   </trkpt>
   <trkpt lat="56.2649220" lon="9.9863590">
    <ele>84.4</ele>
   </trkpt>
   <trkpt lat="56.2648860" lon="9.9862830">
    <ele>84.4</ele>
   </trkpt>
   <trkpt lat="56.2648520" lon="9.9862090">
    <ele>84.4</ele>
   </trkpt>
   <trkpt lat="56.2648170" lon="9.9861360">
    <ele>84.6</ele>
   </trkpt>
   <trkpt lat="56.2647820" lon="9.9860580">
    <ele>84.6</ele>
   </trkpt>
   <trkpt lat="56.2647490" lon="9.9859780">
    <ele>84.6</ele>
   </trkpt>
   <trkpt lat="56.2647150" lon="9.9858980">
    <ele>84.6</ele>
   </trkpt>
   <trkpt lat="56.2646810" lon="9.9858230">
    <ele>84.6</ele>
   </trkpt>
   <trkpt lat="56.2646480" lon="9.9857460">
    <ele>84.8</ele>
   </trkpt>
   <trkpt lat="56.2646140" lon="9.9856700">
    <ele>84.8</ele>
   </trkpt>
   <trkpt lat="56.2645800" lon="9.9855970">
    <ele>84.8</ele>
   </trkpt>
   <trkpt lat="56.2645480" lon="9.9855250">
    <ele>84.8</ele>
   </trkpt>
   <trkpt lat="56.2645190" lon="9.9854490">
    <ele>84.8</ele>
   </trkpt>
   <trkpt lat="56.2644880" lon="9.9853700">
    <ele>85.0</ele>
   </trkpt>
   <trkpt lat="56.2644560" lon="9.9852900">
    <ele>85.0</ele>
   </trkpt>
   <trkpt lat="56.2644230" lon="9.9852080">
    <ele>85.2</ele>
   </trkpt>
   <trkpt lat="56.2643920" lon="9.9851210">
    <ele>85.2</ele>
   </trkpt>
   <trkpt lat="56.2643650" lon="9.9850330">
    <ele>85.4</ele>
   </trkpt>
   <trkpt lat="56.2643390" lon="9.9849430">
    <ele>85.4</ele>
   </trkpt>
   <trkpt lat="56.2643160" lon="9.9848490">
    <ele>85.2</ele>
   </trkpt>
   <trkpt lat="56.2642960" lon="9.9847540">
    <ele>85.2</ele>
   </trkpt>
   <trkpt lat="56.2642790" lon="9.9846590">
    <ele>85.2</ele>
   </trkpt>
   <trkpt lat="56.2642640" lon="9.9845630">
    <ele>85.2</ele>
   </trkpt>
   <trkpt lat="56.2642500" lon="9.9844680">
    <ele>85.0</ele>
   </trkpt>
   <trkpt lat="56.2642370" lon="9.9843750">
    <ele>85.0</ele>
   </trkpt>
   <trkpt lat="56.2642240" lon="9.9842820">
    <ele>85.0</ele>
   </trkpt>
   <trkpt lat="56.2642100" lon="9.9841890">
    <ele>85.0</ele>
   </trkpt>
   <trkpt lat="56.2641950" lon="9.9840970">
    <ele>85.0</ele>
   </trkpt>
   <trkpt lat="56.2641790" lon="9.9840040">
    <ele>85.2</ele>
   </trkpt>
   <trkpt lat="56.2641630" lon="9.9839090">
    <ele>85.2</ele>
   </trkpt>
   <trkpt lat="56.2641480" lon="9.9838140">
    <ele>85.2</ele>
   </trkpt>
   <trkpt lat="56.2641330" lon="9.9837140">
    <ele>85.2</ele>
   </trkpt>
   <trkpt lat="56.2641180" lon="9.9836120">
    <ele>85.0</ele>
   </trkpt>
   <trkpt lat="56.2641030" lon="9.9835110">
    <ele>85.0</ele>
   </trkpt>
   <trkpt lat="56.2640880" lon="9.9834110">
    <ele>84.8</ele>
   </trkpt>
   <trkpt lat="56.2640720" lon="9.9833100">
    <ele>84.8</ele>
   </trkpt>
   <trkpt lat="56.2640560" lon="9.9832110">
    <ele>84.6</ele>
   </trkpt>
   <trkpt lat="56.2640390" lon="9.9831100">
    <ele>84.4</ele>
   </trkpt>
   <trkpt lat="56.2640210" lon="9.9830080">
    <ele>84.2</ele>
   </trkpt>
   <trkpt lat="56.2640030" lon="9.9829030">
    <ele>84.2</ele>
   </trkpt>
   <trkpt lat="56.2639860" lon="9.9827950">
    <ele>84.0</ele>
   </trkpt>
   <trkpt lat="56.2639680" lon="9.9826860">
    <ele>84.2</ele>
   </trkpt>
   <trkpt lat="56.2639470" lon="9.9825730">
    <ele>84.4</ele>
   </trkpt>
   <trkpt lat="56.2639280" lon="9.9824620">
    <ele>84.6</ele>
   </trkpt>
   <trkpt lat="56.2639090" lon="9.9823490">
    <ele>84.6</ele>
   </trkpt>
   <trkpt lat="56.2638900" lon="9.9822330">
    <ele>84.6</ele>
   </trkpt>
   <trkpt lat="56.2638700" lon="9.9821220">
    <ele>84.6</ele>
   </trkpt>
   <trkpt lat="56.2638520" lon="9.9820120">
    <ele>84.6</ele>
   </trkpt>
   <trkpt lat="56.2638320" lon="9.9819020">
    <ele>84.4</ele>
   </trkpt>
   <trkpt lat="56.2638130" lon="9.9817890">
    <ele>84.4</ele>
   </trkpt>
   <trkpt lat="56.2637960" lon="9.9816750">
    <ele>84.2</ele>
   </trkpt>
   <trkpt lat="56.2637790" lon="9.9815610">
    <ele>84.2</ele>
   </trkpt>
   <trkpt lat="56.2637600" lon="9.9814480">
    <ele>84.2</ele>
   </trkpt>
   <trkpt lat="56.2637400" lon="9.9813360">
    <ele>84.2</ele>
   </trkpt>
   <trkpt lat="56.2637210" lon="9.9812240">
    <ele>84.2</ele>
   </trkpt>
   <trkpt lat="56.2637020" lon="9.9811100">
    <ele>84.0</ele>
   </trkpt>
   <trkpt lat="56.2636810" lon="9.9809960">
    <ele>84.0</ele>
   </trkpt>
   <trkpt lat="56.2636570" lon="9.9808820">
    <ele>83.8</ele>
   </trkpt>
   <trkpt lat="56.2636340" lon="9.9807660">
    <ele>83.6</ele>
   </trkpt>
   <trkpt lat="56.2636150" lon="9.9806490">
    <ele>83.6</ele>
   </trkpt>
   <trkpt lat="56.2635980" lon="9.9805300">
    <ele>83.6</ele>
   </trkpt>
   <trkpt lat="56.2635780" lon="9.9804110">
    <ele>83.4</ele>
   </trkpt>
   <trkpt lat="56.2635550" lon="9.9802940">
    <ele>83.4</ele>
   </trkpt>
   <trkpt lat="56.2635350" lon="9.9801810">
    <ele>83.0</ele>
   </trkpt>
   <trkpt lat="56.2635140" lon="9.9800690">
    <ele>82.8</ele>
   </trkpt>
   <trkpt lat="56.2634920" lon="9.9799600">
    <ele>82.6</ele>
   </trkpt>
   <trkpt lat="56.2634700" lon="9.9798480">
    <ele>82.4</ele>
   </trkpt>
   <trkpt lat="56.2634510" lon="9.9797340">
    <ele>82.6</ele>
   </trkpt>
   <trkpt lat="56.2634340" lon="9.9796160">
    <ele>82.8</ele>
   </trkpt>
   <trkpt lat="56.2634140" lon="9.9794980">
    <ele>83.0</ele>
   </trkpt>
   <trkpt lat="56.2633940" lon="9.9793810">
    <ele>83.2</ele>
   </trkpt>
   <trkpt lat="56.2633730" lon="9.9792620">
    <ele>83.2</ele>
   </trkpt>
   <trkpt lat="56.2633520" lon="9.9791420">
    <ele>83.2</ele>
   </trkpt>
   <trkpt lat="56.2633300" lon="9.9790230">
    <ele>83.0</ele>
   </trkpt>
   <trkpt lat="56.2633090" lon="9.9789060">
    <ele>83.0</ele>
   </trkpt>
   <trkpt lat="56.2632880" lon="9.9787900">
    <ele>83.0</ele>
   </trkpt>
   <trkpt lat="56.2632670" lon="9.9786730">
    <ele>83.0</ele>
   </trkpt>
   <trkpt lat="56.2632460" lon="9.9785570">
    <ele>83.2</ele>
   </trkpt>
   <trkpt lat="56.2632270" lon="9.9784400">
    <ele>83.2</ele>
   </trkpt>
   <trkpt lat="56.2632080" lon="9.9783290">
    <ele>83.4</ele>
   </trkpt>
   <trkpt lat="56.2631850" lon="9.9782210">
    <ele>83.4</ele>
   </trkpt>
   <trkpt lat="56.2631640" lon="9.9781030">
    <ele>83.6</ele>
   </trkpt>
   <trkpt lat="56.2631440" lon="9.9779870">
    <ele>83.6</ele>
   </trkpt>
   <trkpt lat="56.2631240" lon="9.9778760">
    <ele>83.6</ele>
   </trkpt>
   <trkpt lat="56.2631010" lon="9.9777650">
    <ele>83.6</ele>
   </trkpt>
   <trkpt lat="56.2630750" lon="9.9776570">
    <ele>83.6</ele>
   </trkpt>
   <trkpt lat="56.2630510" lon="9.9775500">
    <ele>83.6</ele>
   </trkpt>
   <trkpt lat="56.2630260" lon="9.9774410">
    <ele>83.8</ele>
   </trkpt>
   <trkpt lat="56.2629980" lon="9.9773350">
    <ele>83.8</ele>
   </trkpt>
   <trkpt lat="56.2629690" lon="9.9772310">
    <ele>83.6</ele>
   </trkpt>
   <trkpt lat="56.2629400" lon="9.9771240">
    <ele>83.6</ele>
   </trkpt>
   <trkpt lat="56.2629110" lon="9.9770180">
    <ele>83.6</ele>
   </trkpt>
   <trkpt lat="56.2628790" lon="9.9769110">
    <ele>83.4</ele>
   </trkpt>
   <trkpt lat="56.2628460" lon="9.9768040">
    <ele>83.4</ele>
   </trkpt>
   <trkpt lat="56.2628140" lon="9.9766970">
    <ele>83.4</ele>
   </trkpt>
   <trkpt lat="56.2627840" lon="9.9765900">
    <ele>83.2</ele>
   </trkpt>
   <trkpt lat="56.2627560" lon="9.9764820">
    <ele>83.2</ele>
   </trkpt>
   <trkpt lat="56.2627260" lon="9.9763710">
    <ele>83.2</ele>
   </trkpt>
   <trkpt lat="56.2626910" lon="9.9762600">
    <ele>83.0</ele>
   </trkpt>
   <trkpt lat="56.2626560" lon="9.9761510">
    <ele>83.0</ele>
   </trkpt>
   <trkpt lat="56.2626240" lon="9.9760440">
    <ele>83.0</ele>
   </trkpt>
   <trkpt lat="56.2625950" lon="9.9759350">
    <ele>82.8</ele>
   </trkpt>
   <trkpt lat="56.2625660" lon="9.9758260">
    <ele>82.8</ele>
   </trkpt>
   <trkpt lat="56.2625360" lon="9.9757190">
    <ele>82.8</ele>
   </trkpt>
   <trkpt lat="56.2625080" lon="9.9756120">
    <ele>82.8</ele>
   </trkpt>
   <trkpt lat="56.2624810" lon="9.9755070">
    <ele>82.8</ele>
   </trkpt>
   <trkpt lat="56.2624530" lon="9.9754030">
    <ele>83.0</ele>
   </trkpt>
   <trkpt lat="56.2624230" lon="9.9753000">
    <ele>83.0</ele>
   </trkpt>
   <trkpt lat="56.2623920" lon="9.9751970">
    <ele>83.2</ele>
   </trkpt>
   <trkpt lat="56.2623630" lon="9.9750920">
    <ele>83.2</ele>
   </trkpt>
   <trkpt lat="56.2623340" lon="9.9749850">
    <ele>83.2</ele>
   </trkpt>
   <trkpt lat="56.2623030" lon="9.9748770">
    <ele>83.0</ele>
   </trkpt>
   <trkpt lat="56.2622720" lon="9.9747680">
    <ele>83.0</ele>
   </trkpt>
   <trkpt lat="56.2622420" lon="9.9746600">
    <ele>82.8</ele>
   </trkpt>
   <trkpt lat="56.2622130" lon="9.9745510">
    <ele>82.8</ele>
   </trkpt>
   <trkpt lat="56.2621850" lon="9.9744430">
    <ele>82.8</ele>
   </trkpt>
   <trkpt lat="56.2621620" lon="9.9743330">
    <ele>82.8</ele>
   </trkpt>
   <trkpt lat="56.2621430" lon="9.9742220">
    <ele>82.8</ele>
   </trkpt>
   <trkpt lat="56.2621300" lon="9.9741100">
    <ele>82.8</ele>
   </trkpt>
   <trkpt lat="56.2621240" lon="9.9739960">
    <ele>82.8</ele>
   </trkpt>
   <trkpt lat="56.2621210" lon="9.9738820">
    <ele>82.8</ele>
   </trkpt>
   <trkpt lat="56.2621190" lon="9.9737720">
    <ele>82.8</ele>
   </trkpt>
   <trkpt lat="56.2621180" lon="9.9736630">
    <ele>82.8</ele>
   </trkpt>
   <trkpt lat="56.2621170" lon="9.9735530">
    <ele>82.8</ele>
   </trkpt>
   <trkpt lat="56.2621150" lon="9.9734470">
    <ele>83.0</ele>
   </trkpt>
   <trkpt lat="56.2621120" lon="9.9733420">
    <ele>83.2</ele>
   </trkpt>
   <trkpt lat="56.2621110" lon="9.9732390">
    <ele>83.2</ele>
   </trkpt>
   <trkpt lat="56.2621110" lon="9.9731370">
    <ele>83.4</ele>
   </trkpt>
   <trkpt lat="56.2621120" lon="9.9730350">
    <ele>83.6</ele>
   </trkpt>
   <trkpt lat="56.2621140" lon="9.9729330">
    <ele>83.6</ele>
   </trkpt>
   <trkpt lat="56.2621130" lon="9.9728290">
    <ele>83.6</ele>
   </trkpt>
   <trkpt lat="56.2621110" lon="9.9727280">
    <ele>83.6</ele>
   </trkpt>
   <trkpt lat="56.2621090" lon="9.9726260">
    <ele>83.6</ele>
   </trkpt>
   <trkpt lat="56.2621080" lon="9.9725250">
    <ele>83.8</ele>
   </trkpt>
   <trkpt lat="56.2621080" lon="9.9724240">
    <ele>84.2</ele>
   </trkpt>
   <trkpt lat="56.2621080" lon="9.9723200">
    <ele>84.4</ele>
   </trkpt>
   <trkpt lat="56.2621070" lon="9.9722170">
    <ele>84.6</ele>
   </trkpt>
   <trkpt lat="56.2621040" lon="9.9721110">
    <ele>84.8</ele>
   </trkpt>
   <trkpt lat="56.2621030" lon="9.9720050">
    <ele>84.6</ele>
   </trkpt>
   <trkpt lat="56.2621030" lon="9.9718980">
    <ele>84.6</ele>
   </trkpt>
   <trkpt lat="56.2621040" lon="9.9717920">
    <ele>84.4</ele>
   </trkpt>
   <trkpt lat="56.2621030" lon="9.9716880">
    <ele>84.4</ele>
   </trkpt>
   <trkpt lat="56.2621010" lon="9.9715850">
    <ele>84.4</ele>
   </trkpt>
   <trkpt lat="56.2620990" lon="9.9714830">
    <ele>84.6</ele>
   </trkpt>
   <trkpt lat="56.2621000" lon="9.9713800">
    <ele>84.8</ele>
   </trkpt>
   <trkpt lat="56.2621000" lon="9.9712760">
    <ele>85.0</ele>
   </trkpt>
   <trkpt lat="56.2621000" lon="9.9711710">
    <ele>85.4</ele>
   </trkpt>
   <trkpt lat="56.2621010" lon="9.9710680">
    <ele>85.6</ele>
   </trkpt>
   <trkpt lat="56.2620980" lon="9.9709640">
    <ele>85.8</ele>
   </trkpt>
   <trkpt lat="56.2620910" lon="9.9708570">
    <ele>86.0</ele>
   </trkpt>
   <trkpt lat="56.2620890" lon="9.9707530">
    <ele>86.0</ele>
   </trkpt>
   <trkpt lat="56.2620890" lon="9.9706530">
    <ele>86.0</ele>
   </trkpt>
   <trkpt lat="56.2620890" lon="9.9705540">
    <ele>86.0</ele>
   </trkpt>
   <trkpt lat="56.2620890" lon="9.9704550">
    <ele>86.0</ele>
   </trkpt>
   <trkpt lat="56.2620880" lon="9.9703570">
    <ele>86.0</ele>
   </trkpt>
   <trkpt lat="56.2620870" lon="9.9702600">
    <ele>86.0</ele>
   </trkpt>
   <trkpt lat="56.2620850" lon="9.9701630">
    <ele>86.2</ele>
   </trkpt>
   <trkpt lat="56.2620820" lon="9.9700690">
    <ele>86.2</ele>
   </trkpt>
   <trkpt lat="56.2620750" lon="9.9699730">
    <ele>86.4</ele>
   </trkpt>
   <trkpt lat="56.2620690" lon="9.9698770">
    <ele>86.4</ele>
   </trkpt>
   <trkpt lat="56.2620640" lon="9.9697790">
    <ele>86.6</ele>
   </trkpt>
   <trkpt lat="56.2620610" lon="9.9696810">
    <ele>86.6</ele>
   </trkpt>
   <trkpt lat="56.2620600" lon="9.9695850">
    <ele>86.6</ele>
   </trkpt>
   <trkpt lat="56.2620600" lon="9.9694890">
    <ele>86.8</ele>
   </trkpt>
   <trkpt lat="56.2620650" lon="9.9693930">
    <ele>86.8</ele>
   </trkpt>
   <trkpt lat="56.2620690" lon="9.9692970">
    <ele>86.8</ele>
   </trkpt>
   <trkpt lat="56.2620700" lon="9.9692030">
    <ele>86.8</ele>
   </trkpt>
   <trkpt lat="56.2620700" lon="9.9691060">
    <ele>86.8</ele>
   </trkpt>
   <trkpt lat="56.2620700" lon="9.9690050">
    <ele>86.8</ele>
   </trkpt>
   <trkpt lat="56.2620700" lon="9.9689030">
    <ele>87.0</ele>
   </trkpt>
   <trkpt lat="56.2620690" lon="9.9688000">
    <ele>87.0</ele>
   </trkpt>
   <trkpt lat="56.2620670" lon="9.9686950">
    <ele>87.0</ele>
   </trkpt>
   <trkpt lat="56.2620650" lon="9.9685860">
    <ele>86.8</ele>
   </trkpt>
   <trkpt lat="56.2620630" lon="9.9684750">
    <ele>86.8</ele>
   </trkpt>
   <trkpt lat="56.2620620" lon="9.9683640">
    <ele>86.6</ele>
   </trkpt>
   <trkpt lat="56.2620590" lon="9.9682530">
    <ele>86.4</ele>
   </trkpt>
   <trkpt lat="56.2620590" lon="9.9681460">
    <ele>86.4</ele>
   </trkpt>
   <trkpt lat="56.2620600" lon="9.9680390">
    <ele>86.4</ele>
   </trkpt>
   <trkpt lat="56.2620610" lon="9.9679350">
    <ele>86.6</ele>
   </trkpt>
   <trkpt lat="56.2620600" lon="9.9678300">
    <ele>86.6</ele>
   </trkpt>
   <trkpt lat="56.2620600" lon="9.9677280">
    <ele>86.8</ele>
   </trkpt>
   <trkpt lat="56.2620590" lon="9.9676250">
    <ele>87.0</ele>
   </trkpt>
   <trkpt lat="56.2620570" lon="9.9675210">
    <ele>87.0</ele>
   </trkpt>
   <trkpt lat="56.2620550" lon="9.9674160">
    <ele>87.2</ele>
   </trkpt>
   <trkpt lat="56.2620540" lon="9.9673120">
    <ele>87.2</ele>
   </trkpt>
   <trkpt lat="56.2620550" lon="9.9672100">
    <ele>87.2</ele>
   </trkpt>
   <trkpt lat="56.2620540" lon="9.9671050">
    <ele>87.2</ele>
   </trkpt>
   <trkpt lat="56.2620520" lon="9.9669990">
    <ele>87.0</ele>
   </trkpt>
   <trkpt lat="56.2620490" lon="9.9668910">
    <ele>87.0</ele>
   </trkpt>
   <trkpt lat="56.2620470" lon="9.9667830">
    <ele>87.0</ele>
   </trkpt>
   <trkpt lat="56.2620470" lon="9.9666760">
    <ele>86.8</ele>
   </trkpt>
   <trkpt lat="56.2620460" lon="9.9665680">
    <ele>86.8</ele>
   </trkpt>
   <trkpt lat="56.2620430" lon="9.9664590">
    <ele>86.8</ele>
   </trkpt>
   <trkpt lat="56.2620400" lon="9.9663500">
    <ele>86.8</ele>
   </trkpt>
   <trkpt lat="56.2620390" lon="9.9662400">
    <ele>86.8</ele>
   </trkpt>
   <trkpt lat="56.2620350" lon="9.9661280">
    <ele>86.8</ele>
   </trkpt>
   <trkpt lat="56.2620280" lon="9.9660120">
    <ele>86.8</ele>
   </trkpt>
   <trkpt lat="56.2620160" lon="9.9658980">
    <ele>86.8</ele>
   </trkpt>
   <trkpt lat="56.2619950" lon="9.9657840">
    <ele>86.6</ele>
   </trkpt>
   <trkpt lat="56.2619630" lon="9.9656730">
    <ele>86.4</ele>
   </trkpt>
   <trkpt lat="56.2619260" lon="9.9655650">
    <ele>86.4</ele>
   </trkpt>
   <trkpt lat="56.2618840" lon="9.9654630">
    <ele>86.2</ele>
   </trkpt>
   <trkpt lat="56.2618400" lon="9.9653640">
    <ele>86.0</ele>
   </trkpt>
   <trkpt lat="56.2617960" lon="9.9652680">
    <ele>85.8</ele>
   </trkpt>
   <trkpt lat="56.2617510" lon="9.9651740">
    <ele>85.6</ele>
   </trkpt>
   <trkpt lat="56.2617080" lon="9.9650810">
    <ele>85.6</ele>
   </trkpt>
   <trkpt lat="56.2616670" lon="9.9649940">
    <ele>85.6</ele>
   </trkpt>
   <trkpt lat="56.2616220" lon="9.9649100">
    <ele>85.6</ele>
   </trkpt>
   <trkpt lat="56.2615800" lon="9.9648270">
    <ele>85.6</ele>
   </trkpt>
   <trkpt lat="56.2615400" lon="9.9647450">
    <ele>85.8</ele>
   </trkpt>
   <trkpt lat="56.2615020" lon="9.9646620">
    <ele>85.8</ele>
   </trkpt>
   <trkpt lat="56.2614630" lon="9.9645820">
    <ele>85.8</ele>
   </trkpt>
   <trkpt lat="56.2614230" lon="9.9645020">
    <ele>85.8</ele>
   </trkpt>
   <trkpt lat="56.2613790" lon="9.9644160">
    <ele>85.8</ele>
   </trkpt>
   <trkpt lat="56.2613370" lon="9.9643280">
    <ele>85.6</ele>
   </trkpt>
   <trkpt lat="56.2612940" lon="9.9642370">
    <ele>85.6</ele>
   </trkpt>
   <trkpt lat="56.2612540" lon="9.9641430">
    <ele>85.4</ele>
   </trkpt>
   <trkpt lat="56.2612120" lon="9.9640500">
    <ele>85.4</ele>
   </trkpt>
   <trkpt lat="56.2611690" lon="9.9639580">
    <ele>85.4</ele>
   </trkpt>
   <trkpt lat="56.2611240" lon="9.9638670">
    <ele>85.2</ele>
   </trkpt>
   <trkpt lat="56.2610780" lon="9.9637720">
    <ele>85.2</ele>
   </trkpt>
   <trkpt lat="56.2610330" lon="9.9636790">
    <ele>85.0</ele>
   </trkpt>
   <trkpt lat="56.2609910" lon="9.9635880">
    <ele>85.0</ele>
   </trkpt>
   <trkpt lat="56.2609480" lon="9.9634980">
    <ele>84.8</ele>
   </trkpt>
   <trkpt lat="56.2609020" lon="9.9634040">
    <ele>84.8</ele>
   </trkpt>
   <trkpt lat="56.2608560" lon="9.9633100">
    <ele>84.8</ele>
   </trkpt>
   <trkpt lat="56.2608110" lon="9.9632140">
    <ele>85.0</ele>
   </trkpt>
   <trkpt lat="56.2607670" lon="9.9631190">
    <ele>85.0</ele>
   </trkpt>
   <trkpt lat="56.2607240" lon="9.9630290">
    <ele>85.0</ele>
   </trkpt>
   <trkpt lat="56.2606740" lon="9.9629510">
    <ele>85.0</ele>
   </trkpt>
   <trkpt lat="56.2606190" lon="9.9629030">
    <ele>84.8</ele>
   </trkpt>
   <trkpt lat="56.2605630" lon="9.9628850">
    <ele>84.8</ele>
   </trkpt>
   <trkpt lat="56.2605060" lon="9.9628900">
    <ele>84.8</ele>
   </trkpt>
   <trkpt lat="56.2604500" lon="9.9629140">
    <ele>85.0</ele>
   </trkpt>
   <trkpt lat="56.2603930" lon="9.9629440">
    <ele>85.2</ele>
   </trkpt>
   <trkpt lat="56.2603300" lon="9.9629740">
    <ele>85.4</ele>
   </trkpt>
   <trkpt lat="56.2602660" lon="9.9630050">
    <ele>85.2</ele>
   </trkpt>
   <trkpt lat="56.2601980" lon="9.9630370">
    <ele>85.2</ele>
   </trkpt>
   <trkpt lat="56.2601290" lon="9.9630690">
    <ele>85.0</ele>
   </trkpt>
   <trkpt lat="56.2600560" lon="9.9631010">
    <ele>84.8</ele>
   </trkpt>
   <trkpt lat="56.2599820" lon="9.9631360">
    <ele>84.6</ele>
   </trkpt>
   <trkpt lat="56.2599060" lon="9.9631740">
    <ele>84.4</ele>
   </trkpt>
   <trkpt lat="56.2598310" lon="9.9632130">
    <ele>84.2</ele>
   </trkpt>
   <trkpt lat="56.2597570" lon="9.9632510">
    <ele>84.0</ele>
   </trkpt>
   <trkpt lat="56.2596840" lon="9.9632860">
    <ele>83.8</ele>
   </trkpt>
   <trkpt lat="56.2596110" lon="9.9633190">
    <ele>83.6</ele>
   </trkpt>
   <trkpt lat="56.2595390" lon="9.9633540">
    <ele>83.6</ele>
   </trkpt>
   <trkpt lat="56.2594690" lon="9.9633890">
    <ele>83.6</ele>
   </trkpt>
   <trkpt lat="56.2593990" lon="9.9634230">
    <ele>83.6</ele>
   </trkpt>
   <trkpt lat="56.2593270" lon="9.9634540">
    <ele>83.6</ele>
   </trkpt>
   <trkpt lat="56.2592550" lon="9.9634920">
    <ele>83.6</ele>
   </trkpt>
   <trkpt lat="56.2591810" lon="9.9635330">
    <ele>83.6</ele>
   </trkpt>
   <trkpt lat="56.2591050" lon="9.9635720">
    <ele>83.6</ele>
   </trkpt>
   <trkpt lat="56.2590280" lon="9.9636110">
    <ele>83.6</ele>
   </trkpt>
   <trkpt lat="56.2589520" lon="9.9636570">
    <ele>83.4</ele>
   </trkpt>
   <trkpt lat="56.2588770" lon="9.9637060">
    <ele>83.2</ele>
   </trkpt>
   <trkpt lat="56.2588030" lon="9.9637540">
    <ele>83.0</ele>
   </trkpt>
   <trkpt lat="56.2587280" lon="9.9638000">
    <ele>83.0</ele>
   </trkpt>
   <trkpt lat="56.2586530" lon="9.9638460">
    <ele>82.6</ele>
   </trkpt>
   <trkpt lat="56.2585770" lon="9.9638880">
    <ele>82.6</ele>
   </trkpt>
   <trkpt lat="56.2584990" lon="9.9639210">
    <ele>82.4</ele>
   </trkpt>
   <trkpt lat="56.2584200" lon="9.9639390">
    <ele>82.4</ele>
   </trkpt>
   <trkpt lat="56.2583410" lon="9.9639470">
    <ele>82.4</ele>
   </trkpt>
   <trkpt lat="56.2582600" lon="9.9639460">
    <ele>82.4</ele>
   </trkpt>
   <trkpt lat="56.2581800" lon="9.9639440">
    <ele>82.4</ele>
   </trkpt>
   <trkpt lat="56.2581010" lon="9.9639420">
    <ele>82.6</ele>
   </trkpt>
   <trkpt lat="56.2580230" lon="9.9639410">
    <ele>82.6</ele>
   </trkpt>
   <trkpt lat="56.2579440" lon="9.9639440">
    <ele>82.6</ele>
   </trkpt>
   <trkpt lat="56.2578640" lon="9.9639440">
    <ele>82.6</ele>
   </trkpt>
   <trkpt lat="56.2577840" lon="9.9639410">
    <ele>82.6</ele>
   </trkpt>
   <trkpt lat="56.2577050" lon="9.9639400">
    <ele>82.6</ele>
   </trkpt>
   <trkpt lat="56.2576260" lon="9.9639380">
    <ele>82.6</ele>
   </trkpt>
   <trkpt lat="56.2575500" lon="9.9639400">
    <ele>82.6</ele>
   </trkpt>
   <trkpt lat="56.2574740" lon="9.9639460">
    <ele>82.6</ele>
   </trkpt>
   <trkpt lat="56.2573980" lon="9.9639520">
    <ele>82.6</ele>
   </trkpt>
   <trkpt lat="56.2573190" lon="9.9639550">
    <ele>82.8</ele>
   </trkpt>
   <trkpt lat="56.2572410" lon="9.9639560">
    <ele>82.6</ele>
   </trkpt>
   <trkpt lat="56.2571630" lon="9.9639570">
    <ele>82.8</ele>
   </trkpt>
   <trkpt lat="56.2570840" lon="9.9639590">
    <ele>82.6</ele>
   </trkpt>
   <trkpt lat="56.2570050" lon="9.9639630">
    <ele>82.8</ele>
   </trkpt>
   <trkpt lat="56.2569250" lon="9.9639670">
    <ele>82.8</ele>
   </trkpt>
   <trkpt lat="56.2568450" lon="9.9639690">
    <ele>82.8</ele>
   </trkpt>
   <trkpt lat="56.2567650" lon="9.9639690">
    <ele>82.8</ele>
   </trkpt>
   <trkpt lat="56.2566850" lon="9.9639710">
    <ele>82.8</ele>
   </trkpt>
   <trkpt lat="56.2566060" lon="9.9639710">
    <ele>82.6</ele>
   </trkpt>
   <trkpt lat="56.2565280" lon="9.9639720">
    <ele>82.6</ele>
   </trkpt>
   <trkpt lat="56.2564500" lon="9.9639750">
    <ele>82.6</ele>
   </trkpt>
   <trkpt lat="56.2563730" lon="9.9639740">
    <ele>82.8</ele>
   </trkpt>
   <trkpt lat="56.2562960" lon="9.9639750">
    <ele>83.0</ele>
   </trkpt>
   <trkpt lat="56.2562200" lon="9.9639760">
    <ele>83.2</ele>
   </trkpt>
   <trkpt lat="56.2561440" lon="9.9639780">
    <ele>83.2</ele>
   </trkpt>
   <trkpt lat="56.2560690" lon="9.9639830">
    <ele>83.4</ele>
   </trkpt>
   <trkpt lat="56.2559930" lon="9.9639870">
    <ele>83.4</ele>
   </trkpt>
   <trkpt lat="56.2559180" lon="9.9639930">
    <ele>83.4</ele>
   </trkpt>
   <trkpt lat="56.2558430" lon="9.9639970">
    <ele>83.4</ele>
   </trkpt>
   <trkpt lat="56.2557700" lon="9.9639970">
    <ele>83.6</ele>
   </trkpt>
   <trkpt lat="56.2556960" lon="9.9639990">
    <ele>83.6</ele>
   </trkpt>
   <trkpt lat="56.2556250" lon="9.9640010">
    <ele>83.6</ele>
   </trkpt>
   <trkpt lat="56.2555570" lon="9.9640030">
    <ele>83.6</ele>
   </trkpt>
   <trkpt lat="56.2554900" lon="9.9640040">
    <ele>83.4</ele>
   </trkpt>
   <trkpt lat="56.2554260" lon="9.9640110">
    <ele>83.4</ele>
   </trkpt>
   <trkpt lat="56.2553680" lon="9.9640240">
    <ele>83.4</ele>
   </trkpt>
   <trkpt lat="56.2553170" lon="9.9640570">
    <ele>83.2</ele>
   </trkpt>
   <trkpt lat="56.2552700" lon="9.9641130">
    <ele>83.2</ele>
   </trkpt>
   <trkpt lat="56.2552290" lon="9.9641950">
    <ele>83.2</ele>
   </trkpt>
   <trkpt lat="56.2551950" lon="9.9642990">
    <ele>83.2</ele>
   </trkpt>
   <trkpt lat="56.2551620" lon="9.9644130">
    <ele>83.0</ele>
   </trkpt>
   <trkpt lat="56.2551310" lon="9.9645330">
    <ele>83.0</ele>
   </trkpt>
   <trkpt lat="56.2550970" lon="9.9646520">
    <ele>82.8</ele>
   </trkpt>
   <trkpt lat="56.2550630" lon="9.9647760">
    <ele>82.8</ele>
   </trkpt>
   <trkpt lat="56.2550310" lon="9.9649060">
    <ele>82.8</ele>
   </trkpt>
   <trkpt lat="56.2549980" lon="9.9650370">
    <ele>82.6</ele>
   </trkpt>
   <trkpt lat="56.2549660" lon="9.9651730">
    <ele>82.6</ele>
   </trkpt>
   <trkpt lat="56.2549330" lon="9.9653090">
    <ele>82.6</ele>
   </trkpt>
   <trkpt lat="56.2548990" lon="9.9654470">
    <ele>82.6</ele>
   </trkpt>
   <trkpt lat="56.2548640" lon="9.9655850">
    <ele>82.6</ele>
   </trkpt>
   <trkpt lat="56.2548290" lon="9.9657230">
    <ele>82.6</ele>
   </trkpt>
   <trkpt lat="56.2547960" lon="9.9658610">
    <ele>82.6</ele>
   </trkpt>
   <trkpt lat="56.2547640" lon="9.9660040">
    <ele>82.4</ele>
   </trkpt>
   <trkpt lat="56.2547310" lon="9.9661450">
    <ele>82.4</ele>
   </trkpt>
   <trkpt lat="56.2546950" lon="9.9662880">
    <ele>82.2</ele>
   </trkpt>
   <trkpt lat="56.2546570" lon="9.9664300">
    <ele>82.2</ele>
   </trkpt>
   <trkpt lat="56.2546190" lon="9.9665730">
    <ele>82.0</ele>
   </trkpt>
   <trkpt lat="56.2545830" lon="9.9667170">
    <ele>82.0</ele>
   </trkpt>
   <trkpt lat="56.2545470" lon="9.9668610">
    <ele>81.8</ele>
   </trkpt>
   <trkpt lat="56.2545090" lon="9.9670030">
    <ele>81.8</ele>
   </trkpt>
   <trkpt lat="56.2544610" lon="9.9671330">
    <ele>81.8</ele>
   </trkpt>
   <trkpt lat="56.2543990" lon="9.9672400">
    <ele>81.8</ele>
   </trkpt>
   <trkpt lat="56.2543280" lon="9.9673300">
    <ele>81.8</ele>
   </trkpt>
   <trkpt lat="56.2542540" lon="9.9674100">
    <ele>81.6</ele>
   </trkpt>
   <trkpt lat="56.2541790" lon="9.9674910">
    <ele>81.6</ele>
   </trkpt>
   <trkpt lat="56.2541050" lon="9.9675720">
    <ele>81.6</ele>
   </trkpt>
   <trkpt lat="56.2540310" lon="9.9676600">
    <ele>81.6</ele>
   </trkpt>
   <trkpt lat="56.2539600" lon="9.9677530">
    <ele>81.4</ele>
   </trkpt>
   <trkpt lat="56.2538900" lon="9.9678460">
    <ele>81.4</ele>
   </trkpt>
   <trkpt lat="56.2538190" lon="9.9679360">
    <ele>81.4</ele>
   </trkpt>
   <trkpt lat="56.2537470" lon="9.9680230">
    <ele>81.4</ele>
   </trkpt>
   <trkpt lat="56.2536770" lon="9.9681080">
    <ele>81.4</ele>
   </trkpt>
   <trkpt lat="56.2536050" lon="9.9681920">
    <ele>81.4</ele>
   </trkpt>
   <trkpt lat="56.2535340" lon="9.9682780">
    <ele>81.6</ele>
   </trkpt>
   <trkpt lat="56.2534640" lon="9.9683650">
    <ele>81.6</ele>
   </trkpt>
   <trkpt lat="56.2533920" lon="9.9684510">
    <ele>81.6</ele>
   </trkpt>
   <trkpt lat="56.2533210" lon="9.9685350">
    <ele>81.8</ele>
   </trkpt>
   <trkpt lat="56.2532490" lon="9.9686190">
    <ele>81.8</ele>
   </trkpt>
   <trkpt lat="56.2531760" lon="9.9687060">
    <ele>81.8</ele>
   </trkpt>
   <trkpt lat="56.2531020" lon="9.9687940">
    <ele>81.8</ele>
   </trkpt>
   <trkpt lat="56.2530300" lon="9.9688860">
    <ele>81.8</ele>
   </trkpt>
   <trkpt lat="56.2529580" lon="9.9689770">
    <ele>81.8</ele>
   </trkpt>
   <trkpt lat="56.2528840" lon="9.9690660">
    <ele>81.8</ele>
   </trkpt>
   <trkpt lat="56.2528110" lon="9.9691560">
    <ele>81.8</ele>
   </trkpt>
   <trkpt lat="56.2527390" lon="9.9692430">
    <ele>81.8</ele>
   </trkpt>
   <trkpt lat="56.2526650" lon="9.9693340">
    <ele>81.8</ele>
   </trkpt>
   <trkpt lat="56.2525900" lon="9.9694260">
    <ele>81.8</ele>
   </trkpt>
   <trkpt lat="56.2525160" lon="9.9695160">
    <ele>81.6</ele>
   </trkpt>
   <trkpt lat="56.2524420" lon="9.9696090">
    <ele>81.6</ele>
   </trkpt>
   <trkpt lat="56.2523680" lon="9.9697000">
    <ele>81.6</ele>
   </trkpt>
   <trkpt lat="56.2522930" lon="9.9697910">
    <ele>81.4</ele>
   </trkpt>
   <trkpt lat="56.2522180" lon="9.9698820">
    <ele>81.4</ele>
   </trkpt>
   <trkpt lat="56.2521430" lon="9.9699730">
    <ele>81.4</ele>
   </trkpt>
   <trkpt lat="56.2520680" lon="9.9700640">
    <ele>81.4</ele>
   </trkpt>
   <trkpt lat="56.2519930" lon="9.9701540">
    <ele>81.4</ele>
   </trkpt>
   <trkpt lat="56.2519180" lon="9.9702440">
    <ele>81.4</ele>
   </trkpt>
   <trkpt lat="56.2518430" lon="9.9703330">
    <ele>81.2</ele>
   </trkpt>
   <trkpt lat="56.2517690" lon="9.9704230">
    <ele>81.2</ele>
   </trkpt>
   <trkpt lat="56.2516970" lon="9.9705150">
    <ele>81.2</ele>
   </trkpt>
   <trkpt lat="56.2516250" lon="9.9706060">
    <ele>81.0</ele>
   </trkpt>
   <trkpt lat="56.2515530" lon="9.9706960">
    <ele>81.0</ele>
   </trkpt>
   <trkpt lat="56.2514820" lon="9.9707870">
    <ele>81.0</ele>
   </trkpt>
   <trkpt lat="56.2514110" lon="9.9708800">
    <ele>81.0</ele>
   </trkpt>
   <trkpt lat="56.2513410" lon="9.9709760">
    <ele>80.8</ele>
   </trkpt>
   <trkpt lat="56.2512720" lon="9.9710730">
    <ele>80.8</ele>
   </trkpt>
   <trkpt lat="56.2512020" lon="9.9711720">
    <ele>80.6</ele>
   </trkpt>
   <trkpt lat="56.2511320" lon="9.9712740">
    <ele>80.6</ele>
   </trkpt>
   <trkpt lat="56.2510640" lon="9.9713760">
    <ele>80.4</ele>
   </trkpt>
   <trkpt lat="56.2509930" lon="9.9714790">
    <ele>80.4</ele>
   </trkpt>
   <trkpt lat="56.2509230" lon="9.9715820">
    <ele>80.2</ele>
   </trkpt>
   <trkpt lat="56.2508540" lon="9.9716860">
    <ele>80.0</ele>
   </trkpt>
   <trkpt lat="56.2507840" lon="9.9717920">
    <ele>79.8</ele>
   </trkpt>
   <trkpt lat="56.2507140" lon="9.9718950">
    <ele>79.8</ele>
   </trkpt>
   <trkpt lat="56.2506450" lon="9.9719980">
    <ele>79.6</ele>
   </trkpt>
   <trkpt lat="56.2505780" lon="9.9721010">
    <ele>79.4</ele>
   </trkpt>
   <trkpt lat="56.2505130" lon="9.9722010">
    <ele>79.4</ele>
   </trkpt>
   <trkpt lat="56.2504470" lon="9.9723010">
    <ele>79.4</ele>
   </trkpt>
   <trkpt lat="56.2503800" lon="9.9723990">
    <ele>79.4</ele>
   </trkpt>
   <trkpt lat="56.2503140" lon="9.9724960">
    <ele>79.4</ele>
   </trkpt>
   <trkpt lat="56.2502490" lon="9.9725930">
    <ele>79.2</ele>
   </trkpt>
   <trkpt lat="56.2501850" lon="9.9726870">
    <ele>79.2</ele>
   </trkpt>
   <trkpt lat="56.2501220" lon="9.9727820">
    <ele>79.2</ele>
   </trkpt>
   <trkpt lat="56.2500580" lon="9.9728620">
    <ele>79.4</ele>
   </trkpt>
   <trkpt lat="56.2499870" lon="9.9729070">
    <ele>79.4</ele>
   </trkpt>
   <trkpt lat="56.2499160" lon="9.9728990">
    <ele>79.4</ele>
   </trkpt>
   <trkpt lat="56.2498540" lon="9.9728480">
    <ele>79.4</ele>
   </trkpt>
   <trkpt lat="56.2498000" lon="9.9727680">
    <ele>79.2</ele>
   </trkpt>
   <trkpt lat="56.2497510" lon="9.9726760">
    <ele>79.2</ele>
   </trkpt>
   <trkpt lat="56.2497020" lon="9.9725810">
    <ele>79.0</ele>
   </trkpt>
   <trkpt lat="56.2496500" lon="9.9724870">
    <ele>79.0</ele>
   </trkpt>
   <trkpt lat="56.2495970" lon="9.9723970">
    <ele>79.0</ele>
   </trkpt>
   <trkpt lat="56.2495430" lon="9.9723070">
    <ele>79.0</ele>
   </trkpt>
   <trkpt lat="56.2494850" lon="9.9722210">
    <ele>79.2</ele>
   </trkpt>
   <trkpt lat="56.2494270" lon="9.9721390">
    <ele>79.4</ele>
   </trkpt>
   <trkpt lat="56.2493690" lon="9.9720600">
    <ele>79.4</ele>
   </trkpt>
   <trkpt lat="56.2493130" lon="9.9719820">
    <ele>79.6</ele>
   </trkpt>
   <trkpt lat="56.2492580" lon="9.9719060">
    <ele>79.8</ele>
   </trkpt>
   <trkpt lat="56.2492030" lon="9.9718330">
    <ele>80.0</ele>
   </trkpt>
   <trkpt lat="56.2491490" lon="9.9717590">
    <ele>80.2</ele>
   </trkpt>
   <trkpt lat="56.2490950" lon="9.9716840">
    <ele>80.4</ele>
   </trkpt>
   <trkpt lat="56.2490390" lon="9.9716100">
    <ele>80.6</ele>
   </trkpt>
   <trkpt lat="56.2489810" lon="9.9715370">
    <ele>80.6</ele>
   </trkpt>
   <trkpt lat="56.2489240" lon="9.9714610">
    <ele>80.6</ele>
   </trkpt>
   <trkpt lat="56.2488660" lon="9.9713840">
    <ele>80.6</ele>
   </trkpt>
   <trkpt lat="56.2488100" lon="9.9713070">
    <ele>80.4</ele>
   </trkpt>
   <trkpt lat="56.2487550" lon="9.9712300">
    <ele>80.6</ele>
   </trkpt>
   <trkpt lat="56.2486980" lon="9.9711560">
    <ele>80.4</ele>
   </trkpt>
   <trkpt lat="56.2486410" lon="9.9710850">
    <ele>80.6</ele>
   </trkpt>
   <trkpt lat="56.2485850" lon="9.9710150">
    <ele>80.6</ele>
   </trkpt>
   <trkpt lat="56.2485300" lon="9.9709430">
    <ele>80.8</ele>
   </trkpt>
   <trkpt lat="56.2484760" lon="9.9708680">
    <ele>81.0</ele>
   </trkpt>
   <trkpt lat="56.2484210" lon="9.9707940">
    <ele>81.0</ele>
   </trkpt>
   <trkpt lat="56.2483630" lon="9.9707220">
    <ele>81.0</ele>
   </trkpt>
   <trkpt lat="56.2483070" lon="9.9706490">
    <ele>80.8</ele>
   </trkpt>
   <trkpt lat="56.2482490" lon="9.9705740">
    <ele>80.6</ele>
   </trkpt>
   <trkpt lat="56.2481910" lon="9.9704970">
    <ele>80.4</ele>
   </trkpt>
   <trkpt lat="56.2481340" lon="9.9704210">
    <ele>80.2</ele>
   </trkpt>
   <trkpt lat="56.2480780" lon="9.9703460">
    <ele>80.0</ele>
   </trkpt>
   <trkpt lat="56.2480220" lon="9.9702700">
    <ele>80.0</ele>
   </trkpt>
   <trkpt lat="56.2479640" lon="9.9701960">
    <ele>80.0</ele>
   </trkpt>
   <trkpt lat="56.2479070" lon="9.9701240">
    <ele>79.8</ele>
   </trkpt>
   <trkpt lat="56.2478510" lon="9.9700500">
    <ele>80.0</ele>
   </trkpt>
   <trkpt lat="56.2477930" lon="9.9699750">
    <ele>80.0</ele>
   </trkpt>
   <trkpt lat="56.2477370" lon="9.9699000">
    <ele>80.0</ele>
   </trkpt>
   <trkpt lat="56.2476800" lon="9.9698220">
    <ele>80.2</ele>
   </trkpt>
   <trkpt lat="56.2476230" lon="9.9697450">
    <ele>80.2</ele>
   </trkpt>
   <trkpt lat="56.2475670" lon="9.9696730">
    <ele>80.2</ele>
   </trkpt>
   <trkpt lat="56.2475110" lon="9.9696000">
    <ele>80.2</ele>
   </trkpt>
   <trkpt lat="56.2474580" lon="9.9695270">
    <ele>80.4</ele>
   </trkpt>
   <trkpt lat="56.2474030" lon="9.9694550">
    <ele>80.4</ele>
   </trkpt>
   <trkpt lat="56.2473490" lon="9.9693850">
    <ele>80.6</ele>
   </trkpt>
   <trkpt lat="56.2472950" lon="9.9693150">
    <ele>80.8</ele>
   </trkpt>
   <trkpt lat="56.2472410" lon="9.9692420">
    <ele>81.0</ele>
   </trkpt>
   <trkpt lat="56.2471880" lon="9.9691710">
    <ele>81.2</ele>
   </trkpt>
   <trkpt lat="56.2471350" lon="9.9691000">
    <ele>81.4</ele>
   </trkpt>
   <trkpt lat="56.2470830" lon="9.9690290">
    <ele>81.6</ele>
   </trkpt>
   <trkpt lat="56.2470300" lon="9.9689600">
    <ele>81.6</ele>
   </trkpt>
   <trkpt lat="56.2469750" lon="9.9688940">
    <ele>81.8</ele>
   </trkpt>
   <trkpt lat="56.2469220" lon="9.9688260">
    <ele>82.2</ele>
   </trkpt>
   <trkpt lat="56.2468700" lon="9.9687550">
    <ele>82.4</ele>
   </trkpt>
   <trkpt lat="56.2468180" lon="9.9686820">
    <ele>82.6</ele>
   </trkpt>
   <trkpt lat="56.2467640" lon="9.9686120">
    <ele>82.6</ele>
   </trkpt>
   <trkpt lat="56.2467120" lon="9.9685420">
    <ele>82.6</ele>
   </trkpt>
   <trkpt lat="56.2466590" lon="9.9684710">
    <ele>82.6</ele>
   </trkpt>
   <trkpt lat="56.2466090" lon="9.9684010">
    <ele>82.8</ele>
   </trkpt>
   <trkpt lat="56.2465570" lon="9.9683320">
    <ele>82.8</ele>
   </trkpt>
   <trkpt lat="56.2465050" lon="9.9682660">
    <ele>82.8</ele>
   </trkpt>
   <trkpt lat="56.2464540" lon="9.9682030">
    <ele>82.8</ele>
   </trkpt>
   <trkpt lat="56.2464030" lon="9.9681340">
    <ele>82.8</ele>
   </trkpt>
   <trkpt lat="56.2463520" lon="9.9680650">
    <ele>82.8</ele>
   </trkpt>
   <trkpt lat="56.2463000" lon="9.9679950">
    <ele>82.8</ele>
   </trkpt>
   <trkpt lat="56.2462470" lon="9.9679250">
    <ele>82.8</ele>
   </trkpt>
   <trkpt lat="56.2461930" lon="9.9678550">
    <ele>82.6</ele>
   </trkpt>
   <trkpt lat="56.2461390" lon="9.9677890">
    <ele>82.4</ele>
   </trkpt>
   <trkpt lat="56.2460840" lon="9.9677240">
    <ele>82.2</ele>
   </trkpt>
   <trkpt lat="56.2460310" lon="9.9676560">
    <ele>82.2</ele>
   </trkpt>
   <trkpt lat="56.2459810" lon="9.9675860">
    <ele>82.0</ele>
   </trkpt>
   <trkpt lat="56.2459310" lon="9.9675170">
    <ele>82.0</ele>
   </trkpt>
   <trkpt lat="56.2458790" lon="9.9674500">
    <ele>82.2</ele>
   </trkpt>
   <trkpt lat="56.2458270" lon="9.9673860">
    <ele>82.2</ele>
   </trkpt>
   <trkpt lat="56.2457760" lon="9.9673190">
    <ele>82.4</ele>
   </trkpt>
   <trkpt lat="56.2457260" lon="9.9672520">
    <ele>82.4</ele>
   </trkpt>
   <trkpt lat="56.2456760" lon="9.9671850">
    <ele>82.4</ele>
   </trkpt>
   <trkpt lat="56.2456260" lon="9.9671160">
    <ele>82.4</ele>
   </trkpt>
   <trkpt lat="56.2455760" lon="9.9670500">
    <ele>82.4</ele>
   </trkpt>
   <trkpt lat="56.2455290" lon="9.9669860">
    <ele>82.6</ele>
   </trkpt>
   <trkpt lat="56.2454800" lon="9.9669230">
    <ele>82.6</ele>
   </trkpt>
   <trkpt lat="56.2454320" lon="9.9668610">
    <ele>82.8</ele>
   </trkpt>
   <trkpt lat="56.2453850" lon="9.9667960">
    <ele>82.8</ele>
   </trkpt>
   <trkpt lat="56.2453380" lon="9.9667330">
    <ele>83.0</ele>
   </trkpt>
   <trkpt lat="56.2452880" lon="9.9666710">
    <ele>83.4</ele>
   </trkpt>
   <trkpt lat="56.2452370" lon="9.9666090">
    <ele>83.8</ele>
   </trkpt>
   <trkpt lat="56.2451870" lon="9.9665420">
    <ele>84.0</ele>
   </trkpt>
   <trkpt lat="56.2451350" lon="9.9664730">
    <ele>84.2</ele>
   </trkpt>
   <trkpt lat="56.2450810" lon="9.9664070">
    <ele>84.4</ele>
   </trkpt>
   <trkpt lat="56.2450280" lon="9.9663410">
    <ele>84.4</ele>
   </trkpt>
   <trkpt lat="56.2449740" lon="9.9662730">
    <ele>84.4</ele>
   </trkpt>
   <trkpt lat="56.2449190" lon="9.9662090">
    <ele>84.2</ele>
   </trkpt>
   <trkpt lat="56.2448660" lon="9.9661470">
    <ele>84.0</ele>
   </trkpt>
   <trkpt lat="56.2448150" lon="9.9660790">
    <ele>83.8</ele>
   </trkpt>
   <trkpt lat="56.2447660" lon="9.9660130">
    <ele>83.8</ele>
   </trkpt>
   <trkpt lat="56.2447180" lon="9.9659510">
    <ele>83.8</ele>
   </trkpt>
   <trkpt lat="56.2446720" lon="9.9658920">
    <ele>83.8</ele>
   </trkpt>
   <trkpt lat="56.2446250" lon="9.9658340">
    <ele>84.0</ele>
   </trkpt>
   <trkpt lat="56.2445780" lon="9.9657760">
    <ele>84.2</ele>
   </trkpt>
   <trkpt lat="56.2445310" lon="9.9657210">
    <ele>84.2</ele>
   </trkpt>
   <trkpt lat="56.2444850" lon="9.9656620">
    <ele>84.2</ele>
   </trkpt>
   <trkpt lat="56.2444380" lon="9.9655990">
    <ele>84.0</ele>
   </trkpt>
   <trkpt lat="56.2443880" lon="9.9655380">
    <ele>83.8</ele>
   </trkpt>
   <trkpt lat="56.2443360" lon="9.9654750">
    <ele>83.8</ele>
   </trkpt>
   <trkpt lat="56.2442820" lon="9.9654100">
    <ele>83.6</ele>
   </trkpt>
   <trkpt lat="56.2442270" lon="9.9653390">
    <ele>83.4</ele>
   </trkpt>
   <trkpt lat="56.2441720" lon="9.9652670">
    <ele>83.2</ele>
   </trkpt>
   <trkpt lat="56.2441170" lon="9.9651960">
    <ele>83.2</ele>
   </trkpt>
   <trkpt lat="56.2440610" lon="9.9651200">
    <ele>83.0</ele>
   </trkpt>
   <trkpt lat="56.2440040" lon="9.9650450">
    <ele>83.0</ele>
   </trkpt>
   <trkpt lat="56.2439460" lon="9.9649710">
    <ele>82.8</ele>
   </trkpt>
   <trkpt lat="56.2438880" lon="9.9648940">
    <ele>82.6</ele>
   </trkpt>
   <trkpt lat="56.2438310" lon="9.9648140">
    <ele>82.4</ele>
   </trkpt>
   <trkpt lat="56.2437730" lon="9.9647350">
    <ele>82.4</ele>
   </trkpt>
   <trkpt lat="56.2437150" lon="9.9646560">
    <ele>82.2</ele>
   </trkpt>
   <trkpt lat="56.2436570" lon="9.9645760">
    <ele>82.2</ele>
   </trkpt>
   <trkpt lat="56.2435970" lon="9.9645000">
    <ele>82.0</ele>
   </trkpt>
   <trkpt lat="56.2435390" lon="9.9644250">
    <ele>82.2</ele>
   </trkpt>
   <trkpt lat="56.2434820" lon="9.9643510">
    <ele>82.4</ele>
   </trkpt>
   <trkpt lat="56.2434270" lon="9.9642730">
    <ele>82.4</ele>
   </trkpt>
   <trkpt lat="56.2433730" lon="9.9641950">
    <ele>82.6</ele>
   </trkpt>
   <trkpt lat="56.2433190" lon="9.9641230">
    <ele>82.8</ele>
   </trkpt>
   <trkpt lat="56.2432650" lon="9.9640520">
    <ele>82.8</ele>
   </trkpt>
   <trkpt lat="56.2432120" lon="9.9639820">
    <ele>82.8</ele>
   </trkpt>
   <trkpt lat="56.2431600" lon="9.9639130">
    <ele>83.0</ele>
   </trkpt>
   <trkpt lat="56.2431070" lon="9.9638420">
    <ele>82.8</ele>
   </trkpt>
   <trkpt lat="56.2430550" lon="9.9637710">
    <ele>82.8</ele>
   </trkpt>
   <trkpt lat="56.2430050" lon="9.9637030">
    <ele>82.8</ele>
   </trkpt>
   <trkpt lat="56.2429540" lon="9.9636330">
    <ele>82.8</ele>
   </trkpt>
   <trkpt lat="56.2429040" lon="9.9635630">
    <ele>83.0</ele>
   </trkpt>
   <trkpt lat="56.2428520" lon="9.9634930">
    <ele>83.2</ele>
   </trkpt>
   <trkpt lat="56.2428020" lon="9.9634270">
    <ele>83.6</ele>
   </trkpt>
   <trkpt lat="56.2427530" lon="9.9633600">
    <ele>83.8</ele>
   </trkpt>
   <trkpt lat="56.2427020" lon="9.9632930">
    <ele>84.2</ele>
   </trkpt>
   <trkpt lat="56.2426530" lon="9.9632240">
    <ele>84.4</ele>
   </trkpt>
   <trkpt lat="56.2426020" lon="9.9631550">
    <ele>84.6</ele>
   </trkpt>
   <trkpt lat="56.2425500" lon="9.9630860">
    <ele>84.6</ele>
   </trkpt>
   <trkpt lat="56.2424970" lon="9.9630190">
    <ele>84.6</ele>
   </trkpt>
   <trkpt lat="56.2424430" lon="9.9629490">
    <ele>84.6</ele>
   </trkpt>
   <trkpt lat="56.2423880" lon="9.9628750">
    <ele>84.4</ele>
   </trkpt>
   <trkpt lat="56.2423310" lon="9.9628010">
    <ele>84.2</ele>
   </trkpt>
   <trkpt lat="56.2422720" lon="9.9627260">
    <ele>84.0</ele>
   </trkpt>
   <trkpt lat="56.2422150" lon="9.9626490">
    <ele>83.8</ele>
   </trkpt>
   <trkpt lat="56.2421590" lon="9.9625710">
    <ele>83.6</ele>
   </trkpt>
   <trkpt lat="56.2421070" lon="9.9624950">
    <ele>83.8</ele>
   </trkpt>
   <trkpt lat="56.2420560" lon="9.9624250">
    <ele>83.8</ele>
   </trkpt>
   <trkpt lat="56.2420060" lon="9.9623580">
    <ele>84.2</ele>
   </trkpt>
   <trkpt lat="56.2419560" lon="9.9622920">
    <ele>84.4</ele>
   </trkpt>
   <trkpt lat="56.2419050" lon="9.9622310">
    <ele>84.6</ele>
   </trkpt>
   <trkpt lat="56.2418510" lon="9.9621790">
    <ele>84.8</ele>
   </trkpt>
   <trkpt lat="56.2417930" lon="9.9621330">
    <ele>85.0</ele>
   </trkpt>
   <trkpt lat="56.2417340" lon="9.9620910">
    <ele>85.2</ele>
   </trkpt>
   <trkpt lat="56.2416740" lon="9.9620570">
    <ele>85.2</ele>
   </trkpt>
   <trkpt lat="56.2416110" lon="9.9620350">
    <ele>85.0</ele>
   </trkpt>
   <trkpt lat="56.2415460" lon="9.9620240">
    <ele>85.0</ele>
   </trkpt>
   <trkpt lat="56.2414810" lon="9.9620230">
    <ele>84.8</ele>
   </trkpt>
   <trkpt lat="56.2414160" lon="9.9620270">
    <ele>84.8</ele>
   </trkpt>
   <trkpt lat="56.2413500" lon="9.9620330">
    <ele>84.8</ele>
   </trkpt>
   <trkpt lat="56.2412860" lon="9.9620510">
    <ele>84.8</ele>
   </trkpt>
   <trkpt lat="56.2412210" lon="9.9620740">
    <ele>85.0</ele>
   </trkpt>
   <trkpt lat="56.2411570" lon="9.9620960">
    <ele>85.0</ele>
   </trkpt>
   <trkpt lat="56.2410910" lon="9.9621130">
    <ele>85.2</ele>
   </trkpt>
   <trkpt lat="56.2410230" lon="9.9621290">
    <ele>85.4</ele>
   </trkpt>
   <trkpt lat="56.2409520" lon="9.9621490">
    <ele>85.4</ele>
   </trkpt>
   <trkpt lat="56.2408800" lon="9.9621710">
    <ele>85.4</ele>
   </trkpt>
   <trkpt lat="56.2408080" lon="9.9621940">
    <ele>85.4</ele>
   </trkpt>
   <trkpt lat="56.2407340" lon="9.9622150">
    <ele>85.2</ele>
   </trkpt>
   <trkpt lat="56.2406590" lon="9.9622360">
    <ele>85.0</ele>
   </trkpt>
   <trkpt lat="56.2405830" lon="9.9622600">
    <ele>84.6</ele>
   </trkpt>
   <trkpt lat="56.2405070" lon="9.9622820">
    <ele>84.4</ele>
   </trkpt>
   <trkpt lat="56.2404310" lon="9.9623010">
    <ele>84.4</ele>
   </trkpt>
   <trkpt lat="56.2403560" lon="9.9623230">
    <ele>84.2</ele>
   </trkpt>
   <trkpt lat="56.2402830" lon="9.9623450">
    <ele>84.2</ele>
   </trkpt>
   <trkpt lat="56.2402120" lon="9.9623630">
    <ele>84.4</ele>
   </trkpt>
   <trkpt lat="56.2401420" lon="9.9623790">
    <ele>84.4</ele>
   </trkpt>
   <trkpt lat="56.2400710" lon="9.9624000">
    <ele>84.6</ele>
   </trkpt>
   <trkpt lat="56.2399990" lon="9.9624230">
    <ele>84.8</ele>
   </trkpt>
   <trkpt lat="56.2399250" lon="9.9624460">
    <ele>84.8</ele>
   </trkpt>
   <trkpt lat="56.2398490" lon="9.9624690">
    <ele>84.6</ele>
   </trkpt>
   <trkpt lat="56.2397700" lon="9.9624910">
    <ele>84.4</ele>
   </trkpt>
   <trkpt lat="56.2396900" lon="9.9625130">
    <ele>84.0</ele>
   </trkpt>
   <trkpt lat="56.2396090" lon="9.9625360">
    <ele>83.6</ele>
   </trkpt>
   <trkpt lat="56.2395280" lon="9.9625600">
    <ele>83.2</ele>
   </trkpt>
   <trkpt lat="56.2394460" lon="9.9625840">
    <ele>83.0</ele>
   </trkpt>
   <trkpt lat="56.2393660" lon="9.9626050">
    <ele>83.0</ele>
   </trkpt>
   <trkpt lat="56.2392870" lon="9.9626300">
    <ele>83.2</ele>
   </trkpt>
   <trkpt lat="56.2392100" lon="9.9626540">
    <ele>83.2</ele>
   </trkpt>
   <trkpt lat="56.2391330" lon="9.9626770">
    <ele>83.2</ele>
   </trkpt>
   <trkpt lat="56.2390570" lon="9.9626990">
    <ele>83.4</ele>
   </trkpt>
   <trkpt lat="56.2389820" lon="9.9627210">
    <ele>83.4</ele>
   </trkpt>
   <trkpt lat="56.2389070" lon="9.9627440">
    <ele>83.4</ele>
   </trkpt>
   <trkpt lat="56.2388340" lon="9.9627670">
    <ele>83.6</ele>
   </trkpt>
   <trkpt lat="56.2387600" lon="9.9627880">
    <ele>83.8</ele>
   </trkpt>
   <trkpt lat="56.2386890" lon="9.9628110">
    <ele>84.0</ele>
   </trkpt>
   <trkpt lat="56.2386180" lon="9.9628340">
    <ele>84.0</ele>
   </trkpt>
   <trkpt lat="56.2385450" lon="9.9628550">
    <ele>84.2</ele>
   </trkpt>
   <trkpt lat="56.2384710" lon="9.9628760">
    <ele>84.2</ele>
   </trkpt>
   <trkpt lat="56.2383970" lon="9.9628970">
    <ele>84.2</ele>
   </trkpt>
   <trkpt lat="56.2383220" lon="9.9629180">
    <ele>84.2</ele>
   </trkpt>
   <trkpt lat="56.2382460" lon="9.9629390">
    <ele>84.0</ele>
   </trkpt>
   <trkpt lat="56.2381720" lon="9.9629600">
    <ele>83.8</ele>
   </trkpt>
   <trkpt lat="56.2380970" lon="9.9629830">
    <ele>83.6</ele>
   </trkpt>
   <trkpt lat="56.2380230" lon="9.9630020">
    <ele>83.4</ele>
   </trkpt>
   <trkpt lat="56.2379460" lon="9.9630180">
    <ele>83.2</ele>
   </trkpt>
   <trkpt lat="56.2378710" lon="9.9630350">
    <ele>83.2</ele>
   </trkpt>
   <trkpt lat="56.2377950" lon="9.9630570">
    <ele>82.8</ele>
   </trkpt>
   <trkpt lat="56.2377200" lon="9.9630790">
    <ele>82.8</ele>
   </trkpt>
   <trkpt lat="56.2376430" lon="9.9631000">
    <ele>82.6</ele>
   </trkpt>
   <trkpt lat="56.2375670" lon="9.9631190">
    <ele>82.4</ele>
   </trkpt>
   <trkpt lat="56.2374920" lon="9.9631380">
    <ele>82.4</ele>
   </trkpt>
   <trkpt lat="56.2374170" lon="9.9631610">
    <ele>82.4</ele>
   </trkpt>
   <trkpt lat="56.2373420" lon="9.9631840">
    <ele>82.6</ele>
   </trkpt>
   <trkpt lat="56.2372670" lon="9.9632040">
    <ele>82.8</ele>
   </trkpt>
   <trkpt lat="56.2371930" lon="9.9632250">
    <ele>82.8</ele>
   </trkpt>
   <trkpt lat="56.2371160" lon="9.9632490">
    <ele>82.8</ele>
   </trkpt>
   <trkpt lat="56.2370400" lon="9.9632720">
    <ele>82.8</ele>
   </trkpt>
   <trkpt lat="56.2369650" lon="9.9632960">
    <ele>82.6</ele>
   </trkpt>
   <trkpt lat="56.2368890" lon="9.9633200">
    <ele>82.6</ele>
   </trkpt>
   <trkpt lat="56.2368130" lon="9.9633430">
    <ele>82.6</ele>
   </trkpt>
   <trkpt lat="56.2367380" lon="9.9633690">
    <ele>82.6</ele>
   </trkpt>
   <trkpt lat="56.2366620" lon="9.9633950">
    <ele>82.6</ele>
   </trkpt>
   <trkpt lat="56.2365880" lon="9.9634220">
    <ele>83.0</ele>
   </trkpt>
   <trkpt lat="56.2365130" lon="9.9634490">
    <ele>83.0</ele>
   </trkpt>
   <trkpt lat="56.2364400" lon="9.9634780">
    <ele>83.0</ele>
   </trkpt>
   <trkpt lat="56.2363670" lon="9.9635090">
    <ele>83.0</ele>
   </trkpt>
   <trkpt lat="56.2362940" lon="9.9635420">
    <ele>83.0</ele>
   </trkpt>
   <trkpt lat="56.2362240" lon="9.9635780">
    <ele>82.8</ele>
   </trkpt>
   <trkpt lat="56.2361540" lon="9.9636160">
    <ele>82.6</ele>
   </trkpt>
   <trkpt lat="56.2360850" lon="9.9636540">
    <ele>82.6</ele>
   </trkpt>
   <trkpt lat="56.2360160" lon="9.9636920">
    <ele>82.6</ele>
   </trkpt>
   <trkpt lat="56.2359460" lon="9.9637280">
    <ele>82.6</ele>
   </trkpt>
   <trkpt lat="56.2358750" lon="9.9637650">
    <ele>82.6</ele>
   </trkpt>
   <trkpt lat="56.2358050" lon="9.9638030">
    <ele>82.6</ele>
   </trkpt>
   <trkpt lat="56.2357350" lon="9.9638410">
    <ele>82.8</ele>
   </trkpt>
   <trkpt lat="56.2356670" lon="9.9638780">
    <ele>82.8</ele>
   </trkpt>
   <trkpt lat="56.2356000" lon="9.9639150">
    <ele>82.8</ele>
   </trkpt>
   <trkpt lat="56.2355360" lon="9.9639480">
    <ele>83.0</ele>
   </trkpt>
   <trkpt lat="56.2354760" lon="9.9639840">
    <ele>83.0</ele>
   </trkpt>
   <trkpt lat="56.2354150" lon="9.9640130">
    <ele>83.2</ele>
   </trkpt>
   <trkpt lat="56.2353580" lon="9.9640100">
    <ele>83.4</ele>
   </trkpt>
   <trkpt lat="56.2353170" lon="9.9639610">
    <ele>83.6</ele>
   </trkpt>
   <trkpt lat="56.2352970" lon="9.9638800">
    <ele>83.8</ele>
   </trkpt>
   <trkpt lat="56.2352920" lon="9.9637840">
    <ele>83.6</ele>
   </trkpt>
   <trkpt lat="56.2352980" lon="9.9636830">
    <ele>83.4</ele>
   </trkpt>
   <trkpt lat="56.2353070" lon="9.9635780">
    <ele>82.8</ele>
   </trkpt>
   <trkpt lat="56.2353150" lon="9.9634720">
    <ele>82.2</ele>
   </trkpt>
   <trkpt lat="56.2353230" lon="9.9633630">
    <ele>81.6</ele>
   </trkpt>
   <trkpt lat="56.2353320" lon="9.9632490">
    <ele>81.2</ele>
   </trkpt>
   <trkpt lat="56.2353410" lon="9.9631350">
    <ele>80.8</ele>
   </trkpt>
   <trkpt lat="56.2353480" lon="9.9630180">
    <ele>80.6</ele>
   </trkpt>
   <trkpt lat="56.2353550" lon="9.9629040">
    <ele>80.4</ele>
   </trkpt>
   <trkpt lat="56.2353620" lon="9.9627880">
    <ele>80.2</ele>
   </trkpt>
   <trkpt lat="56.2353680" lon="9.9626730">
    <ele>80.2</ele>
   </trkpt>
   <trkpt lat="56.2353750" lon="9.9625600">
    <ele>80.2</ele>
   </trkpt>
   <trkpt lat="56.2353820" lon="9.9624480">
    <ele>80.4</ele>
   </trkpt>
   <trkpt lat="56.2353880" lon="9.9623360">
    <ele>80.4</ele>
   </trkpt>
   <trkpt lat="56.2353930" lon="9.9622210">
    <ele>80.6</ele>
   </trkpt>
   <trkpt lat="56.2353990" lon="9.9621050">
    <ele>80.6</ele>
   </trkpt>
   <trkpt lat="56.2354050" lon="9.9619890">
    <ele>80.8</ele>
   </trkpt>
   <trkpt lat="56.2354090" lon="9.9618760">
    <ele>80.8</ele>
   </trkpt>
   <trkpt lat="56.2354120" lon="9.9617610">
    <ele>81.0</ele>
   </trkpt>
   <trkpt lat="56.2354130" lon="9.9616470">
    <ele>81.0</ele>
   </trkpt>
   <trkpt lat="56.2354150" lon="9.9615330">
    <ele>81.0</ele>
   </trkpt>
   <trkpt lat="56.2354170" lon="9.9614230">
    <ele>81.0</ele>
   </trkpt>
   <trkpt lat="56.2354170" lon="9.9613110">
    <ele>81.0</ele>
   </trkpt>
   <trkpt lat="56.2354170" lon="9.9611980">
    <ele>81.0</ele>
   </trkpt>
   <trkpt lat="56.2354150" lon="9.9610860">
    <ele>81.0</ele>
   </trkpt>
   <trkpt lat="56.2354120" lon="9.9609740">
    <ele>81.2</ele>
   </trkpt>
   <trkpt lat="56.2354100" lon="9.9608620">
    <ele>81.2</ele>
   </trkpt>
   <trkpt lat="56.2354050" lon="9.9607500">
    <ele>81.2</ele>
   </trkpt>
   <trkpt lat="56.2353980" lon="9.9606420">
    <ele>81.2</ele>
   </trkpt>
   <trkpt lat="56.2353910" lon="9.9605320">
    <ele>81.2</ele>
   </trkpt>
   <trkpt lat="56.2353850" lon="9.9604200">
    <ele>81.2</ele>
   </trkpt>
   <trkpt lat="56.2353820" lon="9.9603060">
    <ele>81.2</ele>
   </trkpt>
   <trkpt lat="56.2353800" lon="9.9601940">
    <ele>81.2</ele>
   </trkpt>
   <trkpt lat="56.2353760" lon="9.9600780">
    <ele>81.0</ele>
   </trkpt>
   <trkpt lat="56.2353640" lon="9.9599620">
    <ele>80.8</ele>
   </trkpt>
   <trkpt lat="56.2353430" lon="9.9598510">
    <ele>80.6</ele>
   </trkpt>
   <trkpt lat="56.2353080" lon="9.9597580">
    <ele>80.6</ele>
   </trkpt>
   <trkpt lat="56.2352550" lon="9.9596940">
    <ele>80.6</ele>
   </trkpt>
   <trkpt lat="56.2351930" lon="9.9596680">
    <ele>80.8</ele>
   </trkpt>
   <trkpt lat="56.2351290" lon="9.9596760">
    <ele>81.0</ele>
   </trkpt>
   <trkpt lat="56.2350650" lon="9.9596990">
    <ele>81.2</ele>
   </trkpt>
   <trkpt lat="56.2350020" lon="9.9597220">
    <ele>81.6</ele>
   </trkpt>
   <trkpt lat="56.2349380" lon="9.9597410">
    <ele>81.8</ele>
   </trkpt>
   <trkpt lat="56.2348750" lon="9.9597590">
    <ele>82.0</ele>
   </trkpt>
   <trkpt lat="56.2348140" lon="9.9597840">
    <ele>82.4</ele>
   </trkpt>
   <trkpt lat="56.2347520" lon="9.9598090">
    <ele>82.4</ele>
   </trkpt>
   <trkpt lat="56.2346900" lon="9.9598280">
    <ele>82.4</ele>
   </trkpt>
   <trkpt lat="56.2346270" lon="9.9598480">
    <ele>82.6</ele>
   </trkpt>
   <trkpt lat="56.2345630" lon="9.9598710">
    <ele>82.6</ele>
   </trkpt>
   <trkpt lat="56.2344990" lon="9.9598930">
    <ele>82.6</ele>
   </trkpt>
   <trkpt lat="56.2344350" lon="9.9599160">
    <ele>82.6</ele>
   </trkpt>
   <trkpt lat="56.2343700" lon="9.9599410">
    <ele>82.6</ele>
   </trkpt>
   <trkpt lat="56.2343070" lon="9.9599630">
    <ele>82.6</ele>
   </trkpt>
   <trkpt lat="56.2342440" lon="9.9599880">
    <ele>82.8</ele>
   </trkpt>
   <trkpt lat="56.2341840" lon="9.9600190">
    <ele>83.0</ele>
   </trkpt>
   <trkpt lat="56.2341240" lon="9.9600450">
    <ele>83.2</ele>
   </trkpt>
   <trkpt lat="56.2340640" lon="9.9600610">
    <ele>83.6</ele>
   </trkpt>
   <trkpt lat="56.2340030" lon="9.9600760">
    <ele>83.6</ele>
   </trkpt>
   <trkpt lat="56.2339430" lon="9.9600960">
    <ele>83.8</ele>
   </trkpt>
   <trkpt lat="56.2338820" lon="9.9601170">
    <ele>84.0</ele>
   </trkpt>
   <trkpt lat="56.2338220" lon="9.9601370">
    <ele>84.0</ele>
   </trkpt>
   <trkpt lat="56.2337620" lon="9.9601610">
    <ele>84.0</ele>
   </trkpt>
   <trkpt lat="56.2337020" lon="9.9601880">
    <ele>84.0</ele>
   </trkpt>
   <trkpt lat="56.2336410" lon="9.9602090">
    <ele>84.0</ele>
   </trkpt>
   <trkpt lat="56.2335800" lon="9.9602280">
    <ele>84.2</ele>
   </trkpt>
   <trkpt lat="56.2335160" lon="9.9602440">
    <ele>84.2</ele>
   </trkpt>
   <trkpt lat="56.2334530" lon="9.9602640">
    <ele>84.2</ele>
   </trkpt>
   <trkpt lat="56.2333890" lon="9.9602850">
    <ele>84.4</ele>
   </trkpt>
   <trkpt lat="56.2333250" lon="9.9603050">
    <ele>84.4</ele>
   </trkpt>
   <trkpt lat="56.2332590" lon="9.9603250">
    <ele>84.4</ele>
   </trkpt>
   <trkpt lat="56.2331940" lon="9.9603520">
    <ele>84.4</ele>
   </trkpt>
   <trkpt lat="56.2331300" lon="9.9603790">
    <ele>84.2</ele>
   </trkpt>
   <trkpt lat="56.2330640" lon="9.9604020">
    <ele>84.0</ele>
   </trkpt>
   <trkpt lat="56.2329990" lon="9.9604170">
    <ele>84.0</ele>
   </trkpt>
   <trkpt lat="56.2329360" lon="9.9604330">
    <ele>84.0</ele>
   </trkpt>
   <trkpt lat="56.2328730" lon="9.9604570">
    <ele>84.0</ele>
   </trkpt>
   <trkpt lat="56.2328100" lon="9.9604820">
    <ele>84.2</ele>
   </trkpt>
   <trkpt lat="56.2327480" lon="9.9605020">
    <ele>84.4</ele>
   </trkpt>
   <trkpt lat="56.2326860" lon="9.9605170">
    <ele>84.4</ele>
   </trkpt>
   <trkpt lat="56.2326230" lon="9.9605280">
    <ele>84.6</ele>
   </trkpt>
   <trkpt lat="56.2325600" lon="9.9605330">
    <ele>84.8</ele>
   </trkpt>
   <trkpt lat="56.2324950" lon="9.9605300">
    <ele>84.8</ele>
   </trkpt>
   <trkpt lat="56.2324310" lon="9.9605210">
    <ele>85.0</ele>
   </trkpt>
   <trkpt lat="56.2323660" lon="9.9605060">
    <ele>85.0</ele>
   </trkpt>
   <trkpt lat="56.2323020" lon="9.9604860">
    <ele>84.8</ele>
   </trkpt>
   <trkpt lat="56.2322370" lon="9.9604630">
    <ele>84.8</ele>
   </trkpt>
   <trkpt lat="56.2321720" lon="9.9604390">
    <ele>84.6</ele>
   </trkpt>
   <trkpt lat="56.2321060" lon="9.9604160">
    <ele>84.6</ele>
   </trkpt>
   <trkpt lat="56.2320410" lon="9.9603940">
    <ele>84.6</ele>
   </trkpt>
   <trkpt lat="56.2319750" lon="9.9603740">
    <ele>84.8</ele>
   </trkpt>
   <trkpt lat="56.2319090" lon="9.9603550">
    <ele>84.8</ele>
   </trkpt>
   <trkpt lat="56.2318440" lon="9.9603330">
    <ele>85.0</ele>
   </trkpt>
   <trkpt lat="56.2317800" lon="9.9603090">
    <ele>85.0</ele>
   </trkpt>
   <trkpt lat="56.2317160" lon="9.9602870">
    <ele>85.0</ele>
   </trkpt>
   <trkpt lat="56.2316510" lon="9.9602690">
    <ele>84.8</ele>
   </trkpt>
   <trkpt lat="56.2315880" lon="9.9602520">
    <ele>85.0</ele>
   </trkpt>
   <trkpt lat="56.2315260" lon="9.9602300">
    <ele>85.0</ele>
   </trkpt>
   <trkpt lat="56.2314630" lon="9.9602020">
    <ele>84.8</ele>
   </trkpt>
   <trkpt lat="56.2314000" lon="9.9601750">
    <ele>84.8</ele>
   </trkpt>
   <trkpt lat="56.2313380" lon="9.9601470">
    <ele>84.6</ele>
   </trkpt>
   <trkpt lat="56.2312760" lon="9.9601150">
    <ele>84.4</ele>
   </trkpt>
   <trkpt lat="56.2312160" lon="9.9600760">
    <ele>84.2</ele>
   </trkpt>
   <trkpt lat="56.2311570" lon="9.9600350">
    <ele>84.0</ele>
   </trkpt>
   <trkpt lat="56.2310980" lon="9.9599850">
    <ele>83.8</ele>
   </trkpt>
   <trkpt lat="56.2310400" lon="9.9599330">
    <ele>83.4</ele>
   </trkpt>
   <trkpt lat="56.2309830" lon="9.9598800">
    <ele>83.2</ele>
   </trkpt>
   <trkpt lat="56.2309250" lon="9.9598260">
    <ele>83.0</ele>
   </trkpt>
   <trkpt lat="56.2308670" lon="9.9597690">
    <ele>82.8</ele>
   </trkpt>
   <trkpt lat="56.2308100" lon="9.9597100">
    <ele>82.4</ele>
   </trkpt>
   <trkpt lat="56.2307510" lon="9.9596510">
    <ele>82.2</ele>
   </trkpt>
   <trkpt lat="56.2306910" lon="9.9595950">
    <ele>81.8</ele>
   </trkpt>
   <trkpt lat="56.2306290" lon="9.9595400">
    <ele>81.4</ele>
   </trkpt>
   <trkpt lat="56.2305630" lon="9.9594840">
    <ele>80.8</ele>
   </trkpt>
   <trkpt lat="56.2304940" lon="9.9594280">
    <ele>80.2</ele>
   </trkpt>
   <trkpt lat="56.2304200" lon="9.9593720">
    <ele>79.6</ele>
   </trkpt>
   <trkpt lat="56.2303390" lon="9.9593180">
    <ele>78.8</ele>
   </trkpt>
   <trkpt lat="56.2302560" lon="9.9592620">
    <ele>78.0</ele>
   </trkpt>
   <trkpt lat="56.2301720" lon="9.9592080">
    <ele>77.4</ele>
   </trkpt>
   <trkpt lat="56.2300870" lon="9.9591590">
    <ele>76.6</ele>
   </trkpt>
   <trkpt lat="56.2299960" lon="9.9591080">
    <ele>75.8</ele>
   </trkpt>
   <trkpt lat="56.2299000" lon="9.9590560">
    <ele>75.0</ele>
   </trkpt>
   <trkpt lat="56.2298020" lon="9.9589970">
    <ele>74.2</ele>
   </trkpt>
   <trkpt lat="56.2297000" lon="9.9589350">
    <ele>73.6</ele>
   </trkpt>
   <trkpt lat="56.2295970" lon="9.9588690">
    <ele>72.8</ele>
   </trkpt>
   <trkpt lat="56.2294940" lon="9.9588040">
    <ele>71.8</ele>
   </trkpt>
   <trkpt lat="56.2293910" lon="9.9587400">
    <ele>71.0</ele>
   </trkpt>
   <trkpt lat="56.2292870" lon="9.9586860">
    <ele>70.2</ele>
   </trkpt>
   <trkpt lat="56.2291820" lon="9.9586520">
    <ele>69.6</ele>
   </trkpt>
   <trkpt lat="56.2290790" lon="9.9586400">
    <ele>69.4</ele>
   </trkpt>
   <trkpt lat="56.2289770" lon="9.9586390">
    <ele>69.2</ele>
   </trkpt>
   <trkpt lat="56.2288750" lon="9.9586460">
    <ele>69.0</ele>
   </trkpt>
   <trkpt lat="56.2287750" lon="9.9586590">
    <ele>68.8</ele>
   </trkpt>
   <trkpt lat="56.2286770" lon="9.9586740">
    <ele>68.8</ele>
   </trkpt>
   <trkpt lat="56.2285830" lon="9.9586880">
    <ele>68.6</ele>
   </trkpt>
   <trkpt lat="56.2284900" lon="9.9586990">
    <ele>68.6</ele>
   </trkpt>
   <trkpt lat="56.2283970" lon="9.9587060">
    <ele>68.6</ele>
   </trkpt>
   <trkpt lat="56.2283040" lon="9.9587120">
    <ele>68.6</ele>
   </trkpt>
   <trkpt lat="56.2282120" lon="9.9587220">
    <ele>68.6</ele>
   </trkpt>
   <trkpt lat="56.2281220" lon="9.9587330">
    <ele>68.6</ele>
   </trkpt>
   <trkpt lat="56.2280340" lon="9.9587470">
    <ele>68.6</ele>
   </trkpt>
   <trkpt lat="56.2279470" lon="9.9587550">
    <ele>68.4</ele>
   </trkpt>
   <trkpt lat="56.2278600" lon="9.9587580">
    <ele>68.4</ele>
   </trkpt>
   <trkpt lat="56.2277730" lon="9.9587610">
    <ele>68.6</ele>
   </trkpt>
   <trkpt lat="56.2276850" lon="9.9587710">
    <ele>68.8</ele>
   </trkpt>
   <trkpt lat="56.2276000" lon="9.9587950">
    <ele>68.8</ele>
   </trkpt>
   <trkpt lat="56.2275200" lon="9.9588330">
    <ele>69.2</ele>
   </trkpt>
   <trkpt lat="56.2274430" lon="9.9588830">
    <ele>69.4</ele>
   </trkpt>
   <trkpt lat="56.2273720" lon="9.9589440">
    <ele>69.6</ele>
   </trkpt>
   <trkpt lat="56.2273070" lon="9.9590070">
    <ele>70.0</ele>
   </trkpt>
   <trkpt lat="56.2272410" lon="9.9590640">
    <ele>70.4</ele>
   </trkpt>
   <trkpt lat="56.2271750" lon="9.9591130">
    <ele>70.6</ele>
   </trkpt>
   <trkpt lat="56.2271070" lon="9.9591540">
    <ele>71.0</ele>
   </trkpt>
   <trkpt lat="56.2270390" lon="9.9591880">
    <ele>71.2</ele>
   </trkpt>
   <trkpt lat="56.2269710" lon="9.9592050">
    <ele>71.6</ele>
   </trkpt>
   <trkpt lat="56.2269020" lon="9.9592100">
    <ele>71.8</ele>
   </trkpt>
   <trkpt lat="56.2268340" lon="9.9592070">
    <ele>72.0</ele>
   </trkpt>
   <trkpt lat="56.2267660" lon="9.9592000">
    <ele>72.2</ele>
   </trkpt>
   <trkpt lat="56.2266990" lon="9.9591910">
    <ele>72.4</ele>
   </trkpt>
   <trkpt lat="56.2266370" lon="9.9591780">
    <ele>72.6</ele>
   </trkpt>
   <trkpt lat="56.2265770" lon="9.9591670">
    <ele>72.8</ele>
   </trkpt>
   <trkpt lat="56.2265180" lon="9.9591570">
    <ele>73.0</ele>
   </trkpt>
   <trkpt lat="56.2264560" lon="9.9591480">
    <ele>73.0</ele>
   </trkpt>
   <trkpt lat="56.2263930" lon="9.9591360">
    <ele>72.8</ele>
   </trkpt>
   <trkpt lat="56.2263300" lon="9.9591240">
    <ele>72.6</ele>
   </trkpt>
   <trkpt lat="56.2262630" lon="9.9591150">
    <ele>72.2</ele>
   </trkpt>
   <trkpt lat="56.2261970" lon="9.9591000">
    <ele>71.6</ele>
   </trkpt>
   <trkpt lat="56.2261400" lon="9.9590750">
    <ele>71.2</ele>
   </trkpt>
   <trkpt lat="56.2260930" lon="9.9590500">
    <ele>70.8</ele>
   </trkpt>
   <trkpt lat="56.2260480" lon="9.9590380">
    <ele>70.6</ele>
   </trkpt>
   <trkpt lat="56.2259990" lon="9.9590470">
    <ele>70.2</ele>
   </trkpt>
   <trkpt lat="56.2259500" lon="9.9590880">
    <ele>70.2</ele>
   </trkpt>
   <trkpt lat="56.2259050" lon="9.9591640">
    <ele>69.8</ele>
   </trkpt>
   <trkpt lat="56.2258710" lon="9.9592650">
    <ele>69.6</ele>
   </trkpt>
   <trkpt lat="56.2258400" lon="9.9593750">
    <ele>69.2</ele>
   </trkpt>
   <trkpt lat="56.2258100" lon="9.9594920">
    <ele>69.0</ele>
   </trkpt>
   <trkpt lat="56.2257790" lon="9.9596140">
    <ele>68.8</ele>
   </trkpt>
   <trkpt lat="56.2257470" lon="9.9597390">
    <ele>68.6</ele>
   </trkpt>
   <trkpt lat="56.2257160" lon="9.9598660">
    <ele>68.6</ele>
   </trkpt>
   <trkpt lat="56.2256850" lon="9.9599900">
    <ele>68.4</ele>
   </trkpt>
   <trkpt lat="56.2256520" lon="9.9601130">
    <ele>68.4</ele>
   </trkpt>
   <trkpt lat="56.2256190" lon="9.9602400">
    <ele>68.2</ele>
   </trkpt>
   <trkpt lat="56.2255860" lon="9.9603690">
    <ele>68.0</ele>
   </trkpt>
   <trkpt lat="56.2255520" lon="9.9604950">
    <ele>67.6</ele>
   </trkpt>
   <trkpt lat="56.2255170" lon="9.9606200">
    <ele>67.4</ele>
   </trkpt>
   <trkpt lat="56.2254870" lon="9.9607540">
    <ele>67.0</ele>
   </trkpt>
   <trkpt lat="56.2254620" lon="9.9608970">
    <ele>66.6</ele>
   </trkpt>
   <trkpt lat="56.2254420" lon="9.9610440">
    <ele>66.4</ele>
   </trkpt>
   <trkpt lat="56.2254150" lon="9.9611880">
    <ele>66.0</ele>
   </trkpt>
   <trkpt lat="56.2253800" lon="9.9613290">
    <ele>65.8</ele>
   </trkpt>
   <trkpt lat="56.2253410" lon="9.9614660">
    <ele>65.8</ele>
   </trkpt>
   <trkpt lat="56.2253050" lon="9.9616060">
    <ele>65.6</ele>
   </trkpt>
   <trkpt lat="56.2252690" lon="9.9617440">
    <ele>65.6</ele>
   </trkpt>
   <trkpt lat="56.2252310" lon="9.9618820">
    <ele>65.6</ele>
   </trkpt>
   <trkpt lat="56.2251950" lon="9.9620220">
    <ele>65.8</ele>
   </trkpt>
   <trkpt lat="56.2251600" lon="9.9621590">
    <ele>65.8</ele>
   </trkpt>
   <trkpt lat="56.2251260" lon="9.9622950">
    <ele>66.0</ele>
   </trkpt>
   <trkpt lat="56.2250910" lon="9.9624260">
    <ele>66.2</ele>
   </trkpt>
   <trkpt lat="56.2250570" lon="9.9625560">
    <ele>66.4</ele>
   </trkpt>
   <trkpt lat="56.2250230" lon="9.9626830">
    <ele>66.6</ele>
   </trkpt>
   <trkpt lat="56.2249910" lon="9.9628080">
    <ele>66.6</ele>
   </trkpt>
   <trkpt lat="56.2249580" lon="9.9629350">
    <ele>67.0</ele>
   </trkpt>
   <trkpt lat="56.2249260" lon="9.9630610">
    <ele>67.2</ele>
   </trkpt>
   <trkpt lat="56.2248930" lon="9.9631800">
    <ele>67.4</ele>
   </trkpt>
   <trkpt lat="56.2248610" lon="9.9632990">
    <ele>67.8</ele>
   </trkpt>
   <trkpt lat="56.2248320" lon="9.9634150">
    <ele>68.2</ele>
   </trkpt>
   <trkpt lat="56.2248020" lon="9.9635290">
    <ele>68.4</ele>
   </trkpt>
   <trkpt lat="56.2247720" lon="9.9636410">
    <ele>68.8</ele>
   </trkpt>
   <trkpt lat="56.2247440" lon="9.9637490">
    <ele>69.0</ele>
   </trkpt>
   <trkpt lat="56.2247180" lon="9.9638550">
    <ele>69.4</ele>
   </trkpt>
   <trkpt lat="56.2246930" lon="9.9639620">
    <ele>69.6</ele>
   </trkpt>
   <trkpt lat="56.2246670" lon="9.9640650">
    <ele>70.0</ele>
   </trkpt>
   <trkpt lat="56.2246420" lon="9.9641650">
    <ele>70.2</ele>
   </trkpt>
   <trkpt lat="56.2246170" lon="9.9642630">
    <ele>70.6</ele>
   </trkpt>
   <trkpt lat="56.2245930" lon="9.9643600">
    <ele>71.0</ele>
   </trkpt>
   <trkpt lat="56.2245670" lon="9.9644550">
    <ele>71.2</ele>
   </trkpt>
   <trkpt lat="56.2245420" lon="9.9645510">
    <ele>71.6</ele>
   </trkpt>
   <trkpt lat="56.2245150" lon="9.9646450">
    <ele>72.0</ele>
   </trkpt>
   <trkpt lat="56.2244890" lon="9.9647400">
    <ele>72.4</ele>
   </trkpt>
   <trkpt lat="56.2244650" lon="9.9648330">
    <ele>72.6</ele>
   </trkpt>
   <trkpt lat="56.2244400" lon="9.9649230">
    <ele>73.0</ele>
   </trkpt>
   <trkpt lat="56.2244160" lon="9.9650130">
    <ele>73.4</ele>
   </trkpt>
   <trkpt lat="56.2243920" lon="9.9651040">
    <ele>73.8</ele>
   </trkpt>
   <trkpt lat="56.2243670" lon="9.9651940">
    <ele>74.0</ele>
   </trkpt>
   <trkpt lat="56.2243410" lon="9.9652800">
    <ele>74.2</ele>
   </trkpt>
   <trkpt lat="56.2243190" lon="9.9653650">
    <ele>74.4</ele>
   </trkpt>
   <trkpt lat="56.2242980" lon="9.9654510">
    <ele>74.6</ele>
   </trkpt>
   <trkpt lat="56.2242750" lon="9.9655400">
    <ele>74.8</ele>
   </trkpt>
   <trkpt lat="56.2242520" lon="9.9656260">
    <ele>75.0</ele>
   </trkpt>
   <trkpt lat="56.2242280" lon="9.9657080">
    <ele>75.0</ele>
   </trkpt>
   <trkpt lat="56.2242030" lon="9.9657910">
    <ele>75.2</ele>
   </trkpt>
   <trkpt lat="56.2241810" lon="9.9658780">
    <ele>75.4</ele>
   </trkpt>
   <trkpt lat="56.2241570" lon="9.9659660">
    <ele>75.6</ele>
   </trkpt>
   <trkpt lat="56.2241310" lon="9.9660560">
    <ele>75.6</ele>
   </trkpt>
   <trkpt lat="56.2241040" lon="9.9661460">
    <ele>75.8</ele>
   </trkpt>
   <trkpt lat="56.2240770" lon="9.9662370">
    <ele>75.8</ele>
   </trkpt>
   <trkpt lat="56.2240520" lon="9.9663250">
    <ele>76.0</ele>
   </trkpt>
   <trkpt lat="56.2240250" lon="9.9664140">
    <ele>76.0</ele>
   </trkpt>
   <trkpt lat="56.2239970" lon="9.9665030">
    <ele>76.0</ele>
   </trkpt>
   <trkpt lat="56.2239700" lon="9.9665950">
    <ele>76.0</ele>
   </trkpt>
   <trkpt lat="56.2239380" lon="9.9666900">
    <ele>76.0</ele>
   </trkpt>
   <trkpt lat="56.2239070" lon="9.9667880">
    <ele>76.2</ele>
   </trkpt>
   <trkpt lat="56.2238780" lon="9.9668890">
    <ele>76.2</ele>
   </trkpt>
   <trkpt lat="56.2238490" lon="9.9669920">
    <ele>76.0</ele>
   </trkpt>
   <trkpt lat="56.2238180" lon="9.9670960">
    <ele>76.0</ele>
   </trkpt>
   <trkpt lat="56.2237880" lon="9.9671990">
    <ele>76.0</ele>
   </trkpt>
   <trkpt lat="56.2237560" lon="9.9673020">
    <ele>76.0</ele>
   </trkpt>
   <trkpt lat="56.2237210" lon="9.9674080">
    <ele>75.8</ele>
   </trkpt>
   <trkpt lat="56.2236840" lon="9.9675170">
    <ele>75.8</ele>
   </trkpt>
   <trkpt lat="56.2236480" lon="9.9676260">
    <ele>75.8</ele>
   </trkpt>
   <trkpt lat="56.2236130" lon="9.9677370">
    <ele>75.6</ele>
   </trkpt>
   <trkpt lat="56.2235760" lon="9.9678500">
    <ele>75.6</ele>
   </trkpt>
   <trkpt lat="56.2235380" lon="9.9679630">
    <ele>75.4</ele>
   </trkpt>
   <trkpt lat="56.2234970" lon="9.9680760">
    <ele>75.2</ele>
   </trkpt>
   <trkpt lat="56.2234540" lon="9.9681890">
    <ele>75.0</ele>
   </trkpt>
   <trkpt lat="56.2234070" lon="9.9683020">
    <ele>74.8</ele>
   </trkpt>
   <trkpt lat="56.2233580" lon="9.9684160">
    <ele>74.6</ele>
   </trkpt>
   <trkpt lat="56.2233090" lon="9.9685340">
    <ele>74.4</ele>
   </trkpt>
   <trkpt lat="56.2232620" lon="9.9686580">
    <ele>74.0</ele>
   </trkpt>
   <trkpt lat="56.2232160" lon="9.9687860">
    <ele>73.8</ele>
   </trkpt>
   <trkpt lat="56.2231690" lon="9.9689150">
    <ele>73.6</ele>
   </trkpt>
   <trkpt lat="56.2231200" lon="9.9690420">
    <ele>73.4</ele>
   </trkpt>
   <trkpt lat="56.2230710" lon="9.9691710">
    <ele>73.2</ele>
   </trkpt>
   <trkpt lat="56.2230220" lon="9.9693060">
    <ele>72.8</ele>
   </trkpt>
   <trkpt lat="56.2229750" lon="9.9694480">
    <ele>72.6</ele>
   </trkpt>
   <trkpt lat="56.2229280" lon="9.9695920">
    <ele>72.2</ele>
   </trkpt>
   <trkpt lat="56.2228810" lon="9.9697360">
    <ele>72.0</ele>
   </trkpt>
   <trkpt lat="56.2228300" lon="9.9698760">
    <ele>71.8</ele>
   </trkpt>
   <trkpt lat="56.2227730" lon="9.9700110">
    <ele>71.6</ele>
   </trkpt>
   <trkpt lat="56.2227180" lon="9.9701500">
    <ele>71.4</ele>
   </trkpt>
   <trkpt lat="56.2226650" lon="9.9702940">
    <ele>71.0</ele>
   </trkpt>
   <trkpt lat="56.2226160" lon="9.9704430">
    <ele>70.6</ele>
   </trkpt>
   <trkpt lat="56.2225730" lon="9.9706020">
    <ele>70.4</ele>
   </trkpt>
   <trkpt lat="56.2225280" lon="9.9707610">
    <ele>70.0</ele>
   </trkpt>
   <trkpt lat="56.2224740" lon="9.9709150">
    <ele>69.6</ele>
   </trkpt>
   <trkpt lat="56.2224220" lon="9.9710710">
    <ele>69.4</ele>
   </trkpt>
   <trkpt lat="56.2223670" lon="9.9712280">
    <ele>69.0</ele>
   </trkpt>
   <trkpt lat="56.2223120" lon="9.9713850">
    <ele>68.6</ele>
   </trkpt>
   <trkpt lat="56.2222550" lon="9.9715400">
    <ele>68.2</ele>
   </trkpt>
   <trkpt lat="56.2221990" lon="9.9716990">
    <ele>67.8</ele>
   </trkpt>
   <trkpt lat="56.2221440" lon="9.9718580">
    <ele>67.4</ele>
   </trkpt>
   <trkpt lat="56.2220840" lon="9.9720180">
    <ele>67.0</ele>
   </trkpt>
   <trkpt lat="56.2220250" lon="9.9721770">
    <ele>66.8</ele>
   </trkpt>
   <trkpt lat="56.2219660" lon="9.9723350">
    <ele>66.4</ele>
   </trkpt>
   <trkpt lat="56.2219110" lon="9.9724930">
    <ele>66.0</ele>
   </trkpt>
   <trkpt lat="56.2218550" lon="9.9726530">
    <ele>65.6</ele>
   </trkpt>
   <trkpt lat="56.2217950" lon="9.9728040">
    <ele>65.4</ele>
   </trkpt>
   <trkpt lat="56.2217370" lon="9.9729570">
    <ele>65.0</ele>
   </trkpt>
   <trkpt lat="56.2216850" lon="9.9731180">
    <ele>64.8</ele>
   </trkpt>
   <trkpt lat="56.2216320" lon="9.9732800">
    <ele>64.8</ele>
   </trkpt>
   <trkpt lat="56.2215780" lon="9.9734390">
    <ele>64.6</ele>
   </trkpt>
   <trkpt lat="56.2215200" lon="9.9736010">
    <ele>64.6</ele>
   </trkpt>
   <trkpt lat="56.2214610" lon="9.9737620">
    <ele>64.6</ele>
   </trkpt>
   <trkpt lat="56.2214010" lon="9.9739200">
    <ele>64.2</ele>
   </trkpt>
   <trkpt lat="56.2213420" lon="9.9740770">
    <ele>64.0</ele>
   </trkpt>
   <trkpt lat="56.2212850" lon="9.9742380">
    <ele>63.8</ele>
   </trkpt>
   <trkpt lat="56.2212290" lon="9.9743960">
    <ele>63.6</ele>
   </trkpt>
   <trkpt lat="56.2211720" lon="9.9745530">
    <ele>63.4</ele>
   </trkpt>
   <trkpt lat="56.2211170" lon="9.9747090">
    <ele>63.4</ele>
   </trkpt>
   <trkpt lat="56.2210660" lon="9.9748690">
    <ele>63.4</ele>
   </trkpt>
   <trkpt lat="56.2210200" lon="9.9750350">
    <ele>63.2</ele>
   </trkpt>
   <trkpt lat="56.2209790" lon="9.9751990">
    <ele>63.2</ele>
   </trkpt>
   <trkpt lat="56.2209380" lon="9.9753620">
    <ele>62.8</ele>
   </trkpt>
   <trkpt lat="56.2209040" lon="9.9755250">
    <ele>62.6</ele>
   </trkpt>
   <trkpt lat="56.2208730" lon="9.9756920">
    <ele>62.4</ele>
   </trkpt>
   <trkpt lat="56.2208470" lon="9.9758640">
    <ele>62.0</ele>
   </trkpt>
   <trkpt lat="56.2208250" lon="9.9760400">
    <ele>61.8</ele>
   </trkpt>
   <trkpt lat="56.2208070" lon="9.9762190">
    <ele>61.6</ele>
   </trkpt>
   <trkpt lat="56.2207890" lon="9.9764000">
    <ele>61.4</ele>
   </trkpt>
   <trkpt lat="56.2207720" lon="9.9765820">
    <ele>61.4</ele>
   </trkpt>
   <trkpt lat="56.2207550" lon="9.9767630">
    <ele>61.2</ele>
   </trkpt>
   <trkpt lat="56.2207380" lon="9.9769450">
    <ele>61.0</ele>
   </trkpt>
   <trkpt lat="56.2207210" lon="9.9771260">
    <ele>61.0</ele>
   </trkpt>
   <trkpt lat="56.2207020" lon="9.9773070">
    <ele>61.0</ele>
   </trkpt>
   <trkpt lat="56.2206830" lon="9.9774860">
    <ele>61.0</ele>
   </trkpt>
   <trkpt lat="56.2206620" lon="9.9776630">
    <ele>61.0</ele>
   </trkpt>
   <trkpt lat="56.2206370" lon="9.9778360">
    <ele>61.2</ele>
   </trkpt>
   <trkpt lat="56.2206070" lon="9.9780050">
    <ele>61.4</ele>
   </trkpt>
   <trkpt lat="56.2205710" lon="9.9781650">
    <ele>61.4</ele>
   </trkpt>
   <trkpt lat="56.2205320" lon="9.9783210">
    <ele>61.8</ele>
   </trkpt>
   <trkpt lat="56.2204940" lon="9.9784760">
    <ele>61.8</ele>
   </trkpt>
   <trkpt lat="56.2204570" lon="9.9786270">
    <ele>62.0</ele>
   </trkpt>
   <trkpt lat="56.2204210" lon="9.9787740">
    <ele>62.2</ele>
   </trkpt>
   <trkpt lat="56.2203850" lon="9.9789210">
    <ele>62.4</ele>
   </trkpt>
   <trkpt lat="56.2203520" lon="9.9790670">
    <ele>62.8</ele>
   </trkpt>
   <trkpt lat="56.2203200" lon="9.9792140">
    <ele>63.0</ele>
   </trkpt>
   <trkpt lat="56.2202940" lon="9.9793620">
    <ele>63.2</ele>
   </trkpt>
   <trkpt lat="56.2202760" lon="9.9795140">
    <ele>63.4</ele>
   </trkpt>
   <trkpt lat="56.2202630" lon="9.9796660">
    <ele>63.6</ele>
   </trkpt>
   <trkpt lat="56.2202530" lon="9.9798180">
    <ele>63.8</ele>
   </trkpt>
   <trkpt lat="56.2202460" lon="9.9799700">
    <ele>64.0</ele>
   </trkpt>
   <trkpt lat="56.2202410" lon="9.9801210">
    <ele>64.2</ele>
   </trkpt>
   <trkpt lat="56.2202390" lon="9.9802720">
    <ele>64.4</ele>
   </trkpt>
   <trkpt lat="56.2202390" lon="9.9804230">
    <ele>64.6</ele>
   </trkpt>
   <trkpt lat="56.2202370" lon="9.9805710">
    <ele>65.0</ele>
   </trkpt>
   <trkpt lat="56.2202340" lon="9.9807200">
    <ele>65.2</ele>
   </trkpt>
   <trkpt lat="56.2202290" lon="9.9808650">
    <ele>65.2</ele>
   </trkpt>
   <trkpt lat="56.2202280" lon="9.9810080">
    <ele>65.6</ele>
   </trkpt>
   <trkpt lat="56.2202300" lon="9.9811490">
    <ele>65.6</ele>
   </trkpt>
   <trkpt lat="56.2202290" lon="9.9812900">
    <ele>65.8</ele>
   </trkpt>
   <trkpt lat="56.2202260" lon="9.9814290">
    <ele>65.8</ele>
   </trkpt>
   <trkpt lat="56.2202230" lon="9.9815680">
    <ele>66.0</ele>
   </trkpt>
   <trkpt lat="56.2202170" lon="9.9817030">
    <ele>66.2</ele>
   </trkpt>
   <trkpt lat="56.2202140" lon="9.9818370">
    <ele>66.4</ele>
   </trkpt>
   <trkpt lat="56.2202100" lon="9.9819710">
    <ele>66.8</ele>
   </trkpt>
   <trkpt lat="56.2202010" lon="9.9821020">
    <ele>67.0</ele>
   </trkpt>
   <trkpt lat="56.2201910" lon="9.9822310">
    <ele>67.4</ele>
   </trkpt>
   <trkpt lat="56.2201790" lon="9.9823610">
    <ele>67.6</ele>
   </trkpt>
   <trkpt lat="56.2201660" lon="9.9824910">
    <ele>67.8</ele>
   </trkpt>
   <trkpt lat="56.2201490" lon="9.9826180">
    <ele>68.2</ele>
   </trkpt>
   <trkpt lat="56.2201290" lon="9.9827460">
    <ele>68.4</ele>
   </trkpt>
   <trkpt lat="56.2201080" lon="9.9828770">
    <ele>68.6</ele>
   </trkpt>
   <trkpt lat="56.2200870" lon="9.9830060">
    <ele>68.6</ele>
   </trkpt>
   <trkpt lat="56.2200610" lon="9.9831310">
    <ele>68.8</ele>
   </trkpt>
   <trkpt lat="56.2200260" lon="9.9832540">
    <ele>68.8</ele>
   </trkpt>
   <trkpt lat="56.2199890" lon="9.9833730">
    <ele>68.8</ele>
   </trkpt>
   <trkpt lat="56.2199550" lon="9.9834910">
    <ele>69.0</ele>
   </trkpt>
   <trkpt lat="56.2199230" lon="9.9836090">
    <ele>69.0</ele>
   </trkpt>
   <trkpt lat="56.2198940" lon="9.9837260">
    <ele>69.2</ele>
   </trkpt>
   <trkpt lat="56.2198640" lon="9.9838450">
    <ele>69.2</ele>
   </trkpt>
   <trkpt lat="56.2198350" lon="9.9839650">
    <ele>69.2</ele>
   </trkpt>
   <trkpt lat="56.2198060" lon="9.9840870">
    <ele>69.2</ele>
   </trkpt>
   <trkpt lat="56.2197750" lon="9.9842090">
    <ele>69.4</ele>
   </trkpt>
   <trkpt lat="56.2197440" lon="9.9843300">
    <ele>69.4</ele>
   </trkpt>
   <trkpt lat="56.2197120" lon="9.9844540">
    <ele>69.4</ele>
   </trkpt>
   <trkpt lat="56.2196810" lon="9.9845740">
    <ele>69.6</ele>
   </trkpt>
   <trkpt lat="56.2196480" lon="9.9846930">
    <ele>69.8</ele>
   </trkpt>
   <trkpt lat="56.2196150" lon="9.9848160">
    <ele>70.0</ele>
   </trkpt>
   <trkpt lat="56.2195810" lon="9.9849390">
    <ele>70.2</ele>
   </trkpt>
   <trkpt lat="56.2195450" lon="9.9850600">
    <ele>70.4</ele>
   </trkpt>
   <trkpt lat="56.2195070" lon="9.9851800">
    <ele>70.4</ele>
   </trkpt>
   <trkpt lat="56.2194660" lon="9.9852940">
    <ele>70.6</ele>
   </trkpt>
   <trkpt lat="56.2194210" lon="9.9854050">
    <ele>70.6</ele>
   </trkpt>
   <trkpt lat="56.2193730" lon="9.9855130">
    <ele>70.4</ele>
   </trkpt>
   <trkpt lat="56.2193220" lon="9.9856150">
    <ele>70.4</ele>
   </trkpt>
   <trkpt lat="56.2192690" lon="9.9857110">
    <ele>70.4</ele>
   </trkpt>
   <trkpt lat="56.2192140" lon="9.9858060">
    <ele>70.2</ele>
   </trkpt>
   <trkpt lat="56.2191620" lon="9.9859030">
    <ele>70.2</ele>
   </trkpt>
   <trkpt lat="56.2191110" lon="9.9860000">
    <ele>70.2</ele>
   </trkpt>
   <trkpt lat="56.2190620" lon="9.9860990">
    <ele>70.2</ele>
   </trkpt>
   <trkpt lat="56.2190120" lon="9.9861980">
    <ele>70.2</ele>
   </trkpt>
   <trkpt lat="56.2189590" lon="9.9862990">
    <ele>70.2</ele>
   </trkpt>
   <trkpt lat="56.2189070" lon="9.9864000">
    <ele>70.2</ele>
   </trkpt>
   <trkpt lat="56.2188550" lon="9.9864980">
    <ele>70.2</ele>
   </trkpt>
   <trkpt lat="56.2188030" lon="9.9865920">
    <ele>70.2</ele>
   </trkpt>
   <trkpt lat="56.2187480" lon="9.9866790">
    <ele>70.2</ele>
   </trkpt>
   <trkpt lat="56.2186900" lon="9.9867570">
    <ele>70.2</ele>
   </trkpt>
   <trkpt lat="56.2186340" lon="9.9868340">
    <ele>70.4</ele>
   </trkpt>
   <trkpt lat="56.2185830" lon="9.9869220">
    <ele>70.4</ele>
   </trkpt>
   <trkpt lat="56.2185370" lon="9.9870190">
    <ele>70.6</ele>
   </trkpt>
   <trkpt lat="56.2184960" lon="9.9871230">
    <ele>70.6</ele>
   </trkpt>
   <trkpt lat="56.2184570" lon="9.9872280">
    <ele>70.8</ele>
   </trkpt>
   <trkpt lat="56.2184140" lon="9.9873280">
    <ele>70.8</ele>
   </trkpt>
   <trkpt lat="56.2183670" lon="9.9874240">
    <ele>70.8</ele>
   </trkpt>
   <trkpt lat="56.2183170" lon="9.9875200">
    <ele>70.8</ele>
   </trkpt>
   <trkpt lat="56.2182710" lon="9.9876130">
    <ele>70.8</ele>
   </trkpt>
   <trkpt lat="56.2182240" lon="9.9877070">
    <ele>70.8</ele>
   </trkpt>
   <trkpt lat="56.2181770" lon="9.9878010">
    <ele>70.8</ele>
   </trkpt>
   <trkpt lat="56.2181300" lon="9.9878940">
    <ele>71.0</ele>
   </trkpt>
   <trkpt lat="56.2180840" lon="9.9879860">
    <ele>71.0</ele>
   </trkpt>
   <trkpt lat="56.2180360" lon="9.9880750">
    <ele>71.2</ele>
   </trkpt>
   <trkpt lat="56.2179890" lon="9.9881700">
    <ele>71.2</ele>
   </trkpt>
   <trkpt lat="56.2179410" lon="9.9882640">
    <ele>71.4</ele>
   </trkpt>
   <trkpt lat="56.2178940" lon="9.9883560">
    <ele>71.4</ele>
   </trkpt>
   <trkpt lat="56.2178470" lon="9.9884510">
    <ele>71.4</ele>
   </trkpt>
   <trkpt lat="56.2177990" lon="9.9885460">
    <ele>71.4</ele>
   </trkpt>
   <trkpt lat="56.2177510" lon="9.9886350">
    <ele>71.4</ele>
   </trkpt>
   <trkpt lat="56.2177030" lon="9.9887260">
    <ele>71.4</ele>
   </trkpt>
   <trkpt lat="56.2176540" lon="9.9888210">
    <ele>71.4</ele>
   </trkpt>
   <trkpt lat="56.2176050" lon="9.9889160">
    <ele>71.4</ele>
   </trkpt>
   <trkpt lat="56.2175560" lon="9.9890150">
    <ele>71.4</ele>
   </trkpt>
   <trkpt lat="56.2175070" lon="9.9891140">
    <ele>71.4</ele>
   </trkpt>
   <trkpt lat="56.2174570" lon="9.9892120">
    <ele>71.4</ele>
   </trkpt>
   <trkpt lat="56.2174100" lon="9.9893040">
    <ele>71.4</ele>
   </trkpt>
   <trkpt lat="56.2173630" lon="9.9893950">
    <ele>71.4</ele>
   </trkpt>
   <trkpt lat="56.2173150" lon="9.9894860">
    <ele>71.4</ele>
   </trkpt>
   <trkpt lat="56.2172640" lon="9.9895790">
    <ele>71.4</ele>
   </trkpt>
   <trkpt lat="56.2172130" lon="9.9896750">
    <ele>71.2</ele>
   </trkpt>
   <trkpt lat="56.2171640" lon="9.9897760">
    <ele>71.0</ele>
   </trkpt>
   <trkpt lat="56.2171150" lon="9.9898780">
    <ele>71.0</ele>
   </trkpt>
   <trkpt lat="56.2170640" lon="9.9899800">
    <ele>71.0</ele>
   </trkpt>
   <trkpt lat="56.2170150" lon="9.9900770">
    <ele>70.8</ele>
   </trkpt>
   <trkpt lat="56.2169640" lon="9.9901730">
    <ele>70.8</ele>
   </trkpt>
   <trkpt lat="56.2169130" lon="9.9902700">
    <ele>70.8</ele>
   </trkpt>
   <trkpt lat="56.2168620" lon="9.9903700">
    <ele>70.8</ele>
   </trkpt>
   <trkpt lat="56.2168110" lon="9.9904700">
    <ele>70.8</ele>
   </trkpt>
   <trkpt lat="56.2167600" lon="9.9905690">
    <ele>70.8</ele>
   </trkpt>
   <trkpt lat="56.2167100" lon="9.9906670">
    <ele>70.8</ele>
   </trkpt>
   <trkpt lat="56.2166590" lon="9.9907650">
    <ele>70.8</ele>
   </trkpt>
   <trkpt lat="56.2166090" lon="9.9908660">
    <ele>70.8</ele>
   </trkpt>
   <trkpt lat="56.2165570" lon="9.9909640">
    <ele>70.8</ele>
   </trkpt>
   <trkpt lat="56.2165040" lon="9.9910620">
    <ele>70.8</ele>
   </trkpt>
   <trkpt lat="56.2164510" lon="9.9911660">
    <ele>70.6</ele>
   </trkpt>
   <trkpt lat="56.2163980" lon="9.9912680">
    <ele>70.6</ele>
   </trkpt>
   <trkpt lat="56.2163440" lon="9.9913720">
    <ele>70.6</ele>
   </trkpt>
   <trkpt lat="56.2162900" lon="9.9914760">
    <ele>70.4</ele>
   </trkpt>
   <trkpt lat="56.2162350" lon="9.9915840">
    <ele>70.4</ele>
   </trkpt>
   <trkpt lat="56.2161810" lon="9.9916890">
    <ele>70.2</ele>
   </trkpt>
   <trkpt lat="56.2161270" lon="9.9917890">
    <ele>69.8</ele>
   </trkpt>
   <trkpt lat="56.2160760" lon="9.9918840">
    <ele>69.6</ele>
   </trkpt>
   <trkpt lat="56.2160250" lon="9.9919900">
    <ele>69.2</ele>
   </trkpt>
   <trkpt lat="56.2159740" lon="9.9921020">
    <ele>69.0</ele>
   </trkpt>
   <trkpt lat="56.2159190" lon="9.9922190">
    <ele>68.8</ele>
   </trkpt>
   <trkpt lat="56.2158640" lon="9.9923430">
    <ele>68.4</ele>
   </trkpt>
   <trkpt lat="56.2158090" lon="9.9924690">
    <ele>67.8</ele>
   </trkpt>
   <trkpt lat="56.2157570" lon="9.9925990">
    <ele>67.2</ele>
   </trkpt>
   <trkpt lat="56.2157020" lon="9.9927370">
    <ele>66.8</ele>
   </trkpt>
   <trkpt lat="56.2156470" lon="9.9928830">
    <ele>66.2</ele>
   </trkpt>
   <trkpt lat="56.2155920" lon="9.9930310">
    <ele>65.4</ele>
   </trkpt>
   <trkpt lat="56.2155370" lon="9.9931860">
    <ele>64.8</ele>
   </trkpt>
   <trkpt lat="56.2154830" lon="9.9933490">
    <ele>64.0</ele>
   </trkpt>
   <trkpt lat="56.2154300" lon="9.9935180">
    <ele>63.4</ele>
   </trkpt>
   <trkpt lat="56.2153770" lon="9.9936930">
    <ele>62.4</ele>
   </trkpt>
   <trkpt lat="56.2153270" lon="9.9938750">
    <ele>61.6</ele>
   </trkpt>
   <trkpt lat="56.2152770" lon="9.9940600">
    <ele>60.8</ele>
   </trkpt>
   <trkpt lat="56.2152300" lon="9.9942520">
    <ele>59.8</ele>
   </trkpt>
   <trkpt lat="56.2151830" lon="9.9944450">
    <ele>59.2</ele>
   </trkpt>
   <trkpt lat="56.2151390" lon="9.9946420">
    <ele>58.2</ele>
   </trkpt>
   <trkpt lat="56.2150960" lon="9.9948440">
    <ele>57.6</ele>
   </trkpt>
   <trkpt lat="56.2150560" lon="9.9950470">
    <ele>56.6</ele>
   </trkpt>
   <trkpt lat="56.2150190" lon="9.9952480">
    <ele>55.8</ele>
   </trkpt>
   <trkpt lat="56.2149820" lon="9.9954520">
    <ele>55.4</ele>
   </trkpt>
   <trkpt lat="56.2149470" lon="9.9956540">
    <ele>54.8</ele>
   </trkpt>
   <trkpt lat="56.2149140" lon="9.9958530">
    <ele>54.2</ele>
   </trkpt>
   <trkpt lat="56.2148820" lon="9.9960510">
    <ele>53.8</ele>
   </trkpt>
   <trkpt lat="56.2148510" lon="9.9962500">
    <ele>53.2</ele>
   </trkpt>
   <trkpt lat="56.2148200" lon="9.9964470">
    <ele>53.2</ele>
   </trkpt>
   <trkpt lat="56.2147870" lon="9.9966420">
    <ele>52.6</ele>
   </trkpt>
   <trkpt lat="56.2147540" lon="9.9968360">
    <ele>52.2</ele>
   </trkpt>
   <trkpt lat="56.2147250" lon="9.9970270">
    <ele>52.0</ele>
   </trkpt>
   <trkpt lat="56.2146970" lon="9.9972160">
    <ele>51.6</ele>
   </trkpt>
   <trkpt lat="56.2146700" lon="9.9974080">
    <ele>51.4</ele>
   </trkpt>
   <trkpt lat="56.2146440" lon="9.9975990">
    <ele>51.2</ele>
   </trkpt>
   <trkpt lat="56.2146190" lon="9.9977890">
    <ele>51.2</ele>
   </trkpt>
   <trkpt lat="56.2145960" lon="9.9979770">
    <ele>51.2</ele>
   </trkpt>
   <trkpt lat="56.2145730" lon="9.9981630">
    <ele>51.2</ele>
   </trkpt>
   <trkpt lat="56.2145540" lon="9.9983450">
    <ele>51.0</ele>
   </trkpt>
   <trkpt lat="56.2145340" lon="9.9985260">
    <ele>51.2</ele>
   </trkpt>
   <trkpt lat="56.2145150" lon="9.9987030">
    <ele>51.4</ele>
   </trkpt>
   <trkpt lat="56.2144960" lon="9.9988780">
    <ele>51.6</ele>
   </trkpt>
   <trkpt lat="56.2144770" lon="9.9990490">
    <ele>51.6</ele>
   </trkpt>
   <trkpt lat="56.2144590" lon="9.9992220">
    <ele>51.8</ele>
   </trkpt>
   <trkpt lat="56.2144450" lon="9.9993930">
    <ele>51.6</ele>
   </trkpt>
   <trkpt lat="56.2144310" lon="9.9995600">
    <ele>51.6</ele>
   </trkpt>
   <trkpt lat="56.2144190" lon="9.9997180">
    <ele>51.6</ele>
   </trkpt>
   <trkpt lat="56.2144080" lon="9.9998780">
    <ele>51.8</ele>
   </trkpt>
   <trkpt lat="56.2143980" lon="10.0000360">
    <ele>52.0</ele>
   </trkpt>
   <trkpt lat="56.2143890" lon="10.0001930">
    <ele>52.4</ele>
   </trkpt>
   <trkpt lat="56.2143820" lon="10.0003480">
    <ele>52.8</ele>
   </trkpt>
   <trkpt lat="56.2143740" lon="10.0005010">
    <ele>53.0</ele>
   </trkpt>
   <trkpt lat="56.2143670" lon="10.0006510">
    <ele>53.0</ele>
   </trkpt>
   <trkpt lat="56.2143600" lon="10.0008020">
    <ele>53.2</ele>
   </trkpt>
   <trkpt lat="56.2143580" lon="10.0009530">
    <ele>53.4</ele>
   </trkpt>
   <trkpt lat="56.2143570" lon="10.0011020">
    <ele>53.6</ele>
   </trkpt>
   <trkpt lat="56.2143560" lon="10.0012530">
    <ele>53.8</ele>
   </trkpt>
   <trkpt lat="56.2143560" lon="10.0014060">
    <ele>54.0</ele>
   </trkpt>
   <trkpt lat="56.2143550" lon="10.0015550">
    <ele>54.0</ele>
   </trkpt>
   <trkpt lat="56.2143520" lon="10.0017010">
    <ele>54.0</ele>
   </trkpt>
   <trkpt lat="56.2143520" lon="10.0018480">
    <ele>54.0</ele>
   </trkpt>
   <trkpt lat="56.2143530" lon="10.0019970">
    <ele>54.0</ele>
   </trkpt>
   <trkpt lat="56.2143540" lon="10.0021430">
    <ele>54.2</ele>
   </trkpt>
   <trkpt lat="56.2143520" lon="10.0022930">
    <ele>54.2</ele>
   </trkpt>
   <trkpt lat="56.2143500" lon="10.0024420">
    <ele>54.4</ele>
   </trkpt>
   <trkpt lat="56.2143520" lon="10.0025920">
    <ele>54.4</ele>
   </trkpt>
   <trkpt lat="56.2143520" lon="10.0027420">
    <ele>54.6</ele>
   </trkpt>
   <trkpt lat="56.2143480" lon="10.0028900">
    <ele>54.6</ele>
   </trkpt>
   <trkpt lat="56.2143440" lon="10.0030390">
    <ele>54.6</ele>
   </trkpt>
   <trkpt lat="56.2143400" lon="10.0031890">
    <ele>54.6</ele>
   </trkpt>
   <trkpt lat="56.2143350" lon="10.0033380">
    <ele>54.8</ele>
   </trkpt>
   <trkpt lat="56.2143290" lon="10.0034860">
    <ele>54.8</ele>
   </trkpt>
   <trkpt lat="56.2143210" lon="10.0036320">
    <ele>54.8</ele>
   </trkpt>
   <trkpt lat="56.2143130" lon="10.0037780">
    <ele>55.0</ele>
   </trkpt>
   <trkpt lat="56.2143010" lon="10.0039210">
    <ele>55.0</ele>
   </trkpt>
   <trkpt lat="56.2142880" lon="10.0040630">
    <ele>55.0</ele>
   </trkpt>
   <trkpt lat="56.2142770" lon="10.0042050">
    <ele>55.0</ele>
   </trkpt>
   <trkpt lat="56.2142650" lon="10.0043480">
    <ele>55.2</ele>
   </trkpt>
   <trkpt lat="56.2142530" lon="10.0044890">
    <ele>55.4</ele>
   </trkpt>
   <trkpt lat="56.2142370" lon="10.0046270">
    <ele>55.6</ele>
   </trkpt>
   <trkpt lat="56.2142190" lon="10.0047630">
    <ele>56.0</ele>
   </trkpt>
   <trkpt lat="56.2141970" lon="10.0048970">
    <ele>56.2</ele>
   </trkpt>
   <trkpt lat="56.2141760" lon="10.0050300">
    <ele>56.6</ele>
   </trkpt>
   <trkpt lat="56.2141550" lon="10.0051620">
    <ele>56.8</ele>
   </trkpt>
   <trkpt lat="56.2141330" lon="10.0052910">
    <ele>57.0</ele>
   </trkpt>
   <trkpt lat="56.2141110" lon="10.0054170">
    <ele>57.2</ele>
   </trkpt>
   <trkpt lat="56.2140910" lon="10.0055430">
    <ele>57.2</ele>
   </trkpt>
   <trkpt lat="56.2140690" lon="10.0056690">
    <ele>57.4</ele>
   </trkpt>
   <trkpt lat="56.2140450" lon="10.0057890">
    <ele>57.6</ele>
   </trkpt>
   <trkpt lat="56.2140210" lon="10.0059060">
    <ele>57.8</ele>
   </trkpt>
   <trkpt lat="56.2139990" lon="10.0060230">
    <ele>57.8</ele>
   </trkpt>
   <trkpt lat="56.2139800" lon="10.0061330">
    <ele>58.0</ele>
   </trkpt>
   <trkpt lat="56.2139620" lon="10.0062440">
    <ele>58.2</ele>
   </trkpt>
   <trkpt lat="56.2139430" lon="10.0063500">
    <ele>58.4</ele>
   </trkpt>
   <trkpt lat="56.2139250" lon="10.0064540">
    <ele>58.8</ele>
   </trkpt>
   <trkpt lat="56.2139080" lon="10.0065570">
    <ele>59.0</ele>
   </trkpt>
   <trkpt lat="56.2138900" lon="10.0066550">
    <ele>59.4</ele>
   </trkpt>
   <trkpt lat="56.2138730" lon="10.0067540">
    <ele>59.8</ele>
   </trkpt>
   <trkpt lat="56.2138570" lon="10.0068530">
    <ele>60.2</ele>
   </trkpt>
   <trkpt lat="56.2138400" lon="10.0069470">
    <ele>60.6</ele>
   </trkpt>
   <trkpt lat="56.2138210" lon="10.0070400">
    <ele>61.0</ele>
   </trkpt>
   <trkpt lat="56.2138040" lon="10.0071330">
    <ele>61.4</ele>
   </trkpt>
   <trkpt lat="56.2137880" lon="10.0072200">
    <ele>61.8</ele>
   </trkpt>
   <trkpt lat="56.2137720" lon="10.0073090">
    <ele>62.0</ele>
   </trkpt>
   <trkpt lat="56.2137560" lon="10.0073970">
    <ele>62.4</ele>
   </trkpt>
   <trkpt lat="56.2137380" lon="10.0074850">
    <ele>62.6</ele>
   </trkpt>
   <trkpt lat="56.2137220" lon="10.0075730">
    <ele>62.6</ele>
   </trkpt>
   <trkpt lat="56.2137080" lon="10.0076600">
    <ele>62.8</ele>
   </trkpt>
   <trkpt lat="56.2136930" lon="10.0077440">
    <ele>63.0</ele>
   </trkpt>
   <trkpt lat="56.2136780" lon="10.0078220">
    <ele>63.2</ele>
   </trkpt>
   <trkpt lat="56.2136630" lon="10.0078980">
    <ele>63.2</ele>
   </trkpt>
   <trkpt lat="56.2136510" lon="10.0079710">
    <ele>63.4</ele>
   </trkpt>
   <trkpt lat="56.2136370" lon="10.0080410">
    <ele>63.6</ele>
   </trkpt>
   <trkpt lat="56.2136250" lon="10.0081110">
    <ele>63.6</ele>
   </trkpt>
   <trkpt lat="56.2136120" lon="10.0081820">
    <ele>63.8</ele>
   </trkpt>
   <trkpt lat="56.2136000" lon="10.0082520">
    <ele>64.0</ele>
   </trkpt>
   <trkpt lat="56.2135870" lon="10.0083200">
    <ele>64.2</ele>
   </trkpt>
   <trkpt lat="56.2135760" lon="10.0083870">
    <ele>64.4</ele>
   </trkpt>
   <trkpt lat="56.2135640" lon="10.0084520">
    <ele>64.6</ele>
   </trkpt>
   <trkpt lat="56.2135520" lon="10.0085180">
    <ele>65.0</ele>
   </trkpt>
   <trkpt lat="56.2135410" lon="10.0085880">
    <ele>65.2</ele>
   </trkpt>
   <trkpt lat="56.2135280" lon="10.0086580">
    <ele>65.4</ele>
   </trkpt>
   <trkpt lat="56.2135150" lon="10.0087280">
    <ele>65.8</ele>
   </trkpt>
   <trkpt lat="56.2135020" lon="10.0087980">
    <ele>66.0</ele>
   </trkpt>
   <trkpt lat="56.2134890" lon="10.0088680">
    <ele>66.2</ele>
   </trkpt>
   <trkpt lat="56.2134750" lon="10.0089360">
    <ele>66.4</ele>
   </trkpt>
   <trkpt lat="56.2134640" lon="10.0090050">
    <ele>66.6</ele>
   </trkpt>
   <trkpt lat="56.2134520" lon="10.0090730">
    <ele>66.8</ele>
   </trkpt>
   <trkpt lat="56.2134390" lon="10.0091390">
    <ele>67.0</ele>
   </trkpt>
   <trkpt lat="56.2134260" lon="10.0092090">
    <ele>67.2</ele>
   </trkpt>
   <trkpt lat="56.2134150" lon="10.0092790">
    <ele>67.4</ele>
   </trkpt>
   <trkpt lat="56.2134020" lon="10.0093490">
    <ele>67.4</ele>
   </trkpt>
   <trkpt lat="56.2133870" lon="10.0094170">
    <ele>67.6</ele>
   </trkpt>
   <trkpt lat="56.2133710" lon="10.0094870">
    <ele>67.8</ele>
   </trkpt>
   <trkpt lat="56.2133580" lon="10.0095590">
    <ele>68.0</ele>
   </trkpt>
   <trkpt lat="56.2133460" lon="10.0096310">
    <ele>68.2</ele>
   </trkpt>
   <trkpt lat="56.2133330" lon="10.0097020">
    <ele>68.2</ele>
   </trkpt>
   <trkpt lat="56.2133200" lon="10.0097740">
    <ele>68.4</ele>
   </trkpt>
   <trkpt lat="56.2133060" lon="10.0098440">
    <ele>68.6</ele>
   </trkpt>
   <trkpt lat="56.2132930" lon="10.0099170">
    <ele>68.8</ele>
   </trkpt>
   <trkpt lat="56.2132780" lon="10.0099910">
    <ele>69.0</ele>
   </trkpt>
   <trkpt lat="56.2132640" lon="10.0100640">
    <ele>69.0</ele>
   </trkpt>
   <trkpt lat="56.2132510" lon="10.0101400">
    <ele>69.2</ele>
   </trkpt>
   <trkpt lat="56.2132390" lon="10.0102160">
    <ele>69.4</ele>
   </trkpt>
   <trkpt lat="56.2132250" lon="10.0102870">
    <ele>69.4</ele>
   </trkpt>
   <trkpt lat="56.2132080" lon="10.0103600">
    <ele>69.6</ele>
   </trkpt>
   <trkpt lat="56.2131920" lon="10.0104350">
    <ele>69.6</ele>
   </trkpt>
   <trkpt lat="56.2131770" lon="10.0105120">
    <ele>69.8</ele>
   </trkpt>
   <trkpt lat="56.2131620" lon="10.0105930">
    <ele>69.8</ele>
   </trkpt>
   <trkpt lat="56.2131480" lon="10.0106760">
    <ele>70.0</ele>
   </trkpt>
   <trkpt lat="56.2131310" lon="10.0107600">
    <ele>70.0</ele>
   </trkpt>
   <trkpt lat="56.2131140" lon="10.0108450">
    <ele>70.0</ele>
   </trkpt>
   <trkpt lat="56.2130970" lon="10.0109290">
    <ele>70.0</ele>
   </trkpt>
   <trkpt lat="56.2130800" lon="10.0110150">
    <ele>70.2</ele>
   </trkpt>
   <trkpt lat="56.2130640" lon="10.0111010">
    <ele>70.2</ele>
   </trkpt>
   <trkpt lat="56.2130470" lon="10.0111890">
    <ele>70.2</ele>
   </trkpt>
   <trkpt lat="56.2130280" lon="10.0112800">
    <ele>70.2</ele>
   </trkpt>
   <trkpt lat="56.2130100" lon="10.0113730">
    <ele>70.2</ele>
   </trkpt>
   <trkpt lat="56.2129920" lon="10.0114660">
    <ele>70.2</ele>
   </trkpt>
   <trkpt lat="56.2129750" lon="10.0115610">
    <ele>70.2</ele>
   </trkpt>
   <trkpt lat="56.2129570" lon="10.0116570">
    <ele>70.2</ele>
   </trkpt>
   <trkpt lat="56.2129380" lon="10.0117530">
    <ele>70.2</ele>
   </trkpt>
   <trkpt lat="56.2129180" lon="10.0118530">
    <ele>70.2</ele>
   </trkpt>
   <trkpt lat="56.2128970" lon="10.0119490">
    <ele>70.2</ele>
   </trkpt>
   <trkpt lat="56.2128740" lon="10.0120450">
    <ele>70.2</ele>
   </trkpt>
   <trkpt lat="56.2128510" lon="10.0121440">
    <ele>70.4</ele>
   </trkpt>
   <trkpt lat="56.2128300" lon="10.0122480">
    <ele>70.4</ele>
   </trkpt>
   <trkpt lat="56.2128080" lon="10.0123510">
    <ele>70.4</ele>
   </trkpt>
   <trkpt lat="56.2127870" lon="10.0124540">
    <ele>70.2</ele>
   </trkpt>
   <trkpt lat="56.2127660" lon="10.0125590">
    <ele>70.2</ele>
   </trkpt>
   <trkpt lat="56.2127450" lon="10.0126650">
    <ele>70.2</ele>
   </trkpt>
   <trkpt lat="56.2127230" lon="10.0127720">
    <ele>70.0</ele>
   </trkpt>
   <trkpt lat="56.2127020" lon="10.0128750">
    <ele>70.0</ele>
   </trkpt>
   <trkpt lat="56.2126780" lon="10.0129800">
    <ele>70.0</ele>
   </trkpt>
   <trkpt lat="56.2126550" lon="10.0130850">
    <ele>70.0</ele>
   </trkpt>
   <trkpt lat="56.2126340" lon="10.0131920">
    <ele>70.0</ele>
   </trkpt>
   <trkpt lat="56.2126130" lon="10.0132970">
    <ele>70.2</ele>
   </trkpt>
   <trkpt lat="56.2125910" lon="10.0134040">
    <ele>70.2</ele>
   </trkpt>
   <trkpt lat="56.2125680" lon="10.0135090">
    <ele>70.2</ele>
   </trkpt>
   <trkpt lat="56.2125450" lon="10.0136170">
    <ele>70.2</ele>
   </trkpt>
   <trkpt lat="56.2125220" lon="10.0137240">
    <ele>70.4</ele>
   </trkpt>
   <trkpt lat="56.2124980" lon="10.0138320">
    <ele>70.4</ele>
   </trkpt>
   <trkpt lat="56.2124760" lon="10.0139420">
    <ele>70.4</ele>
   </trkpt>
   <trkpt lat="56.2124540" lon="10.0140540">
    <ele>70.4</ele>
   </trkpt>
   <trkpt lat="56.2124320" lon="10.0141640">
    <ele>70.4</ele>
   </trkpt>
   <trkpt lat="56.2124100" lon="10.0142730">
    <ele>70.6</ele>
   </trkpt>
   <trkpt lat="56.2123860" lon="10.0143820">
    <ele>70.6</ele>
   </trkpt>
   <trkpt lat="56.2123610" lon="10.0144940">
    <ele>70.8</ele>
   </trkpt>
   <trkpt lat="56.2123380" lon="10.0146080">
    <ele>70.8</ele>
   </trkpt>
   <trkpt lat="56.2123170" lon="10.0147220">
    <ele>71.0</ele>
   </trkpt>
   <trkpt lat="56.2122950" lon="10.0148370">
    <ele>71.0</ele>
   </trkpt>
   <trkpt lat="56.2122690" lon="10.0149520">
    <ele>71.2</ele>
   </trkpt>
   <trkpt lat="56.2122470" lon="10.0150630">
    <ele>71.4</ele>
   </trkpt>
   <trkpt lat="56.2122230" lon="10.0151740">
    <ele>71.6</ele>
   </trkpt>
   <trkpt lat="56.2121980" lon="10.0152930">
    <ele>71.8</ele>
   </trkpt>
   <trkpt lat="56.2121730" lon="10.0154140">
    <ele>72.0</ele>
   </trkpt>
   <trkpt lat="56.2121470" lon="10.0155350">
    <ele>72.0</ele>
   </trkpt>
   <trkpt lat="56.2121180" lon="10.0156550">
    <ele>72.0</ele>
   </trkpt>
   <trkpt lat="56.2120930" lon="10.0157780">
    <ele>72.0</ele>
   </trkpt>
   <trkpt lat="56.2120680" lon="10.0158980">
    <ele>72.0</ele>
   </trkpt>
   <trkpt lat="56.2120440" lon="10.0160200">
    <ele>72.2</ele>
   </trkpt>
   <trkpt lat="56.2120190" lon="10.0161370">
    <ele>72.2</ele>
   </trkpt>
   <trkpt lat="56.2119960" lon="10.0162550">
    <ele>72.2</ele>
   </trkpt>
   <trkpt lat="56.2119710" lon="10.0163760">
    <ele>72.2</ele>
   </trkpt>
   <trkpt lat="56.2119470" lon="10.0164950">
    <ele>72.2</ele>
   </trkpt>
   <trkpt lat="56.2119210" lon="10.0166130">
    <ele>72.4</ele>
   </trkpt>
   <trkpt lat="56.2118950" lon="10.0167310">
    <ele>72.4</ele>
   </trkpt>
   <trkpt lat="56.2118720" lon="10.0168480">
    <ele>72.4</ele>
   </trkpt>
   <trkpt lat="56.2118480" lon="10.0169600">
    <ele>72.6</ele>
   </trkpt>
   <trkpt lat="56.2118230" lon="10.0170730">
    <ele>72.6</ele>
   </trkpt>
   <trkpt lat="56.2118000" lon="10.0171840">
    <ele>72.6</ele>
   </trkpt>
   <trkpt lat="56.2117760" lon="10.0172970">
    <ele>72.8</ele>
   </trkpt>
   <trkpt lat="56.2117540" lon="10.0174100">
    <ele>73.0</ele>
   </trkpt>
   <trkpt lat="56.2117310" lon="10.0175200">
    <ele>73.0</ele>
   </trkpt>
   <trkpt lat="56.2117050" lon="10.0176320">
    <ele>73.2</ele>
   </trkpt>
   <trkpt lat="56.2116800" lon="10.0177410">
    <ele>73.2</ele>
   </trkpt>
   <trkpt lat="56.2116560" lon="10.0178510">
    <ele>73.4</ele>
   </trkpt>
   <trkpt lat="56.2116320" lon="10.0179610">
    <ele>73.6</ele>
   </trkpt>
   <trkpt lat="56.2116100" lon="10.0180660">
    <ele>73.8</ele>
   </trkpt>
   <trkpt lat="56.2115870" lon="10.0181720">
    <ele>74.0</ele>
   </trkpt>
   <trkpt lat="56.2115660" lon="10.0182800">
    <ele>74.2</ele>
   </trkpt>
   <trkpt lat="56.2115460" lon="10.0183870">
    <ele>74.4</ele>
   </trkpt>
   <trkpt lat="56.2115250" lon="10.0184940">
    <ele>74.4</ele>
   </trkpt>
   <trkpt lat="56.2115040" lon="10.0186000">
    <ele>74.6</ele>
   </trkpt>
   <trkpt lat="56.2114810" lon="10.0187060">
    <ele>74.8</ele>
   </trkpt>
   <trkpt lat="56.2114590" lon="10.0188080">
    <ele>75.0</ele>
   </trkpt>
   <trkpt lat="56.2114350" lon="10.0189090">
    <ele>75.4</ele>
   </trkpt>
   <trkpt lat="56.2114110" lon="10.0190090">
    <ele>75.6</ele>
   </trkpt>
   <trkpt lat="56.2113880" lon="10.0191110">
    <ele>75.8</ele>
   </trkpt>
   <trkpt lat="56.2113660" lon="10.0192130">
    <ele>76.0</ele>
   </trkpt>
   <trkpt lat="56.2113430" lon="10.0193130">
    <ele>76.0</ele>
   </trkpt>
   <trkpt lat="56.2113180" lon="10.0194130">
    <ele>76.0</ele>
   </trkpt>
   <trkpt lat="56.2112940" lon="10.0195160">
    <ele>76.2</ele>
   </trkpt>
   <trkpt lat="56.2112700" lon="10.0196170">
    <ele>76.2</ele>
   </trkpt>
   <trkpt lat="56.2112460" lon="10.0197190">
    <ele>76.2</ele>
   </trkpt>
   <trkpt lat="56.2112240" lon="10.0198220">
    <ele>76.2</ele>
   </trkpt>
   <trkpt lat="56.2112020" lon="10.0199280">
    <ele>76.2</ele>
   </trkpt>
   <trkpt lat="56.2111790" lon="10.0200360">
    <ele>76.2</ele>
   </trkpt>
   <trkpt lat="56.2111560" lon="10.0201420">
    <ele>76.2</ele>
   </trkpt>
   <trkpt lat="56.2111350" lon="10.0202470">
    <ele>76.2</ele>
   </trkpt>
   <trkpt lat="56.2111120" lon="10.0203550">
    <ele>76.2</ele>
   </trkpt>
   <trkpt lat="56.2110900" lon="10.0204620">
    <ele>76.2</ele>
   </trkpt>
   <trkpt lat="56.2110680" lon="10.0205700">
    <ele>76.4</ele>
   </trkpt>
   <trkpt lat="56.2110470" lon="10.0206780">
    <ele>76.4</ele>
   </trkpt>
   <trkpt lat="56.2110260" lon="10.0207830">
    <ele>76.4</ele>
   </trkpt>
   <trkpt lat="56.2110040" lon="10.0208800">
    <ele>76.6</ele>
   </trkpt>
   <trkpt lat="56.2109870" lon="10.0209630">
    <ele>76.6</ele>
   </trkpt>
   <trkpt lat="56.2109740" lon="10.0210270">
    <ele>76.6</ele>
   </trkpt>
   <trkpt lat="56.2109660" lon="10.0210600">
    <ele>76.6</ele>
   </trkpt>
   <trkpt lat="56.2109630" lon="10.0210660">
    <ele>76.6</ele>
   </trkpt>
   <trkpt lat="56.2109630" lon="10.0210660">
    <ele>76.6</ele>
   </trkpt>
   <trkpt lat="56.2109470" lon="10.0211290">
    <ele>76.8</ele>
   </trkpt>
   <trkpt lat="56.2109340" lon="10.0211720">
    <ele>77.0</ele>
   </trkpt>
   <trkpt lat="56.2109170" lon="10.0212330">
    <ele>76.8</ele>
   </trkpt>
   <trkpt lat="56.2109030" lon="10.0213070">
    <ele>76.8</ele>
   </trkpt>
   <trkpt lat="56.2108890" lon="10.0213880">
    <ele>76.6</ele>
   </trkpt>
   <trkpt lat="56.2108730" lon="10.0214800">
    <ele>76.6</ele>
   </trkpt>
   <trkpt lat="56.2108530" lon="10.0215750">
    <ele>76.4</ele>
   </trkpt>
   <trkpt lat="56.2108260" lon="10.0216730">
    <ele>76.4</ele>
   </trkpt>
   <trkpt lat="56.2107960" lon="10.0217750">
    <ele>76.2</ele>
   </trkpt>
   <trkpt lat="56.2107680" lon="10.0218800">
    <ele>76.2</ele>
   </trkpt>
   <trkpt lat="56.2107420" lon="10.0219890">
    <ele>75.8</ele>
   </trkpt>
   <trkpt lat="56.2107160" lon="10.0221010">
    <ele>75.6</ele>
   </trkpt>
   <trkpt lat="56.2106920" lon="10.0222140">
    <ele>75.6</ele>
   </trkpt>
   <trkpt lat="56.2106700" lon="10.0223280">
    <ele>75.4</ele>
   </trkpt>
   <trkpt lat="56.2106510" lon="10.0224470">
    <ele>75.4</ele>
   </trkpt>
   <trkpt lat="56.2106350" lon="10.0225710">
    <ele>75.4</ele>
   </trkpt>
   <trkpt lat="56.2106180" lon="10.0226960">
    <ele>75.4</ele>
   </trkpt>
   <trkpt lat="56.2106030" lon="10.0228240">
    <ele>75.2</ele>
   </trkpt>
   <trkpt lat="56.2105820" lon="10.0229500">
    <ele>75.0</ele>
   </trkpt>
   <trkpt lat="56.2105580" lon="10.0230730">
    <ele>75.0</ele>
   </trkpt>
   <trkpt lat="56.2105340" lon="10.0232000">
    <ele>74.8</ele>
   </trkpt>
   <trkpt lat="56.2105080" lon="10.0233280">
    <ele>74.8</ele>
   </trkpt>
   <trkpt lat="56.2104840" lon="10.0234570">
    <ele>74.6</ele>
   </trkpt>
   <trkpt lat="56.2104600" lon="10.0235850">
    <ele>74.4</ele>
   </trkpt>
   <trkpt lat="56.2104360" lon="10.0237140">
    <ele>74.4</ele>
   </trkpt>
   <trkpt lat="56.2104110" lon="10.0238450">
    <ele>74.4</ele>
   </trkpt>
   <trkpt lat="56.2103830" lon="10.0239760">
    <ele>74.2</ele>
   </trkpt>
   <trkpt lat="56.2103550" lon="10.0241080">
    <ele>74.2</ele>
   </trkpt>
   <trkpt lat="56.2103280" lon="10.0242370">
    <ele>74.2</ele>
   </trkpt>
   <trkpt lat="56.2103000" lon="10.0243710">
    <ele>74.2</ele>
   </trkpt>
   <trkpt lat="56.2102730" lon="10.0245080">
    <ele>74.0</ele>
   </trkpt>
   <trkpt lat="56.2102450" lon="10.0246450">
    <ele>74.0</ele>
   </trkpt>
   <trkpt lat="56.2102150" lon="10.0247820">
    <ele>73.8</ele>
   </trkpt>
   <trkpt lat="56.2101870" lon="10.0249180">
    <ele>73.8</ele>
   </trkpt>
   <trkpt lat="56.2101590" lon="10.0250550">
    <ele>73.8</ele>
   </trkpt>
   <trkpt lat="56.2101300" lon="10.0251940">
    <ele>73.8</ele>
   </trkpt>
   <trkpt lat="56.2101000" lon="10.0253330">
    <ele>73.6</ele>
   </trkpt>
   <trkpt lat="56.2100710" lon="10.0254750">
    <ele>73.6</ele>
   </trkpt>
   <trkpt lat="56.2100410" lon="10.0256150">
    <ele>73.6</ele>
   </trkpt>
   <trkpt lat="56.2100120" lon="10.0257510">
    <ele>73.6</ele>
   </trkpt>
   <trkpt lat="56.2099840" lon="10.0258860">
    <ele>73.4</ele>
   </trkpt>
   <trkpt lat="56.2099560" lon="10.0260250">
    <ele>73.4</ele>
   </trkpt>
   <trkpt lat="56.2099280" lon="10.0261660">
    <ele>73.2</ele>
   </trkpt>
   <trkpt lat="56.2099000" lon="10.0263060">
    <ele>73.2</ele>
   </trkpt>
   <trkpt lat="56.2098690" lon="10.0264380">
    <ele>73.0</ele>
   </trkpt>
   <trkpt lat="56.2098390" lon="10.0265630">
    <ele>72.8</ele>
   </trkpt>
   <trkpt lat="56.2098110" lon="10.0266870">
    <ele>72.8</ele>
   </trkpt>
   <trkpt lat="56.2097820" lon="10.0268170">
    <ele>72.8</ele>
   </trkpt>
   <trkpt lat="56.2097550" lon="10.0269500">
    <ele>73.0</ele>
   </trkpt>
   <trkpt lat="56.2097280" lon="10.0270810">
    <ele>73.0</ele>
   </trkpt>
   <trkpt lat="56.2097010" lon="10.0272110">
    <ele>73.0</ele>
   </trkpt>
   <trkpt lat="56.2096730" lon="10.0273450">
    <ele>73.2</ele>
   </trkpt>
   <trkpt lat="56.2096450" lon="10.0274820">
    <ele>73.4</ele>
   </trkpt>
   <trkpt lat="56.2096170" lon="10.0276180">
    <ele>73.4</ele>
   </trkpt>
   <trkpt lat="56.2095880" lon="10.0277530">
    <ele>73.4</ele>
   </trkpt>
   <trkpt lat="56.2095580" lon="10.0278880">
    <ele>73.6</ele>
   </trkpt>
   <trkpt lat="56.2095280" lon="10.0280230">
    <ele>73.6</ele>
   </trkpt>
   <trkpt lat="56.2095000" lon="10.0281570">
    <ele>73.6</ele>
   </trkpt>
   <trkpt lat="56.2094700" lon="10.0282930">
    <ele>73.6</ele>
   </trkpt>
   <trkpt lat="56.2094400" lon="10.0284270">
    <ele>73.6</ele>
   </trkpt>
   <trkpt lat="56.2094130" lon="10.0285650">
    <ele>73.6</ele>
   </trkpt>
   <trkpt lat="56.2093840" lon="10.0286990">
    <ele>73.8</ele>
   </trkpt>
   <trkpt lat="56.2093500" lon="10.0288270">
    <ele>73.8</ele>
   </trkpt>
   <trkpt lat="56.2093150" lon="10.0289520">
    <ele>73.8</ele>
   </trkpt>
   <trkpt lat="56.2092820" lon="10.0290770">
    <ele>73.8</ele>
   </trkpt>
   <trkpt lat="56.2092550" lon="10.0292060">
    <ele>73.8</ele>
   </trkpt>
   <trkpt lat="56.2092300" lon="10.0293350">
    <ele>74.0</ele>
   </trkpt>
   <trkpt lat="56.2092050" lon="10.0294640">
    <ele>74.0</ele>
   </trkpt>
   <trkpt lat="56.2091820" lon="10.0295930">
    <ele>74.4</ele>
   </trkpt>
   <trkpt lat="56.2091640" lon="10.0297250">
    <ele>74.6</ele>
   </trkpt>
   <trkpt lat="56.2091470" lon="10.0298560">
    <ele>75.0</ele>
   </trkpt>
   <trkpt lat="56.2091280" lon="10.0299820">
    <ele>75.2</ele>
   </trkpt>
   <trkpt lat="56.2091040" lon="10.0301020">
    <ele>75.2</ele>
   </trkpt>
   <trkpt lat="56.2090790" lon="10.0302210">
    <ele>75.6</ele>
   </trkpt>
   <trkpt lat="56.2090550" lon="10.0303400">
    <ele>75.8</ele>
   </trkpt>
   <trkpt lat="56.2090310" lon="10.0304590">
    <ele>76.0</ele>
   </trkpt>
   <trkpt lat="56.2090080" lon="10.0305750">
    <ele>76.2</ele>
   </trkpt>
   <trkpt lat="56.2089850" lon="10.0306900">
    <ele>76.4</ele>
   </trkpt>
   <trkpt lat="56.2089600" lon="10.0308030">
    <ele>76.6</ele>
   </trkpt>
   <trkpt lat="56.2089350" lon="10.0309140">
    <ele>77.0</ele>
   </trkpt>
   <trkpt lat="56.2089100" lon="10.0310250">
    <ele>77.2</ele>
   </trkpt>
   <trkpt lat="56.2088850" lon="10.0311350">
    <ele>77.4</ele>
   </trkpt>
   <trkpt lat="56.2088620" lon="10.0312430">
    <ele>77.6</ele>
   </trkpt>
   <trkpt lat="56.2088420" lon="10.0313550">
    <ele>77.8</ele>
   </trkpt>
   <trkpt lat="56.2088190" lon="10.0314640">
    <ele>78.2</ele>
   </trkpt>
   <trkpt lat="56.2087950" lon="10.0315760">
    <ele>78.4</ele>
   </trkpt>
   <trkpt lat="56.2087720" lon="10.0316870">
    <ele>78.4</ele>
   </trkpt>
   <trkpt lat="56.2087500" lon="10.0317990">
    <ele>78.6</ele>
   </trkpt>
   <trkpt lat="56.2087280" lon="10.0319070">
    <ele>78.8</ele>
   </trkpt>
   <trkpt lat="56.2087070" lon="10.0320160">
    <ele>78.8</ele>
   </trkpt>
   <trkpt lat="56.2086860" lon="10.0321280">
    <ele>79.0</ele>
   </trkpt>
   <trkpt lat="56.2086640" lon="10.0322410">
    <ele>79.0</ele>
   </trkpt>
   <trkpt lat="56.2086390" lon="10.0323470">
    <ele>79.2</ele>
   </trkpt>
   <trkpt lat="56.2086150" lon="10.0324540">
    <ele>79.2</ele>
   </trkpt>
   <trkpt lat="56.2085900" lon="10.0325640">
    <ele>79.4</ele>
   </trkpt>
   <trkpt lat="56.2085670" lon="10.0326760">
    <ele>79.4</ele>
   </trkpt>
   <trkpt lat="56.2085430" lon="10.0327890">
    <ele>79.6</ele>
   </trkpt>
   <trkpt lat="56.2085180" lon="10.0329030">
    <ele>79.6</ele>
   </trkpt>
   <trkpt lat="56.2084940" lon="10.0330160">
    <ele>79.8</ele>
   </trkpt>
   <trkpt lat="56.2084700" lon="10.0331300">
    <ele>80.0</ele>
   </trkpt>
   <trkpt lat="56.2084450" lon="10.0332440">
    <ele>80.0</ele>
   </trkpt>
   <trkpt lat="56.2084200" lon="10.0333600">
    <ele>80.0</ele>
   </trkpt>
   <trkpt lat="56.2083960" lon="10.0334770">
    <ele>80.0</ele>
   </trkpt>
   <trkpt lat="56.2083730" lon="10.0335960">
    <ele>79.8</ele>
   </trkpt>
   <trkpt lat="56.2083470" lon="10.0337130">
    <ele>79.8</ele>
   </trkpt>
   <trkpt lat="56.2083200" lon="10.0338260">
    <ele>79.8</ele>
   </trkpt>
   <trkpt lat="56.2082940" lon="10.0339390">
    <ele>79.8</ele>
   </trkpt>
   <trkpt lat="56.2082690" lon="10.0340570">
    <ele>79.8</ele>
   </trkpt>
   <trkpt lat="56.2082460" lon="10.0341750">
    <ele>79.8</ele>
   </trkpt>
   <trkpt lat="56.2082210" lon="10.0342930">
    <ele>79.8</ele>
   </trkpt>
   <trkpt lat="56.2081940" lon="10.0344070">
    <ele>80.0</ele>
   </trkpt>
   <trkpt lat="56.2081670" lon="10.0345220">
    <ele>80.0</ele>
   </trkpt>
   <trkpt lat="56.2081430" lon="10.0346400">
    <ele>80.0</ele>
   </trkpt>
   <trkpt lat="56.2081160" lon="10.0347570">
    <ele>80.2</ele>
   </trkpt>
   <trkpt lat="56.2080870" lon="10.0348710">
    <ele>80.2</ele>
   </trkpt>
   <trkpt lat="56.2080610" lon="10.0349860">
    <ele>80.2</ele>
   </trkpt>
   <trkpt lat="56.2080350" lon="10.0351050">
    <ele>80.2</ele>
   </trkpt>
   <trkpt lat="56.2080090" lon="10.0352260">
    <ele>80.2</ele>
   </trkpt>
   <trkpt lat="56.2079810" lon="10.0353400">
    <ele>80.0</ele>
   </trkpt>
   <trkpt lat="56.2079530" lon="10.0354530">
    <ele>80.2</ele>
   </trkpt>
   <trkpt lat="56.2079230" lon="10.0355600">
    <ele>80.2</ele>
   </trkpt>
   <trkpt lat="56.2078920" lon="10.0356660">
    <ele>80.2</ele>
   </trkpt>
   <trkpt lat="56.2078610" lon="10.0357740">
    <ele>80.2</ele>
   </trkpt>
   <trkpt lat="56.2078330" lon="10.0358820">
    <ele>80.4</ele>
   </trkpt>
   <trkpt lat="56.2078040" lon="10.0359920">
    <ele>80.4</ele>
   </trkpt>
   <trkpt lat="56.2077740" lon="10.0360980">
    <ele>80.6</ele>
   </trkpt>
   <trkpt lat="56.2077450" lon="10.0361980">
    <ele>80.6</ele>
   </trkpt>
   <trkpt lat="56.2077160" lon="10.0362960">
    <ele>80.8</ele>
   </trkpt>
   <trkpt lat="56.2076880" lon="10.0363920">
    <ele>80.8</ele>
   </trkpt>
   <trkpt lat="56.2076610" lon="10.0364840">
    <ele>80.8</ele>
   </trkpt>
   <trkpt lat="56.2076380" lon="10.0365630">
    <ele>80.8</ele>
   </trkpt>
   <trkpt lat="56.2076210" lon="10.0366240">
    <ele>81.0</ele>
   </trkpt>
   <trkpt lat="56.2076150" lon="10.0366690">
    <ele>81.0</ele>
   </trkpt>
   <trkpt lat="56.2076160" lon="10.0366970">
    <ele>81.2</ele>
   </trkpt>
   <trkpt lat="56.2076160" lon="10.0367070">
    <ele>81.4</ele>
   </trkpt>
   <trkpt lat="56.2076160" lon="10.0367070">
    <ele>81.4</ele>
   </trkpt>
   <trkpt lat="56.2076470" lon="10.0367450">
    <ele>81.2</ele>
   </trkpt>
   <trkpt lat="56.2076660" lon="10.0367510">
    <ele>81.2</ele>
   </trkpt>
   <trkpt lat="56.2076850" lon="10.0367690">
    <ele>81.0</ele>
   </trkpt>
   <trkpt lat="56.2077010" lon="10.0368040">
    <ele>81.0</ele>
   </trkpt>
   <trkpt lat="56.2077100" lon="10.0368570">
    <ele>80.8</ele>
   </trkpt>
   <trkpt lat="56.2077100" lon="10.0369250">
    <ele>81.0</ele>
   </trkpt>
   <trkpt lat="56.2076960" lon="10.0369990">
    <ele>81.0</ele>
   </trkpt>
   <trkpt lat="56.2076720" lon="10.0370750">
    <ele>81.0</ele>
   </trkpt>
   <trkpt lat="56.2076460" lon="10.0371560">
    <ele>81.0</ele>
   </trkpt>
   <trkpt lat="56.2076190" lon="10.0372360">
    <ele>81.2</ele>
   </trkpt>
   <trkpt lat="56.2075920" lon="10.0373150">
    <ele>81.0</ele>
   </trkpt>
   <trkpt lat="56.2075670" lon="10.0373960">
    <ele>81.0</ele>
   </trkpt>
   <trkpt lat="56.2075430" lon="10.0374850">
    <ele>81.0</ele>
   </trkpt>
   <trkpt lat="56.2075160" lon="10.0375760">
    <ele>81.0</ele>
   </trkpt>
   <trkpt lat="56.2074870" lon="10.0376720">
    <ele>81.0</ele>
   </trkpt>
   <trkpt lat="56.2074560" lon="10.0377710">
    <ele>81.0</ele>
   </trkpt>
   <trkpt lat="56.2074260" lon="10.0378720">
    <ele>81.0</ele>
   </trkpt>
   <trkpt lat="56.2073960" lon="10.0379770">
    <ele>80.8</ele>
   </trkpt>
   <trkpt lat="56.2073630" lon="10.0380840">
    <ele>80.8</ele>
   </trkpt>
   <trkpt lat="56.2073280" lon="10.0381960">
    <ele>80.8</ele>
   </trkpt>
   <trkpt lat="56.2072890" lon="10.0383060">
    <ele>80.8</ele>
   </trkpt>
   <trkpt lat="56.2072500" lon="10.0384130">
    <ele>80.8</ele>
   </trkpt>
   <trkpt lat="56.2072120" lon="10.0385250">
    <ele>80.8</ele>
   </trkpt>
   <trkpt lat="56.2071730" lon="10.0386400">
    <ele>80.8</ele>
   </trkpt>
   <trkpt lat="56.2071340" lon="10.0387560">
    <ele>80.8</ele>
   </trkpt>
   <trkpt lat="56.2070970" lon="10.0388750">
    <ele>80.8</ele>
   </trkpt>
   <trkpt lat="56.2070600" lon="10.0389930">
    <ele>80.8</ele>
   </trkpt>
   <trkpt lat="56.2070220" lon="10.0391130">
    <ele>80.8</ele>
   </trkpt>
   <trkpt lat="56.2069850" lon="10.0392340">
    <ele>80.8</ele>
   </trkpt>
   <trkpt lat="56.2069480" lon="10.0393530">
    <ele>80.8</ele>
   </trkpt>
   <trkpt lat="56.2069120" lon="10.0394740">
    <ele>80.6</ele>
   </trkpt>
   <trkpt lat="56.2068770" lon="10.0395950">
    <ele>80.6</ele>
   </trkpt>
   <trkpt lat="56.2068410" lon="10.0397160">
    <ele>80.6</ele>
   </trkpt>
   <trkpt lat="56.2068050" lon="10.0398390">
    <ele>80.6</ele>
   </trkpt>
   <trkpt lat="56.2067680" lon="10.0399600">
    <ele>80.6</ele>
   </trkpt>
   <trkpt lat="56.2067320" lon="10.0400790">
    <ele>80.6</ele>
   </trkpt>
   <trkpt lat="56.2066950" lon="10.0401980">
    <ele>80.6</ele>
   </trkpt>
   <trkpt lat="56.2066600" lon="10.0403180">
    <ele>80.6</ele>
   </trkpt>
   <trkpt lat="56.2066240" lon="10.0404360">
    <ele>80.6</ele>
   </trkpt>
   <trkpt lat="56.2065900" lon="10.0405540">
    <ele>80.8</ele>
   </trkpt>
   <trkpt lat="56.2065560" lon="10.0406740">
    <ele>80.8</ele>
   </trkpt>
   <trkpt lat="56.2065210" lon="10.0407940">
    <ele>80.8</ele>
   </trkpt>
   <trkpt lat="56.2064860" lon="10.0409150">
    <ele>81.0</ele>
   </trkpt>
   <trkpt lat="56.2064500" lon="10.0410370">
    <ele>81.2</ele>
   </trkpt>
   <trkpt lat="56.2064130" lon="10.0411560">
    <ele>81.2</ele>
   </trkpt>
   <trkpt lat="56.2063760" lon="10.0412740">
    <ele>81.2</ele>
   </trkpt>
   <trkpt lat="56.2063410" lon="10.0413910">
    <ele>81.4</ele>
   </trkpt>
   <trkpt lat="56.2063060" lon="10.0415090">
    <ele>81.4</ele>
   </trkpt>
   <trkpt lat="56.2062720" lon="10.0416260">
    <ele>81.4</ele>
   </trkpt>
   <trkpt lat="56.2062390" lon="10.0417470">
    <ele>81.4</ele>
   </trkpt>
   <trkpt lat="56.2062030" lon="10.0418680">
    <ele>81.2</ele>
   </trkpt>
   <trkpt lat="56.2061680" lon="10.0419880">
    <ele>81.2</ele>
   </trkpt>
   <trkpt lat="56.2061340" lon="10.0421090">
    <ele>81.2</ele>
   </trkpt>
   <trkpt lat="56.2061000" lon="10.0422270">
    <ele>81.2</ele>
   </trkpt>
   <trkpt lat="56.2060660" lon="10.0423450">
    <ele>81.0</ele>
   </trkpt>
   <trkpt lat="56.2060360" lon="10.0424630">
    <ele>81.0</ele>
   </trkpt>
   <trkpt lat="56.2060090" lon="10.0425890">
    <ele>80.8</ele>
   </trkpt>
   <trkpt lat="56.2059830" lon="10.0427190">
    <ele>80.6</ele>
   </trkpt>
   <trkpt lat="56.2059510" lon="10.0428460">
    <ele>80.4</ele>
   </trkpt>
   <trkpt lat="56.2059160" lon="10.0429700">
    <ele>80.2</ele>
   </trkpt>
   <trkpt lat="56.2058800" lon="10.0430910">
    <ele>80.0</ele>
   </trkpt>
   <trkpt lat="56.2058460" lon="10.0432150">
    <ele>79.8</ele>
   </trkpt>
   <trkpt lat="56.2058120" lon="10.0433380">
    <ele>79.8</ele>
   </trkpt>
   <trkpt lat="56.2057750" lon="10.0434620">
    <ele>79.4</ele>
   </trkpt>
   <trkpt lat="56.2057360" lon="10.0435880">
    <ele>79.2</ele>
   </trkpt>
   <trkpt lat="56.2056950" lon="10.0437140">
    <ele>79.2</ele>
   </trkpt>
   <trkpt lat="56.2056510" lon="10.0438420">
    <ele>79.0</ele>
   </trkpt>
   <trkpt lat="56.2056070" lon="10.0439670">
    <ele>78.8</ele>
   </trkpt>
   <trkpt lat="56.2055640" lon="10.0440930">
    <ele>78.6</ele>
   </trkpt>
   <trkpt lat="56.2055220" lon="10.0442210">
    <ele>78.2</ele>
   </trkpt>
   <trkpt lat="56.2054820" lon="10.0443520">
    <ele>77.8</ele>
   </trkpt>
   <trkpt lat="56.2054440" lon="10.0444840">
    <ele>77.4</ele>
   </trkpt>
   <trkpt lat="56.2054060" lon="10.0446170">
    <ele>77.0</ele>
   </trkpt>
   <trkpt lat="56.2053680" lon="10.0447500">
    <ele>76.6</ele>
   </trkpt>
   <trkpt lat="56.2053310" lon="10.0448790">
    <ele>76.2</ele>
   </trkpt>
   <trkpt lat="56.2052960" lon="10.0450090">
    <ele>76.0</ele>
   </trkpt>
   <trkpt lat="56.2052610" lon="10.0451320">
    <ele>75.6</ele>
   </trkpt>
   <trkpt lat="56.2052280" lon="10.0452480">
    <ele>75.4</ele>
   </trkpt>
   <trkpt lat="56.2051920" lon="10.0453600">
    <ele>75.4</ele>
   </trkpt>
   <trkpt lat="56.2051560" lon="10.0454770">
    <ele>75.2</ele>
   </trkpt>
   <trkpt lat="56.2051210" lon="10.0456050">
    <ele>75.0</ele>
   </trkpt>
   <trkpt lat="56.2050860" lon="10.0457340">
    <ele>75.0</ele>
   </trkpt>
   <trkpt lat="56.2050480" lon="10.0458680">
    <ele>74.6</ele>
   </trkpt>
   <trkpt lat="56.2050090" lon="10.0460070">
    <ele>74.4</ele>
   </trkpt>
   <trkpt lat="56.2049690" lon="10.0461440">
    <ele>74.0</ele>
   </trkpt>
   <trkpt lat="56.2049280" lon="10.0462850">
    <ele>73.6</ele>
   </trkpt>
   <trkpt lat="56.2048880" lon="10.0464280">
    <ele>73.2</ele>
   </trkpt>
   <trkpt lat="56.2048470" lon="10.0465700">
    <ele>72.8</ele>
   </trkpt>
   <trkpt lat="56.2048040" lon="10.0467130">
    <ele>72.4</ele>
   </trkpt>
   <trkpt lat="56.2047630" lon="10.0468590">
    <ele>72.0</ele>
   </trkpt>
   <trkpt lat="56.2047220" lon="10.0470090">
    <ele>71.4</ele>
   </trkpt>
   <trkpt lat="56.2046790" lon="10.0471590">
    <ele>71.0</ele>
   </trkpt>
   <trkpt lat="56.2046350" lon="10.0473080">
    <ele>70.4</ele>
   </trkpt>
   <trkpt lat="56.2045910" lon="10.0474590">
    <ele>70.0</ele>
   </trkpt>
   <trkpt lat="56.2045470" lon="10.0476130">
    <ele>69.6</ele>
   </trkpt>
   <trkpt lat="56.2045020" lon="10.0477680">
    <ele>69.2</ele>
   </trkpt>
   <trkpt lat="56.2044570" lon="10.0479250">
    <ele>69.0</ele>
   </trkpt>
   <trkpt lat="56.2044110" lon="10.0480840">
    <ele>68.6</ele>
   </trkpt>
   <trkpt lat="56.2043670" lon="10.0482410">
    <ele>68.2</ele>
   </trkpt>
   <trkpt lat="56.2043220" lon="10.0483990">
    <ele>67.8</ele>
   </trkpt>
   <trkpt lat="56.2042740" lon="10.0485580">
    <ele>67.6</ele>
   </trkpt>
   <trkpt lat="56.2042260" lon="10.0487210">
    <ele>67.2</ele>
   </trkpt>
   <trkpt lat="56.2041800" lon="10.0488850">
    <ele>67.0</ele>
   </trkpt>
   <trkpt lat="56.2041320" lon="10.0490500">
    <ele>66.8</ele>
   </trkpt>
   <trkpt lat="56.2040850" lon="10.0492130">
    <ele>66.6</ele>
   </trkpt>
   <trkpt lat="56.2040390" lon="10.0493730">
    <ele>66.4</ele>
   </trkpt>
   <trkpt lat="56.2039930" lon="10.0495360">
    <ele>66.2</ele>
   </trkpt>
   <trkpt lat="56.2039470" lon="10.0496920">
    <ele>66.0</ele>
   </trkpt>
   <trkpt lat="56.2039020" lon="10.0498500">
    <ele>65.8</ele>
   </trkpt>
   <trkpt lat="56.2038580" lon="10.0500070">
    <ele>65.6</ele>
   </trkpt>
   <trkpt lat="56.2038120" lon="10.0501600">
    <ele>65.4</ele>
   </trkpt>
   <trkpt lat="56.2037680" lon="10.0503120">
    <ele>65.2</ele>
   </trkpt>
   <trkpt lat="56.2037250" lon="10.0504610">
    <ele>65.2</ele>
   </trkpt>
   <trkpt lat="56.2036800" lon="10.0506010">
    <ele>65.2</ele>
   </trkpt>
   <trkpt lat="56.2036260" lon="10.0507280">
    <ele>65.2</ele>
   </trkpt>
   <trkpt lat="56.2035660" lon="10.0508390">
    <ele>65.2</ele>
   </trkpt>
   <trkpt lat="56.2035050" lon="10.0509520">
    <ele>65.2</ele>
   </trkpt>
   <trkpt lat="56.2034470" lon="10.0510750">
    <ele>65.2</ele>
   </trkpt>
   <trkpt lat="56.2033970" lon="10.0512110">
    <ele>65.0</ele>
   </trkpt>
   <trkpt lat="56.2033530" lon="10.0513570">
    <ele>64.8</ele>
   </trkpt>
   <trkpt lat="56.2033100" lon="10.0515020">
    <ele>64.6</ele>
   </trkpt>
   <trkpt lat="56.2032670" lon="10.0516470">
    <ele>64.6</ele>
   </trkpt>
   <trkpt lat="56.2032220" lon="10.0517880">
    <ele>64.4</ele>
   </trkpt>
   <trkpt lat="56.2031750" lon="10.0519300">
    <ele>64.4</ele>
   </trkpt>
   <trkpt lat="56.2031300" lon="10.0520710">
    <ele>64.6</ele>
   </trkpt>
   <trkpt lat="56.2030850" lon="10.0522150">
    <ele>64.6</ele>
   </trkpt>
   <trkpt lat="56.2030410" lon="10.0523590">
    <ele>64.6</ele>
   </trkpt>
   <trkpt lat="56.2029960" lon="10.0525010">
    <ele>64.6</ele>
   </trkpt>
   <trkpt lat="56.2029500" lon="10.0526410">
    <ele>64.6</ele>
   </trkpt>
   <trkpt lat="56.2029050" lon="10.0527800">
    <ele>64.6</ele>
   </trkpt>
   <trkpt lat="56.2028610" lon="10.0529180">
    <ele>64.8</ele>
   </trkpt>
   <trkpt lat="56.2028150" lon="10.0530560">
    <ele>64.8</ele>
   </trkpt>
   <trkpt lat="56.2027690" lon="10.0531910">
    <ele>64.8</ele>
   </trkpt>
   <trkpt lat="56.2027230" lon="10.0533260">
    <ele>65.0</ele>
   </trkpt>
   <trkpt lat="56.2026760" lon="10.0534590">
    <ele>65.2</ele>
   </trkpt>
   <trkpt lat="56.2026290" lon="10.0535940">
    <ele>65.4</ele>
   </trkpt>
   <trkpt lat="56.2025820" lon="10.0537270">
    <ele>65.6</ele>
   </trkpt>
   <trkpt lat="56.2025330" lon="10.0538590">
    <ele>65.6</ele>
   </trkpt>
   <trkpt lat="56.2024840" lon="10.0539940">
    <ele>65.6</ele>
   </trkpt>
   <trkpt lat="56.2024360" lon="10.0541280">
    <ele>65.6</ele>
   </trkpt>
   <trkpt lat="56.2023870" lon="10.0542620">
    <ele>65.4</ele>
   </trkpt>
   <trkpt lat="56.2023390" lon="10.0543920">
    <ele>65.4</ele>
   </trkpt>
   <trkpt lat="56.2022880" lon="10.0545240">
    <ele>65.4</ele>
   </trkpt>
   <trkpt lat="56.2022380" lon="10.0546570">
    <ele>65.4</ele>
   </trkpt>
   <trkpt lat="56.2021880" lon="10.0547870">
    <ele>65.6</ele>
   </trkpt>
   <trkpt lat="56.2021360" lon="10.0549160">
    <ele>65.6</ele>
   </trkpt>
   <trkpt lat="56.2020860" lon="10.0550440">
    <ele>65.6</ele>
   </trkpt>
   <trkpt lat="56.2020370" lon="10.0551740">
    <ele>65.4</ele>
   </trkpt>
   <trkpt lat="56.2019870" lon="10.0552980">
    <ele>65.4</ele>
   </trkpt>
   <trkpt lat="56.2019340" lon="10.0554180">
    <ele>65.4</ele>
   </trkpt>
   <trkpt lat="56.2018830" lon="10.0555380">
    <ele>65.4</ele>
   </trkpt>
   <trkpt lat="56.2018310" lon="10.0556650">
    <ele>65.4</ele>
   </trkpt>
   <trkpt lat="56.2017790" lon="10.0557930">
    <ele>65.4</ele>
   </trkpt>
   <trkpt lat="56.2017280" lon="10.0559200">
    <ele>65.4</ele>
   </trkpt>
   <trkpt lat="56.2016780" lon="10.0560470">
    <ele>65.2</ele>
   </trkpt>
   <trkpt lat="56.2016270" lon="10.0561740">
    <ele>65.2</ele>
   </trkpt>
   <trkpt lat="56.2015740" lon="10.0562940">
    <ele>65.0</ele>
   </trkpt>
   <trkpt lat="56.2015170" lon="10.0564090">
    <ele>65.0</ele>
   </trkpt>
   <trkpt lat="56.2014620" lon="10.0565290">
    <ele>65.0</ele>
   </trkpt>
   <trkpt lat="56.2014140" lon="10.0566580">
    <ele>65.0</ele>
   </trkpt>
   <trkpt lat="56.2013700" lon="10.0567930">
    <ele>65.2</ele>
   </trkpt>
   <trkpt lat="56.2013230" lon="10.0569270">
    <ele>65.2</ele>
   </trkpt>
   <trkpt lat="56.2012710" lon="10.0570510">
    <ele>65.2</ele>
   </trkpt>
   <trkpt lat="56.2012190" lon="10.0571730">
    <ele>65.2</ele>
   </trkpt>
   <trkpt lat="56.2011670" lon="10.0572950">
    <ele>65.2</ele>
   </trkpt>
   <trkpt lat="56.2011150" lon="10.0574200">
    <ele>65.2</ele>
   </trkpt>
   <trkpt lat="56.2010640" lon="10.0575490">
    <ele>65.2</ele>
   </trkpt>
   <trkpt lat="56.2010130" lon="10.0576760">
    <ele>65.0</ele>
   </trkpt>
   <trkpt lat="56.2009590" lon="10.0577990">
    <ele>65.0</ele>
   </trkpt>
   <trkpt lat="56.2009050" lon="10.0579200">
    <ele>64.8</ele>
   </trkpt>
   <trkpt lat="56.2008540" lon="10.0580470">
    <ele>64.8</ele>
   </trkpt>
   <trkpt lat="56.2008020" lon="10.0581730">
    <ele>64.6</ele>
   </trkpt>
   <trkpt lat="56.2007510" lon="10.0582990">
    <ele>64.6</ele>
   </trkpt>
   <trkpt lat="56.2007010" lon="10.0584220">
    <ele>64.6</ele>
   </trkpt>
   <trkpt lat="56.2006500" lon="10.0585490">
    <ele>64.4</ele>
   </trkpt>
   <trkpt lat="56.2005970" lon="10.0586740">
    <ele>64.4</ele>
   </trkpt>
   <trkpt lat="56.2005450" lon="10.0587970">
    <ele>64.4</ele>
   </trkpt>
   <trkpt lat="56.2004940" lon="10.0589210">
    <ele>64.4</ele>
   </trkpt>
   <trkpt lat="56.2004430" lon="10.0590480">
    <ele>64.4</ele>
   </trkpt>
   <trkpt lat="56.2003910" lon="10.0591740">
    <ele>64.4</ele>
   </trkpt>
   <trkpt lat="56.2003390" lon="10.0593000">
    <ele>64.4</ele>
   </trkpt>
   <trkpt lat="56.2002880" lon="10.0594280">
    <ele>64.2</ele>
   </trkpt>
   <trkpt lat="56.2002370" lon="10.0595530">
    <ele>64.2</ele>
   </trkpt>
   <trkpt lat="56.2001860" lon="10.0596750">
    <ele>64.2</ele>
   </trkpt>
   <trkpt lat="56.2001340" lon="10.0597990">
    <ele>64.4</ele>
   </trkpt>
   <trkpt lat="56.2000830" lon="10.0599190">
    <ele>64.4</ele>
   </trkpt>
   <trkpt lat="56.2000320" lon="10.0600390">
    <ele>64.4</ele>
   </trkpt>
   <trkpt lat="56.1999820" lon="10.0601600">
    <ele>64.4</ele>
   </trkpt>
   <trkpt lat="56.1999340" lon="10.0602810">
    <ele>64.6</ele>
   </trkpt>
   <trkpt lat="56.1998840" lon="10.0604020">
    <ele>64.6</ele>
   </trkpt>
   <trkpt lat="56.1998350" lon="10.0605200">
    <ele>64.8</ele>
   </trkpt>
   <trkpt lat="56.1997820" lon="10.0606360">
    <ele>65.0</ele>
   </trkpt>
   <trkpt lat="56.1997280" lon="10.0607480">
    <ele>65.0</ele>
   </trkpt>
   <trkpt lat="56.1996720" lon="10.0608590">
    <ele>65.2</ele>
   </trkpt>
   <trkpt lat="56.1996210" lon="10.0609760">
    <ele>65.2</ele>
   </trkpt>
   <trkpt lat="56.1995740" lon="10.0610990">
    <ele>65.2</ele>
   </trkpt>
   <trkpt lat="56.1995310" lon="10.0612250">
    <ele>65.2</ele>
   </trkpt>
   <trkpt lat="56.1994880" lon="10.0613470">
    <ele>65.2</ele>
   </trkpt>
   <trkpt lat="56.1994410" lon="10.0614660">
    <ele>65.2</ele>
   </trkpt>
   <trkpt lat="56.1993930" lon="10.0615840">
    <ele>65.2</ele>
   </trkpt>
   <trkpt lat="56.1993450" lon="10.0617010">
    <ele>65.2</ele>
   </trkpt>
   <trkpt lat="56.1992970" lon="10.0618150">
    <ele>65.4</ele>
   </trkpt>
   <trkpt lat="56.1992510" lon="10.0619270">
    <ele>65.4</ele>
   </trkpt>
   <trkpt lat="56.1992030" lon="10.0620380">
    <ele>65.4</ele>
   </trkpt>
   <trkpt lat="56.1991520" lon="10.0621460">
    <ele>65.6</ele>
   </trkpt>
   <trkpt lat="56.1991020" lon="10.0622530">
    <ele>65.8</ele>
   </trkpt>
   <trkpt lat="56.1990550" lon="10.0623650">
    <ele>65.8</ele>
   </trkpt>
   <trkpt lat="56.1990130" lon="10.0624840">
    <ele>66.0</ele>
   </trkpt>
   <trkpt lat="56.1989720" lon="10.0626030">
    <ele>66.0</ele>
   </trkpt>
   <trkpt lat="56.1989270" lon="10.0627190">
    <ele>66.0</ele>
   </trkpt>
   <trkpt lat="56.1988810" lon="10.0628320">
    <ele>66.0</ele>
   </trkpt>
   <trkpt lat="56.1988340" lon="10.0629420">
    <ele>66.0</ele>
   </trkpt>
   <trkpt lat="56.1987880" lon="10.0630530">
    <ele>66.2</ele>
   </trkpt>
   <trkpt lat="56.1987400" lon="10.0631640">
    <ele>66.2</ele>
   </trkpt>
   <trkpt lat="56.1986950" lon="10.0632730">
    <ele>66.2</ele>
   </trkpt>
   <trkpt lat="56.1986500" lon="10.0633830">
    <ele>66.4</ele>
   </trkpt>
   <trkpt lat="56.1986020" lon="10.0634920">
    <ele>66.4</ele>
   </trkpt>
   <trkpt lat="56.1985580" lon="10.0635990">
    <ele>66.4</ele>
   </trkpt>
   <trkpt lat="56.1985140" lon="10.0637070">
    <ele>66.4</ele>
   </trkpt>
   <trkpt lat="56.1984700" lon="10.0638140">
    <ele>66.4</ele>
   </trkpt>
   <trkpt lat="56.1984260" lon="10.0639230">
    <ele>66.2</ele>
   </trkpt>
   <trkpt lat="56.1983830" lon="10.0640330">
    <ele>66.4</ele>
   </trkpt>
   <trkpt lat="56.1983380" lon="10.0641420">
    <ele>66.4</ele>
   </trkpt>
   <trkpt lat="56.1982910" lon="10.0642500">
    <ele>66.4</ele>
   </trkpt>
   <trkpt lat="56.1982460" lon="10.0643590">
    <ele>66.6</ele>
   </trkpt>
   <trkpt lat="56.1982000" lon="10.0644680">
    <ele>66.6</ele>
   </trkpt>
   <trkpt lat="56.1981540" lon="10.0645820">
    <ele>66.6</ele>
   </trkpt>
   <trkpt lat="56.1981090" lon="10.0646960">
    <ele>66.4</ele>
   </trkpt>
   <trkpt lat="56.1980620" lon="10.0648090">
    <ele>66.4</ele>
   </trkpt>
   <trkpt lat="56.1980150" lon="10.0649210">
    <ele>66.2</ele>
   </trkpt>
   <trkpt lat="56.1979680" lon="10.0650350">
    <ele>66.2</ele>
   </trkpt>
   <trkpt lat="56.1979200" lon="10.0651490">
    <ele>66.0</ele>
   </trkpt>
   <trkpt lat="56.1978720" lon="10.0652640">
    <ele>66.0</ele>
   </trkpt>
   <trkpt lat="56.1978240" lon="10.0653800">
    <ele>65.6</ele>
   </trkpt>
   <trkpt lat="56.1977750" lon="10.0654980">
    <ele>65.6</ele>
   </trkpt>
   <trkpt lat="56.1977290" lon="10.0656180">
    <ele>65.4</ele>
   </trkpt>
   <trkpt lat="56.1976800" lon="10.0657430">
    <ele>65.2</ele>
   </trkpt>
   <trkpt lat="56.1976280" lon="10.0658660">
    <ele>65.2</ele>
   </trkpt>
   <trkpt lat="56.1975760" lon="10.0659880">
    <ele>65.2</ele>
   </trkpt>
   <trkpt lat="56.1975260" lon="10.0661110">
    <ele>65.2</ele>
   </trkpt>
   <trkpt lat="56.1974770" lon="10.0662360">
    <ele>65.2</ele>
   </trkpt>
   <trkpt lat="56.1974270" lon="10.0663570">
    <ele>65.2</ele>
   </trkpt>
   <trkpt lat="56.1973760" lon="10.0664810">
    <ele>65.2</ele>
   </trkpt>
   <trkpt lat="56.1973230" lon="10.0666080">
    <ele>65.0</ele>
   </trkpt>
   <trkpt lat="56.1972700" lon="10.0667330">
    <ele>64.8</ele>
   </trkpt>
   <trkpt lat="56.1972160" lon="10.0668610">
    <ele>64.6</ele>
   </trkpt>
   <trkpt lat="56.1971620" lon="10.0669910">
    <ele>64.4</ele>
   </trkpt>
   <trkpt lat="56.1971050" lon="10.0671190">
    <ele>64.2</ele>
   </trkpt>
   <trkpt lat="56.1970460" lon="10.0672450">
    <ele>64.0</ele>
   </trkpt>
   <trkpt lat="56.1969840" lon="10.0673710">
    <ele>64.0</ele>
   </trkpt>
   <trkpt lat="56.1969260" lon="10.0675050">
    <ele>63.6</ele>
   </trkpt>
   <trkpt lat="56.1968740" lon="10.0676460">
    <ele>63.2</ele>
   </trkpt>
   <trkpt lat="56.1968260" lon="10.0677940">
    <ele>62.8</ele>
   </trkpt>
   <trkpt lat="56.1967730" lon="10.0679400">
    <ele>62.6</ele>
   </trkpt>
   <trkpt lat="56.1967160" lon="10.0680790">
    <ele>62.2</ele>
   </trkpt>
   <trkpt lat="56.1966580" lon="10.0682170">
    <ele>62.2</ele>
   </trkpt>
   <trkpt lat="56.1966000" lon="10.0683550">
    <ele>62.0</ele>
   </trkpt>
   <trkpt lat="56.1965400" lon="10.0684930">
    <ele>61.8</ele>
   </trkpt>
   <trkpt lat="56.1964800" lon="10.0686320">
    <ele>61.6</ele>
   </trkpt>
   <trkpt lat="56.1964220" lon="10.0687720">
    <ele>61.4</ele>
   </trkpt>
   <trkpt lat="56.1963640" lon="10.0689160">
    <ele>61.0</ele>
   </trkpt>
   <trkpt lat="56.1963040" lon="10.0690600">
    <ele>60.8</ele>
   </trkpt>
   <trkpt lat="56.1962430" lon="10.0692040">
    <ele>60.4</ele>
   </trkpt>
   <trkpt lat="56.1961850" lon="10.0693480">
    <ele>60.2</ele>
   </trkpt>
   <trkpt lat="56.1961260" lon="10.0694910">
    <ele>60.0</ele>
   </trkpt>
   <trkpt lat="56.1960670" lon="10.0696310">
    <ele>59.8</ele>
   </trkpt>
   <trkpt lat="56.1960050" lon="10.0697700">
    <ele>59.6</ele>
   </trkpt>
   <trkpt lat="56.1959440" lon="10.0699080">
    <ele>59.4</ele>
   </trkpt>
   <trkpt lat="56.1958840" lon="10.0700480">
    <ele>59.2</ele>
   </trkpt>
   <trkpt lat="56.1958250" lon="10.0701890">
    <ele>59.0</ele>
   </trkpt>
   <trkpt lat="56.1957670" lon="10.0703300">
    <ele>58.8</ele>
   </trkpt>
   <trkpt lat="56.1957100" lon="10.0704710">
    <ele>58.8</ele>
   </trkpt>
   <trkpt lat="56.1956530" lon="10.0706110">
    <ele>58.8</ele>
   </trkpt>
   <trkpt lat="56.1955960" lon="10.0707520">
    <ele>58.8</ele>
   </trkpt>
   <trkpt lat="56.1955390" lon="10.0708910">
    <ele>58.8</ele>
   </trkpt>
   <trkpt lat="56.1954820" lon="10.0710300">
    <ele>58.8</ele>
   </trkpt>
   <trkpt lat="56.1954260" lon="10.0711680">
    <ele>58.8</ele>
   </trkpt>
   <trkpt lat="56.1953720" lon="10.0713050">
    <ele>59.0</ele>
   </trkpt>
   <trkpt lat="56.1953180" lon="10.0714420">
    <ele>59.0</ele>
   </trkpt>
   <trkpt lat="56.1952660" lon="10.0715780">
    <ele>59.0</ele>
   </trkpt>
   <trkpt lat="56.1952150" lon="10.0717150">
    <ele>58.8</ele>
   </trkpt>
   <trkpt lat="56.1951680" lon="10.0718520">
    <ele>58.8</ele>
   </trkpt>
   <trkpt lat="56.1951190" lon="10.0719900">
    <ele>58.8</ele>
   </trkpt>
   <trkpt lat="56.1950660" lon="10.0721260">
    <ele>59.0</ele>
   </trkpt>
   <trkpt lat="56.1950120" lon="10.0722600">
    <ele>58.8</ele>
   </trkpt>
   <trkpt lat="56.1949570" lon="10.0723950">
    <ele>59.0</ele>
   </trkpt>
   <trkpt lat="56.1949010" lon="10.0725310">
    <ele>58.8</ele>
   </trkpt>
   <trkpt lat="56.1948440" lon="10.0726670">
    <ele>58.8</ele>
   </trkpt>
   <trkpt lat="56.1947880" lon="10.0728060">
    <ele>58.6</ele>
   </trkpt>
   <trkpt lat="56.1947320" lon="10.0729430">
    <ele>58.6</ele>
   </trkpt>
   <trkpt lat="56.1946750" lon="10.0730810">
    <ele>58.4</ele>
   </trkpt>
   <trkpt lat="56.1946170" lon="10.0732190">
    <ele>58.2</ele>
   </trkpt>
   <trkpt lat="56.1945590" lon="10.0733540">
    <ele>58.0</ele>
   </trkpt>
   <trkpt lat="56.1944970" lon="10.0734840">
    <ele>57.8</ele>
   </trkpt>
   <trkpt lat="56.1944350" lon="10.0736100">
    <ele>57.8</ele>
   </trkpt>
   <trkpt lat="56.1943740" lon="10.0737330">
    <ele>58.0</ele>
   </trkpt>
   <trkpt lat="56.1943160" lon="10.0738580">
    <ele>58.0</ele>
   </trkpt>
   <trkpt lat="56.1942600" lon="10.0739830">
    <ele>58.2</ele>
   </trkpt>
   <trkpt lat="56.1942050" lon="10.0741040">
    <ele>58.2</ele>
   </trkpt>
   <trkpt lat="56.1941520" lon="10.0742280">
    <ele>58.4</ele>
   </trkpt>
   <trkpt lat="56.1941010" lon="10.0743520">
    <ele>58.8</ele>
   </trkpt>
   <trkpt lat="56.1940500" lon="10.0744720">
    <ele>59.0</ele>
   </trkpt>
   <trkpt lat="56.1940000" lon="10.0745890">
    <ele>59.4</ele>
   </trkpt>
   <trkpt lat="56.1939470" lon="10.0747050">
    <ele>59.8</ele>
   </trkpt>
   <trkpt lat="56.1938950" lon="10.0748150">
    <ele>60.0</ele>
   </trkpt>
   <trkpt lat="56.1938420" lon="10.0749200">
    <ele>60.4</ele>
   </trkpt>
   <trkpt lat="56.1937900" lon="10.0750240">
    <ele>60.8</ele>
   </trkpt>
   <trkpt lat="56.1937370" lon="10.0751300">
    <ele>61.0</ele>
   </trkpt>
   <trkpt lat="56.1936900" lon="10.0752390">
    <ele>61.4</ele>
   </trkpt>
   <trkpt lat="56.1936460" lon="10.0753520">
    <ele>61.6</ele>
   </trkpt>
   <trkpt lat="56.1936020" lon="10.0754650">
    <ele>62.0</ele>
   </trkpt>
   <trkpt lat="56.1935620" lon="10.0755810">
    <ele>62.2</ele>
   </trkpt>
   <trkpt lat="56.1935290" lon="10.0757060">
    <ele>62.2</ele>
   </trkpt>
   <trkpt lat="56.1934940" lon="10.0758260">
    <ele>62.6</ele>
   </trkpt>
   <trkpt lat="56.1934520" lon="10.0759400">
    <ele>62.8</ele>
   </trkpt>
   <trkpt lat="56.1934090" lon="10.0760480">
    <ele>63.0</ele>
   </trkpt>
   <trkpt lat="56.1933660" lon="10.0761560">
    <ele>63.0</ele>
   </trkpt>
   <trkpt lat="56.1933240" lon="10.0762620">
    <ele>63.2</ele>
   </trkpt>
   <trkpt lat="56.1932820" lon="10.0763680">
    <ele>63.4</ele>
   </trkpt>
   <trkpt lat="56.1932390" lon="10.0764730">
    <ele>63.4</ele>
   </trkpt>
   <trkpt lat="56.1931950" lon="10.0765800">
    <ele>63.4</ele>
   </trkpt>
   <trkpt lat="56.1931530" lon="10.0766890">
    <ele>63.6</ele>
   </trkpt>
   <trkpt lat="56.1931110" lon="10.0767950">
    <ele>63.6</ele>
   </trkpt>
   <trkpt lat="56.1930680" lon="10.0769020">
    <ele>63.6</ele>
   </trkpt>
   <trkpt lat="56.1930240" lon="10.0770080">
    <ele>63.8</ele>
   </trkpt>
   <trkpt lat="56.1929800" lon="10.0771120">
    <ele>63.8</ele>
   </trkpt>
   <trkpt lat="56.1929330" lon="10.0772190">
    <ele>63.8</ele>
   </trkpt>
   <trkpt lat="56.1928870" lon="10.0773270">
    <ele>63.8</ele>
   </trkpt>
   <trkpt lat="56.1928410" lon="10.0774400">
    <ele>63.8</ele>
   </trkpt>
   <trkpt lat="56.1927930" lon="10.0775490">
    <ele>63.6</ele>
   </trkpt>
   <trkpt lat="56.1927450" lon="10.0776540">
    <ele>63.4</ele>
   </trkpt>
   <trkpt lat="56.1926990" lon="10.0777640">
    <ele>63.2</ele>
   </trkpt>
   <trkpt lat="56.1926540" lon="10.0778750">
    <ele>63.0</ele>
   </trkpt>
   <trkpt lat="56.1926080" lon="10.0779850">
    <ele>63.0</ele>
   </trkpt>
   <trkpt lat="56.1925630" lon="10.0780950">
    <ele>62.8</ele>
   </trkpt>
   <trkpt lat="56.1925170" lon="10.0782060">
    <ele>62.6</ele>
   </trkpt>
   <trkpt lat="56.1924700" lon="10.0783200">
    <ele>62.6</ele>
   </trkpt>
   <trkpt lat="56.1924220" lon="10.0784370">
    <ele>62.2</ele>
   </trkpt>
   <trkpt lat="56.1923740" lon="10.0785560">
    <ele>62.0</ele>
   </trkpt>
   <trkpt lat="56.1923250" lon="10.0786750">
    <ele>61.8</ele>
   </trkpt>
   <trkpt lat="56.1922740" lon="10.0787950">
    <ele>61.4</ele>
   </trkpt>
   <trkpt lat="56.1922220" lon="10.0789180">
    <ele>61.0</ele>
   </trkpt>
   <trkpt lat="56.1921700" lon="10.0790440">
    <ele>60.6</ele>
   </trkpt>
   <trkpt lat="56.1921180" lon="10.0791720">
    <ele>60.2</ele>
   </trkpt>
   <trkpt lat="56.1920660" lon="10.0793020">
    <ele>59.8</ele>
   </trkpt>
   <trkpt lat="56.1920120" lon="10.0794340">
    <ele>59.2</ele>
   </trkpt>
   <trkpt lat="56.1919560" lon="10.0795700">
    <ele>58.8</ele>
   </trkpt>
   <trkpt lat="56.1918970" lon="10.0797060">
    <ele>58.2</ele>
   </trkpt>
   <trkpt lat="56.1918400" lon="10.0798420">
    <ele>57.8</ele>
   </trkpt>
   <trkpt lat="56.1917820" lon="10.0799830">
    <ele>57.2</ele>
   </trkpt>
   <trkpt lat="56.1917220" lon="10.0801250">
    <ele>56.6</ele>
   </trkpt>
   <trkpt lat="56.1916620" lon="10.0802690">
    <ele>56.0</ele>
   </trkpt>
   <trkpt lat="56.1916030" lon="10.0804150">
    <ele>55.6</ele>
   </trkpt>
   <trkpt lat="56.1915420" lon="10.0805630">
    <ele>55.0</ele>
   </trkpt>
   <trkpt lat="56.1914830" lon="10.0807120">
    <ele>54.6</ele>
   </trkpt>
   <trkpt lat="56.1914230" lon="10.0808650">
    <ele>54.0</ele>
   </trkpt>
   <trkpt lat="56.1913620" lon="10.0810180">
    <ele>53.6</ele>
   </trkpt>
   <trkpt lat="56.1913030" lon="10.0811740">
    <ele>53.0</ele>
   </trkpt>
   <trkpt lat="56.1912420" lon="10.0813300">
    <ele>52.6</ele>
   </trkpt>
   <trkpt lat="56.1911810" lon="10.0814870">
    <ele>52.4</ele>
   </trkpt>
   <trkpt lat="56.1911190" lon="10.0816400">
    <ele>52.2</ele>
   </trkpt>
   <trkpt lat="56.1910580" lon="10.0817870">
    <ele>52.0</ele>
   </trkpt>
   <trkpt lat="56.1909980" lon="10.0819320">
    <ele>51.8</ele>
   </trkpt>
   <trkpt lat="56.1909380" lon="10.0820730">
    <ele>51.6</ele>
   </trkpt>
   <trkpt lat="56.1908800" lon="10.0822120">
    <ele>51.6</ele>
   </trkpt>
   <trkpt lat="56.1908220" lon="10.0823520">
    <ele>51.4</ele>
   </trkpt>
   <trkpt lat="56.1907610" lon="10.0824930">
    <ele>51.2</ele>
   </trkpt>
   <trkpt lat="56.1906980" lon="10.0826330">
    <ele>51.2</ele>
   </trkpt>
   <trkpt lat="56.1906360" lon="10.0827750">
    <ele>51.0</ele>
   </trkpt>
   <trkpt lat="56.1905710" lon="10.0829090">
    <ele>50.8</ele>
   </trkpt>
   <trkpt lat="56.1905040" lon="10.0830340">
    <ele>50.8</ele>
   </trkpt>
   <trkpt lat="56.1904430" lon="10.0831670">
    <ele>50.8</ele>
   </trkpt>
   <trkpt lat="56.1903900" lon="10.0833040">
    <ele>50.6</ele>
   </trkpt>
   <trkpt lat="56.1903410" lon="10.0834480">
    <ele>50.6</ele>
   </trkpt>
   <trkpt lat="56.1902930" lon="10.0835930">
    <ele>50.6</ele>
   </trkpt>
   <trkpt lat="56.1902410" lon="10.0837300">
    <ele>50.6</ele>
   </trkpt>
   <trkpt lat="56.1901870" lon="10.0838620">
    <ele>50.6</ele>
   </trkpt>
   <trkpt lat="56.1901340" lon="10.0839910">
    <ele>50.6</ele>
   </trkpt>
   <trkpt lat="56.1900810" lon="10.0841200">
    <ele>50.8</ele>
   </trkpt>
   <trkpt lat="56.1900320" lon="10.0842490">
    <ele>50.8</ele>
   </trkpt>
   <trkpt lat="56.1899830" lon="10.0843760">
    <ele>51.0</ele>
   </trkpt>
   <trkpt lat="56.1899340" lon="10.0845000">
    <ele>51.4</ele>
   </trkpt>
   <trkpt lat="56.1898870" lon="10.0846220">
    <ele>51.6</ele>
   </trkpt>
   <trkpt lat="56.1898380" lon="10.0847380">
    <ele>52.0</ele>
   </trkpt>
   <trkpt lat="56.1897890" lon="10.0848500">
    <ele>52.4</ele>
   </trkpt>
   <trkpt lat="56.1897410" lon="10.0849610">
    <ele>53.0</ele>
   </trkpt>
   <trkpt lat="56.1896940" lon="10.0850710">
    <ele>53.2</ele>
   </trkpt>
   <trkpt lat="56.1896500" lon="10.0851810">
    <ele>53.6</ele>
   </trkpt>
   <trkpt lat="56.1896050" lon="10.0852860">
    <ele>54.0</ele>
   </trkpt>
   <trkpt lat="56.1895590" lon="10.0853870">
    <ele>54.4</ele>
   </trkpt>
   <trkpt lat="56.1895140" lon="10.0854890">
    <ele>55.0</ele>
   </trkpt>
   <trkpt lat="56.1894680" lon="10.0855890">
    <ele>55.4</ele>
   </trkpt>
   <trkpt lat="56.1894230" lon="10.0856910">
    <ele>55.8</ele>
   </trkpt>
   <trkpt lat="56.1893790" lon="10.0857940">
    <ele>56.2</ele>
   </trkpt>
   <trkpt lat="56.1893370" lon="10.0858930">
    <ele>56.4</ele>
   </trkpt>
   <trkpt lat="56.1892940" lon="10.0859940">
    <ele>57.0</ele>
   </trkpt>
   <trkpt lat="56.1892540" lon="10.0860990">
    <ele>57.4</ele>
   </trkpt>
   <trkpt lat="56.1892150" lon="10.0861970">
    <ele>57.8</ele>
   </trkpt>
   <trkpt lat="56.1891750" lon="10.0862920">
    <ele>58.2</ele>
   </trkpt>
   <trkpt lat="56.1891340" lon="10.0863860">
    <ele>58.6</ele>
   </trkpt>
   <trkpt lat="56.1890950" lon="10.0864780">
    <ele>59.0</ele>
   </trkpt>
   <trkpt lat="56.1890630" lon="10.0865690">
    <ele>59.6</ele>
   </trkpt>
   <trkpt lat="56.1890280" lon="10.0866540">
    <ele>60.0</ele>
   </trkpt>
   <trkpt lat="56.1889960" lon="10.0867360">
    <ele>60.6</ele>
   </trkpt>
   <trkpt lat="56.1889640" lon="10.0868170">
    <ele>61.0</ele>
   </trkpt>
   <trkpt lat="56.1889310" lon="10.0869010">
    <ele>61.4</ele>
   </trkpt>
   <trkpt lat="56.1888970" lon="10.0869780">
    <ele>62.0</ele>
   </trkpt>
   <trkpt lat="56.1888630" lon="10.0870540">
    <ele>62.4</ele>
   </trkpt>
   <trkpt lat="56.1888300" lon="10.0871260">
    <ele>62.6</ele>
   </trkpt>
   <trkpt lat="56.1888000" lon="10.0871950">
    <ele>63.0</ele>
   </trkpt>
   <trkpt lat="56.1887730" lon="10.0872660">
    <ele>63.4</ele>
   </trkpt>
   <trkpt lat="56.1887470" lon="10.0873340">
    <ele>63.6</ele>
   </trkpt>
   <trkpt lat="56.1887220" lon="10.0874020">
    <ele>63.8</ele>
   </trkpt>
   <trkpt lat="56.1886960" lon="10.0874650">
    <ele>64.2</ele>
   </trkpt>
   <trkpt lat="56.1886700" lon="10.0875270">
    <ele>64.4</ele>
   </trkpt>
   <trkpt lat="56.1886440" lon="10.0875850">
    <ele>64.6</ele>
   </trkpt>
   <trkpt lat="56.1886180" lon="10.0876390">
    <ele>64.8</ele>
   </trkpt>
   <trkpt lat="56.1885950" lon="10.0876960">
    <ele>65.2</ele>
   </trkpt>
   <trkpt lat="56.1885730" lon="10.0877540">
    <ele>65.2</ele>
   </trkpt>
   <trkpt lat="56.1885500" lon="10.0878140">
    <ele>65.4</ele>
   </trkpt>
   <trkpt lat="56.1885260" lon="10.0878720">
    <ele>65.6</ele>
   </trkpt>
   <trkpt lat="56.1885010" lon="10.0879300">
    <ele>65.8</ele>
   </trkpt>
   <trkpt lat="56.1884790" lon="10.0879900">
    <ele>66.0</ele>
   </trkpt>
   <trkpt lat="56.1884610" lon="10.0880540">
    <ele>66.2</ele>
   </trkpt>
   <trkpt lat="56.1884440" lon="10.0881180">
    <ele>66.4</ele>
   </trkpt>
   <trkpt lat="56.1884230" lon="10.0881800">
    <ele>66.6</ele>
   </trkpt>
   <trkpt lat="56.1883980" lon="10.0882380">
    <ele>66.6</ele>
   </trkpt>
   <trkpt lat="56.1883710" lon="10.0882960">
    <ele>66.8</ele>
   </trkpt>
   <trkpt lat="56.1883430" lon="10.0883520">
    <ele>67.0</ele>
   </trkpt>
   <trkpt lat="56.1883170" lon="10.0884130">
    <ele>67.0</ele>
   </trkpt>
   <trkpt lat="56.1882920" lon="10.0884760">
    <ele>67.2</ele>
   </trkpt>
   <trkpt lat="56.1882660" lon="10.0885430">
    <ele>67.4</ele>
   </trkpt>
   <trkpt lat="56.1882370" lon="10.0886040">
    <ele>67.4</ele>
   </trkpt>
   <trkpt lat="56.1882080" lon="10.0886650">
    <ele>67.6</ele>
   </trkpt>
   <trkpt lat="56.1881810" lon="10.0887260">
    <ele>67.6</ele>
   </trkpt>
   <trkpt lat="56.1881540" lon="10.0887880">
    <ele>67.8</ele>
   </trkpt>
   <trkpt lat="56.1881270" lon="10.0888540">
    <ele>67.8</ele>
   </trkpt>
   <trkpt lat="56.1881020" lon="10.0889180">
    <ele>68.0</ele>
   </trkpt>
   <trkpt lat="56.1880770" lon="10.0889840">
    <ele>68.0</ele>
   </trkpt>
   <trkpt lat="56.1880530" lon="10.0890450">
    <ele>68.2</ele>
   </trkpt>
   <trkpt lat="56.1880290" lon="10.0891030">
    <ele>68.2</ele>
   </trkpt>
   <trkpt lat="56.1880050" lon="10.0891600">
    <ele>68.4</ele>
   </trkpt>
   <trkpt lat="56.1879810" lon="10.0892260">
    <ele>68.4</ele>
   </trkpt>
   <trkpt lat="56.1879620" lon="10.0892990">
    <ele>68.4</ele>
   </trkpt>
   <trkpt lat="56.1879420" lon="10.0893760">
    <ele>68.4</ele>
   </trkpt>
   <trkpt lat="56.1879170" lon="10.0894500">
    <ele>68.4</ele>
   </trkpt>
   <trkpt lat="56.1878870" lon="10.0895210">
    <ele>68.4</ele>
   </trkpt>
   <trkpt lat="56.1878560" lon="10.0895960">
    <ele>68.6</ele>
   </trkpt>
   <trkpt lat="56.1878250" lon="10.0896710">
    <ele>68.6</ele>
   </trkpt>
   <trkpt lat="56.1877930" lon="10.0897470">
    <ele>68.6</ele>
   </trkpt>
   <trkpt lat="56.1877600" lon="10.0898240">
    <ele>68.6</ele>
   </trkpt>
   <trkpt lat="56.1877250" lon="10.0899060">
    <ele>68.6</ele>
   </trkpt>
   <trkpt lat="56.1876910" lon="10.0899920">
    <ele>68.6</ele>
   </trkpt>
   <trkpt lat="56.1876550" lon="10.0900780">
    <ele>68.6</ele>
   </trkpt>
   <trkpt lat="56.1876190" lon="10.0901690">
    <ele>68.6</ele>
   </trkpt>
   <trkpt lat="56.1875830" lon="10.0902580">
    <ele>68.6</ele>
   </trkpt>
   <trkpt lat="56.1875450" lon="10.0903470">
    <ele>68.6</ele>
   </trkpt>
   <trkpt lat="56.1875080" lon="10.0904360">
    <ele>68.8</ele>
   </trkpt>
   <trkpt lat="56.1874690" lon="10.0905280">
    <ele>68.8</ele>
   </trkpt>
   <trkpt lat="56.1874320" lon="10.0906180">
    <ele>68.8</ele>
   </trkpt>
   <trkpt lat="56.1873920" lon="10.0907100">
    <ele>69.0</ele>
   </trkpt>
   <trkpt lat="56.1873560" lon="10.0908040">
    <ele>69.0</ele>
   </trkpt>
   <trkpt lat="56.1873200" lon="10.0908960">
    <ele>69.0</ele>
   </trkpt>
   <trkpt lat="56.1872820" lon="10.0909870">
    <ele>69.0</ele>
   </trkpt>
   <trkpt lat="56.1872430" lon="10.0910800">
    <ele>69.0</ele>
   </trkpt>
   <trkpt lat="56.1872050" lon="10.0911720">
    <ele>69.0</ele>
   </trkpt>
   <trkpt lat="56.1871660" lon="10.0912670">
    <ele>69.0</ele>
   </trkpt>
   <trkpt lat="56.1871260" lon="10.0913630">
    <ele>69.0</ele>
   </trkpt>
   <trkpt lat="56.1870850" lon="10.0914570">
    <ele>69.0</ele>
   </trkpt>
   <trkpt lat="56.1870450" lon="10.0915500">
    <ele>69.0</ele>
   </trkpt>
   <trkpt lat="56.1870060" lon="10.0916420">
    <ele>69.0</ele>
   </trkpt>
   <trkpt lat="56.1869670" lon="10.0917360">
    <ele>69.0</ele>
   </trkpt>
   <trkpt lat="56.1869280" lon="10.0918340">
    <ele>69.0</ele>
   </trkpt>
   <trkpt lat="56.1868900" lon="10.0919340">
    <ele>69.2</ele>
   </trkpt>
   <trkpt lat="56.1868510" lon="10.0920320">
    <ele>69.2</ele>
   </trkpt>
   <trkpt lat="56.1868140" lon="10.0921340">
    <ele>69.2</ele>
   </trkpt>
   <trkpt lat="56.1867770" lon="10.0922370">
    <ele>69.2</ele>
   </trkpt>
   <trkpt lat="56.1867410" lon="10.0923370">
    <ele>69.2</ele>
   </trkpt>
   <trkpt lat="56.1867040" lon="10.0924360">
    <ele>69.2</ele>
   </trkpt>
   <trkpt lat="56.1866660" lon="10.0925330">
    <ele>69.2</ele>
   </trkpt>
   <trkpt lat="56.1866250" lon="10.0926240">
    <ele>69.4</ele>
   </trkpt>
   <trkpt lat="56.1865830" lon="10.0927150">
    <ele>69.2</ele>
   </trkpt>
   <trkpt lat="56.1865440" lon="10.0928120">
    <ele>69.2</ele>
   </trkpt>
   <trkpt lat="56.1865140" lon="10.0929200">
    <ele>69.2</ele>
   </trkpt>
   <trkpt lat="56.1864880" lon="10.0930340">
    <ele>69.0</ele>
   </trkpt>
   <trkpt lat="56.1864680" lon="10.0931530">
    <ele>68.6</ele>
   </trkpt>
   <trkpt lat="56.1864460" lon="10.0932820">
    <ele>68.4</ele>
   </trkpt>
   <trkpt lat="56.1864240" lon="10.0934150">
    <ele>68.2</ele>
   </trkpt>
   <trkpt lat="56.1864040" lon="10.0935430">
    <ele>67.4</ele>
   </trkpt>
   <trkpt lat="56.1863850" lon="10.0936670">
    <ele>67.0</ele>
   </trkpt>
   <trkpt lat="56.1863650" lon="10.0937860">
    <ele>66.6</ele>
   </trkpt>
   <trkpt lat="56.1863420" lon="10.0938910">
    <ele>66.2</ele>
   </trkpt>
   <trkpt lat="56.1863210" lon="10.0939750">
    <ele>66.0</ele>
   </trkpt>
   <trkpt lat="56.1862980" lon="10.0940380">
    <ele>65.8</ele>
   </trkpt>
   <trkpt lat="56.1862720" lon="10.0940720">
    <ele>65.6</ele>
   </trkpt>
   <trkpt lat="56.1862460" lon="10.0940800">
    <ele>65.4</ele>
   </trkpt>
   <trkpt lat="56.1862140" lon="10.0940650">
    <ele>65.0</ele>
   </trkpt>
   <trkpt lat="56.1861630" lon="10.0940280">
    <ele>64.8</ele>
   </trkpt>
   <trkpt lat="56.1861010" lon="10.0939850">
    <ele>64.2</ele>
   </trkpt>
   <trkpt lat="56.1860350" lon="10.0939460">
    <ele>63.8</ele>
   </trkpt>
   <trkpt lat="56.1859620" lon="10.0939260">
    <ele>63.4</ele>
   </trkpt>
   <trkpt lat="56.1858910" lon="10.0939100">
    <ele>63.0</ele>
   </trkpt>
   <trkpt lat="56.1858140" lon="10.0939010">
    <ele>62.8</ele>
   </trkpt>
   <trkpt lat="56.1857700" lon="10.0938840">
    <ele>62.6</ele>
   </trkpt>
   <trkpt lat="56.1857260" lon="10.0938670">
    <ele>62.8</ele>
   </trkpt>
   <trkpt lat="56.1856370" lon="10.0938330">
    <ele>62.8</ele>
   </trkpt>
   <trkpt lat="56.1856150" lon="10.0939110">
    <ele>63.0</ele>
   </trkpt>
   <trkpt lat="56.1856140" lon="10.0939860">
    <ele>63.2</ele>
   </trkpt>
   <trkpt lat="56.1856080" lon="10.0940860">
    <ele>63.4</ele>
   </trkpt>
   <trkpt lat="56.1855990" lon="10.0941790">
    <ele>63.6</ele>
   </trkpt>
   <trkpt lat="56.1855840" lon="10.0942740">
    <ele>63.8</ele>
   </trkpt>
   <trkpt lat="56.1855730" lon="10.0943760">
    <ele>64.2</ele>
   </trkpt>
   <trkpt lat="56.1855620" lon="10.0944780">
    <ele>64.4</ele>
   </trkpt>
   <trkpt lat="56.1855520" lon="10.0945820">
    <ele>64.6</ele>
   </trkpt>
   <trkpt lat="56.1855370" lon="10.0946900">
    <ele>65.0</ele>
   </trkpt>
   <trkpt lat="56.1855250" lon="10.0947970">
    <ele>65.4</ele>
   </trkpt>
   <trkpt lat="56.1855160" lon="10.0948980">
    <ele>65.6</ele>
   </trkpt>
   <trkpt lat="56.1855110" lon="10.0949950">
    <ele>66.0</ele>
   </trkpt>
   <trkpt lat="56.1855020" lon="10.0950900">
    <ele>66.4</ele>
   </trkpt>
   <trkpt lat="56.1854920" lon="10.0951840">
    <ele>66.8</ele>
   </trkpt>
   <trkpt lat="56.1854800" lon="10.0952820">
    <ele>67.2</ele>
   </trkpt>
   <trkpt lat="56.1854650" lon="10.0953800">
    <ele>67.4</ele>
   </trkpt>
   <trkpt lat="56.1854470" lon="10.0954780">
    <ele>67.8</ele>
   </trkpt>
   <trkpt lat="56.1854260" lon="10.0955780">
    <ele>68.0</ele>
   </trkpt>
   <trkpt lat="56.1854040" lon="10.0956790">
    <ele>68.0</ele>
   </trkpt>
   <trkpt lat="56.1853830" lon="10.0957870">
    <ele>68.0</ele>
   </trkpt>
   <trkpt lat="56.1853590" lon="10.0958930">
    <ele>67.8</ele>
   </trkpt>
   <trkpt lat="56.1853360" lon="10.0960040">
    <ele>67.8</ele>
   </trkpt>
   <trkpt lat="56.1853130" lon="10.0961180">
    <ele>67.6</ele>
   </trkpt>
   <trkpt lat="56.1852900" lon="10.0962350">
    <ele>67.6</ele>
   </trkpt>
   <trkpt lat="56.1852690" lon="10.0963540">
    <ele>67.4</ele>
   </trkpt>
   <trkpt lat="56.1852520" lon="10.0964740">
    <ele>67.4</ele>
   </trkpt>
   <trkpt lat="56.1852390" lon="10.0965980">
    <ele>67.4</ele>
   </trkpt>
   <trkpt lat="56.1852290" lon="10.0967220">
    <ele>67.4</ele>
   </trkpt>
   <trkpt lat="56.1852150" lon="10.0968470">
    <ele>67.4</ele>
   </trkpt>
   <trkpt lat="56.1851950" lon="10.0969700">
    <ele>67.4</ele>
   </trkpt>
   <trkpt lat="56.1851710" lon="10.0970950">
    <ele>67.6</ele>
   </trkpt>
   <trkpt lat="56.1851480" lon="10.0972200">
    <ele>67.6</ele>
   </trkpt>
   <trkpt lat="56.1851270" lon="10.0973450">
    <ele>67.6</ele>
   </trkpt>
   <trkpt lat="56.1851050" lon="10.0974680">
    <ele>67.6</ele>
   </trkpt>
   <trkpt lat="56.1850860" lon="10.0975940">
    <ele>67.6</ele>
   </trkpt>
   <trkpt lat="56.1850650" lon="10.0977200">
    <ele>67.6</ele>
   </trkpt>
   <trkpt lat="56.1850430" lon="10.0978470">
    <ele>67.8</ele>
   </trkpt>
   <trkpt lat="56.1850210" lon="10.0979720">
    <ele>67.8</ele>
   </trkpt>
   <trkpt lat="56.1850010" lon="10.0980960">
    <ele>67.8</ele>
   </trkpt>
   <trkpt lat="56.1849810" lon="10.0982200">
    <ele>67.8</ele>
   </trkpt>
   <trkpt lat="56.1849590" lon="10.0983450">
    <ele>67.8</ele>
   </trkpt>
   <trkpt lat="56.1849370" lon="10.0984730">
    <ele>67.8</ele>
   </trkpt>
   <trkpt lat="56.1849150" lon="10.0986010">
    <ele>67.6</ele>
   </trkpt>
   <trkpt lat="56.1848950" lon="10.0987290">
    <ele>67.4</ele>
   </trkpt>
   <trkpt lat="56.1848760" lon="10.0988590">
    <ele>67.4</ele>
   </trkpt>
   <trkpt lat="56.1848550" lon="10.0989880">
    <ele>67.4</ele>
   </trkpt>
   <trkpt lat="56.1848330" lon="10.0991170">
    <ele>67.2</ele>
   </trkpt>
   <trkpt lat="56.1848100" lon="10.0992440">
    <ele>67.4</ele>
   </trkpt>
   <trkpt lat="56.1847890" lon="10.0993710">
    <ele>67.4</ele>
   </trkpt>
   <trkpt lat="56.1847680" lon="10.0994980">
    <ele>67.4</ele>
   </trkpt>
   <trkpt lat="56.1847470" lon="10.0996270">
    <ele>67.4</ele>
   </trkpt>
   <trkpt lat="56.1847260" lon="10.0997550">
    <ele>67.4</ele>
   </trkpt>
   <trkpt lat="56.1847040" lon="10.0998840">
    <ele>67.2</ele>
   </trkpt>
   <trkpt lat="56.1846840" lon="10.1000110">
    <ele>67.2</ele>
   </trkpt>
   <trkpt lat="56.1846610" lon="10.1001360">
    <ele>67.2</ele>
   </trkpt>
   <trkpt lat="56.1846380" lon="10.1002620">
    <ele>67.4</ele>
   </trkpt>
   <trkpt lat="56.1846160" lon="10.1003900">
    <ele>67.4</ele>
   </trkpt>
   <trkpt lat="56.1845950" lon="10.1005160">
    <ele>67.4</ele>
   </trkpt>
   <trkpt lat="56.1845730" lon="10.1006430">
    <ele>67.4</ele>
   </trkpt>
   <trkpt lat="56.1845540" lon="10.1007700">
    <ele>67.6</ele>
   </trkpt>
   <trkpt lat="56.1845350" lon="10.1008980">
    <ele>67.6</ele>
   </trkpt>
   <trkpt lat="56.1845130" lon="10.1010270">
    <ele>67.6</ele>
   </trkpt>
   <trkpt lat="56.1844900" lon="10.1011550">
    <ele>67.6</ele>
   </trkpt>
   <trkpt lat="56.1844690" lon="10.1012850">
    <ele>67.4</ele>
   </trkpt>
   <trkpt lat="56.1844450" lon="10.1014130">
    <ele>67.4</ele>
   </trkpt>
   <trkpt lat="56.1844160" lon="10.1015370">
    <ele>67.2</ele>
   </trkpt>
   <trkpt lat="56.1843860" lon="10.1016570">
    <ele>67.0</ele>
   </trkpt>
   <trkpt lat="56.1843570" lon="10.1017770">
    <ele>67.0</ele>
   </trkpt>
   <trkpt lat="56.1843280" lon="10.1018970">
    <ele>67.0</ele>
   </trkpt>
   <trkpt lat="56.1843000" lon="10.1020190">
    <ele>67.0</ele>
   </trkpt>
   <trkpt lat="56.1842740" lon="10.1021440">
    <ele>67.0</ele>
   </trkpt>
   <trkpt lat="56.1842500" lon="10.1022700">
    <ele>67.0</ele>
   </trkpt>
   <trkpt lat="56.1842280" lon="10.1023980">
    <ele>67.0</ele>
   </trkpt>
   <trkpt lat="56.1842070" lon="10.1025270">
    <ele>67.0</ele>
   </trkpt>
   <trkpt lat="56.1841850" lon="10.1026580">
    <ele>67.0</ele>
   </trkpt>
   <trkpt lat="56.1841590" lon="10.1027860">
    <ele>67.0</ele>
   </trkpt>
   <trkpt lat="56.1841340" lon="10.1029120">
    <ele>66.8</ele>
   </trkpt>
   <trkpt lat="56.1841130" lon="10.1030400">
    <ele>66.8</ele>
   </trkpt>
   <trkpt lat="56.1840900" lon="10.1031660">
    <ele>67.0</ele>
   </trkpt>
   <trkpt lat="56.1840660" lon="10.1032920">
    <ele>66.8</ele>
   </trkpt>
   <trkpt lat="56.1840410" lon="10.1034190">
    <ele>66.8</ele>
   </trkpt>
   <trkpt lat="56.1840210" lon="10.1035480">
    <ele>66.8</ele>
   </trkpt>
   <trkpt lat="56.1840020" lon="10.1036770">
    <ele>66.8</ele>
   </trkpt>
   <trkpt lat="56.1839800" lon="10.1038080">
    <ele>66.8</ele>
   </trkpt>
   <trkpt lat="56.1839600" lon="10.1039400">
    <ele>66.8</ele>
   </trkpt>
   <trkpt lat="56.1839450" lon="10.1040750">
    <ele>67.0</ele>
   </trkpt>
   <trkpt lat="56.1839320" lon="10.1042110">
    <ele>67.0</ele>
   </trkpt>
   <trkpt lat="56.1839170" lon="10.1043470">
    <ele>67.0</ele>
   </trkpt>
   <trkpt lat="56.1839020" lon="10.1044820">
    <ele>67.0</ele>
   </trkpt>
   <trkpt lat="56.1838860" lon="10.1046180">
    <ele>66.8</ele>
   </trkpt>
   <trkpt lat="56.1838700" lon="10.1047550">
    <ele>66.8</ele>
   </trkpt>
   <trkpt lat="56.1838530" lon="10.1048920">
    <ele>67.0</ele>
   </trkpt>
   <trkpt lat="56.1838320" lon="10.1050240">
    <ele>67.0</ele>
   </trkpt>
   <trkpt lat="56.1838070" lon="10.1051540">
    <ele>67.0</ele>
   </trkpt>
   <trkpt lat="56.1837830" lon="10.1052870">
    <ele>67.2</ele>
   </trkpt>
   <trkpt lat="56.1837620" lon="10.1054170">
    <ele>67.2</ele>
   </trkpt>
   <trkpt lat="56.1837410" lon="10.1055480">
    <ele>67.4</ele>
   </trkpt>
   <trkpt lat="56.1837190" lon="10.1056800">
    <ele>67.4</ele>
   </trkpt>
   <trkpt lat="56.1836970" lon="10.1058100">
    <ele>67.4</ele>
   </trkpt>
   <trkpt lat="56.1836740" lon="10.1059410">
    <ele>67.6</ele>
   </trkpt>
   <trkpt lat="56.1836510" lon="10.1060720">
    <ele>67.6</ele>
   </trkpt>
   <trkpt lat="56.1836290" lon="10.1062010">
    <ele>67.6</ele>
   </trkpt>
   <trkpt lat="56.1836090" lon="10.1063320">
    <ele>67.6</ele>
   </trkpt>
   <trkpt lat="56.1835850" lon="10.1064640">
    <ele>67.8</ele>
   </trkpt>
   <trkpt lat="56.1835610" lon="10.1065970">
    <ele>67.8</ele>
   </trkpt>
   <trkpt lat="56.1835360" lon="10.1067310">
    <ele>68.0</ele>
   </trkpt>
   <trkpt lat="56.1835130" lon="10.1068640">
    <ele>68.2</ele>
   </trkpt>
   <trkpt lat="56.1834900" lon="10.1070010">
    <ele>68.2</ele>
   </trkpt>
   <trkpt lat="56.1834660" lon="10.1071410">
    <ele>68.2</ele>
   </trkpt>
   <trkpt lat="56.1834420" lon="10.1072790">
    <ele>68.2</ele>
   </trkpt>
   <trkpt lat="56.1834170" lon="10.1074160">
    <ele>68.0</ele>
   </trkpt>
   <trkpt lat="56.1833920" lon="10.1075550">
    <ele>68.0</ele>
   </trkpt>
   <trkpt lat="56.1833660" lon="10.1076940">
    <ele>68.0</ele>
   </trkpt>
   <trkpt lat="56.1833430" lon="10.1078310">
    <ele>67.8</ele>
   </trkpt>
   <trkpt lat="56.1833200" lon="10.1079690">
    <ele>67.8</ele>
   </trkpt>
   <trkpt lat="56.1832970" lon="10.1081060">
    <ele>67.8</ele>
   </trkpt>
   <trkpt lat="56.1832740" lon="10.1082440">
    <ele>68.0</ele>
   </trkpt>
   <trkpt lat="56.1832520" lon="10.1083840">
    <ele>68.0</ele>
   </trkpt>
   <trkpt lat="56.1832280" lon="10.1085230">
    <ele>68.0</ele>
   </trkpt>
   <trkpt lat="56.1832060" lon="10.1086630">
    <ele>68.0</ele>
   </trkpt>
   <trkpt lat="56.1831820" lon="10.1088040">
    <ele>68.0</ele>
   </trkpt>
   <trkpt lat="56.1831580" lon="10.1089440">
    <ele>67.8</ele>
   </trkpt>
   <trkpt lat="56.1831340" lon="10.1090830">
    <ele>67.8</ele>
   </trkpt>
   <trkpt lat="56.1831090" lon="10.1092220">
    <ele>67.8</ele>
   </trkpt>
   <trkpt lat="56.1830860" lon="10.1093610">
    <ele>68.0</ele>
   </trkpt>
   <trkpt lat="56.1830600" lon="10.1095000">
    <ele>68.0</ele>
   </trkpt>
   <trkpt lat="56.1830320" lon="10.1096370">
    <ele>68.2</ele>
   </trkpt>
   <trkpt lat="56.1830030" lon="10.1097740">
    <ele>68.2</ele>
   </trkpt>
   <trkpt lat="56.1829720" lon="10.1099130">
    <ele>68.2</ele>
   </trkpt>
   <trkpt lat="56.1829450" lon="10.1100550">
    <ele>68.2</ele>
   </trkpt>
   <trkpt lat="56.1829220" lon="10.1101970">
    <ele>68.2</ele>
   </trkpt>
   <trkpt lat="56.1829000" lon="10.1103400">
    <ele>68.2</ele>
   </trkpt>
   <trkpt lat="56.1828810" lon="10.1104840">
    <ele>68.2</ele>
   </trkpt>
   <trkpt lat="56.1828680" lon="10.1106310">
    <ele>68.2</ele>
   </trkpt>
   <trkpt lat="56.1828570" lon="10.1107790">
    <ele>68.2</ele>
   </trkpt>
   <trkpt lat="56.1828400" lon="10.1109250">
    <ele>68.2</ele>
   </trkpt>
   <trkpt lat="56.1828180" lon="10.1110670">
    <ele>68.2</ele>
   </trkpt>
   <trkpt lat="56.1827950" lon="10.1112100">
    <ele>68.2</ele>
   </trkpt>
   <trkpt lat="56.1827750" lon="10.1113530">
    <ele>68.2</ele>
   </trkpt>
   <trkpt lat="56.1827570" lon="10.1114980">
    <ele>68.4</ele>
   </trkpt>
   <trkpt lat="56.1827360" lon="10.1116410">
    <ele>68.4</ele>
   </trkpt>
   <trkpt lat="56.1827170" lon="10.1117830">
    <ele>68.4</ele>
   </trkpt>
   <trkpt lat="56.1827000" lon="10.1119290">
    <ele>68.4</ele>
   </trkpt>
   <trkpt lat="56.1826820" lon="10.1120730">
    <ele>68.6</ele>
   </trkpt>
   <trkpt lat="56.1826630" lon="10.1122170">
    <ele>68.6</ele>
   </trkpt>
   <trkpt lat="56.1826410" lon="10.1123630">
    <ele>68.8</ele>
   </trkpt>
   <trkpt lat="56.1826190" lon="10.1125080">
    <ele>68.8</ele>
   </trkpt>
   <trkpt lat="56.1825970" lon="10.1126550">
    <ele>68.8</ele>
   </trkpt>
   <trkpt lat="56.1825760" lon="10.1128000">
    <ele>68.6</ele>
   </trkpt>
   <trkpt lat="56.1825550" lon="10.1129450">
    <ele>68.6</ele>
   </trkpt>
   <trkpt lat="56.1825360" lon="10.1130870">
    <ele>68.6</ele>
   </trkpt>
   <trkpt lat="56.1825170" lon="10.1132280">
    <ele>68.6</ele>
   </trkpt>
   <trkpt lat="56.1824990" lon="10.1133700">
    <ele>68.6</ele>
   </trkpt>
   <trkpt lat="56.1824810" lon="10.1135160">
    <ele>68.6</ele>
   </trkpt>
   <trkpt lat="56.1824640" lon="10.1136600">
    <ele>68.6</ele>
   </trkpt>
   <trkpt lat="56.1824490" lon="10.1138050">
    <ele>68.6</ele>
   </trkpt>
   <trkpt lat="56.1824330" lon="10.1139510">
    <ele>68.6</ele>
   </trkpt>
   <trkpt lat="56.1824160" lon="10.1140960">
    <ele>68.8</ele>
   </trkpt>
   <trkpt lat="56.1823970" lon="10.1142400">
    <ele>68.8</ele>
   </trkpt>
   <trkpt lat="56.1823790" lon="10.1143820">
    <ele>68.8</ele>
   </trkpt>
   <trkpt lat="56.1823570" lon="10.1145240">
    <ele>68.8</ele>
   </trkpt>
   <trkpt lat="56.1823340" lon="10.1146650">
    <ele>68.8</ele>
   </trkpt>
   <trkpt lat="56.1823140" lon="10.1148070">
    <ele>68.8</ele>
   </trkpt>
   <trkpt lat="56.1822940" lon="10.1149480">
    <ele>68.8</ele>
   </trkpt>
   <trkpt lat="56.1822750" lon="10.1150890">
    <ele>68.8</ele>
   </trkpt>
   <trkpt lat="56.1822560" lon="10.1152310">
    <ele>69.0</ele>
   </trkpt>
   <trkpt lat="56.1822360" lon="10.1153750">
    <ele>69.0</ele>
   </trkpt>
   <trkpt lat="56.1822190" lon="10.1155200">
    <ele>69.0</ele>
   </trkpt>
   <trkpt lat="56.1822000" lon="10.1156670">
    <ele>69.2</ele>
   </trkpt>
   <trkpt lat="56.1821820" lon="10.1158140">
    <ele>69.2</ele>
   </trkpt>
   <trkpt lat="56.1821640" lon="10.1159590">
    <ele>69.4</ele>
   </trkpt>
   <trkpt lat="56.1821440" lon="10.1161050">
    <ele>69.4</ele>
   </trkpt>
   <trkpt lat="56.1821240" lon="10.1162510">
    <ele>69.4</ele>
   </trkpt>
   <trkpt lat="56.1821060" lon="10.1163950">
    <ele>69.4</ele>
   </trkpt>
   <trkpt lat="56.1820880" lon="10.1165400">
    <ele>69.4</ele>
   </trkpt>
   <trkpt lat="56.1820690" lon="10.1166850">
    <ele>69.2</ele>
   </trkpt>
   <trkpt lat="56.1820490" lon="10.1168300">
    <ele>69.2</ele>
   </trkpt>
   <trkpt lat="56.1820300" lon="10.1169760">
    <ele>69.2</ele>
   </trkpt>
   <trkpt lat="56.1820100" lon="10.1171210">
    <ele>69.2</ele>
   </trkpt>
   <trkpt lat="56.1819910" lon="10.1172690">
    <ele>69.4</ele>
   </trkpt>
   <trkpt lat="56.1819710" lon="10.1174160">
    <ele>69.4</ele>
   </trkpt>
   <trkpt lat="56.1819500" lon="10.1175630">
    <ele>69.4</ele>
   </trkpt>
   <trkpt lat="56.1819300" lon="10.1177090">
    <ele>69.6</ele>
   </trkpt>
   <trkpt lat="56.1819120" lon="10.1178590">
    <ele>69.6</ele>
   </trkpt>
   <trkpt lat="56.1818930" lon="10.1180080">
    <ele>69.6</ele>
   </trkpt>
   <trkpt lat="56.1818720" lon="10.1181560">
    <ele>69.8</ele>
   </trkpt>
   <trkpt lat="56.1818520" lon="10.1183060">
    <ele>69.8</ele>
   </trkpt>
   <trkpt lat="56.1818330" lon="10.1184590">
    <ele>70.0</ele>
   </trkpt>
   <trkpt lat="56.1818130" lon="10.1186080">
    <ele>70.0</ele>
   </trkpt>
   <trkpt lat="56.1817930" lon="10.1187550">
    <ele>69.8</ele>
   </trkpt>
   <trkpt lat="56.1817740" lon="10.1189030">
    <ele>69.8</ele>
   </trkpt>
   <trkpt lat="56.1817550" lon="10.1190510">
    <ele>69.6</ele>
   </trkpt>
   <trkpt lat="56.1817350" lon="10.1191980">
    <ele>69.6</ele>
   </trkpt>
   <trkpt lat="56.1817150" lon="10.1193420">
    <ele>69.6</ele>
   </trkpt>
   <trkpt lat="56.1816940" lon="10.1194850">
    <ele>69.6</ele>
   </trkpt>
   <trkpt lat="56.1816720" lon="10.1196290">
    <ele>69.6</ele>
   </trkpt>
   <trkpt lat="56.1816490" lon="10.1197710">
    <ele>69.6</ele>
   </trkpt>
   <trkpt lat="56.1816240" lon="10.1199120">
    <ele>69.6</ele>
   </trkpt>
   <trkpt lat="56.1815970" lon="10.1200510">
    <ele>69.6</ele>
   </trkpt>
   <trkpt lat="56.1815700" lon="10.1201880">
    <ele>69.8</ele>
   </trkpt>
   <trkpt lat="56.1815430" lon="10.1203240">
    <ele>70.0</ele>
   </trkpt>
   <trkpt lat="56.1815170" lon="10.1204610">
    <ele>70.0</ele>
   </trkpt>
   <trkpt lat="56.1814920" lon="10.1205990">
    <ele>70.2</ele>
   </trkpt>
   <trkpt lat="56.1814670" lon="10.1207370">
    <ele>70.2</ele>
   </trkpt>
   <trkpt lat="56.1814410" lon="10.1208710">
    <ele>70.4</ele>
   </trkpt>
   <trkpt lat="56.1814140" lon="10.1210030">
    <ele>70.6</ele>
   </trkpt>
   <trkpt lat="56.1813870" lon="10.1211330">
    <ele>70.6</ele>
   </trkpt>
   <trkpt lat="56.1813600" lon="10.1212640">
    <ele>70.6</ele>
   </trkpt>
   <trkpt lat="56.1813340" lon="10.1213940">
    <ele>70.6</ele>
   </trkpt>
   <trkpt lat="56.1813070" lon="10.1215250">
    <ele>70.6</ele>
   </trkpt>
   <trkpt lat="56.1812780" lon="10.1216560">
    <ele>70.6</ele>
   </trkpt>
   <trkpt lat="56.1812480" lon="10.1217860">
    <ele>70.4</ele>
   </trkpt>
   <trkpt lat="56.1812190" lon="10.1219150">
    <ele>70.4</ele>
   </trkpt>
   <trkpt lat="56.1811900" lon="10.1220470">
    <ele>70.4</ele>
   </trkpt>
   <trkpt lat="56.1811630" lon="10.1221790">
    <ele>70.4</ele>
   </trkpt>
   <trkpt lat="56.1811350" lon="10.1223110">
    <ele>70.4</ele>
   </trkpt>
   <trkpt lat="56.1811080" lon="10.1224390">
    <ele>70.4</ele>
   </trkpt>
   <trkpt lat="56.1810780" lon="10.1225690">
    <ele>70.4</ele>
   </trkpt>
   <trkpt lat="56.1810470" lon="10.1226990">
    <ele>70.4</ele>
   </trkpt>
   <trkpt lat="56.1810170" lon="10.1228340">
    <ele>70.4</ele>
   </trkpt>
   <trkpt lat="56.1809850" lon="10.1229750">
    <ele>70.4</ele>
   </trkpt>
   <trkpt lat="56.1809540" lon="10.1231140">
    <ele>70.2</ele>
   </trkpt>
   <trkpt lat="56.1809250" lon="10.1232560">
    <ele>70.2</ele>
   </trkpt>
   <trkpt lat="56.1808950" lon="10.1233990">
    <ele>70.0</ele>
   </trkpt>
   <trkpt lat="56.1808640" lon="10.1235440">
    <ele>70.0</ele>
   </trkpt>
   <trkpt lat="56.1808350" lon="10.1236920">
    <ele>69.8</ele>
   </trkpt>
   <trkpt lat="56.1808080" lon="10.1238410">
    <ele>69.8</ele>
   </trkpt>
   <trkpt lat="56.1807810" lon="10.1239930">
    <ele>69.6</ele>
   </trkpt>
   <trkpt lat="56.1807510" lon="10.1241470">
    <ele>69.6</ele>
   </trkpt>
   <trkpt lat="56.1807180" lon="10.1242990">
    <ele>69.6</ele>
   </trkpt>
   <trkpt lat="56.1806830" lon="10.1244570">
    <ele>69.6</ele>
   </trkpt>
   <trkpt lat="56.1806460" lon="10.1246160">
    <ele>69.4</ele>
   </trkpt>
   <trkpt lat="56.1806040" lon="10.1247750">
    <ele>69.2</ele>
   </trkpt>
   <trkpt lat="56.1805610" lon="10.1249350">
    <ele>69.0</ele>
   </trkpt>
   <trkpt lat="56.1805170" lon="10.1250980">
    <ele>68.6</ele>
   </trkpt>
   <trkpt lat="56.1804740" lon="10.1252650">
    <ele>68.2</ele>
   </trkpt>
   <trkpt lat="56.1804310" lon="10.1254370">
    <ele>67.8</ele>
   </trkpt>
   <trkpt lat="56.1803890" lon="10.1256130">
    <ele>67.4</ele>
   </trkpt>
   <trkpt lat="56.1803450" lon="10.1257890">
    <ele>66.8</ele>
   </trkpt>
   <trkpt lat="56.1803010" lon="10.1259670">
    <ele>66.4</ele>
   </trkpt>
   <trkpt lat="56.1802570" lon="10.1261490">
    <ele>65.6</ele>
   </trkpt>
   <trkpt lat="56.1802110" lon="10.1263350">
    <ele>65.0</ele>
   </trkpt>
   <trkpt lat="56.1801650" lon="10.1265220">
    <ele>64.4</ele>
   </trkpt>
   <trkpt lat="56.1801170" lon="10.1267120">
    <ele>63.8</ele>
   </trkpt>
   <trkpt lat="56.1800680" lon="10.1269020">
    <ele>63.2</ele>
   </trkpt>
   <trkpt lat="56.1800200" lon="10.1270950">
    <ele>62.6</ele>
   </trkpt>
   <trkpt lat="56.1799720" lon="10.1272900">
    <ele>62.0</ele>
   </trkpt>
   <trkpt lat="56.1799240" lon="10.1274850">
    <ele>61.6</ele>
   </trkpt>
   <trkpt lat="56.1798750" lon="10.1276820">
    <ele>61.0</ele>
   </trkpt>
   <trkpt lat="56.1798250" lon="10.1278800">
    <ele>60.6</ele>
   </trkpt>
   <trkpt lat="56.1797750" lon="10.1280820">
    <ele>60.0</ele>
   </trkpt>
   <trkpt lat="56.1797250" lon="10.1282830">
    <ele>59.2</ele>
   </trkpt>
   <trkpt lat="56.1796740" lon="10.1284850">
    <ele>58.6</ele>
   </trkpt>
   <trkpt lat="56.1796190" lon="10.1286880">
    <ele>58.0</ele>
   </trkpt>
   <trkpt lat="56.1795640" lon="10.1288810">
    <ele>57.6</ele>
   </trkpt>
   <trkpt lat="56.1795130" lon="10.1290580">
    <ele>57.2</ele>
   </trkpt>
   <trkpt lat="56.1794670" lon="10.1292110">
    <ele>57.2</ele>
   </trkpt>
   <trkpt lat="56.1794300" lon="10.1293380">
    <ele>57.2</ele>
   </trkpt>
   <trkpt lat="56.1794000" lon="10.1294450">
    <ele>57.2</ele>
   </trkpt>
   <trkpt lat="56.1793700" lon="10.1295510">
    <ele>57.2</ele>
   </trkpt>
   <trkpt lat="56.1793400" lon="10.1296520">
    <ele>57.0</ele>
   </trkpt>
   <trkpt lat="56.1793080" lon="10.1297500">
    <ele>57.0</ele>
   </trkpt>
   <trkpt lat="56.1792760" lon="10.1298520">
    <ele>57.0</ele>
   </trkpt>
   <trkpt lat="56.1792460" lon="10.1299610">
    <ele>56.8</ele>
   </trkpt>
   <trkpt lat="56.1792160" lon="10.1300800">
    <ele>56.8</ele>
   </trkpt>
   <trkpt lat="56.1791900" lon="10.1302060">
    <ele>56.8</ele>
   </trkpt>
   <trkpt lat="56.1791640" lon="10.1303350">
    <ele>56.8</ele>
   </trkpt>
   <trkpt lat="56.1791350" lon="10.1304670">
    <ele>56.8</ele>
   </trkpt>
   <trkpt lat="56.1791040" lon="10.1305980">
    <ele>56.8</ele>
   </trkpt>
   <trkpt lat="56.1790720" lon="10.1307290">
    <ele>57.0</ele>
   </trkpt>
   <trkpt lat="56.1790400" lon="10.1308610">
    <ele>57.2</ele>
   </trkpt>
   <trkpt lat="56.1790100" lon="10.1309890">
    <ele>57.4</ele>
   </trkpt>
   <trkpt lat="56.1789800" lon="10.1311130">
    <ele>57.6</ele>
   </trkpt>
   <trkpt lat="56.1789520" lon="10.1312360">
    <ele>57.8</ele>
   </trkpt>
   <trkpt lat="56.1789250" lon="10.1313570">
    <ele>58.2</ele>
   </trkpt>
   <trkpt lat="56.1788950" lon="10.1314790">
    <ele>58.6</ele>
   </trkpt>
   <trkpt lat="56.1788660" lon="10.1315960">
    <ele>59.0</ele>
   </trkpt>
   <trkpt lat="56.1788410" lon="10.1317130">
    <ele>59.4</ele>
   </trkpt>
   <trkpt lat="56.1788140" lon="10.1318270">
    <ele>59.6</ele>
   </trkpt>
   <trkpt lat="56.1787870" lon="10.1319400">
    <ele>60.0</ele>
   </trkpt>
   <trkpt lat="56.1787570" lon="10.1320520">
    <ele>60.2</ele>
   </trkpt>
   <trkpt lat="56.1787270" lon="10.1321680">
    <ele>60.6</ele>
   </trkpt>
   <trkpt lat="56.1786970" lon="10.1322850">
    <ele>60.8</ele>
   </trkpt>
   <trkpt lat="56.1786700" lon="10.1324010">
    <ele>61.0</ele>
   </trkpt>
   <trkpt lat="56.1786420" lon="10.1325140">
    <ele>61.4</ele>
   </trkpt>
   <trkpt lat="56.1786150" lon="10.1326190">
    <ele>61.6</ele>
   </trkpt>
   <trkpt lat="56.1785850" lon="10.1327190">
    <ele>62.0</ele>
   </trkpt>
   <trkpt lat="56.1785500" lon="10.1328080">
    <ele>62.4</ele>
   </trkpt>
   <trkpt lat="56.1785110" lon="10.1328890">
    <ele>62.8</ele>
   </trkpt>
   <trkpt lat="56.1784710" lon="10.1329550">
    <ele>63.4</ele>
   </trkpt>
   <trkpt lat="56.1784370" lon="10.1330270">
    <ele>63.8</ele>
   </trkpt>
   <trkpt lat="56.1784190" lon="10.1331150">
    <ele>64.4</ele>
   </trkpt>
   <trkpt lat="56.1784150" lon="10.1332130">
    <ele>64.8</ele>
   </trkpt>
   <trkpt lat="56.1784200" lon="10.1333170">
    <ele>65.0</ele>
   </trkpt>
   <trkpt lat="56.1784220" lon="10.1334250">
    <ele>65.0</ele>
   </trkpt>
   <trkpt lat="56.1784110" lon="10.1335310">
    <ele>65.2</ele>
   </trkpt>
   <trkpt lat="56.1783890" lon="10.1336300">
    <ele>65.2</ele>
   </trkpt>
   <trkpt lat="56.1783630" lon="10.1337210">
    <ele>65.2</ele>
   </trkpt>
   <trkpt lat="56.1783370" lon="10.1338140">
    <ele>65.4</ele>
   </trkpt>
   <trkpt lat="56.1783130" lon="10.1339120">
    <ele>65.6</ele>
   </trkpt>
   <trkpt lat="56.1782880" lon="10.1340100">
    <ele>66.0</ele>
   </trkpt>
   <trkpt lat="56.1782640" lon="10.1341080">
    <ele>66.2</ele>
   </trkpt>
   <trkpt lat="56.1782400" lon="10.1342070">
    <ele>66.2</ele>
   </trkpt>
   <trkpt lat="56.1782150" lon="10.1343010">
    <ele>66.4</ele>
   </trkpt>
   <trkpt lat="56.1781910" lon="10.1343970">
    <ele>66.4</ele>
   </trkpt>
   <trkpt lat="56.1781690" lon="10.1344940">
    <ele>66.6</ele>
   </trkpt>
   <trkpt lat="56.1781450" lon="10.1345920">
    <ele>66.6</ele>
   </trkpt>
   <trkpt lat="56.1781210" lon="10.1346880">
    <ele>66.8</ele>
   </trkpt>
   <trkpt lat="56.1780970" lon="10.1347820">
    <ele>66.8</ele>
   </trkpt>
   <trkpt lat="56.1780730" lon="10.1348800">
    <ele>66.8</ele>
   </trkpt>
   <trkpt lat="56.1780500" lon="10.1349810">
    <ele>67.0</ele>
   </trkpt>
   <trkpt lat="56.1780280" lon="10.1350780">
    <ele>67.0</ele>
   </trkpt>
   <trkpt lat="56.1780010" lon="10.1351760">
    <ele>67.2</ele>
   </trkpt>
   <trkpt lat="56.1779720" lon="10.1352720">
    <ele>67.2</ele>
   </trkpt>
   <trkpt lat="56.1779440" lon="10.1353650">
    <ele>67.2</ele>
   </trkpt>
   <trkpt lat="56.1779140" lon="10.1354590">
    <ele>67.2</ele>
   </trkpt>
   <trkpt lat="56.1778880" lon="10.1355530">
    <ele>67.2</ele>
   </trkpt>
   <trkpt lat="56.1778620" lon="10.1356480">
    <ele>67.4</ele>
   </trkpt>
   <trkpt lat="56.1778390" lon="10.1357410">
    <ele>67.4</ele>
   </trkpt>
   <trkpt lat="56.1778160" lon="10.1358380">
    <ele>67.6</ele>
   </trkpt>
   <trkpt lat="56.1777940" lon="10.1359310">
    <ele>67.8</ele>
   </trkpt>
   <trkpt lat="56.1777740" lon="10.1360230">
    <ele>68.0</ele>
   </trkpt>
   <trkpt lat="56.1777560" lon="10.1361130">
    <ele>68.2</ele>
   </trkpt>
   <trkpt lat="56.1777360" lon="10.1361960">
    <ele>68.4</ele>
   </trkpt>
   <trkpt lat="56.1777170" lon="10.1362670">
    <ele>68.4</ele>
   </trkpt>
   <trkpt lat="56.1777020" lon="10.1363210">
    <ele>68.6</ele>
   </trkpt>
   <trkpt lat="56.1776920" lon="10.1363600">
    <ele>68.8</ele>
   </trkpt>
   <trkpt lat="56.1776890" lon="10.1363820">
    <ele>69.0</ele>
   </trkpt>
   <trkpt lat="56.1776880" lon="10.1363890">
    <ele>69.0</ele>
   </trkpt>
   <trkpt lat="56.1776880" lon="10.1363890">
    <ele>69.2</ele>
   </trkpt>
   <trkpt lat="56.1776720" lon="10.1364760">
    <ele>68.6</ele>
   </trkpt>
   <trkpt lat="56.1776620" lon="10.1365230">
    <ele>68.6</ele>
   </trkpt>
   <trkpt lat="56.1776460" lon="10.1365780">
    <ele>68.6</ele>
   </trkpt>
   <trkpt lat="56.1776230" lon="10.1366420">
    <ele>68.6</ele>
   </trkpt>
   <trkpt lat="56.1775970" lon="10.1367100">
    <ele>68.6</ele>
   </trkpt>
   <trkpt lat="56.1775710" lon="10.1367850">
    <ele>68.4</ele>
   </trkpt>
   <trkpt lat="56.1775480" lon="10.1368760">
    <ele>68.4</ele>
   </trkpt>
   <trkpt lat="56.1775250" lon="10.1369740">
    <ele>68.4</ele>
   </trkpt>
   <trkpt lat="56.1775020" lon="10.1370730">
    <ele>68.4</ele>
   </trkpt>
   <trkpt lat="56.1774800" lon="10.1371700">
    <ele>68.2</ele>
   </trkpt>
   <trkpt lat="56.1774570" lon="10.1372640">
    <ele>68.4</ele>
   </trkpt>
   <trkpt lat="56.1774330" lon="10.1373640">
    <ele>68.4</ele>
   </trkpt>
   <trkpt lat="56.1774070" lon="10.1374700">
    <ele>68.2</ele>
   </trkpt>
   <trkpt lat="56.1773840" lon="10.1375800">
    <ele>68.2</ele>
   </trkpt>
   <trkpt lat="56.1773660" lon="10.1376930">
    <ele>68.4</ele>
   </trkpt>
   <trkpt lat="56.1773480" lon="10.1378080">
    <ele>68.4</ele>
   </trkpt>
   <trkpt lat="56.1773250" lon="10.1379220">
    <ele>68.4</ele>
   </trkpt>
   <trkpt lat="56.1772990" lon="10.1380350">
    <ele>68.4</ele>
   </trkpt>
   <trkpt lat="56.1772710" lon="10.1381480">
    <ele>68.6</ele>
   </trkpt>
   <trkpt lat="56.1772440" lon="10.1382640">
    <ele>68.6</ele>
   </trkpt>
   <trkpt lat="56.1772160" lon="10.1383800">
    <ele>68.6</ele>
   </trkpt>
   <trkpt lat="56.1771900" lon="10.1384950">
    <ele>68.6</ele>
   </trkpt>
   <trkpt lat="56.1771630" lon="10.1386120">
    <ele>68.8</ele>
   </trkpt>
   <trkpt lat="56.1771350" lon="10.1387280">
    <ele>68.8</ele>
   </trkpt>
   <trkpt lat="56.1771080" lon="10.1388460">
    <ele>68.8</ele>
   </trkpt>
   <trkpt lat="56.1770820" lon="10.1389640">
    <ele>69.0</ele>
   </trkpt>
   <trkpt lat="56.1770550" lon="10.1390820">
    <ele>69.0</ele>
   </trkpt>
   <trkpt lat="56.1770270" lon="10.1391980">
    <ele>69.0</ele>
   </trkpt>
   <trkpt lat="56.1769990" lon="10.1393170">
    <ele>69.0</ele>
   </trkpt>
   <trkpt lat="56.1769730" lon="10.1394340">
    <ele>69.0</ele>
   </trkpt>
   <trkpt lat="56.1769470" lon="10.1395510">
    <ele>69.2</ele>
   </trkpt>
   <trkpt lat="56.1769200" lon="10.1396690">
    <ele>69.2</ele>
   </trkpt>
   <trkpt lat="56.1768920" lon="10.1397880">
    <ele>69.4</ele>
   </trkpt>
   <trkpt lat="56.1768640" lon="10.1399080">
    <ele>69.4</ele>
   </trkpt>
   <trkpt lat="56.1768350" lon="10.1400270">
    <ele>69.6</ele>
   </trkpt>
   <trkpt lat="56.1768050" lon="10.1401470">
    <ele>69.6</ele>
   </trkpt>
   <trkpt lat="56.1767760" lon="10.1402680">
    <ele>69.6</ele>
   </trkpt>
   <trkpt lat="56.1767500" lon="10.1403910">
    <ele>69.8</ele>
   </trkpt>
   <trkpt lat="56.1767240" lon="10.1405140">
    <ele>69.8</ele>
   </trkpt>
   <trkpt lat="56.1766970" lon="10.1406370">
    <ele>69.8</ele>
   </trkpt>
   <trkpt lat="56.1766710" lon="10.1407610">
    <ele>69.8</ele>
   </trkpt>
   <trkpt lat="56.1766430" lon="10.1408830">
    <ele>70.0</ele>
   </trkpt>
   <trkpt lat="56.1766120" lon="10.1410020">
    <ele>70.0</ele>
   </trkpt>
   <trkpt lat="56.1765820" lon="10.1411210">
    <ele>70.2</ele>
   </trkpt>
   <trkpt lat="56.1765540" lon="10.1412400">
    <ele>70.2</ele>
   </trkpt>
   <trkpt lat="56.1765290" lon="10.1413620">
    <ele>70.2</ele>
   </trkpt>
   <trkpt lat="56.1765020" lon="10.1414830">
    <ele>70.4</ele>
   </trkpt>
   <trkpt lat="56.1764720" lon="10.1416050">
    <ele>70.4</ele>
   </trkpt>
   <trkpt lat="56.1764430" lon="10.1417260">
    <ele>70.4</ele>
   </trkpt>
   <trkpt lat="56.1764140" lon="10.1418490">
    <ele>70.4</ele>
   </trkpt>
   <trkpt lat="56.1763860" lon="10.1419730">
    <ele>70.6</ele>
   </trkpt>
   <trkpt lat="56.1763600" lon="10.1420960">
    <ele>70.6</ele>
   </trkpt>
   <trkpt lat="56.1763330" lon="10.1422180">
    <ele>70.6</ele>
   </trkpt>
   <trkpt lat="56.1763030" lon="10.1423380">
    <ele>70.6</ele>
   </trkpt>
   <trkpt lat="56.1762740" lon="10.1424580">
    <ele>70.8</ele>
   </trkpt>
   <trkpt lat="56.1762460" lon="10.1425790">
    <ele>70.8</ele>
   </trkpt>
   <trkpt lat="56.1762200" lon="10.1427000">
    <ele>70.8</ele>
   </trkpt>
   <trkpt lat="56.1761920" lon="10.1428230">
    <ele>71.0</ele>
   </trkpt>
   <trkpt lat="56.1761650" lon="10.1429460">
    <ele>71.0</ele>
   </trkpt>
   <trkpt lat="56.1761400" lon="10.1430670">
    <ele>71.0</ele>
   </trkpt>
   <trkpt lat="56.1761130" lon="10.1431880">
    <ele>71.0</ele>
   </trkpt>
   <trkpt lat="56.1760830" lon="10.1433090">
    <ele>71.2</ele>
   </trkpt>
   <trkpt lat="56.1760550" lon="10.1434270">
    <ele>71.2</ele>
   </trkpt>
   <trkpt lat="56.1760270" lon="10.1435440">
    <ele>71.2</ele>
   </trkpt>
   <trkpt lat="56.1759980" lon="10.1436610">
    <ele>71.4</ele>
   </trkpt>
   <trkpt lat="56.1759690" lon="10.1437790">
    <ele>71.6</ele>
   </trkpt>
   <trkpt lat="56.1759420" lon="10.1438970">
    <ele>71.6</ele>
   </trkpt>
   <trkpt lat="56.1759160" lon="10.1440170">
    <ele>71.8</ele>
   </trkpt>
   <trkpt lat="56.1758900" lon="10.1441370">
    <ele>72.0</ele>
   </trkpt>
   <trkpt lat="56.1758630" lon="10.1442590">
    <ele>72.0</ele>
   </trkpt>
   <trkpt lat="56.1758370" lon="10.1443820">
    <ele>72.2</ele>
   </trkpt>
   <trkpt lat="56.1758110" lon="10.1445010">
    <ele>72.2</ele>
   </trkpt>
   <trkpt lat="56.1757840" lon="10.1446210">
    <ele>72.2</ele>
   </trkpt>
   <trkpt lat="56.1757530" lon="10.1447430">
    <ele>72.4</ele>
   </trkpt>
   <trkpt lat="56.1757240" lon="10.1448650">
    <ele>72.4</ele>
   </trkpt>
   <trkpt lat="56.1756970" lon="10.1449890">
    <ele>72.4</ele>
   </trkpt>
   <trkpt lat="56.1756680" lon="10.1451150">
    <ele>72.6</ele>
   </trkpt>
   <trkpt lat="56.1756400" lon="10.1452390">
    <ele>72.6</ele>
   </trkpt>
   <trkpt lat="56.1756120" lon="10.1453630">
    <ele>72.8</ele>
   </trkpt>
   <trkpt lat="56.1755840" lon="10.1454900">
    <ele>72.8</ele>
   </trkpt>
   <trkpt lat="56.1755540" lon="10.1456160">
    <ele>72.8</ele>
   </trkpt>
   <trkpt lat="56.1755240" lon="10.1457430">
    <ele>72.8</ele>
   </trkpt>
   <trkpt lat="56.1754950" lon="10.1458680">
    <ele>72.8</ele>
   </trkpt>
   <trkpt lat="56.1754650" lon="10.1459960">
    <ele>72.8</ele>
   </trkpt>
   <trkpt lat="56.1754350" lon="10.1461220">
    <ele>72.8</ele>
   </trkpt>
   <trkpt lat="56.1754060" lon="10.1462480">
    <ele>72.6</ele>
   </trkpt>
   <trkpt lat="56.1753760" lon="10.1463750">
    <ele>72.8</ele>
   </trkpt>
   <trkpt lat="56.1753440" lon="10.1465010">
    <ele>72.8</ele>
   </trkpt>
   <trkpt lat="56.1753120" lon="10.1466230">
    <ele>72.8</ele>
   </trkpt>
   <trkpt lat="56.1752810" lon="10.1467450">
    <ele>72.8</ele>
   </trkpt>
   <trkpt lat="56.1752500" lon="10.1468640">
    <ele>73.0</ele>
   </trkpt>
   <trkpt lat="56.1752200" lon="10.1469840">
    <ele>73.0</ele>
   </trkpt>
   <trkpt lat="56.1751880" lon="10.1471040">
    <ele>73.0</ele>
   </trkpt>
   <trkpt lat="56.1751560" lon="10.1472230">
    <ele>73.2</ele>
   </trkpt>
   <trkpt lat="56.1751230" lon="10.1473390">
    <ele>73.4</ele>
   </trkpt>
   <trkpt lat="56.1750900" lon="10.1474510">
    <ele>73.6</ele>
   </trkpt>
   <trkpt lat="56.1750540" lon="10.1475620">
    <ele>73.8</ele>
   </trkpt>
   <trkpt lat="56.1750210" lon="10.1476740">
    <ele>74.0</ele>
   </trkpt>
   <trkpt lat="56.1749870" lon="10.1477860">
    <ele>74.2</ele>
   </trkpt>
   <trkpt lat="56.1749540" lon="10.1478990">
    <ele>74.4</ele>
   </trkpt>
   <trkpt lat="56.1749210" lon="10.1480090">
    <ele>74.6</ele>
   </trkpt>
   <trkpt lat="56.1748870" lon="10.1481170">
    <ele>74.6</ele>
   </trkpt>
   <trkpt lat="56.1748510" lon="10.1482240">
    <ele>74.8</ele>
   </trkpt>
   <trkpt lat="56.1748150" lon="10.1483280">
    <ele>74.8</ele>
   </trkpt>
   <trkpt lat="56.1747770" lon="10.1484340">
    <ele>75.0</ele>
   </trkpt>
   <trkpt lat="56.1747400" lon="10.1485400">
    <ele>75.0</ele>
   </trkpt>
   <trkpt lat="56.1747020" lon="10.1486460">
    <ele>75.2</ele>
   </trkpt>
   <trkpt lat="56.1746650" lon="10.1487500">
    <ele>75.2</ele>
   </trkpt>
   <trkpt lat="56.1746280" lon="10.1488560">
    <ele>75.2</ele>
   </trkpt>
   <trkpt lat="56.1745910" lon="10.1489600">
    <ele>75.2</ele>
   </trkpt>
   <trkpt lat="56.1745540" lon="10.1490640">
    <ele>75.4</ele>
   </trkpt>
   <trkpt lat="56.1745150" lon="10.1491680">
    <ele>75.4</ele>
   </trkpt>
   <trkpt lat="56.1744740" lon="10.1492690">
    <ele>75.6</ele>
   </trkpt>
   <trkpt lat="56.1744320" lon="10.1493700">
    <ele>75.6</ele>
   </trkpt>
   <trkpt lat="56.1743880" lon="10.1494720">
    <ele>75.8</ele>
   </trkpt>
   <trkpt lat="56.1743440" lon="10.1495720">
    <ele>75.8</ele>
   </trkpt>
   <trkpt lat="56.1742990" lon="10.1496730">
    <ele>75.8</ele>
   </trkpt>
   <trkpt lat="56.1742510" lon="10.1497700">
    <ele>75.8</ele>
   </trkpt>
   <trkpt lat="56.1742010" lon="10.1498640">
    <ele>75.8</ele>
   </trkpt>
   <trkpt lat="56.1741520" lon="10.1499600">
    <ele>75.8</ele>
   </trkpt>
   <trkpt lat="56.1741040" lon="10.1500620">
    <ele>75.8</ele>
   </trkpt>
   <trkpt lat="56.1740560" lon="10.1501680">
    <ele>75.8</ele>
   </trkpt>
   <trkpt lat="56.1740050" lon="10.1502700">
    <ele>75.8</ele>
   </trkpt>
   <trkpt lat="56.1739510" lon="10.1503730">
    <ele>75.6</ele>
   </trkpt>
   <trkpt lat="56.1738980" lon="10.1504780">
    <ele>75.6</ele>
   </trkpt>
   <trkpt lat="56.1738430" lon="10.1505830">
    <ele>75.6</ele>
   </trkpt>
   <trkpt lat="56.1737880" lon="10.1506860">
    <ele>75.4</ele>
   </trkpt>
   <trkpt lat="56.1737330" lon="10.1507920">
    <ele>75.2</ele>
   </trkpt>
   <trkpt lat="56.1736790" lon="10.1509010">
    <ele>75.0</ele>
   </trkpt>
   <trkpt lat="56.1736250" lon="10.1510090">
    <ele>74.8</ele>
   </trkpt>
   <trkpt lat="56.1735680" lon="10.1511160">
    <ele>74.6</ele>
   </trkpt>
   <trkpt lat="56.1735120" lon="10.1512290">
    <ele>74.6</ele>
   </trkpt>
   <trkpt lat="56.1734580" lon="10.1513400">
    <ele>74.6</ele>
   </trkpt>
   <trkpt lat="56.1734040" lon="10.1514540">
    <ele>74.6</ele>
   </trkpt>
   <trkpt lat="56.1733490" lon="10.1515680">
    <ele>74.4</ele>
   </trkpt>
   <trkpt lat="56.1732950" lon="10.1516820">
    <ele>74.4</ele>
   </trkpt>
   <trkpt lat="56.1732400" lon="10.1517930">
    <ele>74.2</ele>
   </trkpt>
   <trkpt lat="56.1731850" lon="10.1519070">
    <ele>74.2</ele>
   </trkpt>
   <trkpt lat="56.1731320" lon="10.1520220">
    <ele>74.2</ele>
   </trkpt>
   <trkpt lat="56.1730800" lon="10.1521410">
    <ele>74.2</ele>
   </trkpt>
   <trkpt lat="56.1730280" lon="10.1522590">
    <ele>74.4</ele>
   </trkpt>
   <trkpt lat="56.1729740" lon="10.1523770">
    <ele>74.6</ele>
   </trkpt>
   <trkpt lat="56.1729200" lon="10.1524930">
    <ele>74.8</ele>
   </trkpt>
   <trkpt lat="56.1728660" lon="10.1526080">
    <ele>74.8</ele>
   </trkpt>
   <trkpt lat="56.1728140" lon="10.1527220">
    <ele>74.8</ele>
   </trkpt>
   <trkpt lat="56.1727630" lon="10.1528360">
    <ele>74.8</ele>
   </trkpt>
   <trkpt lat="56.1727130" lon="10.1529460">
    <ele>74.6</ele>
   </trkpt>
   <trkpt lat="56.1726640" lon="10.1530520">
    <ele>74.6</ele>
   </trkpt>
   <trkpt lat="56.1726150" lon="10.1531560">
    <ele>74.6</ele>
   </trkpt>
   <trkpt lat="56.1725680" lon="10.1532630">
    <ele>74.6</ele>
   </trkpt>
   <trkpt lat="56.1725230" lon="10.1533680">
    <ele>74.8</ele>
   </trkpt>
   <trkpt lat="56.1724780" lon="10.1534670">
    <ele>74.8</ele>
   </trkpt>
   <trkpt lat="56.1724330" lon="10.1535610">
    <ele>75.0</ele>
   </trkpt>
   <trkpt lat="56.1723880" lon="10.1536520">
    <ele>75.4</ele>
   </trkpt>
   <trkpt lat="56.1723420" lon="10.1537450">
    <ele>75.6</ele>
   </trkpt>
   <trkpt lat="56.1722980" lon="10.1538420">
    <ele>76.0</ele>
   </trkpt>
   <trkpt lat="56.1722570" lon="10.1539420">
    <ele>76.4</ele>
   </trkpt>
   <trkpt lat="56.1722140" lon="10.1540410">
    <ele>76.6</ele>
   </trkpt>
   <trkpt lat="56.1721700" lon="10.1541370">
    <ele>76.8</ele>
   </trkpt>
   <trkpt lat="56.1721270" lon="10.1542300">
    <ele>77.0</ele>
   </trkpt>
   <trkpt lat="56.1720840" lon="10.1543230">
    <ele>77.2</ele>
   </trkpt>
   <trkpt lat="56.1720380" lon="10.1544170">
    <ele>77.2</ele>
   </trkpt>
   <trkpt lat="56.1719890" lon="10.1545070">
    <ele>77.4</ele>
   </trkpt>
   <trkpt lat="56.1719400" lon="10.1545880">
    <ele>77.4</ele>
   </trkpt>
   <trkpt lat="56.1718890" lon="10.1546620">
    <ele>77.4</ele>
   </trkpt>
   <trkpt lat="56.1718390" lon="10.1547370">
    <ele>77.6</ele>
   </trkpt>
   <trkpt lat="56.1717920" lon="10.1548150">
    <ele>77.8</ele>
   </trkpt>
   <trkpt lat="56.1717480" lon="10.1548970">
    <ele>77.8</ele>
   </trkpt>
   <trkpt lat="56.1717040" lon="10.1549800">
    <ele>78.0</ele>
   </trkpt>
   <trkpt lat="56.1716600" lon="10.1550620">
    <ele>78.2</ele>
   </trkpt>
   <trkpt lat="56.1716140" lon="10.1551430">
    <ele>78.4</ele>
   </trkpt>
   <trkpt lat="56.1715650" lon="10.1552150">
    <ele>78.6</ele>
   </trkpt>
   <trkpt lat="56.1715160" lon="10.1552820">
    <ele>78.8</ele>
   </trkpt>
   <trkpt lat="56.1714710" lon="10.1553520">
    <ele>79.0</ele>
   </trkpt>
   <trkpt lat="56.1714290" lon="10.1554270">
    <ele>79.2</ele>
   </trkpt>
   <trkpt lat="56.1713870" lon="10.1554980">
    <ele>79.2</ele>
   </trkpt>
   <trkpt lat="56.1713450" lon="10.1555660">
    <ele>79.4</ele>
   </trkpt>
   <trkpt lat="56.1713030" lon="10.1556320">
    <ele>79.4</ele>
   </trkpt>
   <trkpt lat="56.1712640" lon="10.1556990">
    <ele>79.6</ele>
   </trkpt>
   <trkpt lat="56.1712300" lon="10.1557630">
    <ele>79.8</ele>
   </trkpt>
   <trkpt lat="56.1711980" lon="10.1558280">
    <ele>79.8</ele>
   </trkpt>
   <trkpt lat="56.1711710" lon="10.1558910">
    <ele>80.0</ele>
   </trkpt>
   <trkpt lat="56.1711480" lon="10.1559380">
    <ele>80.0</ele>
   </trkpt>
   <trkpt lat="56.1711310" lon="10.1559700">
    <ele>80.2</ele>
   </trkpt>
   <trkpt lat="56.1711220" lon="10.1559850">
    <ele>80.2</ele>
   </trkpt>
   <trkpt lat="56.1711180" lon="10.1559890">
    <ele>80.4</ele>
   </trkpt>
   <trkpt lat="56.1711180" lon="10.1559890">
    <ele>80.4</ele>
   </trkpt>
   <trkpt lat="56.1710830" lon="10.1560740">
    <ele>80.4</ele>
   </trkpt>
   <trkpt lat="56.1710590" lon="10.1561170">
    <ele>80.4</ele>
   </trkpt>
   <trkpt lat="56.1710310" lon="10.1561720">
    <ele>80.4</ele>
   </trkpt>
   <trkpt lat="56.1710000" lon="10.1562400">
    <ele>80.4</ele>
   </trkpt>
   <trkpt lat="56.1709670" lon="10.1563130">
    <ele>80.4</ele>
   </trkpt>
   <trkpt lat="56.1709350" lon="10.1563900">
    <ele>80.4</ele>
   </trkpt>
   <trkpt lat="56.1709020" lon="10.1564680">
    <ele>80.4</ele>
   </trkpt>
   <trkpt lat="56.1708640" lon="10.1565550">
    <ele>80.4</ele>
   </trkpt>
   <trkpt lat="56.1708280" lon="10.1566430">
    <ele>80.6</ele>
   </trkpt>
   <trkpt lat="56.1707910" lon="10.1567320">
    <ele>80.6</ele>
   </trkpt>
   <trkpt lat="56.1707520" lon="10.1568200">
    <ele>80.8</ele>
   </trkpt>
   <trkpt lat="56.1707120" lon="10.1569070">
    <ele>80.8</ele>
   </trkpt>
   <trkpt lat="56.1706710" lon="10.1569920">
    <ele>81.0</ele>
   </trkpt>
   <trkpt lat="56.1706340" lon="10.1570830">
    <ele>81.0</ele>
   </trkpt>
   <trkpt lat="56.1706020" lon="10.1571830">
    <ele>81.0</ele>
   </trkpt>
   <trkpt lat="56.1705740" lon="10.1572880">
    <ele>81.0</ele>
   </trkpt>
   <trkpt lat="56.1705460" lon="10.1573910">
    <ele>81.2</ele>
   </trkpt>
   <trkpt lat="56.1705140" lon="10.1574910">
    <ele>81.2</ele>
   </trkpt>
   <trkpt lat="56.1704810" lon="10.1575950">
    <ele>81.2</ele>
   </trkpt>
   <trkpt lat="56.1704450" lon="10.1577050">
    <ele>81.2</ele>
   </trkpt>
   <trkpt lat="56.1704040" lon="10.1578160">
    <ele>81.2</ele>
   </trkpt>
   <trkpt lat="56.1703650" lon="10.1579280">
    <ele>81.2</ele>
   </trkpt>
   <trkpt lat="56.1703260" lon="10.1580450">
    <ele>81.0</ele>
   </trkpt>
   <trkpt lat="56.1702840" lon="10.1581610">
    <ele>80.8</ele>
   </trkpt>
   <trkpt lat="56.1702400" lon="10.1582780">
    <ele>80.8</ele>
   </trkpt>
   <trkpt lat="56.1701950" lon="10.1583990">
    <ele>80.6</ele>
   </trkpt>
   <trkpt lat="56.1701480" lon="10.1585230">
    <ele>80.6</ele>
   </trkpt>
   <trkpt lat="56.1701000" lon="10.1586460">
    <ele>80.4</ele>
   </trkpt>
   <trkpt lat="56.1700510" lon="10.1587720">
    <ele>80.2</ele>
   </trkpt>
   <trkpt lat="56.1700020" lon="10.1588990">
    <ele>80.2</ele>
   </trkpt>
   <trkpt lat="56.1699540" lon="10.1590260">
    <ele>80.0</ele>
   </trkpt>
   <trkpt lat="56.1699040" lon="10.1591520">
    <ele>79.6</ele>
   </trkpt>
   <trkpt lat="56.1698550" lon="10.1592840">
    <ele>79.2</ele>
   </trkpt>
   <trkpt lat="56.1698020" lon="10.1594180">
    <ele>78.8</ele>
   </trkpt>
   <trkpt lat="56.1697480" lon="10.1595510">
    <ele>78.4</ele>
   </trkpt>
   <trkpt lat="56.1696970" lon="10.1596880">
    <ele>78.2</ele>
   </trkpt>
   <trkpt lat="56.1696450" lon="10.1598300">
    <ele>77.6</ele>
   </trkpt>
   <trkpt lat="56.1695910" lon="10.1599730">
    <ele>77.2</ele>
   </trkpt>
   <trkpt lat="56.1695350" lon="10.1601160">
    <ele>76.6</ele>
   </trkpt>
   <trkpt lat="56.1694770" lon="10.1602620">
    <ele>76.2</ele>
   </trkpt>
   <trkpt lat="56.1694170" lon="10.1604070">
    <ele>75.6</ele>
   </trkpt>
   <trkpt lat="56.1693530" lon="10.1605510">
    <ele>75.2</ele>
   </trkpt>
   <trkpt lat="56.1692850" lon="10.1606910">
    <ele>74.6</ele>
   </trkpt>
   <trkpt lat="56.1692110" lon="10.1608240">
    <ele>74.0</ele>
   </trkpt>
   <trkpt lat="56.1691340" lon="10.1609530">
    <ele>73.6</ele>
   </trkpt>
   <trkpt lat="56.1690610" lon="10.1610900">
    <ele>73.0</ele>
   </trkpt>
   <trkpt lat="56.1689920" lon="10.1612350">
    <ele>72.6</ele>
   </trkpt>
   <trkpt lat="56.1689210" lon="10.1613710">
    <ele>72.2</ele>
   </trkpt>
   <trkpt lat="56.1688420" lon="10.1614960">
    <ele>71.8</ele>
   </trkpt>
   <trkpt lat="56.1687600" lon="10.1616200">
    <ele>71.4</ele>
   </trkpt>
   <trkpt lat="56.1686760" lon="10.1617410">
    <ele>71.0</ele>
   </trkpt>
   <trkpt lat="56.1685910" lon="10.1618630">
    <ele>70.6</ele>
   </trkpt>
   <trkpt lat="56.1685050" lon="10.1619840">
    <ele>70.2</ele>
   </trkpt>
   <trkpt lat="56.1684190" lon="10.1620970">
    <ele>69.8</ele>
   </trkpt>
   <trkpt lat="56.1683320" lon="10.1622060">
    <ele>69.4</ele>
   </trkpt>
   <trkpt lat="56.1682460" lon="10.1623100">
    <ele>68.8</ele>
   </trkpt>
   <trkpt lat="56.1681590" lon="10.1624080">
    <ele>68.4</ele>
   </trkpt>
   <trkpt lat="56.1680730" lon="10.1625020">
    <ele>68.2</ele>
   </trkpt>
   <trkpt lat="56.1679860" lon="10.1625900">
    <ele>68.0</ele>
   </trkpt>
   <trkpt lat="56.1678980" lon="10.1626760">
    <ele>68.0</ele>
   </trkpt>
   <trkpt lat="56.1678100" lon="10.1627530">
    <ele>68.0</ele>
   </trkpt>
   <trkpt lat="56.1677200" lon="10.1628230">
    <ele>68.2</ele>
   </trkpt>
   <trkpt lat="56.1676310" lon="10.1628890">
    <ele>68.0</ele>
   </trkpt>
   <trkpt lat="56.1675450" lon="10.1629670">
    <ele>68.2</ele>
   </trkpt>
   <trkpt lat="56.1674670" lon="10.1630570">
    <ele>68.0</ele>
   </trkpt>
   <trkpt lat="56.1674020" lon="10.1631490">
    <ele>67.8</ele>
   </trkpt>
   <trkpt lat="56.1673450" lon="10.1632380">
    <ele>67.6</ele>
   </trkpt>
   <trkpt lat="56.1672920" lon="10.1633240">
    <ele>67.8</ele>
   </trkpt>
   <trkpt lat="56.1672390" lon="10.1634070">
    <ele>67.8</ele>
   </trkpt>
   <trkpt lat="56.1671850" lon="10.1634970">
    <ele>68.0</ele>
   </trkpt>
   <trkpt lat="56.1671310" lon="10.1635970">
    <ele>68.2</ele>
   </trkpt>
   <trkpt lat="56.1670760" lon="10.1637010">
    <ele>68.4</ele>
   </trkpt>
   <trkpt lat="56.1670210" lon="10.1638100">
    <ele>68.4</ele>
   </trkpt>
   <trkpt lat="56.1669660" lon="10.1639190">
    <ele>68.6</ele>
   </trkpt>
   <trkpt lat="56.1669070" lon="10.1640230">
    <ele>68.6</ele>
   </trkpt>
   <trkpt lat="56.1668470" lon="10.1641260">
    <ele>68.4</ele>
   </trkpt>
   <trkpt lat="56.1667870" lon="10.1642320">
    <ele>68.2</ele>
   </trkpt>
   <trkpt lat="56.1667310" lon="10.1643420">
    <ele>67.8</ele>
   </trkpt>
   <trkpt lat="56.1666790" lon="10.1644550">
    <ele>67.6</ele>
   </trkpt>
   <trkpt lat="56.1666310" lon="10.1645740">
    <ele>67.4</ele>
   </trkpt>
   <trkpt lat="56.1665880" lon="10.1647000">
    <ele>67.4</ele>
   </trkpt>
   <trkpt lat="56.1665490" lon="10.1648370">
    <ele>67.2</ele>
   </trkpt>
   <trkpt lat="56.1665120" lon="10.1649750">
    <ele>67.2</ele>
   </trkpt>
   <trkpt lat="56.1664690" lon="10.1651130">
    <ele>67.2</ele>
   </trkpt>
   <trkpt lat="56.1664230" lon="10.1652460">
    <ele>67.2</ele>
   </trkpt>
   <trkpt lat="56.1663740" lon="10.1653770">
    <ele>67.2</ele>
   </trkpt>
   <trkpt lat="56.1663200" lon="10.1655120">
    <ele>67.0</ele>
   </trkpt>
   <trkpt lat="56.1662680" lon="10.1656500">
    <ele>67.0</ele>
   </trkpt>
   <trkpt lat="56.1662160" lon="10.1657890">
    <ele>66.6</ele>
   </trkpt>
   <trkpt lat="56.1661630" lon="10.1659270">
    <ele>66.4</ele>
   </trkpt>
   <trkpt lat="56.1661100" lon="10.1660680">
    <ele>65.8</ele>
   </trkpt>
   <trkpt lat="56.1660550" lon="10.1662150">
    <ele>65.2</ele>
   </trkpt>
   <trkpt lat="56.1659970" lon="10.1663590">
    <ele>64.8</ele>
   </trkpt>
   <trkpt lat="56.1659380" lon="10.1665040">
    <ele>64.2</ele>
   </trkpt>
   <trkpt lat="56.1658800" lon="10.1666570">
    <ele>63.8</ele>
   </trkpt>
   <trkpt lat="56.1658210" lon="10.1668150">
    <ele>63.4</ele>
   </trkpt>
   <trkpt lat="56.1657600" lon="10.1669740">
    <ele>62.8</ele>
   </trkpt>
   <trkpt lat="56.1656990" lon="10.1671350">
    <ele>62.2</ele>
   </trkpt>
   <trkpt lat="56.1656380" lon="10.1672980">
    <ele>61.6</ele>
   </trkpt>
   <trkpt lat="56.1655750" lon="10.1674620">
    <ele>60.8</ele>
   </trkpt>
   <trkpt lat="56.1655120" lon="10.1676280">
    <ele>60.2</ele>
   </trkpt>
   <trkpt lat="56.1654480" lon="10.1677950">
    <ele>59.4</ele>
   </trkpt>
   <trkpt lat="56.1653820" lon="10.1679570">
    <ele>59.0</ele>
   </trkpt>
   <trkpt lat="56.1653110" lon="10.1681140">
    <ele>58.4</ele>
   </trkpt>
   <trkpt lat="56.1652390" lon="10.1682740">
    <ele>57.8</ele>
   </trkpt>
   <trkpt lat="56.1651680" lon="10.1684400">
    <ele>57.2</ele>
   </trkpt>
   <trkpt lat="56.1651020" lon="10.1686100">
    <ele>56.6</ele>
   </trkpt>
   <trkpt lat="56.1650340" lon="10.1687790">
    <ele>56.2</ele>
   </trkpt>
   <trkpt lat="56.1649600" lon="10.1689420">
    <ele>55.8</ele>
   </trkpt>
   <trkpt lat="56.1648830" lon="10.1690980">
    <ele>55.4</ele>
   </trkpt>
   <trkpt lat="56.1648090" lon="10.1692580">
    <ele>54.8</ele>
   </trkpt>
   <trkpt lat="56.1647430" lon="10.1694270">
    <ele>54.4</ele>
   </trkpt>
   <trkpt lat="56.1646870" lon="10.1696030">
    <ele>54.0</ele>
   </trkpt>
   <trkpt lat="56.1646380" lon="10.1697850">
    <ele>53.4</ele>
   </trkpt>
   <trkpt lat="56.1645890" lon="10.1699640">
    <ele>52.8</ele>
   </trkpt>
   <trkpt lat="56.1645340" lon="10.1701390">
    <ele>52.6</ele>
   </trkpt>
   <trkpt lat="56.1644770" lon="10.1703080">
    <ele>52.0</ele>
   </trkpt>
   <trkpt lat="56.1644220" lon="10.1704770">
    <ele>52.0</ele>
   </trkpt>
   <trkpt lat="56.1643690" lon="10.1706480">
    <ele>51.6</ele>
   </trkpt>
   <trkpt lat="56.1643160" lon="10.1708190">
    <ele>51.4</ele>
   </trkpt>
   <trkpt lat="56.1642650" lon="10.1709890">
    <ele>51.2</ele>
   </trkpt>
   <trkpt lat="56.1642160" lon="10.1711610">
    <ele>51.0</ele>
   </trkpt>
   <trkpt lat="56.1641680" lon="10.1713350">
    <ele>50.6</ele>
   </trkpt>
   <trkpt lat="56.1641200" lon="10.1715100">
    <ele>50.4</ele>
   </trkpt>
   <trkpt lat="56.1640730" lon="10.1716850">
    <ele>50.4</ele>
   </trkpt>
   <trkpt lat="56.1640250" lon="10.1718600">
    <ele>50.2</ele>
   </trkpt>
   <trkpt lat="56.1639800" lon="10.1720340">
    <ele>50.0</ele>
   </trkpt>
   <trkpt lat="56.1639340" lon="10.1722080">
    <ele>49.8</ele>
   </trkpt>
   <trkpt lat="56.1638890" lon="10.1723830">
    <ele>49.6</ele>
   </trkpt>
   <trkpt lat="56.1638420" lon="10.1725590">
    <ele>49.2</ele>
   </trkpt>
   <trkpt lat="56.1637950" lon="10.1727370">
    <ele>48.8</ele>
   </trkpt>
   <trkpt lat="56.1637450" lon="10.1729130">
    <ele>48.2</ele>
   </trkpt>
   <trkpt lat="56.1636890" lon="10.1730770">
    <ele>47.8</ele>
   </trkpt>
   <trkpt lat="56.1636330" lon="10.1732370">
    <ele>47.6</ele>
   </trkpt>
   <trkpt lat="56.1635800" lon="10.1733980">
    <ele>47.4</ele>
   </trkpt>
   <trkpt lat="56.1635380" lon="10.1735680">
    <ele>47.2</ele>
   </trkpt>
   <trkpt lat="56.1635040" lon="10.1737460">
    <ele>46.8</ele>
   </trkpt>
   <trkpt lat="56.1634730" lon="10.1739270">
    <ele>46.6</ele>
   </trkpt>
   <trkpt lat="56.1634360" lon="10.1741040">
    <ele>46.4</ele>
   </trkpt>
   <trkpt lat="56.1633920" lon="10.1742760">
    <ele>46.2</ele>
   </trkpt>
   <trkpt lat="56.1633490" lon="10.1744470">
    <ele>45.8</ele>
   </trkpt>
   <trkpt lat="56.1633070" lon="10.1746120">
    <ele>45.8</ele>
   </trkpt>
   <trkpt lat="56.1632630" lon="10.1747730">
    <ele>45.6</ele>
   </trkpt>
   <trkpt lat="56.1632220" lon="10.1749360">
    <ele>45.6</ele>
   </trkpt>
   <trkpt lat="56.1631820" lon="10.1750970">
    <ele>45.4</ele>
   </trkpt>
   <trkpt lat="56.1631400" lon="10.1752570">
    <ele>45.4</ele>
   </trkpt>
   <trkpt lat="56.1630980" lon="10.1754170">
    <ele>45.4</ele>
   </trkpt>
   <trkpt lat="56.1630560" lon="10.1755760">
    <ele>45.2</ele>
   </trkpt>
   <trkpt lat="56.1630180" lon="10.1757360">
    <ele>45.2</ele>
   </trkpt>
   <trkpt lat="56.1629830" lon="10.1759000">
    <ele>45.2</ele>
   </trkpt>
   <trkpt lat="56.1629450" lon="10.1760640">
    <ele>45.0</ele>
   </trkpt>
   <trkpt lat="56.1629050" lon="10.1762300">
    <ele>45.0</ele>
   </trkpt>
   <trkpt lat="56.1628620" lon="10.1763960">
    <ele>45.2</ele>
   </trkpt>
   <trkpt lat="56.1628170" lon="10.1765580">
    <ele>45.0</ele>
   </trkpt>
   <trkpt lat="56.1627740" lon="10.1767160">
    <ele>45.0</ele>
   </trkpt>
   <trkpt lat="56.1627310" lon="10.1768750">
    <ele>44.8</ele>
   </trkpt>
   <trkpt lat="56.1626880" lon="10.1770380">
    <ele>44.8</ele>
   </trkpt>
   <trkpt lat="56.1626460" lon="10.1772020">
    <ele>44.4</ele>
   </trkpt>
   <trkpt lat="56.1626040" lon="10.1773660">
    <ele>44.2</ele>
   </trkpt>
   <trkpt lat="56.1625640" lon="10.1775340">
    <ele>44.0</ele>
   </trkpt>
   <trkpt lat="56.1625240" lon="10.1777050">
    <ele>43.8</ele>
   </trkpt>
   <trkpt lat="56.1624800" lon="10.1778750">
    <ele>43.6</ele>
   </trkpt>
   <trkpt lat="56.1624320" lon="10.1780440">
    <ele>43.4</ele>
   </trkpt>
   <trkpt lat="56.1623830" lon="10.1782130">
    <ele>43.0</ele>
   </trkpt>
   <trkpt lat="56.1623370" lon="10.1783830">
    <ele>42.6</ele>
   </trkpt>
   <trkpt lat="56.1622900" lon="10.1785530">
    <ele>42.2</ele>
   </trkpt>
   <trkpt lat="56.1622390" lon="10.1787230">
    <ele>41.8</ele>
   </trkpt>
   <trkpt lat="56.1621840" lon="10.1788920">
    <ele>41.4</ele>
   </trkpt>
   <trkpt lat="56.1621300" lon="10.1790590">
    <ele>40.8</ele>
   </trkpt>
   <trkpt lat="56.1620760" lon="10.1792280">
    <ele>40.4</ele>
   </trkpt>
   <trkpt lat="56.1620230" lon="10.1793960">
    <ele>40.0</ele>
   </trkpt>
   <trkpt lat="56.1619670" lon="10.1795600">
    <ele>39.6</ele>
   </trkpt>
   <trkpt lat="56.1619090" lon="10.1797220">
    <ele>39.2</ele>
   </trkpt>
   <trkpt lat="56.1618480" lon="10.1798830">
    <ele>38.6</ele>
   </trkpt>
   <trkpt lat="56.1617860" lon="10.1800440">
    <ele>38.2</ele>
   </trkpt>
   <trkpt lat="56.1617240" lon="10.1802030">
    <ele>37.8</ele>
   </trkpt>
   <trkpt lat="56.1616660" lon="10.1803690">
    <ele>37.2</ele>
   </trkpt>
   <trkpt lat="56.1616100" lon="10.1805380">
    <ele>37.0</ele>
   </trkpt>
   <trkpt lat="56.1615560" lon="10.1807070">
    <ele>36.8</ele>
   </trkpt>
   <trkpt lat="56.1615020" lon="10.1808770">
    <ele>36.4</ele>
   </trkpt>
   <trkpt lat="56.1614480" lon="10.1810460">
    <ele>36.4</ele>
   </trkpt>
   <trkpt lat="56.1613950" lon="10.1812130">
    <ele>36.2</ele>
   </trkpt>
   <trkpt lat="56.1613400" lon="10.1813810">
    <ele>35.8</ele>
   </trkpt>
   <trkpt lat="56.1612820" lon="10.1815440">
    <ele>35.4</ele>
   </trkpt>
   <trkpt lat="56.1612230" lon="10.1817050">
    <ele>35.2</ele>
   </trkpt>
   <trkpt lat="56.1611660" lon="10.1818700">
    <ele>34.8</ele>
   </trkpt>
   <trkpt lat="56.1611130" lon="10.1820360">
    <ele>34.4</ele>
   </trkpt>
   <trkpt lat="56.1610580" lon="10.1822070">
    <ele>34.2</ele>
   </trkpt>
   <trkpt lat="56.1610040" lon="10.1823790">
    <ele>33.8</ele>
   </trkpt>
   <trkpt lat="56.1609510" lon="10.1825560">
    <ele>33.8</ele>
   </trkpt>
   <trkpt lat="56.1608990" lon="10.1827360">
    <ele>33.4</ele>
   </trkpt>
   <trkpt lat="56.1608490" lon="10.1829160">
    <ele>33.0</ele>
   </trkpt>
   <trkpt lat="56.1607970" lon="10.1830950">
    <ele>32.6</ele>
   </trkpt>
   <trkpt lat="56.1607430" lon="10.1832680">
    <ele>32.0</ele>
   </trkpt>
   <trkpt lat="56.1606910" lon="10.1834390">
    <ele>31.8</ele>
   </trkpt>
   <trkpt lat="56.1606410" lon="10.1836080">
    <ele>31.6</ele>
   </trkpt>
   <trkpt lat="56.1605910" lon="10.1837750">
    <ele>31.6</ele>
   </trkpt>
   <trkpt lat="56.1605400" lon="10.1839400">
    <ele>31.4</ele>
   </trkpt>
   <trkpt lat="56.1604900" lon="10.1841050">
    <ele>31.6</ele>
   </trkpt>
   <trkpt lat="56.1604420" lon="10.1842740">
    <ele>31.6</ele>
   </trkpt>
   <trkpt lat="56.1603930" lon="10.1844470">
    <ele>31.6</ele>
   </trkpt>
   <trkpt lat="56.1603460" lon="10.1846190">
    <ele>31.4</ele>
   </trkpt>
   <trkpt lat="56.1603010" lon="10.1847920">
    <ele>31.4</ele>
   </trkpt>
   <trkpt lat="56.1602580" lon="10.1849610">
    <ele>31.4</ele>
   </trkpt>
   <trkpt lat="56.1602090" lon="10.1851280">
    <ele>31.2</ele>
   </trkpt>
   <trkpt lat="56.1601540" lon="10.1852990">
    <ele>30.8</ele>
   </trkpt>
   <trkpt lat="56.1601020" lon="10.1854710">
    <ele>30.4</ele>
   </trkpt>
   <trkpt lat="56.1600490" lon="10.1856430">
    <ele>29.8</ele>
   </trkpt>
   <trkpt lat="56.1599940" lon="10.1858170">
    <ele>29.4</ele>
   </trkpt>
   <trkpt lat="56.1599380" lon="10.1859930">
    <ele>28.8</ele>
   </trkpt>
   <trkpt lat="56.1598830" lon="10.1861680">
    <ele>28.2</ele>
   </trkpt>
   <trkpt lat="56.1598270" lon="10.1863420">
    <ele>27.8</ele>
   </trkpt>
   <trkpt lat="56.1597720" lon="10.1865170">
    <ele>27.4</ele>
   </trkpt>
   <trkpt lat="56.1597160" lon="10.1866950">
    <ele>26.8</ele>
   </trkpt>
   <trkpt lat="56.1596580" lon="10.1868740">
    <ele>26.4</ele>
   </trkpt>
   <trkpt lat="56.1596010" lon="10.1870570">
    <ele>26.0</ele>
   </trkpt>
   <trkpt lat="56.1595440" lon="10.1872400">
    <ele>25.6</ele>
   </trkpt>
   <trkpt lat="56.1594880" lon="10.1874190">
    <ele>25.2</ele>
   </trkpt>
   <trkpt lat="56.1594320" lon="10.1875940">
    <ele>24.8</ele>
   </trkpt>
   <trkpt lat="56.1593730" lon="10.1877550">
    <ele>24.2</ele>
   </trkpt>
   <trkpt lat="56.1593130" lon="10.1879100">
    <ele>23.8</ele>
   </trkpt>
   <trkpt lat="56.1592560" lon="10.1880740">
    <ele>23.4</ele>
   </trkpt>
   <trkpt lat="56.1592030" lon="10.1882400">
    <ele>23.0</ele>
   </trkpt>
   <trkpt lat="56.1591490" lon="10.1884090">
    <ele>22.4</ele>
   </trkpt>
   <trkpt lat="56.1591000" lon="10.1885820">
    <ele>22.0</ele>
   </trkpt>
   <trkpt lat="56.1590560" lon="10.1887530">
    <ele>21.6</ele>
   </trkpt>
   <trkpt lat="56.1590160" lon="10.1889250">
    <ele>21.2</ele>
   </trkpt>
   <trkpt lat="56.1589690" lon="10.1890970">
    <ele>20.8</ele>
   </trkpt>
   <trkpt lat="56.1589150" lon="10.1892600">
    <ele>20.2</ele>
   </trkpt>
   <trkpt lat="56.1588600" lon="10.1894270">
    <ele>19.8</ele>
   </trkpt>
   <trkpt lat="56.1588050" lon="10.1895990">
    <ele>19.0</ele>
   </trkpt>
   <trkpt lat="56.1587500" lon="10.1897700">
    <ele>18.2</ele>
   </trkpt>
   <trkpt lat="56.1586970" lon="10.1899390">
    <ele>17.6</ele>
   </trkpt>
   <trkpt lat="56.1586470" lon="10.1901070">
    <ele>17.0</ele>
   </trkpt>
   <trkpt lat="56.1585930" lon="10.1902750">
    <ele>16.6</ele>
   </trkpt>
   <trkpt lat="56.1585370" lon="10.1904450">
    <ele>16.2</ele>
   </trkpt>
   <trkpt lat="56.1584820" lon="10.1906160">
    <ele>15.6</ele>
   </trkpt>
   <trkpt lat="56.1584250" lon="10.1907900">
    <ele>15.2</ele>
   </trkpt>
   <trkpt lat="56.1583670" lon="10.1909650">
    <ele>14.6</ele>
   </trkpt>
   <trkpt lat="56.1583090" lon="10.1911370">
    <ele>14.2</ele>
   </trkpt>
   <trkpt lat="56.1582510" lon="10.1913070">
    <ele>13.8</ele>
   </trkpt>
   <trkpt lat="56.1581940" lon="10.1914800">
    <ele>13.2</ele>
   </trkpt>
   <trkpt lat="56.1581360" lon="10.1916550">
    <ele>12.4</ele>
   </trkpt>
   <trkpt lat="56.1580790" lon="10.1918320">
    <ele>11.6</ele>
   </trkpt>
   <trkpt lat="56.1580210" lon="10.1920080">
    <ele>11.2</ele>
   </trkpt>
   <trkpt lat="56.1579640" lon="10.1921830">
    <ele>11.0</ele>
   </trkpt>
   <trkpt lat="56.1579070" lon="10.1923570">
    <ele>10.2</ele>
   </trkpt>
   <trkpt lat="56.1578510" lon="10.1925320">
    <ele>9.6</ele>
   </trkpt>
   <trkpt lat="56.1577940" lon="10.1927060">
    <ele>9.2</ele>
   </trkpt>
   <trkpt lat="56.1577440" lon="10.1928820">
    <ele>8.6</ele>
   </trkpt>
   <trkpt lat="56.1576960" lon="10.1930570">
    <ele>8.2</ele>
   </trkpt>
   <trkpt lat="56.1576460" lon="10.1932110">
    <ele>8.0</ele>
   </trkpt>
   <trkpt lat="56.1575990" lon="10.1933400">
    <ele>7.6</ele>
   </trkpt>
   <trkpt lat="56.1575500" lon="10.1934390">
    <ele>7.2</ele>
   </trkpt>
   <trkpt lat="56.1574900" lon="10.1935190">
    <ele>7.0</ele>
   </trkpt>
   <trkpt lat="56.1574280" lon="10.1935670">
    <ele>6.8</ele>
   </trkpt>
   <trkpt lat="56.1573770" lon="10.1936070">
    <ele>6.6</ele>
   </trkpt>
   <trkpt lat="56.1573480" lon="10.1936580">
    <ele>6.6</ele>
   </trkpt>
   <trkpt lat="56.1573380" lon="10.1937240">
    <ele>6.8</ele>
   </trkpt>
   <trkpt lat="56.1573400" lon="10.1937950">
    <ele>6.8</ele>
   </trkpt>
   <trkpt lat="56.1573520" lon="10.1938660">
    <ele>6.8</ele>
   </trkpt>
   <trkpt lat="56.1573700" lon="10.1939440">
    <ele>6.8</ele>
   </trkpt>
   <trkpt lat="56.1573800" lon="10.1940270">
    <ele>6.8</ele>
   </trkpt>
   <trkpt lat="56.1573900" lon="10.1941170">
    <ele>6.8</ele>
   </trkpt>
   <trkpt lat="56.1574030" lon="10.1942090">
    <ele>6.6</ele>
   </trkpt>
   <trkpt lat="56.1574170" lon="10.1942980">
    <ele>6.4</ele>
   </trkpt>
   <trkpt lat="56.1574300" lon="10.1943680">
    <ele>6.4</ele>
   </trkpt>
   <trkpt lat="56.1574380" lon="10.1944130">
    <ele>6.2</ele>
   </trkpt>
   <trkpt lat="56.1574410" lon="10.1944280">
    <ele>6.2</ele>
   </trkpt>
   <trkpt lat="56.1574410" lon="10.1944280">
    <ele>6.2</ele>
   </trkpt>
   <trkpt lat="56.1574410" lon="10.1944280">
    <ele>6.2</ele>
   </trkpt>
   <trkpt lat="56.1574530" lon="10.1945290">
    <ele>6.0</ele>
   </trkpt>
   <trkpt lat="56.1574600" lon="10.1945890">
    <ele>5.8</ele>
   </trkpt>
   <trkpt lat="56.1574690" lon="10.1946630">
    <ele>5.6</ele>
   </trkpt>
   <trkpt lat="56.1574830" lon="10.1947450">
    <ele>5.4</ele>
   </trkpt>
   <trkpt lat="56.1575010" lon="10.1948330">
    <ele>5.2</ele>
   </trkpt>
   <trkpt lat="56.1575210" lon="10.1949280">
    <ele>5.0</ele>
   </trkpt>
   <trkpt lat="56.1575380" lon="10.1950280">
    <ele>4.8</ele>
   </trkpt>
   <trkpt lat="56.1575450" lon="10.1951340">
    <ele>4.6</ele>
   </trkpt>
   <trkpt lat="56.1575540" lon="10.1952450">
    <ele>4.6</ele>
   </trkpt>
   <trkpt lat="56.1575710" lon="10.1953570">
    <ele>4.6</ele>
   </trkpt>
   <trkpt lat="56.1575930" lon="10.1954720">
    <ele>5.0</ele>
   </trkpt>
   <trkpt lat="56.1576150" lon="10.1955880">
    <ele>5.2</ele>
   </trkpt>
   <trkpt lat="56.1576370" lon="10.1957030">
    <ele>5.4</ele>
   </trkpt>
   <trkpt lat="56.1576640" lon="10.1958130">
    <ele>5.6</ele>
   </trkpt>
   <trkpt lat="56.1577010" lon="10.1959260">
    <ele>5.8</ele>
   </trkpt>
   <trkpt lat="56.1577330" lon="10.1960490">
    <ele>5.8</ele>
   </trkpt>
   <trkpt lat="56.1577580" lon="10.1961790">
    <ele>5.6</ele>
   </trkpt>
   <trkpt lat="56.1577890" lon="10.1963010">
    <ele>5.8</ele>
   </trkpt>
   <trkpt lat="56.1578190" lon="10.1964230">
    <ele>5.8</ele>
   </trkpt>
   <trkpt lat="56.1578430" lon="10.1965470">
    <ele>5.8</ele>
   </trkpt>
   <trkpt lat="56.1578740" lon="10.1966650">
    <ele>5.6</ele>
   </trkpt>
   <trkpt lat="56.1579070" lon="10.1967860">
    <ele>5.6</ele>
   </trkpt>
   <trkpt lat="56.1579370" lon="10.1969100">
    <ele>5.6</ele>
   </trkpt>
   <trkpt lat="56.1579670" lon="10.1970310">
    <ele>5.4</ele>
   </trkpt>
   <trkpt lat="56.1579950" lon="10.1971530">
    <ele>5.4</ele>
   </trkpt>
   <trkpt lat="56.1580200" lon="10.1972750">
    <ele>5.4</ele>
   </trkpt>
   <trkpt lat="56.1580470" lon="10.1973950">
    <ele>5.6</ele>
   </trkpt>
   <trkpt lat="56.1580750" lon="10.1975080">
    <ele>5.6</ele>
   </trkpt>
   <trkpt lat="56.1581050" lon="10.1976230">
    <ele>5.6</ele>
   </trkpt>
   <trkpt lat="56.1581450" lon="10.1977340">
    <ele>5.8</ele>
   </trkpt>
   <trkpt lat="56.1581660" lon="10.1978430">
    <ele>6.0</ele>
   </trkpt>
   <trkpt lat="56.1581720" lon="10.1979360">
    <ele>6.2</ele>
   </trkpt>
   <trkpt lat="56.1581760" lon="10.1980020">
    <ele>6.4</ele>
   </trkpt>
   <trkpt lat="56.1581350" lon="10.1980470">
    <ele>6.6</ele>
   </trkpt>
   <trkpt lat="56.1581220" lon="10.1980950">
    <ele>6.6</ele>
   </trkpt>
   <trkpt lat="56.1581220" lon="10.1981410">
    <ele>6.8</ele>
   </trkpt>
   <trkpt lat="56.1581400" lon="10.1981830">
    <ele>6.8</ele>
   </trkpt>
   <trkpt lat="56.1581670" lon="10.1982140">
    <ele>6.8</ele>
   </trkpt>
   <trkpt lat="56.1581970" lon="10.1982270">
    <ele>7.0</ele>
   </trkpt>
   <trkpt lat="56.1582230" lon="10.1982330">
    <ele>7.0</ele>
   </trkpt>
   <trkpt lat="56.1582440" lon="10.1982480">
    <ele>7.0</ele>
   </trkpt>
   <trkpt lat="56.1582570" lon="10.1982750">
    <ele>7.2</ele>
   </trkpt>
   <trkpt lat="56.1582670" lon="10.1983060">
    <ele>7.2</ele>
   </trkpt>
   <trkpt lat="56.1582750" lon="10.1983460">
    <ele>7.4</ele>
   </trkpt>
   <trkpt lat="56.1582840" lon="10.1983990">
    <ele>7.4</ele>
   </trkpt>
   <trkpt lat="56.1582940" lon="10.1984590">
    <ele>7.2</ele>
   </trkpt>
   <trkpt lat="56.1583020" lon="10.1985200">
    <ele>7.2</ele>
   </trkpt>
   <trkpt lat="56.1583100" lon="10.1985890">
    <ele>7.2</ele>
   </trkpt>
   <trkpt lat="56.1583210" lon="10.1986670">
    <ele>7.0</ele>
   </trkpt>
   <trkpt lat="56.1583340" lon="10.1987500">
    <ele>6.8</ele>
   </trkpt>
   <trkpt lat="56.1583490" lon="10.1988280">
    <ele>6.8</ele>
   </trkpt>
   <trkpt lat="56.1583640" lon="10.1989080">
    <ele>6.8</ele>
   </trkpt>
   <trkpt lat="56.1583790" lon="10.1989830">
    <ele>6.6</ele>
   </trkpt>
   <trkpt lat="56.1583940" lon="10.1990550">
    <ele>6.4</ele>
   </trkpt>
   <trkpt lat="56.1584080" lon="10.1991240">
    <ele>6.4</ele>
   </trkpt>
   <trkpt lat="56.1584240" lon="10.1991920">
    <ele>6.4</ele>
   </trkpt>
   <trkpt lat="56.1584410" lon="10.1992530">
    <ele>6.4</ele>
   </trkpt>
   <trkpt lat="56.1584520" lon="10.1993070">
    <ele>6.6</ele>
   </trkpt>
   <trkpt lat="56.1584530" lon="10.1993550">
    <ele>6.6</ele>
   </trkpt>
   <trkpt lat="56.1584480" lon="10.1993970">
    <ele>6.6</ele>
   </trkpt>
   <trkpt lat="56.1584360" lon="10.1994340">
    <ele>6.6</ele>
   </trkpt>
   <trkpt lat="56.1584150" lon="10.1994780">
    <ele>6.6</ele>
   </trkpt>
   <trkpt lat="56.1583900" lon="10.1995270">
    <ele>6.6</ele>
   </trkpt>
   <trkpt lat="56.1583640" lon="10.1995880">
    <ele>6.6</ele>
   </trkpt>
   <trkpt lat="56.1583450" lon="10.1996600">
    <ele>6.4</ele>
   </trkpt>
   <trkpt lat="56.1583440" lon="10.1997410">
    <ele>6.4</ele>
   </trkpt>
   <trkpt lat="56.1583570" lon="10.1998310">
    <ele>6.4</ele>
   </trkpt>
   <trkpt lat="56.1583840" lon="10.1999150">
    <ele>6.4</ele>
   </trkpt>
   <trkpt lat="56.1584140" lon="10.1999850">
    <ele>6.4</ele>
   </trkpt>
   <trkpt lat="56.1584520" lon="10.2000470">
    <ele>6.4</ele>
   </trkpt>
   <trkpt lat="56.1584920" lon="10.2001070">
    <ele>6.2</ele>
   </trkpt>
   <trkpt lat="56.1585360" lon="10.2001750">
    <ele>6.2</ele>
   </trkpt>
   <trkpt lat="56.1585810" lon="10.2002580">
    <ele>6.0</ele>
   </trkpt>
   <trkpt lat="56.1586260" lon="10.2003470">
    <ele>5.8</ele>
   </trkpt>
   <trkpt lat="56.1586720" lon="10.2004400">
    <ele>5.8</ele>
   </trkpt>
   <trkpt lat="56.1587180" lon="10.2005260">
    <ele>5.8</ele>
   </trkpt>
   <trkpt lat="56.1587680" lon="10.2006070">
    <ele>6.0</ele>
   </trkpt>
   <trkpt lat="56.1588200" lon="10.2006980">
    <ele>6.0</ele>
   </trkpt>
   <trkpt lat="56.1588710" lon="10.2007950">
    <ele>6.0</ele>
   </trkpt>
   <trkpt lat="56.1589220" lon="10.2008940">
    <ele>6.0</ele>
   </trkpt>
   <trkpt lat="56.1589740" lon="10.2009950">
    <ele>5.8</ele>
   </trkpt>
   <trkpt lat="56.1590230" lon="10.2010950">
    <ele>5.6</ele>
   </trkpt>
   <trkpt lat="56.1590670" lon="10.2011950">
    <ele>5.6</ele>
   </trkpt>
   <trkpt lat="56.1591110" lon="10.2012740">
    <ele>5.6</ele>
   </trkpt>
   <trkpt lat="56.1591500" lon="10.2013370">
    <ele>5.4</ele>
   </trkpt>
   <trkpt lat="56.1591820" lon="10.2013940">
    <ele>5.2</ele>
   </trkpt>
   <trkpt lat="56.1592090" lon="10.2014390">
    <ele>5.2</ele>
   </trkpt>
   <trkpt lat="56.1592280" lon="10.2014770">
    <ele>5.0</ele>
   </trkpt>
   <trkpt lat="56.1592440" lon="10.2015130">
    <ele>5.0</ele>
   </trkpt>
   <trkpt lat="56.1592660" lon="10.2015590">
    <ele>5.0</ele>
   </trkpt>
   <trkpt lat="56.1592830" lon="10.2016250">
    <ele>5.0</ele>
   </trkpt>
   <trkpt lat="56.1593030" lon="10.2016920">
    <ele>5.0</ele>
   </trkpt>
   <trkpt lat="56.1593300" lon="10.2017620">
    <ele>5.0</ele>
   </trkpt>
   <trkpt lat="56.1593650" lon="10.2018530">
    <ele>5.0</ele>
   </trkpt>
   <trkpt lat="56.1593970" lon="10.2019480">
    <ele>5.0</ele>
   </trkpt>
   <trkpt lat="56.1594480" lon="10.2020480">
    <ele>5.0</ele>
   </trkpt>
   <trkpt lat="56.1595020" lon="10.2021490">
    <ele>5.0</ele>
   </trkpt>
   <trkpt lat="56.1595350" lon="10.2022520">
    <ele>5.0</ele>
   </trkpt>
   <trkpt lat="56.1595660" lon="10.2023550">
    <ele>5.0</ele>
   </trkpt>
   <trkpt lat="56.1596040" lon="10.2024600">
    <ele>5.0</ele>
   </trkpt>
   <trkpt lat="56.1596600" lon="10.2025710">
    <ele>5.0</ele>
   </trkpt>
   <trkpt lat="56.1596980" lon="10.2026850">
    <ele>5.0</ele>
   </trkpt>
   <trkpt lat="56.1597200" lon="10.2028030">
    <ele>5.0</ele>
   </trkpt>
   <trkpt lat="56.1597420" lon="10.2029370">
    <ele>5.0</ele>
   </trkpt>
   <trkpt lat="56.1597720" lon="10.2030510">
    <ele>5.0</ele>
   </trkpt>
   <trkpt lat="56.1598080" lon="10.2031580">
    <ele>5.2</ele>
   </trkpt>
   <trkpt lat="56.1598440" lon="10.2032570">
    <ele>5.2</ele>
   </trkpt>
   <trkpt lat="56.1598660" lon="10.2033640">
    <ele>5.4</ele>
   </trkpt>
   <trkpt lat="56.1598970" lon="10.2034730">
    <ele>5.6</ele>
   </trkpt>
   <trkpt lat="56.1599250" lon="10.2035760">
    <ele>5.8</ele>
   </trkpt>
   <trkpt lat="56.1599510" lon="10.2036750">
    <ele>6.0</ele>
   </trkpt>
   <trkpt lat="56.1599730" lon="10.2037670">
    <ele>6.2</ele>
   </trkpt>
   <trkpt lat="56.1599870" lon="10.2038530">
    <ele>6.2</ele>
   </trkpt>
   <trkpt lat="56.1600030" lon="10.2039440">
    <ele>6.4</ele>
   </trkpt>
   <trkpt lat="56.1599280" lon="10.2040540">
    <ele>6.4</ele>
   </trkpt>
   <trkpt lat="56.1599170" lon="10.2041770">
    <ele>6.4</ele>
   </trkpt>
   <trkpt lat="56.1599150" lon="10.2043020">
    <ele>6.4</ele>
   </trkpt>
   <trkpt lat="56.1599230" lon="10.2044370">
    <ele>6.2</ele>
   </trkpt>
   <trkpt lat="56.1599400" lon="10.2045580">
    <ele>6.0</ele>
   </trkpt>
   <trkpt lat="56.1599650" lon="10.2046730">
    <ele>5.8</ele>
   </trkpt>
   <trkpt lat="56.1599870" lon="10.2047940">
    <ele>5.6</ele>
   </trkpt>
   <trkpt lat="56.1600120" lon="10.2049170">
    <ele>5.2</ele>
   </trkpt>
   <trkpt lat="56.1600240" lon="10.2050460">
    <ele>5.0</ele>
   </trkpt>
   <trkpt lat="56.1600370" lon="10.2051740">
    <ele>4.6</ele>
   </trkpt>
   <trkpt lat="56.1600550" lon="10.2053010">
    <ele>4.2</ele>
   </trkpt>
   <trkpt lat="56.1600680" lon="10.2054300">
    <ele>4.0</ele>
   </trkpt>
   <trkpt lat="56.1600780" lon="10.2055600">
    <ele>3.8</ele>
   </trkpt>
   <trkpt lat="56.1600940" lon="10.2056930">
    <ele>3.8</ele>
   </trkpt>
   <trkpt lat="56.1601070" lon="10.2058270">
    <ele>3.8</ele>
   </trkpt>
   <trkpt lat="56.1601140" lon="10.2059630">
    <ele>3.8</ele>
   </trkpt>
   <trkpt lat="56.1601300" lon="10.2060950">
    <ele>4.0</ele>
   </trkpt>
   <trkpt lat="56.1601470" lon="10.2062250">
    <ele>4.2</ele>
   </trkpt>
   <trkpt lat="56.1601640" lon="10.2063560">
    <ele>4.2</ele>
   </trkpt>
   <trkpt lat="56.1601820" lon="10.2064870">
    <ele>4.4</ele>
   </trkpt>
   <trkpt lat="56.1602010" lon="10.2066190">
    <ele>4.6</ele>
   </trkpt>
   <trkpt lat="56.1602170" lon="10.2067540">
    <ele>4.8</ele>
   </trkpt>
   <trkpt lat="56.1602390" lon="10.2068870">
    <ele>5.0</ele>
   </trkpt>
   <trkpt lat="56.1602580" lon="10.2070190">
    <ele>5.0</ele>
   </trkpt>
   <trkpt lat="56.1602770" lon="10.2071490">
    <ele>5.0</ele>
   </trkpt>
   <trkpt lat="56.1603000" lon="10.2072800">
    <ele>5.0</ele>
   </trkpt>
   <trkpt lat="56.1603210" lon="10.2074050">
    <ele>5.0</ele>
   </trkpt>
   <trkpt lat="56.1603360" lon="10.2075310">
    <ele>5.2</ele>
   </trkpt>
   <trkpt lat="56.1603550" lon="10.2076570">
    <ele>5.4</ele>
   </trkpt>
   <trkpt lat="56.1603570" lon="10.2077970">
    <ele>5.6</ele>
   </trkpt>
   <trkpt lat="56.1603700" lon="10.2079260">
    <ele>5.8</ele>
   </trkpt>
   <trkpt lat="56.1603840" lon="10.2080520">
    <ele>6.0</ele>
   </trkpt>
   <trkpt lat="56.1604000" lon="10.2081760">
    <ele>6.0</ele>
   </trkpt>
   <trkpt lat="56.1604170" lon="10.2083000">
    <ele>6.0</ele>
   </trkpt>
   <trkpt lat="56.1604320" lon="10.2084270">
    <ele>6.2</ele>
   </trkpt>
   <trkpt lat="56.1604470" lon="10.2085540">
    <ele>6.2</ele>
   </trkpt>
   <trkpt lat="56.1604590" lon="10.2086910">
    <ele>6.2</ele>
   </trkpt>
   <trkpt lat="56.1604820" lon="10.2088230">
    <ele>6.2</ele>
   </trkpt>
   <trkpt lat="56.1605170" lon="10.2089510">
    <ele>6.2</ele>
   </trkpt>
   <trkpt lat="56.1605660" lon="10.2090700">
    <ele>6.2</ele>
   </trkpt>
   <trkpt lat="56.1606130" lon="10.2091710">
    <ele>6.0</ele>
   </trkpt>
   <trkpt lat="56.1606530" lon="10.2092700">
    <ele>5.8</ele>
   </trkpt>
   <trkpt lat="56.1606920" lon="10.2093530">
    <ele>5.8</ele>
   </trkpt>
   <trkpt lat="56.1607460" lon="10.2094350">
    <ele>6.0</ele>
   </trkpt>
   <trkpt lat="56.1608010" lon="10.2095140">
    <ele>6.0</ele>
   </trkpt>
   <trkpt lat="56.1608570" lon="10.2095890">
    <ele>6.2</ele>
   </trkpt>
   <trkpt lat="56.1609120" lon="10.2096610">
    <ele>6.2</ele>
   </trkpt>
   <trkpt lat="56.1609660" lon="10.2097340">
    <ele>6.2</ele>
   </trkpt>
   <trkpt lat="56.1610190" lon="10.2098080">
    <ele>6.0</ele>
   </trkpt>
   <trkpt lat="56.1610810" lon="10.2098740">
    <ele>5.8</ele>
   </trkpt>
   <trkpt lat="56.1611430" lon="10.2099390">
    <ele>5.8</ele>
   </trkpt>
   <trkpt lat="56.1611980" lon="10.2100130">
    <ele>5.8</ele>
   </trkpt>
   <trkpt lat="56.1612530" lon="10.2100880">
    <ele>5.8</ele>
   </trkpt>
   <trkpt lat="56.1613030" lon="10.2101650">
    <ele>5.8</ele>
   </trkpt>
   <trkpt lat="56.1613530" lon="10.2102460">
    <ele>6.0</ele>
   </trkpt>
   <trkpt lat="56.1614050" lon="10.2103220">
    <ele>6.0</ele>
   </trkpt>
   <trkpt lat="56.1614530" lon="10.2103900">
    <ele>6.0</ele>
   </trkpt>
   <trkpt lat="56.1614970" lon="10.2104420">
    <ele>6.2</ele>
   </trkpt>
   <trkpt lat="56.1615380" lon="10.2104570">
    <ele>6.2</ele>
   </trkpt>
   <trkpt lat="56.1615730" lon="10.2104530">
    <ele>6.2</ele>
   </trkpt>
   <trkpt lat="56.1616030" lon="10.2104060">
    <ele>6.2</ele>
   </trkpt>
   <trkpt lat="56.1616300" lon="10.2103400">
    <ele>6.4</ele>
   </trkpt>
   <trkpt lat="56.1616550" lon="10.2102750">
    <ele>6.8</ele>
   </trkpt>
   <trkpt lat="56.1616830" lon="10.2102040">
    <ele>7.0</ele>
   </trkpt>
   <trkpt lat="56.1617080" lon="10.2101330">
    <ele>7.4</ele>
   </trkpt>
   <trkpt lat="56.1617340" lon="10.2100600">
    <ele>7.6</ele>
   </trkpt>
   <trkpt lat="56.1617610" lon="10.2099930">
    <ele>7.8</ele>
   </trkpt>
   <trkpt lat="56.1617890" lon="10.2099260">
    <ele>8.2</ele>
   </trkpt>
   <trkpt lat="56.1618160" lon="10.2098570">
    <ele>8.4</ele>
   </trkpt>
   <trkpt lat="56.1618440" lon="10.2097870">
    <ele>8.8</ele>
   </trkpt>
   <trkpt lat="56.1618700" lon="10.2097140">
    <ele>9.0</ele>
   </trkpt>
   <trkpt lat="56.1618940" lon="10.2096420">
    <ele>9.6</ele>
   </trkpt>
   <trkpt lat="56.1619200" lon="10.2095750">
    <ele>9.8</ele>
   </trkpt>
   <trkpt lat="56.1619460" lon="10.2095130">
    <ele>10.2</ele>
   </trkpt>
   <trkpt lat="56.1619750" lon="10.2094510">
    <ele>10.4</ele>
   </trkpt>
   <trkpt lat="56.1620030" lon="10.2093850">
    <ele>10.4</ele>
   </trkpt>
   <trkpt lat="56.1620310" lon="10.2093270">
    <ele>10.8</ele>
   </trkpt>
   <trkpt lat="56.1620590" lon="10.2092780">
    <ele>11.4</ele>
   </trkpt>
  </trkseg>
 </trk>
</gpx>
