<?xml version="1.0" encoding="UTF-8"?>
<gpx creator="StravaGPX" version="1.1" xmlns="http://www.topografix.com/GPX/1/1" xmlns:xsi="http://www.w3.org/2001/XMLSchema-instance" xsi:schemaLocation="http://www.topografix.com/GPX/1/1 http://www.topografix.com/GPX/1/1/gpx.xsd">
 <trk>
  <name>Goodbye windy Denmark</name>
  <type>cycling</type>
  <trkseg>
   <trkpt lat="56.1619970" lon="10.2093820">
    <ele>10.6</ele>
   </trkpt>
   <trkpt lat="56.1619960" lon="10.2093820">
    <ele>10.6</ele>
   </trkpt>
   <trkpt lat="56.1620050" lon="10.2093470">
    <ele>10.6</ele>
   </trkpt>
   <trkpt lat="56.1620190" lon="10.2093160">
    <ele>11.0</ele>
   </trkpt>
   <trkpt lat="56.1620360" lon="10.2092800">
    <ele>11.0</ele>
   </trkpt>
   <trkpt lat="56.1620570" lon="10.2092370">
    <ele>11.0</ele>
   </trkpt>
   <trkpt lat="56.1620780" lon="10.2091900">
    <ele>11.2</ele>
   </trkpt>
   <trkpt lat="56.1621030" lon="10.2091420">
    <ele>11.4</ele>
   </trkpt>
   <trkpt lat="56.1621350" lon="10.2090890">
    <ele>11.6</ele>
   </trkpt>
   <trkpt lat="56.1621650" lon="10.2090280">
    <ele>11.8</ele>
   </trkpt>
   <trkpt lat="56.1621930" lon="10.2089700">
    <ele>12.0</ele>
   </trkpt>
   <trkpt lat="56.1622230" lon="10.2089140">
    <ele>12.4</ele>
   </trkpt>
   <trkpt lat="56.1622470" lon="10.2088580">
    <ele>12.6</ele>
   </trkpt>
   <trkpt lat="56.1622660" lon="10.2087940">
    <ele>12.8</ele>
   </trkpt>
   <trkpt lat="56.1622720" lon="10.2087190">
    <ele>13.0</ele>
   </trkpt>
   <trkpt lat="56.1622650" lon="10.2086400">
    <ele>13.4</ele>
   </trkpt>
   <trkpt lat="56.1622510" lon="10.2085640">
    <ele>13.6</ele>
   </trkpt>
   <trkpt lat="56.1622310" lon="10.2084900">
    <ele>13.8</ele>
   </trkpt>
   <trkpt lat="56.1622130" lon="10.2084180">
    <ele>14.0</ele>
   </trkpt>
   <trkpt lat="56.1621950" lon="10.2083410">
    <ele>14.2</ele>
   </trkpt>
   <trkpt lat="56.1621830" lon="10.2082580">
    <ele>14.0</ele>
   </trkpt>
   <trkpt lat="56.1621780" lon="10.2081730">
    <ele>14.0</ele>
   </trkpt>
   <trkpt lat="56.1621770" lon="10.2080900">
    <ele>13.8</ele>
   </trkpt>
   <trkpt lat="56.1621670" lon="10.2080070">
    <ele>13.8</ele>
   </trkpt>
   <trkpt lat="56.1621430" lon="10.2079350">
    <ele>13.8</ele>
   </trkpt>
   <trkpt lat="56.1621090" lon="10.2078700">
    <ele>13.6</ele>
   </trkpt>
   <trkpt lat="56.1620700" lon="10.2078120">
    <ele>13.4</ele>
   </trkpt>
   <trkpt lat="56.1620290" lon="10.2077620">
    <ele>13.4</ele>
   </trkpt>
   <trkpt lat="56.1619900" lon="10.2077050">
    <ele>13.2</ele>
   </trkpt>
   <trkpt lat="56.1619690" lon="10.2076360">
    <ele>13.2</ele>
   </trkpt>
   <trkpt lat="56.1619680" lon="10.2075640">
    <ele>13.2</ele>
   </trkpt>
   <trkpt lat="56.1619840" lon="10.2074940">
    <ele>13.2</ele>
   </trkpt>
   <trkpt lat="56.1620100" lon="10.2074320">
    <ele>13.0</ele>
   </trkpt>
   <trkpt lat="56.1620420" lon="10.2073730">
    <ele>13.0</ele>
   </trkpt>
   <trkpt lat="56.1620720" lon="10.2073130">
    <ele>13.0</ele>
   </trkpt>
   <trkpt lat="56.1621030" lon="10.2072530">
    <ele>13.2</ele>
   </trkpt>
   <trkpt lat="56.1621340" lon="10.2071970">
    <ele>13.4</ele>
   </trkpt>
   <trkpt lat="56.1621630" lon="10.2071410">
    <ele>13.8</ele>
   </trkpt>
   <trkpt lat="56.1621930" lon="10.2070840">
    <ele>14.0</ele>
   </trkpt>
   <trkpt lat="56.1622230" lon="10.2070270">
    <ele>14.2</ele>
   </trkpt>
   <trkpt lat="56.1622540" lon="10.2069720">
    <ele>14.4</ele>
   </trkpt>
   <trkpt lat="56.1622840" lon="10.2069160">
    <ele>14.6</ele>
   </trkpt>
   <trkpt lat="56.1623130" lon="10.2068570">
    <ele>14.8</ele>
   </trkpt>
   <trkpt lat="56.1623410" lon="10.2067980">
    <ele>15.2</ele>
   </trkpt>
   <trkpt lat="56.1623670" lon="10.2067380">
    <ele>15.4</ele>
   </trkpt>
   <trkpt lat="56.1623970" lon="10.2066790">
    <ele>15.6</ele>
   </trkpt>
   <trkpt lat="56.1624280" lon="10.2066260">
    <ele>16.0</ele>
   </trkpt>
   <trkpt lat="56.1624570" lon="10.2065700">
    <ele>16.2</ele>
   </trkpt>
   <trkpt lat="56.1624840" lon="10.2065100">
    <ele>16.2</ele>
   </trkpt>
   <trkpt lat="56.1625100" lon="10.2064530">
    <ele>16.4</ele>
   </trkpt>
   <trkpt lat="56.1625340" lon="10.2063960">
    <ele>16.6</ele>
   </trkpt>
   <trkpt lat="56.1625600" lon="10.2063430">
    <ele>16.8</ele>
   </trkpt>
   <trkpt lat="56.1625860" lon="10.2062910">
    <ele>17.0</ele>
   </trkpt>
   <trkpt lat="56.1626160" lon="10.2062360">
    <ele>17.2</ele>
   </trkpt>
   <trkpt lat="56.1626420" lon="10.2061930">
    <ele>17.4</ele>
   </trkpt>
   <trkpt lat="56.1626690" lon="10.2061930">
    <ele>17.6</ele>
   </trkpt>
   <trkpt lat="56.1627040" lon="10.2062180">
    <ele>18.0</ele>
   </trkpt>
   <trkpt lat="56.1627350" lon="10.2062510">
    <ele>18.4</ele>
   </trkpt>
   <trkpt lat="56.1627660" lon="10.2062890">
    <ele>18.8</ele>
   </trkpt>
   <trkpt lat="56.1627980" lon="10.2063280">
    <ele>19.0</ele>
   </trkpt>
   <trkpt lat="56.1628320" lon="10.2063710">
    <ele>19.4</ele>
   </trkpt>
   <trkpt lat="56.1628680" lon="10.2064140">
    <ele>19.6</ele>
   </trkpt>
   <trkpt lat="56.1629020" lon="10.2064540">
    <ele>19.8</ele>
   </trkpt>
   <trkpt lat="56.1629340" lon="10.2064980">
    <ele>19.8</ele>
   </trkpt>
   <trkpt lat="56.1629690" lon="10.2065420">
    <ele>20.0</ele>
   </trkpt>
   <trkpt lat="56.1630030" lon="10.2065830">
    <ele>20.2</ele>
   </trkpt>
   <trkpt lat="56.1630380" lon="10.2066240">
    <ele>20.2</ele>
   </trkpt>
   <trkpt lat="56.1630740" lon="10.2066660">
    <ele>20.4</ele>
   </trkpt>
   <trkpt lat="56.1631070" lon="10.2067070">
    <ele>20.6</ele>
   </trkpt>
   <trkpt lat="56.1631410" lon="10.2067490">
    <ele>20.8</ele>
   </trkpt>
   <trkpt lat="56.1631740" lon="10.2067910">
    <ele>21.0</ele>
   </trkpt>
   <trkpt lat="56.1632080" lon="10.2068340">
    <ele>21.0</ele>
   </trkpt>
   <trkpt lat="56.1632440" lon="10.2068790">
    <ele>21.2</ele>
   </trkpt>
   <trkpt lat="56.1632810" lon="10.2069210">
    <ele>21.4</ele>
   </trkpt>
   <trkpt lat="56.1633190" lon="10.2069610">
    <ele>21.4</ele>
   </trkpt>
   <trkpt lat="56.1633480" lon="10.2069960">
    <ele>21.6</ele>
   </trkpt>
   <trkpt lat="56.1633820" lon="10.2070380">
    <ele>21.8</ele>
   </trkpt>
   <trkpt lat="56.1634130" lon="10.2070790">
    <ele>22.0</ele>
   </trkpt>
   <trkpt lat="56.1634430" lon="10.2071150">
    <ele>22.2</ele>
   </trkpt>
   <trkpt lat="56.1634730" lon="10.2071440">
    <ele>22.2</ele>
   </trkpt>
   <trkpt lat="56.1635060" lon="10.2071530">
    <ele>22.4</ele>
   </trkpt>
   <trkpt lat="56.1635370" lon="10.2071320">
    <ele>22.4</ele>
   </trkpt>
   <trkpt lat="56.1635670" lon="10.2070870">
    <ele>22.4</ele>
   </trkpt>
   <trkpt lat="56.1635930" lon="10.2070310">
    <ele>22.2</ele>
   </trkpt>
   <trkpt lat="56.1636140" lon="10.2069640">
    <ele>22.2</ele>
   </trkpt>
   <trkpt lat="56.1636340" lon="10.2068780">
    <ele>22.2</ele>
   </trkpt>
   <trkpt lat="56.1636460" lon="10.2068190">
    <ele>22.2</ele>
   </trkpt>
   <trkpt lat="56.1636650" lon="10.2067310">
    <ele>22.4</ele>
   </trkpt>
   <trkpt lat="56.1636810" lon="10.2066600">
    <ele>22.4</ele>
   </trkpt>
   <trkpt lat="56.1636990" lon="10.2065890">
    <ele>22.6</ele>
   </trkpt>
   <trkpt lat="56.1637150" lon="10.2065170">
    <ele>22.8</ele>
   </trkpt>
   <trkpt lat="56.1637340" lon="10.2064460">
    <ele>23.0</ele>
   </trkpt>
   <trkpt lat="56.1637520" lon="10.2063770">
    <ele>23.0</ele>
   </trkpt>
   <trkpt lat="56.1637700" lon="10.2063060">
    <ele>23.2</ele>
   </trkpt>
   <trkpt lat="56.1637870" lon="10.2062320">
    <ele>23.4</ele>
   </trkpt>
   <trkpt lat="56.1638040" lon="10.2061600">
    <ele>23.4</ele>
   </trkpt>
   <trkpt lat="56.1638230" lon="10.2060910">
    <ele>23.6</ele>
   </trkpt>
   <trkpt lat="56.1638430" lon="10.2060210">
    <ele>23.8</ele>
   </trkpt>
   <trkpt lat="56.1638630" lon="10.2059510">
    <ele>23.8</ele>
   </trkpt>
   <trkpt lat="56.1638820" lon="10.2058810">
    <ele>24.0</ele>
   </trkpt>
   <trkpt lat="56.1639010" lon="10.2058100">
    <ele>24.2</ele>
   </trkpt>
   <trkpt lat="56.1639210" lon="10.2057400">
    <ele>24.4</ele>
   </trkpt>
   <trkpt lat="56.1639420" lon="10.2056690">
    <ele>24.4</ele>
   </trkpt>
   <trkpt lat="56.1639630" lon="10.2056000">
    <ele>24.6</ele>
   </trkpt>
   <trkpt lat="56.1639850" lon="10.2055310">
    <ele>24.8</ele>
   </trkpt>
   <trkpt lat="56.1640070" lon="10.2054650">
    <ele>25.0</ele>
   </trkpt>
   <trkpt lat="56.1640300" lon="10.2054000">
    <ele>25.2</ele>
   </trkpt>
   <trkpt lat="56.1640510" lon="10.2053310">
    <ele>25.6</ele>
   </trkpt>
   <trkpt lat="56.1640720" lon="10.2052620">
    <ele>25.8</ele>
   </trkpt>
   <trkpt lat="56.1640950" lon="10.2051930">
    <ele>26.0</ele>
   </trkpt>
   <trkpt lat="56.1641160" lon="10.2051260">
    <ele>26.2</ele>
   </trkpt>
   <trkpt lat="56.1641380" lon="10.2050580">
    <ele>26.2</ele>
   </trkpt>
   <trkpt lat="56.1641600" lon="10.2049910">
    <ele>26.4</ele>
   </trkpt>
   <trkpt lat="56.1641810" lon="10.2049270">
    <ele>26.4</ele>
   </trkpt>
   <trkpt lat="56.1642020" lon="10.2048620">
    <ele>26.4</ele>
   </trkpt>
   <trkpt lat="56.1642190" lon="10.2048070">
    <ele>26.6</ele>
   </trkpt>
   <trkpt lat="56.1642450" lon="10.2047290">
    <ele>26.6</ele>
   </trkpt>
   <trkpt lat="56.1642680" lon="10.2046670">
    <ele>26.8</ele>
   </trkpt>
   <trkpt lat="56.1642910" lon="10.2046040">
    <ele>27.0</ele>
   </trkpt>
   <trkpt lat="56.1643160" lon="10.2045410">
    <ele>27.2</ele>
   </trkpt>
   <trkpt lat="56.1643410" lon="10.2044790">
    <ele>27.4</ele>
   </trkpt>
   <trkpt lat="56.1643640" lon="10.2044340">
    <ele>27.6</ele>
   </trkpt>
   <trkpt lat="56.1643940" lon="10.2043800">
    <ele>28.0</ele>
   </trkpt>
   <trkpt lat="56.1644220" lon="10.2043210">
    <ele>28.2</ele>
   </trkpt>
   <trkpt lat="56.1644470" lon="10.2042600">
    <ele>28.6</ele>
   </trkpt>
   <trkpt lat="56.1644710" lon="10.2041960">
    <ele>28.8</ele>
   </trkpt>
   <trkpt lat="56.1644940" lon="10.2041320">
    <ele>29.2</ele>
   </trkpt>
   <trkpt lat="56.1645190" lon="10.2040690">
    <ele>29.6</ele>
   </trkpt>
   <trkpt lat="56.1645410" lon="10.2040030">
    <ele>30.0</ele>
   </trkpt>
   <trkpt lat="56.1645620" lon="10.2039380">
    <ele>30.2</ele>
   </trkpt>
   <trkpt lat="56.1645840" lon="10.2038710">
    <ele>30.4</ele>
   </trkpt>
   <trkpt lat="56.1646050" lon="10.2038040">
    <ele>30.4</ele>
   </trkpt>
   <trkpt lat="56.1646280" lon="10.2037380">
    <ele>30.6</ele>
   </trkpt>
   <trkpt lat="56.1646520" lon="10.2036740">
    <ele>30.6</ele>
   </trkpt>
   <trkpt lat="56.1646750" lon="10.2036060">
    <ele>30.6</ele>
   </trkpt>
   <trkpt lat="56.1646960" lon="10.2035370">
    <ele>30.8</ele>
   </trkpt>
   <trkpt lat="56.1647170" lon="10.2034730">
    <ele>31.0</ele>
   </trkpt>
   <trkpt lat="56.1647390" lon="10.2034100">
    <ele>31.2</ele>
   </trkpt>
   <trkpt lat="56.1647620" lon="10.2033470">
    <ele>31.4</ele>
   </trkpt>
   <trkpt lat="56.1647840" lon="10.2032810">
    <ele>31.8</ele>
   </trkpt>
   <trkpt lat="56.1648060" lon="10.2032130">
    <ele>32.0</ele>
   </trkpt>
   <trkpt lat="56.1648280" lon="10.2031450">
    <ele>32.0</ele>
   </trkpt>
   <trkpt lat="56.1648500" lon="10.2030760">
    <ele>32.2</ele>
   </trkpt>
   <trkpt lat="56.1648730" lon="10.2030120">
    <ele>32.4</ele>
   </trkpt>
   <trkpt lat="56.1648980" lon="10.2029450">
    <ele>32.4</ele>
   </trkpt>
   <trkpt lat="56.1649220" lon="10.2028770">
    <ele>32.4</ele>
   </trkpt>
   <trkpt lat="56.1649430" lon="10.2028060">
    <ele>32.6</ele>
   </trkpt>
   <trkpt lat="56.1649620" lon="10.2027320">
    <ele>32.6</ele>
   </trkpt>
   <trkpt lat="56.1649820" lon="10.2026610">
    <ele>32.6</ele>
   </trkpt>
   <trkpt lat="56.1650050" lon="10.2025920">
    <ele>32.6</ele>
   </trkpt>
   <trkpt lat="56.1650280" lon="10.2025230">
    <ele>32.8</ele>
   </trkpt>
   <trkpt lat="56.1650490" lon="10.2024510">
    <ele>32.8</ele>
   </trkpt>
   <trkpt lat="56.1650720" lon="10.2023830">
    <ele>33.0</ele>
   </trkpt>
   <trkpt lat="56.1650970" lon="10.2023150">
    <ele>33.2</ele>
   </trkpt>
   <trkpt lat="56.1651200" lon="10.2022450">
    <ele>33.2</ele>
   </trkpt>
   <trkpt lat="56.1651390" lon="10.2021730">
    <ele>33.4</ele>
   </trkpt>
   <trkpt lat="56.1651530" lon="10.2020980">
    <ele>33.6</ele>
   </trkpt>
   <trkpt lat="56.1651660" lon="10.2020210">
    <ele>33.8</ele>
   </trkpt>
   <trkpt lat="56.1651870" lon="10.2019540">
    <ele>34.0</ele>
   </trkpt>
   <trkpt lat="56.1652240" lon="10.2019140">
    <ele>34.2</ele>
   </trkpt>
   <trkpt lat="56.1652620" lon="10.2018940">
    <ele>34.4</ele>
   </trkpt>
   <trkpt lat="56.1653000" lon="10.2018910">
    <ele>34.6</ele>
   </trkpt>
   <trkpt lat="56.1653440" lon="10.2019000">
    <ele>34.6</ele>
   </trkpt>
   <trkpt lat="56.1653860" lon="10.2019140">
    <ele>34.8</ele>
   </trkpt>
   <trkpt lat="56.1654250" lon="10.2019310">
    <ele>35.0</ele>
   </trkpt>
   <trkpt lat="56.1654690" lon="10.2019500">
    <ele>35.2</ele>
   </trkpt>
   <trkpt lat="56.1655150" lon="10.2019750">
    <ele>35.4</ele>
   </trkpt>
   <trkpt lat="56.1655600" lon="10.2020030">
    <ele>35.6</ele>
   </trkpt>
   <trkpt lat="56.1656010" lon="10.2020310">
    <ele>35.8</ele>
   </trkpt>
   <trkpt lat="56.1656370" lon="10.2020670">
    <ele>36.0</ele>
   </trkpt>
   <trkpt lat="56.1656750" lon="10.2021100">
    <ele>36.0</ele>
   </trkpt>
   <trkpt lat="56.1657140" lon="10.2021600">
    <ele>36.2</ele>
   </trkpt>
   <trkpt lat="56.1657510" lon="10.2022160">
    <ele>36.2</ele>
   </trkpt>
   <trkpt lat="56.1657910" lon="10.2022740">
    <ele>36.2</ele>
   </trkpt>
   <trkpt lat="56.1658340" lon="10.2023320">
    <ele>36.4</ele>
   </trkpt>
   <trkpt lat="56.1658820" lon="10.2023850">
    <ele>36.4</ele>
   </trkpt>
   <trkpt lat="56.1659270" lon="10.2024420">
    <ele>36.4</ele>
   </trkpt>
   <trkpt lat="56.1659740" lon="10.2024990">
    <ele>36.4</ele>
   </trkpt>
   <trkpt lat="56.1660270" lon="10.2025500">
    <ele>36.4</ele>
   </trkpt>
   <trkpt lat="56.1660790" lon="10.2025940">
    <ele>36.4</ele>
   </trkpt>
   <trkpt lat="56.1661360" lon="10.2026270">
    <ele>36.2</ele>
   </trkpt>
   <trkpt lat="56.1661980" lon="10.2026500">
    <ele>36.2</ele>
   </trkpt>
   <trkpt lat="56.1662620" lon="10.2026570">
    <ele>36.0</ele>
   </trkpt>
   <trkpt lat="56.1663290" lon="10.2026490">
    <ele>36.0</ele>
   </trkpt>
   <trkpt lat="56.1663990" lon="10.2026290">
    <ele>35.8</ele>
   </trkpt>
   <trkpt lat="56.1664650" lon="10.2025990">
    <ele>35.6</ele>
   </trkpt>
   <trkpt lat="56.1665200" lon="10.2025680">
    <ele>35.6</ele>
   </trkpt>
   <trkpt lat="56.1665740" lon="10.2025360">
    <ele>35.4</ele>
   </trkpt>
   <trkpt lat="56.1666340" lon="10.2024990">
    <ele>35.6</ele>
   </trkpt>
   <trkpt lat="56.1666920" lon="10.2024700">
    <ele>35.6</ele>
   </trkpt>
   <trkpt lat="56.1667500" lon="10.2024510">
    <ele>35.6</ele>
   </trkpt>
   <trkpt lat="56.1668070" lon="10.2024410">
    <ele>35.8</ele>
   </trkpt>
   <trkpt lat="56.1668720" lon="10.2024310">
    <ele>35.8</ele>
   </trkpt>
   <trkpt lat="56.1669330" lon="10.2024080">
    <ele>36.0</ele>
   </trkpt>
   <trkpt lat="56.1669880" lon="10.2023720">
    <ele>36.2</ele>
   </trkpt>
   <trkpt lat="56.1670360" lon="10.2023340">
    <ele>36.6</ele>
   </trkpt>
   <trkpt lat="56.1670840" lon="10.2022930">
    <ele>37.0</ele>
   </trkpt>
   <trkpt lat="56.1671330" lon="10.2022620">
    <ele>37.2</ele>
   </trkpt>
   <trkpt lat="56.1671830" lon="10.2022350">
    <ele>37.6</ele>
   </trkpt>
   <trkpt lat="56.1672270" lon="10.2022090">
    <ele>38.0</ele>
   </trkpt>
   <trkpt lat="56.1672740" lon="10.2021790">
    <ele>38.4</ele>
   </trkpt>
   <trkpt lat="56.1673230" lon="10.2021470">
    <ele>38.8</ele>
   </trkpt>
   <trkpt lat="56.1673760" lon="10.2021140">
    <ele>39.0</ele>
   </trkpt>
   <trkpt lat="56.1674210" lon="10.2020770">
    <ele>39.4</ele>
   </trkpt>
   <trkpt lat="56.1674690" lon="10.2020430">
    <ele>39.6</ele>
   </trkpt>
   <trkpt lat="56.1675170" lon="10.2020110">
    <ele>40.0</ele>
   </trkpt>
   <trkpt lat="56.1675600" lon="10.2019680">
    <ele>40.2</ele>
   </trkpt>
   <trkpt lat="56.1675980" lon="10.2019180">
    <ele>40.2</ele>
   </trkpt>
   <trkpt lat="56.1676380" lon="10.2018660">
    <ele>40.4</ele>
   </trkpt>
   <trkpt lat="56.1676740" lon="10.2018080">
    <ele>40.4</ele>
   </trkpt>
   <trkpt lat="56.1677070" lon="10.2017420">
    <ele>40.6</ele>
   </trkpt>
   <trkpt lat="56.1677410" lon="10.2016780">
    <ele>40.6</ele>
   </trkpt>
   <trkpt lat="56.1677740" lon="10.2016150">
    <ele>40.6</ele>
   </trkpt>
   <trkpt lat="56.1678070" lon="10.2015510">
    <ele>40.8</ele>
   </trkpt>
   <trkpt lat="56.1678420" lon="10.2014910">
    <ele>41.0</ele>
   </trkpt>
   <trkpt lat="56.1678750" lon="10.2014360">
    <ele>41.4</ele>
   </trkpt>
   <trkpt lat="56.1679140" lon="10.2013810">
    <ele>41.8</ele>
   </trkpt>
   <trkpt lat="56.1679520" lon="10.2013230">
    <ele>42.0</ele>
   </trkpt>
   <trkpt lat="56.1679910" lon="10.2012620">
    <ele>42.0</ele>
   </trkpt>
   <trkpt lat="56.1680260" lon="10.2011930">
    <ele>42.2</ele>
   </trkpt>
   <trkpt lat="56.1680610" lon="10.2011200">
    <ele>42.2</ele>
   </trkpt>
   <trkpt lat="56.1681030" lon="10.2010380">
    <ele>42.4</ele>
   </trkpt>
   <trkpt lat="56.1681330" lon="10.2009850">
    <ele>42.4</ele>
   </trkpt>
   <trkpt lat="56.1681770" lon="10.2009050">
    <ele>42.6</ele>
   </trkpt>
   <trkpt lat="56.1682130" lon="10.2008430">
    <ele>42.6</ele>
   </trkpt>
   <trkpt lat="56.1682410" lon="10.2007940">
    <ele>42.6</ele>
   </trkpt>
   <trkpt lat="56.1682780" lon="10.2007380">
    <ele>42.6</ele>
   </trkpt>
   <trkpt lat="56.1683150" lon="10.2006780">
    <ele>42.8</ele>
   </trkpt>
   <trkpt lat="56.1683510" lon="10.2006230">
    <ele>42.8</ele>
   </trkpt>
   <trkpt lat="56.1684000" lon="10.2005620">
    <ele>43.0</ele>
   </trkpt>
   <trkpt lat="56.1684420" lon="10.2005070">
    <ele>43.0</ele>
   </trkpt>
   <trkpt lat="56.1684740" lon="10.2004590">
    <ele>43.2</ele>
   </trkpt>
   <trkpt lat="56.1685130" lon="10.2003780">
    <ele>43.4</ele>
   </trkpt>
   <trkpt lat="56.1685420" lon="10.2003020">
    <ele>43.6</ele>
   </trkpt>
   <trkpt lat="56.1685610" lon="10.2002340">
    <ele>43.8</ele>
   </trkpt>
   <trkpt lat="56.1685820" lon="10.2001260">
    <ele>44.0</ele>
   </trkpt>
   <trkpt lat="56.1685950" lon="10.2000340">
    <ele>44.2</ele>
   </trkpt>
   <trkpt lat="56.1686030" lon="10.1999600">
    <ele>44.4</ele>
   </trkpt>
   <trkpt lat="56.1686120" lon="10.1998520">
    <ele>44.6</ele>
   </trkpt>
   <trkpt lat="56.1686180" lon="10.1997650">
    <ele>44.6</ele>
   </trkpt>
   <trkpt lat="56.1686330" lon="10.1996830">
    <ele>44.8</ele>
   </trkpt>
   <trkpt lat="56.1686470" lon="10.1995990">
    <ele>44.8</ele>
   </trkpt>
   <trkpt lat="56.1686600" lon="10.1995090">
    <ele>45.0</ele>
   </trkpt>
   <trkpt lat="56.1686730" lon="10.1994330">
    <ele>45.0</ele>
   </trkpt>
   <trkpt lat="56.1686980" lon="10.1993270">
    <ele>45.2</ele>
   </trkpt>
   <trkpt lat="56.1687280" lon="10.1992480">
    <ele>45.2</ele>
   </trkpt>
   <trkpt lat="56.1687550" lon="10.1991960">
    <ele>45.2</ele>
   </trkpt>
   <trkpt lat="56.1687900" lon="10.1991310">
    <ele>45.4</ele>
   </trkpt>
   <trkpt lat="56.1688300" lon="10.1990810">
    <ele>45.2</ele>
   </trkpt>
   <trkpt lat="56.1688750" lon="10.1990470">
    <ele>45.4</ele>
   </trkpt>
   <trkpt lat="56.1689270" lon="10.1990180">
    <ele>45.4</ele>
   </trkpt>
   <trkpt lat="56.1689670" lon="10.1989940">
    <ele>45.6</ele>
   </trkpt>
   <trkpt lat="56.1690070" lon="10.1989570">
    <ele>45.6</ele>
   </trkpt>
   <trkpt lat="56.1690380" lon="10.1989060">
    <ele>46.0</ele>
   </trkpt>
   <trkpt lat="56.1690560" lon="10.1988370">
    <ele>46.2</ele>
   </trkpt>
   <trkpt lat="56.1690570" lon="10.1987660">
    <ele>46.6</ele>
   </trkpt>
   <trkpt lat="56.1690510" lon="10.1986590">
    <ele>46.8</ele>
   </trkpt>
   <trkpt lat="56.1690440" lon="10.1985820">
    <ele>47.2</ele>
   </trkpt>
   <trkpt lat="56.1690400" lon="10.1985210">
    <ele>47.4</ele>
   </trkpt>
   <trkpt lat="56.1690410" lon="10.1984360">
    <ele>47.6</ele>
   </trkpt>
   <trkpt lat="56.1690570" lon="10.1983720">
    <ele>47.8</ele>
   </trkpt>
   <trkpt lat="56.1690850" lon="10.1983300">
    <ele>47.8</ele>
   </trkpt>
   <trkpt lat="56.1691240" lon="10.1983230">
    <ele>48.0</ele>
   </trkpt>
   <trkpt lat="56.1691590" lon="10.1983310">
    <ele>48.0</ele>
   </trkpt>
   <trkpt lat="56.1692170" lon="10.1983470">
    <ele>48.0</ele>
   </trkpt>
   <trkpt lat="56.1692680" lon="10.1983550">
    <ele>48.0</ele>
   </trkpt>
   <trkpt lat="56.1693240" lon="10.1983620">
    <ele>48.0</ele>
   </trkpt>
   <trkpt lat="56.1693780" lon="10.1983660">
    <ele>48.0</ele>
   </trkpt>
   <trkpt lat="56.1694210" lon="10.1983800">
    <ele>48.0</ele>
   </trkpt>
   <trkpt lat="56.1694720" lon="10.1984060">
    <ele>48.0</ele>
   </trkpt>
   <trkpt lat="56.1695330" lon="10.1984260">
    <ele>48.0</ele>
   </trkpt>
   <trkpt lat="56.1695840" lon="10.1984330">
    <ele>48.2</ele>
   </trkpt>
   <trkpt lat="56.1696270" lon="10.1984340">
    <ele>48.2</ele>
   </trkpt>
   <trkpt lat="56.1696860" lon="10.1984360">
    <ele>48.2</ele>
   </trkpt>
   <trkpt lat="56.1697360" lon="10.1984410">
    <ele>48.4</ele>
   </trkpt>
   <trkpt lat="56.1697880" lon="10.1984530">
    <ele>48.4</ele>
   </trkpt>
   <trkpt lat="56.1698400" lon="10.1984650">
    <ele>48.4</ele>
   </trkpt>
   <trkpt lat="56.1698920" lon="10.1984740">
    <ele>48.4</ele>
   </trkpt>
   <trkpt lat="56.1699440" lon="10.1984820">
    <ele>48.2</ele>
   </trkpt>
   <trkpt lat="56.1699950" lon="10.1984940">
    <ele>48.0</ele>
   </trkpt>
   <trkpt lat="56.1700440" lon="10.1985050">
    <ele>47.8</ele>
   </trkpt>
   <trkpt lat="56.1700940" lon="10.1985140">
    <ele>47.8</ele>
   </trkpt>
   <trkpt lat="56.1701430" lon="10.1985240">
    <ele>47.6</ele>
   </trkpt>
   <trkpt lat="56.1701910" lon="10.1985350">
    <ele>47.8</ele>
   </trkpt>
   <trkpt lat="56.1702370" lon="10.1985500">
    <ele>47.8</ele>
   </trkpt>
   <trkpt lat="56.1702830" lon="10.1985640">
    <ele>48.0</ele>
   </trkpt>
   <trkpt lat="56.1703270" lon="10.1985680">
    <ele>48.2</ele>
   </trkpt>
   <trkpt lat="56.1703620" lon="10.1985730">
    <ele>48.6</ele>
   </trkpt>
   <trkpt lat="56.1703880" lon="10.1985800">
    <ele>48.8</ele>
   </trkpt>
   <trkpt lat="56.1704030" lon="10.1985850">
    <ele>49.0</ele>
   </trkpt>
   <trkpt lat="56.1704100" lon="10.1985860">
    <ele>49.2</ele>
   </trkpt>
   <trkpt lat="56.1704140" lon="10.1985830">
    <ele>49.2</ele>
   </trkpt>
   <trkpt lat="56.1705300" lon="10.1986170">
    <ele>49.8</ele>
   </trkpt>
   <trkpt lat="56.1705540" lon="10.1986270">
    <ele>49.6</ele>
   </trkpt>
   <trkpt lat="56.1705860" lon="10.1986370">
    <ele>49.6</ele>
   </trkpt>
   <trkpt lat="56.1706220" lon="10.1986470">
    <ele>49.6</ele>
   </trkpt>
   <trkpt lat="56.1706580" lon="10.1986610">
    <ele>49.6</ele>
   </trkpt>
   <trkpt lat="56.1706980" lon="10.1986770">
    <ele>49.6</ele>
   </trkpt>
   <trkpt lat="56.1707390" lon="10.1986910">
    <ele>49.6</ele>
   </trkpt>
   <trkpt lat="56.1707820" lon="10.1987000">
    <ele>49.8</ele>
   </trkpt>
   <trkpt lat="56.1708260" lon="10.1987070">
    <ele>49.8</ele>
   </trkpt>
   <trkpt lat="56.1708720" lon="10.1987180">
    <ele>50.0</ele>
   </trkpt>
   <trkpt lat="56.1709190" lon="10.1987310">
    <ele>50.2</ele>
   </trkpt>
   <trkpt lat="56.1709670" lon="10.1987460">
    <ele>50.4</ele>
   </trkpt>
   <trkpt lat="56.1710150" lon="10.1987640">
    <ele>50.6</ele>
   </trkpt>
   <trkpt lat="56.1710620" lon="10.1987850">
    <ele>50.6</ele>
   </trkpt>
   <trkpt lat="56.1711120" lon="10.1988080">
    <ele>50.6</ele>
   </trkpt>
   <trkpt lat="56.1711630" lon="10.1988290">
    <ele>50.6</ele>
   </trkpt>
   <trkpt lat="56.1712160" lon="10.1988540">
    <ele>50.4</ele>
   </trkpt>
   <trkpt lat="56.1712670" lon="10.1988820">
    <ele>50.2</ele>
   </trkpt>
   <trkpt lat="56.1713160" lon="10.1989120">
    <ele>50.0</ele>
   </trkpt>
   <trkpt lat="56.1713630" lon="10.1989470">
    <ele>49.8</ele>
   </trkpt>
   <trkpt lat="56.1714110" lon="10.1989820">
    <ele>49.6</ele>
   </trkpt>
   <trkpt lat="56.1714600" lon="10.1990170">
    <ele>49.6</ele>
   </trkpt>
   <trkpt lat="56.1715090" lon="10.1990510">
    <ele>49.8</ele>
   </trkpt>
   <trkpt lat="56.1715570" lon="10.1990870">
    <ele>49.8</ele>
   </trkpt>
   <trkpt lat="56.1716060" lon="10.1991290">
    <ele>50.2</ele>
   </trkpt>
   <trkpt lat="56.1716530" lon="10.1991710">
    <ele>50.4</ele>
   </trkpt>
   <trkpt lat="56.1717000" lon="10.1992150">
    <ele>50.8</ele>
   </trkpt>
   <trkpt lat="56.1717460" lon="10.1992630">
    <ele>51.2</ele>
   </trkpt>
   <trkpt lat="56.1717920" lon="10.1993110">
    <ele>51.2</ele>
   </trkpt>
   <trkpt lat="56.1718380" lon="10.1993600">
    <ele>51.2</ele>
   </trkpt>
   <trkpt lat="56.1718830" lon="10.1994120">
    <ele>51.2</ele>
   </trkpt>
   <trkpt lat="56.1719290" lon="10.1994640">
    <ele>51.4</ele>
   </trkpt>
   <trkpt lat="56.1719750" lon="10.1995180">
    <ele>51.4</ele>
   </trkpt>
   <trkpt lat="56.1720180" lon="10.1995760">
    <ele>51.4</ele>
   </trkpt>
   <trkpt lat="56.1720610" lon="10.1996350">
    <ele>51.8</ele>
   </trkpt>
   <trkpt lat="56.1721020" lon="10.1996990">
    <ele>52.0</ele>
   </trkpt>
   <trkpt lat="56.1721410" lon="10.1997590">
    <ele>52.4</ele>
   </trkpt>
   <trkpt lat="56.1721770" lon="10.1998180">
    <ele>52.6</ele>
   </trkpt>
   <trkpt lat="56.1722150" lon="10.1998770">
    <ele>52.8</ele>
   </trkpt>
   <trkpt lat="56.1722530" lon="10.1999320">
    <ele>53.0</ele>
   </trkpt>
   <trkpt lat="56.1722920" lon="10.1999900">
    <ele>53.0</ele>
   </trkpt>
   <trkpt lat="56.1723310" lon="10.2000480">
    <ele>53.2</ele>
   </trkpt>
   <trkpt lat="56.1723670" lon="10.2001070">
    <ele>53.4</ele>
   </trkpt>
   <trkpt lat="56.1723980" lon="10.2001660">
    <ele>53.4</ele>
   </trkpt>
   <trkpt lat="56.1724300" lon="10.2002190">
    <ele>53.6</ele>
   </trkpt>
   <trkpt lat="56.1724620" lon="10.2002720">
    <ele>53.8</ele>
   </trkpt>
   <trkpt lat="56.1724960" lon="10.2003280">
    <ele>54.0</ele>
   </trkpt>
   <trkpt lat="56.1725350" lon="10.2003830">
    <ele>54.2</ele>
   </trkpt>
   <trkpt lat="56.1725740" lon="10.2004410">
    <ele>54.4</ele>
   </trkpt>
   <trkpt lat="56.1726130" lon="10.2004960">
    <ele>54.6</ele>
   </trkpt>
   <trkpt lat="56.1726520" lon="10.2005560">
    <ele>54.8</ele>
   </trkpt>
   <trkpt lat="56.1726840" lon="10.2006120">
    <ele>55.0</ele>
   </trkpt>
   <trkpt lat="56.1727200" lon="10.2006630">
    <ele>55.2</ele>
   </trkpt>
   <trkpt lat="56.1727560" lon="10.2007140">
    <ele>55.2</ele>
   </trkpt>
   <trkpt lat="56.1727950" lon="10.2007680">
    <ele>55.2</ele>
   </trkpt>
   <trkpt lat="56.1728330" lon="10.2008270">
    <ele>55.2</ele>
   </trkpt>
   <trkpt lat="56.1728730" lon="10.2008870">
    <ele>55.2</ele>
   </trkpt>
   <trkpt lat="56.1729120" lon="10.2009470">
    <ele>55.4</ele>
   </trkpt>
   <trkpt lat="56.1729490" lon="10.2010020">
    <ele>55.4</ele>
   </trkpt>
   <trkpt lat="56.1729880" lon="10.2010570">
    <ele>55.4</ele>
   </trkpt>
   <trkpt lat="56.1730230" lon="10.2011090">
    <ele>55.6</ele>
   </trkpt>
   <trkpt lat="56.1730600" lon="10.2011650">
    <ele>55.6</ele>
   </trkpt>
   <trkpt lat="56.1730980" lon="10.2012210">
    <ele>55.8</ele>
   </trkpt>
   <trkpt lat="56.1731380" lon="10.2012780">
    <ele>56.0</ele>
   </trkpt>
   <trkpt lat="56.1731780" lon="10.2013350">
    <ele>56.0</ele>
   </trkpt>
   <trkpt lat="56.1732170" lon="10.2013930">
    <ele>56.2</ele>
   </trkpt>
   <trkpt lat="56.1732560" lon="10.2014490">
    <ele>56.4</ele>
   </trkpt>
   <trkpt lat="56.1732960" lon="10.2015040">
    <ele>56.6</ele>
   </trkpt>
   <trkpt lat="56.1733360" lon="10.2015580">
    <ele>56.8</ele>
   </trkpt>
   <trkpt lat="56.1733770" lon="10.2016110">
    <ele>57.0</ele>
   </trkpt>
   <trkpt lat="56.1734170" lon="10.2016650">
    <ele>57.2</ele>
   </trkpt>
   <trkpt lat="56.1734560" lon="10.2017200">
    <ele>57.4</ele>
   </trkpt>
   <trkpt lat="56.1734960" lon="10.2017700">
    <ele>57.6</ele>
   </trkpt>
   <trkpt lat="56.1735320" lon="10.2018200">
    <ele>57.8</ele>
   </trkpt>
   <trkpt lat="56.1735690" lon="10.2018700">
    <ele>58.0</ele>
   </trkpt>
   <trkpt lat="56.1736070" lon="10.2019180">
    <ele>58.2</ele>
   </trkpt>
   <trkpt lat="56.1736490" lon="10.2019550">
    <ele>58.2</ele>
   </trkpt>
   <trkpt lat="56.1736840" lon="10.2019960">
    <ele>58.4</ele>
   </trkpt>
   <trkpt lat="56.1737220" lon="10.2020390">
    <ele>58.6</ele>
   </trkpt>
   <trkpt lat="56.1737590" lon="10.2020800">
    <ele>58.6</ele>
   </trkpt>
   <trkpt lat="56.1737850" lon="10.2021270">
    <ele>58.8</ele>
   </trkpt>
   <trkpt lat="56.1738120" lon="10.2021740">
    <ele>59.0</ele>
   </trkpt>
   <trkpt lat="56.1738490" lon="10.2022140">
    <ele>59.2</ele>
   </trkpt>
   <trkpt lat="56.1738920" lon="10.2022620">
    <ele>59.4</ele>
   </trkpt>
   <trkpt lat="56.1739290" lon="10.2023000">
    <ele>59.6</ele>
   </trkpt>
   <trkpt lat="56.1739660" lon="10.2023380">
    <ele>59.8</ele>
   </trkpt>
   <trkpt lat="56.1739940" lon="10.2023960">
    <ele>60.0</ele>
   </trkpt>
   <trkpt lat="56.1740220" lon="10.2024670">
    <ele>60.2</ele>
   </trkpt>
   <trkpt lat="56.1740500" lon="10.2025410">
    <ele>60.2</ele>
   </trkpt>
   <trkpt lat="56.1740750" lon="10.2026160">
    <ele>60.4</ele>
   </trkpt>
   <trkpt lat="56.1741000" lon="10.2026890">
    <ele>60.6</ele>
   </trkpt>
   <trkpt lat="56.1741230" lon="10.2027590">
    <ele>60.6</ele>
   </trkpt>
   <trkpt lat="56.1741470" lon="10.2028210">
    <ele>60.6</ele>
   </trkpt>
   <trkpt lat="56.1741690" lon="10.2028790">
    <ele>60.8</ele>
   </trkpt>
   <trkpt lat="56.1741880" lon="10.2029340">
    <ele>60.8</ele>
   </trkpt>
   <trkpt lat="56.1742010" lon="10.2029880">
    <ele>60.8</ele>
   </trkpt>
   <trkpt lat="56.1742080" lon="10.2030400">
    <ele>60.8</ele>
   </trkpt>
   <trkpt lat="56.1742040" lon="10.2030760">
    <ele>60.8</ele>
   </trkpt>
   <trkpt lat="56.1741990" lon="10.2031080">
    <ele>60.8</ele>
   </trkpt>
   <trkpt lat="56.1741970" lon="10.2031380">
    <ele>60.8</ele>
   </trkpt>
   <trkpt lat="56.1741990" lon="10.2031630">
    <ele>60.6</ele>
   </trkpt>
   <trkpt lat="56.1742070" lon="10.2031710">
    <ele>60.6</ele>
   </trkpt>
   <trkpt lat="56.1742190" lon="10.2031700">
    <ele>60.4</ele>
   </trkpt>
   <trkpt lat="56.1742350" lon="10.2031640">
    <ele>60.4</ele>
   </trkpt>
   <trkpt lat="56.1742610" lon="10.2031490">
    <ele>60.2</ele>
   </trkpt>
   <trkpt lat="56.1742930" lon="10.2031280">
    <ele>60.0</ele>
   </trkpt>
   <trkpt lat="56.1743250" lon="10.2031020">
    <ele>60.0</ele>
   </trkpt>
   <trkpt lat="56.1743590" lon="10.2030780">
    <ele>59.8</ele>
   </trkpt>
   <trkpt lat="56.1743940" lon="10.2030540">
    <ele>59.8</ele>
   </trkpt>
   <trkpt lat="56.1744310" lon="10.2030310">
    <ele>59.8</ele>
   </trkpt>
   <trkpt lat="56.1744690" lon="10.2030060">
    <ele>60.0</ele>
   </trkpt>
   <trkpt lat="56.1745060" lon="10.2029800">
    <ele>60.2</ele>
   </trkpt>
   <trkpt lat="56.1745440" lon="10.2029530">
    <ele>60.4</ele>
   </trkpt>
   <trkpt lat="56.1745850" lon="10.2029300">
    <ele>60.6</ele>
   </trkpt>
   <trkpt lat="56.1746260" lon="10.2029030">
    <ele>60.8</ele>
   </trkpt>
   <trkpt lat="56.1746690" lon="10.2028760">
    <ele>61.2</ele>
   </trkpt>
   <trkpt lat="56.1747120" lon="10.2028480">
    <ele>61.4</ele>
   </trkpt>
   <trkpt lat="56.1747580" lon="10.2028260">
    <ele>61.6</ele>
   </trkpt>
   <trkpt lat="56.1748030" lon="10.2028110">
    <ele>62.0</ele>
   </trkpt>
   <trkpt lat="56.1748490" lon="10.2028020">
    <ele>62.2</ele>
   </trkpt>
   <trkpt lat="56.1748950" lon="10.2027900">
    <ele>62.4</ele>
   </trkpt>
   <trkpt lat="56.1749390" lon="10.2027730">
    <ele>62.8</ele>
   </trkpt>
   <trkpt lat="56.1749830" lon="10.2027520">
    <ele>63.0</ele>
   </trkpt>
   <trkpt lat="56.1750300" lon="10.2027260">
    <ele>63.2</ele>
   </trkpt>
   <trkpt lat="56.1750750" lon="10.2026950">
    <ele>63.4</ele>
   </trkpt>
   <trkpt lat="56.1751210" lon="10.2026640">
    <ele>63.6</ele>
   </trkpt>
   <trkpt lat="56.1751680" lon="10.2026290">
    <ele>63.6</ele>
   </trkpt>
   <trkpt lat="56.1752140" lon="10.2025930">
    <ele>63.8</ele>
   </trkpt>
   <trkpt lat="56.1752600" lon="10.2025610">
    <ele>64.0</ele>
   </trkpt>
   <trkpt lat="56.1753030" lon="10.2025230">
    <ele>64.0</ele>
   </trkpt>
   <trkpt lat="56.1753450" lon="10.2024760">
    <ele>64.2</ele>
   </trkpt>
   <trkpt lat="56.1753850" lon="10.2024270">
    <ele>64.2</ele>
   </trkpt>
   <trkpt lat="56.1754270" lon="10.2023780">
    <ele>64.4</ele>
   </trkpt>
   <trkpt lat="56.1754720" lon="10.2023370">
    <ele>64.4</ele>
   </trkpt>
   <trkpt lat="56.1755180" lon="10.2023070">
    <ele>64.4</ele>
   </trkpt>
   <trkpt lat="56.1755650" lon="10.2022780">
    <ele>64.4</ele>
   </trkpt>
   <trkpt lat="56.1756120" lon="10.2022450">
    <ele>64.4</ele>
   </trkpt>
   <trkpt lat="56.1756580" lon="10.2022110">
    <ele>64.6</ele>
   </trkpt>
   <trkpt lat="56.1757030" lon="10.2021800">
    <ele>64.8</ele>
   </trkpt>
   <trkpt lat="56.1757480" lon="10.2021470">
    <ele>65.0</ele>
   </trkpt>
   <trkpt lat="56.1757950" lon="10.2021130">
    <ele>65.2</ele>
   </trkpt>
   <trkpt lat="56.1758410" lon="10.2020810">
    <ele>65.4</ele>
   </trkpt>
   <trkpt lat="56.1758860" lon="10.2020510">
    <ele>65.6</ele>
   </trkpt>
   <trkpt lat="56.1759330" lon="10.2020200">
    <ele>65.8</ele>
   </trkpt>
   <trkpt lat="56.1759820" lon="10.2019860">
    <ele>66.0</ele>
   </trkpt>
   <trkpt lat="56.1760300" lon="10.2019550">
    <ele>66.2</ele>
   </trkpt>
   <trkpt lat="56.1760760" lon="10.2019240">
    <ele>66.4</ele>
   </trkpt>
   <trkpt lat="56.1761230" lon="10.2018960">
    <ele>66.4</ele>
   </trkpt>
   <trkpt lat="56.1761700" lon="10.2018650">
    <ele>66.4</ele>
   </trkpt>
   <trkpt lat="56.1762160" lon="10.2018310">
    <ele>66.4</ele>
   </trkpt>
   <trkpt lat="56.1762630" lon="10.2017980">
    <ele>66.4</ele>
   </trkpt>
   <trkpt lat="56.1763100" lon="10.2017660">
    <ele>66.4</ele>
   </trkpt>
   <trkpt lat="56.1763560" lon="10.2017350">
    <ele>66.6</ele>
   </trkpt>
   <trkpt lat="56.1764000" lon="10.2017060">
    <ele>66.6</ele>
   </trkpt>
   <trkpt lat="56.1764430" lon="10.2016780">
    <ele>66.8</ele>
   </trkpt>
   <trkpt lat="56.1764890" lon="10.2016520">
    <ele>67.0</ele>
   </trkpt>
   <trkpt lat="56.1765330" lon="10.2016250">
    <ele>67.4</ele>
   </trkpt>
   <trkpt lat="56.1765760" lon="10.2015960">
    <ele>67.6</ele>
   </trkpt>
   <trkpt lat="56.1766200" lon="10.2015670">
    <ele>67.8</ele>
   </trkpt>
   <trkpt lat="56.1766650" lon="10.2015390">
    <ele>68.0</ele>
   </trkpt>
   <trkpt lat="56.1767080" lon="10.2015110">
    <ele>68.0</ele>
   </trkpt>
   <trkpt lat="56.1767520" lon="10.2014770">
    <ele>68.0</ele>
   </trkpt>
   <trkpt lat="56.1767940" lon="10.2014490">
    <ele>68.0</ele>
   </trkpt>
   <trkpt lat="56.1768360" lon="10.2014250">
    <ele>68.2</ele>
   </trkpt>
   <trkpt lat="56.1768810" lon="10.2013960">
    <ele>68.4</ele>
   </trkpt>
   <trkpt lat="56.1769250" lon="10.2013660">
    <ele>68.4</ele>
   </trkpt>
   <trkpt lat="56.1769700" lon="10.2013360">
    <ele>68.8</ele>
   </trkpt>
   <trkpt lat="56.1770150" lon="10.2013060">
    <ele>69.2</ele>
   </trkpt>
   <trkpt lat="56.1770630" lon="10.2012730">
    <ele>69.6</ele>
   </trkpt>
   <trkpt lat="56.1771090" lon="10.2012400">
    <ele>69.8</ele>
   </trkpt>
   <trkpt lat="56.1771560" lon="10.2012080">
    <ele>70.0</ele>
   </trkpt>
   <trkpt lat="56.1772030" lon="10.2011790">
    <ele>70.0</ele>
   </trkpt>
   <trkpt lat="56.1772490" lon="10.2011490">
    <ele>70.0</ele>
   </trkpt>
   <trkpt lat="56.1772950" lon="10.2011190">
    <ele>70.2</ele>
   </trkpt>
   <trkpt lat="56.1773410" lon="10.2010890">
    <ele>70.2</ele>
   </trkpt>
   <trkpt lat="56.1773880" lon="10.2010590">
    <ele>70.4</ele>
   </trkpt>
   <trkpt lat="56.1774340" lon="10.2010270">
    <ele>70.4</ele>
   </trkpt>
   <trkpt lat="56.1774800" lon="10.2009950">
    <ele>70.6</ele>
   </trkpt>
   <trkpt lat="56.1775250" lon="10.2009650">
    <ele>70.8</ele>
   </trkpt>
   <trkpt lat="56.1775700" lon="10.2009340">
    <ele>70.8</ele>
   </trkpt>
   <trkpt lat="56.1776150" lon="10.2009030">
    <ele>71.0</ele>
   </trkpt>
   <trkpt lat="56.1776590" lon="10.2008740">
    <ele>71.0</ele>
   </trkpt>
   <trkpt lat="56.1777040" lon="10.2008450">
    <ele>71.2</ele>
   </trkpt>
   <trkpt lat="56.1777490" lon="10.2008170">
    <ele>71.2</ele>
   </trkpt>
   <trkpt lat="56.1777940" lon="10.2007960">
    <ele>71.4</ele>
   </trkpt>
   <trkpt lat="56.1778400" lon="10.2007800">
    <ele>71.4</ele>
   </trkpt>
   <trkpt lat="56.1778850" lon="10.2007660">
    <ele>71.6</ele>
   </trkpt>
   <trkpt lat="56.1779270" lon="10.2007500">
    <ele>71.6</ele>
   </trkpt>
   <trkpt lat="56.1779650" lon="10.2007350">
    <ele>71.8</ele>
   </trkpt>
   <trkpt lat="56.1780000" lon="10.2007230">
    <ele>72.0</ele>
   </trkpt>
   <trkpt lat="56.1780310" lon="10.2007130">
    <ele>72.2</ele>
   </trkpt>
   <trkpt lat="56.1780600" lon="10.2007030">
    <ele>72.4</ele>
   </trkpt>
   <trkpt lat="56.1780860" lon="10.2006930">
    <ele>72.6</ele>
   </trkpt>
   <trkpt lat="56.1781100" lon="10.2006830">
    <ele>72.8</ele>
   </trkpt>
   <trkpt lat="56.1781310" lon="10.2006750">
    <ele>73.0</ele>
   </trkpt>
   <trkpt lat="56.1781500" lon="10.2006670">
    <ele>73.2</ele>
   </trkpt>
   <trkpt lat="56.1781640" lon="10.2006570">
    <ele>73.2</ele>
   </trkpt>
   <trkpt lat="56.1781690" lon="10.2006530">
    <ele>73.2</ele>
   </trkpt>
   <trkpt lat="56.1781690" lon="10.2006530">
    <ele>73.2</ele>
   </trkpt>
   <trkpt lat="56.1781690" lon="10.2006530">
    <ele>73.2</ele>
   </trkpt>
   <trkpt lat="56.1782160" lon="10.2006210">
    <ele>73.4</ele>
   </trkpt>
   <trkpt lat="56.1782380" lon="10.2006090">
    <ele>73.4</ele>
   </trkpt>
   <trkpt lat="56.1782610" lon="10.2005930">
    <ele>73.4</ele>
   </trkpt>
   <trkpt lat="56.1782880" lon="10.2005770">
    <ele>73.6</ele>
   </trkpt>
   <trkpt lat="56.1783200" lon="10.2005590">
    <ele>73.6</ele>
   </trkpt>
   <trkpt lat="56.1783540" lon="10.2005450">
    <ele>73.8</ele>
   </trkpt>
   <trkpt lat="56.1783920" lon="10.2005330">
    <ele>74.0</ele>
   </trkpt>
   <trkpt lat="56.1784320" lon="10.2005150">
    <ele>74.0</ele>
   </trkpt>
   <trkpt lat="56.1784730" lon="10.2004920">
    <ele>74.0</ele>
   </trkpt>
   <trkpt lat="56.1785160" lon="10.2004700">
    <ele>74.0</ele>
   </trkpt>
   <trkpt lat="56.1785590" lon="10.2004510">
    <ele>74.2</ele>
   </trkpt>
   <trkpt lat="56.1786010" lon="10.2004270">
    <ele>74.2</ele>
   </trkpt>
   <trkpt lat="56.1786450" lon="10.2004000">
    <ele>74.2</ele>
   </trkpt>
   <trkpt lat="56.1786900" lon="10.2003730">
    <ele>74.4</ele>
   </trkpt>
   <trkpt lat="56.1787350" lon="10.2003410">
    <ele>74.6</ele>
   </trkpt>
   <trkpt lat="56.1787800" lon="10.2003070">
    <ele>74.8</ele>
   </trkpt>
   <trkpt lat="56.1788240" lon="10.2002730">
    <ele>75.0</ele>
   </trkpt>
   <trkpt lat="56.1788690" lon="10.2002330">
    <ele>75.2</ele>
   </trkpt>
   <trkpt lat="56.1789130" lon="10.2001910">
    <ele>75.4</ele>
   </trkpt>
   <trkpt lat="56.1789580" lon="10.2001430">
    <ele>75.6</ele>
   </trkpt>
   <trkpt lat="56.1790010" lon="10.2000930">
    <ele>75.8</ele>
   </trkpt>
   <trkpt lat="56.1790450" lon="10.2000430">
    <ele>75.8</ele>
   </trkpt>
   <trkpt lat="56.1790910" lon="10.2000010">
    <ele>76.0</ele>
   </trkpt>
   <trkpt lat="56.1791380" lon="10.1999650">
    <ele>76.2</ele>
   </trkpt>
   <trkpt lat="56.1791870" lon="10.1999350">
    <ele>76.2</ele>
   </trkpt>
   <trkpt lat="56.1792360" lon="10.1999080">
    <ele>76.4</ele>
   </trkpt>
   <trkpt lat="56.1792830" lon="10.1998760">
    <ele>76.4</ele>
   </trkpt>
   <trkpt lat="56.1793280" lon="10.1998410">
    <ele>76.2</ele>
   </trkpt>
   <trkpt lat="56.1793720" lon="10.1998070">
    <ele>76.2</ele>
   </trkpt>
   <trkpt lat="56.1794170" lon="10.1997730">
    <ele>76.2</ele>
   </trkpt>
   <trkpt lat="56.1794610" lon="10.1997370">
    <ele>76.2</ele>
   </trkpt>
   <trkpt lat="56.1795040" lon="10.1997010">
    <ele>76.4</ele>
   </trkpt>
   <trkpt lat="56.1795440" lon="10.1996600">
    <ele>76.6</ele>
   </trkpt>
   <trkpt lat="56.1795820" lon="10.1996140">
    <ele>76.6</ele>
   </trkpt>
   <trkpt lat="56.1796230" lon="10.1995680">
    <ele>76.8</ele>
   </trkpt>
   <trkpt lat="56.1796650" lon="10.1995290">
    <ele>77.0</ele>
   </trkpt>
   <trkpt lat="56.1797090" lon="10.1994950">
    <ele>77.2</ele>
   </trkpt>
   <trkpt lat="56.1797520" lon="10.1994640">
    <ele>77.4</ele>
   </trkpt>
   <trkpt lat="56.1797980" lon="10.1994370">
    <ele>77.6</ele>
   </trkpt>
   <trkpt lat="56.1798460" lon="10.1994120">
    <ele>77.6</ele>
   </trkpt>
   <trkpt lat="56.1798930" lon="10.1993940">
    <ele>77.8</ele>
   </trkpt>
   <trkpt lat="56.1799400" lon="10.1993740">
    <ele>77.8</ele>
   </trkpt>
   <trkpt lat="56.1799860" lon="10.1993460">
    <ele>77.8</ele>
   </trkpt>
   <trkpt lat="56.1800330" lon="10.1993130">
    <ele>78.0</ele>
   </trkpt>
   <trkpt lat="56.1800800" lon="10.1992820">
    <ele>78.0</ele>
   </trkpt>
   <trkpt lat="56.1801260" lon="10.1992510">
    <ele>78.2</ele>
   </trkpt>
   <trkpt lat="56.1801730" lon="10.1992170">
    <ele>78.2</ele>
   </trkpt>
   <trkpt lat="56.1802190" lon="10.1991840">
    <ele>78.4</ele>
   </trkpt>
   <trkpt lat="56.1802660" lon="10.1991490">
    <ele>78.4</ele>
   </trkpt>
   <trkpt lat="56.1803110" lon="10.1991050">
    <ele>78.4</ele>
   </trkpt>
   <trkpt lat="56.1803540" lon="10.1990590">
    <ele>78.6</ele>
   </trkpt>
   <trkpt lat="56.1803980" lon="10.1990160">
    <ele>78.6</ele>
   </trkpt>
   <trkpt lat="56.1804430" lon="10.1989780">
    <ele>78.6</ele>
   </trkpt>
   <trkpt lat="56.1804910" lon="10.1989410">
    <ele>78.6</ele>
   </trkpt>
   <trkpt lat="56.1805390" lon="10.1989050">
    <ele>78.8</ele>
   </trkpt>
   <trkpt lat="56.1805870" lon="10.1988710">
    <ele>78.8</ele>
   </trkpt>
   <trkpt lat="56.1806370" lon="10.1988340">
    <ele>78.8</ele>
   </trkpt>
   <trkpt lat="56.1806860" lon="10.1987980">
    <ele>78.6</ele>
   </trkpt>
   <trkpt lat="56.1807350" lon="10.1987640">
    <ele>78.6</ele>
   </trkpt>
   <trkpt lat="56.1807840" lon="10.1987310">
    <ele>78.4</ele>
   </trkpt>
   <trkpt lat="56.1808330" lon="10.1986990">
    <ele>78.4</ele>
   </trkpt>
   <trkpt lat="56.1808820" lon="10.1986700">
    <ele>78.4</ele>
   </trkpt>
   <trkpt lat="56.1809330" lon="10.1986460">
    <ele>78.6</ele>
   </trkpt>
   <trkpt lat="56.1809830" lon="10.1986260">
    <ele>78.8</ele>
   </trkpt>
   <trkpt lat="56.1810320" lon="10.1986000">
    <ele>79.0</ele>
   </trkpt>
   <trkpt lat="56.1810790" lon="10.1985680">
    <ele>79.4</ele>
   </trkpt>
   <trkpt lat="56.1811260" lon="10.1985280">
    <ele>79.4</ele>
   </trkpt>
   <trkpt lat="56.1811720" lon="10.1984880">
    <ele>79.6</ele>
   </trkpt>
   <trkpt lat="56.1812200" lon="10.1984510">
    <ele>79.6</ele>
   </trkpt>
   <trkpt lat="56.1812680" lon="10.1984160">
    <ele>79.8</ele>
   </trkpt>
   <trkpt lat="56.1813180" lon="10.1983840">
    <ele>79.8</ele>
   </trkpt>
   <trkpt lat="56.1813670" lon="10.1983530">
    <ele>80.2</ele>
   </trkpt>
   <trkpt lat="56.1814160" lon="10.1983170">
    <ele>80.4</ele>
   </trkpt>
   <trkpt lat="56.1814660" lon="10.1982820">
    <ele>80.6</ele>
   </trkpt>
   <trkpt lat="56.1815160" lon="10.1982490">
    <ele>80.8</ele>
   </trkpt>
   <trkpt lat="56.1815650" lon="10.1982190">
    <ele>81.0</ele>
   </trkpt>
   <trkpt lat="56.1816150" lon="10.1981940">
    <ele>81.2</ele>
   </trkpt>
   <trkpt lat="56.1816640" lon="10.1981730">
    <ele>81.2</ele>
   </trkpt>
   <trkpt lat="56.1817130" lon="10.1981510">
    <ele>81.4</ele>
   </trkpt>
   <trkpt lat="56.1817640" lon="10.1981270">
    <ele>81.4</ele>
   </trkpt>
   <trkpt lat="56.1818140" lon="10.1981030">
    <ele>81.2</ele>
   </trkpt>
   <trkpt lat="56.1818630" lon="10.1980790">
    <ele>81.0</ele>
   </trkpt>
   <trkpt lat="56.1819100" lon="10.1980540">
    <ele>80.8</ele>
   </trkpt>
   <trkpt lat="56.1819550" lon="10.1980240">
    <ele>80.6</ele>
   </trkpt>
   <trkpt lat="56.1820010" lon="10.1979940">
    <ele>80.8</ele>
   </trkpt>
   <trkpt lat="56.1820440" lon="10.1979640">
    <ele>80.8</ele>
   </trkpt>
   <trkpt lat="56.1820880" lon="10.1979410">
    <ele>81.0</ele>
   </trkpt>
   <trkpt lat="56.1821300" lon="10.1979200">
    <ele>81.2</ele>
   </trkpt>
   <trkpt lat="56.1821700" lon="10.1978960">
    <ele>81.2</ele>
   </trkpt>
   <trkpt lat="56.1822060" lon="10.1978720">
    <ele>81.4</ele>
   </trkpt>
   <trkpt lat="56.1822400" lon="10.1978500">
    <ele>81.4</ele>
   </trkpt>
   <trkpt lat="56.1822700" lon="10.1978310">
    <ele>81.6</ele>
   </trkpt>
   <trkpt lat="56.1822900" lon="10.1978120">
    <ele>81.8</ele>
   </trkpt>
   <trkpt lat="56.1823050" lon="10.1978020">
    <ele>81.8</ele>
   </trkpt>
   <trkpt lat="56.1823140" lon="10.1977950">
    <ele>82.0</ele>
   </trkpt>
   <trkpt lat="56.1823170" lon="10.1977910">
    <ele>82.0</ele>
   </trkpt>
   <trkpt lat="56.1823170" lon="10.1977910">
    <ele>82.0</ele>
   </trkpt>
   <trkpt lat="56.1823530" lon="10.1977660">
    <ele>82.0</ele>
   </trkpt>
   <trkpt lat="56.1823760" lon="10.1977500">
    <ele>81.8</ele>
   </trkpt>
   <trkpt lat="56.1824090" lon="10.1977310">
    <ele>81.6</ele>
   </trkpt>
   <trkpt lat="56.1824460" lon="10.1977100">
    <ele>81.4</ele>
   </trkpt>
   <trkpt lat="56.1824850" lon="10.1976870">
    <ele>81.4</ele>
   </trkpt>
   <trkpt lat="56.1825250" lon="10.1976560">
    <ele>81.2</ele>
   </trkpt>
   <trkpt lat="56.1825660" lon="10.1976240">
    <ele>81.2</ele>
   </trkpt>
   <trkpt lat="56.1826080" lon="10.1975970">
    <ele>81.2</ele>
   </trkpt>
   <trkpt lat="56.1826510" lon="10.1975700">
    <ele>81.2</ele>
   </trkpt>
   <trkpt lat="56.1826960" lon="10.1975460">
    <ele>81.2</ele>
   </trkpt>
   <trkpt lat="56.1827420" lon="10.1975200">
    <ele>81.2</ele>
   </trkpt>
   <trkpt lat="56.1827900" lon="10.1974900">
    <ele>81.2</ele>
   </trkpt>
   <trkpt lat="56.1828370" lon="10.1974610">
    <ele>81.4</ele>
   </trkpt>
   <trkpt lat="56.1828840" lon="10.1974320">
    <ele>81.2</ele>
   </trkpt>
   <trkpt lat="56.1829300" lon="10.1974000">
    <ele>81.2</ele>
   </trkpt>
   <trkpt lat="56.1829800" lon="10.1973660">
    <ele>81.2</ele>
   </trkpt>
   <trkpt lat="56.1830310" lon="10.1973300">
    <ele>81.0</ele>
   </trkpt>
   <trkpt lat="56.1830810" lon="10.1972900">
    <ele>80.8</ele>
   </trkpt>
   <trkpt lat="56.1831310" lon="10.1972350">
    <ele>80.8</ele>
   </trkpt>
   <trkpt lat="56.1831830" lon="10.1971790">
    <ele>80.8</ele>
   </trkpt>
   <trkpt lat="56.1832350" lon="10.1971230">
    <ele>80.8</ele>
   </trkpt>
   <trkpt lat="56.1832920" lon="10.1970740">
    <ele>80.8</ele>
   </trkpt>
   <trkpt lat="56.1833500" lon="10.1970320">
    <ele>80.8</ele>
   </trkpt>
   <trkpt lat="56.1834100" lon="10.1969920">
    <ele>80.8</ele>
   </trkpt>
   <trkpt lat="56.1834720" lon="10.1969500">
    <ele>80.6</ele>
   </trkpt>
   <trkpt lat="56.1835340" lon="10.1969100">
    <ele>80.4</ele>
   </trkpt>
   <trkpt lat="56.1835970" lon="10.1968660">
    <ele>80.2</ele>
   </trkpt>
   <trkpt lat="56.1836600" lon="10.1968240">
    <ele>80.2</ele>
   </trkpt>
   <trkpt lat="56.1837240" lon="10.1967770">
    <ele>80.2</ele>
   </trkpt>
   <trkpt lat="56.1837870" lon="10.1967330">
    <ele>80.2</ele>
   </trkpt>
   <trkpt lat="56.1838520" lon="10.1966900">
    <ele>80.2</ele>
   </trkpt>
   <trkpt lat="56.1839030" lon="10.1966530">
    <ele>80.2</ele>
   </trkpt>
   <trkpt lat="56.1839810" lon="10.1965970">
    <ele>80.0</ele>
   </trkpt>
   <trkpt lat="56.1840450" lon="10.1965510">
    <ele>79.8</ele>
   </trkpt>
   <trkpt lat="56.1841080" lon="10.1965050">
    <ele>79.4</ele>
   </trkpt>
   <trkpt lat="56.1841730" lon="10.1964610">
    <ele>79.0</ele>
   </trkpt>
   <trkpt lat="56.1842370" lon="10.1964190">
    <ele>78.8</ele>
   </trkpt>
   <trkpt lat="56.1842990" lon="10.1963780">
    <ele>78.8</ele>
   </trkpt>
   <trkpt lat="56.1843620" lon="10.1963360">
    <ele>78.8</ele>
   </trkpt>
   <trkpt lat="56.1844240" lon="10.1962980">
    <ele>79.0</ele>
   </trkpt>
   <trkpt lat="56.1844880" lon="10.1962580">
    <ele>79.2</ele>
   </trkpt>
   <trkpt lat="56.1845530" lon="10.1962150">
    <ele>79.2</ele>
   </trkpt>
   <trkpt lat="56.1846160" lon="10.1961740">
    <ele>79.2</ele>
   </trkpt>
   <trkpt lat="56.1846800" lon="10.1961300">
    <ele>79.0</ele>
   </trkpt>
   <trkpt lat="56.1847320" lon="10.1960940">
    <ele>78.8</ele>
   </trkpt>
   <trkpt lat="56.1848100" lon="10.1960410">
    <ele>78.6</ele>
   </trkpt>
   <trkpt lat="56.1848740" lon="10.1960020">
    <ele>78.6</ele>
   </trkpt>
   <trkpt lat="56.1849360" lon="10.1959630">
    <ele>78.6</ele>
   </trkpt>
   <trkpt lat="56.1849980" lon="10.1959220">
    <ele>78.6</ele>
   </trkpt>
   <trkpt lat="56.1850590" lon="10.1958800">
    <ele>78.8</ele>
   </trkpt>
   <trkpt lat="56.1851210" lon="10.1958380">
    <ele>79.0</ele>
   </trkpt>
   <trkpt lat="56.1851830" lon="10.1957980">
    <ele>79.0</ele>
   </trkpt>
   <trkpt lat="56.1852460" lon="10.1957590">
    <ele>79.0</ele>
   </trkpt>
   <trkpt lat="56.1853070" lon="10.1957170">
    <ele>79.0</ele>
   </trkpt>
   <trkpt lat="56.1853690" lon="10.1956740">
    <ele>79.0</ele>
   </trkpt>
   <trkpt lat="56.1854310" lon="10.1956330">
    <ele>79.2</ele>
   </trkpt>
   <trkpt lat="56.1854920" lon="10.1955960">
    <ele>79.2</ele>
   </trkpt>
   <trkpt lat="56.1855510" lon="10.1955590">
    <ele>79.4</ele>
   </trkpt>
   <trkpt lat="56.1856090" lon="10.1955180">
    <ele>79.6</ele>
   </trkpt>
   <trkpt lat="56.1856690" lon="10.1954770">
    <ele>79.8</ele>
   </trkpt>
   <trkpt lat="56.1857280" lon="10.1954360">
    <ele>79.8</ele>
   </trkpt>
   <trkpt lat="56.1857860" lon="10.1953950">
    <ele>80.0</ele>
   </trkpt>
   <trkpt lat="56.1858450" lon="10.1953580">
    <ele>80.2</ele>
   </trkpt>
   <trkpt lat="56.1859030" lon="10.1953200">
    <ele>80.4</ele>
   </trkpt>
   <trkpt lat="56.1859610" lon="10.1952860">
    <ele>80.6</ele>
   </trkpt>
   <trkpt lat="56.1860190" lon="10.1952550">
    <ele>80.8</ele>
   </trkpt>
   <trkpt lat="56.1860770" lon="10.1952190">
    <ele>81.0</ele>
   </trkpt>
   <trkpt lat="56.1861350" lon="10.1951830">
    <ele>81.0</ele>
   </trkpt>
   <trkpt lat="56.1861920" lon="10.1951500">
    <ele>81.0</ele>
   </trkpt>
   <trkpt lat="56.1862470" lon="10.1951200">
    <ele>81.0</ele>
   </trkpt>
   <trkpt lat="56.1863000" lon="10.1950910">
    <ele>80.8</ele>
   </trkpt>
   <trkpt lat="56.1863500" lon="10.1950580">
    <ele>80.8</ele>
   </trkpt>
   <trkpt lat="56.1863970" lon="10.1950260">
    <ele>81.0</ele>
   </trkpt>
   <trkpt lat="56.1864420" lon="10.1949970">
    <ele>81.2</ele>
   </trkpt>
   <trkpt lat="56.1864790" lon="10.1949730">
    <ele>81.6</ele>
   </trkpt>
   <trkpt lat="56.1865090" lon="10.1949530">
    <ele>82.0</ele>
   </trkpt>
   <trkpt lat="56.1865350" lon="10.1949370">
    <ele>82.4</ele>
   </trkpt>
   <trkpt lat="56.1865570" lon="10.1949210">
    <ele>82.8</ele>
   </trkpt>
   <trkpt lat="56.1865770" lon="10.1949080">
    <ele>83.0</ele>
   </trkpt>
   <trkpt lat="56.1865940" lon="10.1948950">
    <ele>83.2</ele>
   </trkpt>
   <trkpt lat="56.1866090" lon="10.1948840">
    <ele>83.4</ele>
   </trkpt>
   <trkpt lat="56.1866240" lon="10.1948750">
    <ele>83.4</ele>
   </trkpt>
   <trkpt lat="56.1866350" lon="10.1948680">
    <ele>83.4</ele>
   </trkpt>
   <trkpt lat="56.1866390" lon="10.1948660">
    <ele>83.4</ele>
   </trkpt>
   <trkpt lat="56.1866390" lon="10.1948660">
    <ele>83.4</ele>
   </trkpt>
   <trkpt lat="56.1866790" lon="10.1948310">
    <ele>83.0</ele>
   </trkpt>
   <trkpt lat="56.1867000" lon="10.1948090">
    <ele>82.8</ele>
   </trkpt>
   <trkpt lat="56.1867270" lon="10.1947850">
    <ele>82.8</ele>
   </trkpt>
   <trkpt lat="56.1867610" lon="10.1947570">
    <ele>82.6</ele>
   </trkpt>
   <trkpt lat="56.1868000" lon="10.1947240">
    <ele>82.6</ele>
   </trkpt>
   <trkpt lat="56.1868410" lon="10.1946910">
    <ele>82.6</ele>
   </trkpt>
   <trkpt lat="56.1868850" lon="10.1946560">
    <ele>82.6</ele>
   </trkpt>
   <trkpt lat="56.1869300" lon="10.1946170">
    <ele>82.6</ele>
   </trkpt>
   <trkpt lat="56.1869760" lon="10.1945730">
    <ele>82.6</ele>
   </trkpt>
   <trkpt lat="56.1870240" lon="10.1945270">
    <ele>82.6</ele>
   </trkpt>
   <trkpt lat="56.1870710" lon="10.1944800">
    <ele>82.8</ele>
   </trkpt>
   <trkpt lat="56.1871180" lon="10.1944280">
    <ele>82.8</ele>
   </trkpt>
   <trkpt lat="56.1871630" lon="10.1943740">
    <ele>82.8</ele>
   </trkpt>
   <trkpt lat="56.1872080" lon="10.1943170">
    <ele>83.0</ele>
   </trkpt>
   <trkpt lat="56.1872540" lon="10.1942620">
    <ele>83.2</ele>
   </trkpt>
   <trkpt lat="56.1873000" lon="10.1942080">
    <ele>83.4</ele>
   </trkpt>
   <trkpt lat="56.1873480" lon="10.1941570">
    <ele>83.6</ele>
   </trkpt>
   <trkpt lat="56.1873960" lon="10.1941070">
    <ele>83.8</ele>
   </trkpt>
   <trkpt lat="56.1874460" lon="10.1940570">
    <ele>84.0</ele>
   </trkpt>
   <trkpt lat="56.1874950" lon="10.1940050">
    <ele>84.0</ele>
   </trkpt>
   <trkpt lat="56.1875430" lon="10.1939550">
    <ele>84.0</ele>
   </trkpt>
   <trkpt lat="56.1875920" lon="10.1939010">
    <ele>84.0</ele>
   </trkpt>
   <trkpt lat="56.1876410" lon="10.1938470">
    <ele>84.0</ele>
   </trkpt>
   <trkpt lat="56.1876890" lon="10.1937910">
    <ele>84.0</ele>
   </trkpt>
   <trkpt lat="56.1877360" lon="10.1937350">
    <ele>84.2</ele>
   </trkpt>
   <trkpt lat="56.1877850" lon="10.1936780">
    <ele>84.4</ele>
   </trkpt>
   <trkpt lat="56.1878330" lon="10.1936220">
    <ele>84.6</ele>
   </trkpt>
   <trkpt lat="56.1878810" lon="10.1935650">
    <ele>84.8</ele>
   </trkpt>
   <trkpt lat="56.1879290" lon="10.1935110">
    <ele>85.0</ele>
   </trkpt>
   <trkpt lat="56.1879760" lon="10.1934530">
    <ele>85.2</ele>
   </trkpt>
   <trkpt lat="56.1880230" lon="10.1933930">
    <ele>85.4</ele>
   </trkpt>
   <trkpt lat="56.1880700" lon="10.1933340">
    <ele>85.6</ele>
   </trkpt>
   <trkpt lat="56.1881190" lon="10.1932740">
    <ele>85.8</ele>
   </trkpt>
   <trkpt lat="56.1881670" lon="10.1932130">
    <ele>85.8</ele>
   </trkpt>
   <trkpt lat="56.1882150" lon="10.1931520">
    <ele>86.0</ele>
   </trkpt>
   <trkpt lat="56.1882640" lon="10.1930890">
    <ele>86.0</ele>
   </trkpt>
   <trkpt lat="56.1883130" lon="10.1930260">
    <ele>86.0</ele>
   </trkpt>
   <trkpt lat="56.1883610" lon="10.1929600">
    <ele>86.0</ele>
   </trkpt>
   <trkpt lat="56.1884090" lon="10.1928940">
    <ele>86.0</ele>
   </trkpt>
   <trkpt lat="56.1884560" lon="10.1928270">
    <ele>86.0</ele>
   </trkpt>
   <trkpt lat="56.1885060" lon="10.1927580">
    <ele>86.2</ele>
   </trkpt>
   <trkpt lat="56.1885560" lon="10.1926870">
    <ele>86.2</ele>
   </trkpt>
   <trkpt lat="56.1886060" lon="10.1926180">
    <ele>86.4</ele>
   </trkpt>
   <trkpt lat="56.1886560" lon="10.1925490">
    <ele>86.4</ele>
   </trkpt>
   <trkpt lat="56.1887070" lon="10.1924800">
    <ele>86.6</ele>
   </trkpt>
   <trkpt lat="56.1887590" lon="10.1924120">
    <ele>86.6</ele>
   </trkpt>
   <trkpt lat="56.1888100" lon="10.1923420">
    <ele>86.6</ele>
   </trkpt>
   <trkpt lat="56.1888600" lon="10.1922720">
    <ele>86.6</ele>
   </trkpt>
   <trkpt lat="56.1889100" lon="10.1922010">
    <ele>86.6</ele>
   </trkpt>
   <trkpt lat="56.1889610" lon="10.1921300">
    <ele>86.6</ele>
   </trkpt>
   <trkpt lat="56.1890120" lon="10.1920600">
    <ele>86.8</ele>
   </trkpt>
   <trkpt lat="56.1890620" lon="10.1919890">
    <ele>86.8</ele>
   </trkpt>
   <trkpt lat="56.1891130" lon="10.1919170">
    <ele>86.8</ele>
   </trkpt>
   <trkpt lat="56.1891630" lon="10.1918440">
    <ele>86.8</ele>
   </trkpt>
   <trkpt lat="56.1892130" lon="10.1917720">
    <ele>86.8</ele>
   </trkpt>
   <trkpt lat="56.1892630" lon="10.1917020">
    <ele>86.8</ele>
   </trkpt>
   <trkpt lat="56.1893150" lon="10.1916330">
    <ele>86.6</ele>
   </trkpt>
   <trkpt lat="56.1893650" lon="10.1915630">
    <ele>86.6</ele>
   </trkpt>
   <trkpt lat="56.1894140" lon="10.1914910">
    <ele>86.6</ele>
   </trkpt>
   <trkpt lat="56.1894620" lon="10.1914220">
    <ele>86.6</ele>
   </trkpt>
   <trkpt lat="56.1895100" lon="10.1913560">
    <ele>86.4</ele>
   </trkpt>
   <trkpt lat="56.1895580" lon="10.1912900">
    <ele>86.2</ele>
   </trkpt>
   <trkpt lat="56.1896040" lon="10.1912240">
    <ele>86.2</ele>
   </trkpt>
   <trkpt lat="56.1896530" lon="10.1911590">
    <ele>86.0</ele>
   </trkpt>
   <trkpt lat="56.1897000" lon="10.1910930">
    <ele>85.8</ele>
   </trkpt>
   <trkpt lat="56.1897470" lon="10.1910260">
    <ele>85.8</ele>
   </trkpt>
   <trkpt lat="56.1897970" lon="10.1909600">
    <ele>86.0</ele>
   </trkpt>
   <trkpt lat="56.1898470" lon="10.1908930">
    <ele>86.0</ele>
   </trkpt>
   <trkpt lat="56.1898970" lon="10.1908260">
    <ele>86.2</ele>
   </trkpt>
   <trkpt lat="56.1899460" lon="10.1907560">
    <ele>86.4</ele>
   </trkpt>
   <trkpt lat="56.1899960" lon="10.1906850">
    <ele>86.6</ele>
   </trkpt>
   <trkpt lat="56.1900480" lon="10.1906140">
    <ele>86.8</ele>
   </trkpt>
   <trkpt lat="56.1901000" lon="10.1905450">
    <ele>86.8</ele>
   </trkpt>
   <trkpt lat="56.1901530" lon="10.1904740">
    <ele>86.8</ele>
   </trkpt>
   <trkpt lat="56.1902050" lon="10.1903990">
    <ele>86.8</ele>
   </trkpt>
   <trkpt lat="56.1902560" lon="10.1903210">
    <ele>86.4</ele>
   </trkpt>
   <trkpt lat="56.1903090" lon="10.1902460">
    <ele>86.2</ele>
   </trkpt>
   <trkpt lat="56.1903620" lon="10.1901730">
    <ele>85.6</ele>
   </trkpt>
   <trkpt lat="56.1904150" lon="10.1900990">
    <ele>85.4</ele>
   </trkpt>
   <trkpt lat="56.1904670" lon="10.1900240">
    <ele>85.0</ele>
   </trkpt>
   <trkpt lat="56.1905180" lon="10.1899480">
    <ele>84.8</ele>
   </trkpt>
   <trkpt lat="56.1905700" lon="10.1898740">
    <ele>84.4</ele>
   </trkpt>
   <trkpt lat="56.1906220" lon="10.1898000">
    <ele>84.0</ele>
   </trkpt>
   <trkpt lat="56.1906750" lon="10.1897290">
    <ele>83.8</ele>
   </trkpt>
   <trkpt lat="56.1907290" lon="10.1896630">
    <ele>83.6</ele>
   </trkpt>
   <trkpt lat="56.1907820" lon="10.1895940">
    <ele>83.4</ele>
   </trkpt>
   <trkpt lat="56.1908370" lon="10.1895270">
    <ele>83.6</ele>
   </trkpt>
   <trkpt lat="56.1908930" lon="10.1894610">
    <ele>83.8</ele>
   </trkpt>
   <trkpt lat="56.1909500" lon="10.1893970">
    <ele>84.0</ele>
   </trkpt>
   <trkpt lat="56.1910080" lon="10.1893320">
    <ele>84.2</ele>
   </trkpt>
   <trkpt lat="56.1910670" lon="10.1892660">
    <ele>84.2</ele>
   </trkpt>
   <trkpt lat="56.1911260" lon="10.1891970">
    <ele>84.2</ele>
   </trkpt>
   <trkpt lat="56.1911870" lon="10.1891280">
    <ele>84.2</ele>
   </trkpt>
   <trkpt lat="56.1912470" lon="10.1890540">
    <ele>84.0</ele>
   </trkpt>
   <trkpt lat="56.1913090" lon="10.1889840">
    <ele>83.6</ele>
   </trkpt>
   <trkpt lat="56.1913700" lon="10.1889180">
    <ele>83.2</ele>
   </trkpt>
   <trkpt lat="56.1914330" lon="10.1888510">
    <ele>83.0</ele>
   </trkpt>
   <trkpt lat="56.1914960" lon="10.1887870">
    <ele>82.6</ele>
   </trkpt>
   <trkpt lat="56.1915620" lon="10.1887210">
    <ele>82.2</ele>
   </trkpt>
   <trkpt lat="56.1916290" lon="10.1886550">
    <ele>81.6</ele>
   </trkpt>
   <trkpt lat="56.1916970" lon="10.1885900">
    <ele>81.2</ele>
   </trkpt>
   <trkpt lat="56.1917650" lon="10.1885240">
    <ele>81.0</ele>
   </trkpt>
   <trkpt lat="56.1918320" lon="10.1884590">
    <ele>80.6</ele>
   </trkpt>
   <trkpt lat="56.1919000" lon="10.1883950">
    <ele>80.2</ele>
   </trkpt>
   <trkpt lat="56.1919690" lon="10.1883310">
    <ele>80.2</ele>
   </trkpt>
   <trkpt lat="56.1920380" lon="10.1882690">
    <ele>80.0</ele>
   </trkpt>
   <trkpt lat="56.1921070" lon="10.1882090">
    <ele>79.8</ele>
   </trkpt>
   <trkpt lat="56.1921740" lon="10.1881510">
    <ele>79.6</ele>
   </trkpt>
   <trkpt lat="56.1922400" lon="10.1880930">
    <ele>79.6</ele>
   </trkpt>
   <trkpt lat="56.1923050" lon="10.1880340">
    <ele>79.2</ele>
   </trkpt>
   <trkpt lat="56.1923700" lon="10.1879750">
    <ele>78.8</ele>
   </trkpt>
   <trkpt lat="56.1924330" lon="10.1879210">
    <ele>78.4</ele>
   </trkpt>
   <trkpt lat="56.1924940" lon="10.1878660">
    <ele>78.0</ele>
   </trkpt>
   <trkpt lat="56.1925570" lon="10.1878130">
    <ele>77.4</ele>
   </trkpt>
   <trkpt lat="56.1926200" lon="10.1877640">
    <ele>76.8</ele>
   </trkpt>
   <trkpt lat="56.1926810" lon="10.1877160">
    <ele>76.6</ele>
   </trkpt>
   <trkpt lat="56.1927370" lon="10.1876730">
    <ele>76.6</ele>
   </trkpt>
   <trkpt lat="56.1927850" lon="10.1876360">
    <ele>76.4</ele>
   </trkpt>
   <trkpt lat="56.1928220" lon="10.1876100">
    <ele>76.6</ele>
   </trkpt>
   <trkpt lat="56.1928480" lon="10.1875880">
    <ele>76.8</ele>
   </trkpt>
   <trkpt lat="56.1928660" lon="10.1875710">
    <ele>77.0</ele>
   </trkpt>
   <trkpt lat="56.1928800" lon="10.1875620">
    <ele>77.2</ele>
   </trkpt>
   <trkpt lat="56.1928890" lon="10.1875600">
    <ele>77.2</ele>
   </trkpt>
   <trkpt lat="56.1928930" lon="10.1875600">
    <ele>77.2</ele>
   </trkpt>
   <trkpt lat="56.1928930" lon="10.1875600">
    <ele>77.2</ele>
   </trkpt>
   <trkpt lat="56.1929290" lon="10.1875230">
    <ele>76.6</ele>
   </trkpt>
   <trkpt lat="56.1929560" lon="10.1875000">
    <ele>76.4</ele>
   </trkpt>
   <trkpt lat="56.1929900" lon="10.1874750">
    <ele>76.4</ele>
   </trkpt>
   <trkpt lat="56.1930310" lon="10.1874460">
    <ele>76.4</ele>
   </trkpt>
   <trkpt lat="56.1930760" lon="10.1874110">
    <ele>76.6</ele>
   </trkpt>
   <trkpt lat="56.1931250" lon="10.1873700">
    <ele>76.4</ele>
   </trkpt>
   <trkpt lat="56.1931790" lon="10.1873260">
    <ele>76.2</ele>
   </trkpt>
   <trkpt lat="56.1932350" lon="10.1872840">
    <ele>76.0</ele>
   </trkpt>
   <trkpt lat="56.1932920" lon="10.1872420">
    <ele>75.4</ele>
   </trkpt>
   <trkpt lat="56.1933520" lon="10.1871990">
    <ele>75.0</ele>
   </trkpt>
   <trkpt lat="56.1934130" lon="10.1871530">
    <ele>74.4</ele>
   </trkpt>
   <trkpt lat="56.1934750" lon="10.1871030">
    <ele>74.0</ele>
   </trkpt>
   <trkpt lat="56.1935360" lon="10.1870500">
    <ele>73.8</ele>
   </trkpt>
   <trkpt lat="56.1935970" lon="10.1869980">
    <ele>73.4</ele>
   </trkpt>
   <trkpt lat="56.1936600" lon="10.1869480">
    <ele>73.2</ele>
   </trkpt>
   <trkpt lat="56.1937250" lon="10.1868980">
    <ele>73.2</ele>
   </trkpt>
   <trkpt lat="56.1937920" lon="10.1868480">
    <ele>73.2</ele>
   </trkpt>
   <trkpt lat="56.1938580" lon="10.1867960">
    <ele>73.2</ele>
   </trkpt>
   <trkpt lat="56.1939260" lon="10.1867440">
    <ele>73.2</ele>
   </trkpt>
   <trkpt lat="56.1939940" lon="10.1866910">
    <ele>73.4</ele>
   </trkpt>
   <trkpt lat="56.1940640" lon="10.1866370">
    <ele>73.6</ele>
   </trkpt>
   <trkpt lat="56.1941350" lon="10.1865840">
    <ele>73.6</ele>
   </trkpt>
   <trkpt lat="56.1942060" lon="10.1865280">
    <ele>73.6</ele>
   </trkpt>
   <trkpt lat="56.1942770" lon="10.1864730">
    <ele>73.4</ele>
   </trkpt>
   <trkpt lat="56.1943500" lon="10.1864160">
    <ele>73.2</ele>
   </trkpt>
   <trkpt lat="56.1944240" lon="10.1863570">
    <ele>73.0</ele>
   </trkpt>
   <trkpt lat="56.1944980" lon="10.1862970">
    <ele>72.6</ele>
   </trkpt>
   <trkpt lat="56.1945740" lon="10.1862390">
    <ele>72.4</ele>
   </trkpt>
   <trkpt lat="56.1946490" lon="10.1861790">
    <ele>72.2</ele>
   </trkpt>
   <trkpt lat="56.1947240" lon="10.1861240">
    <ele>72.0</ele>
   </trkpt>
   <trkpt lat="56.1947990" lon="10.1860670">
    <ele>71.8</ele>
   </trkpt>
   <trkpt lat="56.1948720" lon="10.1860050">
    <ele>71.6</ele>
   </trkpt>
   <trkpt lat="56.1949470" lon="10.1859460">
    <ele>71.4</ele>
   </trkpt>
   <trkpt lat="56.1950210" lon="10.1858860">
    <ele>71.2</ele>
   </trkpt>
   <trkpt lat="56.1950950" lon="10.1858290">
    <ele>70.8</ele>
   </trkpt>
   <trkpt lat="56.1951690" lon="10.1857730">
    <ele>70.6</ele>
   </trkpt>
   <trkpt lat="56.1952450" lon="10.1857230">
    <ele>70.4</ele>
   </trkpt>
   <trkpt lat="56.1953190" lon="10.1856680">
    <ele>70.2</ele>
   </trkpt>
   <trkpt lat="56.1953930" lon="10.1856150">
    <ele>70.0</ele>
   </trkpt>
   <trkpt lat="56.1954650" lon="10.1855560">
    <ele>69.8</ele>
   </trkpt>
   <trkpt lat="56.1955360" lon="10.1854970">
    <ele>69.6</ele>
   </trkpt>
   <trkpt lat="56.1956060" lon="10.1854410">
    <ele>69.4</ele>
   </trkpt>
   <trkpt lat="56.1956760" lon="10.1853850">
    <ele>69.2</ele>
   </trkpt>
   <trkpt lat="56.1957450" lon="10.1853320">
    <ele>69.2</ele>
   </trkpt>
   <trkpt lat="56.1958150" lon="10.1852810">
    <ele>69.2</ele>
   </trkpt>
   <trkpt lat="56.1958850" lon="10.1852280">
    <ele>69.2</ele>
   </trkpt>
   <trkpt lat="56.1959560" lon="10.1851740">
    <ele>69.2</ele>
   </trkpt>
   <trkpt lat="56.1960280" lon="10.1851170">
    <ele>69.2</ele>
   </trkpt>
   <trkpt lat="56.1961000" lon="10.1850610">
    <ele>69.2</ele>
   </trkpt>
   <trkpt lat="56.1961730" lon="10.1850060">
    <ele>69.2</ele>
   </trkpt>
   <trkpt lat="56.1962470" lon="10.1849510">
    <ele>69.2</ele>
   </trkpt>
   <trkpt lat="56.1963200" lon="10.1848930">
    <ele>69.2</ele>
   </trkpt>
   <trkpt lat="56.1963940" lon="10.1848350">
    <ele>69.4</ele>
   </trkpt>
   <trkpt lat="56.1964680" lon="10.1847760">
    <ele>69.4</ele>
   </trkpt>
   <trkpt lat="56.1965430" lon="10.1847170">
    <ele>69.4</ele>
   </trkpt>
   <trkpt lat="56.1966180" lon="10.1846550">
    <ele>69.4</ele>
   </trkpt>
   <trkpt lat="56.1966950" lon="10.1845980">
    <ele>69.2</ele>
   </trkpt>
   <trkpt lat="56.1967720" lon="10.1845420">
    <ele>69.2</ele>
   </trkpt>
   <trkpt lat="56.1968480" lon="10.1844840">
    <ele>69.0</ele>
   </trkpt>
   <trkpt lat="56.1969250" lon="10.1844250">
    <ele>68.8</ele>
   </trkpt>
   <trkpt lat="56.1970000" lon="10.1843640">
    <ele>68.6</ele>
   </trkpt>
   <trkpt lat="56.1970750" lon="10.1843070">
    <ele>68.4</ele>
   </trkpt>
   <trkpt lat="56.1971520" lon="10.1842460">
    <ele>68.4</ele>
   </trkpt>
   <trkpt lat="56.1972270" lon="10.1841820">
    <ele>68.2</ele>
   </trkpt>
   <trkpt lat="56.1973030" lon="10.1841220">
    <ele>68.2</ele>
   </trkpt>
   <trkpt lat="56.1973790" lon="10.1840600">
    <ele>68.0</ele>
   </trkpt>
   <trkpt lat="56.1974540" lon="10.1839990">
    <ele>67.8</ele>
   </trkpt>
   <trkpt lat="56.1975290" lon="10.1839370">
    <ele>67.6</ele>
   </trkpt>
   <trkpt lat="56.1976040" lon="10.1838760">
    <ele>67.4</ele>
   </trkpt>
   <trkpt lat="56.1976790" lon="10.1838200">
    <ele>67.4</ele>
   </trkpt>
   <trkpt lat="56.1977550" lon="10.1837630">
    <ele>67.2</ele>
   </trkpt>
   <trkpt lat="56.1978300" lon="10.1837030">
    <ele>67.0</ele>
   </trkpt>
   <trkpt lat="56.1979060" lon="10.1836460">
    <ele>66.8</ele>
   </trkpt>
   <trkpt lat="56.1979830" lon="10.1835910">
    <ele>66.6</ele>
   </trkpt>
   <trkpt lat="56.1980570" lon="10.1835280">
    <ele>66.6</ele>
   </trkpt>
   <trkpt lat="56.1981310" lon="10.1834670">
    <ele>66.4</ele>
   </trkpt>
   <trkpt lat="56.1982040" lon="10.1834080">
    <ele>66.2</ele>
   </trkpt>
   <trkpt lat="56.1982790" lon="10.1833510">
    <ele>66.2</ele>
   </trkpt>
   <trkpt lat="56.1983540" lon="10.1832950">
    <ele>66.2</ele>
   </trkpt>
   <trkpt lat="56.1984300" lon="10.1832390">
    <ele>66.2</ele>
   </trkpt>
   <trkpt lat="56.1985070" lon="10.1831800">
    <ele>66.2</ele>
   </trkpt>
   <trkpt lat="56.1985850" lon="10.1831210">
    <ele>66.0</ele>
   </trkpt>
   <trkpt lat="56.1986630" lon="10.1830630">
    <ele>66.0</ele>
   </trkpt>
   <trkpt lat="56.1987410" lon="10.1830020">
    <ele>65.6</ele>
   </trkpt>
   <trkpt lat="56.1988210" lon="10.1829400">
    <ele>65.2</ele>
   </trkpt>
   <trkpt lat="56.1989020" lon="10.1828790">
    <ele>64.8</ele>
   </trkpt>
   <trkpt lat="56.1989820" lon="10.1828160">
    <ele>64.4</ele>
   </trkpt>
   <trkpt lat="56.1990600" lon="10.1827510">
    <ele>64.0</ele>
   </trkpt>
   <trkpt lat="56.1991380" lon="10.1826850">
    <ele>63.6</ele>
   </trkpt>
   <trkpt lat="56.1992150" lon="10.1826220">
    <ele>63.4</ele>
   </trkpt>
   <trkpt lat="56.1992930" lon="10.1825580">
    <ele>63.0</ele>
   </trkpt>
   <trkpt lat="56.1993740" lon="10.1824990">
    <ele>62.8</ele>
   </trkpt>
   <trkpt lat="56.1994570" lon="10.1824430">
    <ele>62.6</ele>
   </trkpt>
   <trkpt lat="56.1995390" lon="10.1823840">
    <ele>62.4</ele>
   </trkpt>
   <trkpt lat="56.1996200" lon="10.1823220">
    <ele>62.2</ele>
   </trkpt>
   <trkpt lat="56.1997010" lon="10.1822630">
    <ele>61.8</ele>
   </trkpt>
   <trkpt lat="56.1997790" lon="10.1822030">
    <ele>61.6</ele>
   </trkpt>
   <trkpt lat="56.1998500" lon="10.1821440">
    <ele>61.2</ele>
   </trkpt>
   <trkpt lat="56.1999140" lon="10.1820940">
    <ele>61.0</ele>
   </trkpt>
   <trkpt lat="56.1999720" lon="10.1820520">
    <ele>60.8</ele>
   </trkpt>
   <trkpt lat="56.2000220" lon="10.1820290">
    <ele>60.8</ele>
   </trkpt>
   <trkpt lat="56.2000680" lon="10.1820330">
    <ele>60.8</ele>
   </trkpt>
   <trkpt lat="56.2001070" lon="10.1820520">
    <ele>60.8</ele>
   </trkpt>
   <trkpt lat="56.2001410" lon="10.1820630">
    <ele>60.6</ele>
   </trkpt>
   <trkpt lat="56.2001740" lon="10.1820580">
    <ele>60.4</ele>
   </trkpt>
   <trkpt lat="56.2002090" lon="10.1820370">
    <ele>60.0</ele>
   </trkpt>
   <trkpt lat="56.2002430" lon="10.1820080">
    <ele>59.8</ele>
   </trkpt>
   <trkpt lat="56.2002700" lon="10.1819570">
    <ele>59.4</ele>
   </trkpt>
   <trkpt lat="56.2002900" lon="10.1818940">
    <ele>59.2</ele>
   </trkpt>
   <trkpt lat="56.2003200" lon="10.1818400">
    <ele>58.8</ele>
   </trkpt>
   <trkpt lat="56.2003620" lon="10.1818040">
    <ele>58.4</ele>
   </trkpt>
   <trkpt lat="56.2004110" lon="10.1817750">
    <ele>57.8</ele>
   </trkpt>
   <trkpt lat="56.2004620" lon="10.1817450">
    <ele>57.2</ele>
   </trkpt>
   <trkpt lat="56.2005130" lon="10.1817010">
    <ele>56.8</ele>
   </trkpt>
   <trkpt lat="56.2005660" lon="10.1816510">
    <ele>56.4</ele>
   </trkpt>
   <trkpt lat="56.2006230" lon="10.1815970">
    <ele>56.2</ele>
   </trkpt>
   <trkpt lat="56.2006790" lon="10.1815370">
    <ele>56.2</ele>
   </trkpt>
   <trkpt lat="56.2007380" lon="10.1814770">
    <ele>55.8</ele>
   </trkpt>
   <trkpt lat="56.2007990" lon="10.1814230">
    <ele>55.6</ele>
   </trkpt>
   <trkpt lat="56.2008600" lon="10.1813680">
    <ele>55.2</ele>
   </trkpt>
   <trkpt lat="56.2009220" lon="10.1813120">
    <ele>54.8</ele>
   </trkpt>
   <trkpt lat="56.2009850" lon="10.1812570">
    <ele>54.4</ele>
   </trkpt>
   <trkpt lat="56.2010470" lon="10.1812010">
    <ele>54.2</ele>
   </trkpt>
   <trkpt lat="56.2011110" lon="10.1811460">
    <ele>54.0</ele>
   </trkpt>
   <trkpt lat="56.2011760" lon="10.1810870">
    <ele>53.6</ele>
   </trkpt>
   <trkpt lat="56.2012410" lon="10.1810250">
    <ele>53.4</ele>
   </trkpt>
   <trkpt lat="56.2013090" lon="10.1809630">
    <ele>53.2</ele>
   </trkpt>
   <trkpt lat="56.2013790" lon="10.1809030">
    <ele>52.8</ele>
   </trkpt>
   <trkpt lat="56.2014500" lon="10.1808410">
    <ele>52.2</ele>
   </trkpt>
   <trkpt lat="56.2015210" lon="10.1807760">
    <ele>51.8</ele>
   </trkpt>
   <trkpt lat="56.2015930" lon="10.1807100">
    <ele>51.2</ele>
   </trkpt>
   <trkpt lat="56.2016660" lon="10.1806430">
    <ele>50.8</ele>
   </trkpt>
   <trkpt lat="56.2017390" lon="10.1805770">
    <ele>50.4</ele>
   </trkpt>
   <trkpt lat="56.2018130" lon="10.1805100">
    <ele>49.8</ele>
   </trkpt>
   <trkpt lat="56.2018850" lon="10.1804400">
    <ele>49.4</ele>
   </trkpt>
   <trkpt lat="56.2019600" lon="10.1803680">
    <ele>49.2</ele>
   </trkpt>
   <trkpt lat="56.2020360" lon="10.1802950">
    <ele>49.0</ele>
   </trkpt>
   <trkpt lat="56.2021120" lon="10.1802200">
    <ele>48.6</ele>
   </trkpt>
   <trkpt lat="56.2021880" lon="10.1801390">
    <ele>48.0</ele>
   </trkpt>
   <trkpt lat="56.2022620" lon="10.1800570">
    <ele>47.4</ele>
   </trkpt>
   <trkpt lat="56.2023370" lon="10.1799770">
    <ele>46.6</ele>
   </trkpt>
   <trkpt lat="56.2024120" lon="10.1798920">
    <ele>45.6</ele>
   </trkpt>
   <trkpt lat="56.2024880" lon="10.1798060">
    <ele>44.8</ele>
   </trkpt>
   <trkpt lat="56.2025620" lon="10.1797190">
    <ele>44.2</ele>
   </trkpt>
   <trkpt lat="56.2026360" lon="10.1796280">
    <ele>43.4</ele>
   </trkpt>
   <trkpt lat="56.2027100" lon="10.1795370">
    <ele>42.6</ele>
   </trkpt>
   <trkpt lat="56.2027840" lon="10.1794480">
    <ele>42.2</ele>
   </trkpt>
   <trkpt lat="56.2028580" lon="10.1793570">
    <ele>41.6</ele>
   </trkpt>
   <trkpt lat="56.2029330" lon="10.1792640">
    <ele>41.2</ele>
   </trkpt>
   <trkpt lat="56.2030090" lon="10.1791670">
    <ele>40.8</ele>
   </trkpt>
   <trkpt lat="56.2030870" lon="10.1790670">
    <ele>40.2</ele>
   </trkpt>
   <trkpt lat="56.2031620" lon="10.1789640">
    <ele>39.8</ele>
   </trkpt>
   <trkpt lat="56.2032370" lon="10.1788580">
    <ele>39.0</ele>
   </trkpt>
   <trkpt lat="56.2033090" lon="10.1787500">
    <ele>38.4</ele>
   </trkpt>
   <trkpt lat="56.2033830" lon="10.1786430">
    <ele>37.8</ele>
   </trkpt>
   <trkpt lat="56.2034550" lon="10.1785340">
    <ele>37.4</ele>
   </trkpt>
   <trkpt lat="56.2035280" lon="10.1784230">
    <ele>36.8</ele>
   </trkpt>
   <trkpt lat="56.2036010" lon="10.1783090">
    <ele>36.2</ele>
   </trkpt>
   <trkpt lat="56.2036770" lon="10.1781970">
    <ele>35.8</ele>
   </trkpt>
   <trkpt lat="56.2037580" lon="10.1780920">
    <ele>35.2</ele>
   </trkpt>
   <trkpt lat="56.2038440" lon="10.1779970">
    <ele>34.6</ele>
   </trkpt>
   <trkpt lat="56.2039350" lon="10.1779110">
    <ele>34.2</ele>
   </trkpt>
   <trkpt lat="56.2040320" lon="10.1778350">
    <ele>33.6</ele>
   </trkpt>
   <trkpt lat="56.2041330" lon="10.1777680">
    <ele>33.0</ele>
   </trkpt>
   <trkpt lat="56.2042390" lon="10.1777100">
    <ele>32.4</ele>
   </trkpt>
   <trkpt lat="56.2043500" lon="10.1776560">
    <ele>31.6</ele>
   </trkpt>
   <trkpt lat="56.2044600" lon="10.1775950">
    <ele>30.8</ele>
   </trkpt>
   <trkpt lat="56.2045710" lon="10.1775310">
    <ele>29.8</ele>
   </trkpt>
   <trkpt lat="56.2046810" lon="10.1774630">
    <ele>29.0</ele>
   </trkpt>
   <trkpt lat="56.2047880" lon="10.1773910">
    <ele>28.2</ele>
   </trkpt>
   <trkpt lat="56.2048940" lon="10.1773240">
    <ele>27.4</ele>
   </trkpt>
   <trkpt lat="56.2049960" lon="10.1772690">
    <ele>27.2</ele>
   </trkpt>
   <trkpt lat="56.2050950" lon="10.1772260">
    <ele>27.0</ele>
   </trkpt>
   <trkpt lat="56.2051950" lon="10.1771910">
    <ele>27.0</ele>
   </trkpt>
   <trkpt lat="56.2052940" lon="10.1771650">
    <ele>27.2</ele>
   </trkpt>
   <trkpt lat="56.2053930" lon="10.1771420">
    <ele>27.2</ele>
   </trkpt>
   <trkpt lat="56.2054920" lon="10.1771200">
    <ele>27.4</ele>
   </trkpt>
   <trkpt lat="56.2055900" lon="10.1771000">
    <ele>27.4</ele>
   </trkpt>
   <trkpt lat="56.2056870" lon="10.1770810">
    <ele>27.2</ele>
   </trkpt>
   <trkpt lat="56.2057840" lon="10.1770620">
    <ele>27.2</ele>
   </trkpt>
   <trkpt lat="56.2058780" lon="10.1770410">
    <ele>27.0</ele>
   </trkpt>
   <trkpt lat="56.2059710" lon="10.1770150">
    <ele>26.8</ele>
   </trkpt>
   <trkpt lat="56.2060610" lon="10.1769780">
    <ele>26.6</ele>
   </trkpt>
   <trkpt lat="56.2061480" lon="10.1769260">
    <ele>26.2</ele>
   </trkpt>
   <trkpt lat="56.2062310" lon="10.1768620">
    <ele>25.8</ele>
   </trkpt>
   <trkpt lat="56.2063120" lon="10.1767920">
    <ele>25.2</ele>
   </trkpt>
   <trkpt lat="56.2063930" lon="10.1767230">
    <ele>24.8</ele>
   </trkpt>
   <trkpt lat="56.2064730" lon="10.1766510">
    <ele>24.4</ele>
   </trkpt>
   <trkpt lat="56.2065530" lon="10.1765800">
    <ele>24.0</ele>
   </trkpt>
   <trkpt lat="56.2066350" lon="10.1765120">
    <ele>23.8</ele>
   </trkpt>
   <trkpt lat="56.2067170" lon="10.1764440">
    <ele>23.6</ele>
   </trkpt>
   <trkpt lat="56.2067980" lon="10.1763770">
    <ele>23.4</ele>
   </trkpt>
   <trkpt lat="56.2068800" lon="10.1763120">
    <ele>23.0</ele>
   </trkpt>
   <trkpt lat="56.2069610" lon="10.1762480">
    <ele>22.8</ele>
   </trkpt>
   <trkpt lat="56.2070410" lon="10.1761850">
    <ele>22.4</ele>
   </trkpt>
   <trkpt lat="56.2071220" lon="10.1761180">
    <ele>22.2</ele>
   </trkpt>
   <trkpt lat="56.2072050" lon="10.1760520">
    <ele>21.8</ele>
   </trkpt>
   <trkpt lat="56.2072900" lon="10.1759900">
    <ele>22.0</ele>
   </trkpt>
   <trkpt lat="56.2073760" lon="10.1759230">
    <ele>22.0</ele>
   </trkpt>
   <trkpt lat="56.2074620" lon="10.1758540">
    <ele>21.8</ele>
   </trkpt>
   <trkpt lat="56.2075500" lon="10.1757840">
    <ele>21.6</ele>
   </trkpt>
   <trkpt lat="56.2076380" lon="10.1757140">
    <ele>21.4</ele>
   </trkpt>
   <trkpt lat="56.2077270" lon="10.1756450">
    <ele>20.8</ele>
   </trkpt>
   <trkpt lat="56.2078150" lon="10.1755770">
    <ele>19.8</ele>
   </trkpt>
   <trkpt lat="56.2079020" lon="10.1755080">
    <ele>19.2</ele>
   </trkpt>
   <trkpt lat="56.2079900" lon="10.1754400">
    <ele>18.8</ele>
   </trkpt>
   <trkpt lat="56.2080760" lon="10.1753700">
    <ele>18.2</ele>
   </trkpt>
   <trkpt lat="56.2081630" lon="10.1753030">
    <ele>17.8</ele>
   </trkpt>
   <trkpt lat="56.2082500" lon="10.1752340">
    <ele>17.8</ele>
   </trkpt>
   <trkpt lat="56.2083390" lon="10.1751650">
    <ele>17.4</ele>
   </trkpt>
   <trkpt lat="56.2084280" lon="10.1750970">
    <ele>17.2</ele>
   </trkpt>
   <trkpt lat="56.2085180" lon="10.1750290">
    <ele>17.2</ele>
   </trkpt>
   <trkpt lat="56.2086090" lon="10.1749600">
    <ele>17.0</ele>
   </trkpt>
   <trkpt lat="56.2087000" lon="10.1748890">
    <ele>16.8</ele>
   </trkpt>
   <trkpt lat="56.2087900" lon="10.1748190">
    <ele>16.6</ele>
   </trkpt>
   <trkpt lat="56.2088810" lon="10.1747550">
    <ele>16.4</ele>
   </trkpt>
   <trkpt lat="56.2089740" lon="10.1746920">
    <ele>16.2</ele>
   </trkpt>
   <trkpt lat="56.2090670" lon="10.1746290">
    <ele>15.8</ele>
   </trkpt>
   <trkpt lat="56.2091590" lon="10.1745650">
    <ele>15.2</ele>
   </trkpt>
   <trkpt lat="56.2092520" lon="10.1745000">
    <ele>14.8</ele>
   </trkpt>
   <trkpt lat="56.2093430" lon="10.1744350">
    <ele>14.4</ele>
   </trkpt>
   <trkpt lat="56.2094330" lon="10.1743700">
    <ele>13.8</ele>
   </trkpt>
   <trkpt lat="56.2095220" lon="10.1743100">
    <ele>13.4</ele>
   </trkpt>
   <trkpt lat="56.2096110" lon="10.1742490">
    <ele>13.2</ele>
   </trkpt>
   <trkpt lat="56.2096990" lon="10.1741890">
    <ele>12.6</ele>
   </trkpt>
   <trkpt lat="56.2097880" lon="10.1741300">
    <ele>12.2</ele>
   </trkpt>
   <trkpt lat="56.2098770" lon="10.1740750">
    <ele>12.0</ele>
   </trkpt>
   <trkpt lat="56.2099680" lon="10.1740280">
    <ele>11.8</ele>
   </trkpt>
   <trkpt lat="56.2100590" lon="10.1739890">
    <ele>11.4</ele>
   </trkpt>
   <trkpt lat="56.2101520" lon="10.1739640">
    <ele>11.2</ele>
   </trkpt>
   <trkpt lat="56.2102460" lon="10.1739550">
    <ele>11.0</ele>
   </trkpt>
   <trkpt lat="56.2103420" lon="10.1739530">
    <ele>10.8</ele>
   </trkpt>
   <trkpt lat="56.2104400" lon="10.1739480">
    <ele>10.4</ele>
   </trkpt>
   <trkpt lat="56.2105370" lon="10.1739330">
    <ele>10.2</ele>
   </trkpt>
   <trkpt lat="56.2106340" lon="10.1739060">
    <ele>9.8</ele>
   </trkpt>
   <trkpt lat="56.2107290" lon="10.1738660">
    <ele>9.6</ele>
   </trkpt>
   <trkpt lat="56.2108200" lon="10.1738140">
    <ele>9.2</ele>
   </trkpt>
   <trkpt lat="56.2109050" lon="10.1737490">
    <ele>9.0</ele>
   </trkpt>
   <trkpt lat="56.2109870" lon="10.1736850">
    <ele>9.0</ele>
   </trkpt>
   <trkpt lat="56.2110690" lon="10.1736250">
    <ele>9.2</ele>
   </trkpt>
   <trkpt lat="56.2111500" lon="10.1735720">
    <ele>9.0</ele>
   </trkpt>
   <trkpt lat="56.2112300" lon="10.1735300">
    <ele>9.0</ele>
   </trkpt>
   <trkpt lat="56.2113070" lon="10.1735050">
    <ele>9.0</ele>
   </trkpt>
   <trkpt lat="56.2113840" lon="10.1734970">
    <ele>9.0</ele>
   </trkpt>
   <trkpt lat="56.2114590" lon="10.1735040">
    <ele>9.2</ele>
   </trkpt>
   <trkpt lat="56.2115320" lon="10.1735210">
    <ele>9.6</ele>
   </trkpt>
   <trkpt lat="56.2116040" lon="10.1735540">
    <ele>10.0</ele>
   </trkpt>
   <trkpt lat="56.2116710" lon="10.1736060">
    <ele>10.2</ele>
   </trkpt>
   <trkpt lat="56.2117340" lon="10.1736680">
    <ele>10.4</ele>
   </trkpt>
   <trkpt lat="56.2117980" lon="10.1737230">
    <ele>10.6</ele>
   </trkpt>
   <trkpt lat="56.2118660" lon="10.1737530">
    <ele>10.8</ele>
   </trkpt>
   <trkpt lat="56.2119390" lon="10.1737450">
    <ele>10.8</ele>
   </trkpt>
   <trkpt lat="56.2120100" lon="10.1737040">
    <ele>10.8</ele>
   </trkpt>
   <trkpt lat="56.2120790" lon="10.1736530">
    <ele>10.8</ele>
   </trkpt>
   <trkpt lat="56.2121480" lon="10.1736020">
    <ele>10.8</ele>
   </trkpt>
   <trkpt lat="56.2122180" lon="10.1735650">
    <ele>10.8</ele>
   </trkpt>
   <trkpt lat="56.2122810" lon="10.1735060">
    <ele>11.0</ele>
   </trkpt>
   <trkpt lat="56.2123320" lon="10.1734230">
    <ele>11.2</ele>
   </trkpt>
   <trkpt lat="56.2123620" lon="10.1733170">
    <ele>11.4</ele>
   </trkpt>
   <trkpt lat="56.2123710" lon="10.1732010">
    <ele>11.8</ele>
   </trkpt>
   <trkpt lat="56.2123630" lon="10.1730890">
    <ele>12.0</ele>
   </trkpt>
   <trkpt lat="56.2123370" lon="10.1729890">
    <ele>12.2</ele>
   </trkpt>
   <trkpt lat="56.2122920" lon="10.1729050">
    <ele>12.6</ele>
   </trkpt>
   <trkpt lat="56.2122400" lon="10.1728450">
    <ele>12.8</ele>
   </trkpt>
   <trkpt lat="56.2121860" lon="10.1727950">
    <ele>13.0</ele>
   </trkpt>
   <trkpt lat="56.2121350" lon="10.1727400">
    <ele>13.2</ele>
   </trkpt>
   <trkpt lat="56.2120920" lon="10.1726680">
    <ele>13.6</ele>
   </trkpt>
   <trkpt lat="56.2120630" lon="10.1725770">
    <ele>13.8</ele>
   </trkpt>
   <trkpt lat="56.2120540" lon="10.1724790">
    <ele>14.0</ele>
   </trkpt>
   <trkpt lat="56.2120630" lon="10.1723830">
    <ele>14.4</ele>
   </trkpt>
   <trkpt lat="56.2120860" lon="10.1722970">
    <ele>14.6</ele>
   </trkpt>
   <trkpt lat="56.2121220" lon="10.1722260">
    <ele>14.8</ele>
   </trkpt>
   <trkpt lat="56.2121650" lon="10.1721740">
    <ele>15.0</ele>
   </trkpt>
   <trkpt lat="56.2122120" lon="10.1721340">
    <ele>15.4</ele>
   </trkpt>
   <trkpt lat="56.2122590" lon="10.1721000">
    <ele>15.6</ele>
   </trkpt>
   <trkpt lat="56.2123070" lon="10.1720660">
    <ele>15.6</ele>
   </trkpt>
   <trkpt lat="56.2123530" lon="10.1720320">
    <ele>15.8</ele>
   </trkpt>
   <trkpt lat="56.2123990" lon="10.1719980">
    <ele>16.0</ele>
   </trkpt>
   <trkpt lat="56.2124450" lon="10.1719640">
    <ele>16.2</ele>
   </trkpt>
   <trkpt lat="56.2124900" lon="10.1719270">
    <ele>16.6</ele>
   </trkpt>
   <trkpt lat="56.2125370" lon="10.1718930">
    <ele>16.8</ele>
   </trkpt>
   <trkpt lat="56.2125840" lon="10.1718560">
    <ele>17.2</ele>
   </trkpt>
   <trkpt lat="56.2126300" lon="10.1718210">
    <ele>17.4</ele>
   </trkpt>
   <trkpt lat="56.2126760" lon="10.1717840">
    <ele>17.6</ele>
   </trkpt>
   <trkpt lat="56.2127200" lon="10.1717450">
    <ele>17.6</ele>
   </trkpt>
   <trkpt lat="56.2127670" lon="10.1717110">
    <ele>17.8</ele>
   </trkpt>
   <trkpt lat="56.2128110" lon="10.1716760">
    <ele>17.8</ele>
   </trkpt>
   <trkpt lat="56.2128550" lon="10.1716390">
    <ele>17.8</ele>
   </trkpt>
   <trkpt lat="56.2129000" lon="10.1716050">
    <ele>17.8</ele>
   </trkpt>
   <trkpt lat="56.2129450" lon="10.1715730">
    <ele>18.2</ele>
   </trkpt>
   <trkpt lat="56.2129900" lon="10.1715430">
    <ele>18.4</ele>
   </trkpt>
   <trkpt lat="56.2130360" lon="10.1715180">
    <ele>18.8</ele>
   </trkpt>
   <trkpt lat="56.2130810" lon="10.1714900">
    <ele>19.4</ele>
   </trkpt>
   <trkpt lat="56.2131260" lon="10.1714600">
    <ele>19.8</ele>
   </trkpt>
   <trkpt lat="56.2131680" lon="10.1714250">
    <ele>20.0</ele>
   </trkpt>
   <trkpt lat="56.2132090" lon="10.1713860">
    <ele>20.2</ele>
   </trkpt>
   <trkpt lat="56.2132490" lon="10.1713480">
    <ele>20.2</ele>
   </trkpt>
   <trkpt lat="56.2132900" lon="10.1713120">
    <ele>20.0</ele>
   </trkpt>
   <trkpt lat="56.2133290" lon="10.1712750">
    <ele>19.8</ele>
   </trkpt>
   <trkpt lat="56.2133650" lon="10.1712370">
    <ele>20.0</ele>
   </trkpt>
   <trkpt lat="56.2134030" lon="10.1711990">
    <ele>20.0</ele>
   </trkpt>
   <trkpt lat="56.2134430" lon="10.1711650">
    <ele>20.4</ele>
   </trkpt>
   <trkpt lat="56.2134830" lon="10.1711320">
    <ele>20.8</ele>
   </trkpt>
   <trkpt lat="56.2135240" lon="10.1711020">
    <ele>21.2</ele>
   </trkpt>
   <trkpt lat="56.2135640" lon="10.1710710">
    <ele>21.2</ele>
   </trkpt>
   <trkpt lat="56.2136040" lon="10.1710390">
    <ele>21.4</ele>
   </trkpt>
   <trkpt lat="56.2136430" lon="10.1710090">
    <ele>21.4</ele>
   </trkpt>
   <trkpt lat="56.2136820" lon="10.1709790">
    <ele>21.4</ele>
   </trkpt>
   <trkpt lat="56.2137220" lon="10.1709480">
    <ele>21.4</ele>
   </trkpt>
   <trkpt lat="56.2137620" lon="10.1709160">
    <ele>21.6</ele>
   </trkpt>
   <trkpt lat="56.2137990" lon="10.1708860">
    <ele>21.8</ele>
   </trkpt>
   <trkpt lat="56.2138380" lon="10.1708570">
    <ele>22.0</ele>
   </trkpt>
   <trkpt lat="56.2138750" lon="10.1708270">
    <ele>22.0</ele>
   </trkpt>
   <trkpt lat="56.2139150" lon="10.1708000">
    <ele>22.0</ele>
   </trkpt>
   <trkpt lat="56.2139530" lon="10.1707720">
    <ele>22.2</ele>
   </trkpt>
   <trkpt lat="56.2139890" lon="10.1707420">
    <ele>22.4</ele>
   </trkpt>
   <trkpt lat="56.2140250" lon="10.1707120">
    <ele>22.8</ele>
   </trkpt>
   <trkpt lat="56.2140620" lon="10.1706830">
    <ele>23.0</ele>
   </trkpt>
   <trkpt lat="56.2140970" lon="10.1706550">
    <ele>23.4</ele>
   </trkpt>
   <trkpt lat="56.2141280" lon="10.1706260">
    <ele>23.8</ele>
   </trkpt>
   <trkpt lat="56.2141540" lon="10.1705890">
    <ele>24.0</ele>
   </trkpt>
   <trkpt lat="56.2141750" lon="10.1705430">
    <ele>24.0</ele>
   </trkpt>
   <trkpt lat="56.2142000" lon="10.1704980">
    <ele>24.2</ele>
   </trkpt>
   <trkpt lat="56.2142320" lon="10.1704620">
    <ele>24.2</ele>
   </trkpt>
   <trkpt lat="56.2142650" lon="10.1704310">
    <ele>24.4</ele>
   </trkpt>
   <trkpt lat="56.2142980" lon="10.1704030">
    <ele>24.6</ele>
   </trkpt>
   <trkpt lat="56.2143330" lon="10.1703870">
    <ele>24.8</ele>
   </trkpt>
   <trkpt lat="56.2143640" lon="10.1703980">
    <ele>25.0</ele>
   </trkpt>
   <trkpt lat="56.2143930" lon="10.1704080">
    <ele>25.2</ele>
   </trkpt>
   <trkpt lat="56.2144260" lon="10.1703910">
    <ele>25.2</ele>
   </trkpt>
   <trkpt lat="56.2144590" lon="10.1703580">
    <ele>25.4</ele>
   </trkpt>
   <trkpt lat="56.2144930" lon="10.1703230">
    <ele>25.2</ele>
   </trkpt>
   <trkpt lat="56.2145280" lon="10.1702900">
    <ele>25.2</ele>
   </trkpt>
   <trkpt lat="56.2145650" lon="10.1702590">
    <ele>25.2</ele>
   </trkpt>
   <trkpt lat="56.2146030" lon="10.1702290">
    <ele>25.2</ele>
   </trkpt>
   <trkpt lat="56.2146410" lon="10.1702010">
    <ele>25.4</ele>
   </trkpt>
   <trkpt lat="56.2146800" lon="10.1701720">
    <ele>25.4</ele>
   </trkpt>
   <trkpt lat="56.2147160" lon="10.1701410">
    <ele>25.6</ele>
   </trkpt>
   <trkpt lat="56.2147550" lon="10.1701140">
    <ele>25.8</ele>
   </trkpt>
   <trkpt lat="56.2147930" lon="10.1700850">
    <ele>26.2</ele>
   </trkpt>
   <trkpt lat="56.2148320" lon="10.1700530">
    <ele>26.6</ele>
   </trkpt>
   <trkpt lat="56.2148690" lon="10.1700240">
    <ele>26.8</ele>
   </trkpt>
   <trkpt lat="56.2149070" lon="10.1699940">
    <ele>26.8</ele>
   </trkpt>
   <trkpt lat="56.2149440" lon="10.1699620">
    <ele>27.0</ele>
   </trkpt>
   <trkpt lat="56.2149800" lon="10.1699320">
    <ele>27.0</ele>
   </trkpt>
   <trkpt lat="56.2150180" lon="10.1699030">
    <ele>27.2</ele>
   </trkpt>
   <trkpt lat="56.2150560" lon="10.1698720">
    <ele>27.4</ele>
   </trkpt>
   <trkpt lat="56.2150930" lon="10.1698420">
    <ele>27.6</ele>
   </trkpt>
   <trkpt lat="56.2151290" lon="10.1698120">
    <ele>28.0</ele>
   </trkpt>
   <trkpt lat="56.2151650" lon="10.1697820">
    <ele>28.4</ele>
   </trkpt>
   <trkpt lat="56.2152020" lon="10.1697530">
    <ele>28.6</ele>
   </trkpt>
   <trkpt lat="56.2152390" lon="10.1697240">
    <ele>29.0</ele>
   </trkpt>
   <trkpt lat="56.2152760" lon="10.1696950">
    <ele>29.2</ele>
   </trkpt>
   <trkpt lat="56.2153140" lon="10.1696670">
    <ele>29.2</ele>
   </trkpt>
   <trkpt lat="56.2153520" lon="10.1696370">
    <ele>29.4</ele>
   </trkpt>
   <trkpt lat="56.2153910" lon="10.1696070">
    <ele>29.6</ele>
   </trkpt>
   <trkpt lat="56.2154310" lon="10.1695780">
    <ele>29.6</ele>
   </trkpt>
   <trkpt lat="56.2154700" lon="10.1695490">
    <ele>29.8</ele>
   </trkpt>
   <trkpt lat="56.2155070" lon="10.1695170">
    <ele>29.8</ele>
   </trkpt>
   <trkpt lat="56.2155450" lon="10.1694880">
    <ele>29.8</ele>
   </trkpt>
   <trkpt lat="56.2155830" lon="10.1694580">
    <ele>29.8</ele>
   </trkpt>
   <trkpt lat="56.2156200" lon="10.1694260">
    <ele>29.8</ele>
   </trkpt>
   <trkpt lat="56.2156560" lon="10.1693960">
    <ele>29.8</ele>
   </trkpt>
   <trkpt lat="56.2156930" lon="10.1693680">
    <ele>30.0</ele>
   </trkpt>
   <trkpt lat="56.2157280" lon="10.1693370">
    <ele>30.2</ele>
   </trkpt>
   <trkpt lat="56.2157650" lon="10.1693090">
    <ele>30.6</ele>
   </trkpt>
   <trkpt lat="56.2158030" lon="10.1692830">
    <ele>30.6</ele>
   </trkpt>
   <trkpt lat="56.2158410" lon="10.1692580">
    <ele>31.0</ele>
   </trkpt>
   <trkpt lat="56.2158770" lon="10.1692310">
    <ele>31.2</ele>
   </trkpt>
   <trkpt lat="56.2159120" lon="10.1692010">
    <ele>31.4</ele>
   </trkpt>
   <trkpt lat="56.2159480" lon="10.1691710">
    <ele>31.8</ele>
   </trkpt>
   <trkpt lat="56.2159840" lon="10.1691440">
    <ele>32.2</ele>
   </trkpt>
   <trkpt lat="56.2160200" lon="10.1691180">
    <ele>32.4</ele>
   </trkpt>
   <trkpt lat="56.2160570" lon="10.1690930">
    <ele>32.8</ele>
   </trkpt>
   <trkpt lat="56.2160930" lon="10.1690600">
    <ele>33.0</ele>
   </trkpt>
   <trkpt lat="56.2161290" lon="10.1690280">
    <ele>33.0</ele>
   </trkpt>
   <trkpt lat="56.2161650" lon="10.1689960">
    <ele>33.2</ele>
   </trkpt>
   <trkpt lat="56.2162040" lon="10.1689680">
    <ele>33.2</ele>
   </trkpt>
   <trkpt lat="56.2162420" lon="10.1689390">
    <ele>33.4</ele>
   </trkpt>
   <trkpt lat="56.2162800" lon="10.1689100">
    <ele>33.4</ele>
   </trkpt>
   <trkpt lat="56.2163190" lon="10.1688830">
    <ele>33.4</ele>
   </trkpt>
   <trkpt lat="56.2163590" lon="10.1688520">
    <ele>33.6</ele>
   </trkpt>
   <trkpt lat="56.2163980" lon="10.1688200">
    <ele>33.8</ele>
   </trkpt>
   <trkpt lat="56.2164380" lon="10.1687880">
    <ele>33.8</ele>
   </trkpt>
   <trkpt lat="56.2164770" lon="10.1687550">
    <ele>34.0</ele>
   </trkpt>
   <trkpt lat="56.2165160" lon="10.1687220">
    <ele>34.4</ele>
   </trkpt>
   <trkpt lat="56.2165550" lon="10.1686940">
    <ele>34.4</ele>
   </trkpt>
   <trkpt lat="56.2165940" lon="10.1686650">
    <ele>34.6</ele>
   </trkpt>
   <trkpt lat="56.2166340" lon="10.1686350">
    <ele>35.0</ele>
   </trkpt>
   <trkpt lat="56.2166710" lon="10.1686020">
    <ele>35.2</ele>
   </trkpt>
   <trkpt lat="56.2167090" lon="10.1685700">
    <ele>35.6</ele>
   </trkpt>
   <trkpt lat="56.2167470" lon="10.1685400">
    <ele>36.0</ele>
   </trkpt>
   <trkpt lat="56.2167850" lon="10.1685100">
    <ele>36.4</ele>
   </trkpt>
   <trkpt lat="56.2168220" lon="10.1684800">
    <ele>36.6</ele>
   </trkpt>
   <trkpt lat="56.2168600" lon="10.1684530">
    <ele>37.0</ele>
   </trkpt>
   <trkpt lat="56.2168970" lon="10.1684230">
    <ele>37.2</ele>
   </trkpt>
   <trkpt lat="56.2169320" lon="10.1683920">
    <ele>37.4</ele>
   </trkpt>
   <trkpt lat="56.2169690" lon="10.1683620">
    <ele>37.6</ele>
   </trkpt>
   <trkpt lat="56.2170050" lon="10.1683310">
    <ele>37.8</ele>
   </trkpt>
   <trkpt lat="56.2170410" lon="10.1683020">
    <ele>38.2</ele>
   </trkpt>
   <trkpt lat="56.2170760" lon="10.1682730">
    <ele>38.4</ele>
   </trkpt>
   <trkpt lat="56.2171110" lon="10.1682420">
    <ele>38.8</ele>
   </trkpt>
   <trkpt lat="56.2171460" lon="10.1682120">
    <ele>39.2</ele>
   </trkpt>
   <trkpt lat="56.2171820" lon="10.1681830">
    <ele>39.4</ele>
   </trkpt>
   <trkpt lat="56.2172170" lon="10.1681550">
    <ele>39.8</ele>
   </trkpt>
   <trkpt lat="56.2172510" lon="10.1681260">
    <ele>40.0</ele>
   </trkpt>
   <trkpt lat="56.2172860" lon="10.1680980">
    <ele>40.0</ele>
   </trkpt>
   <trkpt lat="56.2173210" lon="10.1680750">
    <ele>40.2</ele>
   </trkpt>
   <trkpt lat="56.2173570" lon="10.1680540">
    <ele>40.4</ele>
   </trkpt>
   <trkpt lat="56.2173920" lon="10.1680360">
    <ele>40.8</ele>
   </trkpt>
   <trkpt lat="56.2174270" lon="10.1680190">
    <ele>41.4</ele>
   </trkpt>
   <trkpt lat="56.2174630" lon="10.1680030">
    <ele>41.8</ele>
   </trkpt>
   <trkpt lat="56.2174990" lon="10.1679840">
    <ele>42.0</ele>
   </trkpt>
   <trkpt lat="56.2175350" lon="10.1679620">
    <ele>42.4</ele>
   </trkpt>
   <trkpt lat="56.2175690" lon="10.1679380">
    <ele>42.4</ele>
   </trkpt>
   <trkpt lat="56.2176050" lon="10.1679160">
    <ele>42.4</ele>
   </trkpt>
   <trkpt lat="56.2176420" lon="10.1678940">
    <ele>42.6</ele>
   </trkpt>
   <trkpt lat="56.2176790" lon="10.1678680">
    <ele>42.8</ele>
   </trkpt>
   <trkpt lat="56.2177170" lon="10.1678400">
    <ele>43.0</ele>
   </trkpt>
   <trkpt lat="56.2177540" lon="10.1678140">
    <ele>43.2</ele>
   </trkpt>
   <trkpt lat="56.2177920" lon="10.1677860">
    <ele>43.4</ele>
   </trkpt>
   <trkpt lat="56.2178290" lon="10.1677550">
    <ele>43.6</ele>
   </trkpt>
   <trkpt lat="56.2178670" lon="10.1677220">
    <ele>43.6</ele>
   </trkpt>
   <trkpt lat="56.2179050" lon="10.1676910">
    <ele>43.6</ele>
   </trkpt>
   <trkpt lat="56.2179460" lon="10.1676660">
    <ele>43.6</ele>
   </trkpt>
   <trkpt lat="56.2179880" lon="10.1676450">
    <ele>43.8</ele>
   </trkpt>
   <trkpt lat="56.2180280" lon="10.1676200">
    <ele>43.8</ele>
   </trkpt>
   <trkpt lat="56.2180680" lon="10.1675950">
    <ele>43.8</ele>
   </trkpt>
   <trkpt lat="56.2181100" lon="10.1675720">
    <ele>44.0</ele>
   </trkpt>
   <trkpt lat="56.2181540" lon="10.1675490">
    <ele>44.2</ele>
   </trkpt>
   <trkpt lat="56.2181990" lon="10.1675260">
    <ele>44.2</ele>
   </trkpt>
   <trkpt lat="56.2182440" lon="10.1675000">
    <ele>44.0</ele>
   </trkpt>
   <trkpt lat="56.2182870" lon="10.1674690">
    <ele>44.0</ele>
   </trkpt>
   <trkpt lat="56.2183260" lon="10.1674280">
    <ele>43.8</ele>
   </trkpt>
   <trkpt lat="56.2183620" lon="10.1673810">
    <ele>43.8</ele>
   </trkpt>
   <trkpt lat="56.2183960" lon="10.1673330">
    <ele>43.6</ele>
   </trkpt>
   <trkpt lat="56.2184310" lon="10.1672910">
    <ele>43.6</ele>
   </trkpt>
   <trkpt lat="56.2184640" lon="10.1672470">
    <ele>43.8</ele>
   </trkpt>
   <trkpt lat="56.2184990" lon="10.1672020">
    <ele>44.0</ele>
   </trkpt>
   <trkpt lat="56.2185340" lon="10.1671570">
    <ele>44.2</ele>
   </trkpt>
   <trkpt lat="56.2185690" lon="10.1671150">
    <ele>44.6</ele>
   </trkpt>
   <trkpt lat="56.2186040" lon="10.1670770">
    <ele>45.0</ele>
   </trkpt>
   <trkpt lat="56.2186380" lon="10.1670400">
    <ele>45.4</ele>
   </trkpt>
   <trkpt lat="56.2186720" lon="10.1670060">
    <ele>45.6</ele>
   </trkpt>
   <trkpt lat="56.2187070" lon="10.1669770">
    <ele>45.8</ele>
   </trkpt>
   <trkpt lat="56.2187390" lon="10.1669480">
    <ele>46.2</ele>
   </trkpt>
   <trkpt lat="56.2187730" lon="10.1669210">
    <ele>46.6</ele>
   </trkpt>
   <trkpt lat="56.2188070" lon="10.1668950">
    <ele>47.0</ele>
   </trkpt>
   <trkpt lat="56.2188410" lon="10.1668730">
    <ele>47.4</ele>
   </trkpt>
   <trkpt lat="56.2188730" lon="10.1668480">
    <ele>47.6</ele>
   </trkpt>
   <trkpt lat="56.2189060" lon="10.1668220">
    <ele>48.0</ele>
   </trkpt>
   <trkpt lat="56.2189380" lon="10.1667920">
    <ele>48.4</ele>
   </trkpt>
   <trkpt lat="56.2189710" lon="10.1667630">
    <ele>48.6</ele>
   </trkpt>
   <trkpt lat="56.2190040" lon="10.1667350">
    <ele>48.8</ele>
   </trkpt>
   <trkpt lat="56.2190360" lon="10.1667060">
    <ele>49.0</ele>
   </trkpt>
   <trkpt lat="56.2190690" lon="10.1666800">
    <ele>49.2</ele>
   </trkpt>
   <trkpt lat="56.2191010" lon="10.1666510">
    <ele>49.6</ele>
   </trkpt>
   <trkpt lat="56.2191350" lon="10.1666240">
    <ele>49.8</ele>
   </trkpt>
   <trkpt lat="56.2191680" lon="10.1665980">
    <ele>50.0</ele>
   </trkpt>
   <trkpt lat="56.2192020" lon="10.1665710">
    <ele>50.2</ele>
   </trkpt>
   <trkpt lat="56.2192350" lon="10.1665460">
    <ele>50.4</ele>
   </trkpt>
   <trkpt lat="56.2192690" lon="10.1665220">
    <ele>50.8</ele>
   </trkpt>
   <trkpt lat="56.2193010" lon="10.1664930">
    <ele>51.0</ele>
   </trkpt>
   <trkpt lat="56.2193330" lon="10.1664650">
    <ele>51.4</ele>
   </trkpt>
   <trkpt lat="56.2193670" lon="10.1664400">
    <ele>51.6</ele>
   </trkpt>
   <trkpt lat="56.2194020" lon="10.1664130">
    <ele>51.8</ele>
   </trkpt>
   <trkpt lat="56.2194350" lon="10.1663890">
    <ele>52.2</ele>
   </trkpt>
   <trkpt lat="56.2194680" lon="10.1663630">
    <ele>52.4</ele>
   </trkpt>
   <trkpt lat="56.2195010" lon="10.1663390">
    <ele>52.6</ele>
   </trkpt>
   <trkpt lat="56.2195350" lon="10.1663150">
    <ele>52.8</ele>
   </trkpt>
   <trkpt lat="56.2195690" lon="10.1662910">
    <ele>52.8</ele>
   </trkpt>
   <trkpt lat="56.2196030" lon="10.1662660">
    <ele>53.0</ele>
   </trkpt>
   <trkpt lat="56.2196350" lon="10.1662400">
    <ele>53.2</ele>
   </trkpt>
   <trkpt lat="56.2196680" lon="10.1662130">
    <ele>53.2</ele>
   </trkpt>
   <trkpt lat="56.2197000" lon="10.1661860">
    <ele>53.4</ele>
   </trkpt>
   <trkpt lat="56.2197330" lon="10.1661600">
    <ele>53.6</ele>
   </trkpt>
   <trkpt lat="56.2197610" lon="10.1661390">
    <ele>53.8</ele>
   </trkpt>
   <trkpt lat="56.2198020" lon="10.1661070">
    <ele>54.0</ele>
   </trkpt>
   <trkpt lat="56.2198360" lon="10.1660800">
    <ele>54.4</ele>
   </trkpt>
   <trkpt lat="56.2198680" lon="10.1660520">
    <ele>54.8</ele>
   </trkpt>
   <trkpt lat="56.2199030" lon="10.1660290">
    <ele>55.0</ele>
   </trkpt>
   <trkpt lat="56.2199380" lon="10.1660040">
    <ele>55.2</ele>
   </trkpt>
   <trkpt lat="56.2199730" lon="10.1659800">
    <ele>55.6</ele>
   </trkpt>
   <trkpt lat="56.2200060" lon="10.1659540">
    <ele>55.8</ele>
   </trkpt>
   <trkpt lat="56.2200390" lon="10.1659260">
    <ele>55.8</ele>
   </trkpt>
   <trkpt lat="56.2200710" lon="10.1659010">
    <ele>55.8</ele>
   </trkpt>
   <trkpt lat="56.2201050" lon="10.1658770">
    <ele>55.8</ele>
   </trkpt>
   <trkpt lat="56.2201370" lon="10.1658490">
    <ele>55.8</ele>
   </trkpt>
   <trkpt lat="56.2201700" lon="10.1658240">
    <ele>56.0</ele>
   </trkpt>
   <trkpt lat="56.2202020" lon="10.1657950">
    <ele>56.4</ele>
   </trkpt>
   <trkpt lat="56.2202350" lon="10.1657710">
    <ele>56.8</ele>
   </trkpt>
   <trkpt lat="56.2202680" lon="10.1657460">
    <ele>57.2</ele>
   </trkpt>
   <trkpt lat="56.2203010" lon="10.1657200">
    <ele>57.4</ele>
   </trkpt>
   <trkpt lat="56.2203330" lon="10.1656950">
    <ele>57.8</ele>
   </trkpt>
   <trkpt lat="56.2203670" lon="10.1656710">
    <ele>58.0</ele>
   </trkpt>
   <trkpt lat="56.2204010" lon="10.1656460">
    <ele>58.4</ele>
   </trkpt>
   <trkpt lat="56.2204350" lon="10.1656170">
    <ele>58.8</ele>
   </trkpt>
   <trkpt lat="56.2204680" lon="10.1655880">
    <ele>59.0</ele>
   </trkpt>
   <trkpt lat="56.2205030" lon="10.1655630">
    <ele>59.2</ele>
   </trkpt>
   <trkpt lat="56.2205370" lon="10.1655360">
    <ele>59.4</ele>
   </trkpt>
   <trkpt lat="56.2205710" lon="10.1655080">
    <ele>59.6</ele>
   </trkpt>
   <trkpt lat="56.2206050" lon="10.1654800">
    <ele>59.8</ele>
   </trkpt>
   <trkpt lat="56.2206400" lon="10.1654550">
    <ele>59.8</ele>
   </trkpt>
   <trkpt lat="56.2206740" lon="10.1654310">
    <ele>60.0</ele>
   </trkpt>
   <trkpt lat="56.2207080" lon="10.1654090">
    <ele>60.0</ele>
   </trkpt>
   <trkpt lat="56.2207420" lon="10.1653820">
    <ele>60.2</ele>
   </trkpt>
   <trkpt lat="56.2207760" lon="10.1653520">
    <ele>60.4</ele>
   </trkpt>
   <trkpt lat="56.2208090" lon="10.1653220">
    <ele>60.6</ele>
   </trkpt>
   <trkpt lat="56.2208420" lon="10.1652970">
    <ele>60.8</ele>
   </trkpt>
   <trkpt lat="56.2208760" lon="10.1652710">
    <ele>60.8</ele>
   </trkpt>
   <trkpt lat="56.2209100" lon="10.1652480">
    <ele>61.0</ele>
   </trkpt>
   <trkpt lat="56.2209440" lon="10.1652220">
    <ele>61.2</ele>
   </trkpt>
   <trkpt lat="56.2209760" lon="10.1651950">
    <ele>61.2</ele>
   </trkpt>
   <trkpt lat="56.2210080" lon="10.1651670">
    <ele>61.4</ele>
   </trkpt>
   <trkpt lat="56.2210390" lon="10.1651380">
    <ele>61.6</ele>
   </trkpt>
   <trkpt lat="56.2210720" lon="10.1651120">
    <ele>61.8</ele>
   </trkpt>
   <trkpt lat="56.2211060" lon="10.1650840">
    <ele>62.0</ele>
   </trkpt>
   <trkpt lat="56.2211380" lon="10.1650540">
    <ele>62.2</ele>
   </trkpt>
   <trkpt lat="56.2211730" lon="10.1650250">
    <ele>62.6</ele>
   </trkpt>
   <trkpt lat="56.2212090" lon="10.1649970">
    <ele>62.8</ele>
   </trkpt>
   <trkpt lat="56.2212450" lon="10.1649710">
    <ele>63.0</ele>
   </trkpt>
   <trkpt lat="56.2212810" lon="10.1649470">
    <ele>63.2</ele>
   </trkpt>
   <trkpt lat="56.2213190" lon="10.1649180">
    <ele>63.2</ele>
   </trkpt>
   <trkpt lat="56.2213550" lon="10.1648870">
    <ele>63.2</ele>
   </trkpt>
   <trkpt lat="56.2213920" lon="10.1648600">
    <ele>63.4</ele>
   </trkpt>
   <trkpt lat="56.2214290" lon="10.1648340">
    <ele>63.6</ele>
   </trkpt>
   <trkpt lat="56.2214680" lon="10.1648110">
    <ele>63.6</ele>
   </trkpt>
   <trkpt lat="56.2215040" lon="10.1647790">
    <ele>63.8</ele>
   </trkpt>
   <trkpt lat="56.2215400" lon="10.1647520">
    <ele>64.0</ele>
   </trkpt>
   <trkpt lat="56.2215780" lon="10.1647230">
    <ele>64.2</ele>
   </trkpt>
   <trkpt lat="56.2216170" lon="10.1646940">
    <ele>64.2</ele>
   </trkpt>
   <trkpt lat="56.2216550" lon="10.1646660">
    <ele>64.2</ele>
   </trkpt>
   <trkpt lat="56.2216930" lon="10.1646390">
    <ele>64.4</ele>
   </trkpt>
   <trkpt lat="56.2217300" lon="10.1646140">
    <ele>64.4</ele>
   </trkpt>
   <trkpt lat="56.2217670" lon="10.1645870">
    <ele>64.4</ele>
   </trkpt>
   <trkpt lat="56.2218020" lon="10.1645580">
    <ele>64.4</ele>
   </trkpt>
   <trkpt lat="56.2218370" lon="10.1645340">
    <ele>64.4</ele>
   </trkpt>
   <trkpt lat="56.2218720" lon="10.1645090">
    <ele>64.6</ele>
   </trkpt>
   <trkpt lat="56.2219060" lon="10.1644800">
    <ele>64.8</ele>
   </trkpt>
   <trkpt lat="56.2219370" lon="10.1644490">
    <ele>64.8</ele>
   </trkpt>
   <trkpt lat="56.2219660" lon="10.1644220">
    <ele>65.0</ele>
   </trkpt>
   <trkpt lat="56.2219900" lon="10.1644000">
    <ele>65.2</ele>
   </trkpt>
   <trkpt lat="56.2220080" lon="10.1643860">
    <ele>65.4</ele>
   </trkpt>
   <trkpt lat="56.2220170" lon="10.1643780">
    <ele>65.6</ele>
   </trkpt>
   <trkpt lat="56.2220180" lon="10.1643730">
    <ele>65.6</ele>
   </trkpt>
   <trkpt lat="56.2220180" lon="10.1643730">
    <ele>65.8</ele>
   </trkpt>
   <trkpt lat="56.2220500" lon="10.1643570">
    <ele>65.4</ele>
   </trkpt>
   <trkpt lat="56.2220700" lon="10.1643450">
    <ele>65.2</ele>
   </trkpt>
   <trkpt lat="56.2220980" lon="10.1643310">
    <ele>65.2</ele>
   </trkpt>
   <trkpt lat="56.2221280" lon="10.1643160">
    <ele>65.2</ele>
   </trkpt>
   <trkpt lat="56.2221590" lon="10.1642960">
    <ele>65.2</ele>
   </trkpt>
   <trkpt lat="56.2221910" lon="10.1642750">
    <ele>65.2</ele>
   </trkpt>
   <trkpt lat="56.2222240" lon="10.1642480">
    <ele>65.2</ele>
   </trkpt>
   <trkpt lat="56.2222600" lon="10.1642230">
    <ele>65.2</ele>
   </trkpt>
   <trkpt lat="56.2222980" lon="10.1641990">
    <ele>65.4</ele>
   </trkpt>
   <trkpt lat="56.2223360" lon="10.1641710">
    <ele>65.8</ele>
   </trkpt>
   <trkpt lat="56.2223750" lon="10.1641420">
    <ele>65.8</ele>
   </trkpt>
   <trkpt lat="56.2224110" lon="10.1641030">
    <ele>66.0</ele>
   </trkpt>
   <trkpt lat="56.2224450" lon="10.1640620">
    <ele>66.2</ele>
   </trkpt>
   <trkpt lat="56.2224800" lon="10.1640220">
    <ele>66.2</ele>
   </trkpt>
   <trkpt lat="56.2225180" lon="10.1639860">
    <ele>66.2</ele>
   </trkpt>
   <trkpt lat="56.2225570" lon="10.1639490">
    <ele>66.4</ele>
   </trkpt>
   <trkpt lat="56.2225980" lon="10.1639170">
    <ele>66.6</ele>
   </trkpt>
   <trkpt lat="56.2226390" lon="10.1638880">
    <ele>66.8</ele>
   </trkpt>
   <trkpt lat="56.2226800" lon="10.1638590">
    <ele>67.0</ele>
   </trkpt>
   <trkpt lat="56.2227210" lon="10.1638270">
    <ele>67.4</ele>
   </trkpt>
   <trkpt lat="56.2227610" lon="10.1637980">
    <ele>67.6</ele>
   </trkpt>
   <trkpt lat="56.2228040" lon="10.1637700">
    <ele>67.8</ele>
   </trkpt>
   <trkpt lat="56.2228470" lon="10.1637400">
    <ele>68.0</ele>
   </trkpt>
   <trkpt lat="56.2228910" lon="10.1637130">
    <ele>68.2</ele>
   </trkpt>
   <trkpt lat="56.2229350" lon="10.1636840">
    <ele>68.2</ele>
   </trkpt>
   <trkpt lat="56.2229780" lon="10.1636550">
    <ele>68.2</ele>
   </trkpt>
   <trkpt lat="56.2230220" lon="10.1636320">
    <ele>68.2</ele>
   </trkpt>
   <trkpt lat="56.2230650" lon="10.1636090">
    <ele>68.0</ele>
   </trkpt>
   <trkpt lat="56.2231110" lon="10.1635840">
    <ele>68.2</ele>
   </trkpt>
   <trkpt lat="56.2231550" lon="10.1635600">
    <ele>68.4</ele>
   </trkpt>
   <trkpt lat="56.2231990" lon="10.1635350">
    <ele>68.4</ele>
   </trkpt>
   <trkpt lat="56.2232430" lon="10.1635120">
    <ele>68.8</ele>
   </trkpt>
   <trkpt lat="56.2232890" lon="10.1634910">
    <ele>69.0</ele>
   </trkpt>
   <trkpt lat="56.2233350" lon="10.1634740">
    <ele>69.0</ele>
   </trkpt>
   <trkpt lat="56.2233810" lon="10.1634600">
    <ele>69.2</ele>
   </trkpt>
   <trkpt lat="56.2234290" lon="10.1634520">
    <ele>69.2</ele>
   </trkpt>
   <trkpt lat="56.2234760" lon="10.1634510">
    <ele>69.4</ele>
   </trkpt>
   <trkpt lat="56.2235220" lon="10.1634510">
    <ele>69.6</ele>
   </trkpt>
   <trkpt lat="56.2235690" lon="10.1634490">
    <ele>70.0</ele>
   </trkpt>
   <trkpt lat="56.2236150" lon="10.1634410">
    <ele>70.2</ele>
   </trkpt>
   <trkpt lat="56.2236620" lon="10.1634280">
    <ele>70.2</ele>
   </trkpt>
   <trkpt lat="56.2237090" lon="10.1634110">
    <ele>70.4</ele>
   </trkpt>
   <trkpt lat="56.2237550" lon="10.1633900">
    <ele>70.4</ele>
   </trkpt>
   <trkpt lat="56.2238000" lon="10.1633640">
    <ele>70.4</ele>
   </trkpt>
   <trkpt lat="56.2238450" lon="10.1633350">
    <ele>70.6</ele>
   </trkpt>
   <trkpt lat="56.2238870" lon="10.1633050">
    <ele>70.6</ele>
   </trkpt>
   <trkpt lat="56.2239310" lon="10.1632800">
    <ele>70.6</ele>
   </trkpt>
   <trkpt lat="56.2239750" lon="10.1632620">
    <ele>70.8</ele>
   </trkpt>
   <trkpt lat="56.2240200" lon="10.1632500">
    <ele>70.8</ele>
   </trkpt>
   <trkpt lat="56.2240670" lon="10.1632410">
    <ele>70.8</ele>
   </trkpt>
   <trkpt lat="56.2241120" lon="10.1632290">
    <ele>71.0</ele>
   </trkpt>
   <trkpt lat="56.2241560" lon="10.1632200">
    <ele>71.0</ele>
   </trkpt>
   <trkpt lat="56.2241970" lon="10.1632160">
    <ele>71.2</ele>
   </trkpt>
   <trkpt lat="56.2242360" lon="10.1632110">
    <ele>71.4</ele>
   </trkpt>
   <trkpt lat="56.2242730" lon="10.1632100">
    <ele>71.4</ele>
   </trkpt>
   <trkpt lat="56.2243060" lon="10.1632010">
    <ele>71.4</ele>
   </trkpt>
   <trkpt lat="56.2243260" lon="10.1631780">
    <ele>71.6</ele>
   </trkpt>
   <trkpt lat="56.2243330" lon="10.1631540">
    <ele>71.6</ele>
   </trkpt>
   <trkpt lat="56.2243360" lon="10.1631430">
    <ele>71.8</ele>
   </trkpt>
   <trkpt lat="56.2243360" lon="10.1631430">
    <ele>72.0</ele>
   </trkpt>
   <trkpt lat="56.2243360" lon="10.1631430">
    <ele>72.0</ele>
   </trkpt>
   <trkpt lat="56.2243390" lon="10.1630430">
    <ele>71.4</ele>
   </trkpt>
   <trkpt lat="56.2243380" lon="10.1630080">
    <ele>71.2</ele>
   </trkpt>
   <trkpt lat="56.2243360" lon="10.1629680">
    <ele>71.2</ele>
   </trkpt>
   <trkpt lat="56.2243350" lon="10.1629240">
    <ele>71.2</ele>
   </trkpt>
   <trkpt lat="56.2243350" lon="10.1628790">
    <ele>71.0</ele>
   </trkpt>
   <trkpt lat="56.2243300" lon="10.1628360">
    <ele>71.0</ele>
   </trkpt>
   <trkpt lat="56.2243250" lon="10.1627940">
    <ele>71.0</ele>
   </trkpt>
   <trkpt lat="56.2243260" lon="10.1627510">
    <ele>70.8</ele>
   </trkpt>
   <trkpt lat="56.2243300" lon="10.1627110">
    <ele>70.8</ele>
   </trkpt>
   <trkpt lat="56.2243330" lon="10.1626750">
    <ele>70.8</ele>
   </trkpt>
   <trkpt lat="56.2243340" lon="10.1626590">
    <ele>70.8</ele>
   </trkpt>
   <trkpt lat="56.2243340" lon="10.1626590">
    <ele>70.8</ele>
   </trkpt>
   <trkpt lat="56.2243340" lon="10.1626590">
    <ele>71.2</ele>
   </trkpt>
   <trkpt lat="56.2243300" lon="10.1625590">
    <ele>71.2</ele>
   </trkpt>
   <trkpt lat="56.2243320" lon="10.1625000">
    <ele>71.0</ele>
   </trkpt>
   <trkpt lat="56.2243330" lon="10.1624320">
    <ele>71.2</ele>
   </trkpt>
   <trkpt lat="56.2243330" lon="10.1623580">
    <ele>71.2</ele>
   </trkpt>
   <trkpt lat="56.2243330" lon="10.1622800">
    <ele>71.0</ele>
   </trkpt>
   <trkpt lat="56.2243350" lon="10.1622010">
    <ele>71.0</ele>
   </trkpt>
   <trkpt lat="56.2243380" lon="10.1621180">
    <ele>71.0</ele>
   </trkpt>
   <trkpt lat="56.2243420" lon="10.1620290">
    <ele>71.0</ele>
   </trkpt>
   <trkpt lat="56.2243480" lon="10.1619390">
    <ele>70.6</ele>
   </trkpt>
   <trkpt lat="56.2243540" lon="10.1618470">
    <ele>70.4</ele>
   </trkpt>
   <trkpt lat="56.2243610" lon="10.1617550">
    <ele>70.2</ele>
   </trkpt>
   <trkpt lat="56.2243670" lon="10.1616590">
    <ele>69.8</ele>
   </trkpt>
   <trkpt lat="56.2243730" lon="10.1615610">
    <ele>69.6</ele>
   </trkpt>
   <trkpt lat="56.2243810" lon="10.1614630">
    <ele>69.4</ele>
   </trkpt>
   <trkpt lat="56.2243870" lon="10.1613670">
    <ele>69.4</ele>
   </trkpt>
   <trkpt lat="56.2243890" lon="10.1612730">
    <ele>69.2</ele>
   </trkpt>
   <trkpt lat="56.2243870" lon="10.1611810">
    <ele>69.0</ele>
   </trkpt>
   <trkpt lat="56.2243860" lon="10.1610890">
    <ele>69.0</ele>
   </trkpt>
   <trkpt lat="56.2243850" lon="10.1609970">
    <ele>69.0</ele>
   </trkpt>
   <trkpt lat="56.2243810" lon="10.1609040">
    <ele>69.0</ele>
   </trkpt>
   <trkpt lat="56.2243740" lon="10.1608110">
    <ele>69.0</ele>
   </trkpt>
   <trkpt lat="56.2243700" lon="10.1607170">
    <ele>69.0</ele>
   </trkpt>
   <trkpt lat="56.2243680" lon="10.1606170">
    <ele>69.0</ele>
   </trkpt>
   <trkpt lat="56.2243650" lon="10.1605150">
    <ele>68.8</ele>
   </trkpt>
   <trkpt lat="56.2243630" lon="10.1604130">
    <ele>68.6</ele>
   </trkpt>
   <trkpt lat="56.2243620" lon="10.1603090">
    <ele>68.4</ele>
   </trkpt>
   <trkpt lat="56.2243610" lon="10.1602060">
    <ele>68.2</ele>
   </trkpt>
   <trkpt lat="56.2243610" lon="10.1601050">
    <ele>68.2</ele>
   </trkpt>
   <trkpt lat="56.2243610" lon="10.1600050">
    <ele>68.0</ele>
   </trkpt>
   <trkpt lat="56.2243610" lon="10.1599040">
    <ele>68.0</ele>
   </trkpt>
   <trkpt lat="56.2243630" lon="10.1598000">
    <ele>68.0</ele>
   </trkpt>
   <trkpt lat="56.2243660" lon="10.1596940">
    <ele>68.0</ele>
   </trkpt>
   <trkpt lat="56.2243670" lon="10.1595870">
    <ele>67.8</ele>
   </trkpt>
   <trkpt lat="56.2243690" lon="10.1594820">
    <ele>67.8</ele>
   </trkpt>
   <trkpt lat="56.2243720" lon="10.1593760">
    <ele>67.8</ele>
   </trkpt>
   <trkpt lat="56.2243750" lon="10.1592690">
    <ele>67.8</ele>
   </trkpt>
   <trkpt lat="56.2243760" lon="10.1591610">
    <ele>68.0</ele>
   </trkpt>
   <trkpt lat="56.2243770" lon="10.1590500">
    <ele>68.4</ele>
   </trkpt>
   <trkpt lat="56.2243800" lon="10.1589410">
    <ele>68.4</ele>
   </trkpt>
   <trkpt lat="56.2243830" lon="10.1588320">
    <ele>68.6</ele>
   </trkpt>
   <trkpt lat="56.2243870" lon="10.1587230">
    <ele>68.6</ele>
   </trkpt>
   <trkpt lat="56.2243930" lon="10.1586150">
    <ele>68.6</ele>
   </trkpt>
   <trkpt lat="56.2243990" lon="10.1585060">
    <ele>68.6</ele>
   </trkpt>
   <trkpt lat="56.2244070" lon="10.1584000">
    <ele>68.4</ele>
   </trkpt>
   <trkpt lat="56.2244180" lon="10.1582940">
    <ele>68.4</ele>
   </trkpt>
   <trkpt lat="56.2244300" lon="10.1581900">
    <ele>68.2</ele>
   </trkpt>
   <trkpt lat="56.2244440" lon="10.1580860">
    <ele>68.2</ele>
   </trkpt>
   <trkpt lat="56.2244610" lon="10.1579830">
    <ele>68.4</ele>
   </trkpt>
   <trkpt lat="56.2244790" lon="10.1578810">
    <ele>68.4</ele>
   </trkpt>
   <trkpt lat="56.2244980" lon="10.1577780">
    <ele>68.6</ele>
   </trkpt>
   <trkpt lat="56.2245200" lon="10.1576770">
    <ele>68.8</ele>
   </trkpt>
   <trkpt lat="56.2245430" lon="10.1575770">
    <ele>68.8</ele>
   </trkpt>
   <trkpt lat="56.2245690" lon="10.1574790">
    <ele>68.8</ele>
   </trkpt>
   <trkpt lat="56.2245970" lon="10.1573820">
    <ele>68.8</ele>
   </trkpt>
   <trkpt lat="56.2246260" lon="10.1572870">
    <ele>68.8</ele>
   </trkpt>
   <trkpt lat="56.2246570" lon="10.1571950">
    <ele>69.0</ele>
   </trkpt>
   <trkpt lat="56.2246870" lon="10.1571030">
    <ele>69.0</ele>
   </trkpt>
   <trkpt lat="56.2247200" lon="10.1570120">
    <ele>69.0</ele>
   </trkpt>
   <trkpt lat="56.2247520" lon="10.1569220">
    <ele>69.2</ele>
   </trkpt>
   <trkpt lat="56.2247850" lon="10.1568300">
    <ele>69.2</ele>
   </trkpt>
   <trkpt lat="56.2248170" lon="10.1567390">
    <ele>69.4</ele>
   </trkpt>
   <trkpt lat="56.2248490" lon="10.1566460">
    <ele>69.6</ele>
   </trkpt>
   <trkpt lat="56.2248810" lon="10.1565520">
    <ele>69.8</ele>
   </trkpt>
   <trkpt lat="56.2249130" lon="10.1564580">
    <ele>69.8</ele>
   </trkpt>
   <trkpt lat="56.2249460" lon="10.1563640">
    <ele>69.8</ele>
   </trkpt>
   <trkpt lat="56.2249760" lon="10.1562690">
    <ele>69.8</ele>
   </trkpt>
   <trkpt lat="56.2250070" lon="10.1561740">
    <ele>69.8</ele>
   </trkpt>
   <trkpt lat="56.2250370" lon="10.1560770">
    <ele>69.8</ele>
   </trkpt>
   <trkpt lat="56.2250660" lon="10.1559780">
    <ele>69.8</ele>
   </trkpt>
   <trkpt lat="56.2250960" lon="10.1558770">
    <ele>69.6</ele>
   </trkpt>
   <trkpt lat="56.2251280" lon="10.1557730">
    <ele>69.4</ele>
   </trkpt>
   <trkpt lat="56.2251600" lon="10.1556710">
    <ele>69.4</ele>
   </trkpt>
   <trkpt lat="56.2251920" lon="10.1555680">
    <ele>69.2</ele>
   </trkpt>
   <trkpt lat="56.2252250" lon="10.1554650">
    <ele>69.0</ele>
   </trkpt>
   <trkpt lat="56.2252590" lon="10.1553630">
    <ele>69.0</ele>
   </trkpt>
   <trkpt lat="56.2252930" lon="10.1552590">
    <ele>68.8</ele>
   </trkpt>
   <trkpt lat="56.2253280" lon="10.1551570">
    <ele>68.8</ele>
   </trkpt>
   <trkpt lat="56.2253620" lon="10.1550540">
    <ele>68.4</ele>
   </trkpt>
   <trkpt lat="56.2253940" lon="10.1549520">
    <ele>68.2</ele>
   </trkpt>
   <trkpt lat="56.2254260" lon="10.1548480">
    <ele>68.0</ele>
   </trkpt>
   <trkpt lat="56.2254570" lon="10.1547420">
    <ele>67.8</ele>
   </trkpt>
   <trkpt lat="56.2254890" lon="10.1546360">
    <ele>67.6</ele>
   </trkpt>
   <trkpt lat="56.2255200" lon="10.1545290">
    <ele>67.6</ele>
   </trkpt>
   <trkpt lat="56.2255520" lon="10.1544200">
    <ele>67.4</ele>
   </trkpt>
   <trkpt lat="56.2255830" lon="10.1543110">
    <ele>67.4</ele>
   </trkpt>
   <trkpt lat="56.2256160" lon="10.1542030">
    <ele>67.2</ele>
   </trkpt>
   <trkpt lat="56.2256480" lon="10.1540930">
    <ele>66.8</ele>
   </trkpt>
   <trkpt lat="56.2256800" lon="10.1539840">
    <ele>66.6</ele>
   </trkpt>
   <trkpt lat="56.2257130" lon="10.1538750">
    <ele>66.2</ele>
   </trkpt>
   <trkpt lat="56.2257430" lon="10.1537640">
    <ele>66.0</ele>
   </trkpt>
   <trkpt lat="56.2257730" lon="10.1536540">
    <ele>66.0</ele>
   </trkpt>
   <trkpt lat="56.2258010" lon="10.1535420">
    <ele>65.8</ele>
   </trkpt>
   <trkpt lat="56.2258290" lon="10.1534290">
    <ele>65.8</ele>
   </trkpt>
   <trkpt lat="56.2258600" lon="10.1533190">
    <ele>65.8</ele>
   </trkpt>
   <trkpt lat="56.2258910" lon="10.1532100">
    <ele>65.8</ele>
   </trkpt>
   <trkpt lat="56.2259240" lon="10.1531010">
    <ele>65.6</ele>
   </trkpt>
   <trkpt lat="56.2259560" lon="10.1529910">
    <ele>65.6</ele>
   </trkpt>
   <trkpt lat="56.2259910" lon="10.1528810">
    <ele>65.6</ele>
   </trkpt>
   <trkpt lat="56.2260280" lon="10.1527730">
    <ele>65.6</ele>
   </trkpt>
   <trkpt lat="56.2260650" lon="10.1526660">
    <ele>65.6</ele>
   </trkpt>
   <trkpt lat="56.2261010" lon="10.1525580">
    <ele>65.6</ele>
   </trkpt>
   <trkpt lat="56.2261390" lon="10.1524500">
    <ele>65.4</ele>
   </trkpt>
   <trkpt lat="56.2261740" lon="10.1523400">
    <ele>65.0</ele>
   </trkpt>
   <trkpt lat="56.2262070" lon="10.1522310">
    <ele>64.8</ele>
   </trkpt>
   <trkpt lat="56.2262390" lon="10.1521210">
    <ele>64.4</ele>
   </trkpt>
   <trkpt lat="56.2262700" lon="10.1520110">
    <ele>64.2</ele>
   </trkpt>
   <trkpt lat="56.2263020" lon="10.1519020">
    <ele>64.0</ele>
   </trkpt>
   <trkpt lat="56.2263320" lon="10.1517940">
    <ele>63.8</ele>
   </trkpt>
   <trkpt lat="56.2263620" lon="10.1516860">
    <ele>63.6</ele>
   </trkpt>
   <trkpt lat="56.2263890" lon="10.1515790">
    <ele>63.6</ele>
   </trkpt>
   <trkpt lat="56.2264160" lon="10.1514710">
    <ele>63.4</ele>
   </trkpt>
   <trkpt lat="56.2264420" lon="10.1513610">
    <ele>63.4</ele>
   </trkpt>
   <trkpt lat="56.2264690" lon="10.1512480">
    <ele>63.4</ele>
   </trkpt>
   <trkpt lat="56.2264940" lon="10.1511340">
    <ele>63.6</ele>
   </trkpt>
   <trkpt lat="56.2265170" lon="10.1510190">
    <ele>63.6</ele>
   </trkpt>
   <trkpt lat="56.2265400" lon="10.1509060">
    <ele>63.6</ele>
   </trkpt>
   <trkpt lat="56.2265610" lon="10.1507920">
    <ele>63.6</ele>
   </trkpt>
   <trkpt lat="56.2265830" lon="10.1506790">
    <ele>63.6</ele>
   </trkpt>
   <trkpt lat="56.2266060" lon="10.1505670">
    <ele>63.4</ele>
   </trkpt>
   <trkpt lat="56.2266310" lon="10.1504550">
    <ele>63.2</ele>
   </trkpt>
   <trkpt lat="56.2266550" lon="10.1503440">
    <ele>62.8</ele>
   </trkpt>
   <trkpt lat="56.2266800" lon="10.1502320">
    <ele>62.6</ele>
   </trkpt>
   <trkpt lat="56.2267030" lon="10.1501230">
    <ele>62.2</ele>
   </trkpt>
   <trkpt lat="56.2267250" lon="10.1500120">
    <ele>62.0</ele>
   </trkpt>
   <trkpt lat="56.2267480" lon="10.1499000">
    <ele>61.8</ele>
   </trkpt>
   <trkpt lat="56.2267690" lon="10.1497880">
    <ele>61.6</ele>
   </trkpt>
   <trkpt lat="56.2267890" lon="10.1496810">
    <ele>61.4</ele>
   </trkpt>
   <trkpt lat="56.2268070" lon="10.1495810">
    <ele>61.2</ele>
   </trkpt>
   <trkpt lat="56.2268230" lon="10.1494890">
    <ele>61.0</ele>
   </trkpt>
   <trkpt lat="56.2268360" lon="10.1494120">
    <ele>61.0</ele>
   </trkpt>
   <trkpt lat="56.2268470" lon="10.1493440">
    <ele>61.0</ele>
   </trkpt>
   <trkpt lat="56.2268580" lon="10.1492760">
    <ele>61.0</ele>
   </trkpt>
   <trkpt lat="56.2268700" lon="10.1492190">
    <ele>61.0</ele>
   </trkpt>
   <trkpt lat="56.2268800" lon="10.1491730">
    <ele>61.0</ele>
   </trkpt>
   <trkpt lat="56.2268910" lon="10.1491270">
    <ele>60.8</ele>
   </trkpt>
   <trkpt lat="56.2269040" lon="10.1490720">
    <ele>60.6</ele>
   </trkpt>
   <trkpt lat="56.2269180" lon="10.1490060">
    <ele>60.4</ele>
   </trkpt>
   <trkpt lat="56.2269310" lon="10.1489260">
    <ele>60.2</ele>
   </trkpt>
   <trkpt lat="56.2269450" lon="10.1488360">
    <ele>60.0</ele>
   </trkpt>
   <trkpt lat="56.2269580" lon="10.1487410">
    <ele>59.8</ele>
   </trkpt>
   <trkpt lat="56.2269710" lon="10.1486420">
    <ele>59.6</ele>
   </trkpt>
   <trkpt lat="56.2269830" lon="10.1485380">
    <ele>59.4</ele>
   </trkpt>
   <trkpt lat="56.2269910" lon="10.1484290">
    <ele>59.4</ele>
   </trkpt>
   <trkpt lat="56.2269980" lon="10.1483140">
    <ele>59.2</ele>
   </trkpt>
   <trkpt lat="56.2270010" lon="10.1481910">
    <ele>59.0</ele>
   </trkpt>
   <trkpt lat="56.2269990" lon="10.1480640">
    <ele>58.8</ele>
   </trkpt>
   <trkpt lat="56.2269910" lon="10.1479330">
    <ele>58.4</ele>
   </trkpt>
   <trkpt lat="56.2269790" lon="10.1477970">
    <ele>57.8</ele>
   </trkpt>
   <trkpt lat="56.2269670" lon="10.1476600">
    <ele>57.4</ele>
   </trkpt>
   <trkpt lat="56.2269590" lon="10.1475180">
    <ele>56.8</ele>
   </trkpt>
   <trkpt lat="56.2269630" lon="10.1473760">
    <ele>56.4</ele>
   </trkpt>
   <trkpt lat="56.2269960" lon="10.1472540">
    <ele>55.8</ele>
   </trkpt>
   <trkpt lat="56.2270540" lon="10.1471700">
    <ele>55.2</ele>
   </trkpt>
   <trkpt lat="56.2271210" lon="10.1471380">
    <ele>55.0</ele>
   </trkpt>
   <trkpt lat="56.2271920" lon="10.1471410">
    <ele>54.8</ele>
   </trkpt>
   <trkpt lat="56.2272600" lon="10.1471490">
    <ele>54.8</ele>
   </trkpt>
   <trkpt lat="56.2273280" lon="10.1471640">
    <ele>54.8</ele>
   </trkpt>
   <trkpt lat="56.2274000" lon="10.1472000">
    <ele>55.0</ele>
   </trkpt>
   <trkpt lat="56.2274700" lon="10.1472550">
    <ele>55.0</ele>
   </trkpt>
   <trkpt lat="56.2275330" lon="10.1473260">
    <ele>55.0</ele>
   </trkpt>
   <trkpt lat="56.2275880" lon="10.1474090">
    <ele>55.2</ele>
   </trkpt>
   <trkpt lat="56.2276390" lon="10.1474900">
    <ele>55.4</ele>
   </trkpt>
   <trkpt lat="56.2276930" lon="10.1475590">
    <ele>55.8</ele>
   </trkpt>
   <trkpt lat="56.2277500" lon="10.1476100">
    <ele>56.0</ele>
   </trkpt>
   <trkpt lat="56.2278100" lon="10.1476450">
    <ele>56.4</ele>
   </trkpt>
   <trkpt lat="56.2278720" lon="10.1476660">
    <ele>56.6</ele>
   </trkpt>
   <trkpt lat="56.2279330" lon="10.1476740">
    <ele>57.0</ele>
   </trkpt>
   <trkpt lat="56.2279930" lon="10.1476690">
    <ele>57.2</ele>
   </trkpt>
   <trkpt lat="56.2280510" lon="10.1476520">
    <ele>57.6</ele>
   </trkpt>
   <trkpt lat="56.2281080" lon="10.1476220">
    <ele>58.0</ele>
   </trkpt>
   <trkpt lat="56.2281610" lon="10.1475800">
    <ele>58.4</ele>
   </trkpt>
   <trkpt lat="56.2282110" lon="10.1475230">
    <ele>58.6</ele>
   </trkpt>
   <trkpt lat="56.2282540" lon="10.1474520">
    <ele>58.8</ele>
   </trkpt>
   <trkpt lat="56.2282930" lon="10.1473710">
    <ele>58.8</ele>
   </trkpt>
   <trkpt lat="56.2283310" lon="10.1472850">
    <ele>58.6</ele>
   </trkpt>
   <trkpt lat="56.2283700" lon="10.1471990">
    <ele>58.6</ele>
   </trkpt>
   <trkpt lat="56.2284080" lon="10.1471100">
    <ele>58.6</ele>
   </trkpt>
   <trkpt lat="56.2284450" lon="10.1470210">
    <ele>58.6</ele>
   </trkpt>
   <trkpt lat="56.2284810" lon="10.1469350">
    <ele>58.6</ele>
   </trkpt>
   <trkpt lat="56.2285180" lon="10.1468470">
    <ele>58.8</ele>
   </trkpt>
   <trkpt lat="56.2285540" lon="10.1467570">
    <ele>58.8</ele>
   </trkpt>
   <trkpt lat="56.2285900" lon="10.1466660">
    <ele>59.0</ele>
   </trkpt>
   <trkpt lat="56.2286260" lon="10.1465740">
    <ele>59.2</ele>
   </trkpt>
   <trkpt lat="56.2286620" lon="10.1464800">
    <ele>59.4</ele>
   </trkpt>
   <trkpt lat="56.2286970" lon="10.1463880">
    <ele>59.6</ele>
   </trkpt>
   <trkpt lat="56.2287310" lon="10.1462920">
    <ele>59.6</ele>
   </trkpt>
   <trkpt lat="56.2287630" lon="10.1461930">
    <ele>59.6</ele>
   </trkpt>
   <trkpt lat="56.2287950" lon="10.1460950">
    <ele>59.6</ele>
   </trkpt>
   <trkpt lat="56.2288270" lon="10.1459970">
    <ele>59.6</ele>
   </trkpt>
   <trkpt lat="56.2288600" lon="10.1459000">
    <ele>59.6</ele>
   </trkpt>
   <trkpt lat="56.2288930" lon="10.1458020">
    <ele>59.6</ele>
   </trkpt>
   <trkpt lat="56.2289220" lon="10.1456960">
    <ele>59.4</ele>
   </trkpt>
   <trkpt lat="56.2289460" lon="10.1455850">
    <ele>59.2</ele>
   </trkpt>
   <trkpt lat="56.2289720" lon="10.1454690">
    <ele>58.8</ele>
   </trkpt>
   <trkpt lat="56.2289970" lon="10.1453490">
    <ele>58.4</ele>
   </trkpt>
   <trkpt lat="56.2290220" lon="10.1452310">
    <ele>58.0</ele>
   </trkpt>
   <trkpt lat="56.2290480" lon="10.1451120">
    <ele>57.6</ele>
   </trkpt>
   <trkpt lat="56.2290730" lon="10.1449930">
    <ele>57.4</ele>
   </trkpt>
   <trkpt lat="56.2290990" lon="10.1448760">
    <ele>57.2</ele>
   </trkpt>
   <trkpt lat="56.2291250" lon="10.1447590">
    <ele>57.0</ele>
   </trkpt>
   <trkpt lat="56.2291520" lon="10.1446400">
    <ele>57.0</ele>
   </trkpt>
   <trkpt lat="56.2291790" lon="10.1445200">
    <ele>56.8</ele>
   </trkpt>
   <trkpt lat="56.2292080" lon="10.1444010">
    <ele>56.6</ele>
   </trkpt>
   <trkpt lat="56.2292400" lon="10.1442830">
    <ele>56.4</ele>
   </trkpt>
   <trkpt lat="56.2292740" lon="10.1441680">
    <ele>56.4</ele>
   </trkpt>
   <trkpt lat="56.2293100" lon="10.1440530">
    <ele>56.2</ele>
   </trkpt>
   <trkpt lat="56.2293470" lon="10.1439390">
    <ele>56.2</ele>
   </trkpt>
   <trkpt lat="56.2293830" lon="10.1438260">
    <ele>56.2</ele>
   </trkpt>
   <trkpt lat="56.2294200" lon="10.1437120">
    <ele>56.0</ele>
   </trkpt>
   <trkpt lat="56.2294560" lon="10.1435970">
    <ele>55.8</ele>
   </trkpt>
   <trkpt lat="56.2294910" lon="10.1434820">
    <ele>55.4</ele>
   </trkpt>
   <trkpt lat="56.2295250" lon="10.1433690">
    <ele>55.4</ele>
   </trkpt>
   <trkpt lat="56.2295580" lon="10.1432580">
    <ele>55.2</ele>
   </trkpt>
   <trkpt lat="56.2295900" lon="10.1431490">
    <ele>55.0</ele>
   </trkpt>
   <trkpt lat="56.2296210" lon="10.1430400">
    <ele>55.0</ele>
   </trkpt>
   <trkpt lat="56.2296480" lon="10.1429290">
    <ele>55.0</ele>
   </trkpt>
   <trkpt lat="56.2296740" lon="10.1428180">
    <ele>55.0</ele>
   </trkpt>
   <trkpt lat="56.2296990" lon="10.1427070">
    <ele>55.2</ele>
   </trkpt>
   <trkpt lat="56.2297200" lon="10.1425960">
    <ele>55.2</ele>
   </trkpt>
   <trkpt lat="56.2297400" lon="10.1424870">
    <ele>55.2</ele>
   </trkpt>
   <trkpt lat="56.2297590" lon="10.1423810">
    <ele>55.2</ele>
   </trkpt>
   <trkpt lat="56.2297760" lon="10.1422780">
    <ele>55.4</ele>
   </trkpt>
   <trkpt lat="56.2297920" lon="10.1421800">
    <ele>55.6</ele>
   </trkpt>
   <trkpt lat="56.2298070" lon="10.1420840">
    <ele>56.2</ele>
   </trkpt>
   <trkpt lat="56.2298200" lon="10.1419900">
    <ele>57.0</ele>
   </trkpt>
   <trkpt lat="56.2298350" lon="10.1418990">
    <ele>57.6</ele>
   </trkpt>
   <trkpt lat="56.2298520" lon="10.1418080">
    <ele>58.0</ele>
   </trkpt>
   <trkpt lat="56.2298680" lon="10.1417150">
    <ele>58.2</ele>
   </trkpt>
   <trkpt lat="56.2298870" lon="10.1416210">
    <ele>58.0</ele>
   </trkpt>
   <trkpt lat="56.2299060" lon="10.1415200">
    <ele>57.8</ele>
   </trkpt>
   <trkpt lat="56.2299230" lon="10.1414160">
    <ele>57.4</ele>
   </trkpt>
   <trkpt lat="56.2299430" lon="10.1413100">
    <ele>57.2</ele>
   </trkpt>
   <trkpt lat="56.2299640" lon="10.1412050">
    <ele>57.0</ele>
   </trkpt>
   <trkpt lat="56.2299850" lon="10.1410980">
    <ele>56.8</ele>
   </trkpt>
   <trkpt lat="56.2300050" lon="10.1409920">
    <ele>56.6</ele>
   </trkpt>
   <trkpt lat="56.2300270" lon="10.1408860">
    <ele>56.4</ele>
   </trkpt>
   <trkpt lat="56.2300470" lon="10.1407780">
    <ele>56.4</ele>
   </trkpt>
   <trkpt lat="56.2300670" lon="10.1406710">
    <ele>56.4</ele>
   </trkpt>
   <trkpt lat="56.2300860" lon="10.1405650">
    <ele>56.2</ele>
   </trkpt>
   <trkpt lat="56.2301060" lon="10.1404590">
    <ele>56.2</ele>
   </trkpt>
   <trkpt lat="56.2301260" lon="10.1403530">
    <ele>56.4</ele>
   </trkpt>
   <trkpt lat="56.2301460" lon="10.1402480">
    <ele>56.4</ele>
   </trkpt>
   <trkpt lat="56.2301650" lon="10.1401450">
    <ele>56.4</ele>
   </trkpt>
   <trkpt lat="56.2301830" lon="10.1400430">
    <ele>56.4</ele>
   </trkpt>
   <trkpt lat="56.2302020" lon="10.1399430">
    <ele>56.6</ele>
   </trkpt>
   <trkpt lat="56.2302200" lon="10.1398440">
    <ele>56.6</ele>
   </trkpt>
   <trkpt lat="56.2302360" lon="10.1397530">
    <ele>56.8</ele>
   </trkpt>
   <trkpt lat="56.2302510" lon="10.1396660">
    <ele>57.0</ele>
   </trkpt>
   <trkpt lat="56.2302660" lon="10.1395900">
    <ele>57.4</ele>
   </trkpt>
   <trkpt lat="56.2302800" lon="10.1395230">
    <ele>57.8</ele>
   </trkpt>
   <trkpt lat="56.2302970" lon="10.1394710">
    <ele>58.0</ele>
   </trkpt>
   <trkpt lat="56.2303220" lon="10.1394380">
    <ele>58.4</ele>
   </trkpt>
   <trkpt lat="56.2303580" lon="10.1394240">
    <ele>58.6</ele>
   </trkpt>
   <trkpt lat="56.2303990" lon="10.1394260">
    <ele>58.8</ele>
   </trkpt>
   <trkpt lat="56.2304460" lon="10.1394360">
    <ele>59.0</ele>
   </trkpt>
   <trkpt lat="56.2304970" lon="10.1394490">
    <ele>59.2</ele>
   </trkpt>
   <trkpt lat="56.2305520" lon="10.1394660">
    <ele>59.4</ele>
   </trkpt>
   <trkpt lat="56.2306050" lon="10.1394810">
    <ele>59.6</ele>
   </trkpt>
   <trkpt lat="56.2306570" lon="10.1394940">
    <ele>59.8</ele>
   </trkpt>
   <trkpt lat="56.2307080" lon="10.1394970">
    <ele>60.0</ele>
   </trkpt>
   <trkpt lat="56.2307600" lon="10.1394930">
    <ele>60.0</ele>
   </trkpt>
   <trkpt lat="56.2308120" lon="10.1395000">
    <ele>60.0</ele>
   </trkpt>
   <trkpt lat="56.2308650" lon="10.1395200">
    <ele>60.2</ele>
   </trkpt>
   <trkpt lat="56.2309150" lon="10.1395450">
    <ele>60.4</ele>
   </trkpt>
   <trkpt lat="56.2309640" lon="10.1395660">
    <ele>60.4</ele>
   </trkpt>
   <trkpt lat="56.2310150" lon="10.1395790">
    <ele>60.8</ele>
   </trkpt>
   <trkpt lat="56.2310680" lon="10.1395910">
    <ele>60.8</ele>
   </trkpt>
   <trkpt lat="56.2311220" lon="10.1396020">
    <ele>61.0</ele>
   </trkpt>
   <trkpt lat="56.2311780" lon="10.1396160">
    <ele>61.0</ele>
   </trkpt>
   <trkpt lat="56.2312350" lon="10.1396290">
    <ele>61.0</ele>
   </trkpt>
   <trkpt lat="56.2312910" lon="10.1396430">
    <ele>61.0</ele>
   </trkpt>
   <trkpt lat="56.2313510" lon="10.1396580">
    <ele>61.0</ele>
   </trkpt>
   <trkpt lat="56.2314130" lon="10.1396770">
    <ele>61.0</ele>
   </trkpt>
   <trkpt lat="56.2314750" lon="10.1396930">
    <ele>61.0</ele>
   </trkpt>
   <trkpt lat="56.2315350" lon="10.1397060">
    <ele>61.0</ele>
   </trkpt>
   <trkpt lat="56.2315960" lon="10.1397200">
    <ele>61.0</ele>
   </trkpt>
   <trkpt lat="56.2316580" lon="10.1397360">
    <ele>61.0</ele>
   </trkpt>
   <trkpt lat="56.2317190" lon="10.1397520">
    <ele>61.0</ele>
   </trkpt>
   <trkpt lat="56.2317800" lon="10.1397650">
    <ele>61.0</ele>
   </trkpt>
   <trkpt lat="56.2318400" lon="10.1397800">
    <ele>61.2</ele>
   </trkpt>
   <trkpt lat="56.2318990" lon="10.1397990">
    <ele>61.4</ele>
   </trkpt>
   <trkpt lat="56.2319570" lon="10.1398270">
    <ele>61.6</ele>
   </trkpt>
   <trkpt lat="56.2320140" lon="10.1398530">
    <ele>61.8</ele>
   </trkpt>
   <trkpt lat="56.2320740" lon="10.1398760">
    <ele>62.0</ele>
   </trkpt>
   <trkpt lat="56.2321330" lon="10.1398980">
    <ele>62.2</ele>
   </trkpt>
   <trkpt lat="56.2321940" lon="10.1399170">
    <ele>62.4</ele>
   </trkpt>
   <trkpt lat="56.2322540" lon="10.1399350">
    <ele>62.6</ele>
   </trkpt>
   <trkpt lat="56.2323140" lon="10.1399540">
    <ele>62.6</ele>
   </trkpt>
   <trkpt lat="56.2323730" lon="10.1399790">
    <ele>62.6</ele>
   </trkpt>
   <trkpt lat="56.2324310" lon="10.1400020">
    <ele>62.6</ele>
   </trkpt>
   <trkpt lat="56.2324910" lon="10.1400230">
    <ele>62.8</ele>
   </trkpt>
   <trkpt lat="56.2325500" lon="10.1400450">
    <ele>62.8</ele>
   </trkpt>
   <trkpt lat="56.2326110" lon="10.1400630">
    <ele>62.8</ele>
   </trkpt>
   <trkpt lat="56.2326710" lon="10.1400800">
    <ele>62.8</ele>
   </trkpt>
   <trkpt lat="56.2327290" lon="10.1400950">
    <ele>62.8</ele>
   </trkpt>
   <trkpt lat="56.2327900" lon="10.1401150">
    <ele>62.8</ele>
   </trkpt>
   <trkpt lat="56.2328520" lon="10.1401390">
    <ele>62.8</ele>
   </trkpt>
   <trkpt lat="56.2329140" lon="10.1401640">
    <ele>62.8</ele>
   </trkpt>
   <trkpt lat="56.2329770" lon="10.1401890">
    <ele>62.8</ele>
   </trkpt>
   <trkpt lat="56.2330380" lon="10.1402150">
    <ele>62.8</ele>
   </trkpt>
   <trkpt lat="56.2330980" lon="10.1402440">
    <ele>62.8</ele>
   </trkpt>
   <trkpt lat="56.2331560" lon="10.1402740">
    <ele>63.0</ele>
   </trkpt>
   <trkpt lat="56.2332130" lon="10.1403090">
    <ele>63.2</ele>
   </trkpt>
   <trkpt lat="56.2332700" lon="10.1403480">
    <ele>63.4</ele>
   </trkpt>
   <trkpt lat="56.2333260" lon="10.1403900">
    <ele>63.6</ele>
   </trkpt>
   <trkpt lat="56.2333800" lon="10.1404340">
    <ele>64.0</ele>
   </trkpt>
   <trkpt lat="56.2334330" lon="10.1404770">
    <ele>64.2</ele>
   </trkpt>
   <trkpt lat="56.2334860" lon="10.1405190">
    <ele>64.6</ele>
   </trkpt>
   <trkpt lat="56.2335360" lon="10.1405640">
    <ele>64.8</ele>
   </trkpt>
   <trkpt lat="56.2335870" lon="10.1406120">
    <ele>64.8</ele>
   </trkpt>
   <trkpt lat="56.2336380" lon="10.1406630">
    <ele>65.0</ele>
   </trkpt>
   <trkpt lat="56.2336860" lon="10.1407150">
    <ele>65.2</ele>
   </trkpt>
   <trkpt lat="56.2337310" lon="10.1407770">
    <ele>65.2</ele>
   </trkpt>
   <trkpt lat="56.2337740" lon="10.1408370">
    <ele>65.4</ele>
   </trkpt>
   <trkpt lat="56.2338220" lon="10.1408920">
    <ele>65.6</ele>
   </trkpt>
   <trkpt lat="56.2338690" lon="10.1409340">
    <ele>65.8</ele>
   </trkpt>
   <trkpt lat="56.2339150" lon="10.1409760">
    <ele>66.0</ele>
   </trkpt>
   <trkpt lat="56.2339600" lon="10.1410150">
    <ele>66.4</ele>
   </trkpt>
   <trkpt lat="56.2340000" lon="10.1410530">
    <ele>66.6</ele>
   </trkpt>
   <trkpt lat="56.2340380" lon="10.1410790">
    <ele>66.8</ele>
   </trkpt>
   <trkpt lat="56.2340730" lon="10.1410930">
    <ele>67.2</ele>
   </trkpt>
   <trkpt lat="56.2341050" lon="10.1411020">
    <ele>67.4</ele>
   </trkpt>
   <trkpt lat="56.2341340" lon="10.1411070">
    <ele>67.6</ele>
   </trkpt>
   <trkpt lat="56.2341640" lon="10.1410970">
    <ele>67.6</ele>
   </trkpt>
   <trkpt lat="56.2341940" lon="10.1410580">
    <ele>67.8</ele>
   </trkpt>
   <trkpt lat="56.2342150" lon="10.1409940">
    <ele>67.8</ele>
   </trkpt>
   <trkpt lat="56.2342260" lon="10.1409150">
    <ele>67.6</ele>
   </trkpt>
   <trkpt lat="56.2342330" lon="10.1408290">
    <ele>67.2</ele>
   </trkpt>
   <trkpt lat="56.2342380" lon="10.1407410">
    <ele>67.0</ele>
   </trkpt>
   <trkpt lat="56.2342430" lon="10.1406530">
    <ele>66.8</ele>
   </trkpt>
   <trkpt lat="56.2342470" lon="10.1405610">
    <ele>66.4</ele>
   </trkpt>
   <trkpt lat="56.2342540" lon="10.1404640">
    <ele>66.0</ele>
   </trkpt>
   <trkpt lat="56.2342630" lon="10.1403670">
    <ele>65.8</ele>
   </trkpt>
   <trkpt lat="56.2342710" lon="10.1402670">
    <ele>65.8</ele>
   </trkpt>
   <trkpt lat="56.2342810" lon="10.1401670">
    <ele>65.4</ele>
   </trkpt>
   <trkpt lat="56.2342890" lon="10.1400630">
    <ele>65.2</ele>
   </trkpt>
   <trkpt lat="56.2342990" lon="10.1399570">
    <ele>65.0</ele>
   </trkpt>
   <trkpt lat="56.2343090" lon="10.1398510">
    <ele>64.8</ele>
   </trkpt>
   <trkpt lat="56.2343190" lon="10.1397440">
    <ele>64.4</ele>
   </trkpt>
   <trkpt lat="56.2343290" lon="10.1396360">
    <ele>64.4</ele>
   </trkpt>
   <trkpt lat="56.2343370" lon="10.1395270">
    <ele>64.2</ele>
   </trkpt>
   <trkpt lat="56.2343470" lon="10.1394190">
    <ele>64.2</ele>
   </trkpt>
   <trkpt lat="56.2343570" lon="10.1393090">
    <ele>64.2</ele>
   </trkpt>
   <trkpt lat="56.2343660" lon="10.1391990">
    <ele>64.2</ele>
   </trkpt>
   <trkpt lat="56.2343750" lon="10.1390910">
    <ele>64.2</ele>
   </trkpt>
   <trkpt lat="56.2343840" lon="10.1389820">
    <ele>64.2</ele>
   </trkpt>
   <trkpt lat="56.2343930" lon="10.1388740">
    <ele>64.2</ele>
   </trkpt>
   <trkpt lat="56.2344030" lon="10.1387670">
    <ele>64.2</ele>
   </trkpt>
   <trkpt lat="56.2344120" lon="10.1386580">
    <ele>64.2</ele>
   </trkpt>
   <trkpt lat="56.2344210" lon="10.1385520">
    <ele>64.2</ele>
   </trkpt>
   <trkpt lat="56.2344270" lon="10.1384450">
    <ele>64.2</ele>
   </trkpt>
   <trkpt lat="56.2344340" lon="10.1383410">
    <ele>64.2</ele>
   </trkpt>
   <trkpt lat="56.2344420" lon="10.1382380">
    <ele>64.2</ele>
   </trkpt>
   <trkpt lat="56.2344540" lon="10.1381380">
    <ele>64.4</ele>
   </trkpt>
   <trkpt lat="56.2344640" lon="10.1380360">
    <ele>64.6</ele>
   </trkpt>
   <trkpt lat="56.2344730" lon="10.1379340">
    <ele>64.6</ele>
   </trkpt>
   <trkpt lat="56.2344810" lon="10.1378320">
    <ele>64.8</ele>
   </trkpt>
   <trkpt lat="56.2344890" lon="10.1377300">
    <ele>65.0</ele>
   </trkpt>
   <trkpt lat="56.2344970" lon="10.1376300">
    <ele>65.2</ele>
   </trkpt>
   <trkpt lat="56.2345040" lon="10.1375300">
    <ele>65.2</ele>
   </trkpt>
   <trkpt lat="56.2345120" lon="10.1374310">
    <ele>65.6</ele>
   </trkpt>
   <trkpt lat="56.2345200" lon="10.1373320">
    <ele>65.8</ele>
   </trkpt>
   <trkpt lat="56.2345290" lon="10.1372370">
    <ele>66.0</ele>
   </trkpt>
   <trkpt lat="56.2345370" lon="10.1371420">
    <ele>66.0</ele>
   </trkpt>
   <trkpt lat="56.2345460" lon="10.1370480">
    <ele>66.2</ele>
   </trkpt>
   <trkpt lat="56.2345550" lon="10.1369540">
    <ele>66.4</ele>
   </trkpt>
   <trkpt lat="56.2345640" lon="10.1368610">
    <ele>66.4</ele>
   </trkpt>
   <trkpt lat="56.2345720" lon="10.1367680">
    <ele>66.6</ele>
   </trkpt>
   <trkpt lat="56.2345800" lon="10.1366780">
    <ele>66.8</ele>
   </trkpt>
   <trkpt lat="56.2345870" lon="10.1365880">
    <ele>67.0</ele>
   </trkpt>
   <trkpt lat="56.2345940" lon="10.1364980">
    <ele>67.2</ele>
   </trkpt>
   <trkpt lat="56.2346000" lon="10.1364050">
    <ele>67.4</ele>
   </trkpt>
   <trkpt lat="56.2346070" lon="10.1363140">
    <ele>67.6</ele>
   </trkpt>
   <trkpt lat="56.2346150" lon="10.1362250">
    <ele>67.8</ele>
   </trkpt>
   <trkpt lat="56.2346240" lon="10.1361370">
    <ele>68.0</ele>
   </trkpt>
   <trkpt lat="56.2346330" lon="10.1360470">
    <ele>68.2</ele>
   </trkpt>
   <trkpt lat="56.2346430" lon="10.1359580">
    <ele>68.4</ele>
   </trkpt>
   <trkpt lat="56.2346520" lon="10.1358690">
    <ele>68.6</ele>
   </trkpt>
   <trkpt lat="56.2346600" lon="10.1357780">
    <ele>68.8</ele>
   </trkpt>
   <trkpt lat="56.2346680" lon="10.1356860">
    <ele>68.8</ele>
   </trkpt>
   <trkpt lat="56.2346760" lon="10.1355950">
    <ele>69.0</ele>
   </trkpt>
   <trkpt lat="56.2346840" lon="10.1355020">
    <ele>69.2</ele>
   </trkpt>
   <trkpt lat="56.2346910" lon="10.1354100">
    <ele>69.2</ele>
   </trkpt>
   <trkpt lat="56.2347000" lon="10.1353200">
    <ele>69.2</ele>
   </trkpt>
   <trkpt lat="56.2347100" lon="10.1352300">
    <ele>69.4</ele>
   </trkpt>
   <trkpt lat="56.2347220" lon="10.1351390">
    <ele>69.2</ele>
   </trkpt>
   <trkpt lat="56.2347340" lon="10.1350490">
    <ele>69.4</ele>
   </trkpt>
   <trkpt lat="56.2347460" lon="10.1349610">
    <ele>69.4</ele>
   </trkpt>
   <trkpt lat="56.2347600" lon="10.1348720">
    <ele>69.4</ele>
   </trkpt>
   <trkpt lat="56.2347750" lon="10.1347830">
    <ele>69.4</ele>
   </trkpt>
   <trkpt lat="56.2347910" lon="10.1346940">
    <ele>69.6</ele>
   </trkpt>
   <trkpt lat="56.2348120" lon="10.1346080">
    <ele>69.6</ele>
   </trkpt>
   <trkpt lat="56.2348300" lon="10.1345250">
    <ele>69.8</ele>
   </trkpt>
   <trkpt lat="56.2348470" lon="10.1344470">
    <ele>70.0</ele>
   </trkpt>
   <trkpt lat="56.2348650" lon="10.1343750">
    <ele>70.2</ele>
   </trkpt>
   <trkpt lat="56.2348880" lon="10.1343110">
    <ele>70.6</ele>
   </trkpt>
   <trkpt lat="56.2349140" lon="10.1342480">
    <ele>70.6</ele>
   </trkpt>
   <trkpt lat="56.2349420" lon="10.1341780">
    <ele>70.8</ele>
   </trkpt>
   <trkpt lat="56.2349720" lon="10.1341050">
    <ele>71.0</ele>
   </trkpt>
   <trkpt lat="56.2350030" lon="10.1340260">
    <ele>71.0</ele>
   </trkpt>
   <trkpt lat="56.2350330" lon="10.1339440">
    <ele>71.0</ele>
   </trkpt>
   <trkpt lat="56.2350630" lon="10.1338630">
    <ele>71.2</ele>
   </trkpt>
   <trkpt lat="56.2350940" lon="10.1337840">
    <ele>71.4</ele>
   </trkpt>
   <trkpt lat="56.2351240" lon="10.1337060">
    <ele>71.6</ele>
   </trkpt>
   <trkpt lat="56.2351520" lon="10.1336300">
    <ele>71.8</ele>
   </trkpt>
   <trkpt lat="56.2351810" lon="10.1335560">
    <ele>72.0</ele>
   </trkpt>
   <trkpt lat="56.2352110" lon="10.1334830">
    <ele>72.4</ele>
   </trkpt>
   <trkpt lat="56.2352400" lon="10.1334120">
    <ele>72.8</ele>
   </trkpt>
   <trkpt lat="56.2352680" lon="10.1333450">
    <ele>73.2</ele>
   </trkpt>
   <trkpt lat="56.2352970" lon="10.1332770">
    <ele>73.6</ele>
   </trkpt>
   <trkpt lat="56.2353250" lon="10.1332090">
    <ele>74.0</ele>
   </trkpt>
   <trkpt lat="56.2353560" lon="10.1331420">
    <ele>74.4</ele>
   </trkpt>
   <trkpt lat="56.2353860" lon="10.1330760">
    <ele>74.6</ele>
   </trkpt>
   <trkpt lat="56.2354170" lon="10.1330130">
    <ele>75.0</ele>
   </trkpt>
   <trkpt lat="56.2354470" lon="10.1329480">
    <ele>75.2</ele>
   </trkpt>
   <trkpt lat="56.2354790" lon="10.1328890">
    <ele>75.6</ele>
   </trkpt>
   <trkpt lat="56.2355130" lon="10.1328300">
    <ele>75.8</ele>
   </trkpt>
   <trkpt lat="56.2355470" lon="10.1327680">
    <ele>76.2</ele>
   </trkpt>
   <trkpt lat="56.2355830" lon="10.1327070">
    <ele>76.4</ele>
   </trkpt>
   <trkpt lat="56.2356180" lon="10.1326450">
    <ele>76.6</ele>
   </trkpt>
   <trkpt lat="56.2356550" lon="10.1325830">
    <ele>76.6</ele>
   </trkpt>
   <trkpt lat="56.2356940" lon="10.1325190">
    <ele>76.6</ele>
   </trkpt>
   <trkpt lat="56.2357360" lon="10.1324510">
    <ele>76.8</ele>
   </trkpt>
   <trkpt lat="56.2357780" lon="10.1323770">
    <ele>76.8</ele>
   </trkpt>
   <trkpt lat="56.2358200" lon="10.1323070">
    <ele>76.8</ele>
   </trkpt>
   <trkpt lat="56.2358660" lon="10.1322350">
    <ele>76.6</ele>
   </trkpt>
   <trkpt lat="56.2359120" lon="10.1321610">
    <ele>76.6</ele>
   </trkpt>
   <trkpt lat="56.2359590" lon="10.1320880">
    <ele>76.4</ele>
   </trkpt>
   <trkpt lat="56.2360020" lon="10.1320140">
    <ele>76.2</ele>
   </trkpt>
   <trkpt lat="56.2360450" lon="10.1319420">
    <ele>76.2</ele>
   </trkpt>
   <trkpt lat="56.2360880" lon="10.1318730">
    <ele>76.2</ele>
   </trkpt>
   <trkpt lat="56.2361290" lon="10.1318030">
    <ele>76.4</ele>
   </trkpt>
   <trkpt lat="56.2361700" lon="10.1317320">
    <ele>76.8</ele>
   </trkpt>
   <trkpt lat="56.2362100" lon="10.1316670">
    <ele>77.0</ele>
   </trkpt>
   <trkpt lat="56.2362470" lon="10.1316050">
    <ele>77.2</ele>
   </trkpt>
   <trkpt lat="56.2362850" lon="10.1315460">
    <ele>77.6</ele>
   </trkpt>
   <trkpt lat="56.2363230" lon="10.1314930">
    <ele>77.6</ele>
   </trkpt>
   <trkpt lat="56.2363600" lon="10.1314420">
    <ele>77.8</ele>
   </trkpt>
   <trkpt lat="56.2363950" lon="10.1313940">
    <ele>78.2</ele>
   </trkpt>
   <trkpt lat="56.2364310" lon="10.1313470">
    <ele>78.4</ele>
   </trkpt>
   <trkpt lat="56.2364680" lon="10.1313020">
    <ele>78.6</ele>
   </trkpt>
   <trkpt lat="56.2365050" lon="10.1312580">
    <ele>78.8</ele>
   </trkpt>
   <trkpt lat="56.2365420" lon="10.1312170">
    <ele>79.0</ele>
   </trkpt>
   <trkpt lat="56.2365800" lon="10.1311770">
    <ele>79.2</ele>
   </trkpt>
   <trkpt lat="56.2366200" lon="10.1311380">
    <ele>79.6</ele>
   </trkpt>
   <trkpt lat="56.2366620" lon="10.1311010">
    <ele>79.8</ele>
   </trkpt>
   <trkpt lat="56.2367050" lon="10.1310620">
    <ele>80.2</ele>
   </trkpt>
   <trkpt lat="56.2367480" lon="10.1310220">
    <ele>80.4</ele>
   </trkpt>
   <trkpt lat="56.2367910" lon="10.1309830">
    <ele>80.4</ele>
   </trkpt>
   <trkpt lat="56.2368330" lon="10.1309440">
    <ele>80.4</ele>
   </trkpt>
   <trkpt lat="56.2368780" lon="10.1309030">
    <ele>80.4</ele>
   </trkpt>
   <trkpt lat="56.2369230" lon="10.1308620">
    <ele>80.2</ele>
   </trkpt>
   <trkpt lat="56.2369700" lon="10.1308220">
    <ele>80.0</ele>
   </trkpt>
   <trkpt lat="56.2370200" lon="10.1307800">
    <ele>79.8</ele>
   </trkpt>
   <trkpt lat="56.2370710" lon="10.1307380">
    <ele>79.8</ele>
   </trkpt>
   <trkpt lat="56.2371230" lon="10.1306950">
    <ele>79.4</ele>
   </trkpt>
   <trkpt lat="56.2371760" lon="10.1306500">
    <ele>79.2</ele>
   </trkpt>
   <trkpt lat="56.2372290" lon="10.1306050">
    <ele>79.0</ele>
   </trkpt>
   <trkpt lat="56.2372820" lon="10.1305590">
    <ele>78.8</ele>
   </trkpt>
   <trkpt lat="56.2373360" lon="10.1305150">
    <ele>78.6</ele>
   </trkpt>
   <trkpt lat="56.2373910" lon="10.1304720">
    <ele>78.6</ele>
   </trkpt>
   <trkpt lat="56.2374430" lon="10.1304300">
    <ele>78.6</ele>
   </trkpt>
   <trkpt lat="56.2374960" lon="10.1303870">
    <ele>78.4</ele>
   </trkpt>
   <trkpt lat="56.2375490" lon="10.1303430">
    <ele>78.4</ele>
   </trkpt>
   <trkpt lat="56.2375990" lon="10.1303000">
    <ele>78.4</ele>
   </trkpt>
   <trkpt lat="56.2376500" lon="10.1302580">
    <ele>78.4</ele>
   </trkpt>
   <trkpt lat="56.2376990" lon="10.1302170">
    <ele>78.6</ele>
   </trkpt>
   <trkpt lat="56.2377480" lon="10.1301800">
    <ele>78.6</ele>
   </trkpt>
   <trkpt lat="56.2377960" lon="10.1301430">
    <ele>78.4</ele>
   </trkpt>
   <trkpt lat="56.2378450" lon="10.1301050">
    <ele>78.4</ele>
   </trkpt>
   <trkpt lat="56.2378960" lon="10.1300620">
    <ele>78.4</ele>
   </trkpt>
   <trkpt lat="56.2379500" lon="10.1300200">
    <ele>78.4</ele>
   </trkpt>
   <trkpt lat="56.2380050" lon="10.1299750">
    <ele>78.4</ele>
   </trkpt>
   <trkpt lat="56.2380610" lon="10.1299300">
    <ele>78.4</ele>
   </trkpt>
   <trkpt lat="56.2381220" lon="10.1298840">
    <ele>78.2</ele>
   </trkpt>
   <trkpt lat="56.2381870" lon="10.1298340">
    <ele>77.8</ele>
   </trkpt>
   <trkpt lat="56.2382540" lon="10.1297810">
    <ele>77.4</ele>
   </trkpt>
   <trkpt lat="56.2383230" lon="10.1297270">
    <ele>77.0</ele>
   </trkpt>
   <trkpt lat="56.2383910" lon="10.1296690">
    <ele>76.6</ele>
   </trkpt>
   <trkpt lat="56.2384610" lon="10.1296110">
    <ele>76.0</ele>
   </trkpt>
   <trkpt lat="56.2385300" lon="10.1295510">
    <ele>75.6</ele>
   </trkpt>
   <trkpt lat="56.2386000" lon="10.1294900">
    <ele>75.2</ele>
   </trkpt>
   <trkpt lat="56.2386670" lon="10.1294300">
    <ele>74.8</ele>
   </trkpt>
   <trkpt lat="56.2387350" lon="10.1293700">
    <ele>74.6</ele>
   </trkpt>
   <trkpt lat="56.2388000" lon="10.1293110">
    <ele>74.4</ele>
   </trkpt>
   <trkpt lat="56.2388640" lon="10.1292510">
    <ele>74.2</ele>
   </trkpt>
   <trkpt lat="56.2389290" lon="10.1291930">
    <ele>74.0</ele>
   </trkpt>
   <trkpt lat="56.2389950" lon="10.1291380">
    <ele>73.8</ele>
   </trkpt>
   <trkpt lat="56.2390620" lon="10.1290820">
    <ele>73.8</ele>
   </trkpt>
   <trkpt lat="56.2391270" lon="10.1290250">
    <ele>73.6</ele>
   </trkpt>
   <trkpt lat="56.2391950" lon="10.1289670">
    <ele>73.6</ele>
   </trkpt>
   <trkpt lat="56.2392660" lon="10.1289070">
    <ele>73.2</ele>
   </trkpt>
   <trkpt lat="56.2393400" lon="10.1288460">
    <ele>73.0</ele>
   </trkpt>
   <trkpt lat="56.2394150" lon="10.1287830">
    <ele>72.6</ele>
   </trkpt>
   <trkpt lat="56.2394930" lon="10.1287170">
    <ele>72.0</ele>
   </trkpt>
   <trkpt lat="56.2395760" lon="10.1286500">
    <ele>71.4</ele>
   </trkpt>
   <trkpt lat="56.2396610" lon="10.1285930">
    <ele>70.6</ele>
   </trkpt>
   <trkpt lat="56.2397490" lon="10.1285520">
    <ele>70.2</ele>
   </trkpt>
   <trkpt lat="56.2398400" lon="10.1285300">
    <ele>69.6</ele>
   </trkpt>
   <trkpt lat="56.2399330" lon="10.1285260">
    <ele>69.2</ele>
   </trkpt>
   <trkpt lat="56.2400240" lon="10.1285370">
    <ele>69.0</ele>
   </trkpt>
   <trkpt lat="56.2401140" lon="10.1285680">
    <ele>68.6</ele>
   </trkpt>
   <trkpt lat="56.2402020" lon="10.1286110">
    <ele>68.4</ele>
   </trkpt>
   <trkpt lat="56.2402860" lon="10.1286690">
    <ele>68.2</ele>
   </trkpt>
   <trkpt lat="56.2403640" lon="10.1287410">
    <ele>68.0</ele>
   </trkpt>
   <trkpt lat="56.2404380" lon="10.1288250">
    <ele>68.2</ele>
   </trkpt>
   <trkpt lat="56.2405080" lon="10.1289130">
    <ele>68.2</ele>
   </trkpt>
   <trkpt lat="56.2405770" lon="10.1290000">
    <ele>68.4</ele>
   </trkpt>
   <trkpt lat="56.2406470" lon="10.1290850">
    <ele>68.6</ele>
   </trkpt>
   <trkpt lat="56.2407180" lon="10.1291690">
    <ele>68.8</ele>
   </trkpt>
   <trkpt lat="56.2407890" lon="10.1292530">
    <ele>69.0</ele>
   </trkpt>
   <trkpt lat="56.2408590" lon="10.1293330">
    <ele>69.2</ele>
   </trkpt>
   <trkpt lat="56.2409330" lon="10.1294050">
    <ele>69.2</ele>
   </trkpt>
   <trkpt lat="56.2410080" lon="10.1294750">
    <ele>69.2</ele>
   </trkpt>
   <trkpt lat="56.2410830" lon="10.1295380">
    <ele>69.2</ele>
   </trkpt>
   <trkpt lat="56.2411620" lon="10.1295920">
    <ele>69.2</ele>
   </trkpt>
   <trkpt lat="56.2412410" lon="10.1296430">
    <ele>69.2</ele>
   </trkpt>
   <trkpt lat="56.2413220" lon="10.1296880">
    <ele>69.2</ele>
   </trkpt>
   <trkpt lat="56.2414030" lon="10.1297240">
    <ele>69.2</ele>
   </trkpt>
   <trkpt lat="56.2414840" lon="10.1297550">
    <ele>69.0</ele>
   </trkpt>
   <trkpt lat="56.2415660" lon="10.1297760">
    <ele>68.8</ele>
   </trkpt>
   <trkpt lat="56.2416480" lon="10.1297900">
    <ele>68.6</ele>
   </trkpt>
   <trkpt lat="56.2417290" lon="10.1297960">
    <ele>68.2</ele>
   </trkpt>
   <trkpt lat="56.2418110" lon="10.1297970">
    <ele>67.8</ele>
   </trkpt>
   <trkpt lat="56.2418950" lon="10.1297950">
    <ele>67.6</ele>
   </trkpt>
   <trkpt lat="56.2419790" lon="10.1297960">
    <ele>67.2</ele>
   </trkpt>
   <trkpt lat="56.2420640" lon="10.1297960">
    <ele>67.0</ele>
   </trkpt>
   <trkpt lat="56.2421480" lon="10.1297950">
    <ele>66.6</ele>
   </trkpt>
   <trkpt lat="56.2422340" lon="10.1297920">
    <ele>66.4</ele>
   </trkpt>
   <trkpt lat="56.2423190" lon="10.1297890">
    <ele>66.0</ele>
   </trkpt>
   <trkpt lat="56.2424040" lon="10.1297860">
    <ele>66.0</ele>
   </trkpt>
   <trkpt lat="56.2424910" lon="10.1297820">
    <ele>65.6</ele>
   </trkpt>
   <trkpt lat="56.2425770" lon="10.1297810">
    <ele>65.4</ele>
   </trkpt>
   <trkpt lat="56.2426650" lon="10.1297790">
    <ele>65.2</ele>
   </trkpt>
   <trkpt lat="56.2427530" lon="10.1297770">
    <ele>65.0</ele>
   </trkpt>
   <trkpt lat="56.2428410" lon="10.1297750">
    <ele>64.8</ele>
   </trkpt>
   <trkpt lat="56.2429310" lon="10.1297710">
    <ele>64.8</ele>
   </trkpt>
   <trkpt lat="56.2430220" lon="10.1297700">
    <ele>64.4</ele>
   </trkpt>
   <trkpt lat="56.2431130" lon="10.1297700">
    <ele>64.2</ele>
   </trkpt>
   <trkpt lat="56.2432040" lon="10.1297680">
    <ele>64.0</ele>
   </trkpt>
   <trkpt lat="56.2432960" lon="10.1297650">
    <ele>63.6</ele>
   </trkpt>
   <trkpt lat="56.2433870" lon="10.1297620">
    <ele>63.2</ele>
   </trkpt>
   <trkpt lat="56.2434770" lon="10.1297600">
    <ele>62.8</ele>
   </trkpt>
   <trkpt lat="56.2435670" lon="10.1297610">
    <ele>62.6</ele>
   </trkpt>
   <trkpt lat="56.2436570" lon="10.1297600">
    <ele>62.2</ele>
   </trkpt>
   <trkpt lat="56.2437480" lon="10.1297590">
    <ele>62.0</ele>
   </trkpt>
   <trkpt lat="56.2438390" lon="10.1297590">
    <ele>61.8</ele>
   </trkpt>
   <trkpt lat="56.2439300" lon="10.1297580">
    <ele>61.6</ele>
   </trkpt>
   <trkpt lat="56.2440210" lon="10.1297550">
    <ele>61.4</ele>
   </trkpt>
   <trkpt lat="56.2441130" lon="10.1297500">
    <ele>61.2</ele>
   </trkpt>
   <trkpt lat="56.2442030" lon="10.1297490">
    <ele>61.0</ele>
   </trkpt>
   <trkpt lat="56.2442920" lon="10.1297470">
    <ele>60.8</ele>
   </trkpt>
   <trkpt lat="56.2443780" lon="10.1297420">
    <ele>60.4</ele>
   </trkpt>
   <trkpt lat="56.2444630" lon="10.1297380">
    <ele>60.4</ele>
   </trkpt>
   <trkpt lat="56.2445470" lon="10.1297370">
    <ele>60.4</ele>
   </trkpt>
   <trkpt lat="56.2446300" lon="10.1297350">
    <ele>60.4</ele>
   </trkpt>
   <trkpt lat="56.2447110" lon="10.1297290">
    <ele>60.6</ele>
   </trkpt>
   <trkpt lat="56.2447900" lon="10.1297170">
    <ele>60.6</ele>
   </trkpt>
   <trkpt lat="56.2448630" lon="10.1297000">
    <ele>60.8</ele>
   </trkpt>
   <trkpt lat="56.2449220" lon="10.1296800">
    <ele>60.8</ele>
   </trkpt>
   <trkpt lat="56.2449580" lon="10.1296560">
    <ele>60.8</ele>
   </trkpt>
   <trkpt lat="56.2449720" lon="10.1296450">
    <ele>61.0</ele>
   </trkpt>
   <trkpt lat="56.2449720" lon="10.1296450">
    <ele>61.0</ele>
   </trkpt>
   <trkpt lat="56.2449720" lon="10.1296450">
    <ele>61.2</ele>
   </trkpt>
   <trkpt lat="56.2450050" lon="10.1295830">
    <ele>61.2</ele>
   </trkpt>
   <trkpt lat="56.2450090" lon="10.1295400">
    <ele>61.2</ele>
   </trkpt>
   <trkpt lat="56.2450040" lon="10.1294890">
    <ele>61.2</ele>
   </trkpt>
   <trkpt lat="56.2449960" lon="10.1294270">
    <ele>61.2</ele>
   </trkpt>
   <trkpt lat="56.2449850" lon="10.1293580">
    <ele>61.0</ele>
   </trkpt>
   <trkpt lat="56.2449730" lon="10.1292840">
    <ele>61.0</ele>
   </trkpt>
   <trkpt lat="56.2449610" lon="10.1292070">
    <ele>61.0</ele>
   </trkpt>
   <trkpt lat="56.2449470" lon="10.1291230">
    <ele>61.0</ele>
   </trkpt>
   <trkpt lat="56.2449330" lon="10.1290360">
    <ele>61.0</ele>
   </trkpt>
   <trkpt lat="56.2449180" lon="10.1289420">
    <ele>61.2</ele>
   </trkpt>
   <trkpt lat="56.2449050" lon="10.1288490">
    <ele>61.2</ele>
   </trkpt>
   <trkpt lat="56.2448920" lon="10.1287570">
    <ele>61.4</ele>
   </trkpt>
   <trkpt lat="56.2448790" lon="10.1286670">
    <ele>61.4</ele>
   </trkpt>
   <trkpt lat="56.2448670" lon="10.1285790">
    <ele>61.6</ele>
   </trkpt>
   <trkpt lat="56.2448540" lon="10.1284880">
    <ele>61.8</ele>
   </trkpt>
   <trkpt lat="56.2448440" lon="10.1283960">
    <ele>61.8</ele>
   </trkpt>
   <trkpt lat="56.2448310" lon="10.1283040">
    <ele>62.0</ele>
   </trkpt>
   <trkpt lat="56.2448180" lon="10.1282120">
    <ele>62.0</ele>
   </trkpt>
   <trkpt lat="56.2448060" lon="10.1281180">
    <ele>62.0</ele>
   </trkpt>
   <trkpt lat="56.2447930" lon="10.1280260">
    <ele>62.2</ele>
   </trkpt>
   <trkpt lat="56.2447790" lon="10.1279390">
    <ele>62.2</ele>
   </trkpt>
   <trkpt lat="56.2447680" lon="10.1278520">
    <ele>62.2</ele>
   </trkpt>
   <trkpt lat="56.2447570" lon="10.1277630">
    <ele>62.2</ele>
   </trkpt>
   <trkpt lat="56.2447430" lon="10.1276690">
    <ele>62.0</ele>
   </trkpt>
   <trkpt lat="56.2447280" lon="10.1275700">
    <ele>62.0</ele>
   </trkpt>
   <trkpt lat="56.2447140" lon="10.1274640">
    <ele>61.8</ele>
   </trkpt>
   <trkpt lat="56.2447040" lon="10.1273530">
    <ele>61.6</ele>
   </trkpt>
   <trkpt lat="56.2446940" lon="10.1272390">
    <ele>61.4</ele>
   </trkpt>
   <trkpt lat="56.2446850" lon="10.1271210">
    <ele>61.0</ele>
   </trkpt>
   <trkpt lat="56.2446770" lon="10.1269970">
    <ele>60.8</ele>
   </trkpt>
   <trkpt lat="56.2446700" lon="10.1268720">
    <ele>60.6</ele>
   </trkpt>
   <trkpt lat="56.2446620" lon="10.1267420">
    <ele>60.4</ele>
   </trkpt>
   <trkpt lat="56.2446560" lon="10.1266090">
    <ele>60.0</ele>
   </trkpt>
   <trkpt lat="56.2446520" lon="10.1264740">
    <ele>59.8</ele>
   </trkpt>
   <trkpt lat="56.2446500" lon="10.1263340">
    <ele>59.4</ele>
   </trkpt>
   <trkpt lat="56.2446500" lon="10.1261920">
    <ele>59.0</ele>
   </trkpt>
   <trkpt lat="56.2446510" lon="10.1260470">
    <ele>58.8</ele>
   </trkpt>
   <trkpt lat="56.2446550" lon="10.1258990">
    <ele>58.4</ele>
   </trkpt>
   <trkpt lat="56.2446590" lon="10.1257470">
    <ele>58.2</ele>
   </trkpt>
   <trkpt lat="56.2446640" lon="10.1255940">
    <ele>57.8</ele>
   </trkpt>
   <trkpt lat="56.2446720" lon="10.1254340">
    <ele>57.4</ele>
   </trkpt>
   <trkpt lat="56.2446840" lon="10.1252750">
    <ele>57.0</ele>
   </trkpt>
   <trkpt lat="56.2446980" lon="10.1251180">
    <ele>56.8</ele>
   </trkpt>
   <trkpt lat="56.2447150" lon="10.1249630">
    <ele>56.4</ele>
   </trkpt>
   <trkpt lat="56.2447340" lon="10.1248060">
    <ele>56.0</ele>
   </trkpt>
   <trkpt lat="56.2447560" lon="10.1246500">
    <ele>55.8</ele>
   </trkpt>
   <trkpt lat="56.2447790" lon="10.1244960">
    <ele>55.6</ele>
   </trkpt>
   <trkpt lat="56.2448050" lon="10.1243430">
    <ele>55.6</ele>
   </trkpt>
   <trkpt lat="56.2448350" lon="10.1241930">
    <ele>55.4</ele>
   </trkpt>
   <trkpt lat="56.2448640" lon="10.1240470">
    <ele>55.6</ele>
   </trkpt>
   <trkpt lat="56.2448940" lon="10.1239010">
    <ele>55.8</ele>
   </trkpt>
   <trkpt lat="56.2449300" lon="10.1237810">
    <ele>56.0</ele>
   </trkpt>
   <trkpt lat="56.2449610" lon="10.1236530">
    <ele>56.4</ele>
   </trkpt>
   <trkpt lat="56.2449980" lon="10.1235290">
    <ele>56.6</ele>
   </trkpt>
   <trkpt lat="56.2450320" lon="10.1234090">
    <ele>57.0</ele>
   </trkpt>
   <trkpt lat="56.2450640" lon="10.1232910">
    <ele>57.2</ele>
   </trkpt>
   <trkpt lat="56.2450970" lon="10.1231750">
    <ele>57.4</ele>
   </trkpt>
   <trkpt lat="56.2451280" lon="10.1230670">
    <ele>57.8</ele>
   </trkpt>
   <trkpt lat="56.2451590" lon="10.1229630">
    <ele>58.2</ele>
   </trkpt>
   <trkpt lat="56.2451910" lon="10.1228630">
    <ele>58.4</ele>
   </trkpt>
   <trkpt lat="56.2452230" lon="10.1227640">
    <ele>58.8</ele>
   </trkpt>
   <trkpt lat="56.2452550" lon="10.1226680">
    <ele>59.0</ele>
   </trkpt>
   <trkpt lat="56.2452830" lon="10.1225720">
    <ele>59.2</ele>
   </trkpt>
   <trkpt lat="56.2453100" lon="10.1224770">
    <ele>59.4</ele>
   </trkpt>
   <trkpt lat="56.2453360" lon="10.1223810">
    <ele>59.6</ele>
   </trkpt>
   <trkpt lat="56.2453620" lon="10.1222840">
    <ele>59.6</ele>
   </trkpt>
   <trkpt lat="56.2453850" lon="10.1221850">
    <ele>59.8</ele>
   </trkpt>
   <trkpt lat="56.2454080" lon="10.1220860">
    <ele>59.8</ele>
   </trkpt>
   <trkpt lat="56.2454300" lon="10.1219880">
    <ele>60.0</ele>
   </trkpt>
   <trkpt lat="56.2454510" lon="10.1218890">
    <ele>60.2</ele>
   </trkpt>
   <trkpt lat="56.2454700" lon="10.1217890">
    <ele>60.4</ele>
   </trkpt>
   <trkpt lat="56.2454880" lon="10.1216870">
    <ele>60.6</ele>
   </trkpt>
   <trkpt lat="56.2455070" lon="10.1215850">
    <ele>60.8</ele>
   </trkpt>
   <trkpt lat="56.2455250" lon="10.1214820">
    <ele>61.2</ele>
   </trkpt>
   <trkpt lat="56.2455410" lon="10.1213770">
    <ele>61.4</ele>
   </trkpt>
   <trkpt lat="56.2455570" lon="10.1212730">
    <ele>61.6</ele>
   </trkpt>
   <trkpt lat="56.2455730" lon="10.1211670">
    <ele>61.6</ele>
   </trkpt>
   <trkpt lat="56.2455890" lon="10.1210610">
    <ele>61.6</ele>
   </trkpt>
   <trkpt lat="56.2456030" lon="10.1209540">
    <ele>61.8</ele>
   </trkpt>
   <trkpt lat="56.2456180" lon="10.1208490">
    <ele>61.6</ele>
   </trkpt>
   <trkpt lat="56.2456330" lon="10.1207440">
    <ele>61.8</ele>
   </trkpt>
   <trkpt lat="56.2456480" lon="10.1206390">
    <ele>61.8</ele>
   </trkpt>
   <trkpt lat="56.2456630" lon="10.1205350">
    <ele>62.0</ele>
   </trkpt>
   <trkpt lat="56.2456800" lon="10.1204330">
    <ele>62.2</ele>
   </trkpt>
   <trkpt lat="56.2456960" lon="10.1203300">
    <ele>62.4</ele>
   </trkpt>
   <trkpt lat="56.2457130" lon="10.1202250">
    <ele>62.6</ele>
   </trkpt>
   <trkpt lat="56.2457270" lon="10.1201170">
    <ele>62.8</ele>
   </trkpt>
   <trkpt lat="56.2457430" lon="10.1200080">
    <ele>62.8</ele>
   </trkpt>
   <trkpt lat="56.2457580" lon="10.1199020">
    <ele>62.8</ele>
   </trkpt>
   <trkpt lat="56.2457720" lon="10.1197940">
    <ele>63.0</ele>
   </trkpt>
   <trkpt lat="56.2457890" lon="10.1196920">
    <ele>63.0</ele>
   </trkpt>
   <trkpt lat="56.2458060" lon="10.1195930">
    <ele>63.2</ele>
   </trkpt>
   <trkpt lat="56.2458250" lon="10.1194980">
    <ele>63.4</ele>
   </trkpt>
   <trkpt lat="56.2458550" lon="10.1194150">
    <ele>63.4</ele>
   </trkpt>
   <trkpt lat="56.2458960" lon="10.1193550">
    <ele>63.4</ele>
   </trkpt>
   <trkpt lat="56.2459460" lon="10.1193110">
    <ele>63.4</ele>
   </trkpt>
   <trkpt lat="56.2459980" lon="10.1192780">
    <ele>63.4</ele>
   </trkpt>
   <trkpt lat="56.2460550" lon="10.1192440">
    <ele>63.2</ele>
   </trkpt>
   <trkpt lat="56.2461110" lon="10.1192020">
    <ele>63.2</ele>
   </trkpt>
   <trkpt lat="56.2461680" lon="10.1191580">
    <ele>63.2</ele>
   </trkpt>
   <trkpt lat="56.2462260" lon="10.1191160">
    <ele>63.2</ele>
   </trkpt>
   <trkpt lat="56.2462860" lon="10.1190740">
    <ele>63.0</ele>
   </trkpt>
   <trkpt lat="56.2463450" lon="10.1190340">
    <ele>63.0</ele>
   </trkpt>
   <trkpt lat="56.2464030" lon="10.1189960">
    <ele>63.0</ele>
   </trkpt>
   <trkpt lat="56.2464640" lon="10.1189570">
    <ele>62.8</ele>
   </trkpt>
   <trkpt lat="56.2465290" lon="10.1189150">
    <ele>62.8</ele>
   </trkpt>
   <trkpt lat="56.2465980" lon="10.1188650">
    <ele>62.6</ele>
   </trkpt>
   <trkpt lat="56.2466700" lon="10.1188090">
    <ele>62.6</ele>
   </trkpt>
   <trkpt lat="56.2467400" lon="10.1187470">
    <ele>62.2</ele>
   </trkpt>
   <trkpt lat="56.2468090" lon="10.1186840">
    <ele>62.2</ele>
   </trkpt>
   <trkpt lat="56.2468760" lon="10.1186090">
    <ele>61.8</ele>
   </trkpt>
   <trkpt lat="56.2469400" lon="10.1185250">
    <ele>61.8</ele>
   </trkpt>
   <trkpt lat="56.2470010" lon="10.1184370">
    <ele>62.0</ele>
   </trkpt>
   <trkpt lat="56.2470610" lon="10.1183490">
    <ele>62.0</ele>
   </trkpt>
   <trkpt lat="56.2471180" lon="10.1182610">
    <ele>62.2</ele>
   </trkpt>
   <trkpt lat="56.2471750" lon="10.1181710">
    <ele>62.4</ele>
   </trkpt>
   <trkpt lat="56.2472320" lon="10.1180820">
    <ele>62.4</ele>
   </trkpt>
   <trkpt lat="56.2472890" lon="10.1179970">
    <ele>62.2</ele>
   </trkpt>
   <trkpt lat="56.2473480" lon="10.1179100">
    <ele>61.8</ele>
   </trkpt>
   <trkpt lat="56.2474100" lon="10.1178260">
    <ele>61.4</ele>
   </trkpt>
   <trkpt lat="56.2474700" lon="10.1177370">
    <ele>61.0</ele>
   </trkpt>
   <trkpt lat="56.2475300" lon="10.1176500">
    <ele>60.8</ele>
   </trkpt>
   <trkpt lat="56.2475920" lon="10.1175620">
    <ele>60.4</ele>
   </trkpt>
   <trkpt lat="56.2476570" lon="10.1174720">
    <ele>60.2</ele>
   </trkpt>
   <trkpt lat="56.2477210" lon="10.1173790">
    <ele>60.0</ele>
   </trkpt>
   <trkpt lat="56.2477850" lon="10.1172770">
    <ele>59.8</ele>
   </trkpt>
   <trkpt lat="56.2478480" lon="10.1171760">
    <ele>59.6</ele>
   </trkpt>
   <trkpt lat="56.2479120" lon="10.1170770">
    <ele>59.4</ele>
   </trkpt>
   <trkpt lat="56.2479770" lon="10.1169860">
    <ele>59.0</ele>
   </trkpt>
   <trkpt lat="56.2480410" lon="10.1168900">
    <ele>58.8</ele>
   </trkpt>
   <trkpt lat="56.2481050" lon="10.1167970">
    <ele>58.6</ele>
   </trkpt>
   <trkpt lat="56.2481620" lon="10.1166900">
    <ele>58.2</ele>
   </trkpt>
   <trkpt lat="56.2482180" lon="10.1165830">
    <ele>58.0</ele>
   </trkpt>
   <trkpt lat="56.2482810" lon="10.1164770">
    <ele>57.6</ele>
   </trkpt>
   <trkpt lat="56.2483420" lon="10.1163760">
    <ele>57.2</ele>
   </trkpt>
   <trkpt lat="56.2484080" lon="10.1162750">
    <ele>56.8</ele>
   </trkpt>
   <trkpt lat="56.2484720" lon="10.1161750">
    <ele>56.4</ele>
   </trkpt>
   <trkpt lat="56.2485370" lon="10.1160740">
    <ele>56.0</ele>
   </trkpt>
   <trkpt lat="56.2486010" lon="10.1159750">
    <ele>55.6</ele>
   </trkpt>
   <trkpt lat="56.2486650" lon="10.1158770">
    <ele>55.2</ele>
   </trkpt>
   <trkpt lat="56.2487260" lon="10.1157830">
    <ele>55.0</ele>
   </trkpt>
   <trkpt lat="56.2487850" lon="10.1156960">
    <ele>54.8</ele>
   </trkpt>
   <trkpt lat="56.2488410" lon="10.1156070">
    <ele>54.8</ele>
   </trkpt>
   <trkpt lat="56.2488960" lon="10.1155160">
    <ele>55.0</ele>
   </trkpt>
   <trkpt lat="56.2489480" lon="10.1154170">
    <ele>55.2</ele>
   </trkpt>
   <trkpt lat="56.2489940" lon="10.1153130">
    <ele>55.4</ele>
   </trkpt>
   <trkpt lat="56.2490330" lon="10.1152060">
    <ele>55.6</ele>
   </trkpt>
   <trkpt lat="56.2490730" lon="10.1150980">
    <ele>55.4</ele>
   </trkpt>
   <trkpt lat="56.2491120" lon="10.1149880">
    <ele>55.2</ele>
   </trkpt>
   <trkpt lat="56.2491480" lon="10.1148770">
    <ele>55.2</ele>
   </trkpt>
   <trkpt lat="56.2491830" lon="10.1147650">
    <ele>55.2</ele>
   </trkpt>
   <trkpt lat="56.2492200" lon="10.1146530">
    <ele>55.0</ele>
   </trkpt>
   <trkpt lat="56.2492600" lon="10.1145430">
    <ele>55.0</ele>
   </trkpt>
   <trkpt lat="56.2493050" lon="10.1144330">
    <ele>54.8</ele>
   </trkpt>
   <trkpt lat="56.2493610" lon="10.1143340">
    <ele>54.8</ele>
   </trkpt>
   <trkpt lat="56.2494290" lon="10.1142510">
    <ele>54.6</ele>
   </trkpt>
   <trkpt lat="56.2495050" lon="10.1141900">
    <ele>54.6</ele>
   </trkpt>
   <trkpt lat="56.2495860" lon="10.1141540">
    <ele>54.4</ele>
   </trkpt>
   <trkpt lat="56.2496690" lon="10.1141250">
    <ele>54.2</ele>
   </trkpt>
   <trkpt lat="56.2497530" lon="10.1140970">
    <ele>54.0</ele>
   </trkpt>
   <trkpt lat="56.2498380" lon="10.1140710">
    <ele>53.8</ele>
   </trkpt>
   <trkpt lat="56.2499230" lon="10.1140410">
    <ele>53.6</ele>
   </trkpt>
   <trkpt lat="56.2500050" lon="10.1140040">
    <ele>53.4</ele>
   </trkpt>
   <trkpt lat="56.2500850" lon="10.1139640">
    <ele>53.4</ele>
   </trkpt>
   <trkpt lat="56.2501650" lon="10.1139270">
    <ele>53.4</ele>
   </trkpt>
   <trkpt lat="56.2502450" lon="10.1138940">
    <ele>53.4</ele>
   </trkpt>
   <trkpt lat="56.2503220" lon="10.1138640">
    <ele>53.6</ele>
   </trkpt>
   <trkpt lat="56.2503980" lon="10.1138400">
    <ele>53.8</ele>
   </trkpt>
   <trkpt lat="56.2504710" lon="10.1138220">
    <ele>54.0</ele>
   </trkpt>
   <trkpt lat="56.2505460" lon="10.1138110">
    <ele>54.2</ele>
   </trkpt>
   <trkpt lat="56.2506180" lon="10.1138110">
    <ele>54.4</ele>
   </trkpt>
   <trkpt lat="56.2506880" lon="10.1138140">
    <ele>54.6</ele>
   </trkpt>
   <trkpt lat="56.2507580" lon="10.1138220">
    <ele>54.6</ele>
   </trkpt>
   <trkpt lat="56.2508280" lon="10.1138350">
    <ele>54.8</ele>
   </trkpt>
   <trkpt lat="56.2508940" lon="10.1138520">
    <ele>55.0</ele>
   </trkpt>
   <trkpt lat="56.2509590" lon="10.1138760">
    <ele>55.2</ele>
   </trkpt>
   <trkpt lat="56.2510180" lon="10.1138990">
    <ele>55.6</ele>
   </trkpt>
   <trkpt lat="56.2510780" lon="10.1139210">
    <ele>56.0</ele>
   </trkpt>
   <trkpt lat="56.2511350" lon="10.1139440">
    <ele>56.4</ele>
   </trkpt>
   <trkpt lat="56.2511870" lon="10.1139700">
    <ele>56.8</ele>
   </trkpt>
   <trkpt lat="56.2512380" lon="10.1139940">
    <ele>57.4</ele>
   </trkpt>
   <trkpt lat="56.2512870" lon="10.1140150">
    <ele>57.8</ele>
   </trkpt>
   <trkpt lat="56.2513350" lon="10.1140400">
    <ele>58.4</ele>
   </trkpt>
   <trkpt lat="56.2513840" lon="10.1140660">
    <ele>58.8</ele>
   </trkpt>
   <trkpt lat="56.2514310" lon="10.1140940">
    <ele>59.4</ele>
   </trkpt>
   <trkpt lat="56.2514750" lon="10.1141210">
    <ele>60.0</ele>
   </trkpt>
   <trkpt lat="56.2515150" lon="10.1141420">
    <ele>60.8</ele>
   </trkpt>
   <trkpt lat="56.2515550" lon="10.1141620">
    <ele>61.4</ele>
   </trkpt>
   <trkpt lat="56.2515990" lon="10.1141860">
    <ele>61.8</ele>
   </trkpt>
   <trkpt lat="56.2516470" lon="10.1142120">
    <ele>62.4</ele>
   </trkpt>
   <trkpt lat="56.2516970" lon="10.1142420">
    <ele>62.8</ele>
   </trkpt>
   <trkpt lat="56.2517440" lon="10.1142780">
    <ele>63.2</ele>
   </trkpt>
   <trkpt lat="56.2517890" lon="10.1143200">
    <ele>63.4</ele>
   </trkpt>
   <trkpt lat="56.2518320" lon="10.1143650">
    <ele>63.6</ele>
   </trkpt>
   <trkpt lat="56.2518760" lon="10.1144050">
    <ele>63.8</ele>
   </trkpt>
   <trkpt lat="56.2519230" lon="10.1144480">
    <ele>63.8</ele>
   </trkpt>
   <trkpt lat="56.2519680" lon="10.1145000">
    <ele>63.8</ele>
   </trkpt>
   <trkpt lat="56.2520110" lon="10.1145530">
    <ele>64.0</ele>
   </trkpt>
   <trkpt lat="56.2520570" lon="10.1146080">
    <ele>64.0</ele>
   </trkpt>
   <trkpt lat="56.2521040" lon="10.1146610">
    <ele>64.0</ele>
   </trkpt>
   <trkpt lat="56.2521530" lon="10.1147140">
    <ele>64.2</ele>
   </trkpt>
   <trkpt lat="56.2521990" lon="10.1147640">
    <ele>64.2</ele>
   </trkpt>
   <trkpt lat="56.2522440" lon="10.1148130">
    <ele>64.2</ele>
   </trkpt>
   <trkpt lat="56.2522910" lon="10.1148650">
    <ele>64.4</ele>
   </trkpt>
   <trkpt lat="56.2523350" lon="10.1149210">
    <ele>64.4</ele>
   </trkpt>
   <trkpt lat="56.2523790" lon="10.1149790">
    <ele>64.4</ele>
   </trkpt>
   <trkpt lat="56.2524270" lon="10.1150340">
    <ele>64.4</ele>
   </trkpt>
   <trkpt lat="56.2524760" lon="10.1150870">
    <ele>64.4</ele>
   </trkpt>
   <trkpt lat="56.2525260" lon="10.1151410">
    <ele>64.4</ele>
   </trkpt>
   <trkpt lat="56.2525790" lon="10.1151920">
    <ele>64.4</ele>
   </trkpt>
   <trkpt lat="56.2526310" lon="10.1152440">
    <ele>64.2</ele>
   </trkpt>
   <trkpt lat="56.2526820" lon="10.1153000">
    <ele>64.2</ele>
   </trkpt>
   <trkpt lat="56.2527360" lon="10.1153560">
    <ele>64.2</ele>
   </trkpt>
   <trkpt lat="56.2527870" lon="10.1154160">
    <ele>64.0</ele>
   </trkpt>
   <trkpt lat="56.2528380" lon="10.1154750">
    <ele>64.0</ele>
   </trkpt>
   <trkpt lat="56.2528910" lon="10.1155340">
    <ele>63.8</ele>
   </trkpt>
   <trkpt lat="56.2529460" lon="10.1155890">
    <ele>63.8</ele>
   </trkpt>
   <trkpt lat="56.2530030" lon="10.1156400">
    <ele>63.4</ele>
   </trkpt>
   <trkpt lat="56.2530620" lon="10.1156880">
    <ele>63.2</ele>
   </trkpt>
   <trkpt lat="56.2531230" lon="10.1157280">
    <ele>63.2</ele>
   </trkpt>
   <trkpt lat="56.2531840" lon="10.1157590">
    <ele>63.0</ele>
   </trkpt>
   <trkpt lat="56.2532460" lon="10.1157830">
    <ele>62.8</ele>
   </trkpt>
   <trkpt lat="56.2533080" lon="10.1158040">
    <ele>62.8</ele>
   </trkpt>
   <trkpt lat="56.2533710" lon="10.1158090">
    <ele>62.6</ele>
   </trkpt>
   <trkpt lat="56.2534340" lon="10.1158110">
    <ele>62.6</ele>
   </trkpt>
   <trkpt lat="56.2534970" lon="10.1158100">
    <ele>62.4</ele>
   </trkpt>
   <trkpt lat="56.2535610" lon="10.1158070">
    <ele>62.2</ele>
   </trkpt>
   <trkpt lat="56.2536250" lon="10.1158010">
    <ele>62.0</ele>
   </trkpt>
   <trkpt lat="56.2536890" lon="10.1157900">
    <ele>61.8</ele>
   </trkpt>
   <trkpt lat="56.2537540" lon="10.1157750">
    <ele>61.8</ele>
   </trkpt>
   <trkpt lat="56.2538200" lon="10.1157570">
    <ele>61.6</ele>
   </trkpt>
   <trkpt lat="56.2538870" lon="10.1157380">
    <ele>61.4</ele>
   </trkpt>
   <trkpt lat="56.2539550" lon="10.1157180">
    <ele>61.2</ele>
   </trkpt>
   <trkpt lat="56.2540250" lon="10.1156950">
    <ele>60.8</ele>
   </trkpt>
   <trkpt lat="56.2541000" lon="10.1156710">
    <ele>60.4</ele>
   </trkpt>
   <trkpt lat="56.2541790" lon="10.1156430">
    <ele>59.8</ele>
   </trkpt>
   <trkpt lat="56.2542640" lon="10.1156150">
    <ele>59.0</ele>
   </trkpt>
   <trkpt lat="56.2543550" lon="10.1155830">
    <ele>58.2</ele>
   </trkpt>
   <trkpt lat="56.2544480" lon="10.1155450">
    <ele>57.6</ele>
   </trkpt>
   <trkpt lat="56.2545410" lon="10.1155020">
    <ele>56.8</ele>
   </trkpt>
   <trkpt lat="56.2546330" lon="10.1154550">
    <ele>56.4</ele>
   </trkpt>
   <trkpt lat="56.2547230" lon="10.1154040">
    <ele>56.2</ele>
   </trkpt>
   <trkpt lat="56.2548090" lon="10.1153490">
    <ele>56.0</ele>
   </trkpt>
   <trkpt lat="56.2548930" lon="10.1152900">
    <ele>55.8</ele>
   </trkpt>
   <trkpt lat="56.2549760" lon="10.1152290">
    <ele>55.8</ele>
   </trkpt>
   <trkpt lat="56.2550570" lon="10.1151660">
    <ele>56.0</ele>
   </trkpt>
   <trkpt lat="56.2551340" lon="10.1151030">
    <ele>56.0</ele>
   </trkpt>
   <trkpt lat="56.2552080" lon="10.1150420">
    <ele>56.4</ele>
   </trkpt>
   <trkpt lat="56.2552770" lon="10.1149850">
    <ele>56.8</ele>
   </trkpt>
   <trkpt lat="56.2553410" lon="10.1149310">
    <ele>57.4</ele>
   </trkpt>
   <trkpt lat="56.2554000" lon="10.1148820">
    <ele>58.0</ele>
   </trkpt>
   <trkpt lat="56.2554550" lon="10.1148390">
    <ele>58.8</ele>
   </trkpt>
   <trkpt lat="56.2555050" lon="10.1148020">
    <ele>59.6</ele>
   </trkpt>
   <trkpt lat="56.2555530" lon="10.1147710">
    <ele>60.2</ele>
   </trkpt>
   <trkpt lat="56.2556000" lon="10.1147450">
    <ele>60.8</ele>
   </trkpt>
   <trkpt lat="56.2556460" lon="10.1147230">
    <ele>61.2</ele>
   </trkpt>
   <trkpt lat="56.2556930" lon="10.1147030">
    <ele>61.6</ele>
   </trkpt>
   <trkpt lat="56.2557410" lon="10.1146860">
    <ele>62.0</ele>
   </trkpt>
   <trkpt lat="56.2557890" lon="10.1146690">
    <ele>62.4</ele>
   </trkpt>
   <trkpt lat="56.2558390" lon="10.1146520">
    <ele>62.6</ele>
   </trkpt>
   <trkpt lat="56.2558890" lon="10.1146380">
    <ele>62.8</ele>
   </trkpt>
   <trkpt lat="56.2559390" lon="10.1146220">
    <ele>63.0</ele>
   </trkpt>
   <trkpt lat="56.2559870" lon="10.1146080">
    <ele>63.2</ele>
   </trkpt>
   <trkpt lat="56.2560350" lon="10.1145960">
    <ele>63.4</ele>
   </trkpt>
   <trkpt lat="56.2560830" lon="10.1145840">
    <ele>63.8</ele>
   </trkpt>
   <trkpt lat="56.2561310" lon="10.1145720">
    <ele>64.0</ele>
   </trkpt>
   <trkpt lat="56.2561800" lon="10.1145620">
    <ele>64.4</ele>
   </trkpt>
   <trkpt lat="56.2562290" lon="10.1145510">
    <ele>64.6</ele>
   </trkpt>
   <trkpt lat="56.2562770" lon="10.1145370">
    <ele>65.0</ele>
   </trkpt>
   <trkpt lat="56.2563260" lon="10.1145230">
    <ele>65.4</ele>
   </trkpt>
   <trkpt lat="56.2563740" lon="10.1145080">
    <ele>65.8</ele>
   </trkpt>
   <trkpt lat="56.2564220" lon="10.1144920">
    <ele>66.0</ele>
   </trkpt>
   <trkpt lat="56.2564710" lon="10.1144780">
    <ele>66.4</ele>
   </trkpt>
   <trkpt lat="56.2565190" lon="10.1144670">
    <ele>66.6</ele>
   </trkpt>
   <trkpt lat="56.2565670" lon="10.1144560">
    <ele>66.8</ele>
   </trkpt>
   <trkpt lat="56.2566140" lon="10.1144440">
    <ele>67.0</ele>
   </trkpt>
   <trkpt lat="56.2566610" lon="10.1144340">
    <ele>67.2</ele>
   </trkpt>
   <trkpt lat="56.2567080" lon="10.1144240">
    <ele>67.4</ele>
   </trkpt>
   <trkpt lat="56.2567550" lon="10.1144160">
    <ele>67.4</ele>
   </trkpt>
   <trkpt lat="56.2568010" lon="10.1144150">
    <ele>67.4</ele>
   </trkpt>
   <trkpt lat="56.2568490" lon="10.1144190">
    <ele>67.8</ele>
   </trkpt>
   <trkpt lat="56.2568950" lon="10.1144200">
    <ele>68.0</ele>
   </trkpt>
   <trkpt lat="56.2569410" lon="10.1144220">
    <ele>68.0</ele>
   </trkpt>
   <trkpt lat="56.2569880" lon="10.1144240">
    <ele>68.2</ele>
   </trkpt>
   <trkpt lat="56.2570360" lon="10.1144280">
    <ele>68.2</ele>
   </trkpt>
   <trkpt lat="56.2570860" lon="10.1144310">
    <ele>68.2</ele>
   </trkpt>
   <trkpt lat="56.2571340" lon="10.1144350">
    <ele>68.0</ele>
   </trkpt>
   <trkpt lat="56.2571830" lon="10.1144390">
    <ele>67.8</ele>
   </trkpt>
   <trkpt lat="56.2572330" lon="10.1144420">
    <ele>67.6</ele>
   </trkpt>
   <trkpt lat="56.2572840" lon="10.1144440">
    <ele>67.6</ele>
   </trkpt>
   <trkpt lat="56.2573370" lon="10.1144500">
    <ele>67.4</ele>
   </trkpt>
   <trkpt lat="56.2573920" lon="10.1144570">
    <ele>67.4</ele>
   </trkpt>
   <trkpt lat="56.2574450" lon="10.1144660">
    <ele>67.6</ele>
   </trkpt>
   <trkpt lat="56.2574970" lon="10.1144750">
    <ele>67.8</ele>
   </trkpt>
   <trkpt lat="56.2575520" lon="10.1144800">
    <ele>67.8</ele>
   </trkpt>
   <trkpt lat="56.2576090" lon="10.1144880">
    <ele>68.0</ele>
   </trkpt>
   <trkpt lat="56.2576690" lon="10.1144950">
    <ele>68.0</ele>
   </trkpt>
   <trkpt lat="56.2577300" lon="10.1144980">
    <ele>68.0</ele>
   </trkpt>
   <trkpt lat="56.2577920" lon="10.1145020">
    <ele>68.2</ele>
   </trkpt>
   <trkpt lat="56.2578530" lon="10.1145040">
    <ele>68.2</ele>
   </trkpt>
   <trkpt lat="56.2579140" lon="10.1145100">
    <ele>68.2</ele>
   </trkpt>
   <trkpt lat="56.2579750" lon="10.1145170">
    <ele>68.2</ele>
   </trkpt>
   <trkpt lat="56.2580380" lon="10.1145230">
    <ele>68.0</ele>
   </trkpt>
   <trkpt lat="56.2581020" lon="10.1145290">
    <ele>68.0</ele>
   </trkpt>
   <trkpt lat="56.2581670" lon="10.1145320">
    <ele>67.8</ele>
   </trkpt>
   <trkpt lat="56.2582310" lon="10.1145380">
    <ele>67.6</ele>
   </trkpt>
   <trkpt lat="56.2582970" lon="10.1145420">
    <ele>67.6</ele>
   </trkpt>
   <trkpt lat="56.2583620" lon="10.1145450">
    <ele>67.6</ele>
   </trkpt>
   <trkpt lat="56.2584270" lon="10.1145430">
    <ele>67.4</ele>
   </trkpt>
   <trkpt lat="56.2584920" lon="10.1145350">
    <ele>67.6</ele>
   </trkpt>
   <trkpt lat="56.2585580" lon="10.1145180">
    <ele>67.4</ele>
   </trkpt>
   <trkpt lat="56.2586230" lon="10.1144880">
    <ele>67.4</ele>
   </trkpt>
   <trkpt lat="56.2586850" lon="10.1144450">
    <ele>67.2</ele>
   </trkpt>
   <trkpt lat="56.2587450" lon="10.1143860">
    <ele>67.2</ele>
   </trkpt>
   <trkpt lat="56.2588010" lon="10.1143140">
    <ele>67.0</ele>
   </trkpt>
   <trkpt lat="56.2588550" lon="10.1142370">
    <ele>67.0</ele>
   </trkpt>
   <trkpt lat="56.2589090" lon="10.1141590">
    <ele>67.0</ele>
   </trkpt>
   <trkpt lat="56.2589620" lon="10.1140810">
    <ele>67.2</ele>
   </trkpt>
   <trkpt lat="56.2590150" lon="10.1140020">
    <ele>67.2</ele>
   </trkpt>
   <trkpt lat="56.2590670" lon="10.1139220">
    <ele>67.2</ele>
   </trkpt>
   <trkpt lat="56.2591210" lon="10.1138400">
    <ele>67.2</ele>
   </trkpt>
   <trkpt lat="56.2591740" lon="10.1137590">
    <ele>67.2</ele>
   </trkpt>
   <trkpt lat="56.2592300" lon="10.1136800">
    <ele>67.2</ele>
   </trkpt>
   <trkpt lat="56.2592880" lon="10.1135990">
    <ele>67.2</ele>
   </trkpt>
   <trkpt lat="56.2593440" lon="10.1135150">
    <ele>67.2</ele>
   </trkpt>
   <trkpt lat="56.2594010" lon="10.1134300">
    <ele>67.0</ele>
   </trkpt>
   <trkpt lat="56.2594580" lon="10.1133480">
    <ele>66.8</ele>
   </trkpt>
   <trkpt lat="56.2595140" lon="10.1132640">
    <ele>66.6</ele>
   </trkpt>
   <trkpt lat="56.2595700" lon="10.1131800">
    <ele>66.4</ele>
   </trkpt>
   <trkpt lat="56.2596260" lon="10.1130960">
    <ele>66.4</ele>
   </trkpt>
   <trkpt lat="56.2596820" lon="10.1130130">
    <ele>66.4</ele>
   </trkpt>
   <trkpt lat="56.2597380" lon="10.1129290">
    <ele>66.2</ele>
   </trkpt>
   <trkpt lat="56.2597950" lon="10.1128460">
    <ele>66.2</ele>
   </trkpt>
   <trkpt lat="56.2598520" lon="10.1127640">
    <ele>66.4</ele>
   </trkpt>
   <trkpt lat="56.2599090" lon="10.1126810">
    <ele>66.2</ele>
   </trkpt>
   <trkpt lat="56.2599650" lon="10.1125960">
    <ele>66.2</ele>
   </trkpt>
   <trkpt lat="56.2600210" lon="10.1125130">
    <ele>66.2</ele>
   </trkpt>
   <trkpt lat="56.2600780" lon="10.1124290">
    <ele>66.2</ele>
   </trkpt>
   <trkpt lat="56.2601340" lon="10.1123450">
    <ele>66.2</ele>
   </trkpt>
   <trkpt lat="56.2601910" lon="10.1122640">
    <ele>66.2</ele>
   </trkpt>
   <trkpt lat="56.2602490" lon="10.1121820">
    <ele>66.2</ele>
   </trkpt>
   <trkpt lat="56.2603060" lon="10.1120980">
    <ele>66.0</ele>
   </trkpt>
   <trkpt lat="56.2603630" lon="10.1120150">
    <ele>66.0</ele>
   </trkpt>
   <trkpt lat="56.2604190" lon="10.1119320">
    <ele>66.0</ele>
   </trkpt>
   <trkpt lat="56.2604770" lon="10.1118480">
    <ele>65.8</ele>
   </trkpt>
   <trkpt lat="56.2605330" lon="10.1117660">
    <ele>65.8</ele>
   </trkpt>
   <trkpt lat="56.2605890" lon="10.1116840">
    <ele>65.8</ele>
   </trkpt>
   <trkpt lat="56.2606450" lon="10.1116030">
    <ele>65.8</ele>
   </trkpt>
   <trkpt lat="56.2607020" lon="10.1115200">
    <ele>65.6</ele>
   </trkpt>
   <trkpt lat="56.2607580" lon="10.1114380">
    <ele>65.4</ele>
   </trkpt>
   <trkpt lat="56.2608150" lon="10.1113550">
    <ele>65.2</ele>
   </trkpt>
   <trkpt lat="56.2608700" lon="10.1112730">
    <ele>64.8</ele>
   </trkpt>
   <trkpt lat="56.2609260" lon="10.1111910">
    <ele>64.8</ele>
   </trkpt>
   <trkpt lat="56.2609830" lon="10.1111070">
    <ele>64.8</ele>
   </trkpt>
   <trkpt lat="56.2610390" lon="10.1110250">
    <ele>64.6</ele>
   </trkpt>
   <trkpt lat="56.2610950" lon="10.1109430">
    <ele>64.6</ele>
   </trkpt>
   <trkpt lat="56.2611500" lon="10.1108650">
    <ele>64.6</ele>
   </trkpt>
   <trkpt lat="56.2612040" lon="10.1107870">
    <ele>64.4</ele>
   </trkpt>
   <trkpt lat="56.2612570" lon="10.1107100">
    <ele>64.2</ele>
   </trkpt>
   <trkpt lat="56.2613090" lon="10.1106320">
    <ele>64.2</ele>
   </trkpt>
   <trkpt lat="56.2613620" lon="10.1105550">
    <ele>64.2</ele>
   </trkpt>
   <trkpt lat="56.2614140" lon="10.1104800">
    <ele>64.0</ele>
   </trkpt>
   <trkpt lat="56.2614660" lon="10.1104040">
    <ele>64.0</ele>
   </trkpt>
   <trkpt lat="56.2615170" lon="10.1103280">
    <ele>64.2</ele>
   </trkpt>
   <trkpt lat="56.2615680" lon="10.1102530">
    <ele>64.2</ele>
   </trkpt>
   <trkpt lat="56.2616190" lon="10.1101790">
    <ele>64.4</ele>
   </trkpt>
   <trkpt lat="56.2616700" lon="10.1101060">
    <ele>64.4</ele>
   </trkpt>
   <trkpt lat="56.2617210" lon="10.1100340">
    <ele>64.4</ele>
   </trkpt>
   <trkpt lat="56.2617730" lon="10.1099610">
    <ele>64.2</ele>
   </trkpt>
   <trkpt lat="56.2618250" lon="10.1098840">
    <ele>64.2</ele>
   </trkpt>
   <trkpt lat="56.2618760" lon="10.1098070">
    <ele>64.2</ele>
   </trkpt>
   <trkpt lat="56.2619270" lon="10.1097320">
    <ele>64.2</ele>
   </trkpt>
   <trkpt lat="56.2619780" lon="10.1096580">
    <ele>64.2</ele>
   </trkpt>
   <trkpt lat="56.2620300" lon="10.1095840">
    <ele>64.2</ele>
   </trkpt>
   <trkpt lat="56.2620800" lon="10.1095120">
    <ele>64.4</ele>
   </trkpt>
   <trkpt lat="56.2621280" lon="10.1094410">
    <ele>64.4</ele>
   </trkpt>
   <trkpt lat="56.2621760" lon="10.1093710">
    <ele>64.6</ele>
   </trkpt>
   <trkpt lat="56.2622240" lon="10.1093010">
    <ele>64.6</ele>
   </trkpt>
   <trkpt lat="56.2622710" lon="10.1092330">
    <ele>64.8</ele>
   </trkpt>
   <trkpt lat="56.2623180" lon="10.1091660">
    <ele>65.0</ele>
   </trkpt>
   <trkpt lat="56.2623630" lon="10.1090980">
    <ele>65.2</ele>
   </trkpt>
   <trkpt lat="56.2624080" lon="10.1090310">
    <ele>65.2</ele>
   </trkpt>
   <trkpt lat="56.2624540" lon="10.1089630">
    <ele>65.4</ele>
   </trkpt>
   <trkpt lat="56.2625000" lon="10.1088950">
    <ele>65.4</ele>
   </trkpt>
   <trkpt lat="56.2625470" lon="10.1088280">
    <ele>65.4</ele>
   </trkpt>
   <trkpt lat="56.2625920" lon="10.1087590">
    <ele>65.4</ele>
   </trkpt>
   <trkpt lat="56.2626380" lon="10.1086910">
    <ele>65.6</ele>
   </trkpt>
   <trkpt lat="56.2626830" lon="10.1086240">
    <ele>65.6</ele>
   </trkpt>
   <trkpt lat="56.2627280" lon="10.1085570">
    <ele>65.6</ele>
   </trkpt>
   <trkpt lat="56.2627740" lon="10.1084910">
    <ele>65.6</ele>
   </trkpt>
   <trkpt lat="56.2628210" lon="10.1084250">
    <ele>65.8</ele>
   </trkpt>
   <trkpt lat="56.2628670" lon="10.1083580">
    <ele>65.8</ele>
   </trkpt>
   <trkpt lat="56.2629130" lon="10.1082900">
    <ele>65.8</ele>
   </trkpt>
   <trkpt lat="56.2629590" lon="10.1082230">
    <ele>65.8</ele>
   </trkpt>
   <trkpt lat="56.2630060" lon="10.1081560">
    <ele>65.8</ele>
   </trkpt>
   <trkpt lat="56.2630510" lon="10.1080880">
    <ele>65.8</ele>
   </trkpt>
   <trkpt lat="56.2630970" lon="10.1080230">
    <ele>65.8</ele>
   </trkpt>
   <trkpt lat="56.2631410" lon="10.1079570">
    <ele>65.8</ele>
   </trkpt>
   <trkpt lat="56.2631870" lon="10.1078900">
    <ele>65.8</ele>
   </trkpt>
   <trkpt lat="56.2632320" lon="10.1078240">
    <ele>65.8</ele>
   </trkpt>
   <trkpt lat="56.2632760" lon="10.1077590">
    <ele>66.0</ele>
   </trkpt>
   <trkpt lat="56.2633220" lon="10.1076960">
    <ele>66.0</ele>
   </trkpt>
   <trkpt lat="56.2633660" lon="10.1076320">
    <ele>66.2</ele>
   </trkpt>
   <trkpt lat="56.2634110" lon="10.1075690">
    <ele>66.2</ele>
   </trkpt>
   <trkpt lat="56.2634570" lon="10.1075050">
    <ele>66.4</ele>
   </trkpt>
   <trkpt lat="56.2635010" lon="10.1074390">
    <ele>66.4</ele>
   </trkpt>
   <trkpt lat="56.2635470" lon="10.1073730">
    <ele>66.4</ele>
   </trkpt>
   <trkpt lat="56.2635930" lon="10.1073060">
    <ele>66.4</ele>
   </trkpt>
   <trkpt lat="56.2636380" lon="10.1072400">
    <ele>66.4</ele>
   </trkpt>
   <trkpt lat="56.2636830" lon="10.1071740">
    <ele>66.6</ele>
   </trkpt>
   <trkpt lat="56.2637280" lon="10.1071070">
    <ele>66.6</ele>
   </trkpt>
   <trkpt lat="56.2637730" lon="10.1070410">
    <ele>66.6</ele>
   </trkpt>
   <trkpt lat="56.2638190" lon="10.1069750">
    <ele>66.8</ele>
   </trkpt>
   <trkpt lat="56.2638640" lon="10.1069090">
    <ele>67.0</ele>
   </trkpt>
   <trkpt lat="56.2639100" lon="10.1068440">
    <ele>67.0</ele>
   </trkpt>
   <trkpt lat="56.2639530" lon="10.1067790">
    <ele>67.0</ele>
   </trkpt>
   <trkpt lat="56.2639970" lon="10.1067120">
    <ele>67.2</ele>
   </trkpt>
   <trkpt lat="56.2640400" lon="10.1066460">
    <ele>67.2</ele>
   </trkpt>
   <trkpt lat="56.2640830" lon="10.1065800">
    <ele>67.2</ele>
   </trkpt>
   <trkpt lat="56.2641270" lon="10.1065160">
    <ele>67.4</ele>
   </trkpt>
   <trkpt lat="56.2641730" lon="10.1064540">
    <ele>67.4</ele>
   </trkpt>
   <trkpt lat="56.2642200" lon="10.1063900">
    <ele>67.4</ele>
   </trkpt>
   <trkpt lat="56.2642670" lon="10.1063280">
    <ele>67.4</ele>
   </trkpt>
   <trkpt lat="56.2643130" lon="10.1062650">
    <ele>67.2</ele>
   </trkpt>
   <trkpt lat="56.2643580" lon="10.1062020">
    <ele>67.0</ele>
   </trkpt>
   <trkpt lat="56.2644030" lon="10.1061430">
    <ele>66.8</ele>
   </trkpt>
   <trkpt lat="56.2644480" lon="10.1060850">
    <ele>66.8</ele>
   </trkpt>
   <trkpt lat="56.2644920" lon="10.1060240">
    <ele>66.6</ele>
   </trkpt>
   <trkpt lat="56.2645360" lon="10.1059650">
    <ele>66.6</ele>
   </trkpt>
   <trkpt lat="56.2645800" lon="10.1059040">
    <ele>66.6</ele>
   </trkpt>
   <trkpt lat="56.2646230" lon="10.1058420">
    <ele>66.6</ele>
   </trkpt>
   <trkpt lat="56.2646650" lon="10.1057770">
    <ele>66.8</ele>
   </trkpt>
   <trkpt lat="56.2647080" lon="10.1057110">
    <ele>66.8</ele>
   </trkpt>
   <trkpt lat="56.2647520" lon="10.1056450">
    <ele>67.2</ele>
   </trkpt>
   <trkpt lat="56.2647970" lon="10.1055800">
    <ele>67.4</ele>
   </trkpt>
   <trkpt lat="56.2648430" lon="10.1055140">
    <ele>67.4</ele>
   </trkpt>
   <trkpt lat="56.2648870" lon="10.1054460">
    <ele>67.6</ele>
   </trkpt>
   <trkpt lat="56.2649340" lon="10.1053780">
    <ele>67.8</ele>
   </trkpt>
   <trkpt lat="56.2649790" lon="10.1053100">
    <ele>68.0</ele>
   </trkpt>
   <trkpt lat="56.2650250" lon="10.1052410">
    <ele>68.2</ele>
   </trkpt>
   <trkpt lat="56.2650720" lon="10.1051750">
    <ele>68.4</ele>
   </trkpt>
   <trkpt lat="56.2651180" lon="10.1051080">
    <ele>68.2</ele>
   </trkpt>
   <trkpt lat="56.2651630" lon="10.1050410">
    <ele>68.4</ele>
   </trkpt>
   <trkpt lat="56.2652100" lon="10.1049740">
    <ele>68.2</ele>
   </trkpt>
   <trkpt lat="56.2652570" lon="10.1049080">
    <ele>68.2</ele>
   </trkpt>
   <trkpt lat="56.2653030" lon="10.1048410">
    <ele>68.2</ele>
   </trkpt>
   <trkpt lat="56.2653470" lon="10.1047720">
    <ele>68.2</ele>
   </trkpt>
   <trkpt lat="56.2653930" lon="10.1047020">
    <ele>68.2</ele>
   </trkpt>
   <trkpt lat="56.2654400" lon="10.1046300">
    <ele>68.2</ele>
   </trkpt>
   <trkpt lat="56.2654870" lon="10.1045590">
    <ele>68.2</ele>
   </trkpt>
   <trkpt lat="56.2655360" lon="10.1044880">
    <ele>68.4</ele>
   </trkpt>
   <trkpt lat="56.2655860" lon="10.1044130">
    <ele>68.6</ele>
   </trkpt>
   <trkpt lat="56.2656380" lon="10.1043380">
    <ele>68.6</ele>
   </trkpt>
   <trkpt lat="56.2656920" lon="10.1042610">
    <ele>68.6</ele>
   </trkpt>
   <trkpt lat="56.2657450" lon="10.1041840">
    <ele>68.4</ele>
   </trkpt>
   <trkpt lat="56.2658000" lon="10.1041070">
    <ele>68.2</ele>
   </trkpt>
   <trkpt lat="56.2658540" lon="10.1040310">
    <ele>68.0</ele>
   </trkpt>
   <trkpt lat="56.2659090" lon="10.1039540">
    <ele>67.6</ele>
   </trkpt>
   <trkpt lat="56.2659620" lon="10.1038790">
    <ele>67.4</ele>
   </trkpt>
   <trkpt lat="56.2660140" lon="10.1038030">
    <ele>67.0</ele>
   </trkpt>
   <trkpt lat="56.2660650" lon="10.1037260">
    <ele>66.8</ele>
   </trkpt>
   <trkpt lat="56.2661180" lon="10.1036500">
    <ele>66.4</ele>
   </trkpt>
   <trkpt lat="56.2661710" lon="10.1035730">
    <ele>66.2</ele>
   </trkpt>
   <trkpt lat="56.2662250" lon="10.1034960">
    <ele>65.8</ele>
   </trkpt>
   <trkpt lat="56.2662790" lon="10.1034180">
    <ele>65.8</ele>
   </trkpt>
   <trkpt lat="56.2663320" lon="10.1033390">
    <ele>65.6</ele>
   </trkpt>
   <trkpt lat="56.2663860" lon="10.1032610">
    <ele>65.6</ele>
   </trkpt>
   <trkpt lat="56.2664390" lon="10.1031810">
    <ele>65.6</ele>
   </trkpt>
   <trkpt lat="56.2664920" lon="10.1030990">
    <ele>65.6</ele>
   </trkpt>
   <trkpt lat="56.2665460" lon="10.1030190">
    <ele>65.6</ele>
   </trkpt>
   <trkpt lat="56.2666020" lon="10.1029400">
    <ele>65.6</ele>
   </trkpt>
   <trkpt lat="56.2666580" lon="10.1028590">
    <ele>65.6</ele>
   </trkpt>
   <trkpt lat="56.2667140" lon="10.1027780">
    <ele>65.6</ele>
   </trkpt>
   <trkpt lat="56.2667690" lon="10.1026950">
    <ele>65.6</ele>
   </trkpt>
   <trkpt lat="56.2668250" lon="10.1026120">
    <ele>65.6</ele>
   </trkpt>
   <trkpt lat="56.2668830" lon="10.1025270">
    <ele>65.6</ele>
   </trkpt>
   <trkpt lat="56.2669400" lon="10.1024410">
    <ele>65.6</ele>
   </trkpt>
   <trkpt lat="56.2669970" lon="10.1023580">
    <ele>65.8</ele>
   </trkpt>
   <trkpt lat="56.2670560" lon="10.1022760">
    <ele>65.8</ele>
   </trkpt>
   <trkpt lat="56.2671110" lon="10.1021930">
    <ele>65.6</ele>
   </trkpt>
   <trkpt lat="56.2671670" lon="10.1021110">
    <ele>65.6</ele>
   </trkpt>
   <trkpt lat="56.2672220" lon="10.1020300">
    <ele>65.6</ele>
   </trkpt>
   <trkpt lat="56.2672770" lon="10.1019500">
    <ele>65.4</ele>
   </trkpt>
   <trkpt lat="56.2673310" lon="10.1018700">
    <ele>65.4</ele>
   </trkpt>
   <trkpt lat="56.2673850" lon="10.1017880">
    <ele>65.2</ele>
   </trkpt>
   <trkpt lat="56.2674390" lon="10.1017060">
    <ele>65.0</ele>
   </trkpt>
   <trkpt lat="56.2674920" lon="10.1016230">
    <ele>64.8</ele>
   </trkpt>
   <trkpt lat="56.2675450" lon="10.1015400">
    <ele>64.8</ele>
   </trkpt>
   <trkpt lat="56.2676010" lon="10.1014630">
    <ele>64.6</ele>
   </trkpt>
   <trkpt lat="56.2676610" lon="10.1014010">
    <ele>64.4</ele>
   </trkpt>
   <trkpt lat="56.2677260" lon="10.1013570">
    <ele>64.2</ele>
   </trkpt>
   <trkpt lat="56.2677960" lon="10.1013340">
    <ele>64.0</ele>
   </trkpt>
   <trkpt lat="56.2678670" lon="10.1013390">
    <ele>63.8</ele>
   </trkpt>
   <trkpt lat="56.2679410" lon="10.1013580">
    <ele>63.4</ele>
   </trkpt>
   <trkpt lat="56.2680190" lon="10.1013830">
    <ele>63.0</ele>
   </trkpt>
   <trkpt lat="56.2680980" lon="10.1014060">
    <ele>62.4</ele>
   </trkpt>
   <trkpt lat="56.2681800" lon="10.1014190">
    <ele>61.8</ele>
   </trkpt>
   <trkpt lat="56.2682620" lon="10.1014240">
    <ele>61.4</ele>
   </trkpt>
   <trkpt lat="56.2683450" lon="10.1014220">
    <ele>61.0</ele>
   </trkpt>
   <trkpt lat="56.2684260" lon="10.1014170">
    <ele>60.8</ele>
   </trkpt>
   <trkpt lat="56.2685030" lon="10.1014170">
    <ele>60.6</ele>
   </trkpt>
   <trkpt lat="56.2685680" lon="10.1014260">
    <ele>60.6</ele>
   </trkpt>
   <trkpt lat="56.2686140" lon="10.1014370">
    <ele>60.8</ele>
   </trkpt>
   <trkpt lat="56.2686450" lon="10.1014510">
    <ele>60.8</ele>
   </trkpt>
   <trkpt lat="56.2686690" lon="10.1014570">
    <ele>60.8</ele>
   </trkpt>
   <trkpt lat="56.2686950" lon="10.1014420">
    <ele>60.8</ele>
   </trkpt>
   <trkpt lat="56.2687190" lon="10.1014010">
    <ele>60.8</ele>
   </trkpt>
   <trkpt lat="56.2687400" lon="10.1013400">
    <ele>60.6</ele>
   </trkpt>
   <trkpt lat="56.2687600" lon="10.1012630">
    <ele>60.4</ele>
   </trkpt>
   <trkpt lat="56.2687780" lon="10.1011740">
    <ele>60.2</ele>
   </trkpt>
   <trkpt lat="56.2687970" lon="10.1010810">
    <ele>60.0</ele>
   </trkpt>
   <trkpt lat="56.2688160" lon="10.1009830">
    <ele>59.6</ele>
   </trkpt>
   <trkpt lat="56.2688370" lon="10.1008810">
    <ele>59.2</ele>
   </trkpt>
   <trkpt lat="56.2688570" lon="10.1007790">
    <ele>59.0</ele>
   </trkpt>
   <trkpt lat="56.2688790" lon="10.1006740">
    <ele>58.8</ele>
   </trkpt>
   <trkpt lat="56.2689000" lon="10.1005680">
    <ele>58.6</ele>
   </trkpt>
   <trkpt lat="56.2689220" lon="10.1004630">
    <ele>58.4</ele>
   </trkpt>
   <trkpt lat="56.2689430" lon="10.1003530">
    <ele>58.4</ele>
   </trkpt>
   <trkpt lat="56.2689650" lon="10.1002420">
    <ele>58.2</ele>
   </trkpt>
   <trkpt lat="56.2689880" lon="10.1001280">
    <ele>58.0</ele>
   </trkpt>
   <trkpt lat="56.2690110" lon="10.1000150">
    <ele>58.0</ele>
   </trkpt>
   <trkpt lat="56.2690350" lon="10.0999010">
    <ele>58.0</ele>
   </trkpt>
   <trkpt lat="56.2690580" lon="10.0997850">
    <ele>57.8</ele>
   </trkpt>
   <trkpt lat="56.2690800" lon="10.0996690">
    <ele>57.6</ele>
   </trkpt>
   <trkpt lat="56.2691040" lon="10.0995510">
    <ele>57.6</ele>
   </trkpt>
   <trkpt lat="56.2691280" lon="10.0994340">
    <ele>57.2</ele>
   </trkpt>
   <trkpt lat="56.2691510" lon="10.0993180">
    <ele>56.8</ele>
   </trkpt>
   <trkpt lat="56.2691710" lon="10.0992030">
    <ele>56.6</ele>
   </trkpt>
   <trkpt lat="56.2691910" lon="10.0990850">
    <ele>56.4</ele>
   </trkpt>
   <trkpt lat="56.2692100" lon="10.0989660">
    <ele>56.4</ele>
   </trkpt>
   <trkpt lat="56.2692230" lon="10.0988420">
    <ele>56.2</ele>
   </trkpt>
   <trkpt lat="56.2692290" lon="10.0987150">
    <ele>56.2</ele>
   </trkpt>
   <trkpt lat="56.2692390" lon="10.0985900">
    <ele>56.0</ele>
   </trkpt>
   <trkpt lat="56.2692670" lon="10.0984790">
    <ele>55.8</ele>
   </trkpt>
   <trkpt lat="56.2693100" lon="10.0983780">
    <ele>55.6</ele>
   </trkpt>
   <trkpt lat="56.2693560" lon="10.0982790">
    <ele>55.6</ele>
   </trkpt>
   <trkpt lat="56.2694000" lon="10.0981760">
    <ele>55.4</ele>
   </trkpt>
   <trkpt lat="56.2694390" lon="10.0980670">
    <ele>55.4</ele>
   </trkpt>
   <trkpt lat="56.2694730" lon="10.0979530">
    <ele>55.2</ele>
   </trkpt>
   <trkpt lat="56.2695000" lon="10.0978360">
    <ele>55.2</ele>
   </trkpt>
   <trkpt lat="56.2695240" lon="10.0977170">
    <ele>55.0</ele>
   </trkpt>
   <trkpt lat="56.2695440" lon="10.0975980">
    <ele>54.8</ele>
   </trkpt>
   <trkpt lat="56.2695600" lon="10.0974800">
    <ele>54.8</ele>
   </trkpt>
   <trkpt lat="56.2695730" lon="10.0973600">
    <ele>55.0</ele>
   </trkpt>
   <trkpt lat="56.2695860" lon="10.0972390">
    <ele>54.8</ele>
   </trkpt>
   <trkpt lat="56.2695970" lon="10.0971170">
    <ele>55.0</ele>
   </trkpt>
   <trkpt lat="56.2696100" lon="10.0969960">
    <ele>55.0</ele>
   </trkpt>
   <trkpt lat="56.2696220" lon="10.0968740">
    <ele>54.8</ele>
   </trkpt>
   <trkpt lat="56.2696310" lon="10.0967530">
    <ele>54.6</ele>
   </trkpt>
   <trkpt lat="56.2696370" lon="10.0966310">
    <ele>54.4</ele>
   </trkpt>
   <trkpt lat="56.2696410" lon="10.0965090">
    <ele>54.4</ele>
   </trkpt>
   <trkpt lat="56.2696440" lon="10.0963860">
    <ele>54.4</ele>
   </trkpt>
   <trkpt lat="56.2696470" lon="10.0962610">
    <ele>54.4</ele>
   </trkpt>
   <trkpt lat="56.2696480" lon="10.0961370">
    <ele>54.2</ele>
   </trkpt>
   <trkpt lat="56.2696480" lon="10.0960110">
    <ele>54.2</ele>
   </trkpt>
   <trkpt lat="56.2696470" lon="10.0958820">
    <ele>54.0</ele>
   </trkpt>
   <trkpt lat="56.2696430" lon="10.0957570">
    <ele>53.8</ele>
   </trkpt>
   <trkpt lat="56.2696340" lon="10.0956330">
    <ele>53.8</ele>
   </trkpt>
   <trkpt lat="56.2696220" lon="10.0955100">
    <ele>53.6</ele>
   </trkpt>
   <trkpt lat="56.2696070" lon="10.0953870">
    <ele>53.6</ele>
   </trkpt>
   <trkpt lat="56.2695870" lon="10.0952650">
    <ele>53.4</ele>
   </trkpt>
   <trkpt lat="56.2695660" lon="10.0951410">
    <ele>53.2</ele>
   </trkpt>
   <trkpt lat="56.2695450" lon="10.0950140">
    <ele>53.0</ele>
   </trkpt>
   <trkpt lat="56.2695220" lon="10.0948870">
    <ele>52.8</ele>
   </trkpt>
   <trkpt lat="56.2695010" lon="10.0947590">
    <ele>52.6</ele>
   </trkpt>
   <trkpt lat="56.2694850" lon="10.0946290">
    <ele>52.2</ele>
   </trkpt>
   <trkpt lat="56.2694770" lon="10.0944980">
    <ele>52.2</ele>
   </trkpt>
   <trkpt lat="56.2694740" lon="10.0943670">
    <ele>52.0</ele>
   </trkpt>
   <trkpt lat="56.2694750" lon="10.0942380">
    <ele>51.6</ele>
   </trkpt>
   <trkpt lat="56.2694800" lon="10.0941120">
    <ele>51.4</ele>
   </trkpt>
   <trkpt lat="56.2694880" lon="10.0939850">
    <ele>51.0</ele>
   </trkpt>
   <trkpt lat="56.2694990" lon="10.0938570">
    <ele>50.6</ele>
   </trkpt>
   <trkpt lat="56.2695080" lon="10.0937290">
    <ele>50.2</ele>
   </trkpt>
   <trkpt lat="56.2695170" lon="10.0936010">
    <ele>49.8</ele>
   </trkpt>
   <trkpt lat="56.2695250" lon="10.0934730">
    <ele>49.6</ele>
   </trkpt>
   <trkpt lat="56.2695300" lon="10.0933460">
    <ele>49.4</ele>
   </trkpt>
   <trkpt lat="56.2695320" lon="10.0932130">
    <ele>49.2</ele>
   </trkpt>
   <trkpt lat="56.2695340" lon="10.0930780">
    <ele>49.2</ele>
   </trkpt>
   <trkpt lat="56.2695350" lon="10.0929400">
    <ele>48.8</ele>
   </trkpt>
   <trkpt lat="56.2695380" lon="10.0927980">
    <ele>48.4</ele>
   </trkpt>
   <trkpt lat="56.2695460" lon="10.0926510">
    <ele>47.8</ele>
   </trkpt>
   <trkpt lat="56.2695590" lon="10.0925010">
    <ele>47.0</ele>
   </trkpt>
   <trkpt lat="56.2695810" lon="10.0923520">
    <ele>46.2</ele>
   </trkpt>
   <trkpt lat="56.2696120" lon="10.0922070">
    <ele>45.4</ele>
   </trkpt>
   <trkpt lat="56.2696500" lon="10.0920670">
    <ele>44.6</ele>
   </trkpt>
   <trkpt lat="56.2696920" lon="10.0919300">
    <ele>44.0</ele>
   </trkpt>
   <trkpt lat="56.2697340" lon="10.0917980">
    <ele>43.4</ele>
   </trkpt>
   <trkpt lat="56.2697770" lon="10.0916680">
    <ele>43.0</ele>
   </trkpt>
   <trkpt lat="56.2698180" lon="10.0915410">
    <ele>42.8</ele>
   </trkpt>
   <trkpt lat="56.2698590" lon="10.0914150">
    <ele>42.6</ele>
   </trkpt>
   <trkpt lat="56.2699000" lon="10.0912920">
    <ele>42.2</ele>
   </trkpt>
   <trkpt lat="56.2699410" lon="10.0911720">
    <ele>42.2</ele>
   </trkpt>
   <trkpt lat="56.2699830" lon="10.0910570">
    <ele>42.0</ele>
   </trkpt>
   <trkpt lat="56.2700270" lon="10.0909470">
    <ele>42.0</ele>
   </trkpt>
   <trkpt lat="56.2700720" lon="10.0908420">
    <ele>42.0</ele>
   </trkpt>
   <trkpt lat="56.2701200" lon="10.0907390">
    <ele>42.2</ele>
   </trkpt>
   <trkpt lat="56.2701690" lon="10.0906340">
    <ele>42.2</ele>
   </trkpt>
   <trkpt lat="56.2702160" lon="10.0905290">
    <ele>42.4</ele>
   </trkpt>
   <trkpt lat="56.2702640" lon="10.0904270">
    <ele>42.4</ele>
   </trkpt>
   <trkpt lat="56.2703120" lon="10.0903250">
    <ele>42.4</ele>
   </trkpt>
   <trkpt lat="56.2703610" lon="10.0902220">
    <ele>42.4</ele>
   </trkpt>
   <trkpt lat="56.2704090" lon="10.0901190">
    <ele>42.4</ele>
   </trkpt>
   <trkpt lat="56.2704560" lon="10.0900150">
    <ele>42.2</ele>
   </trkpt>
   <trkpt lat="56.2705040" lon="10.0899110">
    <ele>42.2</ele>
   </trkpt>
   <trkpt lat="56.2705530" lon="10.0898090">
    <ele>42.2</ele>
   </trkpt>
   <trkpt lat="56.2706020" lon="10.0897130">
    <ele>42.0</ele>
   </trkpt>
   <trkpt lat="56.2706500" lon="10.0896150">
    <ele>41.8</ele>
   </trkpt>
   <trkpt lat="56.2707010" lon="10.0895190">
    <ele>41.6</ele>
   </trkpt>
   <trkpt lat="56.2707550" lon="10.0894280">
    <ele>41.4</ele>
   </trkpt>
   <trkpt lat="56.2708120" lon="10.0893440">
    <ele>41.4</ele>
   </trkpt>
   <trkpt lat="56.2708710" lon="10.0892640">
    <ele>41.2</ele>
   </trkpt>
   <trkpt lat="56.2709330" lon="10.0891910">
    <ele>41.2</ele>
   </trkpt>
   <trkpt lat="56.2709980" lon="10.0891190">
    <ele>41.2</ele>
   </trkpt>
   <trkpt lat="56.2710640" lon="10.0890500">
    <ele>41.0</ele>
   </trkpt>
   <trkpt lat="56.2711310" lon="10.0889820">
    <ele>41.0</ele>
   </trkpt>
   <trkpt lat="56.2711980" lon="10.0889160">
    <ele>40.8</ele>
   </trkpt>
   <trkpt lat="56.2712660" lon="10.0888460">
    <ele>40.6</ele>
   </trkpt>
   <trkpt lat="56.2713340" lon="10.0887750">
    <ele>40.4</ele>
   </trkpt>
   <trkpt lat="56.2714020" lon="10.0887030">
    <ele>40.2</ele>
   </trkpt>
   <trkpt lat="56.2714710" lon="10.0886330">
    <ele>40.0</ele>
   </trkpt>
   <trkpt lat="56.2715390" lon="10.0885630">
    <ele>40.0</ele>
   </trkpt>
   <trkpt lat="56.2716080" lon="10.0884890">
    <ele>39.8</ele>
   </trkpt>
   <trkpt lat="56.2716770" lon="10.0884190">
    <ele>39.6</ele>
   </trkpt>
   <trkpt lat="56.2717460" lon="10.0883480">
    <ele>39.4</ele>
   </trkpt>
   <trkpt lat="56.2718160" lon="10.0882750">
    <ele>39.2</ele>
   </trkpt>
   <trkpt lat="56.2718860" lon="10.0881990">
    <ele>39.0</ele>
   </trkpt>
   <trkpt lat="56.2719580" lon="10.0881230">
    <ele>38.8</ele>
   </trkpt>
   <trkpt lat="56.2720320" lon="10.0880450">
    <ele>38.4</ele>
   </trkpt>
   <trkpt lat="56.2721070" lon="10.0879680">
    <ele>38.2</ele>
   </trkpt>
   <trkpt lat="56.2721840" lon="10.0878890">
    <ele>37.8</ele>
   </trkpt>
   <trkpt lat="56.2722610" lon="10.0878080">
    <ele>37.6</ele>
   </trkpt>
   <trkpt lat="56.2723390" lon="10.0877260">
    <ele>37.2</ele>
   </trkpt>
   <trkpt lat="56.2724170" lon="10.0876450">
    <ele>37.0</ele>
   </trkpt>
   <trkpt lat="56.2724950" lon="10.0875620">
    <ele>36.8</ele>
   </trkpt>
   <trkpt lat="56.2725740" lon="10.0874790">
    <ele>36.6</ele>
   </trkpt>
   <trkpt lat="56.2726540" lon="10.0873960">
    <ele>36.4</ele>
   </trkpt>
   <trkpt lat="56.2727330" lon="10.0873150">
    <ele>36.2</ele>
   </trkpt>
   <trkpt lat="56.2728100" lon="10.0872380">
    <ele>36.0</ele>
   </trkpt>
   <trkpt lat="56.2728860" lon="10.0871600">
    <ele>35.8</ele>
   </trkpt>
   <trkpt lat="56.2729610" lon="10.0870830">
    <ele>35.8</ele>
   </trkpt>
   <trkpt lat="56.2730350" lon="10.0870040">
    <ele>35.6</ele>
   </trkpt>
   <trkpt lat="56.2731110" lon="10.0869260">
    <ele>35.4</ele>
   </trkpt>
   <trkpt lat="56.2731870" lon="10.0868470">
    <ele>35.2</ele>
   </trkpt>
   <trkpt lat="56.2732610" lon="10.0867680">
    <ele>35.0</ele>
   </trkpt>
   <trkpt lat="56.2733360" lon="10.0866860">
    <ele>34.6</ele>
   </trkpt>
   <trkpt lat="56.2734140" lon="10.0866030">
    <ele>34.2</ele>
   </trkpt>
   <trkpt lat="56.2734920" lon="10.0865180">
    <ele>33.6</ele>
   </trkpt>
   <trkpt lat="56.2735700" lon="10.0864320">
    <ele>33.0</ele>
   </trkpt>
   <trkpt lat="56.2736480" lon="10.0863420">
    <ele>32.4</ele>
   </trkpt>
   <trkpt lat="56.2737240" lon="10.0862470">
    <ele>31.8</ele>
   </trkpt>
   <trkpt lat="56.2737960" lon="10.0861430">
    <ele>31.2</ele>
   </trkpt>
   <trkpt lat="56.2738620" lon="10.0860300">
    <ele>30.6</ele>
   </trkpt>
   <trkpt lat="56.2739210" lon="10.0859050">
    <ele>30.2</ele>
   </trkpt>
   <trkpt lat="56.2739760" lon="10.0857680">
    <ele>29.8</ele>
   </trkpt>
   <trkpt lat="56.2740240" lon="10.0856200">
    <ele>29.4</ele>
   </trkpt>
   <trkpt lat="56.2740600" lon="10.0854590">
    <ele>29.0</ele>
   </trkpt>
   <trkpt lat="56.2740860" lon="10.0852910">
    <ele>28.6</ele>
   </trkpt>
   <trkpt lat="56.2741000" lon="10.0851200">
    <ele>27.8</ele>
   </trkpt>
   <trkpt lat="56.2741050" lon="10.0849480">
    <ele>27.4</ele>
   </trkpt>
   <trkpt lat="56.2741050" lon="10.0847790">
    <ele>26.8</ele>
   </trkpt>
   <trkpt lat="56.2741000" lon="10.0846160">
    <ele>26.4</ele>
   </trkpt>
   <trkpt lat="56.2740890" lon="10.0844570">
    <ele>26.0</ele>
   </trkpt>
   <trkpt lat="56.2740780" lon="10.0843030">
    <ele>26.0</ele>
   </trkpt>
   <trkpt lat="56.2740670" lon="10.0841520">
    <ele>26.0</ele>
   </trkpt>
   <trkpt lat="56.2740540" lon="10.0840030">
    <ele>26.0</ele>
   </trkpt>
   <trkpt lat="56.2740400" lon="10.0838570">
    <ele>26.4</ele>
   </trkpt>
   <trkpt lat="56.2740240" lon="10.0837130">
    <ele>26.6</ele>
   </trkpt>
   <trkpt lat="56.2740110" lon="10.0835710">
    <ele>26.8</ele>
   </trkpt>
   <trkpt lat="56.2739960" lon="10.0834270">
    <ele>26.8</ele>
   </trkpt>
   <trkpt lat="56.2739830" lon="10.0832870">
    <ele>27.0</ele>
   </trkpt>
   <trkpt lat="56.2739700" lon="10.0831500">
    <ele>26.8</ele>
   </trkpt>
   <trkpt lat="56.2739560" lon="10.0830140">
    <ele>26.8</ele>
   </trkpt>
   <trkpt lat="56.2739430" lon="10.0828790">
    <ele>26.8</ele>
   </trkpt>
   <trkpt lat="56.2739290" lon="10.0827430">
    <ele>26.8</ele>
   </trkpt>
   <trkpt lat="56.2739170" lon="10.0826070">
    <ele>26.6</ele>
   </trkpt>
   <trkpt lat="56.2739030" lon="10.0824720">
    <ele>26.6</ele>
   </trkpt>
   <trkpt lat="56.2738890" lon="10.0823360">
    <ele>26.4</ele>
   </trkpt>
   <trkpt lat="56.2738770" lon="10.0822020">
    <ele>26.4</ele>
   </trkpt>
   <trkpt lat="56.2738650" lon="10.0820710">
    <ele>26.4</ele>
   </trkpt>
   <trkpt lat="56.2738530" lon="10.0819370">
    <ele>26.2</ele>
   </trkpt>
   <trkpt lat="56.2738420" lon="10.0818050">
    <ele>26.0</ele>
   </trkpt>
   <trkpt lat="56.2738310" lon="10.0816750">
    <ele>25.6</ele>
   </trkpt>
   <trkpt lat="56.2738200" lon="10.0815440">
    <ele>25.4</ele>
   </trkpt>
   <trkpt lat="56.2738080" lon="10.0814150">
    <ele>25.2</ele>
   </trkpt>
   <trkpt lat="56.2737970" lon="10.0812880">
    <ele>25.2</ele>
   </trkpt>
   <trkpt lat="56.2737870" lon="10.0811580">
    <ele>25.4</ele>
   </trkpt>
   <trkpt lat="56.2737760" lon="10.0810260">
    <ele>25.4</ele>
   </trkpt>
   <trkpt lat="56.2737640" lon="10.0808930">
    <ele>25.4</ele>
   </trkpt>
   <trkpt lat="56.2737500" lon="10.0807640">
    <ele>25.2</ele>
   </trkpt>
   <trkpt lat="56.2737350" lon="10.0806330">
    <ele>25.0</ele>
   </trkpt>
   <trkpt lat="56.2737190" lon="10.0804990">
    <ele>24.8</ele>
   </trkpt>
   <trkpt lat="56.2737020" lon="10.0803650">
    <ele>24.8</ele>
   </trkpt>
   <trkpt lat="56.2736850" lon="10.0802310">
    <ele>24.6</ele>
   </trkpt>
   <trkpt lat="56.2736670" lon="10.0800950">
    <ele>24.6</ele>
   </trkpt>
   <trkpt lat="56.2736520" lon="10.0799580">
    <ele>24.6</ele>
   </trkpt>
   <trkpt lat="56.2736410" lon="10.0798200">
    <ele>24.4</ele>
   </trkpt>
   <trkpt lat="56.2736330" lon="10.0796830">
    <ele>24.4</ele>
   </trkpt>
   <trkpt lat="56.2736290" lon="10.0795490">
    <ele>24.2</ele>
   </trkpt>
   <trkpt lat="56.2736290" lon="10.0794210">
    <ele>24.2</ele>
   </trkpt>
   <trkpt lat="56.2736290" lon="10.0792980">
    <ele>24.4</ele>
   </trkpt>
   <trkpt lat="56.2736310" lon="10.0791800">
    <ele>24.4</ele>
   </trkpt>
   <trkpt lat="56.2736410" lon="10.0790730">
    <ele>24.6</ele>
   </trkpt>
   <trkpt lat="56.2736690" lon="10.0789840">
    <ele>24.6</ele>
   </trkpt>
   <trkpt lat="56.2737160" lon="10.0789170">
    <ele>24.6</ele>
   </trkpt>
   <trkpt lat="56.2737750" lon="10.0788670">
    <ele>24.6</ele>
   </trkpt>
   <trkpt lat="56.2738380" lon="10.0788180">
    <ele>24.6</ele>
   </trkpt>
   <trkpt lat="56.2739030" lon="10.0787580">
    <ele>24.4</ele>
   </trkpt>
   <trkpt lat="56.2739650" lon="10.0786840">
    <ele>24.0</ele>
   </trkpt>
   <trkpt lat="56.2740260" lon="10.0786060">
    <ele>23.6</ele>
   </trkpt>
   <trkpt lat="56.2740860" lon="10.0785250">
    <ele>23.4</ele>
   </trkpt>
   <trkpt lat="56.2741480" lon="10.0784450">
    <ele>23.2</ele>
   </trkpt>
   <trkpt lat="56.2742090" lon="10.0783630">
    <ele>23.0</ele>
   </trkpt>
   <trkpt lat="56.2742720" lon="10.0782810">
    <ele>22.8</ele>
   </trkpt>
   <trkpt lat="56.2743340" lon="10.0782010">
    <ele>22.8</ele>
   </trkpt>
   <trkpt lat="56.2743950" lon="10.0781270">
    <ele>22.8</ele>
   </trkpt>
   <trkpt lat="56.2744590" lon="10.0780650">
    <ele>22.8</ele>
   </trkpt>
   <trkpt lat="56.2745230" lon="10.0780120">
    <ele>23.0</ele>
   </trkpt>
   <trkpt lat="56.2745870" lon="10.0779660">
    <ele>23.0</ele>
   </trkpt>
   <trkpt lat="56.2746510" lon="10.0779240">
    <ele>23.2</ele>
   </trkpt>
   <trkpt lat="56.2747150" lon="10.0778840">
    <ele>23.2</ele>
   </trkpt>
   <trkpt lat="56.2747800" lon="10.0778460">
    <ele>23.2</ele>
   </trkpt>
   <trkpt lat="56.2748450" lon="10.0778060">
    <ele>23.2</ele>
   </trkpt>
   <trkpt lat="56.2749080" lon="10.0777620">
    <ele>23.2</ele>
   </trkpt>
   <trkpt lat="56.2749700" lon="10.0777190">
    <ele>23.4</ele>
   </trkpt>
   <trkpt lat="56.2750340" lon="10.0776850">
    <ele>23.4</ele>
   </trkpt>
   <trkpt lat="56.2750870" lon="10.0776590">
    <ele>23.4</ele>
   </trkpt>
   <trkpt lat="56.2751380" lon="10.0776300">
    <ele>23.4</ele>
   </trkpt>
   <trkpt lat="56.2752040" lon="10.0775950">
    <ele>23.4</ele>
   </trkpt>
   <trkpt lat="56.2752700" lon="10.0775650">
    <ele>23.4</ele>
   </trkpt>
   <trkpt lat="56.2753370" lon="10.0775420">
    <ele>23.6</ele>
   </trkpt>
   <trkpt lat="56.2754020" lon="10.0775370">
    <ele>23.6</ele>
   </trkpt>
   <trkpt lat="56.2754610" lon="10.0775680">
    <ele>23.8</ele>
   </trkpt>
   <trkpt lat="56.2755150" lon="10.0776270">
    <ele>24.0</ele>
   </trkpt>
   <trkpt lat="56.2755690" lon="10.0776730">
    <ele>24.2</ele>
   </trkpt>
   <trkpt lat="56.2756220" lon="10.0776670">
    <ele>24.6</ele>
   </trkpt>
   <trkpt lat="56.2756620" lon="10.0776000">
    <ele>24.8</ele>
   </trkpt>
   <trkpt lat="56.2756820" lon="10.0775120">
    <ele>24.8</ele>
   </trkpt>
   <trkpt lat="56.2756810" lon="10.0774130">
    <ele>24.8</ele>
   </trkpt>
   <trkpt lat="56.2756800" lon="10.0773090">
    <ele>24.8</ele>
   </trkpt>
   <trkpt lat="56.2756980" lon="10.0772140">
    <ele>25.0</ele>
   </trkpt>
   <trkpt lat="56.2757290" lon="10.0771310">
    <ele>25.2</ele>
   </trkpt>
   <trkpt lat="56.2757650" lon="10.0770550">
    <ele>25.2</ele>
   </trkpt>
   <trkpt lat="56.2757990" lon="10.0769830">
    <ele>25.6</ele>
   </trkpt>
   <trkpt lat="56.2758330" lon="10.0769090">
    <ele>25.8</ele>
   </trkpt>
   <trkpt lat="56.2758620" lon="10.0768310">
    <ele>25.8</ele>
   </trkpt>
   <trkpt lat="56.2758890" lon="10.0767520">
    <ele>26.0</ele>
   </trkpt>
   <trkpt lat="56.2759110" lon="10.0766710">
    <ele>26.2</ele>
   </trkpt>
   <trkpt lat="56.2759310" lon="10.0765890">
    <ele>26.2</ele>
   </trkpt>
   <trkpt lat="56.2759470" lon="10.0765070">
    <ele>26.4</ele>
   </trkpt>
   <trkpt lat="56.2759600" lon="10.0764250">
    <ele>26.6</ele>
   </trkpt>
   <trkpt lat="56.2759720" lon="10.0763440">
    <ele>26.6</ele>
   </trkpt>
   <trkpt lat="56.2759810" lon="10.0762610">
    <ele>27.0</ele>
   </trkpt>
   <trkpt lat="56.2759870" lon="10.0761760">
    <ele>27.2</ele>
   </trkpt>
   <trkpt lat="56.2759890" lon="10.0760910">
    <ele>27.4</ele>
   </trkpt>
   <trkpt lat="56.2759890" lon="10.0760070">
    <ele>27.6</ele>
   </trkpt>
   <trkpt lat="56.2759900" lon="10.0759220">
    <ele>27.8</ele>
   </trkpt>
   <trkpt lat="56.2759880" lon="10.0758360">
    <ele>28.0</ele>
   </trkpt>
   <trkpt lat="56.2759850" lon="10.0757490">
    <ele>28.2</ele>
   </trkpt>
   <trkpt lat="56.2759850" lon="10.0756620">
    <ele>28.4</ele>
   </trkpt>
   <trkpt lat="56.2759850" lon="10.0755750">
    <ele>28.6</ele>
   </trkpt>
   <trkpt lat="56.2759840" lon="10.0754870">
    <ele>28.8</ele>
   </trkpt>
   <trkpt lat="56.2759810" lon="10.0753980">
    <ele>29.2</ele>
   </trkpt>
   <trkpt lat="56.2759790" lon="10.0753100">
    <ele>29.6</ele>
   </trkpt>
   <trkpt lat="56.2759790" lon="10.0752240">
    <ele>30.0</ele>
   </trkpt>
   <trkpt lat="56.2759780" lon="10.0751360">
    <ele>30.2</ele>
   </trkpt>
   <trkpt lat="56.2759780" lon="10.0750480">
    <ele>30.4</ele>
   </trkpt>
   <trkpt lat="56.2759760" lon="10.0749610">
    <ele>30.6</ele>
   </trkpt>
   <trkpt lat="56.2759750" lon="10.0748750">
    <ele>30.8</ele>
   </trkpt>
   <trkpt lat="56.2759740" lon="10.0747890">
    <ele>31.0</ele>
   </trkpt>
   <trkpt lat="56.2759740" lon="10.0747010">
    <ele>31.2</ele>
   </trkpt>
   <trkpt lat="56.2759730" lon="10.0746140">
    <ele>31.4</ele>
   </trkpt>
   <trkpt lat="56.2759730" lon="10.0745240">
    <ele>31.4</ele>
   </trkpt>
   <trkpt lat="56.2759710" lon="10.0744340">
    <ele>31.6</ele>
   </trkpt>
   <trkpt lat="56.2759700" lon="10.0743430">
    <ele>31.6</ele>
   </trkpt>
   <trkpt lat="56.2759690" lon="10.0742540">
    <ele>31.8</ele>
   </trkpt>
   <trkpt lat="56.2759670" lon="10.0741630">
    <ele>32.0</ele>
   </trkpt>
   <trkpt lat="56.2759650" lon="10.0740710">
    <ele>32.2</ele>
   </trkpt>
   <trkpt lat="56.2759630" lon="10.0739810">
    <ele>32.6</ele>
   </trkpt>
   <trkpt lat="56.2759610" lon="10.0738920">
    <ele>32.8</ele>
   </trkpt>
   <trkpt lat="56.2759600" lon="10.0738040">
    <ele>33.0</ele>
   </trkpt>
   <trkpt lat="56.2759590" lon="10.0737150">
    <ele>33.4</ele>
   </trkpt>
   <trkpt lat="56.2759580" lon="10.0736260">
    <ele>33.6</ele>
   </trkpt>
   <trkpt lat="56.2759560" lon="10.0735360">
    <ele>33.8</ele>
   </trkpt>
   <trkpt lat="56.2759540" lon="10.0734470">
    <ele>34.0</ele>
   </trkpt>
   <trkpt lat="56.2759510" lon="10.0733560">
    <ele>34.2</ele>
   </trkpt>
   <trkpt lat="56.2759500" lon="10.0732680">
    <ele>34.4</ele>
   </trkpt>
   <trkpt lat="56.2759470" lon="10.0731800">
    <ele>34.6</ele>
   </trkpt>
   <trkpt lat="56.2759410" lon="10.0730920">
    <ele>35.0</ele>
   </trkpt>
   <trkpt lat="56.2759360" lon="10.0730050">
    <ele>35.2</ele>
   </trkpt>
   <trkpt lat="56.2759310" lon="10.0729180">
    <ele>35.4</ele>
   </trkpt>
   <trkpt lat="56.2759230" lon="10.0728300">
    <ele>35.6</ele>
   </trkpt>
   <trkpt lat="56.2759120" lon="10.0727440">
    <ele>35.6</ele>
   </trkpt>
   <trkpt lat="56.2759000" lon="10.0726590">
    <ele>35.6</ele>
   </trkpt>
   <trkpt lat="56.2758960" lon="10.0725740">
    <ele>35.8</ele>
   </trkpt>
   <trkpt lat="56.2759060" lon="10.0724920">
    <ele>36.0</ele>
   </trkpt>
   <trkpt lat="56.2759310" lon="10.0724260">
    <ele>36.0</ele>
   </trkpt>
   <trkpt lat="56.2759680" lon="10.0723830">
    <ele>36.2</ele>
   </trkpt>
   <trkpt lat="56.2760070" lon="10.0723650">
    <ele>36.4</ele>
   </trkpt>
   <trkpt lat="56.2760450" lon="10.0723620">
    <ele>36.6</ele>
   </trkpt>
   <trkpt lat="56.2760820" lon="10.0723600">
    <ele>37.0</ele>
   </trkpt>
   <trkpt lat="56.2761190" lon="10.0723580">
    <ele>37.2</ele>
   </trkpt>
   <trkpt lat="56.2761560" lon="10.0723570">
    <ele>37.6</ele>
   </trkpt>
   <trkpt lat="56.2761920" lon="10.0723530">
    <ele>38.0</ele>
   </trkpt>
   <trkpt lat="56.2762270" lon="10.0723510">
    <ele>38.4</ele>
   </trkpt>
   <trkpt lat="56.2762620" lon="10.0723490">
    <ele>38.8</ele>
   </trkpt>
   <trkpt lat="56.2762960" lon="10.0723450">
    <ele>39.2</ele>
   </trkpt>
   <trkpt lat="56.2763290" lon="10.0723410">
    <ele>39.6</ele>
   </trkpt>
   <trkpt lat="56.2763630" lon="10.0723350">
    <ele>40.0</ele>
   </trkpt>
   <trkpt lat="56.2763950" lon="10.0723300">
    <ele>40.4</ele>
   </trkpt>
   <trkpt lat="56.2764260" lon="10.0723270">
    <ele>40.8</ele>
   </trkpt>
   <trkpt lat="56.2764570" lon="10.0723240">
    <ele>41.0</ele>
   </trkpt>
   <trkpt lat="56.2764900" lon="10.0723210">
    <ele>41.2</ele>
   </trkpt>
   <trkpt lat="56.2765210" lon="10.0723180">
    <ele>41.6</ele>
   </trkpt>
   <trkpt lat="56.2765530" lon="10.0723130">
    <ele>41.8</ele>
   </trkpt>
   <trkpt lat="56.2765830" lon="10.0723050">
    <ele>42.0</ele>
   </trkpt>
   <trkpt lat="56.2766140" lon="10.0722970">
    <ele>42.2</ele>
   </trkpt>
   <trkpt lat="56.2766430" lon="10.0722920">
    <ele>42.6</ele>
   </trkpt>
   <trkpt lat="56.2766730" lon="10.0722880">
    <ele>42.8</ele>
   </trkpt>
   <trkpt lat="56.2767010" lon="10.0722840">
    <ele>43.2</ele>
   </trkpt>
   <trkpt lat="56.2767270" lon="10.0722750">
    <ele>43.6</ele>
   </trkpt>
   <trkpt lat="56.2767550" lon="10.0722670">
    <ele>44.0</ele>
   </trkpt>
   <trkpt lat="56.2767830" lon="10.0722590">
    <ele>44.2</ele>
   </trkpt>
   <trkpt lat="56.2768100" lon="10.0722490">
    <ele>44.6</ele>
   </trkpt>
   <trkpt lat="56.2768370" lon="10.0722400">
    <ele>45.0</ele>
   </trkpt>
   <trkpt lat="56.2768630" lon="10.0722290">
    <ele>45.2</ele>
   </trkpt>
   <trkpt lat="56.2768900" lon="10.0722180">
    <ele>45.4</ele>
   </trkpt>
   <trkpt lat="56.2769180" lon="10.0722090">
    <ele>45.8</ele>
   </trkpt>
   <trkpt lat="56.2769460" lon="10.0721960">
    <ele>46.0</ele>
   </trkpt>
   <trkpt lat="56.2769740" lon="10.0721810">
    <ele>46.4</ele>
   </trkpt>
   <trkpt lat="56.2770010" lon="10.0721670">
    <ele>46.6</ele>
   </trkpt>
   <trkpt lat="56.2770290" lon="10.0721480">
    <ele>46.8</ele>
   </trkpt>
   <trkpt lat="56.2770540" lon="10.0721290">
    <ele>47.2</ele>
   </trkpt>
   <trkpt lat="56.2770800" lon="10.0721140">
    <ele>47.4</ele>
   </trkpt>
   <trkpt lat="56.2771080" lon="10.0720990">
    <ele>47.6</ele>
   </trkpt>
   <trkpt lat="56.2771380" lon="10.0720870">
    <ele>48.0</ele>
   </trkpt>
   <trkpt lat="56.2771660" lon="10.0720760">
    <ele>48.2</ele>
   </trkpt>
   <trkpt lat="56.2771900" lon="10.0720580">
    <ele>48.6</ele>
   </trkpt>
   <trkpt lat="56.2772130" lon="10.0720450">
    <ele>48.8</ele>
   </trkpt>
   <trkpt lat="56.2772360" lon="10.0720290">
    <ele>49.0</ele>
   </trkpt>
   <trkpt lat="56.2772610" lon="10.0720110">
    <ele>49.2</ele>
   </trkpt>
   <trkpt lat="56.2772890" lon="10.0719910">
    <ele>49.6</ele>
   </trkpt>
   <trkpt lat="56.2773170" lon="10.0719680">
    <ele>49.8</ele>
   </trkpt>
   <trkpt lat="56.2773450" lon="10.0719490">
    <ele>50.0</ele>
   </trkpt>
   <trkpt lat="56.2773740" lon="10.0719280">
    <ele>50.2</ele>
   </trkpt>
   <trkpt lat="56.2774030" lon="10.0719090">
    <ele>50.4</ele>
   </trkpt>
   <trkpt lat="56.2774340" lon="10.0718880">
    <ele>50.6</ele>
   </trkpt>
   <trkpt lat="56.2774620" lon="10.0718670">
    <ele>51.0</ele>
   </trkpt>
   <trkpt lat="56.2774910" lon="10.0718460">
    <ele>51.2</ele>
   </trkpt>
   <trkpt lat="56.2775170" lon="10.0718280">
    <ele>51.4</ele>
   </trkpt>
   <trkpt lat="56.2775440" lon="10.0718130">
    <ele>51.8</ele>
   </trkpt>
   <trkpt lat="56.2775730" lon="10.0717990">
    <ele>52.2</ele>
   </trkpt>
   <trkpt lat="56.2776010" lon="10.0717860">
    <ele>52.4</ele>
   </trkpt>
   <trkpt lat="56.2776290" lon="10.0717740">
    <ele>52.8</ele>
   </trkpt>
   <trkpt lat="56.2776570" lon="10.0717620">
    <ele>53.0</ele>
   </trkpt>
   <trkpt lat="56.2776840" lon="10.0717520">
    <ele>53.2</ele>
   </trkpt>
   <trkpt lat="56.2777120" lon="10.0717410">
    <ele>53.6</ele>
   </trkpt>
   <trkpt lat="56.2777400" lon="10.0717290">
    <ele>53.8</ele>
   </trkpt>
   <trkpt lat="56.2777680" lon="10.0717180">
    <ele>54.0</ele>
   </trkpt>
   <trkpt lat="56.2777960" lon="10.0717080">
    <ele>54.2</ele>
   </trkpt>
   <trkpt lat="56.2778250" lon="10.0716970">
    <ele>54.4</ele>
   </trkpt>
   <trkpt lat="56.2778530" lon="10.0716890">
    <ele>54.6</ele>
   </trkpt>
   <trkpt lat="56.2778830" lon="10.0716800">
    <ele>55.0</ele>
   </trkpt>
   <trkpt lat="56.2779140" lon="10.0716710">
    <ele>55.2</ele>
   </trkpt>
   <trkpt lat="56.2779430" lon="10.0716630">
    <ele>55.6</ele>
   </trkpt>
   <trkpt lat="56.2779730" lon="10.0716550">
    <ele>55.6</ele>
   </trkpt>
   <trkpt lat="56.2780040" lon="10.0716490">
    <ele>55.8</ele>
   </trkpt>
   <trkpt lat="56.2780340" lon="10.0716440">
    <ele>55.8</ele>
   </trkpt>
   <trkpt lat="56.2780640" lon="10.0716350">
    <ele>56.0</ele>
   </trkpt>
   <trkpt lat="56.2780940" lon="10.0716240">
    <ele>56.2</ele>
   </trkpt>
   <trkpt lat="56.2781270" lon="10.0716160">
    <ele>56.4</ele>
   </trkpt>
   <trkpt lat="56.2781590" lon="10.0716090">
    <ele>56.6</ele>
   </trkpt>
   <trkpt lat="56.2781920" lon="10.0715990">
    <ele>56.8</ele>
   </trkpt>
   <trkpt lat="56.2782240" lon="10.0715870">
    <ele>57.0</ele>
   </trkpt>
   <trkpt lat="56.2782570" lon="10.0715780">
    <ele>57.2</ele>
   </trkpt>
   <trkpt lat="56.2782890" lon="10.0715700">
    <ele>57.4</ele>
   </trkpt>
   <trkpt lat="56.2783220" lon="10.0715610">
    <ele>57.6</ele>
   </trkpt>
   <trkpt lat="56.2783550" lon="10.0715520">
    <ele>57.8</ele>
   </trkpt>
   <trkpt lat="56.2783880" lon="10.0715440">
    <ele>58.0</ele>
   </trkpt>
   <trkpt lat="56.2784210" lon="10.0715390">
    <ele>58.2</ele>
   </trkpt>
   <trkpt lat="56.2784550" lon="10.0715300">
    <ele>58.2</ele>
   </trkpt>
   <trkpt lat="56.2784890" lon="10.0715220">
    <ele>58.4</ele>
   </trkpt>
   <trkpt lat="56.2785230" lon="10.0715170">
    <ele>58.4</ele>
   </trkpt>
   <trkpt lat="56.2785560" lon="10.0715100">
    <ele>58.6</ele>
   </trkpt>
   <trkpt lat="56.2785880" lon="10.0714990">
    <ele>58.6</ele>
   </trkpt>
   <trkpt lat="56.2786210" lon="10.0714900">
    <ele>58.8</ele>
   </trkpt>
   <trkpt lat="56.2786520" lon="10.0714830">
    <ele>58.8</ele>
   </trkpt>
   <trkpt lat="56.2786850" lon="10.0714780">
    <ele>59.0</ele>
   </trkpt>
   <trkpt lat="56.2787160" lon="10.0714730">
    <ele>59.0</ele>
   </trkpt>
   <trkpt lat="56.2787490" lon="10.0714630">
    <ele>59.0</ele>
   </trkpt>
   <trkpt lat="56.2787820" lon="10.0714520">
    <ele>59.2</ele>
   </trkpt>
   <trkpt lat="56.2788150" lon="10.0714450">
    <ele>59.4</ele>
   </trkpt>
   <trkpt lat="56.2788480" lon="10.0714410">
    <ele>59.6</ele>
   </trkpt>
   <trkpt lat="56.2788810" lon="10.0714380">
    <ele>59.8</ele>
   </trkpt>
   <trkpt lat="56.2789140" lon="10.0714360">
    <ele>60.0</ele>
   </trkpt>
   <trkpt lat="56.2789470" lon="10.0714320">
    <ele>60.2</ele>
   </trkpt>
   <trkpt lat="56.2789800" lon="10.0714290">
    <ele>60.4</ele>
   </trkpt>
   <trkpt lat="56.2790140" lon="10.0714290">
    <ele>60.6</ele>
   </trkpt>
   <trkpt lat="56.2790480" lon="10.0714310">
    <ele>60.6</ele>
   </trkpt>
   <trkpt lat="56.2790830" lon="10.0714290">
    <ele>60.8</ele>
   </trkpt>
   <trkpt lat="56.2791170" lon="10.0714250">
    <ele>60.8</ele>
   </trkpt>
   <trkpt lat="56.2791500" lon="10.0714220">
    <ele>61.0</ele>
   </trkpt>
   <trkpt lat="56.2791820" lon="10.0714240">
    <ele>61.0</ele>
   </trkpt>
   <trkpt lat="56.2792140" lon="10.0714270">
    <ele>61.2</ele>
   </trkpt>
   <trkpt lat="56.2792440" lon="10.0714330">
    <ele>61.4</ele>
   </trkpt>
   <trkpt lat="56.2792760" lon="10.0714380">
    <ele>61.6</ele>
   </trkpt>
   <trkpt lat="56.2793090" lon="10.0714400">
    <ele>61.8</ele>
   </trkpt>
   <trkpt lat="56.2793420" lon="10.0714400">
    <ele>62.0</ele>
   </trkpt>
   <trkpt lat="56.2793750" lon="10.0714400">
    <ele>62.2</ele>
   </trkpt>
   <trkpt lat="56.2794070" lon="10.0714400">
    <ele>62.4</ele>
   </trkpt>
   <trkpt lat="56.2794420" lon="10.0714420">
    <ele>62.6</ele>
   </trkpt>
   <trkpt lat="56.2794770" lon="10.0714470">
    <ele>62.8</ele>
   </trkpt>
   <trkpt lat="56.2795100" lon="10.0714520">
    <ele>63.0</ele>
   </trkpt>
   <trkpt lat="56.2795440" lon="10.0714590">
    <ele>63.2</ele>
   </trkpt>
   <trkpt lat="56.2795790" lon="10.0714650">
    <ele>63.2</ele>
   </trkpt>
   <trkpt lat="56.2796160" lon="10.0714680">
    <ele>63.4</ele>
   </trkpt>
   <trkpt lat="56.2796530" lon="10.0714730">
    <ele>63.4</ele>
   </trkpt>
   <trkpt lat="56.2796900" lon="10.0714800">
    <ele>63.4</ele>
   </trkpt>
   <trkpt lat="56.2797280" lon="10.0714860">
    <ele>63.4</ele>
   </trkpt>
   <trkpt lat="56.2797690" lon="10.0714910">
    <ele>63.4</ele>
   </trkpt>
   <trkpt lat="56.2798120" lon="10.0714980">
    <ele>63.4</ele>
   </trkpt>
   <trkpt lat="56.2798550" lon="10.0715030">
    <ele>63.4</ele>
   </trkpt>
   <trkpt lat="56.2798970" lon="10.0715040">
    <ele>63.4</ele>
   </trkpt>
   <trkpt lat="56.2799380" lon="10.0715100">
    <ele>63.4</ele>
   </trkpt>
   <trkpt lat="56.2799780" lon="10.0715200">
    <ele>63.4</ele>
   </trkpt>
   <trkpt lat="56.2800210" lon="10.0715300">
    <ele>63.4</ele>
   </trkpt>
   <trkpt lat="56.2800680" lon="10.0715370">
    <ele>63.4</ele>
   </trkpt>
   <trkpt lat="56.2801170" lon="10.0715410">
    <ele>63.4</ele>
   </trkpt>
   <trkpt lat="56.2801670" lon="10.0715460">
    <ele>63.4</ele>
   </trkpt>
   <trkpt lat="56.2802180" lon="10.0715540">
    <ele>63.4</ele>
   </trkpt>
   <trkpt lat="56.2802700" lon="10.0715600">
    <ele>63.4</ele>
   </trkpt>
   <trkpt lat="56.2803220" lon="10.0715590">
    <ele>63.2</ele>
   </trkpt>
   <trkpt lat="56.2803740" lon="10.0715620">
    <ele>63.2</ele>
   </trkpt>
   <trkpt lat="56.2804260" lon="10.0715700">
    <ele>63.2</ele>
   </trkpt>
   <trkpt lat="56.2804770" lon="10.0715770">
    <ele>63.0</ele>
   </trkpt>
   <trkpt lat="56.2805310" lon="10.0715840">
    <ele>63.0</ele>
   </trkpt>
   <trkpt lat="56.2805870" lon="10.0715930">
    <ele>63.0</ele>
   </trkpt>
   <trkpt lat="56.2806440" lon="10.0715990">
    <ele>62.8</ele>
   </trkpt>
   <trkpt lat="56.2807020" lon="10.0716040">
    <ele>62.8</ele>
   </trkpt>
   <trkpt lat="56.2807610" lon="10.0716050">
    <ele>62.8</ele>
   </trkpt>
   <trkpt lat="56.2808180" lon="10.0716040">
    <ele>62.6</ele>
   </trkpt>
   <trkpt lat="56.2808740" lon="10.0716050">
    <ele>62.4</ele>
   </trkpt>
   <trkpt lat="56.2809290" lon="10.0716100">
    <ele>62.4</ele>
   </trkpt>
   <trkpt lat="56.2809830" lon="10.0716120">
    <ele>62.4</ele>
   </trkpt>
   <trkpt lat="56.2810360" lon="10.0716130">
    <ele>62.4</ele>
   </trkpt>
   <trkpt lat="56.2810860" lon="10.0716170">
    <ele>62.4</ele>
   </trkpt>
   <trkpt lat="56.2811360" lon="10.0716240">
    <ele>62.4</ele>
   </trkpt>
   <trkpt lat="56.2811850" lon="10.0716300">
    <ele>62.4</ele>
   </trkpt>
   <trkpt lat="56.2812350" lon="10.0716370">
    <ele>62.2</ele>
   </trkpt>
   <trkpt lat="56.2812850" lon="10.0716380">
    <ele>62.2</ele>
   </trkpt>
   <trkpt lat="56.2813340" lon="10.0716340">
    <ele>62.2</ele>
   </trkpt>
   <trkpt lat="56.2813810" lon="10.0716190">
    <ele>62.0</ele>
   </trkpt>
   <trkpt lat="56.2814180" lon="10.0715820">
    <ele>61.8</ele>
   </trkpt>
   <trkpt lat="56.2814400" lon="10.0715200">
    <ele>61.8</ele>
   </trkpt>
   <trkpt lat="56.2814460" lon="10.0714460">
    <ele>61.6</ele>
   </trkpt>
   <trkpt lat="56.2814390" lon="10.0713710">
    <ele>61.4</ele>
   </trkpt>
   <trkpt lat="56.2814260" lon="10.0713010">
    <ele>61.2</ele>
   </trkpt>
   <trkpt lat="56.2814120" lon="10.0712390">
    <ele>61.2</ele>
   </trkpt>
   <trkpt lat="56.2813980" lon="10.0711820">
    <ele>61.2</ele>
   </trkpt>
   <trkpt lat="56.2813870" lon="10.0711250">
    <ele>61.0</ele>
   </trkpt>
   <trkpt lat="56.2813770" lon="10.0710650">
    <ele>61.0</ele>
   </trkpt>
   <trkpt lat="56.2813630" lon="10.0710040">
    <ele>61.0</ele>
   </trkpt>
   <trkpt lat="56.2813470" lon="10.0709390">
    <ele>61.0</ele>
   </trkpt>
   <trkpt lat="56.2813300" lon="10.0708700">
    <ele>61.0</ele>
   </trkpt>
   <trkpt lat="56.2813140" lon="10.0707980">
    <ele>61.0</ele>
   </trkpt>
   <trkpt lat="56.2812970" lon="10.0707240">
    <ele>61.2</ele>
   </trkpt>
   <trkpt lat="56.2812800" lon="10.0706460">
    <ele>61.2</ele>
   </trkpt>
   <trkpt lat="56.2812600" lon="10.0705670">
    <ele>61.4</ele>
   </trkpt>
   <trkpt lat="56.2812410" lon="10.0704850">
    <ele>61.4</ele>
   </trkpt>
   <trkpt lat="56.2812230" lon="10.0704030">
    <ele>61.4</ele>
   </trkpt>
   <trkpt lat="56.2812050" lon="10.0703170">
    <ele>61.4</ele>
   </trkpt>
   <trkpt lat="56.2811880" lon="10.0702320">
    <ele>61.6</ele>
   </trkpt>
   <trkpt lat="56.2811700" lon="10.0701480">
    <ele>61.6</ele>
   </trkpt>
   <trkpt lat="56.2811500" lon="10.0700650">
    <ele>61.8</ele>
   </trkpt>
   <trkpt lat="56.2811320" lon="10.0699800">
    <ele>61.8</ele>
   </trkpt>
   <trkpt lat="56.2811120" lon="10.0698930">
    <ele>62.0</ele>
   </trkpt>
   <trkpt lat="56.2810940" lon="10.0698050">
    <ele>62.0</ele>
   </trkpt>
   <trkpt lat="56.2810770" lon="10.0697170">
    <ele>62.2</ele>
   </trkpt>
   <trkpt lat="56.2810590" lon="10.0696280">
    <ele>62.2</ele>
   </trkpt>
   <trkpt lat="56.2810400" lon="10.0695420">
    <ele>62.2</ele>
   </trkpt>
   <trkpt lat="56.2810210" lon="10.0694540">
    <ele>62.2</ele>
   </trkpt>
   <trkpt lat="56.2810040" lon="10.0693640">
    <ele>62.2</ele>
   </trkpt>
   <trkpt lat="56.2809880" lon="10.0692750">
    <ele>62.2</ele>
   </trkpt>
   <trkpt lat="56.2809720" lon="10.0691840">
    <ele>62.2</ele>
   </trkpt>
   <trkpt lat="56.2809570" lon="10.0690940">
    <ele>62.4</ele>
   </trkpt>
   <trkpt lat="56.2809420" lon="10.0690030">
    <ele>62.4</ele>
   </trkpt>
   <trkpt lat="56.2809280" lon="10.0689120">
    <ele>62.6</ele>
   </trkpt>
   <trkpt lat="56.2809150" lon="10.0688210">
    <ele>62.6</ele>
   </trkpt>
   <trkpt lat="56.2809010" lon="10.0687300">
    <ele>62.8</ele>
   </trkpt>
   <trkpt lat="56.2808870" lon="10.0686390">
    <ele>62.8</ele>
   </trkpt>
   <trkpt lat="56.2808750" lon="10.0685510">
    <ele>63.0</ele>
   </trkpt>
   <trkpt lat="56.2808630" lon="10.0684600">
    <ele>63.0</ele>
   </trkpt>
   <trkpt lat="56.2808530" lon="10.0683690">
    <ele>63.2</ele>
   </trkpt>
   <trkpt lat="56.2808400" lon="10.0682790">
    <ele>63.2</ele>
   </trkpt>
   <trkpt lat="56.2808250" lon="10.0681880">
    <ele>63.4</ele>
   </trkpt>
   <trkpt lat="56.2808130" lon="10.0680970">
    <ele>63.4</ele>
   </trkpt>
   <trkpt lat="56.2808020" lon="10.0680070">
    <ele>63.6</ele>
   </trkpt>
   <trkpt lat="56.2807930" lon="10.0679160">
    <ele>63.8</ele>
   </trkpt>
   <trkpt lat="56.2807840" lon="10.0678240">
    <ele>63.8</ele>
   </trkpt>
   <trkpt lat="56.2807710" lon="10.0677340">
    <ele>63.8</ele>
   </trkpt>
   <trkpt lat="56.2807600" lon="10.0676440">
    <ele>64.0</ele>
   </trkpt>
   <trkpt lat="56.2807490" lon="10.0675510">
    <ele>64.0</ele>
   </trkpt>
   <trkpt lat="56.2807380" lon="10.0674570">
    <ele>64.0</ele>
   </trkpt>
   <trkpt lat="56.2807270" lon="10.0673620">
    <ele>64.0</ele>
   </trkpt>
   <trkpt lat="56.2807140" lon="10.0672670">
    <ele>64.0</ele>
   </trkpt>
   <trkpt lat="56.2807010" lon="10.0671730">
    <ele>63.8</ele>
   </trkpt>
   <trkpt lat="56.2806910" lon="10.0670800">
    <ele>63.8</ele>
   </trkpt>
   <trkpt lat="56.2806800" lon="10.0669860">
    <ele>63.6</ele>
   </trkpt>
   <trkpt lat="56.2806700" lon="10.0668910">
    <ele>63.6</ele>
   </trkpt>
   <trkpt lat="56.2806580" lon="10.0667970">
    <ele>63.4</ele>
   </trkpt>
   <trkpt lat="56.2806450" lon="10.0667040">
    <ele>63.4</ele>
   </trkpt>
   <trkpt lat="56.2806310" lon="10.0666100">
    <ele>63.4</ele>
   </trkpt>
   <trkpt lat="56.2806180" lon="10.0665140">
    <ele>63.4</ele>
   </trkpt>
   <trkpt lat="56.2806070" lon="10.0664190">
    <ele>63.4</ele>
   </trkpt>
   <trkpt lat="56.2805960" lon="10.0663260">
    <ele>63.4</ele>
   </trkpt>
   <trkpt lat="56.2805840" lon="10.0662340">
    <ele>63.6</ele>
   </trkpt>
   <trkpt lat="56.2805730" lon="10.0661410">
    <ele>63.6</ele>
   </trkpt>
   <trkpt lat="56.2805610" lon="10.0660500">
    <ele>63.8</ele>
   </trkpt>
   <trkpt lat="56.2805490" lon="10.0659600">
    <ele>64.0</ele>
   </trkpt>
   <trkpt lat="56.2805370" lon="10.0658700">
    <ele>64.0</ele>
   </trkpt>
   <trkpt lat="56.2805250" lon="10.0657800">
    <ele>64.2</ele>
   </trkpt>
   <trkpt lat="56.2805120" lon="10.0656880">
    <ele>64.2</ele>
   </trkpt>
   <trkpt lat="56.2805000" lon="10.0655970">
    <ele>64.4</ele>
   </trkpt>
   <trkpt lat="56.2804870" lon="10.0655060">
    <ele>64.4</ele>
   </trkpt>
   <trkpt lat="56.2804740" lon="10.0654160">
    <ele>64.4</ele>
   </trkpt>
   <trkpt lat="56.2804640" lon="10.0653250">
    <ele>64.6</ele>
   </trkpt>
   <trkpt lat="56.2804520" lon="10.0652300">
    <ele>64.6</ele>
   </trkpt>
   <trkpt lat="56.2804400" lon="10.0651370">
    <ele>64.6</ele>
   </trkpt>
   <trkpt lat="56.2804280" lon="10.0650450">
    <ele>64.6</ele>
   </trkpt>
   <trkpt lat="56.2804150" lon="10.0649520">
    <ele>64.6</ele>
   </trkpt>
   <trkpt lat="56.2804020" lon="10.0648580">
    <ele>64.6</ele>
   </trkpt>
   <trkpt lat="56.2803900" lon="10.0647630">
    <ele>64.6</ele>
   </trkpt>
   <trkpt lat="56.2803760" lon="10.0646700">
    <ele>64.6</ele>
   </trkpt>
   <trkpt lat="56.2803600" lon="10.0645750">
    <ele>64.6</ele>
   </trkpt>
   <trkpt lat="56.2803480" lon="10.0644790">
    <ele>64.6</ele>
   </trkpt>
   <trkpt lat="56.2803390" lon="10.0643860">
    <ele>64.6</ele>
   </trkpt>
   <trkpt lat="56.2803310" lon="10.0642900">
    <ele>64.6</ele>
   </trkpt>
   <trkpt lat="56.2803240" lon="10.0641960">
    <ele>64.6</ele>
   </trkpt>
   <trkpt lat="56.2803170" lon="10.0641010">
    <ele>64.4</ele>
   </trkpt>
   <trkpt lat="56.2803140" lon="10.0640060">
    <ele>64.2</ele>
   </trkpt>
   <trkpt lat="56.2803170" lon="10.0639120">
    <ele>64.0</ele>
   </trkpt>
   <trkpt lat="56.2803280" lon="10.0638200">
    <ele>64.0</ele>
   </trkpt>
   <trkpt lat="56.2803380" lon="10.0637290">
    <ele>63.8</ele>
   </trkpt>
   <trkpt lat="56.2803350" lon="10.0636370">
    <ele>63.8</ele>
   </trkpt>
   <trkpt lat="56.2803160" lon="10.0635500">
    <ele>63.8</ele>
   </trkpt>
   <trkpt lat="56.2802840" lon="10.0634720">
    <ele>64.0</ele>
   </trkpt>
   <trkpt lat="56.2802500" lon="10.0633920">
    <ele>64.0</ele>
   </trkpt>
   <trkpt lat="56.2802240" lon="10.0633000">
    <ele>64.0</ele>
   </trkpt>
   <trkpt lat="56.2802050" lon="10.0632020">
    <ele>63.8</ele>
   </trkpt>
   <trkpt lat="56.2801870" lon="10.0631010">
    <ele>63.8</ele>
   </trkpt>
   <trkpt lat="56.2801730" lon="10.0629990">
    <ele>63.4</ele>
   </trkpt>
   <trkpt lat="56.2801590" lon="10.0628980">
    <ele>63.2</ele>
   </trkpt>
   <trkpt lat="56.2801440" lon="10.0627950">
    <ele>63.0</ele>
   </trkpt>
   <trkpt lat="56.2801320" lon="10.0626880">
    <ele>62.6</ele>
   </trkpt>
   <trkpt lat="56.2801190" lon="10.0625800">
    <ele>62.4</ele>
   </trkpt>
   <trkpt lat="56.2801070" lon="10.0624740">
    <ele>62.2</ele>
   </trkpt>
   <trkpt lat="56.2800950" lon="10.0623680">
    <ele>62.2</ele>
   </trkpt>
   <trkpt lat="56.2800820" lon="10.0622610">
    <ele>62.2</ele>
   </trkpt>
   <trkpt lat="56.2800670" lon="10.0621540">
    <ele>62.2</ele>
   </trkpt>
   <trkpt lat="56.2800530" lon="10.0620470">
    <ele>62.0</ele>
   </trkpt>
   <trkpt lat="56.2800400" lon="10.0619420">
    <ele>62.0</ele>
   </trkpt>
   <trkpt lat="56.2800260" lon="10.0618390">
    <ele>61.8</ele>
   </trkpt>
   <trkpt lat="56.2800120" lon="10.0617370">
    <ele>61.8</ele>
   </trkpt>
   <trkpt lat="56.2800000" lon="10.0616370">
    <ele>61.8</ele>
   </trkpt>
   <trkpt lat="56.2799870" lon="10.0615380">
    <ele>61.8</ele>
   </trkpt>
   <trkpt lat="56.2799720" lon="10.0614390">
    <ele>62.0</ele>
   </trkpt>
   <trkpt lat="56.2799580" lon="10.0613420">
    <ele>62.2</ele>
   </trkpt>
   <trkpt lat="56.2799450" lon="10.0612450">
    <ele>62.2</ele>
   </trkpt>
   <trkpt lat="56.2799310" lon="10.0611500">
    <ele>62.4</ele>
   </trkpt>
   <trkpt lat="56.2799180" lon="10.0610560">
    <ele>62.6</ele>
   </trkpt>
   <trkpt lat="56.2799040" lon="10.0609640">
    <ele>62.8</ele>
   </trkpt>
   <trkpt lat="56.2798910" lon="10.0608730">
    <ele>63.0</ele>
   </trkpt>
   <trkpt lat="56.2798790" lon="10.0607810">
    <ele>63.2</ele>
   </trkpt>
   <trkpt lat="56.2798670" lon="10.0606910">
    <ele>63.4</ele>
   </trkpt>
   <trkpt lat="56.2798560" lon="10.0606050">
    <ele>63.6</ele>
   </trkpt>
   <trkpt lat="56.2798460" lon="10.0605160">
    <ele>63.8</ele>
   </trkpt>
   <trkpt lat="56.2798350" lon="10.0604320">
    <ele>64.2</ele>
   </trkpt>
   <trkpt lat="56.2798240" lon="10.0603490">
    <ele>64.4</ele>
   </trkpt>
   <trkpt lat="56.2798130" lon="10.0602670">
    <ele>64.6</ele>
   </trkpt>
   <trkpt lat="56.2798000" lon="10.0601850">
    <ele>64.6</ele>
   </trkpt>
   <trkpt lat="56.2797890" lon="10.0601030">
    <ele>64.8</ele>
   </trkpt>
   <trkpt lat="56.2797800" lon="10.0600240">
    <ele>65.0</ele>
   </trkpt>
   <trkpt lat="56.2797700" lon="10.0599470">
    <ele>65.2</ele>
   </trkpt>
   <trkpt lat="56.2797590" lon="10.0598700">
    <ele>65.4</ele>
   </trkpt>
   <trkpt lat="56.2797480" lon="10.0597900">
    <ele>65.6</ele>
   </trkpt>
   <trkpt lat="56.2797360" lon="10.0597100">
    <ele>65.8</ele>
   </trkpt>
   <trkpt lat="56.2797260" lon="10.0596320">
    <ele>66.0</ele>
   </trkpt>
   <trkpt lat="56.2797180" lon="10.0595530">
    <ele>66.2</ele>
   </trkpt>
   <trkpt lat="56.2797090" lon="10.0594730">
    <ele>66.2</ele>
   </trkpt>
   <trkpt lat="56.2796990" lon="10.0593940">
    <ele>66.4</ele>
   </trkpt>
   <trkpt lat="56.2796900" lon="10.0593170">
    <ele>66.4</ele>
   </trkpt>
   <trkpt lat="56.2796800" lon="10.0592390">
    <ele>66.4</ele>
   </trkpt>
   <trkpt lat="56.2796690" lon="10.0591620">
    <ele>66.6</ele>
   </trkpt>
   <trkpt lat="56.2796590" lon="10.0590870">
    <ele>66.8</ele>
   </trkpt>
   <trkpt lat="56.2796490" lon="10.0590090">
    <ele>67.0</ele>
   </trkpt>
   <trkpt lat="56.2796400" lon="10.0589300">
    <ele>67.2</ele>
   </trkpt>
   <trkpt lat="56.2796290" lon="10.0588510">
    <ele>67.4</ele>
   </trkpt>
   <trkpt lat="56.2796170" lon="10.0587720">
    <ele>67.6</ele>
   </trkpt>
   <trkpt lat="56.2796050" lon="10.0586940">
    <ele>67.8</ele>
   </trkpt>
   <trkpt lat="56.2795930" lon="10.0586150">
    <ele>68.0</ele>
   </trkpt>
   <trkpt lat="56.2795820" lon="10.0585350">
    <ele>68.2</ele>
   </trkpt>
   <trkpt lat="56.2795720" lon="10.0584550">
    <ele>68.4</ele>
   </trkpt>
   <trkpt lat="56.2795610" lon="10.0583770">
    <ele>68.6</ele>
   </trkpt>
   <trkpt lat="56.2795500" lon="10.0583000">
    <ele>68.8</ele>
   </trkpt>
   <trkpt lat="56.2795410" lon="10.0582250">
    <ele>69.0</ele>
   </trkpt>
   <trkpt lat="56.2795320" lon="10.0581490">
    <ele>69.2</ele>
   </trkpt>
   <trkpt lat="56.2795230" lon="10.0580750">
    <ele>69.4</ele>
   </trkpt>
   <trkpt lat="56.2795140" lon="10.0579970">
    <ele>69.6</ele>
   </trkpt>
   <trkpt lat="56.2795030" lon="10.0579190">
    <ele>69.8</ele>
   </trkpt>
   <trkpt lat="56.2794920" lon="10.0578390">
    <ele>70.0</ele>
   </trkpt>
   <trkpt lat="56.2794820" lon="10.0577610">
    <ele>70.2</ele>
   </trkpt>
   <trkpt lat="56.2794730" lon="10.0576820">
    <ele>70.2</ele>
   </trkpt>
   <trkpt lat="56.2794620" lon="10.0576010">
    <ele>70.2</ele>
   </trkpt>
   <trkpt lat="56.2794510" lon="10.0575200">
    <ele>70.4</ele>
   </trkpt>
   <trkpt lat="56.2794400" lon="10.0574400">
    <ele>70.6</ele>
   </trkpt>
   <trkpt lat="56.2794310" lon="10.0573610">
    <ele>70.8</ele>
   </trkpt>
   <trkpt lat="56.2794220" lon="10.0572780">
    <ele>71.0</ele>
   </trkpt>
   <trkpt lat="56.2794120" lon="10.0571970">
    <ele>71.0</ele>
   </trkpt>
   <trkpt lat="56.2794040" lon="10.0571150">
    <ele>70.8</ele>
   </trkpt>
   <trkpt lat="56.2793970" lon="10.0570350">
    <ele>70.6</ele>
   </trkpt>
   <trkpt lat="56.2793890" lon="10.0569550">
    <ele>70.4</ele>
   </trkpt>
   <trkpt lat="56.2793790" lon="10.0568790">
    <ele>70.2</ele>
   </trkpt>
   <trkpt lat="56.2793710" lon="10.0568030">
    <ele>70.2</ele>
   </trkpt>
   <trkpt lat="56.2793610" lon="10.0567280">
    <ele>70.2</ele>
   </trkpt>
   <trkpt lat="56.2793490" lon="10.0566540">
    <ele>70.4</ele>
   </trkpt>
   <trkpt lat="56.2793390" lon="10.0565810">
    <ele>70.4</ele>
   </trkpt>
   <trkpt lat="56.2793300" lon="10.0565110">
    <ele>70.6</ele>
   </trkpt>
   <trkpt lat="56.2793200" lon="10.0564420">
    <ele>70.6</ele>
   </trkpt>
   <trkpt lat="56.2793130" lon="10.0563770">
    <ele>70.8</ele>
   </trkpt>
   <trkpt lat="56.2793040" lon="10.0563110">
    <ele>71.0</ele>
   </trkpt>
   <trkpt lat="56.2792960" lon="10.0562460">
    <ele>71.4</ele>
   </trkpt>
   <trkpt lat="56.2792870" lon="10.0561800">
    <ele>71.6</ele>
   </trkpt>
   <trkpt lat="56.2792790" lon="10.0561140">
    <ele>71.8</ele>
   </trkpt>
   <trkpt lat="56.2792710" lon="10.0560470">
    <ele>71.8</ele>
   </trkpt>
   <trkpt lat="56.2792620" lon="10.0559840">
    <ele>72.0</ele>
   </trkpt>
   <trkpt lat="56.2792540" lon="10.0559210">
    <ele>72.0</ele>
   </trkpt>
   <trkpt lat="56.2792480" lon="10.0558540">
    <ele>72.0</ele>
   </trkpt>
   <trkpt lat="56.2792420" lon="10.0557860">
    <ele>72.6</ele>
   </trkpt>
   <trkpt lat="56.2792350" lon="10.0557160">
    <ele>73.0</ele>
   </trkpt>
   <trkpt lat="56.2792260" lon="10.0556460">
    <ele>73.6</ele>
   </trkpt>
   <trkpt lat="56.2792160" lon="10.0555750">
    <ele>74.2</ele>
   </trkpt>
   <trkpt lat="56.2792060" lon="10.0555040">
    <ele>74.6</ele>
   </trkpt>
   <trkpt lat="56.2791960" lon="10.0554320">
    <ele>74.8</ele>
   </trkpt>
   <trkpt lat="56.2791860" lon="10.0553590">
    <ele>75.0</ele>
   </trkpt>
   <trkpt lat="56.2791760" lon="10.0552880">
    <ele>75.2</ele>
   </trkpt>
   <trkpt lat="56.2791650" lon="10.0552180">
    <ele>75.2</ele>
   </trkpt>
   <trkpt lat="56.2791570" lon="10.0551460">
    <ele>75.2</ele>
   </trkpt>
   <trkpt lat="56.2791480" lon="10.0550750">
    <ele>75.2</ele>
   </trkpt>
   <trkpt lat="56.2791380" lon="10.0550050">
    <ele>75.2</ele>
   </trkpt>
   <trkpt lat="56.2791270" lon="10.0549340">
    <ele>75.2</ele>
   </trkpt>
   <trkpt lat="56.2791170" lon="10.0548670">
    <ele>75.4</ele>
   </trkpt>
   <trkpt lat="56.2791060" lon="10.0547970">
    <ele>75.4</ele>
   </trkpt>
   <trkpt lat="56.2790950" lon="10.0547270">
    <ele>75.4</ele>
   </trkpt>
   <trkpt lat="56.2790860" lon="10.0546580">
    <ele>75.4</ele>
   </trkpt>
   <trkpt lat="56.2790750" lon="10.0545910">
    <ele>75.4</ele>
   </trkpt>
   <trkpt lat="56.2790650" lon="10.0545220">
    <ele>75.6</ele>
   </trkpt>
   <trkpt lat="56.2790590" lon="10.0544540">
    <ele>75.6</ele>
   </trkpt>
   <trkpt lat="56.2790540" lon="10.0543870">
    <ele>75.8</ele>
   </trkpt>
   <trkpt lat="56.2790510" lon="10.0543210">
    <ele>76.0</ele>
   </trkpt>
   <trkpt lat="56.2790500" lon="10.0542510">
    <ele>76.2</ele>
   </trkpt>
   <trkpt lat="56.2790490" lon="10.0541810">
    <ele>76.2</ele>
   </trkpt>
   <trkpt lat="56.2790510" lon="10.0541120">
    <ele>76.4</ele>
   </trkpt>
   <trkpt lat="56.2790540" lon="10.0540440">
    <ele>76.6</ele>
   </trkpt>
   <trkpt lat="56.2790550" lon="10.0539740">
    <ele>76.8</ele>
   </trkpt>
   <trkpt lat="56.2790590" lon="10.0539050">
    <ele>77.0</ele>
   </trkpt>
   <trkpt lat="56.2790630" lon="10.0538350">
    <ele>77.4</ele>
   </trkpt>
   <trkpt lat="56.2790670" lon="10.0537650">
    <ele>77.6</ele>
   </trkpt>
   <trkpt lat="56.2790720" lon="10.0536950">
    <ele>77.8</ele>
   </trkpt>
   <trkpt lat="56.2790780" lon="10.0536230">
    <ele>77.8</ele>
   </trkpt>
   <trkpt lat="56.2790840" lon="10.0535520">
    <ele>77.8</ele>
   </trkpt>
   <trkpt lat="56.2790910" lon="10.0534790">
    <ele>78.0</ele>
   </trkpt>
   <trkpt lat="56.2790970" lon="10.0534050">
    <ele>78.2</ele>
   </trkpt>
   <trkpt lat="56.2791060" lon="10.0533300">
    <ele>78.4</ele>
   </trkpt>
   <trkpt lat="56.2791130" lon="10.0532530">
    <ele>78.8</ele>
   </trkpt>
   <trkpt lat="56.2791190" lon="10.0531730">
    <ele>79.0</ele>
   </trkpt>
   <trkpt lat="56.2791250" lon="10.0530920">
    <ele>79.2</ele>
   </trkpt>
   <trkpt lat="56.2791280" lon="10.0530110">
    <ele>79.6</ele>
   </trkpt>
   <trkpt lat="56.2791320" lon="10.0529290">
    <ele>79.6</ele>
   </trkpt>
   <trkpt lat="56.2791390" lon="10.0528490">
    <ele>79.8</ele>
   </trkpt>
   <trkpt lat="56.2791450" lon="10.0527670">
    <ele>79.8</ele>
   </trkpt>
   <trkpt lat="56.2791500" lon="10.0526840">
    <ele>80.0</ele>
   </trkpt>
   <trkpt lat="56.2791560" lon="10.0526020">
    <ele>80.2</ele>
   </trkpt>
   <trkpt lat="56.2791610" lon="10.0525210">
    <ele>80.4</ele>
   </trkpt>
   <trkpt lat="56.2791650" lon="10.0524390">
    <ele>80.6</ele>
   </trkpt>
   <trkpt lat="56.2791700" lon="10.0523590">
    <ele>80.8</ele>
   </trkpt>
   <trkpt lat="56.2791750" lon="10.0522720">
    <ele>81.0</ele>
   </trkpt>
   <trkpt lat="56.2791800" lon="10.0521820">
    <ele>81.0</ele>
   </trkpt>
   <trkpt lat="56.2791850" lon="10.0520880">
    <ele>81.2</ele>
   </trkpt>
   <trkpt lat="56.2791920" lon="10.0519930">
    <ele>81.4</ele>
   </trkpt>
   <trkpt lat="56.2791990" lon="10.0519000">
    <ele>81.4</ele>
   </trkpt>
   <trkpt lat="56.2792050" lon="10.0518070">
    <ele>81.6</ele>
   </trkpt>
   <trkpt lat="56.2792090" lon="10.0517150">
    <ele>81.8</ele>
   </trkpt>
   <trkpt lat="56.2792140" lon="10.0516230">
    <ele>82.0</ele>
   </trkpt>
   <trkpt lat="56.2792190" lon="10.0515310">
    <ele>82.2</ele>
   </trkpt>
   <trkpt lat="56.2792260" lon="10.0514400">
    <ele>82.2</ele>
   </trkpt>
   <trkpt lat="56.2792320" lon="10.0513500">
    <ele>82.4</ele>
   </trkpt>
   <trkpt lat="56.2792380" lon="10.0512620">
    <ele>82.6</ele>
   </trkpt>
   <trkpt lat="56.2792460" lon="10.0511720">
    <ele>82.6</ele>
   </trkpt>
   <trkpt lat="56.2792500" lon="10.0510810">
    <ele>82.8</ele>
   </trkpt>
   <trkpt lat="56.2792530" lon="10.0509900">
    <ele>82.8</ele>
   </trkpt>
   <trkpt lat="56.2792570" lon="10.0508980">
    <ele>83.0</ele>
   </trkpt>
   <trkpt lat="56.2792640" lon="10.0508060">
    <ele>83.2</ele>
   </trkpt>
   <trkpt lat="56.2792710" lon="10.0507110">
    <ele>83.2</ele>
   </trkpt>
   <trkpt lat="56.2792770" lon="10.0506140">
    <ele>83.2</ele>
   </trkpt>
   <trkpt lat="56.2792820" lon="10.0505140">
    <ele>83.0</ele>
   </trkpt>
   <trkpt lat="56.2792890" lon="10.0504140">
    <ele>83.0</ele>
   </trkpt>
   <trkpt lat="56.2792950" lon="10.0503120">
    <ele>82.8</ele>
   </trkpt>
   <trkpt lat="56.2793020" lon="10.0502080">
    <ele>82.6</ele>
   </trkpt>
   <trkpt lat="56.2793080" lon="10.0501040">
    <ele>82.6</ele>
   </trkpt>
   <trkpt lat="56.2793170" lon="10.0500010">
    <ele>82.4</ele>
   </trkpt>
   <trkpt lat="56.2793260" lon="10.0498980">
    <ele>82.2</ele>
   </trkpt>
   <trkpt lat="56.2793310" lon="10.0497930">
    <ele>82.2</ele>
   </trkpt>
   <trkpt lat="56.2793370" lon="10.0496860">
    <ele>82.2</ele>
   </trkpt>
   <trkpt lat="56.2793450" lon="10.0495760">
    <ele>82.2</ele>
   </trkpt>
   <trkpt lat="56.2793550" lon="10.0494660">
    <ele>82.2</ele>
   </trkpt>
   <trkpt lat="56.2793620" lon="10.0493520">
    <ele>82.2</ele>
   </trkpt>
   <trkpt lat="56.2793710" lon="10.0492370">
    <ele>82.2</ele>
   </trkpt>
   <trkpt lat="56.2793790" lon="10.0491230">
    <ele>82.2</ele>
   </trkpt>
   <trkpt lat="56.2793860" lon="10.0490070">
    <ele>82.0</ele>
   </trkpt>
   <trkpt lat="56.2793940" lon="10.0488880">
    <ele>81.8</ele>
   </trkpt>
   <trkpt lat="56.2794030" lon="10.0487660">
    <ele>81.6</ele>
   </trkpt>
   <trkpt lat="56.2794100" lon="10.0486400">
    <ele>81.4</ele>
   </trkpt>
   <trkpt lat="56.2794170" lon="10.0485120">
    <ele>81.2</ele>
   </trkpt>
   <trkpt lat="56.2794250" lon="10.0483830">
    <ele>81.0</ele>
   </trkpt>
   <trkpt lat="56.2794330" lon="10.0482530">
    <ele>80.8</ele>
   </trkpt>
   <trkpt lat="56.2794420" lon="10.0481230">
    <ele>80.6</ele>
   </trkpt>
   <trkpt lat="56.2794500" lon="10.0479950">
    <ele>80.4</ele>
   </trkpt>
   <trkpt lat="56.2794590" lon="10.0478660">
    <ele>80.4</ele>
   </trkpt>
   <trkpt lat="56.2794680" lon="10.0477350">
    <ele>80.2</ele>
   </trkpt>
   <trkpt lat="56.2794780" lon="10.0476040">
    <ele>80.0</ele>
   </trkpt>
   <trkpt lat="56.2794880" lon="10.0474710">
    <ele>79.8</ele>
   </trkpt>
   <trkpt lat="56.2794960" lon="10.0473360">
    <ele>79.4</ele>
   </trkpt>
   <trkpt lat="56.2795020" lon="10.0471950">
    <ele>79.2</ele>
   </trkpt>
   <trkpt lat="56.2795100" lon="10.0470520">
    <ele>79.0</ele>
   </trkpt>
   <trkpt lat="56.2795190" lon="10.0469080">
    <ele>79.0</ele>
   </trkpt>
   <trkpt lat="56.2795290" lon="10.0467630">
    <ele>78.8</ele>
   </trkpt>
   <trkpt lat="56.2795380" lon="10.0466190">
    <ele>78.8</ele>
   </trkpt>
   <trkpt lat="56.2795460" lon="10.0464760">
    <ele>78.6</ele>
   </trkpt>
   <trkpt lat="56.2795550" lon="10.0463320">
    <ele>78.6</ele>
   </trkpt>
   <trkpt lat="56.2795640" lon="10.0461890">
    <ele>78.6</ele>
   </trkpt>
   <trkpt lat="56.2795720" lon="10.0460440">
    <ele>78.4</ele>
   </trkpt>
   <trkpt lat="56.2795800" lon="10.0458990">
    <ele>78.2</ele>
   </trkpt>
   <trkpt lat="56.2795870" lon="10.0457560">
    <ele>78.0</ele>
   </trkpt>
   <trkpt lat="56.2795950" lon="10.0456140">
    <ele>77.8</ele>
   </trkpt>
   <trkpt lat="56.2796040" lon="10.0454740">
    <ele>77.6</ele>
   </trkpt>
   <trkpt lat="56.2796140" lon="10.0453370">
    <ele>77.4</ele>
   </trkpt>
   <trkpt lat="56.2796230" lon="10.0451980">
    <ele>77.6</ele>
   </trkpt>
   <trkpt lat="56.2796300" lon="10.0450600">
    <ele>77.6</ele>
   </trkpt>
   <trkpt lat="56.2796380" lon="10.0449190">
    <ele>77.8</ele>
   </trkpt>
   <trkpt lat="56.2796470" lon="10.0447800">
    <ele>77.8</ele>
   </trkpt>
   <trkpt lat="56.2796550" lon="10.0446430">
    <ele>77.8</ele>
   </trkpt>
   <trkpt lat="56.2796630" lon="10.0445080">
    <ele>77.8</ele>
   </trkpt>
   <trkpt lat="56.2796740" lon="10.0443750">
    <ele>77.6</ele>
   </trkpt>
   <trkpt lat="56.2796850" lon="10.0442450">
    <ele>77.6</ele>
   </trkpt>
   <trkpt lat="56.2796970" lon="10.0441190">
    <ele>77.6</ele>
   </trkpt>
   <trkpt lat="56.2797130" lon="10.0439990">
    <ele>77.6</ele>
   </trkpt>
   <trkpt lat="56.2797290" lon="10.0438840">
    <ele>77.6</ele>
   </trkpt>
   <trkpt lat="56.2797470" lon="10.0437730">
    <ele>77.6</ele>
   </trkpt>
   <trkpt lat="56.2797700" lon="10.0436670">
    <ele>77.6</ele>
   </trkpt>
   <trkpt lat="56.2797940" lon="10.0435620">
    <ele>77.6</ele>
   </trkpt>
   <trkpt lat="56.2798200" lon="10.0434600">
    <ele>77.6</ele>
   </trkpt>
   <trkpt lat="56.2798440" lon="10.0433560">
    <ele>77.6</ele>
   </trkpt>
   <trkpt lat="56.2798670" lon="10.0432500">
    <ele>77.4</ele>
   </trkpt>
   <trkpt lat="56.2798920" lon="10.0431420">
    <ele>77.0</ele>
   </trkpt>
   <trkpt lat="56.2799180" lon="10.0430360">
    <ele>76.6</ele>
   </trkpt>
   <trkpt lat="56.2799440" lon="10.0429300">
    <ele>76.4</ele>
   </trkpt>
   <trkpt lat="56.2799700" lon="10.0428240">
    <ele>76.0</ele>
   </trkpt>
   <trkpt lat="56.2799980" lon="10.0427170">
    <ele>75.6</ele>
   </trkpt>
   <trkpt lat="56.2800240" lon="10.0426020">
    <ele>75.2</ele>
   </trkpt>
   <trkpt lat="56.2800480" lon="10.0424820">
    <ele>74.8</ele>
   </trkpt>
   <trkpt lat="56.2800690" lon="10.0423620">
    <ele>74.2</ele>
   </trkpt>
   <trkpt lat="56.2800880" lon="10.0422370">
    <ele>73.8</ele>
   </trkpt>
   <trkpt lat="56.2801030" lon="10.0421090">
    <ele>73.0</ele>
   </trkpt>
   <trkpt lat="56.2801140" lon="10.0419820">
    <ele>72.4</ele>
   </trkpt>
   <trkpt lat="56.2801200" lon="10.0418580">
    <ele>71.8</ele>
   </trkpt>
   <trkpt lat="56.2801220" lon="10.0417400">
    <ele>71.4</ele>
   </trkpt>
   <trkpt lat="56.2801240" lon="10.0416320">
    <ele>71.0</ele>
   </trkpt>
   <trkpt lat="56.2801270" lon="10.0415340">
    <ele>70.8</ele>
   </trkpt>
   <trkpt lat="56.2801310" lon="10.0414490">
    <ele>70.6</ele>
   </trkpt>
   <trkpt lat="56.2801320" lon="10.0413790">
    <ele>70.4</ele>
   </trkpt>
   <trkpt lat="56.2801310" lon="10.0413220">
    <ele>70.4</ele>
   </trkpt>
   <trkpt lat="56.2801250" lon="10.0412710">
    <ele>70.2</ele>
   </trkpt>
   <trkpt lat="56.2801090" lon="10.0412220">
    <ele>70.2</ele>
   </trkpt>
   <trkpt lat="56.2800840" lon="10.0411780">
    <ele>70.2</ele>
   </trkpt>
   <trkpt lat="56.2800480" lon="10.0411490">
    <ele>70.2</ele>
   </trkpt>
   <trkpt lat="56.2800040" lon="10.0411360">
    <ele>70.2</ele>
   </trkpt>
   <trkpt lat="56.2799540" lon="10.0411330">
    <ele>70.2</ele>
   </trkpt>
   <trkpt lat="56.2799000" lon="10.0411390">
    <ele>70.0</ele>
   </trkpt>
   <trkpt lat="56.2798420" lon="10.0411490">
    <ele>69.8</ele>
   </trkpt>
   <trkpt lat="56.2797810" lon="10.0411640">
    <ele>69.6</ele>
   </trkpt>
   <trkpt lat="56.2797180" lon="10.0411810">
    <ele>69.4</ele>
   </trkpt>
   <trkpt lat="56.2796550" lon="10.0411960">
    <ele>69.2</ele>
   </trkpt>
   <trkpt lat="56.2795910" lon="10.0412030">
    <ele>68.8</ele>
   </trkpt>
   <trkpt lat="56.2795280" lon="10.0411980">
    <ele>68.4</ele>
   </trkpt>
   <trkpt lat="56.2794700" lon="10.0411590">
    <ele>68.2</ele>
   </trkpt>
   <trkpt lat="56.2794250" lon="10.0410830">
    <ele>67.8</ele>
   </trkpt>
   <trkpt lat="56.2793980" lon="10.0409820">
    <ele>67.4</ele>
   </trkpt>
   <trkpt lat="56.2793850" lon="10.0408670">
    <ele>67.2</ele>
   </trkpt>
   <trkpt lat="56.2793840" lon="10.0407480">
    <ele>67.0</ele>
   </trkpt>
   <trkpt lat="56.2793860" lon="10.0406240">
    <ele>66.8</ele>
   </trkpt>
   <trkpt lat="56.2793930" lon="10.0404960">
    <ele>66.6</ele>
   </trkpt>
   <trkpt lat="56.2794050" lon="10.0403630">
    <ele>66.2</ele>
   </trkpt>
   <trkpt lat="56.2794180" lon="10.0402270">
    <ele>65.6</ele>
   </trkpt>
   <trkpt lat="56.2794340" lon="10.0400870">
    <ele>65.0</ele>
   </trkpt>
   <trkpt lat="56.2794510" lon="10.0399400">
    <ele>64.4</ele>
   </trkpt>
   <trkpt lat="56.2794710" lon="10.0397880">
    <ele>63.8</ele>
   </trkpt>
   <trkpt lat="56.2794910" lon="10.0396320">
    <ele>63.2</ele>
   </trkpt>
   <trkpt lat="56.2795140" lon="10.0394760">
    <ele>62.8</ele>
   </trkpt>
   <trkpt lat="56.2795380" lon="10.0393180">
    <ele>62.2</ele>
   </trkpt>
   <trkpt lat="56.2795620" lon="10.0391590">
    <ele>61.6</ele>
   </trkpt>
   <trkpt lat="56.2795890" lon="10.0390040">
    <ele>61.0</ele>
   </trkpt>
   <trkpt lat="56.2796170" lon="10.0388530">
    <ele>60.4</ele>
   </trkpt>
   <trkpt lat="56.2796480" lon="10.0387070">
    <ele>60.0</ele>
   </trkpt>
   <trkpt lat="56.2796790" lon="10.0385630">
    <ele>59.8</ele>
   </trkpt>
   <trkpt lat="56.2797120" lon="10.0384230">
    <ele>59.6</ele>
   </trkpt>
   <trkpt lat="56.2797510" lon="10.0382880">
    <ele>59.4</ele>
   </trkpt>
   <trkpt lat="56.2797940" lon="10.0381580">
    <ele>59.2</ele>
   </trkpt>
   <trkpt lat="56.2798390" lon="10.0380310">
    <ele>59.0</ele>
   </trkpt>
   <trkpt lat="56.2798850" lon="10.0379020">
    <ele>58.8</ele>
   </trkpt>
   <trkpt lat="56.2799310" lon="10.0377710">
    <ele>58.6</ele>
   </trkpt>
   <trkpt lat="56.2799740" lon="10.0376370">
    <ele>58.2</ele>
   </trkpt>
   <trkpt lat="56.2800140" lon="10.0374990">
    <ele>58.0</ele>
   </trkpt>
   <trkpt lat="56.2800490" lon="10.0373580">
    <ele>57.8</ele>
   </trkpt>
   <trkpt lat="56.2800820" lon="10.0372140">
    <ele>57.6</ele>
   </trkpt>
   <trkpt lat="56.2801080" lon="10.0370640">
    <ele>57.2</ele>
   </trkpt>
   <trkpt lat="56.2801300" lon="10.0369120">
    <ele>57.0</ele>
   </trkpt>
   <trkpt lat="56.2801490" lon="10.0367600">
    <ele>56.8</ele>
   </trkpt>
   <trkpt lat="56.2801630" lon="10.0366070">
    <ele>56.8</ele>
   </trkpt>
   <trkpt lat="56.2801740" lon="10.0364550">
    <ele>56.6</ele>
   </trkpt>
   <trkpt lat="56.2801830" lon="10.0363050">
    <ele>56.8</ele>
   </trkpt>
   <trkpt lat="56.2801880" lon="10.0361600">
    <ele>56.8</ele>
   </trkpt>
   <trkpt lat="56.2801930" lon="10.0360200">
    <ele>57.0</ele>
   </trkpt>
   <trkpt lat="56.2801980" lon="10.0358850">
    <ele>57.2</ele>
   </trkpt>
   <trkpt lat="56.2802030" lon="10.0357550">
    <ele>57.6</ele>
   </trkpt>
   <trkpt lat="56.2802090" lon="10.0356280">
    <ele>57.8</ele>
   </trkpt>
   <trkpt lat="56.2802130" lon="10.0355080">
    <ele>58.2</ele>
   </trkpt>
   <trkpt lat="56.2802160" lon="10.0353960">
    <ele>58.6</ele>
   </trkpt>
   <trkpt lat="56.2802190" lon="10.0352860">
    <ele>58.8</ele>
   </trkpt>
   <trkpt lat="56.2802230" lon="10.0351760">
    <ele>59.2</ele>
   </trkpt>
   <trkpt lat="56.2802280" lon="10.0350700">
    <ele>59.4</ele>
   </trkpt>
   <trkpt lat="56.2802350" lon="10.0349640">
    <ele>59.6</ele>
   </trkpt>
   <trkpt lat="56.2802450" lon="10.0348600">
    <ele>59.6</ele>
   </trkpt>
   <trkpt lat="56.2802550" lon="10.0347610">
    <ele>59.8</ele>
   </trkpt>
   <trkpt lat="56.2802650" lon="10.0346630">
    <ele>60.0</ele>
   </trkpt>
   <trkpt lat="56.2802770" lon="10.0345680">
    <ele>60.2</ele>
   </trkpt>
   <trkpt lat="56.2802900" lon="10.0344780">
    <ele>60.4</ele>
   </trkpt>
   <trkpt lat="56.2803050" lon="10.0343920">
    <ele>60.8</ele>
   </trkpt>
   <trkpt lat="56.2803210" lon="10.0343100">
    <ele>61.0</ele>
   </trkpt>
   <trkpt lat="56.2803380" lon="10.0342310">
    <ele>61.2</ele>
   </trkpt>
   <trkpt lat="56.2803560" lon="10.0341560">
    <ele>61.4</ele>
   </trkpt>
   <trkpt lat="56.2803750" lon="10.0340770">
    <ele>61.8</ele>
   </trkpt>
   <trkpt lat="56.2803930" lon="10.0339980">
    <ele>62.0</ele>
   </trkpt>
   <trkpt lat="56.2804130" lon="10.0339210">
    <ele>62.2</ele>
   </trkpt>
   <trkpt lat="56.2804340" lon="10.0338450">
    <ele>62.4</ele>
   </trkpt>
   <trkpt lat="56.2804560" lon="10.0337710">
    <ele>62.6</ele>
   </trkpt>
   <trkpt lat="56.2804790" lon="10.0336990">
    <ele>63.0</ele>
   </trkpt>
   <trkpt lat="56.2805020" lon="10.0336280">
    <ele>63.2</ele>
   </trkpt>
   <trkpt lat="56.2805240" lon="10.0335580">
    <ele>63.6</ele>
   </trkpt>
   <trkpt lat="56.2805460" lon="10.0334860">
    <ele>63.8</ele>
   </trkpt>
   <trkpt lat="56.2805670" lon="10.0334150">
    <ele>64.0</ele>
   </trkpt>
   <trkpt lat="56.2805890" lon="10.0333460">
    <ele>64.4</ele>
   </trkpt>
   <trkpt lat="56.2806100" lon="10.0332800">
    <ele>64.6</ele>
   </trkpt>
   <trkpt lat="56.2806310" lon="10.0332150">
    <ele>64.8</ele>
   </trkpt>
   <trkpt lat="56.2806510" lon="10.0331500">
    <ele>65.2</ele>
   </trkpt>
   <trkpt lat="56.2806700" lon="10.0330850">
    <ele>65.6</ele>
   </trkpt>
   <trkpt lat="56.2806900" lon="10.0330180">
    <ele>66.0</ele>
   </trkpt>
   <trkpt lat="56.2807110" lon="10.0329540">
    <ele>66.2</ele>
   </trkpt>
   <trkpt lat="56.2807330" lon="10.0328880">
    <ele>66.4</ele>
   </trkpt>
   <trkpt lat="56.2807540" lon="10.0328230">
    <ele>66.6</ele>
   </trkpt>
   <trkpt lat="56.2807750" lon="10.0327600">
    <ele>66.8</ele>
   </trkpt>
   <trkpt lat="56.2807960" lon="10.0326970">
    <ele>67.0</ele>
   </trkpt>
   <trkpt lat="56.2808180" lon="10.0326330">
    <ele>67.4</ele>
   </trkpt>
   <trkpt lat="56.2808380" lon="10.0325670">
    <ele>67.6</ele>
   </trkpt>
   <trkpt lat="56.2808580" lon="10.0325020">
    <ele>67.8</ele>
   </trkpt>
   <trkpt lat="56.2808800" lon="10.0324370">
    <ele>67.8</ele>
   </trkpt>
   <trkpt lat="56.2809020" lon="10.0323710">
    <ele>68.0</ele>
   </trkpt>
   <trkpt lat="56.2809250" lon="10.0323030">
    <ele>68.2</ele>
   </trkpt>
   <trkpt lat="56.2809480" lon="10.0322330">
    <ele>68.2</ele>
   </trkpt>
   <trkpt lat="56.2809690" lon="10.0321620">
    <ele>68.2</ele>
   </trkpt>
   <trkpt lat="56.2809910" lon="10.0320910">
    <ele>68.4</ele>
   </trkpt>
   <trkpt lat="56.2810140" lon="10.0320220">
    <ele>68.6</ele>
   </trkpt>
   <trkpt lat="56.2810360" lon="10.0319530">
    <ele>68.6</ele>
   </trkpt>
   <trkpt lat="56.2810570" lon="10.0318840">
    <ele>68.4</ele>
   </trkpt>
   <trkpt lat="56.2810770" lon="10.0318190">
    <ele>68.4</ele>
   </trkpt>
   <trkpt lat="56.2810980" lon="10.0317560">
    <ele>68.4</ele>
   </trkpt>
   <trkpt lat="56.2811190" lon="10.0316960">
    <ele>68.6</ele>
   </trkpt>
   <trkpt lat="56.2811390" lon="10.0316350">
    <ele>68.6</ele>
   </trkpt>
   <trkpt lat="56.2811580" lon="10.0315770">
    <ele>68.8</ele>
   </trkpt>
   <trkpt lat="56.2811780" lon="10.0315180">
    <ele>69.0</ele>
   </trkpt>
   <trkpt lat="56.2811970" lon="10.0314620">
    <ele>69.4</ele>
   </trkpt>
   <trkpt lat="56.2812160" lon="10.0314060">
    <ele>69.4</ele>
   </trkpt>
   <trkpt lat="56.2812330" lon="10.0313490">
    <ele>69.6</ele>
   </trkpt>
   <trkpt lat="56.2812520" lon="10.0312910">
    <ele>69.8</ele>
   </trkpt>
   <trkpt lat="56.2812710" lon="10.0312340">
    <ele>70.0</ele>
   </trkpt>
   <trkpt lat="56.2812920" lon="10.0311740">
    <ele>70.0</ele>
   </trkpt>
   <trkpt lat="56.2813110" lon="10.0311130">
    <ele>70.0</ele>
   </trkpt>
   <trkpt lat="56.2813300" lon="10.0310500">
    <ele>70.2</ele>
   </trkpt>
   <trkpt lat="56.2813500" lon="10.0309860">
    <ele>70.2</ele>
   </trkpt>
   <trkpt lat="56.2813700" lon="10.0309220">
    <ele>70.2</ele>
   </trkpt>
   <trkpt lat="56.2813890" lon="10.0308600">
    <ele>70.4</ele>
   </trkpt>
   <trkpt lat="56.2814090" lon="10.0307940">
    <ele>70.4</ele>
   </trkpt>
   <trkpt lat="56.2814290" lon="10.0307290">
    <ele>70.4</ele>
   </trkpt>
   <trkpt lat="56.2814480" lon="10.0306640">
    <ele>70.4</ele>
   </trkpt>
   <trkpt lat="56.2814670" lon="10.0306010">
    <ele>70.4</ele>
   </trkpt>
   <trkpt lat="56.2814880" lon="10.0305380">
    <ele>70.4</ele>
   </trkpt>
   <trkpt lat="56.2815070" lon="10.0304730">
    <ele>70.6</ele>
   </trkpt>
   <trkpt lat="56.2815260" lon="10.0304070">
    <ele>70.6</ele>
   </trkpt>
   <trkpt lat="56.2815470" lon="10.0303460">
    <ele>70.8</ele>
   </trkpt>
   <trkpt lat="56.2815680" lon="10.0302820">
    <ele>70.8</ele>
   </trkpt>
   <trkpt lat="56.2815880" lon="10.0302200">
    <ele>70.8</ele>
   </trkpt>
   <trkpt lat="56.2816070" lon="10.0301590">
    <ele>71.0</ele>
   </trkpt>
   <trkpt lat="56.2816270" lon="10.0300970">
    <ele>71.2</ele>
   </trkpt>
   <trkpt lat="56.2816470" lon="10.0300360">
    <ele>71.4</ele>
   </trkpt>
   <trkpt lat="56.2816660" lon="10.0299760">
    <ele>71.4</ele>
   </trkpt>
   <trkpt lat="56.2816860" lon="10.0299160">
    <ele>71.6</ele>
   </trkpt>
   <trkpt lat="56.2817070" lon="10.0298580">
    <ele>71.8</ele>
   </trkpt>
   <trkpt lat="56.2817260" lon="10.0297970">
    <ele>72.0</ele>
   </trkpt>
   <trkpt lat="56.2817450" lon="10.0297360">
    <ele>72.2</ele>
   </trkpt>
   <trkpt lat="56.2817650" lon="10.0296770">
    <ele>72.4</ele>
   </trkpt>
   <trkpt lat="56.2817840" lon="10.0296170">
    <ele>72.6</ele>
   </trkpt>
   <trkpt lat="56.2818040" lon="10.0295550">
    <ele>72.8</ele>
   </trkpt>
   <trkpt lat="56.2818220" lon="10.0294930">
    <ele>72.8</ele>
   </trkpt>
   <trkpt lat="56.2818440" lon="10.0294340">
    <ele>73.0</ele>
   </trkpt>
   <trkpt lat="56.2818640" lon="10.0293760">
    <ele>73.2</ele>
   </trkpt>
   <trkpt lat="56.2818820" lon="10.0293130">
    <ele>73.2</ele>
   </trkpt>
   <trkpt lat="56.2818990" lon="10.0292540">
    <ele>73.4</ele>
   </trkpt>
   <trkpt lat="56.2819180" lon="10.0291930">
    <ele>73.4</ele>
   </trkpt>
   <trkpt lat="56.2819380" lon="10.0291330">
    <ele>73.4</ele>
   </trkpt>
   <trkpt lat="56.2819560" lon="10.0290720">
    <ele>73.6</ele>
   </trkpt>
   <trkpt lat="56.2819740" lon="10.0290110">
    <ele>73.6</ele>
   </trkpt>
   <trkpt lat="56.2819930" lon="10.0289510">
    <ele>73.8</ele>
   </trkpt>
   <trkpt lat="56.2820120" lon="10.0288890">
    <ele>74.0</ele>
   </trkpt>
   <trkpt lat="56.2820300" lon="10.0288270">
    <ele>74.0</ele>
   </trkpt>
   <trkpt lat="56.2820490" lon="10.0287650">
    <ele>74.2</ele>
   </trkpt>
   <trkpt lat="56.2820700" lon="10.0287050">
    <ele>74.4</ele>
   </trkpt>
   <trkpt lat="56.2820920" lon="10.0286450">
    <ele>74.6</ele>
   </trkpt>
   <trkpt lat="56.2821100" lon="10.0285850">
    <ele>74.6</ele>
   </trkpt>
   <trkpt lat="56.2821280" lon="10.0285230">
    <ele>74.8</ele>
   </trkpt>
   <trkpt lat="56.2821480" lon="10.0284610">
    <ele>74.8</ele>
   </trkpt>
   <trkpt lat="56.2821670" lon="10.0284020">
    <ele>75.0</ele>
   </trkpt>
   <trkpt lat="56.2821860" lon="10.0283440">
    <ele>75.2</ele>
   </trkpt>
   <trkpt lat="56.2822050" lon="10.0282860">
    <ele>75.4</ele>
   </trkpt>
   <trkpt lat="56.2822250" lon="10.0282250">
    <ele>75.6</ele>
   </trkpt>
   <trkpt lat="56.2822450" lon="10.0281650">
    <ele>75.8</ele>
   </trkpt>
   <trkpt lat="56.2822650" lon="10.0281030">
    <ele>76.2</ele>
   </trkpt>
   <trkpt lat="56.2822840" lon="10.0280410">
    <ele>76.2</ele>
   </trkpt>
   <trkpt lat="56.2823040" lon="10.0279790">
    <ele>76.4</ele>
   </trkpt>
   <trkpt lat="56.2823220" lon="10.0279150">
    <ele>76.4</ele>
   </trkpt>
   <trkpt lat="56.2823410" lon="10.0278530">
    <ele>76.4</ele>
   </trkpt>
   <trkpt lat="56.2823620" lon="10.0277890">
    <ele>76.4</ele>
   </trkpt>
   <trkpt lat="56.2823830" lon="10.0277260">
    <ele>76.4</ele>
   </trkpt>
   <trkpt lat="56.2824040" lon="10.0276630">
    <ele>76.4</ele>
   </trkpt>
   <trkpt lat="56.2824260" lon="10.0275980">
    <ele>76.6</ele>
   </trkpt>
   <trkpt lat="56.2824470" lon="10.0275330">
    <ele>76.6</ele>
   </trkpt>
   <trkpt lat="56.2824680" lon="10.0274710">
    <ele>76.6</ele>
   </trkpt>
   <trkpt lat="56.2824890" lon="10.0274080">
    <ele>76.8</ele>
   </trkpt>
   <trkpt lat="56.2825090" lon="10.0273450">
    <ele>76.8</ele>
   </trkpt>
   <trkpt lat="56.2825290" lon="10.0272800">
    <ele>76.8</ele>
   </trkpt>
   <trkpt lat="56.2825490" lon="10.0272170">
    <ele>76.8</ele>
   </trkpt>
   <trkpt lat="56.2825670" lon="10.0271550">
    <ele>76.8</ele>
   </trkpt>
   <trkpt lat="56.2825860" lon="10.0270900">
    <ele>77.0</ele>
   </trkpt>
   <trkpt lat="56.2826060" lon="10.0270260">
    <ele>77.0</ele>
   </trkpt>
   <trkpt lat="56.2826280" lon="10.0269610">
    <ele>77.0</ele>
   </trkpt>
   <trkpt lat="56.2826500" lon="10.0268950">
    <ele>77.0</ele>
   </trkpt>
   <trkpt lat="56.2826710" lon="10.0268290">
    <ele>77.2</ele>
   </trkpt>
   <trkpt lat="56.2826930" lon="10.0267630">
    <ele>77.2</ele>
   </trkpt>
   <trkpt lat="56.2827170" lon="10.0266960">
    <ele>77.2</ele>
   </trkpt>
   <trkpt lat="56.2827410" lon="10.0266260">
    <ele>77.0</ele>
   </trkpt>
   <trkpt lat="56.2827620" lon="10.0265550">
    <ele>77.0</ele>
   </trkpt>
   <trkpt lat="56.2827830" lon="10.0264830">
    <ele>76.8</ele>
   </trkpt>
   <trkpt lat="56.2828040" lon="10.0264120">
    <ele>76.8</ele>
   </trkpt>
   <trkpt lat="56.2828270" lon="10.0263420">
    <ele>76.8</ele>
   </trkpt>
   <trkpt lat="56.2828480" lon="10.0262720">
    <ele>76.8</ele>
   </trkpt>
   <trkpt lat="56.2828700" lon="10.0262000">
    <ele>77.0</ele>
   </trkpt>
   <trkpt lat="56.2828930" lon="10.0261290">
    <ele>77.0</ele>
   </trkpt>
   <trkpt lat="56.2829170" lon="10.0260580">
    <ele>77.0</ele>
   </trkpt>
   <trkpt lat="56.2829410" lon="10.0259870">
    <ele>77.0</ele>
   </trkpt>
   <trkpt lat="56.2829630" lon="10.0259150">
    <ele>77.0</ele>
   </trkpt>
   <trkpt lat="56.2829840" lon="10.0258430">
    <ele>76.8</ele>
   </trkpt>
   <trkpt lat="56.2830060" lon="10.0257750">
    <ele>76.8</ele>
   </trkpt>
   <trkpt lat="56.2830290" lon="10.0257070">
    <ele>76.8</ele>
   </trkpt>
   <trkpt lat="56.2830520" lon="10.0256400">
    <ele>76.8</ele>
   </trkpt>
   <trkpt lat="56.2830760" lon="10.0255740">
    <ele>77.0</ele>
   </trkpt>
   <trkpt lat="56.2830970" lon="10.0255080">
    <ele>77.2</ele>
   </trkpt>
   <trkpt lat="56.2831150" lon="10.0254400">
    <ele>77.4</ele>
   </trkpt>
   <trkpt lat="56.2831340" lon="10.0253720">
    <ele>77.6</ele>
   </trkpt>
   <trkpt lat="56.2831540" lon="10.0253070">
    <ele>77.8</ele>
   </trkpt>
   <trkpt lat="56.2831740" lon="10.0252420">
    <ele>78.0</ele>
   </trkpt>
   <trkpt lat="56.2831930" lon="10.0251760">
    <ele>78.2</ele>
   </trkpt>
   <trkpt lat="56.2832110" lon="10.0251130">
    <ele>78.4</ele>
   </trkpt>
   <trkpt lat="56.2832320" lon="10.0250490">
    <ele>78.6</ele>
   </trkpt>
   <trkpt lat="56.2832540" lon="10.0249850">
    <ele>78.8</ele>
   </trkpt>
   <trkpt lat="56.2832760" lon="10.0249190">
    <ele>79.2</ele>
   </trkpt>
   <trkpt lat="56.2832970" lon="10.0248560">
    <ele>79.4</ele>
   </trkpt>
   <trkpt lat="56.2833190" lon="10.0247930">
    <ele>79.6</ele>
   </trkpt>
   <trkpt lat="56.2833420" lon="10.0247250">
    <ele>79.8</ele>
   </trkpt>
   <trkpt lat="56.2833650" lon="10.0246620">
    <ele>79.8</ele>
   </trkpt>
   <trkpt lat="56.2833870" lon="10.0246010">
    <ele>79.8</ele>
   </trkpt>
   <trkpt lat="56.2834080" lon="10.0245390">
    <ele>79.8</ele>
   </trkpt>
   <trkpt lat="56.2834280" lon="10.0244720">
    <ele>80.0</ele>
   </trkpt>
   <trkpt lat="56.2834490" lon="10.0244060">
    <ele>80.0</ele>
   </trkpt>
   <trkpt lat="56.2834700" lon="10.0243390">
    <ele>80.0</ele>
   </trkpt>
   <trkpt lat="56.2834920" lon="10.0242710">
    <ele>80.2</ele>
   </trkpt>
   <trkpt lat="56.2835140" lon="10.0242040">
    <ele>80.4</ele>
   </trkpt>
   <trkpt lat="56.2835360" lon="10.0241380">
    <ele>80.4</ele>
   </trkpt>
   <trkpt lat="56.2835580" lon="10.0240710">
    <ele>80.6</ele>
   </trkpt>
   <trkpt lat="56.2835770" lon="10.0240040">
    <ele>80.8</ele>
   </trkpt>
   <trkpt lat="56.2835970" lon="10.0239370">
    <ele>81.0</ele>
   </trkpt>
   <trkpt lat="56.2836160" lon="10.0238690">
    <ele>81.0</ele>
   </trkpt>
   <trkpt lat="56.2836360" lon="10.0238010">
    <ele>81.0</ele>
   </trkpt>
   <trkpt lat="56.2836570" lon="10.0237350">
    <ele>81.0</ele>
   </trkpt>
   <trkpt lat="56.2836780" lon="10.0236660">
    <ele>81.0</ele>
   </trkpt>
   <trkpt lat="56.2836970" lon="10.0235940">
    <ele>81.2</ele>
   </trkpt>
   <trkpt lat="56.2837160" lon="10.0235210">
    <ele>81.2</ele>
   </trkpt>
   <trkpt lat="56.2837370" lon="10.0234460">
    <ele>81.2</ele>
   </trkpt>
   <trkpt lat="56.2837560" lon="10.0233690">
    <ele>81.4</ele>
   </trkpt>
   <trkpt lat="56.2837770" lon="10.0232890">
    <ele>81.4</ele>
   </trkpt>
   <trkpt lat="56.2838000" lon="10.0232070">
    <ele>81.4</ele>
   </trkpt>
   <trkpt lat="56.2838240" lon="10.0231260">
    <ele>81.4</ele>
   </trkpt>
   <trkpt lat="56.2838490" lon="10.0230460">
    <ele>81.4</ele>
   </trkpt>
   <trkpt lat="56.2838700" lon="10.0229620">
    <ele>81.4</ele>
   </trkpt>
   <trkpt lat="56.2838930" lon="10.0228770">
    <ele>81.4</ele>
   </trkpt>
   <trkpt lat="56.2839160" lon="10.0227910">
    <ele>81.4</ele>
   </trkpt>
   <trkpt lat="56.2839410" lon="10.0227010">
    <ele>81.6</ele>
   </trkpt>
   <trkpt lat="56.2839670" lon="10.0226120">
    <ele>81.6</ele>
   </trkpt>
   <trkpt lat="56.2839930" lon="10.0225210">
    <ele>81.6</ele>
   </trkpt>
   <trkpt lat="56.2840190" lon="10.0224280">
    <ele>81.6</ele>
   </trkpt>
   <trkpt lat="56.2840440" lon="10.0223340">
    <ele>81.6</ele>
   </trkpt>
   <trkpt lat="56.2840680" lon="10.0222410">
    <ele>81.6</ele>
   </trkpt>
   <trkpt lat="56.2840920" lon="10.0221490">
    <ele>81.8</ele>
   </trkpt>
   <trkpt lat="56.2841180" lon="10.0220560">
    <ele>81.8</ele>
   </trkpt>
   <trkpt lat="56.2841440" lon="10.0219620">
    <ele>82.0</ele>
   </trkpt>
   <trkpt lat="56.2841710" lon="10.0218690">
    <ele>82.2</ele>
   </trkpt>
   <trkpt lat="56.2841970" lon="10.0217760">
    <ele>82.4</ele>
   </trkpt>
   <trkpt lat="56.2842220" lon="10.0216800">
    <ele>82.6</ele>
   </trkpt>
   <trkpt lat="56.2842480" lon="10.0215840">
    <ele>82.6</ele>
   </trkpt>
   <trkpt lat="56.2842740" lon="10.0214890">
    <ele>82.6</ele>
   </trkpt>
   <trkpt lat="56.2842980" lon="10.0213920">
    <ele>82.8</ele>
   </trkpt>
   <trkpt lat="56.2843220" lon="10.0212950">
    <ele>82.8</ele>
   </trkpt>
   <trkpt lat="56.2843470" lon="10.0211960">
    <ele>83.0</ele>
   </trkpt>
   <trkpt lat="56.2843710" lon="10.0210960">
    <ele>83.0</ele>
   </trkpt>
   <trkpt lat="56.2843960" lon="10.0209960">
    <ele>83.2</ele>
   </trkpt>
   <trkpt lat="56.2844220" lon="10.0208990">
    <ele>83.2</ele>
   </trkpt>
   <trkpt lat="56.2844460" lon="10.0208030">
    <ele>83.2</ele>
   </trkpt>
   <trkpt lat="56.2844710" lon="10.0207080">
    <ele>83.2</ele>
   </trkpt>
   <trkpt lat="56.2844970" lon="10.0206140">
    <ele>83.2</ele>
   </trkpt>
   <trkpt lat="56.2845230" lon="10.0205250">
    <ele>83.2</ele>
   </trkpt>
   <trkpt lat="56.2845460" lon="10.0204420">
    <ele>83.2</ele>
   </trkpt>
   <trkpt lat="56.2845710" lon="10.0203560">
    <ele>83.4</ele>
   </trkpt>
   <trkpt lat="56.2845990" lon="10.0202680">
    <ele>83.6</ele>
   </trkpt>
   <trkpt lat="56.2846240" lon="10.0201800">
    <ele>83.8</ele>
   </trkpt>
   <trkpt lat="56.2846490" lon="10.0200910">
    <ele>84.0</ele>
   </trkpt>
   <trkpt lat="56.2846730" lon="10.0200030">
    <ele>84.2</ele>
   </trkpt>
   <trkpt lat="56.2846980" lon="10.0199140">
    <ele>84.4</ele>
   </trkpt>
   <trkpt lat="56.2847230" lon="10.0198260">
    <ele>84.6</ele>
   </trkpt>
   <trkpt lat="56.2847480" lon="10.0197390">
    <ele>84.6</ele>
   </trkpt>
   <trkpt lat="56.2847720" lon="10.0196530">
    <ele>84.6</ele>
   </trkpt>
   <trkpt lat="56.2847970" lon="10.0195670">
    <ele>84.6</ele>
   </trkpt>
   <trkpt lat="56.2848230" lon="10.0194760">
    <ele>84.4</ele>
   </trkpt>
   <trkpt lat="56.2848500" lon="10.0193830">
    <ele>84.4</ele>
   </trkpt>
   <trkpt lat="56.2848790" lon="10.0192870">
    <ele>84.6</ele>
   </trkpt>
   <trkpt lat="56.2849090" lon="10.0191860">
    <ele>84.6</ele>
   </trkpt>
   <trkpt lat="56.2849370" lon="10.0190850">
    <ele>84.6</ele>
   </trkpt>
   <trkpt lat="56.2849640" lon="10.0189870">
    <ele>84.6</ele>
   </trkpt>
   <trkpt lat="56.2849920" lon="10.0188860">
    <ele>84.4</ele>
   </trkpt>
   <trkpt lat="56.2850210" lon="10.0187860">
    <ele>84.2</ele>
   </trkpt>
   <trkpt lat="56.2850510" lon="10.0186850">
    <ele>84.0</ele>
   </trkpt>
   <trkpt lat="56.2850820" lon="10.0185830">
    <ele>84.2</ele>
   </trkpt>
   <trkpt lat="56.2851090" lon="10.0184820">
    <ele>84.6</ele>
   </trkpt>
   <trkpt lat="56.2851330" lon="10.0183800">
    <ele>84.8</ele>
   </trkpt>
   <trkpt lat="56.2851590" lon="10.0182800">
    <ele>85.0</ele>
   </trkpt>
   <trkpt lat="56.2851830" lon="10.0181830">
    <ele>85.4</ele>
   </trkpt>
   <trkpt lat="56.2852030" lon="10.0180820">
    <ele>85.2</ele>
   </trkpt>
   <trkpt lat="56.2852250" lon="10.0179860">
    <ele>85.0</ele>
   </trkpt>
   <trkpt lat="56.2852480" lon="10.0178890">
    <ele>85.0</ele>
   </trkpt>
   <trkpt lat="56.2852720" lon="10.0177940">
    <ele>84.8</ele>
   </trkpt>
   <trkpt lat="56.2852980" lon="10.0177020">
    <ele>84.6</ele>
   </trkpt>
   <trkpt lat="56.2853230" lon="10.0176100">
    <ele>84.6</ele>
   </trkpt>
   <trkpt lat="56.2853490" lon="10.0175150">
    <ele>84.4</ele>
   </trkpt>
   <trkpt lat="56.2853770" lon="10.0174190">
    <ele>84.4</ele>
   </trkpt>
   <trkpt lat="56.2854060" lon="10.0173250">
    <ele>84.2</ele>
   </trkpt>
   <trkpt lat="56.2854340" lon="10.0172270">
    <ele>84.0</ele>
   </trkpt>
   <trkpt lat="56.2854590" lon="10.0171310">
    <ele>84.0</ele>
   </trkpt>
   <trkpt lat="56.2854820" lon="10.0170310">
    <ele>84.0</ele>
   </trkpt>
   <trkpt lat="56.2855060" lon="10.0169330">
    <ele>84.0</ele>
   </trkpt>
   <trkpt lat="56.2855330" lon="10.0168370">
    <ele>84.0</ele>
   </trkpt>
   <trkpt lat="56.2855620" lon="10.0167440">
    <ele>84.0</ele>
   </trkpt>
   <trkpt lat="56.2855860" lon="10.0166480">
    <ele>84.0</ele>
   </trkpt>
   <trkpt lat="56.2856110" lon="10.0165530">
    <ele>84.0</ele>
   </trkpt>
   <trkpt lat="56.2856360" lon="10.0164590">
    <ele>84.0</ele>
   </trkpt>
   <trkpt lat="56.2856600" lon="10.0163640">
    <ele>83.8</ele>
   </trkpt>
   <trkpt lat="56.2856880" lon="10.0162700">
    <ele>83.8</ele>
   </trkpt>
   <trkpt lat="56.2857150" lon="10.0161750">
    <ele>83.8</ele>
   </trkpt>
   <trkpt lat="56.2857420" lon="10.0160780">
    <ele>83.6</ele>
   </trkpt>
   <trkpt lat="56.2857680" lon="10.0159820">
    <ele>83.6</ele>
   </trkpt>
   <trkpt lat="56.2857940" lon="10.0158850">
    <ele>83.8</ele>
   </trkpt>
   <trkpt lat="56.2858190" lon="10.0157860">
    <ele>84.0</ele>
   </trkpt>
   <trkpt lat="56.2858440" lon="10.0156890">
    <ele>84.0</ele>
   </trkpt>
   <trkpt lat="56.2858700" lon="10.0155960">
    <ele>84.2</ele>
   </trkpt>
   <trkpt lat="56.2858960" lon="10.0155050">
    <ele>84.2</ele>
   </trkpt>
   <trkpt lat="56.2859240" lon="10.0154160">
    <ele>84.2</ele>
   </trkpt>
   <trkpt lat="56.2859490" lon="10.0153240">
    <ele>84.2</ele>
   </trkpt>
   <trkpt lat="56.2859740" lon="10.0152320">
    <ele>84.2</ele>
   </trkpt>
   <trkpt lat="56.2859990" lon="10.0151370">
    <ele>84.0</ele>
   </trkpt>
   <trkpt lat="56.2860270" lon="10.0150390">
    <ele>84.0</ele>
   </trkpt>
   <trkpt lat="56.2860570" lon="10.0149390">
    <ele>83.8</ele>
   </trkpt>
   <trkpt lat="56.2860860" lon="10.0148340">
    <ele>83.8</ele>
   </trkpt>
   <trkpt lat="56.2861150" lon="10.0147270">
    <ele>84.0</ele>
   </trkpt>
   <trkpt lat="56.2861460" lon="10.0146180">
    <ele>84.0</ele>
   </trkpt>
   <trkpt lat="56.2861760" lon="10.0145060">
    <ele>84.0</ele>
   </trkpt>
   <trkpt lat="56.2862080" lon="10.0143920">
    <ele>83.8</ele>
   </trkpt>
   <trkpt lat="56.2862410" lon="10.0142760">
    <ele>83.6</ele>
   </trkpt>
   <trkpt lat="56.2862750" lon="10.0141560">
    <ele>83.4</ele>
   </trkpt>
   <trkpt lat="56.2863120" lon="10.0140350">
    <ele>83.0</ele>
   </trkpt>
   <trkpt lat="56.2863510" lon="10.0139100">
    <ele>82.6</ele>
   </trkpt>
   <trkpt lat="56.2863920" lon="10.0137830">
    <ele>82.2</ele>
   </trkpt>
   <trkpt lat="56.2864370" lon="10.0136540">
    <ele>81.8</ele>
   </trkpt>
   <trkpt lat="56.2864850" lon="10.0135230">
    <ele>81.4</ele>
   </trkpt>
   <trkpt lat="56.2865370" lon="10.0133890">
    <ele>80.8</ele>
   </trkpt>
   <trkpt lat="56.2865940" lon="10.0132570">
    <ele>80.2</ele>
   </trkpt>
   <trkpt lat="56.2866570" lon="10.0131310">
    <ele>79.4</ele>
   </trkpt>
   <trkpt lat="56.2867270" lon="10.0130130">
    <ele>78.8</ele>
   </trkpt>
   <trkpt lat="56.2868000" lon="10.0129000">
    <ele>78.0</ele>
   </trkpt>
   <trkpt lat="56.2868760" lon="10.0127890">
    <ele>77.4</ele>
   </trkpt>
   <trkpt lat="56.2869540" lon="10.0126820">
    <ele>77.0</ele>
   </trkpt>
   <trkpt lat="56.2870340" lon="10.0125810">
    <ele>76.8</ele>
   </trkpt>
   <trkpt lat="56.2871140" lon="10.0124860">
    <ele>76.4</ele>
   </trkpt>
   <trkpt lat="56.2871940" lon="10.0123950">
    <ele>76.2</ele>
   </trkpt>
   <trkpt lat="56.2872720" lon="10.0123080">
    <ele>76.0</ele>
   </trkpt>
   <trkpt lat="56.2873490" lon="10.0122230">
    <ele>75.8</ele>
   </trkpt>
   <trkpt lat="56.2874260" lon="10.0121410">
    <ele>75.6</ele>
   </trkpt>
   <trkpt lat="56.2875000" lon="10.0120570">
    <ele>75.6</ele>
   </trkpt>
   <trkpt lat="56.2875730" lon="10.0119720">
    <ele>75.6</ele>
   </trkpt>
   <trkpt lat="56.2876440" lon="10.0118840">
    <ele>75.6</ele>
   </trkpt>
   <trkpt lat="56.2877130" lon="10.0117940">
    <ele>75.4</ele>
   </trkpt>
   <trkpt lat="56.2877790" lon="10.0117000">
    <ele>75.4</ele>
   </trkpt>
   <trkpt lat="56.2878410" lon="10.0116030">
    <ele>75.2</ele>
   </trkpt>
   <trkpt lat="56.2879000" lon="10.0115000">
    <ele>75.2</ele>
   </trkpt>
   <trkpt lat="56.2879550" lon="10.0113940">
    <ele>75.0</ele>
   </trkpt>
   <trkpt lat="56.2880060" lon="10.0112860">
    <ele>75.0</ele>
   </trkpt>
   <trkpt lat="56.2880560" lon="10.0111740">
    <ele>75.0</ele>
   </trkpt>
   <trkpt lat="56.2881050" lon="10.0110630">
    <ele>75.0</ele>
   </trkpt>
   <trkpt lat="56.2881510" lon="10.0109450">
    <ele>75.0</ele>
   </trkpt>
   <trkpt lat="56.2881960" lon="10.0108250">
    <ele>74.8</ele>
   </trkpt>
   <trkpt lat="56.2882390" lon="10.0107030">
    <ele>74.6</ele>
   </trkpt>
   <trkpt lat="56.2882810" lon="10.0105810">
    <ele>74.4</ele>
   </trkpt>
   <trkpt lat="56.2883240" lon="10.0104580">
    <ele>73.8</ele>
   </trkpt>
   <trkpt lat="56.2883660" lon="10.0103370">
    <ele>73.4</ele>
   </trkpt>
   <trkpt lat="56.2884080" lon="10.0102190">
    <ele>73.0</ele>
   </trkpt>
   <trkpt lat="56.2884490" lon="10.0101040">
    <ele>72.8</ele>
   </trkpt>
   <trkpt lat="56.2884900" lon="10.0099880">
    <ele>72.6</ele>
   </trkpt>
   <trkpt lat="56.2885290" lon="10.0098730">
    <ele>72.4</ele>
   </trkpt>
   <trkpt lat="56.2885670" lon="10.0097560">
    <ele>72.4</ele>
   </trkpt>
   <trkpt lat="56.2886060" lon="10.0096450">
    <ele>72.2</ele>
   </trkpt>
   <trkpt lat="56.2886440" lon="10.0095350">
    <ele>72.2</ele>
   </trkpt>
   <trkpt lat="56.2886800" lon="10.0094240">
    <ele>72.0</ele>
   </trkpt>
   <trkpt lat="56.2887170" lon="10.0093140">
    <ele>72.0</ele>
   </trkpt>
   <trkpt lat="56.2887520" lon="10.0092050">
    <ele>71.8</ele>
   </trkpt>
   <trkpt lat="56.2887850" lon="10.0090980">
    <ele>71.8</ele>
   </trkpt>
   <trkpt lat="56.2888180" lon="10.0089930">
    <ele>71.6</ele>
   </trkpt>
   <trkpt lat="56.2888440" lon="10.0088850">
    <ele>71.6</ele>
   </trkpt>
   <trkpt lat="56.2888660" lon="10.0087760">
    <ele>71.8</ele>
   </trkpt>
   <trkpt lat="56.2888870" lon="10.0086680">
    <ele>72.0</ele>
   </trkpt>
   <trkpt lat="56.2889050" lon="10.0085590">
    <ele>72.2</ele>
   </trkpt>
   <trkpt lat="56.2889220" lon="10.0084500">
    <ele>72.6</ele>
   </trkpt>
   <trkpt lat="56.2889470" lon="10.0083480">
    <ele>72.8</ele>
   </trkpt>
   <trkpt lat="56.2889820" lon="10.0082550">
    <ele>72.8</ele>
   </trkpt>
   <trkpt lat="56.2890200" lon="10.0081670">
    <ele>72.8</ele>
   </trkpt>
   <trkpt lat="56.2890590" lon="10.0080780">
    <ele>72.8</ele>
   </trkpt>
   <trkpt lat="56.2890970" lon="10.0079860">
    <ele>72.6</ele>
   </trkpt>
   <trkpt lat="56.2891350" lon="10.0078950">
    <ele>72.6</ele>
   </trkpt>
   <trkpt lat="56.2891770" lon="10.0078080">
    <ele>72.8</ele>
   </trkpt>
   <trkpt lat="56.2892210" lon="10.0077250">
    <ele>72.6</ele>
   </trkpt>
   <trkpt lat="56.2892700" lon="10.0076450">
    <ele>72.6</ele>
   </trkpt>
   <trkpt lat="56.2893200" lon="10.0075670">
    <ele>72.8</ele>
   </trkpt>
   <trkpt lat="56.2893700" lon="10.0074870">
    <ele>72.8</ele>
   </trkpt>
   <trkpt lat="56.2894230" lon="10.0074070">
    <ele>72.6</ele>
   </trkpt>
   <trkpt lat="56.2894770" lon="10.0073300">
    <ele>72.6</ele>
   </trkpt>
   <trkpt lat="56.2895290" lon="10.0072530">
    <ele>72.6</ele>
   </trkpt>
   <trkpt lat="56.2895800" lon="10.0071770">
    <ele>72.6</ele>
   </trkpt>
   <trkpt lat="56.2896310" lon="10.0071010">
    <ele>72.6</ele>
   </trkpt>
   <trkpt lat="56.2896830" lon="10.0070240">
    <ele>72.8</ele>
   </trkpt>
   <trkpt lat="56.2897350" lon="10.0069460">
    <ele>73.0</ele>
   </trkpt>
   <trkpt lat="56.2897840" lon="10.0068670">
    <ele>73.2</ele>
   </trkpt>
   <trkpt lat="56.2898330" lon="10.0067880">
    <ele>73.2</ele>
   </trkpt>
   <trkpt lat="56.2898820" lon="10.0067100">
    <ele>73.2</ele>
   </trkpt>
   <trkpt lat="56.2899310" lon="10.0066320">
    <ele>73.2</ele>
   </trkpt>
   <trkpt lat="56.2899760" lon="10.0065490">
    <ele>73.2</ele>
   </trkpt>
   <trkpt lat="56.2900200" lon="10.0064670">
    <ele>73.0</ele>
   </trkpt>
   <trkpt lat="56.2900640" lon="10.0063830">
    <ele>73.0</ele>
   </trkpt>
   <trkpt lat="56.2901060" lon="10.0062970">
    <ele>73.0</ele>
   </trkpt>
   <trkpt lat="56.2901500" lon="10.0062120">
    <ele>73.0</ele>
   </trkpt>
   <trkpt lat="56.2901960" lon="10.0061250">
    <ele>72.8</ele>
   </trkpt>
   <trkpt lat="56.2902420" lon="10.0060380">
    <ele>72.8</ele>
   </trkpt>
   <trkpt lat="56.2902880" lon="10.0059440">
    <ele>72.6</ele>
   </trkpt>
   <trkpt lat="56.2903360" lon="10.0058540">
    <ele>72.4</ele>
   </trkpt>
   <trkpt lat="56.2903850" lon="10.0057740">
    <ele>72.2</ele>
   </trkpt>
   <trkpt lat="56.2904410" lon="10.0057030">
    <ele>72.0</ele>
   </trkpt>
   <trkpt lat="56.2904980" lon="10.0056380">
    <ele>71.8</ele>
   </trkpt>
   <trkpt lat="56.2905520" lon="10.0055720">
    <ele>71.4</ele>
   </trkpt>
   <trkpt lat="56.2906020" lon="10.0055030">
    <ele>71.2</ele>
   </trkpt>
   <trkpt lat="56.2906460" lon="10.0054220">
    <ele>71.0</ele>
   </trkpt>
   <trkpt lat="56.2906910" lon="10.0053340">
    <ele>70.8</ele>
   </trkpt>
   <trkpt lat="56.2907360" lon="10.0052440">
    <ele>70.8</ele>
   </trkpt>
   <trkpt lat="56.2907800" lon="10.0051500">
    <ele>70.6</ele>
   </trkpt>
   <trkpt lat="56.2908270" lon="10.0050590">
    <ele>70.4</ele>
   </trkpt>
   <trkpt lat="56.2908740" lon="10.0049660">
    <ele>70.4</ele>
   </trkpt>
   <trkpt lat="56.2909220" lon="10.0048730">
    <ele>70.2</ele>
   </trkpt>
   <trkpt lat="56.2909680" lon="10.0047790">
    <ele>70.2</ele>
   </trkpt>
   <trkpt lat="56.2910100" lon="10.0046760">
    <ele>70.0</ele>
   </trkpt>
   <trkpt lat="56.2910470" lon="10.0045670">
    <ele>70.0</ele>
   </trkpt>
   <trkpt lat="56.2910820" lon="10.0044540">
    <ele>70.0</ele>
   </trkpt>
   <trkpt lat="56.2911180" lon="10.0043430">
    <ele>69.8</ele>
   </trkpt>
   <trkpt lat="56.2911540" lon="10.0042330">
    <ele>69.8</ele>
   </trkpt>
   <trkpt lat="56.2911880" lon="10.0041250">
    <ele>69.8</ele>
   </trkpt>
   <trkpt lat="56.2912210" lon="10.0040130">
    <ele>69.6</ele>
   </trkpt>
   <trkpt lat="56.2912510" lon="10.0038990">
    <ele>69.6</ele>
   </trkpt>
   <trkpt lat="56.2912800" lon="10.0037850">
    <ele>69.6</ele>
   </trkpt>
   <trkpt lat="56.2913070" lon="10.0036680">
    <ele>69.6</ele>
   </trkpt>
   <trkpt lat="56.2913300" lon="10.0035460">
    <ele>69.6</ele>
   </trkpt>
   <trkpt lat="56.2913510" lon="10.0034230">
    <ele>69.6</ele>
   </trkpt>
   <trkpt lat="56.2913670" lon="10.0032980">
    <ele>69.4</ele>
   </trkpt>
   <trkpt lat="56.2913790" lon="10.0031730">
    <ele>69.4</ele>
   </trkpt>
   <trkpt lat="56.2913870" lon="10.0030500">
    <ele>69.4</ele>
   </trkpt>
   <trkpt lat="56.2913920" lon="10.0029300">
    <ele>69.4</ele>
   </trkpt>
   <trkpt lat="56.2913900" lon="10.0028080">
    <ele>69.6</ele>
   </trkpt>
   <trkpt lat="56.2913840" lon="10.0026880">
    <ele>69.8</ele>
   </trkpt>
   <trkpt lat="56.2913750" lon="10.0025670">
    <ele>69.8</ele>
   </trkpt>
   <trkpt lat="56.2913670" lon="10.0024480">
    <ele>70.0</ele>
   </trkpt>
   <trkpt lat="56.2913610" lon="10.0023280">
    <ele>70.2</ele>
   </trkpt>
   <trkpt lat="56.2913580" lon="10.0022060">
    <ele>70.2</ele>
   </trkpt>
   <trkpt lat="56.2913540" lon="10.0020840">
    <ele>70.2</ele>
   </trkpt>
   <trkpt lat="56.2913490" lon="10.0019620">
    <ele>70.2</ele>
   </trkpt>
   <trkpt lat="56.2913440" lon="10.0018410">
    <ele>70.2</ele>
   </trkpt>
   <trkpt lat="56.2913390" lon="10.0017220">
    <ele>70.0</ele>
   </trkpt>
   <trkpt lat="56.2913340" lon="10.0016050">
    <ele>69.8</ele>
   </trkpt>
   <trkpt lat="56.2913300" lon="10.0014880">
    <ele>69.6</ele>
   </trkpt>
   <trkpt lat="56.2913270" lon="10.0013780">
    <ele>69.4</ele>
   </trkpt>
   <trkpt lat="56.2913250" lon="10.0012690">
    <ele>69.2</ele>
   </trkpt>
   <trkpt lat="56.2913250" lon="10.0011590">
    <ele>69.0</ele>
   </trkpt>
   <trkpt lat="56.2913300" lon="10.0010520">
    <ele>69.0</ele>
   </trkpt>
   <trkpt lat="56.2913370" lon="10.0009440">
    <ele>68.8</ele>
   </trkpt>
   <trkpt lat="56.2913420" lon="10.0008360">
    <ele>68.8</ele>
   </trkpt>
   <trkpt lat="56.2913480" lon="10.0007300">
    <ele>68.8</ele>
   </trkpt>
   <trkpt lat="56.2913580" lon="10.0006260">
    <ele>68.6</ele>
   </trkpt>
   <trkpt lat="56.2913720" lon="10.0005250">
    <ele>68.6</ele>
   </trkpt>
   <trkpt lat="56.2913820" lon="10.0004240">
    <ele>68.6</ele>
   </trkpt>
   <trkpt lat="56.2913790" lon="10.0003260">
    <ele>68.4</ele>
   </trkpt>
   <trkpt lat="56.2913620" lon="10.0002410">
    <ele>68.4</ele>
   </trkpt>
   <trkpt lat="56.2913290" lon="10.0001810">
    <ele>68.4</ele>
   </trkpt>
   <trkpt lat="56.2912900" lon="10.0001510">
    <ele>68.4</ele>
   </trkpt>
   <trkpt lat="56.2912530" lon="10.0001400">
    <ele>68.6</ele>
   </trkpt>
   <trkpt lat="56.2912200" lon="10.0001370">
    <ele>69.0</ele>
   </trkpt>
   <trkpt lat="56.2911940" lon="10.0001390">
    <ele>69.2</ele>
   </trkpt>
   <trkpt lat="56.2911710" lon="10.0001480">
    <ele>69.4</ele>
   </trkpt>
   <trkpt lat="56.2911510" lon="10.0001640">
    <ele>69.8</ele>
   </trkpt>
   <trkpt lat="56.2911300" lon="10.0001830">
    <ele>70.0</ele>
   </trkpt>
   <trkpt lat="56.2911080" lon="10.0002070">
    <ele>70.2</ele>
   </trkpt>
   <trkpt lat="56.2910870" lon="10.0002280">
    <ele>70.4</ele>
   </trkpt>
   <trkpt lat="56.2910670" lon="10.0002470">
    <ele>70.4</ele>
   </trkpt>
   <trkpt lat="56.2910450" lon="10.0002670">
    <ele>70.6</ele>
   </trkpt>
   <trkpt lat="56.2910260" lon="10.0002930">
    <ele>70.6</ele>
   </trkpt>
   <trkpt lat="56.2910070" lon="10.0003240">
    <ele>70.8</ele>
   </trkpt>
   <trkpt lat="56.2909840" lon="10.0003620">
    <ele>71.0</ele>
   </trkpt>
   <trkpt lat="56.2909560" lon="10.0004010">
    <ele>71.4</ele>
   </trkpt>
   <trkpt lat="56.2909230" lon="10.0004380">
    <ele>71.6</ele>
   </trkpt>
   <trkpt lat="56.2908880" lon="10.0004710">
    <ele>71.8</ele>
   </trkpt>
   <trkpt lat="56.2908540" lon="10.0005050">
    <ele>72.0</ele>
   </trkpt>
   <trkpt lat="56.2908220" lon="10.0005400">
    <ele>72.2</ele>
   </trkpt>
   <trkpt lat="56.2907900" lon="10.0005740">
    <ele>72.4</ele>
   </trkpt>
   <trkpt lat="56.2907570" lon="10.0006020">
    <ele>72.8</ele>
   </trkpt>
   <trkpt lat="56.2907220" lon="10.0006260">
    <ele>73.0</ele>
   </trkpt>
   <trkpt lat="56.2906880" lon="10.0006480">
    <ele>73.4</ele>
   </trkpt>
   <trkpt lat="56.2906530" lon="10.0006730">
    <ele>73.8</ele>
   </trkpt>
   <trkpt lat="56.2906190" lon="10.0006980">
    <ele>74.0</ele>
   </trkpt>
   <trkpt lat="56.2905820" lon="10.0007170">
    <ele>74.2</ele>
   </trkpt>
   <trkpt lat="56.2905440" lon="10.0007280">
    <ele>74.4</ele>
   </trkpt>
   <trkpt lat="56.2905050" lon="10.0007340">
    <ele>74.6</ele>
   </trkpt>
   <trkpt lat="56.2904630" lon="10.0007430">
    <ele>74.6</ele>
   </trkpt>
   <trkpt lat="56.2904210" lon="10.0007530">
    <ele>74.8</ele>
   </trkpt>
   <trkpt lat="56.2903780" lon="10.0007650">
    <ele>74.8</ele>
   </trkpt>
   <trkpt lat="56.2903340" lon="10.0007770">
    <ele>74.8</ele>
   </trkpt>
   <trkpt lat="56.2902890" lon="10.0007860">
    <ele>74.8</ele>
   </trkpt>
   <trkpt lat="56.2902430" lon="10.0007890">
    <ele>74.8</ele>
   </trkpt>
   <trkpt lat="56.2901960" lon="10.0007920">
    <ele>74.8</ele>
   </trkpt>
   <trkpt lat="56.2901470" lon="10.0008010">
    <ele>74.8</ele>
   </trkpt>
   <trkpt lat="56.2900970" lon="10.0008070">
    <ele>74.8</ele>
   </trkpt>
   <trkpt lat="56.2900480" lon="10.0008130">
    <ele>74.8</ele>
   </trkpt>
   <trkpt lat="56.2899960" lon="10.0008200">
    <ele>74.8</ele>
   </trkpt>
   <trkpt lat="56.2899440" lon="10.0008270">
    <ele>74.8</ele>
   </trkpt>
   <trkpt lat="56.2898910" lon="10.0008340">
    <ele>74.8</ele>
   </trkpt>
   <trkpt lat="56.2898370" lon="10.0008470">
    <ele>74.8</ele>
   </trkpt>
   <trkpt lat="56.2897840" lon="10.0008620">
    <ele>75.0</ele>
   </trkpt>
   <trkpt lat="56.2897300" lon="10.0008760">
    <ele>75.0</ele>
   </trkpt>
   <trkpt lat="56.2896760" lon="10.0008900">
    <ele>75.0</ele>
   </trkpt>
   <trkpt lat="56.2896250" lon="10.0009080">
    <ele>75.0</ele>
   </trkpt>
   <trkpt lat="56.2895740" lon="10.0009300">
    <ele>75.2</ele>
   </trkpt>
   <trkpt lat="56.2895240" lon="10.0009520">
    <ele>75.4</ele>
   </trkpt>
   <trkpt lat="56.2894710" lon="10.0009720">
    <ele>75.4</ele>
   </trkpt>
   <trkpt lat="56.2894200" lon="10.0009910">
    <ele>75.6</ele>
   </trkpt>
   <trkpt lat="56.2893690" lon="10.0010060">
    <ele>75.8</ele>
   </trkpt>
   <trkpt lat="56.2893190" lon="10.0010170">
    <ele>76.0</ele>
   </trkpt>
   <trkpt lat="56.2892700" lon="10.0010250">
    <ele>76.2</ele>
   </trkpt>
   <trkpt lat="56.2892250" lon="10.0010320">
    <ele>76.4</ele>
   </trkpt>
   <trkpt lat="56.2891800" lon="10.0010400">
    <ele>76.6</ele>
   </trkpt>
   <trkpt lat="56.2891340" lon="10.0010540">
    <ele>76.8</ele>
   </trkpt>
   <trkpt lat="56.2890830" lon="10.0010700">
    <ele>77.0</ele>
   </trkpt>
   <trkpt lat="56.2890290" lon="10.0010860">
    <ele>77.0</ele>
   </trkpt>
   <trkpt lat="56.2889750" lon="10.0011060">
    <ele>77.2</ele>
   </trkpt>
   <trkpt lat="56.2889220" lon="10.0011270">
    <ele>77.4</ele>
   </trkpt>
   <trkpt lat="56.2888680" lon="10.0011460">
    <ele>77.4</ele>
   </trkpt>
   <trkpt lat="56.2888150" lon="10.0011670">
    <ele>77.6</ele>
   </trkpt>
   <trkpt lat="56.2887610" lon="10.0011890">
    <ele>78.0</ele>
   </trkpt>
   <trkpt lat="56.2887080" lon="10.0012100">
    <ele>78.2</ele>
   </trkpt>
   <trkpt lat="56.2886540" lon="10.0012320">
    <ele>78.4</ele>
   </trkpt>
   <trkpt lat="56.2886020" lon="10.0012510">
    <ele>78.8</ele>
   </trkpt>
   <trkpt lat="56.2885500" lon="10.0012680">
    <ele>79.0</ele>
   </trkpt>
   <trkpt lat="56.2884980" lon="10.0012870">
    <ele>79.2</ele>
   </trkpt>
   <trkpt lat="56.2884470" lon="10.0013070">
    <ele>79.6</ele>
   </trkpt>
   <trkpt lat="56.2883950" lon="10.0013260">
    <ele>79.6</ele>
   </trkpt>
   <trkpt lat="56.2883430" lon="10.0013460">
    <ele>79.8</ele>
   </trkpt>
   <trkpt lat="56.2882920" lon="10.0013630">
    <ele>80.0</ele>
   </trkpt>
   <trkpt lat="56.2882400" lon="10.0013800">
    <ele>80.0</ele>
   </trkpt>
   <trkpt lat="56.2881890" lon="10.0013980">
    <ele>80.2</ele>
   </trkpt>
   <trkpt lat="56.2881370" lon="10.0014220">
    <ele>80.2</ele>
   </trkpt>
   <trkpt lat="56.2880850" lon="10.0014410">
    <ele>80.4</ele>
   </trkpt>
   <trkpt lat="56.2880310" lon="10.0014560">
    <ele>80.4</ele>
   </trkpt>
   <trkpt lat="56.2879780" lon="10.0014750">
    <ele>80.6</ele>
   </trkpt>
   <trkpt lat="56.2879240" lon="10.0014950">
    <ele>80.6</ele>
   </trkpt>
   <trkpt lat="56.2878690" lon="10.0015130">
    <ele>80.6</ele>
   </trkpt>
   <trkpt lat="56.2878120" lon="10.0015300">
    <ele>80.6</ele>
   </trkpt>
   <trkpt lat="56.2877520" lon="10.0015440">
    <ele>80.4</ele>
   </trkpt>
   <trkpt lat="56.2876920" lon="10.0015580">
    <ele>80.4</ele>
   </trkpt>
   <trkpt lat="56.2876290" lon="10.0015670">
    <ele>80.2</ele>
   </trkpt>
   <trkpt lat="56.2875640" lon="10.0015720">
    <ele>79.8</ele>
   </trkpt>
   <trkpt lat="56.2874990" lon="10.0015690">
    <ele>79.6</ele>
   </trkpt>
   <trkpt lat="56.2874340" lon="10.0015590">
    <ele>79.4</ele>
   </trkpt>
   <trkpt lat="56.2873680" lon="10.0015440">
    <ele>79.0</ele>
   </trkpt>
   <trkpt lat="56.2873000" lon="10.0015270">
    <ele>78.8</ele>
   </trkpt>
   <trkpt lat="56.2872310" lon="10.0015080">
    <ele>78.6</ele>
   </trkpt>
   <trkpt lat="56.2871620" lon="10.0014800">
    <ele>78.0</ele>
   </trkpt>
   <trkpt lat="56.2870940" lon="10.0014400">
    <ele>77.6</ele>
   </trkpt>
   <trkpt lat="56.2870260" lon="10.0013950">
    <ele>77.2</ele>
   </trkpt>
   <trkpt lat="56.2869550" lon="10.0013510">
    <ele>76.8</ele>
   </trkpt>
   <trkpt lat="56.2868820" lon="10.0013070">
    <ele>76.2</ele>
   </trkpt>
   <trkpt lat="56.2868060" lon="10.0012640">
    <ele>75.8</ele>
   </trkpt>
   <trkpt lat="56.2867260" lon="10.0012220">
    <ele>75.2</ele>
   </trkpt>
   <trkpt lat="56.2866450" lon="10.0011790">
    <ele>74.6</ele>
   </trkpt>
   <trkpt lat="56.2865610" lon="10.0011330">
    <ele>74.0</ele>
   </trkpt>
   <trkpt lat="56.2864750" lon="10.0010860">
    <ele>73.4</ele>
   </trkpt>
   <trkpt lat="56.2863860" lon="10.0010370">
    <ele>73.0</ele>
   </trkpt>
   <trkpt lat="56.2862970" lon="10.0009880">
    <ele>72.6</ele>
   </trkpt>
   <trkpt lat="56.2862070" lon="10.0009390">
    <ele>72.4</ele>
   </trkpt>
   <trkpt lat="56.2861170" lon="10.0008900">
    <ele>72.0</ele>
   </trkpt>
   <trkpt lat="56.2860260" lon="10.0008420">
    <ele>71.8</ele>
   </trkpt>
   <trkpt lat="56.2859360" lon="10.0007960">
    <ele>71.2</ele>
   </trkpt>
   <trkpt lat="56.2858450" lon="10.0007500">
    <ele>70.8</ele>
   </trkpt>
   <trkpt lat="56.2857540" lon="10.0007050">
    <ele>70.4</ele>
   </trkpt>
   <trkpt lat="56.2856620" lon="10.0006620">
    <ele>70.0</ele>
   </trkpt>
   <trkpt lat="56.2855720" lon="10.0006130">
    <ele>69.4</ele>
   </trkpt>
   <trkpt lat="56.2854820" lon="10.0005620">
    <ele>69.0</ele>
   </trkpt>
   <trkpt lat="56.2853910" lon="10.0005110">
    <ele>68.6</ele>
   </trkpt>
   <trkpt lat="56.2853010" lon="10.0004590">
    <ele>68.6</ele>
   </trkpt>
   <trkpt lat="56.2852100" lon="10.0004090">
    <ele>68.4</ele>
   </trkpt>
   <trkpt lat="56.2851190" lon="10.0003620">
    <ele>68.2</ele>
   </trkpt>
   <trkpt lat="56.2850280" lon="10.0003170">
    <ele>68.4</ele>
   </trkpt>
   <trkpt lat="56.2849370" lon="10.0002790">
    <ele>68.4</ele>
   </trkpt>
   <trkpt lat="56.2848450" lon="10.0002530">
    <ele>68.4</ele>
   </trkpt>
   <trkpt lat="56.2847540" lon="10.0002400">
    <ele>68.4</ele>
   </trkpt>
   <trkpt lat="56.2846610" lon="10.0002350">
    <ele>68.4</ele>
   </trkpt>
   <trkpt lat="56.2845690" lon="10.0002360">
    <ele>68.4</ele>
   </trkpt>
   <trkpt lat="56.2844790" lon="10.0002360">
    <ele>68.2</ele>
   </trkpt>
   <trkpt lat="56.2843890" lon="10.0002350">
    <ele>68.2</ele>
   </trkpt>
   <trkpt lat="56.2842990" lon="10.0002420">
    <ele>68.0</ele>
   </trkpt>
   <trkpt lat="56.2842100" lon="10.0002510">
    <ele>68.0</ele>
   </trkpt>
   <trkpt lat="56.2841230" lon="10.0002590">
    <ele>68.0</ele>
   </trkpt>
   <trkpt lat="56.2840370" lon="10.0002640">
    <ele>68.0</ele>
   </trkpt>
   <trkpt lat="56.2839510" lon="10.0002630">
    <ele>68.2</ele>
   </trkpt>
   <trkpt lat="56.2838660" lon="10.0002550">
    <ele>68.2</ele>
   </trkpt>
   <trkpt lat="56.2837810" lon="10.0002430">
    <ele>68.2</ele>
   </trkpt>
   <trkpt lat="56.2836980" lon="10.0002370">
    <ele>68.4</ele>
   </trkpt>
   <trkpt lat="56.2836150" lon="10.0002360">
    <ele>68.6</ele>
   </trkpt>
   <trkpt lat="56.2835330" lon="10.0002360">
    <ele>68.8</ele>
   </trkpt>
   <trkpt lat="56.2834530" lon="10.0002390">
    <ele>69.0</ele>
   </trkpt>
   <trkpt lat="56.2833730" lon="10.0002450">
    <ele>69.0</ele>
   </trkpt>
   <trkpt lat="56.2832950" lon="10.0002510">
    <ele>68.8</ele>
   </trkpt>
   <trkpt lat="56.2832170" lon="10.0002600">
    <ele>68.8</ele>
   </trkpt>
   <trkpt lat="56.2831410" lon="10.0002650">
    <ele>68.6</ele>
   </trkpt>
   <trkpt lat="56.2830620" lon="10.0002690">
    <ele>68.4</ele>
   </trkpt>
   <trkpt lat="56.2829830" lon="10.0002700">
    <ele>68.4</ele>
   </trkpt>
   <trkpt lat="56.2829050" lon="10.0002690">
    <ele>68.2</ele>
   </trkpt>
   <trkpt lat="56.2828280" lon="10.0002670">
    <ele>68.2</ele>
   </trkpt>
   <trkpt lat="56.2827510" lon="10.0002670">
    <ele>68.2</ele>
   </trkpt>
   <trkpt lat="56.2826750" lon="10.0002690">
    <ele>68.2</ele>
   </trkpt>
   <trkpt lat="56.2825990" lon="10.0002710">
    <ele>68.4</ele>
   </trkpt>
   <trkpt lat="56.2825230" lon="10.0002750">
    <ele>68.6</ele>
   </trkpt>
   <trkpt lat="56.2824480" lon="10.0002770">
    <ele>68.8</ele>
   </trkpt>
   <trkpt lat="56.2823740" lon="10.0002730">
    <ele>68.8</ele>
   </trkpt>
   <trkpt lat="56.2823010" lon="10.0002690">
    <ele>69.0</ele>
   </trkpt>
   <trkpt lat="56.2822280" lon="10.0002690">
    <ele>69.2</ele>
   </trkpt>
   <trkpt lat="56.2821560" lon="10.0002680">
    <ele>69.2</ele>
   </trkpt>
   <trkpt lat="56.2820830" lon="10.0002670">
    <ele>69.2</ele>
   </trkpt>
   <trkpt lat="56.2820110" lon="10.0002670">
    <ele>69.4</ele>
   </trkpt>
   <trkpt lat="56.2819410" lon="10.0002670">
    <ele>69.4</ele>
   </trkpt>
   <trkpt lat="56.2818700" lon="10.0002650">
    <ele>69.4</ele>
   </trkpt>
   <trkpt lat="56.2818000" lon="10.0002610">
    <ele>69.4</ele>
   </trkpt>
   <trkpt lat="56.2817310" lon="10.0002620">
    <ele>69.4</ele>
   </trkpt>
   <trkpt lat="56.2816630" lon="10.0002650">
    <ele>69.6</ele>
   </trkpt>
   <trkpt lat="56.2815950" lon="10.0002680">
    <ele>69.8</ele>
   </trkpt>
   <trkpt lat="56.2815290" lon="10.0002780">
    <ele>70.2</ele>
   </trkpt>
   <trkpt lat="56.2814630" lon="10.0002910">
    <ele>70.2</ele>
   </trkpt>
   <trkpt lat="56.2813970" lon="10.0003040">
    <ele>70.4</ele>
   </trkpt>
   <trkpt lat="56.2813330" lon="10.0003230">
    <ele>70.4</ele>
   </trkpt>
   <trkpt lat="56.2812720" lon="10.0003470">
    <ele>70.4</ele>
   </trkpt>
   <trkpt lat="56.2812070" lon="10.0003740">
    <ele>70.2</ele>
   </trkpt>
   <trkpt lat="56.2811420" lon="10.0004030">
    <ele>70.2</ele>
   </trkpt>
   <trkpt lat="56.2810790" lon="10.0004330">
    <ele>70.0</ele>
   </trkpt>
   <trkpt lat="56.2810150" lon="10.0004650">
    <ele>69.8</ele>
   </trkpt>
   <trkpt lat="56.2809490" lon="10.0004930">
    <ele>69.8</ele>
   </trkpt>
   <trkpt lat="56.2808790" lon="10.0005220">
    <ele>69.6</ele>
   </trkpt>
   <trkpt lat="56.2808090" lon="10.0005450">
    <ele>69.6</ele>
   </trkpt>
   <trkpt lat="56.2807390" lon="10.0005670">
    <ele>69.6</ele>
   </trkpt>
   <trkpt lat="56.2806700" lon="10.0005890">
    <ele>69.4</ele>
   </trkpt>
   <trkpt lat="56.2806010" lon="10.0006180">
    <ele>69.6</ele>
   </trkpt>
   <trkpt lat="56.2805310" lon="10.0006460">
    <ele>69.6</ele>
   </trkpt>
   <trkpt lat="56.2804610" lon="10.0006740">
    <ele>69.4</ele>
   </trkpt>
   <trkpt lat="56.2803890" lon="10.0007030">
    <ele>69.4</ele>
   </trkpt>
   <trkpt lat="56.2803170" lon="10.0007330">
    <ele>69.2</ele>
   </trkpt>
   <trkpt lat="56.2802450" lon="10.0007650">
    <ele>68.8</ele>
   </trkpt>
   <trkpt lat="56.2801740" lon="10.0007940">
    <ele>68.6</ele>
   </trkpt>
   <trkpt lat="56.2801020" lon="10.0008210">
    <ele>68.4</ele>
   </trkpt>
   <trkpt lat="56.2800300" lon="10.0008470">
    <ele>68.2</ele>
   </trkpt>
   <trkpt lat="56.2799560" lon="10.0008650">
    <ele>68.0</ele>
   </trkpt>
   <trkpt lat="56.2798790" lon="10.0008720">
    <ele>67.8</ele>
   </trkpt>
   <trkpt lat="56.2798000" lon="10.0008700">
    <ele>67.4</ele>
   </trkpt>
   <trkpt lat="56.2797150" lon="10.0008630">
    <ele>66.8</ele>
   </trkpt>
   <trkpt lat="56.2796240" lon="10.0008520">
    <ele>66.0</ele>
   </trkpt>
   <trkpt lat="56.2795260" lon="10.0008350">
    <ele>65.0</ele>
   </trkpt>
   <trkpt lat="56.2794200" lon="10.0008140">
    <ele>64.0</ele>
   </trkpt>
   <trkpt lat="56.2793090" lon="10.0007910">
    <ele>63.0</ele>
   </trkpt>
   <trkpt lat="56.2791920" lon="10.0007620">
    <ele>61.8</ele>
   </trkpt>
   <trkpt lat="56.2790740" lon="10.0007240">
    <ele>60.6</ele>
   </trkpt>
   <trkpt lat="56.2789560" lon="10.0006800">
    <ele>59.6</ele>
   </trkpt>
   <trkpt lat="56.2788410" lon="10.0006300">
    <ele>58.8</ele>
   </trkpt>
   <trkpt lat="56.2787290" lon="10.0005760">
    <ele>58.2</ele>
   </trkpt>
   <trkpt lat="56.2786200" lon="10.0005230">
    <ele>58.0</ele>
   </trkpt>
   <trkpt lat="56.2785130" lon="10.0004810">
    <ele>57.8</ele>
   </trkpt>
   <trkpt lat="56.2784090" lon="10.0004630">
    <ele>57.8</ele>
   </trkpt>
   <trkpt lat="56.2783110" lon="10.0004820">
    <ele>57.8</ele>
   </trkpt>
   <trkpt lat="56.2782230" lon="10.0005360">
    <ele>57.8</ele>
   </trkpt>
   <trkpt lat="56.2781400" lon="10.0006110">
    <ele>57.8</ele>
   </trkpt>
   <trkpt lat="56.2780690" lon="10.0007090">
    <ele>57.8</ele>
   </trkpt>
   <trkpt lat="56.2780080" lon="10.0008320">
    <ele>58.0</ele>
   </trkpt>
   <trkpt lat="56.2779460" lon="10.0009570">
    <ele>57.8</ele>
   </trkpt>
   <trkpt lat="56.2778760" lon="10.0010630">
    <ele>57.8</ele>
   </trkpt>
   <trkpt lat="56.2777950" lon="10.0011440">
    <ele>57.8</ele>
   </trkpt>
   <trkpt lat="56.2777090" lon="10.0011950">
    <ele>58.2</ele>
   </trkpt>
   <trkpt lat="56.2776290" lon="10.0012270">
    <ele>58.4</ele>
   </trkpt>
   <trkpt lat="56.2775550" lon="10.0012450">
    <ele>59.0</ele>
   </trkpt>
   <trkpt lat="56.2774830" lon="10.0012520">
    <ele>59.8</ele>
   </trkpt>
   <trkpt lat="56.2774150" lon="10.0012550">
    <ele>60.6</ele>
   </trkpt>
   <trkpt lat="56.2773490" lon="10.0012380">
    <ele>61.2</ele>
   </trkpt>
   <trkpt lat="56.2772870" lon="10.0012120">
    <ele>61.8</ele>
   </trkpt>
   <trkpt lat="56.2772250" lon="10.0011910">
    <ele>62.4</ele>
   </trkpt>
   <trkpt lat="56.2771630" lon="10.0011680">
    <ele>63.0</ele>
   </trkpt>
   <trkpt lat="56.2771110" lon="10.0011370">
    <ele>63.6</ele>
   </trkpt>
   <trkpt lat="56.2770580" lon="10.0011000">
    <ele>64.2</ele>
   </trkpt>
   <trkpt lat="56.2770020" lon="10.0010650">
    <ele>65.0</ele>
   </trkpt>
   <trkpt lat="56.2769490" lon="10.0010250">
    <ele>65.6</ele>
   </trkpt>
   <trkpt lat="56.2768970" lon="10.0009860">
    <ele>66.2</ele>
   </trkpt>
   <trkpt lat="56.2768470" lon="10.0009540">
    <ele>66.8</ele>
   </trkpt>
   <trkpt lat="56.2767940" lon="10.0009220">
    <ele>67.4</ele>
   </trkpt>
   <trkpt lat="56.2767390" lon="10.0008930">
    <ele>67.8</ele>
   </trkpt>
   <trkpt lat="56.2766830" lon="10.0008680">
    <ele>68.4</ele>
   </trkpt>
   <trkpt lat="56.2766260" lon="10.0008350">
    <ele>68.8</ele>
   </trkpt>
   <trkpt lat="56.2765660" lon="10.0008060">
    <ele>68.8</ele>
   </trkpt>
   <trkpt lat="56.2765060" lon="10.0007790">
    <ele>69.0</ele>
   </trkpt>
   <trkpt lat="56.2764440" lon="10.0007530">
    <ele>69.2</ele>
   </trkpt>
   <trkpt lat="56.2763810" lon="10.0007280">
    <ele>69.2</ele>
   </trkpt>
   <trkpt lat="56.2763200" lon="10.0006990">
    <ele>69.4</ele>
   </trkpt>
   <trkpt lat="56.2762600" lon="10.0006740">
    <ele>69.6</ele>
   </trkpt>
   <trkpt lat="56.2761990" lon="10.0006460">
    <ele>69.6</ele>
   </trkpt>
   <trkpt lat="56.2761380" lon="10.0006140">
    <ele>69.8</ele>
   </trkpt>
   <trkpt lat="56.2760770" lon="10.0005840">
    <ele>69.8</ele>
   </trkpt>
   <trkpt lat="56.2760150" lon="10.0005540">
    <ele>70.0</ele>
   </trkpt>
   <trkpt lat="56.2759530" lon="10.0005230">
    <ele>70.2</ele>
   </trkpt>
   <trkpt lat="56.2758920" lon="10.0004890">
    <ele>70.4</ele>
   </trkpt>
   <trkpt lat="56.2758320" lon="10.0004550">
    <ele>70.6</ele>
   </trkpt>
   <trkpt lat="56.2757720" lon="10.0004230">
    <ele>70.8</ele>
   </trkpt>
   <trkpt lat="56.2757100" lon="10.0003940">
    <ele>71.0</ele>
   </trkpt>
   <trkpt lat="56.2756510" lon="10.0003650">
    <ele>71.2</ele>
   </trkpt>
   <trkpt lat="56.2755940" lon="10.0003370">
    <ele>71.4</ele>
   </trkpt>
   <trkpt lat="56.2755340" lon="10.0003080">
    <ele>71.8</ele>
   </trkpt>
   <trkpt lat="56.2754770" lon="10.0002830">
    <ele>72.0</ele>
   </trkpt>
   <trkpt lat="56.2754240" lon="10.0002570">
    <ele>72.2</ele>
   </trkpt>
   <trkpt lat="56.2753700" lon="10.0002310">
    <ele>72.4</ele>
   </trkpt>
   <trkpt lat="56.2753150" lon="10.0002050">
    <ele>72.6</ele>
   </trkpt>
   <trkpt lat="56.2752600" lon="10.0001740">
    <ele>72.8</ele>
   </trkpt>
   <trkpt lat="56.2752050" lon="10.0001460">
    <ele>73.0</ele>
   </trkpt>
   <trkpt lat="56.2751490" lon="10.0001120">
    <ele>73.2</ele>
   </trkpt>
   <trkpt lat="56.2750890" lon="10.0000830">
    <ele>73.4</ele>
   </trkpt>
   <trkpt lat="56.2750310" lon="10.0000520">
    <ele>73.4</ele>
   </trkpt>
   <trkpt lat="56.2749710" lon="10.0000180">
    <ele>73.4</ele>
   </trkpt>
   <trkpt lat="56.2749110" lon="9.9999860">
    <ele>73.6</ele>
   </trkpt>
   <trkpt lat="56.2748530" lon="9.9999550">
    <ele>73.6</ele>
   </trkpt>
   <trkpt lat="56.2747950" lon="9.9999240">
    <ele>73.8</ele>
   </trkpt>
   <trkpt lat="56.2747410" lon="9.9998950">
    <ele>74.0</ele>
   </trkpt>
   <trkpt lat="56.2746870" lon="9.9998700">
    <ele>74.0</ele>
   </trkpt>
   <trkpt lat="56.2746300" lon="9.9998480">
    <ele>74.0</ele>
   </trkpt>
   <trkpt lat="56.2745730" lon="9.9998250">
    <ele>74.0</ele>
   </trkpt>
   <trkpt lat="56.2745160" lon="9.9997950">
    <ele>74.0</ele>
   </trkpt>
   <trkpt lat="56.2744560" lon="9.9997610">
    <ele>74.0</ele>
   </trkpt>
   <trkpt lat="56.2743980" lon="9.9997210">
    <ele>74.0</ele>
   </trkpt>
   <trkpt lat="56.2743360" lon="9.9996910">
    <ele>73.8</ele>
   </trkpt>
   <trkpt lat="56.2742680" lon="9.9996580">
    <ele>73.8</ele>
   </trkpt>
   <trkpt lat="56.2741990" lon="9.9996090">
    <ele>73.8</ele>
   </trkpt>
   <trkpt lat="56.2741370" lon="9.9995650">
    <ele>73.8</ele>
   </trkpt>
   <trkpt lat="56.2740770" lon="9.9995190">
    <ele>73.8</ele>
   </trkpt>
   <trkpt lat="56.2740140" lon="9.9994660">
    <ele>73.8</ele>
   </trkpt>
   <trkpt lat="56.2739560" lon="9.9994080">
    <ele>74.0</ele>
   </trkpt>
   <trkpt lat="56.2739000" lon="9.9993470">
    <ele>74.0</ele>
   </trkpt>
   <trkpt lat="56.2738420" lon="9.9992800">
    <ele>74.2</ele>
   </trkpt>
   <trkpt lat="56.2737890" lon="9.9992120">
    <ele>74.2</ele>
   </trkpt>
   <trkpt lat="56.2737400" lon="9.9991480">
    <ele>74.2</ele>
   </trkpt>
   <trkpt lat="56.2736970" lon="9.9990880">
    <ele>74.4</ele>
   </trkpt>
   <trkpt lat="56.2736540" lon="9.9990250">
    <ele>74.4</ele>
   </trkpt>
   <trkpt lat="56.2736040" lon="9.9989590">
    <ele>74.6</ele>
   </trkpt>
   <trkpt lat="56.2735550" lon="9.9988970">
    <ele>74.8</ele>
   </trkpt>
   <trkpt lat="56.2735080" lon="9.9988300">
    <ele>74.8</ele>
   </trkpt>
   <trkpt lat="56.2734610" lon="9.9987660">
    <ele>75.0</ele>
   </trkpt>
   <trkpt lat="56.2734160" lon="9.9987050">
    <ele>74.8</ele>
   </trkpt>
   <trkpt lat="56.2733700" lon="9.9986470">
    <ele>74.8</ele>
   </trkpt>
   <trkpt lat="56.2733240" lon="9.9985910">
    <ele>74.8</ele>
   </trkpt>
   <trkpt lat="56.2732800" lon="9.9985310">
    <ele>74.8</ele>
   </trkpt>
   <trkpt lat="56.2732360" lon="9.9984730">
    <ele>74.8</ele>
   </trkpt>
   <trkpt lat="56.2731910" lon="9.9984130">
    <ele>74.8</ele>
   </trkpt>
   <trkpt lat="56.2731440" lon="9.9983550">
    <ele>74.8</ele>
   </trkpt>
   <trkpt lat="56.2730990" lon="9.9982950">
    <ele>74.8</ele>
   </trkpt>
   <trkpt lat="56.2730520" lon="9.9982370">
    <ele>74.8</ele>
   </trkpt>
   <trkpt lat="56.2730060" lon="9.9981770">
    <ele>74.8</ele>
   </trkpt>
   <trkpt lat="56.2729620" lon="9.9981170">
    <ele>74.8</ele>
   </trkpt>
   <trkpt lat="56.2729150" lon="9.9980580">
    <ele>75.0</ele>
   </trkpt>
   <trkpt lat="56.2728690" lon="9.9979980">
    <ele>75.0</ele>
   </trkpt>
   <trkpt lat="56.2728220" lon="9.9979400">
    <ele>75.2</ele>
   </trkpt>
   <trkpt lat="56.2727760" lon="9.9978830">
    <ele>75.2</ele>
   </trkpt>
   <trkpt lat="56.2727310" lon="9.9978230">
    <ele>75.4</ele>
   </trkpt>
   <trkpt lat="56.2726870" lon="9.9977640">
    <ele>75.6</ele>
   </trkpt>
   <trkpt lat="56.2726400" lon="9.9977030">
    <ele>75.6</ele>
   </trkpt>
   <trkpt lat="56.2725950" lon="9.9976400">
    <ele>75.6</ele>
   </trkpt>
   <trkpt lat="56.2725500" lon="9.9975800">
    <ele>75.6</ele>
   </trkpt>
   <trkpt lat="56.2725070" lon="9.9975170">
    <ele>75.4</ele>
   </trkpt>
   <trkpt lat="56.2724660" lon="9.9974570">
    <ele>75.4</ele>
   </trkpt>
   <trkpt lat="56.2724220" lon="9.9973970">
    <ele>75.2</ele>
   </trkpt>
   <trkpt lat="56.2723740" lon="9.9973440">
    <ele>75.0</ele>
   </trkpt>
   <trkpt lat="56.2723250" lon="9.9972940">
    <ele>74.8</ele>
   </trkpt>
   <trkpt lat="56.2722700" lon="9.9972490">
    <ele>74.6</ele>
   </trkpt>
   <trkpt lat="56.2722140" lon="9.9972100">
    <ele>74.4</ele>
   </trkpt>
   <trkpt lat="56.2721570" lon="9.9971740">
    <ele>74.2</ele>
   </trkpt>
   <trkpt lat="56.2720990" lon="9.9971380">
    <ele>74.0</ele>
   </trkpt>
   <trkpt lat="56.2720390" lon="9.9971050">
    <ele>73.8</ele>
   </trkpt>
   <trkpt lat="56.2719800" lon="9.9970670">
    <ele>73.6</ele>
   </trkpt>
   <trkpt lat="56.2719220" lon="9.9970340">
    <ele>73.4</ele>
   </trkpt>
   <trkpt lat="56.2718650" lon="9.9970030">
    <ele>73.4</ele>
   </trkpt>
   <trkpt lat="56.2718090" lon="9.9969720">
    <ele>73.4</ele>
   </trkpt>
   <trkpt lat="56.2717550" lon="9.9969440">
    <ele>73.4</ele>
   </trkpt>
   <trkpt lat="56.2717020" lon="9.9969110">
    <ele>73.4</ele>
   </trkpt>
   <trkpt lat="56.2716500" lon="9.9968810">
    <ele>73.4</ele>
   </trkpt>
   <trkpt lat="56.2715970" lon="9.9968520">
    <ele>73.6</ele>
   </trkpt>
   <trkpt lat="56.2715410" lon="9.9968260">
    <ele>73.6</ele>
   </trkpt>
   <trkpt lat="56.2714870" lon="9.9967940">
    <ele>73.8</ele>
   </trkpt>
   <trkpt lat="56.2714330" lon="9.9967610">
    <ele>73.8</ele>
   </trkpt>
   <trkpt lat="56.2713790" lon="9.9967310">
    <ele>74.0</ele>
   </trkpt>
   <trkpt lat="56.2713240" lon="9.9967010">
    <ele>74.0</ele>
   </trkpt>
   <trkpt lat="56.2712670" lon="9.9966730">
    <ele>74.0</ele>
   </trkpt>
   <trkpt lat="56.2712100" lon="9.9966460">
    <ele>74.2</ele>
   </trkpt>
   <trkpt lat="56.2711550" lon="9.9966210">
    <ele>74.2</ele>
   </trkpt>
   <trkpt lat="56.2711010" lon="9.9965990">
    <ele>74.4</ele>
   </trkpt>
   <trkpt lat="56.2710460" lon="9.9965730">
    <ele>74.6</ele>
   </trkpt>
   <trkpt lat="56.2709940" lon="9.9965440">
    <ele>74.8</ele>
   </trkpt>
   <trkpt lat="56.2709420" lon="9.9965170">
    <ele>74.8</ele>
   </trkpt>
   <trkpt lat="56.2708910" lon="9.9964910">
    <ele>75.0</ele>
   </trkpt>
   <trkpt lat="56.2708400" lon="9.9964640">
    <ele>75.2</ele>
   </trkpt>
   <trkpt lat="56.2707890" lon="9.9964420">
    <ele>75.4</ele>
   </trkpt>
   <trkpt lat="56.2707370" lon="9.9964170">
    <ele>75.4</ele>
   </trkpt>
   <trkpt lat="56.2706880" lon="9.9963900">
    <ele>75.6</ele>
   </trkpt>
   <trkpt lat="56.2706370" lon="9.9963640">
    <ele>75.8</ele>
   </trkpt>
   <trkpt lat="56.2705870" lon="9.9963420">
    <ele>76.0</ele>
   </trkpt>
   <trkpt lat="56.2705360" lon="9.9963200">
    <ele>76.2</ele>
   </trkpt>
   <trkpt lat="56.2704850" lon="9.9962990">
    <ele>76.2</ele>
   </trkpt>
   <trkpt lat="56.2704450" lon="9.9962780">
    <ele>76.4</ele>
   </trkpt>
   <trkpt lat="56.2703850" lon="9.9962470">
    <ele>76.4</ele>
   </trkpt>
   <trkpt lat="56.2703360" lon="9.9962250">
    <ele>76.4</ele>
   </trkpt>
   <trkpt lat="56.2702870" lon="9.9962020">
    <ele>76.4</ele>
   </trkpt>
   <trkpt lat="56.2702380" lon="9.9961740">
    <ele>76.4</ele>
   </trkpt>
   <trkpt lat="56.2701860" lon="9.9961490">
    <ele>76.4</ele>
   </trkpt>
   <trkpt lat="56.2701350" lon="9.9961240">
    <ele>76.4</ele>
   </trkpt>
   <trkpt lat="56.2700820" lon="9.9960980">
    <ele>76.4</ele>
   </trkpt>
   <trkpt lat="56.2700280" lon="9.9960730">
    <ele>76.4</ele>
   </trkpt>
   <trkpt lat="56.2699730" lon="9.9960510">
    <ele>76.4</ele>
   </trkpt>
   <trkpt lat="56.2699190" lon="9.9960250">
    <ele>76.4</ele>
   </trkpt>
   <trkpt lat="56.2698640" lon="9.9959980">
    <ele>76.4</ele>
   </trkpt>
   <trkpt lat="56.2698080" lon="9.9959720">
    <ele>76.4</ele>
   </trkpt>
   <trkpt lat="56.2697500" lon="9.9959450">
    <ele>76.4</ele>
   </trkpt>
   <trkpt lat="56.2696940" lon="9.9959150">
    <ele>76.2</ele>
   </trkpt>
   <trkpt lat="56.2696360" lon="9.9958870">
    <ele>76.2</ele>
   </trkpt>
   <trkpt lat="56.2695890" lon="9.9958660">
    <ele>76.0</ele>
   </trkpt>
   <trkpt lat="56.2695170" lon="9.9958350">
    <ele>76.0</ele>
   </trkpt>
   <trkpt lat="56.2694590" lon="9.9958070">
    <ele>76.2</ele>
   </trkpt>
   <trkpt lat="56.2694000" lon="9.9957810">
    <ele>76.4</ele>
   </trkpt>
   <trkpt lat="56.2693420" lon="9.9957530">
    <ele>76.6</ele>
   </trkpt>
   <trkpt lat="56.2692840" lon="9.9957250">
    <ele>76.6</ele>
   </trkpt>
   <trkpt lat="56.2692280" lon="9.9956990">
    <ele>76.6</ele>
   </trkpt>
   <trkpt lat="56.2691730" lon="9.9956730">
    <ele>76.4</ele>
   </trkpt>
   <trkpt lat="56.2691300" lon="9.9956530">
    <ele>76.2</ele>
   </trkpt>
   <trkpt lat="56.2690750" lon="9.9956290">
    <ele>75.8</ele>
   </trkpt>
   <trkpt lat="56.2690090" lon="9.9955980">
    <ele>75.4</ele>
   </trkpt>
   <trkpt lat="56.2689540" lon="9.9955710">
    <ele>75.2</ele>
   </trkpt>
   <trkpt lat="56.2689000" lon="9.9955490">
    <ele>75.0</ele>
   </trkpt>
   <trkpt lat="56.2688450" lon="9.9955280">
    <ele>74.8</ele>
   </trkpt>
   <trkpt lat="56.2687890" lon="9.9955010">
    <ele>74.8</ele>
   </trkpt>
   <trkpt lat="56.2687300" lon="9.9954740">
    <ele>74.6</ele>
   </trkpt>
   <trkpt lat="56.2686730" lon="9.9954450">
    <ele>74.6</ele>
   </trkpt>
   <trkpt lat="56.2686150" lon="9.9954180">
    <ele>74.4</ele>
   </trkpt>
   <trkpt lat="56.2685560" lon="9.9953940">
    <ele>74.4</ele>
   </trkpt>
   <trkpt lat="56.2684980" lon="9.9953660">
    <ele>74.4</ele>
   </trkpt>
   <trkpt lat="56.2684400" lon="9.9953350">
    <ele>74.6</ele>
   </trkpt>
   <trkpt lat="56.2683820" lon="9.9953040">
    <ele>74.6</ele>
   </trkpt>
   <trkpt lat="56.2683250" lon="9.9952730">
    <ele>74.6</ele>
   </trkpt>
   <trkpt lat="56.2682670" lon="9.9952450">
    <ele>74.6</ele>
   </trkpt>
   <trkpt lat="56.2682110" lon="9.9952190">
    <ele>74.6</ele>
   </trkpt>
   <trkpt lat="56.2681540" lon="9.9951940">
    <ele>74.6</ele>
   </trkpt>
   <trkpt lat="56.2680990" lon="9.9951670">
    <ele>74.6</ele>
   </trkpt>
   <trkpt lat="56.2680440" lon="9.9951370">
    <ele>74.8</ele>
   </trkpt>
   <trkpt lat="56.2679890" lon="9.9951100">
    <ele>74.8</ele>
   </trkpt>
   <trkpt lat="56.2679330" lon="9.9950880">
    <ele>74.6</ele>
   </trkpt>
   <trkpt lat="56.2678760" lon="9.9950670">
    <ele>74.6</ele>
   </trkpt>
   <trkpt lat="56.2678190" lon="9.9950450">
    <ele>74.6</ele>
   </trkpt>
   <trkpt lat="56.2677610" lon="9.9950170">
    <ele>74.4</ele>
   </trkpt>
   <trkpt lat="56.2677030" lon="9.9949900">
    <ele>74.4</ele>
   </trkpt>
   <trkpt lat="56.2676450" lon="9.9949630">
    <ele>74.4</ele>
   </trkpt>
   <trkpt lat="56.2675880" lon="9.9949350">
    <ele>74.2</ele>
   </trkpt>
   <trkpt lat="56.2675300" lon="9.9949050">
    <ele>74.2</ele>
   </trkpt>
   <trkpt lat="56.2674720" lon="9.9948750">
    <ele>74.2</ele>
   </trkpt>
   <trkpt lat="56.2674140" lon="9.9948480">
    <ele>74.2</ele>
   </trkpt>
   <trkpt lat="56.2673570" lon="9.9948240">
    <ele>74.2</ele>
   </trkpt>
   <trkpt lat="56.2673020" lon="9.9948020">
    <ele>74.4</ele>
   </trkpt>
   <trkpt lat="56.2672480" lon="9.9947820">
    <ele>74.4</ele>
   </trkpt>
   <trkpt lat="56.2671950" lon="9.9947610">
    <ele>74.4</ele>
   </trkpt>
   <trkpt lat="56.2671430" lon="9.9947330">
    <ele>74.4</ele>
   </trkpt>
   <trkpt lat="56.2670900" lon="9.9947020">
    <ele>74.4</ele>
   </trkpt>
   <trkpt lat="56.2670360" lon="9.9946750">
    <ele>74.4</ele>
   </trkpt>
   <trkpt lat="56.2669830" lon="9.9946510">
    <ele>74.6</ele>
   </trkpt>
   <trkpt lat="56.2669290" lon="9.9946260">
    <ele>74.8</ele>
   </trkpt>
   <trkpt lat="56.2668750" lon="9.9946010">
    <ele>74.8</ele>
   </trkpt>
   <trkpt lat="56.2668220" lon="9.9945750">
    <ele>75.0</ele>
   </trkpt>
   <trkpt lat="56.2667680" lon="9.9945480">
    <ele>75.2</ele>
   </trkpt>
   <trkpt lat="56.2667140" lon="9.9945220">
    <ele>75.4</ele>
   </trkpt>
   <trkpt lat="56.2666600" lon="9.9944970">
    <ele>75.4</ele>
   </trkpt>
   <trkpt lat="56.2666070" lon="9.9944740">
    <ele>75.4</ele>
   </trkpt>
   <trkpt lat="56.2665550" lon="9.9944500">
    <ele>75.4</ele>
   </trkpt>
   <trkpt lat="56.2665030" lon="9.9944240">
    <ele>75.4</ele>
   </trkpt>
   <trkpt lat="56.2664490" lon="9.9943980">
    <ele>75.4</ele>
   </trkpt>
   <trkpt lat="56.2663970" lon="9.9943720">
    <ele>75.4</ele>
   </trkpt>
   <trkpt lat="56.2663460" lon="9.9943460">
    <ele>75.6</ele>
   </trkpt>
   <trkpt lat="56.2662930" lon="9.9943220">
    <ele>75.6</ele>
   </trkpt>
   <trkpt lat="56.2662400" lon="9.9942960">
    <ele>75.6</ele>
   </trkpt>
   <trkpt lat="56.2661870" lon="9.9942720">
    <ele>75.6</ele>
   </trkpt>
   <trkpt lat="56.2661330" lon="9.9942470">
    <ele>75.8</ele>
   </trkpt>
   <trkpt lat="56.2660800" lon="9.9942230">
    <ele>75.8</ele>
   </trkpt>
   <trkpt lat="56.2660250" lon="9.9941990">
    <ele>75.8</ele>
   </trkpt>
   <trkpt lat="56.2659710" lon="9.9941760">
    <ele>75.8</ele>
   </trkpt>
   <trkpt lat="56.2659160" lon="9.9941520">
    <ele>76.0</ele>
   </trkpt>
   <trkpt lat="56.2658620" lon="9.9941260">
    <ele>76.0</ele>
   </trkpt>
   <trkpt lat="56.2658090" lon="9.9941010">
    <ele>76.0</ele>
   </trkpt>
   <trkpt lat="56.2657540" lon="9.9940740">
    <ele>76.0</ele>
   </trkpt>
   <trkpt lat="56.2656990" lon="9.9940500">
    <ele>76.0</ele>
   </trkpt>
   <trkpt lat="56.2656440" lon="9.9940280">
    <ele>76.0</ele>
   </trkpt>
   <trkpt lat="56.2655890" lon="9.9940070">
    <ele>76.0</ele>
   </trkpt>
   <trkpt lat="56.2655370" lon="9.9939800">
    <ele>76.2</ele>
   </trkpt>
   <trkpt lat="56.2654890" lon="9.9939400">
    <ele>76.2</ele>
   </trkpt>
   <trkpt lat="56.2654560" lon="9.9938820">
    <ele>76.2</ele>
   </trkpt>
   <trkpt lat="56.2654410" lon="9.9938080">
    <ele>76.0</ele>
   </trkpt>
   <trkpt lat="56.2654520" lon="9.9937350">
    <ele>75.8</ele>
   </trkpt>
   <trkpt lat="56.2654790" lon="9.9936750">
    <ele>75.6</ele>
   </trkpt>
   <trkpt lat="56.2655100" lon="9.9936180">
    <ele>75.4</ele>
   </trkpt>
   <trkpt lat="56.2655400" lon="9.9935540">
    <ele>75.4</ele>
   </trkpt>
   <trkpt lat="56.2655700" lon="9.9934920">
    <ele>75.2</ele>
   </trkpt>
   <trkpt lat="56.2656030" lon="9.9934300">
    <ele>75.2</ele>
   </trkpt>
   <trkpt lat="56.2656340" lon="9.9933640">
    <ele>75.4</ele>
   </trkpt>
   <trkpt lat="56.2656650" lon="9.9932970">
    <ele>75.4</ele>
   </trkpt>
   <trkpt lat="56.2656970" lon="9.9932290">
    <ele>75.4</ele>
   </trkpt>
   <trkpt lat="56.2657270" lon="9.9931580">
    <ele>75.6</ele>
   </trkpt>
   <trkpt lat="56.2657560" lon="9.9930860">
    <ele>75.8</ele>
   </trkpt>
   <trkpt lat="56.2657850" lon="9.9930110">
    <ele>75.8</ele>
   </trkpt>
   <trkpt lat="56.2658140" lon="9.9929340">
    <ele>76.0</ele>
   </trkpt>
   <trkpt lat="56.2658410" lon="9.9928540">
    <ele>76.0</ele>
   </trkpt>
   <trkpt lat="56.2658680" lon="9.9927720">
    <ele>76.2</ele>
   </trkpt>
   <trkpt lat="56.2658920" lon="9.9926870">
    <ele>76.2</ele>
   </trkpt>
   <trkpt lat="56.2659150" lon="9.9926020">
    <ele>76.4</ele>
   </trkpt>
   <trkpt lat="56.2659360" lon="9.9925150">
    <ele>76.4</ele>
   </trkpt>
   <trkpt lat="56.2659520" lon="9.9924250">
    <ele>76.6</ele>
   </trkpt>
   <trkpt lat="56.2659670" lon="9.9923320">
    <ele>76.6</ele>
   </trkpt>
   <trkpt lat="56.2659830" lon="9.9922370">
    <ele>76.6</ele>
   </trkpt>
   <trkpt lat="56.2659970" lon="9.9921420">
    <ele>76.6</ele>
   </trkpt>
   <trkpt lat="56.2660090" lon="9.9920480">
    <ele>76.8</ele>
   </trkpt>
   <trkpt lat="56.2660200" lon="9.9919520">
    <ele>77.0</ele>
   </trkpt>
   <trkpt lat="56.2660290" lon="9.9918560">
    <ele>77.0</ele>
   </trkpt>
   <trkpt lat="56.2660380" lon="9.9917600">
    <ele>77.2</ele>
   </trkpt>
   <trkpt lat="56.2660460" lon="9.9916620">
    <ele>77.2</ele>
   </trkpt>
   <trkpt lat="56.2660540" lon="9.9915660">
    <ele>77.4</ele>
   </trkpt>
   <trkpt lat="56.2660590" lon="9.9914710">
    <ele>77.4</ele>
   </trkpt>
   <trkpt lat="56.2660640" lon="9.9913750">
    <ele>77.6</ele>
   </trkpt>
   <trkpt lat="56.2660700" lon="9.9912800">
    <ele>77.8</ele>
   </trkpt>
   <trkpt lat="56.2660750" lon="9.9911840">
    <ele>77.8</ele>
   </trkpt>
   <trkpt lat="56.2660810" lon="9.9910880">
    <ele>77.8</ele>
   </trkpt>
   <trkpt lat="56.2660870" lon="9.9909930">
    <ele>77.8</ele>
   </trkpt>
   <trkpt lat="56.2660920" lon="9.9908970">
    <ele>77.8</ele>
   </trkpt>
   <trkpt lat="56.2660950" lon="9.9908000">
    <ele>77.8</ele>
   </trkpt>
   <trkpt lat="56.2660970" lon="9.9907050">
    <ele>77.8</ele>
   </trkpt>
   <trkpt lat="56.2661010" lon="9.9906100">
    <ele>78.0</ele>
   </trkpt>
   <trkpt lat="56.2661050" lon="9.9905160">
    <ele>78.2</ele>
   </trkpt>
   <trkpt lat="56.2661080" lon="9.9904230">
    <ele>78.2</ele>
   </trkpt>
   <trkpt lat="56.2661130" lon="9.9903300">
    <ele>78.4</ele>
   </trkpt>
   <trkpt lat="56.2661170" lon="9.9902380">
    <ele>78.6</ele>
   </trkpt>
   <trkpt lat="56.2661190" lon="9.9901470">
    <ele>78.6</ele>
   </trkpt>
   <trkpt lat="56.2661200" lon="9.9900550">
    <ele>78.8</ele>
   </trkpt>
   <trkpt lat="56.2661230" lon="9.9899620">
    <ele>78.8</ele>
   </trkpt>
   <trkpt lat="56.2661260" lon="9.9898700">
    <ele>78.8</ele>
   </trkpt>
   <trkpt lat="56.2661300" lon="9.9897760">
    <ele>79.0</ele>
   </trkpt>
   <trkpt lat="56.2661300" lon="9.9896830">
    <ele>79.0</ele>
   </trkpt>
   <trkpt lat="56.2661300" lon="9.9895880">
    <ele>79.2</ele>
   </trkpt>
   <trkpt lat="56.2661300" lon="9.9894940">
    <ele>79.2</ele>
   </trkpt>
   <trkpt lat="56.2661280" lon="9.9894000">
    <ele>79.4</ele>
   </trkpt>
   <trkpt lat="56.2661220" lon="9.9893060">
    <ele>79.4</ele>
   </trkpt>
   <trkpt lat="56.2661120" lon="9.9892120">
    <ele>79.6</ele>
   </trkpt>
   <trkpt lat="56.2661000" lon="9.9891230">
    <ele>79.8</ele>
   </trkpt>
   <trkpt lat="56.2660830" lon="9.9890370">
    <ele>80.0</ele>
   </trkpt>
   <trkpt lat="56.2660590" lon="9.9889560">
    <ele>80.2</ele>
   </trkpt>
   <trkpt lat="56.2660320" lon="9.9888790">
    <ele>80.4</ele>
   </trkpt>
   <trkpt lat="56.2660050" lon="9.9888030">
    <ele>80.6</ele>
   </trkpt>
   <trkpt lat="56.2659750" lon="9.9887290">
    <ele>80.8</ele>
   </trkpt>
   <trkpt lat="56.2659430" lon="9.9886560">
    <ele>80.8</ele>
   </trkpt>
   <trkpt lat="56.2659110" lon="9.9885840">
    <ele>81.0</ele>
   </trkpt>
   <trkpt lat="56.2658780" lon="9.9885130">
    <ele>81.0</ele>
   </trkpt>
   <trkpt lat="56.2658450" lon="9.9884430">
    <ele>81.0</ele>
   </trkpt>
   <trkpt lat="56.2658110" lon="9.9883710">
    <ele>81.2</ele>
   </trkpt>
   <trkpt lat="56.2657800" lon="9.9882980">
    <ele>81.2</ele>
   </trkpt>
   <trkpt lat="56.2657480" lon="9.9882280">
    <ele>81.2</ele>
   </trkpt>
   <trkpt lat="56.2657150" lon="9.9881580">
    <ele>81.4</ele>
   </trkpt>
   <trkpt lat="56.2656830" lon="9.9880880">
    <ele>81.4</ele>
   </trkpt>
   <trkpt lat="56.2656520" lon="9.9880150">
    <ele>81.4</ele>
   </trkpt>
   <trkpt lat="56.2656210" lon="9.9879430">
    <ele>81.6</ele>
   </trkpt>
   <trkpt lat="56.2655890" lon="9.9878700">
    <ele>81.8</ele>
   </trkpt>
   <trkpt lat="56.2655580" lon="9.9877990">
    <ele>81.8</ele>
   </trkpt>
   <trkpt lat="56.2655260" lon="9.9877240">
    <ele>81.8</ele>
   </trkpt>
   <trkpt lat="56.2654950" lon="9.9876500">
    <ele>82.0</ele>
   </trkpt>
   <trkpt lat="56.2654610" lon="9.9875760">
    <ele>82.0</ele>
   </trkpt>
   <trkpt lat="56.2654280" lon="9.9875020">
    <ele>82.0</ele>
   </trkpt>
   <trkpt lat="56.2653940" lon="9.9874280">
    <ele>82.2</ele>
   </trkpt>
   <trkpt lat="56.2653630" lon="9.9873510">
    <ele>82.4</ele>
   </trkpt>
   <trkpt lat="56.2653320" lon="9.9872760">
    <ele>82.6</ele>
   </trkpt>
   <trkpt lat="56.2652990" lon="9.9872010">
    <ele>82.6</ele>
   </trkpt>
   <trkpt lat="56.2652660" lon="9.9871250">
    <ele>82.6</ele>
   </trkpt>
   <trkpt lat="56.2652330" lon="9.9870480">
    <ele>82.6</ele>
   </trkpt>
   <trkpt lat="56.2652000" lon="9.9869750">
    <ele>82.4</ele>
   </trkpt>
   <trkpt lat="56.2651670" lon="9.9869010">
    <ele>82.4</ele>
   </trkpt>
   <trkpt lat="56.2651340" lon="9.9868270">
    <ele>82.4</ele>
   </trkpt>
   <trkpt lat="56.2651020" lon="9.9867520">
    <ele>82.4</ele>
   </trkpt>
   <trkpt lat="56.2650700" lon="9.9866760">
    <ele>82.6</ele>
   </trkpt>
   <trkpt lat="56.2650360" lon="9.9866030">
    <ele>82.6</ele>
   </trkpt>
   <trkpt lat="56.2650020" lon="9.9865280">
    <ele>82.6</ele>
   </trkpt>
   <trkpt lat="56.2649700" lon="9.9864510">
    <ele>82.6</ele>
   </trkpt>
   <trkpt lat="56.2649370" lon="9.9863750">
    <ele>82.8</ele>
   </trkpt>
   <trkpt lat="56.2649040" lon="9.9862980">
    <ele>82.8</ele>
   </trkpt>
   <trkpt lat="56.2648700" lon="9.9862210">
    <ele>82.8</ele>
   </trkpt>
   <trkpt lat="56.2648370" lon="9.9861450">
    <ele>83.0</ele>
   </trkpt>
   <trkpt lat="56.2648040" lon="9.9860730">
    <ele>83.0</ele>
   </trkpt>
   <trkpt lat="56.2647710" lon="9.9860000">
    <ele>83.0</ele>
   </trkpt>
   <trkpt lat="56.2647380" lon="9.9859280">
    <ele>83.0</ele>
   </trkpt>
   <trkpt lat="56.2647060" lon="9.9858530">
    <ele>83.0</ele>
   </trkpt>
   <trkpt lat="56.2646730" lon="9.9857790">
    <ele>83.0</ele>
   </trkpt>
   <trkpt lat="56.2646390" lon="9.9857040">
    <ele>83.0</ele>
   </trkpt>
   <trkpt lat="56.2646050" lon="9.9856300">
    <ele>83.0</ele>
   </trkpt>
   <trkpt lat="56.2645710" lon="9.9855540">
    <ele>83.2</ele>
   </trkpt>
   <trkpt lat="56.2645390" lon="9.9854820">
    <ele>83.2</ele>
   </trkpt>
   <trkpt lat="56.2645070" lon="9.9854070">
    <ele>83.2</ele>
   </trkpt>
   <trkpt lat="56.2644760" lon="9.9853270">
    <ele>83.2</ele>
   </trkpt>
   <trkpt lat="56.2644450" lon="9.9852480">
    <ele>83.4</ele>
   </trkpt>
   <trkpt lat="56.2644150" lon="9.9851650">
    <ele>83.4</ele>
   </trkpt>
   <trkpt lat="56.2643850" lon="9.9850830">
    <ele>83.4</ele>
   </trkpt>
   <trkpt lat="56.2643580" lon="9.9849990">
    <ele>83.4</ele>
   </trkpt>
   <trkpt lat="56.2643350" lon="9.9849110">
    <ele>83.6</ele>
   </trkpt>
   <trkpt lat="56.2643170" lon="9.9848190">
    <ele>83.4</ele>
   </trkpt>
   <trkpt lat="56.2642980" lon="9.9847250">
    <ele>83.4</ele>
   </trkpt>
   <trkpt lat="56.2642820" lon="9.9846330">
    <ele>83.4</ele>
   </trkpt>
   <trkpt lat="56.2642660" lon="9.9845400">
    <ele>83.4</ele>
   </trkpt>
   <trkpt lat="56.2642520" lon="9.9844480">
    <ele>83.2</ele>
   </trkpt>
   <trkpt lat="56.2642390" lon="9.9843550">
    <ele>83.2</ele>
   </trkpt>
   <trkpt lat="56.2642260" lon="9.9842620">
    <ele>83.2</ele>
   </trkpt>
   <trkpt lat="56.2642130" lon="9.9841690">
    <ele>83.2</ele>
   </trkpt>
   <trkpt lat="56.2641990" lon="9.9840760">
    <ele>83.2</ele>
   </trkpt>
   <trkpt lat="56.2641840" lon="9.9839830">
    <ele>83.4</ele>
   </trkpt>
   <trkpt lat="56.2641690" lon="9.9838880">
    <ele>83.4</ele>
   </trkpt>
   <trkpt lat="56.2641530" lon="9.9837930">
    <ele>83.4</ele>
   </trkpt>
   <trkpt lat="56.2641380" lon="9.9836950">
    <ele>83.2</ele>
   </trkpt>
   <trkpt lat="56.2641230" lon="9.9835980">
    <ele>83.2</ele>
   </trkpt>
   <trkpt lat="56.2641070" lon="9.9835020">
    <ele>83.0</ele>
   </trkpt>
   <trkpt lat="56.2640910" lon="9.9834070">
    <ele>82.8</ele>
   </trkpt>
   <trkpt lat="56.2640760" lon="9.9833120">
    <ele>82.8</ele>
   </trkpt>
   <trkpt lat="56.2640610" lon="9.9832180">
    <ele>82.8</ele>
   </trkpt>
   <trkpt lat="56.2640460" lon="9.9831260">
    <ele>82.8</ele>
   </trkpt>
   <trkpt lat="56.2640310" lon="9.9830330">
    <ele>82.8</ele>
   </trkpt>
   <trkpt lat="56.2640160" lon="9.9829360">
    <ele>82.8</ele>
   </trkpt>
   <trkpt lat="56.2639990" lon="9.9828370">
    <ele>82.8</ele>
   </trkpt>
   <trkpt lat="56.2639810" lon="9.9827370">
    <ele>83.0</ele>
   </trkpt>
   <trkpt lat="56.2639630" lon="9.9826340">
    <ele>83.0</ele>
   </trkpt>
   <trkpt lat="56.2639450" lon="9.9825280">
    <ele>83.0</ele>
   </trkpt>
   <trkpt lat="56.2639280" lon="9.9824230">
    <ele>83.0</ele>
   </trkpt>
   <trkpt lat="56.2639100" lon="9.9823160">
    <ele>83.0</ele>
   </trkpt>
   <trkpt lat="56.2638900" lon="9.9822080">
    <ele>82.8</ele>
   </trkpt>
   <trkpt lat="56.2638730" lon="9.9821000">
    <ele>82.6</ele>
   </trkpt>
   <trkpt lat="56.2638560" lon="9.9819940">
    <ele>82.6</ele>
   </trkpt>
   <trkpt lat="56.2638380" lon="9.9818920">
    <ele>82.6</ele>
   </trkpt>
   <trkpt lat="56.2638190" lon="9.9817880">
    <ele>82.6</ele>
   </trkpt>
   <trkpt lat="56.2638030" lon="9.9816820">
    <ele>82.8</ele>
   </trkpt>
   <trkpt lat="56.2637860" lon="9.9815780">
    <ele>82.8</ele>
   </trkpt>
   <trkpt lat="56.2637680" lon="9.9814740">
    <ele>83.0</ele>
   </trkpt>
   <trkpt lat="56.2637490" lon="9.9813700">
    <ele>83.0</ele>
   </trkpt>
   <trkpt lat="56.2637300" lon="9.9812650">
    <ele>83.0</ele>
   </trkpt>
   <trkpt lat="56.2637120" lon="9.9811600">
    <ele>82.8</ele>
   </trkpt>
   <trkpt lat="56.2636930" lon="9.9810560">
    <ele>82.8</ele>
   </trkpt>
   <trkpt lat="56.2636730" lon="9.9809500">
    <ele>82.8</ele>
   </trkpt>
   <trkpt lat="56.2636540" lon="9.9808440">
    <ele>82.6</ele>
   </trkpt>
   <trkpt lat="56.2636380" lon="9.9807400">
    <ele>82.6</ele>
   </trkpt>
   <trkpt lat="56.2636220" lon="9.9806330">
    <ele>82.6</ele>
   </trkpt>
   <trkpt lat="56.2636050" lon="9.9805280">
    <ele>82.6</ele>
   </trkpt>
   <trkpt lat="56.2635850" lon="9.9804250">
    <ele>82.6</ele>
   </trkpt>
   <trkpt lat="56.2635640" lon="9.9803200">
    <ele>82.4</ele>
   </trkpt>
   <trkpt lat="56.2635450" lon="9.9802170">
    <ele>82.4</ele>
   </trkpt>
   <trkpt lat="56.2635270" lon="9.9801110">
    <ele>82.4</ele>
   </trkpt>
   <trkpt lat="56.2635090" lon="9.9800060">
    <ele>82.2</ele>
   </trkpt>
   <trkpt lat="56.2634900" lon="9.9798990">
    <ele>82.2</ele>
   </trkpt>
   <trkpt lat="56.2634710" lon="9.9797920">
    <ele>82.0</ele>
   </trkpt>
   <trkpt lat="56.2634540" lon="9.9796880">
    <ele>82.0</ele>
   </trkpt>
   <trkpt lat="56.2634360" lon="9.9795820">
    <ele>81.8</ele>
   </trkpt>
   <trkpt lat="56.2634170" lon="9.9794770">
    <ele>81.8</ele>
   </trkpt>
   <trkpt lat="56.2633970" lon="9.9793710">
    <ele>81.8</ele>
   </trkpt>
   <trkpt lat="56.2633760" lon="9.9792630">
    <ele>81.6</ele>
   </trkpt>
   <trkpt lat="56.2633570" lon="9.9791550">
    <ele>81.6</ele>
   </trkpt>
   <trkpt lat="56.2633380" lon="9.9790480">
    <ele>81.6</ele>
   </trkpt>
   <trkpt lat="56.2633180" lon="9.9789420">
    <ele>81.6</ele>
   </trkpt>
   <trkpt lat="56.2632990" lon="9.9788380">
    <ele>81.8</ele>
   </trkpt>
   <trkpt lat="56.2632810" lon="9.9787350">
    <ele>82.0</ele>
   </trkpt>
   <trkpt lat="56.2632610" lon="9.9786330">
    <ele>82.2</ele>
   </trkpt>
   <trkpt lat="56.2632430" lon="9.9785330">
    <ele>82.2</ele>
   </trkpt>
   <trkpt lat="56.2632240" lon="9.9784310">
    <ele>82.4</ele>
   </trkpt>
   <trkpt lat="56.2632060" lon="9.9783300">
    <ele>82.4</ele>
   </trkpt>
   <trkpt lat="56.2631890" lon="9.9782280">
    <ele>82.4</ele>
   </trkpt>
   <trkpt lat="56.2631710" lon="9.9781290">
    <ele>82.6</ele>
   </trkpt>
   <trkpt lat="56.2631520" lon="9.9780310">
    <ele>82.6</ele>
   </trkpt>
   <trkpt lat="56.2631350" lon="9.9779340">
    <ele>82.6</ele>
   </trkpt>
   <trkpt lat="56.2631150" lon="9.9778400">
    <ele>82.6</ele>
   </trkpt>
   <trkpt lat="56.2630950" lon="9.9777440">
    <ele>82.6</ele>
   </trkpt>
   <trkpt lat="56.2630750" lon="9.9776480">
    <ele>82.8</ele>
   </trkpt>
   <trkpt lat="56.2630540" lon="9.9775510">
    <ele>82.6</ele>
   </trkpt>
   <trkpt lat="56.2630310" lon="9.9774530">
    <ele>82.6</ele>
   </trkpt>
   <trkpt lat="56.2630060" lon="9.9773560">
    <ele>82.6</ele>
   </trkpt>
   <trkpt lat="56.2629800" lon="9.9772600">
    <ele>82.4</ele>
   </trkpt>
   <trkpt lat="56.2629530" lon="9.9771630">
    <ele>82.4</ele>
   </trkpt>
   <trkpt lat="56.2629260" lon="9.9770650">
    <ele>82.4</ele>
   </trkpt>
   <trkpt lat="56.2628980" lon="9.9769660">
    <ele>82.4</ele>
   </trkpt>
   <trkpt lat="56.2628690" lon="9.9768670">
    <ele>82.4</ele>
   </trkpt>
   <trkpt lat="56.2628400" lon="9.9767690">
    <ele>82.2</ele>
   </trkpt>
   <trkpt lat="56.2628130" lon="9.9766690">
    <ele>82.0</ele>
   </trkpt>
   <trkpt lat="56.2627850" lon="9.9765720">
    <ele>82.0</ele>
   </trkpt>
   <trkpt lat="56.2627550" lon="9.9764720">
    <ele>82.0</ele>
   </trkpt>
   <trkpt lat="56.2627250" lon="9.9763730">
    <ele>82.0</ele>
   </trkpt>
   <trkpt lat="56.2626960" lon="9.9762770">
    <ele>82.0</ele>
   </trkpt>
   <trkpt lat="56.2626670" lon="9.9761850">
    <ele>81.8</ele>
   </trkpt>
   <trkpt lat="56.2626400" lon="9.9760960">
    <ele>81.8</ele>
   </trkpt>
   <trkpt lat="56.2626130" lon="9.9760060">
    <ele>81.8</ele>
   </trkpt>
   <trkpt lat="56.2625870" lon="9.9759150">
    <ele>81.8</ele>
   </trkpt>
   <trkpt lat="56.2625620" lon="9.9758260">
    <ele>81.8</ele>
   </trkpt>
   <trkpt lat="56.2625360" lon="9.9757350">
    <ele>81.6</ele>
   </trkpt>
   <trkpt lat="56.2625110" lon="9.9756460">
    <ele>81.6</ele>
   </trkpt>
   <trkpt lat="56.2624860" lon="9.9755590">
    <ele>81.6</ele>
   </trkpt>
   <trkpt lat="56.2624620" lon="9.9754710">
    <ele>81.6</ele>
   </trkpt>
   <trkpt lat="56.2624380" lon="9.9753830">
    <ele>81.6</ele>
   </trkpt>
   <trkpt lat="56.2624130" lon="9.9752940">
    <ele>81.6</ele>
   </trkpt>
   <trkpt lat="56.2623870" lon="9.9752050">
    <ele>81.6</ele>
   </trkpt>
   <trkpt lat="56.2623620" lon="9.9751160">
    <ele>81.6</ele>
   </trkpt>
   <trkpt lat="56.2623370" lon="9.9750240">
    <ele>81.6</ele>
   </trkpt>
   <trkpt lat="56.2623120" lon="9.9749320">
    <ele>81.6</ele>
   </trkpt>
   <trkpt lat="56.2622860" lon="9.9748420">
    <ele>81.4</ele>
   </trkpt>
   <trkpt lat="56.2622590" lon="9.9747500">
    <ele>81.4</ele>
   </trkpt>
   <trkpt lat="56.2622340" lon="9.9746590">
    <ele>81.4</ele>
   </trkpt>
   <trkpt lat="56.2622090" lon="9.9745690">
    <ele>81.4</ele>
   </trkpt>
   <trkpt lat="56.2621880" lon="9.9744750">
    <ele>81.4</ele>
   </trkpt>
   <trkpt lat="56.2621710" lon="9.9743800">
    <ele>81.4</ele>
   </trkpt>
   <trkpt lat="56.2621580" lon="9.9742820">
    <ele>81.4</ele>
   </trkpt>
   <trkpt lat="56.2621480" lon="9.9741830">
    <ele>81.4</ele>
   </trkpt>
   <trkpt lat="56.2621360" lon="9.9740890">
    <ele>81.4</ele>
   </trkpt>
   <trkpt lat="56.2621270" lon="9.9739950">
    <ele>81.4</ele>
   </trkpt>
   <trkpt lat="56.2621220" lon="9.9738970">
    <ele>81.4</ele>
   </trkpt>
   <trkpt lat="56.2621200" lon="9.9737970">
    <ele>81.4</ele>
   </trkpt>
   <trkpt lat="56.2621190" lon="9.9737000">
    <ele>81.4</ele>
   </trkpt>
   <trkpt lat="56.2621200" lon="9.9736040">
    <ele>81.4</ele>
   </trkpt>
   <trkpt lat="56.2621210" lon="9.9735080">
    <ele>81.4</ele>
   </trkpt>
   <trkpt lat="56.2621200" lon="9.9734120">
    <ele>81.6</ele>
   </trkpt>
   <trkpt lat="56.2621180" lon="9.9733160">
    <ele>81.6</ele>
   </trkpt>
   <trkpt lat="56.2621190" lon="9.9732210">
    <ele>81.8</ele>
   </trkpt>
   <trkpt lat="56.2621210" lon="9.9731270">
    <ele>82.0</ele>
   </trkpt>
   <trkpt lat="56.2621220" lon="9.9730320">
    <ele>82.0</ele>
   </trkpt>
   <trkpt lat="56.2621200" lon="9.9729350">
    <ele>82.0</ele>
   </trkpt>
   <trkpt lat="56.2621170" lon="9.9728410">
    <ele>82.2</ele>
   </trkpt>
   <trkpt lat="56.2621160" lon="9.9727480">
    <ele>82.4</ele>
   </trkpt>
   <trkpt lat="56.2621140" lon="9.9726550">
    <ele>82.4</ele>
   </trkpt>
   <trkpt lat="56.2621130" lon="9.9725600">
    <ele>82.6</ele>
   </trkpt>
   <trkpt lat="56.2621110" lon="9.9724670">
    <ele>82.6</ele>
   </trkpt>
   <trkpt lat="56.2621100" lon="9.9723740">
    <ele>82.8</ele>
   </trkpt>
   <trkpt lat="56.2621100" lon="9.9722800">
    <ele>82.8</ele>
   </trkpt>
   <trkpt lat="56.2621100" lon="9.9721840">
    <ele>83.0</ele>
   </trkpt>
   <trkpt lat="56.2621090" lon="9.9720890">
    <ele>83.0</ele>
   </trkpt>
   <trkpt lat="56.2621100" lon="9.9719960">
    <ele>83.0</ele>
   </trkpt>
   <trkpt lat="56.2621080" lon="9.9719030">
    <ele>83.2</ele>
   </trkpt>
   <trkpt lat="56.2621080" lon="9.9718130">
    <ele>83.2</ele>
   </trkpt>
   <trkpt lat="56.2621060" lon="9.9717210">
    <ele>83.2</ele>
   </trkpt>
   <trkpt lat="56.2621060" lon="9.9716300">
    <ele>83.2</ele>
   </trkpt>
   <trkpt lat="56.2621050" lon="9.9715390">
    <ele>83.4</ele>
   </trkpt>
   <trkpt lat="56.2621050" lon="9.9714470">
    <ele>83.4</ele>
   </trkpt>
   <trkpt lat="56.2621040" lon="9.9713540">
    <ele>83.6</ele>
   </trkpt>
   <trkpt lat="56.2621060" lon="9.9712610">
    <ele>83.8</ele>
   </trkpt>
   <trkpt lat="56.2621060" lon="9.9711660">
    <ele>83.8</ele>
   </trkpt>
   <trkpt lat="56.2621020" lon="9.9710710">
    <ele>83.8</ele>
   </trkpt>
   <trkpt lat="56.2620970" lon="9.9709740">
    <ele>84.0</ele>
   </trkpt>
   <trkpt lat="56.2620950" lon="9.9708780">
    <ele>84.0</ele>
   </trkpt>
   <trkpt lat="56.2620950" lon="9.9707820">
    <ele>84.0</ele>
   </trkpt>
   <trkpt lat="56.2620950" lon="9.9706880">
    <ele>84.0</ele>
   </trkpt>
   <trkpt lat="56.2620930" lon="9.9705960">
    <ele>84.0</ele>
   </trkpt>
   <trkpt lat="56.2620920" lon="9.9705040">
    <ele>84.0</ele>
   </trkpt>
   <trkpt lat="56.2620890" lon="9.9704130">
    <ele>84.0</ele>
   </trkpt>
   <trkpt lat="56.2620860" lon="9.9703200">
    <ele>84.2</ele>
   </trkpt>
   <trkpt lat="56.2620840" lon="9.9702270">
    <ele>84.2</ele>
   </trkpt>
   <trkpt lat="56.2620820" lon="9.9701370">
    <ele>84.2</ele>
   </trkpt>
   <trkpt lat="56.2620780" lon="9.9700440">
    <ele>84.2</ele>
   </trkpt>
   <trkpt lat="56.2620760" lon="9.9699490">
    <ele>84.2</ele>
   </trkpt>
   <trkpt lat="56.2620770" lon="9.9698550">
    <ele>84.4</ele>
   </trkpt>
   <trkpt lat="56.2620780" lon="9.9697620">
    <ele>84.4</ele>
   </trkpt>
   <trkpt lat="56.2620790" lon="9.9696690">
    <ele>84.6</ele>
   </trkpt>
   <trkpt lat="56.2620790" lon="9.9695770">
    <ele>84.6</ele>
   </trkpt>
   <trkpt lat="56.2620780" lon="9.9694850">
    <ele>84.8</ele>
   </trkpt>
   <trkpt lat="56.2620760" lon="9.9693930">
    <ele>85.0</ele>
   </trkpt>
   <trkpt lat="56.2620760" lon="9.9693000">
    <ele>85.2</ele>
   </trkpt>
   <trkpt lat="56.2620760" lon="9.9692040">
    <ele>85.2</ele>
   </trkpt>
   <trkpt lat="56.2620760" lon="9.9691090">
    <ele>85.2</ele>
   </trkpt>
   <trkpt lat="56.2620740" lon="9.9690140">
    <ele>85.2</ele>
   </trkpt>
   <trkpt lat="56.2620730" lon="9.9689190">
    <ele>85.2</ele>
   </trkpt>
   <trkpt lat="56.2620700" lon="9.9688260">
    <ele>85.2</ele>
   </trkpt>
   <trkpt lat="56.2620670" lon="9.9687300">
    <ele>85.4</ele>
   </trkpt>
   <trkpt lat="56.2620650" lon="9.9686300">
    <ele>85.4</ele>
   </trkpt>
   <trkpt lat="56.2620640" lon="9.9685270">
    <ele>85.2</ele>
   </trkpt>
   <trkpt lat="56.2620660" lon="9.9684230">
    <ele>85.2</ele>
   </trkpt>
   <trkpt lat="56.2620640" lon="9.9683170">
    <ele>85.2</ele>
   </trkpt>
   <trkpt lat="56.2620640" lon="9.9682140">
    <ele>85.0</ele>
   </trkpt>
   <trkpt lat="56.2620650" lon="9.9681120">
    <ele>85.0</ele>
   </trkpt>
   <trkpt lat="56.2620660" lon="9.9680080">
    <ele>85.0</ele>
   </trkpt>
   <trkpt lat="56.2620670" lon="9.9679050">
    <ele>85.0</ele>
   </trkpt>
   <trkpt lat="56.2620650" lon="9.9678050">
    <ele>84.8</ele>
   </trkpt>
   <trkpt lat="56.2620640" lon="9.9677040">
    <ele>84.8</ele>
   </trkpt>
   <trkpt lat="56.2620630" lon="9.9676080">
    <ele>84.8</ele>
   </trkpt>
   <trkpt lat="56.2620610" lon="9.9675100">
    <ele>84.8</ele>
   </trkpt>
   <trkpt lat="56.2620620" lon="9.9674100">
    <ele>84.8</ele>
   </trkpt>
   <trkpt lat="56.2620630" lon="9.9673100">
    <ele>84.8</ele>
   </trkpt>
   <trkpt lat="56.2620640" lon="9.9672100">
    <ele>84.8</ele>
   </trkpt>
   <trkpt lat="56.2620640" lon="9.9671080">
    <ele>85.0</ele>
   </trkpt>
   <trkpt lat="56.2620630" lon="9.9670050">
    <ele>85.0</ele>
   </trkpt>
   <trkpt lat="56.2620640" lon="9.9669020">
    <ele>85.0</ele>
   </trkpt>
   <trkpt lat="56.2620630" lon="9.9668000">
    <ele>85.2</ele>
   </trkpt>
   <trkpt lat="56.2620610" lon="9.9667000">
    <ele>85.2</ele>
   </trkpt>
   <trkpt lat="56.2620580" lon="9.9666000">
    <ele>85.4</ele>
   </trkpt>
   <trkpt lat="56.2620560" lon="9.9664980">
    <ele>85.4</ele>
   </trkpt>
   <trkpt lat="56.2620550" lon="9.9663950">
    <ele>85.4</ele>
   </trkpt>
   <trkpt lat="56.2620530" lon="9.9662920">
    <ele>85.2</ele>
   </trkpt>
   <trkpt lat="56.2620500" lon="9.9661900">
    <ele>85.2</ele>
   </trkpt>
   <trkpt lat="56.2620450" lon="9.9660860">
    <ele>85.0</ele>
   </trkpt>
   <trkpt lat="56.2620380" lon="9.9659820">
    <ele>85.0</ele>
   </trkpt>
   <trkpt lat="56.2620270" lon="9.9658740">
    <ele>84.8</ele>
   </trkpt>
   <trkpt lat="56.2620050" lon="9.9657710">
    <ele>84.8</ele>
   </trkpt>
   <trkpt lat="56.2619760" lon="9.9656680">
    <ele>84.6</ele>
   </trkpt>
   <trkpt lat="56.2619440" lon="9.9655660">
    <ele>84.4</ele>
   </trkpt>
   <trkpt lat="56.2619060" lon="9.9654660">
    <ele>84.4</ele>
   </trkpt>
   <trkpt lat="56.2618640" lon="9.9653700">
    <ele>84.2</ele>
   </trkpt>
   <trkpt lat="56.2618200" lon="9.9652770">
    <ele>84.0</ele>
   </trkpt>
   <trkpt lat="56.2617750" lon="9.9651830">
    <ele>83.8</ele>
   </trkpt>
   <trkpt lat="56.2617310" lon="9.9650910">
    <ele>83.6</ele>
   </trkpt>
   <trkpt lat="56.2616860" lon="9.9650000">
    <ele>83.6</ele>
   </trkpt>
   <trkpt lat="56.2616430" lon="9.9649100">
    <ele>83.6</ele>
   </trkpt>
   <trkpt lat="56.2616010" lon="9.9648200">
    <ele>83.6</ele>
   </trkpt>
   <trkpt lat="56.2615580" lon="9.9647320">
    <ele>83.8</ele>
   </trkpt>
   <trkpt lat="56.2615160" lon="9.9646470">
    <ele>83.8</ele>
   </trkpt>
   <trkpt lat="56.2614730" lon="9.9645660">
    <ele>83.8</ele>
   </trkpt>
   <trkpt lat="56.2614300" lon="9.9644850">
    <ele>83.8</ele>
   </trkpt>
   <trkpt lat="56.2613890" lon="9.9644010">
    <ele>83.8</ele>
   </trkpt>
   <trkpt lat="56.2613480" lon="9.9643130">
    <ele>83.6</ele>
   </trkpt>
   <trkpt lat="56.2613060" lon="9.9642260">
    <ele>83.6</ele>
   </trkpt>
   <trkpt lat="56.2612650" lon="9.9641360">
    <ele>83.4</ele>
   </trkpt>
   <trkpt lat="56.2612220" lon="9.9640480">
    <ele>83.4</ele>
   </trkpt>
   <trkpt lat="56.2611780" lon="9.9639630">
    <ele>83.2</ele>
   </trkpt>
   <trkpt lat="56.2611340" lon="9.9638730">
    <ele>83.2</ele>
   </trkpt>
   <trkpt lat="56.2610920" lon="9.9637830">
    <ele>83.0</ele>
   </trkpt>
   <trkpt lat="56.2610490" lon="9.9636930">
    <ele>83.0</ele>
   </trkpt>
   <trkpt lat="56.2610080" lon="9.9636000">
    <ele>83.0</ele>
   </trkpt>
   <trkpt lat="56.2609640" lon="9.9635100">
    <ele>83.0</ele>
   </trkpt>
   <trkpt lat="56.2609210" lon="9.9634220">
    <ele>82.8</ele>
   </trkpt>
   <trkpt lat="56.2608790" lon="9.9633340">
    <ele>83.0</ele>
   </trkpt>
   <trkpt lat="56.2608390" lon="9.9632490">
    <ele>83.0</ele>
   </trkpt>
   <trkpt lat="56.2608000" lon="9.9631680">
    <ele>83.0</ele>
   </trkpt>
   <trkpt lat="56.2607610" lon="9.9630880">
    <ele>83.0</ele>
   </trkpt>
   <trkpt lat="56.2607230" lon="9.9630130">
    <ele>83.2</ele>
   </trkpt>
   <trkpt lat="56.2606780" lon="9.9629540">
    <ele>83.2</ele>
   </trkpt>
   <trkpt lat="56.2606300" lon="9.9629190">
    <ele>83.0</ele>
   </trkpt>
   <trkpt lat="56.2605790" lon="9.9629070">
    <ele>83.2</ele>
   </trkpt>
   <trkpt lat="56.2605300" lon="9.9629200">
    <ele>83.2</ele>
   </trkpt>
   <trkpt lat="56.2604820" lon="9.9629460">
    <ele>83.2</ele>
   </trkpt>
   <trkpt lat="56.2604300" lon="9.9629700">
    <ele>83.2</ele>
   </trkpt>
   <trkpt lat="56.2603770" lon="9.9629910">
    <ele>83.4</ele>
   </trkpt>
   <trkpt lat="56.2603210" lon="9.9630180">
    <ele>83.4</ele>
   </trkpt>
   <trkpt lat="56.2602670" lon="9.9630400">
    <ele>83.4</ele>
   </trkpt>
   <trkpt lat="56.2602110" lon="9.9630640">
    <ele>83.2</ele>
   </trkpt>
   <trkpt lat="56.2601530" lon="9.9630930">
    <ele>83.2</ele>
   </trkpt>
   <trkpt lat="56.2600930" lon="9.9631220">
    <ele>83.0</ele>
   </trkpt>
   <trkpt lat="56.2600300" lon="9.9631510">
    <ele>82.8</ele>
   </trkpt>
   <trkpt lat="56.2599670" lon="9.9631810">
    <ele>82.6</ele>
   </trkpt>
   <trkpt lat="56.2599040" lon="9.9632120">
    <ele>82.6</ele>
   </trkpt>
   <trkpt lat="56.2598410" lon="9.9632400">
    <ele>82.4</ele>
   </trkpt>
   <trkpt lat="56.2597770" lon="9.9632660">
    <ele>82.4</ele>
   </trkpt>
   <trkpt lat="56.2597140" lon="9.9632960">
    <ele>82.2</ele>
   </trkpt>
   <trkpt lat="56.2596530" lon="9.9633280">
    <ele>82.2</ele>
   </trkpt>
   <trkpt lat="56.2595930" lon="9.9633570">
    <ele>82.0</ele>
   </trkpt>
   <trkpt lat="56.2595330" lon="9.9633870">
    <ele>82.0</ele>
   </trkpt>
   <trkpt lat="56.2594720" lon="9.9634190">
    <ele>82.0</ele>
   </trkpt>
   <trkpt lat="56.2594110" lon="9.9634520">
    <ele>82.0</ele>
   </trkpt>
   <trkpt lat="56.2593490" lon="9.9634830">
    <ele>82.0</ele>
   </trkpt>
   <trkpt lat="56.2592870" lon="9.9635140">
    <ele>82.0</ele>
   </trkpt>
   <trkpt lat="56.2592240" lon="9.9635450">
    <ele>82.0</ele>
   </trkpt>
   <trkpt lat="56.2591600" lon="9.9635760">
    <ele>82.0</ele>
   </trkpt>
   <trkpt lat="56.2590940" lon="9.9636100">
    <ele>82.0</ele>
   </trkpt>
   <trkpt lat="56.2590280" lon="9.9636460">
    <ele>82.0</ele>
   </trkpt>
   <trkpt lat="56.2589620" lon="9.9636820">
    <ele>81.8</ele>
   </trkpt>
   <trkpt lat="56.2588960" lon="9.9637200">
    <ele>81.8</ele>
   </trkpt>
   <trkpt lat="56.2588310" lon="9.9637620">
    <ele>81.6</ele>
   </trkpt>
   <trkpt lat="56.2587680" lon="9.9638050">
    <ele>81.6</ele>
   </trkpt>
   <trkpt lat="56.2587050" lon="9.9638490">
    <ele>81.6</ele>
   </trkpt>
   <trkpt lat="56.2586410" lon="9.9638910">
    <ele>81.4</ele>
   </trkpt>
   <trkpt lat="56.2585740" lon="9.9639250">
    <ele>81.2</ele>
   </trkpt>
   <trkpt lat="56.2585060" lon="9.9639490">
    <ele>81.2</ele>
   </trkpt>
   <trkpt lat="56.2584390" lon="9.9639600">
    <ele>81.2</ele>
   </trkpt>
   <trkpt lat="56.2583710" lon="9.9639650">
    <ele>81.0</ele>
   </trkpt>
   <trkpt lat="56.2583050" lon="9.9639710">
    <ele>81.0</ele>
   </trkpt>
   <trkpt lat="56.2582390" lon="9.9639750">
    <ele>81.2</ele>
   </trkpt>
   <trkpt lat="56.2581720" lon="9.9639760">
    <ele>81.0</ele>
   </trkpt>
   <trkpt lat="56.2581040" lon="9.9639740">
    <ele>81.0</ele>
   </trkpt>
   <trkpt lat="56.2580350" lon="9.9639720">
    <ele>81.0</ele>
   </trkpt>
   <trkpt lat="56.2579670" lon="9.9639730">
    <ele>81.2</ele>
   </trkpt>
   <trkpt lat="56.2578970" lon="9.9639760">
    <ele>81.2</ele>
   </trkpt>
   <trkpt lat="56.2578280" lon="9.9639810">
    <ele>81.0</ele>
   </trkpt>
   <trkpt lat="56.2577570" lon="9.9639860">
    <ele>81.0</ele>
   </trkpt>
   <trkpt lat="56.2576860" lon="9.9639900">
    <ele>80.8</ele>
   </trkpt>
   <trkpt lat="56.2576160" lon="9.9639900">
    <ele>80.8</ele>
   </trkpt>
   <trkpt lat="56.2575470" lon="9.9639880">
    <ele>80.6</ele>
   </trkpt>
   <trkpt lat="56.2574780" lon="9.9639910">
    <ele>80.6</ele>
   </trkpt>
   <trkpt lat="56.2574090" lon="9.9639930">
    <ele>80.4</ele>
   </trkpt>
   <trkpt lat="56.2573420" lon="9.9639930">
    <ele>80.4</ele>
   </trkpt>
   <trkpt lat="56.2572750" lon="9.9639950">
    <ele>80.2</ele>
   </trkpt>
   <trkpt lat="56.2572080" lon="9.9639940">
    <ele>80.4</ele>
   </trkpt>
   <trkpt lat="56.2571410" lon="9.9639920">
    <ele>80.4</ele>
   </trkpt>
   <trkpt lat="56.2570750" lon="9.9639920">
    <ele>80.4</ele>
   </trkpt>
   <trkpt lat="56.2570100" lon="9.9639970">
    <ele>80.8</ele>
   </trkpt>
   <trkpt lat="56.2569440" lon="9.9640000">
    <ele>81.0</ele>
   </trkpt>
   <trkpt lat="56.2568790" lon="9.9639980">
    <ele>81.2</ele>
   </trkpt>
   <trkpt lat="56.2568150" lon="9.9639970">
    <ele>81.4</ele>
   </trkpt>
   <trkpt lat="56.2567500" lon="9.9639990">
    <ele>81.6</ele>
   </trkpt>
   <trkpt lat="56.2566850" lon="9.9640010">
    <ele>81.6</ele>
   </trkpt>
   <trkpt lat="56.2566200" lon="9.9640030">
    <ele>81.6</ele>
   </trkpt>
   <trkpt lat="56.2565540" lon="9.9640080">
    <ele>81.6</ele>
   </trkpt>
   <trkpt lat="56.2564900" lon="9.9640130">
    <ele>81.6</ele>
   </trkpt>
   <trkpt lat="56.2564260" lon="9.9640130">
    <ele>81.6</ele>
   </trkpt>
   <trkpt lat="56.2563610" lon="9.9640110">
    <ele>81.8</ele>
   </trkpt>
   <trkpt lat="56.2562980" lon="9.9640110">
    <ele>82.0</ele>
   </trkpt>
   <trkpt lat="56.2562360" lon="9.9640080">
    <ele>82.0</ele>
   </trkpt>
   <trkpt lat="56.2561730" lon="9.9640070">
    <ele>82.0</ele>
   </trkpt>
   <trkpt lat="56.2561090" lon="9.9640070">
    <ele>82.0</ele>
   </trkpt>
   <trkpt lat="56.2560460" lon="9.9640080">
    <ele>81.8</ele>
   </trkpt>
   <trkpt lat="56.2559820" lon="9.9640100">
    <ele>81.6</ele>
   </trkpt>
   <trkpt lat="56.2559190" lon="9.9640120">
    <ele>81.4</ele>
   </trkpt>
   <trkpt lat="56.2558550" lon="9.9640170">
    <ele>81.2</ele>
   </trkpt>
   <trkpt lat="56.2557900" lon="9.9640230">
    <ele>80.8</ele>
   </trkpt>
   <trkpt lat="56.2557260" lon="9.9640240">
    <ele>80.8</ele>
   </trkpt>
   <trkpt lat="56.2556630" lon="9.9640250">
    <ele>80.8</ele>
   </trkpt>
   <trkpt lat="56.2556000" lon="9.9640230">
    <ele>80.8</ele>
   </trkpt>
   <trkpt lat="56.2555380" lon="9.9640230">
    <ele>80.8</ele>
   </trkpt>
   <trkpt lat="56.2554790" lon="9.9640240">
    <ele>81.0</ele>
   </trkpt>
   <trkpt lat="56.2554230" lon="9.9640260">
    <ele>81.0</ele>
   </trkpt>
   <trkpt lat="56.2553740" lon="9.9640300">
    <ele>81.2</ele>
   </trkpt>
   <trkpt lat="56.2553300" lon="9.9640420">
    <ele>81.4</ele>
   </trkpt>
   <trkpt lat="56.2552890" lon="9.9640720">
    <ele>81.6</ele>
   </trkpt>
   <trkpt lat="56.2552550" lon="9.9641280">
    <ele>81.8</ele>
   </trkpt>
   <trkpt lat="56.2552290" lon="9.9642060">
    <ele>81.8</ele>
   </trkpt>
   <trkpt lat="56.2552050" lon="9.9642940">
    <ele>81.8</ele>
   </trkpt>
   <trkpt lat="56.2551810" lon="9.9643860">
    <ele>81.6</ele>
   </trkpt>
   <trkpt lat="56.2551570" lon="9.9644830">
    <ele>81.4</ele>
   </trkpt>
   <trkpt lat="56.2551320" lon="9.9645820">
    <ele>81.4</ele>
   </trkpt>
   <trkpt lat="56.2551070" lon="9.9646830">
    <ele>81.4</ele>
   </trkpt>
   <trkpt lat="56.2550810" lon="9.9647880">
    <ele>81.4</ele>
   </trkpt>
   <trkpt lat="56.2550540" lon="9.9648950">
    <ele>81.4</ele>
   </trkpt>
   <trkpt lat="56.2550270" lon="9.9650040">
    <ele>81.4</ele>
   </trkpt>
   <trkpt lat="56.2549990" lon="9.9651170">
    <ele>81.4</ele>
   </trkpt>
   <trkpt lat="56.2549710" lon="9.9652300">
    <ele>81.2</ele>
   </trkpt>
   <trkpt lat="56.2549400" lon="9.9653460">
    <ele>81.2</ele>
   </trkpt>
   <trkpt lat="56.2549100" lon="9.9654640">
    <ele>81.2</ele>
   </trkpt>
   <trkpt lat="56.2548810" lon="9.9655820">
    <ele>81.0</ele>
   </trkpt>
   <trkpt lat="56.2548530" lon="9.9657010">
    <ele>81.0</ele>
   </trkpt>
   <trkpt lat="56.2548240" lon="9.9658210">
    <ele>81.0</ele>
   </trkpt>
   <trkpt lat="56.2547940" lon="9.9659430">
    <ele>81.0</ele>
   </trkpt>
   <trkpt lat="56.2547620" lon="9.9660660">
    <ele>81.0</ele>
   </trkpt>
   <trkpt lat="56.2547290" lon="9.9661920">
    <ele>80.8</ele>
   </trkpt>
   <trkpt lat="56.2546970" lon="9.9663160">
    <ele>80.8</ele>
   </trkpt>
   <trkpt lat="56.2546660" lon="9.9664410">
    <ele>80.6</ele>
   </trkpt>
   <trkpt lat="56.2546340" lon="9.9665680">
    <ele>80.4</ele>
   </trkpt>
   <trkpt lat="56.2546010" lon="9.9666950">
    <ele>80.4</ele>
   </trkpt>
   <trkpt lat="56.2545690" lon="9.9668210">
    <ele>80.4</ele>
   </trkpt>
   <trkpt lat="56.2545340" lon="9.9669470">
    <ele>80.4</ele>
   </trkpt>
   <trkpt lat="56.2544960" lon="9.9670700">
    <ele>80.4</ele>
   </trkpt>
   <trkpt lat="56.2544480" lon="9.9671820">
    <ele>80.4</ele>
   </trkpt>
   <trkpt lat="56.2543890" lon="9.9672710">
    <ele>80.6</ele>
   </trkpt>
   <trkpt lat="56.2543250" lon="9.9673460">
    <ele>80.4</ele>
   </trkpt>
   <trkpt lat="56.2542600" lon="9.9674150">
    <ele>80.6</ele>
   </trkpt>
   <trkpt lat="56.2541930" lon="9.9674870">
    <ele>80.6</ele>
   </trkpt>
   <trkpt lat="56.2541290" lon="9.9675630">
    <ele>80.6</ele>
   </trkpt>
   <trkpt lat="56.2540670" lon="9.9676460">
    <ele>80.6</ele>
   </trkpt>
   <trkpt lat="56.2540040" lon="9.9677290">
    <ele>80.6</ele>
   </trkpt>
   <trkpt lat="56.2539410" lon="9.9678120">
    <ele>80.4</ele>
   </trkpt>
   <trkpt lat="56.2538750" lon="9.9678960">
    <ele>80.4</ele>
   </trkpt>
   <trkpt lat="56.2538090" lon="9.9679750">
    <ele>80.0</ele>
   </trkpt>
   <trkpt lat="56.2537430" lon="9.9680540">
    <ele>79.8</ele>
   </trkpt>
   <trkpt lat="56.2536760" lon="9.9681340">
    <ele>79.8</ele>
   </trkpt>
   <trkpt lat="56.2536110" lon="9.9682150">
    <ele>79.8</ele>
   </trkpt>
   <trkpt lat="56.2535450" lon="9.9682990">
    <ele>79.6</ele>
   </trkpt>
   <trkpt lat="56.2534790" lon="9.9683820">
    <ele>79.6</ele>
   </trkpt>
   <trkpt lat="56.2534120" lon="9.9684610">
    <ele>79.6</ele>
   </trkpt>
   <trkpt lat="56.2533450" lon="9.9685400">
    <ele>79.6</ele>
   </trkpt>
   <trkpt lat="56.2532780" lon="9.9686200">
    <ele>79.6</ele>
   </trkpt>
   <trkpt lat="56.2532090" lon="9.9687020">
    <ele>79.8</ele>
   </trkpt>
   <trkpt lat="56.2531400" lon="9.9687860">
    <ele>79.8</ele>
   </trkpt>
   <trkpt lat="56.2530700" lon="9.9688720">
    <ele>80.0</ele>
   </trkpt>
   <trkpt lat="56.2530010" lon="9.9689570">
    <ele>80.2</ele>
   </trkpt>
   <trkpt lat="56.2529300" lon="9.9690430">
    <ele>80.2</ele>
   </trkpt>
   <trkpt lat="56.2528590" lon="9.9691280">
    <ele>80.4</ele>
   </trkpt>
   <trkpt lat="56.2527880" lon="9.9692160">
    <ele>80.4</ele>
   </trkpt>
   <trkpt lat="56.2527160" lon="9.9693040">
    <ele>80.4</ele>
   </trkpt>
   <trkpt lat="56.2526440" lon="9.9693910">
    <ele>80.2</ele>
   </trkpt>
   <trkpt lat="56.2525730" lon="9.9694780">
    <ele>80.2</ele>
   </trkpt>
   <trkpt lat="56.2525010" lon="9.9695650">
    <ele>80.2</ele>
   </trkpt>
   <trkpt lat="56.2524290" lon="9.9696520">
    <ele>80.2</ele>
   </trkpt>
   <trkpt lat="56.2523580" lon="9.9697360">
    <ele>80.4</ele>
   </trkpt>
   <trkpt lat="56.2522890" lon="9.9698230">
    <ele>80.4</ele>
   </trkpt>
   <trkpt lat="56.2522200" lon="9.9699090">
    <ele>80.2</ele>
   </trkpt>
   <trkpt lat="56.2521510" lon="9.9699920">
    <ele>80.2</ele>
   </trkpt>
   <trkpt lat="56.2520800" lon="9.9700770">
    <ele>80.2</ele>
   </trkpt>
   <trkpt lat="56.2520110" lon="9.9701610">
    <ele>80.0</ele>
   </trkpt>
   <trkpt lat="56.2519430" lon="9.9702440">
    <ele>80.2</ele>
   </trkpt>
   <trkpt lat="56.2518760" lon="9.9703280">
    <ele>80.2</ele>
   </trkpt>
   <trkpt lat="56.2518080" lon="9.9704110">
    <ele>80.4</ele>
   </trkpt>
   <trkpt lat="56.2517410" lon="9.9704930">
    <ele>80.4</ele>
   </trkpt>
   <trkpt lat="56.2516730" lon="9.9705760">
    <ele>80.4</ele>
   </trkpt>
   <trkpt lat="56.2516050" lon="9.9706590">
    <ele>80.4</ele>
   </trkpt>
   <trkpt lat="56.2515400" lon="9.9707440">
    <ele>80.2</ele>
   </trkpt>
   <trkpt lat="56.2514760" lon="9.9708310">
    <ele>80.2</ele>
   </trkpt>
   <trkpt lat="56.2514100" lon="9.9709190">
    <ele>80.2</ele>
   </trkpt>
   <trkpt lat="56.2513450" lon="9.9710080">
    <ele>80.2</ele>
   </trkpt>
   <trkpt lat="56.2512800" lon="9.9711020">
    <ele>79.8</ele>
   </trkpt>
   <trkpt lat="56.2512140" lon="9.9711970">
    <ele>79.8</ele>
   </trkpt>
   <trkpt lat="56.2511470" lon="9.9712930">
    <ele>79.4</ele>
   </trkpt>
   <trkpt lat="56.2510830" lon="9.9713890">
    <ele>79.4</ele>
   </trkpt>
   <trkpt lat="56.2510180" lon="9.9714820">
    <ele>79.2</ele>
   </trkpt>
   <trkpt lat="56.2509530" lon="9.9715800">
    <ele>79.2</ele>
   </trkpt>
   <trkpt lat="56.2508860" lon="9.9716800">
    <ele>79.2</ele>
   </trkpt>
   <trkpt lat="56.2508220" lon="9.9717780">
    <ele>79.2</ele>
   </trkpt>
   <trkpt lat="56.2507570" lon="9.9718760">
    <ele>79.0</ele>
   </trkpt>
   <trkpt lat="56.2506920" lon="9.9719740">
    <ele>79.0</ele>
   </trkpt>
   <trkpt lat="56.2506270" lon="9.9720730">
    <ele>79.0</ele>
   </trkpt>
   <trkpt lat="56.2505620" lon="9.9721720">
    <ele>78.6</ele>
   </trkpt>
   <trkpt lat="56.2504970" lon="9.9722700">
    <ele>78.6</ele>
   </trkpt>
   <trkpt lat="56.2504340" lon="9.9723630">
    <ele>78.4</ele>
   </trkpt>
   <trkpt lat="56.2503720" lon="9.9724570">
    <ele>78.4</ele>
   </trkpt>
   <trkpt lat="56.2503110" lon="9.9725470">
    <ele>78.4</ele>
   </trkpt>
   <trkpt lat="56.2502520" lon="9.9726380">
    <ele>78.4</ele>
   </trkpt>
   <trkpt lat="56.2501930" lon="9.9727300">
    <ele>78.6</ele>
   </trkpt>
   <trkpt lat="56.2501350" lon="9.9728170">
    <ele>78.6</ele>
   </trkpt>
   <trkpt lat="56.2500750" lon="9.9728890">
    <ele>78.8</ele>
   </trkpt>
   <trkpt lat="56.2500080" lon="9.9729290">
    <ele>79.0</ele>
   </trkpt>
   <trkpt lat="56.2499400" lon="9.9729170">
    <ele>79.0</ele>
   </trkpt>
   <trkpt lat="56.2498790" lon="9.9728650">
    <ele>78.8</ele>
   </trkpt>
   <trkpt lat="56.2498260" lon="9.9727900">
    <ele>78.6</ele>
   </trkpt>
   <trkpt lat="56.2497760" lon="9.9727020">
    <ele>78.2</ele>
   </trkpt>
   <trkpt lat="56.2497260" lon="9.9726140">
    <ele>77.8</ele>
   </trkpt>
   <trkpt lat="56.2496770" lon="9.9725250">
    <ele>77.6</ele>
   </trkpt>
   <trkpt lat="56.2496270" lon="9.9724390">
    <ele>77.6</ele>
   </trkpt>
   <trkpt lat="56.2495780" lon="9.9723550">
    <ele>77.6</ele>
   </trkpt>
   <trkpt lat="56.2495280" lon="9.9722740">
    <ele>77.8</ele>
   </trkpt>
   <trkpt lat="56.2494790" lon="9.9721980">
    <ele>78.0</ele>
   </trkpt>
   <trkpt lat="56.2494280" lon="9.9721290">
    <ele>78.0</ele>
   </trkpt>
   <trkpt lat="56.2493780" lon="9.9720630">
    <ele>78.2</ele>
   </trkpt>
   <trkpt lat="56.2493300" lon="9.9719960">
    <ele>78.4</ele>
   </trkpt>
   <trkpt lat="56.2492830" lon="9.9719290">
    <ele>78.6</ele>
   </trkpt>
   <trkpt lat="56.2492350" lon="9.9718650">
    <ele>78.6</ele>
   </trkpt>
   <trkpt lat="56.2491850" lon="9.9717990">
    <ele>78.8</ele>
   </trkpt>
   <trkpt lat="56.2491350" lon="9.9717320">
    <ele>78.8</ele>
   </trkpt>
   <trkpt lat="56.2490850" lon="9.9716630">
    <ele>78.6</ele>
   </trkpt>
   <trkpt lat="56.2490320" lon="9.9715930">
    <ele>78.4</ele>
   </trkpt>
   <trkpt lat="56.2489790" lon="9.9715240">
    <ele>78.4</ele>
   </trkpt>
   <trkpt lat="56.2489270" lon="9.9714540">
    <ele>78.2</ele>
   </trkpt>
   <trkpt lat="56.2488740" lon="9.9713850">
    <ele>78.2</ele>
   </trkpt>
   <trkpt lat="56.2488210" lon="9.9713150">
    <ele>78.2</ele>
   </trkpt>
   <trkpt lat="56.2487670" lon="9.9712440">
    <ele>78.2</ele>
   </trkpt>
   <trkpt lat="56.2487150" lon="9.9711750">
    <ele>78.2</ele>
   </trkpt>
   <trkpt lat="56.2486630" lon="9.9711050">
    <ele>78.4</ele>
   </trkpt>
   <trkpt lat="56.2486120" lon="9.9710380">
    <ele>78.6</ele>
   </trkpt>
   <trkpt lat="56.2485590" lon="9.9709700">
    <ele>78.6</ele>
   </trkpt>
   <trkpt lat="56.2485070" lon="9.9709030">
    <ele>78.8</ele>
   </trkpt>
   <trkpt lat="56.2484570" lon="9.9708370">
    <ele>79.0</ele>
   </trkpt>
   <trkpt lat="56.2484060" lon="9.9707710">
    <ele>79.0</ele>
   </trkpt>
   <trkpt lat="56.2483550" lon="9.9707030">
    <ele>79.0</ele>
   </trkpt>
   <trkpt lat="56.2483030" lon="9.9706330">
    <ele>78.8</ele>
   </trkpt>
   <trkpt lat="56.2482480" lon="9.9705630">
    <ele>78.8</ele>
   </trkpt>
   <trkpt lat="56.2481930" lon="9.9704910">
    <ele>78.6</ele>
   </trkpt>
   <trkpt lat="56.2481370" lon="9.9704200">
    <ele>78.4</ele>
   </trkpt>
   <trkpt lat="56.2480830" lon="9.9703460">
    <ele>78.2</ele>
   </trkpt>
   <trkpt lat="56.2480290" lon="9.9702720">
    <ele>78.0</ele>
   </trkpt>
   <trkpt lat="56.2479750" lon="9.9702000">
    <ele>78.0</ele>
   </trkpt>
   <trkpt lat="56.2479190" lon="9.9701290">
    <ele>78.0</ele>
   </trkpt>
   <trkpt lat="56.2478640" lon="9.9700570">
    <ele>78.0</ele>
   </trkpt>
   <trkpt lat="56.2478100" lon="9.9699850">
    <ele>78.0</ele>
   </trkpt>
   <trkpt lat="56.2477580" lon="9.9699110">
    <ele>78.0</ele>
   </trkpt>
   <trkpt lat="56.2477050" lon="9.9698350">
    <ele>78.0</ele>
   </trkpt>
   <trkpt lat="56.2476500" lon="9.9697640">
    <ele>78.2</ele>
   </trkpt>
   <trkpt lat="56.2475950" lon="9.9696940">
    <ele>78.4</ele>
   </trkpt>
   <trkpt lat="56.2475400" lon="9.9696230">
    <ele>78.4</ele>
   </trkpt>
   <trkpt lat="56.2474850" lon="9.9695520">
    <ele>78.6</ele>
   </trkpt>
   <trkpt lat="56.2474310" lon="9.9694780">
    <ele>78.8</ele>
   </trkpt>
   <trkpt lat="56.2473760" lon="9.9694060">
    <ele>78.8</ele>
   </trkpt>
   <trkpt lat="56.2473230" lon="9.9693330">
    <ele>79.0</ele>
   </trkpt>
   <trkpt lat="56.2472700" lon="9.9692590">
    <ele>79.0</ele>
   </trkpt>
   <trkpt lat="56.2472180" lon="9.9691860">
    <ele>79.0</ele>
   </trkpt>
   <trkpt lat="56.2471640" lon="9.9691130">
    <ele>79.2</ele>
   </trkpt>
   <trkpt lat="56.2471100" lon="9.9690410">
    <ele>79.2</ele>
   </trkpt>
   <trkpt lat="56.2470550" lon="9.9689690">
    <ele>79.2</ele>
   </trkpt>
   <trkpt lat="56.2470010" lon="9.9688990">
    <ele>79.4</ele>
   </trkpt>
   <trkpt lat="56.2469470" lon="9.9688300">
    <ele>79.4</ele>
   </trkpt>
   <trkpt lat="56.2468930" lon="9.9687600">
    <ele>79.6</ele>
   </trkpt>
   <trkpt lat="56.2468390" lon="9.9686870">
    <ele>79.6</ele>
   </trkpt>
   <trkpt lat="56.2467850" lon="9.9686130">
    <ele>79.8</ele>
   </trkpt>
   <trkpt lat="56.2467300" lon="9.9685410">
    <ele>79.8</ele>
   </trkpt>
   <trkpt lat="56.2466760" lon="9.9684690">
    <ele>79.8</ele>
   </trkpt>
   <trkpt lat="56.2466220" lon="9.9683980">
    <ele>80.0</ele>
   </trkpt>
   <trkpt lat="56.2465690" lon="9.9683250">
    <ele>80.2</ele>
   </trkpt>
   <trkpt lat="56.2465160" lon="9.9682540">
    <ele>80.4</ele>
   </trkpt>
   <trkpt lat="56.2464610" lon="9.9681850">
    <ele>80.6</ele>
   </trkpt>
   <trkpt lat="56.2464070" lon="9.9681150">
    <ele>80.6</ele>
   </trkpt>
   <trkpt lat="56.2463530" lon="9.9680450">
    <ele>80.6</ele>
   </trkpt>
   <trkpt lat="56.2462980" lon="9.9679730">
    <ele>80.6</ele>
   </trkpt>
   <trkpt lat="56.2462420" lon="9.9679010">
    <ele>80.6</ele>
   </trkpt>
   <trkpt lat="56.2461850" lon="9.9678300">
    <ele>80.4</ele>
   </trkpt>
   <trkpt lat="56.2461290" lon="9.9677620">
    <ele>80.4</ele>
   </trkpt>
   <trkpt lat="56.2460720" lon="9.9676940">
    <ele>80.6</ele>
   </trkpt>
   <trkpt lat="56.2460140" lon="9.9676250">
    <ele>80.6</ele>
   </trkpt>
   <trkpt lat="56.2459560" lon="9.9675580">
    <ele>80.8</ele>
   </trkpt>
   <trkpt lat="56.2459000" lon="9.9674900">
    <ele>80.8</ele>
   </trkpt>
   <trkpt lat="56.2458450" lon="9.9674160">
    <ele>80.6</ele>
   </trkpt>
   <trkpt lat="56.2457950" lon="9.9673380">
    <ele>80.4</ele>
   </trkpt>
   <trkpt lat="56.2457460" lon="9.9672600">
    <ele>80.2</ele>
   </trkpt>
   <trkpt lat="56.2456960" lon="9.9671840">
    <ele>80.2</ele>
   </trkpt>
   <trkpt lat="56.2456430" lon="9.9671130">
    <ele>80.4</ele>
   </trkpt>
   <trkpt lat="56.2455920" lon="9.9670440">
    <ele>80.6</ele>
   </trkpt>
   <trkpt lat="56.2455390" lon="9.9669770">
    <ele>80.6</ele>
   </trkpt>
   <trkpt lat="56.2454860" lon="9.9669110">
    <ele>80.8</ele>
   </trkpt>
   <trkpt lat="56.2454330" lon="9.9668440">
    <ele>81.0</ele>
   </trkpt>
   <trkpt lat="56.2453800" lon="9.9667770">
    <ele>81.2</ele>
   </trkpt>
   <trkpt lat="56.2453270" lon="9.9667110">
    <ele>81.2</ele>
   </trkpt>
   <trkpt lat="56.2452740" lon="9.9666430">
    <ele>81.2</ele>
   </trkpt>
   <trkpt lat="56.2452200" lon="9.9665740">
    <ele>81.4</ele>
   </trkpt>
   <trkpt lat="56.2451650" lon="9.9665070">
    <ele>81.6</ele>
   </trkpt>
   <trkpt lat="56.2451110" lon="9.9664380">
    <ele>81.6</ele>
   </trkpt>
   <trkpt lat="56.2450560" lon="9.9663650">
    <ele>81.8</ele>
   </trkpt>
   <trkpt lat="56.2450010" lon="9.9662940">
    <ele>81.8</ele>
   </trkpt>
   <trkpt lat="56.2449460" lon="9.9662260">
    <ele>81.8</ele>
   </trkpt>
   <trkpt lat="56.2448900" lon="9.9661610">
    <ele>81.8</ele>
   </trkpt>
   <trkpt lat="56.2448360" lon="9.9660910">
    <ele>81.8</ele>
   </trkpt>
   <trkpt lat="56.2447830" lon="9.9660220">
    <ele>81.8</ele>
   </trkpt>
   <trkpt lat="56.2447310" lon="9.9659550">
    <ele>81.8</ele>
   </trkpt>
   <trkpt lat="56.2446800" lon="9.9658900">
    <ele>82.0</ele>
   </trkpt>
   <trkpt lat="56.2446280" lon="9.9658260">
    <ele>82.2</ele>
   </trkpt>
   <trkpt lat="56.2445770" lon="9.9657610">
    <ele>82.4</ele>
   </trkpt>
   <trkpt lat="56.2445240" lon="9.9656950">
    <ele>82.6</ele>
   </trkpt>
   <trkpt lat="56.2444710" lon="9.9656280">
    <ele>82.6</ele>
   </trkpt>
   <trkpt lat="56.2444150" lon="9.9655610">
    <ele>82.6</ele>
   </trkpt>
   <trkpt lat="56.2443590" lon="9.9654910">
    <ele>82.4</ele>
   </trkpt>
   <trkpt lat="56.2443020" lon="9.9654220">
    <ele>82.0</ele>
   </trkpt>
   <trkpt lat="56.2442430" lon="9.9653480">
    <ele>81.8</ele>
   </trkpt>
   <trkpt lat="56.2441830" lon="9.9652700">
    <ele>81.6</ele>
   </trkpt>
   <trkpt lat="56.2441240" lon="9.9651910">
    <ele>81.2</ele>
   </trkpt>
   <trkpt lat="56.2440620" lon="9.9651100">
    <ele>81.0</ele>
   </trkpt>
   <trkpt lat="56.2439990" lon="9.9650260">
    <ele>81.0</ele>
   </trkpt>
   <trkpt lat="56.2439370" lon="9.9649430">
    <ele>80.8</ele>
   </trkpt>
   <trkpt lat="56.2438740" lon="9.9648620">
    <ele>80.6</ele>
   </trkpt>
   <trkpt lat="56.2438130" lon="9.9647810">
    <ele>80.4</ele>
   </trkpt>
   <trkpt lat="56.2437520" lon="9.9646990">
    <ele>80.2</ele>
   </trkpt>
   <trkpt lat="56.2436920" lon="9.9646200">
    <ele>80.2</ele>
   </trkpt>
   <trkpt lat="56.2436330" lon="9.9645410">
    <ele>80.2</ele>
   </trkpt>
   <trkpt lat="56.2435750" lon="9.9644620">
    <ele>80.2</ele>
   </trkpt>
   <trkpt lat="56.2435160" lon="9.9643840">
    <ele>80.4</ele>
   </trkpt>
   <trkpt lat="56.2434580" lon="9.9643070">
    <ele>80.6</ele>
   </trkpt>
   <trkpt lat="56.2434020" lon="9.9642320">
    <ele>80.8</ele>
   </trkpt>
   <trkpt lat="56.2433480" lon="9.9641560">
    <ele>81.0</ele>
   </trkpt>
   <trkpt lat="56.2432930" lon="9.9640820">
    <ele>81.2</ele>
   </trkpt>
   <trkpt lat="56.2432390" lon="9.9640080">
    <ele>81.2</ele>
   </trkpt>
   <trkpt lat="56.2431840" lon="9.9639360">
    <ele>81.4</ele>
   </trkpt>
   <trkpt lat="56.2431300" lon="9.9638650">
    <ele>81.4</ele>
   </trkpt>
   <trkpt lat="56.2430760" lon="9.9637900">
    <ele>81.6</ele>
   </trkpt>
   <trkpt lat="56.2430220" lon="9.9637140">
    <ele>81.6</ele>
   </trkpt>
   <trkpt lat="56.2429670" lon="9.9636400">
    <ele>81.6</ele>
   </trkpt>
   <trkpt lat="56.2429130" lon="9.9635640">
    <ele>81.6</ele>
   </trkpt>
   <trkpt lat="56.2428580" lon="9.9634900">
    <ele>81.6</ele>
   </trkpt>
   <trkpt lat="56.2428050" lon="9.9634180">
    <ele>81.8</ele>
   </trkpt>
   <trkpt lat="56.2427520" lon="9.9633470">
    <ele>81.8</ele>
   </trkpt>
   <trkpt lat="56.2427000" lon="9.9632760">
    <ele>82.0</ele>
   </trkpt>
   <trkpt lat="56.2426470" lon="9.9632070">
    <ele>82.4</ele>
   </trkpt>
   <trkpt lat="56.2425930" lon="9.9631370">
    <ele>82.6</ele>
   </trkpt>
   <trkpt lat="56.2425380" lon="9.9630640">
    <ele>82.8</ele>
   </trkpt>
   <trkpt lat="56.2424820" lon="9.9629900">
    <ele>82.8</ele>
   </trkpt>
   <trkpt lat="56.2424230" lon="9.9629130">
    <ele>82.8</ele>
   </trkpt>
   <trkpt lat="56.2423630" lon="9.9628310">
    <ele>82.6</ele>
   </trkpt>
   <trkpt lat="56.2423030" lon="9.9627470">
    <ele>82.2</ele>
   </trkpt>
   <trkpt lat="56.2422420" lon="9.9626640">
    <ele>82.2</ele>
   </trkpt>
   <trkpt lat="56.2421820" lon="9.9625830">
    <ele>82.0</ele>
   </trkpt>
   <trkpt lat="56.2421240" lon="9.9625050">
    <ele>82.0</ele>
   </trkpt>
   <trkpt lat="56.2420710" lon="9.9624300">
    <ele>82.2</ele>
   </trkpt>
   <trkpt lat="56.2420180" lon="9.9623600">
    <ele>82.4</ele>
   </trkpt>
   <trkpt lat="56.2419650" lon="9.9622940">
    <ele>82.6</ele>
   </trkpt>
   <trkpt lat="56.2419110" lon="9.9622330">
    <ele>82.8</ele>
   </trkpt>
   <trkpt lat="56.2418570" lon="9.9621760">
    <ele>82.8</ele>
   </trkpt>
   <trkpt lat="56.2418010" lon="9.9621270">
    <ele>83.0</ele>
   </trkpt>
   <trkpt lat="56.2417430" lon="9.9620860">
    <ele>83.0</ele>
   </trkpt>
   <trkpt lat="56.2416820" lon="9.9620550">
    <ele>83.2</ele>
   </trkpt>
   <trkpt lat="56.2416210" lon="9.9620370">
    <ele>83.0</ele>
   </trkpt>
   <trkpt lat="56.2415600" lon="9.9620290">
    <ele>83.0</ele>
   </trkpt>
   <trkpt lat="56.2414980" lon="9.9620320">
    <ele>83.0</ele>
   </trkpt>
   <trkpt lat="56.2414360" lon="9.9620400">
    <ele>82.8</ele>
   </trkpt>
   <trkpt lat="56.2413740" lon="9.9620490">
    <ele>83.0</ele>
   </trkpt>
   <trkpt lat="56.2413120" lon="9.9620610">
    <ele>83.0</ele>
   </trkpt>
   <trkpt lat="56.2412490" lon="9.9620770">
    <ele>83.2</ele>
   </trkpt>
   <trkpt lat="56.2411860" lon="9.9620960">
    <ele>83.4</ele>
   </trkpt>
   <trkpt lat="56.2411220" lon="9.9621130">
    <ele>83.6</ele>
   </trkpt>
   <trkpt lat="56.2410550" lon="9.9621270">
    <ele>83.6</ele>
   </trkpt>
   <trkpt lat="56.2409880" lon="9.9621410">
    <ele>83.6</ele>
   </trkpt>
   <trkpt lat="56.2409190" lon="9.9621610">
    <ele>83.6</ele>
   </trkpt>
   <trkpt lat="56.2408490" lon="9.9621830">
    <ele>83.6</ele>
   </trkpt>
   <trkpt lat="56.2407790" lon="9.9622050">
    <ele>83.4</ele>
   </trkpt>
   <trkpt lat="56.2407080" lon="9.9622270">
    <ele>83.0</ele>
   </trkpt>
   <trkpt lat="56.2406350" lon="9.9622470">
    <ele>82.8</ele>
   </trkpt>
   <trkpt lat="56.2405630" lon="9.9622640">
    <ele>82.6</ele>
   </trkpt>
   <trkpt lat="56.2404900" lon="9.9622870">
    <ele>82.6</ele>
   </trkpt>
   <trkpt lat="56.2404170" lon="9.9623110">
    <ele>82.6</ele>
   </trkpt>
   <trkpt lat="56.2403450" lon="9.9623330">
    <ele>82.6</ele>
   </trkpt>
   <trkpt lat="56.2402750" lon="9.9623540">
    <ele>82.8</ele>
   </trkpt>
   <trkpt lat="56.2402070" lon="9.9623720">
    <ele>83.0</ele>
   </trkpt>
   <trkpt lat="56.2401400" lon="9.9623910">
    <ele>83.2</ele>
   </trkpt>
   <trkpt lat="56.2400710" lon="9.9624110">
    <ele>83.2</ele>
   </trkpt>
   <trkpt lat="56.2400010" lon="9.9624310">
    <ele>83.2</ele>
   </trkpt>
   <trkpt lat="56.2399300" lon="9.9624530">
    <ele>83.0</ele>
   </trkpt>
   <trkpt lat="56.2398540" lon="9.9624750">
    <ele>82.8</ele>
   </trkpt>
   <trkpt lat="56.2397760" lon="9.9624980">
    <ele>82.4</ele>
   </trkpt>
   <trkpt lat="56.2396970" lon="9.9625190">
    <ele>82.0</ele>
   </trkpt>
   <trkpt lat="56.2396170" lon="9.9625400">
    <ele>81.8</ele>
   </trkpt>
   <trkpt lat="56.2395370" lon="9.9625640">
    <ele>81.6</ele>
   </trkpt>
   <trkpt lat="56.2394580" lon="9.9625910">
    <ele>81.6</ele>
   </trkpt>
   <trkpt lat="56.2393820" lon="9.9626150">
    <ele>81.6</ele>
   </trkpt>
   <trkpt lat="56.2393070" lon="9.9626390">
    <ele>81.8</ele>
   </trkpt>
   <trkpt lat="56.2392320" lon="9.9626620">
    <ele>81.8</ele>
   </trkpt>
   <trkpt lat="56.2391590" lon="9.9626820">
    <ele>82.0</ele>
   </trkpt>
   <trkpt lat="56.2390840" lon="9.9627030">
    <ele>82.0</ele>
   </trkpt>
   <trkpt lat="56.2390110" lon="9.9627240">
    <ele>82.2</ele>
   </trkpt>
   <trkpt lat="56.2389390" lon="9.9627470">
    <ele>82.0</ele>
   </trkpt>
   <trkpt lat="56.2388680" lon="9.9627690">
    <ele>82.2</ele>
   </trkpt>
   <trkpt lat="56.2387980" lon="9.9627900">
    <ele>82.0</ele>
   </trkpt>
   <trkpt lat="56.2387270" lon="9.9628110">
    <ele>82.2</ele>
   </trkpt>
   <trkpt lat="56.2386560" lon="9.9628310">
    <ele>82.4</ele>
   </trkpt>
   <trkpt lat="56.2385840" lon="9.9628510">
    <ele>82.4</ele>
   </trkpt>
   <trkpt lat="56.2385110" lon="9.9628730">
    <ele>82.4</ele>
   </trkpt>
   <trkpt lat="56.2384360" lon="9.9628930">
    <ele>82.4</ele>
   </trkpt>
   <trkpt lat="56.2383620" lon="9.9629170">
    <ele>82.2</ele>
   </trkpt>
   <trkpt lat="56.2382860" lon="9.9629410">
    <ele>82.2</ele>
   </trkpt>
   <trkpt lat="56.2382110" lon="9.9629630">
    <ele>82.0</ele>
   </trkpt>
   <trkpt lat="56.2381340" lon="9.9629870">
    <ele>81.8</ele>
   </trkpt>
   <trkpt lat="56.2380550" lon="9.9630120">
    <ele>81.6</ele>
   </trkpt>
   <trkpt lat="56.2379760" lon="9.9630320">
    <ele>81.6</ele>
   </trkpt>
   <trkpt lat="56.2378960" lon="9.9630500">
    <ele>81.2</ele>
   </trkpt>
   <trkpt lat="56.2378170" lon="9.9630720">
    <ele>81.2</ele>
   </trkpt>
   <trkpt lat="56.2377380" lon="9.9630950">
    <ele>81.0</ele>
   </trkpt>
   <trkpt lat="56.2376590" lon="9.9631200">
    <ele>81.0</ele>
   </trkpt>
   <trkpt lat="56.2375810" lon="9.9631380">
    <ele>81.2</ele>
   </trkpt>
   <trkpt lat="56.2375040" lon="9.9631550">
    <ele>81.4</ele>
   </trkpt>
   <trkpt lat="56.2374280" lon="9.9631760">
    <ele>81.4</ele>
   </trkpt>
   <trkpt lat="56.2373530" lon="9.9631990">
    <ele>81.6</ele>
   </trkpt>
   <trkpt lat="56.2372780" lon="9.9632220">
    <ele>81.6</ele>
   </trkpt>
   <trkpt lat="56.2372010" lon="9.9632470">
    <ele>81.6</ele>
   </trkpt>
   <trkpt lat="56.2371250" lon="9.9632710">
    <ele>81.6</ele>
   </trkpt>
   <trkpt lat="56.2370480" lon="9.9632930">
    <ele>81.4</ele>
   </trkpt>
   <trkpt lat="56.2369710" lon="9.9633150">
    <ele>81.4</ele>
   </trkpt>
   <trkpt lat="56.2368940" lon="9.9633380">
    <ele>81.2</ele>
   </trkpt>
   <trkpt lat="56.2368170" lon="9.9633640">
    <ele>81.2</ele>
   </trkpt>
   <trkpt lat="56.2367410" lon="9.9633880">
    <ele>81.2</ele>
   </trkpt>
   <trkpt lat="56.2366650" lon="9.9634120">
    <ele>81.2</ele>
   </trkpt>
   <trkpt lat="56.2365880" lon="9.9634390">
    <ele>81.2</ele>
   </trkpt>
   <trkpt lat="56.2365280" lon="9.9634620">
    <ele>81.2</ele>
   </trkpt>
   <trkpt lat="56.2364370" lon="9.9635010">
    <ele>81.0</ele>
   </trkpt>
   <trkpt lat="56.2363630" lon="9.9635350">
    <ele>80.8</ele>
   </trkpt>
   <trkpt lat="56.2362900" lon="9.9635690">
    <ele>80.8</ele>
   </trkpt>
   <trkpt lat="56.2362180" lon="9.9636050">
    <ele>80.6</ele>
   </trkpt>
   <trkpt lat="56.2361470" lon="9.9636420">
    <ele>80.6</ele>
   </trkpt>
   <trkpt lat="56.2360780" lon="9.9636800">
    <ele>80.6</ele>
   </trkpt>
   <trkpt lat="56.2360070" lon="9.9637160">
    <ele>80.6</ele>
   </trkpt>
   <trkpt lat="56.2359350" lon="9.9637530">
    <ele>80.8</ele>
   </trkpt>
   <trkpt lat="56.2358640" lon="9.9637910">
    <ele>80.8</ele>
   </trkpt>
   <trkpt lat="56.2357940" lon="9.9638290">
    <ele>80.8</ele>
   </trkpt>
   <trkpt lat="56.2357250" lon="9.9638670">
    <ele>80.8</ele>
   </trkpt>
   <trkpt lat="56.2356570" lon="9.9639000">
    <ele>80.6</ele>
   </trkpt>
   <trkpt lat="56.2355930" lon="9.9639340">
    <ele>80.6</ele>
   </trkpt>
   <trkpt lat="56.2355320" lon="9.9639710">
    <ele>80.6</ele>
   </trkpt>
   <trkpt lat="56.2354730" lon="9.9640090">
    <ele>80.8</ele>
   </trkpt>
   <trkpt lat="56.2354150" lon="9.9640300">
    <ele>81.0</ele>
   </trkpt>
   <trkpt lat="56.2353590" lon="9.9640130">
    <ele>81.2</ele>
   </trkpt>
   <trkpt lat="56.2353170" lon="9.9639510">
    <ele>81.4</ele>
   </trkpt>
   <trkpt lat="56.2352980" lon="9.9638620">
    <ele>81.2</ele>
   </trkpt>
   <trkpt lat="56.2352970" lon="9.9637650">
    <ele>81.2</ele>
   </trkpt>
   <trkpt lat="56.2353070" lon="9.9636660">
    <ele>80.8</ele>
   </trkpt>
   <trkpt lat="56.2353200" lon="9.9635650">
    <ele>80.6</ele>
   </trkpt>
   <trkpt lat="56.2353300" lon="9.9634590">
    <ele>80.2</ele>
   </trkpt>
   <trkpt lat="56.2353390" lon="9.9633510">
    <ele>80.0</ele>
   </trkpt>
   <trkpt lat="56.2353450" lon="9.9632370">
    <ele>79.8</ele>
   </trkpt>
   <trkpt lat="56.2353510" lon="9.9631220">
    <ele>79.4</ele>
   </trkpt>
   <trkpt lat="56.2353590" lon="9.9630060">
    <ele>79.2</ele>
   </trkpt>
   <trkpt lat="56.2353670" lon="9.9628910">
    <ele>79.0</ele>
   </trkpt>
   <trkpt lat="56.2353760" lon="9.9627740">
    <ele>78.8</ele>
   </trkpt>
   <trkpt lat="56.2353850" lon="9.9626570">
    <ele>78.6</ele>
   </trkpt>
   <trkpt lat="56.2353920" lon="9.9625400">
    <ele>78.6</ele>
   </trkpt>
   <trkpt lat="56.2353990" lon="9.9624230">
    <ele>78.4</ele>
   </trkpt>
   <trkpt lat="56.2354050" lon="9.9623060">
    <ele>78.4</ele>
   </trkpt>
   <trkpt lat="56.2354110" lon="9.9621920">
    <ele>78.6</ele>
   </trkpt>
   <trkpt lat="56.2354170" lon="9.9620790">
    <ele>78.6</ele>
   </trkpt>
   <trkpt lat="56.2354200" lon="9.9619640">
    <ele>78.8</ele>
   </trkpt>
   <trkpt lat="56.2354220" lon="9.9618500">
    <ele>78.8</ele>
   </trkpt>
   <trkpt lat="56.2354260" lon="9.9617370">
    <ele>79.0</ele>
   </trkpt>
   <trkpt lat="56.2354290" lon="9.9616220">
    <ele>79.0</ele>
   </trkpt>
   <trkpt lat="56.2354310" lon="9.9615060">
    <ele>79.0</ele>
   </trkpt>
   <trkpt lat="56.2354320" lon="9.9613900">
    <ele>79.0</ele>
   </trkpt>
   <trkpt lat="56.2354320" lon="9.9612720">
    <ele>79.0</ele>
   </trkpt>
   <trkpt lat="56.2354310" lon="9.9611550">
    <ele>79.0</ele>
   </trkpt>
   <trkpt lat="56.2354300" lon="9.9610390">
    <ele>79.2</ele>
   </trkpt>
   <trkpt lat="56.2354280" lon="9.9609200">
    <ele>79.2</ele>
   </trkpt>
   <trkpt lat="56.2354250" lon="9.9608030">
    <ele>79.2</ele>
   </trkpt>
   <trkpt lat="56.2354190" lon="9.9606860">
    <ele>79.4</ele>
   </trkpt>
   <trkpt lat="56.2354140" lon="9.9605710">
    <ele>79.4</ele>
   </trkpt>
   <trkpt lat="56.2354080" lon="9.9604560">
    <ele>79.4</ele>
   </trkpt>
   <trkpt lat="56.2354020" lon="9.9603390">
    <ele>79.2</ele>
   </trkpt>
   <trkpt lat="56.2353960" lon="9.9602230">
    <ele>79.2</ele>
   </trkpt>
   <trkpt lat="56.2353890" lon="9.9601060">
    <ele>79.0</ele>
   </trkpt>
   <trkpt lat="56.2353810" lon="9.9599870">
    <ele>78.8</ele>
   </trkpt>
   <trkpt lat="56.2353670" lon="9.9598730">
    <ele>78.8</ele>
   </trkpt>
   <trkpt lat="56.2353360" lon="9.9597720">
    <ele>78.8</ele>
   </trkpt>
   <trkpt lat="56.2352850" lon="9.9597010">
    <ele>78.8</ele>
   </trkpt>
   <trkpt lat="56.2352230" lon="9.9596650">
    <ele>79.0</ele>
   </trkpt>
   <trkpt lat="56.2351560" lon="9.9596670">
    <ele>79.4</ele>
   </trkpt>
   <trkpt lat="56.2350900" lon="9.9596890">
    <ele>79.6</ele>
   </trkpt>
   <trkpt lat="56.2350260" lon="9.9597150">
    <ele>79.6</ele>
   </trkpt>
   <trkpt lat="56.2349640" lon="9.9597380">
    <ele>79.8</ele>
   </trkpt>
   <trkpt lat="56.2349020" lon="9.9597640">
    <ele>80.0</ele>
   </trkpt>
   <trkpt lat="56.2348400" lon="9.9597880">
    <ele>80.2</ele>
   </trkpt>
   <trkpt lat="56.2347790" lon="9.9598080">
    <ele>80.4</ele>
   </trkpt>
   <trkpt lat="56.2347190" lon="9.9598290">
    <ele>80.4</ele>
   </trkpt>
   <trkpt lat="56.2346570" lon="9.9598500">
    <ele>80.6</ele>
   </trkpt>
   <trkpt lat="56.2345950" lon="9.9598690">
    <ele>80.6</ele>
   </trkpt>
   <trkpt lat="56.2345340" lon="9.9598920">
    <ele>80.6</ele>
   </trkpt>
   <trkpt lat="56.2344720" lon="9.9599170">
    <ele>80.6</ele>
   </trkpt>
   <trkpt lat="56.2344120" lon="9.9599440">
    <ele>80.8</ele>
   </trkpt>
   <trkpt lat="56.2343510" lon="9.9599690">
    <ele>80.8</ele>
   </trkpt>
   <trkpt lat="56.2342900" lon="9.9599900">
    <ele>81.0</ele>
   </trkpt>
   <trkpt lat="56.2342290" lon="9.9600090">
    <ele>81.0</ele>
   </trkpt>
   <trkpt lat="56.2341680" lon="9.9600290">
    <ele>81.2</ele>
   </trkpt>
   <trkpt lat="56.2341080" lon="9.9600500">
    <ele>81.2</ele>
   </trkpt>
   <trkpt lat="56.2340450" lon="9.9600710">
    <ele>81.2</ele>
   </trkpt>
   <trkpt lat="56.2339810" lon="9.9600940">
    <ele>81.2</ele>
   </trkpt>
   <trkpt lat="56.2339140" lon="9.9601180">
    <ele>81.4</ele>
   </trkpt>
   <trkpt lat="56.2338470" lon="9.9601440">
    <ele>81.6</ele>
   </trkpt>
   <trkpt lat="56.2337800" lon="9.9601680">
    <ele>81.6</ele>
   </trkpt>
   <trkpt lat="56.2337110" lon="9.9601920">
    <ele>81.8</ele>
   </trkpt>
   <trkpt lat="56.2336410" lon="9.9602150">
    <ele>81.8</ele>
   </trkpt>
   <trkpt lat="56.2335700" lon="9.9602380">
    <ele>81.8</ele>
   </trkpt>
   <trkpt lat="56.2334980" lon="9.9602640">
    <ele>81.8</ele>
   </trkpt>
   <trkpt lat="56.2334250" lon="9.9602890">
    <ele>81.8</ele>
   </trkpt>
   <trkpt lat="56.2333510" lon="9.9603140">
    <ele>81.8</ele>
   </trkpt>
   <trkpt lat="56.2332760" lon="9.9603380">
    <ele>81.8</ele>
   </trkpt>
   <trkpt lat="56.2332000" lon="9.9603660">
    <ele>81.8</ele>
   </trkpt>
   <trkpt lat="56.2331250" lon="9.9603920">
    <ele>81.8</ele>
   </trkpt>
   <trkpt lat="56.2330490" lon="9.9604190">
    <ele>82.0</ele>
   </trkpt>
   <trkpt lat="56.2329740" lon="9.9604460">
    <ele>82.0</ele>
   </trkpt>
   <trkpt lat="56.2328990" lon="9.9604690">
    <ele>82.0</ele>
   </trkpt>
   <trkpt lat="56.2328240" lon="9.9604900">
    <ele>82.0</ele>
   </trkpt>
   <trkpt lat="56.2327510" lon="9.9605140">
    <ele>82.0</ele>
   </trkpt>
   <trkpt lat="56.2326770" lon="9.9605330">
    <ele>82.2</ele>
   </trkpt>
   <trkpt lat="56.2326020" lon="9.9605440">
    <ele>82.2</ele>
   </trkpt>
   <trkpt lat="56.2325280" lon="9.9605450">
    <ele>82.2</ele>
   </trkpt>
   <trkpt lat="56.2324540" lon="9.9605370">
    <ele>82.4</ele>
   </trkpt>
   <trkpt lat="56.2323790" lon="9.9605210">
    <ele>82.4</ele>
   </trkpt>
   <trkpt lat="56.2323040" lon="9.9605000">
    <ele>82.6</ele>
   </trkpt>
   <trkpt lat="56.2322280" lon="9.9604730">
    <ele>82.6</ele>
   </trkpt>
   <trkpt lat="56.2321510" lon="9.9604470">
    <ele>82.6</ele>
   </trkpt>
   <trkpt lat="56.2320740" lon="9.9604220">
    <ele>82.6</ele>
   </trkpt>
   <trkpt lat="56.2319960" lon="9.9603970">
    <ele>82.6</ele>
   </trkpt>
   <trkpt lat="56.2319160" lon="9.9603710">
    <ele>82.6</ele>
   </trkpt>
   <trkpt lat="56.2318380" lon="9.9603460">
    <ele>82.6</ele>
   </trkpt>
   <trkpt lat="56.2317590" lon="9.9603230">
    <ele>82.6</ele>
   </trkpt>
   <trkpt lat="56.2316800" lon="9.9602990">
    <ele>82.4</ele>
   </trkpt>
   <trkpt lat="56.2316010" lon="9.9602750">
    <ele>82.4</ele>
   </trkpt>
   <trkpt lat="56.2315210" lon="9.9602480">
    <ele>82.2</ele>
   </trkpt>
   <trkpt lat="56.2314420" lon="9.9602150">
    <ele>82.2</ele>
   </trkpt>
   <trkpt lat="56.2313610" lon="9.9601760">
    <ele>82.0</ele>
   </trkpt>
   <trkpt lat="56.2312830" lon="9.9601310">
    <ele>81.8</ele>
   </trkpt>
   <trkpt lat="56.2312050" lon="9.9600800">
    <ele>81.4</ele>
   </trkpt>
   <trkpt lat="56.2311250" lon="9.9600210">
    <ele>81.2</ele>
   </trkpt>
   <trkpt lat="56.2310480" lon="9.9599590">
    <ele>80.8</ele>
   </trkpt>
   <trkpt lat="56.2309730" lon="9.9598910">
    <ele>80.4</ele>
   </trkpt>
   <trkpt lat="56.2309020" lon="9.9598190">
    <ele>80.2</ele>
   </trkpt>
   <trkpt lat="56.2308300" lon="9.9597460">
    <ele>80.0</ele>
   </trkpt>
   <trkpt lat="56.2307590" lon="9.9596720">
    <ele>79.6</ele>
   </trkpt>
   <trkpt lat="56.2306880" lon="9.9596030">
    <ele>79.4</ele>
   </trkpt>
   <trkpt lat="56.2306170" lon="9.9595360">
    <ele>79.2</ele>
   </trkpt>
   <trkpt lat="56.2305450" lon="9.9594740">
    <ele>78.8</ele>
   </trkpt>
   <trkpt lat="56.2304690" lon="9.9594220">
    <ele>78.2</ele>
   </trkpt>
   <trkpt lat="56.2303920" lon="9.9593730">
    <ele>77.4</ele>
   </trkpt>
   <trkpt lat="56.2303110" lon="9.9593270">
    <ele>76.6</ele>
   </trkpt>
   <trkpt lat="56.2302300" lon="9.9592850">
    <ele>75.6</ele>
   </trkpt>
   <trkpt lat="56.2301470" lon="9.9592400">
    <ele>75.0</ele>
   </trkpt>
   <trkpt lat="56.2300610" lon="9.9591860">
    <ele>74.0</ele>
   </trkpt>
   <trkpt lat="56.2299740" lon="9.9591290">
    <ele>73.2</ele>
   </trkpt>
   <trkpt lat="56.2298830" lon="9.9590660">
    <ele>72.2</ele>
   </trkpt>
   <trkpt lat="56.2297900" lon="9.9590040">
    <ele>71.4</ele>
   </trkpt>
   <trkpt lat="56.2296930" lon="9.9589400">
    <ele>71.0</ele>
   </trkpt>
   <trkpt lat="56.2295950" lon="9.9588780">
    <ele>70.4</ele>
   </trkpt>
   <trkpt lat="56.2294960" lon="9.9588190">
    <ele>69.6</ele>
   </trkpt>
   <trkpt lat="56.2293970" lon="9.9587600">
    <ele>69.0</ele>
   </trkpt>
   <trkpt lat="56.2292990" lon="9.9587070">
    <ele>68.6</ele>
   </trkpt>
   <trkpt lat="56.2292000" lon="9.9586720">
    <ele>68.2</ele>
   </trkpt>
   <trkpt lat="56.2291010" lon="9.9586580">
    <ele>68.0</ele>
   </trkpt>
   <trkpt lat="56.2290040" lon="9.9586570">
    <ele>67.8</ele>
   </trkpt>
   <trkpt lat="56.2289080" lon="9.9586650">
    <ele>67.8</ele>
   </trkpt>
   <trkpt lat="56.2288150" lon="9.9586780">
    <ele>67.6</ele>
   </trkpt>
   <trkpt lat="56.2287230" lon="9.9586920">
    <ele>67.8</ele>
   </trkpt>
   <trkpt lat="56.2286320" lon="9.9587040">
    <ele>67.6</ele>
   </trkpt>
   <trkpt lat="56.2285430" lon="9.9587150">
    <ele>67.6</ele>
   </trkpt>
   <trkpt lat="56.2284540" lon="9.9587190">
    <ele>67.6</ele>
   </trkpt>
   <trkpt lat="56.2283660" lon="9.9587240">
    <ele>67.6</ele>
   </trkpt>
   <trkpt lat="56.2282780" lon="9.9587320">
    <ele>67.6</ele>
   </trkpt>
   <trkpt lat="56.2281900" lon="9.9587430">
    <ele>67.6</ele>
   </trkpt>
   <trkpt lat="56.2281050" lon="9.9587590">
    <ele>67.6</ele>
   </trkpt>
   <trkpt lat="56.2280210" lon="9.9587750">
    <ele>67.6</ele>
   </trkpt>
   <trkpt lat="56.2279370" lon="9.9587850">
    <ele>67.6</ele>
   </trkpt>
   <trkpt lat="56.2278530" lon="9.9587920">
    <ele>67.4</ele>
   </trkpt>
   <trkpt lat="56.2277700" lon="9.9587960">
    <ele>67.6</ele>
   </trkpt>
   <trkpt lat="56.2276890" lon="9.9588020">
    <ele>67.6</ele>
   </trkpt>
   <trkpt lat="56.2276090" lon="9.9588230">
    <ele>67.6</ele>
   </trkpt>
   <trkpt lat="56.2275330" lon="9.9588600">
    <ele>67.8</ele>
   </trkpt>
   <trkpt lat="56.2274640" lon="9.9589110">
    <ele>68.0</ele>
   </trkpt>
   <trkpt lat="56.2273980" lon="9.9589700">
    <ele>68.2</ele>
   </trkpt>
   <trkpt lat="56.2273300" lon="9.9590310">
    <ele>68.6</ele>
   </trkpt>
   <trkpt lat="56.2272640" lon="9.9590830">
    <ele>69.0</ele>
   </trkpt>
   <trkpt lat="56.2271980" lon="9.9591280">
    <ele>69.2</ele>
   </trkpt>
   <trkpt lat="56.2271320" lon="9.9591670">
    <ele>69.4</ele>
   </trkpt>
   <trkpt lat="56.2270660" lon="9.9591960">
    <ele>69.8</ele>
   </trkpt>
   <trkpt lat="56.2269990" lon="9.9592180">
    <ele>70.0</ele>
   </trkpt>
   <trkpt lat="56.2269310" lon="9.9592280">
    <ele>70.0</ele>
   </trkpt>
   <trkpt lat="56.2268650" lon="9.9592300">
    <ele>70.4</ele>
   </trkpt>
   <trkpt lat="56.2268000" lon="9.9592280">
    <ele>70.6</ele>
   </trkpt>
   <trkpt lat="56.2267340" lon="9.9592210">
    <ele>70.8</ele>
   </trkpt>
   <trkpt lat="56.2266700" lon="9.9592100">
    <ele>70.8</ele>
   </trkpt>
   <trkpt lat="56.2266090" lon="9.9591920">
    <ele>71.0</ele>
   </trkpt>
   <trkpt lat="56.2265450" lon="9.9591760">
    <ele>70.8</ele>
   </trkpt>
   <trkpt lat="56.2264810" lon="9.9591620">
    <ele>70.6</ele>
   </trkpt>
   <trkpt lat="56.2264160" lon="9.9591510">
    <ele>70.6</ele>
   </trkpt>
   <trkpt lat="56.2263490" lon="9.9591440">
    <ele>70.4</ele>
   </trkpt>
   <trkpt lat="56.2262830" lon="9.9591370">
    <ele>70.2</ele>
   </trkpt>
   <trkpt lat="56.2262230" lon="9.9591240">
    <ele>69.8</ele>
   </trkpt>
   <trkpt lat="56.2261720" lon="9.9591110">
    <ele>69.4</ele>
   </trkpt>
   <trkpt lat="56.2261300" lon="9.9590950">
    <ele>69.0</ele>
   </trkpt>
   <trkpt lat="56.2260990" lon="9.9590790">
    <ele>68.6</ele>
   </trkpt>
   <trkpt lat="56.2260760" lon="9.9590660">
    <ele>68.4</ele>
   </trkpt>
   <trkpt lat="56.2260510" lon="9.9590550">
    <ele>68.2</ele>
   </trkpt>
   <trkpt lat="56.2260200" lon="9.9590510">
    <ele>68.0</ele>
   </trkpt>
   <trkpt lat="56.2259850" lon="9.9590680">
    <ele>68.0</ele>
   </trkpt>
   <trkpt lat="56.2259490" lon="9.9591110">
    <ele>67.8</ele>
   </trkpt>
   <trkpt lat="56.2259180" lon="9.9591750">
    <ele>67.8</ele>
   </trkpt>
   <trkpt lat="56.2258900" lon="9.9592510">
    <ele>67.6</ele>
   </trkpt>
   <trkpt lat="56.2258640" lon="9.9593400">
    <ele>67.4</ele>
   </trkpt>
   <trkpt lat="56.2258400" lon="9.9594380">
    <ele>67.2</ele>
   </trkpt>
   <trkpt lat="56.2258150" lon="9.9595380">
    <ele>67.2</ele>
   </trkpt>
   <trkpt lat="56.2257880" lon="9.9596410">
    <ele>67.0</ele>
   </trkpt>
   <trkpt lat="56.2257590" lon="9.9597460">
    <ele>67.0</ele>
   </trkpt>
   <trkpt lat="56.2257290" lon="9.9598510">
    <ele>67.0</ele>
   </trkpt>
   <trkpt lat="56.2257010" lon="9.9599550">
    <ele>66.8</ele>
   </trkpt>
   <trkpt lat="56.2256750" lon="9.9600630">
    <ele>66.6</ele>
   </trkpt>
   <trkpt lat="56.2256470" lon="9.9601730">
    <ele>66.4</ele>
   </trkpt>
   <trkpt lat="56.2256200" lon="9.9602820">
    <ele>66.2</ele>
   </trkpt>
   <trkpt lat="56.2255920" lon="9.9603900">
    <ele>66.0</ele>
   </trkpt>
   <trkpt lat="56.2255590" lon="9.9604990">
    <ele>65.6</ele>
   </trkpt>
   <trkpt lat="56.2255240" lon="9.9606140">
    <ele>65.6</ele>
   </trkpt>
   <trkpt lat="56.2254960" lon="9.9607290">
    <ele>65.4</ele>
   </trkpt>
   <trkpt lat="56.2254730" lon="9.9608540">
    <ele>65.2</ele>
   </trkpt>
   <trkpt lat="56.2254540" lon="9.9609830">
    <ele>64.8</ele>
   </trkpt>
   <trkpt lat="56.2254340" lon="9.9611110">
    <ele>64.6</ele>
   </trkpt>
   <trkpt lat="56.2254070" lon="9.9612390">
    <ele>64.4</ele>
   </trkpt>
   <trkpt lat="56.2253750" lon="9.9613680">
    <ele>64.2</ele>
   </trkpt>
   <trkpt lat="56.2253410" lon="9.9614930">
    <ele>64.2</ele>
   </trkpt>
   <trkpt lat="56.2253080" lon="9.9616180">
    <ele>64.2</ele>
   </trkpt>
   <trkpt lat="56.2252740" lon="9.9617420">
    <ele>64.2</ele>
   </trkpt>
   <trkpt lat="56.2252400" lon="9.9618640">
    <ele>64.2</ele>
   </trkpt>
   <trkpt lat="56.2252060" lon="9.9619870">
    <ele>64.2</ele>
   </trkpt>
   <trkpt lat="56.2251750" lon="9.9621120">
    <ele>64.4</ele>
   </trkpt>
   <trkpt lat="56.2251440" lon="9.9622350">
    <ele>64.4</ele>
   </trkpt>
   <trkpt lat="56.2251120" lon="9.9623580">
    <ele>64.6</ele>
   </trkpt>
   <trkpt lat="56.2250810" lon="9.9624820">
    <ele>64.6</ele>
   </trkpt>
   <trkpt lat="56.2250510" lon="9.9626020">
    <ele>64.8</ele>
   </trkpt>
   <trkpt lat="56.2250190" lon="9.9627220">
    <ele>65.0</ele>
   </trkpt>
   <trkpt lat="56.2249870" lon="9.9628390">
    <ele>65.2</ele>
   </trkpt>
   <trkpt lat="56.2249570" lon="9.9629570">
    <ele>65.6</ele>
   </trkpt>
   <trkpt lat="56.2249270" lon="9.9630720">
    <ele>65.8</ele>
   </trkpt>
   <trkpt lat="56.2248970" lon="9.9631850">
    <ele>66.2</ele>
   </trkpt>
   <trkpt lat="56.2248690" lon="9.9632980">
    <ele>66.4</ele>
   </trkpt>
   <trkpt lat="56.2248410" lon="9.9634070">
    <ele>66.8</ele>
   </trkpt>
   <trkpt lat="56.2248140" lon="9.9635150">
    <ele>67.0</ele>
   </trkpt>
   <trkpt lat="56.2247860" lon="9.9636250">
    <ele>67.4</ele>
   </trkpt>
   <trkpt lat="56.2247580" lon="9.9637330">
    <ele>67.6</ele>
   </trkpt>
   <trkpt lat="56.2247290" lon="9.9638420">
    <ele>67.8</ele>
   </trkpt>
   <trkpt lat="56.2247010" lon="9.9639510">
    <ele>68.2</ele>
   </trkpt>
   <trkpt lat="56.2246720" lon="9.9640600">
    <ele>68.6</ele>
   </trkpt>
   <trkpt lat="56.2246440" lon="9.9641690">
    <ele>68.8</ele>
   </trkpt>
   <trkpt lat="56.2246160" lon="9.9642770">
    <ele>69.2</ele>
   </trkpt>
   <trkpt lat="56.2245880" lon="9.9643850">
    <ele>69.6</ele>
   </trkpt>
   <trkpt lat="56.2245610" lon="9.9644920">
    <ele>70.0</ele>
   </trkpt>
   <trkpt lat="56.2245320" lon="9.9645990">
    <ele>70.4</ele>
   </trkpt>
   <trkpt lat="56.2245040" lon="9.9647050">
    <ele>70.6</ele>
   </trkpt>
   <trkpt lat="56.2244740" lon="9.9648110">
    <ele>71.0</ele>
   </trkpt>
   <trkpt lat="56.2244460" lon="9.9649150">
    <ele>71.2</ele>
   </trkpt>
   <trkpt lat="56.2244190" lon="9.9650210">
    <ele>71.6</ele>
   </trkpt>
   <trkpt lat="56.2243930" lon="9.9651290">
    <ele>71.8</ele>
   </trkpt>
   <trkpt lat="56.2243670" lon="9.9652360">
    <ele>72.0</ele>
   </trkpt>
   <trkpt lat="56.2243380" lon="9.9653410">
    <ele>72.2</ele>
   </trkpt>
   <trkpt lat="56.2243110" lon="9.9654460">
    <ele>72.6</ele>
   </trkpt>
   <trkpt lat="56.2242850" lon="9.9655510">
    <ele>72.8</ele>
   </trkpt>
   <trkpt lat="56.2242560" lon="9.9656530">
    <ele>73.2</ele>
   </trkpt>
   <trkpt lat="56.2242270" lon="9.9657540">
    <ele>73.4</ele>
   </trkpt>
   <trkpt lat="56.2241980" lon="9.9658560">
    <ele>73.8</ele>
   </trkpt>
   <trkpt lat="56.2241700" lon="9.9659570">
    <ele>74.0</ele>
   </trkpt>
   <trkpt lat="56.2241410" lon="9.9660570">
    <ele>74.0</ele>
   </trkpt>
   <trkpt lat="56.2241130" lon="9.9661590">
    <ele>74.0</ele>
   </trkpt>
   <trkpt lat="56.2240830" lon="9.9662600">
    <ele>74.0</ele>
   </trkpt>
   <trkpt lat="56.2240520" lon="9.9663640">
    <ele>74.2</ele>
   </trkpt>
   <trkpt lat="56.2240210" lon="9.9664680">
    <ele>74.2</ele>
   </trkpt>
   <trkpt lat="56.2239910" lon="9.9665700">
    <ele>74.2</ele>
   </trkpt>
   <trkpt lat="56.2239610" lon="9.9666740">
    <ele>74.2</ele>
   </trkpt>
   <trkpt lat="56.2239320" lon="9.9667730">
    <ele>74.4</ele>
   </trkpt>
   <trkpt lat="56.2239030" lon="9.9668730">
    <ele>74.4</ele>
   </trkpt>
   <trkpt lat="56.2238730" lon="9.9669700">
    <ele>74.4</ele>
   </trkpt>
   <trkpt lat="56.2238410" lon="9.9670670">
    <ele>74.4</ele>
   </trkpt>
   <trkpt lat="56.2238070" lon="9.9671670">
    <ele>74.4</ele>
   </trkpt>
   <trkpt lat="56.2237740" lon="9.9672720">
    <ele>74.4</ele>
   </trkpt>
   <trkpt lat="56.2237400" lon="9.9673780">
    <ele>74.2</ele>
   </trkpt>
   <trkpt lat="56.2237060" lon="9.9674860">
    <ele>74.2</ele>
   </trkpt>
   <trkpt lat="56.2236680" lon="9.9675990">
    <ele>74.2</ele>
   </trkpt>
   <trkpt lat="56.2236300" lon="9.9677110">
    <ele>74.0</ele>
   </trkpt>
   <trkpt lat="56.2235920" lon="9.9678260">
    <ele>73.8</ele>
   </trkpt>
   <trkpt lat="56.2235530" lon="9.9679400">
    <ele>73.6</ele>
   </trkpt>
   <trkpt lat="56.2235110" lon="9.9680570">
    <ele>73.4</ele>
   </trkpt>
   <trkpt lat="56.2234670" lon="9.9681740">
    <ele>73.2</ele>
   </trkpt>
   <trkpt lat="56.2234210" lon="9.9682930">
    <ele>73.0</ele>
   </trkpt>
   <trkpt lat="56.2233720" lon="9.9684100">
    <ele>72.8</ele>
   </trkpt>
   <trkpt lat="56.2233220" lon="9.9685300">
    <ele>72.6</ele>
   </trkpt>
   <trkpt lat="56.2232740" lon="9.9686560">
    <ele>72.4</ele>
   </trkpt>
   <trkpt lat="56.2232250" lon="9.9687900">
    <ele>72.2</ele>
   </trkpt>
   <trkpt lat="56.2231750" lon="9.9689260">
    <ele>72.0</ele>
   </trkpt>
   <trkpt lat="56.2231260" lon="9.9690620">
    <ele>71.8</ele>
   </trkpt>
   <trkpt lat="56.2230760" lon="9.9692010">
    <ele>71.4</ele>
   </trkpt>
   <trkpt lat="56.2230280" lon="9.9693430">
    <ele>71.0</ele>
   </trkpt>
   <trkpt lat="56.2229770" lon="9.9694880">
    <ele>70.6</ele>
   </trkpt>
   <trkpt lat="56.2229290" lon="9.9696350">
    <ele>70.2</ele>
   </trkpt>
   <trkpt lat="56.2228810" lon="9.9697810">
    <ele>70.0</ele>
   </trkpt>
   <trkpt lat="56.2228290" lon="9.9699200">
    <ele>69.6</ele>
   </trkpt>
   <trkpt lat="56.2227730" lon="9.9700540">
    <ele>69.4</ele>
   </trkpt>
   <trkpt lat="56.2227170" lon="9.9701920">
    <ele>69.0</ele>
   </trkpt>
   <trkpt lat="56.2226630" lon="9.9703360">
    <ele>68.8</ele>
   </trkpt>
   <trkpt lat="56.2226170" lon="9.9704850">
    <ele>68.6</ele>
   </trkpt>
   <trkpt lat="56.2225740" lon="9.9706400">
    <ele>68.2</ele>
   </trkpt>
   <trkpt lat="56.2225300" lon="9.9707950">
    <ele>68.0</ele>
   </trkpt>
   <trkpt lat="56.2224800" lon="9.9709450">
    <ele>67.6</ele>
   </trkpt>
   <trkpt lat="56.2224260" lon="9.9710940">
    <ele>67.4</ele>
   </trkpt>
   <trkpt lat="56.2223720" lon="9.9712430">
    <ele>67.2</ele>
   </trkpt>
   <trkpt lat="56.2223190" lon="9.9713900">
    <ele>66.8</ele>
   </trkpt>
   <trkpt lat="56.2222650" lon="9.9715390">
    <ele>66.6</ele>
   </trkpt>
   <trkpt lat="56.2222120" lon="9.9716900">
    <ele>66.2</ele>
   </trkpt>
   <trkpt lat="56.2221590" lon="9.9718400">
    <ele>65.8</ele>
   </trkpt>
   <trkpt lat="56.2221050" lon="9.9719890">
    <ele>65.6</ele>
   </trkpt>
   <trkpt lat="56.2220500" lon="9.9721390">
    <ele>65.2</ele>
   </trkpt>
   <trkpt lat="56.2219970" lon="9.9722890">
    <ele>64.8</ele>
   </trkpt>
   <trkpt lat="56.2219430" lon="9.9724390">
    <ele>64.6</ele>
   </trkpt>
   <trkpt lat="56.2218900" lon="9.9725880">
    <ele>64.2</ele>
   </trkpt>
   <trkpt lat="56.2218350" lon="9.9727370">
    <ele>64.0</ele>
   </trkpt>
   <trkpt lat="56.2217800" lon="9.9728800">
    <ele>64.0</ele>
   </trkpt>
   <trkpt lat="56.2217270" lon="9.9730300">
    <ele>63.8</ele>
   </trkpt>
   <trkpt lat="56.2216760" lon="9.9731840">
    <ele>63.6</ele>
   </trkpt>
   <trkpt lat="56.2216240" lon="9.9733350">
    <ele>63.6</ele>
   </trkpt>
   <trkpt lat="56.2215720" lon="9.9734870">
    <ele>63.4</ele>
   </trkpt>
   <trkpt lat="56.2215180" lon="9.9736410">
    <ele>63.2</ele>
   </trkpt>
   <trkpt lat="56.2214650" lon="9.9737910">
    <ele>63.2</ele>
   </trkpt>
   <trkpt lat="56.2214100" lon="9.9739400">
    <ele>63.0</ele>
   </trkpt>
   <trkpt lat="56.2213580" lon="9.9740880">
    <ele>62.8</ele>
   </trkpt>
   <trkpt lat="56.2213050" lon="9.9742380">
    <ele>62.6</ele>
   </trkpt>
   <trkpt lat="56.2212510" lon="9.9743890">
    <ele>62.4</ele>
   </trkpt>
   <trkpt lat="56.2211980" lon="9.9745380">
    <ele>62.2</ele>
   </trkpt>
   <trkpt lat="56.2211480" lon="9.9746840">
    <ele>62.0</ele>
   </trkpt>
   <trkpt lat="56.2210990" lon="9.9748350">
    <ele>61.8</ele>
   </trkpt>
   <trkpt lat="56.2210550" lon="9.9749890">
    <ele>61.8</ele>
   </trkpt>
   <trkpt lat="56.2210120" lon="9.9751470">
    <ele>61.6</ele>
   </trkpt>
   <trkpt lat="56.2209720" lon="9.9753060">
    <ele>61.4</ele>
   </trkpt>
   <trkpt lat="56.2209350" lon="9.9754670">
    <ele>61.0</ele>
   </trkpt>
   <trkpt lat="56.2209020" lon="9.9756330">
    <ele>61.0</ele>
   </trkpt>
   <trkpt lat="56.2208740" lon="9.9758000">
    <ele>60.8</ele>
   </trkpt>
   <trkpt lat="56.2208510" lon="9.9759710">
    <ele>60.6</ele>
   </trkpt>
   <trkpt lat="56.2208320" lon="9.9761430">
    <ele>60.4</ele>
   </trkpt>
   <trkpt lat="56.2208150" lon="9.9763170">
    <ele>60.2</ele>
   </trkpt>
   <trkpt lat="56.2207980" lon="9.9764910">
    <ele>60.2</ele>
   </trkpt>
   <trkpt lat="56.2207810" lon="9.9766650">
    <ele>60.0</ele>
   </trkpt>
   <trkpt lat="56.2207630" lon="9.9768420">
    <ele>59.8</ele>
   </trkpt>
   <trkpt lat="56.2207430" lon="9.9770180">
    <ele>59.8</ele>
   </trkpt>
   <trkpt lat="56.2207260" lon="9.9771920">
    <ele>59.6</ele>
   </trkpt>
   <trkpt lat="56.2207090" lon="9.9773640">
    <ele>59.6</ele>
   </trkpt>
   <trkpt lat="56.2206910" lon="9.9775350">
    <ele>59.4</ele>
   </trkpt>
   <trkpt lat="56.2206690" lon="9.9777020">
    <ele>59.4</ele>
   </trkpt>
   <trkpt lat="56.2206450" lon="9.9778640">
    <ele>59.6</ele>
   </trkpt>
   <trkpt lat="56.2206150" lon="9.9780200">
    <ele>59.6</ele>
   </trkpt>
   <trkpt lat="56.2205790" lon="9.9781690">
    <ele>59.8</ele>
   </trkpt>
   <trkpt lat="56.2205430" lon="9.9783140">
    <ele>60.0</ele>
   </trkpt>
   <trkpt lat="56.2205080" lon="9.9784580">
    <ele>60.4</ele>
   </trkpt>
   <trkpt lat="56.2204740" lon="9.9786000">
    <ele>60.4</ele>
   </trkpt>
   <trkpt lat="56.2204410" lon="9.9787400">
    <ele>60.6</ele>
   </trkpt>
   <trkpt lat="56.2204070" lon="9.9788780">
    <ele>60.8</ele>
   </trkpt>
   <trkpt lat="56.2203740" lon="9.9790140">
    <ele>60.8</ele>
   </trkpt>
   <trkpt lat="56.2203440" lon="9.9791500">
    <ele>61.2</ele>
   </trkpt>
   <trkpt lat="56.2203190" lon="9.9792860">
    <ele>61.4</ele>
   </trkpt>
   <trkpt lat="56.2202980" lon="9.9794250">
    <ele>61.6</ele>
   </trkpt>
   <trkpt lat="56.2202810" lon="9.9795660">
    <ele>62.0</ele>
   </trkpt>
   <trkpt lat="56.2202710" lon="9.9797100">
    <ele>62.4</ele>
   </trkpt>
   <trkpt lat="56.2202620" lon="9.9798540">
    <ele>62.4</ele>
   </trkpt>
   <trkpt lat="56.2202540" lon="9.9799990">
    <ele>62.6</ele>
   </trkpt>
   <trkpt lat="56.2202470" lon="9.9801450">
    <ele>62.8</ele>
   </trkpt>
   <trkpt lat="56.2202430" lon="9.9802870">
    <ele>62.8</ele>
   </trkpt>
   <trkpt lat="56.2202430" lon="9.9804290">
    <ele>63.0</ele>
   </trkpt>
   <trkpt lat="56.2202420" lon="9.9805710">
    <ele>63.2</ele>
   </trkpt>
   <trkpt lat="56.2202400" lon="9.9807150">
    <ele>63.6</ele>
   </trkpt>
   <trkpt lat="56.2202390" lon="9.9808580">
    <ele>64.0</ele>
   </trkpt>
   <trkpt lat="56.2202400" lon="9.9810000">
    <ele>64.2</ele>
   </trkpt>
   <trkpt lat="56.2202400" lon="9.9811410">
    <ele>64.4</ele>
   </trkpt>
   <trkpt lat="56.2202370" lon="9.9812800">
    <ele>64.6</ele>
   </trkpt>
   <trkpt lat="56.2202350" lon="9.9814180">
    <ele>64.8</ele>
   </trkpt>
   <trkpt lat="56.2202290" lon="9.9815540">
    <ele>64.8</ele>
   </trkpt>
   <trkpt lat="56.2202240" lon="9.9816870">
    <ele>65.0</ele>
   </trkpt>
   <trkpt lat="56.2202200" lon="9.9818180">
    <ele>65.2</ele>
   </trkpt>
   <trkpt lat="56.2202150" lon="9.9819490">
    <ele>65.4</ele>
   </trkpt>
   <trkpt lat="56.2202090" lon="9.9820770">
    <ele>65.8</ele>
   </trkpt>
   <trkpt lat="56.2202010" lon="9.9822050">
    <ele>66.0</ele>
   </trkpt>
   <trkpt lat="56.2201890" lon="9.9823300">
    <ele>66.4</ele>
   </trkpt>
   <trkpt lat="56.2201740" lon="9.9824560">
    <ele>66.6</ele>
   </trkpt>
   <trkpt lat="56.2201600" lon="9.9825820">
    <ele>66.6</ele>
   </trkpt>
   <trkpt lat="56.2201420" lon="9.9827070">
    <ele>66.8</ele>
   </trkpt>
   <trkpt lat="56.2201220" lon="9.9828300">
    <ele>66.8</ele>
   </trkpt>
   <trkpt lat="56.2201010" lon="9.9829540">
    <ele>67.0</ele>
   </trkpt>
   <trkpt lat="56.2200770" lon="9.9830750">
    <ele>67.4</ele>
   </trkpt>
   <trkpt lat="56.2200460" lon="9.9831920">
    <ele>67.6</ele>
   </trkpt>
   <trkpt lat="56.2200110" lon="9.9833030">
    <ele>67.8</ele>
   </trkpt>
   <trkpt lat="56.2199790" lon="9.9834180">
    <ele>68.0</ele>
   </trkpt>
   <trkpt lat="56.2199550" lon="9.9835100">
    <ele>68.0</ele>
   </trkpt>
   <trkpt lat="56.2199190" lon="9.9836480">
    <ele>67.8</ele>
   </trkpt>
   <trkpt lat="56.2198900" lon="9.9837640">
    <ele>67.8</ele>
   </trkpt>
   <trkpt lat="56.2198580" lon="9.9838780">
    <ele>67.8</ele>
   </trkpt>
   <trkpt lat="56.2198290" lon="9.9839910">
    <ele>67.8</ele>
   </trkpt>
   <trkpt lat="56.2198000" lon="9.9841050">
    <ele>67.8</ele>
   </trkpt>
   <trkpt lat="56.2197720" lon="9.9842190">
    <ele>67.8</ele>
   </trkpt>
   <trkpt lat="56.2197430" lon="9.9843340">
    <ele>67.8</ele>
   </trkpt>
   <trkpt lat="56.2197140" lon="9.9844500">
    <ele>67.8</ele>
   </trkpt>
   <trkpt lat="56.2196840" lon="9.9845650">
    <ele>68.0</ele>
   </trkpt>
   <trkpt lat="56.2196540" lon="9.9846770">
    <ele>68.2</ele>
   </trkpt>
   <trkpt lat="56.2196260" lon="9.9847910">
    <ele>68.2</ele>
   </trkpt>
   <trkpt lat="56.2195950" lon="9.9849060">
    <ele>68.2</ele>
   </trkpt>
   <trkpt lat="56.2195630" lon="9.9850200">
    <ele>68.4</ele>
   </trkpt>
   <trkpt lat="56.2195280" lon="9.9851310">
    <ele>68.4</ele>
   </trkpt>
   <trkpt lat="56.2194900" lon="9.9852380">
    <ele>68.4</ele>
   </trkpt>
   <trkpt lat="56.2194500" lon="9.9853440">
    <ele>68.4</ele>
   </trkpt>
   <trkpt lat="56.2194090" lon="9.9854450">
    <ele>68.4</ele>
   </trkpt>
   <trkpt lat="56.2193650" lon="9.9855410">
    <ele>68.4</ele>
   </trkpt>
   <trkpt lat="56.2193170" lon="9.9856330">
    <ele>68.4</ele>
   </trkpt>
   <trkpt lat="56.2192680" lon="9.9857230">
    <ele>68.4</ele>
   </trkpt>
   <trkpt lat="56.2192160" lon="9.9858140">
    <ele>68.4</ele>
   </trkpt>
   <trkpt lat="56.2191680" lon="9.9859030">
    <ele>68.4</ele>
   </trkpt>
   <trkpt lat="56.2191190" lon="9.9859950">
    <ele>68.4</ele>
   </trkpt>
   <trkpt lat="56.2190720" lon="9.9860870">
    <ele>68.2</ele>
   </trkpt>
   <trkpt lat="56.2190250" lon="9.9861800">
    <ele>68.2</ele>
   </trkpt>
   <trkpt lat="56.2189780" lon="9.9862740">
    <ele>68.2</ele>
   </trkpt>
   <trkpt lat="56.2189290" lon="9.9863700">
    <ele>68.4</ele>
   </trkpt>
   <trkpt lat="56.2188800" lon="9.9864640">
    <ele>68.4</ele>
   </trkpt>
   <trkpt lat="56.2188310" lon="9.9865570">
    <ele>68.6</ele>
   </trkpt>
   <trkpt lat="56.2187810" lon="9.9866440">
    <ele>68.8</ele>
   </trkpt>
   <trkpt lat="56.2187250" lon="9.9867270">
    <ele>68.8</ele>
   </trkpt>
   <trkpt lat="56.2186710" lon="9.9868070">
    <ele>68.8</ele>
   </trkpt>
   <trkpt lat="56.2186180" lon="9.9868940">
    <ele>69.0</ele>
   </trkpt>
   <trkpt lat="56.2185700" lon="9.9869890">
    <ele>69.2</ele>
   </trkpt>
   <trkpt lat="56.2185280" lon="9.9870900">
    <ele>69.2</ele>
   </trkpt>
   <trkpt lat="56.2184910" lon="9.9871950">
    <ele>69.4</ele>
   </trkpt>
   <trkpt lat="56.2184510" lon="9.9872970">
    <ele>69.4</ele>
   </trkpt>
   <trkpt lat="56.2184070" lon="9.9873950">
    <ele>69.4</ele>
   </trkpt>
   <trkpt lat="56.2183610" lon="9.9874910">
    <ele>69.4</ele>
   </trkpt>
   <trkpt lat="56.2183140" lon="9.9875850">
    <ele>69.4</ele>
   </trkpt>
   <trkpt lat="56.2182680" lon="9.9876790">
    <ele>69.4</ele>
   </trkpt>
   <trkpt lat="56.2182220" lon="9.9877690">
    <ele>69.6</ele>
   </trkpt>
   <trkpt lat="56.2181760" lon="9.9878610">
    <ele>69.6</ele>
   </trkpt>
   <trkpt lat="56.2181290" lon="9.9879540">
    <ele>69.6</ele>
   </trkpt>
   <trkpt lat="56.2180820" lon="9.9880460">
    <ele>69.8</ele>
   </trkpt>
   <trkpt lat="56.2180370" lon="9.9881370">
    <ele>69.8</ele>
   </trkpt>
   <trkpt lat="56.2179930" lon="9.9882280">
    <ele>70.0</ele>
   </trkpt>
   <trkpt lat="56.2179470" lon="9.9883180">
    <ele>70.0</ele>
   </trkpt>
   <trkpt lat="56.2178990" lon="9.9884090">
    <ele>70.0</ele>
   </trkpt>
   <trkpt lat="56.2178530" lon="9.9885000">
    <ele>70.0</ele>
   </trkpt>
   <trkpt lat="56.2178040" lon="9.9885930">
    <ele>70.0</ele>
   </trkpt>
   <trkpt lat="56.2177570" lon="9.9886830">
    <ele>70.0</ele>
   </trkpt>
   <trkpt lat="56.2177100" lon="9.9887740">
    <ele>70.0</ele>
   </trkpt>
   <trkpt lat="56.2176620" lon="9.9888680">
    <ele>70.0</ele>
   </trkpt>
   <trkpt lat="56.2176150" lon="9.9889600">
    <ele>70.0</ele>
   </trkpt>
   <trkpt lat="56.2175660" lon="9.9890530">
    <ele>70.0</ele>
   </trkpt>
   <trkpt lat="56.2175190" lon="9.9891470">
    <ele>70.0</ele>
   </trkpt>
   <trkpt lat="56.2174720" lon="9.9892430">
    <ele>70.0</ele>
   </trkpt>
   <trkpt lat="56.2174250" lon="9.9893370">
    <ele>70.0</ele>
   </trkpt>
   <trkpt lat="56.2173760" lon="9.9894310">
    <ele>70.0</ele>
   </trkpt>
   <trkpt lat="56.2173280" lon="9.9895230">
    <ele>70.0</ele>
   </trkpt>
   <trkpt lat="56.2172790" lon="9.9896170">
    <ele>70.0</ele>
   </trkpt>
   <trkpt lat="56.2172300" lon="9.9897120">
    <ele>70.0</ele>
   </trkpt>
   <trkpt lat="56.2171820" lon="9.9898100">
    <ele>69.8</ele>
   </trkpt>
   <trkpt lat="56.2171330" lon="9.9899080">
    <ele>69.8</ele>
   </trkpt>
   <trkpt lat="56.2170830" lon="9.9900050">
    <ele>69.6</ele>
   </trkpt>
   <trkpt lat="56.2170330" lon="9.9900980">
    <ele>69.6</ele>
   </trkpt>
   <trkpt lat="56.2169830" lon="9.9901940">
    <ele>69.6</ele>
   </trkpt>
   <trkpt lat="56.2169340" lon="9.9902910">
    <ele>69.6</ele>
   </trkpt>
   <trkpt lat="56.2168830" lon="9.9903880">
    <ele>69.6</ele>
   </trkpt>
   <trkpt lat="56.2168360" lon="9.9904800">
    <ele>69.8</ele>
   </trkpt>
   <trkpt lat="56.2167860" lon="9.9905740">
    <ele>69.8</ele>
   </trkpt>
   <trkpt lat="56.2167350" lon="9.9906690">
    <ele>69.8</ele>
   </trkpt>
   <trkpt lat="56.2166850" lon="9.9907640">
    <ele>69.6</ele>
   </trkpt>
   <trkpt lat="56.2166350" lon="9.9908600">
    <ele>69.6</ele>
   </trkpt>
   <trkpt lat="56.2165860" lon="9.9909600">
    <ele>69.6</ele>
   </trkpt>
   <trkpt lat="56.2165360" lon="9.9910620">
    <ele>69.6</ele>
   </trkpt>
   <trkpt lat="56.2164850" lon="9.9911660">
    <ele>69.4</ele>
   </trkpt>
   <trkpt lat="56.2164330" lon="9.9912710">
    <ele>69.4</ele>
   </trkpt>
   <trkpt lat="56.2163820" lon="9.9913750">
    <ele>69.2</ele>
   </trkpt>
   <trkpt lat="56.2163310" lon="9.9914780">
    <ele>69.2</ele>
   </trkpt>
   <trkpt lat="56.2162770" lon="9.9915780">
    <ele>68.8</ele>
   </trkpt>
   <trkpt lat="56.2162200" lon="9.9916800">
    <ele>68.6</ele>
   </trkpt>
   <trkpt lat="56.2161650" lon="9.9917840">
    <ele>68.6</ele>
   </trkpt>
   <trkpt lat="56.2161100" lon="9.9918900">
    <ele>68.2</ele>
   </trkpt>
   <trkpt lat="56.2160570" lon="9.9920050">
    <ele>68.0</ele>
   </trkpt>
   <trkpt lat="56.2160030" lon="9.9921260">
    <ele>67.6</ele>
   </trkpt>
   <trkpt lat="56.2159510" lon="9.9922490">
    <ele>67.2</ele>
   </trkpt>
   <trkpt lat="56.2158990" lon="9.9923700">
    <ele>66.8</ele>
   </trkpt>
   <trkpt lat="56.2158460" lon="9.9924930">
    <ele>66.4</ele>
   </trkpt>
   <trkpt lat="56.2157910" lon="9.9926200">
    <ele>66.0</ele>
   </trkpt>
   <trkpt lat="56.2157330" lon="9.9927540">
    <ele>65.4</ele>
   </trkpt>
   <trkpt lat="56.2156750" lon="9.9928950">
    <ele>64.8</ele>
   </trkpt>
   <trkpt lat="56.2156180" lon="9.9930450">
    <ele>64.2</ele>
   </trkpt>
   <trkpt lat="56.2155660" lon="9.9931980">
    <ele>63.6</ele>
   </trkpt>
   <trkpt lat="56.2155140" lon="9.9933550">
    <ele>62.8</ele>
   </trkpt>
   <trkpt lat="56.2154640" lon="9.9935180">
    <ele>62.2</ele>
   </trkpt>
   <trkpt lat="56.2154150" lon="9.9936870">
    <ele>61.4</ele>
   </trkpt>
   <trkpt lat="56.2153640" lon="9.9938580">
    <ele>60.8</ele>
   </trkpt>
   <trkpt lat="56.2153160" lon="9.9940360">
    <ele>60.0</ele>
   </trkpt>
   <trkpt lat="56.2152690" lon="9.9942150">
    <ele>59.2</ele>
   </trkpt>
   <trkpt lat="56.2152240" lon="9.9943990">
    <ele>58.4</ele>
   </trkpt>
   <trkpt lat="56.2151800" lon="9.9945860">
    <ele>57.6</ele>
   </trkpt>
   <trkpt lat="56.2151370" lon="9.9947790">
    <ele>57.0</ele>
   </trkpt>
   <trkpt lat="56.2150980" lon="9.9949740">
    <ele>56.2</ele>
   </trkpt>
   <trkpt lat="56.2150580" lon="9.9951740">
    <ele>55.4</ele>
   </trkpt>
   <trkpt lat="56.2150180" lon="9.9953780">
    <ele>54.8</ele>
   </trkpt>
   <trkpt lat="56.2149800" lon="9.9955800">
    <ele>54.2</ele>
   </trkpt>
   <trkpt lat="56.2149450" lon="9.9957810">
    <ele>53.8</ele>
   </trkpt>
   <trkpt lat="56.2149110" lon="9.9959830">
    <ele>53.4</ele>
   </trkpt>
   <trkpt lat="56.2148760" lon="9.9961860">
    <ele>53.0</ele>
   </trkpt>
   <trkpt lat="56.2148430" lon="9.9963910">
    <ele>52.8</ele>
   </trkpt>
   <trkpt lat="56.2148110" lon="9.9965950">
    <ele>52.2</ele>
   </trkpt>
   <trkpt lat="56.2147810" lon="9.9968000">
    <ele>51.6</ele>
   </trkpt>
   <trkpt lat="56.2147530" lon="9.9970040">
    <ele>51.4</ele>
   </trkpt>
   <trkpt lat="56.2147250" lon="9.9972070">
    <ele>51.2</ele>
   </trkpt>
   <trkpt lat="56.2146990" lon="9.9974070">
    <ele>50.8</ele>
   </trkpt>
   <trkpt lat="56.2146730" lon="9.9976040">
    <ele>50.8</ele>
   </trkpt>
   <trkpt lat="56.2146480" lon="9.9977960">
    <ele>50.6</ele>
   </trkpt>
   <trkpt lat="56.2146240" lon="9.9979870">
    <ele>50.6</ele>
   </trkpt>
   <trkpt lat="56.2146030" lon="9.9981740">
    <ele>50.6</ele>
   </trkpt>
   <trkpt lat="56.2145820" lon="9.9983560">
    <ele>50.6</ele>
   </trkpt>
   <trkpt lat="56.2145630" lon="9.9985360">
    <ele>50.8</ele>
   </trkpt>
   <trkpt lat="56.2145440" lon="9.9987140">
    <ele>51.0</ele>
   </trkpt>
   <trkpt lat="56.2145240" lon="9.9988880">
    <ele>50.8</ele>
   </trkpt>
   <trkpt lat="56.2145050" lon="9.9990610">
    <ele>51.0</ele>
   </trkpt>
   <trkpt lat="56.2144860" lon="9.9992310">
    <ele>51.0</ele>
   </trkpt>
   <trkpt lat="56.2144700" lon="9.9993980">
    <ele>51.0</ele>
   </trkpt>
   <trkpt lat="56.2144540" lon="9.9995630">
    <ele>50.8</ele>
   </trkpt>
   <trkpt lat="56.2144400" lon="9.9997260">
    <ele>50.8</ele>
   </trkpt>
   <trkpt lat="56.2144300" lon="9.9998840">
    <ele>50.8</ele>
   </trkpt>
   <trkpt lat="56.2144210" lon="10.0000410">
    <ele>51.2</ele>
   </trkpt>
   <trkpt lat="56.2144120" lon="10.0001970">
    <ele>51.2</ele>
   </trkpt>
   <trkpt lat="56.2144040" lon="10.0003520">
    <ele>51.4</ele>
   </trkpt>
   <trkpt lat="56.2143940" lon="10.0005040">
    <ele>51.6</ele>
   </trkpt>
   <trkpt lat="56.2143880" lon="10.0006540">
    <ele>51.8</ele>
   </trkpt>
   <trkpt lat="56.2143830" lon="10.0008020">
    <ele>52.0</ele>
   </trkpt>
   <trkpt lat="56.2143810" lon="10.0009510">
    <ele>52.2</ele>
   </trkpt>
   <trkpt lat="56.2143810" lon="10.0010980">
    <ele>52.4</ele>
   </trkpt>
   <trkpt lat="56.2143800" lon="10.0012450">
    <ele>52.6</ele>
   </trkpt>
   <trkpt lat="56.2143810" lon="10.0013930">
    <ele>52.8</ele>
   </trkpt>
   <trkpt lat="56.2143830" lon="10.0015400">
    <ele>53.0</ele>
   </trkpt>
   <trkpt lat="56.2143850" lon="10.0016880">
    <ele>53.0</ele>
   </trkpt>
   <trkpt lat="56.2143870" lon="10.0018340">
    <ele>53.2</ele>
   </trkpt>
   <trkpt lat="56.2143910" lon="10.0019800">
    <ele>53.4</ele>
   </trkpt>
   <trkpt lat="56.2143960" lon="10.0021240">
    <ele>53.6</ele>
   </trkpt>
   <trkpt lat="56.2144020" lon="10.0022660">
    <ele>53.6</ele>
   </trkpt>
   <trkpt lat="56.2144040" lon="10.0024090">
    <ele>53.8</ele>
   </trkpt>
   <trkpt lat="56.2144040" lon="10.0025520">
    <ele>53.8</ele>
   </trkpt>
   <trkpt lat="56.2144030" lon="10.0026930">
    <ele>54.0</ele>
   </trkpt>
   <trkpt lat="56.2144020" lon="10.0028340">
    <ele>54.0</ele>
   </trkpt>
   <trkpt lat="56.2143980" lon="10.0029720">
    <ele>54.0</ele>
   </trkpt>
   <trkpt lat="56.2143910" lon="10.0031100">
    <ele>54.0</ele>
   </trkpt>
   <trkpt lat="56.2143840" lon="10.0032520">
    <ele>54.0</ele>
   </trkpt>
   <trkpt lat="56.2143780" lon="10.0033920">
    <ele>54.0</ele>
   </trkpt>
   <trkpt lat="56.2143690" lon="10.0035310">
    <ele>54.0</ele>
   </trkpt>
   <trkpt lat="56.2143600" lon="10.0036680">
    <ele>54.2</ele>
   </trkpt>
   <trkpt lat="56.2143480" lon="10.0038060">
    <ele>54.2</ele>
   </trkpt>
   <trkpt lat="56.2143390" lon="10.0039450">
    <ele>54.4</ele>
   </trkpt>
   <trkpt lat="56.2143290" lon="10.0040820">
    <ele>54.4</ele>
   </trkpt>
   <trkpt lat="56.2143160" lon="10.0042180">
    <ele>54.4</ele>
   </trkpt>
   <trkpt lat="56.2143000" lon="10.0043510">
    <ele>54.6</ele>
   </trkpt>
   <trkpt lat="56.2142840" lon="10.0044840">
    <ele>54.8</ele>
   </trkpt>
   <trkpt lat="56.2142690" lon="10.0046160">
    <ele>54.8</ele>
   </trkpt>
   <trkpt lat="56.2142520" lon="10.0047460">
    <ele>55.0</ele>
   </trkpt>
   <trkpt lat="56.2142330" lon="10.0048740">
    <ele>55.2</ele>
   </trkpt>
   <trkpt lat="56.2142150" lon="10.0050030">
    <ele>55.4</ele>
   </trkpt>
   <trkpt lat="56.2141950" lon="10.0051310">
    <ele>55.6</ele>
   </trkpt>
   <trkpt lat="56.2141730" lon="10.0052560">
    <ele>55.8</ele>
   </trkpt>
   <trkpt lat="56.2141540" lon="10.0053820">
    <ele>56.0</ele>
   </trkpt>
   <trkpt lat="56.2141340" lon="10.0055050">
    <ele>56.2</ele>
   </trkpt>
   <trkpt lat="56.2141110" lon="10.0056260">
    <ele>56.4</ele>
   </trkpt>
   <trkpt lat="56.2140890" lon="10.0057460">
    <ele>56.4</ele>
   </trkpt>
   <trkpt lat="56.2140690" lon="10.0058650">
    <ele>56.6</ele>
   </trkpt>
   <trkpt lat="56.2140460" lon="10.0059780">
    <ele>56.8</ele>
   </trkpt>
   <trkpt lat="56.2140250" lon="10.0060890">
    <ele>57.2</ele>
   </trkpt>
   <trkpt lat="56.2140060" lon="10.0061990">
    <ele>57.4</ele>
   </trkpt>
   <trkpt lat="56.2139860" lon="10.0063100">
    <ele>57.6</ele>
   </trkpt>
   <trkpt lat="56.2139690" lon="10.0064200">
    <ele>57.6</ele>
   </trkpt>
   <trkpt lat="56.2139510" lon="10.0065280">
    <ele>58.0</ele>
   </trkpt>
   <trkpt lat="56.2139330" lon="10.0066320">
    <ele>58.2</ele>
   </trkpt>
   <trkpt lat="56.2139150" lon="10.0067340">
    <ele>58.6</ele>
   </trkpt>
   <trkpt lat="56.2138950" lon="10.0068390">
    <ele>59.0</ele>
   </trkpt>
   <trkpt lat="56.2138750" lon="10.0069410">
    <ele>59.4</ele>
   </trkpt>
   <trkpt lat="56.2138570" lon="10.0070420">
    <ele>59.8</ele>
   </trkpt>
   <trkpt lat="56.2138390" lon="10.0071420">
    <ele>60.2</ele>
   </trkpt>
   <trkpt lat="56.2138200" lon="10.0072410">
    <ele>60.6</ele>
   </trkpt>
   <trkpt lat="56.2138020" lon="10.0073420">
    <ele>60.8</ele>
   </trkpt>
   <trkpt lat="56.2137860" lon="10.0074410">
    <ele>61.0</ele>
   </trkpt>
   <trkpt lat="56.2137690" lon="10.0075420">
    <ele>61.2</ele>
   </trkpt>
   <trkpt lat="56.2137500" lon="10.0076420">
    <ele>61.4</ele>
   </trkpt>
   <trkpt lat="56.2137300" lon="10.0077390">
    <ele>61.4</ele>
   </trkpt>
   <trkpt lat="56.2137130" lon="10.0078360">
    <ele>61.8</ele>
   </trkpt>
   <trkpt lat="56.2136940" lon="10.0079310">
    <ele>61.8</ele>
   </trkpt>
   <trkpt lat="56.2136770" lon="10.0080280">
    <ele>62.2</ele>
   </trkpt>
   <trkpt lat="56.2136590" lon="10.0081220">
    <ele>62.2</ele>
   </trkpt>
   <trkpt lat="56.2136400" lon="10.0082180">
    <ele>62.4</ele>
   </trkpt>
   <trkpt lat="56.2136220" lon="10.0083130">
    <ele>62.8</ele>
   </trkpt>
   <trkpt lat="56.2136030" lon="10.0084080">
    <ele>63.0</ele>
   </trkpt>
   <trkpt lat="56.2135830" lon="10.0084980">
    <ele>63.4</ele>
   </trkpt>
   <trkpt lat="56.2135630" lon="10.0085880">
    <ele>63.6</ele>
   </trkpt>
   <trkpt lat="56.2135450" lon="10.0086820">
    <ele>64.0</ele>
   </trkpt>
   <trkpt lat="56.2135290" lon="10.0087780">
    <ele>64.2</ele>
   </trkpt>
   <trkpt lat="56.2135120" lon="10.0088720">
    <ele>64.6</ele>
   </trkpt>
   <trkpt lat="56.2134950" lon="10.0089660">
    <ele>64.8</ele>
   </trkpt>
   <trkpt lat="56.2134780" lon="10.0090610">
    <ele>65.0</ele>
   </trkpt>
   <trkpt lat="56.2134600" lon="10.0091530">
    <ele>65.2</ele>
   </trkpt>
   <trkpt lat="56.2134410" lon="10.0092440">
    <ele>65.4</ele>
   </trkpt>
   <trkpt lat="56.2134230" lon="10.0093350">
    <ele>65.6</ele>
   </trkpt>
   <trkpt lat="56.2134040" lon="10.0094270">
    <ele>66.0</ele>
   </trkpt>
   <trkpt lat="56.2133870" lon="10.0095190">
    <ele>66.4</ele>
   </trkpt>
   <trkpt lat="56.2133710" lon="10.0096110">
    <ele>66.6</ele>
   </trkpt>
   <trkpt lat="56.2133520" lon="10.0097010">
    <ele>67.0</ele>
   </trkpt>
   <trkpt lat="56.2133350" lon="10.0097900">
    <ele>67.2</ele>
   </trkpt>
   <trkpt lat="56.2133190" lon="10.0098790">
    <ele>67.4</ele>
   </trkpt>
   <trkpt lat="56.2133040" lon="10.0099710">
    <ele>67.6</ele>
   </trkpt>
   <trkpt lat="56.2132900" lon="10.0100640">
    <ele>67.8</ele>
   </trkpt>
   <trkpt lat="56.2132740" lon="10.0101560">
    <ele>68.0</ele>
   </trkpt>
   <trkpt lat="56.2132580" lon="10.0102480">
    <ele>68.2</ele>
   </trkpt>
   <trkpt lat="56.2132400" lon="10.0103380">
    <ele>68.2</ele>
   </trkpt>
   <trkpt lat="56.2132200" lon="10.0104270">
    <ele>68.4</ele>
   </trkpt>
   <trkpt lat="56.2132020" lon="10.0105190">
    <ele>68.4</ele>
   </trkpt>
   <trkpt lat="56.2131850" lon="10.0106100">
    <ele>68.4</ele>
   </trkpt>
   <trkpt lat="56.2131680" lon="10.0107020">
    <ele>68.6</ele>
   </trkpt>
   <trkpt lat="56.2131500" lon="10.0107930">
    <ele>68.6</ele>
   </trkpt>
   <trkpt lat="56.2131310" lon="10.0108860">
    <ele>68.6</ele>
   </trkpt>
   <trkpt lat="56.2131120" lon="10.0109790">
    <ele>68.6</ele>
   </trkpt>
   <trkpt lat="56.2130950" lon="10.0110730">
    <ele>68.6</ele>
   </trkpt>
   <trkpt lat="56.2130770" lon="10.0111660">
    <ele>68.6</ele>
   </trkpt>
   <trkpt lat="56.2130580" lon="10.0112600">
    <ele>68.8</ele>
   </trkpt>
   <trkpt lat="56.2130390" lon="10.0113540">
    <ele>68.8</ele>
   </trkpt>
   <trkpt lat="56.2130230" lon="10.0114290">
    <ele>69.0</ele>
   </trkpt>
   <trkpt lat="56.2129990" lon="10.0115430">
    <ele>69.0</ele>
   </trkpt>
   <trkpt lat="56.2129800" lon="10.0116390">
    <ele>69.0</ele>
   </trkpt>
   <trkpt lat="56.2129610" lon="10.0117340">
    <ele>69.0</ele>
   </trkpt>
   <trkpt lat="56.2129420" lon="10.0118290">
    <ele>69.2</ele>
   </trkpt>
   <trkpt lat="56.2129230" lon="10.0119260">
    <ele>69.2</ele>
   </trkpt>
   <trkpt lat="56.2129020" lon="10.0120200">
    <ele>69.2</ele>
   </trkpt>
   <trkpt lat="56.2128820" lon="10.0121130">
    <ele>69.2</ele>
   </trkpt>
   <trkpt lat="56.2128620" lon="10.0122080">
    <ele>69.2</ele>
   </trkpt>
   <trkpt lat="56.2128410" lon="10.0123050">
    <ele>69.2</ele>
   </trkpt>
   <trkpt lat="56.2128220" lon="10.0124030">
    <ele>69.2</ele>
   </trkpt>
   <trkpt lat="56.2128020" lon="10.0125000">
    <ele>69.2</ele>
   </trkpt>
   <trkpt lat="56.2127820" lon="10.0125950">
    <ele>69.0</ele>
   </trkpt>
   <trkpt lat="56.2127620" lon="10.0126910">
    <ele>69.0</ele>
   </trkpt>
   <trkpt lat="56.2127420" lon="10.0127870">
    <ele>69.0</ele>
   </trkpt>
   <trkpt lat="56.2127210" lon="10.0128800">
    <ele>69.0</ele>
   </trkpt>
   <trkpt lat="56.2126990" lon="10.0129750">
    <ele>69.0</ele>
   </trkpt>
   <trkpt lat="56.2126790" lon="10.0130710">
    <ele>69.0</ele>
   </trkpt>
   <trkpt lat="56.2126600" lon="10.0131670">
    <ele>69.0</ele>
   </trkpt>
   <trkpt lat="56.2126400" lon="10.0132630">
    <ele>69.0</ele>
   </trkpt>
   <trkpt lat="56.2126200" lon="10.0133610">
    <ele>69.0</ele>
   </trkpt>
   <trkpt lat="56.2125990" lon="10.0134580">
    <ele>69.2</ele>
   </trkpt>
   <trkpt lat="56.2125780" lon="10.0135540">
    <ele>69.2</ele>
   </trkpt>
   <trkpt lat="56.2125570" lon="10.0136530">
    <ele>69.2</ele>
   </trkpt>
   <trkpt lat="56.2125360" lon="10.0137550">
    <ele>69.2</ele>
   </trkpt>
   <trkpt lat="56.2125140" lon="10.0138550">
    <ele>69.2</ele>
   </trkpt>
   <trkpt lat="56.2124920" lon="10.0139580">
    <ele>69.2</ele>
   </trkpt>
   <trkpt lat="56.2124710" lon="10.0140620">
    <ele>69.2</ele>
   </trkpt>
   <trkpt lat="56.2124490" lon="10.0141660">
    <ele>69.2</ele>
   </trkpt>
   <trkpt lat="56.2124270" lon="10.0142720">
    <ele>69.0</ele>
   </trkpt>
   <trkpt lat="56.2124040" lon="10.0143760">
    <ele>69.0</ele>
   </trkpt>
   <trkpt lat="56.2123810" lon="10.0144810">
    <ele>69.0</ele>
   </trkpt>
   <trkpt lat="56.2123580" lon="10.0145860">
    <ele>69.0</ele>
   </trkpt>
   <trkpt lat="56.2123370" lon="10.0146940">
    <ele>69.0</ele>
   </trkpt>
   <trkpt lat="56.2123170" lon="10.0148040">
    <ele>69.0</ele>
   </trkpt>
   <trkpt lat="56.2122960" lon="10.0149120">
    <ele>69.2</ele>
   </trkpt>
   <trkpt lat="56.2122740" lon="10.0150180">
    <ele>69.4</ele>
   </trkpt>
   <trkpt lat="56.2122500" lon="10.0151260">
    <ele>69.4</ele>
   </trkpt>
   <trkpt lat="56.2122270" lon="10.0152340">
    <ele>69.6</ele>
   </trkpt>
   <trkpt lat="56.2122030" lon="10.0153420">
    <ele>69.8</ele>
   </trkpt>
   <trkpt lat="56.2121790" lon="10.0154510">
    <ele>70.0</ele>
   </trkpt>
   <trkpt lat="56.2121540" lon="10.0155590">
    <ele>70.2</ele>
   </trkpt>
   <trkpt lat="56.2121350" lon="10.0156470">
    <ele>70.4</ele>
   </trkpt>
   <trkpt lat="56.2121070" lon="10.0157760">
    <ele>70.4</ele>
   </trkpt>
   <trkpt lat="56.2120860" lon="10.0158820">
    <ele>70.6</ele>
   </trkpt>
   <trkpt lat="56.2120610" lon="10.0159890">
    <ele>70.6</ele>
   </trkpt>
   <trkpt lat="56.2120390" lon="10.0160980">
    <ele>70.6</ele>
   </trkpt>
   <trkpt lat="56.2120170" lon="10.0162050">
    <ele>70.6</ele>
   </trkpt>
   <trkpt lat="56.2119960" lon="10.0163110">
    <ele>70.6</ele>
   </trkpt>
   <trkpt lat="56.2119740" lon="10.0164180">
    <ele>70.6</ele>
   </trkpt>
   <trkpt lat="56.2119520" lon="10.0165270">
    <ele>70.6</ele>
   </trkpt>
   <trkpt lat="56.2119300" lon="10.0166360">
    <ele>70.6</ele>
   </trkpt>
   <trkpt lat="56.2119060" lon="10.0167430">
    <ele>70.8</ele>
   </trkpt>
   <trkpt lat="56.2118830" lon="10.0168520">
    <ele>70.6</ele>
   </trkpt>
   <trkpt lat="56.2118590" lon="10.0169580">
    <ele>70.6</ele>
   </trkpt>
   <trkpt lat="56.2118380" lon="10.0170660">
    <ele>70.6</ele>
   </trkpt>
   <trkpt lat="56.2118170" lon="10.0171740">
    <ele>70.8</ele>
   </trkpt>
   <trkpt lat="56.2117950" lon="10.0172810">
    <ele>70.8</ele>
   </trkpt>
   <trkpt lat="56.2117720" lon="10.0173880">
    <ele>70.8</ele>
   </trkpt>
   <trkpt lat="56.2117510" lon="10.0174930">
    <ele>71.0</ele>
   </trkpt>
   <trkpt lat="56.2117280" lon="10.0175980">
    <ele>71.2</ele>
   </trkpt>
   <trkpt lat="56.2117040" lon="10.0177020">
    <ele>71.2</ele>
   </trkpt>
   <trkpt lat="56.2116820" lon="10.0178060">
    <ele>71.4</ele>
   </trkpt>
   <trkpt lat="56.2116610" lon="10.0179090">
    <ele>71.4</ele>
   </trkpt>
   <trkpt lat="56.2116440" lon="10.0179900">
    <ele>71.6</ele>
   </trkpt>
   <trkpt lat="56.2116230" lon="10.0180920">
    <ele>71.6</ele>
   </trkpt>
   <trkpt lat="56.2115980" lon="10.0182130">
    <ele>71.8</ele>
   </trkpt>
   <trkpt lat="56.2115770" lon="10.0183120">
    <ele>72.0</ele>
   </trkpt>
   <trkpt lat="56.2115550" lon="10.0184120">
    <ele>72.2</ele>
   </trkpt>
   <trkpt lat="56.2115350" lon="10.0185150">
    <ele>72.4</ele>
   </trkpt>
   <trkpt lat="56.2115190" lon="10.0185970">
    <ele>72.6</ele>
   </trkpt>
   <trkpt lat="56.2114930" lon="10.0187210">
    <ele>73.0</ele>
   </trkpt>
   <trkpt lat="56.2114700" lon="10.0188240">
    <ele>73.0</ele>
   </trkpt>
   <trkpt lat="56.2114490" lon="10.0189250">
    <ele>73.2</ele>
   </trkpt>
   <trkpt lat="56.2114270" lon="10.0190260">
    <ele>73.4</ele>
   </trkpt>
   <trkpt lat="56.2114030" lon="10.0191260">
    <ele>73.6</ele>
   </trkpt>
   <trkpt lat="56.2113830" lon="10.0192050">
    <ele>73.8</ele>
   </trkpt>
   <trkpt lat="56.2113550" lon="10.0193270">
    <ele>73.8</ele>
   </trkpt>
   <trkpt lat="56.2113310" lon="10.0194300">
    <ele>74.0</ele>
   </trkpt>
   <trkpt lat="56.2113070" lon="10.0195320">
    <ele>74.0</ele>
   </trkpt>
   <trkpt lat="56.2112810" lon="10.0196350">
    <ele>74.2</ele>
   </trkpt>
   <trkpt lat="56.2112560" lon="10.0197400">
    <ele>74.2</ele>
   </trkpt>
   <trkpt lat="56.2112320" lon="10.0198450">
    <ele>74.2</ele>
   </trkpt>
   <trkpt lat="56.2112080" lon="10.0199520">
    <ele>74.4</ele>
   </trkpt>
   <trkpt lat="56.2111840" lon="10.0200610">
    <ele>74.4</ele>
   </trkpt>
   <trkpt lat="56.2111660" lon="10.0201490">
    <ele>74.2</ele>
   </trkpt>
   <trkpt lat="56.2111440" lon="10.0202610">
    <ele>74.2</ele>
   </trkpt>
   <trkpt lat="56.2111190" lon="10.0203760">
    <ele>74.2</ele>
   </trkpt>
   <trkpt lat="56.2110910" lon="10.0205170">
    <ele>74.4</ele>
   </trkpt>
   <trkpt lat="56.2110670" lon="10.0206380">
    <ele>74.4</ele>
   </trkpt>
   <trkpt lat="56.2110450" lon="10.0207340">
    <ele>74.4</ele>
   </trkpt>
   <trkpt lat="56.2110130" lon="10.0208770">
    <ele>74.4</ele>
   </trkpt>
   <trkpt lat="56.2109890" lon="10.0210020">
    <ele>74.6</ele>
   </trkpt>
   <trkpt lat="56.2109680" lon="10.0210990">
    <ele>74.8</ele>
   </trkpt>
   <trkpt lat="56.2109360" lon="10.0212430">
    <ele>74.8</ele>
   </trkpt>
   <trkpt lat="56.2109100" lon="10.0213650">
    <ele>74.8</ele>
   </trkpt>
   <trkpt lat="56.2108850" lon="10.0214880">
    <ele>74.8</ele>
   </trkpt>
   <trkpt lat="56.2108570" lon="10.0216080">
    <ele>74.6</ele>
   </trkpt>
   <trkpt lat="56.2108260" lon="10.0217240">
    <ele>74.4</ele>
   </trkpt>
   <trkpt lat="56.2107910" lon="10.0218370">
    <ele>74.4</ele>
   </trkpt>
   <trkpt lat="56.2107590" lon="10.0219520">
    <ele>74.2</ele>
   </trkpt>
   <trkpt lat="56.2107310" lon="10.0220720">
    <ele>74.2</ele>
   </trkpt>
   <trkpt lat="56.2107060" lon="10.0221960">
    <ele>74.2</ele>
   </trkpt>
   <trkpt lat="56.2106800" lon="10.0223210">
    <ele>74.2</ele>
   </trkpt>
   <trkpt lat="56.2106560" lon="10.0224480">
    <ele>74.2</ele>
   </trkpt>
   <trkpt lat="56.2106390" lon="10.0225790">
    <ele>74.2</ele>
   </trkpt>
   <trkpt lat="56.2106240" lon="10.0227120">
    <ele>74.2</ele>
   </trkpt>
   <trkpt lat="56.2106050" lon="10.0228480">
    <ele>74.2</ele>
   </trkpt>
   <trkpt lat="56.2105830" lon="10.0229830">
    <ele>74.0</ele>
   </trkpt>
   <trkpt lat="56.2105580" lon="10.0231180">
    <ele>73.8</ele>
   </trkpt>
   <trkpt lat="56.2105320" lon="10.0232560">
    <ele>73.6</ele>
   </trkpt>
   <trkpt lat="56.2105070" lon="10.0233960">
    <ele>73.6</ele>
   </trkpt>
   <trkpt lat="56.2104800" lon="10.0235360">
    <ele>73.4</ele>
   </trkpt>
   <trkpt lat="56.2104540" lon="10.0236760">
    <ele>73.2</ele>
   </trkpt>
   <trkpt lat="56.2104320" lon="10.0237890">
    <ele>73.0</ele>
   </trkpt>
   <trkpt lat="56.2103990" lon="10.0239600">
    <ele>72.8</ele>
   </trkpt>
   <trkpt lat="56.2103700" lon="10.0241020">
    <ele>72.8</ele>
   </trkpt>
   <trkpt lat="56.2103430" lon="10.0242470">
    <ele>72.6</ele>
   </trkpt>
   <trkpt lat="56.2103140" lon="10.0243920">
    <ele>72.4</ele>
   </trkpt>
   <trkpt lat="56.2102840" lon="10.0245340">
    <ele>72.4</ele>
   </trkpt>
   <trkpt lat="56.2102600" lon="10.0246490">
    <ele>72.2</ele>
   </trkpt>
   <trkpt lat="56.2102240" lon="10.0248230">
    <ele>72.2</ele>
   </trkpt>
   <trkpt lat="56.2101940" lon="10.0249680">
    <ele>72.2</ele>
   </trkpt>
   <trkpt lat="56.2101630" lon="10.0251130">
    <ele>72.0</ele>
   </trkpt>
   <trkpt lat="56.2101330" lon="10.0252590">
    <ele>72.0</ele>
   </trkpt>
   <trkpt lat="56.2101040" lon="10.0254050">
    <ele>71.8</ele>
   </trkpt>
   <trkpt lat="56.2100740" lon="10.0255490">
    <ele>71.8</ele>
   </trkpt>
   <trkpt lat="56.2100440" lon="10.0256960">
    <ele>71.6</ele>
   </trkpt>
   <trkpt lat="56.2100140" lon="10.0258440">
    <ele>71.4</ele>
   </trkpt>
   <trkpt lat="56.2099830" lon="10.0259900">
    <ele>71.2</ele>
   </trkpt>
   <trkpt lat="56.2099520" lon="10.0261370">
    <ele>71.2</ele>
   </trkpt>
   <trkpt lat="56.2099210" lon="10.0262820">
    <ele>71.2</ele>
   </trkpt>
   <trkpt lat="56.2098900" lon="10.0264240">
    <ele>71.0</ele>
   </trkpt>
   <trkpt lat="56.2098590" lon="10.0265630">
    <ele>71.2</ele>
   </trkpt>
   <trkpt lat="56.2098300" lon="10.0266990">
    <ele>71.4</ele>
   </trkpt>
   <trkpt lat="56.2098030" lon="10.0268360">
    <ele>71.6</ele>
   </trkpt>
   <trkpt lat="56.2097750" lon="10.0269700">
    <ele>71.8</ele>
   </trkpt>
   <trkpt lat="56.2097480" lon="10.0271050">
    <ele>72.0</ele>
   </trkpt>
   <trkpt lat="56.2097210" lon="10.0272410">
    <ele>72.2</ele>
   </trkpt>
   <trkpt lat="56.2096940" lon="10.0273760">
    <ele>72.2</ele>
   </trkpt>
   <trkpt lat="56.2096650" lon="10.0275120">
    <ele>72.4</ele>
   </trkpt>
   <trkpt lat="56.2096380" lon="10.0276500">
    <ele>72.6</ele>
   </trkpt>
   <trkpt lat="56.2096090" lon="10.0277870">
    <ele>72.8</ele>
   </trkpt>
   <trkpt lat="56.2095800" lon="10.0279210">
    <ele>72.8</ele>
   </trkpt>
   <trkpt lat="56.2095480" lon="10.0280540">
    <ele>72.8</ele>
   </trkpt>
   <trkpt lat="56.2095200" lon="10.0281880">
    <ele>72.8</ele>
   </trkpt>
   <trkpt lat="56.2094940" lon="10.0283210">
    <ele>72.8</ele>
   </trkpt>
   <trkpt lat="56.2094660" lon="10.0284520">
    <ele>72.8</ele>
   </trkpt>
   <trkpt lat="56.2094380" lon="10.0285820">
    <ele>72.8</ele>
   </trkpt>
   <trkpt lat="56.2094080" lon="10.0287100">
    <ele>73.0</ele>
   </trkpt>
   <trkpt lat="56.2093780" lon="10.0288340">
    <ele>73.0</ele>
   </trkpt>
   <trkpt lat="56.2093460" lon="10.0289540">
    <ele>73.2</ele>
   </trkpt>
   <trkpt lat="56.2093130" lon="10.0290720">
    <ele>73.2</ele>
   </trkpt>
   <trkpt lat="56.2092830" lon="10.0291910">
    <ele>73.2</ele>
   </trkpt>
   <trkpt lat="56.2092580" lon="10.0293130">
    <ele>73.4</ele>
   </trkpt>
   <trkpt lat="56.2092350" lon="10.0294340">
    <ele>73.4</ele>
   </trkpt>
   <trkpt lat="56.2092120" lon="10.0295550">
    <ele>73.6</ele>
   </trkpt>
   <trkpt lat="56.2091940" lon="10.0296790">
    <ele>73.8</ele>
   </trkpt>
   <trkpt lat="56.2091770" lon="10.0298050">
    <ele>74.2</ele>
   </trkpt>
   <trkpt lat="56.2091560" lon="10.0299260">
    <ele>74.2</ele>
   </trkpt>
   <trkpt lat="56.2091320" lon="10.0300490">
    <ele>74.4</ele>
   </trkpt>
   <trkpt lat="56.2091060" lon="10.0301660">
    <ele>74.6</ele>
   </trkpt>
   <trkpt lat="56.2090820" lon="10.0302800">
    <ele>74.6</ele>
   </trkpt>
   <trkpt lat="56.2090600" lon="10.0303920">
    <ele>74.8</ele>
   </trkpt>
   <trkpt lat="56.2090380" lon="10.0305030">
    <ele>75.2</ele>
   </trkpt>
   <trkpt lat="56.2090140" lon="10.0306140">
    <ele>75.4</ele>
   </trkpt>
   <trkpt lat="56.2089900" lon="10.0307260">
    <ele>75.6</ele>
   </trkpt>
   <trkpt lat="56.2089640" lon="10.0308350">
    <ele>76.0</ele>
   </trkpt>
   <trkpt lat="56.2089400" lon="10.0309440">
    <ele>76.2</ele>
   </trkpt>
   <trkpt lat="56.2089170" lon="10.0310550">
    <ele>76.6</ele>
   </trkpt>
   <trkpt lat="56.2088940" lon="10.0311680">
    <ele>76.8</ele>
   </trkpt>
   <trkpt lat="56.2088690" lon="10.0312800">
    <ele>77.0</ele>
   </trkpt>
   <trkpt lat="56.2088470" lon="10.0313940">
    <ele>77.2</ele>
   </trkpt>
   <trkpt lat="56.2088250" lon="10.0315080">
    <ele>77.6</ele>
   </trkpt>
   <trkpt lat="56.2088020" lon="10.0316230">
    <ele>77.8</ele>
   </trkpt>
   <trkpt lat="56.2087780" lon="10.0317410">
    <ele>77.8</ele>
   </trkpt>
   <trkpt lat="56.2087530" lon="10.0318570">
    <ele>78.0</ele>
   </trkpt>
   <trkpt lat="56.2087290" lon="10.0319720">
    <ele>78.0</ele>
   </trkpt>
   <trkpt lat="56.2087040" lon="10.0320850">
    <ele>78.0</ele>
   </trkpt>
   <trkpt lat="56.2086770" lon="10.0322000">
    <ele>78.4</ele>
   </trkpt>
   <trkpt lat="56.2086520" lon="10.0323150">
    <ele>78.6</ele>
   </trkpt>
   <trkpt lat="56.2086280" lon="10.0324310">
    <ele>78.8</ele>
   </trkpt>
   <trkpt lat="56.2086050" lon="10.0325510">
    <ele>78.8</ele>
   </trkpt>
   <trkpt lat="56.2085800" lon="10.0326700">
    <ele>79.0</ele>
   </trkpt>
   <trkpt lat="56.2085540" lon="10.0327900">
    <ele>79.2</ele>
   </trkpt>
   <trkpt lat="56.2085310" lon="10.0329090">
    <ele>79.4</ele>
   </trkpt>
   <trkpt lat="56.2085050" lon="10.0330280">
    <ele>79.4</ele>
   </trkpt>
   <trkpt lat="56.2084810" lon="10.0331450">
    <ele>79.6</ele>
   </trkpt>
   <trkpt lat="56.2084550" lon="10.0332630">
    <ele>79.6</ele>
   </trkpt>
   <trkpt lat="56.2084300" lon="10.0333820">
    <ele>79.6</ele>
   </trkpt>
   <trkpt lat="56.2084040" lon="10.0335030">
    <ele>79.6</ele>
   </trkpt>
   <trkpt lat="56.2083780" lon="10.0336230">
    <ele>79.4</ele>
   </trkpt>
   <trkpt lat="56.2083520" lon="10.0337430">
    <ele>79.4</ele>
   </trkpt>
   <trkpt lat="56.2083270" lon="10.0338630">
    <ele>79.4</ele>
   </trkpt>
   <trkpt lat="56.2083010" lon="10.0339820">
    <ele>79.2</ele>
   </trkpt>
   <trkpt lat="56.2082760" lon="10.0341020">
    <ele>79.2</ele>
   </trkpt>
   <trkpt lat="56.2082500" lon="10.0342210">
    <ele>79.2</ele>
   </trkpt>
   <trkpt lat="56.2082240" lon="10.0343390">
    <ele>79.0</ele>
   </trkpt>
   <trkpt lat="56.2081990" lon="10.0344570">
    <ele>79.2</ele>
   </trkpt>
   <trkpt lat="56.2081740" lon="10.0345740">
    <ele>79.2</ele>
   </trkpt>
   <trkpt lat="56.2081490" lon="10.0346920">
    <ele>79.4</ele>
   </trkpt>
   <trkpt lat="56.2081230" lon="10.0348060">
    <ele>79.4</ele>
   </trkpt>
   <trkpt lat="56.2080960" lon="10.0349190">
    <ele>79.6</ele>
   </trkpt>
   <trkpt lat="56.2080670" lon="10.0350340">
    <ele>79.6</ele>
   </trkpt>
   <trkpt lat="56.2080400" lon="10.0351500">
    <ele>79.8</ele>
   </trkpt>
   <trkpt lat="56.2080130" lon="10.0352660">
    <ele>79.8</ele>
   </trkpt>
   <trkpt lat="56.2079860" lon="10.0353840">
    <ele>80.0</ele>
   </trkpt>
   <trkpt lat="56.2079560" lon="10.0355000">
    <ele>80.0</ele>
   </trkpt>
   <trkpt lat="56.2079260" lon="10.0356130">
    <ele>80.0</ele>
   </trkpt>
   <trkpt lat="56.2078970" lon="10.0357250">
    <ele>80.2</ele>
   </trkpt>
   <trkpt lat="56.2078640" lon="10.0358360">
    <ele>80.2</ele>
   </trkpt>
   <trkpt lat="56.2078300" lon="10.0359480">
    <ele>80.4</ele>
   </trkpt>
   <trkpt lat="56.2077990" lon="10.0360610">
    <ele>80.4</ele>
   </trkpt>
   <trkpt lat="56.2077670" lon="10.0361730">
    <ele>80.6</ele>
   </trkpt>
   <trkpt lat="56.2077430" lon="10.0362600">
    <ele>80.6</ele>
   </trkpt>
   <trkpt lat="56.2077070" lon="10.0363870">
    <ele>80.6</ele>
   </trkpt>
   <trkpt lat="56.2076790" lon="10.0364880">
    <ele>80.6</ele>
   </trkpt>
   <trkpt lat="56.2076540" lon="10.0365780">
    <ele>80.6</ele>
   </trkpt>
   <trkpt lat="56.2076360" lon="10.0366470">
    <ele>80.6</ele>
   </trkpt>
   <trkpt lat="56.2076270" lon="10.0366940">
    <ele>80.6</ele>
   </trkpt>
   <trkpt lat="56.2076280" lon="10.0367190">
    <ele>80.8</ele>
   </trkpt>
   <trkpt lat="56.2076310" lon="10.0367240">
    <ele>80.8</ele>
   </trkpt>
   <trkpt lat="56.2076310" lon="10.0367240">
    <ele>81.2</ele>
   </trkpt>
   <trkpt lat="56.2076540" lon="10.0367670">
    <ele>81.2</ele>
   </trkpt>
   <trkpt lat="56.2076730" lon="10.0367770">
    <ele>81.0</ele>
   </trkpt>
   <trkpt lat="56.2076920" lon="10.0367910">
    <ele>81.0</ele>
   </trkpt>
   <trkpt lat="56.2077080" lon="10.0368230">
    <ele>80.8</ele>
   </trkpt>
   <trkpt lat="56.2077160" lon="10.0368700">
    <ele>80.8</ele>
   </trkpt>
   <trkpt lat="56.2077170" lon="10.0369250">
    <ele>80.8</ele>
   </trkpt>
   <trkpt lat="56.2077110" lon="10.0369830">
    <ele>80.8</ele>
   </trkpt>
   <trkpt lat="56.2076990" lon="10.0370480">
    <ele>80.8</ele>
   </trkpt>
   <trkpt lat="56.2076820" lon="10.0371160">
    <ele>80.6</ele>
   </trkpt>
   <trkpt lat="56.2076600" lon="10.0371830">
    <ele>80.6</ele>
   </trkpt>
   <trkpt lat="56.2076380" lon="10.0372520">
    <ele>80.6</ele>
   </trkpt>
   <trkpt lat="56.2076190" lon="10.0373230">
    <ele>80.6</ele>
   </trkpt>
   <trkpt lat="56.2075990" lon="10.0373920">
    <ele>80.4</ele>
   </trkpt>
   <trkpt lat="56.2075780" lon="10.0374590">
    <ele>80.4</ele>
   </trkpt>
   <trkpt lat="56.2075560" lon="10.0375250">
    <ele>80.4</ele>
   </trkpt>
   <trkpt lat="56.2075340" lon="10.0375930">
    <ele>80.4</ele>
   </trkpt>
   <trkpt lat="56.2075120" lon="10.0376680">
    <ele>80.4</ele>
   </trkpt>
   <trkpt lat="56.2074860" lon="10.0377490">
    <ele>80.4</ele>
   </trkpt>
   <trkpt lat="56.2074590" lon="10.0378320">
    <ele>80.4</ele>
   </trkpt>
   <trkpt lat="56.2074320" lon="10.0379210">
    <ele>80.2</ele>
   </trkpt>
   <trkpt lat="56.2074040" lon="10.0380120">
    <ele>80.2</ele>
   </trkpt>
   <trkpt lat="56.2073740" lon="10.0381070">
    <ele>80.2</ele>
   </trkpt>
   <trkpt lat="56.2073490" lon="10.0381870">
    <ele>80.0</ele>
   </trkpt>
   <trkpt lat="56.2073170" lon="10.0382880">
    <ele>80.0</ele>
   </trkpt>
   <trkpt lat="56.2072760" lon="10.0384080">
    <ele>79.8</ele>
   </trkpt>
   <trkpt lat="56.2072410" lon="10.0385120">
    <ele>79.8</ele>
   </trkpt>
   <trkpt lat="56.2072070" lon="10.0386170">
    <ele>79.6</ele>
   </trkpt>
   <trkpt lat="56.2071720" lon="10.0387210">
    <ele>79.4</ele>
   </trkpt>
   <trkpt lat="56.2071380" lon="10.0388300">
    <ele>79.4</ele>
   </trkpt>
   <trkpt lat="56.2071070" lon="10.0389370">
    <ele>79.4</ele>
   </trkpt>
   <trkpt lat="56.2070740" lon="10.0390450">
    <ele>79.6</ele>
   </trkpt>
   <trkpt lat="56.2070400" lon="10.0391550">
    <ele>79.6</ele>
   </trkpt>
   <trkpt lat="56.2070060" lon="10.0392670">
    <ele>79.8</ele>
   </trkpt>
   <trkpt lat="56.2069710" lon="10.0393810">
    <ele>80.0</ele>
   </trkpt>
   <trkpt lat="56.2069360" lon="10.0394950">
    <ele>80.0</ele>
   </trkpt>
   <trkpt lat="56.2069020" lon="10.0396080">
    <ele>80.2</ele>
   </trkpt>
   <trkpt lat="56.2068710" lon="10.0397200">
    <ele>80.2</ele>
   </trkpt>
   <trkpt lat="56.2068370" lon="10.0398340">
    <ele>80.0</ele>
   </trkpt>
   <trkpt lat="56.2068010" lon="10.0399470">
    <ele>80.2</ele>
   </trkpt>
   <trkpt lat="56.2067660" lon="10.0400630">
    <ele>80.2</ele>
   </trkpt>
   <trkpt lat="56.2067330" lon="10.0401780">
    <ele>80.2</ele>
   </trkpt>
   <trkpt lat="56.2066990" lon="10.0402930">
    <ele>80.4</ele>
   </trkpt>
   <trkpt lat="56.2066650" lon="10.0404080">
    <ele>80.4</ele>
   </trkpt>
   <trkpt lat="56.2066300" lon="10.0405230">
    <ele>80.4</ele>
   </trkpt>
   <trkpt lat="56.2065960" lon="10.0406410">
    <ele>80.4</ele>
   </trkpt>
   <trkpt lat="56.2065640" lon="10.0407590">
    <ele>80.4</ele>
   </trkpt>
   <trkpt lat="56.2065300" lon="10.0408770">
    <ele>80.4</ele>
   </trkpt>
   <trkpt lat="56.2064950" lon="10.0409950">
    <ele>80.4</ele>
   </trkpt>
   <trkpt lat="56.2064580" lon="10.0411100">
    <ele>80.4</ele>
   </trkpt>
   <trkpt lat="56.2064210" lon="10.0412230">
    <ele>80.6</ele>
   </trkpt>
   <trkpt lat="56.2063850" lon="10.0413390">
    <ele>80.6</ele>
   </trkpt>
   <trkpt lat="56.2063500" lon="10.0414590">
    <ele>80.6</ele>
   </trkpt>
   <trkpt lat="56.2063180" lon="10.0415780">
    <ele>80.6</ele>
   </trkpt>
   <trkpt lat="56.2062860" lon="10.0416940">
    <ele>80.6</ele>
   </trkpt>
   <trkpt lat="56.2062510" lon="10.0418110">
    <ele>80.6</ele>
   </trkpt>
   <trkpt lat="56.2062150" lon="10.0419270">
    <ele>80.4</ele>
   </trkpt>
   <trkpt lat="56.2061810" lon="10.0420460">
    <ele>80.4</ele>
   </trkpt>
   <trkpt lat="56.2061470" lon="10.0421670">
    <ele>80.4</ele>
   </trkpt>
   <trkpt lat="56.2061120" lon="10.0422890">
    <ele>80.4</ele>
   </trkpt>
   <trkpt lat="56.2060790" lon="10.0424150">
    <ele>80.2</ele>
   </trkpt>
   <trkpt lat="56.2060460" lon="10.0425440">
    <ele>80.2</ele>
   </trkpt>
   <trkpt lat="56.2060160" lon="10.0426760">
    <ele>79.8</ele>
   </trkpt>
   <trkpt lat="56.2059870" lon="10.0428100">
    <ele>79.6</ele>
   </trkpt>
   <trkpt lat="56.2059530" lon="10.0429400">
    <ele>79.4</ele>
   </trkpt>
   <trkpt lat="56.2059160" lon="10.0430670">
    <ele>79.2</ele>
   </trkpt>
   <trkpt lat="56.2058870" lon="10.0431700">
    <ele>79.0</ele>
   </trkpt>
   <trkpt lat="56.2058450" lon="10.0433240">
    <ele>79.0</ele>
   </trkpt>
   <trkpt lat="56.2058080" lon="10.0434520">
    <ele>78.8</ele>
   </trkpt>
   <trkpt lat="56.2057690" lon="10.0435810">
    <ele>78.6</ele>
   </trkpt>
   <trkpt lat="56.2057300" lon="10.0437090">
    <ele>78.4</ele>
   </trkpt>
   <trkpt lat="56.2056870" lon="10.0438370">
    <ele>78.2</ele>
   </trkpt>
   <trkpt lat="56.2056420" lon="10.0439640">
    <ele>78.2</ele>
   </trkpt>
   <trkpt lat="56.2055960" lon="10.0440950">
    <ele>77.8</ele>
   </trkpt>
   <trkpt lat="56.2055510" lon="10.0442320">
    <ele>77.6</ele>
   </trkpt>
   <trkpt lat="56.2055070" lon="10.0443720">
    <ele>77.4</ele>
   </trkpt>
   <trkpt lat="56.2054720" lon="10.0444890">
    <ele>77.2</ele>
   </trkpt>
   <trkpt lat="56.2054220" lon="10.0446660">
    <ele>77.0</ele>
   </trkpt>
   <trkpt lat="56.2053790" lon="10.0448190">
    <ele>76.8</ele>
   </trkpt>
   <trkpt lat="56.2053350" lon="10.0449730">
    <ele>76.6</ele>
   </trkpt>
   <trkpt lat="56.2052900" lon="10.0451260">
    <ele>76.2</ele>
   </trkpt>
   <trkpt lat="56.2052520" lon="10.0452490">
    <ele>75.8</ele>
   </trkpt>
   <trkpt lat="56.2052050" lon="10.0454050">
    <ele>75.2</ele>
   </trkpt>
   <trkpt lat="56.2051580" lon="10.0455630">
    <ele>74.8</ele>
   </trkpt>
   <trkpt lat="56.2051120" lon="10.0457270">
    <ele>74.4</ele>
   </trkpt>
   <trkpt lat="56.2050650" lon="10.0458930">
    <ele>73.8</ele>
   </trkpt>
   <trkpt lat="56.2050180" lon="10.0460620">
    <ele>73.2</ele>
   </trkpt>
   <trkpt lat="56.2049700" lon="10.0462320">
    <ele>73.0</ele>
   </trkpt>
   <trkpt lat="56.2049120" lon="10.0464370">
    <ele>72.4</ele>
   </trkpt>
   <trkpt lat="56.2048620" lon="10.0466110">
    <ele>72.2</ele>
   </trkpt>
   <trkpt lat="56.2048210" lon="10.0467520">
    <ele>71.6</ele>
   </trkpt>
   <trkpt lat="56.2047710" lon="10.0469280">
    <ele>71.2</ele>
   </trkpt>
   <trkpt lat="56.2047120" lon="10.0471390">
    <ele>70.6</ele>
   </trkpt>
   <trkpt lat="56.2046600" lon="10.0473160">
    <ele>70.2</ele>
   </trkpt>
   <trkpt lat="56.2046090" lon="10.0474930">
    <ele>69.6</ele>
   </trkpt>
   <trkpt lat="56.2045590" lon="10.0476680">
    <ele>69.2</ele>
   </trkpt>
   <trkpt lat="56.2045080" lon="10.0478450">
    <ele>68.8</ele>
   </trkpt>
   <trkpt lat="56.2044670" lon="10.0479870">
    <ele>68.2</ele>
   </trkpt>
   <trkpt lat="56.2044070" lon="10.0482000">
    <ele>67.8</ele>
   </trkpt>
   <trkpt lat="56.2043560" lon="10.0483770">
    <ele>67.4</ele>
   </trkpt>
   <trkpt lat="56.2043050" lon="10.0485560">
    <ele>67.2</ele>
   </trkpt>
   <trkpt lat="56.2042540" lon="10.0487350">
    <ele>66.8</ele>
   </trkpt>
   <trkpt lat="56.2042040" lon="10.0489130">
    <ele>66.6</ele>
   </trkpt>
   <trkpt lat="56.2041630" lon="10.0490540">
    <ele>66.2</ele>
   </trkpt>
   <trkpt lat="56.2041020" lon="10.0492640">
    <ele>66.0</ele>
   </trkpt>
   <trkpt lat="56.2040500" lon="10.0494400">
    <ele>65.8</ele>
   </trkpt>
   <trkpt lat="56.2040000" lon="10.0496150">
    <ele>65.6</ele>
   </trkpt>
   <trkpt lat="56.2039610" lon="10.0497520">
    <ele>65.4</ele>
   </trkpt>
   <trkpt lat="56.2039120" lon="10.0499230">
    <ele>65.0</ele>
   </trkpt>
   <trkpt lat="56.2038630" lon="10.0500910">
    <ele>64.8</ele>
   </trkpt>
   <trkpt lat="56.2038070" lon="10.0502890">
    <ele>64.6</ele>
   </trkpt>
   <trkpt lat="56.2037630" lon="10.0504480">
    <ele>64.4</ele>
   </trkpt>
   <trkpt lat="56.2037150" lon="10.0505970">
    <ele>64.2</ele>
   </trkpt>
   <trkpt lat="56.2036720" lon="10.0507050">
    <ele>64.2</ele>
   </trkpt>
   <trkpt lat="56.2036140" lon="10.0508330">
    <ele>64.2</ele>
   </trkpt>
   <trkpt lat="56.2035510" lon="10.0509500">
    <ele>64.2</ele>
   </trkpt>
   <trkpt lat="56.2034780" lon="10.0510870">
    <ele>64.2</ele>
   </trkpt>
   <trkpt lat="56.2034280" lon="10.0512180">
    <ele>64.0</ele>
   </trkpt>
   <trkpt lat="56.2033850" lon="10.0513530">
    <ele>64.0</ele>
   </trkpt>
   <trkpt lat="56.2033450" lon="10.0514870">
    <ele>63.8</ele>
   </trkpt>
   <trkpt lat="56.2033040" lon="10.0516190">
    <ele>63.8</ele>
   </trkpt>
   <trkpt lat="56.2032620" lon="10.0517500">
    <ele>63.8</ele>
   </trkpt>
   <trkpt lat="56.2032210" lon="10.0518810">
    <ele>63.8</ele>
   </trkpt>
   <trkpt lat="56.2031800" lon="10.0520110">
    <ele>63.8</ele>
   </trkpt>
   <trkpt lat="56.2031380" lon="10.0521420">
    <ele>63.8</ele>
   </trkpt>
   <trkpt lat="56.2030970" lon="10.0522720">
    <ele>63.8</ele>
   </trkpt>
   <trkpt lat="56.2030640" lon="10.0523770">
    <ele>63.8</ele>
   </trkpt>
   <trkpt lat="56.2030140" lon="10.0525320">
    <ele>63.8</ele>
   </trkpt>
   <trkpt lat="56.2029790" lon="10.0526340">
    <ele>63.8</ele>
   </trkpt>
   <trkpt lat="56.2029370" lon="10.0527600">
    <ele>63.8</ele>
   </trkpt>
   <trkpt lat="56.2028870" lon="10.0529110">
    <ele>63.6</ele>
   </trkpt>
   <trkpt lat="56.2028450" lon="10.0530350">
    <ele>63.6</ele>
   </trkpt>
   <trkpt lat="56.2028030" lon="10.0531610">
    <ele>63.6</ele>
   </trkpt>
   <trkpt lat="56.2027620" lon="10.0532860">
    <ele>63.6</ele>
   </trkpt>
   <trkpt lat="56.2027220" lon="10.0534090">
    <ele>63.6</ele>
   </trkpt>
   <trkpt lat="56.2026790" lon="10.0535300">
    <ele>63.6</ele>
   </trkpt>
   <trkpt lat="56.2026450" lon="10.0536260">
    <ele>63.8</ele>
   </trkpt>
   <trkpt lat="56.2025920" lon="10.0537710">
    <ele>63.8</ele>
   </trkpt>
   <trkpt lat="56.2025490" lon="10.0538900">
    <ele>64.0</ele>
   </trkpt>
   <trkpt lat="56.2025050" lon="10.0540110">
    <ele>64.0</ele>
   </trkpt>
   <trkpt lat="56.2024590" lon="10.0541300">
    <ele>64.0</ele>
   </trkpt>
   <trkpt lat="56.2024140" lon="10.0542500">
    <ele>64.0</ele>
   </trkpt>
   <trkpt lat="56.2023790" lon="10.0543440">
    <ele>64.0</ele>
   </trkpt>
   <trkpt lat="56.2023350" lon="10.0544620">
    <ele>64.2</ele>
   </trkpt>
   <trkpt lat="56.2022810" lon="10.0546030">
    <ele>64.2</ele>
   </trkpt>
   <trkpt lat="56.2022450" lon="10.0547000">
    <ele>64.4</ele>
   </trkpt>
   <trkpt lat="56.2021870" lon="10.0548440">
    <ele>64.2</ele>
   </trkpt>
   <trkpt lat="56.2021390" lon="10.0549610">
    <ele>64.2</ele>
   </trkpt>
   <trkpt lat="56.2020910" lon="10.0550800">
    <ele>64.2</ele>
   </trkpt>
   <trkpt lat="56.2020420" lon="10.0551980">
    <ele>64.2</ele>
   </trkpt>
   <trkpt lat="56.2019930" lon="10.0553140">
    <ele>64.0</ele>
   </trkpt>
   <trkpt lat="56.2019460" lon="10.0554280">
    <ele>64.2</ele>
   </trkpt>
   <trkpt lat="56.2019020" lon="10.0555430">
    <ele>64.2</ele>
   </trkpt>
   <trkpt lat="56.2018530" lon="10.0556610">
    <ele>64.4</ele>
   </trkpt>
   <trkpt lat="56.2018030" lon="10.0557780">
    <ele>64.4</ele>
   </trkpt>
   <trkpt lat="56.2017540" lon="10.0558970">
    <ele>64.4</ele>
   </trkpt>
   <trkpt lat="56.2017150" lon="10.0559940">
    <ele>64.4</ele>
   </trkpt>
   <trkpt lat="56.2016590" lon="10.0561410">
    <ele>64.4</ele>
   </trkpt>
   <trkpt lat="56.2016100" lon="10.0562620">
    <ele>64.2</ele>
   </trkpt>
   <trkpt lat="56.2015530" lon="10.0563740">
    <ele>64.2</ele>
   </trkpt>
   <trkpt lat="56.2014970" lon="10.0564820">
    <ele>64.2</ele>
   </trkpt>
   <trkpt lat="56.2014450" lon="10.0565990">
    <ele>64.2</ele>
   </trkpt>
   <trkpt lat="56.2014080" lon="10.0566990">
    <ele>64.2</ele>
   </trkpt>
   <trkpt lat="56.2013570" lon="10.0568510">
    <ele>64.2</ele>
   </trkpt>
   <trkpt lat="56.2013120" lon="10.0569750">
    <ele>64.2</ele>
   </trkpt>
   <trkpt lat="56.2012640" lon="10.0570950">
    <ele>64.2</ele>
   </trkpt>
   <trkpt lat="56.2012150" lon="10.0572150">
    <ele>64.0</ele>
   </trkpt>
   <trkpt lat="56.2011650" lon="10.0573350">
    <ele>64.0</ele>
   </trkpt>
   <trkpt lat="56.2011160" lon="10.0574540">
    <ele>64.0</ele>
   </trkpt>
   <trkpt lat="56.2010670" lon="10.0575740">
    <ele>64.0</ele>
   </trkpt>
   <trkpt lat="56.2010190" lon="10.0576940">
    <ele>64.0</ele>
   </trkpt>
   <trkpt lat="56.2009700" lon="10.0578120">
    <ele>63.8</ele>
   </trkpt>
   <trkpt lat="56.2009320" lon="10.0579050">
    <ele>63.8</ele>
   </trkpt>
   <trkpt lat="56.2008760" lon="10.0580460">
    <ele>63.8</ele>
   </trkpt>
   <trkpt lat="56.2008280" lon="10.0581650">
    <ele>63.8</ele>
   </trkpt>
   <trkpt lat="56.2007780" lon="10.0582850">
    <ele>63.8</ele>
   </trkpt>
   <trkpt lat="56.2007270" lon="10.0584060">
    <ele>63.8</ele>
   </trkpt>
   <trkpt lat="56.2006770" lon="10.0585270">
    <ele>63.6</ele>
   </trkpt>
   <trkpt lat="56.2006250" lon="10.0586480">
    <ele>63.6</ele>
   </trkpt>
   <trkpt lat="56.2005740" lon="10.0587700">
    <ele>63.6</ele>
   </trkpt>
   <trkpt lat="56.2005230" lon="10.0588920">
    <ele>63.6</ele>
   </trkpt>
   <trkpt lat="56.2004730" lon="10.0590110">
    <ele>63.4</ele>
   </trkpt>
   <trkpt lat="56.2004250" lon="10.0591310">
    <ele>63.4</ele>
   </trkpt>
   <trkpt lat="56.2003750" lon="10.0592520">
    <ele>63.4</ele>
   </trkpt>
   <trkpt lat="56.2003250" lon="10.0593710">
    <ele>63.4</ele>
   </trkpt>
   <trkpt lat="56.2002750" lon="10.0594880">
    <ele>63.4</ele>
   </trkpt>
   <trkpt lat="56.2002260" lon="10.0596020">
    <ele>63.4</ele>
   </trkpt>
   <trkpt lat="56.2001770" lon="10.0597160">
    <ele>63.4</ele>
   </trkpt>
   <trkpt lat="56.2001290" lon="10.0598340">
    <ele>63.6</ele>
   </trkpt>
   <trkpt lat="56.2000800" lon="10.0599520">
    <ele>63.6</ele>
   </trkpt>
   <trkpt lat="56.2000330" lon="10.0600710">
    <ele>63.6</ele>
   </trkpt>
   <trkpt lat="56.1999960" lon="10.0601650">
    <ele>63.8</ele>
   </trkpt>
   <trkpt lat="56.1999400" lon="10.0603020">
    <ele>63.8</ele>
   </trkpt>
   <trkpt lat="56.1998930" lon="10.0604170">
    <ele>64.0</ele>
   </trkpt>
   <trkpt lat="56.1998430" lon="10.0605350">
    <ele>64.0</ele>
   </trkpt>
   <trkpt lat="56.1997910" lon="10.0606480">
    <ele>64.0</ele>
   </trkpt>
   <trkpt lat="56.1997360" lon="10.0607550">
    <ele>64.0</ele>
   </trkpt>
   <trkpt lat="56.1996840" lon="10.0608650">
    <ele>64.0</ele>
   </trkpt>
   <trkpt lat="56.1996350" lon="10.0609890">
    <ele>63.8</ele>
   </trkpt>
   <trkpt lat="56.1995900" lon="10.0611200">
    <ele>63.8</ele>
   </trkpt>
   <trkpt lat="56.1995460" lon="10.0612530">
    <ele>63.8</ele>
   </trkpt>
   <trkpt lat="56.1994970" lon="10.0613800">
    <ele>64.0</ele>
   </trkpt>
   <trkpt lat="56.1994470" lon="10.0615020">
    <ele>64.0</ele>
   </trkpt>
   <trkpt lat="56.1993980" lon="10.0616220">
    <ele>64.0</ele>
   </trkpt>
   <trkpt lat="56.1993500" lon="10.0617420">
    <ele>64.0</ele>
   </trkpt>
   <trkpt lat="56.1993010" lon="10.0618620">
    <ele>64.0</ele>
   </trkpt>
   <trkpt lat="56.1992520" lon="10.0619790">
    <ele>64.0</ele>
   </trkpt>
   <trkpt lat="56.1992010" lon="10.0620960">
    <ele>64.2</ele>
   </trkpt>
   <trkpt lat="56.1991470" lon="10.0622090">
    <ele>64.2</ele>
   </trkpt>
   <trkpt lat="56.1990930" lon="10.0623230">
    <ele>64.2</ele>
   </trkpt>
   <trkpt lat="56.1990450" lon="10.0624450">
    <ele>64.2</ele>
   </trkpt>
   <trkpt lat="56.1990000" lon="10.0625710">
    <ele>64.2</ele>
   </trkpt>
   <trkpt lat="56.1989620" lon="10.0626680">
    <ele>64.2</ele>
   </trkpt>
   <trkpt lat="56.1989070" lon="10.0628080">
    <ele>64.2</ele>
   </trkpt>
   <trkpt lat="56.1988590" lon="10.0629230">
    <ele>64.4</ele>
   </trkpt>
   <trkpt lat="56.1988110" lon="10.0630360">
    <ele>64.6</ele>
   </trkpt>
   <trkpt lat="56.1987620" lon="10.0631510">
    <ele>64.6</ele>
   </trkpt>
   <trkpt lat="56.1987150" lon="10.0632670">
    <ele>64.8</ele>
   </trkpt>
   <trkpt lat="56.1986680" lon="10.0633800">
    <ele>64.8</ele>
   </trkpt>
   <trkpt lat="56.1986200" lon="10.0634930">
    <ele>65.0</ele>
   </trkpt>
   <trkpt lat="56.1985730" lon="10.0636070">
    <ele>65.0</ele>
   </trkpt>
   <trkpt lat="56.1985260" lon="10.0637220">
    <ele>65.0</ele>
   </trkpt>
   <trkpt lat="56.1984760" lon="10.0638390">
    <ele>64.8</ele>
   </trkpt>
   <trkpt lat="56.1984260" lon="10.0639550">
    <ele>64.8</ele>
   </trkpt>
   <trkpt lat="56.1983780" lon="10.0640740">
    <ele>64.8</ele>
   </trkpt>
   <trkpt lat="56.1983300" lon="10.0641920">
    <ele>64.8</ele>
   </trkpt>
   <trkpt lat="56.1982810" lon="10.0643100">
    <ele>64.8</ele>
   </trkpt>
   <trkpt lat="56.1982330" lon="10.0644300">
    <ele>64.8</ele>
   </trkpt>
   <trkpt lat="56.1981860" lon="10.0645490">
    <ele>64.8</ele>
   </trkpt>
   <trkpt lat="56.1981370" lon="10.0646660">
    <ele>64.8</ele>
   </trkpt>
   <trkpt lat="56.1980870" lon="10.0647860">
    <ele>64.6</ele>
   </trkpt>
   <trkpt lat="56.1980370" lon="10.0649070">
    <ele>64.6</ele>
   </trkpt>
   <trkpt lat="56.1979890" lon="10.0650290">
    <ele>64.4</ele>
   </trkpt>
   <trkpt lat="56.1979400" lon="10.0651500">
    <ele>64.2</ele>
   </trkpt>
   <trkpt lat="56.1978930" lon="10.0652700">
    <ele>64.0</ele>
   </trkpt>
   <trkpt lat="56.1978440" lon="10.0653930">
    <ele>63.8</ele>
   </trkpt>
   <trkpt lat="56.1977920" lon="10.0655160">
    <ele>63.8</ele>
   </trkpt>
   <trkpt lat="56.1977430" lon="10.0656410">
    <ele>63.6</ele>
   </trkpt>
   <trkpt lat="56.1976910" lon="10.0657640">
    <ele>63.6</ele>
   </trkpt>
   <trkpt lat="56.1976380" lon="10.0658870">
    <ele>63.6</ele>
   </trkpt>
   <trkpt lat="56.1975880" lon="10.0660070">
    <ele>63.4</ele>
   </trkpt>
   <trkpt lat="56.1975350" lon="10.0661280">
    <ele>63.4</ele>
   </trkpt>
   <trkpt lat="56.1974830" lon="10.0662480">
    <ele>63.4</ele>
   </trkpt>
   <trkpt lat="56.1974320" lon="10.0663680">
    <ele>63.2</ele>
   </trkpt>
   <trkpt lat="56.1973810" lon="10.0664910">
    <ele>63.0</ele>
   </trkpt>
   <trkpt lat="56.1973300" lon="10.0666170">
    <ele>62.8</ele>
   </trkpt>
   <trkpt lat="56.1972790" lon="10.0667390">
    <ele>62.6</ele>
   </trkpt>
   <trkpt lat="56.1972380" lon="10.0668370">
    <ele>62.4</ele>
   </trkpt>
   <trkpt lat="56.1971760" lon="10.0669830">
    <ele>62.2</ele>
   </trkpt>
   <trkpt lat="56.1971240" lon="10.0671070">
    <ele>62.0</ele>
   </trkpt>
   <trkpt lat="56.1970680" lon="10.0672270">
    <ele>61.8</ele>
   </trkpt>
   <trkpt lat="56.1970100" lon="10.0673430">
    <ele>61.6</ele>
   </trkpt>
   <trkpt lat="56.1969530" lon="10.0674680">
    <ele>61.6</ele>
   </trkpt>
   <trkpt lat="56.1969020" lon="10.0676010">
    <ele>61.4</ele>
   </trkpt>
   <trkpt lat="56.1968570" lon="10.0677390">
    <ele>61.2</ele>
   </trkpt>
   <trkpt lat="56.1968080" lon="10.0678750">
    <ele>61.2</ele>
   </trkpt>
   <trkpt lat="56.1967550" lon="10.0680080">
    <ele>61.0</ele>
   </trkpt>
   <trkpt lat="56.1967000" lon="10.0681410">
    <ele>60.8</ele>
   </trkpt>
   <trkpt lat="56.1966470" lon="10.0682760">
    <ele>60.6</ele>
   </trkpt>
   <trkpt lat="56.1965970" lon="10.0684080">
    <ele>60.4</ele>
   </trkpt>
   <trkpt lat="56.1965430" lon="10.0685390">
    <ele>60.0</ele>
   </trkpt>
   <trkpt lat="56.1964860" lon="10.0686710">
    <ele>59.8</ele>
   </trkpt>
   <trkpt lat="56.1964310" lon="10.0688030">
    <ele>59.6</ele>
   </trkpt>
   <trkpt lat="56.1963760" lon="10.0689370">
    <ele>59.4</ele>
   </trkpt>
   <trkpt lat="56.1963230" lon="10.0690730">
    <ele>59.2</ele>
   </trkpt>
   <trkpt lat="56.1962700" lon="10.0692060">
    <ele>59.0</ele>
   </trkpt>
   <trkpt lat="56.1962170" lon="10.0693370">
    <ele>58.6</ele>
   </trkpt>
   <trkpt lat="56.1961620" lon="10.0694650">
    <ele>58.4</ele>
   </trkpt>
   <trkpt lat="56.1961080" lon="10.0695960">
    <ele>58.4</ele>
   </trkpt>
   <trkpt lat="56.1960530" lon="10.0697220">
    <ele>58.2</ele>
   </trkpt>
   <trkpt lat="56.1959950" lon="10.0698460">
    <ele>58.0</ele>
   </trkpt>
   <trkpt lat="56.1959410" lon="10.0699740">
    <ele>58.0</ele>
   </trkpt>
   <trkpt lat="56.1958860" lon="10.0701030">
    <ele>57.8</ele>
   </trkpt>
   <trkpt lat="56.1958330" lon="10.0702320">
    <ele>57.6</ele>
   </trkpt>
   <trkpt lat="56.1957790" lon="10.0703590">
    <ele>57.4</ele>
   </trkpt>
   <trkpt lat="56.1957260" lon="10.0704850">
    <ele>57.2</ele>
   </trkpt>
   <trkpt lat="56.1956740" lon="10.0706120">
    <ele>57.0</ele>
   </trkpt>
   <trkpt lat="56.1956230" lon="10.0707400">
    <ele>57.0</ele>
   </trkpt>
   <trkpt lat="56.1955710" lon="10.0708680">
    <ele>57.0</ele>
   </trkpt>
   <trkpt lat="56.1955170" lon="10.0709970">
    <ele>57.0</ele>
   </trkpt>
   <trkpt lat="56.1954650" lon="10.0711240">
    <ele>57.0</ele>
   </trkpt>
   <trkpt lat="56.1954120" lon="10.0712520">
    <ele>57.2</ele>
   </trkpt>
   <trkpt lat="56.1953600" lon="10.0713780">
    <ele>57.0</ele>
   </trkpt>
   <trkpt lat="56.1953090" lon="10.0715050">
    <ele>57.0</ele>
   </trkpt>
   <trkpt lat="56.1952610" lon="10.0716340">
    <ele>57.0</ele>
   </trkpt>
   <trkpt lat="56.1952150" lon="10.0717640">
    <ele>56.8</ele>
   </trkpt>
   <trkpt lat="56.1951690" lon="10.0718940">
    <ele>56.8</ele>
   </trkpt>
   <trkpt lat="56.1951240" lon="10.0720200">
    <ele>56.6</ele>
   </trkpt>
   <trkpt lat="56.1950780" lon="10.0721420">
    <ele>56.6</ele>
   </trkpt>
   <trkpt lat="56.1950320" lon="10.0722600">
    <ele>56.6</ele>
   </trkpt>
   <trkpt lat="56.1949830" lon="10.0723810">
    <ele>56.6</ele>
   </trkpt>
   <trkpt lat="56.1949330" lon="10.0725030">
    <ele>56.4</ele>
   </trkpt>
   <trkpt lat="56.1948820" lon="10.0726240">
    <ele>56.4</ele>
   </trkpt>
   <trkpt lat="56.1948310" lon="10.0727480">
    <ele>56.4</ele>
   </trkpt>
   <trkpt lat="56.1947810" lon="10.0728760">
    <ele>56.2</ele>
   </trkpt>
   <trkpt lat="56.1947330" lon="10.0730070">
    <ele>56.2</ele>
   </trkpt>
   <trkpt lat="56.1946830" lon="10.0731380">
    <ele>56.2</ele>
   </trkpt>
   <trkpt lat="56.1946300" lon="10.0732650">
    <ele>56.2</ele>
   </trkpt>
   <trkpt lat="56.1945760" lon="10.0733930">
    <ele>56.2</ele>
   </trkpt>
   <trkpt lat="56.1945220" lon="10.0735170">
    <ele>56.4</ele>
   </trkpt>
   <trkpt lat="56.1944650" lon="10.0736400">
    <ele>56.4</ele>
   </trkpt>
   <trkpt lat="56.1944100" lon="10.0737650">
    <ele>56.4</ele>
   </trkpt>
   <trkpt lat="56.1943570" lon="10.0738880">
    <ele>56.6</ele>
   </trkpt>
   <trkpt lat="56.1943040" lon="10.0740080">
    <ele>56.6</ele>
   </trkpt>
   <trkpt lat="56.1942530" lon="10.0741240">
    <ele>56.8</ele>
   </trkpt>
   <trkpt lat="56.1942030" lon="10.0742430">
    <ele>57.0</ele>
   </trkpt>
   <trkpt lat="56.1941530" lon="10.0743610">
    <ele>57.2</ele>
   </trkpt>
   <trkpt lat="56.1941020" lon="10.0744760">
    <ele>57.4</ele>
   </trkpt>
   <trkpt lat="56.1940530" lon="10.0745870">
    <ele>57.8</ele>
   </trkpt>
   <trkpt lat="56.1940020" lon="10.0746980">
    <ele>58.2</ele>
   </trkpt>
   <trkpt lat="56.1939500" lon="10.0748130">
    <ele>58.4</ele>
   </trkpt>
   <trkpt lat="56.1939000" lon="10.0749260">
    <ele>58.6</ele>
   </trkpt>
   <trkpt lat="56.1938490" lon="10.0750380">
    <ele>58.8</ele>
   </trkpt>
   <trkpt lat="56.1938010" lon="10.0751500">
    <ele>59.0</ele>
   </trkpt>
   <trkpt lat="56.1937520" lon="10.0752620">
    <ele>59.2</ele>
   </trkpt>
   <trkpt lat="56.1937050" lon="10.0753760">
    <ele>59.6</ele>
   </trkpt>
   <trkpt lat="56.1936580" lon="10.0754910">
    <ele>60.0</ele>
   </trkpt>
   <trkpt lat="56.1936130" lon="10.0756050">
    <ele>60.2</ele>
   </trkpt>
   <trkpt lat="56.1935670" lon="10.0757210">
    <ele>60.6</ele>
   </trkpt>
   <trkpt lat="56.1935230" lon="10.0758360">
    <ele>60.8</ele>
   </trkpt>
   <trkpt lat="56.1934790" lon="10.0759510">
    <ele>61.0</ele>
   </trkpt>
   <trkpt lat="56.1934330" lon="10.0760650">
    <ele>61.2</ele>
   </trkpt>
   <trkpt lat="56.1933870" lon="10.0761820">
    <ele>61.4</ele>
   </trkpt>
   <trkpt lat="56.1933420" lon="10.0762960">
    <ele>61.4</ele>
   </trkpt>
   <trkpt lat="56.1932970" lon="10.0764110">
    <ele>61.6</ele>
   </trkpt>
   <trkpt lat="56.1932510" lon="10.0765250">
    <ele>61.8</ele>
   </trkpt>
   <trkpt lat="56.1932070" lon="10.0766380">
    <ele>61.8</ele>
   </trkpt>
   <trkpt lat="56.1931610" lon="10.0767500">
    <ele>62.0</ele>
   </trkpt>
   <trkpt lat="56.1931160" lon="10.0768630">
    <ele>62.0</ele>
   </trkpt>
   <trkpt lat="56.1930710" lon="10.0769750">
    <ele>62.0</ele>
   </trkpt>
   <trkpt lat="56.1930250" lon="10.0770860">
    <ele>62.0</ele>
   </trkpt>
   <trkpt lat="56.1929800" lon="10.0771970">
    <ele>62.0</ele>
   </trkpt>
   <trkpt lat="56.1929350" lon="10.0773090">
    <ele>62.0</ele>
   </trkpt>
   <trkpt lat="56.1928890" lon="10.0774190">
    <ele>62.0</ele>
   </trkpt>
   <trkpt lat="56.1928380" lon="10.0775180">
    <ele>61.8</ele>
   </trkpt>
   <trkpt lat="56.1927850" lon="10.0776130">
    <ele>61.8</ele>
   </trkpt>
   <trkpt lat="56.1927360" lon="10.0777170">
    <ele>61.6</ele>
   </trkpt>
   <trkpt lat="56.1926880" lon="10.0778270">
    <ele>61.4</ele>
   </trkpt>
   <trkpt lat="56.1926430" lon="10.0779380">
    <ele>61.4</ele>
   </trkpt>
   <trkpt lat="56.1925970" lon="10.0780530">
    <ele>61.2</ele>
   </trkpt>
   <trkpt lat="56.1925490" lon="10.0781670">
    <ele>61.0</ele>
   </trkpt>
   <trkpt lat="56.1925000" lon="10.0782840">
    <ele>60.8</ele>
   </trkpt>
   <trkpt lat="56.1924510" lon="10.0784030">
    <ele>60.6</ele>
   </trkpt>
   <trkpt lat="56.1924000" lon="10.0785250">
    <ele>60.2</ele>
   </trkpt>
   <trkpt lat="56.1923500" lon="10.0786480">
    <ele>60.0</ele>
   </trkpt>
   <trkpt lat="56.1923000" lon="10.0787700">
    <ele>59.6</ele>
   </trkpt>
   <trkpt lat="56.1922490" lon="10.0788930">
    <ele>59.4</ele>
   </trkpt>
   <trkpt lat="56.1921970" lon="10.0790180">
    <ele>59.0</ele>
   </trkpt>
   <trkpt lat="56.1921440" lon="10.0791460">
    <ele>58.8</ele>
   </trkpt>
   <trkpt lat="56.1920890" lon="10.0792740">
    <ele>58.6</ele>
   </trkpt>
   <trkpt lat="56.1920350" lon="10.0794080">
    <ele>57.8</ele>
   </trkpt>
   <trkpt lat="56.1919790" lon="10.0795460">
    <ele>57.2</ele>
   </trkpt>
   <trkpt lat="56.1919220" lon="10.0796820">
    <ele>56.6</ele>
   </trkpt>
   <trkpt lat="56.1918620" lon="10.0798200">
    <ele>56.0</ele>
   </trkpt>
   <trkpt lat="56.1918040" lon="10.0799620">
    <ele>55.6</ele>
   </trkpt>
   <trkpt lat="56.1917450" lon="10.0801050">
    <ele>55.2</ele>
   </trkpt>
   <trkpt lat="56.1916840" lon="10.0802510">
    <ele>54.8</ele>
   </trkpt>
   <trkpt lat="56.1916230" lon="10.0803980">
    <ele>54.2</ele>
   </trkpt>
   <trkpt lat="56.1915620" lon="10.0805470">
    <ele>53.8</ele>
   </trkpt>
   <trkpt lat="56.1915020" lon="10.0806990">
    <ele>53.4</ele>
   </trkpt>
   <trkpt lat="56.1914410" lon="10.0808520">
    <ele>52.8</ele>
   </trkpt>
   <trkpt lat="56.1913810" lon="10.0810040">
    <ele>52.4</ele>
   </trkpt>
   <trkpt lat="56.1913200" lon="10.0811570">
    <ele>52.0</ele>
   </trkpt>
   <trkpt lat="56.1912580" lon="10.0813100">
    <ele>51.4</ele>
   </trkpt>
   <trkpt lat="56.1911980" lon="10.0814620">
    <ele>51.0</ele>
   </trkpt>
   <trkpt lat="56.1911380" lon="10.0816130">
    <ele>50.6</ele>
   </trkpt>
   <trkpt lat="56.1910770" lon="10.0817580">
    <ele>50.4</ele>
   </trkpt>
   <trkpt lat="56.1910180" lon="10.0818960">
    <ele>50.2</ele>
   </trkpt>
   <trkpt lat="56.1909610" lon="10.0820310">
    <ele>50.0</ele>
   </trkpt>
   <trkpt lat="56.1909050" lon="10.0821640">
    <ele>49.8</ele>
   </trkpt>
   <trkpt lat="56.1908500" lon="10.0822950">
    <ele>49.8</ele>
   </trkpt>
   <trkpt lat="56.1907940" lon="10.0824280">
    <ele>49.8</ele>
   </trkpt>
   <trkpt lat="56.1907360" lon="10.0825630">
    <ele>49.8</ele>
   </trkpt>
   <trkpt lat="56.1906800" lon="10.0826980">
    <ele>49.6</ele>
   </trkpt>
   <trkpt lat="56.1906220" lon="10.0828330">
    <ele>49.6</ele>
   </trkpt>
   <trkpt lat="56.1905600" lon="10.0829590">
    <ele>49.6</ele>
   </trkpt>
   <trkpt lat="56.1904980" lon="10.0830820">
    <ele>49.4</ele>
   </trkpt>
   <trkpt lat="56.1904400" lon="10.0832070">
    <ele>49.0</ele>
   </trkpt>
   <trkpt lat="56.1903910" lon="10.0833380">
    <ele>49.0</ele>
   </trkpt>
   <trkpt lat="56.1903500" lon="10.0834740">
    <ele>48.8</ele>
   </trkpt>
   <trkpt lat="56.1903080" lon="10.0836070">
    <ele>48.8</ele>
   </trkpt>
   <trkpt lat="56.1902580" lon="10.0837350">
    <ele>48.8</ele>
   </trkpt>
   <trkpt lat="56.1902080" lon="10.0838510">
    <ele>49.0</ele>
   </trkpt>
   <trkpt lat="56.1901610" lon="10.0839620">
    <ele>49.0</ele>
   </trkpt>
   <trkpt lat="56.1901150" lon="10.0840730">
    <ele>49.2</ele>
   </trkpt>
   <trkpt lat="56.1900670" lon="10.0841830">
    <ele>49.2</ele>
   </trkpt>
   <trkpt lat="56.1900200" lon="10.0842910">
    <ele>49.4</ele>
   </trkpt>
   <trkpt lat="56.1899770" lon="10.0843980">
    <ele>49.4</ele>
   </trkpt>
   <trkpt lat="56.1899350" lon="10.0844990">
    <ele>49.8</ele>
   </trkpt>
   <trkpt lat="56.1898950" lon="10.0846000">
    <ele>50.0</ele>
   </trkpt>
   <trkpt lat="56.1898540" lon="10.0847010">
    <ele>50.4</ele>
   </trkpt>
   <trkpt lat="56.1898150" lon="10.0847980">
    <ele>50.6</ele>
   </trkpt>
   <trkpt lat="56.1897760" lon="10.0848900">
    <ele>51.0</ele>
   </trkpt>
   <trkpt lat="56.1897380" lon="10.0849810">
    <ele>51.4</ele>
   </trkpt>
   <trkpt lat="56.1897020" lon="10.0850700">
    <ele>51.6</ele>
   </trkpt>
   <trkpt lat="56.1896670" lon="10.0851590">
    <ele>51.8</ele>
   </trkpt>
   <trkpt lat="56.1896330" lon="10.0852460">
    <ele>52.4</ele>
   </trkpt>
   <trkpt lat="56.1896010" lon="10.0853300">
    <ele>52.8</ele>
   </trkpt>
   <trkpt lat="56.1895680" lon="10.0854090">
    <ele>53.2</ele>
   </trkpt>
   <trkpt lat="56.1895320" lon="10.0854850">
    <ele>53.4</ele>
   </trkpt>
   <trkpt lat="56.1894980" lon="10.0855620">
    <ele>53.6</ele>
   </trkpt>
   <trkpt lat="56.1894650" lon="10.0856410">
    <ele>54.0</ele>
   </trkpt>
   <trkpt lat="56.1894320" lon="10.0857180">
    <ele>54.2</ele>
   </trkpt>
   <trkpt lat="56.1893990" lon="10.0857920">
    <ele>54.4</ele>
   </trkpt>
   <trkpt lat="56.1893660" lon="10.0858690">
    <ele>54.8</ele>
   </trkpt>
   <trkpt lat="56.1893350" lon="10.0859460">
    <ele>55.2</ele>
   </trkpt>
   <trkpt lat="56.1893040" lon="10.0860230">
    <ele>55.4</ele>
   </trkpt>
   <trkpt lat="56.1892710" lon="10.0860990">
    <ele>55.8</ele>
   </trkpt>
   <trkpt lat="56.1892400" lon="10.0861750">
    <ele>56.2</ele>
   </trkpt>
   <trkpt lat="56.1892100" lon="10.0862450">
    <ele>56.6</ele>
   </trkpt>
   <trkpt lat="56.1891800" lon="10.0863150">
    <ele>56.8</ele>
   </trkpt>
   <trkpt lat="56.1891490" lon="10.0863880">
    <ele>57.2</ele>
   </trkpt>
   <trkpt lat="56.1891190" lon="10.0864590">
    <ele>57.6</ele>
   </trkpt>
   <trkpt lat="56.1890890" lon="10.0865280">
    <ele>58.0</ele>
   </trkpt>
   <trkpt lat="56.1890610" lon="10.0865980">
    <ele>58.4</ele>
   </trkpt>
   <trkpt lat="56.1890320" lon="10.0866640">
    <ele>58.8</ele>
   </trkpt>
   <trkpt lat="56.1890010" lon="10.0867370">
    <ele>59.2</ele>
   </trkpt>
   <trkpt lat="56.1889740" lon="10.0868110">
    <ele>59.6</ele>
   </trkpt>
   <trkpt lat="56.1889460" lon="10.0868830">
    <ele>60.0</ele>
   </trkpt>
   <trkpt lat="56.1889160" lon="10.0869540">
    <ele>60.2</ele>
   </trkpt>
   <trkpt lat="56.1888880" lon="10.0870250">
    <ele>60.6</ele>
   </trkpt>
   <trkpt lat="56.1888590" lon="10.0870940">
    <ele>61.0</ele>
   </trkpt>
   <trkpt lat="56.1888300" lon="10.0871600">
    <ele>61.4</ele>
   </trkpt>
   <trkpt lat="56.1888030" lon="10.0872280">
    <ele>61.8</ele>
   </trkpt>
   <trkpt lat="56.1887740" lon="10.0872970">
    <ele>62.0</ele>
   </trkpt>
   <trkpt lat="56.1887460" lon="10.0873680">
    <ele>62.2</ele>
   </trkpt>
   <trkpt lat="56.1887190" lon="10.0874390">
    <ele>62.4</ele>
   </trkpt>
   <trkpt lat="56.1886910" lon="10.0875090">
    <ele>62.4</ele>
   </trkpt>
   <trkpt lat="56.1886620" lon="10.0875790">
    <ele>62.6</ele>
   </trkpt>
   <trkpt lat="56.1886330" lon="10.0876490">
    <ele>62.8</ele>
   </trkpt>
   <trkpt lat="56.1886050" lon="10.0877160">
    <ele>62.8</ele>
   </trkpt>
   <trkpt lat="56.1885750" lon="10.0877820">
    <ele>63.0</ele>
   </trkpt>
   <trkpt lat="56.1885450" lon="10.0878520">
    <ele>63.4</ele>
   </trkpt>
   <trkpt lat="56.1885150" lon="10.0879230">
    <ele>63.6</ele>
   </trkpt>
   <trkpt lat="56.1884840" lon="10.0879920">
    <ele>63.8</ele>
   </trkpt>
   <trkpt lat="56.1884570" lon="10.0880640">
    <ele>64.2</ele>
   </trkpt>
   <trkpt lat="56.1884310" lon="10.0881350">
    <ele>64.4</ele>
   </trkpt>
   <trkpt lat="56.1884020" lon="10.0882040">
    <ele>64.6</ele>
   </trkpt>
   <trkpt lat="56.1883740" lon="10.0882700">
    <ele>64.8</ele>
   </trkpt>
   <trkpt lat="56.1883450" lon="10.0883380">
    <ele>65.0</ele>
   </trkpt>
   <trkpt lat="56.1883150" lon="10.0884070">
    <ele>65.2</ele>
   </trkpt>
   <trkpt lat="56.1882850" lon="10.0884750">
    <ele>65.2</ele>
   </trkpt>
   <trkpt lat="56.1882560" lon="10.0885400">
    <ele>65.4</ele>
   </trkpt>
   <trkpt lat="56.1882260" lon="10.0886050">
    <ele>65.6</ele>
   </trkpt>
   <trkpt lat="56.1881970" lon="10.0886710">
    <ele>65.8</ele>
   </trkpt>
   <trkpt lat="56.1881670" lon="10.0887390">
    <ele>65.8</ele>
   </trkpt>
   <trkpt lat="56.1881400" lon="10.0888030">
    <ele>65.8</ele>
   </trkpt>
   <trkpt lat="56.1881130" lon="10.0888690">
    <ele>66.0</ele>
   </trkpt>
   <trkpt lat="56.1880890" lon="10.0889310">
    <ele>66.0</ele>
   </trkpt>
   <trkpt lat="56.1880640" lon="10.0889920">
    <ele>66.2</ele>
   </trkpt>
   <trkpt lat="56.1880410" lon="10.0890500">
    <ele>66.2</ele>
   </trkpt>
   <trkpt lat="56.1880170" lon="10.0891010">
    <ele>66.2</ele>
   </trkpt>
   <trkpt lat="56.1879960" lon="10.0891440">
    <ele>66.2</ele>
   </trkpt>
   <trkpt lat="56.1879730" lon="10.0891840">
    <ele>66.2</ele>
   </trkpt>
   <trkpt lat="56.1879480" lon="10.0892280">
    <ele>66.4</ele>
   </trkpt>
   <trkpt lat="56.1879220" lon="10.0892810">
    <ele>66.4</ele>
   </trkpt>
   <trkpt lat="56.1878930" lon="10.0893370">
    <ele>66.4</ele>
   </trkpt>
   <trkpt lat="56.1878650" lon="10.0893950">
    <ele>66.4</ele>
   </trkpt>
   <trkpt lat="56.1878370" lon="10.0894560">
    <ele>66.4</ele>
   </trkpt>
   <trkpt lat="56.1878090" lon="10.0895260">
    <ele>66.4</ele>
   </trkpt>
   <trkpt lat="56.1877810" lon="10.0895990">
    <ele>66.4</ele>
   </trkpt>
   <trkpt lat="56.1877550" lon="10.0896760">
    <ele>66.4</ele>
   </trkpt>
   <trkpt lat="56.1877320" lon="10.0897570">
    <ele>66.2</ele>
   </trkpt>
   <trkpt lat="56.1877070" lon="10.0898370">
    <ele>66.2</ele>
   </trkpt>
   <trkpt lat="56.1876780" lon="10.0899190">
    <ele>66.2</ele>
   </trkpt>
   <trkpt lat="56.1876490" lon="10.0899980">
    <ele>66.2</ele>
   </trkpt>
   <trkpt lat="56.1876220" lon="10.0900760">
    <ele>66.4</ele>
   </trkpt>
   <trkpt lat="56.1875950" lon="10.0901530">
    <ele>66.4</ele>
   </trkpt>
   <trkpt lat="56.1875680" lon="10.0902270">
    <ele>66.4</ele>
   </trkpt>
   <trkpt lat="56.1875420" lon="10.0903060">
    <ele>66.4</ele>
   </trkpt>
   <trkpt lat="56.1875150" lon="10.0903840">
    <ele>66.4</ele>
   </trkpt>
   <trkpt lat="56.1874850" lon="10.0904610">
    <ele>66.4</ele>
   </trkpt>
   <trkpt lat="56.1874530" lon="10.0905380">
    <ele>66.6</ele>
   </trkpt>
   <trkpt lat="56.1874210" lon="10.0906160">
    <ele>66.6</ele>
   </trkpt>
   <trkpt lat="56.1873870" lon="10.0906970">
    <ele>66.6</ele>
   </trkpt>
   <trkpt lat="56.1873540" lon="10.0907800">
    <ele>66.8</ele>
   </trkpt>
   <trkpt lat="56.1873210" lon="10.0908630">
    <ele>66.6</ele>
   </trkpt>
   <trkpt lat="56.1872860" lon="10.0909490">
    <ele>66.6</ele>
   </trkpt>
   <trkpt lat="56.1872510" lon="10.0910290">
    <ele>66.6</ele>
   </trkpt>
   <trkpt lat="56.1872170" lon="10.0911050">
    <ele>66.6</ele>
   </trkpt>
   <trkpt lat="56.1871850" lon="10.0911860">
    <ele>66.6</ele>
   </trkpt>
   <trkpt lat="56.1871530" lon="10.0912610">
    <ele>66.6</ele>
   </trkpt>
   <trkpt lat="56.1871200" lon="10.0913300">
    <ele>66.6</ele>
   </trkpt>
   <trkpt lat="56.1870890" lon="10.0914040">
    <ele>66.6</ele>
   </trkpt>
   <trkpt lat="56.1870620" lon="10.0914830">
    <ele>66.6</ele>
   </trkpt>
   <trkpt lat="56.1870310" lon="10.0915630">
    <ele>66.6</ele>
   </trkpt>
   <trkpt lat="56.1870000" lon="10.0916470">
    <ele>66.6</ele>
   </trkpt>
   <trkpt lat="56.1869710" lon="10.0917310">
    <ele>66.6</ele>
   </trkpt>
   <trkpt lat="56.1869400" lon="10.0918170">
    <ele>66.6</ele>
   </trkpt>
   <trkpt lat="56.1869080" lon="10.0919030">
    <ele>66.6</ele>
   </trkpt>
   <trkpt lat="56.1868750" lon="10.0919860">
    <ele>66.6</ele>
   </trkpt>
   <trkpt lat="56.1868430" lon="10.0920710">
    <ele>66.6</ele>
   </trkpt>
   <trkpt lat="56.1868110" lon="10.0921540">
    <ele>66.8</ele>
   </trkpt>
   <trkpt lat="56.1867770" lon="10.0922350">
    <ele>66.8</ele>
   </trkpt>
   <trkpt lat="56.1867430" lon="10.0923190">
    <ele>66.8</ele>
   </trkpt>
   <trkpt lat="56.1867120" lon="10.0924030">
    <ele>66.8</ele>
   </trkpt>
   <trkpt lat="56.1866780" lon="10.0924840">
    <ele>66.8</ele>
   </trkpt>
   <trkpt lat="56.1866430" lon="10.0925590">
    <ele>67.0</ele>
   </trkpt>
   <trkpt lat="56.1866090" lon="10.0926360">
    <ele>67.0</ele>
   </trkpt>
   <trkpt lat="56.1865770" lon="10.0927200">
    <ele>67.2</ele>
   </trkpt>
   <trkpt lat="56.1865460" lon="10.0928120">
    <ele>67.0</ele>
   </trkpt>
   <trkpt lat="56.1865190" lon="10.0929120">
    <ele>67.0</ele>
   </trkpt>
   <trkpt lat="56.1864960" lon="10.0930180">
    <ele>66.8</ele>
   </trkpt>
   <trkpt lat="56.1864760" lon="10.0931280">
    <ele>66.6</ele>
   </trkpt>
   <trkpt lat="56.1864580" lon="10.0932460">
    <ele>66.4</ele>
   </trkpt>
   <trkpt lat="56.1864410" lon="10.0933690">
    <ele>66.4</ele>
   </trkpt>
   <trkpt lat="56.1864210" lon="10.0934930">
    <ele>66.0</ele>
   </trkpt>
   <trkpt lat="56.1864010" lon="10.0936150">
    <ele>65.8</ele>
   </trkpt>
   <trkpt lat="56.1863830" lon="10.0937290">
    <ele>65.4</ele>
   </trkpt>
   <trkpt lat="56.1863630" lon="10.0938290">
    <ele>65.2</ele>
   </trkpt>
   <trkpt lat="56.1863440" lon="10.0939160">
    <ele>64.8</ele>
   </trkpt>
   <trkpt lat="56.1863310" lon="10.0939920">
    <ele>64.6</ele>
   </trkpt>
   <trkpt lat="56.1863170" lon="10.0940500">
    <ele>64.4</ele>
   </trkpt>
   <trkpt lat="56.1863000" lon="10.0940890">
    <ele>64.2</ele>
   </trkpt>
   <trkpt lat="56.1862780" lon="10.0940940">
    <ele>63.8</ele>
   </trkpt>
   <trkpt lat="56.1862530" lon="10.0940840">
    <ele>63.6</ele>
   </trkpt>
   <trkpt lat="56.1862200" lon="10.0940650">
    <ele>63.2</ele>
   </trkpt>
   <trkpt lat="56.1861850" lon="10.0940420">
    <ele>63.0</ele>
   </trkpt>
   <trkpt lat="56.1861430" lon="10.0940210">
    <ele>62.6</ele>
   </trkpt>
   <trkpt lat="56.1860980" lon="10.0939960">
    <ele>62.4</ele>
   </trkpt>
   <trkpt lat="56.1860500" lon="10.0939640">
    <ele>62.0</ele>
   </trkpt>
   <trkpt lat="56.1859970" lon="10.0939310">
    <ele>61.8</ele>
   </trkpt>
   <trkpt lat="56.1859440" lon="10.0939080">
    <ele>61.6</ele>
   </trkpt>
   <trkpt lat="56.1858930" lon="10.0938900">
    <ele>61.4</ele>
   </trkpt>
   <trkpt lat="56.1858430" lon="10.0938700">
    <ele>61.4</ele>
   </trkpt>
   <trkpt lat="56.1857930" lon="10.0938500">
    <ele>61.2</ele>
   </trkpt>
   <trkpt lat="56.1857530" lon="10.0938330">
    <ele>61.2</ele>
   </trkpt>
   <trkpt lat="56.1857080" lon="10.0938290">
    <ele>61.4</ele>
   </trkpt>
   <trkpt lat="56.1856910" lon="10.0938970">
    <ele>61.6</ele>
   </trkpt>
   <trkpt lat="56.1856740" lon="10.0939640">
    <ele>61.6</ele>
   </trkpt>
   <trkpt lat="56.1856520" lon="10.0940040">
    <ele>61.8</ele>
   </trkpt>
   <trkpt lat="56.1856390" lon="10.0940480">
    <ele>62.0</ele>
   </trkpt>
   <trkpt lat="56.1856290" lon="10.0940900">
    <ele>62.2</ele>
   </trkpt>
   <trkpt lat="56.1856230" lon="10.0941390">
    <ele>62.4</ele>
   </trkpt>
   <trkpt lat="56.1856220" lon="10.0941830">
    <ele>62.6</ele>
   </trkpt>
   <trkpt lat="56.1856200" lon="10.0942210">
    <ele>62.6</ele>
   </trkpt>
   <trkpt lat="56.1856170" lon="10.0942600">
    <ele>62.8</ele>
   </trkpt>
   <trkpt lat="56.1856100" lon="10.0942960">
    <ele>62.8</ele>
   </trkpt>
   <trkpt lat="56.1856030" lon="10.0943290">
    <ele>63.0</ele>
   </trkpt>
   <trkpt lat="56.1856010" lon="10.0943670">
    <ele>63.0</ele>
   </trkpt>
   <trkpt lat="56.1855990" lon="10.0944130">
    <ele>63.2</ele>
   </trkpt>
   <trkpt lat="56.1855950" lon="10.0944590">
    <ele>63.2</ele>
   </trkpt>
   <trkpt lat="56.1855890" lon="10.0945100">
    <ele>63.2</ele>
   </trkpt>
   <trkpt lat="56.1855830" lon="10.0945670">
    <ele>63.2</ele>
   </trkpt>
   <trkpt lat="56.1855730" lon="10.0946260">
    <ele>63.4</ele>
   </trkpt>
   <trkpt lat="56.1855660" lon="10.0946860">
    <ele>63.4</ele>
   </trkpt>
   <trkpt lat="56.1855570" lon="10.0947470">
    <ele>63.6</ele>
   </trkpt>
   <trkpt lat="56.1855520" lon="10.0948130">
    <ele>63.6</ele>
   </trkpt>
   <trkpt lat="56.1855440" lon="10.0948790">
    <ele>63.8</ele>
   </trkpt>
   <trkpt lat="56.1855360" lon="10.0949450">
    <ele>64.0</ele>
   </trkpt>
   <trkpt lat="56.1855290" lon="10.0950130">
    <ele>64.2</ele>
   </trkpt>
   <trkpt lat="56.1855180" lon="10.0950800">
    <ele>64.2</ele>
   </trkpt>
   <trkpt lat="56.1855090" lon="10.0951470">
    <ele>64.6</ele>
   </trkpt>
   <trkpt lat="56.1855000" lon="10.0952150">
    <ele>64.8</ele>
   </trkpt>
   <trkpt lat="56.1854900" lon="10.0952810">
    <ele>65.0</ele>
   </trkpt>
   <trkpt lat="56.1854820" lon="10.0953460">
    <ele>65.2</ele>
   </trkpt>
   <trkpt lat="56.1854730" lon="10.0954090">
    <ele>65.4</ele>
   </trkpt>
   <trkpt lat="56.1854620" lon="10.0954700">
    <ele>65.6</ele>
   </trkpt>
   <trkpt lat="56.1854500" lon="10.0955290">
    <ele>65.6</ele>
   </trkpt>
   <trkpt lat="56.1854410" lon="10.0955870">
    <ele>65.8</ele>
   </trkpt>
   <trkpt lat="56.1854310" lon="10.0956460">
    <ele>65.8</ele>
   </trkpt>
   <trkpt lat="56.1854170" lon="10.0957090">
    <ele>65.8</ele>
   </trkpt>
   <trkpt lat="56.1854010" lon="10.0957760">
    <ele>65.6</ele>
   </trkpt>
   <trkpt lat="56.1853840" lon="10.0958500">
    <ele>65.6</ele>
   </trkpt>
   <trkpt lat="56.1853650" lon="10.0959260">
    <ele>65.6</ele>
   </trkpt>
   <trkpt lat="56.1853460" lon="10.0960000">
    <ele>65.6</ele>
   </trkpt>
   <trkpt lat="56.1853290" lon="10.0960770">
    <ele>65.6</ele>
   </trkpt>
   <trkpt lat="56.1853150" lon="10.0961580">
    <ele>65.6</ele>
   </trkpt>
   <trkpt lat="56.1853020" lon="10.0962410">
    <ele>65.6</ele>
   </trkpt>
   <trkpt lat="56.1852870" lon="10.0963280">
    <ele>65.6</ele>
   </trkpt>
   <trkpt lat="56.1852710" lon="10.0964170">
    <ele>65.6</ele>
   </trkpt>
   <trkpt lat="56.1852570" lon="10.0965070">
    <ele>65.6</ele>
   </trkpt>
   <trkpt lat="56.1852470" lon="10.0965960">
    <ele>65.4</ele>
   </trkpt>
   <trkpt lat="56.1852410" lon="10.0966840">
    <ele>65.4</ele>
   </trkpt>
   <trkpt lat="56.1852340" lon="10.0967680">
    <ele>65.4</ele>
   </trkpt>
   <trkpt lat="56.1852240" lon="10.0968510">
    <ele>65.4</ele>
   </trkpt>
   <trkpt lat="56.1852110" lon="10.0969330">
    <ele>65.4</ele>
   </trkpt>
   <trkpt lat="56.1851970" lon="10.0970140">
    <ele>65.6</ele>
   </trkpt>
   <trkpt lat="56.1851840" lon="10.0970950">
    <ele>65.6</ele>
   </trkpt>
   <trkpt lat="56.1851700" lon="10.0971720">
    <ele>65.6</ele>
   </trkpt>
   <trkpt lat="56.1851560" lon="10.0972500">
    <ele>65.6</ele>
   </trkpt>
   <trkpt lat="56.1851420" lon="10.0973270">
    <ele>65.6</ele>
   </trkpt>
   <trkpt lat="56.1851300" lon="10.0974020">
    <ele>65.6</ele>
   </trkpt>
   <trkpt lat="56.1851170" lon="10.0974780">
    <ele>65.6</ele>
   </trkpt>
   <trkpt lat="56.1851040" lon="10.0975510">
    <ele>65.6</ele>
   </trkpt>
   <trkpt lat="56.1850910" lon="10.0976250">
    <ele>65.6</ele>
   </trkpt>
   <trkpt lat="56.1850780" lon="10.0976980">
    <ele>65.6</ele>
   </trkpt>
   <trkpt lat="56.1850650" lon="10.0977690">
    <ele>65.6</ele>
   </trkpt>
   <trkpt lat="56.1850520" lon="10.0978410">
    <ele>65.6</ele>
   </trkpt>
   <trkpt lat="56.1850390" lon="10.0979120">
    <ele>65.6</ele>
   </trkpt>
   <trkpt lat="56.1850260" lon="10.0979830">
    <ele>65.6</ele>
   </trkpt>
   <trkpt lat="56.1850170" lon="10.0980540">
    <ele>65.6</ele>
   </trkpt>
   <trkpt lat="56.1850060" lon="10.0981250">
    <ele>65.6</ele>
   </trkpt>
   <trkpt lat="56.1849920" lon="10.0982010">
    <ele>65.8</ele>
   </trkpt>
   <trkpt lat="56.1849780" lon="10.0982810">
    <ele>65.8</ele>
   </trkpt>
   <trkpt lat="56.1849640" lon="10.0983670">
    <ele>65.8</ele>
   </trkpt>
   <trkpt lat="56.1849500" lon="10.0984550">
    <ele>65.8</ele>
   </trkpt>
   <trkpt lat="56.1849350" lon="10.0985460">
    <ele>65.8</ele>
   </trkpt>
   <trkpt lat="56.1849190" lon="10.0986390">
    <ele>65.8</ele>
   </trkpt>
   <trkpt lat="56.1849030" lon="10.0987330">
    <ele>65.8</ele>
   </trkpt>
   <trkpt lat="56.1848870" lon="10.0988290">
    <ele>65.8</ele>
   </trkpt>
   <trkpt lat="56.1848720" lon="10.0989270">
    <ele>65.8</ele>
   </trkpt>
   <trkpt lat="56.1848550" lon="10.0990280">
    <ele>65.8</ele>
   </trkpt>
   <trkpt lat="56.1848360" lon="10.0991290">
    <ele>65.8</ele>
   </trkpt>
   <trkpt lat="56.1848170" lon="10.0992290">
    <ele>65.8</ele>
   </trkpt>
   <trkpt lat="56.1847980" lon="10.0993330">
    <ele>65.8</ele>
   </trkpt>
   <trkpt lat="56.1847810" lon="10.0994400">
    <ele>65.8</ele>
   </trkpt>
   <trkpt lat="56.1847630" lon="10.0995490">
    <ele>65.8</ele>
   </trkpt>
   <trkpt lat="56.1847450" lon="10.0996590">
    <ele>65.8</ele>
   </trkpt>
   <trkpt lat="56.1847270" lon="10.0997720">
    <ele>65.8</ele>
   </trkpt>
   <trkpt lat="56.1847090" lon="10.0998860">
    <ele>65.8</ele>
   </trkpt>
   <trkpt lat="56.1846890" lon="10.1000020">
    <ele>65.8</ele>
   </trkpt>
   <trkpt lat="56.1846700" lon="10.1001190">
    <ele>65.8</ele>
   </trkpt>
   <trkpt lat="56.1846510" lon="10.1002370">
    <ele>65.8</ele>
   </trkpt>
   <trkpt lat="56.1846290" lon="10.1003530">
    <ele>65.8</ele>
   </trkpt>
   <trkpt lat="56.1846080" lon="10.1004710">
    <ele>65.8</ele>
   </trkpt>
   <trkpt lat="56.1845900" lon="10.1005900">
    <ele>65.8</ele>
   </trkpt>
   <trkpt lat="56.1845700" lon="10.1007090">
    <ele>65.8</ele>
   </trkpt>
   <trkpt lat="56.1845490" lon="10.1008280">
    <ele>65.8</ele>
   </trkpt>
   <trkpt lat="56.1845290" lon="10.1009460">
    <ele>65.8</ele>
   </trkpt>
   <trkpt lat="56.1845100" lon="10.1010670">
    <ele>66.0</ele>
   </trkpt>
   <trkpt lat="56.1844890" lon="10.1011880">
    <ele>66.0</ele>
   </trkpt>
   <trkpt lat="56.1844660" lon="10.1013090">
    <ele>65.8</ele>
   </trkpt>
   <trkpt lat="56.1844400" lon="10.1014300">
    <ele>65.8</ele>
   </trkpt>
   <trkpt lat="56.1844130" lon="10.1015510">
    <ele>65.8</ele>
   </trkpt>
   <trkpt lat="56.1843850" lon="10.1016700">
    <ele>65.8</ele>
   </trkpt>
   <trkpt lat="56.1843570" lon="10.1017880">
    <ele>65.8</ele>
   </trkpt>
   <trkpt lat="56.1843300" lon="10.1019060">
    <ele>65.8</ele>
   </trkpt>
   <trkpt lat="56.1843020" lon="10.1020250">
    <ele>65.8</ele>
   </trkpt>
   <trkpt lat="56.1842770" lon="10.1021460">
    <ele>65.8</ele>
   </trkpt>
   <trkpt lat="56.1842550" lon="10.1022690">
    <ele>65.8</ele>
   </trkpt>
   <trkpt lat="56.1842340" lon="10.1023940">
    <ele>65.6</ele>
   </trkpt>
   <trkpt lat="56.1842120" lon="10.1025220">
    <ele>65.6</ele>
   </trkpt>
   <trkpt lat="56.1841890" lon="10.1026480">
    <ele>65.6</ele>
   </trkpt>
   <trkpt lat="56.1841650" lon="10.1027740">
    <ele>65.6</ele>
   </trkpt>
   <trkpt lat="56.1841410" lon="10.1028990">
    <ele>65.6</ele>
   </trkpt>
   <trkpt lat="56.1841190" lon="10.1030220">
    <ele>65.6</ele>
   </trkpt>
   <trkpt lat="56.1840950" lon="10.1031410">
    <ele>65.6</ele>
   </trkpt>
   <trkpt lat="56.1840720" lon="10.1032610">
    <ele>65.6</ele>
   </trkpt>
   <trkpt lat="56.1840480" lon="10.1033850">
    <ele>65.6</ele>
   </trkpt>
   <trkpt lat="56.1840240" lon="10.1035130">
    <ele>65.6</ele>
   </trkpt>
   <trkpt lat="56.1840040" lon="10.1036420">
    <ele>65.6</ele>
   </trkpt>
   <trkpt lat="56.1839820" lon="10.1037700">
    <ele>65.6</ele>
   </trkpt>
   <trkpt lat="56.1839610" lon="10.1038970">
    <ele>65.6</ele>
   </trkpt>
   <trkpt lat="56.1839430" lon="10.1040250">
    <ele>65.6</ele>
   </trkpt>
   <trkpt lat="56.1839300" lon="10.1041560">
    <ele>65.6</ele>
   </trkpt>
   <trkpt lat="56.1839220" lon="10.1042910">
    <ele>65.6</ele>
   </trkpt>
   <trkpt lat="56.1839100" lon="10.1044250">
    <ele>65.6</ele>
   </trkpt>
   <trkpt lat="56.1838940" lon="10.1045600">
    <ele>65.4</ele>
   </trkpt>
   <trkpt lat="56.1838780" lon="10.1046930">
    <ele>65.4</ele>
   </trkpt>
   <trkpt lat="56.1838630" lon="10.1048240">
    <ele>65.4</ele>
   </trkpt>
   <trkpt lat="56.1838460" lon="10.1049520">
    <ele>65.4</ele>
   </trkpt>
   <trkpt lat="56.1838250" lon="10.1050770">
    <ele>65.4</ele>
   </trkpt>
   <trkpt lat="56.1838000" lon="10.1052020">
    <ele>65.4</ele>
   </trkpt>
   <trkpt lat="56.1837770" lon="10.1053280">
    <ele>65.4</ele>
   </trkpt>
   <trkpt lat="56.1837560" lon="10.1054560">
    <ele>65.4</ele>
   </trkpt>
   <trkpt lat="56.1837350" lon="10.1055810">
    <ele>65.4</ele>
   </trkpt>
   <trkpt lat="56.1837130" lon="10.1057050">
    <ele>65.6</ele>
   </trkpt>
   <trkpt lat="56.1836930" lon="10.1058310">
    <ele>65.6</ele>
   </trkpt>
   <trkpt lat="56.1836730" lon="10.1059580">
    <ele>65.8</ele>
   </trkpt>
   <trkpt lat="56.1836520" lon="10.1060830">
    <ele>65.8</ele>
   </trkpt>
   <trkpt lat="56.1836300" lon="10.1062090">
    <ele>65.8</ele>
   </trkpt>
   <trkpt lat="56.1836090" lon="10.1063380">
    <ele>66.0</ele>
   </trkpt>
   <trkpt lat="56.1835880" lon="10.1064680">
    <ele>66.0</ele>
   </trkpt>
   <trkpt lat="56.1835650" lon="10.1065970">
    <ele>66.0</ele>
   </trkpt>
   <trkpt lat="56.1835420" lon="10.1067270">
    <ele>66.2</ele>
   </trkpt>
   <trkpt lat="56.1835190" lon="10.1068570">
    <ele>66.2</ele>
   </trkpt>
   <trkpt lat="56.1834950" lon="10.1069880">
    <ele>66.2</ele>
   </trkpt>
   <trkpt lat="56.1834720" lon="10.1071200">
    <ele>66.2</ele>
   </trkpt>
   <trkpt lat="56.1834500" lon="10.1072540">
    <ele>66.2</ele>
   </trkpt>
   <trkpt lat="56.1834270" lon="10.1073880">
    <ele>66.2</ele>
   </trkpt>
   <trkpt lat="56.1834040" lon="10.1075200">
    <ele>66.2</ele>
   </trkpt>
   <trkpt lat="56.1833820" lon="10.1076520">
    <ele>66.2</ele>
   </trkpt>
   <trkpt lat="56.1833600" lon="10.1077820">
    <ele>66.0</ele>
   </trkpt>
   <trkpt lat="56.1833390" lon="10.1079120">
    <ele>66.0</ele>
   </trkpt>
   <trkpt lat="56.1833180" lon="10.1080430">
    <ele>66.0</ele>
   </trkpt>
   <trkpt lat="56.1832950" lon="10.1081720">
    <ele>66.2</ele>
   </trkpt>
   <trkpt lat="56.1832730" lon="10.1083020">
    <ele>66.2</ele>
   </trkpt>
   <trkpt lat="56.1832510" lon="10.1084320">
    <ele>66.2</ele>
   </trkpt>
   <trkpt lat="56.1832310" lon="10.1085610">
    <ele>66.4</ele>
   </trkpt>
   <trkpt lat="56.1832100" lon="10.1086920">
    <ele>66.4</ele>
   </trkpt>
   <trkpt lat="56.1831870" lon="10.1088210">
    <ele>66.6</ele>
   </trkpt>
   <trkpt lat="56.1831640" lon="10.1089510">
    <ele>66.6</ele>
   </trkpt>
   <trkpt lat="56.1831410" lon="10.1090820">
    <ele>66.6</ele>
   </trkpt>
   <trkpt lat="56.1831210" lon="10.1092140">
    <ele>66.8</ele>
   </trkpt>
   <trkpt lat="56.1830970" lon="10.1093420">
    <ele>66.8</ele>
   </trkpt>
   <trkpt lat="56.1830730" lon="10.1094690">
    <ele>66.8</ele>
   </trkpt>
   <trkpt lat="56.1830480" lon="10.1095970">
    <ele>66.8</ele>
   </trkpt>
   <trkpt lat="56.1830200" lon="10.1097240">
    <ele>66.8</ele>
   </trkpt>
   <trkpt lat="56.1829910" lon="10.1098500">
    <ele>66.8</ele>
   </trkpt>
   <trkpt lat="56.1829640" lon="10.1099780">
    <ele>66.8</ele>
   </trkpt>
   <trkpt lat="56.1829410" lon="10.1101070">
    <ele>66.8</ele>
   </trkpt>
   <trkpt lat="56.1829220" lon="10.1102390">
    <ele>66.8</ele>
   </trkpt>
   <trkpt lat="56.1829040" lon="10.1103710">
    <ele>66.8</ele>
   </trkpt>
   <trkpt lat="56.1828880" lon="10.1105020">
    <ele>66.8</ele>
   </trkpt>
   <trkpt lat="56.1828750" lon="10.1106340">
    <ele>67.0</ele>
   </trkpt>
   <trkpt lat="56.1828650" lon="10.1107670">
    <ele>67.0</ele>
   </trkpt>
   <trkpt lat="56.1828510" lon="10.1108980">
    <ele>67.0</ele>
   </trkpt>
   <trkpt lat="56.1828370" lon="10.1110320">
    <ele>67.2</ele>
   </trkpt>
   <trkpt lat="56.1828190" lon="10.1111630">
    <ele>67.2</ele>
   </trkpt>
   <trkpt lat="56.1828010" lon="10.1112970">
    <ele>67.2</ele>
   </trkpt>
   <trkpt lat="56.1827810" lon="10.1114290">
    <ele>67.2</ele>
   </trkpt>
   <trkpt lat="56.1827600" lon="10.1115610">
    <ele>67.2</ele>
   </trkpt>
   <trkpt lat="56.1827400" lon="10.1116930">
    <ele>67.4</ele>
   </trkpt>
   <trkpt lat="56.1827210" lon="10.1118240">
    <ele>67.4</ele>
   </trkpt>
   <trkpt lat="56.1827020" lon="10.1119570">
    <ele>67.4</ele>
   </trkpt>
   <trkpt lat="56.1826850" lon="10.1120900">
    <ele>67.6</ele>
   </trkpt>
   <trkpt lat="56.1826680" lon="10.1122210">
    <ele>67.6</ele>
   </trkpt>
   <trkpt lat="56.1826500" lon="10.1123510">
    <ele>67.6</ele>
   </trkpt>
   <trkpt lat="56.1826320" lon="10.1124790">
    <ele>67.6</ele>
   </trkpt>
   <trkpt lat="56.1826170" lon="10.1126080">
    <ele>67.6</ele>
   </trkpt>
   <trkpt lat="56.1825990" lon="10.1127380">
    <ele>67.6</ele>
   </trkpt>
   <trkpt lat="56.1825800" lon="10.1128670">
    <ele>67.6</ele>
   </trkpt>
   <trkpt lat="56.1825630" lon="10.1129970">
    <ele>67.6</ele>
   </trkpt>
   <trkpt lat="56.1825470" lon="10.1131280">
    <ele>67.6</ele>
   </trkpt>
   <trkpt lat="56.1825330" lon="10.1132620">
    <ele>67.6</ele>
   </trkpt>
   <trkpt lat="56.1825180" lon="10.1133960">
    <ele>67.6</ele>
   </trkpt>
   <trkpt lat="56.1825000" lon="10.1135270">
    <ele>67.6</ele>
   </trkpt>
   <trkpt lat="56.1824840" lon="10.1136600">
    <ele>67.6</ele>
   </trkpt>
   <trkpt lat="56.1824660" lon="10.1137920">
    <ele>67.6</ele>
   </trkpt>
   <trkpt lat="56.1824450" lon="10.1139220">
    <ele>67.8</ele>
   </trkpt>
   <trkpt lat="56.1824240" lon="10.1140510">
    <ele>67.8</ele>
   </trkpt>
   <trkpt lat="56.1824040" lon="10.1141800">
    <ele>67.8</ele>
   </trkpt>
   <trkpt lat="56.1823870" lon="10.1143070">
    <ele>67.8</ele>
   </trkpt>
   <trkpt lat="56.1823680" lon="10.1144310">
    <ele>68.0</ele>
   </trkpt>
   <trkpt lat="56.1823510" lon="10.1145540">
    <ele>67.8</ele>
   </trkpt>
   <trkpt lat="56.1823370" lon="10.1146810">
    <ele>67.8</ele>
   </trkpt>
   <trkpt lat="56.1823220" lon="10.1148100">
    <ele>67.8</ele>
   </trkpt>
   <trkpt lat="56.1823060" lon="10.1149380">
    <ele>67.8</ele>
   </trkpt>
   <trkpt lat="56.1822880" lon="10.1150670">
    <ele>67.8</ele>
   </trkpt>
   <trkpt lat="56.1822700" lon="10.1151980">
    <ele>67.8</ele>
   </trkpt>
   <trkpt lat="56.1822520" lon="10.1153300">
    <ele>67.8</ele>
   </trkpt>
   <trkpt lat="56.1822380" lon="10.1154630">
    <ele>67.8</ele>
   </trkpt>
   <trkpt lat="56.1822210" lon="10.1155970">
    <ele>67.8</ele>
   </trkpt>
   <trkpt lat="56.1822050" lon="10.1157300">
    <ele>67.8</ele>
   </trkpt>
   <trkpt lat="56.1821860" lon="10.1158640">
    <ele>67.8</ele>
   </trkpt>
   <trkpt lat="56.1821660" lon="10.1159980">
    <ele>67.8</ele>
   </trkpt>
   <trkpt lat="56.1821500" lon="10.1161340">
    <ele>67.8</ele>
   </trkpt>
   <trkpt lat="56.1821330" lon="10.1162690">
    <ele>67.6</ele>
   </trkpt>
   <trkpt lat="56.1821160" lon="10.1164020">
    <ele>67.6</ele>
   </trkpt>
   <trkpt lat="56.1820980" lon="10.1165340">
    <ele>67.6</ele>
   </trkpt>
   <trkpt lat="56.1820810" lon="10.1166670">
    <ele>67.6</ele>
   </trkpt>
   <trkpt lat="56.1820640" lon="10.1167990">
    <ele>67.6</ele>
   </trkpt>
   <trkpt lat="56.1820450" lon="10.1169320">
    <ele>67.8</ele>
   </trkpt>
   <trkpt lat="56.1820260" lon="10.1170680">
    <ele>67.8</ele>
   </trkpt>
   <trkpt lat="56.1820090" lon="10.1172050">
    <ele>67.8</ele>
   </trkpt>
   <trkpt lat="56.1819920" lon="10.1173410">
    <ele>67.8</ele>
   </trkpt>
   <trkpt lat="56.1819730" lon="10.1174770">
    <ele>67.8</ele>
   </trkpt>
   <trkpt lat="56.1819540" lon="10.1176130">
    <ele>67.8</ele>
   </trkpt>
   <trkpt lat="56.1819360" lon="10.1177470">
    <ele>67.8</ele>
   </trkpt>
   <trkpt lat="56.1819180" lon="10.1178820">
    <ele>67.8</ele>
   </trkpt>
   <trkpt lat="56.1819000" lon="10.1180170">
    <ele>67.8</ele>
   </trkpt>
   <trkpt lat="56.1818810" lon="10.1181550">
    <ele>68.0</ele>
   </trkpt>
   <trkpt lat="56.1818620" lon="10.1182940">
    <ele>68.0</ele>
   </trkpt>
   <trkpt lat="56.1818440" lon="10.1184350">
    <ele>68.0</ele>
   </trkpt>
   <trkpt lat="56.1818240" lon="10.1185750">
    <ele>68.0</ele>
   </trkpt>
   <trkpt lat="56.1818030" lon="10.1187150">
    <ele>68.2</ele>
   </trkpt>
   <trkpt lat="56.1817830" lon="10.1188540">
    <ele>68.2</ele>
   </trkpt>
   <trkpt lat="56.1817630" lon="10.1189940">
    <ele>68.2</ele>
   </trkpt>
   <trkpt lat="56.1817430" lon="10.1191340">
    <ele>68.0</ele>
   </trkpt>
   <trkpt lat="56.1817250" lon="10.1192750">
    <ele>68.0</ele>
   </trkpt>
   <trkpt lat="56.1817060" lon="10.1194140">
    <ele>68.2</ele>
   </trkpt>
   <trkpt lat="56.1816870" lon="10.1195490">
    <ele>68.2</ele>
   </trkpt>
   <trkpt lat="56.1816690" lon="10.1196830">
    <ele>68.2</ele>
   </trkpt>
   <trkpt lat="56.1816480" lon="10.1198130">
    <ele>68.2</ele>
   </trkpt>
   <trkpt lat="56.1816260" lon="10.1199400">
    <ele>68.4</ele>
   </trkpt>
   <trkpt lat="56.1816050" lon="10.1200670">
    <ele>68.4</ele>
   </trkpt>
   <trkpt lat="56.1815840" lon="10.1201930">
    <ele>68.6</ele>
   </trkpt>
   <trkpt lat="56.1815630" lon="10.1203210">
    <ele>68.6</ele>
   </trkpt>
   <trkpt lat="56.1815410" lon="10.1204490">
    <ele>68.6</ele>
   </trkpt>
   <trkpt lat="56.1815190" lon="10.1205790">
    <ele>68.8</ele>
   </trkpt>
   <trkpt lat="56.1814960" lon="10.1207080">
    <ele>68.8</ele>
   </trkpt>
   <trkpt lat="56.1814710" lon="10.1208340">
    <ele>69.0</ele>
   </trkpt>
   <trkpt lat="56.1814470" lon="10.1209580">
    <ele>69.0</ele>
   </trkpt>
   <trkpt lat="56.1814200" lon="10.1210770">
    <ele>69.0</ele>
   </trkpt>
   <trkpt lat="56.1813930" lon="10.1211980">
    <ele>69.0</ele>
   </trkpt>
   <trkpt lat="56.1813670" lon="10.1213190">
    <ele>69.0</ele>
   </trkpt>
   <trkpt lat="56.1813410" lon="10.1214390">
    <ele>68.8</ele>
   </trkpt>
   <trkpt lat="56.1813140" lon="10.1215580">
    <ele>68.8</ele>
   </trkpt>
   <trkpt lat="56.1812890" lon="10.1216770">
    <ele>68.8</ele>
   </trkpt>
   <trkpt lat="56.1812620" lon="10.1217930">
    <ele>68.8</ele>
   </trkpt>
   <trkpt lat="56.1812340" lon="10.1219070">
    <ele>68.8</ele>
   </trkpt>
   <trkpt lat="56.1812080" lon="10.1220200">
    <ele>69.0</ele>
   </trkpt>
   <trkpt lat="56.1811850" lon="10.1221240">
    <ele>69.0</ele>
   </trkpt>
   <trkpt lat="56.1811650" lon="10.1222160">
    <ele>69.0</ele>
   </trkpt>
   <trkpt lat="56.1811490" lon="10.1222860">
    <ele>69.0</ele>
   </trkpt>
   <trkpt lat="56.1811400" lon="10.1223350">
    <ele>69.0</ele>
   </trkpt>
   <trkpt lat="56.1811320" lon="10.1223630">
    <ele>69.0</ele>
   </trkpt>
   <trkpt lat="56.1811280" lon="10.1223800">
    <ele>69.0</ele>
   </trkpt>
   <trkpt lat="56.1811240" lon="10.1223920">
    <ele>69.0</ele>
   </trkpt>
   <trkpt lat="56.1811220" lon="10.1224060">
    <ele>69.0</ele>
   </trkpt>
   <trkpt lat="56.1811190" lon="10.1224140">
    <ele>69.0</ele>
   </trkpt>
   <trkpt lat="56.1811190" lon="10.1224140">
    <ele>69.0</ele>
   </trkpt>
   <trkpt lat="56.1811190" lon="10.1224140">
    <ele>69.0</ele>
   </trkpt>
   <trkpt lat="56.1811010" lon="10.1224910">
    <ele>68.6</ele>
   </trkpt>
   <trkpt lat="56.1810880" lon="10.1225340">
    <ele>68.6</ele>
   </trkpt>
   <trkpt lat="56.1810740" lon="10.1225820">
    <ele>68.4</ele>
   </trkpt>
   <trkpt lat="56.1810610" lon="10.1226350">
    <ele>68.4</ele>
   </trkpt>
   <trkpt lat="56.1810480" lon="10.1226930">
    <ele>68.2</ele>
   </trkpt>
   <trkpt lat="56.1810380" lon="10.1227560">
    <ele>68.2</ele>
   </trkpt>
   <trkpt lat="56.1810230" lon="10.1228240">
    <ele>68.2</ele>
   </trkpt>
   <trkpt lat="56.1810080" lon="10.1228960">
    <ele>68.0</ele>
   </trkpt>
   <trkpt lat="56.1809920" lon="10.1229710">
    <ele>68.0</ele>
   </trkpt>
   <trkpt lat="56.1809770" lon="10.1230490">
    <ele>68.0</ele>
   </trkpt>
   <trkpt lat="56.1809600" lon="10.1231300">
    <ele>68.0</ele>
   </trkpt>
   <trkpt lat="56.1809400" lon="10.1232150">
    <ele>68.0</ele>
   </trkpt>
   <trkpt lat="56.1809190" lon="10.1233060">
    <ele>68.0</ele>
   </trkpt>
   <trkpt lat="56.1808980" lon="10.1233990">
    <ele>68.0</ele>
   </trkpt>
   <trkpt lat="56.1808750" lon="10.1234990">
    <ele>68.0</ele>
   </trkpt>
   <trkpt lat="56.1808520" lon="10.1236040">
    <ele>68.0</ele>
   </trkpt>
   <trkpt lat="56.1808300" lon="10.1237130">
    <ele>68.0</ele>
   </trkpt>
   <trkpt lat="56.1808100" lon="10.1238260">
    <ele>68.0</ele>
   </trkpt>
   <trkpt lat="56.1807900" lon="10.1239420">
    <ele>67.8</ele>
   </trkpt>
   <trkpt lat="56.1807650" lon="10.1240600">
    <ele>67.8</ele>
   </trkpt>
   <trkpt lat="56.1807390" lon="10.1241790">
    <ele>67.8</ele>
   </trkpt>
   <trkpt lat="56.1807130" lon="10.1243000">
    <ele>67.6</ele>
   </trkpt>
   <trkpt lat="56.1806860" lon="10.1244230">
    <ele>67.4</ele>
   </trkpt>
   <trkpt lat="56.1806560" lon="10.1245460">
    <ele>67.2</ele>
   </trkpt>
   <trkpt lat="56.1806250" lon="10.1246690">
    <ele>67.0</ele>
   </trkpt>
   <trkpt lat="56.1805950" lon="10.1247950">
    <ele>66.8</ele>
   </trkpt>
   <trkpt lat="56.1805650" lon="10.1249240">
    <ele>66.6</ele>
   </trkpt>
   <trkpt lat="56.1805310" lon="10.1250540">
    <ele>66.4</ele>
   </trkpt>
   <trkpt lat="56.1804950" lon="10.1251870">
    <ele>66.2</ele>
   </trkpt>
   <trkpt lat="56.1804590" lon="10.1253240">
    <ele>65.8</ele>
   </trkpt>
   <trkpt lat="56.1804220" lon="10.1254640">
    <ele>65.4</ele>
   </trkpt>
   <trkpt lat="56.1803860" lon="10.1256080">
    <ele>65.0</ele>
   </trkpt>
   <trkpt lat="56.1803480" lon="10.1257550">
    <ele>64.4</ele>
   </trkpt>
   <trkpt lat="56.1803120" lon="10.1259050">
    <ele>63.8</ele>
   </trkpt>
   <trkpt lat="56.1802750" lon="10.1260580">
    <ele>63.4</ele>
   </trkpt>
   <trkpt lat="56.1802380" lon="10.1262130">
    <ele>63.0</ele>
   </trkpt>
   <trkpt lat="56.1801990" lon="10.1263720">
    <ele>62.6</ele>
   </trkpt>
   <trkpt lat="56.1801590" lon="10.1265340">
    <ele>62.2</ele>
   </trkpt>
   <trkpt lat="56.1801200" lon="10.1266980">
    <ele>61.8</ele>
   </trkpt>
   <trkpt lat="56.1800790" lon="10.1268640">
    <ele>61.6</ele>
   </trkpt>
   <trkpt lat="56.1800380" lon="10.1270330">
    <ele>61.2</ele>
   </trkpt>
   <trkpt lat="56.1799960" lon="10.1272050">
    <ele>60.8</ele>
   </trkpt>
   <trkpt lat="56.1799530" lon="10.1273770">
    <ele>60.4</ele>
   </trkpt>
   <trkpt lat="56.1799110" lon="10.1275550">
    <ele>59.8</ele>
   </trkpt>
   <trkpt lat="56.1798680" lon="10.1277350">
    <ele>59.4</ele>
   </trkpt>
   <trkpt lat="56.1798240" lon="10.1279170">
    <ele>59.0</ele>
   </trkpt>
   <trkpt lat="56.1797790" lon="10.1281010">
    <ele>58.6</ele>
   </trkpt>
   <trkpt lat="56.1797330" lon="10.1282840">
    <ele>58.0</ele>
   </trkpt>
   <trkpt lat="56.1796880" lon="10.1284640">
    <ele>57.6</ele>
   </trkpt>
   <trkpt lat="56.1796430" lon="10.1286380">
    <ele>57.2</ele>
   </trkpt>
   <trkpt lat="56.1795960" lon="10.1287990">
    <ele>56.8</ele>
   </trkpt>
   <trkpt lat="56.1795510" lon="10.1289470">
    <ele>56.4</ele>
   </trkpt>
   <trkpt lat="56.1795090" lon="10.1290840">
    <ele>56.2</ele>
   </trkpt>
   <trkpt lat="56.1794720" lon="10.1292050">
    <ele>56.0</ele>
   </trkpt>
   <trkpt lat="56.1794390" lon="10.1293150">
    <ele>55.8</ele>
   </trkpt>
   <trkpt lat="56.1794120" lon="10.1294130">
    <ele>55.8</ele>
   </trkpt>
   <trkpt lat="56.1793880" lon="10.1294960">
    <ele>55.8</ele>
   </trkpt>
   <trkpt lat="56.1793680" lon="10.1295680">
    <ele>55.6</ele>
   </trkpt>
   <trkpt lat="56.1793490" lon="10.1296370">
    <ele>55.6</ele>
   </trkpt>
   <trkpt lat="56.1793270" lon="10.1297000">
    <ele>55.6</ele>
   </trkpt>
   <trkpt lat="56.1793050" lon="10.1297710">
    <ele>55.4</ele>
   </trkpt>
   <trkpt lat="56.1792800" lon="10.1298470">
    <ele>55.4</ele>
   </trkpt>
   <trkpt lat="56.1792540" lon="10.1299310">
    <ele>55.6</ele>
   </trkpt>
   <trkpt lat="56.1792310" lon="10.1300240">
    <ele>55.4</ele>
   </trkpt>
   <trkpt lat="56.1792120" lon="10.1301280">
    <ele>55.4</ele>
   </trkpt>
   <trkpt lat="56.1791880" lon="10.1302350">
    <ele>55.4</ele>
   </trkpt>
   <trkpt lat="56.1791620" lon="10.1303480">
    <ele>55.4</ele>
   </trkpt>
   <trkpt lat="56.1791360" lon="10.1304630">
    <ele>55.4</ele>
   </trkpt>
   <trkpt lat="56.1791100" lon="10.1305790">
    <ele>55.4</ele>
   </trkpt>
   <trkpt lat="56.1790820" lon="10.1306950">
    <ele>55.6</ele>
   </trkpt>
   <trkpt lat="56.1790550" lon="10.1308100">
    <ele>55.6</ele>
   </trkpt>
   <trkpt lat="56.1790290" lon="10.1309270">
    <ele>55.8</ele>
   </trkpt>
   <trkpt lat="56.1790030" lon="10.1310460">
    <ele>56.2</ele>
   </trkpt>
   <trkpt lat="56.1789770" lon="10.1311620">
    <ele>56.4</ele>
   </trkpt>
   <trkpt lat="56.1789490" lon="10.1312790">
    <ele>56.8</ele>
   </trkpt>
   <trkpt lat="56.1789200" lon="10.1313960">
    <ele>57.0</ele>
   </trkpt>
   <trkpt lat="56.1788930" lon="10.1315120">
    <ele>57.2</ele>
   </trkpt>
   <trkpt lat="56.1788660" lon="10.1316290">
    <ele>57.4</ele>
   </trkpt>
   <trkpt lat="56.1788410" lon="10.1317460">
    <ele>57.8</ele>
   </trkpt>
   <trkpt lat="56.1788160" lon="10.1318630">
    <ele>58.0</ele>
   </trkpt>
   <trkpt lat="56.1787890" lon="10.1319790">
    <ele>58.2</ele>
   </trkpt>
   <trkpt lat="56.1787620" lon="10.1320930">
    <ele>58.6</ele>
   </trkpt>
   <trkpt lat="56.1787350" lon="10.1322060">
    <ele>59.0</ele>
   </trkpt>
   <trkpt lat="56.1787050" lon="10.1323150">
    <ele>59.2</ele>
   </trkpt>
   <trkpt lat="56.1786750" lon="10.1324240">
    <ele>59.6</ele>
   </trkpt>
   <trkpt lat="56.1786440" lon="10.1325320">
    <ele>60.0</ele>
   </trkpt>
   <trkpt lat="56.1786160" lon="10.1326320">
    <ele>60.2</ele>
   </trkpt>
   <trkpt lat="56.1785910" lon="10.1327260">
    <ele>60.6</ele>
   </trkpt>
   <trkpt lat="56.1785630" lon="10.1328090">
    <ele>61.2</ele>
   </trkpt>
   <trkpt lat="56.1785250" lon="10.1328770">
    <ele>61.6</ele>
   </trkpt>
   <trkpt lat="56.1784850" lon="10.1329410">
    <ele>62.0</ele>
   </trkpt>
   <trkpt lat="56.1784540" lon="10.1330140">
    <ele>62.4</ele>
   </trkpt>
   <trkpt lat="56.1784380" lon="10.1330970">
    <ele>62.6</ele>
   </trkpt>
   <trkpt lat="56.1784340" lon="10.1331880">
    <ele>62.8</ele>
   </trkpt>
   <trkpt lat="56.1784400" lon="10.1332840">
    <ele>63.0</ele>
   </trkpt>
   <trkpt lat="56.1784430" lon="10.1333840">
    <ele>63.0</ele>
   </trkpt>
   <trkpt lat="56.1784360" lon="10.1334850">
    <ele>63.0</ele>
   </trkpt>
   <trkpt lat="56.1784200" lon="10.1335830">
    <ele>63.2</ele>
   </trkpt>
   <trkpt lat="56.1783960" lon="10.1336750">
    <ele>63.4</ele>
   </trkpt>
   <trkpt lat="56.1783690" lon="10.1337640">
    <ele>63.4</ele>
   </trkpt>
   <trkpt lat="56.1783420" lon="10.1338550">
    <ele>63.6</ele>
   </trkpt>
   <trkpt lat="56.1783180" lon="10.1339470">
    <ele>63.8</ele>
   </trkpt>
   <trkpt lat="56.1782950" lon="10.1340420">
    <ele>64.0</ele>
   </trkpt>
   <trkpt lat="56.1782730" lon="10.1341350">
    <ele>64.2</ele>
   </trkpt>
   <trkpt lat="56.1782510" lon="10.1342270">
    <ele>64.4</ele>
   </trkpt>
   <trkpt lat="56.1782280" lon="10.1343210">
    <ele>64.6</ele>
   </trkpt>
   <trkpt lat="56.1782040" lon="10.1344150">
    <ele>64.6</ele>
   </trkpt>
   <trkpt lat="56.1781820" lon="10.1345090">
    <ele>65.0</ele>
   </trkpt>
   <trkpt lat="56.1781590" lon="10.1346050">
    <ele>65.0</ele>
   </trkpt>
   <trkpt lat="56.1781360" lon="10.1347010">
    <ele>65.2</ele>
   </trkpt>
   <trkpt lat="56.1781130" lon="10.1347980">
    <ele>65.2</ele>
   </trkpt>
   <trkpt lat="56.1780890" lon="10.1348930">
    <ele>65.4</ele>
   </trkpt>
   <trkpt lat="56.1780630" lon="10.1349900">
    <ele>65.4</ele>
   </trkpt>
   <trkpt lat="56.1780370" lon="10.1350870">
    <ele>65.6</ele>
   </trkpt>
   <trkpt lat="56.1780100" lon="10.1351840">
    <ele>65.6</ele>
   </trkpt>
   <trkpt lat="56.1779830" lon="10.1352800">
    <ele>65.6</ele>
   </trkpt>
   <trkpt lat="56.1779530" lon="10.1353770">
    <ele>65.6</ele>
   </trkpt>
   <trkpt lat="56.1779250" lon="10.1354760">
    <ele>65.6</ele>
   </trkpt>
   <trkpt lat="56.1778960" lon="10.1355740">
    <ele>65.6</ele>
   </trkpt>
   <trkpt lat="56.1778720" lon="10.1356730">
    <ele>65.8</ele>
   </trkpt>
   <trkpt lat="56.1778470" lon="10.1357740">
    <ele>65.8</ele>
   </trkpt>
   <trkpt lat="56.1778220" lon="10.1358770">
    <ele>65.8</ele>
   </trkpt>
   <trkpt lat="56.1777970" lon="10.1359800">
    <ele>66.0</ele>
   </trkpt>
   <trkpt lat="56.1777730" lon="10.1360850">
    <ele>66.2</ele>
   </trkpt>
   <trkpt lat="56.1777460" lon="10.1361930">
    <ele>66.2</ele>
   </trkpt>
   <trkpt lat="56.1777180" lon="10.1363020">
    <ele>66.2</ele>
   </trkpt>
   <trkpt lat="56.1776900" lon="10.1364140">
    <ele>66.2</ele>
   </trkpt>
   <trkpt lat="56.1776600" lon="10.1365240">
    <ele>66.2</ele>
   </trkpt>
   <trkpt lat="56.1776290" lon="10.1366330">
    <ele>66.2</ele>
   </trkpt>
   <trkpt lat="56.1775980" lon="10.1367440">
    <ele>66.4</ele>
   </trkpt>
   <trkpt lat="56.1775660" lon="10.1368540">
    <ele>66.4</ele>
   </trkpt>
   <trkpt lat="56.1775360" lon="10.1369640">
    <ele>66.4</ele>
   </trkpt>
   <trkpt lat="56.1775080" lon="10.1370780">
    <ele>66.4</ele>
   </trkpt>
   <trkpt lat="56.1774810" lon="10.1371900">
    <ele>66.4</ele>
   </trkpt>
   <trkpt lat="56.1774530" lon="10.1373020">
    <ele>66.4</ele>
   </trkpt>
   <trkpt lat="56.1774270" lon="10.1374130">
    <ele>66.4</ele>
   </trkpt>
   <trkpt lat="56.1774020" lon="10.1375290">
    <ele>66.4</ele>
   </trkpt>
   <trkpt lat="56.1773810" lon="10.1376460">
    <ele>66.4</ele>
   </trkpt>
   <trkpt lat="56.1773610" lon="10.1377650">
    <ele>66.6</ele>
   </trkpt>
   <trkpt lat="56.1773390" lon="10.1378830">
    <ele>66.6</ele>
   </trkpt>
   <trkpt lat="56.1773150" lon="10.1380000">
    <ele>66.8</ele>
   </trkpt>
   <trkpt lat="56.1772920" lon="10.1381130">
    <ele>66.8</ele>
   </trkpt>
   <trkpt lat="56.1772660" lon="10.1382280">
    <ele>67.0</ele>
   </trkpt>
   <trkpt lat="56.1772370" lon="10.1383450">
    <ele>67.2</ele>
   </trkpt>
   <trkpt lat="56.1772110" lon="10.1384630">
    <ele>67.2</ele>
   </trkpt>
   <trkpt lat="56.1771830" lon="10.1385820">
    <ele>67.4</ele>
   </trkpt>
   <trkpt lat="56.1771560" lon="10.1386990">
    <ele>67.4</ele>
   </trkpt>
   <trkpt lat="56.1771280" lon="10.1388170">
    <ele>67.4</ele>
   </trkpt>
   <trkpt lat="56.1770990" lon="10.1389360">
    <ele>67.4</ele>
   </trkpt>
   <trkpt lat="56.1770700" lon="10.1390540">
    <ele>67.4</ele>
   </trkpt>
   <trkpt lat="56.1770430" lon="10.1391750">
    <ele>67.6</ele>
   </trkpt>
   <trkpt lat="56.1770140" lon="10.1392940">
    <ele>67.6</ele>
   </trkpt>
   <trkpt lat="56.1769850" lon="10.1394120">
    <ele>67.6</ele>
   </trkpt>
   <trkpt lat="56.1769560" lon="10.1395310">
    <ele>67.8</ele>
   </trkpt>
   <trkpt lat="56.1769300" lon="10.1396500">
    <ele>67.8</ele>
   </trkpt>
   <trkpt lat="56.1769030" lon="10.1397680">
    <ele>67.8</ele>
   </trkpt>
   <trkpt lat="56.1768760" lon="10.1398880">
    <ele>67.8</ele>
   </trkpt>
   <trkpt lat="56.1768490" lon="10.1400070">
    <ele>67.8</ele>
   </trkpt>
   <trkpt lat="56.1768220" lon="10.1401260">
    <ele>68.0</ele>
   </trkpt>
   <trkpt lat="56.1767970" lon="10.1402440">
    <ele>68.0</ele>
   </trkpt>
   <trkpt lat="56.1767710" lon="10.1403630">
    <ele>68.2</ele>
   </trkpt>
   <trkpt lat="56.1767430" lon="10.1404840">
    <ele>68.4</ele>
   </trkpt>
   <trkpt lat="56.1767150" lon="10.1406050">
    <ele>68.4</ele>
   </trkpt>
   <trkpt lat="56.1766870" lon="10.1407260">
    <ele>68.6</ele>
   </trkpt>
   <trkpt lat="56.1766580" lon="10.1408450">
    <ele>68.8</ele>
   </trkpt>
   <trkpt lat="56.1766320" lon="10.1409620">
    <ele>68.8</ele>
   </trkpt>
   <trkpt lat="56.1766070" lon="10.1410830">
    <ele>68.8</ele>
   </trkpt>
   <trkpt lat="56.1765800" lon="10.1412020">
    <ele>69.0</ele>
   </trkpt>
   <trkpt lat="56.1765520" lon="10.1413220">
    <ele>69.0</ele>
   </trkpt>
   <trkpt lat="56.1765250" lon="10.1414430">
    <ele>69.0</ele>
   </trkpt>
   <trkpt lat="56.1764970" lon="10.1415630">
    <ele>69.0</ele>
   </trkpt>
   <trkpt lat="56.1764690" lon="10.1416830">
    <ele>69.2</ele>
   </trkpt>
   <trkpt lat="56.1764410" lon="10.1418040">
    <ele>69.2</ele>
   </trkpt>
   <trkpt lat="56.1764140" lon="10.1419270">
    <ele>69.2</ele>
   </trkpt>
   <trkpt lat="56.1763860" lon="10.1420500">
    <ele>69.2</ele>
   </trkpt>
   <trkpt lat="56.1763560" lon="10.1421730">
    <ele>69.4</ele>
   </trkpt>
   <trkpt lat="56.1763270" lon="10.1422930">
    <ele>69.4</ele>
   </trkpt>
   <trkpt lat="56.1763010" lon="10.1424140">
    <ele>69.4</ele>
   </trkpt>
   <trkpt lat="56.1762760" lon="10.1425330">
    <ele>69.4</ele>
   </trkpt>
   <trkpt lat="56.1762490" lon="10.1426540">
    <ele>69.4</ele>
   </trkpt>
   <trkpt lat="56.1762230" lon="10.1427740">
    <ele>69.4</ele>
   </trkpt>
   <trkpt lat="56.1761950" lon="10.1428900">
    <ele>69.4</ele>
   </trkpt>
   <trkpt lat="56.1761670" lon="10.1430080">
    <ele>69.6</ele>
   </trkpt>
   <trkpt lat="56.1761390" lon="10.1431260">
    <ele>69.6</ele>
   </trkpt>
   <trkpt lat="56.1761110" lon="10.1432460">
    <ele>69.6</ele>
   </trkpt>
   <trkpt lat="56.1760830" lon="10.1433670">
    <ele>69.6</ele>
   </trkpt>
   <trkpt lat="56.1760560" lon="10.1434890">
    <ele>69.6</ele>
   </trkpt>
   <trkpt lat="56.1760290" lon="10.1436110">
    <ele>69.8</ele>
   </trkpt>
   <trkpt lat="56.1760000" lon="10.1437280">
    <ele>69.8</ele>
   </trkpt>
   <trkpt lat="56.1759720" lon="10.1438450">
    <ele>69.8</ele>
   </trkpt>
   <trkpt lat="56.1759430" lon="10.1439640">
    <ele>70.0</ele>
   </trkpt>
   <trkpt lat="56.1759150" lon="10.1440830">
    <ele>70.0</ele>
   </trkpt>
   <trkpt lat="56.1758870" lon="10.1442020">
    <ele>70.0</ele>
   </trkpt>
   <trkpt lat="56.1758590" lon="10.1443210">
    <ele>70.2</ele>
   </trkpt>
   <trkpt lat="56.1758310" lon="10.1444410">
    <ele>70.2</ele>
   </trkpt>
   <trkpt lat="56.1758050" lon="10.1445600">
    <ele>70.4</ele>
   </trkpt>
   <trkpt lat="56.1757770" lon="10.1446800">
    <ele>70.4</ele>
   </trkpt>
   <trkpt lat="56.1757500" lon="10.1447990">
    <ele>70.4</ele>
   </trkpt>
   <trkpt lat="56.1757230" lon="10.1449150">
    <ele>70.4</ele>
   </trkpt>
   <trkpt lat="56.1756960" lon="10.1450320">
    <ele>70.6</ele>
   </trkpt>
   <trkpt lat="56.1756670" lon="10.1451530">
    <ele>70.6</ele>
   </trkpt>
   <trkpt lat="56.1756390" lon="10.1452750">
    <ele>70.8</ele>
   </trkpt>
   <trkpt lat="56.1756110" lon="10.1453950">
    <ele>70.8</ele>
   </trkpt>
   <trkpt lat="56.1755840" lon="10.1455160">
    <ele>71.0</ele>
   </trkpt>
   <trkpt lat="56.1755560" lon="10.1456380">
    <ele>71.0</ele>
   </trkpt>
   <trkpt lat="56.1755270" lon="10.1457620">
    <ele>71.0</ele>
   </trkpt>
   <trkpt lat="56.1754990" lon="10.1458860">
    <ele>71.2</ele>
   </trkpt>
   <trkpt lat="56.1754700" lon="10.1460090">
    <ele>71.2</ele>
   </trkpt>
   <trkpt lat="56.1754400" lon="10.1461320">
    <ele>71.2</ele>
   </trkpt>
   <trkpt lat="56.1754090" lon="10.1462570">
    <ele>71.2</ele>
   </trkpt>
   <trkpt lat="56.1753800" lon="10.1463800">
    <ele>71.2</ele>
   </trkpt>
   <trkpt lat="56.1753500" lon="10.1465060">
    <ele>71.2</ele>
   </trkpt>
   <trkpt lat="56.1753200" lon="10.1466310">
    <ele>71.2</ele>
   </trkpt>
   <trkpt lat="56.1752890" lon="10.1467530">
    <ele>71.4</ele>
   </trkpt>
   <trkpt lat="56.1752560" lon="10.1468750">
    <ele>71.4</ele>
   </trkpt>
   <trkpt lat="56.1752250" lon="10.1469980">
    <ele>71.4</ele>
   </trkpt>
   <trkpt lat="56.1751930" lon="10.1471180">
    <ele>71.6</ele>
   </trkpt>
   <trkpt lat="56.1751610" lon="10.1472380">
    <ele>71.8</ele>
   </trkpt>
   <trkpt lat="56.1751270" lon="10.1473600">
    <ele>71.8</ele>
   </trkpt>
   <trkpt lat="56.1750940" lon="10.1474800">
    <ele>72.0</ele>
   </trkpt>
   <trkpt lat="56.1750590" lon="10.1476030">
    <ele>72.2</ele>
   </trkpt>
   <trkpt lat="56.1750220" lon="10.1477250">
    <ele>72.4</ele>
   </trkpt>
   <trkpt lat="56.1749840" lon="10.1478460">
    <ele>72.6</ele>
   </trkpt>
   <trkpt lat="56.1749440" lon="10.1479670">
    <ele>72.6</ele>
   </trkpt>
   <trkpt lat="56.1749040" lon="10.1480850">
    <ele>72.8</ele>
   </trkpt>
   <trkpt lat="56.1748630" lon="10.1481990">
    <ele>72.8</ele>
   </trkpt>
   <trkpt lat="56.1748250" lon="10.1483110">
    <ele>73.0</ele>
   </trkpt>
   <trkpt lat="56.1747860" lon="10.1484230">
    <ele>73.0</ele>
   </trkpt>
   <trkpt lat="56.1747480" lon="10.1485370">
    <ele>73.0</ele>
   </trkpt>
   <trkpt lat="56.1747080" lon="10.1486490">
    <ele>73.2</ele>
   </trkpt>
   <trkpt lat="56.1746680" lon="10.1487590">
    <ele>73.4</ele>
   </trkpt>
   <trkpt lat="56.1746270" lon="10.1488710">
    <ele>73.4</ele>
   </trkpt>
   <trkpt lat="56.1745860" lon="10.1489820">
    <ele>73.6</ele>
   </trkpt>
   <trkpt lat="56.1745440" lon="10.1490950">
    <ele>73.8</ele>
   </trkpt>
   <trkpt lat="56.1745020" lon="10.1492050">
    <ele>73.8</ele>
   </trkpt>
   <trkpt lat="56.1744600" lon="10.1493140">
    <ele>73.8</ele>
   </trkpt>
   <trkpt lat="56.1744170" lon="10.1494190">
    <ele>73.6</ele>
   </trkpt>
   <trkpt lat="56.1743720" lon="10.1495260">
    <ele>73.6</ele>
   </trkpt>
   <trkpt lat="56.1743260" lon="10.1496300">
    <ele>73.6</ele>
   </trkpt>
   <trkpt lat="56.1742770" lon="10.1497280">
    <ele>73.6</ele>
   </trkpt>
   <trkpt lat="56.1742280" lon="10.1498250">
    <ele>73.6</ele>
   </trkpt>
   <trkpt lat="56.1741810" lon="10.1499200">
    <ele>73.6</ele>
   </trkpt>
   <trkpt lat="56.1741340" lon="10.1500180">
    <ele>73.4</ele>
   </trkpt>
   <trkpt lat="56.1740870" lon="10.1501120">
    <ele>73.4</ele>
   </trkpt>
   <trkpt lat="56.1740410" lon="10.1502020">
    <ele>73.4</ele>
   </trkpt>
   <trkpt lat="56.1739930" lon="10.1502960">
    <ele>73.4</ele>
   </trkpt>
   <trkpt lat="56.1739450" lon="10.1503960">
    <ele>73.4</ele>
   </trkpt>
   <trkpt lat="56.1738960" lon="10.1505000">
    <ele>73.2</ele>
   </trkpt>
   <trkpt lat="56.1738440" lon="10.1506040">
    <ele>73.0</ele>
   </trkpt>
   <trkpt lat="56.1737900" lon="10.1507100">
    <ele>72.8</ele>
   </trkpt>
   <trkpt lat="56.1737370" lon="10.1508140">
    <ele>72.8</ele>
   </trkpt>
   <trkpt lat="56.1736830" lon="10.1509180">
    <ele>72.6</ele>
   </trkpt>
   <trkpt lat="56.1736270" lon="10.1510190">
    <ele>72.4</ele>
   </trkpt>
   <trkpt lat="56.1735750" lon="10.1511200">
    <ele>72.4</ele>
   </trkpt>
   <trkpt lat="56.1735220" lon="10.1512230">
    <ele>72.4</ele>
   </trkpt>
   <trkpt lat="56.1734710" lon="10.1513270">
    <ele>72.4</ele>
   </trkpt>
   <trkpt lat="56.1734200" lon="10.1514290">
    <ele>72.2</ele>
   </trkpt>
   <trkpt lat="56.1733680" lon="10.1515350">
    <ele>72.0</ele>
   </trkpt>
   <trkpt lat="56.1733180" lon="10.1516410">
    <ele>72.0</ele>
   </trkpt>
   <trkpt lat="56.1732670" lon="10.1517470">
    <ele>71.8</ele>
   </trkpt>
   <trkpt lat="56.1732170" lon="10.1518510">
    <ele>71.8</ele>
   </trkpt>
   <trkpt lat="56.1731660" lon="10.1519580">
    <ele>71.8</ele>
   </trkpt>
   <trkpt lat="56.1731160" lon="10.1520670">
    <ele>71.8</ele>
   </trkpt>
   <trkpt lat="56.1730670" lon="10.1521760">
    <ele>71.8</ele>
   </trkpt>
   <trkpt lat="56.1730190" lon="10.1522830">
    <ele>71.8</ele>
   </trkpt>
   <trkpt lat="56.1729690" lon="10.1523910">
    <ele>72.0</ele>
   </trkpt>
   <trkpt lat="56.1729180" lon="10.1524980">
    <ele>71.8</ele>
   </trkpt>
   <trkpt lat="56.1728670" lon="10.1526060">
    <ele>71.8</ele>
   </trkpt>
   <trkpt lat="56.1728190" lon="10.1527140">
    <ele>72.0</ele>
   </trkpt>
   <trkpt lat="56.1727710" lon="10.1528220">
    <ele>72.0</ele>
   </trkpt>
   <trkpt lat="56.1727240" lon="10.1529260">
    <ele>72.0</ele>
   </trkpt>
   <trkpt lat="56.1726770" lon="10.1530300">
    <ele>72.2</ele>
   </trkpt>
   <trkpt lat="56.1726310" lon="10.1531310">
    <ele>72.4</ele>
   </trkpt>
   <trkpt lat="56.1725840" lon="10.1532330">
    <ele>72.4</ele>
   </trkpt>
   <trkpt lat="56.1725380" lon="10.1533340">
    <ele>72.6</ele>
   </trkpt>
   <trkpt lat="56.1724910" lon="10.1534320">
    <ele>72.6</ele>
   </trkpt>
   <trkpt lat="56.1724450" lon="10.1535290">
    <ele>72.8</ele>
   </trkpt>
   <trkpt lat="56.1724000" lon="10.1536240">
    <ele>73.0</ele>
   </trkpt>
   <trkpt lat="56.1723530" lon="10.1537200">
    <ele>73.2</ele>
   </trkpt>
   <trkpt lat="56.1723090" lon="10.1538180">
    <ele>73.4</ele>
   </trkpt>
   <trkpt lat="56.1722660" lon="10.1539160">
    <ele>73.4</ele>
   </trkpt>
   <trkpt lat="56.1722240" lon="10.1540140">
    <ele>73.6</ele>
   </trkpt>
   <trkpt lat="56.1721800" lon="10.1541110">
    <ele>74.0</ele>
   </trkpt>
   <trkpt lat="56.1721360" lon="10.1542030">
    <ele>74.2</ele>
   </trkpt>
   <trkpt lat="56.1720920" lon="10.1542930">
    <ele>74.4</ele>
   </trkpt>
   <trkpt lat="56.1720460" lon="10.1543820">
    <ele>74.6</ele>
   </trkpt>
   <trkpt lat="56.1719990" lon="10.1544680">
    <ele>74.8</ele>
   </trkpt>
   <trkpt lat="56.1719490" lon="10.1545480">
    <ele>75.0</ele>
   </trkpt>
   <trkpt lat="56.1718960" lon="10.1546250">
    <ele>75.2</ele>
   </trkpt>
   <trkpt lat="56.1718470" lon="10.1547060">
    <ele>75.2</ele>
   </trkpt>
   <trkpt lat="56.1717990" lon="10.1547920">
    <ele>75.4</ele>
   </trkpt>
   <trkpt lat="56.1717520" lon="10.1548790">
    <ele>75.4</ele>
   </trkpt>
   <trkpt lat="56.1717030" lon="10.1549650">
    <ele>75.6</ele>
   </trkpt>
   <trkpt lat="56.1716550" lon="10.1550490">
    <ele>75.6</ele>
   </trkpt>
   <trkpt lat="56.1716050" lon="10.1551320">
    <ele>75.8</ele>
   </trkpt>
   <trkpt lat="56.1715540" lon="10.1552130">
    <ele>76.0</ele>
   </trkpt>
   <trkpt lat="56.1715020" lon="10.1552960">
    <ele>76.0</ele>
   </trkpt>
   <trkpt lat="56.1714510" lon="10.1553770">
    <ele>76.2</ele>
   </trkpt>
   <trkpt lat="56.1713990" lon="10.1554600">
    <ele>76.4</ele>
   </trkpt>
   <trkpt lat="56.1713450" lon="10.1555480">
    <ele>76.6</ele>
   </trkpt>
   <trkpt lat="56.1712950" lon="10.1556380">
    <ele>76.8</ele>
   </trkpt>
   <trkpt lat="56.1712460" lon="10.1557300">
    <ele>77.0</ele>
   </trkpt>
   <trkpt lat="56.1711980" lon="10.1558210">
    <ele>77.2</ele>
   </trkpt>
   <trkpt lat="56.1711520" lon="10.1559160">
    <ele>77.4</ele>
   </trkpt>
   <trkpt lat="56.1711060" lon="10.1560130">
    <ele>77.4</ele>
   </trkpt>
   <trkpt lat="56.1710590" lon="10.1561080">
    <ele>77.4</ele>
   </trkpt>
   <trkpt lat="56.1710130" lon="10.1562010">
    <ele>77.6</ele>
   </trkpt>
   <trkpt lat="56.1709690" lon="10.1562960">
    <ele>77.6</ele>
   </trkpt>
   <trkpt lat="56.1709280" lon="10.1563910">
    <ele>77.6</ele>
   </trkpt>
   <trkpt lat="56.1708880" lon="10.1564870">
    <ele>77.8</ele>
   </trkpt>
   <trkpt lat="56.1708490" lon="10.1565870">
    <ele>77.8</ele>
   </trkpt>
   <trkpt lat="56.1708100" lon="10.1566830">
    <ele>78.0</ele>
   </trkpt>
   <trkpt lat="56.1707720" lon="10.1567760">
    <ele>78.0</ele>
   </trkpt>
   <trkpt lat="56.1707370" lon="10.1568660">
    <ele>78.0</ele>
   </trkpt>
   <trkpt lat="56.1707000" lon="10.1569530">
    <ele>78.2</ele>
   </trkpt>
   <trkpt lat="56.1706640" lon="10.1570430">
    <ele>78.2</ele>
   </trkpt>
   <trkpt lat="56.1706300" lon="10.1571300">
    <ele>78.2</ele>
   </trkpt>
   <trkpt lat="56.1705990" lon="10.1572200">
    <ele>78.2</ele>
   </trkpt>
   <trkpt lat="56.1705680" lon="10.1573190">
    <ele>78.2</ele>
   </trkpt>
   <trkpt lat="56.1705360" lon="10.1574110">
    <ele>78.4</ele>
   </trkpt>
   <trkpt lat="56.1705010" lon="10.1574990">
    <ele>78.4</ele>
   </trkpt>
   <trkpt lat="56.1704660" lon="10.1575910">
    <ele>78.4</ele>
   </trkpt>
   <trkpt lat="56.1704290" lon="10.1576810">
    <ele>78.4</ele>
   </trkpt>
   <trkpt lat="56.1703920" lon="10.1577770">
    <ele>78.4</ele>
   </trkpt>
   <trkpt lat="56.1703560" lon="10.1578730">
    <ele>78.4</ele>
   </trkpt>
   <trkpt lat="56.1703170" lon="10.1579620">
    <ele>78.4</ele>
   </trkpt>
   <trkpt lat="56.1702820" lon="10.1580580">
    <ele>78.4</ele>
   </trkpt>
   <trkpt lat="56.1702480" lon="10.1581640">
    <ele>78.2</ele>
   </trkpt>
   <trkpt lat="56.1702140" lon="10.1582740">
    <ele>78.0</ele>
   </trkpt>
   <trkpt lat="56.1701770" lon="10.1583830">
    <ele>78.0</ele>
   </trkpt>
   <trkpt lat="56.1701370" lon="10.1584920">
    <ele>77.8</ele>
   </trkpt>
   <trkpt lat="56.1700950" lon="10.1586010">
    <ele>77.6</ele>
   </trkpt>
   <trkpt lat="56.1700540" lon="10.1587090">
    <ele>77.4</ele>
   </trkpt>
   <trkpt lat="56.1700140" lon="10.1588200">
    <ele>77.2</ele>
   </trkpt>
   <trkpt lat="56.1699750" lon="10.1589320">
    <ele>77.0</ele>
   </trkpt>
   <trkpt lat="56.1699340" lon="10.1590400">
    <ele>76.8</ele>
   </trkpt>
   <trkpt lat="56.1698930" lon="10.1591490">
    <ele>76.6</ele>
   </trkpt>
   <trkpt lat="56.1698540" lon="10.1592630">
    <ele>76.4</ele>
   </trkpt>
   <trkpt lat="56.1698120" lon="10.1593810">
    <ele>76.2</ele>
   </trkpt>
   <trkpt lat="56.1697670" lon="10.1595000">
    <ele>75.8</ele>
   </trkpt>
   <trkpt lat="56.1697220" lon="10.1596200">
    <ele>75.6</ele>
   </trkpt>
   <trkpt lat="56.1696760" lon="10.1597440">
    <ele>75.4</ele>
   </trkpt>
   <trkpt lat="56.1696290" lon="10.1598700">
    <ele>75.0</ele>
   </trkpt>
   <trkpt lat="56.1695790" lon="10.1599960">
    <ele>74.4</ele>
   </trkpt>
   <trkpt lat="56.1695280" lon="10.1601240">
    <ele>73.8</ele>
   </trkpt>
   <trkpt lat="56.1694770" lon="10.1602550">
    <ele>73.2</ele>
   </trkpt>
   <trkpt lat="56.1694240" lon="10.1603880">
    <ele>73.0</ele>
   </trkpt>
   <trkpt lat="56.1693670" lon="10.1605180">
    <ele>72.6</ele>
   </trkpt>
   <trkpt lat="56.1693060" lon="10.1606480">
    <ele>72.2</ele>
   </trkpt>
   <trkpt lat="56.1692400" lon="10.1607750">
    <ele>71.6</ele>
   </trkpt>
   <trkpt lat="56.1691720" lon="10.1608980">
    <ele>71.2</ele>
   </trkpt>
   <trkpt lat="56.1691030" lon="10.1610220">
    <ele>70.8</ele>
   </trkpt>
   <trkpt lat="56.1690360" lon="10.1611480">
    <ele>70.4</ele>
   </trkpt>
   <trkpt lat="56.1689730" lon="10.1612790">
    <ele>70.0</ele>
   </trkpt>
   <trkpt lat="56.1689060" lon="10.1614010">
    <ele>69.6</ele>
   </trkpt>
   <trkpt lat="56.1688330" lon="10.1615140">
    <ele>69.2</ele>
   </trkpt>
   <trkpt lat="56.1687570" lon="10.1616230">
    <ele>68.8</ele>
   </trkpt>
   <trkpt lat="56.1686800" lon="10.1617280">
    <ele>68.4</ele>
   </trkpt>
   <trkpt lat="56.1686030" lon="10.1618340">
    <ele>67.8</ele>
   </trkpt>
   <trkpt lat="56.1685250" lon="10.1619380">
    <ele>67.6</ele>
   </trkpt>
   <trkpt lat="56.1684470" lon="10.1620420">
    <ele>67.2</ele>
   </trkpt>
   <trkpt lat="56.1683720" lon="10.1621450">
    <ele>67.0</ele>
   </trkpt>
   <trkpt lat="56.1682970" lon="10.1622450">
    <ele>66.8</ele>
   </trkpt>
   <trkpt lat="56.1682200" lon="10.1623370">
    <ele>66.8</ele>
   </trkpt>
   <trkpt lat="56.1681410" lon="10.1624240">
    <ele>66.6</ele>
   </trkpt>
   <trkpt lat="56.1680630" lon="10.1625080">
    <ele>66.4</ele>
   </trkpt>
   <trkpt lat="56.1679860" lon="10.1625890">
    <ele>66.2</ele>
   </trkpt>
   <trkpt lat="56.1679100" lon="10.1626670">
    <ele>66.0</ele>
   </trkpt>
   <trkpt lat="56.1678330" lon="10.1627410">
    <ele>66.0</ele>
   </trkpt>
   <trkpt lat="56.1677550" lon="10.1628060">
    <ele>66.0</ele>
   </trkpt>
   <trkpt lat="56.1676750" lon="10.1628620">
    <ele>66.0</ele>
   </trkpt>
   <trkpt lat="56.1675990" lon="10.1629220">
    <ele>66.0</ele>
   </trkpt>
   <trkpt lat="56.1675290" lon="10.1629960">
    <ele>65.8</ele>
   </trkpt>
   <trkpt lat="56.1674600" lon="10.1630820">
    <ele>65.6</ele>
   </trkpt>
   <trkpt lat="56.1673950" lon="10.1631770">
    <ele>65.4</ele>
   </trkpt>
   <trkpt lat="56.1673300" lon="10.1632750">
    <ele>65.4</ele>
   </trkpt>
   <trkpt lat="56.1672680" lon="10.1633780">
    <ele>65.4</ele>
   </trkpt>
   <trkpt lat="56.1672080" lon="10.1634860">
    <ele>65.2</ele>
   </trkpt>
   <trkpt lat="56.1671490" lon="10.1635950">
    <ele>65.4</ele>
   </trkpt>
   <trkpt lat="56.1670920" lon="10.1637050">
    <ele>65.4</ele>
   </trkpt>
   <trkpt lat="56.1670350" lon="10.1638190">
    <ele>65.6</ele>
   </trkpt>
   <trkpt lat="56.1669770" lon="10.1639330">
    <ele>65.6</ele>
   </trkpt>
   <trkpt lat="56.1669170" lon="10.1640480">
    <ele>65.6</ele>
   </trkpt>
   <trkpt lat="56.1668550" lon="10.1641520">
    <ele>65.6</ele>
   </trkpt>
   <trkpt lat="56.1667920" lon="10.1642550">
    <ele>65.6</ele>
   </trkpt>
   <trkpt lat="56.1667350" lon="10.1643720">
    <ele>65.4</ele>
   </trkpt>
   <trkpt lat="56.1666820" lon="10.1644930">
    <ele>65.4</ele>
   </trkpt>
   <trkpt lat="56.1666330" lon="10.1646160">
    <ele>65.2</ele>
   </trkpt>
   <trkpt lat="56.1665880" lon="10.1647440">
    <ele>65.2</ele>
   </trkpt>
   <trkpt lat="56.1665510" lon="10.1648790">
    <ele>65.0</ele>
   </trkpt>
   <trkpt lat="56.1665150" lon="10.1650150">
    <ele>64.8</ele>
   </trkpt>
   <trkpt lat="56.1664720" lon="10.1651420">
    <ele>64.6</ele>
   </trkpt>
   <trkpt lat="56.1664250" lon="10.1652670">
    <ele>64.6</ele>
   </trkpt>
   <trkpt lat="56.1663760" lon="10.1653920">
    <ele>64.6</ele>
   </trkpt>
   <trkpt lat="56.1663270" lon="10.1655170">
    <ele>64.4</ele>
   </trkpt>
   <trkpt lat="56.1662780" lon="10.1656430">
    <ele>64.0</ele>
   </trkpt>
   <trkpt lat="56.1662280" lon="10.1657690">
    <ele>63.6</ele>
   </trkpt>
   <trkpt lat="56.1661790" lon="10.1658990">
    <ele>63.2</ele>
   </trkpt>
   <trkpt lat="56.1661280" lon="10.1660310">
    <ele>62.8</ele>
   </trkpt>
   <trkpt lat="56.1660770" lon="10.1661620">
    <ele>62.4</ele>
   </trkpt>
   <trkpt lat="56.1660260" lon="10.1662970">
    <ele>62.0</ele>
   </trkpt>
   <trkpt lat="56.1659740" lon="10.1664320">
    <ele>61.8</ele>
   </trkpt>
   <trkpt lat="56.1659200" lon="10.1665700">
    <ele>61.4</ele>
   </trkpt>
   <trkpt lat="56.1658670" lon="10.1667120">
    <ele>61.0</ele>
   </trkpt>
   <trkpt lat="56.1658120" lon="10.1668550">
    <ele>60.6</ele>
   </trkpt>
   <trkpt lat="56.1657560" lon="10.1669980">
    <ele>60.0</ele>
   </trkpt>
   <trkpt lat="56.1656990" lon="10.1671430">
    <ele>59.4</ele>
   </trkpt>
   <trkpt lat="56.1656430" lon="10.1672900">
    <ele>58.8</ele>
   </trkpt>
   <trkpt lat="56.1655880" lon="10.1674370">
    <ele>58.4</ele>
   </trkpt>
   <trkpt lat="56.1655320" lon="10.1675850">
    <ele>57.8</ele>
   </trkpt>
   <trkpt lat="56.1654750" lon="10.1677350">
    <ele>57.4</ele>
   </trkpt>
   <trkpt lat="56.1654160" lon="10.1678820">
    <ele>57.2</ele>
   </trkpt>
   <trkpt lat="56.1653520" lon="10.1680270">
    <ele>56.4</ele>
   </trkpt>
   <trkpt lat="56.1652860" lon="10.1681700">
    <ele>55.8</ele>
   </trkpt>
   <trkpt lat="56.1652220" lon="10.1683200">
    <ele>55.2</ele>
   </trkpt>
   <trkpt lat="56.1651610" lon="10.1684750">
    <ele>54.8</ele>
   </trkpt>
   <trkpt lat="56.1651010" lon="10.1686300">
    <ele>54.4</ele>
   </trkpt>
   <trkpt lat="56.1650390" lon="10.1687850">
    <ele>54.2</ele>
   </trkpt>
   <trkpt lat="56.1649710" lon="10.1689330">
    <ele>53.8</ele>
   </trkpt>
   <trkpt lat="56.1649010" lon="10.1690740">
    <ele>53.2</ele>
   </trkpt>
   <trkpt lat="56.1648340" lon="10.1692210">
    <ele>52.6</ele>
   </trkpt>
   <trkpt lat="56.1647730" lon="10.1693740">
    <ele>52.2</ele>
   </trkpt>
   <trkpt lat="56.1647190" lon="10.1695320">
    <ele>52.0</ele>
   </trkpt>
   <trkpt lat="56.1646720" lon="10.1696960">
    <ele>51.4</ele>
   </trkpt>
   <trkpt lat="56.1646280" lon="10.1698600">
    <ele>51.2</ele>
   </trkpt>
   <trkpt lat="56.1645800" lon="10.1700160">
    <ele>51.0</ele>
   </trkpt>
   <trkpt lat="56.1645310" lon="10.1701690">
    <ele>50.8</ele>
   </trkpt>
   <trkpt lat="56.1644810" lon="10.1703230">
    <ele>50.6</ele>
   </trkpt>
   <trkpt lat="56.1644310" lon="10.1704770">
    <ele>50.6</ele>
   </trkpt>
   <trkpt lat="56.1643820" lon="10.1706340">
    <ele>50.4</ele>
   </trkpt>
   <trkpt lat="56.1643320" lon="10.1707900">
    <ele>50.0</ele>
   </trkpt>
   <trkpt lat="56.1642810" lon="10.1709480">
    <ele>49.8</ele>
   </trkpt>
   <trkpt lat="56.1642400" lon="10.1710990">
    <ele>49.4</ele>
   </trkpt>
   <trkpt lat="56.1641960" lon="10.1712590">
    <ele>49.0</ele>
   </trkpt>
   <trkpt lat="56.1641530" lon="10.1714180">
    <ele>48.8</ele>
   </trkpt>
   <trkpt lat="56.1641110" lon="10.1715810">
    <ele>48.6</ele>
   </trkpt>
   <trkpt lat="56.1640670" lon="10.1717430">
    <ele>48.2</ele>
   </trkpt>
   <trkpt lat="56.1640220" lon="10.1719030">
    <ele>48.0</ele>
   </trkpt>
   <trkpt lat="56.1639790" lon="10.1720650">
    <ele>47.8</ele>
   </trkpt>
   <trkpt lat="56.1639360" lon="10.1722260">
    <ele>47.4</ele>
   </trkpt>
   <trkpt lat="56.1638940" lon="10.1723870">
    <ele>47.0</ele>
   </trkpt>
   <trkpt lat="56.1638520" lon="10.1725510">
    <ele>46.6</ele>
   </trkpt>
   <trkpt lat="56.1638100" lon="10.1727160">
    <ele>46.4</ele>
   </trkpt>
   <trkpt lat="56.1637670" lon="10.1728760">
    <ele>46.2</ele>
   </trkpt>
   <trkpt lat="56.1637190" lon="10.1730320">
    <ele>46.0</ele>
   </trkpt>
   <trkpt lat="56.1636650" lon="10.1731830">
    <ele>45.8</ele>
   </trkpt>
   <trkpt lat="56.1636130" lon="10.1733330">
    <ele>45.6</ele>
   </trkpt>
   <trkpt lat="56.1635680" lon="10.1734880">
    <ele>45.2</ele>
   </trkpt>
   <trkpt lat="56.1635330" lon="10.1736450">
    <ele>44.8</ele>
   </trkpt>
   <trkpt lat="56.1635050" lon="10.1738030">
    <ele>44.6</ele>
   </trkpt>
   <trkpt lat="56.1634760" lon="10.1739580">
    <ele>44.4</ele>
   </trkpt>
   <trkpt lat="56.1634380" lon="10.1741080">
    <ele>44.2</ele>
   </trkpt>
   <trkpt lat="56.1633990" lon="10.1742580">
    <ele>44.4</ele>
   </trkpt>
   <trkpt lat="56.1633590" lon="10.1744100">
    <ele>44.4</ele>
   </trkpt>
   <trkpt lat="56.1633200" lon="10.1745620">
    <ele>44.2</ele>
   </trkpt>
   <trkpt lat="56.1632790" lon="10.1747130">
    <ele>44.0</ele>
   </trkpt>
   <trkpt lat="56.1632370" lon="10.1748660">
    <ele>43.8</ele>
   </trkpt>
   <trkpt lat="56.1631950" lon="10.1750190">
    <ele>43.8</ele>
   </trkpt>
   <trkpt lat="56.1631540" lon="10.1751750">
    <ele>43.6</ele>
   </trkpt>
   <trkpt lat="56.1631110" lon="10.1753310">
    <ele>43.4</ele>
   </trkpt>
   <trkpt lat="56.1630690" lon="10.1754860">
    <ele>43.4</ele>
   </trkpt>
   <trkpt lat="56.1630310" lon="10.1756370">
    <ele>43.2</ele>
   </trkpt>
   <trkpt lat="56.1629940" lon="10.1757870">
    <ele>43.0</ele>
   </trkpt>
   <trkpt lat="56.1629600" lon="10.1759410">
    <ele>42.8</ele>
   </trkpt>
   <trkpt lat="56.1629240" lon="10.1760990">
    <ele>42.6</ele>
   </trkpt>
   <trkpt lat="56.1628870" lon="10.1762500">
    <ele>42.6</ele>
   </trkpt>
   <trkpt lat="56.1628480" lon="10.1764010">
    <ele>42.4</ele>
   </trkpt>
   <trkpt lat="56.1628040" lon="10.1765500">
    <ele>42.4</ele>
   </trkpt>
   <trkpt lat="56.1627640" lon="10.1766980">
    <ele>42.4</ele>
   </trkpt>
   <trkpt lat="56.1627250" lon="10.1768460">
    <ele>42.2</ele>
   </trkpt>
   <trkpt lat="56.1626850" lon="10.1769950">
    <ele>42.2</ele>
   </trkpt>
   <trkpt lat="56.1626460" lon="10.1771410">
    <ele>42.2</ele>
   </trkpt>
   <trkpt lat="56.1626100" lon="10.1772920">
    <ele>42.0</ele>
   </trkpt>
   <trkpt lat="56.1625700" lon="10.1774430">
    <ele>41.8</ele>
   </trkpt>
   <trkpt lat="56.1625300" lon="10.1775930">
    <ele>41.6</ele>
   </trkpt>
   <trkpt lat="56.1624930" lon="10.1777430">
    <ele>41.4</ele>
   </trkpt>
   <trkpt lat="56.1624550" lon="10.1778980">
    <ele>41.0</ele>
   </trkpt>
   <trkpt lat="56.1624160" lon="10.1780530">
    <ele>40.8</ele>
   </trkpt>
   <trkpt lat="56.1623750" lon="10.1782050">
    <ele>40.4</ele>
   </trkpt>
   <trkpt lat="56.1623350" lon="10.1783600">
    <ele>40.2</ele>
   </trkpt>
   <trkpt lat="56.1622930" lon="10.1785180">
    <ele>40.0</ele>
   </trkpt>
   <trkpt lat="56.1622500" lon="10.1786760">
    <ele>39.8</ele>
   </trkpt>
   <trkpt lat="56.1622020" lon="10.1788310">
    <ele>39.4</ele>
   </trkpt>
   <trkpt lat="56.1621530" lon="10.1789870">
    <ele>39.0</ele>
   </trkpt>
   <trkpt lat="56.1621030" lon="10.1791440">
    <ele>38.6</ele>
   </trkpt>
   <trkpt lat="56.1620540" lon="10.1793010">
    <ele>38.0</ele>
   </trkpt>
   <trkpt lat="56.1620030" lon="10.1794550">
    <ele>37.6</ele>
   </trkpt>
   <trkpt lat="56.1619520" lon="10.1796090">
    <ele>37.2</ele>
   </trkpt>
   <trkpt lat="56.1618970" lon="10.1797600">
    <ele>36.8</ele>
   </trkpt>
   <trkpt lat="56.1618390" lon="10.1799090">
    <ele>36.4</ele>
   </trkpt>
   <trkpt lat="56.1617810" lon="10.1800590">
    <ele>36.2</ele>
   </trkpt>
   <trkpt lat="56.1617240" lon="10.1802120">
    <ele>35.6</ele>
   </trkpt>
   <trkpt lat="56.1616690" lon="10.1803680">
    <ele>35.4</ele>
   </trkpt>
   <trkpt lat="56.1616160" lon="10.1805260">
    <ele>35.0</ele>
   </trkpt>
   <trkpt lat="56.1615620" lon="10.1806690">
    <ele>34.6</ele>
   </trkpt>
   <trkpt lat="56.1615100" lon="10.1808140">
    <ele>34.4</ele>
   </trkpt>
   <trkpt lat="56.1614590" lon="10.1809650">
    <ele>34.4</ele>
   </trkpt>
   <trkpt lat="56.1614090" lon="10.1811200">
    <ele>34.0</ele>
   </trkpt>
   <trkpt lat="56.1613590" lon="10.1812780">
    <ele>34.0</ele>
   </trkpt>
   <trkpt lat="56.1613060" lon="10.1814340">
    <ele>33.8</ele>
   </trkpt>
   <trkpt lat="56.1612510" lon="10.1815860">
    <ele>33.6</ele>
   </trkpt>
   <trkpt lat="56.1611960" lon="10.1817400">
    <ele>33.2</ele>
   </trkpt>
   <trkpt lat="56.1611440" lon="10.1818970">
    <ele>33.0</ele>
   </trkpt>
   <trkpt lat="56.1610950" lon="10.1820560">
    <ele>32.4</ele>
   </trkpt>
   <trkpt lat="56.1610450" lon="10.1822140">
    <ele>32.2</ele>
   </trkpt>
   <trkpt lat="56.1609960" lon="10.1823710">
    <ele>32.2</ele>
   </trkpt>
   <trkpt lat="56.1609490" lon="10.1825310">
    <ele>32.0</ele>
   </trkpt>
   <trkpt lat="56.1609070" lon="10.1826900">
    <ele>31.6</ele>
   </trkpt>
   <trkpt lat="56.1608660" lon="10.1828510">
    <ele>31.4</ele>
   </trkpt>
   <trkpt lat="56.1608250" lon="10.1830110">
    <ele>31.4</ele>
   </trkpt>
   <trkpt lat="56.1607790" lon="10.1831690">
    <ele>31.0</ele>
   </trkpt>
   <trkpt lat="56.1607340" lon="10.1833210">
    <ele>30.8</ele>
   </trkpt>
   <trkpt lat="56.1606890" lon="10.1834730">
    <ele>30.6</ele>
   </trkpt>
   <trkpt lat="56.1606460" lon="10.1836260">
    <ele>30.6</ele>
   </trkpt>
   <trkpt lat="56.1606030" lon="10.1837800">
    <ele>30.4</ele>
   </trkpt>
   <trkpt lat="56.1605590" lon="10.1839360">
    <ele>30.2</ele>
   </trkpt>
   <trkpt lat="56.1605160" lon="10.1840870">
    <ele>30.2</ele>
   </trkpt>
   <trkpt lat="56.1604750" lon="10.1842380">
    <ele>29.8</ele>
   </trkpt>
   <trkpt lat="56.1604330" lon="10.1843930">
    <ele>29.6</ele>
   </trkpt>
   <trkpt lat="56.1603950" lon="10.1845390">
    <ele>29.4</ele>
   </trkpt>
   <trkpt lat="56.1603590" lon="10.1846750">
    <ele>29.2</ele>
   </trkpt>
   <trkpt lat="56.1603240" lon="10.1848000">
    <ele>29.2</ele>
   </trkpt>
   <trkpt lat="56.1602940" lon="10.1849070">
    <ele>29.2</ele>
   </trkpt>
   <trkpt lat="56.1602690" lon="10.1850020">
    <ele>29.0</ele>
   </trkpt>
   <trkpt lat="56.1602420" lon="10.1850960">
    <ele>29.0</ele>
   </trkpt>
   <trkpt lat="56.1602090" lon="10.1851980">
    <ele>29.0</ele>
   </trkpt>
   <trkpt lat="56.1601720" lon="10.1853100">
    <ele>28.6</ele>
   </trkpt>
   <trkpt lat="56.1601310" lon="10.1854290">
    <ele>28.4</ele>
   </trkpt>
   <trkpt lat="56.1600900" lon="10.1855530">
    <ele>28.0</ele>
   </trkpt>
   <trkpt lat="56.1600480" lon="10.1856850">
    <ele>27.6</ele>
   </trkpt>
   <trkpt lat="56.1600040" lon="10.1858210">
    <ele>27.2</ele>
   </trkpt>
   <trkpt lat="56.1599610" lon="10.1859580">
    <ele>26.8</ele>
   </trkpt>
   <trkpt lat="56.1599170" lon="10.1860960">
    <ele>26.4</ele>
   </trkpt>
   <trkpt lat="56.1598700" lon="10.1862390">
    <ele>26.0</ele>
   </trkpt>
   <trkpt lat="56.1598240" lon="10.1863900">
    <ele>25.6</ele>
   </trkpt>
   <trkpt lat="56.1597750" lon="10.1865480">
    <ele>25.4</ele>
   </trkpt>
   <trkpt lat="56.1597260" lon="10.1867060">
    <ele>25.0</ele>
   </trkpt>
   <trkpt lat="56.1596760" lon="10.1868640">
    <ele>24.6</ele>
   </trkpt>
   <trkpt lat="56.1596210" lon="10.1870210">
    <ele>24.2</ele>
   </trkpt>
   <trkpt lat="56.1595690" lon="10.1871790">
    <ele>23.8</ele>
   </trkpt>
   <trkpt lat="56.1595170" lon="10.1873270">
    <ele>23.4</ele>
   </trkpt>
   <trkpt lat="56.1594640" lon="10.1874680">
    <ele>23.0</ele>
   </trkpt>
   <trkpt lat="56.1594110" lon="10.1876100">
    <ele>22.6</ele>
   </trkpt>
   <trkpt lat="56.1593540" lon="10.1877480">
    <ele>22.2</ele>
   </trkpt>
   <trkpt lat="56.1592960" lon="10.1878840">
    <ele>21.8</ele>
   </trkpt>
   <trkpt lat="56.1592410" lon="10.1880280">
    <ele>21.4</ele>
   </trkpt>
   <trkpt lat="56.1591910" lon="10.1881750">
    <ele>21.0</ele>
   </trkpt>
   <trkpt lat="56.1591430" lon="10.1883250">
    <ele>20.4</ele>
   </trkpt>
   <trkpt lat="56.1590950" lon="10.1884780">
    <ele>20.0</ele>
   </trkpt>
   <trkpt lat="56.1590520" lon="10.1886330">
    <ele>19.6</ele>
   </trkpt>
   <trkpt lat="56.1590200" lon="10.1887880">
    <ele>19.2</ele>
   </trkpt>
   <trkpt lat="56.1589810" lon="10.1889490">
    <ele>18.8</ele>
   </trkpt>
   <trkpt lat="56.1589350" lon="10.1891070">
    <ele>18.4</ele>
   </trkpt>
   <trkpt lat="56.1588840" lon="10.1892630">
    <ele>18.0</ele>
   </trkpt>
   <trkpt lat="56.1588340" lon="10.1894190">
    <ele>17.6</ele>
   </trkpt>
   <trkpt lat="56.1587850" lon="10.1895730">
    <ele>17.0</ele>
   </trkpt>
   <trkpt lat="56.1587350" lon="10.1897290">
    <ele>16.6</ele>
   </trkpt>
   <trkpt lat="56.1586850" lon="10.1898850">
    <ele>16.2</ele>
   </trkpt>
   <trkpt lat="56.1586360" lon="10.1900400">
    <ele>16.0</ele>
   </trkpt>
   <trkpt lat="56.1585840" lon="10.1901950">
    <ele>15.6</ele>
   </trkpt>
   <trkpt lat="56.1585320" lon="10.1903570">
    <ele>15.0</ele>
   </trkpt>
   <trkpt lat="56.1584800" lon="10.1905210">
    <ele>14.4</ele>
   </trkpt>
   <trkpt lat="56.1584280" lon="10.1906850">
    <ele>13.8</ele>
   </trkpt>
   <trkpt lat="56.1583770" lon="10.1908520">
    <ele>13.2</ele>
   </trkpt>
   <trkpt lat="56.1583260" lon="10.1910210">
    <ele>13.0</ele>
   </trkpt>
   <trkpt lat="56.1582730" lon="10.1911900">
    <ele>12.2</ele>
   </trkpt>
   <trkpt lat="56.1582200" lon="10.1913640">
    <ele>11.6</ele>
   </trkpt>
   <trkpt lat="56.1581640" lon="10.1915400">
    <ele>11.0</ele>
   </trkpt>
   <trkpt lat="56.1581080" lon="10.1917140">
    <ele>10.4</ele>
   </trkpt>
   <trkpt lat="56.1580520" lon="10.1918860">
    <ele>10.2</ele>
   </trkpt>
   <trkpt lat="56.1579970" lon="10.1920530">
    <ele>9.6</ele>
   </trkpt>
   <trkpt lat="56.1579460" lon="10.1922130">
    <ele>9.2</ele>
   </trkpt>
   <trkpt lat="56.1578950" lon="10.1923750">
    <ele>9.0</ele>
   </trkpt>
   <trkpt lat="56.1578430" lon="10.1925410">
    <ele>8.6</ele>
   </trkpt>
   <trkpt lat="56.1577900" lon="10.1927020">
    <ele>8.4</ele>
   </trkpt>
   <trkpt lat="56.1577340" lon="10.1928500">
    <ele>8.0</ele>
   </trkpt>
   <trkpt lat="56.1576830" lon="10.1930000">
    <ele>7.6</ele>
   </trkpt>
   <trkpt lat="56.1576350" lon="10.1931350">
    <ele>7.2</ele>
   </trkpt>
   <trkpt lat="56.1575890" lon="10.1932500">
    <ele>6.6</ele>
   </trkpt>
   <trkpt lat="56.1575410" lon="10.1933350">
    <ele>6.2</ele>
   </trkpt>
   <trkpt lat="56.1574850" lon="10.1934020">
    <ele>5.8</ele>
   </trkpt>
   <trkpt lat="56.1574250" lon="10.1934550">
    <ele>5.6</ele>
   </trkpt>
   <trkpt lat="56.1573730" lon="10.1934950">
    <ele>5.4</ele>
   </trkpt>
   <trkpt lat="56.1573310" lon="10.1935260">
    <ele>5.4</ele>
   </trkpt>
   <trkpt lat="56.1573060" lon="10.1935570">
    <ele>5.4</ele>
   </trkpt>
   <trkpt lat="56.1572930" lon="10.1935860">
    <ele>5.4</ele>
   </trkpt>
   <trkpt lat="56.1572930" lon="10.1936150">
    <ele>5.4</ele>
   </trkpt>
   <trkpt lat="56.1572940" lon="10.1936370">
    <ele>5.6</ele>
   </trkpt>
   <trkpt lat="56.1572930" lon="10.1936440">
    <ele>5.6</ele>
   </trkpt>
   <trkpt lat="56.1572930" lon="10.1936440">
    <ele>5.8</ele>
   </trkpt>
   <trkpt lat="56.1572930" lon="10.1936440">
    <ele>5.8</ele>
   </trkpt>
   <trkpt lat="56.1573180" lon="10.1937220">
    <ele>5.4</ele>
   </trkpt>
   <trkpt lat="56.1573340" lon="10.1937650">
    <ele>5.2</ele>
   </trkpt>
   <trkpt lat="56.1573520" lon="10.1938220">
    <ele>5.2</ele>
   </trkpt>
   <trkpt lat="56.1573590" lon="10.1938900">
    <ele>5.2</ele>
   </trkpt>
   <trkpt lat="56.1573650" lon="10.1939640">
    <ele>5.2</ele>
   </trkpt>
   <trkpt lat="56.1573740" lon="10.1940420">
    <ele>5.2</ele>
   </trkpt>
   <trkpt lat="56.1573860" lon="10.1941180">
    <ele>5.2</ele>
   </trkpt>
   <trkpt lat="56.1574000" lon="10.1941940">
    <ele>5.2</ele>
   </trkpt>
   <trkpt lat="56.1574120" lon="10.1942690">
    <ele>5.0</ele>
   </trkpt>
   <trkpt lat="56.1574260" lon="10.1943320">
    <ele>4.8</ele>
   </trkpt>
   <trkpt lat="56.1574460" lon="10.1943830">
    <ele>4.8</ele>
   </trkpt>
   <trkpt lat="56.1574670" lon="10.1944380">
    <ele>4.8</ele>
   </trkpt>
   <trkpt lat="56.1574850" lon="10.1945080">
    <ele>4.6</ele>
   </trkpt>
   <trkpt lat="56.1574980" lon="10.1945920">
    <ele>4.4</ele>
   </trkpt>
   <trkpt lat="56.1575130" lon="10.1946810">
    <ele>4.4</ele>
   </trkpt>
   <trkpt lat="56.1575320" lon="10.1947720">
    <ele>4.2</ele>
   </trkpt>
   <trkpt lat="56.1575540" lon="10.1948650">
    <ele>4.0</ele>
   </trkpt>
   <trkpt lat="56.1575770" lon="10.1949630">
    <ele>3.8</ele>
   </trkpt>
   <trkpt lat="56.1576020" lon="10.1950640">
    <ele>3.6</ele>
   </trkpt>
   <trkpt lat="56.1576270" lon="10.1951680">
    <ele>3.4</ele>
   </trkpt>
   <trkpt lat="56.1576520" lon="10.1952740">
    <ele>3.4</ele>
   </trkpt>
   <trkpt lat="56.1576750" lon="10.1953830">
    <ele>3.4</ele>
   </trkpt>
   <trkpt lat="56.1577000" lon="10.1954940">
    <ele>3.4</ele>
   </trkpt>
   <trkpt lat="56.1577280" lon="10.1956070">
    <ele>3.4</ele>
   </trkpt>
   <trkpt lat="56.1577530" lon="10.1957200">
    <ele>3.4</ele>
   </trkpt>
   <trkpt lat="56.1577770" lon="10.1958320">
    <ele>3.6</ele>
   </trkpt>
   <trkpt lat="56.1578000" lon="10.1959440">
    <ele>3.8</ele>
   </trkpt>
   <trkpt lat="56.1578250" lon="10.1960560">
    <ele>3.8</ele>
   </trkpt>
   <trkpt lat="56.1578470" lon="10.1961710">
    <ele>4.0</ele>
   </trkpt>
   <trkpt lat="56.1578690" lon="10.1962860">
    <ele>4.2</ele>
   </trkpt>
   <trkpt lat="56.1578930" lon="10.1963990">
    <ele>4.2</ele>
   </trkpt>
   <trkpt lat="56.1579140" lon="10.1965120">
    <ele>4.2</ele>
   </trkpt>
   <trkpt lat="56.1579350" lon="10.1966240">
    <ele>4.2</ele>
   </trkpt>
   <trkpt lat="56.1579570" lon="10.1967360">
    <ele>4.2</ele>
   </trkpt>
   <trkpt lat="56.1579810" lon="10.1968450">
    <ele>4.2</ele>
   </trkpt>
   <trkpt lat="56.1580020" lon="10.1969550">
    <ele>4.2</ele>
   </trkpt>
   <trkpt lat="56.1580240" lon="10.1970610">
    <ele>4.4</ele>
   </trkpt>
   <trkpt lat="56.1580450" lon="10.1971670">
    <ele>4.4</ele>
   </trkpt>
   <trkpt lat="56.1580650" lon="10.1972700">
    <ele>4.4</ele>
   </trkpt>
   <trkpt lat="56.1580840" lon="10.1973740">
    <ele>4.4</ele>
   </trkpt>
   <trkpt lat="56.1581060" lon="10.1974750">
    <ele>4.4</ele>
   </trkpt>
   <trkpt lat="56.1581310" lon="10.1975730">
    <ele>4.4</ele>
   </trkpt>
   <trkpt lat="56.1581550" lon="10.1976680">
    <ele>4.4</ele>
   </trkpt>
   <trkpt lat="56.1581790" lon="10.1977600">
    <ele>4.4</ele>
   </trkpt>
   <trkpt lat="56.1581910" lon="10.1978520">
    <ele>4.6</ele>
   </trkpt>
   <trkpt lat="56.1581930" lon="10.1979370">
    <ele>4.6</ele>
   </trkpt>
   <trkpt lat="56.1581840" lon="10.1980080">
    <ele>4.8</ele>
   </trkpt>
   <trkpt lat="56.1581680" lon="10.1980580">
    <ele>4.8</ele>
   </trkpt>
   <trkpt lat="56.1581450" lon="10.1980910">
    <ele>4.8</ele>
   </trkpt>
   <trkpt lat="56.1581050" lon="10.1981210">
    <ele>4.6</ele>
   </trkpt>
   <trkpt lat="56.1580620" lon="10.1981430">
    <ele>4.4</ele>
   </trkpt>
   <trkpt lat="56.1580180" lon="10.1981700">
    <ele>4.2</ele>
   </trkpt>
   <trkpt lat="56.1579700" lon="10.1982120">
    <ele>4.0</ele>
   </trkpt>
   <trkpt lat="56.1579190" lon="10.1982610">
    <ele>3.6</ele>
   </trkpt>
   <trkpt lat="56.1578660" lon="10.1983040">
    <ele>3.2</ele>
   </trkpt>
   <trkpt lat="56.1578030" lon="10.1983590">
    <ele>3.0</ele>
   </trkpt>
   <trkpt lat="56.1577390" lon="10.1984220">
    <ele>2.6</ele>
   </trkpt>
   <trkpt lat="56.1576750" lon="10.1984820">
    <ele>2.4</ele>
   </trkpt>
   <trkpt lat="56.1576130" lon="10.1985470">
    <ele>2.4</ele>
   </trkpt>
   <trkpt lat="56.1575530" lon="10.1986020">
    <ele>2.2</ele>
   </trkpt>
   <trkpt lat="56.1574970" lon="10.1986490">
    <ele>2.2</ele>
   </trkpt>
   <trkpt lat="56.1574380" lon="10.1986890">
    <ele>2.0</ele>
   </trkpt>
   <trkpt lat="56.1573750" lon="10.1987490">
    <ele>2.0</ele>
   </trkpt>
   <trkpt lat="56.1573140" lon="10.1988010">
    <ele>2.0</ele>
   </trkpt>
   <trkpt lat="56.1572690" lon="10.1988400">
    <ele>2.0</ele>
   </trkpt>
   <trkpt lat="56.1572370" lon="10.1988710">
    <ele>2.0</ele>
   </trkpt>
   <trkpt lat="56.1572160" lon="10.1989230">
    <ele>2.2</ele>
   </trkpt>
   <trkpt lat="56.1572100" lon="10.1989950">
    <ele>2.2</ele>
   </trkpt>
   <trkpt lat="56.1572170" lon="10.1990730">
    <ele>2.4</ele>
   </trkpt>
   <trkpt lat="56.1572340" lon="10.1991520">
    <ele>2.4</ele>
   </trkpt>
   <trkpt lat="56.1572610" lon="10.1992300">
    <ele>2.4</ele>
   </trkpt>
   <trkpt lat="56.1572880" lon="10.1993150">
    <ele>2.6</ele>
   </trkpt>
   <trkpt lat="56.1573180" lon="10.1994030">
    <ele>2.6</ele>
   </trkpt>
   <trkpt lat="56.1573490" lon="10.1994870">
    <ele>2.4</ele>
   </trkpt>
   <trkpt lat="56.1573790" lon="10.1995720">
    <ele>2.4</ele>
   </trkpt>
   <trkpt lat="56.1574090" lon="10.1996540">
    <ele>2.4</ele>
   </trkpt>
   <trkpt lat="56.1574370" lon="10.1997410">
    <ele>2.4</ele>
   </trkpt>
   <trkpt lat="56.1574550" lon="10.1998390">
    <ele>2.4</ele>
   </trkpt>
   <trkpt lat="56.1574720" lon="10.1999310">
    <ele>2.4</ele>
   </trkpt>
   <trkpt lat="56.1575050" lon="10.2000100">
    <ele>2.6</ele>
   </trkpt>
   <trkpt lat="56.1575360" lon="10.2000740">
    <ele>2.6</ele>
   </trkpt>
   <trkpt lat="56.1575570" lon="10.2001200">
    <ele>2.6</ele>
   </trkpt>
   <trkpt lat="56.1575790" lon="10.2001370">
    <ele>2.6</ele>
   </trkpt>
   <trkpt lat="56.1576170" lon="10.2001280">
    <ele>2.6</ele>
   </trkpt>
   <trkpt lat="56.1576620" lon="10.2001170">
    <ele>2.6</ele>
   </trkpt>
   <trkpt lat="56.1577140" lon="10.2001030">
    <ele>2.8</ele>
   </trkpt>
   <trkpt lat="56.1577780" lon="10.2000780">
    <ele>2.8</ele>
   </trkpt>
   <trkpt lat="56.1578490" lon="10.2000480">
    <ele>3.0</ele>
   </trkpt>
   <trkpt lat="56.1579190" lon="10.2000180">
    <ele>3.0</ele>
   </trkpt>
   <trkpt lat="56.1579850" lon="10.1999850">
    <ele>3.2</ele>
   </trkpt>
   <trkpt lat="56.1580370" lon="10.1999560">
    <ele>3.2</ele>
   </trkpt>
   <trkpt lat="56.1580860" lon="10.1999280">
    <ele>3.2</ele>
   </trkpt>
   <trkpt lat="56.1581380" lon="10.1998910">
    <ele>3.2</ele>
   </trkpt>
   <trkpt lat="56.1581960" lon="10.1998530">
    <ele>3.4</ele>
   </trkpt>
   <trkpt lat="56.1582540" lon="10.1998210">
    <ele>3.6</ele>
   </trkpt>
   <trkpt lat="56.1583180" lon="10.1998050">
    <ele>4.0</ele>
   </trkpt>
   <trkpt lat="56.1583920" lon="10.1998090">
    <ele>4.4</ele>
   </trkpt>
   <trkpt lat="56.1584440" lon="10.1998410">
    <ele>4.6</ele>
   </trkpt>
   <trkpt lat="56.1584780" lon="10.1998980">
    <ele>4.8</ele>
   </trkpt>
   <trkpt lat="56.1585170" lon="10.1999670">
    <ele>5.0</ele>
   </trkpt>
   <trkpt lat="56.1585620" lon="10.2000390">
    <ele>5.0</ele>
   </trkpt>
   <trkpt lat="56.1586060" lon="10.2001150">
    <ele>5.0</ele>
   </trkpt>
   <trkpt lat="56.1586510" lon="10.2001970">
    <ele>5.0</ele>
   </trkpt>
   <trkpt lat="56.1586980" lon="10.2002800">
    <ele>4.8</ele>
   </trkpt>
   <trkpt lat="56.1587450" lon="10.2003670">
    <ele>4.8</ele>
   </trkpt>
   <trkpt lat="56.1587920" lon="10.2004520">
    <ele>4.8</ele>
   </trkpt>
   <trkpt lat="56.1588400" lon="10.2005380">
    <ele>4.8</ele>
   </trkpt>
   <trkpt lat="56.1588920" lon="10.2006240">
    <ele>4.6</ele>
   </trkpt>
   <trkpt lat="56.1589430" lon="10.2007110">
    <ele>4.6</ele>
   </trkpt>
   <trkpt lat="56.1589940" lon="10.2008040">
    <ele>4.6</ele>
   </trkpt>
   <trkpt lat="56.1590440" lon="10.2008980">
    <ele>4.4</ele>
   </trkpt>
   <trkpt lat="56.1590920" lon="10.2009910">
    <ele>4.4</ele>
   </trkpt>
   <trkpt lat="56.1591390" lon="10.2010820">
    <ele>4.4</ele>
   </trkpt>
   <trkpt lat="56.1591850" lon="10.2011720">
    <ele>4.4</ele>
   </trkpt>
   <trkpt lat="56.1592240" lon="10.2012560">
    <ele>4.4</ele>
   </trkpt>
   <trkpt lat="56.1592560" lon="10.2013230">
    <ele>4.4</ele>
   </trkpt>
   <trkpt lat="56.1592790" lon="10.2013720">
    <ele>4.6</ele>
   </trkpt>
   <trkpt lat="56.1592970" lon="10.2014100">
    <ele>4.6</ele>
   </trkpt>
   <trkpt lat="56.1593180" lon="10.2014400">
    <ele>4.8</ele>
   </trkpt>
   <trkpt lat="56.1593360" lon="10.2014670">
    <ele>4.8</ele>
   </trkpt>
   <trkpt lat="56.1593490" lon="10.2014860">
    <ele>4.8</ele>
   </trkpt>
   <trkpt lat="56.1593570" lon="10.2015000">
    <ele>4.8</ele>
   </trkpt>
   <trkpt lat="56.1593470" lon="10.2015170">
    <ele>4.8</ele>
   </trkpt>
   <trkpt lat="56.1593510" lon="10.2015230">
    <ele>4.8</ele>
   </trkpt>
   <trkpt lat="56.1593510" lon="10.2015230">
    <ele>4.8</ele>
   </trkpt>
   <trkpt lat="56.1593570" lon="10.2015860">
    <ele>4.4</ele>
   </trkpt>
   <trkpt lat="56.1593700" lon="10.2016190">
    <ele>4.4</ele>
   </trkpt>
   <trkpt lat="56.1593880" lon="10.2016640">
    <ele>4.4</ele>
   </trkpt>
   <trkpt lat="56.1594110" lon="10.2017190">
    <ele>4.4</ele>
   </trkpt>
   <trkpt lat="56.1594390" lon="10.2017860">
    <ele>4.4</ele>
   </trkpt>
   <trkpt lat="56.1594680" lon="10.2018710">
    <ele>4.6</ele>
   </trkpt>
   <trkpt lat="56.1595010" lon="10.2019610">
    <ele>4.6</ele>
   </trkpt>
   <trkpt lat="56.1595350" lon="10.2020590">
    <ele>4.4</ele>
   </trkpt>
   <trkpt lat="56.1595660" lon="10.2021650">
    <ele>4.4</ele>
   </trkpt>
   <trkpt lat="56.1595970" lon="10.2022700">
    <ele>4.2</ele>
   </trkpt>
   <trkpt lat="56.1596310" lon="10.2023780">
    <ele>4.2</ele>
   </trkpt>
   <trkpt lat="56.1596640" lon="10.2024870">
    <ele>4.0</ele>
   </trkpt>
   <trkpt lat="56.1596990" lon="10.2025980">
    <ele>4.2</ele>
   </trkpt>
   <trkpt lat="56.1597310" lon="10.2027100">
    <ele>4.2</ele>
   </trkpt>
   <trkpt lat="56.1597620" lon="10.2028230">
    <ele>4.2</ele>
   </trkpt>
   <trkpt lat="56.1597940" lon="10.2029340">
    <ele>4.4</ele>
   </trkpt>
   <trkpt lat="56.1598260" lon="10.2030490">
    <ele>4.4</ele>
   </trkpt>
   <trkpt lat="56.1598580" lon="10.2031630">
    <ele>4.6</ele>
   </trkpt>
   <trkpt lat="56.1598870" lon="10.2032750">
    <ele>4.8</ele>
   </trkpt>
   <trkpt lat="56.1599110" lon="10.2033890">
    <ele>4.8</ele>
   </trkpt>
   <trkpt lat="56.1599330" lon="10.2035010">
    <ele>5.0</ele>
   </trkpt>
   <trkpt lat="56.1599510" lon="10.2036160">
    <ele>5.2</ele>
   </trkpt>
   <trkpt lat="56.1599680" lon="10.2037290">
    <ele>5.4</ele>
   </trkpt>
   <trkpt lat="56.1599820" lon="10.2038420">
    <ele>5.4</ele>
   </trkpt>
   <trkpt lat="56.1599890" lon="10.2039580">
    <ele>5.6</ele>
   </trkpt>
   <trkpt lat="56.1600000" lon="10.2040750">
    <ele>5.8</ele>
   </trkpt>
   <trkpt lat="56.1600130" lon="10.2041990">
    <ele>5.6</ele>
   </trkpt>
   <trkpt lat="56.1600320" lon="10.2043240">
    <ele>5.6</ele>
   </trkpt>
   <trkpt lat="56.1600500" lon="10.2044550">
    <ele>5.6</ele>
   </trkpt>
   <trkpt lat="56.1600710" lon="10.2045860">
    <ele>5.4</ele>
   </trkpt>
   <trkpt lat="56.1600870" lon="10.2047210">
    <ele>5.4</ele>
   </trkpt>
   <trkpt lat="56.1600990" lon="10.2048540">
    <ele>5.2</ele>
   </trkpt>
   <trkpt lat="56.1601130" lon="10.2049830">
    <ele>5.2</ele>
   </trkpt>
   <trkpt lat="56.1601270" lon="10.2051010">
    <ele>5.0</ele>
   </trkpt>
   <trkpt lat="56.1601450" lon="10.2052080">
    <ele>5.0</ele>
   </trkpt>
   <trkpt lat="56.1601610" lon="10.2053130">
    <ele>5.0</ele>
   </trkpt>
   <trkpt lat="56.1601740" lon="10.2054160">
    <ele>5.0</ele>
   </trkpt>
   <trkpt lat="56.1601860" lon="10.2055230">
    <ele>5.0</ele>
   </trkpt>
   <trkpt lat="56.1601900" lon="10.2056360">
    <ele>5.0</ele>
   </trkpt>
   <trkpt lat="56.1602010" lon="10.2057470">
    <ele>4.8</ele>
   </trkpt>
   <trkpt lat="56.1602150" lon="10.2058600">
    <ele>4.6</ele>
   </trkpt>
   <trkpt lat="56.1602290" lon="10.2059750">
    <ele>4.6</ele>
   </trkpt>
   <trkpt lat="56.1602440" lon="10.2060880">
    <ele>4.4</ele>
   </trkpt>
   <trkpt lat="56.1602540" lon="10.2062050">
    <ele>4.4</ele>
   </trkpt>
   <trkpt lat="56.1602660" lon="10.2063210">
    <ele>4.4</ele>
   </trkpt>
   <trkpt lat="56.1602800" lon="10.2064360">
    <ele>4.6</ele>
   </trkpt>
   <trkpt lat="56.1602940" lon="10.2065490">
    <ele>4.8</ele>
   </trkpt>
   <trkpt lat="56.1603100" lon="10.2066580">
    <ele>5.0</ele>
   </trkpt>
   <trkpt lat="56.1603240" lon="10.2067650">
    <ele>5.0</ele>
   </trkpt>
   <trkpt lat="56.1603370" lon="10.2068680">
    <ele>5.2</ele>
   </trkpt>
   <trkpt lat="56.1603530" lon="10.2069670">
    <ele>5.2</ele>
   </trkpt>
   <trkpt lat="56.1603690" lon="10.2070660">
    <ele>5.2</ele>
   </trkpt>
   <trkpt lat="56.1603880" lon="10.2071650">
    <ele>5.2</ele>
   </trkpt>
   <trkpt lat="56.1604060" lon="10.2072740">
    <ele>5.2</ele>
   </trkpt>
   <trkpt lat="56.1604220" lon="10.2073900">
    <ele>5.2</ele>
   </trkpt>
   <trkpt lat="56.1604320" lon="10.2075160">
    <ele>5.4</ele>
   </trkpt>
   <trkpt lat="56.1604460" lon="10.2076440">
    <ele>5.4</ele>
   </trkpt>
   <trkpt lat="56.1604620" lon="10.2077790">
    <ele>5.4</ele>
   </trkpt>
   <trkpt lat="56.1604710" lon="10.2079160">
    <ele>5.4</ele>
   </trkpt>
   <trkpt lat="56.1604780" lon="10.2080590">
    <ele>5.4</ele>
   </trkpt>
   <trkpt lat="56.1604830" lon="10.2082070">
    <ele>5.4</ele>
   </trkpt>
   <trkpt lat="56.1604940" lon="10.2083540">
    <ele>5.4</ele>
   </trkpt>
   <trkpt lat="56.1605100" lon="10.2085010">
    <ele>5.4</ele>
   </trkpt>
   <trkpt lat="56.1605310" lon="10.2086460">
    <ele>5.6</ele>
   </trkpt>
   <trkpt lat="56.1605570" lon="10.2087900">
    <ele>5.6</ele>
   </trkpt>
   <trkpt lat="56.1605960" lon="10.2089270">
    <ele>5.8</ele>
   </trkpt>
   <trkpt lat="56.1606430" lon="10.2090560">
    <ele>5.8</ele>
   </trkpt>
   <trkpt lat="56.1606960" lon="10.2091720">
    <ele>5.8</ele>
   </trkpt>
   <trkpt lat="56.1607560" lon="10.2092750">
    <ele>5.8</ele>
   </trkpt>
   <trkpt lat="56.1608230" lon="10.2093680">
    <ele>5.6</ele>
   </trkpt>
   <trkpt lat="56.1608890" lon="10.2094580">
    <ele>5.4</ele>
   </trkpt>
   <trkpt lat="56.1609540" lon="10.2095470">
    <ele>5.2</ele>
   </trkpt>
   <trkpt lat="56.1610210" lon="10.2096300">
    <ele>5.2</ele>
   </trkpt>
   <trkpt lat="56.1610870" lon="10.2097110">
    <ele>5.2</ele>
   </trkpt>
   <trkpt lat="56.1611510" lon="10.2097920">
    <ele>5.4</ele>
   </trkpt>
   <trkpt lat="56.1612140" lon="10.2098730">
    <ele>5.6</ele>
   </trkpt>
   <trkpt lat="56.1612740" lon="10.2099570">
    <ele>5.8</ele>
   </trkpt>
   <trkpt lat="56.1613310" lon="10.2100440">
    <ele>6.0</ele>
   </trkpt>
   <trkpt lat="56.1613840" lon="10.2101330">
    <ele>6.0</ele>
   </trkpt>
   <trkpt lat="56.1614370" lon="10.2102140">
    <ele>6.2</ele>
   </trkpt>
   <trkpt lat="56.1614890" lon="10.2102950">
    <ele>6.0</ele>
   </trkpt>
   <trkpt lat="56.1615350" lon="10.2103700">
    <ele>5.8</ele>
   </trkpt>
   <trkpt lat="56.1615770" lon="10.2104390">
    <ele>5.8</ele>
   </trkpt>
   <trkpt lat="56.1616200" lon="10.2104940">
    <ele>5.6</ele>
   </trkpt>
   <trkpt lat="56.1616650" lon="10.2105110">
    <ele>5.6</ele>
   </trkpt>
   <trkpt lat="56.1617150" lon="10.2104810">
    <ele>5.6</ele>
   </trkpt>
   <trkpt lat="56.1617600" lon="10.2104180">
    <ele>5.6</ele>
   </trkpt>
   <trkpt lat="56.1617880" lon="10.2103270">
    <ele>5.8</ele>
   </trkpt>
   <trkpt lat="56.1618180" lon="10.2102360">
    <ele>5.8</ele>
   </trkpt>
   <trkpt lat="56.1618540" lon="10.2101450">
    <ele>5.8</ele>
   </trkpt>
   <trkpt lat="56.1618960" lon="10.2100510">
    <ele>5.8</ele>
   </trkpt>
   <trkpt lat="56.1619380" lon="10.2099490">
    <ele>6.4</ele>
   </trkpt>
   <trkpt lat="56.1619850" lon="10.2098480">
    <ele>7.0</ele>
   </trkpt>
   <trkpt lat="56.1620300" lon="10.2097470">
    <ele>7.4</ele>
   </trkpt>
   <trkpt lat="56.1620730" lon="10.2096410">
    <ele>8.0</ele>
   </trkpt>
   <trkpt lat="56.1621200" lon="10.2095370">
    <ele>8.2</ele>
   </trkpt>
   <trkpt lat="56.1621650" lon="10.2094290">
    <ele>8.8</ele>
   </trkpt>
   <trkpt lat="56.1622090" lon="10.2093190">
    <ele>9.0</ele>
   </trkpt>
   <trkpt lat="56.1622520" lon="10.2092140">
    <ele>9.4</ele>
   </trkpt>
   <trkpt lat="56.1622960" lon="10.2091110">
    <ele>10.6</ele>
   </trkpt>
   <trkpt lat="56.1623370" lon="10.2090080">
    <ele>11.4</ele>
   </trkpt>
   <trkpt lat="56.1623800" lon="10.2089090">
    <ele>11.6</ele>
   </trkpt>
   <trkpt lat="56.1624240" lon="10.2088100">
    <ele>12.2</ele>
   </trkpt>
   <trkpt lat="56.1624580" lon="10.2087070">
    <ele>12.6</ele>
   </trkpt>
   <trkpt lat="56.1624710" lon="10.2086050">
    <ele>12.8</ele>
   </trkpt>
   <trkpt lat="56.1624610" lon="10.2085200">
    <ele>13.4</ele>
   </trkpt>
   <trkpt lat="56.1624360" lon="10.2084570">
    <ele>13.8</ele>
   </trkpt>
  </trkseg>
 </trk>
</gpx>
