<?xml version="1.0" encoding="UTF-8"?>
<gpx creator="StravaGPX" version="1.1" xmlns="http://www.topografix.com/GPX/1/1" xmlns:xsi="http://www.w3.org/2001/XMLSchema-instance" xsi:schemaLocation="http://www.topografix.com/GPX/1/1 http://www.topografix.com/GPX/1/1/gpx.xsd">
 <trk>
  <name>Ik ben uit winterslaap!!!! 🚴🏻‍♀️</name>
  <type>cycling</type>
  <trkseg>
   <trkpt lat="56.1620250" lon="10.2095070">
    <ele>15.6</ele>
   </trkpt>
   <trkpt lat="56.1620380" lon="10.2094910">
    <ele>15.6</ele>
   </trkpt>
   <trkpt lat="56.1620530" lon="10.2094700">
    <ele>15.6</ele>
   </trkpt>
   <trkpt lat="56.1620660" lon="10.2094450">
    <ele>15.8</ele>
   </trkpt>
   <trkpt lat="56.1620770" lon="10.2094200">
    <ele>16.0</ele>
   </trkpt>
   <trkpt lat="56.1620870" lon="10.2093960">
    <ele>16.2</ele>
   </trkpt>
   <trkpt lat="56.1621030" lon="10.2093680">
    <ele>16.4</ele>
   </trkpt>
   <trkpt lat="56.1621170" lon="10.2093380">
    <ele>16.4</ele>
   </trkpt>
   <trkpt lat="56.1621420" lon="10.2092910">
    <ele>16.6</ele>
   </trkpt>
   <trkpt lat="56.1621630" lon="10.2092590">
    <ele>16.8</ele>
   </trkpt>
   <trkpt lat="56.1621910" lon="10.2092090">
    <ele>17.0</ele>
   </trkpt>
   <trkpt lat="56.1622110" lon="10.2091610">
    <ele>17.2</ele>
   </trkpt>
   <trkpt lat="56.1622360" lon="10.2091090">
    <ele>17.4</ele>
   </trkpt>
   <trkpt lat="56.1622620" lon="10.2090530">
    <ele>17.6</ele>
   </trkpt>
   <trkpt lat="56.1622870" lon="10.2089910">
    <ele>17.8</ele>
   </trkpt>
   <trkpt lat="56.1623110" lon="10.2089310">
    <ele>18.0</ele>
   </trkpt>
   <trkpt lat="56.1623370" lon="10.2088790">
    <ele>18.4</ele>
   </trkpt>
   <trkpt lat="56.1623550" lon="10.2088240">
    <ele>18.6</ele>
   </trkpt>
   <trkpt lat="56.1623530" lon="10.2087600">
    <ele>18.8</ele>
   </trkpt>
   <trkpt lat="56.1623420" lon="10.2086870">
    <ele>19.0</ele>
   </trkpt>
   <trkpt lat="56.1623240" lon="10.2086130">
    <ele>19.4</ele>
   </trkpt>
   <trkpt lat="56.1623010" lon="10.2085430">
    <ele>19.6</ele>
   </trkpt>
   <trkpt lat="56.1622810" lon="10.2084780">
    <ele>19.8</ele>
   </trkpt>
   <trkpt lat="56.1622580" lon="10.2084110">
    <ele>20.0</ele>
   </trkpt>
   <trkpt lat="56.1622350" lon="10.2083330">
    <ele>20.0</ele>
   </trkpt>
   <trkpt lat="56.1622260" lon="10.2082500">
    <ele>20.2</ele>
   </trkpt>
   <trkpt lat="56.1622180" lon="10.2081660">
    <ele>20.2</ele>
   </trkpt>
   <trkpt lat="56.1622120" lon="10.2080810">
    <ele>20.2</ele>
   </trkpt>
   <trkpt lat="56.1621910" lon="10.2079980">
    <ele>20.2</ele>
   </trkpt>
   <trkpt lat="56.1621600" lon="10.2079290">
    <ele>20.2</ele>
   </trkpt>
   <trkpt lat="56.1621180" lon="10.2078680">
    <ele>20.2</ele>
   </trkpt>
   <trkpt lat="56.1620820" lon="10.2078170">
    <ele>20.0</ele>
   </trkpt>
   <trkpt lat="56.1620510" lon="10.2077750">
    <ele>20.0</ele>
   </trkpt>
   <trkpt lat="56.1620250" lon="10.2077420">
    <ele>19.8</ele>
   </trkpt>
   <trkpt lat="56.1620060" lon="10.2077130">
    <ele>19.6</ele>
   </trkpt>
   <trkpt lat="56.1619870" lon="10.2076910">
    <ele>19.4</ele>
   </trkpt>
   <trkpt lat="56.1619660" lon="10.2076630">
    <ele>19.2</ele>
   </trkpt>
   <trkpt lat="56.1619400" lon="10.2076260">
    <ele>19.0</ele>
   </trkpt>
   <trkpt lat="56.1619110" lon="10.2075790">
    <ele>18.8</ele>
   </trkpt>
   <trkpt lat="56.1618790" lon="10.2075250">
    <ele>18.8</ele>
   </trkpt>
   <trkpt lat="56.1618460" lon="10.2074680">
    <ele>18.6</ele>
   </trkpt>
   <trkpt lat="56.1618140" lon="10.2074100">
    <ele>18.6</ele>
   </trkpt>
   <trkpt lat="56.1617790" lon="10.2073540">
    <ele>18.6</ele>
   </trkpt>
   <trkpt lat="56.1617410" lon="10.2073010">
    <ele>18.6</ele>
   </trkpt>
   <trkpt lat="56.1617040" lon="10.2072500">
    <ele>18.6</ele>
   </trkpt>
   <trkpt lat="56.1616680" lon="10.2072060">
    <ele>18.6</ele>
   </trkpt>
   <trkpt lat="56.1616330" lon="10.2071730">
    <ele>18.6</ele>
   </trkpt>
   <trkpt lat="56.1615980" lon="10.2071570">
    <ele>18.8</ele>
   </trkpt>
   <trkpt lat="56.1615680" lon="10.2071600">
    <ele>18.8</ele>
   </trkpt>
   <trkpt lat="56.1615420" lon="10.2071720">
    <ele>18.8</ele>
   </trkpt>
   <trkpt lat="56.1615170" lon="10.2071880">
    <ele>18.8</ele>
   </trkpt>
   <trkpt lat="56.1614890" lon="10.2072060">
    <ele>18.6</ele>
   </trkpt>
   <trkpt lat="56.1614580" lon="10.2072260">
    <ele>18.4</ele>
   </trkpt>
   <trkpt lat="56.1614230" lon="10.2072500">
    <ele>18.0</ele>
   </trkpt>
   <trkpt lat="56.1613860" lon="10.2072730">
    <ele>17.8</ele>
   </trkpt>
   <trkpt lat="56.1613520" lon="10.2072950">
    <ele>17.6</ele>
   </trkpt>
   <trkpt lat="56.1613180" lon="10.2073150">
    <ele>17.4</ele>
   </trkpt>
   <trkpt lat="56.1612790" lon="10.2073390">
    <ele>17.2</ele>
   </trkpt>
   <trkpt lat="56.1612380" lon="10.2073630">
    <ele>17.2</ele>
   </trkpt>
   <trkpt lat="56.1611950" lon="10.2073850">
    <ele>17.2</ele>
   </trkpt>
   <trkpt lat="56.1611520" lon="10.2074050">
    <ele>17.0</ele>
   </trkpt>
   <trkpt lat="56.1611110" lon="10.2074270">
    <ele>16.8</ele>
   </trkpt>
   <trkpt lat="56.1610690" lon="10.2074490">
    <ele>16.6</ele>
   </trkpt>
   <trkpt lat="56.1610250" lon="10.2074680">
    <ele>16.2</ele>
   </trkpt>
   <trkpt lat="56.1609770" lon="10.2074910">
    <ele>15.8</ele>
   </trkpt>
   <trkpt lat="56.1609340" lon="10.2075100">
    <ele>15.6</ele>
   </trkpt>
   <trkpt lat="56.1608920" lon="10.2075310">
    <ele>15.2</ele>
   </trkpt>
   <trkpt lat="56.1608520" lon="10.2075540">
    <ele>15.0</ele>
   </trkpt>
   <trkpt lat="56.1608130" lon="10.2075790">
    <ele>14.8</ele>
   </trkpt>
   <trkpt lat="56.1607780" lon="10.2076050">
    <ele>14.6</ele>
   </trkpt>
   <trkpt lat="56.1607430" lon="10.2076290">
    <ele>14.2</ele>
   </trkpt>
   <trkpt lat="56.1607050" lon="10.2076580">
    <ele>13.8</ele>
   </trkpt>
   <trkpt lat="56.1606710" lon="10.2076920">
    <ele>13.2</ele>
   </trkpt>
   <trkpt lat="56.1606330" lon="10.2077100">
    <ele>12.8</ele>
   </trkpt>
   <trkpt lat="56.1605940" lon="10.2077270">
    <ele>12.6</ele>
   </trkpt>
   <trkpt lat="56.1605540" lon="10.2077480">
    <ele>12.6</ele>
   </trkpt>
   <trkpt lat="56.1605200" lon="10.2077650">
    <ele>12.6</ele>
   </trkpt>
   <trkpt lat="56.1604900" lon="10.2077800">
    <ele>12.6</ele>
   </trkpt>
   <trkpt lat="56.1604640" lon="10.2077960">
    <ele>12.6</ele>
   </trkpt>
   <trkpt lat="56.1604420" lon="10.2078130">
    <ele>12.4</ele>
   </trkpt>
   <trkpt lat="56.1604210" lon="10.2078250">
    <ele>12.2</ele>
   </trkpt>
   <trkpt lat="56.1604000" lon="10.2078370">
    <ele>11.8</ele>
   </trkpt>
   <trkpt lat="56.1603800" lon="10.2078440">
    <ele>11.6</ele>
   </trkpt>
   <trkpt lat="56.1603610" lon="10.2078400">
    <ele>11.4</ele>
   </trkpt>
   <trkpt lat="56.1603380" lon="10.2078270">
    <ele>11.2</ele>
   </trkpt>
   <trkpt lat="56.1603050" lon="10.2078170">
    <ele>11.2</ele>
   </trkpt>
   <trkpt lat="56.1602690" lon="10.2078080">
    <ele>11.0</ele>
   </trkpt>
   <trkpt lat="56.1602230" lon="10.2078050">
    <ele>10.8</ele>
   </trkpt>
   <trkpt lat="56.1601710" lon="10.2078050">
    <ele>10.4</ele>
   </trkpt>
   <trkpt lat="56.1601200" lon="10.2078040">
    <ele>10.4</ele>
   </trkpt>
   <trkpt lat="56.1600680" lon="10.2078040">
    <ele>10.2</ele>
   </trkpt>
   <trkpt lat="56.1600150" lon="10.2078040">
    <ele>10.0</ele>
   </trkpt>
   <trkpt lat="56.1599600" lon="10.2078020">
    <ele>10.0</ele>
   </trkpt>
   <trkpt lat="56.1599060" lon="10.2077980">
    <ele>10.0</ele>
   </trkpt>
   <trkpt lat="56.1598540" lon="10.2077920">
    <ele>10.0</ele>
   </trkpt>
   <trkpt lat="56.1598010" lon="10.2077860">
    <ele>10.0</ele>
   </trkpt>
   <trkpt lat="56.1597490" lon="10.2077830">
    <ele>10.0</ele>
   </trkpt>
   <trkpt lat="56.1597000" lon="10.2077790">
    <ele>10.0</ele>
   </trkpt>
   <trkpt lat="56.1596500" lon="10.2077710">
    <ele>10.0</ele>
   </trkpt>
   <trkpt lat="56.1596070" lon="10.2077680">
    <ele>10.0</ele>
   </trkpt>
   <trkpt lat="56.1595670" lon="10.2077650">
    <ele>10.0</ele>
   </trkpt>
   <trkpt lat="56.1595260" lon="10.2077630">
    <ele>10.0</ele>
   </trkpt>
   <trkpt lat="56.1594860" lon="10.2077650">
    <ele>10.0</ele>
   </trkpt>
   <trkpt lat="56.1594480" lon="10.2077650">
    <ele>10.2</ele>
   </trkpt>
   <trkpt lat="56.1594060" lon="10.2077650">
    <ele>10.0</ele>
   </trkpt>
   <trkpt lat="56.1593640" lon="10.2077690">
    <ele>10.2</ele>
   </trkpt>
   <trkpt lat="56.1593180" lon="10.2077610">
    <ele>10.0</ele>
   </trkpt>
   <trkpt lat="56.1592770" lon="10.2077560">
    <ele>10.0</ele>
   </trkpt>
   <trkpt lat="56.1592370" lon="10.2077550">
    <ele>10.0</ele>
   </trkpt>
   <trkpt lat="56.1591940" lon="10.2077560">
    <ele>10.0</ele>
   </trkpt>
   <trkpt lat="56.1591550" lon="10.2077500">
    <ele>10.0</ele>
   </trkpt>
   <trkpt lat="56.1591240" lon="10.2077460">
    <ele>10.0</ele>
   </trkpt>
   <trkpt lat="56.1590970" lon="10.2077460">
    <ele>10.0</ele>
   </trkpt>
   <trkpt lat="56.1590700" lon="10.2077430">
    <ele>9.8</ele>
   </trkpt>
   <trkpt lat="56.1590360" lon="10.2077400">
    <ele>9.8</ele>
   </trkpt>
   <trkpt lat="56.1590110" lon="10.2077480">
    <ele>9.8</ele>
   </trkpt>
   <trkpt lat="56.1589870" lon="10.2077440">
    <ele>9.6</ele>
   </trkpt>
   <trkpt lat="56.1589630" lon="10.2077290">
    <ele>9.6</ele>
   </trkpt>
   <trkpt lat="56.1589420" lon="10.2077150">
    <ele>9.6</ele>
   </trkpt>
   <trkpt lat="56.1589150" lon="10.2076990">
    <ele>9.8</ele>
   </trkpt>
   <trkpt lat="56.1588960" lon="10.2076790">
    <ele>9.8</ele>
   </trkpt>
   <trkpt lat="56.1588790" lon="10.2076520">
    <ele>9.8</ele>
   </trkpt>
   <trkpt lat="56.1588660" lon="10.2076170">
    <ele>9.8</ele>
   </trkpt>
   <trkpt lat="56.1588550" lon="10.2075720">
    <ele>9.8</ele>
   </trkpt>
   <trkpt lat="56.1588560" lon="10.2075150">
    <ele>9.6</ele>
   </trkpt>
   <trkpt lat="56.1588570" lon="10.2074520">
    <ele>9.4</ele>
   </trkpt>
   <trkpt lat="56.1588600" lon="10.2073720">
    <ele>9.2</ele>
   </trkpt>
   <trkpt lat="56.1588610" lon="10.2072870">
    <ele>9.2</ele>
   </trkpt>
   <trkpt lat="56.1588580" lon="10.2072020">
    <ele>9.2</ele>
   </trkpt>
   <trkpt lat="56.1588530" lon="10.2071130">
    <ele>9.2</ele>
   </trkpt>
   <trkpt lat="56.1588530" lon="10.2070250">
    <ele>9.2</ele>
   </trkpt>
   <trkpt lat="56.1588580" lon="10.2069370">
    <ele>9.4</ele>
   </trkpt>
   <trkpt lat="56.1588600" lon="10.2068470">
    <ele>9.4</ele>
   </trkpt>
   <trkpt lat="56.1588610" lon="10.2067600">
    <ele>9.4</ele>
   </trkpt>
   <trkpt lat="56.1588600" lon="10.2066690">
    <ele>9.4</ele>
   </trkpt>
   <trkpt lat="56.1588600" lon="10.2065760">
    <ele>9.4</ele>
   </trkpt>
   <trkpt lat="56.1588630" lon="10.2064790">
    <ele>9.4</ele>
   </trkpt>
   <trkpt lat="56.1588590" lon="10.2063860">
    <ele>9.4</ele>
   </trkpt>
   <trkpt lat="56.1588590" lon="10.2062960">
    <ele>9.6</ele>
   </trkpt>
   <trkpt lat="56.1588650" lon="10.2062020">
    <ele>9.6</ele>
   </trkpt>
   <trkpt lat="56.1588650" lon="10.2061140">
    <ele>9.6</ele>
   </trkpt>
   <trkpt lat="56.1588630" lon="10.2060400">
    <ele>9.8</ele>
   </trkpt>
   <trkpt lat="56.1588620" lon="10.2059680">
    <ele>9.8</ele>
   </trkpt>
   <trkpt lat="56.1588610" lon="10.2059050">
    <ele>10.0</ele>
   </trkpt>
   <trkpt lat="56.1588560" lon="10.2058420">
    <ele>10.0</ele>
   </trkpt>
   <trkpt lat="56.1588470" lon="10.2057660">
    <ele>10.0</ele>
   </trkpt>
   <trkpt lat="56.1588410" lon="10.2056860">
    <ele>9.8</ele>
   </trkpt>
   <trkpt lat="56.1588330" lon="10.2056000">
    <ele>9.6</ele>
   </trkpt>
   <trkpt lat="56.1588260" lon="10.2055080">
    <ele>9.6</ele>
   </trkpt>
   <trkpt lat="56.1588150" lon="10.2054150">
    <ele>9.4</ele>
   </trkpt>
   <trkpt lat="56.1588070" lon="10.2053260">
    <ele>9.4</ele>
   </trkpt>
   <trkpt lat="56.1588080" lon="10.2052330">
    <ele>9.4</ele>
   </trkpt>
   <trkpt lat="56.1588130" lon="10.2051430">
    <ele>9.4</ele>
   </trkpt>
   <trkpt lat="56.1588190" lon="10.2050520">
    <ele>9.2</ele>
   </trkpt>
   <trkpt lat="56.1588220" lon="10.2049570">
    <ele>9.4</ele>
   </trkpt>
   <trkpt lat="56.1588260" lon="10.2048590">
    <ele>9.2</ele>
   </trkpt>
   <trkpt lat="56.1588310" lon="10.2047580">
    <ele>9.2</ele>
   </trkpt>
   <trkpt lat="56.1588370" lon="10.2046590">
    <ele>9.2</ele>
   </trkpt>
   <trkpt lat="56.1588420" lon="10.2045580">
    <ele>9.4</ele>
   </trkpt>
   <trkpt lat="56.1588480" lon="10.2044620">
    <ele>9.4</ele>
   </trkpt>
   <trkpt lat="56.1588480" lon="10.2043690">
    <ele>9.4</ele>
   </trkpt>
   <trkpt lat="56.1588450" lon="10.2042800">
    <ele>9.4</ele>
   </trkpt>
   <trkpt lat="56.1588350" lon="10.2041960">
    <ele>9.6</ele>
   </trkpt>
   <trkpt lat="56.1588190" lon="10.2041170">
    <ele>9.6</ele>
   </trkpt>
   <trkpt lat="56.1588030" lon="10.2040420">
    <ele>9.6</ele>
   </trkpt>
   <trkpt lat="56.1587850" lon="10.2039700">
    <ele>9.6</ele>
   </trkpt>
   <trkpt lat="56.1587650" lon="10.2038970">
    <ele>9.6</ele>
   </trkpt>
   <trkpt lat="56.1587460" lon="10.2038260">
    <ele>9.6</ele>
   </trkpt>
   <trkpt lat="56.1587290" lon="10.2037520">
    <ele>9.6</ele>
   </trkpt>
   <trkpt lat="56.1587130" lon="10.2036790">
    <ele>9.6</ele>
   </trkpt>
   <trkpt lat="56.1586870" lon="10.2036030">
    <ele>9.6</ele>
   </trkpt>
   <trkpt lat="56.1586690" lon="10.2035360">
    <ele>9.6</ele>
   </trkpt>
   <trkpt lat="56.1586470" lon="10.2034710">
    <ele>9.4</ele>
   </trkpt>
   <trkpt lat="56.1586230" lon="10.2034060">
    <ele>9.4</ele>
   </trkpt>
   <trkpt lat="56.1586020" lon="10.2033370">
    <ele>9.4</ele>
   </trkpt>
   <trkpt lat="56.1585900" lon="10.2032710">
    <ele>9.4</ele>
   </trkpt>
   <trkpt lat="56.1585810" lon="10.2032090">
    <ele>9.4</ele>
   </trkpt>
   <trkpt lat="56.1585660" lon="10.2031510">
    <ele>9.4</ele>
   </trkpt>
   <trkpt lat="56.1585500" lon="10.2030910">
    <ele>9.6</ele>
   </trkpt>
   <trkpt lat="56.1585360" lon="10.2030330">
    <ele>9.6</ele>
   </trkpt>
   <trkpt lat="56.1585230" lon="10.2029820">
    <ele>9.6</ele>
   </trkpt>
   <trkpt lat="56.1585110" lon="10.2029290">
    <ele>9.4</ele>
   </trkpt>
   <trkpt lat="56.1584990" lon="10.2028760">
    <ele>9.4</ele>
   </trkpt>
   <trkpt lat="56.1584850" lon="10.2028210">
    <ele>9.4</ele>
   </trkpt>
   <trkpt lat="56.1584700" lon="10.2027660">
    <ele>9.2</ele>
   </trkpt>
   <trkpt lat="56.1584550" lon="10.2027130">
    <ele>9.2</ele>
   </trkpt>
   <trkpt lat="56.1584450" lon="10.2026660">
    <ele>9.0</ele>
   </trkpt>
   <trkpt lat="56.1584340" lon="10.2026270">
    <ele>9.0</ele>
   </trkpt>
   <trkpt lat="56.1584070" lon="10.2026050">
    <ele>9.0</ele>
   </trkpt>
   <trkpt lat="56.1583680" lon="10.2026050">
    <ele>9.0</ele>
   </trkpt>
   <trkpt lat="56.1583240" lon="10.2026250">
    <ele>8.8</ele>
   </trkpt>
   <trkpt lat="56.1582780" lon="10.2026500">
    <ele>8.8</ele>
   </trkpt>
   <trkpt lat="56.1582270" lon="10.2026670">
    <ele>8.6</ele>
   </trkpt>
   <trkpt lat="56.1581740" lon="10.2026770">
    <ele>8.6</ele>
   </trkpt>
   <trkpt lat="56.1581190" lon="10.2026900">
    <ele>8.6</ele>
   </trkpt>
   <trkpt lat="56.1580640" lon="10.2027050">
    <ele>8.4</ele>
   </trkpt>
   <trkpt lat="56.1580080" lon="10.2027210">
    <ele>8.4</ele>
   </trkpt>
   <trkpt lat="56.1579530" lon="10.2027390">
    <ele>8.4</ele>
   </trkpt>
   <trkpt lat="56.1578970" lon="10.2027560">
    <ele>8.4</ele>
   </trkpt>
   <trkpt lat="56.1578390" lon="10.2027750">
    <ele>8.4</ele>
   </trkpt>
   <trkpt lat="56.1577810" lon="10.2027880">
    <ele>8.6</ele>
   </trkpt>
   <trkpt lat="56.1577220" lon="10.2027960">
    <ele>8.6</ele>
   </trkpt>
   <trkpt lat="56.1576640" lon="10.2028030">
    <ele>8.6</ele>
   </trkpt>
   <trkpt lat="56.1576080" lon="10.2028120">
    <ele>8.6</ele>
   </trkpt>
   <trkpt lat="56.1575560" lon="10.2028200">
    <ele>8.6</ele>
   </trkpt>
   <trkpt lat="56.1575140" lon="10.2028330">
    <ele>8.6</ele>
   </trkpt>
   <trkpt lat="56.1574710" lon="10.2028440">
    <ele>8.6</ele>
   </trkpt>
   <trkpt lat="56.1574230" lon="10.2028520">
    <ele>8.6</ele>
   </trkpt>
   <trkpt lat="56.1573730" lon="10.2028610">
    <ele>8.6</ele>
   </trkpt>
   <trkpt lat="56.1573230" lon="10.2028740">
    <ele>8.6</ele>
   </trkpt>
   <trkpt lat="56.1572700" lon="10.2028870">
    <ele>8.6</ele>
   </trkpt>
   <trkpt lat="56.1572160" lon="10.2029040">
    <ele>8.6</ele>
   </trkpt>
   <trkpt lat="56.1571600" lon="10.2029180">
    <ele>8.4</ele>
   </trkpt>
   <trkpt lat="56.1571050" lon="10.2029340">
    <ele>8.4</ele>
   </trkpt>
   <trkpt lat="56.1570520" lon="10.2029570">
    <ele>8.2</ele>
   </trkpt>
   <trkpt lat="56.1569940" lon="10.2029760">
    <ele>8.2</ele>
   </trkpt>
   <trkpt lat="56.1569360" lon="10.2029970">
    <ele>8.2</ele>
   </trkpt>
   <trkpt lat="56.1568800" lon="10.2030220">
    <ele>8.0</ele>
   </trkpt>
   <trkpt lat="56.1568240" lon="10.2030510">
    <ele>8.2</ele>
   </trkpt>
   <trkpt lat="56.1567680" lon="10.2030800">
    <ele>8.2</ele>
   </trkpt>
   <trkpt lat="56.1567110" lon="10.2031080">
    <ele>8.0</ele>
   </trkpt>
   <trkpt lat="56.1566520" lon="10.2031360">
    <ele>8.0</ele>
   </trkpt>
   <trkpt lat="56.1565930" lon="10.2031630">
    <ele>8.0</ele>
   </trkpt>
   <trkpt lat="56.1565350" lon="10.2031950">
    <ele>8.0</ele>
   </trkpt>
   <trkpt lat="56.1564760" lon="10.2032250">
    <ele>8.0</ele>
   </trkpt>
   <trkpt lat="56.1564180" lon="10.2032520">
    <ele>8.0</ele>
   </trkpt>
   <trkpt lat="56.1563610" lon="10.2032820">
    <ele>8.0</ele>
   </trkpt>
   <trkpt lat="56.1563050" lon="10.2033120">
    <ele>8.2</ele>
   </trkpt>
   <trkpt lat="56.1562510" lon="10.2033420">
    <ele>8.2</ele>
   </trkpt>
   <trkpt lat="56.1561970" lon="10.2033690">
    <ele>8.4</ele>
   </trkpt>
   <trkpt lat="56.1561440" lon="10.2033940">
    <ele>8.4</ele>
   </trkpt>
   <trkpt lat="56.1560940" lon="10.2034140">
    <ele>8.4</ele>
   </trkpt>
   <trkpt lat="56.1560450" lon="10.2034240">
    <ele>8.4</ele>
   </trkpt>
   <trkpt lat="56.1560040" lon="10.2034370">
    <ele>8.6</ele>
   </trkpt>
   <trkpt lat="56.1559720" lon="10.2034510">
    <ele>8.6</ele>
   </trkpt>
   <trkpt lat="56.1559460" lon="10.2034640">
    <ele>8.8</ele>
   </trkpt>
   <trkpt lat="56.1559190" lon="10.2034810">
    <ele>8.8</ele>
   </trkpt>
   <trkpt lat="56.1558900" lon="10.2034990">
    <ele>9.0</ele>
   </trkpt>
   <trkpt lat="56.1558530" lon="10.2035160">
    <ele>9.0</ele>
   </trkpt>
   <trkpt lat="56.1558130" lon="10.2035350">
    <ele>9.0</ele>
   </trkpt>
   <trkpt lat="56.1557700" lon="10.2035560">
    <ele>9.0</ele>
   </trkpt>
   <trkpt lat="56.1557250" lon="10.2035590">
    <ele>9.2</ele>
   </trkpt>
   <trkpt lat="56.1556790" lon="10.2035400">
    <ele>9.2</ele>
   </trkpt>
   <trkpt lat="56.1556420" lon="10.2035040">
    <ele>9.4</ele>
   </trkpt>
   <trkpt lat="56.1556080" lon="10.2034600">
    <ele>9.6</ele>
   </trkpt>
   <trkpt lat="56.1555750" lon="10.2034120">
    <ele>9.8</ele>
   </trkpt>
   <trkpt lat="56.1555390" lon="10.2033670">
    <ele>10.0</ele>
   </trkpt>
   <trkpt lat="56.1555010" lon="10.2033270">
    <ele>10.2</ele>
   </trkpt>
   <trkpt lat="56.1554630" lon="10.2032800">
    <ele>10.6</ele>
   </trkpt>
   <trkpt lat="56.1554240" lon="10.2032320">
    <ele>10.8</ele>
   </trkpt>
   <trkpt lat="56.1553850" lon="10.2031870">
    <ele>11.0</ele>
   </trkpt>
   <trkpt lat="56.1553470" lon="10.2031410">
    <ele>11.2</ele>
   </trkpt>
   <trkpt lat="56.1553110" lon="10.2030950">
    <ele>11.6</ele>
   </trkpt>
   <trkpt lat="56.1552750" lon="10.2030550">
    <ele>11.8</ele>
   </trkpt>
   <trkpt lat="56.1552430" lon="10.2030160">
    <ele>12.0</ele>
   </trkpt>
   <trkpt lat="56.1552140" lon="10.2029760">
    <ele>12.2</ele>
   </trkpt>
   <trkpt lat="56.1551840" lon="10.2029370">
    <ele>12.6</ele>
   </trkpt>
   <trkpt lat="56.1551530" lon="10.2029000">
    <ele>12.8</ele>
   </trkpt>
   <trkpt lat="56.1551240" lon="10.2028610">
    <ele>12.8</ele>
   </trkpt>
   <trkpt lat="56.1551030" lon="10.2028210">
    <ele>13.0</ele>
   </trkpt>
   <trkpt lat="56.1550830" lon="10.2027900">
    <ele>13.2</ele>
   </trkpt>
   <trkpt lat="56.1550610" lon="10.2027710">
    <ele>13.2</ele>
   </trkpt>
   <trkpt lat="56.1550370" lon="10.2027690">
    <ele>13.4</ele>
   </trkpt>
   <trkpt lat="56.1550120" lon="10.2027830">
    <ele>13.6</ele>
   </trkpt>
   <trkpt lat="56.1549960" lon="10.2028140">
    <ele>13.6</ele>
   </trkpt>
   <trkpt lat="56.1549920" lon="10.2028530">
    <ele>13.6</ele>
   </trkpt>
   <trkpt lat="56.1549880" lon="10.2028900">
    <ele>13.8</ele>
   </trkpt>
   <trkpt lat="56.1549760" lon="10.2029280">
    <ele>13.8</ele>
   </trkpt>
   <trkpt lat="56.1549630" lon="10.2029700">
    <ele>14.0</ele>
   </trkpt>
   <trkpt lat="56.1549490" lon="10.2030120">
    <ele>14.2</ele>
   </trkpt>
   <trkpt lat="56.1549360" lon="10.2030520">
    <ele>14.2</ele>
   </trkpt>
   <trkpt lat="56.1549260" lon="10.2030920">
    <ele>14.4</ele>
   </trkpt>
   <trkpt lat="56.1549100" lon="10.2031450">
    <ele>14.6</ele>
   </trkpt>
   <trkpt lat="56.1548940" lon="10.2031990">
    <ele>14.8</ele>
   </trkpt>
   <trkpt lat="56.1548820" lon="10.2032440">
    <ele>15.0</ele>
   </trkpt>
   <trkpt lat="56.1548720" lon="10.2032770">
    <ele>15.4</ele>
   </trkpt>
   <trkpt lat="56.1548680" lon="10.2033040">
    <ele>15.6</ele>
   </trkpt>
   <trkpt lat="56.1548660" lon="10.2033300">
    <ele>15.8</ele>
   </trkpt>
   <trkpt lat="56.1548570" lon="10.2033590">
    <ele>15.8</ele>
   </trkpt>
   <trkpt lat="56.1548400" lon="10.2033920">
    <ele>16.0</ele>
   </trkpt>
   <trkpt lat="56.1548200" lon="10.2034320">
    <ele>16.0</ele>
   </trkpt>
   <trkpt lat="56.1547960" lon="10.2034770">
    <ele>16.2</ele>
   </trkpt>
   <trkpt lat="56.1547720" lon="10.2035250">
    <ele>16.2</ele>
   </trkpt>
   <trkpt lat="56.1547590" lon="10.2035900">
    <ele>16.4</ele>
   </trkpt>
   <trkpt lat="56.1547430" lon="10.2036340">
    <ele>16.6</ele>
   </trkpt>
   <trkpt lat="56.1547220" lon="10.2036570">
    <ele>16.8</ele>
   </trkpt>
   <trkpt lat="56.1547050" lon="10.2036730">
    <ele>17.0</ele>
   </trkpt>
   <trkpt lat="56.1546930" lon="10.2036970">
    <ele>17.2</ele>
   </trkpt>
   <trkpt lat="56.1546810" lon="10.2037390">
    <ele>17.4</ele>
   </trkpt>
   <trkpt lat="56.1546700" lon="10.2037830">
    <ele>17.4</ele>
   </trkpt>
   <trkpt lat="56.1546580" lon="10.2038350">
    <ele>17.4</ele>
   </trkpt>
   <trkpt lat="56.1546440" lon="10.2038810">
    <ele>17.6</ele>
   </trkpt>
   <trkpt lat="56.1546300" lon="10.2039310">
    <ele>17.8</ele>
   </trkpt>
   <trkpt lat="56.1546130" lon="10.2039850">
    <ele>18.0</ele>
   </trkpt>
   <trkpt lat="56.1545990" lon="10.2040370">
    <ele>18.0</ele>
   </trkpt>
   <trkpt lat="56.1545840" lon="10.2040850">
    <ele>18.2</ele>
   </trkpt>
   <trkpt lat="56.1545620" lon="10.2041260">
    <ele>18.4</ele>
   </trkpt>
   <trkpt lat="56.1545280" lon="10.2041530">
    <ele>18.6</ele>
   </trkpt>
   <trkpt lat="56.1544950" lon="10.2041540">
    <ele>18.8</ele>
   </trkpt>
   <trkpt lat="56.1544580" lon="10.2041260">
    <ele>18.8</ele>
   </trkpt>
   <trkpt lat="56.1544250" lon="10.2040740">
    <ele>18.8</ele>
   </trkpt>
   <trkpt lat="56.1543870" lon="10.2040160">
    <ele>18.8</ele>
   </trkpt>
   <trkpt lat="56.1543470" lon="10.2039660">
    <ele>18.8</ele>
   </trkpt>
   <trkpt lat="56.1543100" lon="10.2039120">
    <ele>18.8</ele>
   </trkpt>
   <trkpt lat="56.1542720" lon="10.2038600">
    <ele>18.8</ele>
   </trkpt>
   <trkpt lat="56.1542320" lon="10.2038050">
    <ele>18.8</ele>
   </trkpt>
   <trkpt lat="56.1541910" lon="10.2037510">
    <ele>19.0</ele>
   </trkpt>
   <trkpt lat="56.1541480" lon="10.2036970">
    <ele>19.0</ele>
   </trkpt>
   <trkpt lat="56.1541070" lon="10.2036420">
    <ele>19.0</ele>
   </trkpt>
   <trkpt lat="56.1540650" lon="10.2035860">
    <ele>19.2</ele>
   </trkpt>
   <trkpt lat="56.1540210" lon="10.2035280">
    <ele>19.2</ele>
   </trkpt>
   <trkpt lat="56.1539780" lon="10.2034710">
    <ele>19.4</ele>
   </trkpt>
   <trkpt lat="56.1539330" lon="10.2034140">
    <ele>19.4</ele>
   </trkpt>
   <trkpt lat="56.1538890" lon="10.2033590">
    <ele>19.6</ele>
   </trkpt>
   <trkpt lat="56.1538450" lon="10.2033030">
    <ele>19.6</ele>
   </trkpt>
   <trkpt lat="56.1537980" lon="10.2032470">
    <ele>19.8</ele>
   </trkpt>
   <trkpt lat="56.1537510" lon="10.2031960">
    <ele>19.8</ele>
   </trkpt>
   <trkpt lat="56.1537030" lon="10.2031430">
    <ele>20.0</ele>
   </trkpt>
   <trkpt lat="56.1536580" lon="10.2030810">
    <ele>20.2</ele>
   </trkpt>
   <trkpt lat="56.1536140" lon="10.2030140">
    <ele>20.2</ele>
   </trkpt>
   <trkpt lat="56.1535700" lon="10.2029480">
    <ele>20.4</ele>
   </trkpt>
   <trkpt lat="56.1535280" lon="10.2028830">
    <ele>20.4</ele>
   </trkpt>
   <trkpt lat="56.1534880" lon="10.2028230">
    <ele>20.4</ele>
   </trkpt>
   <trkpt lat="56.1534490" lon="10.2027680">
    <ele>20.6</ele>
   </trkpt>
   <trkpt lat="56.1534100" lon="10.2027180">
    <ele>20.8</ele>
   </trkpt>
   <trkpt lat="56.1533760" lon="10.2026690">
    <ele>20.8</ele>
   </trkpt>
   <trkpt lat="56.1533490" lon="10.2026250">
    <ele>21.0</ele>
   </trkpt>
   <trkpt lat="56.1533290" lon="10.2025920">
    <ele>21.2</ele>
   </trkpt>
   <trkpt lat="56.1533160" lon="10.2025730">
    <ele>21.2</ele>
   </trkpt>
   <trkpt lat="56.1533130" lon="10.2025680">
    <ele>21.4</ele>
   </trkpt>
   <trkpt lat="56.1533130" lon="10.2025680">
    <ele>21.6</ele>
   </trkpt>
   <trkpt lat="56.1533130" lon="10.2025680">
    <ele>21.6</ele>
   </trkpt>
   <trkpt lat="56.1532910" lon="10.2025150">
    <ele>21.0</ele>
   </trkpt>
   <trkpt lat="56.1532860" lon="10.2024710">
    <ele>20.8</ele>
   </trkpt>
   <trkpt lat="56.1532730" lon="10.2024170">
    <ele>20.8</ele>
   </trkpt>
   <trkpt lat="56.1532500" lon="10.2023610">
    <ele>20.6</ele>
   </trkpt>
   <trkpt lat="56.1532200" lon="10.2023030">
    <ele>20.6</ele>
   </trkpt>
   <trkpt lat="56.1531870" lon="10.2022480">
    <ele>20.4</ele>
   </trkpt>
   <trkpt lat="56.1531460" lon="10.2021950">
    <ele>20.2</ele>
   </trkpt>
   <trkpt lat="56.1530990" lon="10.2021460">
    <ele>20.2</ele>
   </trkpt>
   <trkpt lat="56.1530500" lon="10.2020960">
    <ele>20.2</ele>
   </trkpt>
   <trkpt lat="56.1530020" lon="10.2020440">
    <ele>20.2</ele>
   </trkpt>
   <trkpt lat="56.1529520" lon="10.2019920">
    <ele>20.2</ele>
   </trkpt>
   <trkpt lat="56.1529010" lon="10.2019350">
    <ele>20.4</ele>
   </trkpt>
   <trkpt lat="56.1528490" lon="10.2018770">
    <ele>20.4</ele>
   </trkpt>
   <trkpt lat="56.1527940" lon="10.2018200">
    <ele>20.4</ele>
   </trkpt>
   <trkpt lat="56.1527390" lon="10.2017630">
    <ele>20.6</ele>
   </trkpt>
   <trkpt lat="56.1526840" lon="10.2017040">
    <ele>20.6</ele>
   </trkpt>
   <trkpt lat="56.1526280" lon="10.2016440">
    <ele>20.6</ele>
   </trkpt>
   <trkpt lat="56.1525730" lon="10.2015840">
    <ele>20.6</ele>
   </trkpt>
   <trkpt lat="56.1525170" lon="10.2015220">
    <ele>20.6</ele>
   </trkpt>
   <trkpt lat="56.1524620" lon="10.2014600">
    <ele>20.6</ele>
   </trkpt>
   <trkpt lat="56.1524070" lon="10.2013980">
    <ele>20.6</ele>
   </trkpt>
   <trkpt lat="56.1523520" lon="10.2013410">
    <ele>20.6</ele>
   </trkpt>
   <trkpt lat="56.1522980" lon="10.2012850">
    <ele>20.6</ele>
   </trkpt>
   <trkpt lat="56.1522420" lon="10.2012320">
    <ele>20.8</ele>
   </trkpt>
   <trkpt lat="56.1521870" lon="10.2011780">
    <ele>20.8</ele>
   </trkpt>
   <trkpt lat="56.1521350" lon="10.2011210">
    <ele>20.8</ele>
   </trkpt>
   <trkpt lat="56.1520840" lon="10.2010570">
    <ele>20.8</ele>
   </trkpt>
   <trkpt lat="56.1520330" lon="10.2009920">
    <ele>21.0</ele>
   </trkpt>
   <trkpt lat="56.1519800" lon="10.2009330">
    <ele>21.0</ele>
   </trkpt>
   <trkpt lat="56.1519270" lon="10.2008730">
    <ele>21.0</ele>
   </trkpt>
   <trkpt lat="56.1518740" lon="10.2008110">
    <ele>21.0</ele>
   </trkpt>
   <trkpt lat="56.1518210" lon="10.2007520">
    <ele>21.0</ele>
   </trkpt>
   <trkpt lat="56.1517680" lon="10.2006910">
    <ele>21.0</ele>
   </trkpt>
   <trkpt lat="56.1517160" lon="10.2006280">
    <ele>21.2</ele>
   </trkpt>
   <trkpt lat="56.1516650" lon="10.2005610">
    <ele>21.2</ele>
   </trkpt>
   <trkpt lat="56.1516140" lon="10.2004910">
    <ele>21.2</ele>
   </trkpt>
   <trkpt lat="56.1515610" lon="10.2004270">
    <ele>21.2</ele>
   </trkpt>
   <trkpt lat="56.1515070" lon="10.2003650">
    <ele>21.2</ele>
   </trkpt>
   <trkpt lat="56.1514520" lon="10.2003050">
    <ele>21.0</ele>
   </trkpt>
   <trkpt lat="56.1513970" lon="10.2002430">
    <ele>21.0</ele>
   </trkpt>
   <trkpt lat="56.1513430" lon="10.2001820">
    <ele>21.0</ele>
   </trkpt>
   <trkpt lat="56.1512860" lon="10.2001220">
    <ele>21.0</ele>
   </trkpt>
   <trkpt lat="56.1512310" lon="10.2000600">
    <ele>21.2</ele>
   </trkpt>
   <trkpt lat="56.1511760" lon="10.1999970">
    <ele>21.2</ele>
   </trkpt>
   <trkpt lat="56.1511210" lon="10.1999330">
    <ele>21.2</ele>
   </trkpt>
   <trkpt lat="56.1510650" lon="10.1998680">
    <ele>21.0</ele>
   </trkpt>
   <trkpt lat="56.1510080" lon="10.1998030">
    <ele>21.0</ele>
   </trkpt>
   <trkpt lat="56.1509520" lon="10.1997390">
    <ele>21.0</ele>
   </trkpt>
   <trkpt lat="56.1508960" lon="10.1996770">
    <ele>20.8</ele>
   </trkpt>
   <trkpt lat="56.1508390" lon="10.1996160">
    <ele>20.8</ele>
   </trkpt>
   <trkpt lat="56.1507830" lon="10.1995510">
    <ele>20.8</ele>
   </trkpt>
   <trkpt lat="56.1507280" lon="10.1994850">
    <ele>20.8</ele>
   </trkpt>
   <trkpt lat="56.1506710" lon="10.1994220">
    <ele>20.8</ele>
   </trkpt>
   <trkpt lat="56.1506140" lon="10.1993580">
    <ele>20.6</ele>
   </trkpt>
   <trkpt lat="56.1505580" lon="10.1992960">
    <ele>20.6</ele>
   </trkpt>
   <trkpt lat="56.1505010" lon="10.1992320">
    <ele>20.6</ele>
   </trkpt>
   <trkpt lat="56.1504450" lon="10.1991660">
    <ele>20.6</ele>
   </trkpt>
   <trkpt lat="56.1503880" lon="10.1990990">
    <ele>20.6</ele>
   </trkpt>
   <trkpt lat="56.1503300" lon="10.1990330">
    <ele>20.6</ele>
   </trkpt>
   <trkpt lat="56.1502720" lon="10.1989650">
    <ele>20.6</ele>
   </trkpt>
   <trkpt lat="56.1502140" lon="10.1988980">
    <ele>20.6</ele>
   </trkpt>
   <trkpt lat="56.1501540" lon="10.1988360">
    <ele>20.6</ele>
   </trkpt>
   <trkpt lat="56.1500970" lon="10.1987750">
    <ele>20.4</ele>
   </trkpt>
   <trkpt lat="56.1500350" lon="10.1987210">
    <ele>20.4</ele>
   </trkpt>
   <trkpt lat="56.1499740" lon="10.1986650">
    <ele>20.4</ele>
   </trkpt>
   <trkpt lat="56.1499160" lon="10.1986000">
    <ele>20.4</ele>
   </trkpt>
   <trkpt lat="56.1498590" lon="10.1985330">
    <ele>20.4</ele>
   </trkpt>
   <trkpt lat="56.1498030" lon="10.1984680">
    <ele>20.4</ele>
   </trkpt>
   <trkpt lat="56.1497450" lon="10.1984050">
    <ele>20.4</ele>
   </trkpt>
   <trkpt lat="56.1496880" lon="10.1983420">
    <ele>20.4</ele>
   </trkpt>
   <trkpt lat="56.1496320" lon="10.1982780">
    <ele>20.4</ele>
   </trkpt>
   <trkpt lat="56.1495780" lon="10.1982090">
    <ele>20.4</ele>
   </trkpt>
   <trkpt lat="56.1495240" lon="10.1981390">
    <ele>20.4</ele>
   </trkpt>
   <trkpt lat="56.1494700" lon="10.1980710">
    <ele>20.4</ele>
   </trkpt>
   <trkpt lat="56.1494140" lon="10.1980090">
    <ele>20.2</ele>
   </trkpt>
   <trkpt lat="56.1493580" lon="10.1979450">
    <ele>20.2</ele>
   </trkpt>
   <trkpt lat="56.1493010" lon="10.1978810">
    <ele>20.2</ele>
   </trkpt>
   <trkpt lat="56.1492450" lon="10.1978160">
    <ele>20.2</ele>
   </trkpt>
   <trkpt lat="56.1491880" lon="10.1977510">
    <ele>20.2</ele>
   </trkpt>
   <trkpt lat="56.1491300" lon="10.1976870">
    <ele>20.0</ele>
   </trkpt>
   <trkpt lat="56.1490720" lon="10.1976220">
    <ele>20.0</ele>
   </trkpt>
   <trkpt lat="56.1490150" lon="10.1975550">
    <ele>20.0</ele>
   </trkpt>
   <trkpt lat="56.1489570" lon="10.1974880">
    <ele>19.8</ele>
   </trkpt>
   <trkpt lat="56.1489000" lon="10.1974210">
    <ele>19.8</ele>
   </trkpt>
   <trkpt lat="56.1488400" lon="10.1973530">
    <ele>19.6</ele>
   </trkpt>
   <trkpt lat="56.1487820" lon="10.1972840">
    <ele>19.6</ele>
   </trkpt>
   <trkpt lat="56.1487230" lon="10.1972170">
    <ele>19.6</ele>
   </trkpt>
   <trkpt lat="56.1486660" lon="10.1971480">
    <ele>19.4</ele>
   </trkpt>
   <trkpt lat="56.1486060" lon="10.1970770">
    <ele>19.4</ele>
   </trkpt>
   <trkpt lat="56.1485460" lon="10.1970040">
    <ele>19.2</ele>
   </trkpt>
   <trkpt lat="56.1484900" lon="10.1969250">
    <ele>19.2</ele>
   </trkpt>
   <trkpt lat="56.1484330" lon="10.1968430">
    <ele>19.0</ele>
   </trkpt>
   <trkpt lat="56.1483730" lon="10.1967660">
    <ele>18.8</ele>
   </trkpt>
   <trkpt lat="56.1483100" lon="10.1966880">
    <ele>18.6</ele>
   </trkpt>
   <trkpt lat="56.1482490" lon="10.1966090">
    <ele>18.6</ele>
   </trkpt>
   <trkpt lat="56.1481900" lon="10.1965260">
    <ele>18.4</ele>
   </trkpt>
   <trkpt lat="56.1481310" lon="10.1964420">
    <ele>18.2</ele>
   </trkpt>
   <trkpt lat="56.1480730" lon="10.1963570">
    <ele>18.0</ele>
   </trkpt>
   <trkpt lat="56.1480140" lon="10.1962720">
    <ele>18.0</ele>
   </trkpt>
   <trkpt lat="56.1479550" lon="10.1961870">
    <ele>17.8</ele>
   </trkpt>
   <trkpt lat="56.1478950" lon="10.1961060">
    <ele>17.8</ele>
   </trkpt>
   <trkpt lat="56.1478350" lon="10.1960260">
    <ele>17.8</ele>
   </trkpt>
   <trkpt lat="56.1477780" lon="10.1959450">
    <ele>17.6</ele>
   </trkpt>
   <trkpt lat="56.1477190" lon="10.1958670">
    <ele>17.6</ele>
   </trkpt>
   <trkpt lat="56.1476600" lon="10.1957900">
    <ele>17.6</ele>
   </trkpt>
   <trkpt lat="56.1476020" lon="10.1957130">
    <ele>17.6</ele>
   </trkpt>
   <trkpt lat="56.1475450" lon="10.1956320">
    <ele>17.6</ele>
   </trkpt>
   <trkpt lat="56.1474870" lon="10.1955530">
    <ele>17.6</ele>
   </trkpt>
   <trkpt lat="56.1474260" lon="10.1954790">
    <ele>17.6</ele>
   </trkpt>
   <trkpt lat="56.1473640" lon="10.1954050">
    <ele>17.6</ele>
   </trkpt>
   <trkpt lat="56.1473050" lon="10.1953270">
    <ele>17.6</ele>
   </trkpt>
   <trkpt lat="56.1472480" lon="10.1952470">
    <ele>17.4</ele>
   </trkpt>
   <trkpt lat="56.1471920" lon="10.1951650">
    <ele>17.4</ele>
   </trkpt>
   <trkpt lat="56.1471350" lon="10.1950820">
    <ele>17.4</ele>
   </trkpt>
   <trkpt lat="56.1470780" lon="10.1949970">
    <ele>17.2</ele>
   </trkpt>
   <trkpt lat="56.1470190" lon="10.1949110">
    <ele>17.2</ele>
   </trkpt>
   <trkpt lat="56.1469620" lon="10.1948240">
    <ele>17.0</ele>
   </trkpt>
   <trkpt lat="56.1469020" lon="10.1947390">
    <ele>17.0</ele>
   </trkpt>
   <trkpt lat="56.1468390" lon="10.1946590">
    <ele>16.8</ele>
   </trkpt>
   <trkpt lat="56.1467770" lon="10.1945810">
    <ele>16.8</ele>
   </trkpt>
   <trkpt lat="56.1467190" lon="10.1944990">
    <ele>16.6</ele>
   </trkpt>
   <trkpt lat="56.1466650" lon="10.1944120">
    <ele>16.6</ele>
   </trkpt>
   <trkpt lat="56.1466090" lon="10.1943280">
    <ele>16.6</ele>
   </trkpt>
   <trkpt lat="56.1465560" lon="10.1942410">
    <ele>16.4</ele>
   </trkpt>
   <trkpt lat="56.1465070" lon="10.1941500">
    <ele>16.4</ele>
   </trkpt>
   <trkpt lat="56.1464590" lon="10.1940590">
    <ele>16.4</ele>
   </trkpt>
   <trkpt lat="56.1464120" lon="10.1939650">
    <ele>16.4</ele>
   </trkpt>
   <trkpt lat="56.1463650" lon="10.1938720">
    <ele>16.6</ele>
   </trkpt>
   <trkpt lat="56.1463180" lon="10.1937790">
    <ele>16.6</ele>
   </trkpt>
   <trkpt lat="56.1462720" lon="10.1936890">
    <ele>16.6</ele>
   </trkpt>
   <trkpt lat="56.1462260" lon="10.1936020">
    <ele>16.8</ele>
   </trkpt>
   <trkpt lat="56.1461830" lon="10.1935130">
    <ele>17.0</ele>
   </trkpt>
   <trkpt lat="56.1461420" lon="10.1934250">
    <ele>17.2</ele>
   </trkpt>
   <trkpt lat="56.1461020" lon="10.1933410">
    <ele>17.4</ele>
   </trkpt>
   <trkpt lat="56.1460620" lon="10.1932610">
    <ele>17.6</ele>
   </trkpt>
   <trkpt lat="56.1460260" lon="10.1931830">
    <ele>18.0</ele>
   </trkpt>
   <trkpt lat="56.1459980" lon="10.1931050">
    <ele>18.2</ele>
   </trkpt>
   <trkpt lat="56.1459750" lon="10.1930410">
    <ele>18.4</ele>
   </trkpt>
   <trkpt lat="56.1459530" lon="10.1929920">
    <ele>18.6</ele>
   </trkpt>
   <trkpt lat="56.1459370" lon="10.1929540">
    <ele>18.8</ele>
   </trkpt>
   <trkpt lat="56.1459250" lon="10.1929320">
    <ele>19.0</ele>
   </trkpt>
   <trkpt lat="56.1459180" lon="10.1929200">
    <ele>19.0</ele>
   </trkpt>
   <trkpt lat="56.1459170" lon="10.1929140">
    <ele>19.2</ele>
   </trkpt>
   <trkpt lat="56.1459170" lon="10.1929140">
    <ele>19.2</ele>
   </trkpt>
   <trkpt lat="56.1458930" lon="10.1928700">
    <ele>19.4</ele>
   </trkpt>
   <trkpt lat="56.1458800" lon="10.1928400">
    <ele>19.4</ele>
   </trkpt>
   <trkpt lat="56.1458650" lon="10.1928040">
    <ele>19.2</ele>
   </trkpt>
   <trkpt lat="56.1458470" lon="10.1927710">
    <ele>19.2</ele>
   </trkpt>
   <trkpt lat="56.1458220" lon="10.1927330">
    <ele>19.2</ele>
   </trkpt>
   <trkpt lat="56.1457920" lon="10.1926870">
    <ele>19.2</ele>
   </trkpt>
   <trkpt lat="56.1457620" lon="10.1926370">
    <ele>19.2</ele>
   </trkpt>
   <trkpt lat="56.1457330" lon="10.1925790">
    <ele>19.4</ele>
   </trkpt>
   <trkpt lat="56.1457040" lon="10.1925190">
    <ele>19.4</ele>
   </trkpt>
   <trkpt lat="56.1456720" lon="10.1924540">
    <ele>19.6</ele>
   </trkpt>
   <trkpt lat="56.1456380" lon="10.1923870">
    <ele>19.6</ele>
   </trkpt>
   <trkpt lat="56.1456040" lon="10.1923200">
    <ele>19.8</ele>
   </trkpt>
   <trkpt lat="56.1455690" lon="10.1922500">
    <ele>19.8</ele>
   </trkpt>
   <trkpt lat="56.1455340" lon="10.1921790">
    <ele>20.0</ele>
   </trkpt>
   <trkpt lat="56.1455000" lon="10.1921070">
    <ele>20.0</ele>
   </trkpt>
   <trkpt lat="56.1454640" lon="10.1920340">
    <ele>20.2</ele>
   </trkpt>
   <trkpt lat="56.1454270" lon="10.1919630">
    <ele>20.2</ele>
   </trkpt>
   <trkpt lat="56.1453900" lon="10.1918950">
    <ele>20.4</ele>
   </trkpt>
   <trkpt lat="56.1453530" lon="10.1918260">
    <ele>20.4</ele>
   </trkpt>
   <trkpt lat="56.1453170" lon="10.1917530">
    <ele>20.6</ele>
   </trkpt>
   <trkpt lat="56.1452800" lon="10.1916820">
    <ele>20.8</ele>
   </trkpt>
   <trkpt lat="56.1452430" lon="10.1916110">
    <ele>20.8</ele>
   </trkpt>
   <trkpt lat="56.1452060" lon="10.1915390">
    <ele>21.0</ele>
   </trkpt>
   <trkpt lat="56.1451690" lon="10.1914670">
    <ele>21.2</ele>
   </trkpt>
   <trkpt lat="56.1451310" lon="10.1913960">
    <ele>21.4</ele>
   </trkpt>
   <trkpt lat="56.1450980" lon="10.1913210">
    <ele>21.4</ele>
   </trkpt>
   <trkpt lat="56.1450640" lon="10.1912460">
    <ele>21.6</ele>
   </trkpt>
   <trkpt lat="56.1450320" lon="10.1911730">
    <ele>21.6</ele>
   </trkpt>
   <trkpt lat="56.1449970" lon="10.1910960">
    <ele>21.8</ele>
   </trkpt>
   <trkpt lat="56.1449610" lon="10.1910230">
    <ele>21.8</ele>
   </trkpt>
   <trkpt lat="56.1449240" lon="10.1909520">
    <ele>22.0</ele>
   </trkpt>
   <trkpt lat="56.1448870" lon="10.1908800">
    <ele>22.2</ele>
   </trkpt>
   <trkpt lat="56.1448500" lon="10.1908090">
    <ele>22.2</ele>
   </trkpt>
   <trkpt lat="56.1448130" lon="10.1907380">
    <ele>22.4</ele>
   </trkpt>
   <trkpt lat="56.1447750" lon="10.1906700">
    <ele>22.6</ele>
   </trkpt>
   <trkpt lat="56.1447380" lon="10.1905990">
    <ele>22.6</ele>
   </trkpt>
   <trkpt lat="56.1447030" lon="10.1905300">
    <ele>22.8</ele>
   </trkpt>
   <trkpt lat="56.1446660" lon="10.1904610">
    <ele>22.8</ele>
   </trkpt>
   <trkpt lat="56.1446290" lon="10.1903940">
    <ele>23.0</ele>
   </trkpt>
   <trkpt lat="56.1445940" lon="10.1903260">
    <ele>23.0</ele>
   </trkpt>
   <trkpt lat="56.1445600" lon="10.1902500">
    <ele>23.0</ele>
   </trkpt>
   <trkpt lat="56.1445230" lon="10.1901770">
    <ele>23.2</ele>
   </trkpt>
   <trkpt lat="56.1444870" lon="10.1901060">
    <ele>23.4</ele>
   </trkpt>
   <trkpt lat="56.1444500" lon="10.1900370">
    <ele>23.4</ele>
   </trkpt>
   <trkpt lat="56.1444130" lon="10.1899700">
    <ele>23.6</ele>
   </trkpt>
   <trkpt lat="56.1443780" lon="10.1899000">
    <ele>23.8</ele>
   </trkpt>
   <trkpt lat="56.1443450" lon="10.1898300">
    <ele>23.8</ele>
   </trkpt>
   <trkpt lat="56.1443130" lon="10.1897640">
    <ele>24.0</ele>
   </trkpt>
   <trkpt lat="56.1442810" lon="10.1897020">
    <ele>24.0</ele>
   </trkpt>
   <trkpt lat="56.1442500" lon="10.1896440">
    <ele>24.2</ele>
   </trkpt>
   <trkpt lat="56.1442220" lon="10.1895910">
    <ele>24.2</ele>
   </trkpt>
   <trkpt lat="56.1442000" lon="10.1895430">
    <ele>24.4</ele>
   </trkpt>
   <trkpt lat="56.1441850" lon="10.1895010">
    <ele>24.6</ele>
   </trkpt>
   <trkpt lat="56.1441740" lon="10.1894710">
    <ele>24.6</ele>
   </trkpt>
   <trkpt lat="56.1441630" lon="10.1894530">
    <ele>24.8</ele>
   </trkpt>
   <trkpt lat="56.1441600" lon="10.1894450">
    <ele>24.8</ele>
   </trkpt>
   <trkpt lat="56.1441600" lon="10.1894450">
    <ele>24.8</ele>
   </trkpt>
   <trkpt lat="56.1441600" lon="10.1894450">
    <ele>24.8</ele>
   </trkpt>
   <trkpt lat="56.1441260" lon="10.1893790">
    <ele>24.8</ele>
   </trkpt>
   <trkpt lat="56.1441160" lon="10.1893440">
    <ele>24.8</ele>
   </trkpt>
   <trkpt lat="56.1441100" lon="10.1893070">
    <ele>24.8</ele>
   </trkpt>
   <trkpt lat="56.1440970" lon="10.1892710">
    <ele>24.8</ele>
   </trkpt>
   <trkpt lat="56.1440800" lon="10.1892330">
    <ele>24.6</ele>
   </trkpt>
   <trkpt lat="56.1440630" lon="10.1891920">
    <ele>24.6</ele>
   </trkpt>
   <trkpt lat="56.1440460" lon="10.1891520">
    <ele>24.6</ele>
   </trkpt>
   <trkpt lat="56.1440300" lon="10.1891110">
    <ele>24.6</ele>
   </trkpt>
   <trkpt lat="56.1440150" lon="10.1890700">
    <ele>24.6</ele>
   </trkpt>
   <trkpt lat="56.1440030" lon="10.1890250">
    <ele>24.8</ele>
   </trkpt>
   <trkpt lat="56.1439910" lon="10.1889770">
    <ele>24.8</ele>
   </trkpt>
   <trkpt lat="56.1439840" lon="10.1889330">
    <ele>24.8</ele>
   </trkpt>
   <trkpt lat="56.1439730" lon="10.1888960">
    <ele>24.8</ele>
   </trkpt>
   <trkpt lat="56.1439570" lon="10.1888840">
    <ele>24.8</ele>
   </trkpt>
   <trkpt lat="56.1439480" lon="10.1888820">
    <ele>24.8</ele>
   </trkpt>
   <trkpt lat="56.1439480" lon="10.1888820">
    <ele>24.8</ele>
   </trkpt>
   <trkpt lat="56.1439480" lon="10.1888820">
    <ele>24.8</ele>
   </trkpt>
   <trkpt lat="56.1439080" lon="10.1889480">
    <ele>24.8</ele>
   </trkpt>
   <trkpt lat="56.1438880" lon="10.1889910">
    <ele>24.8</ele>
   </trkpt>
   <trkpt lat="56.1438620" lon="10.1890450">
    <ele>24.6</ele>
   </trkpt>
   <trkpt lat="56.1438310" lon="10.1891030">
    <ele>24.6</ele>
   </trkpt>
   <trkpt lat="56.1437950" lon="10.1891630">
    <ele>24.4</ele>
   </trkpt>
   <trkpt lat="56.1437590" lon="10.1892280">
    <ele>24.2</ele>
   </trkpt>
   <trkpt lat="56.1437210" lon="10.1892950">
    <ele>24.0</ele>
   </trkpt>
   <trkpt lat="56.1436800" lon="10.1893590">
    <ele>24.0</ele>
   </trkpt>
   <trkpt lat="56.1436350" lon="10.1894220">
    <ele>23.8</ele>
   </trkpt>
   <trkpt lat="56.1435890" lon="10.1894890">
    <ele>23.6</ele>
   </trkpt>
   <trkpt lat="56.1435460" lon="10.1895590">
    <ele>23.6</ele>
   </trkpt>
   <trkpt lat="56.1435050" lon="10.1896330">
    <ele>23.4</ele>
   </trkpt>
   <trkpt lat="56.1434650" lon="10.1897040">
    <ele>23.4</ele>
   </trkpt>
   <trkpt lat="56.1434260" lon="10.1897680">
    <ele>23.4</ele>
   </trkpt>
   <trkpt lat="56.1433920" lon="10.1898120">
    <ele>23.4</ele>
   </trkpt>
   <trkpt lat="56.1433560" lon="10.1898280">
    <ele>23.4</ele>
   </trkpt>
   <trkpt lat="56.1433190" lon="10.1898040">
    <ele>23.6</ele>
   </trkpt>
   <trkpt lat="56.1432840" lon="10.1897530">
    <ele>23.6</ele>
   </trkpt>
   <trkpt lat="56.1432530" lon="10.1896940">
    <ele>23.6</ele>
   </trkpt>
   <trkpt lat="56.1432230" lon="10.1896360">
    <ele>23.6</ele>
   </trkpt>
   <trkpt lat="56.1431930" lon="10.1895790">
    <ele>23.6</ele>
   </trkpt>
   <trkpt lat="56.1431610" lon="10.1895240">
    <ele>23.6</ele>
   </trkpt>
   <trkpt lat="56.1431280" lon="10.1894680">
    <ele>23.6</ele>
   </trkpt>
   <trkpt lat="56.1430930" lon="10.1894080">
    <ele>23.6</ele>
   </trkpt>
   <trkpt lat="56.1430580" lon="10.1893460">
    <ele>23.8</ele>
   </trkpt>
   <trkpt lat="56.1430350" lon="10.1892730">
    <ele>23.8</ele>
   </trkpt>
   <trkpt lat="56.1430310" lon="10.1891920">
    <ele>23.8</ele>
   </trkpt>
   <trkpt lat="56.1430310" lon="10.1891110">
    <ele>23.8</ele>
   </trkpt>
   <trkpt lat="56.1430230" lon="10.1890530">
    <ele>23.8</ele>
   </trkpt>
   <trkpt lat="56.1429890" lon="10.1889810">
    <ele>24.0</ele>
   </trkpt>
   <trkpt lat="56.1429470" lon="10.1889420">
    <ele>24.0</ele>
   </trkpt>
   <trkpt lat="56.1428980" lon="10.1889220">
    <ele>24.0</ele>
   </trkpt>
   <trkpt lat="56.1428460" lon="10.1889120">
    <ele>24.0</ele>
   </trkpt>
   <trkpt lat="56.1427930" lon="10.1889040">
    <ele>24.0</ele>
   </trkpt>
   <trkpt lat="56.1427400" lon="10.1888980">
    <ele>24.0</ele>
   </trkpt>
   <trkpt lat="56.1426850" lon="10.1888910">
    <ele>24.0</ele>
   </trkpt>
   <trkpt lat="56.1426290" lon="10.1888860">
    <ele>24.0</ele>
   </trkpt>
   <trkpt lat="56.1425740" lon="10.1888800">
    <ele>24.0</ele>
   </trkpt>
   <trkpt lat="56.1425170" lon="10.1888710">
    <ele>24.2</ele>
   </trkpt>
   <trkpt lat="56.1424630" lon="10.1888610">
    <ele>24.2</ele>
   </trkpt>
   <trkpt lat="56.1424080" lon="10.1888430">
    <ele>24.2</ele>
   </trkpt>
   <trkpt lat="56.1423490" lon="10.1888280">
    <ele>24.4</ele>
   </trkpt>
   <trkpt lat="56.1422940" lon="10.1888280">
    <ele>24.4</ele>
   </trkpt>
   <trkpt lat="56.1422490" lon="10.1888560">
    <ele>24.4</ele>
   </trkpt>
   <trkpt lat="56.1422110" lon="10.1889090">
    <ele>24.4</ele>
   </trkpt>
   <trkpt lat="56.1421800" lon="10.1889860">
    <ele>24.4</ele>
   </trkpt>
   <trkpt lat="56.1421560" lon="10.1890680">
    <ele>24.2</ele>
   </trkpt>
   <trkpt lat="56.1421290" lon="10.1891560">
    <ele>24.2</ele>
   </trkpt>
   <trkpt lat="56.1421000" lon="10.1892490">
    <ele>24.0</ele>
   </trkpt>
   <trkpt lat="56.1420690" lon="10.1893420">
    <ele>23.8</ele>
   </trkpt>
   <trkpt lat="56.1420390" lon="10.1894390">
    <ele>23.6</ele>
   </trkpt>
   <trkpt lat="56.1420090" lon="10.1895380">
    <ele>23.4</ele>
   </trkpt>
   <trkpt lat="56.1419830" lon="10.1896360">
    <ele>23.2</ele>
   </trkpt>
   <trkpt lat="56.1419540" lon="10.1897320">
    <ele>23.0</ele>
   </trkpt>
   <trkpt lat="56.1419260" lon="10.1898270">
    <ele>23.0</ele>
   </trkpt>
   <trkpt lat="56.1418980" lon="10.1899250">
    <ele>22.8</ele>
   </trkpt>
   <trkpt lat="56.1418740" lon="10.1900210">
    <ele>22.8</ele>
   </trkpt>
   <trkpt lat="56.1418580" lon="10.1901190">
    <ele>22.6</ele>
   </trkpt>
   <trkpt lat="56.1418490" lon="10.1902040">
    <ele>22.8</ele>
   </trkpt>
   <trkpt lat="56.1418390" lon="10.1902780">
    <ele>22.8</ele>
   </trkpt>
   <trkpt lat="56.1418280" lon="10.1903390">
    <ele>22.8</ele>
   </trkpt>
   <trkpt lat="56.1418190" lon="10.1903860">
    <ele>23.0</ele>
   </trkpt>
   <trkpt lat="56.1418080" lon="10.1904300">
    <ele>23.0</ele>
   </trkpt>
   <trkpt lat="56.1417890" lon="10.1904680">
    <ele>23.0</ele>
   </trkpt>
   <trkpt lat="56.1417510" lon="10.1904970">
    <ele>23.0</ele>
   </trkpt>
   <trkpt lat="56.1417030" lon="10.1905040">
    <ele>23.0</ele>
   </trkpt>
   <trkpt lat="56.1416540" lon="10.1904920">
    <ele>22.8</ele>
   </trkpt>
   <trkpt lat="56.1416050" lon="10.1904810">
    <ele>22.6</ele>
   </trkpt>
   <trkpt lat="56.1415490" lon="10.1904710">
    <ele>22.4</ele>
   </trkpt>
   <trkpt lat="56.1414920" lon="10.1904580">
    <ele>22.4</ele>
   </trkpt>
   <trkpt lat="56.1414320" lon="10.1904470">
    <ele>22.2</ele>
   </trkpt>
   <trkpt lat="56.1413710" lon="10.1904400">
    <ele>22.0</ele>
   </trkpt>
   <trkpt lat="56.1413100" lon="10.1904330">
    <ele>21.8</ele>
   </trkpt>
   <trkpt lat="56.1412460" lon="10.1904250">
    <ele>21.6</ele>
   </trkpt>
   <trkpt lat="56.1411820" lon="10.1904170">
    <ele>21.4</ele>
   </trkpt>
   <trkpt lat="56.1411160" lon="10.1904110">
    <ele>21.4</ele>
   </trkpt>
   <trkpt lat="56.1410500" lon="10.1904040">
    <ele>21.2</ele>
   </trkpt>
   <trkpt lat="56.1409820" lon="10.1903950">
    <ele>21.2</ele>
   </trkpt>
   <trkpt lat="56.1409150" lon="10.1903890">
    <ele>21.2</ele>
   </trkpt>
   <trkpt lat="56.1408480" lon="10.1903790">
    <ele>21.0</ele>
   </trkpt>
   <trkpt lat="56.1407800" lon="10.1903670">
    <ele>20.8</ele>
   </trkpt>
   <trkpt lat="56.1407110" lon="10.1903580">
    <ele>20.8</ele>
   </trkpt>
   <trkpt lat="56.1406430" lon="10.1903480">
    <ele>20.6</ele>
   </trkpt>
   <trkpt lat="56.1405740" lon="10.1903340">
    <ele>20.4</ele>
   </trkpt>
   <trkpt lat="56.1405050" lon="10.1903200">
    <ele>20.4</ele>
   </trkpt>
   <trkpt lat="56.1404340" lon="10.1903060">
    <ele>20.2</ele>
   </trkpt>
   <trkpt lat="56.1403630" lon="10.1902950">
    <ele>20.2</ele>
   </trkpt>
   <trkpt lat="56.1402920" lon="10.1902880">
    <ele>20.0</ele>
   </trkpt>
   <trkpt lat="56.1402210" lon="10.1902810">
    <ele>20.0</ele>
   </trkpt>
   <trkpt lat="56.1401500" lon="10.1902730">
    <ele>19.8</ele>
   </trkpt>
   <trkpt lat="56.1400780" lon="10.1902640">
    <ele>19.6</ele>
   </trkpt>
   <trkpt lat="56.1400120" lon="10.1902520">
    <ele>19.6</ele>
   </trkpt>
   <trkpt lat="56.1399520" lon="10.1902330">
    <ele>19.4</ele>
   </trkpt>
   <trkpt lat="56.1398920" lon="10.1902170">
    <ele>19.4</ele>
   </trkpt>
   <trkpt lat="56.1398290" lon="10.1902150">
    <ele>19.4</ele>
   </trkpt>
   <trkpt lat="56.1397640" lon="10.1902150">
    <ele>19.4</ele>
   </trkpt>
   <trkpt lat="56.1396970" lon="10.1902110">
    <ele>19.2</ele>
   </trkpt>
   <trkpt lat="56.1396270" lon="10.1902050">
    <ele>19.0</ele>
   </trkpt>
   <trkpt lat="56.1395560" lon="10.1901960">
    <ele>18.8</ele>
   </trkpt>
   <trkpt lat="56.1394830" lon="10.1901870">
    <ele>18.6</ele>
   </trkpt>
   <trkpt lat="56.1394090" lon="10.1901790">
    <ele>18.4</ele>
   </trkpt>
   <trkpt lat="56.1393360" lon="10.1901690">
    <ele>18.2</ele>
   </trkpt>
   <trkpt lat="56.1392610" lon="10.1901600">
    <ele>18.0</ele>
   </trkpt>
   <trkpt lat="56.1391850" lon="10.1901500">
    <ele>17.8</ele>
   </trkpt>
   <trkpt lat="56.1391100" lon="10.1901410">
    <ele>17.4</ele>
   </trkpt>
   <trkpt lat="56.1390340" lon="10.1901340">
    <ele>17.2</ele>
   </trkpt>
   <trkpt lat="56.1389570" lon="10.1901260">
    <ele>17.0</ele>
   </trkpt>
   <trkpt lat="56.1388800" lon="10.1901240">
    <ele>16.8</ele>
   </trkpt>
   <trkpt lat="56.1388030" lon="10.1901190">
    <ele>16.6</ele>
   </trkpt>
   <trkpt lat="56.1387260" lon="10.1901080">
    <ele>16.4</ele>
   </trkpt>
   <trkpt lat="56.1386490" lon="10.1900920">
    <ele>16.2</ele>
   </trkpt>
   <trkpt lat="56.1385700" lon="10.1900750">
    <ele>16.0</ele>
   </trkpt>
   <trkpt lat="56.1384910" lon="10.1900590">
    <ele>15.6</ele>
   </trkpt>
   <trkpt lat="56.1384110" lon="10.1900470">
    <ele>15.4</ele>
   </trkpt>
   <trkpt lat="56.1383300" lon="10.1900360">
    <ele>15.0</ele>
   </trkpt>
   <trkpt lat="56.1382490" lon="10.1900250">
    <ele>14.8</ele>
   </trkpt>
   <trkpt lat="56.1381670" lon="10.1900160">
    <ele>14.6</ele>
   </trkpt>
   <trkpt lat="56.1380850" lon="10.1900060">
    <ele>14.4</ele>
   </trkpt>
   <trkpt lat="56.1380020" lon="10.1899940">
    <ele>14.2</ele>
   </trkpt>
   <trkpt lat="56.1379170" lon="10.1899820">
    <ele>14.0</ele>
   </trkpt>
   <trkpt lat="56.1378330" lon="10.1899700">
    <ele>13.8</ele>
   </trkpt>
   <trkpt lat="56.1377480" lon="10.1899590">
    <ele>13.6</ele>
   </trkpt>
   <trkpt lat="56.1376640" lon="10.1899480">
    <ele>13.4</ele>
   </trkpt>
   <trkpt lat="56.1375800" lon="10.1899370">
    <ele>13.4</ele>
   </trkpt>
   <trkpt lat="56.1374980" lon="10.1899260">
    <ele>13.2</ele>
   </trkpt>
   <trkpt lat="56.1374140" lon="10.1899130">
    <ele>13.2</ele>
   </trkpt>
   <trkpt lat="56.1373310" lon="10.1899020">
    <ele>13.0</ele>
   </trkpt>
   <trkpt lat="56.1372480" lon="10.1898930">
    <ele>13.0</ele>
   </trkpt>
   <trkpt lat="56.1371640" lon="10.1898830">
    <ele>13.0</ele>
   </trkpt>
   <trkpt lat="56.1370810" lon="10.1898710">
    <ele>12.8</ele>
   </trkpt>
   <trkpt lat="56.1369980" lon="10.1898560">
    <ele>12.8</ele>
   </trkpt>
   <trkpt lat="56.1369160" lon="10.1898430">
    <ele>12.8</ele>
   </trkpt>
   <trkpt lat="56.1368330" lon="10.1898330">
    <ele>12.8</ele>
   </trkpt>
   <trkpt lat="56.1367540" lon="10.1898170">
    <ele>12.8</ele>
   </trkpt>
   <trkpt lat="56.1366750" lon="10.1897980">
    <ele>12.8</ele>
   </trkpt>
   <trkpt lat="56.1365970" lon="10.1897740">
    <ele>12.8</ele>
   </trkpt>
   <trkpt lat="56.1365190" lon="10.1897500">
    <ele>12.8</ele>
   </trkpt>
   <trkpt lat="56.1364410" lon="10.1897210">
    <ele>12.8</ele>
   </trkpt>
   <trkpt lat="56.1363640" lon="10.1896930">
    <ele>12.8</ele>
   </trkpt>
   <trkpt lat="56.1362860" lon="10.1896680">
    <ele>12.8</ele>
   </trkpt>
   <trkpt lat="56.1362070" lon="10.1896500">
    <ele>12.8</ele>
   </trkpt>
   <trkpt lat="56.1361280" lon="10.1896340">
    <ele>12.8</ele>
   </trkpt>
   <trkpt lat="56.1360500" lon="10.1896230">
    <ele>12.8</ele>
   </trkpt>
   <trkpt lat="56.1359720" lon="10.1896210">
    <ele>13.0</ele>
   </trkpt>
   <trkpt lat="56.1358930" lon="10.1896250">
    <ele>13.0</ele>
   </trkpt>
   <trkpt lat="56.1358150" lon="10.1896290">
    <ele>13.0</ele>
   </trkpt>
   <trkpt lat="56.1357390" lon="10.1896280">
    <ele>13.0</ele>
   </trkpt>
   <trkpt lat="56.1356620" lon="10.1896180">
    <ele>13.0</ele>
   </trkpt>
   <trkpt lat="56.1355840" lon="10.1896100">
    <ele>13.0</ele>
   </trkpt>
   <trkpt lat="56.1355050" lon="10.1896070">
    <ele>13.0</ele>
   </trkpt>
   <trkpt lat="56.1354270" lon="10.1896030">
    <ele>13.0</ele>
   </trkpt>
   <trkpt lat="56.1353500" lon="10.1896040">
    <ele>13.2</ele>
   </trkpt>
   <trkpt lat="56.1352740" lon="10.1896050">
    <ele>13.2</ele>
   </trkpt>
   <trkpt lat="56.1351980" lon="10.1896120">
    <ele>13.4</ele>
   </trkpt>
   <trkpt lat="56.1351220" lon="10.1896250">
    <ele>13.4</ele>
   </trkpt>
   <trkpt lat="56.1350460" lon="10.1896410">
    <ele>13.6</ele>
   </trkpt>
   <trkpt lat="56.1349730" lon="10.1896530">
    <ele>13.8</ele>
   </trkpt>
   <trkpt lat="56.1349030" lon="10.1896630">
    <ele>13.8</ele>
   </trkpt>
   <trkpt lat="56.1348310" lon="10.1896800">
    <ele>14.0</ele>
   </trkpt>
   <trkpt lat="56.1347580" lon="10.1896980">
    <ele>14.2</ele>
   </trkpt>
   <trkpt lat="56.1346860" lon="10.1897180">
    <ele>14.4</ele>
   </trkpt>
   <trkpt lat="56.1346160" lon="10.1897390">
    <ele>14.4</ele>
   </trkpt>
   <trkpt lat="56.1345480" lon="10.1897620">
    <ele>14.6</ele>
   </trkpt>
   <trkpt lat="56.1344800" lon="10.1897800">
    <ele>14.8</ele>
   </trkpt>
   <trkpt lat="56.1344120" lon="10.1897950">
    <ele>15.0</ele>
   </trkpt>
   <trkpt lat="56.1343470" lon="10.1898110">
    <ele>15.2</ele>
   </trkpt>
   <trkpt lat="56.1342810" lon="10.1898300">
    <ele>15.4</ele>
   </trkpt>
   <trkpt lat="56.1342140" lon="10.1898480">
    <ele>15.8</ele>
   </trkpt>
   <trkpt lat="56.1341510" lon="10.1898640">
    <ele>16.0</ele>
   </trkpt>
   <trkpt lat="56.1340900" lon="10.1898790">
    <ele>16.2</ele>
   </trkpt>
   <trkpt lat="56.1340280" lon="10.1898950">
    <ele>16.4</ele>
   </trkpt>
   <trkpt lat="56.1339690" lon="10.1899110">
    <ele>16.8</ele>
   </trkpt>
   <trkpt lat="56.1339100" lon="10.1899250">
    <ele>17.0</ele>
   </trkpt>
   <trkpt lat="56.1338520" lon="10.1899360">
    <ele>17.4</ele>
   </trkpt>
   <trkpt lat="56.1337940" lon="10.1899450">
    <ele>17.6</ele>
   </trkpt>
   <trkpt lat="56.1337360" lon="10.1899520">
    <ele>18.0</ele>
   </trkpt>
   <trkpt lat="56.1336800" lon="10.1899580">
    <ele>18.2</ele>
   </trkpt>
   <trkpt lat="56.1336250" lon="10.1899600">
    <ele>18.4</ele>
   </trkpt>
   <trkpt lat="56.1335690" lon="10.1899660">
    <ele>18.8</ele>
   </trkpt>
   <trkpt lat="56.1335130" lon="10.1899740">
    <ele>19.0</ele>
   </trkpt>
   <trkpt lat="56.1334590" lon="10.1899750">
    <ele>19.2</ele>
   </trkpt>
   <trkpt lat="56.1334070" lon="10.1899710">
    <ele>19.6</ele>
   </trkpt>
   <trkpt lat="56.1333570" lon="10.1899640">
    <ele>19.8</ele>
   </trkpt>
   <trkpt lat="56.1333060" lon="10.1899590">
    <ele>20.2</ele>
   </trkpt>
   <trkpt lat="56.1332560" lon="10.1899530">
    <ele>20.4</ele>
   </trkpt>
   <trkpt lat="56.1332070" lon="10.1899390">
    <ele>20.6</ele>
   </trkpt>
   <trkpt lat="56.1331610" lon="10.1899220">
    <ele>21.0</ele>
   </trkpt>
   <trkpt lat="56.1331140" lon="10.1899050">
    <ele>21.2</ele>
   </trkpt>
   <trkpt lat="56.1330670" lon="10.1898860">
    <ele>21.6</ele>
   </trkpt>
   <trkpt lat="56.1330200" lon="10.1898640">
    <ele>21.8</ele>
   </trkpt>
   <trkpt lat="56.1329740" lon="10.1898430">
    <ele>22.0</ele>
   </trkpt>
   <trkpt lat="56.1329300" lon="10.1898210">
    <ele>22.4</ele>
   </trkpt>
   <trkpt lat="56.1328860" lon="10.1897940">
    <ele>22.6</ele>
   </trkpt>
   <trkpt lat="56.1328420" lon="10.1897670">
    <ele>22.8</ele>
   </trkpt>
   <trkpt lat="56.1328000" lon="10.1897320">
    <ele>23.0</ele>
   </trkpt>
   <trkpt lat="56.1327580" lon="10.1896940">
    <ele>23.4</ele>
   </trkpt>
   <trkpt lat="56.1327160" lon="10.1896590">
    <ele>23.4</ele>
   </trkpt>
   <trkpt lat="56.1326740" lon="10.1896230">
    <ele>23.6</ele>
   </trkpt>
   <trkpt lat="56.1326320" lon="10.1895890">
    <ele>23.8</ele>
   </trkpt>
   <trkpt lat="56.1325900" lon="10.1895540">
    <ele>24.0</ele>
   </trkpt>
   <trkpt lat="56.1325500" lon="10.1895150">
    <ele>24.2</ele>
   </trkpt>
   <trkpt lat="56.1325100" lon="10.1894750">
    <ele>24.4</ele>
   </trkpt>
   <trkpt lat="56.1324710" lon="10.1894350">
    <ele>24.6</ele>
   </trkpt>
   <trkpt lat="56.1324330" lon="10.1893960">
    <ele>25.0</ele>
   </trkpt>
   <trkpt lat="56.1323940" lon="10.1893600">
    <ele>25.2</ele>
   </trkpt>
   <trkpt lat="56.1323560" lon="10.1893270">
    <ele>25.6</ele>
   </trkpt>
   <trkpt lat="56.1323170" lon="10.1892970">
    <ele>26.0</ele>
   </trkpt>
   <trkpt lat="56.1322750" lon="10.1892690">
    <ele>26.2</ele>
   </trkpt>
   <trkpt lat="56.1322330" lon="10.1892390">
    <ele>26.6</ele>
   </trkpt>
   <trkpt lat="56.1321920" lon="10.1892040">
    <ele>26.8</ele>
   </trkpt>
   <trkpt lat="56.1321520" lon="10.1891680">
    <ele>27.0</ele>
   </trkpt>
   <trkpt lat="56.1321110" lon="10.1891330">
    <ele>27.2</ele>
   </trkpt>
   <trkpt lat="56.1320710" lon="10.1890970">
    <ele>27.4</ele>
   </trkpt>
   <trkpt lat="56.1320310" lon="10.1890620">
    <ele>27.6</ele>
   </trkpt>
   <trkpt lat="56.1319910" lon="10.1890280">
    <ele>27.8</ele>
   </trkpt>
   <trkpt lat="56.1319530" lon="10.1889870">
    <ele>28.2</ele>
   </trkpt>
   <trkpt lat="56.1319150" lon="10.1889470">
    <ele>28.4</ele>
   </trkpt>
   <trkpt lat="56.1318750" lon="10.1889130">
    <ele>28.6</ele>
   </trkpt>
   <trkpt lat="56.1318350" lon="10.1888810">
    <ele>28.8</ele>
   </trkpt>
   <trkpt lat="56.1317940" lon="10.1888470">
    <ele>29.0</ele>
   </trkpt>
   <trkpt lat="56.1317540" lon="10.1888110">
    <ele>29.2</ele>
   </trkpt>
   <trkpt lat="56.1317140" lon="10.1887730">
    <ele>29.6</ele>
   </trkpt>
   <trkpt lat="56.1316750" lon="10.1887340">
    <ele>29.8</ele>
   </trkpt>
   <trkpt lat="56.1316350" lon="10.1886990">
    <ele>30.0</ele>
   </trkpt>
   <trkpt lat="56.1315930" lon="10.1886640">
    <ele>30.2</ele>
   </trkpt>
   <trkpt lat="56.1315530" lon="10.1886280">
    <ele>30.4</ele>
   </trkpt>
   <trkpt lat="56.1315130" lon="10.1885920">
    <ele>30.6</ele>
   </trkpt>
   <trkpt lat="56.1314720" lon="10.1885580">
    <ele>30.8</ele>
   </trkpt>
   <trkpt lat="56.1314320" lon="10.1885220">
    <ele>31.0</ele>
   </trkpt>
   <trkpt lat="56.1313930" lon="10.1884880">
    <ele>31.2</ele>
   </trkpt>
   <trkpt lat="56.1313540" lon="10.1884510">
    <ele>31.4</ele>
   </trkpt>
   <trkpt lat="56.1313150" lon="10.1884130">
    <ele>31.6</ele>
   </trkpt>
   <trkpt lat="56.1312750" lon="10.1883780">
    <ele>31.6</ele>
   </trkpt>
   <trkpt lat="56.1312340" lon="10.1883460">
    <ele>31.8</ele>
   </trkpt>
   <trkpt lat="56.1311950" lon="10.1883110">
    <ele>32.0</ele>
   </trkpt>
   <trkpt lat="56.1311560" lon="10.1882740">
    <ele>32.2</ele>
   </trkpt>
   <trkpt lat="56.1311170" lon="10.1882420">
    <ele>32.4</ele>
   </trkpt>
   <trkpt lat="56.1310790" lon="10.1882100">
    <ele>32.6</ele>
   </trkpt>
   <trkpt lat="56.1310400" lon="10.1881730">
    <ele>32.6</ele>
   </trkpt>
   <trkpt lat="56.1310000" lon="10.1881370">
    <ele>32.6</ele>
   </trkpt>
   <trkpt lat="56.1309620" lon="10.1881010">
    <ele>32.6</ele>
   </trkpt>
   <trkpt lat="56.1309240" lon="10.1880640">
    <ele>32.6</ele>
   </trkpt>
   <trkpt lat="56.1308850" lon="10.1880260">
    <ele>32.6</ele>
   </trkpt>
   <trkpt lat="56.1308470" lon="10.1879900">
    <ele>32.8</ele>
   </trkpt>
   <trkpt lat="56.1308090" lon="10.1879550">
    <ele>32.8</ele>
   </trkpt>
   <trkpt lat="56.1307690" lon="10.1879220">
    <ele>33.0</ele>
   </trkpt>
   <trkpt lat="56.1307310" lon="10.1878870">
    <ele>33.2</ele>
   </trkpt>
   <trkpt lat="56.1306940" lon="10.1878490">
    <ele>33.4</ele>
   </trkpt>
   <trkpt lat="56.1306550" lon="10.1878120">
    <ele>33.6</ele>
   </trkpt>
   <trkpt lat="56.1306160" lon="10.1877800">
    <ele>33.8</ele>
   </trkpt>
   <trkpt lat="56.1305780" lon="10.1877450">
    <ele>34.0</ele>
   </trkpt>
   <trkpt lat="56.1305400" lon="10.1877090">
    <ele>34.2</ele>
   </trkpt>
   <trkpt lat="56.1305000" lon="10.1876740">
    <ele>34.4</ele>
   </trkpt>
   <trkpt lat="56.1304610" lon="10.1876420">
    <ele>34.4</ele>
   </trkpt>
   <trkpt lat="56.1304230" lon="10.1876080">
    <ele>34.6</ele>
   </trkpt>
   <trkpt lat="56.1303850" lon="10.1875710">
    <ele>34.8</ele>
   </trkpt>
   <trkpt lat="56.1303450" lon="10.1875360">
    <ele>34.8</ele>
   </trkpt>
   <trkpt lat="56.1303030" lon="10.1875010">
    <ele>35.0</ele>
   </trkpt>
   <trkpt lat="56.1302620" lon="10.1874640">
    <ele>35.2</ele>
   </trkpt>
   <trkpt lat="56.1302210" lon="10.1874260">
    <ele>35.4</ele>
   </trkpt>
   <trkpt lat="56.1301800" lon="10.1873890">
    <ele>35.6</ele>
   </trkpt>
   <trkpt lat="56.1301370" lon="10.1873530">
    <ele>35.8</ele>
   </trkpt>
   <trkpt lat="56.1300950" lon="10.1873190">
    <ele>35.8</ele>
   </trkpt>
   <trkpt lat="56.1300550" lon="10.1872820">
    <ele>36.0</ele>
   </trkpt>
   <trkpt lat="56.1300130" lon="10.1872440">
    <ele>36.0</ele>
   </trkpt>
   <trkpt lat="56.1299710" lon="10.1872040">
    <ele>36.2</ele>
   </trkpt>
   <trkpt lat="56.1299300" lon="10.1871650">
    <ele>36.2</ele>
   </trkpt>
   <trkpt lat="56.1298870" lon="10.1871280">
    <ele>36.2</ele>
   </trkpt>
   <trkpt lat="56.1298470" lon="10.1870900">
    <ele>36.4</ele>
   </trkpt>
   <trkpt lat="56.1298070" lon="10.1870510">
    <ele>36.4</ele>
   </trkpt>
   <trkpt lat="56.1297660" lon="10.1870140">
    <ele>36.6</ele>
   </trkpt>
   <trkpt lat="56.1297240" lon="10.1869770">
    <ele>36.8</ele>
   </trkpt>
   <trkpt lat="56.1296820" lon="10.1869410">
    <ele>37.0</ele>
   </trkpt>
   <trkpt lat="56.1296410" lon="10.1869050">
    <ele>37.2</ele>
   </trkpt>
   <trkpt lat="56.1296000" lon="10.1868680">
    <ele>37.4</ele>
   </trkpt>
   <trkpt lat="56.1295590" lon="10.1868340">
    <ele>37.4</ele>
   </trkpt>
   <trkpt lat="56.1295160" lon="10.1867970">
    <ele>37.6</ele>
   </trkpt>
   <trkpt lat="56.1294740" lon="10.1867580">
    <ele>37.6</ele>
   </trkpt>
   <trkpt lat="56.1294340" lon="10.1867190">
    <ele>37.8</ele>
   </trkpt>
   <trkpt lat="56.1293950" lon="10.1866790">
    <ele>38.0</ele>
   </trkpt>
   <trkpt lat="56.1293530" lon="10.1866420">
    <ele>38.0</ele>
   </trkpt>
   <trkpt lat="56.1293110" lon="10.1866030">
    <ele>38.2</ele>
   </trkpt>
   <trkpt lat="56.1292700" lon="10.1865640">
    <ele>38.2</ele>
   </trkpt>
   <trkpt lat="56.1292280" lon="10.1865260">
    <ele>38.4</ele>
   </trkpt>
   <trkpt lat="56.1291850" lon="10.1864870">
    <ele>38.4</ele>
   </trkpt>
   <trkpt lat="56.1291440" lon="10.1864510">
    <ele>38.6</ele>
   </trkpt>
   <trkpt lat="56.1291020" lon="10.1864140">
    <ele>38.8</ele>
   </trkpt>
   <trkpt lat="56.1290600" lon="10.1863780">
    <ele>38.8</ele>
   </trkpt>
   <trkpt lat="56.1290170" lon="10.1863400">
    <ele>39.0</ele>
   </trkpt>
   <trkpt lat="56.1289760" lon="10.1863000">
    <ele>39.2</ele>
   </trkpt>
   <trkpt lat="56.1289350" lon="10.1862620">
    <ele>39.4</ele>
   </trkpt>
   <trkpt lat="56.1288930" lon="10.1862230">
    <ele>39.4</ele>
   </trkpt>
   <trkpt lat="56.1288510" lon="10.1861840">
    <ele>39.6</ele>
   </trkpt>
   <trkpt lat="56.1288080" lon="10.1861460">
    <ele>39.6</ele>
   </trkpt>
   <trkpt lat="56.1287630" lon="10.1861110">
    <ele>39.8</ele>
   </trkpt>
   <trkpt lat="56.1287200" lon="10.1860740">
    <ele>39.8</ele>
   </trkpt>
   <trkpt lat="56.1286770" lon="10.1860330">
    <ele>40.0</ele>
   </trkpt>
   <trkpt lat="56.1286330" lon="10.1859900">
    <ele>40.0</ele>
   </trkpt>
   <trkpt lat="56.1285910" lon="10.1859490">
    <ele>40.0</ele>
   </trkpt>
   <trkpt lat="56.1285470" lon="10.1859070">
    <ele>40.2</ele>
   </trkpt>
   <trkpt lat="56.1285040" lon="10.1858690">
    <ele>40.2</ele>
   </trkpt>
   <trkpt lat="56.1284600" lon="10.1858300">
    <ele>40.2</ele>
   </trkpt>
   <trkpt lat="56.1284160" lon="10.1857890">
    <ele>40.2</ele>
   </trkpt>
   <trkpt lat="56.1283710" lon="10.1857500">
    <ele>40.4</ele>
   </trkpt>
   <trkpt lat="56.1283270" lon="10.1857070">
    <ele>40.4</ele>
   </trkpt>
   <trkpt lat="56.1282840" lon="10.1856690">
    <ele>40.4</ele>
   </trkpt>
   <trkpt lat="56.1282380" lon="10.1856310">
    <ele>40.6</ele>
   </trkpt>
   <trkpt lat="56.1281920" lon="10.1855930">
    <ele>40.6</ele>
   </trkpt>
   <trkpt lat="56.1281450" lon="10.1855550">
    <ele>40.6</ele>
   </trkpt>
   <trkpt lat="56.1280980" lon="10.1855150">
    <ele>40.6</ele>
   </trkpt>
   <trkpt lat="56.1280530" lon="10.1854730">
    <ele>40.6</ele>
   </trkpt>
   <trkpt lat="56.1280090" lon="10.1854350">
    <ele>40.8</ele>
   </trkpt>
   <trkpt lat="56.1279660" lon="10.1853950">
    <ele>40.8</ele>
   </trkpt>
   <trkpt lat="56.1279200" lon="10.1853520">
    <ele>40.8</ele>
   </trkpt>
   <trkpt lat="56.1278740" lon="10.1853110">
    <ele>40.6</ele>
   </trkpt>
   <trkpt lat="56.1278270" lon="10.1852690">
    <ele>40.6</ele>
   </trkpt>
   <trkpt lat="56.1277790" lon="10.1852290">
    <ele>40.4</ele>
   </trkpt>
   <trkpt lat="56.1277330" lon="10.1851890">
    <ele>40.4</ele>
   </trkpt>
   <trkpt lat="56.1276870" lon="10.1851480">
    <ele>40.4</ele>
   </trkpt>
   <trkpt lat="56.1276430" lon="10.1851090">
    <ele>40.2</ele>
   </trkpt>
   <trkpt lat="56.1275960" lon="10.1850700">
    <ele>40.2</ele>
   </trkpt>
   <trkpt lat="56.1275510" lon="10.1850270">
    <ele>40.2</ele>
   </trkpt>
   <trkpt lat="56.1275050" lon="10.1849810">
    <ele>40.2</ele>
   </trkpt>
   <trkpt lat="56.1274610" lon="10.1849380">
    <ele>40.2</ele>
   </trkpt>
   <trkpt lat="56.1274170" lon="10.1848960">
    <ele>40.2</ele>
   </trkpt>
   <trkpt lat="56.1273680" lon="10.1848540">
    <ele>40.2</ele>
   </trkpt>
   <trkpt lat="56.1273200" lon="10.1848100">
    <ele>40.4</ele>
   </trkpt>
   <trkpt lat="56.1272720" lon="10.1847680">
    <ele>40.4</ele>
   </trkpt>
   <trkpt lat="56.1272240" lon="10.1847280">
    <ele>40.4</ele>
   </trkpt>
   <trkpt lat="56.1271760" lon="10.1846880">
    <ele>40.4</ele>
   </trkpt>
   <trkpt lat="56.1271300" lon="10.1846440">
    <ele>40.4</ele>
   </trkpt>
   <trkpt lat="56.1270840" lon="10.1846020">
    <ele>40.4</ele>
   </trkpt>
   <trkpt lat="56.1270370" lon="10.1845610">
    <ele>40.4</ele>
   </trkpt>
   <trkpt lat="56.1269920" lon="10.1845150">
    <ele>40.4</ele>
   </trkpt>
   <trkpt lat="56.1269510" lon="10.1844660">
    <ele>40.6</ele>
   </trkpt>
   <trkpt lat="56.1269160" lon="10.1844080">
    <ele>40.4</ele>
   </trkpt>
   <trkpt lat="56.1268900" lon="10.1843350">
    <ele>40.4</ele>
   </trkpt>
   <trkpt lat="56.1268720" lon="10.1842510">
    <ele>40.4</ele>
   </trkpt>
   <trkpt lat="56.1268590" lon="10.1841600">
    <ele>40.4</ele>
   </trkpt>
   <trkpt lat="56.1268430" lon="10.1840670">
    <ele>40.2</ele>
   </trkpt>
   <trkpt lat="56.1268180" lon="10.1839770">
    <ele>40.2</ele>
   </trkpt>
   <trkpt lat="56.1267870" lon="10.1839020">
    <ele>40.2</ele>
   </trkpt>
   <trkpt lat="56.1267480" lon="10.1838420">
    <ele>40.2</ele>
   </trkpt>
   <trkpt lat="56.1267040" lon="10.1837950">
    <ele>40.2</ele>
   </trkpt>
   <trkpt lat="56.1266580" lon="10.1837620">
    <ele>40.2</ele>
   </trkpt>
   <trkpt lat="56.1266100" lon="10.1837430">
    <ele>40.4</ele>
   </trkpt>
   <trkpt lat="56.1265590" lon="10.1837360">
    <ele>40.4</ele>
   </trkpt>
   <trkpt lat="56.1265070" lon="10.1837380">
    <ele>40.4</ele>
   </trkpt>
   <trkpt lat="56.1264540" lon="10.1837460">
    <ele>40.4</ele>
   </trkpt>
   <trkpt lat="56.1264020" lon="10.1837420">
    <ele>40.4</ele>
   </trkpt>
   <trkpt lat="56.1263540" lon="10.1837170">
    <ele>40.4</ele>
   </trkpt>
   <trkpt lat="56.1263110" lon="10.1836710">
    <ele>40.4</ele>
   </trkpt>
   <trkpt lat="56.1262720" lon="10.1836110">
    <ele>40.4</ele>
   </trkpt>
   <trkpt lat="56.1262360" lon="10.1835470">
    <ele>40.6</ele>
   </trkpt>
   <trkpt lat="56.1262010" lon="10.1834840">
    <ele>40.8</ele>
   </trkpt>
   <trkpt lat="56.1261660" lon="10.1834210">
    <ele>41.0</ele>
   </trkpt>
   <trkpt lat="56.1261300" lon="10.1833590">
    <ele>41.2</ele>
   </trkpt>
   <trkpt lat="56.1260960" lon="10.1832990">
    <ele>41.4</ele>
   </trkpt>
   <trkpt lat="56.1260640" lon="10.1832410">
    <ele>41.6</ele>
   </trkpt>
   <trkpt lat="56.1260350" lon="10.1831860">
    <ele>41.8</ele>
   </trkpt>
   <trkpt lat="56.1260030" lon="10.1831330">
    <ele>42.0</ele>
   </trkpt>
   <trkpt lat="56.1259710" lon="10.1830820">
    <ele>42.4</ele>
   </trkpt>
   <trkpt lat="56.1259420" lon="10.1830290">
    <ele>42.6</ele>
   </trkpt>
   <trkpt lat="56.1259130" lon="10.1829730">
    <ele>43.0</ele>
   </trkpt>
   <trkpt lat="56.1258840" lon="10.1829190">
    <ele>43.2</ele>
   </trkpt>
   <trkpt lat="56.1258540" lon="10.1828660">
    <ele>43.4</ele>
   </trkpt>
   <trkpt lat="56.1258230" lon="10.1828160">
    <ele>43.8</ele>
   </trkpt>
   <trkpt lat="56.1257910" lon="10.1827660">
    <ele>44.0</ele>
   </trkpt>
   <trkpt lat="56.1257630" lon="10.1827120">
    <ele>44.2</ele>
   </trkpt>
   <trkpt lat="56.1257350" lon="10.1826560">
    <ele>44.4</ele>
   </trkpt>
   <trkpt lat="56.1257080" lon="10.1825990">
    <ele>44.8</ele>
   </trkpt>
   <trkpt lat="56.1256790" lon="10.1825430">
    <ele>45.0</ele>
   </trkpt>
   <trkpt lat="56.1256490" lon="10.1824910">
    <ele>45.2</ele>
   </trkpt>
   <trkpt lat="56.1256180" lon="10.1824410">
    <ele>45.4</ele>
   </trkpt>
   <trkpt lat="56.1255870" lon="10.1823900">
    <ele>45.6</ele>
   </trkpt>
   <trkpt lat="56.1255570" lon="10.1823370">
    <ele>45.8</ele>
   </trkpt>
   <trkpt lat="56.1255290" lon="10.1822840">
    <ele>46.0</ele>
   </trkpt>
   <trkpt lat="56.1254970" lon="10.1822320">
    <ele>46.4</ele>
   </trkpt>
   <trkpt lat="56.1254670" lon="10.1821810">
    <ele>46.6</ele>
   </trkpt>
   <trkpt lat="56.1254350" lon="10.1821310">
    <ele>47.0</ele>
   </trkpt>
   <trkpt lat="56.1254050" lon="10.1820790">
    <ele>47.2</ele>
   </trkpt>
   <trkpt lat="56.1253750" lon="10.1820270">
    <ele>47.4</ele>
   </trkpt>
   <trkpt lat="56.1253440" lon="10.1819750">
    <ele>47.6</ele>
   </trkpt>
   <trkpt lat="56.1253140" lon="10.1819220">
    <ele>47.8</ele>
   </trkpt>
   <trkpt lat="56.1252840" lon="10.1818700">
    <ele>48.0</ele>
   </trkpt>
   <trkpt lat="56.1252550" lon="10.1818200">
    <ele>48.2</ele>
   </trkpt>
   <trkpt lat="56.1252250" lon="10.1817690">
    <ele>48.4</ele>
   </trkpt>
   <trkpt lat="56.1251950" lon="10.1817180">
    <ele>48.6</ele>
   </trkpt>
   <trkpt lat="56.1251680" lon="10.1816660">
    <ele>48.8</ele>
   </trkpt>
   <trkpt lat="56.1251430" lon="10.1816100">
    <ele>49.0</ele>
   </trkpt>
   <trkpt lat="56.1251160" lon="10.1815570">
    <ele>49.2</ele>
   </trkpt>
   <trkpt lat="56.1250860" lon="10.1815030">
    <ele>49.4</ele>
   </trkpt>
   <trkpt lat="56.1250600" lon="10.1814480">
    <ele>49.6</ele>
   </trkpt>
   <trkpt lat="56.1250340" lon="10.1813910">
    <ele>49.8</ele>
   </trkpt>
   <trkpt lat="56.1250050" lon="10.1813350">
    <ele>50.0</ele>
   </trkpt>
   <trkpt lat="56.1249740" lon="10.1812790">
    <ele>50.2</ele>
   </trkpt>
   <trkpt lat="56.1249440" lon="10.1812190">
    <ele>50.4</ele>
   </trkpt>
   <trkpt lat="56.1249140" lon="10.1811590">
    <ele>50.4</ele>
   </trkpt>
   <trkpt lat="56.1248810" lon="10.1811010">
    <ele>50.6</ele>
   </trkpt>
   <trkpt lat="56.1248490" lon="10.1810410">
    <ele>50.8</ele>
   </trkpt>
   <trkpt lat="56.1248170" lon="10.1809780">
    <ele>50.8</ele>
   </trkpt>
   <trkpt lat="56.1247860" lon="10.1809130">
    <ele>51.0</ele>
   </trkpt>
   <trkpt lat="56.1247570" lon="10.1808480">
    <ele>51.0</ele>
   </trkpt>
   <trkpt lat="56.1247270" lon="10.1807800">
    <ele>51.0</ele>
   </trkpt>
   <trkpt lat="56.1246990" lon="10.1807120">
    <ele>51.2</ele>
   </trkpt>
   <trkpt lat="56.1246710" lon="10.1806420">
    <ele>51.2</ele>
   </trkpt>
   <trkpt lat="56.1246430" lon="10.1805720">
    <ele>51.2</ele>
   </trkpt>
   <trkpt lat="56.1246140" lon="10.1804990">
    <ele>51.4</ele>
   </trkpt>
   <trkpt lat="56.1245890" lon="10.1804240">
    <ele>51.4</ele>
   </trkpt>
   <trkpt lat="56.1245620" lon="10.1803490">
    <ele>51.6</ele>
   </trkpt>
   <trkpt lat="56.1245360" lon="10.1802750">
    <ele>51.6</ele>
   </trkpt>
   <trkpt lat="56.1245070" lon="10.1802040">
    <ele>51.6</ele>
   </trkpt>
   <trkpt lat="56.1244800" lon="10.1801300">
    <ele>51.6</ele>
   </trkpt>
   <trkpt lat="56.1244560" lon="10.1800500">
    <ele>51.6</ele>
   </trkpt>
   <trkpt lat="56.1244330" lon="10.1799720">
    <ele>51.6</ele>
   </trkpt>
   <trkpt lat="56.1244100" lon="10.1798970">
    <ele>51.6</ele>
   </trkpt>
   <trkpt lat="56.1243850" lon="10.1798170">
    <ele>51.6</ele>
   </trkpt>
   <trkpt lat="56.1243610" lon="10.1797330">
    <ele>51.4</ele>
   </trkpt>
   <trkpt lat="56.1243360" lon="10.1796460">
    <ele>51.4</ele>
   </trkpt>
   <trkpt lat="56.1243130" lon="10.1795550">
    <ele>51.2</ele>
   </trkpt>
   <trkpt lat="56.1242910" lon="10.1794620">
    <ele>51.2</ele>
   </trkpt>
   <trkpt lat="56.1242690" lon="10.1793670">
    <ele>51.0</ele>
   </trkpt>
   <trkpt lat="56.1242470" lon="10.1792700">
    <ele>51.0</ele>
   </trkpt>
   <trkpt lat="56.1242260" lon="10.1791750">
    <ele>51.0</ele>
   </trkpt>
   <trkpt lat="56.1242030" lon="10.1790760">
    <ele>51.0</ele>
   </trkpt>
   <trkpt lat="56.1241810" lon="10.1789770">
    <ele>51.0</ele>
   </trkpt>
   <trkpt lat="56.1241600" lon="10.1788800">
    <ele>51.0</ele>
   </trkpt>
   <trkpt lat="56.1241370" lon="10.1787840">
    <ele>50.8</ele>
   </trkpt>
   <trkpt lat="56.1241150" lon="10.1786860">
    <ele>50.8</ele>
   </trkpt>
   <trkpt lat="56.1240940" lon="10.1785840">
    <ele>50.6</ele>
   </trkpt>
   <trkpt lat="56.1240720" lon="10.1784810">
    <ele>50.6</ele>
   </trkpt>
   <trkpt lat="56.1240540" lon="10.1783810">
    <ele>50.4</ele>
   </trkpt>
   <trkpt lat="56.1240340" lon="10.1782800">
    <ele>50.4</ele>
   </trkpt>
   <trkpt lat="56.1240140" lon="10.1781800">
    <ele>50.4</ele>
   </trkpt>
   <trkpt lat="56.1239940" lon="10.1780800">
    <ele>50.4</ele>
   </trkpt>
   <trkpt lat="56.1239720" lon="10.1779790">
    <ele>50.2</ele>
   </trkpt>
   <trkpt lat="56.1239500" lon="10.1778800">
    <ele>50.2</ele>
   </trkpt>
   <trkpt lat="56.1239270" lon="10.1777790">
    <ele>50.2</ele>
   </trkpt>
   <trkpt lat="56.1239050" lon="10.1776760">
    <ele>50.2</ele>
   </trkpt>
   <trkpt lat="56.1238830" lon="10.1775750">
    <ele>50.0</ele>
   </trkpt>
   <trkpt lat="56.1238600" lon="10.1774760">
    <ele>50.0</ele>
   </trkpt>
   <trkpt lat="56.1238410" lon="10.1773740">
    <ele>50.0</ele>
   </trkpt>
   <trkpt lat="56.1238210" lon="10.1772710">
    <ele>49.8</ele>
   </trkpt>
   <trkpt lat="56.1237990" lon="10.1771690">
    <ele>49.8</ele>
   </trkpt>
   <trkpt lat="56.1237780" lon="10.1770700">
    <ele>49.6</ele>
   </trkpt>
   <trkpt lat="56.1237550" lon="10.1769670">
    <ele>49.6</ele>
   </trkpt>
   <trkpt lat="56.1237320" lon="10.1768640">
    <ele>49.4</ele>
   </trkpt>
   <trkpt lat="56.1237100" lon="10.1767620">
    <ele>49.4</ele>
   </trkpt>
   <trkpt lat="56.1236880" lon="10.1766590">
    <ele>49.6</ele>
   </trkpt>
   <trkpt lat="56.1236650" lon="10.1765530">
    <ele>49.6</ele>
   </trkpt>
   <trkpt lat="56.1236400" lon="10.1764470">
    <ele>49.6</ele>
   </trkpt>
   <trkpt lat="56.1236170" lon="10.1763420">
    <ele>49.6</ele>
   </trkpt>
   <trkpt lat="56.1235940" lon="10.1762370">
    <ele>49.4</ele>
   </trkpt>
   <trkpt lat="56.1235700" lon="10.1761300">
    <ele>49.4</ele>
   </trkpt>
   <trkpt lat="56.1235440" lon="10.1760300">
    <ele>49.2</ele>
   </trkpt>
   <trkpt lat="56.1235190" lon="10.1759230">
    <ele>49.2</ele>
   </trkpt>
   <trkpt lat="56.1234910" lon="10.1758120">
    <ele>49.0</ele>
   </trkpt>
   <trkpt lat="56.1234680" lon="10.1757010">
    <ele>49.0</ele>
   </trkpt>
   <trkpt lat="56.1234460" lon="10.1755840">
    <ele>49.0</ele>
   </trkpt>
   <trkpt lat="56.1234240" lon="10.1754690">
    <ele>48.8</ele>
   </trkpt>
   <trkpt lat="56.1233990" lon="10.1753540">
    <ele>48.8</ele>
   </trkpt>
   <trkpt lat="56.1233760" lon="10.1752430">
    <ele>48.6</ele>
   </trkpt>
   <trkpt lat="56.1233510" lon="10.1751320">
    <ele>48.6</ele>
   </trkpt>
   <trkpt lat="56.1233260" lon="10.1750170">
    <ele>48.4</ele>
   </trkpt>
   <trkpt lat="56.1233020" lon="10.1749040">
    <ele>48.2</ele>
   </trkpt>
   <trkpt lat="56.1232780" lon="10.1747940">
    <ele>48.2</ele>
   </trkpt>
   <trkpt lat="56.1232540" lon="10.1746840">
    <ele>48.0</ele>
   </trkpt>
   <trkpt lat="56.1232300" lon="10.1745690">
    <ele>48.0</ele>
   </trkpt>
   <trkpt lat="56.1232060" lon="10.1744550">
    <ele>48.0</ele>
   </trkpt>
   <trkpt lat="56.1231830" lon="10.1743410">
    <ele>47.8</ele>
   </trkpt>
   <trkpt lat="56.1231620" lon="10.1742270">
    <ele>47.6</ele>
   </trkpt>
   <trkpt lat="56.1231390" lon="10.1741150">
    <ele>47.4</ele>
   </trkpt>
   <trkpt lat="56.1231150" lon="10.1740020">
    <ele>47.4</ele>
   </trkpt>
   <trkpt lat="56.1230880" lon="10.1738890">
    <ele>47.4</ele>
   </trkpt>
   <trkpt lat="56.1230610" lon="10.1737770">
    <ele>47.4</ele>
   </trkpt>
   <trkpt lat="56.1230330" lon="10.1736600">
    <ele>47.4</ele>
   </trkpt>
   <trkpt lat="56.1230080" lon="10.1735440">
    <ele>47.2</ele>
   </trkpt>
   <trkpt lat="56.1229820" lon="10.1734250">
    <ele>47.0</ele>
   </trkpt>
   <trkpt lat="56.1229580" lon="10.1733070">
    <ele>47.0</ele>
   </trkpt>
   <trkpt lat="56.1229350" lon="10.1731930">
    <ele>46.8</ele>
   </trkpt>
   <trkpt lat="56.1229100" lon="10.1730820">
    <ele>46.8</ele>
   </trkpt>
   <trkpt lat="56.1228850" lon="10.1729710">
    <ele>46.6</ele>
   </trkpt>
   <trkpt lat="56.1228590" lon="10.1728620">
    <ele>46.6</ele>
   </trkpt>
   <trkpt lat="56.1228330" lon="10.1727510">
    <ele>46.6</ele>
   </trkpt>
   <trkpt lat="56.1228070" lon="10.1726430">
    <ele>46.4</ele>
   </trkpt>
   <trkpt lat="56.1227800" lon="10.1725380">
    <ele>46.4</ele>
   </trkpt>
   <trkpt lat="56.1227510" lon="10.1724380">
    <ele>46.4</ele>
   </trkpt>
   <trkpt lat="56.1227270" lon="10.1723430">
    <ele>46.4</ele>
   </trkpt>
   <trkpt lat="56.1227090" lon="10.1722500">
    <ele>46.4</ele>
   </trkpt>
   <trkpt lat="56.1226990" lon="10.1721690">
    <ele>46.4</ele>
   </trkpt>
   <trkpt lat="56.1226890" lon="10.1721030">
    <ele>46.4</ele>
   </trkpt>
   <trkpt lat="56.1226700" lon="10.1720540">
    <ele>46.4</ele>
   </trkpt>
   <trkpt lat="56.1226440" lon="10.1720220">
    <ele>46.2</ele>
   </trkpt>
   <trkpt lat="56.1226120" lon="10.1720030">
    <ele>46.2</ele>
   </trkpt>
   <trkpt lat="56.1225760" lon="10.1719920">
    <ele>46.0</ele>
   </trkpt>
   <trkpt lat="56.1225350" lon="10.1719910">
    <ele>45.8</ele>
   </trkpt>
   <trkpt lat="56.1224910" lon="10.1719960">
    <ele>45.8</ele>
   </trkpt>
   <trkpt lat="56.1224420" lon="10.1720020">
    <ele>45.6</ele>
   </trkpt>
   <trkpt lat="56.1223880" lon="10.1720070">
    <ele>45.6</ele>
   </trkpt>
   <trkpt lat="56.1223320" lon="10.1720110">
    <ele>45.4</ele>
   </trkpt>
   <trkpt lat="56.1222750" lon="10.1720140">
    <ele>45.4</ele>
   </trkpt>
   <trkpt lat="56.1222170" lon="10.1720110">
    <ele>45.2</ele>
   </trkpt>
   <trkpt lat="56.1221580" lon="10.1720040">
    <ele>45.2</ele>
   </trkpt>
   <trkpt lat="56.1220990" lon="10.1719910">
    <ele>45.2</ele>
   </trkpt>
   <trkpt lat="56.1220370" lon="10.1719780">
    <ele>45.2</ele>
   </trkpt>
   <trkpt lat="56.1219740" lon="10.1719660">
    <ele>45.2</ele>
   </trkpt>
   <trkpt lat="56.1219120" lon="10.1719520">
    <ele>45.2</ele>
   </trkpt>
   <trkpt lat="56.1218490" lon="10.1719370">
    <ele>45.2</ele>
   </trkpt>
   <trkpt lat="56.1217860" lon="10.1719210">
    <ele>45.2</ele>
   </trkpt>
   <trkpt lat="56.1217230" lon="10.1719040">
    <ele>45.2</ele>
   </trkpt>
   <trkpt lat="56.1216580" lon="10.1718890">
    <ele>45.2</ele>
   </trkpt>
   <trkpt lat="56.1215930" lon="10.1718730">
    <ele>45.2</ele>
   </trkpt>
   <trkpt lat="56.1215260" lon="10.1718580">
    <ele>45.2</ele>
   </trkpt>
   <trkpt lat="56.1214600" lon="10.1718370">
    <ele>45.2</ele>
   </trkpt>
   <trkpt lat="56.1213950" lon="10.1718090">
    <ele>45.2</ele>
   </trkpt>
   <trkpt lat="56.1213310" lon="10.1717780">
    <ele>45.2</ele>
   </trkpt>
   <trkpt lat="56.1212690" lon="10.1717470">
    <ele>45.0</ele>
   </trkpt>
   <trkpt lat="56.1212110" lon="10.1717130">
    <ele>45.2</ele>
   </trkpt>
   <trkpt lat="56.1211510" lon="10.1716810">
    <ele>45.2</ele>
   </trkpt>
   <trkpt lat="56.1210920" lon="10.1716510">
    <ele>45.4</ele>
   </trkpt>
   <trkpt lat="56.1210350" lon="10.1716260">
    <ele>45.6</ele>
   </trkpt>
   <trkpt lat="56.1209790" lon="10.1716010">
    <ele>45.8</ele>
   </trkpt>
   <trkpt lat="56.1209260" lon="10.1715780">
    <ele>46.2</ele>
   </trkpt>
   <trkpt lat="56.1208740" lon="10.1715590">
    <ele>46.4</ele>
   </trkpt>
   <trkpt lat="56.1208230" lon="10.1715460">
    <ele>46.8</ele>
   </trkpt>
   <trkpt lat="56.1207740" lon="10.1715350">
    <ele>47.0</ele>
   </trkpt>
   <trkpt lat="56.1207240" lon="10.1715290">
    <ele>47.4</ele>
   </trkpt>
   <trkpt lat="56.1206750" lon="10.1715260">
    <ele>47.8</ele>
   </trkpt>
   <trkpt lat="56.1206270" lon="10.1715210">
    <ele>48.2</ele>
   </trkpt>
   <trkpt lat="56.1205800" lon="10.1715240">
    <ele>48.6</ele>
   </trkpt>
   <trkpt lat="56.1205320" lon="10.1715290">
    <ele>48.8</ele>
   </trkpt>
   <trkpt lat="56.1204830" lon="10.1715340">
    <ele>49.0</ele>
   </trkpt>
   <trkpt lat="56.1204340" lon="10.1715440">
    <ele>49.4</ele>
   </trkpt>
   <trkpt lat="56.1203850" lon="10.1715540">
    <ele>49.6</ele>
   </trkpt>
   <trkpt lat="56.1203340" lon="10.1715650">
    <ele>49.8</ele>
   </trkpt>
   <trkpt lat="56.1202840" lon="10.1715810">
    <ele>50.0</ele>
   </trkpt>
   <trkpt lat="56.1202340" lon="10.1715990">
    <ele>50.2</ele>
   </trkpt>
   <trkpt lat="56.1201840" lon="10.1716160">
    <ele>50.4</ele>
   </trkpt>
   <trkpt lat="56.1201340" lon="10.1716310">
    <ele>50.4</ele>
   </trkpt>
   <trkpt lat="56.1200820" lon="10.1716490">
    <ele>50.6</ele>
   </trkpt>
   <trkpt lat="56.1200290" lon="10.1716650">
    <ele>50.6</ele>
   </trkpt>
   <trkpt lat="56.1199760" lon="10.1716800">
    <ele>50.8</ele>
   </trkpt>
   <trkpt lat="56.1199230" lon="10.1716960">
    <ele>50.8</ele>
   </trkpt>
   <trkpt lat="56.1198700" lon="10.1717130">
    <ele>51.0</ele>
   </trkpt>
   <trkpt lat="56.1198160" lon="10.1717300">
    <ele>51.0</ele>
   </trkpt>
   <trkpt lat="56.1197620" lon="10.1717450">
    <ele>51.0</ele>
   </trkpt>
   <trkpt lat="56.1197080" lon="10.1717620">
    <ele>51.0</ele>
   </trkpt>
   <trkpt lat="56.1196540" lon="10.1717790">
    <ele>51.0</ele>
   </trkpt>
   <trkpt lat="56.1196000" lon="10.1717960">
    <ele>51.0</ele>
   </trkpt>
   <trkpt lat="56.1195460" lon="10.1718100">
    <ele>51.0</ele>
   </trkpt>
   <trkpt lat="56.1194910" lon="10.1718250">
    <ele>51.2</ele>
   </trkpt>
   <trkpt lat="56.1194370" lon="10.1718400">
    <ele>51.2</ele>
   </trkpt>
   <trkpt lat="56.1193810" lon="10.1718560">
    <ele>51.2</ele>
   </trkpt>
   <trkpt lat="56.1193260" lon="10.1718700">
    <ele>51.2</ele>
   </trkpt>
   <trkpt lat="56.1192710" lon="10.1718880">
    <ele>51.2</ele>
   </trkpt>
   <trkpt lat="56.1192180" lon="10.1719060">
    <ele>51.4</ele>
   </trkpt>
   <trkpt lat="56.1191640" lon="10.1719200">
    <ele>51.4</ele>
   </trkpt>
   <trkpt lat="56.1191110" lon="10.1719340">
    <ele>51.4</ele>
   </trkpt>
   <trkpt lat="56.1190580" lon="10.1719490">
    <ele>51.6</ele>
   </trkpt>
   <trkpt lat="56.1190060" lon="10.1719620">
    <ele>51.8</ele>
   </trkpt>
   <trkpt lat="56.1189550" lon="10.1719770">
    <ele>52.0</ele>
   </trkpt>
   <trkpt lat="56.1189040" lon="10.1719920">
    <ele>52.2</ele>
   </trkpt>
   <trkpt lat="56.1188550" lon="10.1720070">
    <ele>52.4</ele>
   </trkpt>
   <trkpt lat="56.1188060" lon="10.1720200">
    <ele>52.6</ele>
   </trkpt>
   <trkpt lat="56.1187560" lon="10.1720340">
    <ele>52.8</ele>
   </trkpt>
   <trkpt lat="56.1187080" lon="10.1720500">
    <ele>53.0</ele>
   </trkpt>
   <trkpt lat="56.1186610" lon="10.1720660">
    <ele>53.2</ele>
   </trkpt>
   <trkpt lat="56.1186160" lon="10.1720820">
    <ele>53.4</ele>
   </trkpt>
   <trkpt lat="56.1185730" lon="10.1720950">
    <ele>53.6</ele>
   </trkpt>
   <trkpt lat="56.1185300" lon="10.1721050">
    <ele>53.6</ele>
   </trkpt>
   <trkpt lat="56.1184890" lon="10.1721140">
    <ele>53.8</ele>
   </trkpt>
   <trkpt lat="56.1184470" lon="10.1721240">
    <ele>54.0</ele>
   </trkpt>
   <trkpt lat="56.1184060" lon="10.1721380">
    <ele>54.2</ele>
   </trkpt>
   <trkpt lat="56.1183640" lon="10.1721520">
    <ele>54.4</ele>
   </trkpt>
   <trkpt lat="56.1183220" lon="10.1721660">
    <ele>54.6</ele>
   </trkpt>
   <trkpt lat="56.1182800" lon="10.1721790">
    <ele>55.0</ele>
   </trkpt>
   <trkpt lat="56.1182380" lon="10.1721980">
    <ele>55.2</ele>
   </trkpt>
   <trkpt lat="56.1181970" lon="10.1722200">
    <ele>55.4</ele>
   </trkpt>
   <trkpt lat="56.1181550" lon="10.1722400">
    <ele>55.6</ele>
   </trkpt>
   <trkpt lat="56.1181130" lon="10.1722580">
    <ele>55.8</ele>
   </trkpt>
   <trkpt lat="56.1180710" lon="10.1722780">
    <ele>56.0</ele>
   </trkpt>
   <trkpt lat="56.1180290" lon="10.1722930">
    <ele>56.0</ele>
   </trkpt>
   <trkpt lat="56.1179860" lon="10.1723120">
    <ele>56.2</ele>
   </trkpt>
   <trkpt lat="56.1179440" lon="10.1723350">
    <ele>56.2</ele>
   </trkpt>
   <trkpt lat="56.1178990" lon="10.1723600">
    <ele>56.4</ele>
   </trkpt>
   <trkpt lat="56.1178530" lon="10.1723870">
    <ele>56.4</ele>
   </trkpt>
   <trkpt lat="56.1178070" lon="10.1724130">
    <ele>56.6</ele>
   </trkpt>
   <trkpt lat="56.1177610" lon="10.1724410">
    <ele>56.6</ele>
   </trkpt>
   <trkpt lat="56.1177170" lon="10.1724690">
    <ele>56.6</ele>
   </trkpt>
   <trkpt lat="56.1176730" lon="10.1724960">
    <ele>56.6</ele>
   </trkpt>
   <trkpt lat="56.1176270" lon="10.1725280">
    <ele>56.8</ele>
   </trkpt>
   <trkpt lat="56.1175800" lon="10.1725600">
    <ele>56.6</ele>
   </trkpt>
   <trkpt lat="56.1175340" lon="10.1725890">
    <ele>56.6</ele>
   </trkpt>
   <trkpt lat="56.1174870" lon="10.1726240">
    <ele>56.6</ele>
   </trkpt>
   <trkpt lat="56.1174420" lon="10.1726580">
    <ele>56.6</ele>
   </trkpt>
   <trkpt lat="56.1173980" lon="10.1726980">
    <ele>56.4</ele>
   </trkpt>
   <trkpt lat="56.1173540" lon="10.1727380">
    <ele>56.2</ele>
   </trkpt>
   <trkpt lat="56.1173080" lon="10.1727810">
    <ele>56.2</ele>
   </trkpt>
   <trkpt lat="56.1172620" lon="10.1728220">
    <ele>56.0</ele>
   </trkpt>
   <trkpt lat="56.1172150" lon="10.1728640">
    <ele>55.8</ele>
   </trkpt>
   <trkpt lat="56.1171680" lon="10.1729060">
    <ele>55.8</ele>
   </trkpt>
   <trkpt lat="56.1171210" lon="10.1729480">
    <ele>55.8</ele>
   </trkpt>
   <trkpt lat="56.1170730" lon="10.1729920">
    <ele>55.8</ele>
   </trkpt>
   <trkpt lat="56.1170270" lon="10.1730340">
    <ele>55.8</ele>
   </trkpt>
   <trkpt lat="56.1169800" lon="10.1730790">
    <ele>55.8</ele>
   </trkpt>
   <trkpt lat="56.1169330" lon="10.1731290">
    <ele>55.8</ele>
   </trkpt>
   <trkpt lat="56.1168860" lon="10.1731780">
    <ele>55.8</ele>
   </trkpt>
   <trkpt lat="56.1168390" lon="10.1732250">
    <ele>55.8</ele>
   </trkpt>
   <trkpt lat="56.1167930" lon="10.1732750">
    <ele>55.8</ele>
   </trkpt>
   <trkpt lat="56.1167470" lon="10.1733220">
    <ele>55.8</ele>
   </trkpt>
   <trkpt lat="56.1167000" lon="10.1733650">
    <ele>55.8</ele>
   </trkpt>
   <trkpt lat="56.1166520" lon="10.1734080">
    <ele>55.8</ele>
   </trkpt>
   <trkpt lat="56.1166070" lon="10.1734510">
    <ele>55.8</ele>
   </trkpt>
   <trkpt lat="56.1165610" lon="10.1734940">
    <ele>55.8</ele>
   </trkpt>
   <trkpt lat="56.1165150" lon="10.1735350">
    <ele>56.0</ele>
   </trkpt>
   <trkpt lat="56.1164710" lon="10.1735750">
    <ele>56.2</ele>
   </trkpt>
   <trkpt lat="56.1164270" lon="10.1736170">
    <ele>56.2</ele>
   </trkpt>
   <trkpt lat="56.1163850" lon="10.1736590">
    <ele>56.4</ele>
   </trkpt>
   <trkpt lat="56.1163430" lon="10.1737000">
    <ele>56.4</ele>
   </trkpt>
   <trkpt lat="56.1163000" lon="10.1737400">
    <ele>56.6</ele>
   </trkpt>
   <trkpt lat="56.1162570" lon="10.1737840">
    <ele>56.8</ele>
   </trkpt>
   <trkpt lat="56.1162140" lon="10.1738300">
    <ele>56.8</ele>
   </trkpt>
   <trkpt lat="56.1161690" lon="10.1738750">
    <ele>56.8</ele>
   </trkpt>
   <trkpt lat="56.1161250" lon="10.1739170">
    <ele>57.0</ele>
   </trkpt>
   <trkpt lat="56.1160790" lon="10.1739530">
    <ele>57.0</ele>
   </trkpt>
   <trkpt lat="56.1160310" lon="10.1739880">
    <ele>57.0</ele>
   </trkpt>
   <trkpt lat="56.1159840" lon="10.1740250">
    <ele>57.0</ele>
   </trkpt>
   <trkpt lat="56.1159360" lon="10.1740610">
    <ele>57.0</ele>
   </trkpt>
   <trkpt lat="56.1158870" lon="10.1740930">
    <ele>57.0</ele>
   </trkpt>
   <trkpt lat="56.1158370" lon="10.1741190">
    <ele>57.0</ele>
   </trkpt>
   <trkpt lat="56.1157890" lon="10.1741430">
    <ele>57.0</ele>
   </trkpt>
   <trkpt lat="56.1157400" lon="10.1741660">
    <ele>57.0</ele>
   </trkpt>
   <trkpt lat="56.1156900" lon="10.1741850">
    <ele>57.2</ele>
   </trkpt>
   <trkpt lat="56.1156410" lon="10.1741960">
    <ele>57.2</ele>
   </trkpt>
   <trkpt lat="56.1155900" lon="10.1742040">
    <ele>57.4</ele>
   </trkpt>
   <trkpt lat="56.1155390" lon="10.1742110">
    <ele>57.4</ele>
   </trkpt>
   <trkpt lat="56.1154880" lon="10.1742190">
    <ele>57.6</ele>
   </trkpt>
   <trkpt lat="56.1154350" lon="10.1742230">
    <ele>57.6</ele>
   </trkpt>
   <trkpt lat="56.1153840" lon="10.1742230">
    <ele>57.6</ele>
   </trkpt>
   <trkpt lat="56.1153330" lon="10.1742250">
    <ele>57.8</ele>
   </trkpt>
   <trkpt lat="56.1152820" lon="10.1742260">
    <ele>57.8</ele>
   </trkpt>
   <trkpt lat="56.1152320" lon="10.1742260">
    <ele>58.0</ele>
   </trkpt>
   <trkpt lat="56.1151840" lon="10.1742290">
    <ele>58.0</ele>
   </trkpt>
   <trkpt lat="56.1151360" lon="10.1742330">
    <ele>58.2</ele>
   </trkpt>
   <trkpt lat="56.1150860" lon="10.1742320">
    <ele>58.2</ele>
   </trkpt>
   <trkpt lat="56.1150370" lon="10.1742240">
    <ele>58.4</ele>
   </trkpt>
   <trkpt lat="56.1149880" lon="10.1742110">
    <ele>58.4</ele>
   </trkpt>
   <trkpt lat="56.1149410" lon="10.1741930">
    <ele>58.6</ele>
   </trkpt>
   <trkpt lat="56.1148930" lon="10.1741670">
    <ele>58.8</ele>
   </trkpt>
   <trkpt lat="56.1148450" lon="10.1741360">
    <ele>58.8</ele>
   </trkpt>
   <trkpt lat="56.1147980" lon="10.1741050">
    <ele>59.0</ele>
   </trkpt>
   <trkpt lat="56.1147500" lon="10.1740800">
    <ele>59.0</ele>
   </trkpt>
   <trkpt lat="56.1147010" lon="10.1740560">
    <ele>59.2</ele>
   </trkpt>
   <trkpt lat="56.1146520" lon="10.1740340">
    <ele>59.4</ele>
   </trkpt>
   <trkpt lat="56.1146030" lon="10.1740110">
    <ele>59.4</ele>
   </trkpt>
   <trkpt lat="56.1145540" lon="10.1739860">
    <ele>59.6</ele>
   </trkpt>
   <trkpt lat="56.1145050" lon="10.1739620">
    <ele>59.6</ele>
   </trkpt>
   <trkpt lat="56.1144580" lon="10.1739330">
    <ele>59.6</ele>
   </trkpt>
   <trkpt lat="56.1144110" lon="10.1739050">
    <ele>59.6</ele>
   </trkpt>
   <trkpt lat="56.1143640" lon="10.1738760">
    <ele>59.8</ele>
   </trkpt>
   <trkpt lat="56.1143180" lon="10.1738500">
    <ele>59.8</ele>
   </trkpt>
   <trkpt lat="56.1142720" lon="10.1738250">
    <ele>59.8</ele>
   </trkpt>
   <trkpt lat="56.1142270" lon="10.1738010">
    <ele>60.0</ele>
   </trkpt>
   <trkpt lat="56.1141840" lon="10.1737740">
    <ele>60.2</ele>
   </trkpt>
   <trkpt lat="56.1141460" lon="10.1737330">
    <ele>60.4</ele>
   </trkpt>
   <trkpt lat="56.1141230" lon="10.1736700">
    <ele>60.6</ele>
   </trkpt>
   <trkpt lat="56.1141160" lon="10.1735950">
    <ele>60.8</ele>
   </trkpt>
   <trkpt lat="56.1141200" lon="10.1735170">
    <ele>60.8</ele>
   </trkpt>
   <trkpt lat="56.1141280" lon="10.1734350">
    <ele>61.0</ele>
   </trkpt>
   <trkpt lat="56.1141330" lon="10.1733490">
    <ele>61.0</ele>
   </trkpt>
   <trkpt lat="56.1141390" lon="10.1732610">
    <ele>61.2</ele>
   </trkpt>
   <trkpt lat="56.1141430" lon="10.1731730">
    <ele>61.2</ele>
   </trkpt>
   <trkpt lat="56.1141470" lon="10.1730820">
    <ele>61.0</ele>
   </trkpt>
   <trkpt lat="56.1141520" lon="10.1729860">
    <ele>61.0</ele>
   </trkpt>
   <trkpt lat="56.1141490" lon="10.1728850">
    <ele>60.8</ele>
   </trkpt>
   <trkpt lat="56.1141380" lon="10.1727820">
    <ele>60.6</ele>
   </trkpt>
   <trkpt lat="56.1141200" lon="10.1726870">
    <ele>60.4</ele>
   </trkpt>
   <trkpt lat="56.1140980" lon="10.1726020">
    <ele>60.2</ele>
   </trkpt>
   <trkpt lat="56.1140740" lon="10.1725230">
    <ele>60.4</ele>
   </trkpt>
   <trkpt lat="56.1140440" lon="10.1724530">
    <ele>60.4</ele>
   </trkpt>
   <trkpt lat="56.1140130" lon="10.1723870">
    <ele>60.4</ele>
   </trkpt>
   <trkpt lat="56.1139790" lon="10.1723240">
    <ele>60.4</ele>
   </trkpt>
   <trkpt lat="56.1139400" lon="10.1722650">
    <ele>60.4</ele>
   </trkpt>
   <trkpt lat="56.1139000" lon="10.1722050">
    <ele>60.4</ele>
   </trkpt>
   <trkpt lat="56.1138570" lon="10.1721460">
    <ele>60.2</ele>
   </trkpt>
   <trkpt lat="56.1138140" lon="10.1720820">
    <ele>60.2</ele>
   </trkpt>
   <trkpt lat="56.1137710" lon="10.1720200">
    <ele>60.2</ele>
   </trkpt>
   <trkpt lat="56.1137280" lon="10.1719560">
    <ele>60.2</ele>
   </trkpt>
   <trkpt lat="56.1136840" lon="10.1718920">
    <ele>60.2</ele>
   </trkpt>
   <trkpt lat="56.1136410" lon="10.1718280">
    <ele>60.2</ele>
   </trkpt>
   <trkpt lat="56.1135940" lon="10.1717680">
    <ele>60.0</ele>
   </trkpt>
   <trkpt lat="56.1135490" lon="10.1717090">
    <ele>60.0</ele>
   </trkpt>
   <trkpt lat="56.1135040" lon="10.1716480">
    <ele>60.0</ele>
   </trkpt>
   <trkpt lat="56.1134580" lon="10.1715860">
    <ele>60.0</ele>
   </trkpt>
   <trkpt lat="56.1134130" lon="10.1715230">
    <ele>59.8</ele>
   </trkpt>
   <trkpt lat="56.1133690" lon="10.1714590">
    <ele>59.8</ele>
   </trkpt>
   <trkpt lat="56.1133250" lon="10.1713950">
    <ele>59.8</ele>
   </trkpt>
   <trkpt lat="56.1132780" lon="10.1713330">
    <ele>59.8</ele>
   </trkpt>
   <trkpt lat="56.1132350" lon="10.1712710">
    <ele>59.6</ele>
   </trkpt>
   <trkpt lat="56.1131970" lon="10.1712090">
    <ele>59.6</ele>
   </trkpt>
   <trkpt lat="56.1131630" lon="10.1711490">
    <ele>59.8</ele>
   </trkpt>
   <trkpt lat="56.1131320" lon="10.1710900">
    <ele>60.0</ele>
   </trkpt>
   <trkpt lat="56.1131050" lon="10.1710380">
    <ele>60.4</ele>
   </trkpt>
   <trkpt lat="56.1130800" lon="10.1709920">
    <ele>60.6</ele>
   </trkpt>
   <trkpt lat="56.1130510" lon="10.1709610">
    <ele>61.0</ele>
   </trkpt>
   <trkpt lat="56.1130170" lon="10.1709610">
    <ele>61.2</ele>
   </trkpt>
   <trkpt lat="56.1129880" lon="10.1709860">
    <ele>61.4</ele>
   </trkpt>
   <trkpt lat="56.1129660" lon="10.1710230">
    <ele>61.4</ele>
   </trkpt>
   <trkpt lat="56.1129470" lon="10.1710630">
    <ele>61.6</ele>
   </trkpt>
   <trkpt lat="56.1129260" lon="10.1711060">
    <ele>61.8</ele>
   </trkpt>
   <trkpt lat="56.1129030" lon="10.1711580">
    <ele>61.8</ele>
   </trkpt>
   <trkpt lat="56.1128830" lon="10.1712190">
    <ele>62.0</ele>
   </trkpt>
   <trkpt lat="56.1128700" lon="10.1712890">
    <ele>62.0</ele>
   </trkpt>
   <trkpt lat="56.1128680" lon="10.1713600">
    <ele>62.0</ele>
   </trkpt>
   <trkpt lat="56.1128790" lon="10.1714200">
    <ele>61.8</ele>
   </trkpt>
   <trkpt lat="56.1129060" lon="10.1714560">
    <ele>61.8</ele>
   </trkpt>
   <trkpt lat="56.1129420" lon="10.1714700">
    <ele>61.8</ele>
   </trkpt>
   <trkpt lat="56.1129860" lon="10.1714660">
    <ele>61.6</ele>
   </trkpt>
   <trkpt lat="56.1130310" lon="10.1714620">
    <ele>61.4</ele>
   </trkpt>
   <trkpt lat="56.1130760" lon="10.1714710">
    <ele>61.4</ele>
   </trkpt>
   <trkpt lat="56.1131210" lon="10.1714840">
    <ele>61.2</ele>
   </trkpt>
   <trkpt lat="56.1131620" lon="10.1715060">
    <ele>61.2</ele>
   </trkpt>
   <trkpt lat="56.1132000" lon="10.1715380">
    <ele>61.2</ele>
   </trkpt>
   <trkpt lat="56.1132350" lon="10.1715770">
    <ele>61.2</ele>
   </trkpt>
   <trkpt lat="56.1132750" lon="10.1716290">
    <ele>61.0</ele>
   </trkpt>
   <trkpt lat="56.1133180" lon="10.1716910">
    <ele>61.0</ele>
   </trkpt>
   <trkpt lat="56.1133630" lon="10.1717550">
    <ele>60.8</ele>
   </trkpt>
   <trkpt lat="56.1134090" lon="10.1718150">
    <ele>60.6</ele>
   </trkpt>
   <trkpt lat="56.1134550" lon="10.1718780">
    <ele>60.6</ele>
   </trkpt>
   <trkpt lat="56.1135010" lon="10.1719390">
    <ele>60.4</ele>
   </trkpt>
   <trkpt lat="56.1135470" lon="10.1720000">
    <ele>60.4</ele>
   </trkpt>
   <trkpt lat="56.1135940" lon="10.1720600">
    <ele>60.4</ele>
   </trkpt>
   <trkpt lat="56.1136430" lon="10.1721170">
    <ele>60.4</ele>
   </trkpt>
   <trkpt lat="56.1136950" lon="10.1721680">
    <ele>60.4</ele>
   </trkpt>
   <trkpt lat="56.1137480" lon="10.1722140">
    <ele>60.4</ele>
   </trkpt>
   <trkpt lat="56.1138020" lon="10.1722590">
    <ele>60.4</ele>
   </trkpt>
   <trkpt lat="56.1138540" lon="10.1723120">
    <ele>60.4</ele>
   </trkpt>
   <trkpt lat="56.1139040" lon="10.1723710">
    <ele>60.4</ele>
   </trkpt>
   <trkpt lat="56.1139500" lon="10.1724460">
    <ele>60.2</ele>
   </trkpt>
   <trkpt lat="56.1139900" lon="10.1725280">
    <ele>60.2</ele>
   </trkpt>
   <trkpt lat="56.1140250" lon="10.1726150">
    <ele>60.2</ele>
   </trkpt>
   <trkpt lat="56.1140550" lon="10.1726980">
    <ele>60.2</ele>
   </trkpt>
   <trkpt lat="56.1140780" lon="10.1727810">
    <ele>60.2</ele>
   </trkpt>
   <trkpt lat="56.1140890" lon="10.1728610">
    <ele>60.2</ele>
   </trkpt>
   <trkpt lat="56.1140840" lon="10.1729190">
    <ele>60.4</ele>
   </trkpt>
   <trkpt lat="56.1140650" lon="10.1729530">
    <ele>60.4</ele>
   </trkpt>
   <trkpt lat="56.1140370" lon="10.1729680">
    <ele>60.4</ele>
   </trkpt>
   <trkpt lat="56.1140040" lon="10.1729780">
    <ele>60.6</ele>
   </trkpt>
   <trkpt lat="56.1139700" lon="10.1729940">
    <ele>60.6</ele>
   </trkpt>
   <trkpt lat="56.1139340" lon="10.1730140">
    <ele>60.8</ele>
   </trkpt>
   <trkpt lat="56.1138970" lon="10.1730310">
    <ele>60.8</ele>
   </trkpt>
   <trkpt lat="56.1138550" lon="10.1730430">
    <ele>61.0</ele>
   </trkpt>
   <trkpt lat="56.1138070" lon="10.1730550">
    <ele>61.0</ele>
   </trkpt>
   <trkpt lat="56.1137570" lon="10.1730720">
    <ele>61.0</ele>
   </trkpt>
   <trkpt lat="56.1137050" lon="10.1730910">
    <ele>61.0</ele>
   </trkpt>
   <trkpt lat="56.1136520" lon="10.1731100">
    <ele>61.0</ele>
   </trkpt>
   <trkpt lat="56.1135980" lon="10.1731340">
    <ele>61.0</ele>
   </trkpt>
   <trkpt lat="56.1135440" lon="10.1731560">
    <ele>60.8</ele>
   </trkpt>
   <trkpt lat="56.1134880" lon="10.1731830">
    <ele>60.8</ele>
   </trkpt>
   <trkpt lat="56.1134300" lon="10.1732100">
    <ele>60.6</ele>
   </trkpt>
   <trkpt lat="56.1133730" lon="10.1732410">
    <ele>60.6</ele>
   </trkpt>
   <trkpt lat="56.1133170" lon="10.1732790">
    <ele>60.4</ele>
   </trkpt>
   <trkpt lat="56.1132650" lon="10.1733300">
    <ele>60.2</ele>
   </trkpt>
   <trkpt lat="56.1132180" lon="10.1733970">
    <ele>60.2</ele>
   </trkpt>
   <trkpt lat="56.1131760" lon="10.1734690">
    <ele>60.0</ele>
   </trkpt>
   <trkpt lat="56.1131310" lon="10.1735460">
    <ele>59.8</ele>
   </trkpt>
   <trkpt lat="56.1130850" lon="10.1736230">
    <ele>59.8</ele>
   </trkpt>
   <trkpt lat="56.1130380" lon="10.1736890">
    <ele>59.6</ele>
   </trkpt>
   <trkpt lat="56.1129900" lon="10.1737480">
    <ele>59.6</ele>
   </trkpt>
   <trkpt lat="56.1129370" lon="10.1738040">
    <ele>59.4</ele>
   </trkpt>
   <trkpt lat="56.1128860" lon="10.1738450">
    <ele>59.4</ele>
   </trkpt>
   <trkpt lat="56.1128340" lon="10.1738710">
    <ele>59.4</ele>
   </trkpt>
   <trkpt lat="56.1127780" lon="10.1738840">
    <ele>59.4</ele>
   </trkpt>
   <trkpt lat="56.1127170" lon="10.1738990">
    <ele>59.4</ele>
   </trkpt>
   <trkpt lat="56.1126530" lon="10.1739100">
    <ele>59.6</ele>
   </trkpt>
   <trkpt lat="56.1125860" lon="10.1739300">
    <ele>59.6</ele>
   </trkpt>
   <trkpt lat="56.1125210" lon="10.1739520">
    <ele>59.6</ele>
   </trkpt>
   <trkpt lat="56.1124540" lon="10.1739740">
    <ele>59.8</ele>
   </trkpt>
   <trkpt lat="56.1123860" lon="10.1739930">
    <ele>60.0</ele>
   </trkpt>
   <trkpt lat="56.1123200" lon="10.1740030">
    <ele>60.0</ele>
   </trkpt>
   <trkpt lat="56.1122580" lon="10.1740080">
    <ele>60.2</ele>
   </trkpt>
   <trkpt lat="56.1121960" lon="10.1740200">
    <ele>60.4</ele>
   </trkpt>
   <trkpt lat="56.1121350" lon="10.1740350">
    <ele>60.4</ele>
   </trkpt>
   <trkpt lat="56.1120740" lon="10.1740540">
    <ele>60.6</ele>
   </trkpt>
   <trkpt lat="56.1120130" lon="10.1740710">
    <ele>60.6</ele>
   </trkpt>
   <trkpt lat="56.1119520" lon="10.1740880">
    <ele>60.8</ele>
   </trkpt>
   <trkpt lat="56.1118940" lon="10.1741030">
    <ele>61.0</ele>
   </trkpt>
   <trkpt lat="56.1118440" lon="10.1741130">
    <ele>61.2</ele>
   </trkpt>
   <trkpt lat="56.1118000" lon="10.1741140">
    <ele>61.2</ele>
   </trkpt>
   <trkpt lat="56.1117550" lon="10.1741030">
    <ele>61.2</ele>
   </trkpt>
   <trkpt lat="56.1117140" lon="10.1740600">
    <ele>61.0</ele>
   </trkpt>
   <trkpt lat="56.1116760" lon="10.1739940">
    <ele>60.8</ele>
   </trkpt>
   <trkpt lat="56.1116230" lon="10.1739330">
    <ele>60.6</ele>
   </trkpt>
   <trkpt lat="56.1115620" lon="10.1738950">
    <ele>60.2</ele>
   </trkpt>
   <trkpt lat="56.1114950" lon="10.1738820">
    <ele>60.0</ele>
   </trkpt>
   <trkpt lat="56.1114250" lon="10.1738820">
    <ele>60.0</ele>
   </trkpt>
   <trkpt lat="56.1113550" lon="10.1738860">
    <ele>60.0</ele>
   </trkpt>
   <trkpt lat="56.1112860" lon="10.1738850">
    <ele>60.0</ele>
   </trkpt>
   <trkpt lat="56.1112190" lon="10.1738810">
    <ele>59.8</ele>
   </trkpt>
   <trkpt lat="56.1111540" lon="10.1738700">
    <ele>59.8</ele>
   </trkpt>
   <trkpt lat="56.1110940" lon="10.1738390">
    <ele>60.0</ele>
   </trkpt>
   <trkpt lat="56.1110370" lon="10.1737950">
    <ele>60.0</ele>
   </trkpt>
   <trkpt lat="56.1109810" lon="10.1737430">
    <ele>60.0</ele>
   </trkpt>
   <trkpt lat="56.1109210" lon="10.1736870">
    <ele>60.0</ele>
   </trkpt>
   <trkpt lat="56.1108630" lon="10.1736330">
    <ele>60.0</ele>
   </trkpt>
   <trkpt lat="56.1108080" lon="10.1735720">
    <ele>60.0</ele>
   </trkpt>
   <trkpt lat="56.1107570" lon="10.1735000">
    <ele>60.0</ele>
   </trkpt>
   <trkpt lat="56.1107070" lon="10.1734260">
    <ele>60.2</ele>
   </trkpt>
   <trkpt lat="56.1106610" lon="10.1733480">
    <ele>60.2</ele>
   </trkpt>
   <trkpt lat="56.1106200" lon="10.1732670">
    <ele>60.4</ele>
   </trkpt>
   <trkpt lat="56.1105780" lon="10.1731920">
    <ele>60.4</ele>
   </trkpt>
   <trkpt lat="56.1105360" lon="10.1731410">
    <ele>60.6</ele>
   </trkpt>
   <trkpt lat="56.1104890" lon="10.1731270">
    <ele>60.8</ele>
   </trkpt>
   <trkpt lat="56.1104360" lon="10.1731380">
    <ele>61.2</ele>
   </trkpt>
   <trkpt lat="56.1103860" lon="10.1731500">
    <ele>61.4</ele>
   </trkpt>
   <trkpt lat="56.1103410" lon="10.1731550">
    <ele>61.8</ele>
   </trkpt>
   <trkpt lat="56.1102980" lon="10.1731560">
    <ele>62.2</ele>
   </trkpt>
   <trkpt lat="56.1102540" lon="10.1731600">
    <ele>62.6</ele>
   </trkpt>
   <trkpt lat="56.1102070" lon="10.1731690">
    <ele>62.8</ele>
   </trkpt>
   <trkpt lat="56.1101630" lon="10.1731760">
    <ele>63.2</ele>
   </trkpt>
   <trkpt lat="56.1101170" lon="10.1731910">
    <ele>63.6</ele>
   </trkpt>
   <trkpt lat="56.1100740" lon="10.1731980">
    <ele>63.8</ele>
   </trkpt>
   <trkpt lat="56.1100290" lon="10.1732090">
    <ele>64.2</ele>
   </trkpt>
   <trkpt lat="56.1099840" lon="10.1732170">
    <ele>64.6</ele>
   </trkpt>
   <trkpt lat="56.1099410" lon="10.1732330">
    <ele>64.8</ele>
   </trkpt>
   <trkpt lat="56.1098990" lon="10.1732450">
    <ele>65.2</ele>
   </trkpt>
   <trkpt lat="56.1098560" lon="10.1732530">
    <ele>65.6</ele>
   </trkpt>
   <trkpt lat="56.1098130" lon="10.1732630">
    <ele>65.8</ele>
   </trkpt>
   <trkpt lat="56.1097700" lon="10.1732770">
    <ele>66.2</ele>
   </trkpt>
   <trkpt lat="56.1097270" lon="10.1732830">
    <ele>66.4</ele>
   </trkpt>
   <trkpt lat="56.1096860" lon="10.1732890">
    <ele>66.6</ele>
   </trkpt>
   <trkpt lat="56.1096410" lon="10.1733000">
    <ele>66.8</ele>
   </trkpt>
   <trkpt lat="56.1095960" lon="10.1733100">
    <ele>67.0</ele>
   </trkpt>
   <trkpt lat="56.1095500" lon="10.1733210">
    <ele>67.2</ele>
   </trkpt>
   <trkpt lat="56.1095070" lon="10.1733260">
    <ele>67.4</ele>
   </trkpt>
   <trkpt lat="56.1094610" lon="10.1733230">
    <ele>67.6</ele>
   </trkpt>
   <trkpt lat="56.1094090" lon="10.1733210">
    <ele>67.8</ele>
   </trkpt>
   <trkpt lat="56.1093640" lon="10.1733030">
    <ele>67.8</ele>
   </trkpt>
   <trkpt lat="56.1093180" lon="10.1732760">
    <ele>68.0</ele>
   </trkpt>
   <trkpt lat="56.1092740" lon="10.1732450">
    <ele>68.2</ele>
   </trkpt>
   <trkpt lat="56.1092340" lon="10.1732020">
    <ele>68.2</ele>
   </trkpt>
   <trkpt lat="56.1091930" lon="10.1731530">
    <ele>68.2</ele>
   </trkpt>
   <trkpt lat="56.1091510" lon="10.1731100">
    <ele>68.2</ele>
   </trkpt>
   <trkpt lat="56.1091080" lon="10.1730650">
    <ele>68.0</ele>
   </trkpt>
   <trkpt lat="56.1090640" lon="10.1730160">
    <ele>68.0</ele>
   </trkpt>
   <trkpt lat="56.1090200" lon="10.1729560">
    <ele>67.8</ele>
   </trkpt>
   <trkpt lat="56.1089770" lon="10.1728870">
    <ele>67.4</ele>
   </trkpt>
   <trkpt lat="56.1089390" lon="10.1728050">
    <ele>67.2</ele>
   </trkpt>
   <trkpt lat="56.1089030" lon="10.1727110">
    <ele>66.6</ele>
   </trkpt>
   <trkpt lat="56.1088680" lon="10.1726170">
    <ele>66.2</ele>
   </trkpt>
   <trkpt lat="56.1088310" lon="10.1725280">
    <ele>65.8</ele>
   </trkpt>
   <trkpt lat="56.1087820" lon="10.1724500">
    <ele>65.4</ele>
   </trkpt>
   <trkpt lat="56.1087240" lon="10.1723880">
    <ele>64.8</ele>
   </trkpt>
   <trkpt lat="56.1086660" lon="10.1723410">
    <ele>64.6</ele>
   </trkpt>
   <trkpt lat="56.1086120" lon="10.1723020">
    <ele>64.4</ele>
   </trkpt>
   <trkpt lat="56.1085580" lon="10.1722620">
    <ele>64.2</ele>
   </trkpt>
   <trkpt lat="56.1085250" lon="10.1722350">
    <ele>64.2</ele>
   </trkpt>
   <trkpt lat="56.1084910" lon="10.1722080">
    <ele>64.2</ele>
   </trkpt>
   <trkpt lat="56.1084580" lon="10.1721800">
    <ele>64.6</ele>
   </trkpt>
   <trkpt lat="56.1083580" lon="10.1720990">
    <ele>64.8</ele>
   </trkpt>
   <trkpt lat="56.1083220" lon="10.1720290">
    <ele>65.2</ele>
   </trkpt>
   <trkpt lat="56.1082960" lon="10.1719530">
    <ele>65.4</ele>
   </trkpt>
   <trkpt lat="56.1082710" lon="10.1718800">
    <ele>65.8</ele>
   </trkpt>
   <trkpt lat="56.1082440" lon="10.1718150">
    <ele>66.2</ele>
   </trkpt>
   <trkpt lat="56.1082120" lon="10.1717570">
    <ele>66.4</ele>
   </trkpt>
   <trkpt lat="56.1081720" lon="10.1717160">
    <ele>66.8</ele>
   </trkpt>
   <trkpt lat="56.1081320" lon="10.1716770">
    <ele>67.0</ele>
   </trkpt>
   <trkpt lat="56.1080950" lon="10.1716370">
    <ele>67.4</ele>
   </trkpt>
   <trkpt lat="56.1080560" lon="10.1716010">
    <ele>67.8</ele>
   </trkpt>
   <trkpt lat="56.1080140" lon="10.1715760">
    <ele>68.0</ele>
   </trkpt>
   <trkpt lat="56.1079700" lon="10.1715600">
    <ele>68.2</ele>
   </trkpt>
   <trkpt lat="56.1079250" lon="10.1715440">
    <ele>68.4</ele>
   </trkpt>
   <trkpt lat="56.1078760" lon="10.1715280">
    <ele>68.6</ele>
   </trkpt>
   <trkpt lat="56.1078250" lon="10.1715200">
    <ele>68.6</ele>
   </trkpt>
   <trkpt lat="56.1077740" lon="10.1715100">
    <ele>68.6</ele>
   </trkpt>
   <trkpt lat="56.1077230" lon="10.1714950">
    <ele>68.6</ele>
   </trkpt>
   <trkpt lat="56.1076720" lon="10.1714800">
    <ele>68.6</ele>
   </trkpt>
   <trkpt lat="56.1076190" lon="10.1714680">
    <ele>68.6</ele>
   </trkpt>
   <trkpt lat="56.1075680" lon="10.1714600">
    <ele>68.8</ele>
   </trkpt>
   <trkpt lat="56.1075180" lon="10.1714510">
    <ele>68.8</ele>
   </trkpt>
   <trkpt lat="56.1074670" lon="10.1714390">
    <ele>68.8</ele>
   </trkpt>
   <trkpt lat="56.1074150" lon="10.1714270">
    <ele>69.0</ele>
   </trkpt>
   <trkpt lat="56.1073640" lon="10.1714180">
    <ele>69.0</ele>
   </trkpt>
   <trkpt lat="56.1073140" lon="10.1714080">
    <ele>69.0</ele>
   </trkpt>
   <trkpt lat="56.1072640" lon="10.1713980">
    <ele>69.2</ele>
   </trkpt>
   <trkpt lat="56.1072140" lon="10.1713880">
    <ele>69.2</ele>
   </trkpt>
   <trkpt lat="56.1071630" lon="10.1713770">
    <ele>69.2</ele>
   </trkpt>
   <trkpt lat="56.1071120" lon="10.1713640">
    <ele>69.4</ele>
   </trkpt>
   <trkpt lat="56.1070610" lon="10.1713550">
    <ele>69.4</ele>
   </trkpt>
   <trkpt lat="56.1070090" lon="10.1713460">
    <ele>69.4</ele>
   </trkpt>
   <trkpt lat="56.1069570" lon="10.1713480">
    <ele>69.4</ele>
   </trkpt>
   <trkpt lat="56.1069060" lon="10.1713640">
    <ele>69.4</ele>
   </trkpt>
   <trkpt lat="56.1068580" lon="10.1713890">
    <ele>69.4</ele>
   </trkpt>
   <trkpt lat="56.1068090" lon="10.1714240">
    <ele>69.4</ele>
   </trkpt>
   <trkpt lat="56.1067610" lon="10.1714630">
    <ele>69.6</ele>
   </trkpt>
   <trkpt lat="56.1067120" lon="10.1715000">
    <ele>69.6</ele>
   </trkpt>
   <trkpt lat="56.1066600" lon="10.1715380">
    <ele>69.6</ele>
   </trkpt>
   <trkpt lat="56.1066090" lon="10.1715780">
    <ele>69.6</ele>
   </trkpt>
   <trkpt lat="56.1065580" lon="10.1716180">
    <ele>69.6</ele>
   </trkpt>
   <trkpt lat="56.1065070" lon="10.1716570">
    <ele>69.8</ele>
   </trkpt>
   <trkpt lat="56.1064560" lon="10.1716950">
    <ele>69.8</ele>
   </trkpt>
   <trkpt lat="56.1064060" lon="10.1717370">
    <ele>69.8</ele>
   </trkpt>
   <trkpt lat="56.1063560" lon="10.1717760">
    <ele>69.8</ele>
   </trkpt>
   <trkpt lat="56.1063030" lon="10.1718100">
    <ele>70.0</ele>
   </trkpt>
   <trkpt lat="56.1062510" lon="10.1718440">
    <ele>70.0</ele>
   </trkpt>
   <trkpt lat="56.1061980" lon="10.1718820">
    <ele>70.0</ele>
   </trkpt>
   <trkpt lat="56.1061460" lon="10.1719220">
    <ele>70.0</ele>
   </trkpt>
   <trkpt lat="56.1060930" lon="10.1719600">
    <ele>70.0</ele>
   </trkpt>
   <trkpt lat="56.1060410" lon="10.1720010">
    <ele>70.0</ele>
   </trkpt>
   <trkpt lat="56.1059900" lon="10.1720480">
    <ele>70.0</ele>
   </trkpt>
   <trkpt lat="56.1059360" lon="10.1720920">
    <ele>70.0</ele>
   </trkpt>
   <trkpt lat="56.1058800" lon="10.1721320">
    <ele>69.8</ele>
   </trkpt>
   <trkpt lat="56.1058260" lon="10.1721710">
    <ele>69.8</ele>
   </trkpt>
   <trkpt lat="56.1057720" lon="10.1722140">
    <ele>69.8</ele>
   </trkpt>
   <trkpt lat="56.1057180" lon="10.1722570">
    <ele>69.8</ele>
   </trkpt>
   <trkpt lat="56.1056640" lon="10.1722970">
    <ele>69.8</ele>
   </trkpt>
   <trkpt lat="56.1056110" lon="10.1723380">
    <ele>69.8</ele>
   </trkpt>
   <trkpt lat="56.1055570" lon="10.1723790">
    <ele>69.8</ele>
   </trkpt>
   <trkpt lat="56.1055030" lon="10.1724200">
    <ele>69.8</ele>
   </trkpt>
   <trkpt lat="56.1054480" lon="10.1724630">
    <ele>69.8</ele>
   </trkpt>
   <trkpt lat="56.1053950" lon="10.1725080">
    <ele>69.8</ele>
   </trkpt>
   <trkpt lat="56.1053410" lon="10.1725460">
    <ele>69.6</ele>
   </trkpt>
   <trkpt lat="56.1052870" lon="10.1725830">
    <ele>69.6</ele>
   </trkpt>
   <trkpt lat="56.1052350" lon="10.1726260">
    <ele>69.6</ele>
   </trkpt>
   <trkpt lat="56.1051840" lon="10.1726730">
    <ele>69.8</ele>
   </trkpt>
   <trkpt lat="56.1051340" lon="10.1727220">
    <ele>69.8</ele>
   </trkpt>
   <trkpt lat="56.1050890" lon="10.1727810">
    <ele>70.0</ele>
   </trkpt>
   <trkpt lat="56.1050490" lon="10.1728520">
    <ele>70.2</ele>
   </trkpt>
   <trkpt lat="56.1050120" lon="10.1729270">
    <ele>70.2</ele>
   </trkpt>
   <trkpt lat="56.1049810" lon="10.1730020">
    <ele>70.4</ele>
   </trkpt>
   <trkpt lat="56.1049620" lon="10.1730740">
    <ele>70.6</ele>
   </trkpt>
   <trkpt lat="56.1049500" lon="10.1731460">
    <ele>70.6</ele>
   </trkpt>
   <trkpt lat="56.1049350" lon="10.1732130">
    <ele>70.8</ele>
   </trkpt>
   <trkpt lat="56.1049140" lon="10.1732700">
    <ele>70.8</ele>
   </trkpt>
   <trkpt lat="56.1048970" lon="10.1733190">
    <ele>71.0</ele>
   </trkpt>
   <trkpt lat="56.1048980" lon="10.1733670">
    <ele>71.2</ele>
   </trkpt>
   <trkpt lat="56.1049170" lon="10.1734040">
    <ele>71.4</ele>
   </trkpt>
   <trkpt lat="56.1049430" lon="10.1734350">
    <ele>71.4</ele>
   </trkpt>
   <trkpt lat="56.1049710" lon="10.1734710">
    <ele>71.6</ele>
   </trkpt>
   <trkpt lat="56.1050020" lon="10.1735070">
    <ele>71.8</ele>
   </trkpt>
   <trkpt lat="56.1050360" lon="10.1735450">
    <ele>72.0</ele>
   </trkpt>
   <trkpt lat="56.1050710" lon="10.1735820">
    <ele>72.2</ele>
   </trkpt>
   <trkpt lat="56.1051060" lon="10.1736210">
    <ele>72.4</ele>
   </trkpt>
   <trkpt lat="56.1051390" lon="10.1736640">
    <ele>72.6</ele>
   </trkpt>
   <trkpt lat="56.1051750" lon="10.1737060">
    <ele>72.8</ele>
   </trkpt>
   <trkpt lat="56.1052110" lon="10.1737480">
    <ele>73.0</ele>
   </trkpt>
   <trkpt lat="56.1052440" lon="10.1737980">
    <ele>73.2</ele>
   </trkpt>
   <trkpt lat="56.1052670" lon="10.1738640">
    <ele>73.2</ele>
   </trkpt>
   <trkpt lat="56.1052750" lon="10.1739430">
    <ele>73.4</ele>
   </trkpt>
   <trkpt lat="56.1052750" lon="10.1740230">
    <ele>73.6</ele>
   </trkpt>
   <trkpt lat="56.1052720" lon="10.1741010">
    <ele>73.8</ele>
   </trkpt>
   <trkpt lat="56.1052650" lon="10.1741780">
    <ele>74.0</ele>
   </trkpt>
   <trkpt lat="56.1052580" lon="10.1742560">
    <ele>74.2</ele>
   </trkpt>
   <trkpt lat="56.1052520" lon="10.1743360">
    <ele>74.4</ele>
   </trkpt>
   <trkpt lat="56.1052460" lon="10.1744190">
    <ele>74.6</ele>
   </trkpt>
   <trkpt lat="56.1052410" lon="10.1745010">
    <ele>74.8</ele>
   </trkpt>
   <trkpt lat="56.1052360" lon="10.1745790">
    <ele>74.8</ele>
   </trkpt>
   <trkpt lat="56.1052310" lon="10.1746570">
    <ele>75.2</ele>
   </trkpt>
   <trkpt lat="56.1052270" lon="10.1747370">
    <ele>75.2</ele>
   </trkpt>
   <trkpt lat="56.1052240" lon="10.1748160">
    <ele>75.4</ele>
   </trkpt>
   <trkpt lat="56.1052180" lon="10.1748940">
    <ele>75.6</ele>
   </trkpt>
   <trkpt lat="56.1052130" lon="10.1749690">
    <ele>75.8</ele>
   </trkpt>
   <trkpt lat="56.1052080" lon="10.1750400">
    <ele>76.0</ele>
   </trkpt>
   <trkpt lat="56.1052030" lon="10.1751030">
    <ele>76.2</ele>
   </trkpt>
   <trkpt lat="56.1052000" lon="10.1751600">
    <ele>76.4</ele>
   </trkpt>
   <trkpt lat="56.1052000" lon="10.1752130">
    <ele>76.6</ele>
   </trkpt>
   <trkpt lat="56.1052040" lon="10.1752630">
    <ele>76.8</ele>
   </trkpt>
   <trkpt lat="56.1052080" lon="10.1753050">
    <ele>76.8</ele>
   </trkpt>
   <trkpt lat="56.1052050" lon="10.1753380">
    <ele>77.0</ele>
   </trkpt>
   <trkpt lat="56.1052060" lon="10.1753630">
    <ele>77.0</ele>
   </trkpt>
   <trkpt lat="56.1052140" lon="10.1753840">
    <ele>77.2</ele>
   </trkpt>
   <trkpt lat="56.1052250" lon="10.1754040">
    <ele>77.2</ele>
   </trkpt>
   <trkpt lat="56.1052280" lon="10.1754380">
    <ele>77.2</ele>
   </trkpt>
   <trkpt lat="56.1052180" lon="10.1754790">
    <ele>77.2</ele>
   </trkpt>
   <trkpt lat="56.1052000" lon="10.1755200">
    <ele>77.2</ele>
   </trkpt>
   <trkpt lat="56.1051760" lon="10.1755600">
    <ele>77.2</ele>
   </trkpt>
   <trkpt lat="56.1051480" lon="10.1755990">
    <ele>77.2</ele>
   </trkpt>
   <trkpt lat="56.1051180" lon="10.1756380">
    <ele>77.4</ele>
   </trkpt>
   <trkpt lat="56.1050870" lon="10.1756770">
    <ele>77.4</ele>
   </trkpt>
   <trkpt lat="56.1050560" lon="10.1757170">
    <ele>77.6</ele>
   </trkpt>
   <trkpt lat="56.1050280" lon="10.1757610">
    <ele>77.8</ele>
   </trkpt>
   <trkpt lat="56.1050010" lon="10.1758110">
    <ele>78.0</ele>
   </trkpt>
   <trkpt lat="56.1049750" lon="10.1758600">
    <ele>78.2</ele>
   </trkpt>
   <trkpt lat="56.1049470" lon="10.1759080">
    <ele>78.4</ele>
   </trkpt>
   <trkpt lat="56.1049200" lon="10.1759530">
    <ele>78.6</ele>
   </trkpt>
   <trkpt lat="56.1048910" lon="10.1759920">
    <ele>78.8</ele>
   </trkpt>
   <trkpt lat="56.1048600" lon="10.1760250">
    <ele>79.0</ele>
   </trkpt>
   <trkpt lat="56.1048260" lon="10.1760600">
    <ele>79.2</ele>
   </trkpt>
   <trkpt lat="56.1047930" lon="10.1760920">
    <ele>79.6</ele>
   </trkpt>
   <trkpt lat="56.1047620" lon="10.1761230">
    <ele>79.8</ele>
   </trkpt>
   <trkpt lat="56.1047280" lon="10.1761540">
    <ele>80.0</ele>
   </trkpt>
   <trkpt lat="56.1046930" lon="10.1761800">
    <ele>80.2</ele>
   </trkpt>
   <trkpt lat="56.1046590" lon="10.1762050">
    <ele>80.6</ele>
   </trkpt>
   <trkpt lat="56.1046250" lon="10.1762290">
    <ele>80.8</ele>
   </trkpt>
   <trkpt lat="56.1045900" lon="10.1762560">
    <ele>80.8</ele>
   </trkpt>
   <trkpt lat="56.1045570" lon="10.1762850">
    <ele>81.2</ele>
   </trkpt>
   <trkpt lat="56.1045250" lon="10.1763130">
    <ele>81.4</ele>
   </trkpt>
   <trkpt lat="56.1044910" lon="10.1763390">
    <ele>81.6</ele>
   </trkpt>
   <trkpt lat="56.1044570" lon="10.1763680">
    <ele>81.8</ele>
   </trkpt>
   <trkpt lat="56.1044250" lon="10.1763970">
    <ele>82.0</ele>
   </trkpt>
   <trkpt lat="56.1043910" lon="10.1764250">
    <ele>82.2</ele>
   </trkpt>
   <trkpt lat="56.1043560" lon="10.1764530">
    <ele>82.4</ele>
   </trkpt>
   <trkpt lat="56.1043210" lon="10.1764780">
    <ele>82.6</ele>
   </trkpt>
   <trkpt lat="56.1042870" lon="10.1765050">
    <ele>82.8</ele>
   </trkpt>
   <trkpt lat="56.1042530" lon="10.1765340">
    <ele>83.0</ele>
   </trkpt>
   <trkpt lat="56.1042180" lon="10.1765620">
    <ele>83.2</ele>
   </trkpt>
   <trkpt lat="56.1041810" lon="10.1765800">
    <ele>83.4</ele>
   </trkpt>
   <trkpt lat="56.1041430" lon="10.1765840">
    <ele>83.6</ele>
   </trkpt>
   <trkpt lat="56.1041040" lon="10.1765720">
    <ele>83.8</ele>
   </trkpt>
   <trkpt lat="56.1040700" lon="10.1765410">
    <ele>83.8</ele>
   </trkpt>
   <trkpt lat="56.1040410" lon="10.1764900">
    <ele>83.8</ele>
   </trkpt>
   <trkpt lat="56.1040140" lon="10.1764340">
    <ele>84.0</ele>
   </trkpt>
   <trkpt lat="56.1039860" lon="10.1763790">
    <ele>84.0</ele>
   </trkpt>
   <trkpt lat="56.1039570" lon="10.1763230">
    <ele>84.0</ele>
   </trkpt>
   <trkpt lat="56.1039320" lon="10.1762610">
    <ele>84.2</ele>
   </trkpt>
   <trkpt lat="56.1039060" lon="10.1762000">
    <ele>84.2</ele>
   </trkpt>
   <trkpt lat="56.1038800" lon="10.1761390">
    <ele>84.4</ele>
   </trkpt>
   <trkpt lat="56.1038540" lon="10.1760760">
    <ele>84.4</ele>
   </trkpt>
   <trkpt lat="56.1038260" lon="10.1760170">
    <ele>84.4</ele>
   </trkpt>
   <trkpt lat="56.1037980" lon="10.1759570">
    <ele>84.4</ele>
   </trkpt>
   <trkpt lat="56.1037700" lon="10.1758960">
    <ele>84.4</ele>
   </trkpt>
   <trkpt lat="56.1037430" lon="10.1758380">
    <ele>84.4</ele>
   </trkpt>
   <trkpt lat="56.1037150" lon="10.1757810">
    <ele>84.4</ele>
   </trkpt>
   <trkpt lat="56.1036890" lon="10.1757230">
    <ele>84.4</ele>
   </trkpt>
   <trkpt lat="56.1036610" lon="10.1756680">
    <ele>84.4</ele>
   </trkpt>
   <trkpt lat="56.1036340" lon="10.1756190">
    <ele>84.6</ele>
   </trkpt>
   <trkpt lat="56.1036060" lon="10.1755760">
    <ele>84.6</ele>
   </trkpt>
   <trkpt lat="56.1035760" lon="10.1755490">
    <ele>84.6</ele>
   </trkpt>
   <trkpt lat="56.1035430" lon="10.1755430">
    <ele>84.8</ele>
   </trkpt>
   <trkpt lat="56.1035090" lon="10.1755540">
    <ele>84.8</ele>
   </trkpt>
   <trkpt lat="56.1034770" lon="10.1755830">
    <ele>84.8</ele>
   </trkpt>
   <trkpt lat="56.1034450" lon="10.1756230">
    <ele>84.8</ele>
   </trkpt>
   <trkpt lat="56.1034150" lon="10.1756710">
    <ele>84.8</ele>
   </trkpt>
   <trkpt lat="56.1033800" lon="10.1757190">
    <ele>84.6</ele>
   </trkpt>
   <trkpt lat="56.1033440" lon="10.1757700">
    <ele>84.6</ele>
   </trkpt>
   <trkpt lat="56.1033090" lon="10.1758250">
    <ele>84.6</ele>
   </trkpt>
   <trkpt lat="56.1032750" lon="10.1758850">
    <ele>84.6</ele>
   </trkpt>
   <trkpt lat="56.1032420" lon="10.1759430">
    <ele>84.4</ele>
   </trkpt>
   <trkpt lat="56.1032090" lon="10.1760050">
    <ele>84.6</ele>
   </trkpt>
   <trkpt lat="56.1031770" lon="10.1760700">
    <ele>84.6</ele>
   </trkpt>
   <trkpt lat="56.1031460" lon="10.1761340">
    <ele>84.6</ele>
   </trkpt>
   <trkpt lat="56.1031130" lon="10.1761950">
    <ele>84.6</ele>
   </trkpt>
   <trkpt lat="56.1030770" lon="10.1762480">
    <ele>84.6</ele>
   </trkpt>
   <trkpt lat="56.1030420" lon="10.1762970">
    <ele>84.6</ele>
   </trkpt>
   <trkpt lat="56.1030070" lon="10.1763470">
    <ele>84.6</ele>
   </trkpt>
   <trkpt lat="56.1029740" lon="10.1763920">
    <ele>84.8</ele>
   </trkpt>
   <trkpt lat="56.1029430" lon="10.1764260">
    <ele>84.8</ele>
   </trkpt>
   <trkpt lat="56.1029180" lon="10.1764640">
    <ele>85.0</ele>
   </trkpt>
   <trkpt lat="56.1029060" lon="10.1765140">
    <ele>85.2</ele>
   </trkpt>
   <trkpt lat="56.1029090" lon="10.1765600">
    <ele>85.2</ele>
   </trkpt>
   <trkpt lat="56.1029120" lon="10.1766060">
    <ele>85.4</ele>
   </trkpt>
   <trkpt lat="56.1029040" lon="10.1766490">
    <ele>85.4</ele>
   </trkpt>
   <trkpt lat="56.1028890" lon="10.1766780">
    <ele>85.6</ele>
   </trkpt>
   <trkpt lat="56.1028800" lon="10.1767060">
    <ele>85.8</ele>
   </trkpt>
   <trkpt lat="56.1028720" lon="10.1767320">
    <ele>85.8</ele>
   </trkpt>
   <trkpt lat="56.1028570" lon="10.1767560">
    <ele>85.8</ele>
   </trkpt>
   <trkpt lat="56.1028330" lon="10.1767820">
    <ele>85.8</ele>
   </trkpt>
   <trkpt lat="56.1028020" lon="10.1768030">
    <ele>85.8</ele>
   </trkpt>
   <trkpt lat="56.1027650" lon="10.1768220">
    <ele>85.8</ele>
   </trkpt>
   <trkpt lat="56.1027230" lon="10.1768350">
    <ele>85.8</ele>
   </trkpt>
   <trkpt lat="56.1026790" lon="10.1768440">
    <ele>85.8</ele>
   </trkpt>
   <trkpt lat="56.1026370" lon="10.1768580">
    <ele>85.8</ele>
   </trkpt>
   <trkpt lat="56.1025980" lon="10.1768800">
    <ele>86.0</ele>
   </trkpt>
   <trkpt lat="56.1025590" lon="10.1769060">
    <ele>86.2</ele>
   </trkpt>
   <trkpt lat="56.1025210" lon="10.1769280">
    <ele>86.4</ele>
   </trkpt>
   <trkpt lat="56.1024820" lon="10.1769450">
    <ele>86.6</ele>
   </trkpt>
   <trkpt lat="56.1024420" lon="10.1769630">
    <ele>86.8</ele>
   </trkpt>
   <trkpt lat="56.1024020" lon="10.1769820">
    <ele>86.8</ele>
   </trkpt>
   <trkpt lat="56.1023620" lon="10.1770030">
    <ele>86.8</ele>
   </trkpt>
   <trkpt lat="56.1023220" lon="10.1770290">
    <ele>86.8</ele>
   </trkpt>
   <trkpt lat="56.1022820" lon="10.1770570">
    <ele>86.8</ele>
   </trkpt>
   <trkpt lat="56.1022410" lon="10.1770830">
    <ele>86.6</ele>
   </trkpt>
   <trkpt lat="56.1021980" lon="10.1771080">
    <ele>86.4</ele>
   </trkpt>
   <trkpt lat="56.1021510" lon="10.1771320">
    <ele>86.2</ele>
   </trkpt>
   <trkpt lat="56.1021010" lon="10.1771580">
    <ele>85.8</ele>
   </trkpt>
   <trkpt lat="56.1020460" lon="10.1771840">
    <ele>85.4</ele>
   </trkpt>
   <trkpt lat="56.1019870" lon="10.1772110">
    <ele>85.0</ele>
   </trkpt>
   <trkpt lat="56.1019240" lon="10.1772430">
    <ele>84.4</ele>
   </trkpt>
   <trkpt lat="56.1018550" lon="10.1772780">
    <ele>83.6</ele>
   </trkpt>
   <trkpt lat="56.1017810" lon="10.1773150">
    <ele>83.0</ele>
   </trkpt>
   <trkpt lat="56.1017030" lon="10.1773540">
    <ele>82.2</ele>
   </trkpt>
   <trkpt lat="56.1016220" lon="10.1773970">
    <ele>81.4</ele>
   </trkpt>
   <trkpt lat="56.1015400" lon="10.1774400">
    <ele>80.4</ele>
   </trkpt>
   <trkpt lat="56.1014540" lon="10.1774890">
    <ele>79.6</ele>
   </trkpt>
   <trkpt lat="56.1013670" lon="10.1775390">
    <ele>79.0</ele>
   </trkpt>
   <trkpt lat="56.1012810" lon="10.1775880">
    <ele>78.2</ele>
   </trkpt>
   <trkpt lat="56.1011950" lon="10.1776390">
    <ele>77.8</ele>
   </trkpt>
   <trkpt lat="56.1011110" lon="10.1776910">
    <ele>77.4</ele>
   </trkpt>
   <trkpt lat="56.1010290" lon="10.1777400">
    <ele>77.0</ele>
   </trkpt>
   <trkpt lat="56.1009510" lon="10.1777840">
    <ele>77.0</ele>
   </trkpt>
   <trkpt lat="56.1008750" lon="10.1778250">
    <ele>77.2</ele>
   </trkpt>
   <trkpt lat="56.1008030" lon="10.1778600">
    <ele>77.4</ele>
   </trkpt>
   <trkpt lat="56.1007340" lon="10.1778930">
    <ele>77.6</ele>
   </trkpt>
   <trkpt lat="56.1006690" lon="10.1779220">
    <ele>78.0</ele>
   </trkpt>
   <trkpt lat="56.1006060" lon="10.1779440">
    <ele>78.2</ele>
   </trkpt>
   <trkpt lat="56.1005470" lon="10.1779680">
    <ele>78.8</ele>
   </trkpt>
   <trkpt lat="56.1004920" lon="10.1779940">
    <ele>79.2</ele>
   </trkpt>
   <trkpt lat="56.1004400" lon="10.1780190">
    <ele>79.6</ele>
   </trkpt>
   <trkpt lat="56.1003940" lon="10.1780360">
    <ele>80.2</ele>
   </trkpt>
   <trkpt lat="56.1003530" lon="10.1780470">
    <ele>80.8</ele>
   </trkpt>
   <trkpt lat="56.1003160" lon="10.1780570">
    <ele>81.4</ele>
   </trkpt>
   <trkpt lat="56.1002840" lon="10.1780660">
    <ele>82.2</ele>
   </trkpt>
   <trkpt lat="56.1002530" lon="10.1780700">
    <ele>82.8</ele>
   </trkpt>
   <trkpt lat="56.1002230" lon="10.1780740">
    <ele>83.2</ele>
   </trkpt>
   <trkpt lat="56.1001960" lon="10.1780860">
    <ele>83.8</ele>
   </trkpt>
   <trkpt lat="56.1001710" lon="10.1780970">
    <ele>84.4</ele>
   </trkpt>
   <trkpt lat="56.1001440" lon="10.1781070">
    <ele>85.0</ele>
   </trkpt>
   <trkpt lat="56.1001180" lon="10.1781150">
    <ele>85.4</ele>
   </trkpt>
   <trkpt lat="56.1000930" lon="10.1781260">
    <ele>85.8</ele>
   </trkpt>
   <trkpt lat="56.1000680" lon="10.1781350">
    <ele>86.2</ele>
   </trkpt>
   <trkpt lat="56.1000420" lon="10.1781460">
    <ele>86.6</ele>
   </trkpt>
   <trkpt lat="56.1000140" lon="10.1781540">
    <ele>86.8</ele>
   </trkpt>
   <trkpt lat="56.0999840" lon="10.1781640">
    <ele>87.2</ele>
   </trkpt>
   <trkpt lat="56.0999500" lon="10.1781720">
    <ele>87.4</ele>
   </trkpt>
   <trkpt lat="56.0999180" lon="10.1781810">
    <ele>87.6</ele>
   </trkpt>
   <trkpt lat="56.0998850" lon="10.1781870">
    <ele>87.8</ele>
   </trkpt>
   <trkpt lat="56.0998510" lon="10.1781960">
    <ele>88.0</ele>
   </trkpt>
   <trkpt lat="56.0998170" lon="10.1782040">
    <ele>88.0</ele>
   </trkpt>
   <trkpt lat="56.0997830" lon="10.1782120">
    <ele>88.2</ele>
   </trkpt>
   <trkpt lat="56.0997490" lon="10.1782200">
    <ele>88.2</ele>
   </trkpt>
   <trkpt lat="56.0997140" lon="10.1782260">
    <ele>88.2</ele>
   </trkpt>
   <trkpt lat="56.0996800" lon="10.1782340">
    <ele>88.4</ele>
   </trkpt>
   <trkpt lat="56.0996450" lon="10.1782450">
    <ele>88.4</ele>
   </trkpt>
   <trkpt lat="56.0996110" lon="10.1782560">
    <ele>88.4</ele>
   </trkpt>
   <trkpt lat="56.0995770" lon="10.1782660">
    <ele>88.6</ele>
   </trkpt>
   <trkpt lat="56.0995430" lon="10.1782800">
    <ele>88.6</ele>
   </trkpt>
   <trkpt lat="56.0995090" lon="10.1782900">
    <ele>88.8</ele>
   </trkpt>
   <trkpt lat="56.0994750" lon="10.1783020">
    <ele>88.8</ele>
   </trkpt>
   <trkpt lat="56.0994410" lon="10.1783080">
    <ele>89.0</ele>
   </trkpt>
   <trkpt lat="56.0994070" lon="10.1783130">
    <ele>89.0</ele>
   </trkpt>
   <trkpt lat="56.0993730" lon="10.1783220">
    <ele>89.2</ele>
   </trkpt>
   <trkpt lat="56.0993400" lon="10.1783300">
    <ele>89.4</ele>
   </trkpt>
   <trkpt lat="56.0993070" lon="10.1783370">
    <ele>89.6</ele>
   </trkpt>
   <trkpt lat="56.0992750" lon="10.1783430">
    <ele>89.8</ele>
   </trkpt>
   <trkpt lat="56.0992440" lon="10.1783440">
    <ele>90.0</ele>
   </trkpt>
   <trkpt lat="56.0992140" lon="10.1783430">
    <ele>90.2</ele>
   </trkpt>
   <trkpt lat="56.0991850" lon="10.1783480">
    <ele>90.4</ele>
   </trkpt>
   <trkpt lat="56.0991570" lon="10.1783570">
    <ele>90.8</ele>
   </trkpt>
   <trkpt lat="56.0991300" lon="10.1783650">
    <ele>91.2</ele>
   </trkpt>
   <trkpt lat="56.0991040" lon="10.1783690">
    <ele>91.4</ele>
   </trkpt>
   <trkpt lat="56.0990800" lon="10.1783730">
    <ele>91.8</ele>
   </trkpt>
   <trkpt lat="56.0990560" lon="10.1783760">
    <ele>92.2</ele>
   </trkpt>
   <trkpt lat="56.0990330" lon="10.1783790">
    <ele>92.6</ele>
   </trkpt>
   <trkpt lat="56.0990110" lon="10.1783870">
    <ele>93.0</ele>
   </trkpt>
   <trkpt lat="56.0989890" lon="10.1783950">
    <ele>93.2</ele>
   </trkpt>
   <trkpt lat="56.0989670" lon="10.1784000">
    <ele>93.6</ele>
   </trkpt>
   <trkpt lat="56.0989450" lon="10.1784030">
    <ele>94.0</ele>
   </trkpt>
   <trkpt lat="56.0989230" lon="10.1784080">
    <ele>94.2</ele>
   </trkpt>
   <trkpt lat="56.0989010" lon="10.1784110">
    <ele>94.6</ele>
   </trkpt>
   <trkpt lat="56.0988770" lon="10.1784120">
    <ele>94.8</ele>
   </trkpt>
   <trkpt lat="56.0988530" lon="10.1784130">
    <ele>95.0</ele>
   </trkpt>
   <trkpt lat="56.0988310" lon="10.1784150">
    <ele>95.4</ele>
   </trkpt>
   <trkpt lat="56.0988080" lon="10.1784180">
    <ele>95.6</ele>
   </trkpt>
   <trkpt lat="56.0987850" lon="10.1784210">
    <ele>96.0</ele>
   </trkpt>
   <trkpt lat="56.0987620" lon="10.1784270">
    <ele>96.2</ele>
   </trkpt>
   <trkpt lat="56.0987390" lon="10.1784330">
    <ele>96.6</ele>
   </trkpt>
   <trkpt lat="56.0987140" lon="10.1784350">
    <ele>96.8</ele>
   </trkpt>
   <trkpt lat="56.0986890" lon="10.1784360">
    <ele>97.0</ele>
   </trkpt>
   <trkpt lat="56.0986660" lon="10.1784390">
    <ele>97.2</ele>
   </trkpt>
   <trkpt lat="56.0986430" lon="10.1784480">
    <ele>97.4</ele>
   </trkpt>
   <trkpt lat="56.0986200" lon="10.1784520">
    <ele>97.8</ele>
   </trkpt>
   <trkpt lat="56.0986000" lon="10.1784520">
    <ele>98.0</ele>
   </trkpt>
   <trkpt lat="56.0985780" lon="10.1784540">
    <ele>98.4</ele>
   </trkpt>
   <trkpt lat="56.0985560" lon="10.1784610">
    <ele>98.6</ele>
   </trkpt>
   <trkpt lat="56.0985340" lon="10.1784630">
    <ele>98.8</ele>
   </trkpt>
   <trkpt lat="56.0985110" lon="10.1784640">
    <ele>99.2</ele>
   </trkpt>
   <trkpt lat="56.0984910" lon="10.1784640">
    <ele>99.4</ele>
   </trkpt>
   <trkpt lat="56.0984680" lon="10.1784650">
    <ele>99.6</ele>
   </trkpt>
   <trkpt lat="56.0984460" lon="10.1784650">
    <ele>99.8</ele>
   </trkpt>
   <trkpt lat="56.0984230" lon="10.1784660">
    <ele>100.0</ele>
   </trkpt>
   <trkpt lat="56.0984000" lon="10.1784670">
    <ele>100.4</ele>
   </trkpt>
   <trkpt lat="56.0983770" lon="10.1784700">
    <ele>100.6</ele>
   </trkpt>
   <trkpt lat="56.0983550" lon="10.1784740">
    <ele>100.8</ele>
   </trkpt>
   <trkpt lat="56.0983320" lon="10.1784730">
    <ele>101.0</ele>
   </trkpt>
   <trkpt lat="56.0983090" lon="10.1784710">
    <ele>101.4</ele>
   </trkpt>
   <trkpt lat="56.0982860" lon="10.1784720">
    <ele>101.6</ele>
   </trkpt>
   <trkpt lat="56.0982630" lon="10.1784730">
    <ele>101.8</ele>
   </trkpt>
   <trkpt lat="56.0982410" lon="10.1784770">
    <ele>102.0</ele>
   </trkpt>
   <trkpt lat="56.0982180" lon="10.1784790">
    <ele>102.2</ele>
   </trkpt>
   <trkpt lat="56.0981950" lon="10.1784770">
    <ele>102.4</ele>
   </trkpt>
   <trkpt lat="56.0981730" lon="10.1784730">
    <ele>102.6</ele>
   </trkpt>
   <trkpt lat="56.0981500" lon="10.1784730">
    <ele>103.0</ele>
   </trkpt>
   <trkpt lat="56.0981290" lon="10.1784750">
    <ele>103.2</ele>
   </trkpt>
   <trkpt lat="56.0981070" lon="10.1784770">
    <ele>103.4</ele>
   </trkpt>
   <trkpt lat="56.0980860" lon="10.1784780">
    <ele>103.6</ele>
   </trkpt>
   <trkpt lat="56.0980670" lon="10.1784770">
    <ele>104.0</ele>
   </trkpt>
   <trkpt lat="56.0980460" lon="10.1784730">
    <ele>104.2</ele>
   </trkpt>
   <trkpt lat="56.0980240" lon="10.1784720">
    <ele>104.4</ele>
   </trkpt>
   <trkpt lat="56.0980040" lon="10.1784760">
    <ele>104.8</ele>
   </trkpt>
   <trkpt lat="56.0979840" lon="10.1784780">
    <ele>105.0</ele>
   </trkpt>
   <trkpt lat="56.0979630" lon="10.1784790">
    <ele>105.4</ele>
   </trkpt>
   <trkpt lat="56.0979420" lon="10.1784820">
    <ele>105.6</ele>
   </trkpt>
   <trkpt lat="56.0979220" lon="10.1784850">
    <ele>105.8</ele>
   </trkpt>
   <trkpt lat="56.0979010" lon="10.1784850">
    <ele>106.0</ele>
   </trkpt>
   <trkpt lat="56.0978780" lon="10.1784820">
    <ele>106.2</ele>
   </trkpt>
   <trkpt lat="56.0978540" lon="10.1784780">
    <ele>106.4</ele>
   </trkpt>
   <trkpt lat="56.0978310" lon="10.1784740">
    <ele>106.6</ele>
   </trkpt>
   <trkpt lat="56.0978090" lon="10.1784740">
    <ele>106.8</ele>
   </trkpt>
   <trkpt lat="56.0977840" lon="10.1784750">
    <ele>107.0</ele>
   </trkpt>
   <trkpt lat="56.0977610" lon="10.1784730">
    <ele>107.2</ele>
   </trkpt>
   <trkpt lat="56.0977390" lon="10.1784690">
    <ele>107.4</ele>
   </trkpt>
   <trkpt lat="56.0977170" lon="10.1784670">
    <ele>107.6</ele>
   </trkpt>
   <trkpt lat="56.0976940" lon="10.1784650">
    <ele>107.8</ele>
   </trkpt>
   <trkpt lat="56.0976700" lon="10.1784650">
    <ele>108.0</ele>
   </trkpt>
   <trkpt lat="56.0976470" lon="10.1784650">
    <ele>108.2</ele>
   </trkpt>
   <trkpt lat="56.0976250" lon="10.1784660">
    <ele>108.4</ele>
   </trkpt>
   <trkpt lat="56.0976030" lon="10.1784690">
    <ele>108.6</ele>
   </trkpt>
   <trkpt lat="56.0975780" lon="10.1784710">
    <ele>108.8</ele>
   </trkpt>
   <trkpt lat="56.0975540" lon="10.1784670">
    <ele>109.0</ele>
   </trkpt>
   <trkpt lat="56.0975300" lon="10.1784660">
    <ele>109.2</ele>
   </trkpt>
   <trkpt lat="56.0975050" lon="10.1784640">
    <ele>109.4</ele>
   </trkpt>
   <trkpt lat="56.0974820" lon="10.1784600">
    <ele>109.6</ele>
   </trkpt>
   <trkpt lat="56.0974570" lon="10.1784560">
    <ele>109.8</ele>
   </trkpt>
   <trkpt lat="56.0974330" lon="10.1784520">
    <ele>110.0</ele>
   </trkpt>
   <trkpt lat="56.0974090" lon="10.1784510">
    <ele>110.0</ele>
   </trkpt>
   <trkpt lat="56.0973840" lon="10.1784480">
    <ele>110.2</ele>
   </trkpt>
   <trkpt lat="56.0973600" lon="10.1784460">
    <ele>110.4</ele>
   </trkpt>
   <trkpt lat="56.0973350" lon="10.1784450">
    <ele>110.6</ele>
   </trkpt>
   <trkpt lat="56.0973100" lon="10.1784470">
    <ele>110.8</ele>
   </trkpt>
   <trkpt lat="56.0972860" lon="10.1784500">
    <ele>111.0</ele>
   </trkpt>
   <trkpt lat="56.0972620" lon="10.1784480">
    <ele>111.2</ele>
   </trkpt>
   <trkpt lat="56.0972380" lon="10.1784420">
    <ele>111.2</ele>
   </trkpt>
   <trkpt lat="56.0972130" lon="10.1784410">
    <ele>111.4</ele>
   </trkpt>
   <trkpt lat="56.0971870" lon="10.1784420">
    <ele>111.6</ele>
   </trkpt>
   <trkpt lat="56.0971630" lon="10.1784390">
    <ele>111.8</ele>
   </trkpt>
   <trkpt lat="56.0971380" lon="10.1784370">
    <ele>111.8</ele>
   </trkpt>
   <trkpt lat="56.0971150" lon="10.1784410">
    <ele>112.0</ele>
   </trkpt>
   <trkpt lat="56.0970930" lon="10.1784380">
    <ele>112.2</ele>
   </trkpt>
   <trkpt lat="56.0970700" lon="10.1784330">
    <ele>112.4</ele>
   </trkpt>
   <trkpt lat="56.0970450" lon="10.1784290">
    <ele>112.6</ele>
   </trkpt>
   <trkpt lat="56.0970200" lon="10.1784250">
    <ele>112.8</ele>
   </trkpt>
   <trkpt lat="56.0969950" lon="10.1784260">
    <ele>113.0</ele>
   </trkpt>
   <trkpt lat="56.0969690" lon="10.1784280">
    <ele>113.2</ele>
   </trkpt>
   <trkpt lat="56.0969450" lon="10.1784280">
    <ele>113.4</ele>
   </trkpt>
   <trkpt lat="56.0969200" lon="10.1784280">
    <ele>113.6</ele>
   </trkpt>
   <trkpt lat="56.0968930" lon="10.1784280">
    <ele>113.6</ele>
   </trkpt>
   <trkpt lat="56.0968670" lon="10.1784270">
    <ele>113.6</ele>
   </trkpt>
   <trkpt lat="56.0968410" lon="10.1784280">
    <ele>113.6</ele>
   </trkpt>
   <trkpt lat="56.0968130" lon="10.1784270">
    <ele>113.6</ele>
   </trkpt>
   <trkpt lat="56.0967800" lon="10.1784240">
    <ele>113.6</ele>
   </trkpt>
   <trkpt lat="56.0967410" lon="10.1784210">
    <ele>113.4</ele>
   </trkpt>
   <trkpt lat="56.0966970" lon="10.1784140">
    <ele>113.2</ele>
   </trkpt>
   <trkpt lat="56.0966510" lon="10.1783990">
    <ele>113.2</ele>
   </trkpt>
   <trkpt lat="56.0966050" lon="10.1783730">
    <ele>112.8</ele>
   </trkpt>
   <trkpt lat="56.0965620" lon="10.1783310">
    <ele>112.4</ele>
   </trkpt>
   <trkpt lat="56.0965210" lon="10.1782800">
    <ele>112.2</ele>
   </trkpt>
   <trkpt lat="56.0964800" lon="10.1782300">
    <ele>112.0</ele>
   </trkpt>
   <trkpt lat="56.0964390" lon="10.1781840">
    <ele>111.8</ele>
   </trkpt>
   <trkpt lat="56.0963950" lon="10.1781380">
    <ele>111.6</ele>
   </trkpt>
   <trkpt lat="56.0963510" lon="10.1780920">
    <ele>111.6</ele>
   </trkpt>
   <trkpt lat="56.0963050" lon="10.1780490">
    <ele>111.4</ele>
   </trkpt>
   <trkpt lat="56.0962580" lon="10.1780070">
    <ele>111.2</ele>
   </trkpt>
   <trkpt lat="56.0962100" lon="10.1779630">
    <ele>111.0</ele>
   </trkpt>
   <trkpt lat="56.0961610" lon="10.1779220">
    <ele>111.0</ele>
   </trkpt>
   <trkpt lat="56.0961120" lon="10.1778830">
    <ele>111.0</ele>
   </trkpt>
   <trkpt lat="56.0960620" lon="10.1778480">
    <ele>110.8</ele>
   </trkpt>
   <trkpt lat="56.0960090" lon="10.1778170">
    <ele>110.8</ele>
   </trkpt>
   <trkpt lat="56.0959550" lon="10.1777910">
    <ele>110.8</ele>
   </trkpt>
   <trkpt lat="56.0959010" lon="10.1777630">
    <ele>110.8</ele>
   </trkpt>
   <trkpt lat="56.0958470" lon="10.1777300">
    <ele>110.6</ele>
   </trkpt>
   <trkpt lat="56.0957890" lon="10.1776980">
    <ele>110.4</ele>
   </trkpt>
   <trkpt lat="56.0957280" lon="10.1776680">
    <ele>110.4</ele>
   </trkpt>
   <trkpt lat="56.0956670" lon="10.1776400">
    <ele>110.2</ele>
   </trkpt>
   <trkpt lat="56.0956050" lon="10.1776090">
    <ele>110.0</ele>
   </trkpt>
   <trkpt lat="56.0955410" lon="10.1775780">
    <ele>109.8</ele>
   </trkpt>
   <trkpt lat="56.0954740" lon="10.1775460">
    <ele>109.6</ele>
   </trkpt>
   <trkpt lat="56.0954050" lon="10.1775110">
    <ele>109.4</ele>
   </trkpt>
   <trkpt lat="56.0953360" lon="10.1774710">
    <ele>109.0</ele>
   </trkpt>
   <trkpt lat="56.0952700" lon="10.1774290">
    <ele>108.8</ele>
   </trkpt>
   <trkpt lat="56.0952020" lon="10.1773830">
    <ele>108.4</ele>
   </trkpt>
   <trkpt lat="56.0951320" lon="10.1773370">
    <ele>108.2</ele>
   </trkpt>
   <trkpt lat="56.0950590" lon="10.1772910">
    <ele>107.8</ele>
   </trkpt>
   <trkpt lat="56.0949850" lon="10.1772390">
    <ele>107.2</ele>
   </trkpt>
   <trkpt lat="56.0949090" lon="10.1771850">
    <ele>106.4</ele>
   </trkpt>
   <trkpt lat="56.0948300" lon="10.1771330">
    <ele>105.8</ele>
   </trkpt>
   <trkpt lat="56.0947460" lon="10.1770760">
    <ele>105.0</ele>
   </trkpt>
   <trkpt lat="56.0946600" lon="10.1770060">
    <ele>103.8</ele>
   </trkpt>
   <trkpt lat="56.0945710" lon="10.1769310">
    <ele>103.0</ele>
   </trkpt>
   <trkpt lat="56.0944770" lon="10.1768570">
    <ele>102.0</ele>
   </trkpt>
   <trkpt lat="56.0943840" lon="10.1767790">
    <ele>101.4</ele>
   </trkpt>
   <trkpt lat="56.0942960" lon="10.1767000">
    <ele>100.8</ele>
   </trkpt>
   <trkpt lat="56.0942080" lon="10.1766290">
    <ele>100.4</ele>
   </trkpt>
   <trkpt lat="56.0941220" lon="10.1765620">
    <ele>100.0</ele>
   </trkpt>
   <trkpt lat="56.0940370" lon="10.1764930">
    <ele>100.0</ele>
   </trkpt>
   <trkpt lat="56.0939560" lon="10.1764210">
    <ele>99.8</ele>
   </trkpt>
   <trkpt lat="56.0938790" lon="10.1763450">
    <ele>99.8</ele>
   </trkpt>
   <trkpt lat="56.0938030" lon="10.1762730">
    <ele>99.8</ele>
   </trkpt>
   <trkpt lat="56.0937250" lon="10.1762020">
    <ele>99.8</ele>
   </trkpt>
   <trkpt lat="56.0936500" lon="10.1761300">
    <ele>99.8</ele>
   </trkpt>
   <trkpt lat="56.0935760" lon="10.1760550">
    <ele>99.8</ele>
   </trkpt>
   <trkpt lat="56.0935050" lon="10.1759810">
    <ele>99.6</ele>
   </trkpt>
   <trkpt lat="56.0934320" lon="10.1759100">
    <ele>99.4</ele>
   </trkpt>
   <trkpt lat="56.0933600" lon="10.1758400">
    <ele>99.4</ele>
   </trkpt>
   <trkpt lat="56.0932890" lon="10.1757630">
    <ele>99.2</ele>
   </trkpt>
   <trkpt lat="56.0932190" lon="10.1756880">
    <ele>99.2</ele>
   </trkpt>
   <trkpt lat="56.0931480" lon="10.1756140">
    <ele>99.0</ele>
   </trkpt>
   <trkpt lat="56.0930780" lon="10.1755390">
    <ele>99.0</ele>
   </trkpt>
   <trkpt lat="56.0930080" lon="10.1754620">
    <ele>99.0</ele>
   </trkpt>
   <trkpt lat="56.0929400" lon="10.1753860">
    <ele>99.0</ele>
   </trkpt>
   <trkpt lat="56.0928720" lon="10.1753070">
    <ele>99.2</ele>
   </trkpt>
   <trkpt lat="56.0928050" lon="10.1752330">
    <ele>99.2</ele>
   </trkpt>
   <trkpt lat="56.0927420" lon="10.1751580">
    <ele>99.6</ele>
   </trkpt>
   <trkpt lat="56.0926830" lon="10.1750830">
    <ele>99.8</ele>
   </trkpt>
   <trkpt lat="56.0926250" lon="10.1750110">
    <ele>100.0</ele>
   </trkpt>
   <trkpt lat="56.0925660" lon="10.1749450">
    <ele>100.4</ele>
   </trkpt>
   <trkpt lat="56.0925080" lon="10.1748850">
    <ele>100.4</ele>
   </trkpt>
   <trkpt lat="56.0924480" lon="10.1748220">
    <ele>100.4</ele>
   </trkpt>
   <trkpt lat="56.0923880" lon="10.1747500">
    <ele>100.4</ele>
   </trkpt>
   <trkpt lat="56.0923280" lon="10.1746700">
    <ele>100.2</ele>
   </trkpt>
   <trkpt lat="56.0922670" lon="10.1745860">
    <ele>99.8</ele>
   </trkpt>
   <trkpt lat="56.0922030" lon="10.1744990">
    <ele>99.6</ele>
   </trkpt>
   <trkpt lat="56.0921380" lon="10.1744140">
    <ele>99.4</ele>
   </trkpt>
   <trkpt lat="56.0920740" lon="10.1743340">
    <ele>99.2</ele>
   </trkpt>
   <trkpt lat="56.0920120" lon="10.1742560">
    <ele>99.2</ele>
   </trkpt>
   <trkpt lat="56.0919510" lon="10.1741780">
    <ele>99.2</ele>
   </trkpt>
   <trkpt lat="56.0918920" lon="10.1741010">
    <ele>99.2</ele>
   </trkpt>
   <trkpt lat="56.0918370" lon="10.1740280">
    <ele>99.2</ele>
   </trkpt>
   <trkpt lat="56.0917800" lon="10.1739500">
    <ele>99.2</ele>
   </trkpt>
   <trkpt lat="56.0917250" lon="10.1738650">
    <ele>99.0</ele>
   </trkpt>
   <trkpt lat="56.0916660" lon="10.1737800">
    <ele>98.8</ele>
   </trkpt>
   <trkpt lat="56.0916040" lon="10.1736910">
    <ele>98.4</ele>
   </trkpt>
   <trkpt lat="56.0915400" lon="10.1736040">
    <ele>98.0</ele>
   </trkpt>
   <trkpt lat="56.0914740" lon="10.1735160">
    <ele>97.6</ele>
   </trkpt>
   <trkpt lat="56.0914100" lon="10.1734290">
    <ele>97.2</ele>
   </trkpt>
   <trkpt lat="56.0913440" lon="10.1733420">
    <ele>97.0</ele>
   </trkpt>
   <trkpt lat="56.0912790" lon="10.1732550">
    <ele>96.6</ele>
   </trkpt>
   <trkpt lat="56.0912140" lon="10.1731630">
    <ele>96.4</ele>
   </trkpt>
   <trkpt lat="56.0911500" lon="10.1730730">
    <ele>96.4</ele>
   </trkpt>
   <trkpt lat="56.0910860" lon="10.1729830">
    <ele>96.2</ele>
   </trkpt>
   <trkpt lat="56.0910210" lon="10.1728950">
    <ele>96.2</ele>
   </trkpt>
   <trkpt lat="56.0909570" lon="10.1728060">
    <ele>96.0</ele>
   </trkpt>
   <trkpt lat="56.0908890" lon="10.1727190">
    <ele>96.0</ele>
   </trkpt>
   <trkpt lat="56.0908230" lon="10.1726320">
    <ele>95.8</ele>
   </trkpt>
   <trkpt lat="56.0907560" lon="10.1725460">
    <ele>95.6</ele>
   </trkpt>
   <trkpt lat="56.0906900" lon="10.1724600">
    <ele>95.6</ele>
   </trkpt>
   <trkpt lat="56.0906230" lon="10.1723710">
    <ele>95.2</ele>
   </trkpt>
   <trkpt lat="56.0905570" lon="10.1722830">
    <ele>95.0</ele>
   </trkpt>
   <trkpt lat="56.0904900" lon="10.1721950">
    <ele>94.8</ele>
   </trkpt>
   <trkpt lat="56.0904230" lon="10.1721040">
    <ele>94.4</ele>
   </trkpt>
   <trkpt lat="56.0903540" lon="10.1720130">
    <ele>94.0</ele>
   </trkpt>
   <trkpt lat="56.0902840" lon="10.1719260">
    <ele>93.6</ele>
   </trkpt>
   <trkpt lat="56.0902120" lon="10.1718370">
    <ele>93.2</ele>
   </trkpt>
   <trkpt lat="56.0901410" lon="10.1717490">
    <ele>92.8</ele>
   </trkpt>
   <trkpt lat="56.0900670" lon="10.1716680">
    <ele>92.6</ele>
   </trkpt>
   <trkpt lat="56.0899970" lon="10.1715880">
    <ele>92.2</ele>
   </trkpt>
   <trkpt lat="56.0899250" lon="10.1715060">
    <ele>92.0</ele>
   </trkpt>
   <trkpt lat="56.0898490" lon="10.1714200">
    <ele>91.6</ele>
   </trkpt>
   <trkpt lat="56.0897710" lon="10.1713340">
    <ele>91.4</ele>
   </trkpt>
   <trkpt lat="56.0896900" lon="10.1712510">
    <ele>91.0</ele>
   </trkpt>
   <trkpt lat="56.0896100" lon="10.1711710">
    <ele>90.6</ele>
   </trkpt>
   <trkpt lat="56.0895280" lon="10.1710900">
    <ele>90.0</ele>
   </trkpt>
   <trkpt lat="56.0894440" lon="10.1710130">
    <ele>89.6</ele>
   </trkpt>
   <trkpt lat="56.0893580" lon="10.1709360">
    <ele>89.2</ele>
   </trkpt>
   <trkpt lat="56.0892730" lon="10.1708590">
    <ele>88.8</ele>
   </trkpt>
   <trkpt lat="56.0891900" lon="10.1707790">
    <ele>88.6</ele>
   </trkpt>
   <trkpt lat="56.0891080" lon="10.1706920">
    <ele>88.2</ele>
   </trkpt>
   <trkpt lat="56.0890290" lon="10.1706030">
    <ele>88.0</ele>
   </trkpt>
   <trkpt lat="56.0889530" lon="10.1705100">
    <ele>87.8</ele>
   </trkpt>
   <trkpt lat="56.0888790" lon="10.1704140">
    <ele>87.8</ele>
   </trkpt>
   <trkpt lat="56.0888090" lon="10.1703200">
    <ele>87.6</ele>
   </trkpt>
   <trkpt lat="56.0887410" lon="10.1702270">
    <ele>87.6</ele>
   </trkpt>
   <trkpt lat="56.0886730" lon="10.1701330">
    <ele>87.6</ele>
   </trkpt>
   <trkpt lat="56.0886030" lon="10.1700420">
    <ele>87.6</ele>
   </trkpt>
   <trkpt lat="56.0885330" lon="10.1699560">
    <ele>87.8</ele>
   </trkpt>
   <trkpt lat="56.0884660" lon="10.1698710">
    <ele>87.6</ele>
   </trkpt>
   <trkpt lat="56.0884010" lon="10.1697850">
    <ele>87.8</ele>
   </trkpt>
   <trkpt lat="56.0883360" lon="10.1696960">
    <ele>87.8</ele>
   </trkpt>
   <trkpt lat="56.0882720" lon="10.1696080">
    <ele>88.0</ele>
   </trkpt>
   <trkpt lat="56.0882070" lon="10.1695220">
    <ele>88.0</ele>
   </trkpt>
   <trkpt lat="56.0881410" lon="10.1694340">
    <ele>88.0</ele>
   </trkpt>
   <trkpt lat="56.0880770" lon="10.1693450">
    <ele>87.8</ele>
   </trkpt>
   <trkpt lat="56.0880140" lon="10.1692530">
    <ele>87.8</ele>
   </trkpt>
   <trkpt lat="56.0879510" lon="10.1691670">
    <ele>87.8</ele>
   </trkpt>
   <trkpt lat="56.0878870" lon="10.1690880">
    <ele>87.6</ele>
   </trkpt>
   <trkpt lat="56.0878220" lon="10.1690050">
    <ele>87.6</ele>
   </trkpt>
   <trkpt lat="56.0877580" lon="10.1689180">
    <ele>87.6</ele>
   </trkpt>
   <trkpt lat="56.0876960" lon="10.1688310">
    <ele>87.4</ele>
   </trkpt>
   <trkpt lat="56.0876310" lon="10.1687390">
    <ele>87.2</ele>
   </trkpt>
   <trkpt lat="56.0875660" lon="10.1686430">
    <ele>86.8</ele>
   </trkpt>
   <trkpt lat="56.0874990" lon="10.1685470">
    <ele>86.6</ele>
   </trkpt>
   <trkpt lat="56.0874310" lon="10.1684490">
    <ele>86.0</ele>
   </trkpt>
   <trkpt lat="56.0873630" lon="10.1683480">
    <ele>85.6</ele>
   </trkpt>
   <trkpt lat="56.0872960" lon="10.1682460">
    <ele>85.2</ele>
   </trkpt>
   <trkpt lat="56.0872290" lon="10.1681420">
    <ele>84.6</ele>
   </trkpt>
   <trkpt lat="56.0871610" lon="10.1680390">
    <ele>84.2</ele>
   </trkpt>
   <trkpt lat="56.0870900" lon="10.1679420">
    <ele>83.6</ele>
   </trkpt>
   <trkpt lat="56.0870170" lon="10.1678530">
    <ele>83.2</ele>
   </trkpt>
   <trkpt lat="56.0869410" lon="10.1677780">
    <ele>82.8</ele>
   </trkpt>
   <trkpt lat="56.0868620" lon="10.1677110">
    <ele>82.4</ele>
   </trkpt>
   <trkpt lat="56.0867800" lon="10.1676510">
    <ele>82.0</ele>
   </trkpt>
   <trkpt lat="56.0866970" lon="10.1675940">
    <ele>81.4</ele>
   </trkpt>
   <trkpt lat="56.0866120" lon="10.1675370">
    <ele>81.0</ele>
   </trkpt>
   <trkpt lat="56.0865260" lon="10.1674800">
    <ele>80.4</ele>
   </trkpt>
   <trkpt lat="56.0864390" lon="10.1674200">
    <ele>79.8</ele>
   </trkpt>
   <trkpt lat="56.0863510" lon="10.1673620">
    <ele>79.2</ele>
   </trkpt>
   <trkpt lat="56.0862640" lon="10.1673050">
    <ele>78.8</ele>
   </trkpt>
   <trkpt lat="56.0861760" lon="10.1672490">
    <ele>78.2</ele>
   </trkpt>
   <trkpt lat="56.0860860" lon="10.1672030">
    <ele>78.0</ele>
   </trkpt>
   <trkpt lat="56.0859980" lon="10.1671690">
    <ele>77.8</ele>
   </trkpt>
   <trkpt lat="56.0859090" lon="10.1671390">
    <ele>77.8</ele>
   </trkpt>
   <trkpt lat="56.0858210" lon="10.1671090">
    <ele>77.8</ele>
   </trkpt>
   <trkpt lat="56.0857330" lon="10.1670830">
    <ele>77.8</ele>
   </trkpt>
   <trkpt lat="56.0856420" lon="10.1670560">
    <ele>77.6</ele>
   </trkpt>
   <trkpt lat="56.0855490" lon="10.1670290">
    <ele>77.6</ele>
   </trkpt>
   <trkpt lat="56.0854540" lon="10.1670000">
    <ele>77.6</ele>
   </trkpt>
   <trkpt lat="56.0853570" lon="10.1669700">
    <ele>77.6</ele>
   </trkpt>
   <trkpt lat="56.0852580" lon="10.1669430">
    <ele>77.6</ele>
   </trkpt>
   <trkpt lat="56.0851600" lon="10.1669140">
    <ele>77.6</ele>
   </trkpt>
   <trkpt lat="56.0850620" lon="10.1668860">
    <ele>77.6</ele>
   </trkpt>
   <trkpt lat="56.0849650" lon="10.1668560">
    <ele>77.6</ele>
   </trkpt>
   <trkpt lat="56.0848690" lon="10.1668270">
    <ele>77.6</ele>
   </trkpt>
   <trkpt lat="56.0847710" lon="10.1668000">
    <ele>77.6</ele>
   </trkpt>
   <trkpt lat="56.0846740" lon="10.1667730">
    <ele>77.6</ele>
   </trkpt>
   <trkpt lat="56.0845770" lon="10.1667430">
    <ele>77.6</ele>
   </trkpt>
   <trkpt lat="56.0844760" lon="10.1667160">
    <ele>77.6</ele>
   </trkpt>
   <trkpt lat="56.0843740" lon="10.1666870">
    <ele>77.4</ele>
   </trkpt>
   <trkpt lat="56.0842680" lon="10.1666560">
    <ele>77.4</ele>
   </trkpt>
   <trkpt lat="56.0841640" lon="10.1666240">
    <ele>77.2</ele>
   </trkpt>
   <trkpt lat="56.0840630" lon="10.1665940">
    <ele>77.2</ele>
   </trkpt>
   <trkpt lat="56.0839640" lon="10.1665640">
    <ele>77.2</ele>
   </trkpt>
   <trkpt lat="56.0838700" lon="10.1665320">
    <ele>77.2</ele>
   </trkpt>
   <trkpt lat="56.0837800" lon="10.1665020">
    <ele>77.0</ele>
   </trkpt>
   <trkpt lat="56.0836970" lon="10.1664740">
    <ele>77.0</ele>
   </trkpt>
   <trkpt lat="56.0836190" lon="10.1664490">
    <ele>77.0</ele>
   </trkpt>
   <trkpt lat="56.0835430" lon="10.1664250">
    <ele>76.8</ele>
   </trkpt>
   <trkpt lat="56.0834660" lon="10.1664040">
    <ele>76.8</ele>
   </trkpt>
   <trkpt lat="56.0833940" lon="10.1663860">
    <ele>76.8</ele>
   </trkpt>
   <trkpt lat="56.0833280" lon="10.1663630">
    <ele>76.6</ele>
   </trkpt>
   <trkpt lat="56.0832730" lon="10.1663280">
    <ele>76.6</ele>
   </trkpt>
   <trkpt lat="56.0832350" lon="10.1662700">
    <ele>76.6</ele>
   </trkpt>
   <trkpt lat="56.0832150" lon="10.1661920">
    <ele>76.6</ele>
   </trkpt>
   <trkpt lat="56.0832020" lon="10.1661030">
    <ele>76.4</ele>
   </trkpt>
   <trkpt lat="56.0831790" lon="10.1660090">
    <ele>76.4</ele>
   </trkpt>
   <trkpt lat="56.0831390" lon="10.1659240">
    <ele>76.4</ele>
   </trkpt>
   <trkpt lat="56.0830850" lon="10.1658680">
    <ele>76.2</ele>
   </trkpt>
   <trkpt lat="56.0830230" lon="10.1658400">
    <ele>76.2</ele>
   </trkpt>
   <trkpt lat="56.0829590" lon="10.1658290">
    <ele>76.0</ele>
   </trkpt>
   <trkpt lat="56.0828920" lon="10.1658200">
    <ele>75.8</ele>
   </trkpt>
   <trkpt lat="56.0828230" lon="10.1658120">
    <ele>75.8</ele>
   </trkpt>
   <trkpt lat="56.0827520" lon="10.1658050">
    <ele>75.6</ele>
   </trkpt>
   <trkpt lat="56.0826810" lon="10.1657970">
    <ele>75.6</ele>
   </trkpt>
   <trkpt lat="56.0826110" lon="10.1657890">
    <ele>75.4</ele>
   </trkpt>
   <trkpt lat="56.0825410" lon="10.1657810">
    <ele>75.4</ele>
   </trkpt>
   <trkpt lat="56.0824710" lon="10.1657730">
    <ele>75.4</ele>
   </trkpt>
   <trkpt lat="56.0824000" lon="10.1657670">
    <ele>75.2</ele>
   </trkpt>
   <trkpt lat="56.0823300" lon="10.1657560">
    <ele>75.2</ele>
   </trkpt>
   <trkpt lat="56.0822570" lon="10.1657470">
    <ele>75.0</ele>
   </trkpt>
   <trkpt lat="56.0821830" lon="10.1657390">
    <ele>75.0</ele>
   </trkpt>
   <trkpt lat="56.0821110" lon="10.1657310">
    <ele>74.8</ele>
   </trkpt>
   <trkpt lat="56.0820380" lon="10.1657250">
    <ele>74.8</ele>
   </trkpt>
   <trkpt lat="56.0819640" lon="10.1657170">
    <ele>74.6</ele>
   </trkpt>
   <trkpt lat="56.0818890" lon="10.1657100">
    <ele>74.6</ele>
   </trkpt>
   <trkpt lat="56.0818130" lon="10.1657010">
    <ele>74.6</ele>
   </trkpt>
   <trkpt lat="56.0817350" lon="10.1656950">
    <ele>74.4</ele>
   </trkpt>
   <trkpt lat="56.0816550" lon="10.1656870">
    <ele>74.4</ele>
   </trkpt>
   <trkpt lat="56.0815720" lon="10.1656770">
    <ele>74.2</ele>
   </trkpt>
   <trkpt lat="56.0814850" lon="10.1656700">
    <ele>74.0</ele>
   </trkpt>
   <trkpt lat="56.0813940" lon="10.1656680">
    <ele>74.0</ele>
   </trkpt>
   <trkpt lat="56.0813030" lon="10.1656680">
    <ele>73.8</ele>
   </trkpt>
   <trkpt lat="56.0812110" lon="10.1656690">
    <ele>73.6</ele>
   </trkpt>
   <trkpt lat="56.0811190" lon="10.1656670">
    <ele>73.6</ele>
   </trkpt>
   <trkpt lat="56.0810270" lon="10.1656680">
    <ele>73.4</ele>
   </trkpt>
   <trkpt lat="56.0809360" lon="10.1656680">
    <ele>73.4</ele>
   </trkpt>
   <trkpt lat="56.0808460" lon="10.1656720">
    <ele>73.4</ele>
   </trkpt>
   <trkpt lat="56.0807570" lon="10.1656770">
    <ele>73.2</ele>
   </trkpt>
   <trkpt lat="56.0806690" lon="10.1656820">
    <ele>73.2</ele>
   </trkpt>
   <trkpt lat="56.0805830" lon="10.1656870">
    <ele>73.0</ele>
   </trkpt>
   <trkpt lat="56.0805000" lon="10.1656930">
    <ele>72.8</ele>
   </trkpt>
   <trkpt lat="56.0804180" lon="10.1656990">
    <ele>72.8</ele>
   </trkpt>
   <trkpt lat="56.0803380" lon="10.1657070">
    <ele>72.6</ele>
   </trkpt>
   <trkpt lat="56.0802570" lon="10.1657140">
    <ele>72.4</ele>
   </trkpt>
   <trkpt lat="56.0801770" lon="10.1657220">
    <ele>72.4</ele>
   </trkpt>
   <trkpt lat="56.0800960" lon="10.1657280">
    <ele>72.2</ele>
   </trkpt>
   <trkpt lat="56.0800150" lon="10.1657400">
    <ele>72.2</ele>
   </trkpt>
   <trkpt lat="56.0799310" lon="10.1657530">
    <ele>72.0</ele>
   </trkpt>
   <trkpt lat="56.0798460" lon="10.1657640">
    <ele>72.0</ele>
   </trkpt>
   <trkpt lat="56.0797580" lon="10.1657760">
    <ele>71.8</ele>
   </trkpt>
   <trkpt lat="56.0796670" lon="10.1657860">
    <ele>71.8</ele>
   </trkpt>
   <trkpt lat="56.0795730" lon="10.1657960">
    <ele>71.6</ele>
   </trkpt>
   <trkpt lat="56.0794780" lon="10.1658040">
    <ele>71.4</ele>
   </trkpt>
   <trkpt lat="56.0793820" lon="10.1658140">
    <ele>71.4</ele>
   </trkpt>
   <trkpt lat="56.0792870" lon="10.1658230">
    <ele>71.2</ele>
   </trkpt>
   <trkpt lat="56.0791920" lon="10.1658280">
    <ele>71.0</ele>
   </trkpt>
   <trkpt lat="56.0791000" lon="10.1658280">
    <ele>71.0</ele>
   </trkpt>
   <trkpt lat="56.0790070" lon="10.1658210">
    <ele>71.0</ele>
   </trkpt>
   <trkpt lat="56.0789160" lon="10.1658040">
    <ele>70.8</ele>
   </trkpt>
   <trkpt lat="56.0788280" lon="10.1657820">
    <ele>70.8</ele>
   </trkpt>
   <trkpt lat="56.0787430" lon="10.1657580">
    <ele>70.6</ele>
   </trkpt>
   <trkpt lat="56.0786620" lon="10.1657340">
    <ele>70.6</ele>
   </trkpt>
   <trkpt lat="56.0785870" lon="10.1657090">
    <ele>70.6</ele>
   </trkpt>
   <trkpt lat="56.0785160" lon="10.1656820">
    <ele>70.4</ele>
   </trkpt>
   <trkpt lat="56.0784490" lon="10.1656560">
    <ele>70.4</ele>
   </trkpt>
   <trkpt lat="56.0783850" lon="10.1656310">
    <ele>70.4</ele>
   </trkpt>
   <trkpt lat="56.0783230" lon="10.1656100">
    <ele>70.2</ele>
   </trkpt>
   <trkpt lat="56.0782640" lon="10.1655910">
    <ele>70.2</ele>
   </trkpt>
   <trkpt lat="56.0782080" lon="10.1655700">
    <ele>70.2</ele>
   </trkpt>
   <trkpt lat="56.0781540" lon="10.1655510">
    <ele>70.2</ele>
   </trkpt>
   <trkpt lat="56.0781020" lon="10.1655300">
    <ele>70.0</ele>
   </trkpt>
   <trkpt lat="56.0780510" lon="10.1655090">
    <ele>70.0</ele>
   </trkpt>
   <trkpt lat="56.0780000" lon="10.1654920">
    <ele>70.0</ele>
   </trkpt>
   <trkpt lat="56.0779500" lon="10.1654740">
    <ele>70.0</ele>
   </trkpt>
   <trkpt lat="56.0778990" lon="10.1654550">
    <ele>70.0</ele>
   </trkpt>
   <trkpt lat="56.0778500" lon="10.1654410">
    <ele>69.8</ele>
   </trkpt>
   <trkpt lat="56.0777990" lon="10.1654250">
    <ele>69.8</ele>
   </trkpt>
   <trkpt lat="56.0777490" lon="10.1654040">
    <ele>69.6</ele>
   </trkpt>
   <trkpt lat="56.0776990" lon="10.1653820">
    <ele>69.6</ele>
   </trkpt>
   <trkpt lat="56.0776470" lon="10.1653610">
    <ele>69.4</ele>
   </trkpt>
   <trkpt lat="56.0775950" lon="10.1653420">
    <ele>69.4</ele>
   </trkpt>
   <trkpt lat="56.0775430" lon="10.1653220">
    <ele>69.4</ele>
   </trkpt>
   <trkpt lat="56.0774880" lon="10.1653000">
    <ele>69.2</ele>
   </trkpt>
   <trkpt lat="56.0774320" lon="10.1652780">
    <ele>69.4</ele>
   </trkpt>
   <trkpt lat="56.0773750" lon="10.1652550">
    <ele>69.2</ele>
   </trkpt>
   <trkpt lat="56.0773160" lon="10.1652340">
    <ele>69.2</ele>
   </trkpt>
   <trkpt lat="56.0772580" lon="10.1652090">
    <ele>69.2</ele>
   </trkpt>
   <trkpt lat="56.0772000" lon="10.1651850">
    <ele>69.0</ele>
   </trkpt>
   <trkpt lat="56.0771430" lon="10.1651640">
    <ele>69.0</ele>
   </trkpt>
   <trkpt lat="56.0770860" lon="10.1651430">
    <ele>69.0</ele>
   </trkpt>
   <trkpt lat="56.0770280" lon="10.1651240">
    <ele>68.8</ele>
   </trkpt>
   <trkpt lat="56.0769690" lon="10.1651020">
    <ele>68.8</ele>
   </trkpt>
   <trkpt lat="56.0769100" lon="10.1650810">
    <ele>68.8</ele>
   </trkpt>
   <trkpt lat="56.0768510" lon="10.1650630">
    <ele>68.8</ele>
   </trkpt>
   <trkpt lat="56.0767930" lon="10.1650450">
    <ele>68.8</ele>
   </trkpt>
   <trkpt lat="56.0767350" lon="10.1650240">
    <ele>68.6</ele>
   </trkpt>
   <trkpt lat="56.0766770" lon="10.1650080">
    <ele>68.6</ele>
   </trkpt>
   <trkpt lat="56.0766180" lon="10.1649970">
    <ele>68.6</ele>
   </trkpt>
   <trkpt lat="56.0765600" lon="10.1649930">
    <ele>68.4</ele>
   </trkpt>
   <trkpt lat="56.0765000" lon="10.1649950">
    <ele>68.4</ele>
   </trkpt>
   <trkpt lat="56.0764400" lon="10.1650000">
    <ele>68.4</ele>
   </trkpt>
   <trkpt lat="56.0763780" lon="10.1650100">
    <ele>68.2</ele>
   </trkpt>
   <trkpt lat="56.0763130" lon="10.1650240">
    <ele>68.2</ele>
   </trkpt>
   <trkpt lat="56.0762460" lon="10.1650420">
    <ele>68.2</ele>
   </trkpt>
   <trkpt lat="56.0761770" lon="10.1650670">
    <ele>68.0</ele>
   </trkpt>
   <trkpt lat="56.0761080" lon="10.1650950">
    <ele>68.0</ele>
   </trkpt>
   <trkpt lat="56.0760380" lon="10.1651260">
    <ele>68.0</ele>
   </trkpt>
   <trkpt lat="56.0759670" lon="10.1651620">
    <ele>67.8</ele>
   </trkpt>
   <trkpt lat="56.0758970" lon="10.1651980">
    <ele>67.8</ele>
   </trkpt>
   <trkpt lat="56.0758280" lon="10.1652360">
    <ele>67.8</ele>
   </trkpt>
   <trkpt lat="56.0757580" lon="10.1652720">
    <ele>67.8</ele>
   </trkpt>
   <trkpt lat="56.0756890" lon="10.1653070">
    <ele>67.6</ele>
   </trkpt>
   <trkpt lat="56.0756200" lon="10.1653470">
    <ele>67.6</ele>
   </trkpt>
   <trkpt lat="56.0755510" lon="10.1653890">
    <ele>67.6</ele>
   </trkpt>
   <trkpt lat="56.0754830" lon="10.1654320">
    <ele>67.4</ele>
   </trkpt>
   <trkpt lat="56.0754150" lon="10.1654750">
    <ele>67.4</ele>
   </trkpt>
   <trkpt lat="56.0753470" lon="10.1655140">
    <ele>67.4</ele>
   </trkpt>
   <trkpt lat="56.0752810" lon="10.1655530">
    <ele>67.2</ele>
   </trkpt>
   <trkpt lat="56.0752130" lon="10.1655900">
    <ele>67.2</ele>
   </trkpt>
   <trkpt lat="56.0751440" lon="10.1656250">
    <ele>67.0</ele>
   </trkpt>
   <trkpt lat="56.0750750" lon="10.1656600">
    <ele>67.0</ele>
   </trkpt>
   <trkpt lat="56.0750080" lon="10.1656960">
    <ele>67.0</ele>
   </trkpt>
   <trkpt lat="56.0749410" lon="10.1657340">
    <ele>66.8</ele>
   </trkpt>
   <trkpt lat="56.0748740" lon="10.1657690">
    <ele>66.8</ele>
   </trkpt>
   <trkpt lat="56.0748070" lon="10.1658040">
    <ele>66.8</ele>
   </trkpt>
   <trkpt lat="56.0747410" lon="10.1658400">
    <ele>66.8</ele>
   </trkpt>
   <trkpt lat="56.0746740" lon="10.1658770">
    <ele>66.6</ele>
   </trkpt>
   <trkpt lat="56.0746100" lon="10.1659130">
    <ele>66.6</ele>
   </trkpt>
   <trkpt lat="56.0745450" lon="10.1659480">
    <ele>66.6</ele>
   </trkpt>
   <trkpt lat="56.0744800" lon="10.1659840">
    <ele>66.4</ele>
   </trkpt>
   <trkpt lat="56.0744150" lon="10.1660200">
    <ele>66.4</ele>
   </trkpt>
   <trkpt lat="56.0743510" lon="10.1660560">
    <ele>66.4</ele>
   </trkpt>
   <trkpt lat="56.0742860" lon="10.1660950">
    <ele>66.2</ele>
   </trkpt>
   <trkpt lat="56.0742210" lon="10.1661310">
    <ele>66.2</ele>
   </trkpt>
   <trkpt lat="56.0741580" lon="10.1661660">
    <ele>66.2</ele>
   </trkpt>
   <trkpt lat="56.0740990" lon="10.1661830">
    <ele>66.0</ele>
   </trkpt>
   <trkpt lat="56.0740410" lon="10.1661720">
    <ele>66.0</ele>
   </trkpt>
   <trkpt lat="56.0739840" lon="10.1661460">
    <ele>66.0</ele>
   </trkpt>
   <trkpt lat="56.0739290" lon="10.1661120">
    <ele>66.0</ele>
   </trkpt>
   <trkpt lat="56.0738730" lon="10.1660700">
    <ele>65.8</ele>
   </trkpt>
   <trkpt lat="56.0738150" lon="10.1660290">
    <ele>65.8</ele>
   </trkpt>
   <trkpt lat="56.0737540" lon="10.1659870">
    <ele>65.6</ele>
   </trkpt>
   <trkpt lat="56.0736940" lon="10.1659440">
    <ele>65.6</ele>
   </trkpt>
   <trkpt lat="56.0736330" lon="10.1658990">
    <ele>65.4</ele>
   </trkpt>
   <trkpt lat="56.0735700" lon="10.1658560">
    <ele>65.4</ele>
   </trkpt>
   <trkpt lat="56.0735080" lon="10.1658120">
    <ele>65.2</ele>
   </trkpt>
   <trkpt lat="56.0734470" lon="10.1657570">
    <ele>65.2</ele>
   </trkpt>
   <trkpt lat="56.0733850" lon="10.1656960">
    <ele>65.2</ele>
   </trkpt>
   <trkpt lat="56.0733230" lon="10.1656340">
    <ele>65.0</ele>
   </trkpt>
   <trkpt lat="56.0732610" lon="10.1655680">
    <ele>65.0</ele>
   </trkpt>
   <trkpt lat="56.0732000" lon="10.1655020">
    <ele>65.0</ele>
   </trkpt>
   <trkpt lat="56.0731400" lon="10.1654360">
    <ele>64.8</ele>
   </trkpt>
   <trkpt lat="56.0730790" lon="10.1653710">
    <ele>64.8</ele>
   </trkpt>
   <trkpt lat="56.0730160" lon="10.1653060">
    <ele>64.6</ele>
   </trkpt>
   <trkpt lat="56.0729520" lon="10.1652440">
    <ele>64.6</ele>
   </trkpt>
   <trkpt lat="56.0728880" lon="10.1651780">
    <ele>64.4</ele>
   </trkpt>
   <trkpt lat="56.0728250" lon="10.1651070">
    <ele>64.4</ele>
   </trkpt>
   <trkpt lat="56.0727620" lon="10.1650370">
    <ele>64.4</ele>
   </trkpt>
   <trkpt lat="56.0726980" lon="10.1649680">
    <ele>64.4</ele>
   </trkpt>
   <trkpt lat="56.0726340" lon="10.1648990">
    <ele>64.2</ele>
   </trkpt>
   <trkpt lat="56.0725700" lon="10.1648330">
    <ele>64.2</ele>
   </trkpt>
   <trkpt lat="56.0725050" lon="10.1647710">
    <ele>64.2</ele>
   </trkpt>
   <trkpt lat="56.0724410" lon="10.1647100">
    <ele>64.0</ele>
   </trkpt>
   <trkpt lat="56.0723780" lon="10.1646500">
    <ele>64.0</ele>
   </trkpt>
   <trkpt lat="56.0723140" lon="10.1645910">
    <ele>64.0</ele>
   </trkpt>
   <trkpt lat="56.0722490" lon="10.1645270">
    <ele>64.0</ele>
   </trkpt>
   <trkpt lat="56.0721820" lon="10.1644640">
    <ele>63.8</ele>
   </trkpt>
   <trkpt lat="56.0721140" lon="10.1643990">
    <ele>63.8</ele>
   </trkpt>
   <trkpt lat="56.0720440" lon="10.1643340">
    <ele>63.6</ele>
   </trkpt>
   <trkpt lat="56.0719730" lon="10.1642700">
    <ele>63.6</ele>
   </trkpt>
   <trkpt lat="56.0719010" lon="10.1642080">
    <ele>63.6</ele>
   </trkpt>
   <trkpt lat="56.0718270" lon="10.1641470">
    <ele>63.4</ele>
   </trkpt>
   <trkpt lat="56.0717530" lon="10.1640850">
    <ele>63.4</ele>
   </trkpt>
   <trkpt lat="56.0716790" lon="10.1640260">
    <ele>63.4</ele>
   </trkpt>
   <trkpt lat="56.0716070" lon="10.1639650">
    <ele>63.2</ele>
   </trkpt>
   <trkpt lat="56.0715360" lon="10.1639050">
    <ele>63.2</ele>
   </trkpt>
   <trkpt lat="56.0714650" lon="10.1638450">
    <ele>63.2</ele>
   </trkpt>
   <trkpt lat="56.0713940" lon="10.1637900">
    <ele>63.0</ele>
   </trkpt>
   <trkpt lat="56.0713210" lon="10.1637410">
    <ele>63.0</ele>
   </trkpt>
   <trkpt lat="56.0712480" lon="10.1636910">
    <ele>62.8</ele>
   </trkpt>
   <trkpt lat="56.0711760" lon="10.1636430">
    <ele>62.8</ele>
   </trkpt>
   <trkpt lat="56.0711030" lon="10.1635960">
    <ele>62.8</ele>
   </trkpt>
   <trkpt lat="56.0710290" lon="10.1635450">
    <ele>62.6</ele>
   </trkpt>
   <trkpt lat="56.0709520" lon="10.1634950">
    <ele>62.4</ele>
   </trkpt>
   <trkpt lat="56.0708750" lon="10.1634430">
    <ele>62.4</ele>
   </trkpt>
   <trkpt lat="56.0707980" lon="10.1633940">
    <ele>62.4</ele>
   </trkpt>
   <trkpt lat="56.0707200" lon="10.1633450">
    <ele>62.2</ele>
   </trkpt>
   <trkpt lat="56.0706430" lon="10.1632940">
    <ele>62.2</ele>
   </trkpt>
   <trkpt lat="56.0705660" lon="10.1632450">
    <ele>62.2</ele>
   </trkpt>
   <trkpt lat="56.0704890" lon="10.1632000">
    <ele>62.0</ele>
   </trkpt>
   <trkpt lat="56.0704140" lon="10.1631580">
    <ele>62.0</ele>
   </trkpt>
   <trkpt lat="56.0703370" lon="10.1631220">
    <ele>62.0</ele>
   </trkpt>
   <trkpt lat="56.0702610" lon="10.1630890">
    <ele>61.8</ele>
   </trkpt>
   <trkpt lat="56.0701850" lon="10.1630550">
    <ele>61.8</ele>
   </trkpt>
   <trkpt lat="56.0701070" lon="10.1630230">
    <ele>61.6</ele>
   </trkpt>
   <trkpt lat="56.0700280" lon="10.1629910">
    <ele>61.6</ele>
   </trkpt>
   <trkpt lat="56.0699490" lon="10.1629620">
    <ele>61.6</ele>
   </trkpt>
   <trkpt lat="56.0698680" lon="10.1629340">
    <ele>61.4</ele>
   </trkpt>
   <trkpt lat="56.0697850" lon="10.1629100">
    <ele>61.4</ele>
   </trkpt>
   <trkpt lat="56.0697030" lon="10.1628850">
    <ele>61.2</ele>
   </trkpt>
   <trkpt lat="56.0696200" lon="10.1628610">
    <ele>61.2</ele>
   </trkpt>
   <trkpt lat="56.0695390" lon="10.1628350">
    <ele>61.0</ele>
   </trkpt>
   <trkpt lat="56.0694590" lon="10.1628130">
    <ele>61.0</ele>
   </trkpt>
   <trkpt lat="56.0693810" lon="10.1627890">
    <ele>60.8</ele>
   </trkpt>
   <trkpt lat="56.0693080" lon="10.1627610">
    <ele>60.8</ele>
   </trkpt>
   <trkpt lat="56.0692350" lon="10.1627320">
    <ele>60.6</ele>
   </trkpt>
   <trkpt lat="56.0691630" lon="10.1627080">
    <ele>60.4</ele>
   </trkpt>
   <trkpt lat="56.0690890" lon="10.1626900">
    <ele>60.2</ele>
   </trkpt>
   <trkpt lat="56.0690120" lon="10.1626700">
    <ele>60.0</ele>
   </trkpt>
   <trkpt lat="56.0689320" lon="10.1626470">
    <ele>60.0</ele>
   </trkpt>
   <trkpt lat="56.0688500" lon="10.1626230">
    <ele>59.8</ele>
   </trkpt>
   <trkpt lat="56.0687690" lon="10.1625990">
    <ele>59.6</ele>
   </trkpt>
   <trkpt lat="56.0686890" lon="10.1625750">
    <ele>59.6</ele>
   </trkpt>
   <trkpt lat="56.0686090" lon="10.1625480">
    <ele>59.4</ele>
   </trkpt>
   <trkpt lat="56.0685300" lon="10.1625200">
    <ele>59.2</ele>
   </trkpt>
   <trkpt lat="56.0684500" lon="10.1624970">
    <ele>59.0</ele>
   </trkpt>
   <trkpt lat="56.0683710" lon="10.1624740">
    <ele>58.8</ele>
   </trkpt>
   <trkpt lat="56.0682930" lon="10.1624400">
    <ele>58.6</ele>
   </trkpt>
   <trkpt lat="56.0682170" lon="10.1623930">
    <ele>58.4</ele>
   </trkpt>
   <trkpt lat="56.0681410" lon="10.1623350">
    <ele>58.2</ele>
   </trkpt>
   <trkpt lat="56.0680670" lon="10.1622690">
    <ele>58.2</ele>
   </trkpt>
   <trkpt lat="56.0679940" lon="10.1621960">
    <ele>58.0</ele>
   </trkpt>
   <trkpt lat="56.0679230" lon="10.1621190">
    <ele>57.8</ele>
   </trkpt>
   <trkpt lat="56.0678540" lon="10.1620390">
    <ele>57.6</ele>
   </trkpt>
   <trkpt lat="56.0677860" lon="10.1619580">
    <ele>57.6</ele>
   </trkpt>
   <trkpt lat="56.0677190" lon="10.1618750">
    <ele>57.4</ele>
   </trkpt>
   <trkpt lat="56.0676520" lon="10.1617920">
    <ele>57.2</ele>
   </trkpt>
   <trkpt lat="56.0675840" lon="10.1617110">
    <ele>57.0</ele>
   </trkpt>
   <trkpt lat="56.0675160" lon="10.1616290">
    <ele>57.0</ele>
   </trkpt>
   <trkpt lat="56.0674510" lon="10.1615450">
    <ele>56.8</ele>
   </trkpt>
   <trkpt lat="56.0673870" lon="10.1614600">
    <ele>56.6</ele>
   </trkpt>
   <trkpt lat="56.0673250" lon="10.1613780">
    <ele>56.4</ele>
   </trkpt>
   <trkpt lat="56.0672600" lon="10.1613000">
    <ele>56.4</ele>
   </trkpt>
   <trkpt lat="56.0671930" lon="10.1612310">
    <ele>56.2</ele>
   </trkpt>
   <trkpt lat="56.0671230" lon="10.1611750">
    <ele>56.0</ele>
   </trkpt>
   <trkpt lat="56.0670510" lon="10.1611350">
    <ele>56.0</ele>
   </trkpt>
   <trkpt lat="56.0669790" lon="10.1611080">
    <ele>55.8</ele>
   </trkpt>
   <trkpt lat="56.0669070" lon="10.1610830">
    <ele>55.8</ele>
   </trkpt>
   <trkpt lat="56.0668370" lon="10.1610560">
    <ele>55.6</ele>
   </trkpt>
   <trkpt lat="56.0667680" lon="10.1610240">
    <ele>55.4</ele>
   </trkpt>
   <trkpt lat="56.0667000" lon="10.1609980">
    <ele>55.2</ele>
   </trkpt>
   <trkpt lat="56.0666340" lon="10.1609810">
    <ele>55.2</ele>
   </trkpt>
   <trkpt lat="56.0665700" lon="10.1609720">
    <ele>55.0</ele>
   </trkpt>
   <trkpt lat="56.0665090" lon="10.1609560">
    <ele>55.0</ele>
   </trkpt>
   <trkpt lat="56.0664520" lon="10.1609280">
    <ele>54.8</ele>
   </trkpt>
   <trkpt lat="56.0664010" lon="10.1608820">
    <ele>54.8</ele>
   </trkpt>
   <trkpt lat="56.0663540" lon="10.1608290">
    <ele>54.6</ele>
   </trkpt>
   <trkpt lat="56.0663100" lon="10.1607740">
    <ele>54.6</ele>
   </trkpt>
   <trkpt lat="56.0662680" lon="10.1607160">
    <ele>54.4</ele>
   </trkpt>
   <trkpt lat="56.0662260" lon="10.1606610">
    <ele>54.4</ele>
   </trkpt>
   <trkpt lat="56.0661850" lon="10.1606080">
    <ele>54.4</ele>
   </trkpt>
   <trkpt lat="56.0661420" lon="10.1605600">
    <ele>54.2</ele>
   </trkpt>
   <trkpt lat="56.0660970" lon="10.1605250">
    <ele>54.2</ele>
   </trkpt>
   <trkpt lat="56.0660520" lon="10.1605010">
    <ele>54.0</ele>
   </trkpt>
   <trkpt lat="56.0660050" lon="10.1604860">
    <ele>54.0</ele>
   </trkpt>
   <trkpt lat="56.0659580" lon="10.1604740">
    <ele>54.0</ele>
   </trkpt>
   <trkpt lat="56.0659130" lon="10.1604620">
    <ele>53.8</ele>
   </trkpt>
   <trkpt lat="56.0658700" lon="10.1604500">
    <ele>53.8</ele>
   </trkpt>
   <trkpt lat="56.0658280" lon="10.1604400">
    <ele>53.8</ele>
   </trkpt>
   <trkpt lat="56.0657860" lon="10.1604290">
    <ele>53.8</ele>
   </trkpt>
   <trkpt lat="56.0657430" lon="10.1604150">
    <ele>53.8</ele>
   </trkpt>
   <trkpt lat="56.0656990" lon="10.1604010">
    <ele>53.8</ele>
   </trkpt>
   <trkpt lat="56.0656530" lon="10.1603880">
    <ele>53.8</ele>
   </trkpt>
   <trkpt lat="56.0656070" lon="10.1603720">
    <ele>54.0</ele>
   </trkpt>
   <trkpt lat="56.0655600" lon="10.1603580">
    <ele>54.0</ele>
   </trkpt>
   <trkpt lat="56.0655120" lon="10.1603420">
    <ele>54.0</ele>
   </trkpt>
   <trkpt lat="56.0654670" lon="10.1603220">
    <ele>54.0</ele>
   </trkpt>
   <trkpt lat="56.0654200" lon="10.1603010">
    <ele>54.0</ele>
   </trkpt>
   <trkpt lat="56.0653700" lon="10.1602810">
    <ele>54.0</ele>
   </trkpt>
   <trkpt lat="56.0653190" lon="10.1602560">
    <ele>54.2</ele>
   </trkpt>
   <trkpt lat="56.0652700" lon="10.1602210">
    <ele>54.2</ele>
   </trkpt>
   <trkpt lat="56.0652210" lon="10.1601770">
    <ele>54.2</ele>
   </trkpt>
   <trkpt lat="56.0651750" lon="10.1601230">
    <ele>54.2</ele>
   </trkpt>
   <trkpt lat="56.0651320" lon="10.1600650">
    <ele>54.2</ele>
   </trkpt>
   <trkpt lat="56.0650910" lon="10.1600020">
    <ele>54.2</ele>
   </trkpt>
   <trkpt lat="56.0650520" lon="10.1599340">
    <ele>54.2</ele>
   </trkpt>
   <trkpt lat="56.0650120" lon="10.1598650">
    <ele>54.2</ele>
   </trkpt>
   <trkpt lat="56.0649750" lon="10.1597920">
    <ele>54.2</ele>
   </trkpt>
   <trkpt lat="56.0649390" lon="10.1597180">
    <ele>54.2</ele>
   </trkpt>
   <trkpt lat="56.0649020" lon="10.1596460">
    <ele>54.2</ele>
   </trkpt>
   <trkpt lat="56.0648620" lon="10.1595760">
    <ele>54.2</ele>
   </trkpt>
   <trkpt lat="56.0648230" lon="10.1595020">
    <ele>54.2</ele>
   </trkpt>
   <trkpt lat="56.0647840" lon="10.1594280">
    <ele>54.4</ele>
   </trkpt>
   <trkpt lat="56.0647450" lon="10.1593570">
    <ele>54.4</ele>
   </trkpt>
   <trkpt lat="56.0647040" lon="10.1592850">
    <ele>54.4</ele>
   </trkpt>
   <trkpt lat="56.0646640" lon="10.1592120">
    <ele>54.4</ele>
   </trkpt>
   <trkpt lat="56.0646250" lon="10.1591400">
    <ele>54.4</ele>
   </trkpt>
   <trkpt lat="56.0645880" lon="10.1590650">
    <ele>54.4</ele>
   </trkpt>
   <trkpt lat="56.0645500" lon="10.1589910">
    <ele>54.4</ele>
   </trkpt>
   <trkpt lat="56.0645120" lon="10.1589180">
    <ele>54.4</ele>
   </trkpt>
   <trkpt lat="56.0644720" lon="10.1588480">
    <ele>54.4</ele>
   </trkpt>
   <trkpt lat="56.0644340" lon="10.1587800">
    <ele>54.4</ele>
   </trkpt>
   <trkpt lat="56.0643950" lon="10.1587110">
    <ele>54.4</ele>
   </trkpt>
   <trkpt lat="56.0643570" lon="10.1586410">
    <ele>54.4</ele>
   </trkpt>
   <trkpt lat="56.0643180" lon="10.1585700">
    <ele>54.4</ele>
   </trkpt>
   <trkpt lat="56.0642780" lon="10.1585020">
    <ele>54.4</ele>
   </trkpt>
   <trkpt lat="56.0642380" lon="10.1584320">
    <ele>54.4</ele>
   </trkpt>
   <trkpt lat="56.0641970" lon="10.1583640">
    <ele>54.4</ele>
   </trkpt>
   <trkpt lat="56.0641550" lon="10.1582990">
    <ele>54.4</ele>
   </trkpt>
   <trkpt lat="56.0641130" lon="10.1582350">
    <ele>54.4</ele>
   </trkpt>
   <trkpt lat="56.0640720" lon="10.1581710">
    <ele>54.4</ele>
   </trkpt>
   <trkpt lat="56.0640340" lon="10.1581050">
    <ele>54.6</ele>
   </trkpt>
   <trkpt lat="56.0639940" lon="10.1580440">
    <ele>54.6</ele>
   </trkpt>
   <trkpt lat="56.0639540" lon="10.1579840">
    <ele>54.6</ele>
   </trkpt>
   <trkpt lat="56.0639140" lon="10.1579200">
    <ele>54.6</ele>
   </trkpt>
   <trkpt lat="56.0638750" lon="10.1578540">
    <ele>54.6</ele>
   </trkpt>
   <trkpt lat="56.0638360" lon="10.1577880">
    <ele>54.6</ele>
   </trkpt>
   <trkpt lat="56.0637960" lon="10.1577250">
    <ele>54.8</ele>
   </trkpt>
   <trkpt lat="56.0637550" lon="10.1576640">
    <ele>54.8</ele>
   </trkpt>
   <trkpt lat="56.0637160" lon="10.1576020">
    <ele>54.8</ele>
   </trkpt>
   <trkpt lat="56.0636770" lon="10.1575420">
    <ele>54.8</ele>
   </trkpt>
   <trkpt lat="56.0636370" lon="10.1574840">
    <ele>54.8</ele>
   </trkpt>
   <trkpt lat="56.0636010" lon="10.1574260">
    <ele>55.0</ele>
   </trkpt>
   <trkpt lat="56.0635630" lon="10.1573660">
    <ele>55.0</ele>
   </trkpt>
   <trkpt lat="56.0635280" lon="10.1573060">
    <ele>55.0</ele>
   </trkpt>
   <trkpt lat="56.0634930" lon="10.1572440">
    <ele>55.0</ele>
   </trkpt>
   <trkpt lat="56.0634570" lon="10.1571890">
    <ele>55.0</ele>
   </trkpt>
   <trkpt lat="56.0634220" lon="10.1571380">
    <ele>55.0</ele>
   </trkpt>
   <trkpt lat="56.0633870" lon="10.1570860">
    <ele>55.0</ele>
   </trkpt>
   <trkpt lat="56.0633530" lon="10.1570340">
    <ele>55.2</ele>
   </trkpt>
   <trkpt lat="56.0633180" lon="10.1569810">
    <ele>55.2</ele>
   </trkpt>
   <trkpt lat="56.0632830" lon="10.1569330">
    <ele>55.2</ele>
   </trkpt>
   <trkpt lat="56.0632460" lon="10.1568870">
    <ele>55.2</ele>
   </trkpt>
   <trkpt lat="56.0632070" lon="10.1568470">
    <ele>55.2</ele>
   </trkpt>
   <trkpt lat="56.0631700" lon="10.1568090">
    <ele>55.4</ele>
   </trkpt>
   <trkpt lat="56.0631310" lon="10.1567730">
    <ele>55.4</ele>
   </trkpt>
   <trkpt lat="56.0630930" lon="10.1567380">
    <ele>55.4</ele>
   </trkpt>
   <trkpt lat="56.0630600" lon="10.1567010">
    <ele>55.4</ele>
   </trkpt>
   <trkpt lat="56.0630240" lon="10.1566670">
    <ele>55.4</ele>
   </trkpt>
   <trkpt lat="56.0629890" lon="10.1566370">
    <ele>55.6</ele>
   </trkpt>
   <trkpt lat="56.0629520" lon="10.1566050">
    <ele>55.6</ele>
   </trkpt>
   <trkpt lat="56.0629170" lon="10.1565740">
    <ele>55.6</ele>
   </trkpt>
   <trkpt lat="56.0628820" lon="10.1565500">
    <ele>55.6</ele>
   </trkpt>
   <trkpt lat="56.0628450" lon="10.1565310">
    <ele>55.6</ele>
   </trkpt>
   <trkpt lat="56.0628060" lon="10.1565080">
    <ele>55.6</ele>
   </trkpt>
   <trkpt lat="56.0627680" lon="10.1564860">
    <ele>55.6</ele>
   </trkpt>
   <trkpt lat="56.0627310" lon="10.1564550">
    <ele>55.8</ele>
   </trkpt>
   <trkpt lat="56.0626950" lon="10.1564250">
    <ele>55.8</ele>
   </trkpt>
   <trkpt lat="56.0626590" lon="10.1563950">
    <ele>55.8</ele>
   </trkpt>
   <trkpt lat="56.0626250" lon="10.1563640">
    <ele>55.8</ele>
   </trkpt>
   <trkpt lat="56.0625870" lon="10.1563400">
    <ele>55.8</ele>
   </trkpt>
   <trkpt lat="56.0625460" lon="10.1563140">
    <ele>55.8</ele>
   </trkpt>
   <trkpt lat="56.0625070" lon="10.1562880">
    <ele>55.8</ele>
   </trkpt>
   <trkpt lat="56.0624700" lon="10.1562630">
    <ele>55.8</ele>
   </trkpt>
   <trkpt lat="56.0624350" lon="10.1562400">
    <ele>55.8</ele>
   </trkpt>
   <trkpt lat="56.0624000" lon="10.1562130">
    <ele>56.0</ele>
   </trkpt>
   <trkpt lat="56.0623720" lon="10.1561720">
    <ele>56.0</ele>
   </trkpt>
   <trkpt lat="56.0623530" lon="10.1561100">
    <ele>56.0</ele>
   </trkpt>
   <trkpt lat="56.0623490" lon="10.1560330">
    <ele>56.0</ele>
   </trkpt>
   <trkpt lat="56.0623600" lon="10.1559480">
    <ele>56.0</ele>
   </trkpt>
   <trkpt lat="56.0623760" lon="10.1558640">
    <ele>56.0</ele>
   </trkpt>
   <trkpt lat="56.0623930" lon="10.1557790">
    <ele>56.0</ele>
   </trkpt>
   <trkpt lat="56.0624100" lon="10.1556910">
    <ele>56.0</ele>
   </trkpt>
   <trkpt lat="56.0624250" lon="10.1556020">
    <ele>56.0</ele>
   </trkpt>
   <trkpt lat="56.0624400" lon="10.1555080">
    <ele>55.8</ele>
   </trkpt>
   <trkpt lat="56.0624560" lon="10.1554120">
    <ele>56.0</ele>
   </trkpt>
   <trkpt lat="56.0624720" lon="10.1553140">
    <ele>56.0</ele>
   </trkpt>
   <trkpt lat="56.0624890" lon="10.1552140">
    <ele>56.0</ele>
   </trkpt>
   <trkpt lat="56.0625070" lon="10.1551150">
    <ele>56.0</ele>
   </trkpt>
   <trkpt lat="56.0625220" lon="10.1550160">
    <ele>56.0</ele>
   </trkpt>
   <trkpt lat="56.0625350" lon="10.1549170">
    <ele>56.0</ele>
   </trkpt>
   <trkpt lat="56.0625510" lon="10.1548190">
    <ele>56.0</ele>
   </trkpt>
   <trkpt lat="56.0625720" lon="10.1547250">
    <ele>56.0</ele>
   </trkpt>
   <trkpt lat="56.0625930" lon="10.1546290">
    <ele>56.0</ele>
   </trkpt>
   <trkpt lat="56.0626120" lon="10.1545320">
    <ele>56.2</ele>
   </trkpt>
   <trkpt lat="56.0626300" lon="10.1544370">
    <ele>56.0</ele>
   </trkpt>
   <trkpt lat="56.0626490" lon="10.1543460">
    <ele>56.2</ele>
   </trkpt>
   <trkpt lat="56.0626720" lon="10.1542560">
    <ele>56.2</ele>
   </trkpt>
   <trkpt lat="56.0626990" lon="10.1541690">
    <ele>56.2</ele>
   </trkpt>
   <trkpt lat="56.0627290" lon="10.1540860">
    <ele>56.2</ele>
   </trkpt>
   <trkpt lat="56.0627610" lon="10.1540060">
    <ele>56.2</ele>
   </trkpt>
   <trkpt lat="56.0627960" lon="10.1539280">
    <ele>56.2</ele>
   </trkpt>
   <trkpt lat="56.0628320" lon="10.1538500">
    <ele>56.2</ele>
   </trkpt>
   <trkpt lat="56.0628690" lon="10.1537730">
    <ele>56.2</ele>
   </trkpt>
   <trkpt lat="56.0629060" lon="10.1536950">
    <ele>56.2</ele>
   </trkpt>
   <trkpt lat="56.0629410" lon="10.1536160">
    <ele>56.2</ele>
   </trkpt>
   <trkpt lat="56.0629770" lon="10.1535370">
    <ele>56.2</ele>
   </trkpt>
   <trkpt lat="56.0630160" lon="10.1534610">
    <ele>56.2</ele>
   </trkpt>
   <trkpt lat="56.0630590" lon="10.1533860">
    <ele>56.2</ele>
   </trkpt>
   <trkpt lat="56.0631020" lon="10.1533060">
    <ele>56.2</ele>
   </trkpt>
   <trkpt lat="56.0631430" lon="10.1532170">
    <ele>56.2</ele>
   </trkpt>
   <trkpt lat="56.0631830" lon="10.1531250">
    <ele>56.2</ele>
   </trkpt>
   <trkpt lat="56.0632200" lon="10.1530270">
    <ele>56.2</ele>
   </trkpt>
   <trkpt lat="56.0632520" lon="10.1529240">
    <ele>56.2</ele>
   </trkpt>
   <trkpt lat="56.0632780" lon="10.1528150">
    <ele>56.2</ele>
   </trkpt>
   <trkpt lat="56.0633040" lon="10.1527080">
    <ele>56.2</ele>
   </trkpt>
   <trkpt lat="56.0633260" lon="10.1525970">
    <ele>56.2</ele>
   </trkpt>
   <trkpt lat="56.0633450" lon="10.1524840">
    <ele>56.2</ele>
   </trkpt>
   <trkpt lat="56.0633620" lon="10.1523720">
    <ele>56.2</ele>
   </trkpt>
   <trkpt lat="56.0633780" lon="10.1522600">
    <ele>56.2</ele>
   </trkpt>
   <trkpt lat="56.0633880" lon="10.1521420">
    <ele>56.2</ele>
   </trkpt>
   <trkpt lat="56.0633990" lon="10.1520280">
    <ele>56.2</ele>
   </trkpt>
   <trkpt lat="56.0634190" lon="10.1519160">
    <ele>56.2</ele>
   </trkpt>
   <trkpt lat="56.0634450" lon="10.1518090">
    <ele>56.2</ele>
   </trkpt>
   <trkpt lat="56.0634700" lon="10.1517010">
    <ele>56.2</ele>
   </trkpt>
   <trkpt lat="56.0634910" lon="10.1515890">
    <ele>56.2</ele>
   </trkpt>
   <trkpt lat="56.0635120" lon="10.1514780">
    <ele>56.2</ele>
   </trkpt>
   <trkpt lat="56.0635310" lon="10.1513730">
    <ele>56.2</ele>
   </trkpt>
   <trkpt lat="56.0635510" lon="10.1512720">
    <ele>56.4</ele>
   </trkpt>
   <trkpt lat="56.0635720" lon="10.1511770">
    <ele>56.4</ele>
   </trkpt>
   <trkpt lat="56.0635810" lon="10.1510810">
    <ele>56.4</ele>
   </trkpt>
   <trkpt lat="56.0635730" lon="10.1509880">
    <ele>56.4</ele>
   </trkpt>
   <trkpt lat="56.0635490" lon="10.1509040">
    <ele>56.4</ele>
   </trkpt>
   <trkpt lat="56.0635120" lon="10.1508320">
    <ele>56.4</ele>
   </trkpt>
   <trkpt lat="56.0634670" lon="10.1507740">
    <ele>56.4</ele>
   </trkpt>
   <trkpt lat="56.0634180" lon="10.1507250">
    <ele>56.4</ele>
   </trkpt>
   <trkpt lat="56.0633710" lon="10.1506750">
    <ele>56.4</ele>
   </trkpt>
   <trkpt lat="56.0633280" lon="10.1506190">
    <ele>56.4</ele>
   </trkpt>
   <trkpt lat="56.0632900" lon="10.1505590">
    <ele>56.4</ele>
   </trkpt>
   <trkpt lat="56.0632540" lon="10.1505020">
    <ele>56.4</ele>
   </trkpt>
   <trkpt lat="56.0632190" lon="10.1504490">
    <ele>56.6</ele>
   </trkpt>
   <trkpt lat="56.0631870" lon="10.1503950">
    <ele>56.6</ele>
   </trkpt>
   <trkpt lat="56.0631550" lon="10.1503440">
    <ele>56.6</ele>
   </trkpt>
   <trkpt lat="56.0631210" lon="10.1502960">
    <ele>56.6</ele>
   </trkpt>
   <trkpt lat="56.0630880" lon="10.1502490">
    <ele>56.6</ele>
   </trkpt>
   <trkpt lat="56.0630530" lon="10.1502050">
    <ele>56.6</ele>
   </trkpt>
   <trkpt lat="56.0630190" lon="10.1501590">
    <ele>56.6</ele>
   </trkpt>
   <trkpt lat="56.0629850" lon="10.1501110">
    <ele>56.8</ele>
   </trkpt>
   <trkpt lat="56.0629510" lon="10.1500630">
    <ele>56.8</ele>
   </trkpt>
   <trkpt lat="56.0629170" lon="10.1500130">
    <ele>56.8</ele>
   </trkpt>
   <trkpt lat="56.0628840" lon="10.1499670">
    <ele>56.8</ele>
   </trkpt>
   <trkpt lat="56.0628510" lon="10.1499210">
    <ele>56.8</ele>
   </trkpt>
   <trkpt lat="56.0628180" lon="10.1498750">
    <ele>57.0</ele>
   </trkpt>
   <trkpt lat="56.0627850" lon="10.1498280">
    <ele>57.0</ele>
   </trkpt>
   <trkpt lat="56.0627530" lon="10.1497820">
    <ele>57.0</ele>
   </trkpt>
   <trkpt lat="56.0627220" lon="10.1497360">
    <ele>57.0</ele>
   </trkpt>
   <trkpt lat="56.0626940" lon="10.1496860">
    <ele>57.0</ele>
   </trkpt>
   <trkpt lat="56.0626710" lon="10.1496380">
    <ele>57.2</ele>
   </trkpt>
   <trkpt lat="56.0626440" lon="10.1495940">
    <ele>57.2</ele>
   </trkpt>
   <trkpt lat="56.0626160" lon="10.1495490">
    <ele>57.2</ele>
   </trkpt>
   <trkpt lat="56.0625890" lon="10.1495040">
    <ele>57.2</ele>
   </trkpt>
   <trkpt lat="56.0625630" lon="10.1494590">
    <ele>57.2</ele>
   </trkpt>
   <trkpt lat="56.0625350" lon="10.1494150">
    <ele>57.2</ele>
   </trkpt>
   <trkpt lat="56.0625070" lon="10.1493670">
    <ele>57.2</ele>
   </trkpt>
   <trkpt lat="56.0624810" lon="10.1493180">
    <ele>57.4</ele>
   </trkpt>
   <trkpt lat="56.0624580" lon="10.1492670">
    <ele>57.4</ele>
   </trkpt>
   <trkpt lat="56.0624360" lon="10.1492130">
    <ele>57.4</ele>
   </trkpt>
   <trkpt lat="56.0624120" lon="10.1491620">
    <ele>57.4</ele>
   </trkpt>
   <trkpt lat="56.0623890" lon="10.1491140">
    <ele>57.4</ele>
   </trkpt>
   <trkpt lat="56.0623660" lon="10.1490660">
    <ele>57.4</ele>
   </trkpt>
   <trkpt lat="56.0623430" lon="10.1490180">
    <ele>57.4</ele>
   </trkpt>
   <trkpt lat="56.0623180" lon="10.1489700">
    <ele>57.6</ele>
   </trkpt>
   <trkpt lat="56.0622950" lon="10.1489200">
    <ele>57.6</ele>
   </trkpt>
   <trkpt lat="56.0622680" lon="10.1488720">
    <ele>57.6</ele>
   </trkpt>
   <trkpt lat="56.0622400" lon="10.1488220">
    <ele>57.6</ele>
   </trkpt>
   <trkpt lat="56.0622120" lon="10.1487710">
    <ele>57.8</ele>
   </trkpt>
   <trkpt lat="56.0621850" lon="10.1487190">
    <ele>57.8</ele>
   </trkpt>
   <trkpt lat="56.0621560" lon="10.1486710">
    <ele>57.8</ele>
   </trkpt>
   <trkpt lat="56.0621270" lon="10.1486260">
    <ele>57.8</ele>
   </trkpt>
   <trkpt lat="56.0621000" lon="10.1485770">
    <ele>57.8</ele>
   </trkpt>
   <trkpt lat="56.0620710" lon="10.1485310">
    <ele>57.8</ele>
   </trkpt>
   <trkpt lat="56.0620420" lon="10.1484860">
    <ele>58.0</ele>
   </trkpt>
   <trkpt lat="56.0620130" lon="10.1484400">
    <ele>58.0</ele>
   </trkpt>
   <trkpt lat="56.0619830" lon="10.1483930">
    <ele>58.0</ele>
   </trkpt>
   <trkpt lat="56.0619510" lon="10.1483450">
    <ele>58.0</ele>
   </trkpt>
   <trkpt lat="56.0619220" lon="10.1482980">
    <ele>58.0</ele>
   </trkpt>
   <trkpt lat="56.0618900" lon="10.1482580">
    <ele>58.0</ele>
   </trkpt>
   <trkpt lat="56.0618590" lon="10.1482150">
    <ele>58.0</ele>
   </trkpt>
   <trkpt lat="56.0618290" lon="10.1481720">
    <ele>58.0</ele>
   </trkpt>
   <trkpt lat="56.0617980" lon="10.1481280">
    <ele>58.0</ele>
   </trkpt>
   <trkpt lat="56.0617640" lon="10.1480860">
    <ele>58.0</ele>
   </trkpt>
   <trkpt lat="56.0617290" lon="10.1480460">
    <ele>58.0</ele>
   </trkpt>
   <trkpt lat="56.0616940" lon="10.1480050">
    <ele>58.0</ele>
   </trkpt>
   <trkpt lat="56.0616590" lon="10.1479600">
    <ele>58.0</ele>
   </trkpt>
   <trkpt lat="56.0616240" lon="10.1479170">
    <ele>58.0</ele>
   </trkpt>
   <trkpt lat="56.0615880" lon="10.1478750">
    <ele>58.0</ele>
   </trkpt>
   <trkpt lat="56.0615520" lon="10.1478360">
    <ele>58.2</ele>
   </trkpt>
   <trkpt lat="56.0615170" lon="10.1478020">
    <ele>58.2</ele>
   </trkpt>
   <trkpt lat="56.0614810" lon="10.1477760">
    <ele>58.2</ele>
   </trkpt>
   <trkpt lat="56.0614410" lon="10.1477710">
    <ele>58.2</ele>
   </trkpt>
   <trkpt lat="56.0614000" lon="10.1477930">
    <ele>58.2</ele>
   </trkpt>
   <trkpt lat="56.0613600" lon="10.1478350">
    <ele>58.2</ele>
   </trkpt>
   <trkpt lat="56.0613210" lon="10.1478880">
    <ele>58.2</ele>
   </trkpt>
   <trkpt lat="56.0612800" lon="10.1479470">
    <ele>58.2</ele>
   </trkpt>
   <trkpt lat="56.0612380" lon="10.1480120">
    <ele>58.2</ele>
   </trkpt>
   <trkpt lat="56.0611950" lon="10.1480760">
    <ele>58.2</ele>
   </trkpt>
   <trkpt lat="56.0611500" lon="10.1481410">
    <ele>58.2</ele>
   </trkpt>
   <trkpt lat="56.0611030" lon="10.1482100">
    <ele>58.2</ele>
   </trkpt>
   <trkpt lat="56.0610540" lon="10.1482750">
    <ele>58.2</ele>
   </trkpt>
   <trkpt lat="56.0610050" lon="10.1483420">
    <ele>58.2</ele>
   </trkpt>
   <trkpt lat="56.0609530" lon="10.1484140">
    <ele>58.2</ele>
   </trkpt>
   <trkpt lat="56.0609000" lon="10.1484850">
    <ele>58.2</ele>
   </trkpt>
   <trkpt lat="56.0608430" lon="10.1485510">
    <ele>58.2</ele>
   </trkpt>
   <trkpt lat="56.0607840" lon="10.1486170">
    <ele>58.0</ele>
   </trkpt>
   <trkpt lat="56.0607260" lon="10.1486830">
    <ele>58.0</ele>
   </trkpt>
   <trkpt lat="56.0606670" lon="10.1487500">
    <ele>58.0</ele>
   </trkpt>
   <trkpt lat="56.0606090" lon="10.1488190">
    <ele>58.0</ele>
   </trkpt>
   <trkpt lat="56.0605480" lon="10.1488890">
    <ele>58.0</ele>
   </trkpt>
   <trkpt lat="56.0604870" lon="10.1489610">
    <ele>58.0</ele>
   </trkpt>
   <trkpt lat="56.0604270" lon="10.1490370">
    <ele>58.0</ele>
   </trkpt>
   <trkpt lat="56.0603670" lon="10.1491150">
    <ele>58.0</ele>
   </trkpt>
   <trkpt lat="56.0603090" lon="10.1491950">
    <ele>58.0</ele>
   </trkpt>
   <trkpt lat="56.0602500" lon="10.1492770">
    <ele>58.0</ele>
   </trkpt>
   <trkpt lat="56.0601920" lon="10.1493590">
    <ele>58.0</ele>
   </trkpt>
   <trkpt lat="56.0601360" lon="10.1494440">
    <ele>58.0</ele>
   </trkpt>
   <trkpt lat="56.0600810" lon="10.1495280">
    <ele>58.0</ele>
   </trkpt>
   <trkpt lat="56.0600270" lon="10.1496130">
    <ele>58.0</ele>
   </trkpt>
   <trkpt lat="56.0599750" lon="10.1497010">
    <ele>58.0</ele>
   </trkpt>
   <trkpt lat="56.0599250" lon="10.1497890">
    <ele>58.0</ele>
   </trkpt>
   <trkpt lat="56.0598730" lon="10.1498780">
    <ele>58.0</ele>
   </trkpt>
   <trkpt lat="56.0598240" lon="10.1499660">
    <ele>58.0</ele>
   </trkpt>
   <trkpt lat="56.0597750" lon="10.1500510">
    <ele>58.0</ele>
   </trkpt>
   <trkpt lat="56.0597280" lon="10.1501400">
    <ele>58.0</ele>
   </trkpt>
   <trkpt lat="56.0596830" lon="10.1502340">
    <ele>58.0</ele>
   </trkpt>
   <trkpt lat="56.0596390" lon="10.1503260">
    <ele>58.0</ele>
   </trkpt>
   <trkpt lat="56.0595950" lon="10.1504170">
    <ele>58.0</ele>
   </trkpt>
   <trkpt lat="56.0595520" lon="10.1505100">
    <ele>58.0</ele>
   </trkpt>
   <trkpt lat="56.0595090" lon="10.1506030">
    <ele>58.0</ele>
   </trkpt>
   <trkpt lat="56.0594670" lon="10.1506960">
    <ele>58.0</ele>
   </trkpt>
   <trkpt lat="56.0594260" lon="10.1507920">
    <ele>58.0</ele>
   </trkpt>
   <trkpt lat="56.0593830" lon="10.1508870">
    <ele>58.0</ele>
   </trkpt>
   <trkpt lat="56.0593400" lon="10.1509840">
    <ele>58.0</ele>
   </trkpt>
   <trkpt lat="56.0592960" lon="10.1510890">
    <ele>58.0</ele>
   </trkpt>
   <trkpt lat="56.0592550" lon="10.1511980">
    <ele>58.0</ele>
   </trkpt>
   <trkpt lat="56.0592180" lon="10.1513100">
    <ele>58.0</ele>
   </trkpt>
   <trkpt lat="56.0591820" lon="10.1514230">
    <ele>58.0</ele>
   </trkpt>
   <trkpt lat="56.0591470" lon="10.1515300">
    <ele>58.0</ele>
   </trkpt>
   <trkpt lat="56.0591150" lon="10.1516300">
    <ele>58.0</ele>
   </trkpt>
   <trkpt lat="56.0590880" lon="10.1517280">
    <ele>58.0</ele>
   </trkpt>
   <trkpt lat="56.0590680" lon="10.1518310">
    <ele>58.0</ele>
   </trkpt>
   <trkpt lat="56.0590540" lon="10.1519360">
    <ele>58.0</ele>
   </trkpt>
   <trkpt lat="56.0590420" lon="10.1520430">
    <ele>58.0</ele>
   </trkpt>
   <trkpt lat="56.0590280" lon="10.1521510">
    <ele>58.2</ele>
   </trkpt>
   <trkpt lat="56.0590060" lon="10.1522580">
    <ele>58.2</ele>
   </trkpt>
   <trkpt lat="56.0589740" lon="10.1523560">
    <ele>58.2</ele>
   </trkpt>
   <trkpt lat="56.0589360" lon="10.1524450">
    <ele>58.2</ele>
   </trkpt>
   <trkpt lat="56.0588920" lon="10.1525310">
    <ele>58.2</ele>
   </trkpt>
   <trkpt lat="56.0588480" lon="10.1526150">
    <ele>58.2</ele>
   </trkpt>
   <trkpt lat="56.0588030" lon="10.1526980">
    <ele>58.2</ele>
   </trkpt>
   <trkpt lat="56.0587570" lon="10.1527810">
    <ele>58.2</ele>
   </trkpt>
   <trkpt lat="56.0587120" lon="10.1528660">
    <ele>58.2</ele>
   </trkpt>
   <trkpt lat="56.0586680" lon="10.1529530">
    <ele>58.2</ele>
   </trkpt>
   <trkpt lat="56.0586250" lon="10.1530420">
    <ele>58.2</ele>
   </trkpt>
   <trkpt lat="56.0585840" lon="10.1531310">
    <ele>58.2</ele>
   </trkpt>
   <trkpt lat="56.0585430" lon="10.1532200">
    <ele>58.2</ele>
   </trkpt>
   <trkpt lat="56.0585030" lon="10.1533080">
    <ele>58.2</ele>
   </trkpt>
   <trkpt lat="56.0584630" lon="10.1533960">
    <ele>58.2</ele>
   </trkpt>
   <trkpt lat="56.0584210" lon="10.1534840">
    <ele>58.2</ele>
   </trkpt>
   <trkpt lat="56.0583800" lon="10.1535730">
    <ele>58.2</ele>
   </trkpt>
   <trkpt lat="56.0583360" lon="10.1536590">
    <ele>58.2</ele>
   </trkpt>
   <trkpt lat="56.0582860" lon="10.1537370">
    <ele>58.2</ele>
   </trkpt>
   <trkpt lat="56.0582320" lon="10.1538060">
    <ele>58.2</ele>
   </trkpt>
   <trkpt lat="56.0581730" lon="10.1538670">
    <ele>58.2</ele>
   </trkpt>
   <trkpt lat="56.0581120" lon="10.1539160">
    <ele>58.2</ele>
   </trkpt>
   <trkpt lat="56.0580490" lon="10.1539540">
    <ele>58.2</ele>
   </trkpt>
   <trkpt lat="56.0579880" lon="10.1539910">
    <ele>58.2</ele>
   </trkpt>
   <trkpt lat="56.0579290" lon="10.1540240">
    <ele>58.2</ele>
   </trkpt>
   <trkpt lat="56.0578710" lon="10.1540550">
    <ele>58.2</ele>
   </trkpt>
   <trkpt lat="56.0578160" lon="10.1540860">
    <ele>58.2</ele>
   </trkpt>
   <trkpt lat="56.0577630" lon="10.1541230">
    <ele>58.2</ele>
   </trkpt>
   <trkpt lat="56.0577120" lon="10.1541680">
    <ele>58.2</ele>
   </trkpt>
   <trkpt lat="56.0576620" lon="10.1542220">
    <ele>58.2</ele>
   </trkpt>
   <trkpt lat="56.0576200" lon="10.1542900">
    <ele>58.2</ele>
   </trkpt>
   <trkpt lat="56.0575830" lon="10.1543720">
    <ele>58.2</ele>
   </trkpt>
   <trkpt lat="56.0575530" lon="10.1544620">
    <ele>58.2</ele>
   </trkpt>
   <trkpt lat="56.0575320" lon="10.1545580">
    <ele>58.2</ele>
   </trkpt>
   <trkpt lat="56.0575210" lon="10.1546550">
    <ele>58.2</ele>
   </trkpt>
   <trkpt lat="56.0575210" lon="10.1547460">
    <ele>58.2</ele>
   </trkpt>
   <trkpt lat="56.0575230" lon="10.1548250">
    <ele>58.2</ele>
   </trkpt>
   <trkpt lat="56.0575190" lon="10.1548920">
    <ele>58.0</ele>
   </trkpt>
   <trkpt lat="56.0574990" lon="10.1549420">
    <ele>58.0</ele>
   </trkpt>
   <trkpt lat="56.0574670" lon="10.1549690">
    <ele>58.0</ele>
   </trkpt>
   <trkpt lat="56.0574310" lon="10.1549820">
    <ele>58.0</ele>
   </trkpt>
   <trkpt lat="56.0573940" lon="10.1549880">
    <ele>58.0</ele>
   </trkpt>
   <trkpt lat="56.0573560" lon="10.1549950">
    <ele>58.0</ele>
   </trkpt>
   <trkpt lat="56.0573160" lon="10.1550060">
    <ele>58.0</ele>
   </trkpt>
   <trkpt lat="56.0572740" lon="10.1550190">
    <ele>57.8</ele>
   </trkpt>
   <trkpt lat="56.0572330" lon="10.1550320">
    <ele>57.8</ele>
   </trkpt>
   <trkpt lat="56.0571930" lon="10.1550430">
    <ele>57.8</ele>
   </trkpt>
   <trkpt lat="56.0571520" lon="10.1550490">
    <ele>57.6</ele>
   </trkpt>
   <trkpt lat="56.0571100" lon="10.1550550">
    <ele>57.6</ele>
   </trkpt>
   <trkpt lat="56.0570660" lon="10.1550640">
    <ele>57.6</ele>
   </trkpt>
   <trkpt lat="56.0570220" lon="10.1550730">
    <ele>57.6</ele>
   </trkpt>
   <trkpt lat="56.0569770" lon="10.1550760">
    <ele>57.6</ele>
   </trkpt>
   <trkpt lat="56.0569340" lon="10.1550770">
    <ele>57.6</ele>
   </trkpt>
   <trkpt lat="56.0568880" lon="10.1550830">
    <ele>57.6</ele>
   </trkpt>
   <trkpt lat="56.0568430" lon="10.1550900">
    <ele>57.6</ele>
   </trkpt>
   <trkpt lat="56.0567970" lon="10.1550920">
    <ele>57.6</ele>
   </trkpt>
   <trkpt lat="56.0567510" lon="10.1550910">
    <ele>57.6</ele>
   </trkpt>
   <trkpt lat="56.0567040" lon="10.1550920">
    <ele>57.6</ele>
   </trkpt>
   <trkpt lat="56.0566560" lon="10.1550910">
    <ele>57.6</ele>
   </trkpt>
   <trkpt lat="56.0566070" lon="10.1550890">
    <ele>57.6</ele>
   </trkpt>
   <trkpt lat="56.0565570" lon="10.1550860">
    <ele>57.6</ele>
   </trkpt>
   <trkpt lat="56.0565090" lon="10.1550830">
    <ele>57.6</ele>
   </trkpt>
   <trkpt lat="56.0564600" lon="10.1550800">
    <ele>57.6</ele>
   </trkpt>
   <trkpt lat="56.0564100" lon="10.1550710">
    <ele>57.6</ele>
   </trkpt>
   <trkpt lat="56.0563600" lon="10.1550620">
    <ele>57.6</ele>
   </trkpt>
   <trkpt lat="56.0563090" lon="10.1550500">
    <ele>57.6</ele>
   </trkpt>
   <trkpt lat="56.0562600" lon="10.1550340">
    <ele>57.6</ele>
   </trkpt>
   <trkpt lat="56.0562090" lon="10.1550200">
    <ele>57.6</ele>
   </trkpt>
   <trkpt lat="56.0561580" lon="10.1550040">
    <ele>57.6</ele>
   </trkpt>
   <trkpt lat="56.0561070" lon="10.1549910">
    <ele>57.6</ele>
   </trkpt>
   <trkpt lat="56.0560560" lon="10.1549780">
    <ele>57.6</ele>
   </trkpt>
   <trkpt lat="56.0560060" lon="10.1549610">
    <ele>57.6</ele>
   </trkpt>
   <trkpt lat="56.0559560" lon="10.1549420">
    <ele>57.6</ele>
   </trkpt>
   <trkpt lat="56.0559070" lon="10.1549230">
    <ele>57.6</ele>
   </trkpt>
   <trkpt lat="56.0558570" lon="10.1549050">
    <ele>57.6</ele>
   </trkpt>
   <trkpt lat="56.0558070" lon="10.1548860">
    <ele>57.6</ele>
   </trkpt>
   <trkpt lat="56.0557570" lon="10.1548630">
    <ele>57.6</ele>
   </trkpt>
   <trkpt lat="56.0557070" lon="10.1548380">
    <ele>57.6</ele>
   </trkpt>
   <trkpt lat="56.0556580" lon="10.1548140">
    <ele>57.6</ele>
   </trkpt>
   <trkpt lat="56.0556070" lon="10.1547900">
    <ele>57.6</ele>
   </trkpt>
   <trkpt lat="56.0555550" lon="10.1547650">
    <ele>57.8</ele>
   </trkpt>
   <trkpt lat="56.0555030" lon="10.1547420">
    <ele>57.8</ele>
   </trkpt>
   <trkpt lat="56.0554510" lon="10.1547210">
    <ele>57.8</ele>
   </trkpt>
   <trkpt lat="56.0553990" lon="10.1546950">
    <ele>57.8</ele>
   </trkpt>
   <trkpt lat="56.0553490" lon="10.1546690">
    <ele>57.8</ele>
   </trkpt>
   <trkpt lat="56.0552980" lon="10.1546410">
    <ele>57.8</ele>
   </trkpt>
   <trkpt lat="56.0552470" lon="10.1546140">
    <ele>57.8</ele>
   </trkpt>
   <trkpt lat="56.0551980" lon="10.1545860">
    <ele>57.8</ele>
   </trkpt>
   <trkpt lat="56.0551500" lon="10.1545550">
    <ele>57.8</ele>
   </trkpt>
   <trkpt lat="56.0551030" lon="10.1545270">
    <ele>57.8</ele>
   </trkpt>
   <trkpt lat="56.0550550" lon="10.1545020">
    <ele>57.8</ele>
   </trkpt>
   <trkpt lat="56.0550070" lon="10.1544730">
    <ele>57.8</ele>
   </trkpt>
   <trkpt lat="56.0549600" lon="10.1544420">
    <ele>57.8</ele>
   </trkpt>
   <trkpt lat="56.0549130" lon="10.1544110">
    <ele>57.8</ele>
   </trkpt>
   <trkpt lat="56.0548670" lon="10.1543790">
    <ele>58.0</ele>
   </trkpt>
   <trkpt lat="56.0548220" lon="10.1543420">
    <ele>58.0</ele>
   </trkpt>
   <trkpt lat="56.0547770" lon="10.1543080">
    <ele>58.0</ele>
   </trkpt>
   <trkpt lat="56.0547320" lon="10.1542750">
    <ele>58.0</ele>
   </trkpt>
   <trkpt lat="56.0546870" lon="10.1542480">
    <ele>58.2</ele>
   </trkpt>
   <trkpt lat="56.0546440" lon="10.1542170">
    <ele>58.2</ele>
   </trkpt>
   <trkpt lat="56.0545980" lon="10.1541830">
    <ele>58.2</ele>
   </trkpt>
   <trkpt lat="56.0545520" lon="10.1541500">
    <ele>58.2</ele>
   </trkpt>
   <trkpt lat="56.0545050" lon="10.1541170">
    <ele>58.2</ele>
   </trkpt>
   <trkpt lat="56.0544570" lon="10.1540850">
    <ele>58.2</ele>
   </trkpt>
   <trkpt lat="56.0544100" lon="10.1540540">
    <ele>58.2</ele>
   </trkpt>
   <trkpt lat="56.0543650" lon="10.1540220">
    <ele>58.2</ele>
   </trkpt>
   <trkpt lat="56.0543180" lon="10.1539900">
    <ele>58.4</ele>
   </trkpt>
   <trkpt lat="56.0542700" lon="10.1539590">
    <ele>58.4</ele>
   </trkpt>
   <trkpt lat="56.0542210" lon="10.1539270">
    <ele>58.4</ele>
   </trkpt>
   <trkpt lat="56.0541720" lon="10.1538980">
    <ele>58.4</ele>
   </trkpt>
   <trkpt lat="56.0541210" lon="10.1538680">
    <ele>58.4</ele>
   </trkpt>
   <trkpt lat="56.0540710" lon="10.1538360">
    <ele>58.4</ele>
   </trkpt>
   <trkpt lat="56.0540210" lon="10.1538030">
    <ele>58.4</ele>
   </trkpt>
   <trkpt lat="56.0539710" lon="10.1537720">
    <ele>58.6</ele>
   </trkpt>
   <trkpt lat="56.0539190" lon="10.1537390">
    <ele>58.6</ele>
   </trkpt>
   <trkpt lat="56.0538680" lon="10.1537070">
    <ele>58.6</ele>
   </trkpt>
   <trkpt lat="56.0538150" lon="10.1536750">
    <ele>58.6</ele>
   </trkpt>
   <trkpt lat="56.0537620" lon="10.1536410">
    <ele>58.6</ele>
   </trkpt>
   <trkpt lat="56.0537080" lon="10.1536050">
    <ele>58.8</ele>
   </trkpt>
   <trkpt lat="56.0536530" lon="10.1535700">
    <ele>58.8</ele>
   </trkpt>
   <trkpt lat="56.0535950" lon="10.1535330">
    <ele>58.8</ele>
   </trkpt>
   <trkpt lat="56.0535360" lon="10.1534900">
    <ele>58.8</ele>
   </trkpt>
   <trkpt lat="56.0534780" lon="10.1534530">
    <ele>58.8</ele>
   </trkpt>
   <trkpt lat="56.0534170" lon="10.1534160">
    <ele>58.8</ele>
   </trkpt>
   <trkpt lat="56.0533550" lon="10.1533830">
    <ele>58.8</ele>
   </trkpt>
   <trkpt lat="56.0532910" lon="10.1533490">
    <ele>58.8</ele>
   </trkpt>
   <trkpt lat="56.0532280" lon="10.1533150">
    <ele>59.0</ele>
   </trkpt>
   <trkpt lat="56.0531670" lon="10.1532780">
    <ele>59.0</ele>
   </trkpt>
   <trkpt lat="56.0531080" lon="10.1532420">
    <ele>59.0</ele>
   </trkpt>
   <trkpt lat="56.0530470" lon="10.1532090">
    <ele>59.0</ele>
   </trkpt>
   <trkpt lat="56.0529880" lon="10.1531770">
    <ele>59.0</ele>
   </trkpt>
   <trkpt lat="56.0529290" lon="10.1531400">
    <ele>59.0</ele>
   </trkpt>
   <trkpt lat="56.0528720" lon="10.1530950">
    <ele>59.2</ele>
   </trkpt>
   <trkpt lat="56.0528160" lon="10.1530410">
    <ele>59.2</ele>
   </trkpt>
   <trkpt lat="56.0527620" lon="10.1529840">
    <ele>59.2</ele>
   </trkpt>
   <trkpt lat="56.0527080" lon="10.1529320">
    <ele>59.2</ele>
   </trkpt>
   <trkpt lat="56.0526530" lon="10.1528810">
    <ele>59.2</ele>
   </trkpt>
   <trkpt lat="56.0525990" lon="10.1528310">
    <ele>59.2</ele>
   </trkpt>
   <trkpt lat="56.0525440" lon="10.1527810">
    <ele>59.2</ele>
   </trkpt>
   <trkpt lat="56.0524860" lon="10.1527310">
    <ele>59.4</ele>
   </trkpt>
   <trkpt lat="56.0524280" lon="10.1526780">
    <ele>59.4</ele>
   </trkpt>
   <trkpt lat="56.0523710" lon="10.1526260">
    <ele>59.4</ele>
   </trkpt>
   <trkpt lat="56.0523120" lon="10.1525770">
    <ele>59.4</ele>
   </trkpt>
   <trkpt lat="56.0522540" lon="10.1525270">
    <ele>59.4</ele>
   </trkpt>
   <trkpt lat="56.0521950" lon="10.1524800">
    <ele>59.4</ele>
   </trkpt>
   <trkpt lat="56.0521360" lon="10.1524330">
    <ele>59.4</ele>
   </trkpt>
   <trkpt lat="56.0520760" lon="10.1523880">
    <ele>59.4</ele>
   </trkpt>
   <trkpt lat="56.0520160" lon="10.1523470">
    <ele>59.4</ele>
   </trkpt>
   <trkpt lat="56.0519560" lon="10.1523100">
    <ele>59.4</ele>
   </trkpt>
   <trkpt lat="56.0518950" lon="10.1522720">
    <ele>59.4</ele>
   </trkpt>
   <trkpt lat="56.0518370" lon="10.1522310">
    <ele>59.4</ele>
   </trkpt>
   <trkpt lat="56.0517800" lon="10.1521890">
    <ele>59.6</ele>
   </trkpt>
   <trkpt lat="56.0517210" lon="10.1521490">
    <ele>59.6</ele>
   </trkpt>
   <trkpt lat="56.0516620" lon="10.1521110">
    <ele>59.6</ele>
   </trkpt>
   <trkpt lat="56.0516020" lon="10.1520710">
    <ele>59.6</ele>
   </trkpt>
   <trkpt lat="56.0515440" lon="10.1520260">
    <ele>59.6</ele>
   </trkpt>
   <trkpt lat="56.0514860" lon="10.1519770">
    <ele>59.6</ele>
   </trkpt>
   <trkpt lat="56.0514310" lon="10.1519280">
    <ele>59.6</ele>
   </trkpt>
   <trkpt lat="56.0513780" lon="10.1518760">
    <ele>59.6</ele>
   </trkpt>
   <trkpt lat="56.0513260" lon="10.1518230">
    <ele>59.6</ele>
   </trkpt>
   <trkpt lat="56.0512750" lon="10.1517670">
    <ele>59.6</ele>
   </trkpt>
   <trkpt lat="56.0512260" lon="10.1517060">
    <ele>59.6</ele>
   </trkpt>
   <trkpt lat="56.0511780" lon="10.1516450">
    <ele>59.6</ele>
   </trkpt>
   <trkpt lat="56.0511310" lon="10.1515840">
    <ele>59.6</ele>
   </trkpt>
   <trkpt lat="56.0510860" lon="10.1515200">
    <ele>59.6</ele>
   </trkpt>
   <trkpt lat="56.0510420" lon="10.1514560">
    <ele>59.6</ele>
   </trkpt>
   <trkpt lat="56.0509990" lon="10.1513920">
    <ele>59.6</ele>
   </trkpt>
   <trkpt lat="56.0509580" lon="10.1513270">
    <ele>59.8</ele>
   </trkpt>
   <trkpt lat="56.0509160" lon="10.1512630">
    <ele>59.8</ele>
   </trkpt>
   <trkpt lat="56.0508760" lon="10.1511970">
    <ele>59.8</ele>
   </trkpt>
   <trkpt lat="56.0508350" lon="10.1511350">
    <ele>59.8</ele>
   </trkpt>
   <trkpt lat="56.0507960" lon="10.1510770">
    <ele>59.8</ele>
   </trkpt>
   <trkpt lat="56.0507550" lon="10.1510210">
    <ele>59.8</ele>
   </trkpt>
   <trkpt lat="56.0507130" lon="10.1509690">
    <ele>59.8</ele>
   </trkpt>
   <trkpt lat="56.0506710" lon="10.1509190">
    <ele>59.8</ele>
   </trkpt>
   <trkpt lat="56.0506290" lon="10.1508720">
    <ele>59.8</ele>
   </trkpt>
   <trkpt lat="56.0505850" lon="10.1508350">
    <ele>59.8</ele>
   </trkpt>
   <trkpt lat="56.0505410" lon="10.1508030">
    <ele>60.0</ele>
   </trkpt>
   <trkpt lat="56.0504970" lon="10.1507770">
    <ele>60.0</ele>
   </trkpt>
   <trkpt lat="56.0504530" lon="10.1507570">
    <ele>60.0</ele>
   </trkpt>
   <trkpt lat="56.0504110" lon="10.1507400">
    <ele>60.0</ele>
   </trkpt>
   <trkpt lat="56.0503700" lon="10.1507260">
    <ele>60.0</ele>
   </trkpt>
   <trkpt lat="56.0503280" lon="10.1507160">
    <ele>60.0</ele>
   </trkpt>
   <trkpt lat="56.0502870" lon="10.1507080">
    <ele>60.0</ele>
   </trkpt>
   <trkpt lat="56.0502470" lon="10.1507020">
    <ele>60.2</ele>
   </trkpt>
   <trkpt lat="56.0502070" lon="10.1507000">
    <ele>60.2</ele>
   </trkpt>
   <trkpt lat="56.0501660" lon="10.1507010">
    <ele>60.2</ele>
   </trkpt>
   <trkpt lat="56.0501250" lon="10.1507090">
    <ele>60.2</ele>
   </trkpt>
   <trkpt lat="56.0500830" lon="10.1507230">
    <ele>60.2</ele>
   </trkpt>
   <trkpt lat="56.0500410" lon="10.1507420">
    <ele>60.4</ele>
   </trkpt>
   <trkpt lat="56.0499980" lon="10.1507690">
    <ele>60.4</ele>
   </trkpt>
   <trkpt lat="56.0499570" lon="10.1508060">
    <ele>60.4</ele>
   </trkpt>
   <trkpt lat="56.0499160" lon="10.1508490">
    <ele>60.4</ele>
   </trkpt>
   <trkpt lat="56.0498780" lon="10.1508990">
    <ele>60.4</ele>
   </trkpt>
   <trkpt lat="56.0498440" lon="10.1509550">
    <ele>60.4</ele>
   </trkpt>
   <trkpt lat="56.0498110" lon="10.1510130">
    <ele>60.4</ele>
   </trkpt>
   <trkpt lat="56.0497800" lon="10.1510710">
    <ele>60.4</ele>
   </trkpt>
   <trkpt lat="56.0497480" lon="10.1511270">
    <ele>60.4</ele>
   </trkpt>
   <trkpt lat="56.0497140" lon="10.1511850">
    <ele>60.4</ele>
   </trkpt>
   <trkpt lat="56.0496790" lon="10.1512480">
    <ele>60.4</ele>
   </trkpt>
   <trkpt lat="56.0496450" lon="10.1513140">
    <ele>60.4</ele>
   </trkpt>
   <trkpt lat="56.0496080" lon="10.1513800">
    <ele>60.4</ele>
   </trkpt>
   <trkpt lat="56.0495720" lon="10.1514450">
    <ele>60.4</ele>
   </trkpt>
   <trkpt lat="56.0495320" lon="10.1515040">
    <ele>60.4</ele>
   </trkpt>
   <trkpt lat="56.0494870" lon="10.1515500">
    <ele>60.4</ele>
   </trkpt>
   <trkpt lat="56.0494400" lon="10.1515920">
    <ele>60.4</ele>
   </trkpt>
   <trkpt lat="56.0493930" lon="10.1516310">
    <ele>60.4</ele>
   </trkpt>
   <trkpt lat="56.0493480" lon="10.1516580">
    <ele>60.4</ele>
   </trkpt>
   <trkpt lat="56.0493020" lon="10.1516810">
    <ele>60.4</ele>
   </trkpt>
   <trkpt lat="56.0492530" lon="10.1517050">
    <ele>60.4</ele>
   </trkpt>
   <trkpt lat="56.0492040" lon="10.1517210">
    <ele>60.4</ele>
   </trkpt>
   <trkpt lat="56.0491560" lon="10.1517370">
    <ele>60.4</ele>
   </trkpt>
   <trkpt lat="56.0491070" lon="10.1517470">
    <ele>60.4</ele>
   </trkpt>
   <trkpt lat="56.0490590" lon="10.1517610">
    <ele>60.4</ele>
   </trkpt>
   <trkpt lat="56.0490130" lon="10.1517780">
    <ele>60.4</ele>
   </trkpt>
   <trkpt lat="56.0489660" lon="10.1517970">
    <ele>60.6</ele>
   </trkpt>
   <trkpt lat="56.0489180" lon="10.1518110">
    <ele>60.6</ele>
   </trkpt>
   <trkpt lat="56.0488710" lon="10.1518250">
    <ele>60.6</ele>
   </trkpt>
   <trkpt lat="56.0488250" lon="10.1518410">
    <ele>60.6</ele>
   </trkpt>
   <trkpt lat="56.0487800" lon="10.1518580">
    <ele>60.6</ele>
   </trkpt>
   <trkpt lat="56.0487360" lon="10.1518730">
    <ele>60.6</ele>
   </trkpt>
   <trkpt lat="56.0486930" lon="10.1518880">
    <ele>60.6</ele>
   </trkpt>
   <trkpt lat="56.0486520" lon="10.1519000">
    <ele>60.6</ele>
   </trkpt>
   <trkpt lat="56.0486130" lon="10.1519090">
    <ele>60.6</ele>
   </trkpt>
   <trkpt lat="56.0485760" lon="10.1519190">
    <ele>60.6</ele>
   </trkpt>
   <trkpt lat="56.0485410" lon="10.1519320">
    <ele>60.8</ele>
   </trkpt>
   <trkpt lat="56.0485060" lon="10.1519420">
    <ele>60.8</ele>
   </trkpt>
   <trkpt lat="56.0484700" lon="10.1519530">
    <ele>60.8</ele>
   </trkpt>
   <trkpt lat="56.0484340" lon="10.1519640">
    <ele>60.8</ele>
   </trkpt>
   <trkpt lat="56.0483980" lon="10.1519690">
    <ele>60.8</ele>
   </trkpt>
   <trkpt lat="56.0483610" lon="10.1519740">
    <ele>60.8</ele>
   </trkpt>
   <trkpt lat="56.0483220" lon="10.1519770">
    <ele>60.8</ele>
   </trkpt>
   <trkpt lat="56.0482800" lon="10.1519820">
    <ele>60.8</ele>
   </trkpt>
   <trkpt lat="56.0482380" lon="10.1519870">
    <ele>60.8</ele>
   </trkpt>
   <trkpt lat="56.0481960" lon="10.1519830">
    <ele>61.0</ele>
   </trkpt>
   <trkpt lat="56.0481550" lon="10.1519720">
    <ele>61.0</ele>
   </trkpt>
   <trkpt lat="56.0481140" lon="10.1519590">
    <ele>61.0</ele>
   </trkpt>
   <trkpt lat="56.0480740" lon="10.1519440">
    <ele>61.0</ele>
   </trkpt>
   <trkpt lat="56.0480340" lon="10.1519240">
    <ele>61.0</ele>
   </trkpt>
   <trkpt lat="56.0479960" lon="10.1518930">
    <ele>61.0</ele>
   </trkpt>
   <trkpt lat="56.0479590" lon="10.1518580">
    <ele>61.0</ele>
   </trkpt>
   <trkpt lat="56.0479200" lon="10.1518230">
    <ele>61.0</ele>
   </trkpt>
   <trkpt lat="56.0478800" lon="10.1517870">
    <ele>61.0</ele>
   </trkpt>
   <trkpt lat="56.0478420" lon="10.1517520">
    <ele>61.0</ele>
   </trkpt>
   <trkpt lat="56.0478050" lon="10.1517200">
    <ele>61.0</ele>
   </trkpt>
   <trkpt lat="56.0477700" lon="10.1516880">
    <ele>61.0</ele>
   </trkpt>
   <trkpt lat="56.0477370" lon="10.1516480">
    <ele>61.0</ele>
   </trkpt>
   <trkpt lat="56.0477110" lon="10.1515920">
    <ele>61.0</ele>
   </trkpt>
   <trkpt lat="56.0476910" lon="10.1515260">
    <ele>61.0</ele>
   </trkpt>
   <trkpt lat="56.0476670" lon="10.1514610">
    <ele>61.0</ele>
   </trkpt>
   <trkpt lat="56.0476370" lon="10.1514070">
    <ele>61.0</ele>
   </trkpt>
   <trkpt lat="56.0476010" lon="10.1513660">
    <ele>61.0</ele>
   </trkpt>
   <trkpt lat="56.0475610" lon="10.1513380">
    <ele>61.0</ele>
   </trkpt>
   <trkpt lat="56.0475210" lon="10.1513190">
    <ele>61.0</ele>
   </trkpt>
   <trkpt lat="56.0474790" lon="10.1513060">
    <ele>60.8</ele>
   </trkpt>
   <trkpt lat="56.0474340" lon="10.1512970">
    <ele>60.8</ele>
   </trkpt>
   <trkpt lat="56.0473890" lon="10.1512900">
    <ele>60.8</ele>
   </trkpt>
   <trkpt lat="56.0473450" lon="10.1512870">
    <ele>60.8</ele>
   </trkpt>
   <trkpt lat="56.0472980" lon="10.1512870">
    <ele>60.8</ele>
   </trkpt>
   <trkpt lat="56.0472490" lon="10.1512990">
    <ele>60.6</ele>
   </trkpt>
   <trkpt lat="56.0471980" lon="10.1513190">
    <ele>60.6</ele>
   </trkpt>
   <trkpt lat="56.0471460" lon="10.1513410">
    <ele>60.6</ele>
   </trkpt>
   <trkpt lat="56.0470950" lon="10.1513580">
    <ele>60.6</ele>
   </trkpt>
   <trkpt lat="56.0470430" lon="10.1513750">
    <ele>60.6</ele>
   </trkpt>
   <trkpt lat="56.0469880" lon="10.1513850">
    <ele>60.6</ele>
   </trkpt>
   <trkpt lat="56.0469310" lon="10.1513840">
    <ele>60.6</ele>
   </trkpt>
   <trkpt lat="56.0468730" lon="10.1513760">
    <ele>60.6</ele>
   </trkpt>
   <trkpt lat="56.0468170" lon="10.1513580">
    <ele>60.6</ele>
   </trkpt>
   <trkpt lat="56.0467630" lon="10.1513310">
    <ele>60.6</ele>
   </trkpt>
   <trkpt lat="56.0467110" lon="10.1512920">
    <ele>60.6</ele>
   </trkpt>
   <trkpt lat="56.0466650" lon="10.1512410">
    <ele>60.6</ele>
   </trkpt>
   <trkpt lat="56.0466220" lon="10.1511840">
    <ele>60.6</ele>
   </trkpt>
   <trkpt lat="56.0465810" lon="10.1511200">
    <ele>60.6</ele>
   </trkpt>
   <trkpt lat="56.0465420" lon="10.1510500">
    <ele>60.6</ele>
   </trkpt>
   <trkpt lat="56.0465050" lon="10.1509740">
    <ele>60.6</ele>
   </trkpt>
   <trkpt lat="56.0464720" lon="10.1508960">
    <ele>60.6</ele>
   </trkpt>
   <trkpt lat="56.0464440" lon="10.1508150">
    <ele>60.6</ele>
   </trkpt>
   <trkpt lat="56.0464180" lon="10.1507340">
    <ele>60.6</ele>
   </trkpt>
   <trkpt lat="56.0463910" lon="10.1506550">
    <ele>60.8</ele>
   </trkpt>
   <trkpt lat="56.0463640" lon="10.1505790">
    <ele>60.8</ele>
   </trkpt>
   <trkpt lat="56.0463370" lon="10.1505020">
    <ele>60.8</ele>
   </trkpt>
   <trkpt lat="56.0463090" lon="10.1504230">
    <ele>60.8</ele>
   </trkpt>
   <trkpt lat="56.0462770" lon="10.1503420">
    <ele>60.8</ele>
   </trkpt>
   <trkpt lat="56.0462440" lon="10.1502670">
    <ele>60.8</ele>
   </trkpt>
   <trkpt lat="56.0462090" lon="10.1501910">
    <ele>60.8</ele>
   </trkpt>
   <trkpt lat="56.0461720" lon="10.1501170">
    <ele>60.8</ele>
   </trkpt>
   <trkpt lat="56.0461330" lon="10.1500490">
    <ele>61.0</ele>
   </trkpt>
   <trkpt lat="56.0460940" lon="10.1499880">
    <ele>61.0</ele>
   </trkpt>
   <trkpt lat="56.0460540" lon="10.1499290">
    <ele>61.0</ele>
   </trkpt>
   <trkpt lat="56.0460140" lon="10.1498700">
    <ele>61.0</ele>
   </trkpt>
   <trkpt lat="56.0459740" lon="10.1498140">
    <ele>61.0</ele>
   </trkpt>
   <trkpt lat="56.0459370" lon="10.1497570">
    <ele>61.0</ele>
   </trkpt>
   <trkpt lat="56.0459020" lon="10.1496990">
    <ele>61.0</ele>
   </trkpt>
   <trkpt lat="56.0458680" lon="10.1496400">
    <ele>61.2</ele>
   </trkpt>
   <trkpt lat="56.0458350" lon="10.1495820">
    <ele>61.2</ele>
   </trkpt>
   <trkpt lat="56.0458020" lon="10.1495220">
    <ele>61.2</ele>
   </trkpt>
   <trkpt lat="56.0457710" lon="10.1494620">
    <ele>61.2</ele>
   </trkpt>
   <trkpt lat="56.0457390" lon="10.1493990">
    <ele>61.2</ele>
   </trkpt>
   <trkpt lat="56.0457070" lon="10.1493380">
    <ele>61.2</ele>
   </trkpt>
   <trkpt lat="56.0456770" lon="10.1492720">
    <ele>61.4</ele>
   </trkpt>
   <trkpt lat="56.0456500" lon="10.1492020">
    <ele>61.2</ele>
   </trkpt>
   <trkpt lat="56.0456240" lon="10.1491320">
    <ele>61.4</ele>
   </trkpt>
   <trkpt lat="56.0455950" lon="10.1490620">
    <ele>61.4</ele>
   </trkpt>
   <trkpt lat="56.0455640" lon="10.1489950">
    <ele>61.4</ele>
   </trkpt>
   <trkpt lat="56.0455330" lon="10.1489220">
    <ele>61.4</ele>
   </trkpt>
   <trkpt lat="56.0455040" lon="10.1488420">
    <ele>61.4</ele>
   </trkpt>
   <trkpt lat="56.0454720" lon="10.1487610">
    <ele>61.6</ele>
   </trkpt>
   <trkpt lat="56.0454390" lon="10.1486790">
    <ele>61.6</ele>
   </trkpt>
   <trkpt lat="56.0454050" lon="10.1486010">
    <ele>61.6</ele>
   </trkpt>
   <trkpt lat="56.0453680" lon="10.1485230">
    <ele>61.6</ele>
   </trkpt>
   <trkpt lat="56.0453270" lon="10.1484480">
    <ele>61.6</ele>
   </trkpt>
   <trkpt lat="56.0452860" lon="10.1483780">
    <ele>61.8</ele>
   </trkpt>
   <trkpt lat="56.0452450" lon="10.1483130">
    <ele>61.8</ele>
   </trkpt>
   <trkpt lat="56.0451990" lon="10.1482550">
    <ele>61.8</ele>
   </trkpt>
   <trkpt lat="56.0451520" lon="10.1482040">
    <ele>61.8</ele>
   </trkpt>
   <trkpt lat="56.0451060" lon="10.1481570">
    <ele>61.8</ele>
   </trkpt>
   <trkpt lat="56.0450610" lon="10.1481160">
    <ele>62.0</ele>
   </trkpt>
   <trkpt lat="56.0450150" lon="10.1480740">
    <ele>62.0</ele>
   </trkpt>
   <trkpt lat="56.0449680" lon="10.1480370">
    <ele>62.0</ele>
   </trkpt>
   <trkpt lat="56.0449180" lon="10.1480020">
    <ele>62.0</ele>
   </trkpt>
   <trkpt lat="56.0448680" lon="10.1479690">
    <ele>62.0</ele>
   </trkpt>
   <trkpt lat="56.0448170" lon="10.1479410">
    <ele>62.0</ele>
   </trkpt>
   <trkpt lat="56.0447650" lon="10.1479160">
    <ele>62.2</ele>
   </trkpt>
   <trkpt lat="56.0447120" lon="10.1478870">
    <ele>62.2</ele>
   </trkpt>
   <trkpt lat="56.0446610" lon="10.1478520">
    <ele>62.2</ele>
   </trkpt>
   <trkpt lat="56.0446090" lon="10.1478190">
    <ele>62.2</ele>
   </trkpt>
   <trkpt lat="56.0445580" lon="10.1477840">
    <ele>62.2</ele>
   </trkpt>
   <trkpt lat="56.0445070" lon="10.1477510">
    <ele>62.2</ele>
   </trkpt>
   <trkpt lat="56.0444560" lon="10.1477200">
    <ele>62.2</ele>
   </trkpt>
   <trkpt lat="56.0444050" lon="10.1476910">
    <ele>62.4</ele>
   </trkpt>
   <trkpt lat="56.0443550" lon="10.1476680">
    <ele>62.4</ele>
   </trkpt>
   <trkpt lat="56.0443050" lon="10.1476410">
    <ele>62.4</ele>
   </trkpt>
   <trkpt lat="56.0442560" lon="10.1476080">
    <ele>62.4</ele>
   </trkpt>
   <trkpt lat="56.0442080" lon="10.1475780">
    <ele>62.4</ele>
   </trkpt>
   <trkpt lat="56.0441610" lon="10.1475470">
    <ele>62.4</ele>
   </trkpt>
   <trkpt lat="56.0441130" lon="10.1475190">
    <ele>62.4</ele>
   </trkpt>
   <trkpt lat="56.0440660" lon="10.1474920">
    <ele>62.6</ele>
   </trkpt>
   <trkpt lat="56.0440190" lon="10.1474660">
    <ele>62.6</ele>
   </trkpt>
   <trkpt lat="56.0439730" lon="10.1474360">
    <ele>62.6</ele>
   </trkpt>
   <trkpt lat="56.0439280" lon="10.1474070">
    <ele>62.6</ele>
   </trkpt>
   <trkpt lat="56.0438850" lon="10.1473780">
    <ele>62.8</ele>
   </trkpt>
   <trkpt lat="56.0438450" lon="10.1473500">
    <ele>62.8</ele>
   </trkpt>
   <trkpt lat="56.0438050" lon="10.1473220">
    <ele>62.8</ele>
   </trkpt>
   <trkpt lat="56.0437650" lon="10.1472950">
    <ele>62.8</ele>
   </trkpt>
   <trkpt lat="56.0437270" lon="10.1472720">
    <ele>62.8</ele>
   </trkpt>
   <trkpt lat="56.0436870" lon="10.1472500">
    <ele>63.0</ele>
   </trkpt>
   <trkpt lat="56.0436490" lon="10.1472250">
    <ele>63.0</ele>
   </trkpt>
   <trkpt lat="56.0436110" lon="10.1472000">
    <ele>63.0</ele>
   </trkpt>
   <trkpt lat="56.0435730" lon="10.1471760">
    <ele>63.0</ele>
   </trkpt>
   <trkpt lat="56.0435360" lon="10.1471510">
    <ele>63.2</ele>
   </trkpt>
   <trkpt lat="56.0434990" lon="10.1471250">
    <ele>63.2</ele>
   </trkpt>
   <trkpt lat="56.0434620" lon="10.1471000">
    <ele>63.2</ele>
   </trkpt>
   <trkpt lat="56.0434260" lon="10.1470820">
    <ele>63.2</ele>
   </trkpt>
   <trkpt lat="56.0433920" lon="10.1470610">
    <ele>63.2</ele>
   </trkpt>
   <trkpt lat="56.0433560" lon="10.1470390">
    <ele>63.2</ele>
   </trkpt>
   <trkpt lat="56.0433190" lon="10.1470140">
    <ele>63.2</ele>
   </trkpt>
   <trkpt lat="56.0432800" lon="10.1469880">
    <ele>63.2</ele>
   </trkpt>
   <trkpt lat="56.0432400" lon="10.1469650">
    <ele>63.4</ele>
   </trkpt>
   <trkpt lat="56.0431970" lon="10.1469400">
    <ele>63.4</ele>
   </trkpt>
   <trkpt lat="56.0431530" lon="10.1469130">
    <ele>63.4</ele>
   </trkpt>
   <trkpt lat="56.0431060" lon="10.1468840">
    <ele>63.4</ele>
   </trkpt>
   <trkpt lat="56.0430580" lon="10.1468550">
    <ele>63.4</ele>
   </trkpt>
   <trkpt lat="56.0430090" lon="10.1468240">
    <ele>63.4</ele>
   </trkpt>
   <trkpt lat="56.0429590" lon="10.1467880">
    <ele>63.4</ele>
   </trkpt>
   <trkpt lat="56.0429080" lon="10.1467500">
    <ele>63.4</ele>
   </trkpt>
   <trkpt lat="56.0428550" lon="10.1467140">
    <ele>63.6</ele>
   </trkpt>
   <trkpt lat="56.0428020" lon="10.1466830">
    <ele>63.6</ele>
   </trkpt>
   <trkpt lat="56.0427490" lon="10.1466550">
    <ele>63.6</ele>
   </trkpt>
   <trkpt lat="56.0426970" lon="10.1466230">
    <ele>63.8</ele>
   </trkpt>
   <trkpt lat="56.0426470" lon="10.1465880">
    <ele>63.8</ele>
   </trkpt>
   <trkpt lat="56.0425970" lon="10.1465500">
    <ele>63.8</ele>
   </trkpt>
   <trkpt lat="56.0425450" lon="10.1465060">
    <ele>63.8</ele>
   </trkpt>
   <trkpt lat="56.0424930" lon="10.1464640">
    <ele>63.8</ele>
   </trkpt>
   <trkpt lat="56.0424360" lon="10.1464240">
    <ele>63.8</ele>
   </trkpt>
   <trkpt lat="56.0423810" lon="10.1463810">
    <ele>63.8</ele>
   </trkpt>
   <trkpt lat="56.0423260" lon="10.1463360">
    <ele>63.8</ele>
   </trkpt>
   <trkpt lat="56.0422710" lon="10.1462890">
    <ele>63.8</ele>
   </trkpt>
   <trkpt lat="56.0422170" lon="10.1462450">
    <ele>63.8</ele>
   </trkpt>
   <trkpt lat="56.0421600" lon="10.1461990">
    <ele>64.0</ele>
   </trkpt>
   <trkpt lat="56.0421030" lon="10.1461490">
    <ele>64.0</ele>
   </trkpt>
   <trkpt lat="56.0420480" lon="10.1461000">
    <ele>64.0</ele>
   </trkpt>
   <trkpt lat="56.0419940" lon="10.1460560">
    <ele>64.0</ele>
   </trkpt>
   <trkpt lat="56.0419390" lon="10.1460110">
    <ele>64.0</ele>
   </trkpt>
   <trkpt lat="56.0418840" lon="10.1459640">
    <ele>64.0</ele>
   </trkpt>
   <trkpt lat="56.0418300" lon="10.1459160">
    <ele>64.0</ele>
   </trkpt>
   <trkpt lat="56.0417750" lon="10.1458700">
    <ele>64.0</ele>
   </trkpt>
   <trkpt lat="56.0417220" lon="10.1458240">
    <ele>64.0</ele>
   </trkpt>
   <trkpt lat="56.0416690" lon="10.1457790">
    <ele>64.0</ele>
   </trkpt>
   <trkpt lat="56.0416150" lon="10.1457370">
    <ele>64.2</ele>
   </trkpt>
   <trkpt lat="56.0415640" lon="10.1456930">
    <ele>64.2</ele>
   </trkpt>
   <trkpt lat="56.0415140" lon="10.1456480">
    <ele>64.2</ele>
   </trkpt>
   <trkpt lat="56.0414620" lon="10.1456050">
    <ele>64.2</ele>
   </trkpt>
   <trkpt lat="56.0414100" lon="10.1455580">
    <ele>64.2</ele>
   </trkpt>
   <trkpt lat="56.0413590" lon="10.1455100">
    <ele>64.2</ele>
   </trkpt>
   <trkpt lat="56.0413070" lon="10.1454650">
    <ele>64.2</ele>
   </trkpt>
   <trkpt lat="56.0412540" lon="10.1454200">
    <ele>64.2</ele>
   </trkpt>
   <trkpt lat="56.0412020" lon="10.1453740">
    <ele>64.2</ele>
   </trkpt>
   <trkpt lat="56.0411500" lon="10.1453290">
    <ele>64.2</ele>
   </trkpt>
   <trkpt lat="56.0410990" lon="10.1452850">
    <ele>64.2</ele>
   </trkpt>
   <trkpt lat="56.0410460" lon="10.1452410">
    <ele>64.2</ele>
   </trkpt>
   <trkpt lat="56.0409950" lon="10.1451980">
    <ele>64.4</ele>
   </trkpt>
   <trkpt lat="56.0409470" lon="10.1451520">
    <ele>64.4</ele>
   </trkpt>
   <trkpt lat="56.0409000" lon="10.1451110">
    <ele>64.4</ele>
   </trkpt>
   <trkpt lat="56.0408510" lon="10.1450730">
    <ele>64.6</ele>
   </trkpt>
   <trkpt lat="56.0408020" lon="10.1450320">
    <ele>64.6</ele>
   </trkpt>
   <trkpt lat="56.0407520" lon="10.1449870">
    <ele>64.6</ele>
   </trkpt>
   <trkpt lat="56.0407030" lon="10.1449430">
    <ele>64.6</ele>
   </trkpt>
   <trkpt lat="56.0406530" lon="10.1449030">
    <ele>64.4</ele>
   </trkpt>
   <trkpt lat="56.0406030" lon="10.1448620">
    <ele>64.4</ele>
   </trkpt>
   <trkpt lat="56.0405520" lon="10.1448170">
    <ele>64.4</ele>
   </trkpt>
   <trkpt lat="56.0405000" lon="10.1447690">
    <ele>64.6</ele>
   </trkpt>
   <trkpt lat="56.0404450" lon="10.1447240">
    <ele>64.6</ele>
   </trkpt>
   <trkpt lat="56.0403890" lon="10.1446800">
    <ele>64.6</ele>
   </trkpt>
   <trkpt lat="56.0403330" lon="10.1446280">
    <ele>64.6</ele>
   </trkpt>
   <trkpt lat="56.0402760" lon="10.1445690">
    <ele>64.6</ele>
   </trkpt>
   <trkpt lat="56.0402190" lon="10.1445100">
    <ele>64.6</ele>
   </trkpt>
   <trkpt lat="56.0401600" lon="10.1444540">
    <ele>64.6</ele>
   </trkpt>
   <trkpt lat="56.0401010" lon="10.1443950">
    <ele>64.6</ele>
   </trkpt>
   <trkpt lat="56.0400440" lon="10.1443340">
    <ele>64.6</ele>
   </trkpt>
   <trkpt lat="56.0399890" lon="10.1442680">
    <ele>64.6</ele>
   </trkpt>
   <trkpt lat="56.0399350" lon="10.1442060">
    <ele>64.6</ele>
   </trkpt>
   <trkpt lat="56.0398800" lon="10.1441460">
    <ele>64.6</ele>
   </trkpt>
   <trkpt lat="56.0398250" lon="10.1440900">
    <ele>64.6</ele>
   </trkpt>
   <trkpt lat="56.0397700" lon="10.1440320">
    <ele>64.6</ele>
   </trkpt>
   <trkpt lat="56.0397160" lon="10.1439700">
    <ele>64.4</ele>
   </trkpt>
   <trkpt lat="56.0396640" lon="10.1439060">
    <ele>64.4</ele>
   </trkpt>
   <trkpt lat="56.0396110" lon="10.1438420">
    <ele>64.4</ele>
   </trkpt>
   <trkpt lat="56.0395570" lon="10.1437820">
    <ele>64.4</ele>
   </trkpt>
   <trkpt lat="56.0395030" lon="10.1437220">
    <ele>64.4</ele>
   </trkpt>
   <trkpt lat="56.0394500" lon="10.1436620">
    <ele>64.4</ele>
   </trkpt>
   <trkpt lat="56.0394000" lon="10.1436000">
    <ele>64.4</ele>
   </trkpt>
   <trkpt lat="56.0393500" lon="10.1435350">
    <ele>64.4</ele>
   </trkpt>
   <trkpt lat="56.0393000" lon="10.1434760">
    <ele>64.4</ele>
   </trkpt>
   <trkpt lat="56.0392480" lon="10.1434240">
    <ele>64.4</ele>
   </trkpt>
   <trkpt lat="56.0391940" lon="10.1433770">
    <ele>64.4</ele>
   </trkpt>
   <trkpt lat="56.0391410" lon="10.1433340">
    <ele>64.4</ele>
   </trkpt>
   <trkpt lat="56.0390840" lon="10.1432980">
    <ele>64.4</ele>
   </trkpt>
   <trkpt lat="56.0390280" lon="10.1432660">
    <ele>64.4</ele>
   </trkpt>
   <trkpt lat="56.0389700" lon="10.1432350">
    <ele>64.4</ele>
   </trkpt>
   <trkpt lat="56.0389100" lon="10.1432090">
    <ele>64.4</ele>
   </trkpt>
   <trkpt lat="56.0388470" lon="10.1431870">
    <ele>64.4</ele>
   </trkpt>
   <trkpt lat="56.0387830" lon="10.1431720">
    <ele>64.2</ele>
   </trkpt>
   <trkpt lat="56.0387190" lon="10.1431610">
    <ele>64.2</ele>
   </trkpt>
   <trkpt lat="56.0386530" lon="10.1431500">
    <ele>64.2</ele>
   </trkpt>
   <trkpt lat="56.0385860" lon="10.1431360">
    <ele>64.2</ele>
   </trkpt>
   <trkpt lat="56.0385180" lon="10.1431190">
    <ele>64.2</ele>
   </trkpt>
   <trkpt lat="56.0384500" lon="10.1431030">
    <ele>64.2</ele>
   </trkpt>
   <trkpt lat="56.0383820" lon="10.1430830">
    <ele>64.2</ele>
   </trkpt>
   <trkpt lat="56.0383150" lon="10.1430600">
    <ele>64.2</ele>
   </trkpt>
   <trkpt lat="56.0382500" lon="10.1430390">
    <ele>64.2</ele>
   </trkpt>
   <trkpt lat="56.0381860" lon="10.1430160">
    <ele>64.2</ele>
   </trkpt>
   <trkpt lat="56.0381230" lon="10.1429990">
    <ele>64.2</ele>
   </trkpt>
   <trkpt lat="56.0380600" lon="10.1429840">
    <ele>64.2</ele>
   </trkpt>
   <trkpt lat="56.0379990" lon="10.1429680">
    <ele>64.2</ele>
   </trkpt>
   <trkpt lat="56.0379390" lon="10.1429530">
    <ele>64.2</ele>
   </trkpt>
   <trkpt lat="56.0378810" lon="10.1429370">
    <ele>64.2</ele>
   </trkpt>
   <trkpt lat="56.0378240" lon="10.1429270">
    <ele>64.2</ele>
   </trkpt>
   <trkpt lat="56.0377680" lon="10.1429190">
    <ele>64.2</ele>
   </trkpt>
   <trkpt lat="56.0377110" lon="10.1429130">
    <ele>64.2</ele>
   </trkpt>
   <trkpt lat="56.0376520" lon="10.1429060">
    <ele>64.2</ele>
   </trkpt>
   <trkpt lat="56.0375920" lon="10.1429010">
    <ele>64.2</ele>
   </trkpt>
   <trkpt lat="56.0375310" lon="10.1429020">
    <ele>64.2</ele>
   </trkpt>
   <trkpt lat="56.0374690" lon="10.1429120">
    <ele>64.2</ele>
   </trkpt>
   <trkpt lat="56.0374090" lon="10.1429290">
    <ele>64.2</ele>
   </trkpt>
   <trkpt lat="56.0373490" lon="10.1429480">
    <ele>64.2</ele>
   </trkpt>
   <trkpt lat="56.0372870" lon="10.1429750">
    <ele>64.2</ele>
   </trkpt>
   <trkpt lat="56.0372260" lon="10.1430050">
    <ele>64.2</ele>
   </trkpt>
   <trkpt lat="56.0371650" lon="10.1430390">
    <ele>64.2</ele>
   </trkpt>
   <trkpt lat="56.0371030" lon="10.1430710">
    <ele>64.2</ele>
   </trkpt>
   <trkpt lat="56.0370410" lon="10.1430970">
    <ele>64.2</ele>
   </trkpt>
   <trkpt lat="56.0369810" lon="10.1431310">
    <ele>64.2</ele>
   </trkpt>
   <trkpt lat="56.0369180" lon="10.1431670">
    <ele>64.2</ele>
   </trkpt>
   <trkpt lat="56.0368550" lon="10.1432010">
    <ele>64.2</ele>
   </trkpt>
   <trkpt lat="56.0367890" lon="10.1432340">
    <ele>64.2</ele>
   </trkpt>
   <trkpt lat="56.0367200" lon="10.1432670">
    <ele>64.2</ele>
   </trkpt>
   <trkpt lat="56.0366480" lon="10.1433000">
    <ele>64.2</ele>
   </trkpt>
   <trkpt lat="56.0365730" lon="10.1433360">
    <ele>64.2</ele>
   </trkpt>
   <trkpt lat="56.0364970" lon="10.1433720">
    <ele>64.2</ele>
   </trkpt>
   <trkpt lat="56.0364220" lon="10.1434060">
    <ele>64.2</ele>
   </trkpt>
   <trkpt lat="56.0363480" lon="10.1434390">
    <ele>64.2</ele>
   </trkpt>
   <trkpt lat="56.0362760" lon="10.1434670">
    <ele>64.2</ele>
   </trkpt>
   <trkpt lat="56.0362080" lon="10.1434930">
    <ele>64.2</ele>
   </trkpt>
   <trkpt lat="56.0361420" lon="10.1435180">
    <ele>64.2</ele>
   </trkpt>
   <trkpt lat="56.0360800" lon="10.1435390">
    <ele>64.2</ele>
   </trkpt>
   <trkpt lat="56.0360180" lon="10.1435630">
    <ele>64.2</ele>
   </trkpt>
   <trkpt lat="56.0359560" lon="10.1435890">
    <ele>64.2</ele>
   </trkpt>
   <trkpt lat="56.0358900" lon="10.1436190">
    <ele>64.2</ele>
   </trkpt>
   <trkpt lat="56.0358250" lon="10.1436490">
    <ele>64.2</ele>
   </trkpt>
   <trkpt lat="56.0357580" lon="10.1436800">
    <ele>64.2</ele>
   </trkpt>
   <trkpt lat="56.0356890" lon="10.1437070">
    <ele>64.2</ele>
   </trkpt>
   <trkpt lat="56.0356190" lon="10.1437310">
    <ele>64.2</ele>
   </trkpt>
   <trkpt lat="56.0355500" lon="10.1437570">
    <ele>64.0</ele>
   </trkpt>
   <trkpt lat="56.0354800" lon="10.1437860">
    <ele>64.0</ele>
   </trkpt>
   <trkpt lat="56.0354100" lon="10.1438170">
    <ele>64.0</ele>
   </trkpt>
   <trkpt lat="56.0353390" lon="10.1438480">
    <ele>64.0</ele>
   </trkpt>
   <trkpt lat="56.0352670" lon="10.1438790">
    <ele>64.0</ele>
   </trkpt>
   <trkpt lat="56.0351970" lon="10.1439120">
    <ele>64.0</ele>
   </trkpt>
   <trkpt lat="56.0351250" lon="10.1439460">
    <ele>64.0</ele>
   </trkpt>
   <trkpt lat="56.0350510" lon="10.1439790">
    <ele>64.0</ele>
   </trkpt>
   <trkpt lat="56.0349760" lon="10.1440100">
    <ele>64.0</ele>
   </trkpt>
   <trkpt lat="56.0349020" lon="10.1440400">
    <ele>64.0</ele>
   </trkpt>
   <trkpt lat="56.0348300" lon="10.1440720">
    <ele>64.0</ele>
   </trkpt>
   <trkpt lat="56.0347590" lon="10.1441050">
    <ele>63.8</ele>
   </trkpt>
   <trkpt lat="56.0346860" lon="10.1441370">
    <ele>64.0</ele>
   </trkpt>
   <trkpt lat="56.0346100" lon="10.1441710">
    <ele>64.0</ele>
   </trkpt>
   <trkpt lat="56.0345310" lon="10.1442070">
    <ele>63.8</ele>
   </trkpt>
   <trkpt lat="56.0344490" lon="10.1442480">
    <ele>63.8</ele>
   </trkpt>
   <trkpt lat="56.0343660" lon="10.1442900">
    <ele>63.8</ele>
   </trkpt>
   <trkpt lat="56.0342840" lon="10.1443300">
    <ele>63.8</ele>
   </trkpt>
   <trkpt lat="56.0342030" lon="10.1443670">
    <ele>63.6</ele>
   </trkpt>
   <trkpt lat="56.0341240" lon="10.1444020">
    <ele>63.6</ele>
   </trkpt>
   <trkpt lat="56.0340460" lon="10.1444370">
    <ele>63.6</ele>
   </trkpt>
   <trkpt lat="56.0339690" lon="10.1444720">
    <ele>63.6</ele>
   </trkpt>
   <trkpt lat="56.0338930" lon="10.1445040">
    <ele>63.4</ele>
   </trkpt>
   <trkpt lat="56.0338190" lon="10.1445410">
    <ele>63.4</ele>
   </trkpt>
   <trkpt lat="56.0337450" lon="10.1445790">
    <ele>63.4</ele>
   </trkpt>
   <trkpt lat="56.0336720" lon="10.1446130">
    <ele>63.4</ele>
   </trkpt>
   <trkpt lat="56.0336000" lon="10.1446420">
    <ele>63.4</ele>
   </trkpt>
   <trkpt lat="56.0335290" lon="10.1446720">
    <ele>63.4</ele>
   </trkpt>
   <trkpt lat="56.0334600" lon="10.1446970">
    <ele>63.4</ele>
   </trkpt>
   <trkpt lat="56.0333940" lon="10.1447250">
    <ele>63.4</ele>
   </trkpt>
   <trkpt lat="56.0333280" lon="10.1447490">
    <ele>63.4</ele>
   </trkpt>
   <trkpt lat="56.0332610" lon="10.1447730">
    <ele>63.4</ele>
   </trkpt>
   <trkpt lat="56.0331920" lon="10.1447950">
    <ele>63.4</ele>
   </trkpt>
   <trkpt lat="56.0331220" lon="10.1448170">
    <ele>63.2</ele>
   </trkpt>
   <trkpt lat="56.0330540" lon="10.1448380">
    <ele>63.2</ele>
   </trkpt>
   <trkpt lat="56.0329850" lon="10.1448550">
    <ele>63.2</ele>
   </trkpt>
   <trkpt lat="56.0329180" lon="10.1448640">
    <ele>63.2</ele>
   </trkpt>
   <trkpt lat="56.0328510" lon="10.1448660">
    <ele>63.2</ele>
   </trkpt>
   <trkpt lat="56.0327830" lon="10.1448660">
    <ele>63.2</ele>
   </trkpt>
   <trkpt lat="56.0327160" lon="10.1448640">
    <ele>63.2</ele>
   </trkpt>
   <trkpt lat="56.0326490" lon="10.1448620">
    <ele>63.2</ele>
   </trkpt>
   <trkpt lat="56.0325840" lon="10.1448560">
    <ele>63.2</ele>
   </trkpt>
   <trkpt lat="56.0325190" lon="10.1448430">
    <ele>63.2</ele>
   </trkpt>
   <trkpt lat="56.0324550" lon="10.1448260">
    <ele>63.2</ele>
   </trkpt>
   <trkpt lat="56.0323910" lon="10.1448010">
    <ele>63.0</ele>
   </trkpt>
   <trkpt lat="56.0323300" lon="10.1447700">
    <ele>63.0</ele>
   </trkpt>
   <trkpt lat="56.0322670" lon="10.1447380">
    <ele>63.0</ele>
   </trkpt>
   <trkpt lat="56.0322050" lon="10.1447050">
    <ele>62.8</ele>
   </trkpt>
   <trkpt lat="56.0321420" lon="10.1446670">
    <ele>62.8</ele>
   </trkpt>
   <trkpt lat="56.0320810" lon="10.1446300">
    <ele>62.8</ele>
   </trkpt>
   <trkpt lat="56.0320200" lon="10.1445940">
    <ele>62.8</ele>
   </trkpt>
   <trkpt lat="56.0319600" lon="10.1445590">
    <ele>62.8</ele>
   </trkpt>
   <trkpt lat="56.0319030" lon="10.1445270">
    <ele>62.8</ele>
   </trkpt>
   <trkpt lat="56.0318500" lon="10.1444930">
    <ele>62.8</ele>
   </trkpt>
   <trkpt lat="56.0318000" lon="10.1444600">
    <ele>62.8</ele>
   </trkpt>
   <trkpt lat="56.0317520" lon="10.1444290">
    <ele>62.8</ele>
   </trkpt>
   <trkpt lat="56.0317050" lon="10.1443990">
    <ele>62.8</ele>
   </trkpt>
   <trkpt lat="56.0316590" lon="10.1443750">
    <ele>62.6</ele>
   </trkpt>
   <trkpt lat="56.0316100" lon="10.1443530">
    <ele>62.6</ele>
   </trkpt>
   <trkpt lat="56.0315590" lon="10.1443280">
    <ele>62.6</ele>
   </trkpt>
   <trkpt lat="56.0315050" lon="10.1442960">
    <ele>62.6</ele>
   </trkpt>
   <trkpt lat="56.0314500" lon="10.1442620">
    <ele>62.6</ele>
   </trkpt>
   <trkpt lat="56.0313950" lon="10.1442300">
    <ele>62.6</ele>
   </trkpt>
   <trkpt lat="56.0313380" lon="10.1441950">
    <ele>62.6</ele>
   </trkpt>
   <trkpt lat="56.0312810" lon="10.1441590">
    <ele>62.4</ele>
   </trkpt>
   <trkpt lat="56.0312220" lon="10.1441250">
    <ele>62.4</ele>
   </trkpt>
   <trkpt lat="56.0311660" lon="10.1440920">
    <ele>62.4</ele>
   </trkpt>
   <trkpt lat="56.0311100" lon="10.1440620">
    <ele>62.4</ele>
   </trkpt>
   <trkpt lat="56.0310540" lon="10.1440320">
    <ele>62.4</ele>
   </trkpt>
   <trkpt lat="56.0310000" lon="10.1440020">
    <ele>62.4</ele>
   </trkpt>
   <trkpt lat="56.0309470" lon="10.1439730">
    <ele>62.2</ele>
   </trkpt>
   <trkpt lat="56.0308950" lon="10.1439480">
    <ele>62.2</ele>
   </trkpt>
   <trkpt lat="56.0308430" lon="10.1439290">
    <ele>62.2</ele>
   </trkpt>
   <trkpt lat="56.0307930" lon="10.1439110">
    <ele>62.2</ele>
   </trkpt>
   <trkpt lat="56.0307430" lon="10.1438930">
    <ele>62.2</ele>
   </trkpt>
   <trkpt lat="56.0306920" lon="10.1438710">
    <ele>62.0</ele>
   </trkpt>
   <trkpt lat="56.0306390" lon="10.1438480">
    <ele>62.0</ele>
   </trkpt>
   <trkpt lat="56.0305830" lon="10.1438250">
    <ele>62.0</ele>
   </trkpt>
   <trkpt lat="56.0305230" lon="10.1438010">
    <ele>62.0</ele>
   </trkpt>
   <trkpt lat="56.0304600" lon="10.1437780">
    <ele>61.8</ele>
   </trkpt>
   <trkpt lat="56.0303950" lon="10.1437540">
    <ele>61.8</ele>
   </trkpt>
   <trkpt lat="56.0303290" lon="10.1437290">
    <ele>61.8</ele>
   </trkpt>
   <trkpt lat="56.0302630" lon="10.1437080">
    <ele>61.6</ele>
   </trkpt>
   <trkpt lat="56.0302020" lon="10.1436920">
    <ele>61.6</ele>
   </trkpt>
   <trkpt lat="56.0301430" lon="10.1436810">
    <ele>61.6</ele>
   </trkpt>
   <trkpt lat="56.0300900" lon="10.1436770">
    <ele>61.4</ele>
   </trkpt>
   <trkpt lat="56.0300470" lon="10.1437010">
    <ele>61.4</ele>
   </trkpt>
   <trkpt lat="56.0300220" lon="10.1437660">
    <ele>61.4</ele>
   </trkpt>
   <trkpt lat="56.0300080" lon="10.1438520">
    <ele>61.2</ele>
   </trkpt>
   <trkpt lat="56.0299930" lon="10.1439490">
    <ele>61.2</ele>
   </trkpt>
   <trkpt lat="56.0299780" lon="10.1440500">
    <ele>61.2</ele>
   </trkpt>
   <trkpt lat="56.0299620" lon="10.1441580">
    <ele>61.0</ele>
   </trkpt>
   <trkpt lat="56.0299450" lon="10.1442740">
    <ele>60.8</ele>
   </trkpt>
   <trkpt lat="56.0299310" lon="10.1443960">
    <ele>60.8</ele>
   </trkpt>
   <trkpt lat="56.0299200" lon="10.1445220">
    <ele>60.8</ele>
   </trkpt>
   <trkpt lat="56.0299100" lon="10.1446470">
    <ele>60.6</ele>
   </trkpt>
   <trkpt lat="56.0299030" lon="10.1447760">
    <ele>60.6</ele>
   </trkpt>
   <trkpt lat="56.0298970" lon="10.1449060">
    <ele>60.4</ele>
   </trkpt>
   <trkpt lat="56.0298900" lon="10.1450360">
    <ele>60.4</ele>
   </trkpt>
   <trkpt lat="56.0298820" lon="10.1451640">
    <ele>60.2</ele>
   </trkpt>
   <trkpt lat="56.0298760" lon="10.1452900">
    <ele>60.2</ele>
   </trkpt>
   <trkpt lat="56.0298700" lon="10.1454130">
    <ele>60.2</ele>
   </trkpt>
   <trkpt lat="56.0298650" lon="10.1455360">
    <ele>60.2</ele>
   </trkpt>
   <trkpt lat="56.0298600" lon="10.1456590">
    <ele>60.0</ele>
   </trkpt>
   <trkpt lat="56.0298570" lon="10.1457900">
    <ele>60.0</ele>
   </trkpt>
   <trkpt lat="56.0298550" lon="10.1459250">
    <ele>60.0</ele>
   </trkpt>
   <trkpt lat="56.0298590" lon="10.1460620">
    <ele>59.8</ele>
   </trkpt>
   <trkpt lat="56.0298660" lon="10.1462010">
    <ele>59.8</ele>
   </trkpt>
   <trkpt lat="56.0298760" lon="10.1463410">
    <ele>59.8</ele>
   </trkpt>
   <trkpt lat="56.0298890" lon="10.1464780">
    <ele>59.8</ele>
   </trkpt>
   <trkpt lat="56.0299010" lon="10.1466140">
    <ele>59.6</ele>
   </trkpt>
   <trkpt lat="56.0299090" lon="10.1467450">
    <ele>59.6</ele>
   </trkpt>
   <trkpt lat="56.0299140" lon="10.1468730">
    <ele>59.6</ele>
   </trkpt>
   <trkpt lat="56.0299170" lon="10.1470000">
    <ele>59.4</ele>
   </trkpt>
   <trkpt lat="56.0299190" lon="10.1471260">
    <ele>59.4</ele>
   </trkpt>
   <trkpt lat="56.0299220" lon="10.1472510">
    <ele>59.4</ele>
   </trkpt>
   <trkpt lat="56.0299250" lon="10.1473750">
    <ele>59.4</ele>
   </trkpt>
   <trkpt lat="56.0299300" lon="10.1474940">
    <ele>59.4</ele>
   </trkpt>
   <trkpt lat="56.0299350" lon="10.1476100">
    <ele>59.4</ele>
   </trkpt>
   <trkpt lat="56.0299430" lon="10.1477280">
    <ele>59.2</ele>
   </trkpt>
   <trkpt lat="56.0299540" lon="10.1478470">
    <ele>59.2</ele>
   </trkpt>
   <trkpt lat="56.0299660" lon="10.1479670">
    <ele>59.2</ele>
   </trkpt>
   <trkpt lat="56.0299810" lon="10.1480890">
    <ele>59.2</ele>
   </trkpt>
   <trkpt lat="56.0300010" lon="10.1482120">
    <ele>59.0</ele>
   </trkpt>
   <trkpt lat="56.0300230" lon="10.1483340">
    <ele>59.0</ele>
   </trkpt>
   <trkpt lat="56.0300450" lon="10.1484530">
    <ele>59.0</ele>
   </trkpt>
   <trkpt lat="56.0300680" lon="10.1485680">
    <ele>59.0</ele>
   </trkpt>
   <trkpt lat="56.0300890" lon="10.1486830">
    <ele>59.0</ele>
   </trkpt>
   <trkpt lat="56.0301090" lon="10.1487970">
    <ele>58.8</ele>
   </trkpt>
   <trkpt lat="56.0301310" lon="10.1489070">
    <ele>58.8</ele>
   </trkpt>
   <trkpt lat="56.0301540" lon="10.1490190">
    <ele>58.8</ele>
   </trkpt>
   <trkpt lat="56.0301770" lon="10.1491380">
    <ele>58.8</ele>
   </trkpt>
   <trkpt lat="56.0302020" lon="10.1492640">
    <ele>58.6</ele>
   </trkpt>
   <trkpt lat="56.0302280" lon="10.1493940">
    <ele>58.6</ele>
   </trkpt>
   <trkpt lat="56.0302540" lon="10.1495320">
    <ele>58.4</ele>
   </trkpt>
   <trkpt lat="56.0302790" lon="10.1496720">
    <ele>58.4</ele>
   </trkpt>
   <trkpt lat="56.0303000" lon="10.1498150">
    <ele>58.4</ele>
   </trkpt>
   <trkpt lat="56.0303150" lon="10.1499600">
    <ele>58.2</ele>
   </trkpt>
   <trkpt lat="56.0303180" lon="10.1501030">
    <ele>58.2</ele>
   </trkpt>
   <trkpt lat="56.0303080" lon="10.1502410">
    <ele>58.2</ele>
   </trkpt>
   <trkpt lat="56.0302880" lon="10.1503740">
    <ele>58.2</ele>
   </trkpt>
   <trkpt lat="56.0302550" lon="10.1504940">
    <ele>58.0</ele>
   </trkpt>
   <trkpt lat="56.0302140" lon="10.1506050">
    <ele>58.0</ele>
   </trkpt>
   <trkpt lat="56.0301660" lon="10.1507070">
    <ele>58.0</ele>
   </trkpt>
   <trkpt lat="56.0301100" lon="10.1507980">
    <ele>58.0</ele>
   </trkpt>
   <trkpt lat="56.0300490" lon="10.1508810">
    <ele>57.8</ele>
   </trkpt>
   <trkpt lat="56.0299890" lon="10.1509650">
    <ele>57.8</ele>
   </trkpt>
   <trkpt lat="56.0299280" lon="10.1510440">
    <ele>57.8</ele>
   </trkpt>
   <trkpt lat="56.0298720" lon="10.1511290">
    <ele>57.8</ele>
   </trkpt>
   <trkpt lat="56.0298170" lon="10.1512200">
    <ele>57.8</ele>
   </trkpt>
   <trkpt lat="56.0297680" lon="10.1513210">
    <ele>57.8</ele>
   </trkpt>
   <trkpt lat="56.0297260" lon="10.1514310">
    <ele>57.8</ele>
   </trkpt>
   <trkpt lat="56.0296930" lon="10.1515480">
    <ele>57.8</ele>
   </trkpt>
   <trkpt lat="56.0296740" lon="10.1516690">
    <ele>57.6</ele>
   </trkpt>
   <trkpt lat="56.0296630" lon="10.1517940">
    <ele>57.6</ele>
   </trkpt>
   <trkpt lat="56.0296630" lon="10.1519220">
    <ele>57.6</ele>
   </trkpt>
   <trkpt lat="56.0296700" lon="10.1520460">
    <ele>57.6</ele>
   </trkpt>
   <trkpt lat="56.0296790" lon="10.1521660">
    <ele>57.4</ele>
   </trkpt>
   <trkpt lat="56.0296870" lon="10.1522890">
    <ele>57.4</ele>
   </trkpt>
   <trkpt lat="56.0296920" lon="10.1524140">
    <ele>57.4</ele>
   </trkpt>
   <trkpt lat="56.0296990" lon="10.1525360">
    <ele>57.4</ele>
   </trkpt>
   <trkpt lat="56.0297080" lon="10.1526570">
    <ele>57.4</ele>
   </trkpt>
   <trkpt lat="56.0297170" lon="10.1527790">
    <ele>57.4</ele>
   </trkpt>
   <trkpt lat="56.0297270" lon="10.1529010">
    <ele>57.4</ele>
   </trkpt>
   <trkpt lat="56.0297370" lon="10.1530180">
    <ele>57.4</ele>
   </trkpt>
   <trkpt lat="56.0297460" lon="10.1531410">
    <ele>57.4</ele>
   </trkpt>
   <trkpt lat="56.0297540" lon="10.1532630">
    <ele>57.2</ele>
   </trkpt>
   <trkpt lat="56.0297610" lon="10.1533830">
    <ele>57.2</ele>
   </trkpt>
   <trkpt lat="56.0297660" lon="10.1535030">
    <ele>57.2</ele>
   </trkpt>
   <trkpt lat="56.0297730" lon="10.1536220">
    <ele>57.2</ele>
   </trkpt>
   <trkpt lat="56.0297810" lon="10.1537370">
    <ele>57.2</ele>
   </trkpt>
   <trkpt lat="56.0297910" lon="10.1538500">
    <ele>57.2</ele>
   </trkpt>
   <trkpt lat="56.0297990" lon="10.1539600">
    <ele>57.2</ele>
   </trkpt>
   <trkpt lat="56.0298060" lon="10.1540700">
    <ele>57.2</ele>
   </trkpt>
   <trkpt lat="56.0298130" lon="10.1541830">
    <ele>57.2</ele>
   </trkpt>
   <trkpt lat="56.0298220" lon="10.1542990">
    <ele>57.2</ele>
   </trkpt>
   <trkpt lat="56.0298310" lon="10.1544200">
    <ele>57.0</ele>
   </trkpt>
   <trkpt lat="56.0298410" lon="10.1545470">
    <ele>57.0</ele>
   </trkpt>
   <trkpt lat="56.0298510" lon="10.1546800">
    <ele>57.0</ele>
   </trkpt>
   <trkpt lat="56.0298620" lon="10.1548160">
    <ele>57.0</ele>
   </trkpt>
   <trkpt lat="56.0298690" lon="10.1549490">
    <ele>56.8</ele>
   </trkpt>
   <trkpt lat="56.0298760" lon="10.1550810">
    <ele>56.8</ele>
   </trkpt>
   <trkpt lat="56.0298840" lon="10.1552110">
    <ele>56.8</ele>
   </trkpt>
   <trkpt lat="56.0298920" lon="10.1553380">
    <ele>56.8</ele>
   </trkpt>
   <trkpt lat="56.0299020" lon="10.1554610">
    <ele>56.8</ele>
   </trkpt>
   <trkpt lat="56.0299110" lon="10.1555820">
    <ele>56.8</ele>
   </trkpt>
   <trkpt lat="56.0299170" lon="10.1557020">
    <ele>56.6</ele>
   </trkpt>
   <trkpt lat="56.0299240" lon="10.1558230">
    <ele>56.6</ele>
   </trkpt>
   <trkpt lat="56.0299330" lon="10.1559450">
    <ele>56.6</ele>
   </trkpt>
   <trkpt lat="56.0299410" lon="10.1560660">
    <ele>56.6</ele>
   </trkpt>
   <trkpt lat="56.0299490" lon="10.1561850">
    <ele>56.4</ele>
   </trkpt>
   <trkpt lat="56.0299600" lon="10.1563030">
    <ele>56.4</ele>
   </trkpt>
   <trkpt lat="56.0299700" lon="10.1564190">
    <ele>56.4</ele>
   </trkpt>
   <trkpt lat="56.0299810" lon="10.1565330">
    <ele>56.4</ele>
   </trkpt>
   <trkpt lat="56.0299960" lon="10.1566450">
    <ele>56.4</ele>
   </trkpt>
   <trkpt lat="56.0300140" lon="10.1567540">
    <ele>56.4</ele>
   </trkpt>
   <trkpt lat="56.0300340" lon="10.1568580">
    <ele>56.4</ele>
   </trkpt>
   <trkpt lat="56.0300560" lon="10.1569560">
    <ele>56.4</ele>
   </trkpt>
   <trkpt lat="56.0300810" lon="10.1570530">
    <ele>56.4</ele>
   </trkpt>
   <trkpt lat="56.0301080" lon="10.1571460">
    <ele>56.4</ele>
   </trkpt>
   <trkpt lat="56.0301370" lon="10.1572340">
    <ele>56.4</ele>
   </trkpt>
   <trkpt lat="56.0301660" lon="10.1573180">
    <ele>56.2</ele>
   </trkpt>
   <trkpt lat="56.0301950" lon="10.1573990">
    <ele>56.2</ele>
   </trkpt>
   <trkpt lat="56.0302260" lon="10.1574790">
    <ele>56.2</ele>
   </trkpt>
   <trkpt lat="56.0302590" lon="10.1575510">
    <ele>56.2</ele>
   </trkpt>
   <trkpt lat="56.0302900" lon="10.1576220">
    <ele>56.2</ele>
   </trkpt>
   <trkpt lat="56.0303200" lon="10.1576900">
    <ele>56.2</ele>
   </trkpt>
   <trkpt lat="56.0303490" lon="10.1577530">
    <ele>56.2</ele>
   </trkpt>
   <trkpt lat="56.0303780" lon="10.1578150">
    <ele>56.2</ele>
   </trkpt>
   <trkpt lat="56.0304050" lon="10.1578770">
    <ele>56.2</ele>
   </trkpt>
   <trkpt lat="56.0304320" lon="10.1579360">
    <ele>56.2</ele>
   </trkpt>
   <trkpt lat="56.0304580" lon="10.1579920">
    <ele>56.2</ele>
   </trkpt>
   <trkpt lat="56.0304820" lon="10.1580480">
    <ele>56.2</ele>
   </trkpt>
   <trkpt lat="56.0305040" lon="10.1580990">
    <ele>56.2</ele>
   </trkpt>
   <trkpt lat="56.0305230" lon="10.1581460">
    <ele>56.2</ele>
   </trkpt>
   <trkpt lat="56.0305410" lon="10.1581940">
    <ele>56.4</ele>
   </trkpt>
   <trkpt lat="56.0305590" lon="10.1582430">
    <ele>56.4</ele>
   </trkpt>
   <trkpt lat="56.0305760" lon="10.1582840">
    <ele>56.2</ele>
   </trkpt>
   <trkpt lat="56.0305930" lon="10.1583210">
    <ele>56.2</ele>
   </trkpt>
   <trkpt lat="56.0306070" lon="10.1583570">
    <ele>56.2</ele>
   </trkpt>
   <trkpt lat="56.0306200" lon="10.1583880">
    <ele>56.2</ele>
   </trkpt>
   <trkpt lat="56.0306320" lon="10.1584200">
    <ele>56.2</ele>
   </trkpt>
   <trkpt lat="56.0306460" lon="10.1584560">
    <ele>56.0</ele>
   </trkpt>
   <trkpt lat="56.0306620" lon="10.1584980">
    <ele>56.0</ele>
   </trkpt>
   <trkpt lat="56.0306770" lon="10.1585460">
    <ele>56.0</ele>
   </trkpt>
   <trkpt lat="56.0306930" lon="10.1585950">
    <ele>56.0</ele>
   </trkpt>
   <trkpt lat="56.0307090" lon="10.1586420">
    <ele>56.0</ele>
   </trkpt>
   <trkpt lat="56.0307260" lon="10.1586890">
    <ele>55.8</ele>
   </trkpt>
   <trkpt lat="56.0307430" lon="10.1587350">
    <ele>55.8</ele>
   </trkpt>
   <trkpt lat="56.0307580" lon="10.1587840">
    <ele>55.8</ele>
   </trkpt>
   <trkpt lat="56.0307730" lon="10.1588300">
    <ele>55.8</ele>
   </trkpt>
   <trkpt lat="56.0307900" lon="10.1588780">
    <ele>55.6</ele>
   </trkpt>
   <trkpt lat="56.0308050" lon="10.1589260">
    <ele>55.6</ele>
   </trkpt>
   <trkpt lat="56.0308180" lon="10.1589730">
    <ele>55.6</ele>
   </trkpt>
   <trkpt lat="56.0308340" lon="10.1590210">
    <ele>55.6</ele>
   </trkpt>
   <trkpt lat="56.0308500" lon="10.1590670">
    <ele>55.6</ele>
   </trkpt>
   <trkpt lat="56.0308660" lon="10.1591140">
    <ele>55.4</ele>
   </trkpt>
   <trkpt lat="56.0308820" lon="10.1591620">
    <ele>55.4</ele>
   </trkpt>
   <trkpt lat="56.0308970" lon="10.1592090">
    <ele>55.4</ele>
   </trkpt>
   <trkpt lat="56.0309110" lon="10.1592570">
    <ele>55.4</ele>
   </trkpt>
   <trkpt lat="56.0309230" lon="10.1593070">
    <ele>55.4</ele>
   </trkpt>
   <trkpt lat="56.0309370" lon="10.1593580">
    <ele>55.4</ele>
   </trkpt>
   <trkpt lat="56.0309490" lon="10.1594110">
    <ele>55.2</ele>
   </trkpt>
   <trkpt lat="56.0309640" lon="10.1594640">
    <ele>55.2</ele>
   </trkpt>
   <trkpt lat="56.0309800" lon="10.1595170">
    <ele>55.2</ele>
   </trkpt>
   <trkpt lat="56.0309970" lon="10.1595710">
    <ele>55.2</ele>
   </trkpt>
   <trkpt lat="56.0310110" lon="10.1596250">
    <ele>55.2</ele>
   </trkpt>
   <trkpt lat="56.0310250" lon="10.1596800">
    <ele>55.0</ele>
   </trkpt>
   <trkpt lat="56.0310360" lon="10.1597380">
    <ele>55.0</ele>
   </trkpt>
   <trkpt lat="56.0310460" lon="10.1597970">
    <ele>55.0</ele>
   </trkpt>
   <trkpt lat="56.0310560" lon="10.1598570">
    <ele>55.0</ele>
   </trkpt>
   <trkpt lat="56.0310640" lon="10.1599160">
    <ele>54.8</ele>
   </trkpt>
   <trkpt lat="56.0310690" lon="10.1599750">
    <ele>54.8</ele>
   </trkpt>
   <trkpt lat="56.0310740" lon="10.1600340">
    <ele>54.8</ele>
   </trkpt>
   <trkpt lat="56.0310790" lon="10.1600950">
    <ele>54.8</ele>
   </trkpt>
   <trkpt lat="56.0310800" lon="10.1601560">
    <ele>54.8</ele>
   </trkpt>
   <trkpt lat="56.0310820" lon="10.1602170">
    <ele>54.8</ele>
   </trkpt>
   <trkpt lat="56.0310870" lon="10.1602760">
    <ele>54.8</ele>
   </trkpt>
   <trkpt lat="56.0310920" lon="10.1603340">
    <ele>54.8</ele>
   </trkpt>
   <trkpt lat="56.0310930" lon="10.1603910">
    <ele>54.8</ele>
   </trkpt>
   <trkpt lat="56.0310940" lon="10.1604490">
    <ele>54.6</ele>
   </trkpt>
   <trkpt lat="56.0310940" lon="10.1605040">
    <ele>54.6</ele>
   </trkpt>
   <trkpt lat="56.0310930" lon="10.1605600">
    <ele>54.6</ele>
   </trkpt>
   <trkpt lat="56.0310920" lon="10.1606180">
    <ele>54.6</ele>
   </trkpt>
   <trkpt lat="56.0310930" lon="10.1606750">
    <ele>54.6</ele>
   </trkpt>
   <trkpt lat="56.0310930" lon="10.1607320">
    <ele>54.6</ele>
   </trkpt>
   <trkpt lat="56.0310930" lon="10.1607890">
    <ele>54.6</ele>
   </trkpt>
   <trkpt lat="56.0310930" lon="10.1608470">
    <ele>54.8</ele>
   </trkpt>
   <trkpt lat="56.0310950" lon="10.1609080">
    <ele>54.8</ele>
   </trkpt>
   <trkpt lat="56.0310960" lon="10.1609670">
    <ele>54.8</ele>
   </trkpt>
   <trkpt lat="56.0311000" lon="10.1610270">
    <ele>54.8</ele>
   </trkpt>
   <trkpt lat="56.0311050" lon="10.1610880">
    <ele>55.0</ele>
   </trkpt>
   <trkpt lat="56.0311110" lon="10.1611490">
    <ele>55.0</ele>
   </trkpt>
   <trkpt lat="56.0311200" lon="10.1612120">
    <ele>55.0</ele>
   </trkpt>
   <trkpt lat="56.0311280" lon="10.1612780">
    <ele>55.0</ele>
   </trkpt>
   <trkpt lat="56.0311360" lon="10.1613520">
    <ele>55.2</ele>
   </trkpt>
   <trkpt lat="56.0311450" lon="10.1614280">
    <ele>55.2</ele>
   </trkpt>
   <trkpt lat="56.0311560" lon="10.1615060">
    <ele>55.2</ele>
   </trkpt>
   <trkpt lat="56.0311700" lon="10.1615880">
    <ele>55.2</ele>
   </trkpt>
   <trkpt lat="56.0311840" lon="10.1616770">
    <ele>55.4</ele>
   </trkpt>
   <trkpt lat="56.0311980" lon="10.1617660">
    <ele>55.4</ele>
   </trkpt>
   <trkpt lat="56.0312140" lon="10.1618580">
    <ele>55.4</ele>
   </trkpt>
   <trkpt lat="56.0312320" lon="10.1619490">
    <ele>55.4</ele>
   </trkpt>
   <trkpt lat="56.0312510" lon="10.1620340">
    <ele>55.6</ele>
   </trkpt>
   <trkpt lat="56.0312720" lon="10.1621170">
    <ele>55.6</ele>
   </trkpt>
   <trkpt lat="56.0312950" lon="10.1621960">
    <ele>55.6</ele>
   </trkpt>
   <trkpt lat="56.0313170" lon="10.1622740">
    <ele>55.8</ele>
   </trkpt>
   <trkpt lat="56.0313370" lon="10.1623470">
    <ele>55.8</ele>
   </trkpt>
   <trkpt lat="56.0313560" lon="10.1624150">
    <ele>56.0</ele>
   </trkpt>
   <trkpt lat="56.0313810" lon="10.1624760">
    <ele>56.0</ele>
   </trkpt>
   <trkpt lat="56.0314040" lon="10.1625370">
    <ele>56.0</ele>
   </trkpt>
   <trkpt lat="56.0314270" lon="10.1625980">
    <ele>56.2</ele>
   </trkpt>
   <trkpt lat="56.0314480" lon="10.1626560">
    <ele>56.2</ele>
   </trkpt>
   <trkpt lat="56.0314710" lon="10.1627140">
    <ele>56.2</ele>
   </trkpt>
   <trkpt lat="56.0314940" lon="10.1627760">
    <ele>56.2</ele>
   </trkpt>
   <trkpt lat="56.0315150" lon="10.1628410">
    <ele>56.4</ele>
   </trkpt>
   <trkpt lat="56.0315370" lon="10.1629090">
    <ele>56.4</ele>
   </trkpt>
   <trkpt lat="56.0315580" lon="10.1629810">
    <ele>56.4</ele>
   </trkpt>
   <trkpt lat="56.0315790" lon="10.1630580">
    <ele>56.6</ele>
   </trkpt>
   <trkpt lat="56.0316000" lon="10.1631360">
    <ele>56.6</ele>
   </trkpt>
   <trkpt lat="56.0316190" lon="10.1632160">
    <ele>56.6</ele>
   </trkpt>
   <trkpt lat="56.0316370" lon="10.1633010">
    <ele>56.6</ele>
   </trkpt>
   <trkpt lat="56.0316490" lon="10.1633900">
    <ele>56.8</ele>
   </trkpt>
   <trkpt lat="56.0316540" lon="10.1634820">
    <ele>56.8</ele>
   </trkpt>
   <trkpt lat="56.0316550" lon="10.1635740">
    <ele>56.8</ele>
   </trkpt>
   <trkpt lat="56.0316560" lon="10.1636650">
    <ele>56.8</ele>
   </trkpt>
   <trkpt lat="56.0316570" lon="10.1637600">
    <ele>57.0</ele>
   </trkpt>
   <trkpt lat="56.0316570" lon="10.1638580">
    <ele>57.0</ele>
   </trkpt>
   <trkpt lat="56.0316570" lon="10.1639560">
    <ele>57.0</ele>
   </trkpt>
   <trkpt lat="56.0316570" lon="10.1640540">
    <ele>57.0</ele>
   </trkpt>
   <trkpt lat="56.0316560" lon="10.1641520">
    <ele>57.2</ele>
   </trkpt>
   <trkpt lat="56.0316540" lon="10.1642510">
    <ele>57.2</ele>
   </trkpt>
   <trkpt lat="56.0316520" lon="10.1643530">
    <ele>57.2</ele>
   </trkpt>
   <trkpt lat="56.0316500" lon="10.1644600">
    <ele>57.4</ele>
   </trkpt>
   <trkpt lat="56.0316510" lon="10.1645680">
    <ele>57.4</ele>
   </trkpt>
   <trkpt lat="56.0316510" lon="10.1646770">
    <ele>57.4</ele>
   </trkpt>
   <trkpt lat="56.0316510" lon="10.1647870">
    <ele>57.4</ele>
   </trkpt>
   <trkpt lat="56.0316540" lon="10.1648970">
    <ele>57.6</ele>
   </trkpt>
   <trkpt lat="56.0316580" lon="10.1650080">
    <ele>57.6</ele>
   </trkpt>
   <trkpt lat="56.0316630" lon="10.1651190">
    <ele>57.6</ele>
   </trkpt>
   <trkpt lat="56.0316670" lon="10.1652300">
    <ele>57.8</ele>
   </trkpt>
   <trkpt lat="56.0316720" lon="10.1653390">
    <ele>57.8</ele>
   </trkpt>
   <trkpt lat="56.0316800" lon="10.1654500">
    <ele>57.8</ele>
   </trkpt>
   <trkpt lat="56.0316900" lon="10.1655590">
    <ele>57.8</ele>
   </trkpt>
   <trkpt lat="56.0317020" lon="10.1656660">
    <ele>57.8</ele>
   </trkpt>
   <trkpt lat="56.0317150" lon="10.1657690">
    <ele>58.0</ele>
   </trkpt>
   <trkpt lat="56.0317300" lon="10.1658710">
    <ele>58.0</ele>
   </trkpt>
   <trkpt lat="56.0317490" lon="10.1659770">
    <ele>58.0</ele>
   </trkpt>
   <trkpt lat="56.0317730" lon="10.1660780">
    <ele>58.0</ele>
   </trkpt>
   <trkpt lat="56.0318050" lon="10.1661760">
    <ele>58.0</ele>
   </trkpt>
   <trkpt lat="56.0318410" lon="10.1662750">
    <ele>58.2</ele>
   </trkpt>
   <trkpt lat="56.0318770" lon="10.1663760">
    <ele>58.2</ele>
   </trkpt>
   <trkpt lat="56.0319130" lon="10.1664750">
    <ele>58.2</ele>
   </trkpt>
   <trkpt lat="56.0319500" lon="10.1665730">
    <ele>58.2</ele>
   </trkpt>
   <trkpt lat="56.0319870" lon="10.1666710">
    <ele>58.2</ele>
   </trkpt>
   <trkpt lat="56.0320240" lon="10.1667630">
    <ele>58.4</ele>
   </trkpt>
   <trkpt lat="56.0320640" lon="10.1668520">
    <ele>58.4</ele>
   </trkpt>
   <trkpt lat="56.0321050" lon="10.1669390">
    <ele>58.4</ele>
   </trkpt>
   <trkpt lat="56.0321460" lon="10.1670250">
    <ele>58.4</ele>
   </trkpt>
   <trkpt lat="56.0321860" lon="10.1671080">
    <ele>58.6</ele>
   </trkpt>
   <trkpt lat="56.0322270" lon="10.1671860">
    <ele>58.6</ele>
   </trkpt>
   <trkpt lat="56.0322680" lon="10.1672620">
    <ele>58.6</ele>
   </trkpt>
   <trkpt lat="56.0323080" lon="10.1673360">
    <ele>58.6</ele>
   </trkpt>
   <trkpt lat="56.0323480" lon="10.1674090">
    <ele>58.8</ele>
   </trkpt>
   <trkpt lat="56.0323880" lon="10.1674790">
    <ele>58.8</ele>
   </trkpt>
   <trkpt lat="56.0324250" lon="10.1675480">
    <ele>58.8</ele>
   </trkpt>
   <trkpt lat="56.0324620" lon="10.1676160">
    <ele>59.0</ele>
   </trkpt>
   <trkpt lat="56.0324970" lon="10.1676850">
    <ele>59.0</ele>
   </trkpt>
   <trkpt lat="56.0325330" lon="10.1677550">
    <ele>59.0</ele>
   </trkpt>
   <trkpt lat="56.0325700" lon="10.1678240">
    <ele>59.0</ele>
   </trkpt>
   <trkpt lat="56.0326080" lon="10.1678950">
    <ele>59.0</ele>
   </trkpt>
   <trkpt lat="56.0326480" lon="10.1679710">
    <ele>59.0</ele>
   </trkpt>
   <trkpt lat="56.0326870" lon="10.1680500">
    <ele>59.0</ele>
   </trkpt>
   <trkpt lat="56.0327260" lon="10.1681330">
    <ele>59.2</ele>
   </trkpt>
   <trkpt lat="56.0327630" lon="10.1682160">
    <ele>59.2</ele>
   </trkpt>
   <trkpt lat="56.0328010" lon="10.1682990">
    <ele>59.2</ele>
   </trkpt>
   <trkpt lat="56.0328400" lon="10.1683810">
    <ele>59.2</ele>
   </trkpt>
   <trkpt lat="56.0328770" lon="10.1684680">
    <ele>59.2</ele>
   </trkpt>
   <trkpt lat="56.0329150" lon="10.1685530">
    <ele>59.2</ele>
   </trkpt>
   <trkpt lat="56.0329510" lon="10.1686360">
    <ele>59.4</ele>
   </trkpt>
   <trkpt lat="56.0329850" lon="10.1687190">
    <ele>59.4</ele>
   </trkpt>
   <trkpt lat="56.0330190" lon="10.1687980">
    <ele>59.4</ele>
   </trkpt>
   <trkpt lat="56.0330530" lon="10.1688770">
    <ele>59.4</ele>
   </trkpt>
   <trkpt lat="56.0330870" lon="10.1689580">
    <ele>59.4</ele>
   </trkpt>
   <trkpt lat="56.0331220" lon="10.1690470">
    <ele>59.4</ele>
   </trkpt>
   <trkpt lat="56.0331600" lon="10.1691410">
    <ele>59.6</ele>
   </trkpt>
   <trkpt lat="56.0332010" lon="10.1692370">
    <ele>59.6</ele>
   </trkpt>
   <trkpt lat="56.0332410" lon="10.1693340">
    <ele>59.6</ele>
   </trkpt>
   <trkpt lat="56.0332820" lon="10.1694340">
    <ele>59.4</ele>
   </trkpt>
   <trkpt lat="56.0333230" lon="10.1695340">
    <ele>59.4</ele>
   </trkpt>
   <trkpt lat="56.0333630" lon="10.1696320">
    <ele>59.4</ele>
   </trkpt>
   <trkpt lat="56.0334040" lon="10.1697270">
    <ele>59.6</ele>
   </trkpt>
   <trkpt lat="56.0334430" lon="10.1698230">
    <ele>59.6</ele>
   </trkpt>
   <trkpt lat="56.0334830" lon="10.1699210">
    <ele>59.6</ele>
   </trkpt>
   <trkpt lat="56.0335230" lon="10.1700190">
    <ele>59.6</ele>
   </trkpt>
   <trkpt lat="56.0335650" lon="10.1701160">
    <ele>59.6</ele>
   </trkpt>
   <trkpt lat="56.0336070" lon="10.1702160">
    <ele>59.6</ele>
   </trkpt>
   <trkpt lat="56.0336500" lon="10.1703210">
    <ele>59.6</ele>
   </trkpt>
   <trkpt lat="56.0336930" lon="10.1704330">
    <ele>59.6</ele>
   </trkpt>
   <trkpt lat="56.0337330" lon="10.1705500">
    <ele>59.6</ele>
   </trkpt>
   <trkpt lat="56.0337710" lon="10.1706730">
    <ele>59.6</ele>
   </trkpt>
   <trkpt lat="56.0338060" lon="10.1708020">
    <ele>59.6</ele>
   </trkpt>
   <trkpt lat="56.0338370" lon="10.1709340">
    <ele>59.6</ele>
   </trkpt>
   <trkpt lat="56.0338640" lon="10.1710680">
    <ele>59.6</ele>
   </trkpt>
   <trkpt lat="56.0338920" lon="10.1712030">
    <ele>59.6</ele>
   </trkpt>
   <trkpt lat="56.0339200" lon="10.1713400">
    <ele>59.6</ele>
   </trkpt>
   <trkpt lat="56.0339460" lon="10.1714770">
    <ele>59.6</ele>
   </trkpt>
   <trkpt lat="56.0339680" lon="10.1716170">
    <ele>59.6</ele>
   </trkpt>
   <trkpt lat="56.0339880" lon="10.1717630">
    <ele>59.6</ele>
   </trkpt>
   <trkpt lat="56.0340070" lon="10.1719110">
    <ele>59.6</ele>
   </trkpt>
   <trkpt lat="56.0340250" lon="10.1720650">
    <ele>59.6</ele>
   </trkpt>
   <trkpt lat="56.0340400" lon="10.1722190">
    <ele>59.6</ele>
   </trkpt>
   <trkpt lat="56.0340580" lon="10.1723750">
    <ele>59.6</ele>
   </trkpt>
   <trkpt lat="56.0340780" lon="10.1725290">
    <ele>59.6</ele>
   </trkpt>
   <trkpt lat="56.0340990" lon="10.1726810">
    <ele>59.8</ele>
   </trkpt>
   <trkpt lat="56.0341190" lon="10.1728340">
    <ele>59.8</ele>
   </trkpt>
   <trkpt lat="56.0341380" lon="10.1729850">
    <ele>59.8</ele>
   </trkpt>
   <trkpt lat="56.0341570" lon="10.1731380">
    <ele>59.8</ele>
   </trkpt>
   <trkpt lat="56.0341800" lon="10.1732870">
    <ele>59.8</ele>
   </trkpt>
   <trkpt lat="56.0342100" lon="10.1734320">
    <ele>59.8</ele>
   </trkpt>
   <trkpt lat="56.0342430" lon="10.1735760">
    <ele>59.8</ele>
   </trkpt>
   <trkpt lat="56.0342790" lon="10.1737200">
    <ele>60.0</ele>
   </trkpt>
   <trkpt lat="56.0343160" lon="10.1738630">
    <ele>60.0</ele>
   </trkpt>
   <trkpt lat="56.0343520" lon="10.1740010">
    <ele>60.0</ele>
   </trkpt>
   <trkpt lat="56.0343890" lon="10.1741420">
    <ele>60.0</ele>
   </trkpt>
   <trkpt lat="56.0344280" lon="10.1742800">
    <ele>60.0</ele>
   </trkpt>
   <trkpt lat="56.0344640" lon="10.1744230">
    <ele>60.0</ele>
   </trkpt>
   <trkpt lat="56.0344980" lon="10.1745650">
    <ele>60.0</ele>
   </trkpt>
   <trkpt lat="56.0345350" lon="10.1747050">
    <ele>60.0</ele>
   </trkpt>
   <trkpt lat="56.0345730" lon="10.1748490">
    <ele>60.2</ele>
   </trkpt>
   <trkpt lat="56.0346100" lon="10.1749960">
    <ele>60.2</ele>
   </trkpt>
   <trkpt lat="56.0346490" lon="10.1751390">
    <ele>60.2</ele>
   </trkpt>
   <trkpt lat="56.0346830" lon="10.1752700">
    <ele>60.0</ele>
   </trkpt>
   <trkpt lat="56.0347140" lon="10.1753870">
    <ele>60.2</ele>
   </trkpt>
   <trkpt lat="56.0347410" lon="10.1754990">
    <ele>60.0</ele>
   </trkpt>
   <trkpt lat="56.0347580" lon="10.1756180">
    <ele>60.2</ele>
   </trkpt>
   <trkpt lat="56.0347690" lon="10.1757400">
    <ele>60.2</ele>
   </trkpt>
   <trkpt lat="56.0347820" lon="10.1758660">
    <ele>60.2</ele>
   </trkpt>
   <trkpt lat="56.0348020" lon="10.1759910">
    <ele>60.2</ele>
   </trkpt>
   <trkpt lat="56.0348310" lon="10.1761240">
    <ele>60.2</ele>
   </trkpt>
   <trkpt lat="56.0348670" lon="10.1762610">
    <ele>60.2</ele>
   </trkpt>
   <trkpt lat="56.0349060" lon="10.1764030">
    <ele>60.2</ele>
   </trkpt>
   <trkpt lat="56.0349410" lon="10.1765490">
    <ele>60.2</ele>
   </trkpt>
   <trkpt lat="56.0349780" lon="10.1766970">
    <ele>60.2</ele>
   </trkpt>
   <trkpt lat="56.0350170" lon="10.1768510">
    <ele>60.2</ele>
   </trkpt>
   <trkpt lat="56.0350570" lon="10.1770060">
    <ele>60.2</ele>
   </trkpt>
   <trkpt lat="56.0350970" lon="10.1771640">
    <ele>60.2</ele>
   </trkpt>
   <trkpt lat="56.0351390" lon="10.1773220">
    <ele>60.2</ele>
   </trkpt>
   <trkpt lat="56.0351810" lon="10.1774790">
    <ele>60.2</ele>
   </trkpt>
   <trkpt lat="56.0352240" lon="10.1776380">
    <ele>60.0</ele>
   </trkpt>
   <trkpt lat="56.0352650" lon="10.1777980">
    <ele>60.0</ele>
   </trkpt>
   <trkpt lat="56.0353060" lon="10.1779620">
    <ele>60.0</ele>
   </trkpt>
   <trkpt lat="56.0353480" lon="10.1781270">
    <ele>60.0</ele>
   </trkpt>
   <trkpt lat="56.0353910" lon="10.1782910">
    <ele>60.0</ele>
   </trkpt>
   <trkpt lat="56.0354350" lon="10.1784550">
    <ele>59.8</ele>
   </trkpt>
   <trkpt lat="56.0354790" lon="10.1786200">
    <ele>59.8</ele>
   </trkpt>
   <trkpt lat="56.0355220" lon="10.1787870">
    <ele>59.6</ele>
   </trkpt>
   <trkpt lat="56.0355660" lon="10.1789550">
    <ele>59.6</ele>
   </trkpt>
   <trkpt lat="56.0356090" lon="10.1791210">
    <ele>59.4</ele>
   </trkpt>
   <trkpt lat="56.0356520" lon="10.1792880">
    <ele>59.2</ele>
   </trkpt>
   <trkpt lat="56.0356960" lon="10.1794530">
    <ele>59.2</ele>
   </trkpt>
   <trkpt lat="56.0357400" lon="10.1796160">
    <ele>59.2</ele>
   </trkpt>
   <trkpt lat="56.0357830" lon="10.1797760">
    <ele>59.0</ele>
   </trkpt>
   <trkpt lat="56.0358280" lon="10.1799310">
    <ele>59.0</ele>
   </trkpt>
   <trkpt lat="56.0358760" lon="10.1800800">
    <ele>58.8</ele>
   </trkpt>
   <trkpt lat="56.0359270" lon="10.1802230">
    <ele>58.8</ele>
   </trkpt>
   <trkpt lat="56.0359790" lon="10.1803620">
    <ele>58.8</ele>
   </trkpt>
   <trkpt lat="56.0360320" lon="10.1805000">
    <ele>59.0</ele>
   </trkpt>
   <trkpt lat="56.0360850" lon="10.1806350">
    <ele>59.0</ele>
   </trkpt>
   <trkpt lat="56.0361400" lon="10.1807610">
    <ele>59.0</ele>
   </trkpt>
   <trkpt lat="56.0361970" lon="10.1808780">
    <ele>59.0</ele>
   </trkpt>
   <trkpt lat="56.0362570" lon="10.1809890">
    <ele>59.0</ele>
   </trkpt>
   <trkpt lat="56.0363170" lon="10.1810960">
    <ele>59.0</ele>
   </trkpt>
   <trkpt lat="56.0363780" lon="10.1812010">
    <ele>59.0</ele>
   </trkpt>
   <trkpt lat="56.0364390" lon="10.1813010">
    <ele>59.0</ele>
   </trkpt>
   <trkpt lat="56.0365010" lon="10.1813950">
    <ele>59.2</ele>
   </trkpt>
   <trkpt lat="56.0365640" lon="10.1814840">
    <ele>59.2</ele>
   </trkpt>
   <trkpt lat="56.0366270" lon="10.1815690">
    <ele>59.2</ele>
   </trkpt>
   <trkpt lat="56.0366880" lon="10.1816480">
    <ele>59.2</ele>
   </trkpt>
   <trkpt lat="56.0367500" lon="10.1817220">
    <ele>59.2</ele>
   </trkpt>
   <trkpt lat="56.0368110" lon="10.1817870">
    <ele>59.2</ele>
   </trkpt>
   <trkpt lat="56.0368710" lon="10.1818470">
    <ele>59.2</ele>
   </trkpt>
   <trkpt lat="56.0369250" lon="10.1819060">
    <ele>59.2</ele>
   </trkpt>
   <trkpt lat="56.0369600" lon="10.1819620">
    <ele>59.4</ele>
   </trkpt>
   <trkpt lat="56.0369740" lon="10.1820220">
    <ele>59.4</ele>
   </trkpt>
   <trkpt lat="56.0369670" lon="10.1820840">
    <ele>59.4</ele>
   </trkpt>
   <trkpt lat="56.0369500" lon="10.1821390">
    <ele>59.4</ele>
   </trkpt>
   <trkpt lat="56.0369280" lon="10.1822020">
    <ele>59.2</ele>
   </trkpt>
   <trkpt lat="56.0369060" lon="10.1822780">
    <ele>59.2</ele>
   </trkpt>
   <trkpt lat="56.0368850" lon="10.1823710">
    <ele>59.2</ele>
   </trkpt>
   <trkpt lat="56.0368670" lon="10.1824750">
    <ele>59.0</ele>
   </trkpt>
   <trkpt lat="56.0368540" lon="10.1825850">
    <ele>59.0</ele>
   </trkpt>
   <trkpt lat="56.0368400" lon="10.1827010">
    <ele>59.0</ele>
   </trkpt>
   <trkpt lat="56.0368240" lon="10.1828180">
    <ele>59.0</ele>
   </trkpt>
   <trkpt lat="56.0368110" lon="10.1829310">
    <ele>59.0</ele>
   </trkpt>
   <trkpt lat="56.0367950" lon="10.1830460">
    <ele>59.0</ele>
   </trkpt>
   <trkpt lat="56.0367820" lon="10.1831660">
    <ele>59.0</ele>
   </trkpt>
   <trkpt lat="56.0367760" lon="10.1832790">
    <ele>59.0</ele>
   </trkpt>
   <trkpt lat="56.0367810" lon="10.1833880">
    <ele>59.0</ele>
   </trkpt>
   <trkpt lat="56.0367950" lon="10.1834990">
    <ele>59.0</ele>
   </trkpt>
   <trkpt lat="56.0368150" lon="10.1836120">
    <ele>59.0</ele>
   </trkpt>
   <trkpt lat="56.0368380" lon="10.1837220">
    <ele>59.0</ele>
   </trkpt>
   <trkpt lat="56.0368660" lon="10.1838270">
    <ele>59.0</ele>
   </trkpt>
   <trkpt lat="56.0368930" lon="10.1839310">
    <ele>59.0</ele>
   </trkpt>
   <trkpt lat="56.0369210" lon="10.1840360">
    <ele>59.0</ele>
   </trkpt>
   <trkpt lat="56.0369500" lon="10.1841400">
    <ele>59.0</ele>
   </trkpt>
   <trkpt lat="56.0369790" lon="10.1842420">
    <ele>59.0</ele>
   </trkpt>
   <trkpt lat="56.0370070" lon="10.1843440">
    <ele>59.0</ele>
   </trkpt>
   <trkpt lat="56.0370330" lon="10.1844490">
    <ele>59.0</ele>
   </trkpt>
   <trkpt lat="56.0370570" lon="10.1845510">
    <ele>59.0</ele>
   </trkpt>
   <trkpt lat="56.0370810" lon="10.1846560">
    <ele>59.2</ele>
   </trkpt>
   <trkpt lat="56.0371050" lon="10.1847600">
    <ele>59.2</ele>
   </trkpt>
   <trkpt lat="56.0371310" lon="10.1848640">
    <ele>59.2</ele>
   </trkpt>
   <trkpt lat="56.0371590" lon="10.1849660">
    <ele>59.2</ele>
   </trkpt>
   <trkpt lat="56.0371870" lon="10.1850660">
    <ele>59.2</ele>
   </trkpt>
   <trkpt lat="56.0372130" lon="10.1851660">
    <ele>59.2</ele>
   </trkpt>
   <trkpt lat="56.0372400" lon="10.1852670">
    <ele>59.2</ele>
   </trkpt>
   <trkpt lat="56.0372660" lon="10.1853660">
    <ele>59.2</ele>
   </trkpt>
   <trkpt lat="56.0372940" lon="10.1854650">
    <ele>59.2</ele>
   </trkpt>
   <trkpt lat="56.0373200" lon="10.1855650">
    <ele>59.2</ele>
   </trkpt>
   <trkpt lat="56.0373460" lon="10.1856640">
    <ele>59.2</ele>
   </trkpt>
   <trkpt lat="56.0373710" lon="10.1857620">
    <ele>59.2</ele>
   </trkpt>
   <trkpt lat="56.0373960" lon="10.1858600">
    <ele>59.4</ele>
   </trkpt>
   <trkpt lat="56.0374210" lon="10.1859570">
    <ele>59.4</ele>
   </trkpt>
   <trkpt lat="56.0374450" lon="10.1860550">
    <ele>59.4</ele>
   </trkpt>
   <trkpt lat="56.0374680" lon="10.1861550">
    <ele>59.4</ele>
   </trkpt>
   <trkpt lat="56.0374930" lon="10.1862560">
    <ele>59.4</ele>
   </trkpt>
   <trkpt lat="56.0375160" lon="10.1863570">
    <ele>59.4</ele>
   </trkpt>
   <trkpt lat="56.0375370" lon="10.1864610">
    <ele>59.4</ele>
   </trkpt>
   <trkpt lat="56.0375550" lon="10.1865650">
    <ele>59.4</ele>
   </trkpt>
   <trkpt lat="56.0375750" lon="10.1866720">
    <ele>59.4</ele>
   </trkpt>
   <trkpt lat="56.0375900" lon="10.1867840">
    <ele>59.4</ele>
   </trkpt>
   <trkpt lat="56.0376020" lon="10.1868980">
    <ele>59.2</ele>
   </trkpt>
   <trkpt lat="56.0376160" lon="10.1870130">
    <ele>59.2</ele>
   </trkpt>
   <trkpt lat="56.0376290" lon="10.1871290">
    <ele>59.2</ele>
   </trkpt>
   <trkpt lat="56.0376370" lon="10.1872510">
    <ele>59.2</ele>
   </trkpt>
   <trkpt lat="56.0376400" lon="10.1873770">
    <ele>59.2</ele>
   </trkpt>
   <trkpt lat="56.0376430" lon="10.1875020">
    <ele>59.2</ele>
   </trkpt>
   <trkpt lat="56.0376460" lon="10.1876250">
    <ele>59.2</ele>
   </trkpt>
   <trkpt lat="56.0376480" lon="10.1877490">
    <ele>59.2</ele>
   </trkpt>
   <trkpt lat="56.0376500" lon="10.1878740">
    <ele>59.2</ele>
   </trkpt>
   <trkpt lat="56.0376550" lon="10.1879980">
    <ele>59.2</ele>
   </trkpt>
   <trkpt lat="56.0376620" lon="10.1881220">
    <ele>59.0</ele>
   </trkpt>
   <trkpt lat="56.0376740" lon="10.1882460">
    <ele>59.0</ele>
   </trkpt>
   <trkpt lat="56.0376870" lon="10.1883680">
    <ele>59.0</ele>
   </trkpt>
   <trkpt lat="56.0377020" lon="10.1884870">
    <ele>59.0</ele>
   </trkpt>
   <trkpt lat="56.0377190" lon="10.1886000">
    <ele>59.0</ele>
   </trkpt>
   <trkpt lat="56.0377370" lon="10.1887080">
    <ele>59.0</ele>
   </trkpt>
   <trkpt lat="56.0377600" lon="10.1888110">
    <ele>59.0</ele>
   </trkpt>
   <trkpt lat="56.0377880" lon="10.1889050">
    <ele>59.0</ele>
   </trkpt>
   <trkpt lat="56.0378150" lon="10.1889960">
    <ele>59.0</ele>
   </trkpt>
   <trkpt lat="56.0378380" lon="10.1890890">
    <ele>58.8</ele>
   </trkpt>
   <trkpt lat="56.0378560" lon="10.1891800">
    <ele>58.8</ele>
   </trkpt>
   <trkpt lat="56.0378740" lon="10.1892690">
    <ele>58.8</ele>
   </trkpt>
   <trkpt lat="56.0378940" lon="10.1893630">
    <ele>58.8</ele>
   </trkpt>
   <trkpt lat="56.0379190" lon="10.1894540">
    <ele>58.8</ele>
   </trkpt>
   <trkpt lat="56.0379490" lon="10.1895420">
    <ele>58.8</ele>
   </trkpt>
   <trkpt lat="56.0379810" lon="10.1896330">
    <ele>58.6</ele>
   </trkpt>
   <trkpt lat="56.0380160" lon="10.1897280">
    <ele>58.6</ele>
   </trkpt>
   <trkpt lat="56.0380480" lon="10.1898290">
    <ele>58.6</ele>
   </trkpt>
   <trkpt lat="56.0380800" lon="10.1899360">
    <ele>58.6</ele>
   </trkpt>
   <trkpt lat="56.0381140" lon="10.1900430">
    <ele>58.4</ele>
   </trkpt>
   <trkpt lat="56.0381460" lon="10.1901540">
    <ele>58.4</ele>
   </trkpt>
   <trkpt lat="56.0381800" lon="10.1902680">
    <ele>58.4</ele>
   </trkpt>
   <trkpt lat="56.0382160" lon="10.1903870">
    <ele>58.4</ele>
   </trkpt>
   <trkpt lat="56.0382480" lon="10.1905150">
    <ele>58.2</ele>
   </trkpt>
   <trkpt lat="56.0382750" lon="10.1906480">
    <ele>58.2</ele>
   </trkpt>
   <trkpt lat="56.0383000" lon="10.1907790">
    <ele>58.2</ele>
   </trkpt>
   <trkpt lat="56.0383240" lon="10.1909070">
    <ele>58.2</ele>
   </trkpt>
   <trkpt lat="56.0383490" lon="10.1910250">
    <ele>58.0</ele>
   </trkpt>
   <trkpt lat="56.0383750" lon="10.1911320">
    <ele>58.0</ele>
   </trkpt>
   <trkpt lat="56.0384030" lon="10.1912290">
    <ele>58.0</ele>
   </trkpt>
   <trkpt lat="56.0384280" lon="10.1913240">
    <ele>58.0</ele>
   </trkpt>
   <trkpt lat="56.0384490" lon="10.1914250">
    <ele>58.0</ele>
   </trkpt>
   <trkpt lat="56.0384710" lon="10.1915230">
    <ele>57.8</ele>
   </trkpt>
   <trkpt lat="56.0385010" lon="10.1916170">
    <ele>57.8</ele>
   </trkpt>
   <trkpt lat="56.0385370" lon="10.1917040">
    <ele>57.8</ele>
   </trkpt>
   <trkpt lat="56.0385790" lon="10.1917820">
    <ele>57.8</ele>
   </trkpt>
   <trkpt lat="56.0386250" lon="10.1918550">
    <ele>57.8</ele>
   </trkpt>
   <trkpt lat="56.0386710" lon="10.1919270">
    <ele>57.8</ele>
   </trkpt>
   <trkpt lat="56.0387150" lon="10.1919990">
    <ele>57.8</ele>
   </trkpt>
   <trkpt lat="56.0387580" lon="10.1920720">
    <ele>57.8</ele>
   </trkpt>
   <trkpt lat="56.0388010" lon="10.1921460">
    <ele>57.8</ele>
   </trkpt>
   <trkpt lat="56.0388400" lon="10.1922170">
    <ele>57.8</ele>
   </trkpt>
   <trkpt lat="56.0388750" lon="10.1922910">
    <ele>57.8</ele>
   </trkpt>
   <trkpt lat="56.0389090" lon="10.1923660">
    <ele>57.8</ele>
   </trkpt>
   <trkpt lat="56.0389430" lon="10.1924380">
    <ele>57.8</ele>
   </trkpt>
   <trkpt lat="56.0389780" lon="10.1925120">
    <ele>57.8</ele>
   </trkpt>
   <trkpt lat="56.0390130" lon="10.1925870">
    <ele>57.8</ele>
   </trkpt>
   <trkpt lat="56.0390450" lon="10.1926620">
    <ele>58.0</ele>
   </trkpt>
   <trkpt lat="56.0390770" lon="10.1927340">
    <ele>58.0</ele>
   </trkpt>
   <trkpt lat="56.0391080" lon="10.1928060">
    <ele>58.0</ele>
   </trkpt>
   <trkpt lat="56.0391340" lon="10.1928770">
    <ele>58.0</ele>
   </trkpt>
   <trkpt lat="56.0391530" lon="10.1929480">
    <ele>58.2</ele>
   </trkpt>
   <trkpt lat="56.0391670" lon="10.1930180">
    <ele>58.2</ele>
   </trkpt>
   <trkpt lat="56.0391740" lon="10.1930900">
    <ele>58.2</ele>
   </trkpt>
   <trkpt lat="56.0391790" lon="10.1931590">
    <ele>58.2</ele>
   </trkpt>
   <trkpt lat="56.0391820" lon="10.1932200">
    <ele>58.2</ele>
   </trkpt>
   <trkpt lat="56.0391810" lon="10.1932750">
    <ele>58.2</ele>
   </trkpt>
   <trkpt lat="56.0391770" lon="10.1933260">
    <ele>58.2</ele>
   </trkpt>
   <trkpt lat="56.0391710" lon="10.1933700">
    <ele>58.2</ele>
   </trkpt>
   <trkpt lat="56.0391660" lon="10.1934080">
    <ele>58.4</ele>
   </trkpt>
   <trkpt lat="56.0391630" lon="10.1934460">
    <ele>58.4</ele>
   </trkpt>
   <trkpt lat="56.0391680" lon="10.1934910">
    <ele>58.4</ele>
   </trkpt>
   <trkpt lat="56.0391850" lon="10.1935300">
    <ele>58.4</ele>
   </trkpt>
   <trkpt lat="56.0392150" lon="10.1935540">
    <ele>58.4</ele>
   </trkpt>
   <trkpt lat="56.0392470" lon="10.1935800">
    <ele>58.4</ele>
   </trkpt>
   <trkpt lat="56.0392730" lon="10.1936280">
    <ele>58.2</ele>
   </trkpt>
   <trkpt lat="56.0392880" lon="10.1936990">
    <ele>58.2</ele>
   </trkpt>
   <trkpt lat="56.0392910" lon="10.1937800">
    <ele>58.2</ele>
   </trkpt>
   <trkpt lat="56.0392900" lon="10.1938650">
    <ele>58.0</ele>
   </trkpt>
   <trkpt lat="56.0392900" lon="10.1939560">
    <ele>58.0</ele>
   </trkpt>
   <trkpt lat="56.0392850" lon="10.1940450">
    <ele>57.8</ele>
   </trkpt>
   <trkpt lat="56.0392790" lon="10.1941370">
    <ele>57.8</ele>
   </trkpt>
   <trkpt lat="56.0392770" lon="10.1942300">
    <ele>57.8</ele>
   </trkpt>
   <trkpt lat="56.0392750" lon="10.1943210">
    <ele>57.8</ele>
   </trkpt>
   <trkpt lat="56.0392720" lon="10.1944130">
    <ele>57.8</ele>
   </trkpt>
   <trkpt lat="56.0392670" lon="10.1945060">
    <ele>57.8</ele>
   </trkpt>
   <trkpt lat="56.0392580" lon="10.1946010">
    <ele>58.0</ele>
   </trkpt>
   <trkpt lat="56.0392510" lon="10.1946970">
    <ele>58.0</ele>
   </trkpt>
   <trkpt lat="56.0392450" lon="10.1947920">
    <ele>58.0</ele>
   </trkpt>
   <trkpt lat="56.0392370" lon="10.1948860">
    <ele>58.0</ele>
   </trkpt>
   <trkpt lat="56.0392200" lon="10.1949770">
    <ele>58.0</ele>
   </trkpt>
   <trkpt lat="56.0391880" lon="10.1950570">
    <ele>58.0</ele>
   </trkpt>
   <trkpt lat="56.0391420" lon="10.1951160">
    <ele>58.0</ele>
   </trkpt>
   <trkpt lat="56.0390870" lon="10.1951520">
    <ele>58.0</ele>
   </trkpt>
   <trkpt lat="56.0390290" lon="10.1951760">
    <ele>58.0</ele>
   </trkpt>
   <trkpt lat="56.0389690" lon="10.1951960">
    <ele>58.0</ele>
   </trkpt>
   <trkpt lat="56.0389080" lon="10.1952190">
    <ele>57.8</ele>
   </trkpt>
   <trkpt lat="56.0388460" lon="10.1952510">
    <ele>57.8</ele>
   </trkpt>
   <trkpt lat="56.0387850" lon="10.1952780">
    <ele>57.8</ele>
   </trkpt>
   <trkpt lat="56.0387230" lon="10.1953080">
    <ele>58.0</ele>
   </trkpt>
   <trkpt lat="56.0386620" lon="10.1953450">
    <ele>58.0</ele>
   </trkpt>
   <trkpt lat="56.0386020" lon="10.1953760">
    <ele>58.0</ele>
   </trkpt>
   <trkpt lat="56.0385480" lon="10.1954140">
    <ele>58.0</ele>
   </trkpt>
   <trkpt lat="56.0385010" lon="10.1954830">
    <ele>58.0</ele>
   </trkpt>
   <trkpt lat="56.0384610" lon="10.1955750">
    <ele>58.0</ele>
   </trkpt>
   <trkpt lat="56.0384270" lon="10.1956700">
    <ele>58.0</ele>
   </trkpt>
   <trkpt lat="56.0384030" lon="10.1957700">
    <ele>58.0</ele>
   </trkpt>
   <trkpt lat="56.0383820" lon="10.1958680">
    <ele>58.0</ele>
   </trkpt>
   <trkpt lat="56.0383580" lon="10.1959670">
    <ele>58.0</ele>
   </trkpt>
   <trkpt lat="56.0383350" lon="10.1960630">
    <ele>58.0</ele>
   </trkpt>
   <trkpt lat="56.0383120" lon="10.1961590">
    <ele>58.0</ele>
   </trkpt>
   <trkpt lat="56.0382890" lon="10.1962580">
    <ele>58.2</ele>
   </trkpt>
   <trkpt lat="56.0382680" lon="10.1963530">
    <ele>58.2</ele>
   </trkpt>
   <trkpt lat="56.0382490" lon="10.1964490">
    <ele>58.2</ele>
   </trkpt>
   <trkpt lat="56.0382300" lon="10.1965420">
    <ele>58.2</ele>
   </trkpt>
   <trkpt lat="56.0382110" lon="10.1966390">
    <ele>58.2</ele>
   </trkpt>
   <trkpt lat="56.0381920" lon="10.1967270">
    <ele>58.2</ele>
   </trkpt>
   <trkpt lat="56.0381730" lon="10.1968140">
    <ele>58.4</ele>
   </trkpt>
   <trkpt lat="56.0381530" lon="10.1969050">
    <ele>58.4</ele>
   </trkpt>
   <trkpt lat="56.0381290" lon="10.1969970">
    <ele>58.4</ele>
   </trkpt>
   <trkpt lat="56.0381060" lon="10.1970860">
    <ele>58.4</ele>
   </trkpt>
   <trkpt lat="56.0380830" lon="10.1971870">
    <ele>58.4</ele>
   </trkpt>
   <trkpt lat="56.0380560" lon="10.1972940">
    <ele>58.6</ele>
   </trkpt>
   <trkpt lat="56.0380310" lon="10.1974000">
    <ele>58.6</ele>
   </trkpt>
   <trkpt lat="56.0380100" lon="10.1974970">
    <ele>58.6</ele>
   </trkpt>
   <trkpt lat="56.0379920" lon="10.1976020">
    <ele>58.6</ele>
   </trkpt>
   <trkpt lat="56.0379790" lon="10.1977090">
    <ele>58.8</ele>
   </trkpt>
   <trkpt lat="56.0379640" lon="10.1978180">
    <ele>58.8</ele>
   </trkpt>
   <trkpt lat="56.0379480" lon="10.1979230">
    <ele>58.8</ele>
   </trkpt>
   <trkpt lat="56.0379360" lon="10.1980260">
    <ele>58.8</ele>
   </trkpt>
   <trkpt lat="56.0379280" lon="10.1981280">
    <ele>58.8</ele>
   </trkpt>
   <trkpt lat="56.0379230" lon="10.1982270">
    <ele>58.8</ele>
   </trkpt>
   <trkpt lat="56.0379200" lon="10.1983280">
    <ele>58.8</ele>
   </trkpt>
   <trkpt lat="56.0379200" lon="10.1984340">
    <ele>58.8</ele>
   </trkpt>
   <trkpt lat="56.0379220" lon="10.1985400">
    <ele>58.6</ele>
   </trkpt>
   <trkpt lat="56.0379240" lon="10.1986470">
    <ele>58.6</ele>
   </trkpt>
   <trkpt lat="56.0379260" lon="10.1987540">
    <ele>58.6</ele>
   </trkpt>
   <trkpt lat="56.0379260" lon="10.1988570">
    <ele>58.6</ele>
   </trkpt>
   <trkpt lat="56.0379270" lon="10.1989680">
    <ele>58.6</ele>
   </trkpt>
   <trkpt lat="56.0379290" lon="10.1990830">
    <ele>58.6</ele>
   </trkpt>
   <trkpt lat="56.0379340" lon="10.1991970">
    <ele>58.8</ele>
   </trkpt>
   <trkpt lat="56.0379410" lon="10.1993140">
    <ele>58.8</ele>
   </trkpt>
   <trkpt lat="56.0379490" lon="10.1994280">
    <ele>58.8</ele>
   </trkpt>
   <trkpt lat="56.0379590" lon="10.1995450">
    <ele>58.8</ele>
   </trkpt>
   <trkpt lat="56.0379770" lon="10.1996600">
    <ele>58.8</ele>
   </trkpt>
   <trkpt lat="56.0380010" lon="10.1997650">
    <ele>58.8</ele>
   </trkpt>
   <trkpt lat="56.0380280" lon="10.1998690">
    <ele>58.8</ele>
   </trkpt>
   <trkpt lat="56.0380470" lon="10.1999820">
    <ele>58.8</ele>
   </trkpt>
   <trkpt lat="56.0380580" lon="10.2001010">
    <ele>58.8</ele>
   </trkpt>
   <trkpt lat="56.0380630" lon="10.2002150">
    <ele>58.8</ele>
   </trkpt>
   <trkpt lat="56.0380680" lon="10.2003280">
    <ele>59.0</ele>
   </trkpt>
   <trkpt lat="56.0380720" lon="10.2004340">
    <ele>59.0</ele>
   </trkpt>
   <trkpt lat="56.0380750" lon="10.2005380">
    <ele>59.0</ele>
   </trkpt>
   <trkpt lat="56.0380780" lon="10.2006460">
    <ele>59.0</ele>
   </trkpt>
   <trkpt lat="56.0380850" lon="10.2007580">
    <ele>59.0</ele>
   </trkpt>
   <trkpt lat="56.0380900" lon="10.2008690">
    <ele>58.8</ele>
   </trkpt>
   <trkpt lat="56.0380940" lon="10.2009840">
    <ele>58.8</ele>
   </trkpt>
   <trkpt lat="56.0381000" lon="10.2010970">
    <ele>58.8</ele>
   </trkpt>
   <trkpt lat="56.0381090" lon="10.2012080">
    <ele>58.8</ele>
   </trkpt>
   <trkpt lat="56.0381250" lon="10.2013120">
    <ele>58.8</ele>
   </trkpt>
   <trkpt lat="56.0381380" lon="10.2014170">
    <ele>58.8</ele>
   </trkpt>
   <trkpt lat="56.0381430" lon="10.2015200">
    <ele>58.8</ele>
   </trkpt>
   <trkpt lat="56.0381420" lon="10.2016240">
    <ele>58.6</ele>
   </trkpt>
   <trkpt lat="56.0381420" lon="10.2017300">
    <ele>58.6</ele>
   </trkpt>
   <trkpt lat="56.0381450" lon="10.2018290">
    <ele>58.6</ele>
   </trkpt>
   <trkpt lat="56.0381500" lon="10.2019350">
    <ele>58.6</ele>
   </trkpt>
   <trkpt lat="56.0381530" lon="10.2020470">
    <ele>58.6</ele>
   </trkpt>
   <trkpt lat="56.0381590" lon="10.2021460">
    <ele>58.6</ele>
   </trkpt>
   <trkpt lat="56.0381610" lon="10.2022530">
    <ele>58.6</ele>
   </trkpt>
   <trkpt lat="56.0381620" lon="10.2023710">
    <ele>58.6</ele>
   </trkpt>
   <trkpt lat="56.0381670" lon="10.2024770">
    <ele>58.6</ele>
   </trkpt>
   <trkpt lat="56.0381740" lon="10.2025820">
    <ele>58.6</ele>
   </trkpt>
   <trkpt lat="56.0381800" lon="10.2026890">
    <ele>58.6</ele>
   </trkpt>
   <trkpt lat="56.0381820" lon="10.2027970">
    <ele>58.6</ele>
   </trkpt>
   <trkpt lat="56.0381880" lon="10.2029020">
    <ele>58.6</ele>
   </trkpt>
   <trkpt lat="56.0381870" lon="10.2030100">
    <ele>58.6</ele>
   </trkpt>
   <trkpt lat="56.0381910" lon="10.2031160">
    <ele>58.6</ele>
   </trkpt>
   <trkpt lat="56.0381940" lon="10.2032180">
    <ele>58.6</ele>
   </trkpt>
   <trkpt lat="56.0381980" lon="10.2033230">
    <ele>58.8</ele>
   </trkpt>
   <trkpt lat="56.0382050" lon="10.2034290">
    <ele>58.8</ele>
   </trkpt>
   <trkpt lat="56.0382110" lon="10.2035350">
    <ele>58.8</ele>
   </trkpt>
   <trkpt lat="56.0382140" lon="10.2036440">
    <ele>58.8</ele>
   </trkpt>
   <trkpt lat="56.0382170" lon="10.2037500">
    <ele>58.8</ele>
   </trkpt>
   <trkpt lat="56.0382200" lon="10.2038530">
    <ele>58.8</ele>
   </trkpt>
   <trkpt lat="56.0382260" lon="10.2039580">
    <ele>59.0</ele>
   </trkpt>
   <trkpt lat="56.0382320" lon="10.2040640">
    <ele>59.0</ele>
   </trkpt>
   <trkpt lat="56.0382370" lon="10.2041680">
    <ele>59.0</ele>
   </trkpt>
   <trkpt lat="56.0382430" lon="10.2042680">
    <ele>59.0</ele>
   </trkpt>
   <trkpt lat="56.0382470" lon="10.2043710">
    <ele>59.0</ele>
   </trkpt>
   <trkpt lat="56.0382500" lon="10.2044750">
    <ele>59.0</ele>
   </trkpt>
   <trkpt lat="56.0382540" lon="10.2045760">
    <ele>59.0</ele>
   </trkpt>
   <trkpt lat="56.0382600" lon="10.2046730">
    <ele>59.2</ele>
   </trkpt>
   <trkpt lat="56.0382700" lon="10.2047590">
    <ele>59.2</ele>
   </trkpt>
   <trkpt lat="56.0382800" lon="10.2048410">
    <ele>59.2</ele>
   </trkpt>
   <trkpt lat="56.0382880" lon="10.2049250">
    <ele>59.2</ele>
   </trkpt>
   <trkpt lat="56.0382910" lon="10.2050100">
    <ele>59.2</ele>
   </trkpt>
   <trkpt lat="56.0382940" lon="10.2051000">
    <ele>59.2</ele>
   </trkpt>
   <trkpt lat="56.0382970" lon="10.2051910">
    <ele>59.2</ele>
   </trkpt>
   <trkpt lat="56.0382970" lon="10.2052810">
    <ele>59.2</ele>
   </trkpt>
   <trkpt lat="56.0383030" lon="10.2053710">
    <ele>59.2</ele>
   </trkpt>
   <trkpt lat="56.0383100" lon="10.2054600">
    <ele>59.2</ele>
   </trkpt>
   <trkpt lat="56.0383150" lon="10.2055470">
    <ele>59.2</ele>
   </trkpt>
   <trkpt lat="56.0383180" lon="10.2056350">
    <ele>59.2</ele>
   </trkpt>
   <trkpt lat="56.0383200" lon="10.2057240">
    <ele>59.2</ele>
   </trkpt>
   <trkpt lat="56.0383270" lon="10.2058130">
    <ele>59.2</ele>
   </trkpt>
   <trkpt lat="56.0383310" lon="10.2058990">
    <ele>59.2</ele>
   </trkpt>
   <trkpt lat="56.0383350" lon="10.2059860">
    <ele>59.2</ele>
   </trkpt>
   <trkpt lat="56.0383400" lon="10.2060750">
    <ele>59.2</ele>
   </trkpt>
   <trkpt lat="56.0383450" lon="10.2061590">
    <ele>59.4</ele>
   </trkpt>
   <trkpt lat="56.0383490" lon="10.2062430">
    <ele>59.4</ele>
   </trkpt>
   <trkpt lat="56.0383490" lon="10.2063270">
    <ele>59.4</ele>
   </trkpt>
   <trkpt lat="56.0383500" lon="10.2064090">
    <ele>59.4</ele>
   </trkpt>
   <trkpt lat="56.0383540" lon="10.2064880">
    <ele>59.4</ele>
   </trkpt>
   <trkpt lat="56.0383570" lon="10.2065660">
    <ele>59.4</ele>
   </trkpt>
   <trkpt lat="56.0383630" lon="10.2066400">
    <ele>59.4</ele>
   </trkpt>
   <trkpt lat="56.0383680" lon="10.2067110">
    <ele>59.4</ele>
   </trkpt>
   <trkpt lat="56.0383700" lon="10.2067770">
    <ele>59.6</ele>
   </trkpt>
   <trkpt lat="56.0383730" lon="10.2068400">
    <ele>59.6</ele>
   </trkpt>
   <trkpt lat="56.0383770" lon="10.2068960">
    <ele>59.6</ele>
   </trkpt>
   <trkpt lat="56.0383830" lon="10.2069500">
    <ele>59.6</ele>
   </trkpt>
   <trkpt lat="56.0383850" lon="10.2070070">
    <ele>59.6</ele>
   </trkpt>
   <trkpt lat="56.0383830" lon="10.2070670">
    <ele>59.6</ele>
   </trkpt>
   <trkpt lat="56.0383830" lon="10.2071290">
    <ele>59.6</ele>
   </trkpt>
   <trkpt lat="56.0383850" lon="10.2071940">
    <ele>59.6</ele>
   </trkpt>
   <trkpt lat="56.0383880" lon="10.2072600">
    <ele>59.8</ele>
   </trkpt>
   <trkpt lat="56.0383920" lon="10.2073260">
    <ele>59.8</ele>
   </trkpt>
   <trkpt lat="56.0383960" lon="10.2073950">
    <ele>59.8</ele>
   </trkpt>
   <trkpt lat="56.0384000" lon="10.2074640">
    <ele>59.8</ele>
   </trkpt>
   <trkpt lat="56.0384030" lon="10.2075320">
    <ele>59.8</ele>
   </trkpt>
   <trkpt lat="56.0384050" lon="10.2075970">
    <ele>59.8</ele>
   </trkpt>
   <trkpt lat="56.0384090" lon="10.2076630">
    <ele>59.8</ele>
   </trkpt>
   <trkpt lat="56.0384120" lon="10.2077260">
    <ele>59.8</ele>
   </trkpt>
   <trkpt lat="56.0384140" lon="10.2077900">
    <ele>59.8</ele>
   </trkpt>
   <trkpt lat="56.0384160" lon="10.2078550">
    <ele>59.8</ele>
   </trkpt>
   <trkpt lat="56.0384170" lon="10.2079170">
    <ele>59.8</ele>
   </trkpt>
   <trkpt lat="56.0384190" lon="10.2079810">
    <ele>59.8</ele>
   </trkpt>
   <trkpt lat="56.0384200" lon="10.2080450">
    <ele>59.8</ele>
   </trkpt>
   <trkpt lat="56.0384230" lon="10.2081100">
    <ele>59.8</ele>
   </trkpt>
   <trkpt lat="56.0384270" lon="10.2081780">
    <ele>59.8</ele>
   </trkpt>
   <trkpt lat="56.0384300" lon="10.2082450">
    <ele>59.8</ele>
   </trkpt>
   <trkpt lat="56.0384340" lon="10.2083100">
    <ele>59.8</ele>
   </trkpt>
   <trkpt lat="56.0384370" lon="10.2083730">
    <ele>60.0</ele>
   </trkpt>
   <trkpt lat="56.0384360" lon="10.2084360">
    <ele>60.0</ele>
   </trkpt>
   <trkpt lat="56.0384390" lon="10.2085000">
    <ele>60.0</ele>
   </trkpt>
   <trkpt lat="56.0384450" lon="10.2085640">
    <ele>60.0</ele>
   </trkpt>
   <trkpt lat="56.0384470" lon="10.2086270">
    <ele>60.0</ele>
   </trkpt>
   <trkpt lat="56.0384480" lon="10.2086870">
    <ele>60.0</ele>
   </trkpt>
   <trkpt lat="56.0384480" lon="10.2087390">
    <ele>60.0</ele>
   </trkpt>
   <trkpt lat="56.0384500" lon="10.2087880">
    <ele>60.0</ele>
   </trkpt>
   <trkpt lat="56.0384530" lon="10.2088450">
    <ele>60.0</ele>
   </trkpt>
   <trkpt lat="56.0384570" lon="10.2089090">
    <ele>60.0</ele>
   </trkpt>
   <trkpt lat="56.0384590" lon="10.2089770">
    <ele>60.0</ele>
   </trkpt>
   <trkpt lat="56.0384610" lon="10.2090500">
    <ele>60.0</ele>
   </trkpt>
   <trkpt lat="56.0384640" lon="10.2091230">
    <ele>60.0</ele>
   </trkpt>
   <trkpt lat="56.0384700" lon="10.2091970">
    <ele>60.0</ele>
   </trkpt>
   <trkpt lat="56.0384770" lon="10.2092710">
    <ele>60.0</ele>
   </trkpt>
   <trkpt lat="56.0384820" lon="10.2093440">
    <ele>60.0</ele>
   </trkpt>
   <trkpt lat="56.0384880" lon="10.2094170">
    <ele>60.0</ele>
   </trkpt>
   <trkpt lat="56.0384970" lon="10.2094890">
    <ele>60.0</ele>
   </trkpt>
   <trkpt lat="56.0385070" lon="10.2095590">
    <ele>60.0</ele>
   </trkpt>
   <trkpt lat="56.0385170" lon="10.2096300">
    <ele>60.0</ele>
   </trkpt>
   <trkpt lat="56.0385270" lon="10.2097010">
    <ele>60.0</ele>
   </trkpt>
   <trkpt lat="56.0385360" lon="10.2097740">
    <ele>60.0</ele>
   </trkpt>
   <trkpt lat="56.0385460" lon="10.2098460">
    <ele>60.0</ele>
   </trkpt>
   <trkpt lat="56.0385560" lon="10.2099170">
    <ele>60.0</ele>
   </trkpt>
   <trkpt lat="56.0385680" lon="10.2099880">
    <ele>60.0</ele>
   </trkpt>
   <trkpt lat="56.0385790" lon="10.2100590">
    <ele>60.0</ele>
   </trkpt>
   <trkpt lat="56.0385900" lon="10.2101310">
    <ele>60.2</ele>
   </trkpt>
   <trkpt lat="56.0386010" lon="10.2102030">
    <ele>60.2</ele>
   </trkpt>
   <trkpt lat="56.0386130" lon="10.2102740">
    <ele>60.2</ele>
   </trkpt>
   <trkpt lat="56.0386220" lon="10.2103450">
    <ele>60.2</ele>
   </trkpt>
   <trkpt lat="56.0386310" lon="10.2104170">
    <ele>60.2</ele>
   </trkpt>
   <trkpt lat="56.0386420" lon="10.2104890">
    <ele>60.2</ele>
   </trkpt>
   <trkpt lat="56.0386510" lon="10.2105600">
    <ele>60.2</ele>
   </trkpt>
   <trkpt lat="56.0386610" lon="10.2106290">
    <ele>60.2</ele>
   </trkpt>
   <trkpt lat="56.0386710" lon="10.2106980">
    <ele>60.2</ele>
   </trkpt>
   <trkpt lat="56.0386800" lon="10.2107660">
    <ele>60.2</ele>
   </trkpt>
   <trkpt lat="56.0386900" lon="10.2108360">
    <ele>60.2</ele>
   </trkpt>
   <trkpt lat="56.0387020" lon="10.2109060">
    <ele>60.2</ele>
   </trkpt>
   <trkpt lat="56.0387130" lon="10.2109760">
    <ele>60.2</ele>
   </trkpt>
   <trkpt lat="56.0387230" lon="10.2110430">
    <ele>60.2</ele>
   </trkpt>
   <trkpt lat="56.0387340" lon="10.2111130">
    <ele>60.2</ele>
   </trkpt>
   <trkpt lat="56.0387450" lon="10.2111820">
    <ele>60.4</ele>
   </trkpt>
   <trkpt lat="56.0387540" lon="10.2112500">
    <ele>60.4</ele>
   </trkpt>
   <trkpt lat="56.0387650" lon="10.2113170">
    <ele>60.4</ele>
   </trkpt>
   <trkpt lat="56.0387760" lon="10.2113840">
    <ele>60.4</ele>
   </trkpt>
   <trkpt lat="56.0387860" lon="10.2114550">
    <ele>60.4</ele>
   </trkpt>
   <trkpt lat="56.0387960" lon="10.2115260">
    <ele>60.4</ele>
   </trkpt>
   <trkpt lat="56.0388080" lon="10.2115950">
    <ele>60.4</ele>
   </trkpt>
   <trkpt lat="56.0388170" lon="10.2116670">
    <ele>60.4</ele>
   </trkpt>
   <trkpt lat="56.0388260" lon="10.2117370">
    <ele>60.4</ele>
   </trkpt>
   <trkpt lat="56.0388350" lon="10.2118080">
    <ele>60.4</ele>
   </trkpt>
   <trkpt lat="56.0388450" lon="10.2118750">
    <ele>60.4</ele>
   </trkpt>
   <trkpt lat="56.0388570" lon="10.2119400">
    <ele>60.2</ele>
   </trkpt>
   <trkpt lat="56.0388710" lon="10.2120060">
    <ele>60.2</ele>
   </trkpt>
   <trkpt lat="56.0388840" lon="10.2120750">
    <ele>60.4</ele>
   </trkpt>
   <trkpt lat="56.0388960" lon="10.2121440">
    <ele>60.4</ele>
   </trkpt>
   <trkpt lat="56.0389100" lon="10.2122100">
    <ele>60.2</ele>
   </trkpt>
   <trkpt lat="56.0389200" lon="10.2122780">
    <ele>60.4</ele>
   </trkpt>
   <trkpt lat="56.0389320" lon="10.2123470">
    <ele>60.4</ele>
   </trkpt>
   <trkpt lat="56.0389420" lon="10.2124190">
    <ele>60.4</ele>
   </trkpt>
   <trkpt lat="56.0389530" lon="10.2124950">
    <ele>60.4</ele>
   </trkpt>
   <trkpt lat="56.0389640" lon="10.2125730">
    <ele>60.4</ele>
   </trkpt>
   <trkpt lat="56.0389750" lon="10.2126540">
    <ele>60.4</ele>
   </trkpt>
   <trkpt lat="56.0389860" lon="10.2127330">
    <ele>60.4</ele>
   </trkpt>
   <trkpt lat="56.0389980" lon="10.2128140">
    <ele>60.4</ele>
   </trkpt>
   <trkpt lat="56.0390110" lon="10.2128980">
    <ele>60.4</ele>
   </trkpt>
   <trkpt lat="56.0390230" lon="10.2129820">
    <ele>60.4</ele>
   </trkpt>
   <trkpt lat="56.0390360" lon="10.2130640">
    <ele>60.4</ele>
   </trkpt>
   <trkpt lat="56.0390490" lon="10.2131490">
    <ele>60.4</ele>
   </trkpt>
   <trkpt lat="56.0390640" lon="10.2132370">
    <ele>60.4</ele>
   </trkpt>
   <trkpt lat="56.0390780" lon="10.2133270">
    <ele>60.4</ele>
   </trkpt>
   <trkpt lat="56.0390920" lon="10.2134210">
    <ele>60.4</ele>
   </trkpt>
   <trkpt lat="56.0391060" lon="10.2135180">
    <ele>60.4</ele>
   </trkpt>
   <trkpt lat="56.0391180" lon="10.2136140">
    <ele>60.4</ele>
   </trkpt>
   <trkpt lat="56.0391300" lon="10.2137030">
    <ele>60.6</ele>
   </trkpt>
   <trkpt lat="56.0391430" lon="10.2137930">
    <ele>60.6</ele>
   </trkpt>
   <trkpt lat="56.0391560" lon="10.2138910">
    <ele>60.6</ele>
   </trkpt>
   <trkpt lat="56.0391720" lon="10.2139920">
    <ele>60.6</ele>
   </trkpt>
   <trkpt lat="56.0391880" lon="10.2140930">
    <ele>60.6</ele>
   </trkpt>
   <trkpt lat="56.0392030" lon="10.2141940">
    <ele>60.6</ele>
   </trkpt>
   <trkpt lat="56.0392190" lon="10.2143000">
    <ele>60.8</ele>
   </trkpt>
   <trkpt lat="56.0392330" lon="10.2144030">
    <ele>60.8</ele>
   </trkpt>
   <trkpt lat="56.0392480" lon="10.2145070">
    <ele>60.8</ele>
   </trkpt>
   <trkpt lat="56.0392630" lon="10.2146130">
    <ele>60.8</ele>
   </trkpt>
   <trkpt lat="56.0392800" lon="10.2147190">
    <ele>60.8</ele>
   </trkpt>
   <trkpt lat="56.0392980" lon="10.2148280">
    <ele>61.0</ele>
   </trkpt>
   <trkpt lat="56.0393150" lon="10.2149380">
    <ele>61.0</ele>
   </trkpt>
   <trkpt lat="56.0393290" lon="10.2150460">
    <ele>61.0</ele>
   </trkpt>
   <trkpt lat="56.0393460" lon="10.2151540">
    <ele>61.0</ele>
   </trkpt>
   <trkpt lat="56.0393590" lon="10.2152650">
    <ele>61.0</ele>
   </trkpt>
   <trkpt lat="56.0393750" lon="10.2153750">
    <ele>61.2</ele>
   </trkpt>
   <trkpt lat="56.0393910" lon="10.2154880">
    <ele>61.2</ele>
   </trkpt>
   <trkpt lat="56.0394080" lon="10.2156020">
    <ele>61.2</ele>
   </trkpt>
   <trkpt lat="56.0394250" lon="10.2157170">
    <ele>61.2</ele>
   </trkpt>
   <trkpt lat="56.0394450" lon="10.2158330">
    <ele>61.4</ele>
   </trkpt>
   <trkpt lat="56.0394640" lon="10.2159480">
    <ele>61.4</ele>
   </trkpt>
   <trkpt lat="56.0394820" lon="10.2160630">
    <ele>61.4</ele>
   </trkpt>
   <trkpt lat="56.0395000" lon="10.2161810">
    <ele>61.4</ele>
   </trkpt>
   <trkpt lat="56.0395220" lon="10.2163010">
    <ele>61.4</ele>
   </trkpt>
   <trkpt lat="56.0395440" lon="10.2164180">
    <ele>61.6</ele>
   </trkpt>
   <trkpt lat="56.0395600" lon="10.2165370">
    <ele>61.6</ele>
   </trkpt>
   <trkpt lat="56.0395740" lon="10.2166560">
    <ele>61.6</ele>
   </trkpt>
   <trkpt lat="56.0395900" lon="10.2167740">
    <ele>61.6</ele>
   </trkpt>
   <trkpt lat="56.0396050" lon="10.2168890">
    <ele>61.6</ele>
   </trkpt>
   <trkpt lat="56.0396210" lon="10.2170050">
    <ele>61.8</ele>
   </trkpt>
   <trkpt lat="56.0396380" lon="10.2171190">
    <ele>61.8</ele>
   </trkpt>
   <trkpt lat="56.0396550" lon="10.2172330">
    <ele>62.0</ele>
   </trkpt>
   <trkpt lat="56.0396720" lon="10.2173450">
    <ele>62.0</ele>
   </trkpt>
   <trkpt lat="56.0396880" lon="10.2174590">
    <ele>62.0</ele>
   </trkpt>
   <trkpt lat="56.0397030" lon="10.2175730">
    <ele>62.0</ele>
   </trkpt>
   <trkpt lat="56.0397150" lon="10.2176870">
    <ele>62.0</ele>
   </trkpt>
   <trkpt lat="56.0397260" lon="10.2178060">
    <ele>62.0</ele>
   </trkpt>
   <trkpt lat="56.0397360" lon="10.2179260">
    <ele>62.0</ele>
   </trkpt>
   <trkpt lat="56.0397440" lon="10.2180410">
    <ele>62.2</ele>
   </trkpt>
   <trkpt lat="56.0397520" lon="10.2181550">
    <ele>62.2</ele>
   </trkpt>
   <trkpt lat="56.0397600" lon="10.2182700">
    <ele>62.2</ele>
   </trkpt>
   <trkpt lat="56.0397670" lon="10.2183830">
    <ele>62.4</ele>
   </trkpt>
   <trkpt lat="56.0397710" lon="10.2184970">
    <ele>62.4</ele>
   </trkpt>
   <trkpt lat="56.0397740" lon="10.2186100">
    <ele>62.4</ele>
   </trkpt>
   <trkpt lat="56.0397790" lon="10.2187260">
    <ele>62.6</ele>
   </trkpt>
   <trkpt lat="56.0397850" lon="10.2188430">
    <ele>62.6</ele>
   </trkpt>
   <trkpt lat="56.0397920" lon="10.2189620">
    <ele>62.6</ele>
   </trkpt>
   <trkpt lat="56.0397980" lon="10.2190770">
    <ele>62.6</ele>
   </trkpt>
   <trkpt lat="56.0398020" lon="10.2191920">
    <ele>62.6</ele>
   </trkpt>
   <trkpt lat="56.0398070" lon="10.2193050">
    <ele>62.6</ele>
   </trkpt>
   <trkpt lat="56.0398140" lon="10.2194170">
    <ele>62.8</ele>
   </trkpt>
   <trkpt lat="56.0398210" lon="10.2195290">
    <ele>62.8</ele>
   </trkpt>
   <trkpt lat="56.0398250" lon="10.2196420">
    <ele>62.8</ele>
   </trkpt>
   <trkpt lat="56.0398280" lon="10.2197540">
    <ele>62.8</ele>
   </trkpt>
   <trkpt lat="56.0398340" lon="10.2198680">
    <ele>62.8</ele>
   </trkpt>
   <trkpt lat="56.0398380" lon="10.2199830">
    <ele>62.8</ele>
   </trkpt>
   <trkpt lat="56.0398430" lon="10.2201000">
    <ele>62.8</ele>
   </trkpt>
   <trkpt lat="56.0398490" lon="10.2202150">
    <ele>63.0</ele>
   </trkpt>
   <trkpt lat="56.0398550" lon="10.2203310">
    <ele>63.0</ele>
   </trkpt>
   <trkpt lat="56.0398610" lon="10.2204440">
    <ele>63.0</ele>
   </trkpt>
   <trkpt lat="56.0398650" lon="10.2205550">
    <ele>63.0</ele>
   </trkpt>
   <trkpt lat="56.0398700" lon="10.2206680">
    <ele>63.2</ele>
   </trkpt>
   <trkpt lat="56.0398770" lon="10.2207820">
    <ele>63.2</ele>
   </trkpt>
   <trkpt lat="56.0398830" lon="10.2208930">
    <ele>63.2</ele>
   </trkpt>
   <trkpt lat="56.0398880" lon="10.2210050">
    <ele>63.2</ele>
   </trkpt>
   <trkpt lat="56.0398930" lon="10.2211190">
    <ele>63.2</ele>
   </trkpt>
   <trkpt lat="56.0399000" lon="10.2212350">
    <ele>63.2</ele>
   </trkpt>
   <trkpt lat="56.0399060" lon="10.2213510">
    <ele>63.2</ele>
   </trkpt>
   <trkpt lat="56.0399140" lon="10.2214670">
    <ele>63.2</ele>
   </trkpt>
   <trkpt lat="56.0399220" lon="10.2215790">
    <ele>63.2</ele>
   </trkpt>
   <trkpt lat="56.0399300" lon="10.2216940">
    <ele>63.2</ele>
   </trkpt>
   <trkpt lat="56.0399340" lon="10.2218120">
    <ele>63.2</ele>
   </trkpt>
   <trkpt lat="56.0399340" lon="10.2219290">
    <ele>63.2</ele>
   </trkpt>
   <trkpt lat="56.0399340" lon="10.2220480">
    <ele>63.2</ele>
   </trkpt>
   <trkpt lat="56.0399380" lon="10.2221670">
    <ele>63.4</ele>
   </trkpt>
   <trkpt lat="56.0399440" lon="10.2222820">
    <ele>63.2</ele>
   </trkpt>
   <trkpt lat="56.0399500" lon="10.2223980">
    <ele>63.2</ele>
   </trkpt>
   <trkpt lat="56.0399530" lon="10.2225170">
    <ele>63.2</ele>
   </trkpt>
   <trkpt lat="56.0399580" lon="10.2226340">
    <ele>63.2</ele>
   </trkpt>
   <trkpt lat="56.0399640" lon="10.2227510">
    <ele>63.2</ele>
   </trkpt>
   <trkpt lat="56.0399700" lon="10.2228650">
    <ele>63.2</ele>
   </trkpt>
   <trkpt lat="56.0399750" lon="10.2229830">
    <ele>63.2</ele>
   </trkpt>
   <trkpt lat="56.0399810" lon="10.2231020">
    <ele>63.0</ele>
   </trkpt>
   <trkpt lat="56.0399880" lon="10.2232250">
    <ele>63.0</ele>
   </trkpt>
   <trkpt lat="56.0399940" lon="10.2233490">
    <ele>63.0</ele>
   </trkpt>
   <trkpt lat="56.0399990" lon="10.2234740">
    <ele>63.0</ele>
   </trkpt>
   <trkpt lat="56.0400040" lon="10.2236040">
    <ele>63.0</ele>
   </trkpt>
   <trkpt lat="56.0400100" lon="10.2237360">
    <ele>63.0</ele>
   </trkpt>
   <trkpt lat="56.0400160" lon="10.2238700">
    <ele>63.0</ele>
   </trkpt>
   <trkpt lat="56.0400210" lon="10.2240020">
    <ele>63.0</ele>
   </trkpt>
   <trkpt lat="56.0400280" lon="10.2241340">
    <ele>63.0</ele>
   </trkpt>
   <trkpt lat="56.0400360" lon="10.2242700">
    <ele>63.0</ele>
   </trkpt>
   <trkpt lat="56.0400440" lon="10.2244090">
    <ele>63.0</ele>
   </trkpt>
   <trkpt lat="56.0400490" lon="10.2245450">
    <ele>62.8</ele>
   </trkpt>
   <trkpt lat="56.0400550" lon="10.2246840">
    <ele>62.8</ele>
   </trkpt>
   <trkpt lat="56.0400620" lon="10.2248230">
    <ele>62.8</ele>
   </trkpt>
   <trkpt lat="56.0400690" lon="10.2249620">
    <ele>62.8</ele>
   </trkpt>
   <trkpt lat="56.0400770" lon="10.2251040">
    <ele>62.8</ele>
   </trkpt>
   <trkpt lat="56.0400870" lon="10.2252450">
    <ele>62.8</ele>
   </trkpt>
   <trkpt lat="56.0400950" lon="10.2253830">
    <ele>62.8</ele>
   </trkpt>
   <trkpt lat="56.0401020" lon="10.2255210">
    <ele>62.8</ele>
   </trkpt>
   <trkpt lat="56.0401080" lon="10.2256570">
    <ele>62.8</ele>
   </trkpt>
   <trkpt lat="56.0401140" lon="10.2257930">
    <ele>62.8</ele>
   </trkpt>
   <trkpt lat="56.0401190" lon="10.2259320">
    <ele>62.8</ele>
   </trkpt>
   <trkpt lat="56.0401230" lon="10.2260700">
    <ele>62.8</ele>
   </trkpt>
   <trkpt lat="56.0401260" lon="10.2262060">
    <ele>62.8</ele>
   </trkpt>
   <trkpt lat="56.0401280" lon="10.2263410">
    <ele>62.8</ele>
   </trkpt>
   <trkpt lat="56.0401300" lon="10.2264730">
    <ele>62.8</ele>
   </trkpt>
   <trkpt lat="56.0401320" lon="10.2266030">
    <ele>62.8</ele>
   </trkpt>
   <trkpt lat="56.0401340" lon="10.2267320">
    <ele>62.8</ele>
   </trkpt>
   <trkpt lat="56.0401380" lon="10.2268590">
    <ele>62.8</ele>
   </trkpt>
   <trkpt lat="56.0401430" lon="10.2269850">
    <ele>62.8</ele>
   </trkpt>
   <trkpt lat="56.0401470" lon="10.2271080">
    <ele>62.8</ele>
   </trkpt>
   <trkpt lat="56.0401510" lon="10.2272310">
    <ele>62.8</ele>
   </trkpt>
   <trkpt lat="56.0401520" lon="10.2273500">
    <ele>62.8</ele>
   </trkpt>
   <trkpt lat="56.0401560" lon="10.2274700">
    <ele>62.8</ele>
   </trkpt>
   <trkpt lat="56.0401580" lon="10.2275910">
    <ele>62.8</ele>
   </trkpt>
   <trkpt lat="56.0401610" lon="10.2277130">
    <ele>62.8</ele>
   </trkpt>
   <trkpt lat="56.0401650" lon="10.2278380">
    <ele>62.6</ele>
   </trkpt>
   <trkpt lat="56.0401670" lon="10.2279630">
    <ele>62.6</ele>
   </trkpt>
   <trkpt lat="56.0401650" lon="10.2280930">
    <ele>62.6</ele>
   </trkpt>
   <trkpt lat="56.0401610" lon="10.2282270">
    <ele>62.6</ele>
   </trkpt>
   <trkpt lat="56.0401560" lon="10.2283610">
    <ele>62.6</ele>
   </trkpt>
   <trkpt lat="56.0401520" lon="10.2284990">
    <ele>62.6</ele>
   </trkpt>
   <trkpt lat="56.0401470" lon="10.2286390">
    <ele>62.6</ele>
   </trkpt>
   <trkpt lat="56.0401430" lon="10.2287810">
    <ele>62.6</ele>
   </trkpt>
   <trkpt lat="56.0401390" lon="10.2289240">
    <ele>62.4</ele>
   </trkpt>
   <trkpt lat="56.0401340" lon="10.2290690">
    <ele>62.4</ele>
   </trkpt>
   <trkpt lat="56.0401300" lon="10.2292150">
    <ele>62.4</ele>
   </trkpt>
   <trkpt lat="56.0401270" lon="10.2293700">
    <ele>62.4</ele>
   </trkpt>
   <trkpt lat="56.0401200" lon="10.2295250">
    <ele>62.4</ele>
   </trkpt>
   <trkpt lat="56.0401140" lon="10.2296860">
    <ele>62.4</ele>
   </trkpt>
   <trkpt lat="56.0401070" lon="10.2298480">
    <ele>62.2</ele>
   </trkpt>
   <trkpt lat="56.0400990" lon="10.2300130">
    <ele>62.2</ele>
   </trkpt>
   <trkpt lat="56.0400910" lon="10.2301820">
    <ele>62.2</ele>
   </trkpt>
   <trkpt lat="56.0400830" lon="10.2303540">
    <ele>62.2</ele>
   </trkpt>
   <trkpt lat="56.0400720" lon="10.2305270">
    <ele>62.0</ele>
   </trkpt>
   <trkpt lat="56.0400610" lon="10.2306960">
    <ele>62.0</ele>
   </trkpt>
   <trkpt lat="56.0400470" lon="10.2308650">
    <ele>62.0</ele>
   </trkpt>
   <trkpt lat="56.0400340" lon="10.2310360">
    <ele>62.0</ele>
   </trkpt>
   <trkpt lat="56.0400220" lon="10.2312050">
    <ele>62.0</ele>
   </trkpt>
   <trkpt lat="56.0400100" lon="10.2313720">
    <ele>61.8</ele>
   </trkpt>
   <trkpt lat="56.0399980" lon="10.2315370">
    <ele>61.8</ele>
   </trkpt>
   <trkpt lat="56.0399860" lon="10.2317010">
    <ele>61.8</ele>
   </trkpt>
   <trkpt lat="56.0399750" lon="10.2318610">
    <ele>61.8</ele>
   </trkpt>
   <trkpt lat="56.0399620" lon="10.2320180">
    <ele>61.6</ele>
   </trkpt>
   <trkpt lat="56.0399480" lon="10.2321720">
    <ele>61.6</ele>
   </trkpt>
   <trkpt lat="56.0399360" lon="10.2323260">
    <ele>61.6</ele>
   </trkpt>
   <trkpt lat="56.0399250" lon="10.2324780">
    <ele>61.6</ele>
   </trkpt>
   <trkpt lat="56.0399140" lon="10.2326290">
    <ele>61.4</ele>
   </trkpt>
   <trkpt lat="56.0399040" lon="10.2327770">
    <ele>61.4</ele>
   </trkpt>
   <trkpt lat="56.0398930" lon="10.2329220">
    <ele>61.4</ele>
   </trkpt>
   <trkpt lat="56.0398830" lon="10.2330640">
    <ele>61.4</ele>
   </trkpt>
   <trkpt lat="56.0398710" lon="10.2332090">
    <ele>61.4</ele>
   </trkpt>
   <trkpt lat="56.0398600" lon="10.2333510">
    <ele>61.4</ele>
   </trkpt>
   <trkpt lat="56.0398490" lon="10.2334920">
    <ele>61.4</ele>
   </trkpt>
   <trkpt lat="56.0398380" lon="10.2336340">
    <ele>61.4</ele>
   </trkpt>
   <trkpt lat="56.0398270" lon="10.2337790">
    <ele>61.4</ele>
   </trkpt>
   <trkpt lat="56.0398150" lon="10.2339270">
    <ele>61.4</ele>
   </trkpt>
   <trkpt lat="56.0398010" lon="10.2340830">
    <ele>61.4</ele>
   </trkpt>
   <trkpt lat="56.0397910" lon="10.2342400">
    <ele>61.4</ele>
   </trkpt>
   <trkpt lat="56.0397790" lon="10.2343930">
    <ele>61.4</ele>
   </trkpt>
   <trkpt lat="56.0397660" lon="10.2345450">
    <ele>61.4</ele>
   </trkpt>
   <trkpt lat="56.0397580" lon="10.2346970">
    <ele>61.4</ele>
   </trkpt>
   <trkpt lat="56.0397480" lon="10.2348460">
    <ele>61.4</ele>
   </trkpt>
   <trkpt lat="56.0397370" lon="10.2349920">
    <ele>61.4</ele>
   </trkpt>
   <trkpt lat="56.0397270" lon="10.2351350">
    <ele>61.4</ele>
   </trkpt>
   <trkpt lat="56.0397150" lon="10.2352770">
    <ele>61.4</ele>
   </trkpt>
   <trkpt lat="56.0397020" lon="10.2354140">
    <ele>61.4</ele>
   </trkpt>
   <trkpt lat="56.0396910" lon="10.2355530">
    <ele>61.4</ele>
   </trkpt>
   <trkpt lat="56.0396810" lon="10.2356890">
    <ele>61.4</ele>
   </trkpt>
   <trkpt lat="56.0396730" lon="10.2358250">
    <ele>61.4</ele>
   </trkpt>
   <trkpt lat="56.0396660" lon="10.2359600">
    <ele>61.4</ele>
   </trkpt>
   <trkpt lat="56.0396550" lon="10.2360920">
    <ele>61.4</ele>
   </trkpt>
   <trkpt lat="56.0396440" lon="10.2362210">
    <ele>61.4</ele>
   </trkpt>
   <trkpt lat="56.0396340" lon="10.2363490">
    <ele>61.4</ele>
   </trkpt>
   <trkpt lat="56.0396250" lon="10.2364720">
    <ele>61.4</ele>
   </trkpt>
   <trkpt lat="56.0396210" lon="10.2365890">
    <ele>61.4</ele>
   </trkpt>
   <trkpt lat="56.0396290" lon="10.2366930">
    <ele>61.4</ele>
   </trkpt>
   <trkpt lat="56.0396470" lon="10.2367820">
    <ele>61.4</ele>
   </trkpt>
   <trkpt lat="56.0396560" lon="10.2368590">
    <ele>61.4</ele>
   </trkpt>
   <trkpt lat="56.0396460" lon="10.2369250">
    <ele>61.4</ele>
   </trkpt>
   <trkpt lat="56.0396340" lon="10.2369850">
    <ele>61.4</ele>
   </trkpt>
   <trkpt lat="56.0396340" lon="10.2370500">
    <ele>61.4</ele>
   </trkpt>
   <trkpt lat="56.0396510" lon="10.2371110">
    <ele>61.2</ele>
   </trkpt>
   <trkpt lat="56.0396820" lon="10.2371670">
    <ele>61.2</ele>
   </trkpt>
   <trkpt lat="56.0397220" lon="10.2372180">
    <ele>61.2</ele>
   </trkpt>
   <trkpt lat="56.0397660" lon="10.2372700">
    <ele>61.2</ele>
   </trkpt>
   <trkpt lat="56.0398120" lon="10.2373280">
    <ele>61.0</ele>
   </trkpt>
   <trkpt lat="56.0398620" lon="10.2373840">
    <ele>61.0</ele>
   </trkpt>
   <trkpt lat="56.0399200" lon="10.2374320">
    <ele>61.0</ele>
   </trkpt>
   <trkpt lat="56.0399830" lon="10.2374710">
    <ele>61.0</ele>
   </trkpt>
   <trkpt lat="56.0400480" lon="10.2375080">
    <ele>60.8</ele>
   </trkpt>
   <trkpt lat="56.0401140" lon="10.2375480">
    <ele>60.8</ele>
   </trkpt>
   <trkpt lat="56.0401800" lon="10.2375920">
    <ele>60.8</ele>
   </trkpt>
   <trkpt lat="56.0402490" lon="10.2376360">
    <ele>60.8</ele>
   </trkpt>
   <trkpt lat="56.0403190" lon="10.2376800">
    <ele>60.8</ele>
   </trkpt>
   <trkpt lat="56.0403890" lon="10.2377260">
    <ele>60.8</ele>
   </trkpt>
   <trkpt lat="56.0404620" lon="10.2377720">
    <ele>60.8</ele>
   </trkpt>
   <trkpt lat="56.0405320" lon="10.2378160">
    <ele>60.6</ele>
   </trkpt>
   <trkpt lat="56.0406040" lon="10.2378630">
    <ele>60.6</ele>
   </trkpt>
   <trkpt lat="56.0406770" lon="10.2379110">
    <ele>60.6</ele>
   </trkpt>
   <trkpt lat="56.0407490" lon="10.2379570">
    <ele>60.6</ele>
   </trkpt>
   <trkpt lat="56.0408200" lon="10.2380000">
    <ele>60.6</ele>
   </trkpt>
   <trkpt lat="56.0408920" lon="10.2380440">
    <ele>60.6</ele>
   </trkpt>
   <trkpt lat="56.0409640" lon="10.2380900">
    <ele>60.6</ele>
   </trkpt>
   <trkpt lat="56.0410360" lon="10.2381360">
    <ele>60.6</ele>
   </trkpt>
   <trkpt lat="56.0411080" lon="10.2381830">
    <ele>60.6</ele>
   </trkpt>
   <trkpt lat="56.0411780" lon="10.2382290">
    <ele>60.6</ele>
   </trkpt>
   <trkpt lat="56.0412490" lon="10.2382730">
    <ele>60.6</ele>
   </trkpt>
   <trkpt lat="56.0413210" lon="10.2383170">
    <ele>60.6</ele>
   </trkpt>
   <trkpt lat="56.0413930" lon="10.2383580">
    <ele>60.6</ele>
   </trkpt>
   <trkpt lat="56.0414610" lon="10.2384010">
    <ele>60.6</ele>
   </trkpt>
   <trkpt lat="56.0415290" lon="10.2384490">
    <ele>60.6</ele>
   </trkpt>
   <trkpt lat="56.0415970" lon="10.2384950">
    <ele>60.4</ele>
   </trkpt>
   <trkpt lat="56.0416680" lon="10.2385390">
    <ele>60.4</ele>
   </trkpt>
   <trkpt lat="56.0417370" lon="10.2385840">
    <ele>60.4</ele>
   </trkpt>
   <trkpt lat="56.0418050" lon="10.2386300">
    <ele>60.4</ele>
   </trkpt>
   <trkpt lat="56.0418730" lon="10.2386770">
    <ele>60.4</ele>
   </trkpt>
   <trkpt lat="56.0419420" lon="10.2387220">
    <ele>60.4</ele>
   </trkpt>
   <trkpt lat="56.0420110" lon="10.2387650">
    <ele>60.4</ele>
   </trkpt>
   <trkpt lat="56.0420800" lon="10.2388100">
    <ele>60.4</ele>
   </trkpt>
   <trkpt lat="56.0421500" lon="10.2388550">
    <ele>60.4</ele>
   </trkpt>
   <trkpt lat="56.0422190" lon="10.2388990">
    <ele>60.4</ele>
   </trkpt>
   <trkpt lat="56.0422900" lon="10.2389420">
    <ele>60.4</ele>
   </trkpt>
   <trkpt lat="56.0423600" lon="10.2389850">
    <ele>60.2</ele>
   </trkpt>
   <trkpt lat="56.0424280" lon="10.2390270">
    <ele>60.2</ele>
   </trkpt>
   <trkpt lat="56.0424940" lon="10.2390720">
    <ele>60.2</ele>
   </trkpt>
   <trkpt lat="56.0425610" lon="10.2391170">
    <ele>60.2</ele>
   </trkpt>
   <trkpt lat="56.0426280" lon="10.2391600">
    <ele>60.2</ele>
   </trkpt>
   <trkpt lat="56.0426940" lon="10.2392040">
    <ele>60.2</ele>
   </trkpt>
   <trkpt lat="56.0427610" lon="10.2392470">
    <ele>60.2</ele>
   </trkpt>
   <trkpt lat="56.0428280" lon="10.2392860">
    <ele>60.2</ele>
   </trkpt>
   <trkpt lat="56.0428940" lon="10.2393200">
    <ele>60.2</ele>
   </trkpt>
   <trkpt lat="56.0429620" lon="10.2393550">
    <ele>60.2</ele>
   </trkpt>
   <trkpt lat="56.0430310" lon="10.2393860">
    <ele>60.2</ele>
   </trkpt>
   <trkpt lat="56.0431000" lon="10.2394120">
    <ele>60.2</ele>
   </trkpt>
   <trkpt lat="56.0431720" lon="10.2394300">
    <ele>60.2</ele>
   </trkpt>
   <trkpt lat="56.0432430" lon="10.2394450">
    <ele>60.2</ele>
   </trkpt>
   <trkpt lat="56.0433140" lon="10.2394570">
    <ele>60.2</ele>
   </trkpt>
   <trkpt lat="56.0433860" lon="10.2394680">
    <ele>60.2</ele>
   </trkpt>
   <trkpt lat="56.0434560" lon="10.2394760">
    <ele>60.2</ele>
   </trkpt>
   <trkpt lat="56.0435290" lon="10.2394840">
    <ele>60.0</ele>
   </trkpt>
   <trkpt lat="56.0436020" lon="10.2394910">
    <ele>60.0</ele>
   </trkpt>
   <trkpt lat="56.0436740" lon="10.2394890">
    <ele>60.0</ele>
   </trkpt>
   <trkpt lat="56.0437460" lon="10.2394850">
    <ele>60.0</ele>
   </trkpt>
   <trkpt lat="56.0438180" lon="10.2394790">
    <ele>60.0</ele>
   </trkpt>
   <trkpt lat="56.0438870" lon="10.2394740">
    <ele>60.0</ele>
   </trkpt>
   <trkpt lat="56.0439550" lon="10.2394640">
    <ele>60.0</ele>
   </trkpt>
   <trkpt lat="56.0440230" lon="10.2394470">
    <ele>60.0</ele>
   </trkpt>
   <trkpt lat="56.0440870" lon="10.2394270">
    <ele>60.0</ele>
   </trkpt>
   <trkpt lat="56.0441490" lon="10.2394060">
    <ele>60.0</ele>
   </trkpt>
   <trkpt lat="56.0442110" lon="10.2393880">
    <ele>60.0</ele>
   </trkpt>
   <trkpt lat="56.0442710" lon="10.2393750">
    <ele>60.0</ele>
   </trkpt>
   <trkpt lat="56.0443300" lon="10.2393610">
    <ele>60.0</ele>
   </trkpt>
   <trkpt lat="56.0443900" lon="10.2393500">
    <ele>60.0</ele>
   </trkpt>
   <trkpt lat="56.0444500" lon="10.2393430">
    <ele>60.0</ele>
   </trkpt>
   <trkpt lat="56.0445120" lon="10.2393450">
    <ele>60.0</ele>
   </trkpt>
   <trkpt lat="56.0445750" lon="10.2393570">
    <ele>60.0</ele>
   </trkpt>
   <trkpt lat="56.0446350" lon="10.2393810">
    <ele>60.0</ele>
   </trkpt>
   <trkpt lat="56.0446940" lon="10.2394120">
    <ele>60.0</ele>
   </trkpt>
   <trkpt lat="56.0447520" lon="10.2394500">
    <ele>60.0</ele>
   </trkpt>
   <trkpt lat="56.0448090" lon="10.2394940">
    <ele>60.0</ele>
   </trkpt>
   <trkpt lat="56.0448660" lon="10.2395430">
    <ele>60.0</ele>
   </trkpt>
   <trkpt lat="56.0449260" lon="10.2395970">
    <ele>60.0</ele>
   </trkpt>
   <trkpt lat="56.0449870" lon="10.2396580">
    <ele>60.0</ele>
   </trkpt>
   <trkpt lat="56.0450510" lon="10.2397190">
    <ele>60.0</ele>
   </trkpt>
   <trkpt lat="56.0451180" lon="10.2397790">
    <ele>59.8</ele>
   </trkpt>
   <trkpt lat="56.0451870" lon="10.2398390">
    <ele>59.8</ele>
   </trkpt>
   <trkpt lat="56.0452560" lon="10.2398980">
    <ele>59.8</ele>
   </trkpt>
   <trkpt lat="56.0453250" lon="10.2399610">
    <ele>59.6</ele>
   </trkpt>
   <trkpt lat="56.0453930" lon="10.2400220">
    <ele>59.6</ele>
   </trkpt>
   <trkpt lat="56.0454610" lon="10.2400840">
    <ele>59.6</ele>
   </trkpt>
   <trkpt lat="56.0455290" lon="10.2401450">
    <ele>59.6</ele>
   </trkpt>
   <trkpt lat="56.0455940" lon="10.2402110">
    <ele>59.6</ele>
   </trkpt>
   <trkpt lat="56.0456560" lon="10.2402760">
    <ele>59.4</ele>
   </trkpt>
   <trkpt lat="56.0457170" lon="10.2403400">
    <ele>59.4</ele>
   </trkpt>
   <trkpt lat="56.0457770" lon="10.2404070">
    <ele>59.4</ele>
   </trkpt>
   <trkpt lat="56.0458350" lon="10.2404770">
    <ele>59.4</ele>
   </trkpt>
   <trkpt lat="56.0458920" lon="10.2405510">
    <ele>59.4</ele>
   </trkpt>
   <trkpt lat="56.0459520" lon="10.2406210">
    <ele>59.4</ele>
   </trkpt>
   <trkpt lat="56.0460140" lon="10.2406910">
    <ele>59.4</ele>
   </trkpt>
   <trkpt lat="56.0460790" lon="10.2407600">
    <ele>59.4</ele>
   </trkpt>
   <trkpt lat="56.0461490" lon="10.2408230">
    <ele>59.4</ele>
   </trkpt>
   <trkpt lat="56.0462220" lon="10.2408780">
    <ele>59.4</ele>
   </trkpt>
   <trkpt lat="56.0462950" lon="10.2409230">
    <ele>59.2</ele>
   </trkpt>
   <trkpt lat="56.0463690" lon="10.2409650">
    <ele>59.2</ele>
   </trkpt>
   <trkpt lat="56.0464460" lon="10.2410020">
    <ele>59.2</ele>
   </trkpt>
   <trkpt lat="56.0465210" lon="10.2410350">
    <ele>59.2</ele>
   </trkpt>
   <trkpt lat="56.0465960" lon="10.2410670">
    <ele>59.2</ele>
   </trkpt>
   <trkpt lat="56.0466680" lon="10.2411020">
    <ele>59.2</ele>
   </trkpt>
   <trkpt lat="56.0467390" lon="10.2411380">
    <ele>59.2</ele>
   </trkpt>
   <trkpt lat="56.0468090" lon="10.2411760">
    <ele>59.2</ele>
   </trkpt>
   <trkpt lat="56.0468790" lon="10.2412100">
    <ele>59.0</ele>
   </trkpt>
   <trkpt lat="56.0469520" lon="10.2412480">
    <ele>59.0</ele>
   </trkpt>
   <trkpt lat="56.0470280" lon="10.2412880">
    <ele>59.0</ele>
   </trkpt>
   <trkpt lat="56.0471040" lon="10.2413290">
    <ele>59.0</ele>
   </trkpt>
   <trkpt lat="56.0471840" lon="10.2413710">
    <ele>59.0</ele>
   </trkpt>
   <trkpt lat="56.0472670" lon="10.2414130">
    <ele>59.0</ele>
   </trkpt>
   <trkpt lat="56.0473510" lon="10.2414540">
    <ele>58.8</ele>
   </trkpt>
   <trkpt lat="56.0474360" lon="10.2414990">
    <ele>58.8</ele>
   </trkpt>
   <trkpt lat="56.0475240" lon="10.2415430">
    <ele>58.8</ele>
   </trkpt>
   <trkpt lat="56.0476090" lon="10.2415850">
    <ele>58.6</ele>
   </trkpt>
   <trkpt lat="56.0476950" lon="10.2416260">
    <ele>58.6</ele>
   </trkpt>
   <trkpt lat="56.0477800" lon="10.2416620">
    <ele>58.6</ele>
   </trkpt>
   <trkpt lat="56.0478620" lon="10.2417000">
    <ele>58.6</ele>
   </trkpt>
   <trkpt lat="56.0479410" lon="10.2417410">
    <ele>58.6</ele>
   </trkpt>
   <trkpt lat="56.0480190" lon="10.2417830">
    <ele>58.4</ele>
   </trkpt>
   <trkpt lat="56.0480960" lon="10.2418240">
    <ele>58.4</ele>
   </trkpt>
   <trkpt lat="56.0481690" lon="10.2418630">
    <ele>58.4</ele>
   </trkpt>
   <trkpt lat="56.0482430" lon="10.2419100">
    <ele>58.4</ele>
   </trkpt>
   <trkpt lat="56.0483170" lon="10.2419630">
    <ele>58.4</ele>
   </trkpt>
   <trkpt lat="56.0483870" lon="10.2420080">
    <ele>58.4</ele>
   </trkpt>
   <trkpt lat="56.0484570" lon="10.2420520">
    <ele>58.4</ele>
   </trkpt>
   <trkpt lat="56.0485270" lon="10.2420970">
    <ele>58.4</ele>
   </trkpt>
   <trkpt lat="56.0485960" lon="10.2421510">
    <ele>58.4</ele>
   </trkpt>
   <trkpt lat="56.0486620" lon="10.2422020">
    <ele>58.2</ele>
   </trkpt>
   <trkpt lat="56.0487270" lon="10.2422560">
    <ele>58.2</ele>
   </trkpt>
   <trkpt lat="56.0487890" lon="10.2423080">
    <ele>58.2</ele>
   </trkpt>
   <trkpt lat="56.0488510" lon="10.2423580">
    <ele>58.2</ele>
   </trkpt>
   <trkpt lat="56.0489140" lon="10.2424040">
    <ele>58.0</ele>
   </trkpt>
   <trkpt lat="56.0489750" lon="10.2424480">
    <ele>58.0</ele>
   </trkpt>
   <trkpt lat="56.0490340" lon="10.2424940">
    <ele>58.0</ele>
   </trkpt>
   <trkpt lat="56.0490930" lon="10.2425380">
    <ele>58.0</ele>
   </trkpt>
   <trkpt lat="56.0491530" lon="10.2425730">
    <ele>58.0</ele>
   </trkpt>
   <trkpt lat="56.0492130" lon="10.2426010">
    <ele>58.0</ele>
   </trkpt>
   <trkpt lat="56.0492740" lon="10.2426230">
    <ele>57.8</ele>
   </trkpt>
   <trkpt lat="56.0493370" lon="10.2426450">
    <ele>57.8</ele>
   </trkpt>
   <trkpt lat="56.0493990" lon="10.2426590">
    <ele>57.8</ele>
   </trkpt>
   <trkpt lat="56.0494630" lon="10.2426750">
    <ele>57.8</ele>
   </trkpt>
   <trkpt lat="56.0495260" lon="10.2426790">
    <ele>57.8</ele>
   </trkpt>
   <trkpt lat="56.0495880" lon="10.2426760">
    <ele>57.8</ele>
   </trkpt>
   <trkpt lat="56.0496440" lon="10.2426750">
    <ele>57.8</ele>
   </trkpt>
   <trkpt lat="56.0497060" lon="10.2426760">
    <ele>57.8</ele>
   </trkpt>
   <trkpt lat="56.0497720" lon="10.2426790">
    <ele>57.8</ele>
   </trkpt>
   <trkpt lat="56.0498370" lon="10.2426860">
    <ele>57.8</ele>
   </trkpt>
   <trkpt lat="56.0499020" lon="10.2426920">
    <ele>57.8</ele>
   </trkpt>
   <trkpt lat="56.0499660" lon="10.2426970">
    <ele>57.8</ele>
   </trkpt>
   <trkpt lat="56.0500310" lon="10.2426980">
    <ele>57.8</ele>
   </trkpt>
   <trkpt lat="56.0500980" lon="10.2427030">
    <ele>57.8</ele>
   </trkpt>
   <trkpt lat="56.0501660" lon="10.2427120">
    <ele>57.8</ele>
   </trkpt>
   <trkpt lat="56.0502320" lon="10.2427220">
    <ele>57.8</ele>
   </trkpt>
   <trkpt lat="56.0503010" lon="10.2427330">
    <ele>57.6</ele>
   </trkpt>
   <trkpt lat="56.0503720" lon="10.2427400">
    <ele>57.6</ele>
   </trkpt>
   <trkpt lat="56.0504420" lon="10.2427470">
    <ele>57.6</ele>
   </trkpt>
   <trkpt lat="56.0505110" lon="10.2427580">
    <ele>57.6</ele>
   </trkpt>
   <trkpt lat="56.0505810" lon="10.2427700">
    <ele>57.6</ele>
   </trkpt>
   <trkpt lat="56.0506520" lon="10.2427790">
    <ele>57.6</ele>
   </trkpt>
   <trkpt lat="56.0507240" lon="10.2427830">
    <ele>57.6</ele>
   </trkpt>
   <trkpt lat="56.0507970" lon="10.2427870">
    <ele>57.6</ele>
   </trkpt>
   <trkpt lat="56.0508710" lon="10.2427920">
    <ele>57.4</ele>
   </trkpt>
   <trkpt lat="56.0509430" lon="10.2427930">
    <ele>57.4</ele>
   </trkpt>
   <trkpt lat="56.0510150" lon="10.2427900">
    <ele>57.4</ele>
   </trkpt>
   <trkpt lat="56.0510880" lon="10.2427850">
    <ele>57.4</ele>
   </trkpt>
   <trkpt lat="56.0511600" lon="10.2427760">
    <ele>57.4</ele>
   </trkpt>
   <trkpt lat="56.0512320" lon="10.2427630">
    <ele>57.4</ele>
   </trkpt>
   <trkpt lat="56.0513040" lon="10.2427500">
    <ele>57.4</ele>
   </trkpt>
   <trkpt lat="56.0513740" lon="10.2427350">
    <ele>57.4</ele>
   </trkpt>
   <trkpt lat="56.0514460" lon="10.2427150">
    <ele>57.4</ele>
   </trkpt>
   <trkpt lat="56.0515160" lon="10.2426890">
    <ele>57.2</ele>
   </trkpt>
   <trkpt lat="56.0515830" lon="10.2426590">
    <ele>57.2</ele>
   </trkpt>
   <trkpt lat="56.0516490" lon="10.2426250">
    <ele>57.2</ele>
   </trkpt>
   <trkpt lat="56.0517150" lon="10.2425820">
    <ele>57.2</ele>
   </trkpt>
   <trkpt lat="56.0517790" lon="10.2425330">
    <ele>57.2</ele>
   </trkpt>
   <trkpt lat="56.0518410" lon="10.2424840">
    <ele>57.2</ele>
   </trkpt>
   <trkpt lat="56.0519010" lon="10.2424370">
    <ele>57.2</ele>
   </trkpt>
   <trkpt lat="56.0519580" lon="10.2423890">
    <ele>57.2</ele>
   </trkpt>
   <trkpt lat="56.0520120" lon="10.2423410">
    <ele>57.0</ele>
   </trkpt>
   <trkpt lat="56.0520650" lon="10.2422990">
    <ele>57.2</ele>
   </trkpt>
   <trkpt lat="56.0521170" lon="10.2422590">
    <ele>57.2</ele>
   </trkpt>
   <trkpt lat="56.0521680" lon="10.2422180">
    <ele>57.2</ele>
   </trkpt>
   <trkpt lat="56.0522170" lon="10.2421730">
    <ele>57.2</ele>
   </trkpt>
   <trkpt lat="56.0522640" lon="10.2421260">
    <ele>57.2</ele>
   </trkpt>
   <trkpt lat="56.0523100" lon="10.2420870">
    <ele>57.2</ele>
   </trkpt>
   <trkpt lat="56.0523550" lon="10.2420520">
    <ele>57.2</ele>
   </trkpt>
   <trkpt lat="56.0524010" lon="10.2420140">
    <ele>57.2</ele>
   </trkpt>
   <trkpt lat="56.0524490" lon="10.2419750">
    <ele>57.0</ele>
   </trkpt>
   <trkpt lat="56.0525000" lon="10.2419400">
    <ele>57.0</ele>
   </trkpt>
   <trkpt lat="56.0525530" lon="10.2419030">
    <ele>57.0</ele>
   </trkpt>
   <trkpt lat="56.0526060" lon="10.2418610">
    <ele>57.0</ele>
   </trkpt>
   <trkpt lat="56.0526620" lon="10.2418180">
    <ele>57.0</ele>
   </trkpt>
   <trkpt lat="56.0527170" lon="10.2417740">
    <ele>57.0</ele>
   </trkpt>
   <trkpt lat="56.0527720" lon="10.2417300">
    <ele>57.0</ele>
   </trkpt>
   <trkpt lat="56.0528260" lon="10.2416840">
    <ele>57.0</ele>
   </trkpt>
   <trkpt lat="56.0528820" lon="10.2416420">
    <ele>57.0</ele>
   </trkpt>
   <trkpt lat="56.0529380" lon="10.2416010">
    <ele>57.0</ele>
   </trkpt>
   <trkpt lat="56.0529950" lon="10.2415620">
    <ele>57.0</ele>
   </trkpt>
   <trkpt lat="56.0530520" lon="10.2415210">
    <ele>57.0</ele>
   </trkpt>
   <trkpt lat="56.0531100" lon="10.2414850">
    <ele>57.0</ele>
   </trkpt>
   <trkpt lat="56.0531680" lon="10.2414590">
    <ele>56.8</ele>
   </trkpt>
   <trkpt lat="56.0532250" lon="10.2414400">
    <ele>56.8</ele>
   </trkpt>
   <trkpt lat="56.0532840" lon="10.2414220">
    <ele>56.8</ele>
   </trkpt>
   <trkpt lat="56.0533420" lon="10.2414050">
    <ele>56.8</ele>
   </trkpt>
   <trkpt lat="56.0533980" lon="10.2413990">
    <ele>56.8</ele>
   </trkpt>
   <trkpt lat="56.0534550" lon="10.2414000">
    <ele>56.8</ele>
   </trkpt>
   <trkpt lat="56.0535130" lon="10.2414050">
    <ele>56.8</ele>
   </trkpt>
   <trkpt lat="56.0535700" lon="10.2414140">
    <ele>56.6</ele>
   </trkpt>
   <trkpt lat="56.0536270" lon="10.2414240">
    <ele>56.6</ele>
   </trkpt>
   <trkpt lat="56.0536840" lon="10.2414300">
    <ele>56.6</ele>
   </trkpt>
   <trkpt lat="56.0537410" lon="10.2414370">
    <ele>56.6</ele>
   </trkpt>
   <trkpt lat="56.0537970" lon="10.2414530">
    <ele>56.6</ele>
   </trkpt>
   <trkpt lat="56.0538530" lon="10.2414780">
    <ele>56.6</ele>
   </trkpt>
   <trkpt lat="56.0539080" lon="10.2415030">
    <ele>56.6</ele>
   </trkpt>
   <trkpt lat="56.0539620" lon="10.2415250">
    <ele>56.4</ele>
   </trkpt>
   <trkpt lat="56.0540170" lon="10.2415430">
    <ele>56.4</ele>
   </trkpt>
   <trkpt lat="56.0540710" lon="10.2415570">
    <ele>56.4</ele>
   </trkpt>
   <trkpt lat="56.0541250" lon="10.2415720">
    <ele>56.4</ele>
   </trkpt>
   <trkpt lat="56.0541770" lon="10.2415860">
    <ele>56.4</ele>
   </trkpt>
   <trkpt lat="56.0542240" lon="10.2415970">
    <ele>56.4</ele>
   </trkpt>
   <trkpt lat="56.0542680" lon="10.2416100">
    <ele>56.4</ele>
   </trkpt>
   <trkpt lat="56.0543090" lon="10.2416270">
    <ele>56.4</ele>
   </trkpt>
   <trkpt lat="56.0543490" lon="10.2416400">
    <ele>56.4</ele>
   </trkpt>
   <trkpt lat="56.0543910" lon="10.2416560">
    <ele>56.4</ele>
   </trkpt>
   <trkpt lat="56.0544360" lon="10.2416690">
    <ele>56.4</ele>
   </trkpt>
   <trkpt lat="56.0544830" lon="10.2416830">
    <ele>56.4</ele>
   </trkpt>
   <trkpt lat="56.0545290" lon="10.2416990">
    <ele>56.2</ele>
   </trkpt>
   <trkpt lat="56.0545740" lon="10.2417160">
    <ele>56.2</ele>
   </trkpt>
   <trkpt lat="56.0546180" lon="10.2417320">
    <ele>56.2</ele>
   </trkpt>
   <trkpt lat="56.0546590" lon="10.2417440">
    <ele>56.2</ele>
   </trkpt>
   <trkpt lat="56.0547000" lon="10.2417570">
    <ele>56.0</ele>
   </trkpt>
   <trkpt lat="56.0547440" lon="10.2417710">
    <ele>56.0</ele>
   </trkpt>
   <trkpt lat="56.0547910" lon="10.2417840">
    <ele>56.0</ele>
   </trkpt>
   <trkpt lat="56.0548400" lon="10.2417970">
    <ele>55.8</ele>
   </trkpt>
   <trkpt lat="56.0548910" lon="10.2418130">
    <ele>55.8</ele>
   </trkpt>
   <trkpt lat="56.0549420" lon="10.2418290">
    <ele>55.6</ele>
   </trkpt>
   <trkpt lat="56.0549900" lon="10.2418490">
    <ele>55.6</ele>
   </trkpt>
   <trkpt lat="56.0550410" lon="10.2418680">
    <ele>55.6</ele>
   </trkpt>
   <trkpt lat="56.0550910" lon="10.2418870">
    <ele>55.4</ele>
   </trkpt>
   <trkpt lat="56.0551450" lon="10.2419080">
    <ele>55.4</ele>
   </trkpt>
   <trkpt lat="56.0551960" lon="10.2419270">
    <ele>55.2</ele>
   </trkpt>
   <trkpt lat="56.0552480" lon="10.2419460">
    <ele>55.2</ele>
   </trkpt>
   <trkpt lat="56.0552990" lon="10.2419650">
    <ele>55.2</ele>
   </trkpt>
   <trkpt lat="56.0553470" lon="10.2419830">
    <ele>55.2</ele>
   </trkpt>
   <trkpt lat="56.0553950" lon="10.2420000">
    <ele>55.0</ele>
   </trkpt>
   <trkpt lat="56.0554440" lon="10.2420180">
    <ele>55.0</ele>
   </trkpt>
   <trkpt lat="56.0554960" lon="10.2420310">
    <ele>55.0</ele>
   </trkpt>
   <trkpt lat="56.0555490" lon="10.2420440">
    <ele>55.0</ele>
   </trkpt>
   <trkpt lat="56.0555980" lon="10.2420540">
    <ele>55.0</ele>
   </trkpt>
   <trkpt lat="56.0556450" lon="10.2420670">
    <ele>55.0</ele>
   </trkpt>
   <trkpt lat="56.0556920" lon="10.2420800">
    <ele>54.8</ele>
   </trkpt>
   <trkpt lat="56.0557370" lon="10.2420890">
    <ele>54.8</ele>
   </trkpt>
   <trkpt lat="56.0557810" lon="10.2421000">
    <ele>54.8</ele>
   </trkpt>
   <trkpt lat="56.0558260" lon="10.2421110">
    <ele>54.6</ele>
   </trkpt>
   <trkpt lat="56.0558720" lon="10.2421240">
    <ele>54.6</ele>
   </trkpt>
   <trkpt lat="56.0559190" lon="10.2421370">
    <ele>54.6</ele>
   </trkpt>
   <trkpt lat="56.0559650" lon="10.2421510">
    <ele>54.6</ele>
   </trkpt>
   <trkpt lat="56.0560120" lon="10.2421630">
    <ele>54.4</ele>
   </trkpt>
   <trkpt lat="56.0560600" lon="10.2421700">
    <ele>54.4</ele>
   </trkpt>
   <trkpt lat="56.0561080" lon="10.2421780">
    <ele>54.4</ele>
   </trkpt>
   <trkpt lat="56.0561580" lon="10.2421850">
    <ele>54.4</ele>
   </trkpt>
   <trkpt lat="56.0562080" lon="10.2421930">
    <ele>54.4</ele>
   </trkpt>
   <trkpt lat="56.0562570" lon="10.2422040">
    <ele>54.2</ele>
   </trkpt>
   <trkpt lat="56.0563070" lon="10.2422130">
    <ele>54.2</ele>
   </trkpt>
   <trkpt lat="56.0563540" lon="10.2422210">
    <ele>54.2</ele>
   </trkpt>
   <trkpt lat="56.0564020" lon="10.2422310">
    <ele>54.0</ele>
   </trkpt>
   <trkpt lat="56.0564510" lon="10.2422330">
    <ele>54.0</ele>
   </trkpt>
   <trkpt lat="56.0565000" lon="10.2422300">
    <ele>54.0</ele>
   </trkpt>
   <trkpt lat="56.0565500" lon="10.2422260">
    <ele>53.8</ele>
   </trkpt>
   <trkpt lat="56.0565960" lon="10.2422230">
    <ele>53.8</ele>
   </trkpt>
   <trkpt lat="56.0566440" lon="10.2422160">
    <ele>53.6</ele>
   </trkpt>
   <trkpt lat="56.0566910" lon="10.2422110">
    <ele>53.6</ele>
   </trkpt>
   <trkpt lat="56.0567370" lon="10.2422050">
    <ele>53.6</ele>
   </trkpt>
   <trkpt lat="56.0567860" lon="10.2422010">
    <ele>53.6</ele>
   </trkpt>
   <trkpt lat="56.0568340" lon="10.2421990">
    <ele>53.6</ele>
   </trkpt>
   <trkpt lat="56.0568810" lon="10.2421910">
    <ele>53.6</ele>
   </trkpt>
   <trkpt lat="56.0569280" lon="10.2421760">
    <ele>53.6</ele>
   </trkpt>
   <trkpt lat="56.0569790" lon="10.2421630">
    <ele>53.6</ele>
   </trkpt>
   <trkpt lat="56.0570320" lon="10.2421550">
    <ele>53.4</ele>
   </trkpt>
   <trkpt lat="56.0570870" lon="10.2421500">
    <ele>53.4</ele>
   </trkpt>
   <trkpt lat="56.0571430" lon="10.2421450">
    <ele>53.4</ele>
   </trkpt>
   <trkpt lat="56.0571980" lon="10.2421350">
    <ele>53.4</ele>
   </trkpt>
   <trkpt lat="56.0572540" lon="10.2421300">
    <ele>53.2</ele>
   </trkpt>
   <trkpt lat="56.0573110" lon="10.2421230">
    <ele>53.2</ele>
   </trkpt>
   <trkpt lat="56.0573660" lon="10.2421130">
    <ele>53.2</ele>
   </trkpt>
   <trkpt lat="56.0574230" lon="10.2421060">
    <ele>53.2</ele>
   </trkpt>
   <trkpt lat="56.0574810" lon="10.2421030">
    <ele>53.2</ele>
   </trkpt>
   <trkpt lat="56.0575400" lon="10.2421010">
    <ele>53.2</ele>
   </trkpt>
   <trkpt lat="56.0575990" lon="10.2421000">
    <ele>53.2</ele>
   </trkpt>
   <trkpt lat="56.0576570" lon="10.2421010">
    <ele>53.2</ele>
   </trkpt>
   <trkpt lat="56.0577160" lon="10.2421010">
    <ele>53.2</ele>
   </trkpt>
   <trkpt lat="56.0577740" lon="10.2421030">
    <ele>53.2</ele>
   </trkpt>
   <trkpt lat="56.0578320" lon="10.2421080">
    <ele>53.2</ele>
   </trkpt>
   <trkpt lat="56.0578890" lon="10.2421140">
    <ele>53.2</ele>
   </trkpt>
   <trkpt lat="56.0579470" lon="10.2421240">
    <ele>53.2</ele>
   </trkpt>
   <trkpt lat="56.0580030" lon="10.2421350">
    <ele>53.2</ele>
   </trkpt>
   <trkpt lat="56.0580580" lon="10.2421500">
    <ele>53.2</ele>
   </trkpt>
   <trkpt lat="56.0581120" lon="10.2421680">
    <ele>53.2</ele>
   </trkpt>
   <trkpt lat="56.0581670" lon="10.2421880">
    <ele>53.2</ele>
   </trkpt>
   <trkpt lat="56.0582230" lon="10.2422130">
    <ele>53.2</ele>
   </trkpt>
   <trkpt lat="56.0582780" lon="10.2422360">
    <ele>53.0</ele>
   </trkpt>
   <trkpt lat="56.0583320" lon="10.2422600">
    <ele>53.0</ele>
   </trkpt>
   <trkpt lat="56.0583860" lon="10.2422870">
    <ele>53.2</ele>
   </trkpt>
   <trkpt lat="56.0584430" lon="10.2423180">
    <ele>53.2</ele>
   </trkpt>
   <trkpt lat="56.0584970" lon="10.2423470">
    <ele>53.2</ele>
   </trkpt>
   <trkpt lat="56.0585500" lon="10.2423760">
    <ele>53.2</ele>
   </trkpt>
   <trkpt lat="56.0586030" lon="10.2424080">
    <ele>53.2</ele>
   </trkpt>
   <trkpt lat="56.0586580" lon="10.2424370">
    <ele>53.2</ele>
   </trkpt>
   <trkpt lat="56.0587140" lon="10.2424670">
    <ele>53.2</ele>
   </trkpt>
   <trkpt lat="56.0587690" lon="10.2424980">
    <ele>53.2</ele>
   </trkpt>
   <trkpt lat="56.0588260" lon="10.2425270">
    <ele>53.2</ele>
   </trkpt>
   <trkpt lat="56.0588830" lon="10.2425490">
    <ele>53.2</ele>
   </trkpt>
   <trkpt lat="56.0589420" lon="10.2425740">
    <ele>53.2</ele>
   </trkpt>
   <trkpt lat="56.0589990" lon="10.2425950">
    <ele>53.2</ele>
   </trkpt>
   <trkpt lat="56.0590580" lon="10.2426150">
    <ele>53.2</ele>
   </trkpt>
   <trkpt lat="56.0591170" lon="10.2426380">
    <ele>53.2</ele>
   </trkpt>
   <trkpt lat="56.0591720" lon="10.2426550">
    <ele>53.2</ele>
   </trkpt>
   <trkpt lat="56.0592260" lon="10.2426670">
    <ele>53.2</ele>
   </trkpt>
   <trkpt lat="56.0592790" lon="10.2426790">
    <ele>53.2</ele>
   </trkpt>
   <trkpt lat="56.0593310" lon="10.2426930">
    <ele>53.2</ele>
   </trkpt>
   <trkpt lat="56.0593830" lon="10.2427020">
    <ele>53.2</ele>
   </trkpt>
   <trkpt lat="56.0594370" lon="10.2427080">
    <ele>53.2</ele>
   </trkpt>
   <trkpt lat="56.0594870" lon="10.2427150">
    <ele>53.2</ele>
   </trkpt>
   <trkpt lat="56.0595380" lon="10.2427180">
    <ele>53.2</ele>
   </trkpt>
   <trkpt lat="56.0595890" lon="10.2427080">
    <ele>53.4</ele>
   </trkpt>
   <trkpt lat="56.0596410" lon="10.2427010">
    <ele>53.4</ele>
   </trkpt>
   <trkpt lat="56.0596920" lon="10.2427070">
    <ele>53.4</ele>
   </trkpt>
   <trkpt lat="56.0597400" lon="10.2427250">
    <ele>53.4</ele>
   </trkpt>
   <trkpt lat="56.0597840" lon="10.2427630">
    <ele>53.4</ele>
   </trkpt>
   <trkpt lat="56.0598290" lon="10.2428050">
    <ele>53.4</ele>
   </trkpt>
   <trkpt lat="56.0598760" lon="10.2428380">
    <ele>53.4</ele>
   </trkpt>
   <trkpt lat="56.0599260" lon="10.2428680">
    <ele>53.2</ele>
   </trkpt>
   <trkpt lat="56.0599790" lon="10.2428940">
    <ele>53.2</ele>
   </trkpt>
   <trkpt lat="56.0600340" lon="10.2429150">
    <ele>53.2</ele>
   </trkpt>
   <trkpt lat="56.0600910" lon="10.2429320">
    <ele>53.2</ele>
   </trkpt>
   <trkpt lat="56.0601480" lon="10.2429480">
    <ele>53.2</ele>
   </trkpt>
   <trkpt lat="56.0602070" lon="10.2429610">
    <ele>53.2</ele>
   </trkpt>
   <trkpt lat="56.0602660" lon="10.2429720">
    <ele>53.2</ele>
   </trkpt>
   <trkpt lat="56.0603250" lon="10.2429800">
    <ele>53.2</ele>
   </trkpt>
   <trkpt lat="56.0603840" lon="10.2429830">
    <ele>53.2</ele>
   </trkpt>
   <trkpt lat="56.0604450" lon="10.2429820">
    <ele>53.2</ele>
   </trkpt>
   <trkpt lat="56.0605050" lon="10.2429830">
    <ele>53.2</ele>
   </trkpt>
   <trkpt lat="56.0605630" lon="10.2429870">
    <ele>53.2</ele>
   </trkpt>
   <trkpt lat="56.0606200" lon="10.2429940">
    <ele>53.2</ele>
   </trkpt>
   <trkpt lat="56.0606780" lon="10.2429990">
    <ele>53.4</ele>
   </trkpt>
   <trkpt lat="56.0607360" lon="10.2430020">
    <ele>53.4</ele>
   </trkpt>
   <trkpt lat="56.0607950" lon="10.2430030">
    <ele>53.4</ele>
   </trkpt>
   <trkpt lat="56.0608530" lon="10.2430050">
    <ele>53.4</ele>
   </trkpt>
   <trkpt lat="56.0609090" lon="10.2430140">
    <ele>53.4</ele>
   </trkpt>
   <trkpt lat="56.0609650" lon="10.2430250">
    <ele>53.4</ele>
   </trkpt>
   <trkpt lat="56.0610170" lon="10.2430390">
    <ele>53.4</ele>
   </trkpt>
   <trkpt lat="56.0610680" lon="10.2430540">
    <ele>53.4</ele>
   </trkpt>
   <trkpt lat="56.0611230" lon="10.2430670">
    <ele>53.4</ele>
   </trkpt>
   <trkpt lat="56.0611800" lon="10.2430800">
    <ele>53.4</ele>
   </trkpt>
   <trkpt lat="56.0612360" lon="10.2430910">
    <ele>53.4</ele>
   </trkpt>
   <trkpt lat="56.0612940" lon="10.2431040">
    <ele>53.4</ele>
   </trkpt>
   <trkpt lat="56.0613510" lon="10.2431180">
    <ele>53.4</ele>
   </trkpt>
   <trkpt lat="56.0614080" lon="10.2431210">
    <ele>53.4</ele>
   </trkpt>
   <trkpt lat="56.0614670" lon="10.2431240">
    <ele>53.4</ele>
   </trkpt>
   <trkpt lat="56.0615260" lon="10.2431260">
    <ele>53.4</ele>
   </trkpt>
   <trkpt lat="56.0615850" lon="10.2431270">
    <ele>53.4</ele>
   </trkpt>
   <trkpt lat="56.0616440" lon="10.2431270">
    <ele>53.4</ele>
   </trkpt>
   <trkpt lat="56.0617030" lon="10.2431230">
    <ele>53.6</ele>
   </trkpt>
   <trkpt lat="56.0617640" lon="10.2431210">
    <ele>53.6</ele>
   </trkpt>
   <trkpt lat="56.0618230" lon="10.2431200">
    <ele>53.6</ele>
   </trkpt>
   <trkpt lat="56.0618810" lon="10.2431250">
    <ele>53.6</ele>
   </trkpt>
   <trkpt lat="56.0619420" lon="10.2431290">
    <ele>53.6</ele>
   </trkpt>
   <trkpt lat="56.0619990" lon="10.2431340">
    <ele>53.4</ele>
   </trkpt>
   <trkpt lat="56.0620550" lon="10.2431420">
    <ele>53.4</ele>
   </trkpt>
   <trkpt lat="56.0621090" lon="10.2431560">
    <ele>53.4</ele>
   </trkpt>
   <trkpt lat="56.0621610" lon="10.2431710">
    <ele>53.4</ele>
   </trkpt>
   <trkpt lat="56.0622120" lon="10.2431900">
    <ele>53.4</ele>
   </trkpt>
   <trkpt lat="56.0622610" lon="10.2432150">
    <ele>53.4</ele>
   </trkpt>
   <trkpt lat="56.0623090" lon="10.2432360">
    <ele>53.4</ele>
   </trkpt>
   <trkpt lat="56.0623570" lon="10.2432530">
    <ele>53.4</ele>
   </trkpt>
   <trkpt lat="56.0624030" lon="10.2432700">
    <ele>53.4</ele>
   </trkpt>
   <trkpt lat="56.0624480" lon="10.2432920">
    <ele>53.4</ele>
   </trkpt>
   <trkpt lat="56.0624960" lon="10.2433150">
    <ele>53.2</ele>
   </trkpt>
   <trkpt lat="56.0625460" lon="10.2433360">
    <ele>53.2</ele>
   </trkpt>
   <trkpt lat="56.0625960" lon="10.2433550">
    <ele>53.2</ele>
   </trkpt>
   <trkpt lat="56.0626470" lon="10.2433720">
    <ele>53.2</ele>
   </trkpt>
   <trkpt lat="56.0627000" lon="10.2433890">
    <ele>53.2</ele>
   </trkpt>
   <trkpt lat="56.0627520" lon="10.2434080">
    <ele>53.2</ele>
   </trkpt>
   <trkpt lat="56.0628070" lon="10.2434270">
    <ele>53.2</ele>
   </trkpt>
   <trkpt lat="56.0628620" lon="10.2434430">
    <ele>53.0</ele>
   </trkpt>
   <trkpt lat="56.0629170" lon="10.2434570">
    <ele>53.0</ele>
   </trkpt>
   <trkpt lat="56.0629740" lon="10.2434710">
    <ele>53.0</ele>
   </trkpt>
   <trkpt lat="56.0630310" lon="10.2434860">
    <ele>53.2</ele>
   </trkpt>
   <trkpt lat="56.0630870" lon="10.2435000">
    <ele>53.2</ele>
   </trkpt>
   <trkpt lat="56.0631440" lon="10.2435110">
    <ele>53.2</ele>
   </trkpt>
   <trkpt lat="56.0632000" lon="10.2435250">
    <ele>53.2</ele>
   </trkpt>
   <trkpt lat="56.0632560" lon="10.2435380">
    <ele>53.2</ele>
   </trkpt>
   <trkpt lat="56.0633110" lon="10.2435450">
    <ele>53.4</ele>
   </trkpt>
   <trkpt lat="56.0633660" lon="10.2435530">
    <ele>53.4</ele>
   </trkpt>
   <trkpt lat="56.0634190" lon="10.2435590">
    <ele>53.6</ele>
   </trkpt>
   <trkpt lat="56.0634690" lon="10.2435610">
    <ele>53.6</ele>
   </trkpt>
   <trkpt lat="56.0635200" lon="10.2435600">
    <ele>53.6</ele>
   </trkpt>
   <trkpt lat="56.0635700" lon="10.2435560">
    <ele>53.8</ele>
   </trkpt>
   <trkpt lat="56.0636210" lon="10.2435520">
    <ele>53.8</ele>
   </trkpt>
   <trkpt lat="56.0636710" lon="10.2435440">
    <ele>54.0</ele>
   </trkpt>
   <trkpt lat="56.0637240" lon="10.2435350">
    <ele>54.0</ele>
   </trkpt>
   <trkpt lat="56.0637760" lon="10.2435310">
    <ele>54.0</ele>
   </trkpt>
   <trkpt lat="56.0638290" lon="10.2435250">
    <ele>54.2</ele>
   </trkpt>
   <trkpt lat="56.0638810" lon="10.2435150">
    <ele>54.2</ele>
   </trkpt>
   <trkpt lat="56.0639310" lon="10.2435060">
    <ele>54.2</ele>
   </trkpt>
   <trkpt lat="56.0639820" lon="10.2434940">
    <ele>54.4</ele>
   </trkpt>
   <trkpt lat="56.0640350" lon="10.2434810">
    <ele>54.4</ele>
   </trkpt>
   <trkpt lat="56.0640890" lon="10.2434710">
    <ele>54.4</ele>
   </trkpt>
   <trkpt lat="56.0641440" lon="10.2434650">
    <ele>54.6</ele>
   </trkpt>
   <trkpt lat="56.0642010" lon="10.2434600">
    <ele>54.6</ele>
   </trkpt>
   <trkpt lat="56.0642570" lon="10.2434580">
    <ele>54.8</ele>
   </trkpt>
   <trkpt lat="56.0643140" lon="10.2434650">
    <ele>54.8</ele>
   </trkpt>
   <trkpt lat="56.0643690" lon="10.2434820">
    <ele>54.8</ele>
   </trkpt>
   <trkpt lat="56.0644250" lon="10.2434980">
    <ele>54.8</ele>
   </trkpt>
   <trkpt lat="56.0644820" lon="10.2435130">
    <ele>55.0</ele>
   </trkpt>
   <trkpt lat="56.0645400" lon="10.2435270">
    <ele>55.0</ele>
   </trkpt>
   <trkpt lat="56.0645990" lon="10.2435430">
    <ele>55.0</ele>
   </trkpt>
   <trkpt lat="56.0646610" lon="10.2435610">
    <ele>55.2</ele>
   </trkpt>
   <trkpt lat="56.0647230" lon="10.2435750">
    <ele>55.2</ele>
   </trkpt>
   <trkpt lat="56.0647890" lon="10.2435910">
    <ele>55.2</ele>
   </trkpt>
   <trkpt lat="56.0648600" lon="10.2436030">
    <ele>55.4</ele>
   </trkpt>
   <trkpt lat="56.0649310" lon="10.2436130">
    <ele>55.4</ele>
   </trkpt>
   <trkpt lat="56.0650060" lon="10.2436210">
    <ele>55.4</ele>
   </trkpt>
   <trkpt lat="56.0650840" lon="10.2436230">
    <ele>55.4</ele>
   </trkpt>
   <trkpt lat="56.0651640" lon="10.2436140">
    <ele>55.4</ele>
   </trkpt>
   <trkpt lat="56.0652430" lon="10.2435990">
    <ele>55.4</ele>
   </trkpt>
   <trkpt lat="56.0653250" lon="10.2435740">
    <ele>55.6</ele>
   </trkpt>
   <trkpt lat="56.0654060" lon="10.2435350">
    <ele>55.6</ele>
   </trkpt>
   <trkpt lat="56.0654850" lon="10.2434740">
    <ele>55.6</ele>
   </trkpt>
   <trkpt lat="56.0655650" lon="10.2433920">
    <ele>55.6</ele>
   </trkpt>
   <trkpt lat="56.0656450" lon="10.2433040">
    <ele>55.8</ele>
   </trkpt>
   <trkpt lat="56.0657260" lon="10.2432170">
    <ele>55.8</ele>
   </trkpt>
   <trkpt lat="56.0658140" lon="10.2431380">
    <ele>55.8</ele>
   </trkpt>
   <trkpt lat="56.0659130" lon="10.2430750">
    <ele>55.8</ele>
   </trkpt>
   <trkpt lat="56.0660140" lon="10.2430330">
    <ele>56.0</ele>
   </trkpt>
   <trkpt lat="56.0661120" lon="10.2430090">
    <ele>55.8</ele>
   </trkpt>
   <trkpt lat="56.0662090" lon="10.2429950">
    <ele>55.8</ele>
   </trkpt>
   <trkpt lat="56.0663060" lon="10.2429840">
    <ele>56.0</ele>
   </trkpt>
   <trkpt lat="56.0664010" lon="10.2429750">
    <ele>56.0</ele>
   </trkpt>
   <trkpt lat="56.0665090" lon="10.2429630">
    <ele>56.0</ele>
   </trkpt>
   <trkpt lat="56.0666180" lon="10.2429470">
    <ele>56.0</ele>
   </trkpt>
   <trkpt lat="56.0667260" lon="10.2429180">
    <ele>56.2</ele>
   </trkpt>
   <trkpt lat="56.0668250" lon="10.2428740">
    <ele>56.2</ele>
   </trkpt>
   <trkpt lat="56.0669240" lon="10.2428160">
    <ele>56.2</ele>
   </trkpt>
   <trkpt lat="56.0670280" lon="10.2427490">
    <ele>56.4</ele>
   </trkpt>
   <trkpt lat="56.0671220" lon="10.2426730">
    <ele>56.4</ele>
   </trkpt>
   <trkpt lat="56.0672090" lon="10.2425850">
    <ele>56.4</ele>
   </trkpt>
   <trkpt lat="56.0672940" lon="10.2424840">
    <ele>56.4</ele>
   </trkpt>
   <trkpt lat="56.0673710" lon="10.2423760">
    <ele>56.6</ele>
   </trkpt>
   <trkpt lat="56.0674430" lon="10.2422680">
    <ele>56.6</ele>
   </trkpt>
   <trkpt lat="56.0675070" lon="10.2421450">
    <ele>56.6</ele>
   </trkpt>
   <trkpt lat="56.0675660" lon="10.2420110">
    <ele>56.8</ele>
   </trkpt>
   <trkpt lat="56.0676200" lon="10.2418780">
    <ele>56.8</ele>
   </trkpt>
   <trkpt lat="56.0676630" lon="10.2417470">
    <ele>56.8</ele>
   </trkpt>
   <trkpt lat="56.0676980" lon="10.2416090">
    <ele>56.8</ele>
   </trkpt>
   <trkpt lat="56.0677320" lon="10.2414830">
    <ele>57.0</ele>
   </trkpt>
   <trkpt lat="56.0677690" lon="10.2413700">
    <ele>57.0</ele>
   </trkpt>
   <trkpt lat="56.0678030" lon="10.2412480">
    <ele>57.2</ele>
   </trkpt>
   <trkpt lat="56.0678390" lon="10.2411310">
    <ele>57.2</ele>
   </trkpt>
   <trkpt lat="56.0678780" lon="10.2409950">
    <ele>57.4</ele>
   </trkpt>
   <trkpt lat="56.0679180" lon="10.2408630">
    <ele>57.4</ele>
   </trkpt>
   <trkpt lat="56.0679530" lon="10.2407370">
    <ele>57.4</ele>
   </trkpt>
   <trkpt lat="56.0679820" lon="10.2405980">
    <ele>57.4</ele>
   </trkpt>
   <trkpt lat="56.0680190" lon="10.2404390">
    <ele>57.6</ele>
   </trkpt>
   <trkpt lat="56.0680630" lon="10.2403350">
    <ele>57.6</ele>
   </trkpt>
   <trkpt lat="56.0681290" lon="10.2402510">
    <ele>57.8</ele>
   </trkpt>
   <trkpt lat="56.0681840" lon="10.2401560">
    <ele>57.8</ele>
   </trkpt>
   <trkpt lat="56.0682400" lon="10.2400530">
    <ele>58.0</ele>
   </trkpt>
   <trkpt lat="56.0683020" lon="10.2399700">
    <ele>58.0</ele>
   </trkpt>
   <trkpt lat="56.0683610" lon="10.2398970">
    <ele>58.0</ele>
   </trkpt>
   <trkpt lat="56.0684220" lon="10.2398280">
    <ele>58.0</ele>
   </trkpt>
   <trkpt lat="56.0684870" lon="10.2397700">
    <ele>58.0</ele>
   </trkpt>
   <trkpt lat="56.0685600" lon="10.2397080">
    <ele>58.2</ele>
   </trkpt>
   <trkpt lat="56.0686280" lon="10.2396560">
    <ele>58.2</ele>
   </trkpt>
   <trkpt lat="56.0686940" lon="10.2396060">
    <ele>58.4</ele>
   </trkpt>
   <trkpt lat="56.0687610" lon="10.2395560">
    <ele>58.4</ele>
   </trkpt>
   <trkpt lat="56.0688300" lon="10.2395100">
    <ele>58.6</ele>
   </trkpt>
   <trkpt lat="56.0689000" lon="10.2394630">
    <ele>58.4</ele>
   </trkpt>
   <trkpt lat="56.0689710" lon="10.2394150">
    <ele>58.6</ele>
   </trkpt>
   <trkpt lat="56.0690400" lon="10.2393640">
    <ele>58.6</ele>
   </trkpt>
   <trkpt lat="56.0691110" lon="10.2393150">
    <ele>58.6</ele>
   </trkpt>
   <trkpt lat="56.0691830" lon="10.2392690">
    <ele>58.8</ele>
   </trkpt>
   <trkpt lat="56.0692560" lon="10.2392210">
    <ele>58.8</ele>
   </trkpt>
   <trkpt lat="56.0693260" lon="10.2391750">
    <ele>58.8</ele>
   </trkpt>
   <trkpt lat="56.0693970" lon="10.2391240">
    <ele>59.0</ele>
   </trkpt>
   <trkpt lat="56.0694700" lon="10.2390690">
    <ele>59.0</ele>
   </trkpt>
   <trkpt lat="56.0695430" lon="10.2390170">
    <ele>59.0</ele>
   </trkpt>
   <trkpt lat="56.0696150" lon="10.2389660">
    <ele>59.0</ele>
   </trkpt>
   <trkpt lat="56.0696850" lon="10.2389100">
    <ele>59.2</ele>
   </trkpt>
   <trkpt lat="56.0697560" lon="10.2388540">
    <ele>59.2</ele>
   </trkpt>
   <trkpt lat="56.0698270" lon="10.2387910">
    <ele>59.2</ele>
   </trkpt>
   <trkpt lat="56.0698980" lon="10.2387250">
    <ele>59.2</ele>
   </trkpt>
   <trkpt lat="56.0699710" lon="10.2386600">
    <ele>59.2</ele>
   </trkpt>
   <trkpt lat="56.0700450" lon="10.2385990">
    <ele>59.2</ele>
   </trkpt>
   <trkpt lat="56.0701190" lon="10.2385430">
    <ele>59.2</ele>
   </trkpt>
   <trkpt lat="56.0701910" lon="10.2384940">
    <ele>59.2</ele>
   </trkpt>
   <trkpt lat="56.0702630" lon="10.2384500">
    <ele>59.2</ele>
   </trkpt>
   <trkpt lat="56.0703350" lon="10.2384120">
    <ele>59.2</ele>
   </trkpt>
   <trkpt lat="56.0704080" lon="10.2383710">
    <ele>59.2</ele>
   </trkpt>
   <trkpt lat="56.0704800" lon="10.2383250">
    <ele>59.4</ele>
   </trkpt>
   <trkpt lat="56.0705530" lon="10.2382830">
    <ele>59.2</ele>
   </trkpt>
   <trkpt lat="56.0706290" lon="10.2382440">
    <ele>59.2</ele>
   </trkpt>
   <trkpt lat="56.0707070" lon="10.2382060">
    <ele>59.2</ele>
   </trkpt>
   <trkpt lat="56.0707870" lon="10.2381700">
    <ele>59.0</ele>
   </trkpt>
   <trkpt lat="56.0708690" lon="10.2381350">
    <ele>58.8</ele>
   </trkpt>
   <trkpt lat="56.0709550" lon="10.2381010">
    <ele>59.0</ele>
   </trkpt>
   <trkpt lat="56.0710430" lon="10.2380660">
    <ele>58.8</ele>
   </trkpt>
   <trkpt lat="56.0711330" lon="10.2380300">
    <ele>58.8</ele>
   </trkpt>
   <trkpt lat="56.0712250" lon="10.2379950">
    <ele>58.8</ele>
   </trkpt>
   <trkpt lat="56.0713180" lon="10.2379650">
    <ele>58.6</ele>
   </trkpt>
   <trkpt lat="56.0714100" lon="10.2379290">
    <ele>58.6</ele>
   </trkpt>
   <trkpt lat="56.0714990" lon="10.2378800">
    <ele>58.6</ele>
   </trkpt>
   <trkpt lat="56.0715860" lon="10.2378250">
    <ele>58.6</ele>
   </trkpt>
   <trkpt lat="56.0716710" lon="10.2377660">
    <ele>58.6</ele>
   </trkpt>
   <trkpt lat="56.0717570" lon="10.2377020">
    <ele>58.6</ele>
   </trkpt>
   <trkpt lat="56.0718430" lon="10.2376370">
    <ele>58.6</ele>
   </trkpt>
   <trkpt lat="56.0719310" lon="10.2375810">
    <ele>58.6</ele>
   </trkpt>
   <trkpt lat="56.0720200" lon="10.2375290">
    <ele>58.4</ele>
   </trkpt>
   <trkpt lat="56.0721110" lon="10.2374770">
    <ele>58.4</ele>
   </trkpt>
   <trkpt lat="56.0722040" lon="10.2374360">
    <ele>58.4</ele>
   </trkpt>
   <trkpt lat="56.0722960" lon="10.2373960">
    <ele>58.2</ele>
   </trkpt>
   <trkpt lat="56.0723870" lon="10.2373520">
    <ele>58.2</ele>
   </trkpt>
   <trkpt lat="56.0724780" lon="10.2373020">
    <ele>58.0</ele>
   </trkpt>
   <trkpt lat="56.0725670" lon="10.2372470">
    <ele>58.0</ele>
   </trkpt>
   <trkpt lat="56.0726550" lon="10.2371860">
    <ele>57.8</ele>
   </trkpt>
   <trkpt lat="56.0727430" lon="10.2371160">
    <ele>57.8</ele>
   </trkpt>
   <trkpt lat="56.0728290" lon="10.2370380">
    <ele>57.6</ele>
   </trkpt>
   <trkpt lat="56.0729170" lon="10.2369560">
    <ele>57.6</ele>
   </trkpt>
   <trkpt lat="56.0730020" lon="10.2368660">
    <ele>57.4</ele>
   </trkpt>
   <trkpt lat="56.0730890" lon="10.2367780">
    <ele>57.4</ele>
   </trkpt>
   <trkpt lat="56.0731780" lon="10.2366980">
    <ele>57.2</ele>
   </trkpt>
   <trkpt lat="56.0732690" lon="10.2366230">
    <ele>57.2</ele>
   </trkpt>
   <trkpt lat="56.0733620" lon="10.2365520">
    <ele>57.0</ele>
   </trkpt>
   <trkpt lat="56.0734550" lon="10.2364830">
    <ele>56.8</ele>
   </trkpt>
   <trkpt lat="56.0735480" lon="10.2364140">
    <ele>56.8</ele>
   </trkpt>
   <trkpt lat="56.0736400" lon="10.2363440">
    <ele>56.6</ele>
   </trkpt>
   <trkpt lat="56.0737310" lon="10.2362760">
    <ele>56.6</ele>
   </trkpt>
   <trkpt lat="56.0738210" lon="10.2362080">
    <ele>56.6</ele>
   </trkpt>
   <trkpt lat="56.0739100" lon="10.2361410">
    <ele>56.4</ele>
   </trkpt>
   <trkpt lat="56.0739950" lon="10.2360770">
    <ele>56.4</ele>
   </trkpt>
   <trkpt lat="56.0740790" lon="10.2360130">
    <ele>56.2</ele>
   </trkpt>
   <trkpt lat="56.0741660" lon="10.2359580">
    <ele>56.2</ele>
   </trkpt>
   <trkpt lat="56.0742520" lon="10.2359120">
    <ele>56.0</ele>
   </trkpt>
   <trkpt lat="56.0743390" lon="10.2358760">
    <ele>56.0</ele>
   </trkpt>
   <trkpt lat="56.0744240" lon="10.2358450">
    <ele>56.0</ele>
   </trkpt>
   <trkpt lat="56.0745080" lon="10.2358170">
    <ele>55.8</ele>
   </trkpt>
   <trkpt lat="56.0745900" lon="10.2357860">
    <ele>55.8</ele>
   </trkpt>
   <trkpt lat="56.0746720" lon="10.2357560">
    <ele>55.6</ele>
   </trkpt>
   <trkpt lat="56.0747520" lon="10.2357270">
    <ele>55.6</ele>
   </trkpt>
   <trkpt lat="56.0748320" lon="10.2356990">
    <ele>55.4</ele>
   </trkpt>
   <trkpt lat="56.0749120" lon="10.2356720">
    <ele>55.4</ele>
   </trkpt>
   <trkpt lat="56.0749910" lon="10.2356470">
    <ele>55.2</ele>
   </trkpt>
   <trkpt lat="56.0750660" lon="10.2356220">
    <ele>55.2</ele>
   </trkpt>
   <trkpt lat="56.0751390" lon="10.2355970">
    <ele>55.2</ele>
   </trkpt>
   <trkpt lat="56.0752120" lon="10.2355700">
    <ele>55.0</ele>
   </trkpt>
   <trkpt lat="56.0752840" lon="10.2355440">
    <ele>55.0</ele>
   </trkpt>
   <trkpt lat="56.0753580" lon="10.2355180">
    <ele>54.8</ele>
   </trkpt>
   <trkpt lat="56.0754310" lon="10.2354870">
    <ele>54.8</ele>
   </trkpt>
   <trkpt lat="56.0755050" lon="10.2354580">
    <ele>54.8</ele>
   </trkpt>
   <trkpt lat="56.0755800" lon="10.2354340">
    <ele>54.6</ele>
   </trkpt>
   <trkpt lat="56.0756550" lon="10.2354090">
    <ele>54.6</ele>
   </trkpt>
   <trkpt lat="56.0757300" lon="10.2353910">
    <ele>54.6</ele>
   </trkpt>
   <trkpt lat="56.0758040" lon="10.2353740">
    <ele>54.4</ele>
   </trkpt>
   <trkpt lat="56.0758760" lon="10.2353530">
    <ele>54.4</ele>
   </trkpt>
   <trkpt lat="56.0759470" lon="10.2353280">
    <ele>54.2</ele>
   </trkpt>
   <trkpt lat="56.0760170" lon="10.2353020">
    <ele>54.2</ele>
   </trkpt>
   <trkpt lat="56.0760860" lon="10.2352770">
    <ele>54.0</ele>
   </trkpt>
   <trkpt lat="56.0761550" lon="10.2352520">
    <ele>54.0</ele>
   </trkpt>
   <trkpt lat="56.0762240" lon="10.2352260">
    <ele>54.0</ele>
   </trkpt>
   <trkpt lat="56.0762900" lon="10.2352020">
    <ele>53.8</ele>
   </trkpt>
   <trkpt lat="56.0763560" lon="10.2351780">
    <ele>53.8</ele>
   </trkpt>
   <trkpt lat="56.0764240" lon="10.2351570">
    <ele>53.8</ele>
   </trkpt>
   <trkpt lat="56.0764920" lon="10.2351340">
    <ele>53.8</ele>
   </trkpt>
   <trkpt lat="56.0765590" lon="10.2351080">
    <ele>53.6</ele>
   </trkpt>
   <trkpt lat="56.0766270" lon="10.2350820">
    <ele>53.6</ele>
   </trkpt>
   <trkpt lat="56.0766950" lon="10.2350540">
    <ele>53.4</ele>
   </trkpt>
   <trkpt lat="56.0767620" lon="10.2350310">
    <ele>53.4</ele>
   </trkpt>
   <trkpt lat="56.0768290" lon="10.2350090">
    <ele>53.2</ele>
   </trkpt>
   <trkpt lat="56.0768990" lon="10.2349860">
    <ele>53.2</ele>
   </trkpt>
   <trkpt lat="56.0769690" lon="10.2349600">
    <ele>53.0</ele>
   </trkpt>
   <trkpt lat="56.0770400" lon="10.2349360">
    <ele>53.0</ele>
   </trkpt>
   <trkpt lat="56.0771120" lon="10.2349150">
    <ele>52.8</ele>
   </trkpt>
   <trkpt lat="56.0771850" lon="10.2348920">
    <ele>52.8</ele>
   </trkpt>
   <trkpt lat="56.0772570" lon="10.2348680">
    <ele>52.6</ele>
   </trkpt>
   <trkpt lat="56.0773280" lon="10.2348430">
    <ele>52.6</ele>
   </trkpt>
   <trkpt lat="56.0774000" lon="10.2348170">
    <ele>52.6</ele>
   </trkpt>
   <trkpt lat="56.0774720" lon="10.2347920">
    <ele>52.4</ele>
   </trkpt>
   <trkpt lat="56.0775430" lon="10.2347690">
    <ele>52.4</ele>
   </trkpt>
   <trkpt lat="56.0776150" lon="10.2347450">
    <ele>52.4</ele>
   </trkpt>
   <trkpt lat="56.0776850" lon="10.2347210">
    <ele>52.2</ele>
   </trkpt>
   <trkpt lat="56.0777560" lon="10.2346950">
    <ele>52.2</ele>
   </trkpt>
   <trkpt lat="56.0778270" lon="10.2346710">
    <ele>52.2</ele>
   </trkpt>
   <trkpt lat="56.0778990" lon="10.2346470">
    <ele>52.0</ele>
   </trkpt>
   <trkpt lat="56.0779710" lon="10.2346220">
    <ele>51.8</ele>
   </trkpt>
   <trkpt lat="56.0780440" lon="10.2345950">
    <ele>51.8</ele>
   </trkpt>
   <trkpt lat="56.0781170" lon="10.2345670">
    <ele>51.6</ele>
   </trkpt>
   <trkpt lat="56.0781910" lon="10.2345400">
    <ele>51.6</ele>
   </trkpt>
   <trkpt lat="56.0782650" lon="10.2345150">
    <ele>51.6</ele>
   </trkpt>
   <trkpt lat="56.0783390" lon="10.2344860">
    <ele>51.4</ele>
   </trkpt>
   <trkpt lat="56.0784150" lon="10.2344570">
    <ele>51.4</ele>
   </trkpt>
   <trkpt lat="56.0784930" lon="10.2344290">
    <ele>51.2</ele>
   </trkpt>
   <trkpt lat="56.0785740" lon="10.2344040">
    <ele>51.2</ele>
   </trkpt>
   <trkpt lat="56.0786610" lon="10.2343780">
    <ele>51.2</ele>
   </trkpt>
   <trkpt lat="56.0787490" lon="10.2343510">
    <ele>51.0</ele>
   </trkpt>
   <trkpt lat="56.0788390" lon="10.2343230">
    <ele>51.0</ele>
   </trkpt>
   <trkpt lat="56.0789330" lon="10.2342900">
    <ele>50.8</ele>
   </trkpt>
   <trkpt lat="56.0790340" lon="10.2342520">
    <ele>50.8</ele>
   </trkpt>
   <trkpt lat="56.0791380" lon="10.2342110">
    <ele>50.6</ele>
   </trkpt>
   <trkpt lat="56.0792450" lon="10.2341700">
    <ele>50.4</ele>
   </trkpt>
   <trkpt lat="56.0793550" lon="10.2341280">
    <ele>50.2</ele>
   </trkpt>
   <trkpt lat="56.0794630" lon="10.2340840">
    <ele>50.0</ele>
   </trkpt>
   <trkpt lat="56.0795680" lon="10.2340400">
    <ele>50.0</ele>
   </trkpt>
   <trkpt lat="56.0796760" lon="10.2340040">
    <ele>49.8</ele>
   </trkpt>
   <trkpt lat="56.0797800" lon="10.2339740">
    <ele>49.6</ele>
   </trkpt>
   <trkpt lat="56.0798770" lon="10.2339550">
    <ele>49.4</ele>
   </trkpt>
   <trkpt lat="56.0799620" lon="10.2339580">
    <ele>49.2</ele>
   </trkpt>
   <trkpt lat="56.0800370" lon="10.2339880">
    <ele>49.0</ele>
   </trkpt>
   <trkpt lat="56.0800980" lon="10.2340360">
    <ele>49.0</ele>
   </trkpt>
   <trkpt lat="56.0801510" lon="10.2340950">
    <ele>48.8</ele>
   </trkpt>
   <trkpt lat="56.0802020" lon="10.2341630">
    <ele>48.6</ele>
   </trkpt>
   <trkpt lat="56.0802540" lon="10.2342340">
    <ele>48.6</ele>
   </trkpt>
   <trkpt lat="56.0803100" lon="10.2343060">
    <ele>48.6</ele>
   </trkpt>
   <trkpt lat="56.0803720" lon="10.2343830">
    <ele>48.6</ele>
   </trkpt>
   <trkpt lat="56.0804360" lon="10.2344660">
    <ele>48.4</ele>
   </trkpt>
   <trkpt lat="56.0804980" lon="10.2345460">
    <ele>48.4</ele>
   </trkpt>
   <trkpt lat="56.0805560" lon="10.2346110">
    <ele>48.2</ele>
   </trkpt>
   <trkpt lat="56.0806060" lon="10.2346590">
    <ele>48.2</ele>
   </trkpt>
   <trkpt lat="56.0806590" lon="10.2346940">
    <ele>48.0</ele>
   </trkpt>
   <trkpt lat="56.0807230" lon="10.2347110">
    <ele>48.0</ele>
   </trkpt>
   <trkpt lat="56.0807970" lon="10.2347240">
    <ele>47.8</ele>
   </trkpt>
   <trkpt lat="56.0808750" lon="10.2347460">
    <ele>47.8</ele>
   </trkpt>
   <trkpt lat="56.0809580" lon="10.2347710">
    <ele>47.6</ele>
   </trkpt>
   <trkpt lat="56.0810500" lon="10.2348000">
    <ele>47.4</ele>
   </trkpt>
   <trkpt lat="56.0811540" lon="10.2348260">
    <ele>47.2</ele>
   </trkpt>
   <trkpt lat="56.0812650" lon="10.2348460">
    <ele>47.2</ele>
   </trkpt>
   <trkpt lat="56.0813760" lon="10.2348630">
    <ele>46.8</ele>
   </trkpt>
   <trkpt lat="56.0814840" lon="10.2348840">
    <ele>46.8</ele>
   </trkpt>
   <trkpt lat="56.0815950" lon="10.2349100">
    <ele>46.6</ele>
   </trkpt>
   <trkpt lat="56.0817090" lon="10.2349340">
    <ele>46.6</ele>
   </trkpt>
   <trkpt lat="56.0818240" lon="10.2349550">
    <ele>46.4</ele>
   </trkpt>
   <trkpt lat="56.0819370" lon="10.2349730">
    <ele>46.4</ele>
   </trkpt>
   <trkpt lat="56.0820530" lon="10.2349910">
    <ele>46.0</ele>
   </trkpt>
   <trkpt lat="56.0821710" lon="10.2350080">
    <ele>45.8</ele>
   </trkpt>
   <trkpt lat="56.0822920" lon="10.2350230">
    <ele>45.6</ele>
   </trkpt>
   <trkpt lat="56.0824120" lon="10.2350380">
    <ele>45.4</ele>
   </trkpt>
   <trkpt lat="56.0825300" lon="10.2350540">
    <ele>45.2</ele>
   </trkpt>
   <trkpt lat="56.0826470" lon="10.2350710">
    <ele>45.0</ele>
   </trkpt>
   <trkpt lat="56.0827610" lon="10.2350860">
    <ele>44.8</ele>
   </trkpt>
   <trkpt lat="56.0828720" lon="10.2350970">
    <ele>44.8</ele>
   </trkpt>
   <trkpt lat="56.0829810" lon="10.2351070">
    <ele>44.6</ele>
   </trkpt>
   <trkpt lat="56.0830870" lon="10.2351190">
    <ele>44.6</ele>
   </trkpt>
   <trkpt lat="56.0831900" lon="10.2351300">
    <ele>44.4</ele>
   </trkpt>
   <trkpt lat="56.0832850" lon="10.2351430">
    <ele>44.4</ele>
   </trkpt>
   <trkpt lat="56.0833750" lon="10.2351550">
    <ele>44.2</ele>
   </trkpt>
   <trkpt lat="56.0834590" lon="10.2351640">
    <ele>44.2</ele>
   </trkpt>
   <trkpt lat="56.0835380" lon="10.2351720">
    <ele>44.2</ele>
   </trkpt>
   <trkpt lat="56.0836090" lon="10.2351810">
    <ele>44.0</ele>
   </trkpt>
   <trkpt lat="56.0836710" lon="10.2351890">
    <ele>44.0</ele>
   </trkpt>
   <trkpt lat="56.0837250" lon="10.2351970">
    <ele>44.0</ele>
   </trkpt>
   <trkpt lat="56.0837730" lon="10.2352060">
    <ele>44.0</ele>
   </trkpt>
   <trkpt lat="56.0838210" lon="10.2352150">
    <ele>44.0</ele>
   </trkpt>
   <trkpt lat="56.0838690" lon="10.2352230">
    <ele>44.0</ele>
   </trkpt>
   <trkpt lat="56.0839160" lon="10.2352290">
    <ele>44.0</ele>
   </trkpt>
   <trkpt lat="56.0839660" lon="10.2352280">
    <ele>44.0</ele>
   </trkpt>
   <trkpt lat="56.0840150" lon="10.2352230">
    <ele>44.0</ele>
   </trkpt>
   <trkpt lat="56.0840620" lon="10.2352110">
    <ele>43.8</ele>
   </trkpt>
   <trkpt lat="56.0841080" lon="10.2351950">
    <ele>43.8</ele>
   </trkpt>
   <trkpt lat="56.0841510" lon="10.2351800">
    <ele>43.8</ele>
   </trkpt>
   <trkpt lat="56.0841860" lon="10.2351840">
    <ele>43.8</ele>
   </trkpt>
   <trkpt lat="56.0842080" lon="10.2352040">
    <ele>43.8</ele>
   </trkpt>
   <trkpt lat="56.0842240" lon="10.2352130">
    <ele>43.6</ele>
   </trkpt>
   <trkpt lat="56.0842360" lon="10.2352090">
    <ele>43.6</ele>
   </trkpt>
   <trkpt lat="56.0842480" lon="10.2352020">
    <ele>43.4</ele>
   </trkpt>
   <trkpt lat="56.0842680" lon="10.2352010">
    <ele>43.4</ele>
   </trkpt>
   <trkpt lat="56.0842900" lon="10.2352000">
    <ele>43.4</ele>
   </trkpt>
   <trkpt lat="56.0843090" lon="10.2352050">
    <ele>43.4</ele>
   </trkpt>
   <trkpt lat="56.0843290" lon="10.2352190">
    <ele>43.6</ele>
   </trkpt>
   <trkpt lat="56.0843560" lon="10.2352240">
    <ele>43.6</ele>
   </trkpt>
   <trkpt lat="56.0843850" lon="10.2352120">
    <ele>43.4</ele>
   </trkpt>
   <trkpt lat="56.0844090" lon="10.2351850">
    <ele>43.4</ele>
   </trkpt>
   <trkpt lat="56.0844230" lon="10.2351450">
    <ele>43.4</ele>
   </trkpt>
   <trkpt lat="56.0844320" lon="10.2350960">
    <ele>43.4</ele>
   </trkpt>
   <trkpt lat="56.0844370" lon="10.2350410">
    <ele>43.4</ele>
   </trkpt>
   <trkpt lat="56.0844380" lon="10.2349820">
    <ele>43.4</ele>
   </trkpt>
   <trkpt lat="56.0844410" lon="10.2349150">
    <ele>43.4</ele>
   </trkpt>
   <trkpt lat="56.0844490" lon="10.2348420">
    <ele>43.4</ele>
   </trkpt>
   <trkpt lat="56.0844580" lon="10.2347670">
    <ele>43.4</ele>
   </trkpt>
   <trkpt lat="56.0844670" lon="10.2346910">
    <ele>43.4</ele>
   </trkpt>
   <trkpt lat="56.0844920" lon="10.2346300">
    <ele>43.4</ele>
   </trkpt>
   <trkpt lat="56.0845280" lon="10.2345910">
    <ele>43.4</ele>
   </trkpt>
   <trkpt lat="56.0845620" lon="10.2345550">
    <ele>43.4</ele>
   </trkpt>
   <trkpt lat="56.0845900" lon="10.2345220">
    <ele>43.4</ele>
   </trkpt>
   <trkpt lat="56.0846120" lon="10.2344950">
    <ele>43.4</ele>
   </trkpt>
   <trkpt lat="56.0846330" lon="10.2344670">
    <ele>43.4</ele>
   </trkpt>
   <trkpt lat="56.0846540" lon="10.2344450">
    <ele>43.4</ele>
   </trkpt>
   <trkpt lat="56.0846760" lon="10.2344270">
    <ele>43.4</ele>
   </trkpt>
   <trkpt lat="56.0846950" lon="10.2344120">
    <ele>43.4</ele>
   </trkpt>
   <trkpt lat="56.0847180" lon="10.2343940">
    <ele>43.4</ele>
   </trkpt>
   <trkpt lat="56.0847480" lon="10.2343690">
    <ele>43.6</ele>
   </trkpt>
   <trkpt lat="56.0847770" lon="10.2343290">
    <ele>43.6</ele>
   </trkpt>
   <trkpt lat="56.0848140" lon="10.2342910">
    <ele>43.6</ele>
   </trkpt>
   <trkpt lat="56.0848470" lon="10.2342600">
    <ele>43.4</ele>
   </trkpt>
   <trkpt lat="56.0848800" lon="10.2342240">
    <ele>43.2</ele>
   </trkpt>
   <trkpt lat="56.0849170" lon="10.2341720">
    <ele>43.0</ele>
   </trkpt>
   <trkpt lat="56.0849560" lon="10.2341210">
    <ele>43.0</ele>
   </trkpt>
   <trkpt lat="56.0849940" lon="10.2340870">
    <ele>42.8</ele>
   </trkpt>
   <trkpt lat="56.0850370" lon="10.2340400">
    <ele>42.8</ele>
   </trkpt>
   <trkpt lat="56.0850750" lon="10.2340010">
    <ele>42.6</ele>
   </trkpt>
   <trkpt lat="56.0851100" lon="10.2339770">
    <ele>42.6</ele>
   </trkpt>
   <trkpt lat="56.0851340" lon="10.2339470">
    <ele>42.4</ele>
   </trkpt>
   <trkpt lat="56.0851560" lon="10.2339090">
    <ele>42.4</ele>
   </trkpt>
   <trkpt lat="56.0851760" lon="10.2338760">
    <ele>42.4</ele>
   </trkpt>
   <trkpt lat="56.0851950" lon="10.2338420">
    <ele>42.4</ele>
   </trkpt>
   <trkpt lat="56.0852230" lon="10.2337990">
    <ele>42.4</ele>
   </trkpt>
   <trkpt lat="56.0852500" lon="10.2337670">
    <ele>42.2</ele>
   </trkpt>
   <trkpt lat="56.0852810" lon="10.2337280">
    <ele>42.2</ele>
   </trkpt>
   <trkpt lat="56.0853220" lon="10.2336780">
    <ele>42.2</ele>
   </trkpt>
   <trkpt lat="56.0853530" lon="10.2336350">
    <ele>42.2</ele>
   </trkpt>
   <trkpt lat="56.0853850" lon="10.2336000">
    <ele>42.0</ele>
   </trkpt>
   <trkpt lat="56.0854140" lon="10.2335590">
    <ele>42.0</ele>
   </trkpt>
   <trkpt lat="56.0854420" lon="10.2335090">
    <ele>42.0</ele>
   </trkpt>
   <trkpt lat="56.0854700" lon="10.2334560">
    <ele>42.0</ele>
   </trkpt>
   <trkpt lat="56.0855090" lon="10.2334180">
    <ele>42.0</ele>
   </trkpt>
   <trkpt lat="56.0855460" lon="10.2333900">
    <ele>41.8</ele>
   </trkpt>
   <trkpt lat="56.0855830" lon="10.2333340">
    <ele>41.8</ele>
   </trkpt>
   <trkpt lat="56.0856150" lon="10.2332730">
    <ele>41.8</ele>
   </trkpt>
   <trkpt lat="56.0856600" lon="10.2332100">
    <ele>41.8</ele>
   </trkpt>
   <trkpt lat="56.0856960" lon="10.2331380">
    <ele>41.6</ele>
   </trkpt>
   <trkpt lat="56.0857230" lon="10.2330710">
    <ele>41.6</ele>
   </trkpt>
   <trkpt lat="56.0857620" lon="10.2330410">
    <ele>41.6</ele>
   </trkpt>
   <trkpt lat="56.0857940" lon="10.2330110">
    <ele>41.4</ele>
   </trkpt>
   <trkpt lat="56.0858260" lon="10.2329650">
    <ele>41.4</ele>
   </trkpt>
   <trkpt lat="56.0858670" lon="10.2329020">
    <ele>41.4</ele>
   </trkpt>
   <trkpt lat="56.0859030" lon="10.2328660">
    <ele>41.2</ele>
   </trkpt>
   <trkpt lat="56.0859340" lon="10.2328370">
    <ele>41.2</ele>
   </trkpt>
   <trkpt lat="56.0859650" lon="10.2328030">
    <ele>41.2</ele>
   </trkpt>
   <trkpt lat="56.0859950" lon="10.2327660">
    <ele>41.2</ele>
   </trkpt>
   <trkpt lat="56.0860230" lon="10.2327260">
    <ele>41.2</ele>
   </trkpt>
   <trkpt lat="56.0860530" lon="10.2326850">
    <ele>41.0</ele>
   </trkpt>
   <trkpt lat="56.0860860" lon="10.2326420">
    <ele>41.0</ele>
   </trkpt>
   <trkpt lat="56.0861160" lon="10.2326040">
    <ele>41.0</ele>
   </trkpt>
   <trkpt lat="56.0861440" lon="10.2325670">
    <ele>41.0</ele>
   </trkpt>
   <trkpt lat="56.0861770" lon="10.2325240">
    <ele>40.8</ele>
   </trkpt>
   <trkpt lat="56.0862070" lon="10.2324890">
    <ele>40.8</ele>
   </trkpt>
   <trkpt lat="56.0862330" lon="10.2324520">
    <ele>40.8</ele>
   </trkpt>
   <trkpt lat="56.0862600" lon="10.2324090">
    <ele>40.6</ele>
   </trkpt>
   <trkpt lat="56.0862840" lon="10.2323770">
    <ele>40.6</ele>
   </trkpt>
   <trkpt lat="56.0863100" lon="10.2323420">
    <ele>40.6</ele>
   </trkpt>
   <trkpt lat="56.0863390" lon="10.2323080">
    <ele>40.4</ele>
   </trkpt>
   <trkpt lat="56.0863670" lon="10.2322860">
    <ele>40.4</ele>
   </trkpt>
   <trkpt lat="56.0863950" lon="10.2322570">
    <ele>40.4</ele>
   </trkpt>
   <trkpt lat="56.0864230" lon="10.2322200">
    <ele>40.4</ele>
   </trkpt>
   <trkpt lat="56.0864520" lon="10.2321840">
    <ele>40.2</ele>
   </trkpt>
   <trkpt lat="56.0864850" lon="10.2321450">
    <ele>40.2</ele>
   </trkpt>
   <trkpt lat="56.0865210" lon="10.2321070">
    <ele>40.2</ele>
   </trkpt>
   <trkpt lat="56.0865520" lon="10.2320690">
    <ele>40.2</ele>
   </trkpt>
   <trkpt lat="56.0865790" lon="10.2320330">
    <ele>40.2</ele>
   </trkpt>
   <trkpt lat="56.0866040" lon="10.2319970">
    <ele>40.0</ele>
   </trkpt>
   <trkpt lat="56.0866280" lon="10.2319610">
    <ele>40.0</ele>
   </trkpt>
   <trkpt lat="56.0866550" lon="10.2319350">
    <ele>40.0</ele>
   </trkpt>
   <trkpt lat="56.0866870" lon="10.2319110">
    <ele>40.0</ele>
   </trkpt>
   <trkpt lat="56.0867140" lon="10.2318810">
    <ele>40.0</ele>
   </trkpt>
   <trkpt lat="56.0867380" lon="10.2318500">
    <ele>39.8</ele>
   </trkpt>
   <trkpt lat="56.0867660" lon="10.2318190">
    <ele>39.8</ele>
   </trkpt>
   <trkpt lat="56.0867940" lon="10.2317800">
    <ele>39.8</ele>
   </trkpt>
   <trkpt lat="56.0868210" lon="10.2317440">
    <ele>39.8</ele>
   </trkpt>
   <trkpt lat="56.0868490" lon="10.2317020">
    <ele>39.8</ele>
   </trkpt>
   <trkpt lat="56.0868750" lon="10.2316670">
    <ele>39.8</ele>
   </trkpt>
   <trkpt lat="56.0868990" lon="10.2316390">
    <ele>39.6</ele>
   </trkpt>
   <trkpt lat="56.0869240" lon="10.2316090">
    <ele>39.6</ele>
   </trkpt>
   <trkpt lat="56.0869500" lon="10.2315820">
    <ele>39.6</ele>
   </trkpt>
   <trkpt lat="56.0869700" lon="10.2315590">
    <ele>39.6</ele>
   </trkpt>
   <trkpt lat="56.0869890" lon="10.2315380">
    <ele>39.6</ele>
   </trkpt>
   <trkpt lat="56.0870070" lon="10.2315150">
    <ele>39.6</ele>
   </trkpt>
   <trkpt lat="56.0870270" lon="10.2314940">
    <ele>39.6</ele>
   </trkpt>
   <trkpt lat="56.0870460" lon="10.2314650">
    <ele>39.6</ele>
   </trkpt>
   <trkpt lat="56.0870640" lon="10.2314430">
    <ele>39.6</ele>
   </trkpt>
   <trkpt lat="56.0870870" lon="10.2314260">
    <ele>39.4</ele>
   </trkpt>
   <trkpt lat="56.0871130" lon="10.2314050">
    <ele>39.4</ele>
   </trkpt>
   <trkpt lat="56.0871390" lon="10.2313880">
    <ele>39.4</ele>
   </trkpt>
   <trkpt lat="56.0871760" lon="10.2313540">
    <ele>39.4</ele>
   </trkpt>
   <trkpt lat="56.0872140" lon="10.2313150">
    <ele>39.4</ele>
   </trkpt>
   <trkpt lat="56.0872380" lon="10.2312790">
    <ele>39.2</ele>
   </trkpt>
   <trkpt lat="56.0872700" lon="10.2312400">
    <ele>39.2</ele>
   </trkpt>
   <trkpt lat="56.0873000" lon="10.2312060">
    <ele>39.2</ele>
   </trkpt>
   <trkpt lat="56.0873230" lon="10.2311790">
    <ele>39.2</ele>
   </trkpt>
   <trkpt lat="56.0873450" lon="10.2311500">
    <ele>39.0</ele>
   </trkpt>
   <trkpt lat="56.0873620" lon="10.2311140">
    <ele>39.0</ele>
   </trkpt>
   <trkpt lat="56.0873810" lon="10.2310860">
    <ele>39.0</ele>
   </trkpt>
   <trkpt lat="56.0874040" lon="10.2310670">
    <ele>39.0</ele>
   </trkpt>
   <trkpt lat="56.0874220" lon="10.2310620">
    <ele>39.0</ele>
   </trkpt>
   <trkpt lat="56.0874400" lon="10.2310490">
    <ele>39.0</ele>
   </trkpt>
   <trkpt lat="56.0874600" lon="10.2310350">
    <ele>39.0</ele>
   </trkpt>
   <trkpt lat="56.0874790" lon="10.2310160">
    <ele>39.0</ele>
   </trkpt>
   <trkpt lat="56.0875010" lon="10.2310060">
    <ele>39.0</ele>
   </trkpt>
   <trkpt lat="56.0875250" lon="10.2309780">
    <ele>38.8</ele>
   </trkpt>
   <trkpt lat="56.0875500" lon="10.2309620">
    <ele>38.8</ele>
   </trkpt>
   <trkpt lat="56.0875720" lon="10.2309510">
    <ele>38.8</ele>
   </trkpt>
   <trkpt lat="56.0875950" lon="10.2309290">
    <ele>38.8</ele>
   </trkpt>
   <trkpt lat="56.0876170" lon="10.2309070">
    <ele>38.6</ele>
   </trkpt>
   <trkpt lat="56.0876420" lon="10.2308880">
    <ele>38.8</ele>
   </trkpt>
   <trkpt lat="56.0876660" lon="10.2308760">
    <ele>38.8</ele>
   </trkpt>
   <trkpt lat="56.0876880" lon="10.2308690">
    <ele>38.8</ele>
   </trkpt>
   <trkpt lat="56.0877110" lon="10.2308550">
    <ele>38.8</ele>
   </trkpt>
   <trkpt lat="56.0877340" lon="10.2308380">
    <ele>38.8</ele>
   </trkpt>
   <trkpt lat="56.0877570" lon="10.2308190">
    <ele>38.8</ele>
   </trkpt>
   <trkpt lat="56.0877790" lon="10.2307960">
    <ele>38.8</ele>
   </trkpt>
   <trkpt lat="56.0878020" lon="10.2307780">
    <ele>38.8</ele>
   </trkpt>
   <trkpt lat="56.0878260" lon="10.2307620">
    <ele>39.0</ele>
   </trkpt>
   <trkpt lat="56.0878460" lon="10.2307470">
    <ele>39.0</ele>
   </trkpt>
   <trkpt lat="56.0878610" lon="10.2307330">
    <ele>39.0</ele>
   </trkpt>
   <trkpt lat="56.0878810" lon="10.2307190">
    <ele>39.0</ele>
   </trkpt>
   <trkpt lat="56.0879010" lon="10.2307010">
    <ele>39.0</ele>
   </trkpt>
   <trkpt lat="56.0879230" lon="10.2306770">
    <ele>39.0</ele>
   </trkpt>
   <trkpt lat="56.0879450" lon="10.2306580">
    <ele>39.0</ele>
   </trkpt>
   <trkpt lat="56.0879660" lon="10.2306390">
    <ele>39.0</ele>
   </trkpt>
   <trkpt lat="56.0879930" lon="10.2306240">
    <ele>39.0</ele>
   </trkpt>
   <trkpt lat="56.0880200" lon="10.2306080">
    <ele>39.0</ele>
   </trkpt>
   <trkpt lat="56.0880430" lon="10.2305950">
    <ele>39.0</ele>
   </trkpt>
   <trkpt lat="56.0880690" lon="10.2305850">
    <ele>39.2</ele>
   </trkpt>
   <trkpt lat="56.0880940" lon="10.2305680">
    <ele>39.2</ele>
   </trkpt>
   <trkpt lat="56.0881130" lon="10.2305340">
    <ele>39.2</ele>
   </trkpt>
   <trkpt lat="56.0881370" lon="10.2305070">
    <ele>39.4</ele>
   </trkpt>
   <trkpt lat="56.0881650" lon="10.2304860">
    <ele>39.4</ele>
   </trkpt>
   <trkpt lat="56.0881850" lon="10.2304720">
    <ele>39.4</ele>
   </trkpt>
   <trkpt lat="56.0882010" lon="10.2304630">
    <ele>39.4</ele>
   </trkpt>
   <trkpt lat="56.0882260" lon="10.2304560">
    <ele>39.4</ele>
   </trkpt>
   <trkpt lat="56.0882540" lon="10.2304380">
    <ele>39.4</ele>
   </trkpt>
   <trkpt lat="56.0882610" lon="10.2304310">
    <ele>39.4</ele>
   </trkpt>
   <trkpt lat="56.0882650" lon="10.2304210">
    <ele>39.4</ele>
   </trkpt>
   <trkpt lat="56.0882700" lon="10.2304040">
    <ele>39.4</ele>
   </trkpt>
   <trkpt lat="56.0883730" lon="10.2303090">
    <ele>39.4</ele>
   </trkpt>
   <trkpt lat="56.0883980" lon="10.2302790">
    <ele>39.4</ele>
   </trkpt>
   <trkpt lat="56.0884230" lon="10.2302550">
    <ele>39.4</ele>
   </trkpt>
   <trkpt lat="56.0884480" lon="10.2302340">
    <ele>39.4</ele>
   </trkpt>
   <trkpt lat="56.0884780" lon="10.2302120">
    <ele>39.2</ele>
   </trkpt>
   <trkpt lat="56.0885040" lon="10.2301950">
    <ele>39.2</ele>
   </trkpt>
   <trkpt lat="56.0885330" lon="10.2301780">
    <ele>39.2</ele>
   </trkpt>
   <trkpt lat="56.0885920" lon="10.2301530">
    <ele>39.2</ele>
   </trkpt>
   <trkpt lat="56.0886230" lon="10.2301310">
    <ele>39.2</ele>
   </trkpt>
   <trkpt lat="56.0886560" lon="10.2301080">
    <ele>39.2</ele>
   </trkpt>
   <trkpt lat="56.0886920" lon="10.2300860">
    <ele>39.0</ele>
   </trkpt>
   <trkpt lat="56.0887270" lon="10.2300320">
    <ele>39.0</ele>
   </trkpt>
   <trkpt lat="56.0887660" lon="10.2299810">
    <ele>39.0</ele>
   </trkpt>
   <trkpt lat="56.0888040" lon="10.2299500">
    <ele>38.8</ele>
   </trkpt>
   <trkpt lat="56.0888340" lon="10.2299220">
    <ele>38.8</ele>
   </trkpt>
   <trkpt lat="56.0888680" lon="10.2298950">
    <ele>38.6</ele>
   </trkpt>
   <trkpt lat="56.0888950" lon="10.2298890">
    <ele>38.6</ele>
   </trkpt>
   <trkpt lat="56.0889250" lon="10.2298910">
    <ele>38.6</ele>
   </trkpt>
   <trkpt lat="56.0889470" lon="10.2298770">
    <ele>38.6</ele>
   </trkpt>
   <trkpt lat="56.0889670" lon="10.2298390">
    <ele>38.6</ele>
   </trkpt>
   <trkpt lat="56.0890150" lon="10.2298220">
    <ele>38.6</ele>
   </trkpt>
   <trkpt lat="56.0890390" lon="10.2298140">
    <ele>38.6</ele>
   </trkpt>
   <trkpt lat="56.0890520" lon="10.2298050">
    <ele>38.6</ele>
   </trkpt>
   <trkpt lat="56.0890640" lon="10.2297740">
    <ele>38.8</ele>
   </trkpt>
   <trkpt lat="56.0890790" lon="10.2297490">
    <ele>38.8</ele>
   </trkpt>
   <trkpt lat="56.0891030" lon="10.2297280">
    <ele>39.0</ele>
   </trkpt>
   <trkpt lat="56.0891240" lon="10.2297050">
    <ele>39.0</ele>
   </trkpt>
   <trkpt lat="56.0891470" lon="10.2296950">
    <ele>39.0</ele>
   </trkpt>
   <trkpt lat="56.0891630" lon="10.2296770">
    <ele>39.2</ele>
   </trkpt>
   <trkpt lat="56.0891800" lon="10.2296650">
    <ele>39.2</ele>
   </trkpt>
   <trkpt lat="56.0891990" lon="10.2296310">
    <ele>39.2</ele>
   </trkpt>
   <trkpt lat="56.0892120" lon="10.2296220">
    <ele>39.2</ele>
   </trkpt>
   <trkpt lat="56.0892320" lon="10.2295900">
    <ele>39.2</ele>
   </trkpt>
   <trkpt lat="56.0892920" lon="10.2295660">
    <ele>39.2</ele>
   </trkpt>
   <trkpt lat="56.0893240" lon="10.2295290">
    <ele>39.2</ele>
   </trkpt>
   <trkpt lat="56.0893550" lon="10.2295090">
    <ele>39.2</ele>
   </trkpt>
   <trkpt lat="56.0893650" lon="10.2294990">
    <ele>39.2</ele>
   </trkpt>
   <trkpt lat="56.0893790" lon="10.2294850">
    <ele>39.2</ele>
   </trkpt>
   <trkpt lat="56.0894160" lon="10.2294820">
    <ele>39.2</ele>
   </trkpt>
   <trkpt lat="56.0894280" lon="10.2294610">
    <ele>39.2</ele>
   </trkpt>
   <trkpt lat="56.0894370" lon="10.2294370">
    <ele>39.2</ele>
   </trkpt>
   <trkpt lat="56.0894510" lon="10.2294200">
    <ele>39.2</ele>
   </trkpt>
   <trkpt lat="56.0894690" lon="10.2294140">
    <ele>39.2</ele>
   </trkpt>
   <trkpt lat="56.0894880" lon="10.2293990">
    <ele>39.0</ele>
   </trkpt>
   <trkpt lat="56.0895050" lon="10.2293860">
    <ele>39.0</ele>
   </trkpt>
   <trkpt lat="56.0895250" lon="10.2293730">
    <ele>39.0</ele>
   </trkpt>
   <trkpt lat="56.0895490" lon="10.2293500">
    <ele>39.0</ele>
   </trkpt>
   <trkpt lat="56.0895650" lon="10.2293260">
    <ele>39.2</ele>
   </trkpt>
   <trkpt lat="56.0895820" lon="10.2293020">
    <ele>39.2</ele>
   </trkpt>
   <trkpt lat="56.0896010" lon="10.2292810">
    <ele>39.2</ele>
   </trkpt>
   <trkpt lat="56.0896170" lon="10.2292600">
    <ele>39.2</ele>
   </trkpt>
   <trkpt lat="56.0896380" lon="10.2292200">
    <ele>39.2</ele>
   </trkpt>
   <trkpt lat="56.0896660" lon="10.2292050">
    <ele>39.2</ele>
   </trkpt>
   <trkpt lat="56.0896940" lon="10.2291910">
    <ele>39.0</ele>
   </trkpt>
   <trkpt lat="56.0897250" lon="10.2291820">
    <ele>39.0</ele>
   </trkpt>
   <trkpt lat="56.0897710" lon="10.2291650">
    <ele>39.0</ele>
   </trkpt>
   <trkpt lat="56.0898080" lon="10.2291800">
    <ele>39.0</ele>
   </trkpt>
   <trkpt lat="56.0898370" lon="10.2291990">
    <ele>39.0</ele>
   </trkpt>
   <trkpt lat="56.0898680" lon="10.2292150">
    <ele>39.0</ele>
   </trkpt>
   <trkpt lat="56.0898970" lon="10.2292470">
    <ele>39.0</ele>
   </trkpt>
   <trkpt lat="56.0899200" lon="10.2292850">
    <ele>39.0</ele>
   </trkpt>
   <trkpt lat="56.0899430" lon="10.2293140">
    <ele>39.0</ele>
   </trkpt>
   <trkpt lat="56.0899620" lon="10.2293490">
    <ele>39.0</ele>
   </trkpt>
   <trkpt lat="56.0899840" lon="10.2293810">
    <ele>39.0</ele>
   </trkpt>
   <trkpt lat="56.0900110" lon="10.2294170">
    <ele>39.0</ele>
   </trkpt>
   <trkpt lat="56.0900400" lon="10.2294510">
    <ele>39.0</ele>
   </trkpt>
   <trkpt lat="56.0900660" lon="10.2294860">
    <ele>39.0</ele>
   </trkpt>
   <trkpt lat="56.0900910" lon="10.2295230">
    <ele>39.0</ele>
   </trkpt>
   <trkpt lat="56.0901500" lon="10.2295580">
    <ele>39.2</ele>
   </trkpt>
   <trkpt lat="56.0901910" lon="10.2295880">
    <ele>39.2</ele>
   </trkpt>
   <trkpt lat="56.0902090" lon="10.2296200">
    <ele>39.2</ele>
   </trkpt>
   <trkpt lat="56.0902210" lon="10.2296620">
    <ele>39.2</ele>
   </trkpt>
   <trkpt lat="56.0902220" lon="10.2297030">
    <ele>39.2</ele>
   </trkpt>
   <trkpt lat="56.0902330" lon="10.2297470">
    <ele>39.2</ele>
   </trkpt>
   <trkpt lat="56.0902590" lon="10.2297900">
    <ele>39.2</ele>
   </trkpt>
   <trkpt lat="56.0902990" lon="10.2298270">
    <ele>39.2</ele>
   </trkpt>
   <trkpt lat="56.0903130" lon="10.2298670">
    <ele>39.2</ele>
   </trkpt>
   <trkpt lat="56.0903300" lon="10.2299080">
    <ele>39.4</ele>
   </trkpt>
   <trkpt lat="56.0903510" lon="10.2299480">
    <ele>39.4</ele>
   </trkpt>
   <trkpt lat="56.0903690" lon="10.2299860">
    <ele>39.4</ele>
   </trkpt>
   <trkpt lat="56.0903850" lon="10.2300230">
    <ele>39.4</ele>
   </trkpt>
   <trkpt lat="56.0904020" lon="10.2300670">
    <ele>39.4</ele>
   </trkpt>
   <trkpt lat="56.0904280" lon="10.2301250">
    <ele>39.4</ele>
   </trkpt>
   <trkpt lat="56.0904500" lon="10.2301740">
    <ele>39.4</ele>
   </trkpt>
   <trkpt lat="56.0904760" lon="10.2302250">
    <ele>39.4</ele>
   </trkpt>
   <trkpt lat="56.0905040" lon="10.2302740">
    <ele>39.6</ele>
   </trkpt>
   <trkpt lat="56.0905340" lon="10.2303290">
    <ele>39.6</ele>
   </trkpt>
   <trkpt lat="56.0905520" lon="10.2303890">
    <ele>39.6</ele>
   </trkpt>
   <trkpt lat="56.0905700" lon="10.2304500">
    <ele>39.8</ele>
   </trkpt>
   <trkpt lat="56.0905940" lon="10.2305040">
    <ele>39.8</ele>
   </trkpt>
   <trkpt lat="56.0906190" lon="10.2305570">
    <ele>39.8</ele>
   </trkpt>
   <trkpt lat="56.0906530" lon="10.2306080">
    <ele>39.8</ele>
   </trkpt>
   <trkpt lat="56.0906830" lon="10.2306680">
    <ele>39.8</ele>
   </trkpt>
   <trkpt lat="56.0907090" lon="10.2307310">
    <ele>39.8</ele>
   </trkpt>
   <trkpt lat="56.0907390" lon="10.2307960">
    <ele>39.8</ele>
   </trkpt>
   <trkpt lat="56.0907780" lon="10.2308580">
    <ele>39.8</ele>
   </trkpt>
   <trkpt lat="56.0908160" lon="10.2309280">
    <ele>39.8</ele>
   </trkpt>
   <trkpt lat="56.0908760" lon="10.2310030">
    <ele>39.8</ele>
   </trkpt>
   <trkpt lat="56.0909240" lon="10.2310820">
    <ele>39.8</ele>
   </trkpt>
   <trkpt lat="56.0909580" lon="10.2311540">
    <ele>40.0</ele>
   </trkpt>
   <trkpt lat="56.0909890" lon="10.2312280">
    <ele>40.0</ele>
   </trkpt>
   <trkpt lat="56.0910210" lon="10.2313070">
    <ele>40.2</ele>
   </trkpt>
   <trkpt lat="56.0910540" lon="10.2313820">
    <ele>40.2</ele>
   </trkpt>
   <trkpt lat="56.0910910" lon="10.2314620">
    <ele>40.2</ele>
   </trkpt>
   <trkpt lat="56.0911390" lon="10.2315600">
    <ele>40.4</ele>
   </trkpt>
   <trkpt lat="56.0911920" lon="10.2316730">
    <ele>40.4</ele>
   </trkpt>
   <trkpt lat="56.0912430" lon="10.2317210">
    <ele>40.4</ele>
   </trkpt>
   <trkpt lat="56.0912710" lon="10.2317910">
    <ele>40.4</ele>
   </trkpt>
   <trkpt lat="56.0913090" lon="10.2318760">
    <ele>40.4</ele>
   </trkpt>
   <trkpt lat="56.0913550" lon="10.2319590">
    <ele>40.6</ele>
   </trkpt>
   <trkpt lat="56.0913930" lon="10.2320400">
    <ele>40.6</ele>
   </trkpt>
   <trkpt lat="56.0914410" lon="10.2321240">
    <ele>40.6</ele>
   </trkpt>
   <trkpt lat="56.0914860" lon="10.2322010">
    <ele>40.8</ele>
   </trkpt>
   <trkpt lat="56.0915410" lon="10.2322680">
    <ele>40.8</ele>
   </trkpt>
   <trkpt lat="56.0915850" lon="10.2323450">
    <ele>40.8</ele>
   </trkpt>
   <trkpt lat="56.0916380" lon="10.2324240">
    <ele>40.6</ele>
   </trkpt>
   <trkpt lat="56.0916940" lon="10.2325000">
    <ele>40.6</ele>
   </trkpt>
   <trkpt lat="56.0917550" lon="10.2325910">
    <ele>40.8</ele>
   </trkpt>
   <trkpt lat="56.0918170" lon="10.2326850">
    <ele>40.8</ele>
   </trkpt>
   <trkpt lat="56.0918780" lon="10.2327810">
    <ele>41.0</ele>
   </trkpt>
   <trkpt lat="56.0919290" lon="10.2328720">
    <ele>41.0</ele>
   </trkpt>
   <trkpt lat="56.0919750" lon="10.2329700">
    <ele>41.2</ele>
   </trkpt>
   <trkpt lat="56.0920210" lon="10.2330680">
    <ele>41.2</ele>
   </trkpt>
   <trkpt lat="56.0920670" lon="10.2331770">
    <ele>41.2</ele>
   </trkpt>
   <trkpt lat="56.0921050" lon="10.2333020">
    <ele>41.2</ele>
   </trkpt>
   <trkpt lat="56.0921340" lon="10.2334230">
    <ele>41.2</ele>
   </trkpt>
   <trkpt lat="56.0921530" lon="10.2335530">
    <ele>41.2</ele>
   </trkpt>
   <trkpt lat="56.0921590" lon="10.2336880">
    <ele>41.2</ele>
   </trkpt>
   <trkpt lat="56.0921560" lon="10.2338140">
    <ele>41.2</ele>
   </trkpt>
   <trkpt lat="56.0921540" lon="10.2339380">
    <ele>41.2</ele>
   </trkpt>
   <trkpt lat="56.0921500" lon="10.2340670">
    <ele>41.4</ele>
   </trkpt>
   <trkpt lat="56.0921450" lon="10.2341870">
    <ele>41.4</ele>
   </trkpt>
   <trkpt lat="56.0921410" lon="10.2342940">
    <ele>41.4</ele>
   </trkpt>
   <trkpt lat="56.0921370" lon="10.2344040">
    <ele>41.4</ele>
   </trkpt>
   <trkpt lat="56.0921330" lon="10.2345310">
    <ele>41.6</ele>
   </trkpt>
   <trkpt lat="56.0921310" lon="10.2346600">
    <ele>41.6</ele>
   </trkpt>
   <trkpt lat="56.0921310" lon="10.2347790">
    <ele>41.6</ele>
   </trkpt>
   <trkpt lat="56.0921370" lon="10.2348830">
    <ele>41.6</ele>
   </trkpt>
   <trkpt lat="56.0921510" lon="10.2349850">
    <ele>41.8</ele>
   </trkpt>
   <trkpt lat="56.0921720" lon="10.2350820">
    <ele>41.8</ele>
   </trkpt>
   <trkpt lat="56.0921910" lon="10.2351840">
    <ele>41.8</ele>
   </trkpt>
   <trkpt lat="56.0922110" lon="10.2352910">
    <ele>42.0</ele>
   </trkpt>
   <trkpt lat="56.0922300" lon="10.2354040">
    <ele>42.0</ele>
   </trkpt>
   <trkpt lat="56.0922480" lon="10.2355260">
    <ele>42.0</ele>
   </trkpt>
   <trkpt lat="56.0922610" lon="10.2356590">
    <ele>42.0</ele>
   </trkpt>
   <trkpt lat="56.0922760" lon="10.2357990">
    <ele>42.0</ele>
   </trkpt>
   <trkpt lat="56.0922860" lon="10.2359370">
    <ele>42.2</ele>
   </trkpt>
   <trkpt lat="56.0922880" lon="10.2360800">
    <ele>42.0</ele>
   </trkpt>
   <trkpt lat="56.0922870" lon="10.2362350">
    <ele>42.0</ele>
   </trkpt>
   <trkpt lat="56.0922880" lon="10.2363850">
    <ele>42.2</ele>
   </trkpt>
   <trkpt lat="56.0922820" lon="10.2365360">
    <ele>42.2</ele>
   </trkpt>
   <trkpt lat="56.0922940" lon="10.2366820">
    <ele>42.2</ele>
   </trkpt>
   <trkpt lat="56.0923290" lon="10.2368540">
    <ele>42.2</ele>
   </trkpt>
   <trkpt lat="56.0923530" lon="10.2370380">
    <ele>42.0</ele>
   </trkpt>
   <trkpt lat="56.0923840" lon="10.2372350">
    <ele>42.0</ele>
   </trkpt>
   <trkpt lat="56.0924180" lon="10.2374330">
    <ele>42.0</ele>
   </trkpt>
   <trkpt lat="56.0924590" lon="10.2376070">
    <ele>42.0</ele>
   </trkpt>
   <trkpt lat="56.0924870" lon="10.2377760">
    <ele>42.0</ele>
   </trkpt>
   <trkpt lat="56.0925250" lon="10.2379300">
    <ele>42.2</ele>
   </trkpt>
   <trkpt lat="56.0925500" lon="10.2380710">
    <ele>42.4</ele>
   </trkpt>
   <trkpt lat="56.0925860" lon="10.2382040">
    <ele>42.4</ele>
   </trkpt>
   <trkpt lat="56.0926400" lon="10.2383340">
    <ele>42.4</ele>
   </trkpt>
   <trkpt lat="56.0927070" lon="10.2384710">
    <ele>42.4</ele>
   </trkpt>
   <trkpt lat="56.0927740" lon="10.2386340">
    <ele>42.4</ele>
   </trkpt>
   <trkpt lat="56.0928380" lon="10.2388010">
    <ele>42.2</ele>
   </trkpt>
   <trkpt lat="56.0929080" lon="10.2389680">
    <ele>42.2</ele>
   </trkpt>
   <trkpt lat="56.0929630" lon="10.2391530">
    <ele>42.2</ele>
   </trkpt>
   <trkpt lat="56.0930090" lon="10.2393590">
    <ele>42.2</ele>
   </trkpt>
   <trkpt lat="56.0930430" lon="10.2395680">
    <ele>42.2</ele>
   </trkpt>
   <trkpt lat="56.0930770" lon="10.2397890">
    <ele>42.2</ele>
   </trkpt>
   <trkpt lat="56.0931010" lon="10.2399870">
    <ele>42.2</ele>
   </trkpt>
   <trkpt lat="56.0931170" lon="10.2401870">
    <ele>42.2</ele>
   </trkpt>
   <trkpt lat="56.0931180" lon="10.2403580">
    <ele>42.2</ele>
   </trkpt>
   <trkpt lat="56.0931260" lon="10.2405320">
    <ele>42.4</ele>
   </trkpt>
   <trkpt lat="56.0931200" lon="10.2406900">
    <ele>42.4</ele>
   </trkpt>
   <trkpt lat="56.0931290" lon="10.2408560">
    <ele>42.4</ele>
   </trkpt>
   <trkpt lat="56.0931560" lon="10.2410940">
    <ele>42.4</ele>
   </trkpt>
   <trkpt lat="56.0931930" lon="10.2412690">
    <ele>42.4</ele>
   </trkpt>
   <trkpt lat="56.0932280" lon="10.2414180">
    <ele>42.6</ele>
   </trkpt>
   <trkpt lat="56.0932750" lon="10.2415500">
    <ele>42.6</ele>
   </trkpt>
   <trkpt lat="56.0933110" lon="10.2416720">
    <ele>42.6</ele>
   </trkpt>
   <trkpt lat="56.0933280" lon="10.2418000">
    <ele>42.8</ele>
   </trkpt>
   <trkpt lat="56.0933510" lon="10.2419310">
    <ele>42.8</ele>
   </trkpt>
   <trkpt lat="56.0934040" lon="10.2420600">
    <ele>42.8</ele>
   </trkpt>
   <trkpt lat="56.0934310" lon="10.2421770">
    <ele>42.8</ele>
   </trkpt>
   <trkpt lat="56.0934390" lon="10.2422580">
    <ele>42.8</ele>
   </trkpt>
   <trkpt lat="56.0934340" lon="10.2423160">
    <ele>42.8</ele>
   </trkpt>
   <trkpt lat="56.0934260" lon="10.2423910">
    <ele>43.0</ele>
   </trkpt>
   <trkpt lat="56.0934390" lon="10.2424590">
    <ele>43.0</ele>
   </trkpt>
   <trkpt lat="56.0934690" lon="10.2425090">
    <ele>43.2</ele>
   </trkpt>
   <trkpt lat="56.0935120" lon="10.2425460">
    <ele>43.2</ele>
   </trkpt>
   <trkpt lat="56.0935580" lon="10.2425660">
    <ele>43.2</ele>
   </trkpt>
   <trkpt lat="56.0935970" lon="10.2425760">
    <ele>43.2</ele>
   </trkpt>
   <trkpt lat="56.0936350" lon="10.2425930">
    <ele>43.0</ele>
   </trkpt>
   <trkpt lat="56.0936770" lon="10.2426090">
    <ele>43.0</ele>
   </trkpt>
   <trkpt lat="56.0937240" lon="10.2426180">
    <ele>43.0</ele>
   </trkpt>
   <trkpt lat="56.0937730" lon="10.2426290">
    <ele>43.0</ele>
   </trkpt>
   <trkpt lat="56.0938210" lon="10.2426370">
    <ele>43.0</ele>
   </trkpt>
   <trkpt lat="56.0938680" lon="10.2426520">
    <ele>43.0</ele>
   </trkpt>
   <trkpt lat="56.0939240" lon="10.2426670">
    <ele>43.0</ele>
   </trkpt>
   <trkpt lat="56.0939770" lon="10.2426850">
    <ele>43.0</ele>
   </trkpt>
   <trkpt lat="56.0940360" lon="10.2426930">
    <ele>43.0</ele>
   </trkpt>
   <trkpt lat="56.0941070" lon="10.2426930">
    <ele>43.0</ele>
   </trkpt>
   <trkpt lat="56.0942020" lon="10.2426920">
    <ele>43.0</ele>
   </trkpt>
   <trkpt lat="56.0942730" lon="10.2426850">
    <ele>43.2</ele>
   </trkpt>
   <trkpt lat="56.0943370" lon="10.2426810">
    <ele>43.2</ele>
   </trkpt>
   <trkpt lat="56.0943950" lon="10.2426760">
    <ele>43.2</ele>
   </trkpt>
   <trkpt lat="56.0944590" lon="10.2426670">
    <ele>43.2</ele>
   </trkpt>
   <trkpt lat="56.0945310" lon="10.2426570">
    <ele>43.4</ele>
   </trkpt>
   <trkpt lat="56.0946140" lon="10.2426290">
    <ele>43.4</ele>
   </trkpt>
   <trkpt lat="56.0947340" lon="10.2425870">
    <ele>43.4</ele>
   </trkpt>
   <trkpt lat="56.0948470" lon="10.2425560">
    <ele>43.4</ele>
   </trkpt>
   <trkpt lat="56.0949370" lon="10.2425310">
    <ele>43.4</ele>
   </trkpt>
   <trkpt lat="56.0950590" lon="10.2424970">
    <ele>43.4</ele>
   </trkpt>
   <trkpt lat="56.0951570" lon="10.2424540">
    <ele>43.4</ele>
   </trkpt>
   <trkpt lat="56.0952440" lon="10.2424090">
    <ele>43.4</ele>
   </trkpt>
   <trkpt lat="56.0953160" lon="10.2423810">
    <ele>43.4</ele>
   </trkpt>
   <trkpt lat="56.0953890" lon="10.2423670">
    <ele>43.4</ele>
   </trkpt>
   <trkpt lat="56.0954650" lon="10.2423230">
    <ele>43.4</ele>
   </trkpt>
   <trkpt lat="56.0955530" lon="10.2422810">
    <ele>43.4</ele>
   </trkpt>
   <trkpt lat="56.0956470" lon="10.2422340">
    <ele>43.4</ele>
   </trkpt>
   <trkpt lat="56.0957250" lon="10.2421870">
    <ele>43.6</ele>
   </trkpt>
   <trkpt lat="56.0958020" lon="10.2421430">
    <ele>43.4</ele>
   </trkpt>
   <trkpt lat="56.0958850" lon="10.2420710">
    <ele>43.4</ele>
   </trkpt>
   <trkpt lat="56.0959590" lon="10.2420430">
    <ele>43.4</ele>
   </trkpt>
   <trkpt lat="56.0960290" lon="10.2419870">
    <ele>43.4</ele>
   </trkpt>
   <trkpt lat="56.0960960" lon="10.2419270">
    <ele>43.6</ele>
   </trkpt>
   <trkpt lat="56.0961670" lon="10.2418700">
    <ele>43.6</ele>
   </trkpt>
   <trkpt lat="56.0962350" lon="10.2418100">
    <ele>43.6</ele>
   </trkpt>
   <trkpt lat="56.0963010" lon="10.2417460">
    <ele>43.6</ele>
   </trkpt>
   <trkpt lat="56.0963640" lon="10.2416750">
    <ele>43.6</ele>
   </trkpt>
   <trkpt lat="56.0964260" lon="10.2416140">
    <ele>43.6</ele>
   </trkpt>
   <trkpt lat="56.0964850" lon="10.2415620">
    <ele>43.6</ele>
   </trkpt>
   <trkpt lat="56.0965410" lon="10.2414960">
    <ele>43.6</ele>
   </trkpt>
   <trkpt lat="56.0965990" lon="10.2414270">
    <ele>43.6</ele>
   </trkpt>
   <trkpt lat="56.0966600" lon="10.2413540">
    <ele>43.6</ele>
   </trkpt>
   <trkpt lat="56.0967200" lon="10.2412830">
    <ele>43.6</ele>
   </trkpt>
   <trkpt lat="56.0967820" lon="10.2412110">
    <ele>43.6</ele>
   </trkpt>
   <trkpt lat="56.0968460" lon="10.2411360">
    <ele>43.6</ele>
   </trkpt>
   <trkpt lat="56.0969060" lon="10.2410590">
    <ele>43.6</ele>
   </trkpt>
   <trkpt lat="56.0969630" lon="10.2409770">
    <ele>43.6</ele>
   </trkpt>
   <trkpt lat="56.0970250" lon="10.2408910">
    <ele>43.6</ele>
   </trkpt>
   <trkpt lat="56.0970860" lon="10.2408040">
    <ele>43.4</ele>
   </trkpt>
   <trkpt lat="56.0971450" lon="10.2407160">
    <ele>43.6</ele>
   </trkpt>
   <trkpt lat="56.0972010" lon="10.2406200">
    <ele>43.4</ele>
   </trkpt>
   <trkpt lat="56.0972550" lon="10.2405190">
    <ele>43.4</ele>
   </trkpt>
   <trkpt lat="56.0973050" lon="10.2404280">
    <ele>43.4</ele>
   </trkpt>
   <trkpt lat="56.0973600" lon="10.2403420">
    <ele>43.4</ele>
   </trkpt>
   <trkpt lat="56.0974080" lon="10.2402550">
    <ele>43.4</ele>
   </trkpt>
   <trkpt lat="56.0974530" lon="10.2401730">
    <ele>43.4</ele>
   </trkpt>
   <trkpt lat="56.0974910" lon="10.2400890">
    <ele>43.4</ele>
   </trkpt>
   <trkpt lat="56.0975270" lon="10.2400020">
    <ele>43.4</ele>
   </trkpt>
   <trkpt lat="56.0975600" lon="10.2399100">
    <ele>43.4</ele>
   </trkpt>
   <trkpt lat="56.0975910" lon="10.2398240">
    <ele>43.4</ele>
   </trkpt>
   <trkpt lat="56.0976250" lon="10.2397400">
    <ele>43.4</ele>
   </trkpt>
   <trkpt lat="56.0976540" lon="10.2396530">
    <ele>43.4</ele>
   </trkpt>
   <trkpt lat="56.0976710" lon="10.2395690">
    <ele>43.4</ele>
   </trkpt>
   <trkpt lat="56.0976940" lon="10.2394910">
    <ele>43.4</ele>
   </trkpt>
   <trkpt lat="56.0977250" lon="10.2394130">
    <ele>43.4</ele>
   </trkpt>
   <trkpt lat="56.0977580" lon="10.2393360">
    <ele>43.4</ele>
   </trkpt>
   <trkpt lat="56.0977830" lon="10.2392490">
    <ele>43.4</ele>
   </trkpt>
   <trkpt lat="56.0978140" lon="10.2391530">
    <ele>43.2</ele>
   </trkpt>
   <trkpt lat="56.0978440" lon="10.2390640">
    <ele>43.2</ele>
   </trkpt>
   <trkpt lat="56.0978730" lon="10.2389720">
    <ele>43.2</ele>
   </trkpt>
   <trkpt lat="56.0979000" lon="10.2388740">
    <ele>43.2</ele>
   </trkpt>
   <trkpt lat="56.0979300" lon="10.2387650">
    <ele>43.2</ele>
   </trkpt>
   <trkpt lat="56.0979580" lon="10.2386420">
    <ele>43.2</ele>
   </trkpt>
   <trkpt lat="56.0979890" lon="10.2385210">
    <ele>43.0</ele>
   </trkpt>
   <trkpt lat="56.0980180" lon="10.2383960">
    <ele>43.0</ele>
   </trkpt>
   <trkpt lat="56.0980520" lon="10.2382650">
    <ele>43.0</ele>
   </trkpt>
   <trkpt lat="56.0980990" lon="10.2381440">
    <ele>43.0</ele>
   </trkpt>
   <trkpt lat="56.0981410" lon="10.2380240">
    <ele>43.0</ele>
   </trkpt>
   <trkpt lat="56.0981860" lon="10.2379230">
    <ele>43.0</ele>
   </trkpt>
   <trkpt lat="56.0982450" lon="10.2378170">
    <ele>43.0</ele>
   </trkpt>
   <trkpt lat="56.0983130" lon="10.2377170">
    <ele>43.0</ele>
   </trkpt>
   <trkpt lat="56.0983690" lon="10.2376200">
    <ele>43.0</ele>
   </trkpt>
   <trkpt lat="56.0984340" lon="10.2375380">
    <ele>42.8</ele>
   </trkpt>
   <trkpt lat="56.0985000" lon="10.2374620">
    <ele>42.8</ele>
   </trkpt>
   <trkpt lat="56.0985530" lon="10.2374170">
    <ele>42.8</ele>
   </trkpt>
   <trkpt lat="56.0986050" lon="10.2373680">
    <ele>42.8</ele>
   </trkpt>
   <trkpt lat="56.0986580" lon="10.2373180">
    <ele>42.8</ele>
   </trkpt>
   <trkpt lat="56.0986980" lon="10.2372940">
    <ele>42.8</ele>
   </trkpt>
   <trkpt lat="56.0987510" lon="10.2372590">
    <ele>42.8</ele>
   </trkpt>
   <trkpt lat="56.0988070" lon="10.2372370">
    <ele>43.0</ele>
   </trkpt>
   <trkpt lat="56.0988640" lon="10.2372110">
    <ele>43.0</ele>
   </trkpt>
   <trkpt lat="56.0989060" lon="10.2371870">
    <ele>43.0</ele>
   </trkpt>
   <trkpt lat="56.0989410" lon="10.2371560">
    <ele>42.8</ele>
   </trkpt>
   <trkpt lat="56.0989810" lon="10.2371290">
    <ele>42.8</ele>
   </trkpt>
   <trkpt lat="56.0990200" lon="10.2371080">
    <ele>43.0</ele>
   </trkpt>
   <trkpt lat="56.0990560" lon="10.2370850">
    <ele>43.0</ele>
   </trkpt>
   <trkpt lat="56.0990960" lon="10.2370640">
    <ele>43.0</ele>
   </trkpt>
   <trkpt lat="56.0991230" lon="10.2370520">
    <ele>43.0</ele>
   </trkpt>
   <trkpt lat="56.0991410" lon="10.2370560">
    <ele>43.0</ele>
   </trkpt>
   <trkpt lat="56.0991670" lon="10.2370430">
    <ele>43.0</ele>
   </trkpt>
   <trkpt lat="56.0991930" lon="10.2370220">
    <ele>43.0</ele>
   </trkpt>
   <trkpt lat="56.0992260" lon="10.2369970">
    <ele>43.0</ele>
   </trkpt>
   <trkpt lat="56.0992580" lon="10.2369830">
    <ele>43.0</ele>
   </trkpt>
   <trkpt lat="56.0992880" lon="10.2369780">
    <ele>43.0</ele>
   </trkpt>
   <trkpt lat="56.0993100" lon="10.2369720">
    <ele>43.0</ele>
   </trkpt>
   <trkpt lat="56.0993290" lon="10.2369710">
    <ele>43.0</ele>
   </trkpt>
   <trkpt lat="56.0993480" lon="10.2369630">
    <ele>43.0</ele>
   </trkpt>
   <trkpt lat="56.0993930" lon="10.2369420">
    <ele>43.0</ele>
   </trkpt>
   <trkpt lat="56.0994400" lon="10.2369080">
    <ele>43.2</ele>
   </trkpt>
   <trkpt lat="56.0994800" lon="10.2368730">
    <ele>43.2</ele>
   </trkpt>
   <trkpt lat="56.0995230" lon="10.2368540">
    <ele>43.2</ele>
   </trkpt>
   <trkpt lat="56.0995630" lon="10.2368370">
    <ele>43.2</ele>
   </trkpt>
   <trkpt lat="56.0995910" lon="10.2368200">
    <ele>43.2</ele>
   </trkpt>
   <trkpt lat="56.0996150" lon="10.2367950">
    <ele>43.2</ele>
   </trkpt>
   <trkpt lat="56.0996340" lon="10.2367720">
    <ele>43.2</ele>
   </trkpt>
   <trkpt lat="56.0996750" lon="10.2367570">
    <ele>43.2</ele>
   </trkpt>
   <trkpt lat="56.0997080" lon="10.2367350">
    <ele>43.2</ele>
   </trkpt>
   <trkpt lat="56.0997370" lon="10.2367270">
    <ele>43.2</ele>
   </trkpt>
   <trkpt lat="56.0997700" lon="10.2367150">
    <ele>43.2</ele>
   </trkpt>
   <trkpt lat="56.0998090" lon="10.2366920">
    <ele>43.2</ele>
   </trkpt>
   <trkpt lat="56.0998330" lon="10.2366540">
    <ele>43.2</ele>
   </trkpt>
   <trkpt lat="56.0998480" lon="10.2366310">
    <ele>43.2</ele>
   </trkpt>
   <trkpt lat="56.0998640" lon="10.2366180">
    <ele>43.2</ele>
   </trkpt>
   <trkpt lat="56.0998900" lon="10.2366090">
    <ele>43.2</ele>
   </trkpt>
   <trkpt lat="56.0999170" lon="10.2366010">
    <ele>43.2</ele>
   </trkpt>
   <trkpt lat="56.0999430" lon="10.2365850">
    <ele>43.2</ele>
   </trkpt>
   <trkpt lat="56.0999690" lon="10.2365760">
    <ele>43.0</ele>
   </trkpt>
   <trkpt lat="56.1000060" lon="10.2365570">
    <ele>43.0</ele>
   </trkpt>
   <trkpt lat="56.1000660" lon="10.2365140">
    <ele>43.0</ele>
   </trkpt>
   <trkpt lat="56.1001040" lon="10.2364940">
    <ele>43.0</ele>
   </trkpt>
   <trkpt lat="56.1001290" lon="10.2364890">
    <ele>43.0</ele>
   </trkpt>
   <trkpt lat="56.1001710" lon="10.2364750">
    <ele>43.0</ele>
   </trkpt>
   <trkpt lat="56.1002050" lon="10.2364600">
    <ele>42.8</ele>
   </trkpt>
   <trkpt lat="56.1002300" lon="10.2364480">
    <ele>42.8</ele>
   </trkpt>
   <trkpt lat="56.1002500" lon="10.2364320">
    <ele>42.8</ele>
   </trkpt>
   <trkpt lat="56.1002740" lon="10.2364220">
    <ele>42.8</ele>
   </trkpt>
   <trkpt lat="56.1003130" lon="10.2364060">
    <ele>42.6</ele>
   </trkpt>
   <trkpt lat="56.1003370" lon="10.2363890">
    <ele>42.6</ele>
   </trkpt>
   <trkpt lat="56.1003620" lon="10.2363780">
    <ele>42.6</ele>
   </trkpt>
   <trkpt lat="56.1003850" lon="10.2363690">
    <ele>42.6</ele>
   </trkpt>
   <trkpt lat="56.1004080" lon="10.2363600">
    <ele>42.6</ele>
   </trkpt>
   <trkpt lat="56.1004310" lon="10.2363480">
    <ele>42.6</ele>
   </trkpt>
   <trkpt lat="56.1004500" lon="10.2363370">
    <ele>42.6</ele>
   </trkpt>
   <trkpt lat="56.1004700" lon="10.2363210">
    <ele>42.6</ele>
   </trkpt>
   <trkpt lat="56.1004960" lon="10.2362980">
    <ele>42.6</ele>
   </trkpt>
   <trkpt lat="56.1005200" lon="10.2362830">
    <ele>42.6</ele>
   </trkpt>
   <trkpt lat="56.1005450" lon="10.2362720">
    <ele>42.6</ele>
   </trkpt>
   <trkpt lat="56.1005720" lon="10.2362590">
    <ele>42.6</ele>
   </trkpt>
   <trkpt lat="56.1006000" lon="10.2362430">
    <ele>42.6</ele>
   </trkpt>
   <trkpt lat="56.1006280" lon="10.2362260">
    <ele>42.6</ele>
   </trkpt>
   <trkpt lat="56.1006600" lon="10.2362120">
    <ele>42.6</ele>
   </trkpt>
   <trkpt lat="56.1006950" lon="10.2361970">
    <ele>42.6</ele>
   </trkpt>
   <trkpt lat="56.1007390" lon="10.2361790">
    <ele>42.6</ele>
   </trkpt>
   <trkpt lat="56.1007790" lon="10.2361570">
    <ele>42.6</ele>
   </trkpt>
   <trkpt lat="56.1008120" lon="10.2361370">
    <ele>42.6</ele>
   </trkpt>
   <trkpt lat="56.1008350" lon="10.2361270">
    <ele>42.6</ele>
   </trkpt>
   <trkpt lat="56.1008670" lon="10.2361120">
    <ele>42.4</ele>
   </trkpt>
   <trkpt lat="56.1008980" lon="10.2360880">
    <ele>42.4</ele>
   </trkpt>
   <trkpt lat="56.1009250" lon="10.2360640">
    <ele>42.4</ele>
   </trkpt>
   <trkpt lat="56.1009510" lon="10.2360430">
    <ele>42.4</ele>
   </trkpt>
   <trkpt lat="56.1009710" lon="10.2360170">
    <ele>42.4</ele>
   </trkpt>
   <trkpt lat="56.1009920" lon="10.2359970">
    <ele>42.4</ele>
   </trkpt>
   <trkpt lat="56.1010160" lon="10.2359800">
    <ele>42.4</ele>
   </trkpt>
   <trkpt lat="56.1010460" lon="10.2359670">
    <ele>42.6</ele>
   </trkpt>
   <trkpt lat="56.1010790" lon="10.2359520">
    <ele>42.6</ele>
   </trkpt>
   <trkpt lat="56.1011310" lon="10.2359350">
    <ele>42.6</ele>
   </trkpt>
   <trkpt lat="56.1011590" lon="10.2359060">
    <ele>42.6</ele>
   </trkpt>
   <trkpt lat="56.1011890" lon="10.2358820">
    <ele>42.6</ele>
   </trkpt>
   <trkpt lat="56.1012160" lon="10.2358610">
    <ele>42.6</ele>
   </trkpt>
   <trkpt lat="56.1012510" lon="10.2358380">
    <ele>42.6</ele>
   </trkpt>
   <trkpt lat="56.1012750" lon="10.2358190">
    <ele>42.6</ele>
   </trkpt>
   <trkpt lat="56.1013050" lon="10.2357930">
    <ele>42.6</ele>
   </trkpt>
   <trkpt lat="56.1013320" lon="10.2357740">
    <ele>42.6</ele>
   </trkpt>
   <trkpt lat="56.1013650" lon="10.2357540">
    <ele>42.6</ele>
   </trkpt>
   <trkpt lat="56.1013940" lon="10.2357370">
    <ele>42.6</ele>
   </trkpt>
   <trkpt lat="56.1014400" lon="10.2357090">
    <ele>42.6</ele>
   </trkpt>
   <trkpt lat="56.1014940" lon="10.2356840">
    <ele>42.6</ele>
   </trkpt>
   <trkpt lat="56.1015330" lon="10.2356520">
    <ele>42.6</ele>
   </trkpt>
   <trkpt lat="56.1015560" lon="10.2356210">
    <ele>42.4</ele>
   </trkpt>
   <trkpt lat="56.1015800" lon="10.2355880">
    <ele>42.4</ele>
   </trkpt>
   <trkpt lat="56.1016090" lon="10.2355540">
    <ele>42.4</ele>
   </trkpt>
   <trkpt lat="56.1016650" lon="10.2355120">
    <ele>42.4</ele>
   </trkpt>
   <trkpt lat="56.1017280" lon="10.2354730">
    <ele>42.6</ele>
   </trkpt>
   <trkpt lat="56.1017700" lon="10.2354490">
    <ele>42.6</ele>
   </trkpt>
   <trkpt lat="56.1017960" lon="10.2354040">
    <ele>42.4</ele>
   </trkpt>
   <trkpt lat="56.1018310" lon="10.2353520">
    <ele>42.4</ele>
   </trkpt>
   <trkpt lat="56.1018590" lon="10.2353300">
    <ele>42.4</ele>
   </trkpt>
   <trkpt lat="56.1018970" lon="10.2353060">
    <ele>42.4</ele>
   </trkpt>
   <trkpt lat="56.1019230" lon="10.2352850">
    <ele>42.4</ele>
   </trkpt>
   <trkpt lat="56.1019720" lon="10.2352370">
    <ele>42.6</ele>
   </trkpt>
   <trkpt lat="56.1020220" lon="10.2351870">
    <ele>42.6</ele>
   </trkpt>
   <trkpt lat="56.1020830" lon="10.2351310">
    <ele>42.4</ele>
   </trkpt>
   <trkpt lat="56.1021480" lon="10.2350680">
    <ele>42.4</ele>
   </trkpt>
   <trkpt lat="56.1022270" lon="10.2349960">
    <ele>42.4</ele>
   </trkpt>
   <trkpt lat="56.1023070" lon="10.2349250">
    <ele>42.2</ele>
   </trkpt>
   <trkpt lat="56.1023870" lon="10.2348480">
    <ele>42.2</ele>
   </trkpt>
   <trkpt lat="56.1024730" lon="10.2347740">
    <ele>42.2</ele>
   </trkpt>
   <trkpt lat="56.1025560" lon="10.2346980">
    <ele>42.2</ele>
   </trkpt>
   <trkpt lat="56.1026390" lon="10.2346200">
    <ele>42.2</ele>
   </trkpt>
   <trkpt lat="56.1027110" lon="10.2345500">
    <ele>42.0</ele>
   </trkpt>
   <trkpt lat="56.1027790" lon="10.2344840">
    <ele>42.0</ele>
   </trkpt>
   <trkpt lat="56.1028500" lon="10.2344180">
    <ele>42.0</ele>
   </trkpt>
   <trkpt lat="56.1029180" lon="10.2343600">
    <ele>42.0</ele>
   </trkpt>
   <trkpt lat="56.1029790" lon="10.2343060">
    <ele>42.0</ele>
   </trkpt>
   <trkpt lat="56.1030270" lon="10.2342600">
    <ele>42.0</ele>
   </trkpt>
   <trkpt lat="56.1030690" lon="10.2342230">
    <ele>42.2</ele>
   </trkpt>
   <trkpt lat="56.1031090" lon="10.2341900">
    <ele>42.2</ele>
   </trkpt>
   <trkpt lat="56.1031560" lon="10.2341480">
    <ele>42.2</ele>
   </trkpt>
   <trkpt lat="56.1032110" lon="10.2340990">
    <ele>42.2</ele>
   </trkpt>
   <trkpt lat="56.1032710" lon="10.2340520">
    <ele>42.4</ele>
   </trkpt>
   <trkpt lat="56.1033310" lon="10.2340100">
    <ele>42.4</ele>
   </trkpt>
   <trkpt lat="56.1033890" lon="10.2339620">
    <ele>42.6</ele>
   </trkpt>
   <trkpt lat="56.1034500" lon="10.2339090">
    <ele>42.6</ele>
   </trkpt>
   <trkpt lat="56.1035080" lon="10.2338640">
    <ele>42.6</ele>
   </trkpt>
   <trkpt lat="56.1035630" lon="10.2338250">
    <ele>42.8</ele>
   </trkpt>
   <trkpt lat="56.1036110" lon="10.2337860">
    <ele>42.8</ele>
   </trkpt>
   <trkpt lat="56.1036710" lon="10.2337410">
    <ele>43.0</ele>
   </trkpt>
   <trkpt lat="56.1037230" lon="10.2336940">
    <ele>43.0</ele>
   </trkpt>
   <trkpt lat="56.1037740" lon="10.2336470">
    <ele>43.0</ele>
   </trkpt>
   <trkpt lat="56.1038220" lon="10.2336190">
    <ele>43.2</ele>
   </trkpt>
   <trkpt lat="56.1038630" lon="10.2336050">
    <ele>43.2</ele>
   </trkpt>
   <trkpt lat="56.1039130" lon="10.2336010">
    <ele>43.2</ele>
   </trkpt>
   <trkpt lat="56.1039640" lon="10.2335940">
    <ele>43.4</ele>
   </trkpt>
   <trkpt lat="56.1040060" lon="10.2335850">
    <ele>43.4</ele>
   </trkpt>
   <trkpt lat="56.1040480" lon="10.2335780">
    <ele>43.6</ele>
   </trkpt>
   <trkpt lat="56.1040980" lon="10.2335810">
    <ele>43.6</ele>
   </trkpt>
   <trkpt lat="56.1041510" lon="10.2335760">
    <ele>43.6</ele>
   </trkpt>
   <trkpt lat="56.1041960" lon="10.2335790">
    <ele>43.8</ele>
   </trkpt>
   <trkpt lat="56.1042490" lon="10.2335870">
    <ele>43.8</ele>
   </trkpt>
   <trkpt lat="56.1042990" lon="10.2335940">
    <ele>43.8</ele>
   </trkpt>
   <trkpt lat="56.1043470" lon="10.2335900">
    <ele>43.8</ele>
   </trkpt>
   <trkpt lat="56.1043870" lon="10.2335710">
    <ele>43.8</ele>
   </trkpt>
   <trkpt lat="56.1044730" lon="10.2335520">
    <ele>43.8</ele>
   </trkpt>
   <trkpt lat="56.1045270" lon="10.2335390">
    <ele>43.8</ele>
   </trkpt>
   <trkpt lat="56.1045870" lon="10.2335320">
    <ele>43.8</ele>
   </trkpt>
   <trkpt lat="56.1046560" lon="10.2335310">
    <ele>44.0</ele>
   </trkpt>
   <trkpt lat="56.1047120" lon="10.2335300">
    <ele>44.0</ele>
   </trkpt>
   <trkpt lat="56.1047900" lon="10.2335170">
    <ele>44.0</ele>
   </trkpt>
   <trkpt lat="56.1048620" lon="10.2334910">
    <ele>44.0</ele>
   </trkpt>
   <trkpt lat="56.1049870" lon="10.2334710">
    <ele>44.0</ele>
   </trkpt>
   <trkpt lat="56.1050880" lon="10.2334690">
    <ele>44.2</ele>
   </trkpt>
   <trkpt lat="56.1051860" lon="10.2334530">
    <ele>44.2</ele>
   </trkpt>
   <trkpt lat="56.1052530" lon="10.2334350">
    <ele>44.2</ele>
   </trkpt>
   <trkpt lat="56.1053040" lon="10.2334270">
    <ele>44.2</ele>
   </trkpt>
   <trkpt lat="56.1053610" lon="10.2334250">
    <ele>44.2</ele>
   </trkpt>
   <trkpt lat="56.1054340" lon="10.2334090">
    <ele>44.2</ele>
   </trkpt>
   <trkpt lat="56.1055500" lon="10.2333960">
    <ele>44.2</ele>
   </trkpt>
   <trkpt lat="56.1056220" lon="10.2333820">
    <ele>44.4</ele>
   </trkpt>
   <trkpt lat="56.1056820" lon="10.2333700">
    <ele>44.4</ele>
   </trkpt>
   <trkpt lat="56.1057340" lon="10.2333640">
    <ele>44.4</ele>
   </trkpt>
   <trkpt lat="56.1057850" lon="10.2333590">
    <ele>44.4</ele>
   </trkpt>
   <trkpt lat="56.1058420" lon="10.2333450">
    <ele>44.4</ele>
   </trkpt>
   <trkpt lat="56.1058980" lon="10.2333260">
    <ele>44.6</ele>
   </trkpt>
   <trkpt lat="56.1059510" lon="10.2333140">
    <ele>44.6</ele>
   </trkpt>
   <trkpt lat="56.1060240" lon="10.2333040">
    <ele>44.6</ele>
   </trkpt>
   <trkpt lat="56.1061070" lon="10.2332910">
    <ele>44.6</ele>
   </trkpt>
   <trkpt lat="56.1061730" lon="10.2332800">
    <ele>44.8</ele>
   </trkpt>
   <trkpt lat="56.1062320" lon="10.2332670">
    <ele>44.8</ele>
   </trkpt>
   <trkpt lat="56.1062950" lon="10.2332550">
    <ele>45.0</ele>
   </trkpt>
   <trkpt lat="56.1063590" lon="10.2332460">
    <ele>45.0</ele>
   </trkpt>
   <trkpt lat="56.1064130" lon="10.2332450">
    <ele>45.2</ele>
   </trkpt>
   <trkpt lat="56.1064610" lon="10.2332430">
    <ele>45.2</ele>
   </trkpt>
   <trkpt lat="56.1065070" lon="10.2332320">
    <ele>45.4</ele>
   </trkpt>
   <trkpt lat="56.1065600" lon="10.2332110">
    <ele>45.4</ele>
   </trkpt>
   <trkpt lat="56.1066060" lon="10.2331920">
    <ele>45.6</ele>
   </trkpt>
   <trkpt lat="56.1066640" lon="10.2331770">
    <ele>45.6</ele>
   </trkpt>
   <trkpt lat="56.1067070" lon="10.2331700">
    <ele>45.8</ele>
   </trkpt>
   <trkpt lat="56.1067540" lon="10.2331540">
    <ele>45.8</ele>
   </trkpt>
   <trkpt lat="56.1068190" lon="10.2331400">
    <ele>46.0</ele>
   </trkpt>
   <trkpt lat="56.1069030" lon="10.2331060">
    <ele>46.0</ele>
   </trkpt>
   <trkpt lat="56.1069590" lon="10.2330760">
    <ele>46.2</ele>
   </trkpt>
   <trkpt lat="56.1070180" lon="10.2330450">
    <ele>46.2</ele>
   </trkpt>
   <trkpt lat="56.1070930" lon="10.2330190">
    <ele>46.4</ele>
   </trkpt>
   <trkpt lat="56.1071480" lon="10.2329890">
    <ele>46.4</ele>
   </trkpt>
   <trkpt lat="56.1072060" lon="10.2329460">
    <ele>46.4</ele>
   </trkpt>
   <trkpt lat="56.1072800" lon="10.2329040">
    <ele>46.6</ele>
   </trkpt>
   <trkpt lat="56.1073340" lon="10.2328290">
    <ele>46.6</ele>
   </trkpt>
   <trkpt lat="56.1073980" lon="10.2327820">
    <ele>46.6</ele>
   </trkpt>
   <trkpt lat="56.1074300" lon="10.2327450">
    <ele>46.6</ele>
   </trkpt>
   <trkpt lat="56.1074710" lon="10.2326900">
    <ele>46.6</ele>
   </trkpt>
   <trkpt lat="56.1075030" lon="10.2326100">
    <ele>46.6</ele>
   </trkpt>
   <trkpt lat="56.1075480" lon="10.2325660">
    <ele>46.8</ele>
   </trkpt>
   <trkpt lat="56.1075950" lon="10.2325170">
    <ele>46.8</ele>
   </trkpt>
   <trkpt lat="56.1076420" lon="10.2324580">
    <ele>46.8</ele>
   </trkpt>
   <trkpt lat="56.1076870" lon="10.2324160">
    <ele>46.8</ele>
   </trkpt>
   <trkpt lat="56.1077330" lon="10.2323800">
    <ele>46.8</ele>
   </trkpt>
   <trkpt lat="56.1077800" lon="10.2323270">
    <ele>46.8</ele>
   </trkpt>
   <trkpt lat="56.1078270" lon="10.2322770">
    <ele>46.8</ele>
   </trkpt>
   <trkpt lat="56.1078750" lon="10.2322260">
    <ele>46.8</ele>
   </trkpt>
   <trkpt lat="56.1079290" lon="10.2321720">
    <ele>46.8</ele>
   </trkpt>
   <trkpt lat="56.1079850" lon="10.2321080">
    <ele>46.8</ele>
   </trkpt>
   <trkpt lat="56.1080370" lon="10.2320430">
    <ele>46.8</ele>
   </trkpt>
   <trkpt lat="56.1080970" lon="10.2319710">
    <ele>46.6</ele>
   </trkpt>
   <trkpt lat="56.1081600" lon="10.2318990">
    <ele>46.6</ele>
   </trkpt>
   <trkpt lat="56.1082250" lon="10.2318220">
    <ele>46.6</ele>
   </trkpt>
   <trkpt lat="56.1082890" lon="10.2317420">
    <ele>46.6</ele>
   </trkpt>
   <trkpt lat="56.1083510" lon="10.2316660">
    <ele>46.6</ele>
   </trkpt>
   <trkpt lat="56.1084180" lon="10.2315890">
    <ele>46.4</ele>
   </trkpt>
   <trkpt lat="56.1084810" lon="10.2315230">
    <ele>46.4</ele>
   </trkpt>
   <trkpt lat="56.1085540" lon="10.2314660">
    <ele>46.4</ele>
   </trkpt>
   <trkpt lat="56.1086310" lon="10.2314040">
    <ele>46.4</ele>
   </trkpt>
   <trkpt lat="56.1087090" lon="10.2313450">
    <ele>46.2</ele>
   </trkpt>
   <trkpt lat="56.1088000" lon="10.2313160">
    <ele>46.2</ele>
   </trkpt>
   <trkpt lat="56.1088980" lon="10.2313170">
    <ele>46.0</ele>
   </trkpt>
   <trkpt lat="56.1089950" lon="10.2313380">
    <ele>46.0</ele>
   </trkpt>
   <trkpt lat="56.1091040" lon="10.2313720">
    <ele>45.8</ele>
   </trkpt>
   <trkpt lat="56.1092010" lon="10.2314230">
    <ele>45.6</ele>
   </trkpt>
   <trkpt lat="56.1092940" lon="10.2314850">
    <ele>45.4</ele>
   </trkpt>
   <trkpt lat="56.1093900" lon="10.2315500">
    <ele>45.4</ele>
   </trkpt>
   <trkpt lat="56.1094930" lon="10.2316150">
    <ele>45.2</ele>
   </trkpt>
   <trkpt lat="56.1096040" lon="10.2316600">
    <ele>45.2</ele>
   </trkpt>
   <trkpt lat="56.1097160" lon="10.2316900">
    <ele>45.0</ele>
   </trkpt>
   <trkpt lat="56.1098260" lon="10.2317100">
    <ele>45.0</ele>
   </trkpt>
   <trkpt lat="56.1099350" lon="10.2317220">
    <ele>44.8</ele>
   </trkpt>
   <trkpt lat="56.1100450" lon="10.2317330">
    <ele>44.8</ele>
   </trkpt>
   <trkpt lat="56.1101590" lon="10.2317400">
    <ele>44.8</ele>
   </trkpt>
   <trkpt lat="56.1102590" lon="10.2317520">
    <ele>44.6</ele>
   </trkpt>
   <trkpt lat="56.1103590" lon="10.2317630">
    <ele>44.6</ele>
   </trkpt>
   <trkpt lat="56.1104620" lon="10.2317700">
    <ele>44.4</ele>
   </trkpt>
   <trkpt lat="56.1105660" lon="10.2317720">
    <ele>44.4</ele>
   </trkpt>
   <trkpt lat="56.1106750" lon="10.2317590">
    <ele>44.4</ele>
   </trkpt>
   <trkpt lat="56.1107740" lon="10.2317290">
    <ele>44.4</ele>
   </trkpt>
   <trkpt lat="56.1108640" lon="10.2316850">
    <ele>44.2</ele>
   </trkpt>
   <trkpt lat="56.1109590" lon="10.2316150">
    <ele>44.2</ele>
   </trkpt>
   <trkpt lat="56.1110320" lon="10.2315410">
    <ele>44.2</ele>
   </trkpt>
   <trkpt lat="56.1110980" lon="10.2314520">
    <ele>44.0</ele>
   </trkpt>
   <trkpt lat="56.1111600" lon="10.2313480">
    <ele>44.0</ele>
   </trkpt>
   <trkpt lat="56.1112190" lon="10.2312460">
    <ele>43.8</ele>
   </trkpt>
   <trkpt lat="56.1112770" lon="10.2311420">
    <ele>43.8</ele>
   </trkpt>
   <trkpt lat="56.1113350" lon="10.2310310">
    <ele>43.6</ele>
   </trkpt>
   <trkpt lat="56.1113930" lon="10.2309140">
    <ele>43.6</ele>
   </trkpt>
   <trkpt lat="56.1114440" lon="10.2307910">
    <ele>43.6</ele>
   </trkpt>
   <trkpt lat="56.1114900" lon="10.2306680">
    <ele>43.4</ele>
   </trkpt>
   <trkpt lat="56.1115220" lon="10.2305400">
    <ele>43.4</ele>
   </trkpt>
   <trkpt lat="56.1115490" lon="10.2303980">
    <ele>43.4</ele>
   </trkpt>
   <trkpt lat="56.1115690" lon="10.2302620">
    <ele>43.4</ele>
   </trkpt>
   <trkpt lat="56.1115880" lon="10.2301340">
    <ele>43.2</ele>
   </trkpt>
   <trkpt lat="56.1116070" lon="10.2300150">
    <ele>43.2</ele>
   </trkpt>
   <trkpt lat="56.1116190" lon="10.2298930">
    <ele>43.2</ele>
   </trkpt>
   <trkpt lat="56.1116320" lon="10.2297760">
    <ele>43.2</ele>
   </trkpt>
   <trkpt lat="56.1116440" lon="10.2296580">
    <ele>43.0</ele>
   </trkpt>
   <trkpt lat="56.1116530" lon="10.2295430">
    <ele>43.0</ele>
   </trkpt>
   <trkpt lat="56.1116630" lon="10.2294330">
    <ele>43.0</ele>
   </trkpt>
   <trkpt lat="56.1116640" lon="10.2293200">
    <ele>43.0</ele>
   </trkpt>
   <trkpt lat="56.1116570" lon="10.2291970">
    <ele>43.0</ele>
   </trkpt>
   <trkpt lat="56.1116500" lon="10.2290760">
    <ele>42.8</ele>
   </trkpt>
   <trkpt lat="56.1116540" lon="10.2289520">
    <ele>42.8</ele>
   </trkpt>
   <trkpt lat="56.1116650" lon="10.2288370">
    <ele>42.8</ele>
   </trkpt>
   <trkpt lat="56.1116670" lon="10.2287230">
    <ele>42.6</ele>
   </trkpt>
   <trkpt lat="56.1116710" lon="10.2286070">
    <ele>42.6</ele>
   </trkpt>
   <trkpt lat="56.1116700" lon="10.2284860">
    <ele>42.6</ele>
   </trkpt>
   <trkpt lat="56.1116650" lon="10.2283680">
    <ele>42.4</ele>
   </trkpt>
   <trkpt lat="56.1116610" lon="10.2282580">
    <ele>42.4</ele>
   </trkpt>
   <trkpt lat="56.1116610" lon="10.2281450">
    <ele>42.4</ele>
   </trkpt>
   <trkpt lat="56.1116580" lon="10.2280300">
    <ele>42.2</ele>
   </trkpt>
   <trkpt lat="56.1116530" lon="10.2279130">
    <ele>42.2</ele>
   </trkpt>
   <trkpt lat="56.1116460" lon="10.2277980">
    <ele>42.2</ele>
   </trkpt>
   <trkpt lat="56.1116400" lon="10.2276810">
    <ele>42.0</ele>
   </trkpt>
   <trkpt lat="56.1116350" lon="10.2275640">
    <ele>42.0</ele>
   </trkpt>
   <trkpt lat="56.1116330" lon="10.2274490">
    <ele>41.8</ele>
   </trkpt>
   <trkpt lat="56.1116370" lon="10.2273340">
    <ele>41.8</ele>
   </trkpt>
   <trkpt lat="56.1116490" lon="10.2272230">
    <ele>41.8</ele>
   </trkpt>
   <trkpt lat="56.1116680" lon="10.2271170">
    <ele>41.6</ele>
   </trkpt>
   <trkpt lat="56.1116920" lon="10.2270180">
    <ele>41.6</ele>
   </trkpt>
   <trkpt lat="56.1117230" lon="10.2269240">
    <ele>41.6</ele>
   </trkpt>
   <trkpt lat="56.1117600" lon="10.2268340">
    <ele>41.4</ele>
   </trkpt>
   <trkpt lat="56.1118020" lon="10.2267570">
    <ele>41.4</ele>
   </trkpt>
   <trkpt lat="56.1118490" lon="10.2266920">
    <ele>41.4</ele>
   </trkpt>
   <trkpt lat="56.1118980" lon="10.2266390">
    <ele>41.2</ele>
   </trkpt>
   <trkpt lat="56.1119510" lon="10.2265960">
    <ele>41.2</ele>
   </trkpt>
   <trkpt lat="56.1120040" lon="10.2265600">
    <ele>41.0</ele>
   </trkpt>
   <trkpt lat="56.1120590" lon="10.2265260">
    <ele>41.0</ele>
   </trkpt>
   <trkpt lat="56.1121130" lon="10.2264910">
    <ele>41.0</ele>
   </trkpt>
   <trkpt lat="56.1121680" lon="10.2264620">
    <ele>40.8</ele>
   </trkpt>
   <trkpt lat="56.1122200" lon="10.2264350">
    <ele>40.8</ele>
   </trkpt>
   <trkpt lat="56.1122700" lon="10.2264010">
    <ele>40.6</ele>
   </trkpt>
   <trkpt lat="56.1123170" lon="10.2263600">
    <ele>40.6</ele>
   </trkpt>
   <trkpt lat="56.1123650" lon="10.2263180">
    <ele>40.6</ele>
   </trkpt>
   <trkpt lat="56.1124140" lon="10.2262860">
    <ele>40.6</ele>
   </trkpt>
   <trkpt lat="56.1124640" lon="10.2262520">
    <ele>40.4</ele>
   </trkpt>
   <trkpt lat="56.1125140" lon="10.2262110">
    <ele>40.4</ele>
   </trkpt>
   <trkpt lat="56.1125630" lon="10.2261670">
    <ele>40.4</ele>
   </trkpt>
   <trkpt lat="56.1126120" lon="10.2261250">
    <ele>40.2</ele>
   </trkpt>
   <trkpt lat="56.1126610" lon="10.2260860">
    <ele>40.2</ele>
   </trkpt>
   <trkpt lat="56.1127090" lon="10.2260440">
    <ele>40.2</ele>
   </trkpt>
   <trkpt lat="56.1127560" lon="10.2260010">
    <ele>40.0</ele>
   </trkpt>
   <trkpt lat="56.1128020" lon="10.2259540">
    <ele>40.0</ele>
   </trkpt>
   <trkpt lat="56.1128490" lon="10.2259070">
    <ele>40.0</ele>
   </trkpt>
   <trkpt lat="56.1128920" lon="10.2258620">
    <ele>40.0</ele>
   </trkpt>
   <trkpt lat="56.1129310" lon="10.2258210">
    <ele>40.0</ele>
   </trkpt>
   <trkpt lat="56.1129660" lon="10.2257830">
    <ele>40.0</ele>
   </trkpt>
   <trkpt lat="56.1130040" lon="10.2257500">
    <ele>40.0</ele>
   </trkpt>
   <trkpt lat="56.1130450" lon="10.2257110">
    <ele>40.0</ele>
   </trkpt>
   <trkpt lat="56.1130920" lon="10.2256680">
    <ele>40.0</ele>
   </trkpt>
   <trkpt lat="56.1131320" lon="10.2256230">
    <ele>39.8</ele>
   </trkpt>
   <trkpt lat="56.1131700" lon="10.2255680">
    <ele>39.8</ele>
   </trkpt>
   <trkpt lat="56.1132170" lon="10.2255070">
    <ele>39.8</ele>
   </trkpt>
   <trkpt lat="56.1132620" lon="10.2254400">
    <ele>39.8</ele>
   </trkpt>
   <trkpt lat="56.1133190" lon="10.2253680">
    <ele>39.8</ele>
   </trkpt>
   <trkpt lat="56.1133740" lon="10.2252970">
    <ele>39.8</ele>
   </trkpt>
   <trkpt lat="56.1134310" lon="10.2252260">
    <ele>39.6</ele>
   </trkpt>
   <trkpt lat="56.1134830" lon="10.2251630">
    <ele>39.6</ele>
   </trkpt>
   <trkpt lat="56.1135260" lon="10.2251000">
    <ele>39.6</ele>
   </trkpt>
   <trkpt lat="56.1135740" lon="10.2250380">
    <ele>39.6</ele>
   </trkpt>
   <trkpt lat="56.1136270" lon="10.2249780">
    <ele>39.4</ele>
   </trkpt>
   <trkpt lat="56.1136850" lon="10.2249090">
    <ele>39.4</ele>
   </trkpt>
   <trkpt lat="56.1137450" lon="10.2248330">
    <ele>39.4</ele>
   </trkpt>
   <trkpt lat="56.1138040" lon="10.2247650">
    <ele>39.4</ele>
   </trkpt>
   <trkpt lat="56.1138630" lon="10.2246900">
    <ele>39.2</ele>
   </trkpt>
   <trkpt lat="56.1139230" lon="10.2245990">
    <ele>39.2</ele>
   </trkpt>
   <trkpt lat="56.1139860" lon="10.2244990">
    <ele>39.2</ele>
   </trkpt>
   <trkpt lat="56.1140510" lon="10.2244020">
    <ele>39.2</ele>
   </trkpt>
   <trkpt lat="56.1141110" lon="10.2243090">
    <ele>39.0</ele>
   </trkpt>
   <trkpt lat="56.1141720" lon="10.2242190">
    <ele>39.0</ele>
   </trkpt>
   <trkpt lat="56.1142380" lon="10.2241370">
    <ele>38.8</ele>
   </trkpt>
   <trkpt lat="56.1143010" lon="10.2240510">
    <ele>38.8</ele>
   </trkpt>
   <trkpt lat="56.1143660" lon="10.2239850">
    <ele>38.8</ele>
   </trkpt>
   <trkpt lat="56.1144360" lon="10.2239070">
    <ele>38.6</ele>
   </trkpt>
   <trkpt lat="56.1145120" lon="10.2238540">
    <ele>38.6</ele>
   </trkpt>
   <trkpt lat="56.1145920" lon="10.2238190">
    <ele>38.4</ele>
   </trkpt>
   <trkpt lat="56.1146690" lon="10.2238170">
    <ele>38.4</ele>
   </trkpt>
   <trkpt lat="56.1147430" lon="10.2238270">
    <ele>38.2</ele>
   </trkpt>
   <trkpt lat="56.1148110" lon="10.2238450">
    <ele>38.2</ele>
   </trkpt>
   <trkpt lat="56.1148780" lon="10.2238880">
    <ele>38.0</ele>
   </trkpt>
   <trkpt lat="56.1149460" lon="10.2239500">
    <ele>38.0</ele>
   </trkpt>
   <trkpt lat="56.1150190" lon="10.2240190">
    <ele>38.0</ele>
   </trkpt>
   <trkpt lat="56.1150940" lon="10.2240910">
    <ele>37.8</ele>
   </trkpt>
   <trkpt lat="56.1151670" lon="10.2241610">
    <ele>37.8</ele>
   </trkpt>
   <trkpt lat="56.1152460" lon="10.2242270">
    <ele>37.6</ele>
   </trkpt>
   <trkpt lat="56.1153250" lon="10.2242920">
    <ele>37.6</ele>
   </trkpt>
   <trkpt lat="56.1154040" lon="10.2243560">
    <ele>37.4</ele>
   </trkpt>
   <trkpt lat="56.1154740" lon="10.2244240">
    <ele>37.4</ele>
   </trkpt>
   <trkpt lat="56.1155590" lon="10.2244880">
    <ele>37.2</ele>
   </trkpt>
   <trkpt lat="56.1156430" lon="10.2245450">
    <ele>37.2</ele>
   </trkpt>
   <trkpt lat="56.1157430" lon="10.2245710">
    <ele>37.2</ele>
   </trkpt>
   <trkpt lat="56.1158140" lon="10.2246220">
    <ele>37.2</ele>
   </trkpt>
   <trkpt lat="56.1158950" lon="10.2246790">
    <ele>37.0</ele>
   </trkpt>
   <trkpt lat="56.1159550" lon="10.2247420">
    <ele>37.0</ele>
   </trkpt>
   <trkpt lat="56.1160330" lon="10.2248090">
    <ele>36.8</ele>
   </trkpt>
   <trkpt lat="56.1161130" lon="10.2248860">
    <ele>36.8</ele>
   </trkpt>
   <trkpt lat="56.1161790" lon="10.2249820">
    <ele>36.8</ele>
   </trkpt>
   <trkpt lat="56.1162190" lon="10.2250870">
    <ele>36.8</ele>
   </trkpt>
   <trkpt lat="56.1162610" lon="10.2251920">
    <ele>36.8</ele>
   </trkpt>
   <trkpt lat="56.1163140" lon="10.2252980">
    <ele>36.8</ele>
   </trkpt>
   <trkpt lat="56.1163710" lon="10.2253980">
    <ele>36.8</ele>
   </trkpt>
   <trkpt lat="56.1164260" lon="10.2254960">
    <ele>36.8</ele>
   </trkpt>
   <trkpt lat="56.1164770" lon="10.2255920">
    <ele>36.8</ele>
   </trkpt>
   <trkpt lat="56.1165230" lon="10.2256830">
    <ele>37.0</ele>
   </trkpt>
   <trkpt lat="56.1165660" lon="10.2257710">
    <ele>37.2</ele>
   </trkpt>
   <trkpt lat="56.1166150" lon="10.2258430">
    <ele>37.2</ele>
   </trkpt>
   <trkpt lat="56.1166740" lon="10.2259070">
    <ele>37.4</ele>
   </trkpt>
   <trkpt lat="56.1167320" lon="10.2259640">
    <ele>37.6</ele>
   </trkpt>
   <trkpt lat="56.1167940" lon="10.2260140">
    <ele>37.8</ele>
   </trkpt>
   <trkpt lat="56.1168610" lon="10.2260530">
    <ele>37.8</ele>
   </trkpt>
   <trkpt lat="56.1169230" lon="10.2260810">
    <ele>38.2</ele>
   </trkpt>
   <trkpt lat="56.1169810" lon="10.2260980">
    <ele>38.2</ele>
   </trkpt>
   <trkpt lat="56.1170320" lon="10.2261110">
    <ele>38.4</ele>
   </trkpt>
   <trkpt lat="56.1170940" lon="10.2261090">
    <ele>38.6</ele>
   </trkpt>
   <trkpt lat="56.1171620" lon="10.2260920">
    <ele>38.8</ele>
   </trkpt>
   <trkpt lat="56.1172300" lon="10.2260700">
    <ele>38.8</ele>
   </trkpt>
   <trkpt lat="56.1172820" lon="10.2260440">
    <ele>39.0</ele>
   </trkpt>
   <trkpt lat="56.1173300" lon="10.2260120">
    <ele>39.2</ele>
   </trkpt>
   <trkpt lat="56.1173850" lon="10.2259710">
    <ele>39.2</ele>
   </trkpt>
   <trkpt lat="56.1174420" lon="10.2259200">
    <ele>39.4</ele>
   </trkpt>
   <trkpt lat="56.1174960" lon="10.2258780">
    <ele>39.4</ele>
   </trkpt>
   <trkpt lat="56.1175500" lon="10.2258570">
    <ele>39.6</ele>
   </trkpt>
   <trkpt lat="56.1175870" lon="10.2258410">
    <ele>39.8</ele>
   </trkpt>
   <trkpt lat="56.1176310" lon="10.2258220">
    <ele>39.8</ele>
   </trkpt>
   <trkpt lat="56.1176890" lon="10.2257960">
    <ele>40.0</ele>
   </trkpt>
   <trkpt lat="56.1177270" lon="10.2257720">
    <ele>40.2</ele>
   </trkpt>
   <trkpt lat="56.1177830" lon="10.2257430">
    <ele>40.2</ele>
   </trkpt>
   <trkpt lat="56.1178320" lon="10.2257070">
    <ele>40.4</ele>
   </trkpt>
   <trkpt lat="56.1178820" lon="10.2256680">
    <ele>40.4</ele>
   </trkpt>
   <trkpt lat="56.1179360" lon="10.2256350">
    <ele>40.6</ele>
   </trkpt>
   <trkpt lat="56.1179820" lon="10.2255970">
    <ele>40.6</ele>
   </trkpt>
   <trkpt lat="56.1180220" lon="10.2255760">
    <ele>40.6</ele>
   </trkpt>
   <trkpt lat="56.1180980" lon="10.2255520">
    <ele>40.8</ele>
   </trkpt>
   <trkpt lat="56.1181690" lon="10.2255130">
    <ele>40.8</ele>
   </trkpt>
   <trkpt lat="56.1182260" lon="10.2254850">
    <ele>40.8</ele>
   </trkpt>
   <trkpt lat="56.1182900" lon="10.2254460">
    <ele>41.0</ele>
   </trkpt>
   <trkpt lat="56.1183440" lon="10.2254150">
    <ele>41.0</ele>
   </trkpt>
   <trkpt lat="56.1183910" lon="10.2253820">
    <ele>41.2</ele>
   </trkpt>
   <trkpt lat="56.1184400" lon="10.2253590">
    <ele>41.2</ele>
   </trkpt>
   <trkpt lat="56.1184780" lon="10.2253410">
    <ele>41.4</ele>
   </trkpt>
   <trkpt lat="56.1185240" lon="10.2253020">
    <ele>41.4</ele>
   </trkpt>
   <trkpt lat="56.1185680" lon="10.2252630">
    <ele>41.6</ele>
   </trkpt>
   <trkpt lat="56.1186110" lon="10.2252200">
    <ele>41.6</ele>
   </trkpt>
   <trkpt lat="56.1186640" lon="10.2251700">
    <ele>41.6</ele>
   </trkpt>
   <trkpt lat="56.1187220" lon="10.2251110">
    <ele>41.8</ele>
   </trkpt>
   <trkpt lat="56.1187730" lon="10.2250500">
    <ele>42.0</ele>
   </trkpt>
   <trkpt lat="56.1188230" lon="10.2249830">
    <ele>42.0</ele>
   </trkpt>
   <trkpt lat="56.1188750" lon="10.2249200">
    <ele>42.2</ele>
   </trkpt>
   <trkpt lat="56.1189300" lon="10.2248560">
    <ele>42.2</ele>
   </trkpt>
   <trkpt lat="56.1189860" lon="10.2247820">
    <ele>42.4</ele>
   </trkpt>
   <trkpt lat="56.1190340" lon="10.2247020">
    <ele>42.4</ele>
   </trkpt>
   <trkpt lat="56.1190800" lon="10.2246120">
    <ele>42.4</ele>
   </trkpt>
   <trkpt lat="56.1191230" lon="10.2245200">
    <ele>42.6</ele>
   </trkpt>
   <trkpt lat="56.1191690" lon="10.2244310">
    <ele>42.6</ele>
   </trkpt>
   <trkpt lat="56.1192170" lon="10.2243450">
    <ele>42.8</ele>
   </trkpt>
   <trkpt lat="56.1192630" lon="10.2242600">
    <ele>42.8</ele>
   </trkpt>
   <trkpt lat="56.1193090" lon="10.2241710">
    <ele>43.0</ele>
   </trkpt>
   <trkpt lat="56.1193550" lon="10.2240710">
    <ele>43.0</ele>
   </trkpt>
   <trkpt lat="56.1194030" lon="10.2239680">
    <ele>43.0</ele>
   </trkpt>
   <trkpt lat="56.1194480" lon="10.2238680">
    <ele>43.2</ele>
   </trkpt>
   <trkpt lat="56.1194930" lon="10.2237730">
    <ele>43.2</ele>
   </trkpt>
   <trkpt lat="56.1195410" lon="10.2236780">
    <ele>43.4</ele>
   </trkpt>
   <trkpt lat="56.1195880" lon="10.2235810">
    <ele>43.4</ele>
   </trkpt>
   <trkpt lat="56.1196390" lon="10.2234990">
    <ele>43.4</ele>
   </trkpt>
   <trkpt lat="56.1196950" lon="10.2234300">
    <ele>43.6</ele>
   </trkpt>
   <trkpt lat="56.1197560" lon="10.2233740">
    <ele>43.6</ele>
   </trkpt>
   <trkpt lat="56.1198270" lon="10.2233420">
    <ele>43.6</ele>
   </trkpt>
   <trkpt lat="56.1198980" lon="10.2233310">
    <ele>43.8</ele>
   </trkpt>
   <trkpt lat="56.1199770" lon="10.2233300">
    <ele>43.8</ele>
   </trkpt>
   <trkpt lat="56.1200610" lon="10.2233430">
    <ele>43.8</ele>
   </trkpt>
   <trkpt lat="56.1201550" lon="10.2233580">
    <ele>44.0</ele>
   </trkpt>
   <trkpt lat="56.1202420" lon="10.2233740">
    <ele>44.0</ele>
   </trkpt>
   <trkpt lat="56.1203270" lon="10.2233880">
    <ele>44.0</ele>
   </trkpt>
   <trkpt lat="56.1204120" lon="10.2234050">
    <ele>44.2</ele>
   </trkpt>
   <trkpt lat="56.1204980" lon="10.2234280">
    <ele>44.2</ele>
   </trkpt>
   <trkpt lat="56.1205850" lon="10.2234540">
    <ele>44.4</ele>
   </trkpt>
   <trkpt lat="56.1206730" lon="10.2234730">
    <ele>44.4</ele>
   </trkpt>
   <trkpt lat="56.1207610" lon="10.2234870">
    <ele>44.6</ele>
   </trkpt>
   <trkpt lat="56.1208480" lon="10.2235020">
    <ele>44.6</ele>
   </trkpt>
   <trkpt lat="56.1209410" lon="10.2235060">
    <ele>44.6</ele>
   </trkpt>
   <trkpt lat="56.1210420" lon="10.2234820">
    <ele>44.6</ele>
   </trkpt>
   <trkpt lat="56.1211390" lon="10.2234390">
    <ele>44.6</ele>
   </trkpt>
   <trkpt lat="56.1212280" lon="10.2233620">
    <ele>44.6</ele>
   </trkpt>
   <trkpt lat="56.1212940" lon="10.2232560">
    <ele>44.8</ele>
   </trkpt>
   <trkpt lat="56.1213550" lon="10.2231440">
    <ele>44.8</ele>
   </trkpt>
   <trkpt lat="56.1214140" lon="10.2230260">
    <ele>44.6</ele>
   </trkpt>
   <trkpt lat="56.1214770" lon="10.2229050">
    <ele>44.6</ele>
   </trkpt>
   <trkpt lat="56.1215350" lon="10.2227860">
    <ele>44.6</ele>
   </trkpt>
   <trkpt lat="56.1215910" lon="10.2226700">
    <ele>44.4</ele>
   </trkpt>
   <trkpt lat="56.1216470" lon="10.2225560">
    <ele>44.4</ele>
   </trkpt>
   <trkpt lat="56.1216950" lon="10.2224460">
    <ele>44.4</ele>
   </trkpt>
   <trkpt lat="56.1217430" lon="10.2223380">
    <ele>44.4</ele>
   </trkpt>
   <trkpt lat="56.1217890" lon="10.2222420">
    <ele>44.4</ele>
   </trkpt>
   <trkpt lat="56.1218350" lon="10.2221470">
    <ele>44.4</ele>
   </trkpt>
   <trkpt lat="56.1218780" lon="10.2220380">
    <ele>44.4</ele>
   </trkpt>
   <trkpt lat="56.1219260" lon="10.2219250">
    <ele>44.4</ele>
   </trkpt>
   <trkpt lat="56.1219750" lon="10.2218170">
    <ele>44.2</ele>
   </trkpt>
   <trkpt lat="56.1220190" lon="10.2217120">
    <ele>44.2</ele>
   </trkpt>
   <trkpt lat="56.1220640" lon="10.2216150">
    <ele>44.0</ele>
   </trkpt>
   <trkpt lat="56.1221110" lon="10.2215300">
    <ele>44.0</ele>
   </trkpt>
   <trkpt lat="56.1221620" lon="10.2214440">
    <ele>43.8</ele>
   </trkpt>
   <trkpt lat="56.1221950" lon="10.2213530">
    <ele>43.6</ele>
   </trkpt>
   <trkpt lat="56.1222420" lon="10.2212550">
    <ele>43.6</ele>
   </trkpt>
   <trkpt lat="56.1222840" lon="10.2211550">
    <ele>43.6</ele>
   </trkpt>
   <trkpt lat="56.1223410" lon="10.2210500">
    <ele>43.6</ele>
   </trkpt>
   <trkpt lat="56.1224010" lon="10.2209260">
    <ele>43.6</ele>
   </trkpt>
   <trkpt lat="56.1224510" lon="10.2208140">
    <ele>43.6</ele>
   </trkpt>
   <trkpt lat="56.1225000" lon="10.2207020">
    <ele>43.6</ele>
   </trkpt>
   <trkpt lat="56.1225510" lon="10.2205870">
    <ele>43.8</ele>
   </trkpt>
   <trkpt lat="56.1225910" lon="10.2204800">
    <ele>43.8</ele>
   </trkpt>
   <trkpt lat="56.1226300" lon="10.2203700">
    <ele>43.8</ele>
   </trkpt>
   <trkpt lat="56.1226810" lon="10.2202520">
    <ele>43.8</ele>
   </trkpt>
   <trkpt lat="56.1227290" lon="10.2201300">
    <ele>44.0</ele>
   </trkpt>
   <trkpt lat="56.1227770" lon="10.2200020">
    <ele>44.0</ele>
   </trkpt>
   <trkpt lat="56.1228270" lon="10.2198780">
    <ele>44.0</ele>
   </trkpt>
   <trkpt lat="56.1228810" lon="10.2197540">
    <ele>44.2</ele>
   </trkpt>
   <trkpt lat="56.1229290" lon="10.2196510">
    <ele>44.2</ele>
   </trkpt>
   <trkpt lat="56.1229730" lon="10.2195500">
    <ele>44.2</ele>
   </trkpt>
   <trkpt lat="56.1230260" lon="10.2194240">
    <ele>44.4</ele>
   </trkpt>
   <trkpt lat="56.1230780" lon="10.2192750">
    <ele>44.4</ele>
   </trkpt>
   <trkpt lat="56.1231320" lon="10.2191300">
    <ele>44.4</ele>
   </trkpt>
   <trkpt lat="56.1231780" lon="10.2189930">
    <ele>44.4</ele>
   </trkpt>
   <trkpt lat="56.1232380" lon="10.2188860">
    <ele>44.6</ele>
   </trkpt>
   <trkpt lat="56.1233150" lon="10.2187790">
    <ele>44.6</ele>
   </trkpt>
   <trkpt lat="56.1233820" lon="10.2186820">
    <ele>44.6</ele>
   </trkpt>
   <trkpt lat="56.1234470" lon="10.2185910">
    <ele>44.6</ele>
   </trkpt>
   <trkpt lat="56.1235210" lon="10.2185100">
    <ele>44.6</ele>
   </trkpt>
   <trkpt lat="56.1236100" lon="10.2184410">
    <ele>44.6</ele>
   </trkpt>
   <trkpt lat="56.1236960" lon="10.2183650">
    <ele>44.8</ele>
   </trkpt>
   <trkpt lat="56.1237840" lon="10.2182850">
    <ele>44.8</ele>
   </trkpt>
   <trkpt lat="56.1238720" lon="10.2181970">
    <ele>44.8</ele>
   </trkpt>
   <trkpt lat="56.1239660" lon="10.2180950">
    <ele>44.8</ele>
   </trkpt>
   <trkpt lat="56.1240570" lon="10.2179810">
    <ele>45.0</ele>
   </trkpt>
   <trkpt lat="56.1241380" lon="10.2178510">
    <ele>45.0</ele>
   </trkpt>
   <trkpt lat="56.1242070" lon="10.2177100">
    <ele>45.2</ele>
   </trkpt>
   <trkpt lat="56.1242580" lon="10.2175580">
    <ele>45.4</ele>
   </trkpt>
   <trkpt lat="56.1242980" lon="10.2173980">
    <ele>45.8</ele>
   </trkpt>
   <trkpt lat="56.1243270" lon="10.2172380">
    <ele>46.0</ele>
   </trkpt>
   <trkpt lat="56.1243470" lon="10.2170850">
    <ele>46.4</ele>
   </trkpt>
   <trkpt lat="56.1243610" lon="10.2169380">
    <ele>46.8</ele>
   </trkpt>
   <trkpt lat="56.1243710" lon="10.2168010">
    <ele>47.0</ele>
   </trkpt>
   <trkpt lat="56.1243800" lon="10.2166800">
    <ele>47.4</ele>
   </trkpt>
   <trkpt lat="56.1243860" lon="10.2165660">
    <ele>47.8</ele>
   </trkpt>
   <trkpt lat="56.1243860" lon="10.2164560">
    <ele>48.2</ele>
   </trkpt>
   <trkpt lat="56.1243960" lon="10.2163660">
    <ele>48.6</ele>
   </trkpt>
   <trkpt lat="56.1244150" lon="10.2162860">
    <ele>49.0</ele>
   </trkpt>
   <trkpt lat="56.1244380" lon="10.2162160">
    <ele>49.4</ele>
   </trkpt>
   <trkpt lat="56.1244580" lon="10.2161490">
    <ele>49.8</ele>
   </trkpt>
   <trkpt lat="56.1244810" lon="10.2160870">
    <ele>50.2</ele>
   </trkpt>
   <trkpt lat="56.1245160" lon="10.2160170">
    <ele>50.6</ele>
   </trkpt>
   <trkpt lat="56.1245520" lon="10.2159500">
    <ele>51.0</ele>
   </trkpt>
   <trkpt lat="56.1245860" lon="10.2158920">
    <ele>51.2</ele>
   </trkpt>
   <trkpt lat="56.1246230" lon="10.2158380">
    <ele>51.6</ele>
   </trkpt>
   <trkpt lat="56.1246640" lon="10.2158040">
    <ele>52.0</ele>
   </trkpt>
   <trkpt lat="56.1247050" lon="10.2157750">
    <ele>52.2</ele>
   </trkpt>
   <trkpt lat="56.1247470" lon="10.2157450">
    <ele>52.4</ele>
   </trkpt>
   <trkpt lat="56.1247870" lon="10.2157120">
    <ele>52.6</ele>
   </trkpt>
   <trkpt lat="56.1248270" lon="10.2156820">
    <ele>53.0</ele>
   </trkpt>
   <trkpt lat="56.1248660" lon="10.2156510">
    <ele>53.0</ele>
   </trkpt>
   <trkpt lat="56.1249060" lon="10.2156150">
    <ele>53.4</ele>
   </trkpt>
   <trkpt lat="56.1249450" lon="10.2155760">
    <ele>53.4</ele>
   </trkpt>
   <trkpt lat="56.1249870" lon="10.2155330">
    <ele>53.6</ele>
   </trkpt>
   <trkpt lat="56.1250280" lon="10.2154950">
    <ele>53.8</ele>
   </trkpt>
   <trkpt lat="56.1250680" lon="10.2154500">
    <ele>54.0</ele>
   </trkpt>
   <trkpt lat="56.1251050" lon="10.2153980">
    <ele>54.2</ele>
   </trkpt>
   <trkpt lat="56.1251370" lon="10.2153450">
    <ele>54.2</ele>
   </trkpt>
   <trkpt lat="56.1251680" lon="10.2152870">
    <ele>54.4</ele>
   </trkpt>
   <trkpt lat="56.1251990" lon="10.2152190">
    <ele>54.6</ele>
   </trkpt>
   <trkpt lat="56.1252310" lon="10.2151450">
    <ele>54.6</ele>
   </trkpt>
   <trkpt lat="56.1252640" lon="10.2150750">
    <ele>54.8</ele>
   </trkpt>
   <trkpt lat="56.1252950" lon="10.2150010">
    <ele>55.0</ele>
   </trkpt>
   <trkpt lat="56.1253270" lon="10.2149240">
    <ele>55.0</ele>
   </trkpt>
   <trkpt lat="56.1253590" lon="10.2148370">
    <ele>55.2</ele>
   </trkpt>
   <trkpt lat="56.1253970" lon="10.2147610">
    <ele>55.2</ele>
   </trkpt>
   <trkpt lat="56.1254270" lon="10.2146810">
    <ele>55.4</ele>
   </trkpt>
   <trkpt lat="56.1254580" lon="10.2146040">
    <ele>55.4</ele>
   </trkpt>
   <trkpt lat="56.1254900" lon="10.2145370">
    <ele>55.6</ele>
   </trkpt>
   <trkpt lat="56.1255190" lon="10.2144640">
    <ele>55.6</ele>
   </trkpt>
   <trkpt lat="56.1255510" lon="10.2143810">
    <ele>55.8</ele>
   </trkpt>
   <trkpt lat="56.1255820" lon="10.2143000">
    <ele>55.8</ele>
   </trkpt>
   <trkpt lat="56.1256200" lon="10.2142300">
    <ele>55.8</ele>
   </trkpt>
   <trkpt lat="56.1256590" lon="10.2141660">
    <ele>56.0</ele>
   </trkpt>
   <trkpt lat="56.1257030" lon="10.2140910">
    <ele>56.0</ele>
   </trkpt>
   <trkpt lat="56.1257450" lon="10.2140180">
    <ele>56.0</ele>
   </trkpt>
   <trkpt lat="56.1257900" lon="10.2139450">
    <ele>56.2</ele>
   </trkpt>
   <trkpt lat="56.1258440" lon="10.2138710">
    <ele>56.2</ele>
   </trkpt>
   <trkpt lat="56.1258990" lon="10.2138020">
    <ele>56.2</ele>
   </trkpt>
   <trkpt lat="56.1259580" lon="10.2137450">
    <ele>56.2</ele>
   </trkpt>
   <trkpt lat="56.1260250" lon="10.2136900">
    <ele>56.2</ele>
   </trkpt>
   <trkpt lat="56.1261080" lon="10.2136330">
    <ele>56.2</ele>
   </trkpt>
   <trkpt lat="56.1261940" lon="10.2135880">
    <ele>56.2</ele>
   </trkpt>
   <trkpt lat="56.1262670" lon="10.2135630">
    <ele>56.2</ele>
   </trkpt>
   <trkpt lat="56.1263630" lon="10.2135440">
    <ele>56.2</ele>
   </trkpt>
   <trkpt lat="56.1264520" lon="10.2135320">
    <ele>56.4</ele>
   </trkpt>
   <trkpt lat="56.1265410" lon="10.2135120">
    <ele>56.4</ele>
   </trkpt>
   <trkpt lat="56.1266310" lon="10.2134960">
    <ele>56.6</ele>
   </trkpt>
   <trkpt lat="56.1267240" lon="10.2134860">
    <ele>56.8</ele>
   </trkpt>
   <trkpt lat="56.1268130" lon="10.2134780">
    <ele>56.8</ele>
   </trkpt>
   <trkpt lat="56.1269030" lon="10.2134750">
    <ele>56.8</ele>
   </trkpt>
   <trkpt lat="56.1269910" lon="10.2134850">
    <ele>56.8</ele>
   </trkpt>
   <trkpt lat="56.1270810" lon="10.2135020">
    <ele>56.6</ele>
   </trkpt>
   <trkpt lat="56.1271690" lon="10.2135120">
    <ele>56.6</ele>
   </trkpt>
   <trkpt lat="56.1272570" lon="10.2135100">
    <ele>56.6</ele>
   </trkpt>
   <trkpt lat="56.1273430" lon="10.2135010">
    <ele>56.6</ele>
   </trkpt>
   <trkpt lat="56.1274300" lon="10.2134880">
    <ele>56.4</ele>
   </trkpt>
   <trkpt lat="56.1275170" lon="10.2134750">
    <ele>56.4</ele>
   </trkpt>
   <trkpt lat="56.1276050" lon="10.2134640">
    <ele>56.2</ele>
   </trkpt>
   <trkpt lat="56.1276920" lon="10.2134530">
    <ele>56.0</ele>
   </trkpt>
   <trkpt lat="56.1277780" lon="10.2134400">
    <ele>56.0</ele>
   </trkpt>
   <trkpt lat="56.1278640" lon="10.2134290">
    <ele>55.8</ele>
   </trkpt>
   <trkpt lat="56.1279480" lon="10.2134180">
    <ele>55.6</ele>
   </trkpt>
   <trkpt lat="56.1280310" lon="10.2134080">
    <ele>55.6</ele>
   </trkpt>
   <trkpt lat="56.1281140" lon="10.2134000">
    <ele>55.4</ele>
   </trkpt>
   <trkpt lat="56.1281980" lon="10.2133920">
    <ele>55.4</ele>
   </trkpt>
   <trkpt lat="56.1282820" lon="10.2133800">
    <ele>55.4</ele>
   </trkpt>
   <trkpt lat="56.1283650" lon="10.2133710">
    <ele>55.4</ele>
   </trkpt>
   <trkpt lat="56.1284490" lon="10.2133610">
    <ele>55.6</ele>
   </trkpt>
   <trkpt lat="56.1285330" lon="10.2133510">
    <ele>55.6</ele>
   </trkpt>
   <trkpt lat="56.1286180" lon="10.2133420">
    <ele>55.6</ele>
   </trkpt>
   <trkpt lat="56.1287030" lon="10.2133330">
    <ele>55.6</ele>
   </trkpt>
   <trkpt lat="56.1287890" lon="10.2133240">
    <ele>55.8</ele>
   </trkpt>
   <trkpt lat="56.1288780" lon="10.2133130">
    <ele>55.8</ele>
   </trkpt>
   <trkpt lat="56.1289630" lon="10.2133030">
    <ele>55.8</ele>
   </trkpt>
   <trkpt lat="56.1290500" lon="10.2132910">
    <ele>55.8</ele>
   </trkpt>
   <trkpt lat="56.1291380" lon="10.2132800">
    <ele>55.8</ele>
   </trkpt>
   <trkpt lat="56.1292270" lon="10.2132680">
    <ele>56.0</ele>
   </trkpt>
   <trkpt lat="56.1293160" lon="10.2132580">
    <ele>56.0</ele>
   </trkpt>
   <trkpt lat="56.1294030" lon="10.2132490">
    <ele>56.0</ele>
   </trkpt>
   <trkpt lat="56.1294930" lon="10.2132370">
    <ele>56.0</ele>
   </trkpt>
   <trkpt lat="56.1295800" lon="10.2132260">
    <ele>56.0</ele>
   </trkpt>
   <trkpt lat="56.1296650" lon="10.2132160">
    <ele>56.0</ele>
   </trkpt>
   <trkpt lat="56.1297530" lon="10.2132030">
    <ele>56.2</ele>
   </trkpt>
   <trkpt lat="56.1298390" lon="10.2131920">
    <ele>56.0</ele>
   </trkpt>
   <trkpt lat="56.1299260" lon="10.2131840">
    <ele>56.0</ele>
   </trkpt>
   <trkpt lat="56.1300120" lon="10.2131790">
    <ele>56.0</ele>
   </trkpt>
   <trkpt lat="56.1300970" lon="10.2131720">
    <ele>56.0</ele>
   </trkpt>
   <trkpt lat="56.1301810" lon="10.2131630">
    <ele>56.0</ele>
   </trkpt>
   <trkpt lat="56.1302660" lon="10.2131500">
    <ele>55.8</ele>
   </trkpt>
   <trkpt lat="56.1303520" lon="10.2131360">
    <ele>55.6</ele>
   </trkpt>
   <trkpt lat="56.1304370" lon="10.2131210">
    <ele>55.4</ele>
   </trkpt>
   <trkpt lat="56.1305190" lon="10.2131050">
    <ele>55.4</ele>
   </trkpt>
   <trkpt lat="56.1306020" lon="10.2130900">
    <ele>55.2</ele>
   </trkpt>
   <trkpt lat="56.1306830" lon="10.2130720">
    <ele>55.2</ele>
   </trkpt>
   <trkpt lat="56.1307630" lon="10.2130530">
    <ele>55.2</ele>
   </trkpt>
   <trkpt lat="56.1308450" lon="10.2130340">
    <ele>55.2</ele>
   </trkpt>
   <trkpt lat="56.1309280" lon="10.2130120">
    <ele>55.2</ele>
   </trkpt>
   <trkpt lat="56.1310110" lon="10.2129870">
    <ele>55.4</ele>
   </trkpt>
   <trkpt lat="56.1310930" lon="10.2129550">
    <ele>55.6</ele>
   </trkpt>
   <trkpt lat="56.1311710" lon="10.2129190">
    <ele>55.8</ele>
   </trkpt>
   <trkpt lat="56.1312490" lon="10.2128830">
    <ele>56.0</ele>
   </trkpt>
   <trkpt lat="56.1313250" lon="10.2128400">
    <ele>56.4</ele>
   </trkpt>
   <trkpt lat="56.1314020" lon="10.2127930">
    <ele>56.6</ele>
   </trkpt>
   <trkpt lat="56.1314810" lon="10.2127420">
    <ele>57.0</ele>
   </trkpt>
   <trkpt lat="56.1315580" lon="10.2126870">
    <ele>57.4</ele>
   </trkpt>
   <trkpt lat="56.1316320" lon="10.2126270">
    <ele>57.8</ele>
   </trkpt>
   <trkpt lat="56.1317030" lon="10.2125650">
    <ele>58.2</ele>
   </trkpt>
   <trkpt lat="56.1317740" lon="10.2124970">
    <ele>58.6</ele>
   </trkpt>
   <trkpt lat="56.1318460" lon="10.2124250">
    <ele>59.2</ele>
   </trkpt>
   <trkpt lat="56.1319150" lon="10.2123540">
    <ele>59.6</ele>
   </trkpt>
   <trkpt lat="56.1319820" lon="10.2122820">
    <ele>60.2</ele>
   </trkpt>
   <trkpt lat="56.1320500" lon="10.2122090">
    <ele>60.6</ele>
   </trkpt>
   <trkpt lat="56.1321190" lon="10.2121370">
    <ele>61.2</ele>
   </trkpt>
   <trkpt lat="56.1321870" lon="10.2120650">
    <ele>61.6</ele>
   </trkpt>
   <trkpt lat="56.1322560" lon="10.2119920">
    <ele>62.2</ele>
   </trkpt>
   <trkpt lat="56.1323240" lon="10.2119170">
    <ele>62.6</ele>
   </trkpt>
   <trkpt lat="56.1323900" lon="10.2118440">
    <ele>63.2</ele>
   </trkpt>
   <trkpt lat="56.1324560" lon="10.2117720">
    <ele>63.8</ele>
   </trkpt>
   <trkpt lat="56.1325230" lon="10.2116970">
    <ele>64.4</ele>
   </trkpt>
   <trkpt lat="56.1325920" lon="10.2116230">
    <ele>64.8</ele>
   </trkpt>
   <trkpt lat="56.1326610" lon="10.2115530">
    <ele>65.4</ele>
   </trkpt>
   <trkpt lat="56.1327280" lon="10.2114860">
    <ele>66.0</ele>
   </trkpt>
   <trkpt lat="56.1327950" lon="10.2114190">
    <ele>66.6</ele>
   </trkpt>
   <trkpt lat="56.1328630" lon="10.2113480">
    <ele>67.2</ele>
   </trkpt>
   <trkpt lat="56.1329300" lon="10.2112770">
    <ele>67.8</ele>
   </trkpt>
   <trkpt lat="56.1329960" lon="10.2112110">
    <ele>68.2</ele>
   </trkpt>
   <trkpt lat="56.1330640" lon="10.2111470">
    <ele>68.8</ele>
   </trkpt>
   <trkpt lat="56.1331330" lon="10.2110830">
    <ele>69.4</ele>
   </trkpt>
   <trkpt lat="56.1332010" lon="10.2110150">
    <ele>70.0</ele>
   </trkpt>
   <trkpt lat="56.1332690" lon="10.2109450">
    <ele>70.6</ele>
   </trkpt>
   <trkpt lat="56.1333350" lon="10.2108770">
    <ele>71.2</ele>
   </trkpt>
   <trkpt lat="56.1334010" lon="10.2108090">
    <ele>71.8</ele>
   </trkpt>
   <trkpt lat="56.1334670" lon="10.2107410">
    <ele>72.4</ele>
   </trkpt>
   <trkpt lat="56.1335350" lon="10.2106720">
    <ele>73.0</ele>
   </trkpt>
   <trkpt lat="56.1336020" lon="10.2106080">
    <ele>73.6</ele>
   </trkpt>
   <trkpt lat="56.1336720" lon="10.2105440">
    <ele>74.2</ele>
   </trkpt>
   <trkpt lat="56.1337420" lon="10.2104810">
    <ele>74.8</ele>
   </trkpt>
   <trkpt lat="56.1338110" lon="10.2104190">
    <ele>75.4</ele>
   </trkpt>
   <trkpt lat="56.1338770" lon="10.2103620">
    <ele>76.0</ele>
   </trkpt>
   <trkpt lat="56.1339470" lon="10.2103050">
    <ele>76.4</ele>
   </trkpt>
   <trkpt lat="56.1340150" lon="10.2102450">
    <ele>77.0</ele>
   </trkpt>
   <trkpt lat="56.1340830" lon="10.2101830">
    <ele>77.6</ele>
   </trkpt>
   <trkpt lat="56.1341530" lon="10.2101230">
    <ele>78.2</ele>
   </trkpt>
   <trkpt lat="56.1342200" lon="10.2100650">
    <ele>78.6</ele>
   </trkpt>
   <trkpt lat="56.1342870" lon="10.2100060">
    <ele>79.2</ele>
   </trkpt>
   <trkpt lat="56.1343530" lon="10.2099450">
    <ele>79.8</ele>
   </trkpt>
   <trkpt lat="56.1344200" lon="10.2098860">
    <ele>80.2</ele>
   </trkpt>
   <trkpt lat="56.1344870" lon="10.2098280">
    <ele>80.8</ele>
   </trkpt>
   <trkpt lat="56.1345520" lon="10.2097700">
    <ele>81.2</ele>
   </trkpt>
   <trkpt lat="56.1346190" lon="10.2097150">
    <ele>81.8</ele>
   </trkpt>
   <trkpt lat="56.1346860" lon="10.2096670">
    <ele>82.2</ele>
   </trkpt>
   <trkpt lat="56.1347510" lon="10.2096120">
    <ele>82.8</ele>
   </trkpt>
   <trkpt lat="56.1348160" lon="10.2095560">
    <ele>83.2</ele>
   </trkpt>
   <trkpt lat="56.1348820" lon="10.2095030">
    <ele>83.8</ele>
   </trkpt>
   <trkpt lat="56.1349460" lon="10.2094480">
    <ele>84.2</ele>
   </trkpt>
   <trkpt lat="56.1350100" lon="10.2093960">
    <ele>84.6</ele>
   </trkpt>
   <trkpt lat="56.1350760" lon="10.2093430">
    <ele>85.2</ele>
   </trkpt>
   <trkpt lat="56.1351400" lon="10.2092860">
    <ele>85.6</ele>
   </trkpt>
   <trkpt lat="56.1352060" lon="10.2092290">
    <ele>86.0</ele>
   </trkpt>
   <trkpt lat="56.1352680" lon="10.2091730">
    <ele>86.4</ele>
   </trkpt>
   <trkpt lat="56.1353310" lon="10.2091200">
    <ele>86.8</ele>
   </trkpt>
   <trkpt lat="56.1353930" lon="10.2090700">
    <ele>87.2</ele>
   </trkpt>
   <trkpt lat="56.1354560" lon="10.2090190">
    <ele>87.6</ele>
   </trkpt>
   <trkpt lat="56.1355210" lon="10.2089660">
    <ele>88.0</ele>
   </trkpt>
   <trkpt lat="56.1355850" lon="10.2089120">
    <ele>88.4</ele>
   </trkpt>
   <trkpt lat="56.1356480" lon="10.2088580">
    <ele>88.8</ele>
   </trkpt>
   <trkpt lat="56.1357080" lon="10.2088030">
    <ele>89.0</ele>
   </trkpt>
   <trkpt lat="56.1357700" lon="10.2087510">
    <ele>89.4</ele>
   </trkpt>
   <trkpt lat="56.1358340" lon="10.2086990">
    <ele>89.8</ele>
   </trkpt>
   <trkpt lat="56.1358970" lon="10.2086470">
    <ele>90.2</ele>
   </trkpt>
   <trkpt lat="56.1359590" lon="10.2085970">
    <ele>90.4</ele>
   </trkpt>
   <trkpt lat="56.1360230" lon="10.2085440">
    <ele>90.8</ele>
   </trkpt>
   <trkpt lat="56.1360870" lon="10.2084910">
    <ele>91.2</ele>
   </trkpt>
   <trkpt lat="56.1361500" lon="10.2084350">
    <ele>91.4</ele>
   </trkpt>
   <trkpt lat="56.1362120" lon="10.2083820">
    <ele>91.8</ele>
   </trkpt>
   <trkpt lat="56.1362740" lon="10.2083290">
    <ele>92.2</ele>
   </trkpt>
   <trkpt lat="56.1363360" lon="10.2082760">
    <ele>92.4</ele>
   </trkpt>
   <trkpt lat="56.1363950" lon="10.2082230">
    <ele>92.8</ele>
   </trkpt>
   <trkpt lat="56.1364560" lon="10.2081710">
    <ele>93.0</ele>
   </trkpt>
   <trkpt lat="56.1365170" lon="10.2081220">
    <ele>93.2</ele>
   </trkpt>
   <trkpt lat="56.1365770" lon="10.2080720">
    <ele>93.6</ele>
   </trkpt>
   <trkpt lat="56.1366380" lon="10.2080210">
    <ele>93.8</ele>
   </trkpt>
   <trkpt lat="56.1367000" lon="10.2079730">
    <ele>94.0</ele>
   </trkpt>
   <trkpt lat="56.1367620" lon="10.2079200">
    <ele>94.2</ele>
   </trkpt>
   <trkpt lat="56.1368240" lon="10.2078650">
    <ele>94.6</ele>
   </trkpt>
   <trkpt lat="56.1368870" lon="10.2078130">
    <ele>94.8</ele>
   </trkpt>
   <trkpt lat="56.1369510" lon="10.2077650">
    <ele>95.0</ele>
   </trkpt>
   <trkpt lat="56.1370150" lon="10.2077220">
    <ele>95.2</ele>
   </trkpt>
   <trkpt lat="56.1370780" lon="10.2076780">
    <ele>95.4</ele>
   </trkpt>
   <trkpt lat="56.1371430" lon="10.2076400">
    <ele>95.6</ele>
   </trkpt>
   <trkpt lat="56.1372060" lon="10.2076040">
    <ele>95.6</ele>
   </trkpt>
   <trkpt lat="56.1372700" lon="10.2075720">
    <ele>95.8</ele>
   </trkpt>
   <trkpt lat="56.1373340" lon="10.2075450">
    <ele>96.0</ele>
   </trkpt>
   <trkpt lat="56.1373980" lon="10.2075200">
    <ele>96.2</ele>
   </trkpt>
   <trkpt lat="56.1374620" lon="10.2074920">
    <ele>96.4</ele>
   </trkpt>
   <trkpt lat="56.1375250" lon="10.2074650">
    <ele>96.4</ele>
   </trkpt>
   <trkpt lat="56.1375900" lon="10.2074430">
    <ele>96.6</ele>
   </trkpt>
   <trkpt lat="56.1376540" lon="10.2074260">
    <ele>96.8</ele>
   </trkpt>
   <trkpt lat="56.1377200" lon="10.2074150">
    <ele>96.8</ele>
   </trkpt>
   <trkpt lat="56.1377860" lon="10.2074020">
    <ele>97.0</ele>
   </trkpt>
   <trkpt lat="56.1378480" lon="10.2073880">
    <ele>97.0</ele>
   </trkpt>
   <trkpt lat="56.1379150" lon="10.2073720">
    <ele>97.2</ele>
   </trkpt>
   <trkpt lat="56.1379800" lon="10.2073560">
    <ele>97.2</ele>
   </trkpt>
   <trkpt lat="56.1380470" lon="10.2073390">
    <ele>97.4</ele>
   </trkpt>
   <trkpt lat="56.1381120" lon="10.2073200">
    <ele>97.4</ele>
   </trkpt>
   <trkpt lat="56.1381770" lon="10.2073000">
    <ele>97.4</ele>
   </trkpt>
   <trkpt lat="56.1382430" lon="10.2072830">
    <ele>97.6</ele>
   </trkpt>
   <trkpt lat="56.1383080" lon="10.2072710">
    <ele>97.6</ele>
   </trkpt>
   <trkpt lat="56.1383720" lon="10.2072580">
    <ele>97.6</ele>
   </trkpt>
   <trkpt lat="56.1384350" lon="10.2072430">
    <ele>97.8</ele>
   </trkpt>
   <trkpt lat="56.1384970" lon="10.2072250">
    <ele>97.8</ele>
   </trkpt>
   <trkpt lat="56.1385580" lon="10.2072080">
    <ele>97.8</ele>
   </trkpt>
   <trkpt lat="56.1386190" lon="10.2071920">
    <ele>97.8</ele>
   </trkpt>
   <trkpt lat="56.1386800" lon="10.2071810">
    <ele>97.8</ele>
   </trkpt>
   <trkpt lat="56.1387400" lon="10.2071700">
    <ele>97.8</ele>
   </trkpt>
   <trkpt lat="56.1388020" lon="10.2071540">
    <ele>97.8</ele>
   </trkpt>
   <trkpt lat="56.1388620" lon="10.2071510">
    <ele>98.0</ele>
   </trkpt>
   <trkpt lat="56.1389230" lon="10.2071520">
    <ele>98.0</ele>
   </trkpt>
   <trkpt lat="56.1389800" lon="10.2071520">
    <ele>98.0</ele>
   </trkpt>
   <trkpt lat="56.1390350" lon="10.2071600">
    <ele>98.0</ele>
   </trkpt>
   <trkpt lat="56.1390880" lon="10.2071710">
    <ele>98.0</ele>
   </trkpt>
   <trkpt lat="56.1391440" lon="10.2071720">
    <ele>98.0</ele>
   </trkpt>
   <trkpt lat="56.1392040" lon="10.2071710">
    <ele>98.0</ele>
   </trkpt>
   <trkpt lat="56.1392660" lon="10.2071720">
    <ele>98.0</ele>
   </trkpt>
   <trkpt lat="56.1393300" lon="10.2071750">
    <ele>98.0</ele>
   </trkpt>
   <trkpt lat="56.1393940" lon="10.2071780">
    <ele>98.0</ele>
   </trkpt>
   <trkpt lat="56.1394590" lon="10.2071770">
    <ele>98.0</ele>
   </trkpt>
   <trkpt lat="56.1395250" lon="10.2071780">
    <ele>98.0</ele>
   </trkpt>
   <trkpt lat="56.1395930" lon="10.2071780">
    <ele>97.8</ele>
   </trkpt>
   <trkpt lat="56.1396610" lon="10.2071840">
    <ele>97.8</ele>
   </trkpt>
   <trkpt lat="56.1397290" lon="10.2071890">
    <ele>97.8</ele>
   </trkpt>
   <trkpt lat="56.1397960" lon="10.2071890">
    <ele>97.6</ele>
   </trkpt>
   <trkpt lat="56.1398610" lon="10.2071880">
    <ele>97.6</ele>
   </trkpt>
   <trkpt lat="56.1399250" lon="10.2071880">
    <ele>97.6</ele>
   </trkpt>
   <trkpt lat="56.1399900" lon="10.2071910">
    <ele>97.6</ele>
   </trkpt>
   <trkpt lat="56.1400550" lon="10.2071950">
    <ele>97.6</ele>
   </trkpt>
   <trkpt lat="56.1401200" lon="10.2072010">
    <ele>97.6</ele>
   </trkpt>
   <trkpt lat="56.1401830" lon="10.2072070">
    <ele>97.6</ele>
   </trkpt>
   <trkpt lat="56.1402490" lon="10.2072180">
    <ele>97.6</ele>
   </trkpt>
   <trkpt lat="56.1403120" lon="10.2072350">
    <ele>97.6</ele>
   </trkpt>
   <trkpt lat="56.1403780" lon="10.2072480">
    <ele>97.6</ele>
   </trkpt>
   <trkpt lat="56.1404440" lon="10.2072560">
    <ele>97.8</ele>
   </trkpt>
   <trkpt lat="56.1405060" lon="10.2072630">
    <ele>97.6</ele>
   </trkpt>
   <trkpt lat="56.1405680" lon="10.2072750">
    <ele>97.6</ele>
   </trkpt>
   <trkpt lat="56.1406320" lon="10.2072890">
    <ele>97.8</ele>
   </trkpt>
   <trkpt lat="56.1406930" lon="10.2073000">
    <ele>97.6</ele>
   </trkpt>
   <trkpt lat="56.1407590" lon="10.2073130">
    <ele>97.8</ele>
   </trkpt>
   <trkpt lat="56.1408240" lon="10.2073210">
    <ele>97.8</ele>
   </trkpt>
   <trkpt lat="56.1408890" lon="10.2073310">
    <ele>97.8</ele>
   </trkpt>
   <trkpt lat="56.1409560" lon="10.2073460">
    <ele>97.8</ele>
   </trkpt>
   <trkpt lat="56.1410220" lon="10.2073580">
    <ele>97.8</ele>
   </trkpt>
   <trkpt lat="56.1410790" lon="10.2073770">
    <ele>97.8</ele>
   </trkpt>
   <trkpt lat="56.1411360" lon="10.2073970">
    <ele>97.8</ele>
   </trkpt>
   <trkpt lat="56.1411960" lon="10.2074150">
    <ele>97.8</ele>
   </trkpt>
   <trkpt lat="56.1412560" lon="10.2074310">
    <ele>97.8</ele>
   </trkpt>
   <trkpt lat="56.1413160" lon="10.2074490">
    <ele>97.8</ele>
   </trkpt>
   <trkpt lat="56.1413780" lon="10.2074670">
    <ele>97.8</ele>
   </trkpt>
   <trkpt lat="56.1414400" lon="10.2074780">
    <ele>98.0</ele>
   </trkpt>
   <trkpt lat="56.1414970" lon="10.2074920">
    <ele>98.0</ele>
   </trkpt>
   <trkpt lat="56.1415580" lon="10.2075080">
    <ele>98.0</ele>
   </trkpt>
   <trkpt lat="56.1416150" lon="10.2075280">
    <ele>98.0</ele>
   </trkpt>
   <trkpt lat="56.1416680" lon="10.2075510">
    <ele>98.0</ele>
   </trkpt>
   <trkpt lat="56.1417240" lon="10.2075710">
    <ele>98.0</ele>
   </trkpt>
   <trkpt lat="56.1417850" lon="10.2075860">
    <ele>98.0</ele>
   </trkpt>
   <trkpt lat="56.1418420" lon="10.2076020">
    <ele>98.0</ele>
   </trkpt>
   <trkpt lat="56.1419010" lon="10.2076240">
    <ele>98.0</ele>
   </trkpt>
   <trkpt lat="56.1419600" lon="10.2076470">
    <ele>98.0</ele>
   </trkpt>
   <trkpt lat="56.1420200" lon="10.2076630">
    <ele>98.0</ele>
   </trkpt>
   <trkpt lat="56.1420790" lon="10.2076790">
    <ele>98.0</ele>
   </trkpt>
   <trkpt lat="56.1421390" lon="10.2077010">
    <ele>98.0</ele>
   </trkpt>
   <trkpt lat="56.1422000" lon="10.2077270">
    <ele>98.0</ele>
   </trkpt>
   <trkpt lat="56.1422610" lon="10.2077530">
    <ele>98.2</ele>
   </trkpt>
   <trkpt lat="56.1423220" lon="10.2077770">
    <ele>98.2</ele>
   </trkpt>
   <trkpt lat="56.1423790" lon="10.2077920">
    <ele>98.2</ele>
   </trkpt>
   <trkpt lat="56.1424340" lon="10.2078150">
    <ele>98.2</ele>
   </trkpt>
   <trkpt lat="56.1424880" lon="10.2078380">
    <ele>98.2</ele>
   </trkpt>
   <trkpt lat="56.1425390" lon="10.2078570">
    <ele>98.2</ele>
   </trkpt>
   <trkpt lat="56.1425860" lon="10.2078740">
    <ele>98.2</ele>
   </trkpt>
   <trkpt lat="56.1426330" lon="10.2078950">
    <ele>98.2</ele>
   </trkpt>
   <trkpt lat="56.1426850" lon="10.2079210">
    <ele>98.2</ele>
   </trkpt>
   <trkpt lat="56.1427390" lon="10.2079460">
    <ele>98.2</ele>
   </trkpt>
   <trkpt lat="56.1427960" lon="10.2079680">
    <ele>98.2</ele>
   </trkpt>
   <trkpt lat="56.1428530" lon="10.2079940">
    <ele>98.2</ele>
   </trkpt>
   <trkpt lat="56.1429110" lon="10.2080270">
    <ele>98.2</ele>
   </trkpt>
   <trkpt lat="56.1429700" lon="10.2080550">
    <ele>98.2</ele>
   </trkpt>
   <trkpt lat="56.1430310" lon="10.2080810">
    <ele>98.2</ele>
   </trkpt>
   <trkpt lat="56.1430900" lon="10.2081100">
    <ele>98.2</ele>
   </trkpt>
   <trkpt lat="56.1431490" lon="10.2081390">
    <ele>98.2</ele>
   </trkpt>
   <trkpt lat="56.1432090" lon="10.2081680">
    <ele>98.0</ele>
   </trkpt>
   <trkpt lat="56.1432680" lon="10.2082000">
    <ele>98.0</ele>
   </trkpt>
   <trkpt lat="56.1433290" lon="10.2082330">
    <ele>98.0</ele>
   </trkpt>
   <trkpt lat="56.1433870" lon="10.2082660">
    <ele>98.2</ele>
   </trkpt>
   <trkpt lat="56.1434460" lon="10.2082990">
    <ele>98.2</ele>
   </trkpt>
   <trkpt lat="56.1435060" lon="10.2083300">
    <ele>98.2</ele>
   </trkpt>
   <trkpt lat="56.1435670" lon="10.2083580">
    <ele>98.2</ele>
   </trkpt>
   <trkpt lat="56.1436260" lon="10.2083880">
    <ele>98.2</ele>
   </trkpt>
   <trkpt lat="56.1436860" lon="10.2084220">
    <ele>98.2</ele>
   </trkpt>
   <trkpt lat="56.1437460" lon="10.2084500">
    <ele>98.2</ele>
   </trkpt>
   <trkpt lat="56.1438070" lon="10.2084740">
    <ele>98.2</ele>
   </trkpt>
   <trkpt lat="56.1438680" lon="10.2084980">
    <ele>98.2</ele>
   </trkpt>
   <trkpt lat="56.1439310" lon="10.2085200">
    <ele>98.2</ele>
   </trkpt>
   <trkpt lat="56.1439970" lon="10.2085460">
    <ele>98.2</ele>
   </trkpt>
   <trkpt lat="56.1440620" lon="10.2085700">
    <ele>98.2</ele>
   </trkpt>
   <trkpt lat="56.1441260" lon="10.2085930">
    <ele>98.2</ele>
   </trkpt>
   <trkpt lat="56.1441890" lon="10.2086150">
    <ele>98.2</ele>
   </trkpt>
   <trkpt lat="56.1442510" lon="10.2086330">
    <ele>98.2</ele>
   </trkpt>
   <trkpt lat="56.1443140" lon="10.2086500">
    <ele>98.2</ele>
   </trkpt>
   <trkpt lat="56.1443760" lon="10.2086700">
    <ele>98.0</ele>
   </trkpt>
   <trkpt lat="56.1444400" lon="10.2086910">
    <ele>98.2</ele>
   </trkpt>
   <trkpt lat="56.1445040" lon="10.2087100">
    <ele>98.0</ele>
   </trkpt>
   <trkpt lat="56.1445680" lon="10.2087260">
    <ele>98.0</ele>
   </trkpt>
   <trkpt lat="56.1446320" lon="10.2087390">
    <ele>98.0</ele>
   </trkpt>
   <trkpt lat="56.1446950" lon="10.2087540">
    <ele>98.0</ele>
   </trkpt>
   <trkpt lat="56.1447560" lon="10.2087690">
    <ele>97.8</ele>
   </trkpt>
   <trkpt lat="56.1448180" lon="10.2087850">
    <ele>97.8</ele>
   </trkpt>
   <trkpt lat="56.1448790" lon="10.2088050">
    <ele>97.8</ele>
   </trkpt>
   <trkpt lat="56.1449400" lon="10.2088230">
    <ele>97.8</ele>
   </trkpt>
   <trkpt lat="56.1450020" lon="10.2088440">
    <ele>97.8</ele>
   </trkpt>
   <trkpt lat="56.1450660" lon="10.2088600">
    <ele>97.8</ele>
   </trkpt>
   <trkpt lat="56.1451300" lon="10.2088770">
    <ele>97.8</ele>
   </trkpt>
   <trkpt lat="56.1451930" lon="10.2088940">
    <ele>97.8</ele>
   </trkpt>
   <trkpt lat="56.1452580" lon="10.2089080">
    <ele>97.6</ele>
   </trkpt>
   <trkpt lat="56.1453210" lon="10.2089150">
    <ele>97.6</ele>
   </trkpt>
   <trkpt lat="56.1453830" lon="10.2089130">
    <ele>97.6</ele>
   </trkpt>
   <trkpt lat="56.1454460" lon="10.2089050">
    <ele>97.6</ele>
   </trkpt>
   <trkpt lat="56.1455060" lon="10.2089000">
    <ele>97.6</ele>
   </trkpt>
   <trkpt lat="56.1455720" lon="10.2088960">
    <ele>97.6</ele>
   </trkpt>
   <trkpt lat="56.1456380" lon="10.2088910">
    <ele>97.6</ele>
   </trkpt>
   <trkpt lat="56.1457050" lon="10.2088850">
    <ele>97.6</ele>
   </trkpt>
   <trkpt lat="56.1457700" lon="10.2088790">
    <ele>97.6</ele>
   </trkpt>
   <trkpt lat="56.1458340" lon="10.2088700">
    <ele>97.6</ele>
   </trkpt>
   <trkpt lat="56.1459010" lon="10.2088650">
    <ele>97.6</ele>
   </trkpt>
   <trkpt lat="56.1459700" lon="10.2088620">
    <ele>97.6</ele>
   </trkpt>
   <trkpt lat="56.1460400" lon="10.2088610">
    <ele>97.6</ele>
   </trkpt>
   <trkpt lat="56.1461090" lon="10.2088640">
    <ele>97.8</ele>
   </trkpt>
   <trkpt lat="56.1461780" lon="10.2088680">
    <ele>97.8</ele>
   </trkpt>
   <trkpt lat="56.1462470" lon="10.2088750">
    <ele>97.8</ele>
   </trkpt>
   <trkpt lat="56.1463170" lon="10.2088840">
    <ele>97.8</ele>
   </trkpt>
   <trkpt lat="56.1463880" lon="10.2088930">
    <ele>97.8</ele>
   </trkpt>
   <trkpt lat="56.1464600" lon="10.2089030">
    <ele>97.8</ele>
   </trkpt>
   <trkpt lat="56.1465320" lon="10.2089160">
    <ele>97.8</ele>
   </trkpt>
   <trkpt lat="56.1466040" lon="10.2089310">
    <ele>97.8</ele>
   </trkpt>
   <trkpt lat="56.1466790" lon="10.2089460">
    <ele>97.8</ele>
   </trkpt>
   <trkpt lat="56.1467530" lon="10.2089630">
    <ele>97.8</ele>
   </trkpt>
   <trkpt lat="56.1468280" lon="10.2089780">
    <ele>97.8</ele>
   </trkpt>
   <trkpt lat="56.1469030" lon="10.2089930">
    <ele>97.8</ele>
   </trkpt>
   <trkpt lat="56.1469780" lon="10.2090100">
    <ele>97.8</ele>
   </trkpt>
   <trkpt lat="56.1470540" lon="10.2090260">
    <ele>97.8</ele>
   </trkpt>
   <trkpt lat="56.1471280" lon="10.2090420">
    <ele>97.8</ele>
   </trkpt>
   <trkpt lat="56.1472050" lon="10.2090570">
    <ele>97.8</ele>
   </trkpt>
   <trkpt lat="56.1472810" lon="10.2090740">
    <ele>97.8</ele>
   </trkpt>
   <trkpt lat="56.1473570" lon="10.2090910">
    <ele>97.8</ele>
   </trkpt>
   <trkpt lat="56.1474330" lon="10.2091090">
    <ele>97.8</ele>
   </trkpt>
   <trkpt lat="56.1475090" lon="10.2091290">
    <ele>97.8</ele>
   </trkpt>
   <trkpt lat="56.1475850" lon="10.2091540">
    <ele>97.8</ele>
   </trkpt>
   <trkpt lat="56.1476620" lon="10.2091780">
    <ele>97.8</ele>
   </trkpt>
   <trkpt lat="56.1477370" lon="10.2092040">
    <ele>97.6</ele>
   </trkpt>
   <trkpt lat="56.1478090" lon="10.2092360">
    <ele>97.6</ele>
   </trkpt>
   <trkpt lat="56.1478820" lon="10.2092720">
    <ele>97.6</ele>
   </trkpt>
   <trkpt lat="56.1479480" lon="10.2093140">
    <ele>97.6</ele>
   </trkpt>
   <trkpt lat="56.1480100" lon="10.2093610">
    <ele>97.6</ele>
   </trkpt>
   <trkpt lat="56.1480700" lon="10.2093990">
    <ele>97.6</ele>
   </trkpt>
   <trkpt lat="56.1481300" lon="10.2094270">
    <ele>97.4</ele>
   </trkpt>
   <trkpt lat="56.1481870" lon="10.2094450">
    <ele>97.4</ele>
   </trkpt>
   <trkpt lat="56.1482340" lon="10.2094580">
    <ele>97.2</ele>
   </trkpt>
   <trkpt lat="56.1482760" lon="10.2094760">
    <ele>97.2</ele>
   </trkpt>
   <trkpt lat="56.1483200" lon="10.2094940">
    <ele>97.2</ele>
   </trkpt>
   <trkpt lat="56.1483710" lon="10.2095070">
    <ele>97.2</ele>
   </trkpt>
   <trkpt lat="56.1484240" lon="10.2095210">
    <ele>97.0</ele>
   </trkpt>
   <trkpt lat="56.1484790" lon="10.2095440">
    <ele>97.0</ele>
   </trkpt>
   <trkpt lat="56.1485380" lon="10.2095690">
    <ele>97.0</ele>
   </trkpt>
   <trkpt lat="56.1486010" lon="10.2095900">
    <ele>97.0</ele>
   </trkpt>
   <trkpt lat="56.1486650" lon="10.2096150">
    <ele>97.0</ele>
   </trkpt>
   <trkpt lat="56.1487300" lon="10.2096400">
    <ele>97.0</ele>
   </trkpt>
   <trkpt lat="56.1487950" lon="10.2096660">
    <ele>97.0</ele>
   </trkpt>
   <trkpt lat="56.1488590" lon="10.2096940">
    <ele>97.0</ele>
   </trkpt>
   <trkpt lat="56.1489240" lon="10.2097220">
    <ele>97.0</ele>
   </trkpt>
   <trkpt lat="56.1489920" lon="10.2097510">
    <ele>97.0</ele>
   </trkpt>
   <trkpt lat="56.1490640" lon="10.2097700">
    <ele>97.0</ele>
   </trkpt>
   <trkpt lat="56.1491360" lon="10.2097890">
    <ele>96.8</ele>
   </trkpt>
   <trkpt lat="56.1492020" lon="10.2098140">
    <ele>97.0</ele>
   </trkpt>
   <trkpt lat="56.1492690" lon="10.2098410">
    <ele>96.8</ele>
   </trkpt>
   <trkpt lat="56.1493350" lon="10.2098720">
    <ele>96.8</ele>
   </trkpt>
   <trkpt lat="56.1494020" lon="10.2099010">
    <ele>96.8</ele>
   </trkpt>
   <trkpt lat="56.1494680" lon="10.2099270">
    <ele>96.8</ele>
   </trkpt>
   <trkpt lat="56.1495320" lon="10.2099520">
    <ele>96.8</ele>
   </trkpt>
   <trkpt lat="56.1495980" lon="10.2099800">
    <ele>97.0</ele>
   </trkpt>
   <trkpt lat="56.1496640" lon="10.2100090">
    <ele>97.0</ele>
   </trkpt>
   <trkpt lat="56.1497340" lon="10.2100350">
    <ele>97.0</ele>
   </trkpt>
   <trkpt lat="56.1498020" lon="10.2100690">
    <ele>97.0</ele>
   </trkpt>
   <trkpt lat="56.1498640" lon="10.2101120">
    <ele>97.0</ele>
   </trkpt>
   <trkpt lat="56.1499300" lon="10.2101400">
    <ele>97.2</ele>
   </trkpt>
   <trkpt lat="56.1500020" lon="10.2101520">
    <ele>97.2</ele>
   </trkpt>
   <trkpt lat="56.1500720" lon="10.2101690">
    <ele>97.4</ele>
   </trkpt>
   <trkpt lat="56.1501390" lon="10.2101860">
    <ele>97.4</ele>
   </trkpt>
   <trkpt lat="56.1502020" lon="10.2102040">
    <ele>97.6</ele>
   </trkpt>
   <trkpt lat="56.1502630" lon="10.2102320">
    <ele>97.6</ele>
   </trkpt>
   <trkpt lat="56.1503280" lon="10.2102640">
    <ele>97.8</ele>
   </trkpt>
   <trkpt lat="56.1503960" lon="10.2102950">
    <ele>97.8</ele>
   </trkpt>
   <trkpt lat="56.1504640" lon="10.2103310">
    <ele>98.0</ele>
   </trkpt>
   <trkpt lat="56.1505370" lon="10.2103630">
    <ele>98.0</ele>
   </trkpt>
   <trkpt lat="56.1506130" lon="10.2103590">
    <ele>98.2</ele>
   </trkpt>
   <trkpt lat="56.1506860" lon="10.2103910">
    <ele>98.2</ele>
   </trkpt>
   <trkpt lat="56.1507560" lon="10.2104220">
    <ele>98.4</ele>
   </trkpt>
   <trkpt lat="56.1508260" lon="10.2104400">
    <ele>98.4</ele>
   </trkpt>
   <trkpt lat="56.1508970" lon="10.2104590">
    <ele>98.6</ele>
   </trkpt>
   <trkpt lat="56.1509670" lon="10.2104830">
    <ele>98.6</ele>
   </trkpt>
   <trkpt lat="56.1510300" lon="10.2105150">
    <ele>98.8</ele>
   </trkpt>
   <trkpt lat="56.1510920" lon="10.2105540">
    <ele>98.8</ele>
   </trkpt>
   <trkpt lat="56.1511490" lon="10.2105980">
    <ele>99.0</ele>
   </trkpt>
   <trkpt lat="56.1512180" lon="10.2106190">
    <ele>99.0</ele>
   </trkpt>
   <trkpt lat="56.1512920" lon="10.2106360">
    <ele>99.2</ele>
   </trkpt>
   <trkpt lat="56.1513520" lon="10.2106580">
    <ele>99.4</ele>
   </trkpt>
   <trkpt lat="56.1514050" lon="10.2106810">
    <ele>99.4</ele>
   </trkpt>
   <trkpt lat="56.1514600" lon="10.2107050">
    <ele>99.6</ele>
   </trkpt>
   <trkpt lat="56.1515130" lon="10.2107280">
    <ele>99.6</ele>
   </trkpt>
   <trkpt lat="56.1515670" lon="10.2107510">
    <ele>99.8</ele>
   </trkpt>
   <trkpt lat="56.1516220" lon="10.2107730">
    <ele>99.8</ele>
   </trkpt>
   <trkpt lat="56.1516800" lon="10.2107940">
    <ele>100.0</ele>
   </trkpt>
   <trkpt lat="56.1517340" lon="10.2108190">
    <ele>100.0</ele>
   </trkpt>
   <trkpt lat="56.1517900" lon="10.2108450">
    <ele>100.2</ele>
   </trkpt>
   <trkpt lat="56.1518450" lon="10.2108700">
    <ele>100.2</ele>
   </trkpt>
   <trkpt lat="56.1519000" lon="10.2109120">
    <ele>100.2</ele>
   </trkpt>
   <trkpt lat="56.1519450" lon="10.2109790">
    <ele>100.4</ele>
   </trkpt>
   <trkpt lat="56.1519890" lon="10.2110510">
    <ele>100.4</ele>
   </trkpt>
   <trkpt lat="56.1520370" lon="10.2111140">
    <ele>100.4</ele>
   </trkpt>
   <trkpt lat="56.1520830" lon="10.2111760">
    <ele>100.6</ele>
   </trkpt>
   <trkpt lat="56.1521250" lon="10.2112430">
    <ele>100.6</ele>
   </trkpt>
   <trkpt lat="56.1521720" lon="10.2113040">
    <ele>100.6</ele>
   </trkpt>
   <trkpt lat="56.1522310" lon="10.2113450">
    <ele>100.6</ele>
   </trkpt>
   <trkpt lat="56.1522890" lon="10.2113830">
    <ele>100.8</ele>
   </trkpt>
   <trkpt lat="56.1523420" lon="10.2114240">
    <ele>100.8</ele>
   </trkpt>
   <trkpt lat="56.1523970" lon="10.2114620">
    <ele>101.0</ele>
   </trkpt>
   <trkpt lat="56.1524510" lon="10.2114950">
    <ele>101.0</ele>
   </trkpt>
   <trkpt lat="56.1525070" lon="10.2115240">
    <ele>101.2</ele>
   </trkpt>
   <trkpt lat="56.1525610" lon="10.2115580">
    <ele>101.2</ele>
   </trkpt>
   <trkpt lat="56.1526120" lon="10.2116020">
    <ele>101.4</ele>
   </trkpt>
   <trkpt lat="56.1526600" lon="10.2116510">
    <ele>101.6</ele>
   </trkpt>
   <trkpt lat="56.1527080" lon="10.2116970">
    <ele>101.6</ele>
   </trkpt>
   <trkpt lat="56.1527530" lon="10.2117430">
    <ele>101.8</ele>
   </trkpt>
   <trkpt lat="56.1527990" lon="10.2117940">
    <ele>102.0</ele>
   </trkpt>
   <trkpt lat="56.1528420" lon="10.2118410">
    <ele>102.0</ele>
   </trkpt>
   <trkpt lat="56.1528830" lon="10.2118890">
    <ele>102.2</ele>
   </trkpt>
   <trkpt lat="56.1529240" lon="10.2119350">
    <ele>102.4</ele>
   </trkpt>
   <trkpt lat="56.1529630" lon="10.2119880">
    <ele>102.4</ele>
   </trkpt>
   <trkpt lat="56.1530010" lon="10.2120430">
    <ele>102.6</ele>
   </trkpt>
   <trkpt lat="56.1530380" lon="10.2120970">
    <ele>102.6</ele>
   </trkpt>
   <trkpt lat="56.1530770" lon="10.2121490">
    <ele>102.8</ele>
   </trkpt>
   <trkpt lat="56.1531140" lon="10.2122000">
    <ele>102.8</ele>
   </trkpt>
   <trkpt lat="56.1531460" lon="10.2122520">
    <ele>103.0</ele>
   </trkpt>
   <trkpt lat="56.1531790" lon="10.2123000">
    <ele>103.2</ele>
   </trkpt>
   <trkpt lat="56.1532150" lon="10.2123410">
    <ele>103.2</ele>
   </trkpt>
   <trkpt lat="56.1532550" lon="10.2123680">
    <ele>103.4</ele>
   </trkpt>
   <trkpt lat="56.1532940" lon="10.2123910">
    <ele>103.4</ele>
   </trkpt>
   <trkpt lat="56.1533300" lon="10.2124240">
    <ele>103.4</ele>
   </trkpt>
   <trkpt lat="56.1533590" lon="10.2124660">
    <ele>103.6</ele>
   </trkpt>
   <trkpt lat="56.1533890" lon="10.2125080">
    <ele>103.6</ele>
   </trkpt>
   <trkpt lat="56.1534180" lon="10.2125460">
    <ele>103.8</ele>
   </trkpt>
   <trkpt lat="56.1534410" lon="10.2125790">
    <ele>103.8</ele>
   </trkpt>
   <trkpt lat="56.1534560" lon="10.2126020">
    <ele>104.0</ele>
   </trkpt>
   <trkpt lat="56.1534670" lon="10.2126130">
    <ele>104.0</ele>
   </trkpt>
   <trkpt lat="56.1534730" lon="10.2126140">
    <ele>104.2</ele>
   </trkpt>
   <trkpt lat="56.1534730" lon="10.2126140">
    <ele>104.2</ele>
   </trkpt>
   <trkpt lat="56.1534730" lon="10.2126140">
    <ele>104.4</ele>
   </trkpt>
   <trkpt lat="56.1535100" lon="10.2125630">
    <ele>106.0</ele>
   </trkpt>
   <trkpt lat="56.1535380" lon="10.2125470">
    <ele>105.8</ele>
   </trkpt>
   <trkpt lat="56.1535680" lon="10.2125380">
    <ele>105.8</ele>
   </trkpt>
   <trkpt lat="56.1535970" lon="10.2125330">
    <ele>105.6</ele>
   </trkpt>
   <trkpt lat="56.1536260" lon="10.2125110">
    <ele>105.6</ele>
   </trkpt>
   <trkpt lat="56.1536550" lon="10.2124700">
    <ele>105.6</ele>
   </trkpt>
   <trkpt lat="56.1536820" lon="10.2124160">
    <ele>105.4</ele>
   </trkpt>
   <trkpt lat="56.1537160" lon="10.2123670">
    <ele>105.4</ele>
   </trkpt>
   <trkpt lat="56.1537570" lon="10.2123240">
    <ele>105.4</ele>
   </trkpt>
   <trkpt lat="56.1538030" lon="10.2122790">
    <ele>105.4</ele>
   </trkpt>
   <trkpt lat="56.1538500" lon="10.2122370">
    <ele>105.2</ele>
   </trkpt>
   <trkpt lat="56.1538980" lon="10.2121950">
    <ele>105.2</ele>
   </trkpt>
   <trkpt lat="56.1539470" lon="10.2121540">
    <ele>105.2</ele>
   </trkpt>
   <trkpt lat="56.1539940" lon="10.2121070">
    <ele>105.2</ele>
   </trkpt>
   <trkpt lat="56.1540420" lon="10.2120550">
    <ele>105.4</ele>
   </trkpt>
   <trkpt lat="56.1540880" lon="10.2120020">
    <ele>105.4</ele>
   </trkpt>
   <trkpt lat="56.1541310" lon="10.2119500">
    <ele>105.4</ele>
   </trkpt>
   <trkpt lat="56.1541750" lon="10.2118900">
    <ele>105.4</ele>
   </trkpt>
   <trkpt lat="56.1542160" lon="10.2118300">
    <ele>105.6</ele>
   </trkpt>
   <trkpt lat="56.1542570" lon="10.2117790">
    <ele>105.6</ele>
   </trkpt>
   <trkpt lat="56.1542950" lon="10.2117370">
    <ele>105.6</ele>
   </trkpt>
   <trkpt lat="56.1543320" lon="10.2117010">
    <ele>105.8</ele>
   </trkpt>
   <trkpt lat="56.1543670" lon="10.2116680">
    <ele>106.0</ele>
   </trkpt>
   <trkpt lat="56.1544000" lon="10.2116360">
    <ele>106.0</ele>
   </trkpt>
   <trkpt lat="56.1544320" lon="10.2116110">
    <ele>106.0</ele>
   </trkpt>
   <trkpt lat="56.1544650" lon="10.2115970">
    <ele>106.0</ele>
   </trkpt>
   <trkpt lat="56.1545010" lon="10.2116010">
    <ele>106.0</ele>
   </trkpt>
   <trkpt lat="56.1545330" lon="10.2116280">
    <ele>106.2</ele>
   </trkpt>
   <trkpt lat="56.1545620" lon="10.2116760">
    <ele>106.2</ele>
   </trkpt>
   <trkpt lat="56.1545950" lon="10.2117250">
    <ele>106.2</ele>
   </trkpt>
   <trkpt lat="56.1546350" lon="10.2117560">
    <ele>106.4</ele>
   </trkpt>
   <trkpt lat="56.1546760" lon="10.2117700">
    <ele>106.4</ele>
   </trkpt>
   <trkpt lat="56.1547170" lon="10.2117700">
    <ele>106.6</ele>
   </trkpt>
   <trkpt lat="56.1547580" lon="10.2117760">
    <ele>106.6</ele>
   </trkpt>
   <trkpt lat="56.1548010" lon="10.2117870">
    <ele>106.6</ele>
   </trkpt>
   <trkpt lat="56.1548460" lon="10.2117990">
    <ele>106.8</ele>
   </trkpt>
   <trkpt lat="56.1548920" lon="10.2118050">
    <ele>106.8</ele>
   </trkpt>
   <trkpt lat="56.1549400" lon="10.2118030">
    <ele>106.8</ele>
   </trkpt>
   <trkpt lat="56.1549810" lon="10.2118050">
    <ele>106.8</ele>
   </trkpt>
   <trkpt lat="56.1550160" lon="10.2118060">
    <ele>107.0</ele>
   </trkpt>
   <trkpt lat="56.1550500" lon="10.2118010">
    <ele>107.0</ele>
   </trkpt>
   <trkpt lat="56.1550810" lon="10.2117930">
    <ele>107.0</ele>
   </trkpt>
   <trkpt lat="56.1551140" lon="10.2117730">
    <ele>107.0</ele>
   </trkpt>
   <trkpt lat="56.1551560" lon="10.2117390">
    <ele>107.0</ele>
   </trkpt>
   <trkpt lat="56.1551970" lon="10.2117090">
    <ele>107.0</ele>
   </trkpt>
   <trkpt lat="56.1552400" lon="10.2116970">
    <ele>107.0</ele>
   </trkpt>
   <trkpt lat="56.1552860" lon="10.2116840">
    <ele>107.0</ele>
   </trkpt>
   <trkpt lat="56.1553300" lon="10.2116630">
    <ele>107.0</ele>
   </trkpt>
   <trkpt lat="56.1553780" lon="10.2116430">
    <ele>107.0</ele>
   </trkpt>
   <trkpt lat="56.1554340" lon="10.2116170">
    <ele>107.0</ele>
   </trkpt>
   <trkpt lat="56.1554930" lon="10.2115980">
    <ele>107.0</ele>
   </trkpt>
   <trkpt lat="56.1555460" lon="10.2115950">
    <ele>107.0</ele>
   </trkpt>
   <trkpt lat="56.1555990" lon="10.2116000">
    <ele>107.0</ele>
   </trkpt>
   <trkpt lat="56.1556620" lon="10.2116010">
    <ele>106.8</ele>
   </trkpt>
   <trkpt lat="56.1557210" lon="10.2116050">
    <ele>107.0</ele>
   </trkpt>
   <trkpt lat="56.1557860" lon="10.2115960">
    <ele>106.8</ele>
   </trkpt>
   <trkpt lat="56.1558560" lon="10.2115740">
    <ele>106.8</ele>
   </trkpt>
   <trkpt lat="56.1559200" lon="10.2115560">
    <ele>106.8</ele>
   </trkpt>
   <trkpt lat="56.1559830" lon="10.2115330">
    <ele>106.8</ele>
   </trkpt>
   <trkpt lat="56.1560440" lon="10.2115160">
    <ele>106.8</ele>
   </trkpt>
   <trkpt lat="56.1561040" lon="10.2114980">
    <ele>106.6</ele>
   </trkpt>
   <trkpt lat="56.1561740" lon="10.2114740">
    <ele>106.6</ele>
   </trkpt>
   <trkpt lat="56.1562450" lon="10.2114610">
    <ele>106.6</ele>
   </trkpt>
   <trkpt lat="56.1563140" lon="10.2114650">
    <ele>106.6</ele>
   </trkpt>
   <trkpt lat="56.1563800" lon="10.2114820">
    <ele>106.6</ele>
   </trkpt>
   <trkpt lat="56.1564480" lon="10.2115030">
    <ele>106.6</ele>
   </trkpt>
   <trkpt lat="56.1565130" lon="10.2114960">
    <ele>106.6</ele>
   </trkpt>
   <trkpt lat="56.1565800" lon="10.2115350">
    <ele>106.8</ele>
   </trkpt>
   <trkpt lat="56.1566490" lon="10.2115720">
    <ele>106.6</ele>
   </trkpt>
   <trkpt lat="56.1567180" lon="10.2115940">
    <ele>106.6</ele>
   </trkpt>
   <trkpt lat="56.1567910" lon="10.2116120">
    <ele>106.8</ele>
   </trkpt>
   <trkpt lat="56.1568630" lon="10.2116350">
    <ele>106.8</ele>
   </trkpt>
   <trkpt lat="56.1569290" lon="10.2116600">
    <ele>106.8</ele>
   </trkpt>
   <trkpt lat="56.1569980" lon="10.2116780">
    <ele>106.8</ele>
   </trkpt>
   <trkpt lat="56.1570610" lon="10.2117050">
    <ele>106.8</ele>
   </trkpt>
   <trkpt lat="56.1571270" lon="10.2117190">
    <ele>107.0</ele>
   </trkpt>
   <trkpt lat="56.1571920" lon="10.2117280">
    <ele>107.0</ele>
   </trkpt>
   <trkpt lat="56.1572550" lon="10.2117550">
    <ele>107.0</ele>
   </trkpt>
   <trkpt lat="56.1573140" lon="10.2117710">
    <ele>107.0</ele>
   </trkpt>
   <trkpt lat="56.1573770" lon="10.2117860">
    <ele>107.0</ele>
   </trkpt>
   <trkpt lat="56.1574440" lon="10.2118000">
    <ele>107.0</ele>
   </trkpt>
   <trkpt lat="56.1575080" lon="10.2118220">
    <ele>107.0</ele>
   </trkpt>
   <trkpt lat="56.1575740" lon="10.2118420">
    <ele>107.0</ele>
   </trkpt>
   <trkpt lat="56.1576370" lon="10.2118610">
    <ele>107.0</ele>
   </trkpt>
   <trkpt lat="56.1576940" lon="10.2118890">
    <ele>107.0</ele>
   </trkpt>
   <trkpt lat="56.1577480" lon="10.2119190">
    <ele>107.0</ele>
   </trkpt>
   <trkpt lat="56.1578100" lon="10.2119450">
    <ele>107.0</ele>
   </trkpt>
   <trkpt lat="56.1578740" lon="10.2119700">
    <ele>107.0</ele>
   </trkpt>
   <trkpt lat="56.1579380" lon="10.2119970">
    <ele>107.0</ele>
   </trkpt>
   <trkpt lat="56.1580020" lon="10.2120200">
    <ele>107.0</ele>
   </trkpt>
   <trkpt lat="56.1580620" lon="10.2120400">
    <ele>107.0</ele>
   </trkpt>
   <trkpt lat="56.1581190" lon="10.2120570">
    <ele>107.0</ele>
   </trkpt>
   <trkpt lat="56.1581640" lon="10.2120660">
    <ele>106.8</ele>
   </trkpt>
   <trkpt lat="56.1581980" lon="10.2120530">
    <ele>106.8</ele>
   </trkpt>
   <trkpt lat="56.1582130" lon="10.2120080">
    <ele>106.8</ele>
   </trkpt>
   <trkpt lat="56.1582200" lon="10.2119440">
    <ele>106.8</ele>
   </trkpt>
   <trkpt lat="56.1582350" lon="10.2118710">
    <ele>106.8</ele>
   </trkpt>
   <trkpt lat="56.1582550" lon="10.2118010">
    <ele>106.8</ele>
   </trkpt>
   <trkpt lat="56.1582790" lon="10.2117380">
    <ele>106.8</ele>
   </trkpt>
   <trkpt lat="56.1583070" lon="10.2116670">
    <ele>106.6</ele>
   </trkpt>
   <trkpt lat="56.1583360" lon="10.2115890">
    <ele>106.6</ele>
   </trkpt>
   <trkpt lat="56.1583600" lon="10.2115120">
    <ele>106.6</ele>
   </trkpt>
   <trkpt lat="56.1583930" lon="10.2114340">
    <ele>106.6</ele>
   </trkpt>
   <trkpt lat="56.1584280" lon="10.2113570">
    <ele>106.8</ele>
   </trkpt>
   <trkpt lat="56.1584560" lon="10.2112800">
    <ele>106.8</ele>
   </trkpt>
   <trkpt lat="56.1584750" lon="10.2111900">
    <ele>106.8</ele>
   </trkpt>
   <trkpt lat="56.1585000" lon="10.2110990">
    <ele>107.0</ele>
   </trkpt>
   <trkpt lat="56.1585270" lon="10.2110130">
    <ele>107.0</ele>
   </trkpt>
   <trkpt lat="56.1585600" lon="10.2109500">
    <ele>107.0</ele>
   </trkpt>
   <trkpt lat="56.1585970" lon="10.2108740">
    <ele>106.8</ele>
   </trkpt>
   <trkpt lat="56.1586290" lon="10.2108000">
    <ele>106.8</ele>
   </trkpt>
   <trkpt lat="56.1586550" lon="10.2107230">
    <ele>106.6</ele>
   </trkpt>
   <trkpt lat="56.1586750" lon="10.2106340">
    <ele>106.6</ele>
   </trkpt>
   <trkpt lat="56.1586980" lon="10.2105420">
    <ele>106.4</ele>
   </trkpt>
   <trkpt lat="56.1587210" lon="10.2104500">
    <ele>106.2</ele>
   </trkpt>
   <trkpt lat="56.1587490" lon="10.2103670">
    <ele>106.2</ele>
   </trkpt>
   <trkpt lat="56.1587670" lon="10.2102870">
    <ele>106.2</ele>
   </trkpt>
   <trkpt lat="56.1587770" lon="10.2102030">
    <ele>106.2</ele>
   </trkpt>
   <trkpt lat="56.1587830" lon="10.2101240">
    <ele>106.2</ele>
   </trkpt>
   <trkpt lat="56.1588060" lon="10.2100430">
    <ele>106.2</ele>
   </trkpt>
   <trkpt lat="56.1588310" lon="10.2099600">
    <ele>106.0</ele>
   </trkpt>
   <trkpt lat="56.1588570" lon="10.2098760">
    <ele>106.0</ele>
   </trkpt>
   <trkpt lat="56.1588730" lon="10.2097950">
    <ele>105.8</ele>
   </trkpt>
   <trkpt lat="56.1588890" lon="10.2097130">
    <ele>105.6</ele>
   </trkpt>
   <trkpt lat="56.1589020" lon="10.2096310">
    <ele>105.6</ele>
   </trkpt>
   <trkpt lat="56.1589140" lon="10.2095510">
    <ele>105.4</ele>
   </trkpt>
   <trkpt lat="56.1589300" lon="10.2094690">
    <ele>105.4</ele>
   </trkpt>
   <trkpt lat="56.1589420" lon="10.2093890">
    <ele>105.2</ele>
   </trkpt>
   <trkpt lat="56.1589500" lon="10.2093160">
    <ele>105.2</ele>
   </trkpt>
   <trkpt lat="56.1589590" lon="10.2092390">
    <ele>105.0</ele>
   </trkpt>
   <trkpt lat="56.1589700" lon="10.2091510">
    <ele>105.0</ele>
   </trkpt>
   <trkpt lat="56.1589840" lon="10.2090610">
    <ele>104.8</ele>
   </trkpt>
   <trkpt lat="56.1589960" lon="10.2089630">
    <ele>104.6</ele>
   </trkpt>
   <trkpt lat="56.1590010" lon="10.2088680">
    <ele>104.6</ele>
   </trkpt>
   <trkpt lat="56.1590310" lon="10.2087830">
    <ele>104.4</ele>
   </trkpt>
   <trkpt lat="56.1590510" lon="10.2087400">
    <ele>104.4</ele>
   </trkpt>
   <trkpt lat="56.1590740" lon="10.2087330">
    <ele>104.2</ele>
   </trkpt>
   <trkpt lat="56.1591010" lon="10.2087490">
    <ele>104.0</ele>
   </trkpt>
   <trkpt lat="56.1591420" lon="10.2087680">
    <ele>103.8</ele>
   </trkpt>
   <trkpt lat="56.1591950" lon="10.2087820">
    <ele>103.8</ele>
   </trkpt>
   <trkpt lat="56.1592550" lon="10.2087870">
    <ele>103.6</ele>
   </trkpt>
   <trkpt lat="56.1593110" lon="10.2087900">
    <ele>103.4</ele>
   </trkpt>
   <trkpt lat="56.1593660" lon="10.2087920">
    <ele>103.4</ele>
   </trkpt>
   <trkpt lat="56.1594180" lon="10.2087960">
    <ele>103.4</ele>
   </trkpt>
   <trkpt lat="56.1594700" lon="10.2088050">
    <ele>103.2</ele>
   </trkpt>
   <trkpt lat="56.1595240" lon="10.2088170">
    <ele>103.2</ele>
   </trkpt>
   <trkpt lat="56.1595800" lon="10.2088320">
    <ele>103.0</ele>
   </trkpt>
   <trkpt lat="56.1596360" lon="10.2088460">
    <ele>103.0</ele>
   </trkpt>
   <trkpt lat="56.1596930" lon="10.2088580">
    <ele>102.8</ele>
   </trkpt>
   <trkpt lat="56.1597520" lon="10.2088680">
    <ele>102.8</ele>
   </trkpt>
   <trkpt lat="56.1598090" lon="10.2088730">
    <ele>102.6</ele>
   </trkpt>
   <trkpt lat="56.1598630" lon="10.2088750">
    <ele>102.6</ele>
   </trkpt>
   <trkpt lat="56.1599200" lon="10.2088720">
    <ele>102.4</ele>
   </trkpt>
   <trkpt lat="56.1599760" lon="10.2088760">
    <ele>102.4</ele>
   </trkpt>
   <trkpt lat="56.1600360" lon="10.2088800">
    <ele>102.2</ele>
   </trkpt>
   <trkpt lat="56.1600900" lon="10.2088890">
    <ele>102.2</ele>
   </trkpt>
   <trkpt lat="56.1601440" lon="10.2088970">
    <ele>102.0</ele>
   </trkpt>
   <trkpt lat="56.1601960" lon="10.2089000">
    <ele>102.0</ele>
   </trkpt>
   <trkpt lat="56.1602480" lon="10.2089000">
    <ele>101.8</ele>
   </trkpt>
   <trkpt lat="56.1602990" lon="10.2089000">
    <ele>101.8</ele>
   </trkpt>
   <trkpt lat="56.1603470" lon="10.2088940">
    <ele>101.8</ele>
   </trkpt>
   <trkpt lat="56.1603890" lon="10.2088810">
    <ele>101.6</ele>
   </trkpt>
   <trkpt lat="56.1604210" lon="10.2089050">
    <ele>101.6</ele>
   </trkpt>
   <trkpt lat="56.1604470" lon="10.2089510">
    <ele>101.4</ele>
   </trkpt>
   <trkpt lat="56.1604710" lon="10.2090120">
    <ele>101.4</ele>
   </trkpt>
   <trkpt lat="56.1604990" lon="10.2090820">
    <ele>101.0</ele>
   </trkpt>
   <trkpt lat="56.1605330" lon="10.2091490">
    <ele>101.0</ele>
   </trkpt>
   <trkpt lat="56.1605720" lon="10.2092150">
    <ele>101.0</ele>
   </trkpt>
   <trkpt lat="56.1606140" lon="10.2092830">
    <ele>100.8</ele>
   </trkpt>
   <trkpt lat="56.1606600" lon="10.2093470">
    <ele>100.8</ele>
   </trkpt>
   <trkpt lat="56.1607050" lon="10.2094100">
    <ele>100.6</ele>
   </trkpt>
   <trkpt lat="56.1607500" lon="10.2094720">
    <ele>100.6</ele>
   </trkpt>
   <trkpt lat="56.1607960" lon="10.2095350">
    <ele>100.6</ele>
   </trkpt>
   <trkpt lat="56.1608410" lon="10.2095980">
    <ele>100.4</ele>
   </trkpt>
   <trkpt lat="56.1608860" lon="10.2096630">
    <ele>100.4</ele>
   </trkpt>
   <trkpt lat="56.1609310" lon="10.2097310">
    <ele>100.4</ele>
   </trkpt>
   <trkpt lat="56.1609760" lon="10.2097980">
    <ele>100.2</ele>
   </trkpt>
   <trkpt lat="56.1610220" lon="10.2098640">
    <ele>100.2</ele>
   </trkpt>
   <trkpt lat="56.1610700" lon="10.2099280">
    <ele>100.0</ele>
   </trkpt>
   <trkpt lat="56.1611150" lon="10.2099940">
    <ele>100.0</ele>
   </trkpt>
   <trkpt lat="56.1611610" lon="10.2100590">
    <ele>99.8</ele>
   </trkpt>
   <trkpt lat="56.1612060" lon="10.2101240">
    <ele>99.8</ele>
   </trkpt>
   <trkpt lat="56.1612500" lon="10.2101880">
    <ele>99.8</ele>
   </trkpt>
   <trkpt lat="56.1612960" lon="10.2102500">
    <ele>99.8</ele>
   </trkpt>
   <trkpt lat="56.1613410" lon="10.2103130">
    <ele>99.6</ele>
   </trkpt>
   <trkpt lat="56.1613860" lon="10.2103740">
    <ele>99.6</ele>
   </trkpt>
   <trkpt lat="56.1614290" lon="10.2104240">
    <ele>99.6</ele>
   </trkpt>
   <trkpt lat="56.1614760" lon="10.2104600">
    <ele>99.4</ele>
   </trkpt>
   <trkpt lat="56.1615230" lon="10.2104770">
    <ele>99.4</ele>
   </trkpt>
   <trkpt lat="56.1615690" lon="10.2104650">
    <ele>99.4</ele>
   </trkpt>
   <trkpt lat="56.1616090" lon="10.2104220">
    <ele>99.2</ele>
   </trkpt>
   <trkpt lat="56.1616420" lon="10.2103640">
    <ele>99.0</ele>
   </trkpt>
   <trkpt lat="56.1616690" lon="10.2103050">
    <ele>98.8</ele>
   </trkpt>
   <trkpt lat="56.1616940" lon="10.2102460">
    <ele>98.4</ele>
   </trkpt>
   <trkpt lat="56.1617190" lon="10.2101860">
    <ele>98.4</ele>
   </trkpt>
   <trkpt lat="56.1617440" lon="10.2101280">
    <ele>98.4</ele>
   </trkpt>
   <trkpt lat="56.1617670" lon="10.2100720">
    <ele>98.2</ele>
   </trkpt>
   <trkpt lat="56.1617860" lon="10.2100180">
    <ele>98.2</ele>
   </trkpt>
   <trkpt lat="56.1618090" lon="10.2099660">
    <ele>98.2</ele>
   </trkpt>
   <trkpt lat="56.1618330" lon="10.2099140">
    <ele>98.0</ele>
   </trkpt>
   <trkpt lat="56.1618570" lon="10.2098610">
    <ele>98.0</ele>
   </trkpt>
   <trkpt lat="56.1618760" lon="10.2098070">
    <ele>97.8</ele>
   </trkpt>
   <trkpt lat="56.1618930" lon="10.2097570">
    <ele>97.6</ele>
   </trkpt>
   <trkpt lat="56.1619110" lon="10.2097070">
    <ele>97.6</ele>
   </trkpt>
   <trkpt lat="56.1619310" lon="10.2096590">
    <ele>97.8</ele>
   </trkpt>
   <trkpt lat="56.1619500" lon="10.2096070">
    <ele>97.8</ele>
   </trkpt>
   <trkpt lat="56.1619690" lon="10.2095610">
    <ele>97.8</ele>
   </trkpt>
   <trkpt lat="56.1619880" lon="10.2095150">
    <ele>97.6</ele>
   </trkpt>
   <trkpt lat="56.1620060" lon="10.2094710">
    <ele>97.6</ele>
   </trkpt>
  </trkseg>
 </trk>
</gpx>
